# https://github.com/mikedh/trimesh
v -0.12960571 -0.05749920 -1.54350519
v -0.12892410 -0.06165053 -1.54236031
v -0.12882103 -0.06231785 -1.54383826
v -0.12938806 -0.05800266 -1.54473448
v -0.13987976 -0.06906791 -1.54456925
v -0.13604401 -0.06937834 -1.54795790
v -0.13576072 -0.06892315 -1.55063283
v -0.13861860 -0.06849094 -1.55040777
v -0.18856537 -0.02303129 -1.50662792
v -0.19186276 -0.00830641 -1.50551057
v -0.18886212 -0.00859259 -1.49644947
v -0.18473279 -0.02236766 -1.49497497
v -0.16590032 -0.04226061 -1.47271764
v -0.17144927 -0.03682295 -1.48035717
v -0.17449102 -0.03622708 -1.46950519
v -0.16467077 -0.04488213 -1.46567452
v -0.04075567 -0.04415865 -1.60124159
v -0.04674038 -0.05098163 -1.59972632
v -0.04323971 -0.04985484 -1.59331894
v -0.12111852 0.05977950 -1.54376435
v -0.11986346 0.06370533 -1.54269648
v -0.11951625 0.06414593 -1.54414988
v -0.12080859 0.05996467 -1.54497886
v -0.12978205 0.07282377 -1.54480898
v -0.12598857 0.07281565 -1.54819191
v -0.12558387 0.07249083 -1.55112553
v -0.12857699 0.07241357 -1.55091202
v -0.03854504 -0.04336329 -1.59412050
v -0.15200260 -0.08732060 -1.56630290
v -0.15328662 -0.08716453 -1.56362534
v -0.15145314 -0.08745106 -1.56214774
v -0.15037630 -0.08745339 -1.56457996
v -0.15055084 -0.08310766 -1.54788494
v -0.15196703 -0.08308531 -1.55547035
v -0.15275779 -0.08437111 -1.55794644
v -0.15196157 -0.08455694 -1.55574405
v -0.14743014 -0.08302943 -1.53734982
v -0.14680392 -0.08207470 -1.53805745
v -0.14879888 -0.08359575 -1.54274821
v -0.14962694 -0.08463312 -1.54228842
v -0.12346961 -0.07030809 -1.51781011
v -0.12555507 -0.07280910 -1.52007866
v -0.12694187 -0.07303078 -1.51765406
v -0.12501179 -0.06875132 -1.51608407
v -0.12558484 -0.06590241 -1.51762044
v -0.13014974 -0.06988071 -1.51701152
v -0.13096704 -0.06943324 -1.52018595
v -0.12729248 -0.06625636 -1.52020884
v -0.13710791 -0.08345682 -1.57609558
v -0.13677800 -0.08372463 -1.57267809
v -0.13433519 -0.08219707 -1.57189095
v -0.13429406 -0.08194364 -1.57530510
v -0.14504614 -0.06894271 -1.54363990
v -0.14316809 -0.06790362 -1.53700590
v -0.14684531 -0.07364287 -1.54155314
v -0.14708053 -0.07392594 -1.54449224
v -0.14435747 -0.08118898 -1.56561744
v -0.14787504 -0.08174095 -1.56663966
v -0.14911522 -0.08212405 -1.56446111
v -0.14639077 -0.08118968 -1.56295037
v -0.15274009 -0.08374733 -1.56819272
v -0.15417793 -0.08361536 -1.56527293
v -0.12158531 -0.06897296 -1.52704692
v -0.12053560 -0.06827912 -1.53068686
v -0.12189080 -0.06860872 -1.53217220
v -0.12330848 -0.06880707 -1.53121281
v -0.13643138 -0.06814190 -1.54427302
v -0.13465250 -0.06986931 -1.54844260
v -0.14214119 -0.07940966 -1.52696705
v -0.14112976 -0.07942939 -1.52891171
v -0.14466086 -0.08128236 -1.53289127
v -0.14593226 -0.08134812 -1.53143930
v -0.13897373 -0.07652088 -1.53151941
v -0.14264050 -0.07841834 -1.53403568
v -0.14444076 -0.07943349 -1.53480625
v -0.14233686 -0.07853008 -1.53256941
v -0.14423671 -0.08400681 -1.56884801
v -0.13936983 -0.08235826 -1.57121038
v -0.13925396 -0.08334175 -1.57049608
v -0.14418668 -0.08493258 -1.56837749
v -0.14688604 -0.07602613 -1.55601263
v -0.14491415 -0.07481863 -1.56109869
v -0.14464325 -0.07387478 -1.56034446
v -0.14646173 -0.07498308 -1.55623186
v -0.15093938 -0.08387159 -1.56573510
v -0.15206380 -0.08400292 -1.56306171
v -0.15046406 -0.08240243 -1.56203711
v -0.13228409 -0.07169570 -1.56311178
v -0.13351482 -0.07232624 -1.56411350
v -0.13408376 -0.07273802 -1.56241739
v -0.13302918 -0.07231902 -1.56117749
v -0.13029444 -0.07243345 -1.51645339
v -0.13723429 -0.06633295 -1.52787912
v -0.13911910 -0.06791721 -1.52841759
v -0.14222477 -0.07045456 -1.53240681
v -0.14224546 -0.06920375 -1.53360319
v -0.12106646 -0.06652256 -1.51954293
v -0.12118676 -0.06942552 -1.51984644
v -0.12231967 -0.06996370 -1.51852477
v -0.12256782 -0.06699358 -1.51773500
v -0.13381632 -0.07482396 -1.56758595
v -0.13615873 -0.07704292 -1.56692040
v -0.13533956 -0.07511088 -1.56589675
v -0.13351279 -0.07370044 -1.56633925
v -0.15019429 -0.08197329 -1.55347681
v -0.14810832 -0.08127786 -1.56003761
v -0.14478092 -0.08139182 -1.54437494
v -0.14771901 -0.08127294 -1.54440105
v -0.14632082 -0.08055255 -1.54046488
v -0.18415280 0.03043146 -1.50612652
v -0.19012302 0.01677575 -1.50535846
v -0.18689540 0.01615639 -1.49630189
v -0.18121475 0.02885020 -1.49367225
v -0.14349614 -0.08074738 -1.54044127
v -0.14463264 -0.08128462 -1.55243194
v -0.14806238 -0.08141283 -1.55246782
v -0.15001157 -0.08506615 -1.56135321
v -0.15057975 -0.08506731 -1.55525231
v -0.15088341 -0.08467104 -1.56208658
v -0.14256187 -0.07292221 -1.56421328
v -0.14654551 -0.07300477 -1.56718493
v -0.14785254 -0.07205825 -1.56082785
v -0.14382756 -0.07312849 -1.56178713
v -0.12236522 -0.06933478 -1.53609943
v -0.12371137 -0.07051110 -1.53833437
v -0.12515935 -0.06925914 -1.53612506
v -0.12459996 -0.06842894 -1.53390467
v -0.14102378 -0.07113823 -1.53045464
v -0.13832463 -0.06869593 -1.52744842
v -0.13762435 -0.06916983 -1.52696264
v -0.13956326 -0.07166131 -1.52874112
v -0.13848124 -0.07946916 -1.56821275
v -0.13949442 -0.07926255 -1.56308901
v -0.13784699 -0.07769938 -1.56304169
v -0.13043940 -0.07356289 -1.53284287
v -0.13236220 -0.07402615 -1.53433633
v -0.13430750 -0.07500933 -1.53119957
v -0.13261905 -0.07458948 -1.52897644
v -0.13606437 -0.07605010 -1.52036786
v -0.13659379 -0.07384508 -1.52008462
v -0.13321874 -0.07191633 -1.51793706
v -0.13310146 -0.07430363 -1.51786149
v -0.12380917 -0.06859730 -1.53267908
v -0.12218623 -0.06880362 -1.53364444
v -0.14914189 -0.07759602 -1.55655444
v -0.14674550 -0.07675169 -1.56237650
v -0.14409742 -0.08049472 -1.56144857
v -0.14553952 -0.08078949 -1.55878162
v -0.12789275 -0.07146712 -1.54865313
v -0.12890540 -0.06887458 -1.54934394
v -0.12890524 -0.06882665 -1.54861021
v -0.12783803 -0.07204124 -1.54719853
v -0.12652841 -0.07215523 -1.54865360
v -0.12649152 -0.07261309 -1.54695261
v -0.12528060 -0.07233612 -1.54693532
v -0.12509985 -0.07199185 -1.54765940
v -0.12929118 -0.06787296 -1.54957199
v -0.12905061 -0.06821614 -1.54933214
v -0.12937833 -0.06849485 -1.54982948
v -0.14172636 -0.07093727 -1.55268526
v -0.14347550 -0.07198182 -1.54490674
v -0.14236833 -0.07030723 -1.54461825
v -0.14042464 -0.06919459 -1.55141640
v -0.14949234 -0.08196789 -1.54565358
v -0.12989190 -0.07905237 -1.57154059
v -0.12971403 -0.07757355 -1.57370758
v -0.13416529 -0.07986023 -1.57721627
v -0.13432294 -0.06828360 -1.53546190
v -0.13154304 -0.07141971 -1.53647470
v -0.12988214 -0.07022858 -1.53619039
v -0.13244011 -0.06823346 -1.53519833
v -0.12764102 -0.06845120 -1.54028559
v -0.12686650 -0.06650418 -1.53706360
v -0.12641919 -0.07072763 -1.53860927
v -0.12633395 -0.07202151 -1.55451131
v -0.12888806 -0.07019893 -1.55083585
v -0.12757064 -0.07121886 -1.54986644
v -0.12628728 -0.07185119 -1.55011082
v -0.14883846 -0.08291436 -1.53662848
v -0.15117705 -0.08434692 -1.54180932
v -0.15259653 -0.08261969 -1.54178858
v -0.15030795 -0.08132564 -1.53612244
v -0.11959602 -0.06731140 -1.52333045
v -0.12236713 -0.06450911 -1.52085876
v -0.11897214 -0.06692237 -1.52673626
v -0.14649114 -0.08692371 -1.57308066
v -0.14661241 -0.08357528 -1.57521319
v -0.14904168 -0.08380182 -1.57304311
v -0.14878148 -0.08725113 -1.57115543
v -0.13468710 -0.06788681 -1.55597544
v -0.13429722 -0.06811973 -1.55402219
v -0.13293640 -0.06853944 -1.55523872
v -0.13304631 -0.06820939 -1.55718732
v -0.17365655 -0.04696680 -1.52100670
v -0.15577777 -0.05711811 -1.52140224
v -0.16470371 -0.05995246 -1.53436947
v -0.17975315 -0.05154516 -1.53337049
v -0.13538319 -0.07701895 -1.52318954
v -0.13273256 -0.07628994 -1.52107298
v -0.12532477 -0.07316779 -1.56209660
v -0.12398079 -0.07289910 -1.56403220
v -0.12559126 -0.07374229 -1.56943846
v -0.12576815 -0.07425912 -1.56603086
v -0.15568350 -0.08396114 -1.55698955
v -0.15430674 -0.08687662 -1.55630171
v -0.13223746 -0.07436807 -1.56805003
v -0.13556612 -0.07761974 -1.57156706
v -0.13436785 -0.07566678 -1.56907380
v -0.13250814 -0.07398080 -1.56755638
v -0.13051379 -0.07400030 -1.55947685
v -0.13019493 -0.07467096 -1.56095266
v -0.13020660 -0.07281272 -1.56164837
v -0.13031928 -0.07180364 -1.56040800
v -0.12286481 -0.07272796 -1.56890321
v -0.12630650 -0.07400212 -1.57360303
v -0.13614728 -0.06471793 -1.52783620
v -0.12785575 -0.07443520 -1.56092525
v -0.12764034 -0.07528546 -1.56338274
v -0.13001952 -0.07554446 -1.56243396
v -0.16236594 0.04509522 -1.47020364
v -0.16761929 0.04118614 -1.47802711
v -0.17194350 0.03855758 -1.46725202
v -0.16164505 0.04622204 -1.46296835
v -0.11843675 -0.06793268 -1.53163648
v -0.12055383 -0.06847763 -1.53337789
v -0.13231485 -0.07329750 -1.56656384
v -0.13225280 -0.07257389 -1.56532741
v -0.13143671 -0.07112297 -1.56162655
v -0.13296981 -0.07147722 -1.55969453
v -0.14073941 -0.07720254 -1.55328941
v -0.14239384 -0.07879797 -1.54503262
v -0.15103374 -0.06333979 -1.53503704
v -0.13578229 -0.06069519 -1.52152359
v -0.13029511 -0.07158416 -1.56211329
v -0.13050248 -0.07147835 -1.56260157
v -0.13078646 -0.07067110 -1.56161118
v -0.13049597 -0.07070480 -1.56112051
v -0.13029075 -0.07533450 -1.51932037
v -0.13802819 -0.07612451 -1.55959237
v -0.13587064 -0.07317449 -1.55780256
v -0.13517538 -0.07409591 -1.55976832
v -0.14972934 -0.08480144 -1.54717803
v -0.15043403 -0.08597184 -1.55526888
v -0.15210211 -0.08734849 -1.55555689
v -0.15112257 -0.08596763 -1.54697061
v -0.12371613 -0.06483542 -1.51916862
v -0.13519053 -0.06806229 -1.55329704
v -0.13459888 -0.06949577 -1.55161011
v -0.13337319 -0.06902820 -1.55842817
v -0.13146466 -0.06949683 -1.55988455
v -0.12019809 -0.06893174 -1.53631461
v -0.14803226 -0.08312176 -1.56959999
v -0.14953241 -0.08359036 -1.56791413
v -0.14650269 -0.08171935 -1.56833577
v -0.14485548 -0.08148729 -1.56953645
v -0.14161403 -0.08092046 -1.57120335
v -0.14121304 -0.08102685 -1.57266712
v -0.14590394 -0.08251179 -1.57127690
v -0.13431822 -0.07222059 -1.55874538
v -0.13392290 -0.07325075 -1.56022775
v -0.12901378 -0.07315826 -1.53159964
v -0.12992622 -0.07393707 -1.52576184
v -0.14400221 -0.07952148 -1.53700209
v -0.14114049 -0.07945184 -1.53770566
v -0.15318988 -0.07982149 -1.54735637
v -0.15356679 -0.07981987 -1.55664194
v -0.15113352 -0.07865365 -1.55635071
v -0.15157406 -0.07893015 -1.54781139
v -0.14707761 -0.07388264 -1.55010939
v -0.14646891 -0.07058722 -1.55101454
v -0.12457348 -0.07165609 -1.54886889
v -0.12265236 -0.07128226 -1.55250669
v -0.13332091 -0.06854289 -1.55768514
v -0.13152340 -0.06908262 -1.55938828
v -0.14389154 -0.07496486 -1.53300166
v -0.13622367 -0.07135292 -1.52577138
v -0.14219466 -0.07497469 -1.53078699
v -0.13369218 -0.06759423 -1.52518296
v -0.13137782 -0.06737980 -1.52417922
v -0.13332653 -0.06971970 -1.52424490
v -0.13806804 -0.07667711 -1.53346777
v -0.14089191 -0.07830556 -1.53474915
v -0.12987763 -0.06739820 -1.54932380
v -0.13109200 -0.06573370 -1.54783678
v -0.12924597 -0.06646095 -1.54905474
v -0.14244443 -0.08007893 -1.55263078
v -0.14307618 -0.08073986 -1.54458952
v -0.13045382 -0.07435530 -1.56314719
v -0.13092592 -0.07256629 -1.55334556
v -0.12899649 -0.07373435 -1.55676985
v -0.13036209 -0.07779218 -1.56639051
v -0.13089016 -0.07598345 -1.56464958
v -0.13061106 -0.07534624 -1.56390142
v -0.12996036 -0.07642365 -1.56440508
v -0.12955287 -0.06045283 -1.53989983
v -0.12826075 -0.06376645 -1.53824377
v -0.12813726 -0.06541927 -1.54120672
v -0.13948581 -0.08013952 -1.57214415
v -0.14070098 -0.08045337 -1.57020807
v -0.14871204 -0.07791104 -1.56315160
v -0.13456321 -0.07313184 -1.56438398
v -0.13554861 -0.07353502 -1.56269181
v -0.14164259 -0.07518098 -1.57548559
v -0.13811690 -0.07476468 -1.57373309
v -0.13684225 -0.07484429 -1.57396662
v -0.13727100 -0.07568762 -1.57789588
v -0.12827638 -0.06672337 -1.52169323
v -0.13132283 -0.06914125 -1.52177119
v -0.13168201 -0.06897958 -1.52299285
v -0.12945978 -0.06709720 -1.52293360
v -0.12912861 -0.06964506 -1.53592718
v -0.13139021 -0.06816610 -1.53494251
v -0.14678144 -0.08077504 -1.53827548
v -0.14569248 -0.07997337 -1.53751612
v -0.14789231 -0.08116486 -1.54146945
v -0.14885722 -0.08219237 -1.54247642
v -0.13714680 -0.06855500 -1.55674553
v -0.13683984 -0.06791880 -1.55575275
v -0.13909169 -0.07468990 -1.56787884
v -0.14066818 -0.07681400 -1.57037926
v -0.13712962 -0.07606818 -1.57301688
v -0.13676614 -0.07451990 -1.57102823
v -0.15107222 -0.07912042 -1.56393147
v -0.13522767 -0.07351694 -1.56146705
v -0.13639022 -0.07402936 -1.56173289
v -0.13465044 -0.07319289 -1.56169915
v -0.13051987 -0.07104732 -1.55941772
v -0.13097176 -0.07327670 -1.55848980
v -0.13175453 -0.07698002 -1.56663203
v -0.13502955 -0.08053255 -1.57015455
v -0.13509984 -0.07949536 -1.57013452
v -0.13189992 -0.07636950 -1.56735396
v -0.13122900 -0.07191265 -1.56408298
v -0.19933420 -0.00904920 -1.51573491
v -0.20710841 -0.00987850 -1.52547550
v -0.03532672 0.03189460 -1.60113347
v -0.04019161 0.03952572 -1.59956253
v -0.03686704 0.03792252 -1.59321153
v -0.03316247 0.03065791 -1.59429777
v -0.12958182 -0.07558758 -1.57366657
v -0.13352372 -0.07611831 -1.57542539
v -0.13391575 -0.07707755 -1.57618117
v -0.13052014 -0.07600088 -1.57441688
v -0.14427742 -0.08131346 -1.56830597
v -0.14987482 -0.08462051 -1.56451845
v -0.13312647 -0.07093583 -1.55015898
v -0.13284448 -0.06763153 -1.54715896
v -0.13076979 -0.05766326 -1.54596245
v -0.13073792 -0.05803649 -1.54719090
v -0.13202912 -0.05845582 -1.54672337
v -0.13226166 -0.05807733 -1.54549670
v -0.13294213 -0.06080388 -1.54091692
v -0.13182542 -0.06363387 -1.53998566
v -0.13046429 -0.06303570 -1.53800631
v -0.13230410 -0.06020530 -1.53894472
v -0.13128346 -0.05707992 -1.54278040
v -0.13093264 -0.05737276 -1.54449272
v -0.13255550 -0.05786955 -1.54378557
v -0.13309927 -0.05763201 -1.54207635
v -0.13729082 -0.07973748 -1.57211471
v -0.13920306 -0.08139585 -1.57216644
v -0.14887458 -0.08604997 -1.56356025
v -0.14988843 -0.08603509 -1.56137145
v -0.14691383 -0.08429459 -1.56839132
v -0.14841449 -0.08451711 -1.56670046
v -0.12360029 -0.07100085 -1.54102993
v -0.12543091 -0.07184887 -1.54106474
v -0.12539336 -0.07144060 -1.53959060
v -0.14892608 -0.08729427 -1.56651676
v -0.15048647 -0.08739017 -1.56873214
v -0.12117895 -0.06960027 -1.52363586
v -0.12028811 -0.06865507 -1.52202058
v -0.10220185 -0.04441083 -1.45394385
v -0.11439816 -0.05302541 -1.45985270
v -0.11351866 -0.05250844 -1.45018554
v -0.10196500 -0.04375790 -1.44440234
v -0.12873036 -0.07765791 -1.56905878
v -0.12826934 -0.07644624 -1.57147264
v -0.13035884 -0.05723581 -1.54130900
v -0.13182437 -0.05691263 -1.54058397
v -0.13096605 -0.05981532 -1.53916812
v -0.12884730 -0.06269392 -1.54531157
v -0.12930307 -0.05843067 -1.54596353
v -0.13288668 -0.06107271 -1.54263163
v -0.13167733 -0.06212044 -1.54752600
v -0.13012715 -0.06257762 -1.54874134
v -0.12793022 -0.06551560 -1.53461158
v -0.13012059 -0.06684918 -1.53417110
v -0.12699971 -0.06867240 -1.53393292
v -0.13320592 -0.05758959 -1.54012239
v -0.13506941 -0.06882665 -1.55770779
v -0.13262314 -0.06416395 -1.54342365
v -0.13470423 -0.06669372 -1.54080760
v -0.13376266 -0.06642578 -1.53883898
v -0.13252962 -0.06388073 -1.54146290
v -0.13605314 -0.07536335 -1.53073514
v -0.13598280 -0.07550722 -1.53244710
v -0.13653348 -0.06861245 -1.53622270
v -0.13467835 -0.07231501 -1.53627872
v -0.13365880 -0.07033361 -1.55308318
v -0.13202855 -0.07197955 -1.55603147
v -0.13008614 -0.06791245 -1.54958045
v -0.13212276 -0.06485946 -1.54563105
v -0.13440672 -0.06697971 -1.54325294
v -0.12904662 -0.06294269 -1.54653978
v -0.12858817 -0.06679199 -1.54661226
v -0.12871280 -0.06653897 -1.54782987
v -0.12925413 -0.06288482 -1.54776192
v -0.13691908 -0.07604303 -1.56299961
v -0.12687007 -0.07532470 -1.56923831
v -0.12798721 -0.07650577 -1.56634164
v -0.15397370 -0.07507099 -1.57975578
v -0.15841231 -0.07289278 -1.57169473
v -0.14532311 -0.07434944 -1.57257366
v -0.13258898 -0.06131077 -1.54434323
v -0.13053373 -0.05870004 -1.54817927
v -0.12957582 -0.05926428 -1.54769278
v -0.14428692 -0.08047368 -1.53409278
v -0.12675068 -0.06944526 -1.53370166
v -0.13113034 -0.06967983 -1.55768657
v -0.15165192 -0.07935219 -1.54220247
v -0.14951180 -0.07831862 -1.53678727
v -0.13146794 -0.06896158 -1.55889678
v -0.13093403 -0.06979860 -1.55988538
v -0.13091160 -0.06762207 -1.53443849
v -0.12820016 -0.06929909 -1.53493416
v -0.13073930 -0.07007246 -1.56037748
v -0.12670875 -0.07140499 -1.54057980
v -0.14270441 -0.08065964 -1.56290388
v -0.13689077 -0.07223745 -1.52249801
v -0.13370423 -0.07081134 -1.52109504
v -0.12930749 -0.05890536 -1.54695010
v -0.12978159 -0.06245210 -1.53823233
v -0.13224921 -0.06175885 -1.54605877
v -0.12814254 -0.06954537 -1.54446471
v -0.12773377 -0.06910355 -1.54225349
v -0.12687528 -0.07181603 -1.54278803
v -0.13659446 -0.07341096 -1.53680778
v -0.13894603 -0.06907188 -1.53796530
v -0.14119278 -0.07020531 -1.53874254
v -0.13837588 -0.07503454 -1.53783464
v -0.14688765 -0.07714836 -1.53209746
v -0.14333780 -0.07573285 -1.52763796
v -0.14332762 -0.07791713 -1.52597165
v -0.14724508 -0.07980558 -1.53068852
v -0.16271548 -0.07455113 -1.59473026
v -0.14729659 -0.07670245 -1.58534145
v -0.15156691 -0.07713454 -1.60126853
v -0.14601000 -0.07894253 -1.57193935
v -0.14776066 -0.07896430 -1.56951427
v -0.15101726 -0.08372457 -1.57086241
v -0.13151711 -0.07510667 -1.57636273
v -0.13516869 -0.07493928 -1.57395220
v -0.13316649 -0.07546662 -1.57492042
v -0.15453288 -0.08331969 -1.54719520
v -0.12551406 -0.07252154 -1.55842161
v -0.12820421 -0.07396654 -1.55872083
v -0.14467640 -0.07399578 -1.53421128
v -0.13619827 -0.07565562 -1.53587186
v -0.13855165 -0.07766866 -1.53642344
v -0.13957705 -0.08494188 -1.57272959
v -0.13698021 -0.08205910 -1.57093692
v -0.07547075 -0.01168899 -1.44240427
v -0.07953925 -0.01110478 -1.43547070
v -0.02038423 -0.01574454 -1.54478371
v -0.02193413 -0.01713064 -1.54458225
v -0.02282230 -0.01576108 -1.54651761
v -0.02209853 -0.01516142 -1.54649854
v -0.02199561 -0.01605586 -1.53576791
v -0.02305198 -0.01534750 -1.53722954
v -0.02404825 -0.01624787 -1.53701305
v -0.02296302 -0.01718332 -1.53555560
v -0.02278371 -0.01269928 -1.54621172
v -0.02009114 -0.01139168 -1.54347253
v -0.01882155 -0.01307818 -1.54422665
v -0.02207606 -0.01386175 -1.54671657
v -0.14037076 -0.08492216 -1.57591224
v -0.02250862 -0.01933004 -1.53534985
v -0.02353998 -0.01828635 -1.53729308
v -0.02170724 -0.01912577 -1.53753638
v -0.02084015 -0.02076585 -1.53609514
v -0.01385216 -0.01278111 -1.53611183
v -0.01375670 -0.01382492 -1.53808582
v -0.01596058 -0.01253407 -1.53734863
v -0.01640774 -0.01259647 -1.53540015
v -0.01446589 -0.01545976 -1.53861392
v -0.01286715 -0.01743482 -1.53814936
v -0.01457514 -0.01900569 -1.53819740
v -0.01608405 -0.01679300 -1.53841209
v -0.02080996 -0.01190501 -1.53982580
v -0.01954497 -0.01333437 -1.53788805
v -0.01718608 -0.01136752 -1.53977990
v -0.02356799 -0.01925530 -1.53999960
v -0.02493225 -0.01781614 -1.53900707
v -0.02534247 -0.01662641 -1.54289544
v -0.02455068 -0.01794288 -1.54364681
v -0.10201724 -0.04741283 -1.47000122
v -0.11628740 -0.05406863 -1.47296000
v -0.04282588 -0.03987658 -1.55769753
v -0.04157799 -0.03930642 -1.55498719
v -0.04048008 -0.03523661 -1.55611634
v -0.04158476 -0.03601303 -1.55834103
v -0.12609445 -0.07266051 -1.54499555
v -0.12486640 -0.07230165 -1.54595351
v -0.14942101 -0.07872844 -1.56708300
v -0.14472497 -0.08367693 -1.57006741
v -0.14381960 -0.07906311 -1.57363033
v -0.13897620 -0.07822207 -1.57576478
v -0.13801666 -0.07695817 -1.57426453
v -0.14208293 -0.07764345 -1.57187521
v -0.14525621 -0.08675973 -1.57013428
v -0.12655075 -0.07067783 -1.53225887
v -0.14001495 -0.07823673 -1.55892110
v -0.13639043 -0.07769974 -1.57621765
v -0.13724738 -0.08098130 -1.57775724
v -0.14969866 -0.08380841 -1.54740214
v -0.14724132 -0.08704382 -1.56844938
v -0.14602274 -0.08537325 -1.56718290
v -0.13106418 -0.07919433 -1.56862366
v -0.14316970 -0.07157578 -1.54147601
v -0.14146230 -0.07825541 -1.54134870
v -0.14002080 -0.07676383 -1.53886223
v -0.13901381 0.09304776 -1.56672204
v -0.14019904 0.09303177 -1.56404698
v -0.13832089 0.09312014 -1.56256139
v -0.13726138 0.09298800 -1.56475210
v -0.13785709 0.08860355 -1.54823589
v -0.13930395 0.08880662 -1.55581796
v -0.14000677 0.09012106 -1.55848539
v -0.13914305 0.09025149 -1.55627596
v -0.14226392 -0.07112324 -1.53974831
v -0.13624638 -0.06786609 -1.55452466
v -0.11778261 -0.06910342 -1.53702736
v -0.13344954 -0.07524183 -1.52606630
v -0.13495478 0.08810020 -1.53771448
v -0.13453132 0.08705544 -1.53821969
v -0.13608626 0.08879022 -1.54284120
v -0.13679534 0.08998783 -1.54257989
v -0.13588375 -0.07608685 -1.52708399
v -0.19461545 -0.02571025 -1.51736569
v -0.20165879 -0.02833310 -1.52798986
v -0.15312251 -0.08548337 -1.54698038
v -0.13821994 -0.07949543 -1.57163048
v -0.12791511 -0.07233720 -1.53181672
v -0.12703542 -0.07196519 -1.52593851
v -0.12516057 -0.07066716 -1.52662706
v -0.13603985 -0.07385722 -1.56197023
v -0.14476383 -0.07343035 -1.53542209
v -0.14564794 -0.07349730 -1.53787470
v -0.13161977 -0.05882092 -1.54745948
v -0.14252688 -0.07516724 -1.52932858
v -0.13658041 -0.07186081 -1.52407515
v -0.13022885 -0.05685377 -1.47657084
v -0.14499912 -0.05354042 -1.47945726
v -0.11395015 0.07057797 -1.51758695
v -0.11568681 0.07335188 -1.51974678
v -0.11688469 0.07389493 -1.51742697
v -0.11552057 0.06930047 -1.51591790
v -0.14263073 -0.05457542 -1.46882951
v -0.12845331 -0.05659999 -1.46482396
v -0.11901878 -0.07060158 -1.55099225
v -0.12168141 -0.07058394 -1.54368985
v -0.11973862 -0.07010905 -1.54268444
v -0.08036541 -0.02510324 -1.45139134
v -0.08439954 -0.02172187 -1.43988264
v -0.11366984 -0.06985936 -1.53773522
v -0.10312376 -0.07074344 -1.53716183
v -0.10311525 -0.07242537 -1.55258381
v -0.11324760 -0.07067467 -1.54727364
v -0.06650308 -0.06318647 -1.58355284
v -0.07121256 -0.06457590 -1.58411491
v -0.07126866 -0.06506786 -1.57459915
v -0.06733047 -0.06325237 -1.57574582
v -0.04694487 -0.02535655 -1.64171731
v -0.04426201 -0.01538234 -1.64246881
v -0.04933196 -0.01491214 -1.65032506
v -0.05283712 -0.02543700 -1.64959264
v -0.20604172 -0.02937099 -1.53611386
v -0.21101280 -0.03043191 -1.54619813
v -0.21742554 -0.01120170 -1.54343331
v -0.21198702 -0.01047741 -1.53286266
v -0.07551499 -0.02413702 -1.66786242
v -0.07187131 -0.01363793 -1.66957116
v -0.08227175 -0.01293503 -1.67429912
v -0.11645545 0.06649903 -1.51732647
v -0.12046968 0.07114884 -1.51678395
v -0.12122990 0.07086284 -1.51985037
v -0.11803075 0.06714649 -1.51989365
v -0.08560427 -0.02338828 -1.67209792
v -0.05351920 -0.05743890 -1.55546582
v -0.05357578 -0.05952881 -1.54940164
v -0.04959756 -0.05601701 -1.54880428
v -0.05038829 -0.05428093 -1.55488372
v -0.12419410 -0.07211659 -1.52151716
v -0.12293825 -0.07114111 -1.52234042
v -0.12463507 0.08705712 -1.57647252
v -0.12424549 0.08722765 -1.57304561
v -0.12221992 0.08525160 -1.57208848
v -0.12222057 0.08494589 -1.57551420
v -0.13497415 0.07335829 -1.54289460
v -0.13341837 0.07147329 -1.53681064
v -0.13600537 0.07799982 -1.54134631
v -0.13642582 0.07824250 -1.54403245
v -0.09438535 -0.01207890 -1.67830801
v -0.09726304 -0.02278202 -1.67610741
v -0.03396278 -0.01835301 -1.56450880
v -0.13239275 0.08538812 -1.56632233
v -0.13570422 0.08651930 -1.56706476
v -0.13681017 0.08713784 -1.56486475
v -0.13429324 0.08589206 -1.56339955
v -0.14039773 0.08945763 -1.56851721
v -0.14164887 0.08967032 -1.56534958
v -0.11158568 0.06920043 -1.52662921
v -0.11079030 0.06838507 -1.53030169
v -0.11200128 0.06906293 -1.53200972
v -0.11340372 0.06947735 -1.53079379
v -0.12640481 0.07152542 -1.54455781
v -0.12434687 0.07309492 -1.54865885
v -0.13039568 0.08343378 -1.52701592
v -0.12948242 0.08327850 -1.52896428
v -0.13257346 0.08585509 -1.53309524
v -0.13373181 0.08604983 -1.53163695
v -0.03661371 -0.01860743 -1.56649375
v -0.03822036 -0.02225517 -1.56340694
v -0.03612792 -0.02196404 -1.56142664
v -0.03219087 -0.01380763 -1.61471844
v -0.03462298 -0.01472521 -1.62257683
v -0.03704064 -0.02334898 -1.62228429
v -0.03399960 -0.02187257 -1.61465311
v -0.03960484 -0.02663480 -1.56082106
v -0.03813053 -0.02583764 -1.55883670
v -0.05591880 -0.01465920 -1.65771186
v -0.05958163 -0.02517787 -1.65673661
v -0.14853433 -0.01797692 -1.68139505
v -0.12784410 0.08021371 -1.53169656
v -0.13102564 0.08287461 -1.53436112
v -0.13267392 0.08408955 -1.53484130
v -0.13075484 0.08281570 -1.53264976
v -0.13984877 -0.01899153 -1.68157506
v -0.13951108 -0.00792523 -1.68428171
v -0.13153705 0.08850513 -1.56918287
v -0.12700754 0.08616338 -1.57113969
v -0.12661335 0.08725052 -1.57062554
v -0.13128154 0.08957010 -1.56842625
v -0.15237585 -0.00808929 -1.68367720
v -0.17308098 -0.06349002 -1.55210841
v -0.15811960 -0.06800652 -1.55107617
v -0.16001965 -0.07030682 -1.56286526
v -0.17692223 -0.06703217 -1.56833780
v -0.08948869 -0.03548053 -1.45816052
v -0.09232287 -0.03286113 -1.44628906
v -0.13580081 0.08021052 -1.55620003
v -0.13398512 0.07887064 -1.56109440
v -0.13378586 0.07783622 -1.56038034
v -0.13544504 0.07908200 -1.55597496
v -0.13836198 0.08917864 -1.56606030
v -0.13938144 0.08955294 -1.56337583
v -0.13801950 0.08779569 -1.56217647
v -0.12187941 0.07424395 -1.56375611
v -0.12299259 0.07510068 -1.56448257
v -0.12347004 0.07556658 -1.56301236
v -0.12248819 0.07499176 -1.56179297
v -0.12019558 0.07382520 -1.51648355
v -0.12754217 0.06910285 -1.52800751
v -0.12897746 0.07102630 -1.52871585
v -0.13157736 0.07409606 -1.53283215
v -0.13203445 0.07282540 -1.53383911
v -0.05898704 -0.05720268 -1.60558784
v -0.06392722 -0.05896134 -1.61104476
v -0.06739629 -0.06194296 -1.60356605
v -0.06220945 -0.06006870 -1.59932566
v -0.02869127 -0.01256832 -1.60195804
v -0.02975032 -0.01975338 -1.60186779
v -0.02894652 -0.01798476 -1.59547377
v -0.02792534 -0.01197825 -1.59534383
v -0.11167812 0.06640182 -1.51911390
v -0.11165138 0.06930197 -1.51929998
v -0.11295862 0.07003844 -1.51819873
v -0.11336127 0.06714296 -1.51752782
v -0.06671450 -0.06324881 -1.56841195
v -0.06975258 -0.06553552 -1.56555605
v -0.06489711 -0.06506832 -1.55743885
v -0.06299134 -0.06222590 -1.56151593
v -0.05683373 -0.05980660 -1.55676675
v -0.12294655 0.07757004 -1.56785238
v -0.12498215 0.08013293 -1.56733239
v -0.12448402 0.07802430 -1.56639266
v -0.12281623 0.07639471 -1.56665337
v -0.05741509 -0.06207720 -1.55119979
v -0.13771552 0.08749528 -1.55387461
v -0.13579240 0.08638546 -1.56047320
v -0.04111101 -0.02476604 -1.63187838
v -0.03819310 -0.01521263 -1.63239169
v -0.07015048 -0.06369632 -1.59434593
v -0.06478180 -0.06214092 -1.59157586
v -0.03117848 -0.01574017 -1.56760478
v -0.03460806 -0.01621033 -1.56911314
v -0.03200384 -0.01399765 -1.57344031
v -0.13239160 0.08621475 -1.54456651
v -0.13537307 0.08651727 -1.54483378
v -0.13412553 0.08567556 -1.54068601
v -0.13128585 0.08554417 -1.54066098
v -0.02619581 -0.01081797 -1.57307601
v -0.02751188 -0.01070802 -1.57723904
v -0.03120714 -0.01361289 -1.57708883
v -0.04245017 -0.03924113 -1.61410546
v -0.04623431 -0.04072876 -1.62125564
v -0.05259340 -0.04775316 -1.61974812
v -0.04835357 -0.04641390 -1.61308503
v -0.06711499 -0.02464171 -1.66266131
v -0.13223550 0.08619987 -1.55262589
v -0.13567935 0.08675131 -1.55289268
v -0.06344396 -0.01416361 -1.66388166
v -0.02845105 -0.01107645 -1.58702600
v -0.03015012 -0.01513842 -1.58712363
v -0.03111421 -0.01420604 -1.58345056
v -0.13719699 0.09047567 -1.56162632
v -0.13767974 0.09061299 -1.55576599
v -0.13809001 0.09012966 -1.56237471
v -0.13189185 0.07666818 -1.56404924
v -0.13581352 0.07709033 -1.56725430
v -0.13738450 0.07633728 -1.56068957
v -0.13320397 0.07694829 -1.56161380
v -0.02868207 -0.01104633 -1.58360791
v -0.03927745 -0.03053813 -1.55723202
v -0.04038983 -0.03125399 -1.55945551
v -0.12646724 -0.06470208 -1.52200174
v -0.12634808 -0.06538427 -1.52091503
v -0.11628922 -0.07183526 -1.56857705
v -0.11427765 -0.07116410 -1.55779660
v -0.10438375 -0.07234132 -1.56578457
v -0.10687790 -0.07161759 -1.57874024
v -0.11051249 -0.07414743 -1.59006214
v -0.11650851 -0.07609976 -1.59895289
v -0.12352524 -0.07568227 -1.58338010
v -0.11884278 -0.07366231 -1.57718766
v -0.15533599 -0.04900196 -1.47152853
v -0.15866953 -0.04604859 -1.48102796
v -0.02368096 -0.01106507 -1.56988108
v -0.02130160 -0.01116648 -1.56717300
v -0.23134591 -0.01090349 -1.58508706
v -0.11231004 0.06996242 -1.53614712
v -0.11345359 0.07151945 -1.53832555
v -0.11493045 0.07024475 -1.53616703
v -0.11460471 0.06937922 -1.53373849
v -0.22801478 -0.01131551 -1.57162857
v -0.22084162 -0.03147168 -1.57660282
v -0.22355892 -0.03111932 -1.58932376
v -0.16902903 -0.06153964 -1.54152679
v -0.13027281 0.07459474 -1.53085542
v -0.12824889 0.07165001 -1.52747500
v -0.12749118 0.07204945 -1.52721536
v -0.12892382 0.07491900 -1.52912593
v -0.15496625 -0.06579101 -1.54269636
v -0.02012572 -0.01811367 -1.54140890
v -0.02459215 -0.01447207 -1.54602051
v -0.02523361 -0.01460180 -1.54260969
v -0.02480803 -0.01429775 -1.54528630
v -0.01837412 -0.01816548 -1.53821754
v -0.01716515 -0.02048691 -1.53751945
v -0.02517428 -0.01545152 -1.53871787
v -0.02453944 -0.01461247 -1.53893924
v -0.02489386 -0.01386179 -1.54283571
v -0.02400754 -0.01563480 -1.54652655
v -0.01144032 -0.01013723 -1.53432560
v -0.00862267 -0.01085953 -1.53577828
v -0.00998139 -0.01459855 -1.53684330
v -0.01192005 -0.01302155 -1.53560925
v -0.02319475 -0.01244207 -1.54547775
v -0.02229533 -0.01152706 -1.54300809
v -0.01526140 -0.01285853 -1.54076791
v -0.01926116 -0.01443716 -1.54450238
v -0.02198755 -0.01455817 -1.54672956
v -0.01613303 -0.01466786 -1.54130113
v -0.01904628 -0.01362409 -1.53544641
v -0.01782319 -0.01635500 -1.54159558
v -0.12692289 0.08286729 -1.56876218
v -0.12784120 0.08296287 -1.56363964
v -0.12651095 0.08109669 -1.56341982
v -0.11999303 0.07551134 -1.53293550
v -0.12174825 0.07648017 -1.53415453
v -0.12357055 0.07773247 -1.53121603
v -0.12206680 0.07683659 -1.52902102
v -0.13429999 -0.07444341 -1.53509641
v -0.11149234 -0.05748186 -1.48995769
v -0.11935756 -0.06083786 -1.50402427
v -0.12487072 -0.05908617 -1.50355422
v -0.12511584 0.07887464 -1.52046072
v -0.12596315 0.07642402 -1.52027369
v -0.12302397 0.07386447 -1.51809800
v -0.12256437 0.07644361 -1.51791978
v -0.11395070 0.06943963 -1.53250968
v -0.11220676 0.06931022 -1.53347230
v -0.13763997 0.08220118 -1.55666661
v -0.13543673 0.08123640 -1.56252670
v -0.12073142 -0.05714037 -1.48881948
v -0.13760220 -0.07616165 -1.56129873
v -0.08631659 -0.06872163 -1.61023641
v -0.09671845 -0.06915324 -1.62182641
v -0.10819490 -0.07439440 -1.61056256
v -0.13205945 0.08491343 -1.56168759
v -0.13335720 0.08556458 -1.55924463
v -0.10204088 -0.07325830 -1.59973240
v -0.10490175 -0.06854834 -1.63093150
v -0.11567975 -0.07429338 -1.62089229
v -0.12518978 -0.07713992 -1.60907280
v -0.13899481 -0.07755748 -1.58845329
v -0.04792479 -0.04739134 -1.57084322
v -0.04780175 -0.04765716 -1.57060313
v -0.04638359 -0.04625073 -1.57031691
v -0.11768073 0.07308970 -1.54908276
v -0.11899035 0.07071703 -1.54963136
v -0.11897939 0.07058172 -1.54890120
v -0.11753206 0.07350755 -1.54736304
v -0.04653499 -0.04626998 -1.57031882
v -0.04845210 -0.04687376 -1.57083797
v -0.04731991 -0.04566206 -1.57031429
v -0.11623380 0.07339212 -1.54881835
v -0.11610919 0.07381146 -1.54734313
v -0.11491054 0.07334390 -1.54709661
v -0.11477381 0.07300568 -1.54783487
v -0.04948534 -0.04767743 -1.57110834
v -0.04907531 -0.04824069 -1.57111573
v -0.04895226 -0.04850651 -1.57087553
v -0.04330093 -0.03041682 -1.57143593
v -0.04408091 -0.03103446 -1.57170010
v -0.04399562 -0.03371409 -1.57102001
v -0.04283448 -0.03316653 -1.57099783
v -0.04289869 -0.03021640 -1.57118368
v -0.04241927 -0.03309207 -1.57050371
v -0.11948210 0.06985909 -1.54989767
v -0.11919738 0.07013689 -1.54964495
v -0.11947256 0.07054175 -1.55012810
v -0.13100190 0.07546470 -1.55282855
v -0.13286659 0.07656378 -1.54525268
v -0.13190615 0.07476912 -1.54479074
v -0.13009124 0.07340848 -1.55188382
v -0.04986963 -0.03373830 -1.57352018
v -0.04989465 -0.03327541 -1.57375550
v -0.13697045 0.08744009 -1.54580784
v -0.04977058 -0.03456554 -1.57304728
v -0.04540563 -0.02843266 -1.57337070
v -0.04523300 -0.02848485 -1.57434714
v -0.11836678 0.08142467 -1.57163894
v -0.11830205 0.07993536 -1.57386649
v -0.12235241 0.08293477 -1.57750976
v -0.04971005 -0.03296141 -1.57448018
v -0.04987015 -0.03296008 -1.57399321
v -0.04527732 -0.02876388 -1.57288766
v -0.12413299 0.07109681 -1.53575087
v -0.12120514 0.07369786 -1.53640318
v -0.11975949 0.07215402 -1.53617573
v -0.12244271 0.07062565 -1.53525543
v -0.11762327 0.06998428 -1.54059505
v -0.11697340 0.06784950 -1.53721178
v -0.11609628 0.07211572 -1.53882778
v -0.11606532 0.07327640 -1.55468130
v -0.11876083 0.07206572 -1.55106783
v -0.11739397 0.07277510 -1.55006325
v -0.11605208 0.07313479 -1.55028725
v -0.13629727 0.08815756 -1.53674936
v -0.13839021 0.08996066 -1.54210734
v -0.13997951 0.08840033 -1.54190969
v -0.13780573 0.08660296 -1.53630650
v -0.04507468 -0.02723503 -1.57261086
v -0.04537465 -0.02627948 -1.57308316
v -0.11008096 0.06716976 -1.52299118
v -0.11324571 0.06441452 -1.52063453
v -0.10938947 0.06663980 -1.52617049
v -0.13347131 0.09190563 -1.57328606
v -0.13418952 0.08847527 -1.57580423
v -0.13674155 0.08903310 -1.57361960
v -0.13578638 0.09255965 -1.57134140
v -0.12475766 0.07115281 -1.55627382
v -0.12428515 0.07123806 -1.55431342
v -0.12298982 0.07136386 -1.55551958
v -0.12317985 0.07106837 -1.55748153
v -0.04504049 -0.02636814 -1.57430291
v -0.04275768 -0.03829609 -1.56938982
v -0.04274571 -0.03846204 -1.56866026
v -0.04216748 -0.03376423 -1.56904912
v -0.04226695 -0.03339402 -1.56977558
v -0.04290088 -0.03808983 -1.56987560
v -0.04407518 -0.04143897 -1.56995404
v -0.04394737 -0.04152411 -1.56946588
v -0.04400751 -0.04160692 -1.56873536
v -0.16687800 0.05322138 -1.51930356
v -0.14808829 0.06080116 -1.52019060
v -0.15603960 0.06569498 -1.53323805
v -0.17228630 0.05996771 -1.53180075
v -0.12440521 0.07981943 -1.52336609
v -0.12202146 0.07847702 -1.52092707
v -0.11473924 0.07450879 -1.56221581
v -0.11353743 0.07395943 -1.56416917
v -0.11489510 0.07536368 -1.56952810
v -0.11489247 0.07591579 -1.56609738
v -0.04215334 -0.03039052 -1.56995869
v -0.04252480 -0.03030103 -1.57069325
v -0.04408304 -0.04156861 -1.56800258
v -0.04291542 -0.03865107 -1.56793284
v -0.14287116 0.09016961 -1.55753517
v -0.14118043 0.09289385 -1.55673146
v -0.04221223 -0.03396815 -1.56832087
v -0.04202937 -0.03044539 -1.56946993
v -0.04249625 -0.02762057 -1.57063937
v -0.04259752 -0.02873655 -1.57090688
v -0.04318275 -0.03858014 -1.56695700
v -0.04326598 -0.03848127 -1.56622303
v -0.04232682 -0.03374214 -1.56636345
v -0.04229403 -0.03390441 -1.56734335
v -0.12137016 0.07704104 -1.56833613
v -0.12415969 0.08074997 -1.57170880
v -0.12334469 0.07853128 -1.56930256
v -0.12171560 0.07661884 -1.56785941
v -0.11985694 0.07634048 -1.56003058
v -0.11939745 0.07697542 -1.56123471
v -0.11959792 0.07518356 -1.56224954
v -0.11991607 0.07413128 -1.56080818
v -0.04443493 -0.04153465 -1.56727254
v -0.04458114 -0.04144833 -1.56629515
v -0.11233242 0.07382965 -1.56880105
v -0.11548926 0.07579160 -1.57343352
v -0.05076749 -0.04947564 -1.57091260
v -0.05172337 -0.04989573 -1.57141876
v -0.05163981 -0.04989873 -1.57068527
v -0.12684616 0.06702844 -1.52755380
v -0.05105974 -0.04964494 -1.57043028
v -0.05459232 -0.05210849 -1.56807125
v -0.05564614 -0.05289662 -1.56931853
v -0.05712686 -0.05439069 -1.56863010
v -0.11701661 0.07629342 -1.56122518
v -0.11656266 0.07725805 -1.56364417
v -0.11894373 0.07792185 -1.56267691
v -0.10878015 0.06767413 -1.53127337
v -0.11071859 0.06862876 -1.53298295
v -0.12160976 0.07587568 -1.56689620
v -0.12166307 0.07516930 -1.56568956
v -0.12106502 0.07357722 -1.56205165
v -0.12249365 0.07422537 -1.56034279
v -0.05579577 -0.05338727 -1.56713152
v -0.12928310 0.08136721 -1.55391514
v -0.13062155 0.08325344 -1.54534137
v -0.06000123 -0.06134656 -1.55853820
v -0.05659268 -0.05563529 -1.56425309
v -0.05866536 -0.05685604 -1.56576324
v -0.04992645 -0.04909638 -1.57065248
v -0.04895711 -0.04851621 -1.57038724
v -0.04993557 -0.04900070 -1.57089496
v -0.05089915 -0.04936022 -1.57140005
v -0.05022497 -0.04924025 -1.56992555
v -0.04916865 -0.04861825 -1.56965852
v -0.04779506 -0.04775770 -1.57011652
v -0.04792345 -0.04778764 -1.56938553
v -0.04648270 -0.04631681 -1.56909788
v -0.04636201 -0.04622631 -1.56982768
v -0.04513808 -0.04425997 -1.56953216
v -0.14211087 0.06823543 -1.53476167
v -0.12791274 0.06282737 -1.52080882
v -0.04531439 -0.04451944 -1.57002759
v -0.04526262 -0.04432020 -1.56880188
v -0.04675479 -0.04642655 -1.56836998
v -0.04541360 -0.04441455 -1.56807244
v -0.04830177 -0.04778781 -1.56865644
v -0.04959740 -0.04868183 -1.56917548
v -0.05074073 -0.04934565 -1.56944418
v -0.05161680 -0.04990944 -1.56995249
v -0.05227374 -0.05026076 -1.57045436
v -0.05138863 -0.04962169 -1.56896746
v -0.05227683 -0.05020972 -1.56825507
v -0.05079476 -0.04911194 -1.56748593
v -0.05011173 -0.04882236 -1.56845045
v -0.05239686 -0.05035611 -1.56948042
v -0.05348163 -0.05109220 -1.56877291
v -0.11981580 0.07392967 -1.56252098
v -0.12002372 0.07385080 -1.56301308
v -0.12045593 0.07303926 -1.56205654
v -0.12018436 0.07306469 -1.56156492
v -0.04875939 -0.04789037 -1.56793022
v -0.04922470 -0.04793236 -1.56720281
v -0.04755711 -0.04630963 -1.56690979
v -0.04710668 -0.04639260 -1.56763995
v -0.11981540 0.07700257 -1.51922536
v -0.12675041 0.07971040 -1.56003022
v -0.12495202 0.07664119 -1.55812001
v -0.12420829 0.07726888 -1.56029856
v -0.04579192 -0.04441472 -1.56734335
v -0.04617266 -0.04441974 -1.56637001
v -0.13678481 0.09014154 -1.54746187
v -0.13738140 0.09163095 -1.55549848
v -0.13888648 0.09317177 -1.55597091
v -0.13797630 0.09146699 -1.54744697
v -0.04315608 -0.03799465 -1.57012045
v -0.04428127 -0.03761459 -1.57012379
v -0.04513981 -0.04105121 -1.56995654
v -0.04432268 -0.04140434 -1.57019997
v -0.04546337 -0.04453383 -1.57027364
v -0.11463183 0.06497349 -1.51880479
v -0.12508044 0.07149258 -1.55358326
v -0.12438436 0.07265691 -1.55184340
v -0.04622044 -0.04392692 -1.57002461
v -0.04624576 -0.04082255 -1.56996274
v -0.05022970 -0.03879577 -1.57215929
v -0.05071548 -0.04005747 -1.57218933
v -0.04720820 -0.04344164 -1.56978023
v -0.12327468 0.07182200 -1.55893290
v -0.12133113 0.07203473 -1.56037533
v -0.04550014 -0.03770796 -1.57013750
v -0.04987466 -0.03720769 -1.57236838
v -0.04520193 -0.03439046 -1.57104528
v -0.11030908 0.06898600 -1.53614724
v -0.04971376 -0.03576282 -1.57282639
v -0.04485561 -0.03171752 -1.57172132
v -0.04287846 -0.03949059 -1.58211648
v -0.04268524 -0.03955834 -1.58211589
v -0.04367299 -0.04393897 -1.58172464
v -0.04394124 -0.04354685 -1.58147514
v -0.20221215 -0.04412173 -1.55005026
v -0.20810993 -0.04465122 -1.56526232
v -0.21616086 -0.03114581 -1.56042957
v -0.04518264 -0.04636534 -1.57910097
v -0.04554783 -0.04630128 -1.58008027
v -0.04721984 -0.04854097 -1.57867575
v -0.04712524 -0.04838873 -1.57793903
v -0.04488955 -0.04634626 -1.57812071
v -0.13552675 0.08807324 -1.56996298
v -0.13701634 0.08864756 -1.56801200
v -0.13431877 0.08635341 -1.56852007
v -0.13270815 0.08596545 -1.56973350
v -0.12964508 0.08490966 -1.57143474
v -0.12914985 0.08499986 -1.57289362
v -0.13353910 0.08712692 -1.57167244
v -0.12372799 0.07527652 -1.55911243
v -0.12316953 0.07617926 -1.56079876
v -0.04698262 -0.04817794 -1.57671213
v -0.04282685 -0.04381532 -1.57927132
v -0.11875112 0.07478040 -1.53147244
v -0.11971840 0.07534844 -1.52560830
v -0.13209745 0.08439285 -1.53727221
v -0.12929368 0.08383522 -1.53774476
v -0.14077869 0.08570016 -1.54783380
v -0.14131470 0.08574310 -1.55712008
v -0.13933171 0.08377073 -1.55665171
v -0.13943300 0.08421425 -1.54809463
v -0.04324632 -0.04378438 -1.58049607
v -0.04378458 -0.04359302 -1.58123028
v -0.05121814 -0.04716977 -1.57551181
v -0.05043373 -0.04646731 -1.57646716
v -0.13645050 0.07816376 -1.54989648
v -0.13614874 0.07489277 -1.55069172
v -0.11427106 0.07259545 -1.54881513
v -0.11236781 0.07180236 -1.55272067
v -0.12329255 0.07143689 -1.55820799
v -0.12146154 0.07163985 -1.55989599
v -0.13261226 0.07895807 -1.53323352
v -0.12570320 0.07416615 -1.52617860
v -0.13091269 0.07883005 -1.53126550
v -0.12390152 0.06988934 -1.52551389
v -0.12170757 0.06928849 -1.52452743
v -0.12321897 0.07198862 -1.52448821
v -0.04903025 -0.04712423 -1.57622242
v -0.05039472 -0.04808047 -1.57552195
v -0.05188669 -0.04779142 -1.57479799
v -0.05137762 -0.04864977 -1.57481015
v -0.05309027 -0.04243687 -1.57470250
v -0.05275670 -0.04210848 -1.57518125
v -0.05229483 -0.04157917 -1.57565475
v -0.12689349 0.08030932 -1.53363943
v -0.12936932 0.08247884 -1.53484142
v -0.05331953 -0.04259362 -1.57446361
v -0.12007849 0.06953262 -1.54966569
v -0.12144501 0.06797789 -1.54824448
v -0.11962273 0.06848288 -1.54968226
v -0.13025101 0.08455354 -1.55312812
v -0.13073450 0.08544985 -1.54505420
v -0.11955206 0.07675050 -1.56343913
v -0.05340895 -0.04264030 -1.57422125
v -0.12049311 0.07484927 -1.55371583
v -0.11844601 0.07560378 -1.55710053
v -0.11884174 0.08040741 -1.56653452
v -0.11963971 0.07861272 -1.56486821
v -0.11953274 0.07781271 -1.56415045
v -0.11860262 0.07892458 -1.56460774
v -0.12063801 0.06266920 -1.54028213
v -0.11888576 0.06572154 -1.53849423
v -0.11857422 0.06723552 -1.54163635
v -0.05338494 -0.04261102 -1.57397616
v -0.05324224 -0.04257120 -1.57348537
v -0.06022206 -0.06406979 -1.54271781
v -0.06112753 -0.06385740 -1.55371404
v -0.12759253 0.08383489 -1.57241321
v -0.12879409 0.08426122 -1.57046235
v -0.13714364 0.08269458 -1.56324697
v -0.06445158 -0.06609123 -1.54573047
v -0.05006004 -0.04869975 -1.57137871
v -0.12393842 0.07596960 -1.56471872
v -0.12477528 0.07657897 -1.56349325
v -0.05099192 -0.04909055 -1.57163978
v -0.13042934 0.07903216 -1.57522368
v -0.12703726 0.07813920 -1.57349873
v -0.12572624 0.07813030 -1.57397473
v -0.12594280 0.07903696 -1.57786691
v -0.05038066 -0.04808982 -1.57161391
v -0.11885957 0.06793445 -1.52159572
v -0.12138315 0.07100733 -1.52204728
v -0.12174630 0.07092234 -1.52327383
v -0.11987604 0.06857096 -1.52305841
v -0.11915576 0.07148777 -1.53593898
v -0.12147483 0.07031336 -1.53500795
v -0.05118757 -0.04849551 -1.57187414
v -0.13472304 0.08574335 -1.53849208
v -0.13377462 0.08492722 -1.53776646
v -0.13568455 0.08635710 -1.54166460
v -0.13642411 0.08739348 -1.54287231
v -0.05190982 -0.04956735 -1.57214677
v -0.05199103 -0.04992066 -1.57191038
v -0.04915389 -0.04619374 -1.57083130
v -0.05171692 -0.04159554 -1.57247400
v -0.05218449 -0.04198433 -1.57297492
v -0.12699395 0.07229756 -1.55700541
v -0.12673354 0.07163559 -1.55603909
v -0.12813222 0.07826934 -1.56813312
v -0.12934679 0.08056032 -1.57054174
v -0.12593813 0.07938655 -1.57346320
v -0.12586081 0.07781255 -1.57105124
v -0.13930297 0.08440748 -1.56421077
v -0.05008283 -0.04682578 -1.57134140
v -0.04819568 -0.04506570 -1.57031083
v -0.05123732 -0.04101153 -1.57245767
v -0.05258916 -0.04218960 -1.57298291
v -0.05293469 -0.04235205 -1.57323384
v -0.12439254 0.07666190 -1.56202233
v -0.12544261 0.07732842 -1.56201923
v -0.05081187 -0.04709396 -1.57184243
v -0.12392911 0.07617151 -1.56227195
v -0.05158850 -0.04749580 -1.57210231
v -0.05181181 -0.04883813 -1.57261980
v -0.12024191 0.07346088 -1.56009197
v -0.12047020 0.07568601 -1.55882835
v -0.12030129 0.07979570 -1.56680512
v -0.12308475 0.08369455 -1.57041812
v -0.12333632 0.08267800 -1.57044089
v -0.12057472 0.07915921 -1.56755328
v -0.05246500 -0.04798448 -1.57334185
v -0.05250916 -0.04807331 -1.57383251
v -0.05202994 -0.04901062 -1.57311392
v -0.12069602 0.07428490 -1.56447649
v -0.05210824 -0.04907302 -1.57360446
v -0.05218103 -0.04786971 -1.57260406
v -0.19648218 0.01894967 -1.51600218
v -0.20467597 0.02228253 -1.52456439
v -0.05232649 -0.04801024 -1.57431805
v -0.05186885 -0.04897197 -1.57408857
v -0.05218475 -0.05013897 -1.57142806
v -0.05238942 -0.05015136 -1.57216311
v -0.05296171 -0.05063668 -1.57315540
v -0.05271772 -0.05054516 -1.57144141
v -0.11848032 0.07800053 -1.57366264
v -0.12227967 0.07902633 -1.57538891
v -0.12248976 0.08006392 -1.57634723
v -0.11928388 0.07859347 -1.57463562
v -0.13227278 0.08556733 -1.56851590
v -0.05353040 -0.05117150 -1.57146192
v -0.05316479 -0.05077853 -1.57022917
v -0.05343688 -0.05166803 -1.57391357
v -0.05429513 -0.05288022 -1.57419038
v -0.13714136 0.08986489 -1.56481338
v -0.12275141 0.07369870 -1.55034113
v -0.12293372 0.07035960 -1.54747856
v -0.05473042 -0.05240545 -1.57125401
v -0.05430861 -0.05172842 -1.57001495
v -0.05233607 -0.04979704 -1.57264400
v -0.12224284 0.05987118 -1.54646027
v -0.12215179 0.06018238 -1.54767442
v -0.12341305 0.06084374 -1.54718494
v -0.12373881 0.06053348 -1.54597306
v -0.05258206 -0.04996852 -1.57338262
v -0.05201226 -0.05116112 -1.57486653
v -0.12412044 0.06344473 -1.54127753
v -0.12257572 0.06602281 -1.54023397
v -0.12117009 0.06524207 -1.53828180
v -0.12347095 0.06280950 -1.53908563
v -0.05221157 -0.05194203 -1.57561684
v -0.05186339 -0.05044361 -1.57436228
v -0.05052049 -0.05004394 -1.57507396
v -0.05051219 -0.05052155 -1.57581615
v -0.12293060 0.05950934 -1.54329872
v -0.12247470 0.05966062 -1.54500115
v -0.12416301 0.06035092 -1.54402673
v -0.12468742 0.06037556 -1.54232144
v -0.05057935 -0.05113182 -1.57656193
v -0.04886124 -0.04961666 -1.57675910
v -0.12553152 0.08311225 -1.57240772
v -0.12711668 0.08506002 -1.57213986
v -0.04889478 -0.05000728 -1.57750010
v -0.04891328 -0.04930299 -1.57577634
v -0.05188607 -0.04980490 -1.57410538
v -0.13592742 0.09129327 -1.56379604
v -0.13685825 0.09144177 -1.56160378
v -0.13420080 0.08908056 -1.56870866
v -0.13573556 0.08952606 -1.56676054
v -0.05084980 -0.04941343 -1.57482028
v -0.04944685 -0.04875998 -1.57552636
v -0.04746768 -0.04782246 -1.57597685
v -0.11329912 0.07201980 -1.54100084
v -0.11502879 0.07297371 -1.54124284
v -0.11501485 0.07263600 -1.53953969
v -0.13587558 0.09252810 -1.56694627
v -0.13753012 0.09284645 -1.56891000
v -0.11137085 0.06965645 -1.52319837
v -0.11061330 0.06855173 -1.52150321
v -0.10004384 0.04271081 -1.45157003
v -0.11116250 0.05253802 -1.45697749
v -0.11164236 0.05198540 -1.44710064
v -0.10092117 0.04272531 -1.44180775
v -0.11726794 0.07991441 -1.56897163
v -0.11703788 0.07863981 -1.57168174
v -0.04527465 -0.04607492 -1.57714200
v -0.04713909 -0.04520422 -1.57714272
v -0.04327635 -0.04352140 -1.57829273
v -0.12190633 0.05967381 -1.54181993
v -0.12335687 0.05980974 -1.54085433
v -0.12215188 0.06230478 -1.53932714
v -0.11956567 0.06454066 -1.54585230
v -0.12054878 0.06039416 -1.54643333
v -0.04534029 -0.04255752 -1.57804930
v -0.04155084 -0.04020505 -1.58260632
v -0.04263612 -0.04502884 -1.58222485
v -0.04712828 -0.04204632 -1.57805645
v -0.05072479 -0.03933530 -1.57632732
v -0.05011455 -0.03784241 -1.57629156
v -0.04588664 -0.03896099 -1.57822692
v -0.12400910 0.06361375 -1.54298294
v -0.04480799 -0.02909411 -1.57508802
v -0.04441275 -0.02995330 -1.57583404
v -0.12261568 0.06444006 -1.54808235
v -0.12089669 0.06474277 -1.54928088
v -0.11823054 0.06690133 -1.53455615
v -0.12036864 0.06871275 -1.53405213
v -0.11700571 0.07000166 -1.53399372
v -0.12455548 0.06038675 -1.54036593
v -0.12495185 0.07196444 -1.55821347
v -0.04943644 -0.03358991 -1.57522297
v -0.04955187 -0.03321368 -1.57472801
v -0.04402711 -0.02773337 -1.57505322
v -0.04347177 -0.02912604 -1.57580841
v -0.12317914 0.06674815 -1.54364491
v -0.12475434 0.06976397 -1.54115736
v -0.12398563 0.06914388 -1.53896391
v -0.12311843 0.06641185 -1.54169703
v -0.12524737 0.07843333 -1.53072977
v -0.12507129 0.07867665 -1.53267729
v -0.12623227 0.07188976 -1.53648829
v -0.12392348 0.07520301 -1.53664374
v -0.12347001 0.07329266 -1.55328739
v -0.12163073 0.07450851 -1.55642056
v -0.12018696 0.07007720 -1.54990005
v -0.12259627 0.06735539 -1.54582548
v -0.12442566 0.06997423 -1.54359257
v -0.11977550 0.06484438 -1.54706955
v -0.11885566 0.06859194 -1.54698575
v -0.11907876 0.06840169 -1.54821301
v -0.12005775 0.06489276 -1.54829264
v -0.12581438 0.07927759 -1.56344938
v -0.11587931 0.07714622 -1.56950200
v -0.11661179 0.07853704 -1.56655014
v -0.14259206 0.08075895 -1.57921565
v -0.14758325 0.07917475 -1.57123518
v -0.13426618 0.07855156 -1.57233953
v -0.12381840 0.06385440 -1.54468608
v -0.12192324 0.06081873 -1.54888082
v -0.12076925 0.06129022 -1.54812741
v -0.13239290 0.08497769 -1.53433228
v -0.11672253 0.07076701 -1.53348708
v -0.12101588 0.07215699 -1.55817139
v -0.13930887 0.08498706 -1.54245996
v -0.13721426 0.08355794 -1.53733873
v -0.12141079 0.07151414 -1.55940938
v -0.12077063 0.07222904 -1.56036592
v -0.12102813 0.06968414 -1.53452766
v -0.11821500 0.07091226 -1.53496432
v -0.12055273 0.07251196 -1.56084669
v -0.11641500 0.07272691 -1.54077280
v -0.13078539 0.08486100 -1.56338608
v -0.04446079 -0.03328135 -1.57761097
v -0.04933144 -0.03507059 -1.57598424
v -0.12626162 0.07507771 -1.52274609
v -0.12349489 0.07294063 -1.52129638
v -0.04932819 -0.03415167 -1.57572162
v -0.12051347 0.06084757 -1.54740095
v -0.04453844 -0.03155560 -1.57660019
v -0.12057205 0.06464572 -1.53853214
v -0.12328300 0.06426646 -1.54662669
v -0.04254358 -0.03284854 -1.57782793
v -0.04308798 -0.03059751 -1.57681119
v -0.04393379 -0.03929286 -1.57845879
v -0.11803094 0.07111733 -1.54472888
v -0.11771300 0.07062458 -1.54253721
v -0.11645058 0.07307095 -1.54296458
v -0.23173660 -0.01288312 -1.62250245
v -0.23424929 -0.01221853 -1.60541534
v -0.12562563 0.07684186 -1.53711605
v -0.12840953 0.07299864 -1.53819704
v -0.13044722 0.07448085 -1.53916430
v -0.12715201 0.07887681 -1.53782296
v -0.13501805 0.08177705 -1.53246772
v -0.13191518 0.07962818 -1.52808380
v -0.13193671 0.08180896 -1.52633059
v -0.13521998 0.08449327 -1.53094983
v -0.22388792 -0.03058517 -1.60788012
v -0.22076461 -0.02961080 -1.62150896
v -0.15114523 0.08161047 -1.59418178
v -0.13580674 0.08172578 -1.58474839
v -0.13959372 0.08190894 -1.60065842
v -0.13431969 0.08365683 -1.57248223
v -0.13610871 0.08387633 -1.57005262
v -0.13878782 0.08915837 -1.57119429
v -0.12041328 0.07780483 -1.57637227
v -0.12408119 0.07809322 -1.57395947
v -0.12206030 0.07836823 -1.57491136
v -0.14168966 0.08933357 -1.54752564
v -0.04870552 -0.04447571 -1.57738757
v -0.05154607 -0.04064418 -1.57611728
v -0.21295898 -0.04009254 -1.62261975
v -0.21003506 -0.03948049 -1.63137245
v -0.21587300 -0.03061265 -1.63345027
v -0.17617786 -0.03270186 -1.49351072
v -0.18290004 -0.02382369 -1.48399448
v -0.11511877 0.07377705 -1.55857027
v -0.11757147 0.07587434 -1.55904067
v -0.04280318 -0.02576704 -1.57475770
v -0.13352957 0.07806423 -1.53448164
v -0.04250730 -0.02749128 -1.57601058
v -0.12516528 0.07903143 -1.53584647
v -0.12699547 0.08152007 -1.53654730
v -0.12675783 0.08899605 -1.57279038
v -0.12471390 0.08553184 -1.57113004
v -0.04302979 -0.02458782 -1.57351506
v -0.04273571 -0.02399661 -1.57350039
v -0.04258120 -0.02509269 -1.57474208
v -0.04230984 -0.02660013 -1.57623518
v -0.04210083 -0.02960145 -1.57727015
v -0.04162650 -0.02895203 -1.57749677
v -0.04080220 -0.03238913 -1.57902312
v -0.04122569 -0.03251812 -1.57829702
v -0.04196070 -0.03973614 -1.57918131
v -0.04144202 -0.03987197 -1.57991171
v -0.04128041 -0.03194399 -1.57975161
v -0.04211482 -0.02845118 -1.57798004
v -0.04195568 -0.03140082 -1.58048010
v -0.04238057 -0.02822518 -1.57871091
v -0.04250984 -0.03950982 -1.58186901
v -0.04180479 -0.03980306 -1.58113527
v -0.04299795 -0.02745079 -1.57161784
v -0.04290540 -0.02524994 -1.57181716
v -0.04324059 -0.02793860 -1.57187426
v -0.04329994 -0.02551091 -1.57207060
v -0.04439202 -0.02899890 -1.57239521
v -0.04326633 -0.02475912 -1.57254362
v -0.04291797 -0.02413479 -1.57228351
v -0.07467330 0.00767450 -1.44176495
v -0.07906786 0.00793109 -1.43496323
v -0.04494322 -0.02974586 -1.57241547
v -0.04279083 -0.02441166 -1.57473040
v -0.04259980 -0.02315314 -1.57323790
v -0.04336382 -0.02324467 -1.57520127
v -0.04293825 -0.02242695 -1.57322669
v -0.04317449 -0.02548735 -1.57744265
v -0.04288423 -0.02593015 -1.57647157
v -0.04285417 -0.02320818 -1.57202017
v -0.04285800 -0.02371004 -1.57154167
v -0.04281771 -0.02252664 -1.57200623
v -0.04281627 -0.02309392 -1.57128477
v -0.04194874 -0.03020716 -1.56848741
v -0.04192624 -0.02997179 -1.56774974
v -0.04234980 -0.02690791 -1.56989086
v -0.04236721 -0.02633461 -1.56939101
v -0.04330888 -0.03826329 -1.56499779
v -0.04474132 -0.04127602 -1.56507194
v -0.04330663 -0.03791650 -1.56376958
v -0.01911754 0.00045893 -1.54469156
v -0.02054517 0.00200820 -1.54467452
v -0.02154027 0.00080587 -1.54641807
v -0.02089711 0.00010302 -1.54642582
v -0.04480682 -0.04112244 -1.56384826
v -0.04213195 -0.03304604 -1.56439352
v -0.04224235 -0.03353419 -1.56538141
v -0.09334078 -0.03233587 -1.43847203
v -0.05311409 -0.05098043 -1.56730151
v -0.05386629 -0.05196025 -1.56610715
v -0.05197236 -0.05047168 -1.56532621
v -0.05153542 -0.04965046 -1.56677103
v -0.04978661 -0.04820655 -1.56623673
v -0.02077708 0.00101069 -1.53565907
v -0.02185734 0.00045452 -1.53714621
v -0.02279229 0.00149265 -1.53689027
v -0.02161831 0.00230373 -1.53564131
v -0.05000491 -0.04856923 -1.56478047
v -0.04804567 -0.04636015 -1.56422877
v -0.04791770 -0.04625509 -1.56569099
v -0.04643615 -0.04437909 -1.56539476
v -0.04645505 -0.04413183 -1.56392443
v -0.05637166 -0.05382308 -1.57080972
v -0.05653416 -0.05513849 -1.57401299
v -0.05803882 -0.05552092 -1.57037139
v -0.05883425 -0.05715837 -1.57383156
v -0.04305051 -0.02174058 -1.57614517
v -0.02189612 -0.00222842 -1.54623795
v -0.01944546 -0.00385917 -1.54355979
v -0.01789791 -0.00238282 -1.54449224
v -0.02109930 -0.00118732 -1.54669785
v -0.04307193 -0.02132720 -1.57369447
v -0.04176301 -0.02017875 -1.57683420
v -0.04219394 -0.01998034 -1.57390332
v -0.04068598 -0.02158731 -1.57978296
v -0.04232387 -0.02332129 -1.57885659
v -0.04279907 -0.02172884 -1.57174575
v -0.04278609 -0.02238695 -1.57102609
v -0.04246084 -0.02051666 -1.57171822
v -0.04248106 -0.02146953 -1.57027197
v -0.04187398 -0.02948648 -1.56700671
v -0.04189239 -0.02895316 -1.56601918
v -0.04226592 -0.02575077 -1.56864560
v -0.04207431 -0.02490930 -1.56789410
v -0.19655246 -0.04274078 -1.53922009
v -0.21173385 -0.04460117 -1.58117354
v -0.04576529 -0.05217532 -1.58679485
v -0.04484490 -0.05002061 -1.58381176
v -0.04226898 -0.04668600 -1.58494127
v -0.04236505 -0.04847618 -1.58864188
v -0.04815196 -0.05455975 -1.59077394
v -0.05088682 -0.05688309 -1.58718312
v -0.04885138 -0.05452059 -1.58442914
v -0.04736330 -0.05240318 -1.58217406
v -0.05555191 -0.05582520 -1.57670403
v -0.05370023 -0.05417453 -1.57665300
v -0.05219664 -0.05419324 -1.57859290
v -0.05363445 -0.05590530 -1.57912970
v -0.05768037 -0.05793726 -1.57701123
v -0.05579310 -0.05819219 -1.58017337
v -0.05126382 -0.05543552 -1.58153987
v -0.04996260 -0.05344677 -1.58026612
v -0.05327099 -0.05787414 -1.58331800
v -0.03907225 -0.02952012 -1.58407843
v -0.04060602 -0.03020837 -1.58239722
v -0.04165573 -0.02695830 -1.58063269
v -0.04089544 -0.02558201 -1.58157480
v -0.03765677 -0.02838539 -1.58575177
v -0.03940945 -0.02362119 -1.58249819
v -0.03906039 -0.04223190 -1.58897352
v -0.04008454 -0.04128723 -1.58554482
v -0.04229596 -0.03109653 -1.58096588
v -0.04239963 -0.02894787 -1.57970262
v -0.04225463 -0.03093744 -1.58096230
v -0.04247659 -0.02834229 -1.57969129
v -0.19286528 -0.04993692 -1.64338338
v -0.18045115 -0.05356854 -1.64944184
v -0.18693343 -0.03763365 -1.66188776
v -0.19933707 -0.03529223 -1.65341246
v -0.04559827 -0.04636469 -1.58032632
v -0.04533862 -0.04690720 -1.58082318
v -0.04702936 -0.04924157 -1.57942069
v -0.04712749 -0.04873553 -1.57916725
v -0.04883990 -0.05039121 -1.57799578
v -0.04887921 -0.05100248 -1.57849681
v -0.05081998 -0.05207182 -1.57731581
v -0.05048650 -0.05157246 -1.57705832
v -0.05177988 -0.05211968 -1.57634902
v -0.05235417 -0.05268496 -1.57636595
v -0.04205594 -0.02867519 -1.58042657
v -0.04176532 -0.03086617 -1.58144462
v -0.21452624 -0.04200654 -1.61070442
v -0.05790395 -0.04955332 -1.62716365
v -0.06482664 -0.05577172 -1.62320280
v -0.05878779 -0.05425628 -1.61700726
v -0.04468141 -0.04813308 -1.58157396
v -0.04686189 -0.05046362 -1.58042049
v -0.04917654 -0.05198046 -1.57925200
v -0.05119712 -0.05290610 -1.57806897
v -0.05245545 -0.05326881 -1.57711136
v -0.11961734 -0.06965585 -1.53974307
v -0.12149490 -0.06977140 -1.53976369
v -0.14737643 -0.07571881 -1.54941618
v -0.14622152 -0.07396797 -1.55620921
v -0.14489721 -0.07294064 -1.55935121
v -0.13190313 -0.07494094 -1.56805825
v -0.13499941 -0.07822916 -1.57132947
v -0.14114936 -0.07884171 -1.53085423
v -0.13708898 -0.07582993 -1.52928889
v -0.12757206 0.08914077 -1.57621515
v -0.14171547 -0.07864934 -1.53183293
v -0.14624919 -0.08453597 -1.56741261
v -0.14768159 -0.08481135 -1.56572223
v -0.14740947 -0.08576589 -1.56549430
v -0.18501323 -0.03765539 -1.51934314
v -0.19181536 -0.04112397 -1.53083682
v -0.14906356 -0.08502332 -1.56378579
v -0.12413510 -0.07168668 -1.54422426
v -0.14793441 -0.07672639 -1.54870892
v -0.14998324 -0.07810806 -1.54802370
v -0.15037392 -0.07868385 -1.54290950
v -0.14922667 -0.07822128 -1.54337764
v -0.14828375 -0.07795977 -1.53774524
v -0.14750987 -0.07765864 -1.53870869
v -0.14439650 -0.08004777 -1.53457379
v -0.14682558 -0.08139601 -1.53828835
v -0.13638780 -0.07938565 -1.57161045
v -0.13495758 -0.07884829 -1.57085299
v -0.13671935 -0.08016623 -1.57162929
v -0.12555444 -0.07225899 -1.54302824
v -0.13160840 -0.07309373 -1.56606436
v -0.13047267 -0.07268259 -1.56384671
v -0.13086991 -0.07229323 -1.56433129
v -0.12872249 -0.06801254 -1.54810357
v -0.12893987 -0.06802200 -1.54908299
v -0.12868355 -0.06945472 -1.54642224
v -0.12750369 -0.07222424 -1.54500055
v -0.12736355 -0.06545061 -1.53753591
v -0.12926270 -0.06466857 -1.53631747
v -0.12865041 -0.06522428 -1.53534555
v -0.14046559 -0.08207174 -1.57756603
v -0.13020191 -0.07285095 -1.56287050
v -0.13041410 -0.07420901 -1.56412101
v -0.13067590 -0.07471640 -1.56511068
v -0.13707064 -0.08108147 -1.57116246
v -0.13098362 -0.07498349 -1.56609607
v -0.13093998 -0.07411644 -1.56607831
v -0.13184348 -0.07567634 -1.56782818
v -0.13113061 -0.07346376 -1.56606710
v -0.14191781 -0.07031357 -1.54119432
v -0.13977002 -0.06905602 -1.54114830
v -0.12052003 -0.07129212 -1.56054676
v -0.12283011 -0.07175421 -1.55813587
v -0.13478836 -0.07512041 -1.52851963
v -0.14115681 -0.07289191 -1.56615317
v -0.14265898 -0.07315594 -1.56885993
v -0.14870957 -0.08284596 -1.54273236
v -0.13809748 -0.07654665 -1.53737366
v -0.13607718 -0.07457595 -1.53682613
v -0.14003749 -0.07837499 -1.53840613
v -0.14183465 -0.07997331 -1.54089820
v -0.13492630 -0.06832980 -1.55696368
v -0.14053854 -0.07925152 -1.56090057
v -0.14186957 -0.07964617 -1.55872309
v -0.13888100 -0.07774405 -1.56109858
v -0.14094701 -0.07416250 -1.57252729
v -0.13856216 -0.07404401 -1.57250178
v -0.13924995 -0.07373451 -1.56737280
v -0.13789333 -0.07368767 -1.57053399
v -0.12767375 -0.06739561 -1.54099751
v -0.13103014 -0.06652039 -1.53490615
v -0.13198045 -0.06623561 -1.53686380
v -0.13202760 -0.06750867 -1.53493559
v -0.13357033 -0.06737889 -1.53592503
v -0.13530453 -0.06751050 -1.53741002
v -0.13661933 -0.06789196 -1.53914034
v -0.13709392 -0.06827607 -1.54159522
v -0.12835522 -0.06685571 -1.54490149
v -0.12828551 -0.07489171 -1.57241881
v -0.12821436 -0.06631579 -1.54317951
v -0.12859258 -0.06833097 -1.54664314
v -0.12825339 -0.06850426 -1.54493356
v -0.12779653 -0.06817485 -1.54296839
v -0.12951347 -0.07237638 -1.53403139
v -0.13191330 -0.07283874 -1.53552961
v -0.12864552 -0.07114479 -1.53473115
v -0.13420147 -0.07342814 -1.53605211
v -0.12817580 -0.07009596 -1.53494990
v -0.13996470 -0.07346068 -1.56712997
v -0.13991536 -0.07351389 -1.57055020
v -0.11757332 -0.07012792 -1.54339659
v -0.06934901 -0.06772593 -1.55094028
v -0.07467389 -0.06847168 -1.56053317
v -0.04836578 -0.03198126 -1.50214624
v -0.04801887 -0.03137858 -1.49907756
v -0.05562058 -0.06131963 -1.53993118
v -0.05005798 -0.05715051 -1.53735113
v -0.03632056 -0.03158348 -1.50727272
v -0.03611740 -0.03083285 -1.50652301
v -0.03584926 -0.02998972 -1.50699210
v -0.03619256 -0.03064190 -1.50737476
v -0.03742723 -0.02863823 -1.50771320
v -0.03814258 -0.02931601 -1.50761151
v -0.03725244 -0.02954133 -1.50760734
v -0.03652675 -0.02895681 -1.50758862
v -0.03464409 -0.03456335 -1.52258241
v -0.03593817 -0.03803965 -1.52657270
v -0.03747147 -0.04093158 -1.52224874
v -0.03591371 -0.03753348 -1.51886809
v -0.04568744 -0.03056998 -1.50673294
v -0.04514974 -0.03028751 -1.50830972
v -0.04113709 -0.02944363 -1.50800955
v -0.04165354 -0.02979753 -1.50741100
v -0.04567159 -0.03046181 -1.50416589
v -0.04211267 -0.02969398 -1.50619209
v -0.04831807 -0.03196178 -1.50617564
v -0.04784065 -0.03136339 -1.50860167
v -0.04120316 -0.04025805 -1.50126505
v -0.03934089 -0.03678060 -1.50337577
v -0.03874429 -0.03778642 -1.50644338
v -0.04054178 -0.04113381 -1.50591707
v -0.03436078 -0.03133389 -1.53375101
v -0.03499565 -0.03492875 -1.53016520
v -0.03402258 -0.03183170 -1.52618563
v -0.03344343 -0.02823483 -1.53026056
v -0.03223986 -0.02463729 -1.53506207
v -0.03356490 -0.02752941 -1.53757548
v -0.02808378 -0.02369591 -1.54233074
v -0.02706271 -0.02434194 -1.53866982
v -0.02385513 -0.02401399 -1.53765500
v -0.02496467 -0.02426796 -1.53986919
v -0.02555372 -0.02214422 -1.53397012
v -0.02870281 -0.02421750 -1.53672910
v -0.02495197 -0.01823534 -1.53315330
v -0.02083562 0.00435245 -1.53534853
v -0.02205472 0.00346010 -1.53708804
v -0.02008511 0.00398873 -1.53754687
v -0.01900111 0.00548381 -1.53604078
v -0.02396857 -0.01817819 -1.53363121
v -0.02704661 -0.02206612 -1.53349459
v -0.01314228 -0.00333281 -1.53616023
v -0.01281584 -0.00229663 -1.53833461
v -0.01517811 -0.00314892 -1.53764188
v -0.01569402 -0.00317845 -1.53544915
v -0.02890527 -0.02203906 -1.53277934
v -0.02617426 -0.01837354 -1.53243518
v -0.02296736 -0.01770517 -1.53483331
v -0.02305120 -0.02045874 -1.53464496
v -0.01327546 -0.00056909 -1.53879309
v -0.01145986 0.00107560 -1.53825402
v -0.01298511 0.00288484 -1.53798842
v -0.01469493 0.00089207 -1.53853345
v -0.02012115 -0.00325935 -1.53989053
v -0.01871612 -0.00191716 -1.53789592
v -0.01648796 -0.00422379 -1.54011869
v -0.02188824 0.00437420 -1.53999925
v -0.02346947 0.00316279 -1.53906178
v -0.02396070 0.00206084 -1.54275250
v -0.02298890 0.00322556 -1.54369688
v -0.02152391 -0.02214047 -1.53637350
v -0.01411714 -0.01226829 -1.53488278
v -0.01221506 -0.01355764 -1.53611135
v -0.02827468 -0.01602282 -1.56562817
v -0.03157330 -0.01851012 -1.56204605
v -0.02620004 -0.01614757 -1.56292367
v -0.02943710 -0.01858719 -1.55982852
v -0.01775374 -0.02159421 -1.53828001
v -0.01936211 -0.02281295 -1.54002988
v -0.01382376 -0.01947208 -1.53942072
v -0.01429349 -0.02037864 -1.54188597
v -0.02831662 -0.01084355 -1.58042490
v -0.01834240 -0.00981373 -1.53194368
v -0.01888508 -0.00997325 -1.53121936
v -0.01631696 -0.00967661 -1.53289819
v -0.21752170 -0.01346662 -1.64606917
v -0.20606790 -0.01514248 -1.65918148
v -0.18211134 -0.01668841 -1.67436790
v -0.16895291 -0.01544970 -1.67861187
v -0.01912776 -0.01304452 -1.51503968
v -0.01900306 -0.01279410 -1.51772034
v -0.03637627 -0.01909382 -1.51142025
v -0.03446919 -0.01373938 -1.51153886
v -0.02994764 -0.01367797 -1.50953960
v -0.03156994 -0.01884011 -1.50953650
v -0.03397221 -0.02271908 -1.50939310
v -0.03873549 -0.02332342 -1.51116133
v -0.03892947 -0.01920872 -1.51279080
v -0.03711253 -0.01361732 -1.51302767
v -0.02717832 -0.01864086 -1.50839067
v -0.02467236 -0.01364106 -1.50851059
v -0.02194079 -0.01366210 -1.51019418
v -0.02498580 -0.01881414 -1.50971615
v -0.03073710 -0.02454271 -1.52820623
v -0.02794496 -0.02075441 -1.52908039
v -0.02430651 -0.01691833 -1.52921259
v -0.02155475 -0.01387639 -1.52912498
v -0.02098557 -0.01332157 -1.53106248
v -0.02333459 -0.01561096 -1.53161955
v -0.02050152 -0.01318489 -1.53178775
v -0.02266452 -0.01546148 -1.53258717
v -0.02203435 -0.01550622 -1.53331470
v -0.02170445 -0.01602164 -1.53478742
v -0.02033054 -0.01426701 -1.53449464
v -0.02069230 -0.01469026 -1.53572798
v -0.02017556 -0.01323298 -1.53276265
v -0.01371093 -0.01183410 -1.55709791
v -0.01636515 -0.01141101 -1.56077921
v -0.02138542 -0.01714641 -1.51929617
v -0.01956474 -0.01251692 -1.51991868
v -0.02016453 -0.01178431 -1.52369595
v -0.02185206 -0.01593711 -1.52379537
v -0.02458455 -0.02019474 -1.52293003
v -0.02437339 -0.02189855 -1.51758826
v -0.01935373 -0.01023105 -1.53049624
v -0.02118517 -0.01748491 -1.51710260
v -0.02154704 -0.01779397 -1.51454759
v -0.02440696 -0.02234595 -1.51527715
v -0.02495579 -0.02261269 -1.51296723
v -0.02796369 -0.02634087 -1.51514733
v -0.02791015 -0.02520743 -1.52110851
v -0.03180912 -0.03057445 -1.51905537
v -0.03164371 -0.03008920 -1.51257110
v -0.03761116 -0.03767567 -1.50960553
v -0.03670254 -0.03295961 -1.50705969
v -0.03612109 -0.03304534 -1.50839925
v -0.03515927 -0.03274655 -1.50960517
v -0.03621981 -0.03670362 -1.51262581
v -0.03928574 -0.04089015 -1.51041889
v -0.03766069 -0.03967655 -1.51489758
v -0.03442196 -0.03457226 -1.51561892
v -0.03382620 -0.03196755 -1.51092005
v -0.03580188 -0.03171932 -1.50800323
v -0.03586689 -0.03074754 -1.50774014
v -0.03490163 -0.03146820 -1.50872219
v -0.03509524 -0.03048881 -1.50809383
v -0.03373321 -0.03090609 -1.50943244
v -0.03416115 -0.03005560 -1.50844252
v -0.03272963 -0.02915464 -1.50902128
v -0.03202099 -0.02974500 -1.51049173
v -0.03713477 -0.02850648 -1.50782979
v -0.03589869 -0.02758018 -1.50779927
v -0.03464641 -0.02776175 -1.50766861
v -0.03595074 -0.02863519 -1.50769877
v -0.03785013 -0.02918426 -1.50772822
v -0.03668413 -0.02915915 -1.50771630
v -0.04027390 -0.02892485 -1.50847936
v -0.03934203 -0.02800190 -1.50869608
v -0.09823328 0.04546509 -1.46810710
v -0.11155012 0.05393853 -1.47038758
v -0.03864913 -0.02968807 -1.50762391
v -0.03764941 -0.02980716 -1.50761652
v -0.03622963 -0.02984209 -1.50760341
v -0.03575165 -0.02971754 -1.50771844
v -0.03495143 -0.02921131 -1.50794482
v -0.03369875 -0.02840370 -1.50803864
v -0.02608833 -0.02260835 -1.51102412
v -0.02859876 -0.02609654 -1.51111829
v -0.02995288 -0.02577737 -1.50941527
v -0.02810838 -0.02241140 -1.50896358
v -0.03144251 -0.02531250 -1.50819910
v -0.04119087 -0.02373584 -1.51241481
v -0.02982505 -0.02206088 -1.50811839
v -0.04161898 -0.02687719 -1.51028347
v -0.04415314 -0.02763807 -1.51154459
v -0.03724113 -0.02609736 -1.50900400
v -0.04409496 -0.02976380 -1.50938821
v -0.04342964 -0.02869238 -1.50948238
v -0.04660511 -0.03049540 -1.51040423
v -0.04551993 -0.02930228 -1.51085842
v -0.03319687 -0.02511379 -1.50772369
v -0.02804608 -0.02639222 -1.51295078
v -0.02287664 -0.01822375 -1.51212645
v -0.02023630 -0.01327698 -1.51261258
v -0.03746719 0.02801416 -1.55775332
v -0.03630427 0.02729210 -1.55482531
v -0.03593121 0.02302390 -1.55612838
v -0.03688273 0.02397143 -1.55856133
v -0.00767721 -0.01308493 -1.54949212
v -0.01084233 -0.01249147 -1.55341923
v -0.03579640 -0.02938932 -1.50746810
v -0.08259991 -0.01129825 -1.42988634
v -0.11562005 0.07383275 -1.54513955
v -0.11452257 0.07325196 -1.54611754
v -0.13782638 0.08384967 -1.56713867
v -0.03669360 -0.03218121 -1.50582278
v -0.04563893 -0.02997775 -1.50183535
v -0.04171871 -0.02901595 -1.50519764
v -0.04075567 -0.03741922 -1.49692941
v -0.03817911 -0.03341752 -1.49254966
v -0.03604569 -0.03140995 -1.49651909
v -0.03861351 -0.03459569 -1.50002742
v -0.03323158 -0.02875648 -1.50242305
v -0.03551055 -0.03098122 -1.50432169
v -0.13216259 0.08813611 -1.57017326
v -0.03472090 -0.02981203 -1.50551200
v -0.03241804 -0.02769143 -1.50447011
v -0.03195467 -0.02683608 -1.50591409
v -0.03445823 -0.02886593 -1.50658965
v -0.03315049 -0.02498255 -1.50784278
v -0.03003184 -0.02091797 -1.50809753
v -0.03485608 -0.02010469 -1.50458634
v -0.03762647 -0.02447658 -1.50445652
v -0.04042957 -0.02805895 -1.50479960
v -0.03642063 -0.02783112 -1.50780940
v -0.13206860 0.08348243 -1.57417369
v -0.12735151 0.08196449 -1.57611227
v -0.12663606 0.08042821 -1.57467043
v -0.13061300 0.08166646 -1.57248592
v -0.03239584 -0.02559431 -1.50784767
v -0.03546344 -0.02811173 -1.50768352
v -0.02892660 -0.02139514 -1.50797415
v -0.08701865 -0.02123667 -1.43342555
v -0.03469035 -0.02842028 -1.50731575
v -0.03216129 -0.02603511 -1.50736558
v -0.02841882 -0.02208494 -1.50712812
v -0.02806395 -0.02312002 -1.50531340
v -0.02810419 -0.02399903 -1.50301087
v -0.02902406 -0.02478353 -1.50022650
v -0.03226995 -0.02655624 -1.49333215
v -0.03390370 -0.02774927 -1.48836446
v -0.02893900 -0.02100018 -1.49123454
v -0.02980980 -0.02191390 -1.48613179
v -0.02527002 -0.02008766 -1.49863052
v -0.02379806 -0.01971393 -1.50202847
v -0.02411752 -0.01887382 -1.50470161
v -0.02498686 -0.01811269 -1.50689316
v -0.01993011 -0.01070531 -1.52880144
v -0.01899886 -0.01314849 -1.53421509
v -0.01658858 -0.01223764 -1.53441763
v -0.01149233 -0.01573531 -1.53736925
v -0.01408583 -0.00975318 -1.53336668
v -0.01209126 -0.01811802 -1.53913248
v -0.01056980 -0.01657993 -1.53859842
v -0.00966409 -0.01726831 -1.54006898
v -0.01093806 -0.01830888 -1.54083490
v -0.00927375 -0.01522888 -1.53782606
v -0.00866112 -0.01646849 -1.53979897
v -0.00731856 -0.01131722 -1.53699601
v -0.00543697 -0.01222984 -1.54041564
v -0.00568631 -0.01313080 -1.54580975
v -0.00498880 -0.01265960 -1.54237390
v -0.00921834 -0.01770293 -1.54178309
v -0.01094399 -0.01896734 -1.54353499
v -0.13224283 0.09151497 -1.57035077
v -0.01311950 -0.01896940 -1.54673159
v -0.01679872 -0.02073938 -1.54460442
v -0.12325995 -0.00973489 -1.68342710
v -0.02574284 -0.01737070 -1.50810695
v -0.02746359 -0.01642020 -1.50810468
v -0.11654229 0.07174724 -1.53200018
v -0.12822546 0.08215992 -1.55950701
v -0.04200833 -0.01952304 -1.49462962
v -0.03940796 -0.01971304 -1.49888265
v -0.03758352 -0.01520893 -1.49853063
v -0.12487069 0.08105814 -1.57659483
v -0.12520388 0.08448908 -1.57799494
v -0.04006035 -0.01499868 -1.49452019
v -0.02640758 -0.01262457 -1.50801849
v -0.13687864 0.08908804 -1.54772806
v -0.13428015 0.09202876 -1.56889474
v -0.13315004 0.09017143 -1.56721115
v -0.11931323 0.08192678 -1.56870699
v -0.13253644 0.07617293 -1.54183769
v -0.12985009 0.08248338 -1.54168534
v -0.12851067 0.08088063 -1.53901744
v -0.13163826 0.07545077 -1.53988922
v -0.12619391 0.07143985 -1.55506074
v -0.03181167 -0.01210263 -1.50439668
v -0.03277615 -0.01563821 -1.50459898
v -0.02420722 -0.01299105 -1.50800443
v -0.02304778 -0.01353019 -1.50666058
v -0.02181701 -0.01423001 -1.50446427
v -0.03661904 -0.01167335 -1.49832833
v -0.03907520 -0.01164962 -1.49407721
v -0.10797928 0.06879888 -1.53661680
v -0.04448283 -0.02856581 -1.50033033
v -0.12288789 0.07760078 -1.52608252
v -0.12507065 0.07900756 -1.52729690
v -0.18971528 0.03456810 -1.51672328
v -0.19653471 0.03937120 -1.52707458
v -0.14005068 0.09132642 -1.54746985
v -0.04674832 -0.02901417 -1.49669743
v -0.04170462 -0.02438713 -1.49912059
v -0.04407421 -0.02451254 -1.49536014
v -0.02644273 -0.01603824 -1.48524868
v -0.02635656 -0.01525727 -1.49023962
v -0.02161998 -0.01465089 -1.50117326
v -0.02319269 -0.01475195 -1.49740446
v -0.19455735 -0.01621913 -1.66812873
v -0.08906835 -0.06435253 -1.62898386
v -0.08079117 -0.06379242 -1.62229705
v -0.12652424 0.08297700 -1.57193148
v -0.07336586 -0.05778046 -1.62992108
v -0.08116276 -0.05848685 -1.63538480
v -0.09725678 -0.06402621 -1.63638473
v -0.08881815 -0.05817704 -1.64155948
v -0.14510672 -0.03680281 -1.67343330
v -0.13081029 -0.03843644 -1.67308271
v -0.12542789 -0.02066003 -1.68097973
v -0.15912519 -0.03120812 -1.67467904
v -0.16940784 -0.04243200 -1.66621006
v -0.14960167 -0.04561044 -1.66754663
v -0.13418975 -0.04657925 -1.66717184
v -0.11777183 0.07355107 -1.53148758
v -0.11711264 0.07279193 -1.52587831
v -0.11512840 0.07126864 -1.52637804
v -0.12516461 0.07706515 -1.56251025
v -0.18311293 -0.02442136 -1.47069633
v -0.21403167 -0.04374760 -1.59314764
v -0.12041698 -0.04631934 -1.66629994
v -0.11695999 -0.03891874 -1.67149210
v -0.10443862 -0.03949581 -1.66893935
v -0.10857707 -0.04610788 -1.66447079
v -0.11061359 -0.02190580 -1.67890656
v -0.10782605 -0.01105575 -1.68134940
v -0.22374009 -0.01164425 -1.55571663
v -0.01893622 -0.01118189 -1.56421924
v -0.16756466 -0.04332901 -1.50609684
v -0.15065031 -0.05481069 -1.50445223
v -0.12721297 -0.05665253 -1.45516467
v -0.13446674 -0.06663292 -1.52590418
v -0.13528788 -0.06629744 -1.52639389
v -0.13296703 -0.05817814 -1.49030256
v -0.13403633 -0.05902712 -1.50327575
v -0.17908150 -0.03378851 -1.50626230
v -0.14608136 -0.07497680 -1.53741992
v -0.14719458 -0.07554244 -1.54110599
v -0.14588428 -0.07613911 -1.53646421
v -0.14729016 -0.07679895 -1.54039931
v -0.14796025 -0.07692996 -1.54456079
v -0.14525910 -0.07664982 -1.53451419
v -0.13600948 -0.07451956 -1.57248640
v -0.13527048 -0.07580918 -1.57421494
v -0.13373558 0.07738385 -1.53571856
v -0.13486499 0.07758887 -1.53792381
v -0.13009775 -0.06641260 -1.52439165
v -0.13173643 -0.06618102 -1.52489150
v -0.12300644 0.06115973 -1.54815173
v -0.13070987 -0.06580894 -1.52462983
v -0.12942785 -0.06565510 -1.52412570
v -0.12853293 -0.06623189 -1.52339578
v -0.12828185 -0.06564161 -1.52362585
v -0.12986362 -0.07738157 -1.58836091
v -0.13141418 -0.06443067 -1.52412057
v -0.13442837 -0.06570046 -1.52612936
v -0.13294376 -0.06583308 -1.52538478
v -0.13139769 -0.06521492 -1.52486885
v -0.12938613 -0.06503898 -1.52386880
v -0.12770471 -0.06514659 -1.52312183
v -0.12740889 -0.06586333 -1.52227831
v -0.13116997 0.07901625 -1.52979875
v -0.12599017 0.07471325 -1.52446055
v -0.12493162 0.05802888 -1.47409976
v -0.13958944 0.05578521 -1.47697401
v -0.13839318 0.05533059 -1.46585763
v -0.12450351 0.05699241 -1.46178114
v -0.10876569 0.07068540 -1.55075395
v -0.11135096 0.07108663 -1.54368746
v -0.10956175 0.07024065 -1.54222143
v -0.14585423 -0.07668664 -1.53329945
v -0.13370341 -0.07028715 -1.52279437
v -0.07848845 0.02134238 -1.45007789
v -0.08335419 0.01877525 -1.43845201
v -0.14203629 -0.07456481 -1.56497383
v -0.14341107 -0.07459126 -1.56303370
v -0.14518420 -0.07669245 -1.56480277
v -0.14375415 -0.07659289 -1.56698525
v -0.18447201 -0.05335334 -1.54126894
v -0.19042397 -0.05490360 -1.55161679
v -0.18784228 -0.01116748 -1.47304201
v -0.18807301 -0.00957207 -1.48559177
v -0.17709211 -0.06893398 -1.58474302
v -0.14054525 -0.07453267 -1.56642425
v -0.14226787 -0.07674143 -1.56868362
v -0.14771275 -0.07590030 -1.54527056
v -0.14044590 -0.07366762 -1.56591749
v -0.14190139 -0.07376132 -1.56422377
v -0.14394501 -0.07766122 -1.57042813
v -0.14564039 -0.07760988 -1.56824517
v -0.14707096 -0.07746336 -1.56605780
v -0.14328143 -0.07372236 -1.56252646
v -0.10400723 0.06900510 -1.53706264
v -0.09339558 0.06738637 -1.53625906
v -0.09323329 0.06911758 -1.55209982
v -0.10334095 0.06970676 -1.54705679
v -0.14276394 -0.07405145 -1.57107723
v -0.15420544 -0.07536943 -1.61493754
v -0.16811277 -0.07281986 -1.60891533
v -0.15751585 -0.07141988 -1.63150048
v -0.17250696 -0.06850214 -1.62621415
v -0.18821412 -0.06270904 -1.61990023
v -0.18379986 -0.06679624 -1.60161948
v -0.13723180 -0.07412562 -1.57224619
v -0.13574371 -0.07658960 -1.57521212
v -0.10533586 -0.06322096 -1.64230943
v -0.11292708 -0.06810547 -1.63686299
v -0.09609297 -0.05752026 -1.64723516
v -0.10294082 -0.05630433 -1.65191841
v -0.11233139 -0.06148712 -1.64771652
v -0.12478040 -0.06836552 -1.64113593
v -0.13910893 -0.07803585 -1.60653925
v -0.13994893 -0.07584846 -1.62067080
v -0.12639233 -0.07447452 -1.62490821
v -0.05810581 0.05468254 -1.58306813
v -0.06268780 0.05691374 -1.58380079
v -0.06246623 0.05762627 -1.57425821
v -0.05865928 0.05514830 -1.57549214
v -0.14201131 -0.07113856 -1.63647366
v -0.13103092 -0.06320743 -1.65013123
v -0.14570843 -0.06576085 -1.64641678
v -0.13441038 -0.05621210 -1.65881753
v -0.14913952 -0.05732042 -1.65702879
v -0.16529478 -0.05584992 -1.65471387
v -0.16080722 -0.06596790 -1.64265954
v -0.11849159 -0.05909327 -1.65310240
v -0.10833059 -0.05407235 -1.65656710
v -0.12155589 -0.05400641 -1.65962553
v -0.11265819 -0.05153439 -1.66046655
v -0.11935134 -0.07317866 -1.62652373
v -0.12632529 -0.06253459 -1.51841521
v -0.12196316 -0.06469461 -1.51804960
v -0.04467949 0.01450909 -1.64163089
v -0.04307831 0.00389510 -1.64231610
v -0.04864289 0.00486780 -1.65016711
v -0.05049616 0.01552860 -1.64948344
v -0.11517241 -0.06798944 -1.52940750
v -0.20140730 0.04170173 -1.53513598
v -0.20628196 0.04334353 -1.54589808
v -0.21437562 0.02479209 -1.54219532
v -0.20943554 0.02369983 -1.53239870
v -0.08175375 -0.07073846 -1.55331945
v -0.08386160 -0.07033940 -1.56603360
v -0.09430997 -0.07292484 -1.55812621
v -0.09256364 -0.07149401 -1.54366922
v -0.07264617 0.01773532 -1.66748571
v -0.07062624 0.00682735 -1.66914976
v -0.08088256 0.00775165 -1.67411613
v -0.08258118 0.01874666 -1.67195880
v -0.04532871 0.04750741 -1.55499732
v -0.04512381 0.04963066 -1.54860210
v -0.04171672 0.04553166 -1.54816246
v -0.04259647 0.04387646 -1.55455494
v -0.08553044 -0.06882027 -1.57969809
v -0.09610066 -0.07172433 -1.57204247
v -0.09814259 -0.07116204 -1.58646250
v -0.08631565 -0.06883214 -1.59436154
v -0.20333618 -0.05319276 -1.61448324
v -0.20171148 -0.05600729 -1.59766972
v -0.11456845 0.07235208 -1.52122140
v -0.11318094 0.07131132 -1.52196145
v -0.19941080 -0.05693112 -1.58520854
v -0.05453350 -0.05271694 -1.61107278
v -0.09302076 0.00871694 -1.67787886
v -0.09441958 0.01984722 -1.67522728
v -0.22430936 -0.01280070 -1.63659573
v -0.06565709 -0.05101778 -1.63459611
v -0.20340429 -0.04527258 -1.63533199
v -0.18787479 0.00347774 -1.48618376
v -0.21027468 -0.03220817 -1.64173257
v -0.17553392 -0.06341199 -1.63762212
v -0.18869886 -0.05866674 -1.63203716
v -0.20344701 -0.04976725 -1.62565184
v -0.19663186 -0.05662704 -1.56929839
v -0.10090962 -0.04753539 -1.66100514
v -0.06098444 -0.06026481 -1.57708991
v -0.06185535 -0.05941113 -1.57268465
v -0.05927727 -0.06038776 -1.58196104
v -0.06030737 -0.05776229 -1.56799567
v -0.03421187 -0.02176141 -1.55920565
v -0.03230738 -0.02146794 -1.55698287
v -0.03032167 -0.02135330 -1.55451870
v -0.03464074 -0.02467590 -1.55438280
v -0.03282332 -0.02425328 -1.55142558
v -0.02495669 -0.01851314 -1.55465388
v -0.02730718 -0.01863883 -1.55736613
v -0.02843884 -0.02091328 -1.55204892
v -0.02661087 -0.02062148 -1.54860568
v -0.02269753 -0.01868505 -1.55146003
v -0.03082477 -0.02449173 -1.53651094
v -0.03225701 -0.02535666 -1.54118323
v -0.03003974 -0.02302848 -1.54526746
v -0.03443523 -0.02783561 -1.54858172
v -0.03312739 -0.02684071 -1.54512954
v -0.03133705 -0.02362206 -1.54871166
v -0.03629581 -0.02883923 -1.55203962
v -0.02434441 -0.02184313 -1.54518843
v -0.02156798 -0.02318003 -1.54201269
v -0.01971592 -0.01972350 -1.54803216
v -0.01631640 -0.01817369 -1.55016649
v -0.01922348 -0.01721352 -1.55383945
v -0.03632650 -0.02521394 -1.55685258
v -0.03773589 -0.02983380 -1.55476034
v -0.03403285 -0.03021927 -1.54178619
v -0.03488342 -0.03451391 -1.53846073
v -0.03562406 -0.03227814 -1.54623961
v -0.03636792 -0.03639629 -1.54339802
v -0.03729669 -0.03328410 -1.54993987
v -0.03819670 -0.03760216 -1.54734802
v -0.03572204 -0.03844234 -1.53488350
v -0.03713464 -0.04177591 -1.53081143
v -0.03908131 -0.04485253 -1.52600670
v -0.03880405 -0.04460030 -1.53601360
v -0.04107659 -0.04806587 -1.53073132
v -0.04072784 -0.04641544 -1.54095387
v -0.04315695 -0.05053796 -1.53617477
v -0.03244643 0.00510958 -1.56451333
v -0.03509506 0.00580542 -1.56647921
v -0.03598780 0.00961355 -1.56323636
v -0.03396952 0.00903567 -1.56127429
v -0.03095091 0.00066942 -1.61466110
v -0.03346688 0.00186419 -1.62247801
v -0.03437623 0.01095602 -1.62230515
v -0.03159294 0.00913440 -1.61474240
v -0.03738092 -0.04086541 -1.54007757
v -0.03935047 -0.04239231 -1.54427969
v -0.03998416 -0.03864893 -1.55129457
v -0.03890590 -0.03435262 -1.55315232
v -0.04441890 -0.04726020 -1.55224276
v -0.04264253 -0.04726198 -1.54660749
v -0.04123740 -0.04306888 -1.54895258
v -0.04301526 -0.04339314 -1.55361724
v -0.04519308 -0.05202790 -1.54281938
v -0.04651561 -0.05153212 -1.55039442
v -0.04784081 -0.05052827 -1.55551672
v -0.04280511 -0.03721219 -1.56179643
v -0.04167174 -0.03250083 -1.56242406
v -0.04418994 -0.04062340 -1.56163394
v -0.04578549 -0.04677662 -1.55615449
v -0.04416077 -0.04351044 -1.55680609
v -0.05425904 -0.05375693 -1.56321573
v -0.05187639 -0.05178003 -1.56217599
v -0.04731102 -0.04659365 -1.56153941
v -0.04562815 -0.04385678 -1.56146836
v -0.04945334 -0.04932284 -1.56185913
v -0.04129041 -0.02804694 -1.56428528
v -0.04091678 -0.02353249 -1.56614554
v -0.14800015 -0.05387251 -1.49207246
v -0.02146199 -0.01669599 -1.55727053
v -0.02386586 -0.01637778 -1.56021869
v -0.03733914 -0.02097984 -1.58291376
v -0.03836047 -0.01904114 -1.57995367
v -0.03115253 -0.01373151 -1.58026600
v -0.03515629 -0.02518344 -1.58688474
v -0.04055065 -0.02036371 -1.56852126
v -0.03660297 0.01423857 -1.56095159
v -0.03526931 0.01323715 -1.55900455
v -0.04020215 -0.01848490 -1.57116711
v -0.03969779 -0.01783239 -1.57383609
v -0.03911547 -0.01774549 -1.57700408
v -0.05533023 0.00540342 -1.65730500
v -0.05731021 0.01628710 -1.65612960
v -0.14541787 0.02293916 -1.68127930
v -0.13674897 0.02266088 -1.68144488
v -0.13796166 0.01162176 -1.68411994
v -0.15061423 0.01366152 -1.68346941
v -0.03527061 -0.03594501 -1.60151243
v -0.03316592 -0.03281564 -1.59483433
v -0.07109892 -0.06163260 -1.61580896
v -0.07511528 -0.06464040 -1.60735893
v -0.05142830 -0.05536851 -1.59619570
v -0.05441165 -0.05822935 -1.59188521
v -0.05714720 -0.05996466 -1.58681703
v -0.07751071 -0.06609045 -1.59544241
v -0.07794413 -0.06668486 -1.58300126
v -0.07707252 -0.06752601 -1.57152927
v -0.16426408 0.07187337 -1.55102551
v -0.14816812 0.07397149 -1.55033851
v -0.14978871 0.07688030 -1.56226492
v -0.16674104 0.07555962 -1.56758571
v -0.07997701 -0.05107674 -1.64670527
v -0.08697493 0.03200373 -1.45666432
v -0.09112899 0.03032564 -1.44452524
v -0.18853161 0.00264322 -1.47436023
v -0.08678134 -0.05027241 -1.65212917
v -0.07292888 -0.05130535 -1.64077902
v -0.09475824 -0.04035981 -1.66544282
v -0.08618473 -0.04134734 -1.66122675
v -0.09374136 -0.04910150 -1.65681434
v -0.07890905 -0.04254421 -1.65629470
v -0.07211937 -0.04359655 -1.65087605
v -0.06511189 -0.04365026 -1.64470243
v -0.05834573 -0.04352380 -1.63828325
v -0.05105121 -0.04220187 -1.62963676
v -0.16439642 -0.04264175 -1.49322867
v -0.02353705 -0.01495510 -1.54675269
v -0.02281906 -0.01431002 -1.54673278
v -0.05123291 0.04756963 -1.60537124
v -0.05584620 0.05004154 -1.61098480
v -0.05913574 0.05363638 -1.60337269
v -0.05434636 0.05062496 -1.59898973
v -0.02405533 -0.01383009 -1.54624665
v -0.02333492 -0.01318016 -1.54647088
v -0.02375515 -0.01292237 -1.54500425
v -0.02157701 -0.01434015 -1.53743935
v -0.02267764 -0.01275144 -1.53937244
v -0.02361698 -0.01226424 -1.54303575
v -0.11704254 -0.06687288 -1.52280831
v -0.02774706 -0.00109030 -1.60196364
v -0.02768677 0.00620629 -1.60206139
v -0.02739590 0.00426368 -1.59574652
v -0.02730110 -0.00185623 -1.59537959
v -0.05787652 0.05504998 -1.56815863
v -0.06052776 0.05795072 -1.56519520
v -0.05586915 0.05657758 -1.55711675
v -0.05421269 0.05363465 -1.56131196
v -0.04837124 0.05028634 -1.55643690
v -0.04857729 0.05276190 -1.55028284
v -0.03826511 0.01295279 -1.63182914
v -0.03735822 0.00293589 -1.63226485
v -0.06182066 0.05567177 -1.59383202
v -0.05668317 0.05301784 -1.59139252
v -0.03011671 0.00207566 -1.56748247
v -0.03354644 0.00305929 -1.56896174
v -0.03134684 0.00024832 -1.57363749
v -0.02576351 -0.00354333 -1.57317054
v -0.02718338 -0.00358503 -1.57733762
v -0.03062022 -0.00026810 -1.57730472
v -0.03736916 0.02744513 -1.61418808
v -0.04111522 0.02953145 -1.62126637
v -0.04585233 0.03760956 -1.61968529
v -0.04214850 0.03541927 -1.61309803
v -0.06429230 0.01710939 -1.66228747
v -0.06234834 0.00602499 -1.66346729
v -0.02800153 -0.00296889 -1.58710372
v -0.02915595 0.00129649 -1.58727384
v -0.03031114 0.00034311 -1.58364034
v -0.02827195 -0.00311299 -1.58368957
v -0.03555044 0.01818677 -1.55719841
v -0.03649957 0.01909161 -1.55938792
v -0.11756462 0.06508375 -1.52164018
v -0.11725828 0.06602756 -1.52064121
v -0.10578650 0.07206342 -1.56803989
v -0.10413836 0.07023148 -1.55755734
v -0.09404276 0.07012149 -1.56527770
v -0.09628522 0.07087719 -1.57823026
v -0.09941343 0.07431921 -1.58942783
v -0.10510425 0.07727614 -1.59870601
v -0.11227174 0.07736678 -1.58314109
v -0.10794543 0.07466017 -1.57680237
v -0.15091260 0.05095649 -1.46863163
v -0.15353525 0.04933253 -1.47870421
v -0.02322273 -0.00351023 -1.56996977
v -0.02090058 -0.00366960 -1.56701922
v -0.22921759 0.02764355 -1.58527255
v -0.22554104 0.02686278 -1.57108521
v -0.21568537 0.04568709 -1.57574248
v -0.21791618 0.04564885 -1.58895504
v -0.16014476 0.06869402 -1.54054582
v -0.14551409 0.07113453 -1.54182029
v -0.01864900 0.00273173 -1.54122198
v -0.02344830 -0.00020722 -1.54596829
v -0.02413882 0.00004911 -1.54255033
v -0.02374105 -0.00039651 -1.54524219
v -0.01681761 0.00253622 -1.53803265
v -0.01537696 0.00471017 -1.53748667
v -0.02398162 0.00085023 -1.53862453
v -0.02348886 -0.00009795 -1.53888297
v -0.02384986 -0.00074806 -1.54280758
v -0.02277741 0.00085633 -1.54642904
v -0.01123931 -0.00636880 -1.53449249
v -0.00831411 -0.00600055 -1.53592229
v -0.00909927 -0.00212391 -1.53707373
v -0.01128998 -0.00342955 -1.53565562
v -0.02237054 -0.00244080 -1.54551399
v -0.02166029 -0.00342669 -1.54308414
v -0.01435162 -0.00304637 -1.54080725
v -0.01813595 -0.00097012 -1.54471064
v -0.02087636 -0.00052055 -1.54668236
v -0.01501166 -0.00117054 -1.54150891
v -0.01814487 -0.00178544 -1.53568935
v -0.01654025 0.00068897 -1.54148650
v -0.12354694 0.07737739 -1.53513110
v -0.10567175 0.05386969 -1.48767436
v -0.11225094 0.05896287 -1.50204790
v -0.11822615 0.05850207 -1.50162661
v -0.11493535 0.05574194 -1.48626137
v -0.12640890 0.07960553 -1.56198311
v -0.07653689 0.06410091 -1.60992765
v -0.08618324 0.06685123 -1.62193537
v -0.09670890 0.07369068 -1.60993207
v -0.09095228 0.07213020 -1.59915984
v -0.09460808 0.06708699 -1.63105011
v -0.10471147 0.07385805 -1.62075400
v -0.11349902 0.07867231 -1.60877442
v -0.12715656 0.08135486 -1.58833551
v -0.04170981 0.03605843 -1.57082379
v -0.04149886 0.03631146 -1.57057238
v -0.04031301 0.03470384 -1.57034874
v -0.04049660 0.03469589 -1.57035077
v -0.04239225 0.03561786 -1.57083929
v -0.04135880 0.03421709 -1.57036877
v -0.04330165 0.03652672 -1.57131839
v -0.04275621 0.03705302 -1.57105839
v -0.04260968 0.03732863 -1.57080722
v -0.03954124 0.01855908 -1.57164121
v -0.04018245 0.01927056 -1.57187748
v -0.03972767 0.02189088 -1.57084358
v -0.03865098 0.02116621 -1.57084763
v -0.03908274 0.01829289 -1.57115352
v -0.03827178 0.02106371 -1.57060170
v -0.04552532 0.02274242 -1.57356977
v -0.04564442 0.02227484 -1.57406878
v -0.04532693 0.02357845 -1.57330692
v -0.04201518 0.01688804 -1.57340848
v -0.04181803 0.01688511 -1.57438374
v -0.04565973 0.02195892 -1.57456386
v -0.04579435 0.02200195 -1.57407582
v -0.04168648 0.01718295 -1.57315516
v -0.04167625 0.01562592 -1.57294190
v -0.04223921 0.01472940 -1.57296538
v -0.04203312 0.01470400 -1.57442939
v -0.03777737 0.02627744 -1.56951559
v -0.03775153 0.02646255 -1.56853461
v -0.03782262 0.02171975 -1.56887436
v -0.03794552 0.02133000 -1.56986046
v -0.03799455 0.02609739 -1.57000983
v -0.03868075 0.02958383 -1.57019103
v -0.03851405 0.02965293 -1.56945527
v -0.03853672 0.02975950 -1.56872058
v -0.03831290 0.01841033 -1.56992245
v -0.03866077 0.01833813 -1.57090425
v -0.03861032 0.02978267 -1.56798804
v -0.03785111 0.02669010 -1.56779826
v -0.03785779 0.02192472 -1.56813788
v -0.03825527 0.01839318 -1.56943369
v -0.03906208 0.01566152 -1.57071745
v -0.03895909 0.01681180 -1.57093775
v -0.03805161 0.02674330 -1.56706631
v -0.03811897 0.02669349 -1.56609094
v -0.03792667 0.02181494 -1.56643093
v -0.03793044 0.02194032 -1.56740546
v -0.03887523 0.02985845 -1.56725633
v -0.03900797 0.02983879 -1.56628096
v -0.04417904 0.03856444 -1.57104194
v -0.04504661 0.03912024 -1.57128358
v -0.04492842 0.03911079 -1.57079411
v -0.04446318 0.03879162 -1.57030737
v -0.04735566 0.04196763 -1.56807363
v -0.04838467 0.04292107 -1.56928587
v -0.04955430 0.04478949 -1.56852710
v -0.04837004 0.04355895 -1.56707466
v -0.05142856 0.05223719 -1.55813742
v -0.04878295 0.04603650 -1.56409800
v -0.05067953 0.04754573 -1.56555176
v -0.04337779 0.03804637 -1.57080030
v -0.04255782 0.03735691 -1.57031751
v -0.04348302 0.03792985 -1.57104790
v -0.04440538 0.03843253 -1.57129109
v -0.04366387 0.03828868 -1.57006550
v -0.04270688 0.03751349 -1.56982732
v -0.04145035 0.03639000 -1.57032609
v -0.04153793 0.03649916 -1.56934774
v -0.04034052 0.03480070 -1.56912589
v -0.04025730 0.03470183 -1.56985974
v -0.03937322 0.03256357 -1.56964970
v -0.03952605 0.03284553 -1.57013404
v -0.03939588 0.03267013 -1.56891501
v -0.04055256 0.03494474 -1.56839228
v -0.03954159 0.03277645 -1.56818151
v -0.04186338 0.03656724 -1.56861687
v -0.04304388 0.03767241 -1.56909466
v -0.04412533 0.03848248 -1.56957746
v -0.04488090 0.03914936 -1.57006001
v -0.04548457 0.03958940 -1.57054567
v -0.04467430 0.03888053 -1.56908631
v -0.04545596 0.03960915 -1.56810236
v -0.04412549 0.03829228 -1.56762719
v -0.04350919 0.03789648 -1.56860614
v -0.04557985 0.03975911 -1.56956613
v -0.04650714 0.04068914 -1.56882381
v -0.04232293 0.03674590 -1.56812918
v -0.04277528 0.03684401 -1.56739879
v -0.04126019 0.03504293 -1.56693161
v -0.04087995 0.03502796 -1.56766093
v -0.03986321 0.03281425 -1.56745112
v -0.04013823 0.03294574 -1.56647408
v -0.03829350 0.02602863 -1.57001412
v -0.03949165 0.02579628 -1.57027471
v -0.03982417 0.02935705 -1.56996250
v -0.03898932 0.02959077 -1.57019401
v -0.03970964 0.03283758 -1.57013607
v -0.04057234 0.03233879 -1.56991005
v -0.04098247 0.02927138 -1.56997538
v -0.04519963 0.02780709 -1.57224405
v -0.04549391 0.02915426 -1.57221997
v -0.04163545 0.03198830 -1.56992745
v -0.04069518 0.02606639 -1.57028103
v -0.04511917 0.02622961 -1.57251906
v -0.04087980 0.02274896 -1.57108188
v -0.04517041 0.02471999 -1.57279408
v -0.04083859 0.02007560 -1.57186770
v -0.03806038 0.02730386 -1.58195519
v -0.03775228 0.02732448 -1.58219600
v -0.03815846 0.03192516 -1.58161950
v -0.03854631 0.03156365 -1.58138621
v -0.19550815 0.05530820 -1.54946220
v -0.20111489 0.05684641 -1.56463015
v -0.21126789 0.04517953 -1.55958843
v -0.03932978 0.03460771 -1.57913458
v -0.03974449 0.03455324 -1.57987249
v -0.04100171 0.03706297 -1.57861328
v -0.04087440 0.03695784 -1.57788134
v -0.03902899 0.03456623 -1.57815540
v -0.04079276 0.03670390 -1.57690859
v -0.03742523 0.03172679 -1.57917368
v -0.03784278 0.03174258 -1.58039868
v -0.03843147 0.03160447 -1.58114004
v -0.04512618 0.03627975 -1.57549357
v -0.04439931 0.03549802 -1.57647920
v -0.04292049 0.03594295 -1.57621169
v -0.04411695 0.03705414 -1.57546830
v -0.04571606 0.03697574 -1.57475257
v -0.04501731 0.03777222 -1.57472992
v -0.04764814 0.03181811 -1.57463026
v -0.04734911 0.03144983 -1.57512331
v -0.04696450 0.03089243 -1.57561922
v -0.04779862 0.03200983 -1.57438362
v -0.04793178 0.03206528 -1.57413960
v -0.04787365 0.03206813 -1.57389474
v -0.04773957 0.03195755 -1.57365131
v -0.05118091 0.05497963 -1.54171467
v -0.05214017 0.05491281 -1.55296135
v -0.05515616 0.05751798 -1.54487801
v -0.04368819 0.03763140 -1.57130015
v -0.04455142 0.03817691 -1.57178617
v -0.04410674 0.03707507 -1.57155955
v -0.04490363 0.03758286 -1.57204568
v -0.04535600 0.03874525 -1.57227111
v -0.04534789 0.03914173 -1.57201886
v -0.04318234 0.03505592 -1.57085824
v -0.04638033 0.03085063 -1.57268322
v -0.04680090 0.03127863 -1.57292295
v -0.04400567 0.03579565 -1.57158422
v -0.04240652 0.03374548 -1.57038832
v -0.04592704 0.03016526 -1.57244825
v -0.04713974 0.03154779 -1.57316518
v -0.04747282 0.03177153 -1.57340825
v -0.04472711 0.03617003 -1.57182801
v -0.04540096 0.03667807 -1.57231283
v -0.04544289 0.03800032 -1.57253110
v -0.04620262 0.03727125 -1.57328582
v -0.04620547 0.03734151 -1.57377303
v -0.04558802 0.03822172 -1.57301664
v -0.04565143 0.03828428 -1.57350445
v -0.04593830 0.03708038 -1.57279861
v -0.04606411 0.03724549 -1.57426214
v -0.04543746 0.03812511 -1.57423842
v -0.04545178 0.03942712 -1.57152557
v -0.04574922 0.03941833 -1.57226145
v -0.04618176 0.04001228 -1.57323086
v -0.04594689 0.03993341 -1.57152033
v -0.04660016 0.04069197 -1.57126725
v -0.04625512 0.04030228 -1.57029462
v -0.04643464 0.04108150 -1.57370043
v -0.04711102 0.04255387 -1.57392180
v -0.04757983 0.04210588 -1.57124853
v -0.04720308 0.04141884 -1.56979299
v -0.04575683 0.03904185 -1.57275760
v -0.04590003 0.03924811 -1.57324338
v -0.04515696 0.04032362 -1.57468021
v -0.04524732 0.04113027 -1.57564199
v -0.04513579 0.03962494 -1.57420540
v -0.04394033 0.03900591 -1.57493901
v -0.04387159 0.03950518 -1.57566118
v -0.04386918 0.04004217 -1.57638311
v -0.04236990 0.03843731 -1.57664490
v -0.04234248 0.03877749 -1.57737064
v -0.04246224 0.03809973 -1.57567549
v -0.04530298 0.03900371 -1.57421947
v -0.04436180 0.03842474 -1.57471049
v -0.04307692 0.03758631 -1.57544756
v -0.04125998 0.03641097 -1.57594192
v -0.03944721 0.03437184 -1.57718635
v -0.04140715 0.03381506 -1.57721651
v -0.03790542 0.03155982 -1.57844889
v -0.03997929 0.03090711 -1.57823777
v -0.03651996 0.02784402 -1.58266211
v -0.03691753 0.03286117 -1.58207715
v -0.04186237 0.03071394 -1.57825994
v -0.04578808 0.02848642 -1.57638860
v -0.04533516 0.02685943 -1.57641673
v -0.04106370 0.02731101 -1.57807600
v -0.04132345 0.01742312 -1.57510090
v -0.04079959 0.01821484 -1.57581282
v -0.04529011 0.02251181 -1.57528198
v -0.04549679 0.02215339 -1.57480264
v -0.04082392 0.01591358 -1.57512617
v -0.03999587 0.01721702 -1.57582498
v -0.04039122 0.02148759 -1.57769740
v -0.04497008 0.02396291 -1.57622695
v -0.04511037 0.02308218 -1.57575738
v -0.04074584 0.01982440 -1.57675707
v -0.03857098 0.02074657 -1.57793880
v -0.03941821 0.01857779 -1.57676911
v -0.03909598 0.02737018 -1.57854426
v -0.22877747 0.02977899 -1.62259758
v -0.23140946 0.02946953 -1.60577536
v -0.21797734 0.04506777 -1.60777545
v -0.21551478 0.04492289 -1.62118864
v -0.04300132 0.03330932 -1.57748640
v -0.04633907 0.02986880 -1.57587790
v -0.20587999 0.05398978 -1.62237930
v -0.20306695 0.05302939 -1.63092029
v -0.21011098 0.04521687 -1.63309908
v -0.17176519 0.03765897 -1.49218297
v -0.18013680 0.02892756 -1.48218000
v -0.03987291 0.01373286 -1.57491636
v -0.03933335 0.01541736 -1.57609868
v -0.04030169 0.01262924 -1.57372129
v -0.04016142 0.01198582 -1.57348847
v -0.03990684 0.01303145 -1.57493067
v -0.03939691 0.01448885 -1.57636213
v -0.03865191 0.01746193 -1.57751679
v -0.03831056 0.01673680 -1.57777226
v -0.03698471 0.02000553 -1.57915950
v -0.03732508 0.02019095 -1.57842636
v -0.03707393 0.02751003 -1.57925463
v -0.03657064 0.02749532 -1.57998276
v -0.03759933 0.01958721 -1.57990670
v -0.03892184 0.01624443 -1.57803226
v -0.03827356 0.01912985 -1.58041084
v -0.03919908 0.01607668 -1.57877111
v -0.03775521 0.02729964 -1.58170795
v -0.03704829 0.02747586 -1.58096480
v -0.03958682 0.01552838 -1.57170224
v -0.03985596 0.01331225 -1.57199347
v -0.03977115 0.01605825 -1.57218194
v -0.04014146 0.01364588 -1.57223380
v -0.04072290 0.01727641 -1.57241106
v -0.04041123 0.01288731 -1.57249594
v -0.04013605 0.01215070 -1.57226372
v -0.04113247 0.01810195 -1.57264280
v -0.04024952 0.01233840 -1.57494783
v -0.04023765 0.01110912 -1.57326245
v -0.04108970 0.01122610 -1.57522249
v -0.04069976 0.01038743 -1.57328141
v -0.04041877 0.01342526 -1.57737041
v -0.04005387 0.01384769 -1.57638144
v -0.04026169 0.01117854 -1.57204008
v -0.04002941 0.01174800 -1.57178211
v -0.04036164 0.01051249 -1.57205439
v -0.04013552 0.01108240 -1.57130802
v -0.03817409 0.01816680 -1.56870461
v -0.03821836 0.01793532 -1.56773257
v -0.03897411 0.01489756 -1.56999910
v -0.03915264 0.01431772 -1.56952393
v -0.03828823 0.02647690 -1.56511986
v -0.03918830 0.02968547 -1.56506443
v -0.03838202 0.02612689 -1.56390643
v -0.03930807 0.02953985 -1.56384730
v -0.03798591 0.02109732 -1.56424749
v -0.03797915 0.02162403 -1.56521392
v -0.09300517 0.03063186 -1.43659890
v -0.04608097 0.04055767 -1.56711245
v -0.04668248 0.04178154 -1.56587243
v -0.04497660 0.03990787 -1.56516063
v -0.04471587 0.03896829 -1.56664240
v -0.04314599 0.03722032 -1.56617355
v -0.04328845 0.03771341 -1.56469953
v -0.04174349 0.03519307 -1.56424642
v -0.04158473 0.03505589 -1.56571317
v -0.04045650 0.03293327 -1.56550038
v -0.04051671 0.03275537 -1.56379473
v -0.04898542 0.04391809 -1.57073736
v -0.04898286 0.04517742 -1.57388759
v -0.05023243 0.04593506 -1.57022071
v -0.05095901 0.04762933 -1.57361352
v -0.04105846 0.00959952 -1.57598758
v -0.04115979 0.00921308 -1.57379794
v -0.04013563 0.00773627 -1.57674861
v -0.04046269 0.00762551 -1.57406712
v -0.03884692 0.00901990 -1.57964158
v -0.04003303 0.01101796 -1.57888031
v -0.04056019 0.00962986 -1.57182968
v -0.04028793 0.01032101 -1.57108045
v -0.04051439 0.00830111 -1.57185578
v -0.04028729 0.00927576 -1.57036853
v -0.03829048 0.01746254 -1.56701005
v -0.03835876 0.01693571 -1.56604421
v -0.03920624 0.01369923 -1.56880403
v -0.03928596 0.01277817 -1.56784618
v -0.19031629 0.05354379 -1.53821099
v -0.20473170 0.05778509 -1.58027935
v -0.03894280 0.04053597 -1.58658433
v -0.03819497 0.03823812 -1.58369184
v -0.03628831 0.03446797 -1.58472586
v -0.03629103 0.03632486 -1.58859682
v -0.04101758 0.04322633 -1.59070313
v -0.04353715 0.04574558 -1.58701336
v -0.04161178 0.04338201 -1.58411074
v -0.04054233 0.04104636 -1.58194876
v -0.04790077 0.04564182 -1.57655466
v -0.04629141 0.04363105 -1.57657921
v -0.04483542 0.04347867 -1.57827795
v -0.04618614 0.04543909 -1.57874036
v -0.04981150 0.04811113 -1.57676816
v -0.04798388 0.04805946 -1.57968247
v -0.04384325 0.04467462 -1.58117557
v -0.04284584 0.04251721 -1.57998765
v -0.04562602 0.04724898 -1.58285117
v -0.03584629 0.01685271 -1.58409667
v -0.03702936 0.01776282 -1.58238018
v -0.03862127 0.01462688 -1.58074856
v -0.03823455 0.01310846 -1.58150792
v -0.03472802 0.01550814 -1.58606684
v -0.03720201 0.01091392 -1.58276308
v -0.03388379 0.02951249 -1.58895397
v -0.03487603 0.02875359 -1.58555913
v -0.03854119 0.01886262 -1.58090734
v -0.03902457 0.01676001 -1.57997704
v -0.03857816 0.01869324 -1.58115530
v -0.03926004 0.01616786 -1.57974696
v -0.18457687 0.06077549 -1.64279866
v -0.17174655 0.06265637 -1.64947557
v -0.18023083 0.04776579 -1.66158044
v -0.19281584 0.04717656 -1.65316534
v -0.03974348 0.03459322 -1.58036017
v -0.03931624 0.03512897 -1.58058953
v -0.04058500 0.03772954 -1.57932854
v -0.04089163 0.03718919 -1.57885385
v -0.04225691 0.03912052 -1.57785153
v -0.04214735 0.03975889 -1.57832623
v -0.04386727 0.04109132 -1.57733917
v -0.04367211 0.04047628 -1.57686114
v -0.04481998 0.04122898 -1.57636869
v -0.04521948 0.04192749 -1.57611430
v -0.03866450 0.01639564 -1.58046937
v -0.03800377 0.01855540 -1.58139682
v -0.20716888 0.05569565 -1.61038888
v -0.05076683 0.04019806 -1.62700915
v -0.05700264 0.04750637 -1.62325978
v -0.05128682 0.04476097 -1.61690831
v -0.03840262 0.03624330 -1.58129120
v -0.04017702 0.03894883 -1.58003306
v -0.04221421 0.04084091 -1.57903790
v -0.04409898 0.04199400 -1.57781196
v -0.04522861 0.04255532 -1.57683468
v -0.10957214 0.06963553 -1.53954673
v -0.11132999 0.07021210 -1.53955233
v -0.13638332 0.07994777 -1.54937160
v -0.13527121 0.07805343 -1.55574954
v -0.13412172 0.07690931 -1.55918086
v -0.12094159 0.07764933 -1.56831980
v -0.12353891 0.08125962 -1.57169259
v -0.12967128 0.08268002 -1.53117645
v -0.12613977 0.07909263 -1.52925968
v -0.13018644 0.08268970 -1.53191400
v -0.13348418 0.08933807 -1.56771946
v -0.13495594 0.08979613 -1.56601477
v -0.13457422 0.09076315 -1.56574750
v -0.17914315 0.04498712 -1.51799977
v -0.18552735 0.05085509 -1.52966905
v -0.13624835 0.09021091 -1.56406498
v -0.11372036 0.07252214 -1.54441452
v -0.13659510 0.08114250 -1.54886127
v -0.13829976 0.08294747 -1.54835320
v -0.13822415 0.08390782 -1.54320383
v -0.13744529 0.08309285 -1.54370105
v -0.13628927 0.08282761 -1.53807712
v -0.13583937 0.08234913 -1.53905940
v -0.13256139 0.08459615 -1.53483009
v -0.13462564 0.08624803 -1.53848112
v -0.12468931 0.08265638 -1.57192004
v -0.12336496 0.08194501 -1.57094431
v -0.12483557 0.08355629 -1.57165921
v -0.11507437 0.07331193 -1.54319072
v -0.12093420 0.07564477 -1.56640577
v -0.11980157 0.07507093 -1.56420791
v -0.12024318 0.07471621 -1.56470776
v -0.11889379 0.06984508 -1.54842663
v -0.11913212 0.06989449 -1.54940498
v -0.11865349 0.07107910 -1.54693401
v -0.11711809 0.07352383 -1.54540467
v -0.11774684 0.06708339 -1.53772318
v -0.11978872 0.06661656 -1.53653109
v -0.11907093 0.06699730 -1.53553939
v -0.12822786 0.08614001 -1.57823563
v -0.11950442 0.07521815 -1.56346929
v -0.11949195 0.07665324 -1.56441748
v -0.11970304 0.07725994 -1.56538451
v -0.12499763 0.08451119 -1.57115316
v -0.11993729 0.07761756 -1.56635666
v -0.12005839 0.07667913 -1.56637657
v -0.12070934 0.07841275 -1.56805801
v -0.12039067 0.07602153 -1.56639290
v -0.13143757 0.07452349 -1.54161572
v -0.12942238 0.07280589 -1.54138613
v -0.11010191 0.07192799 -1.56051254
v -0.11254027 0.07243873 -1.55832767
v -0.12406923 0.07780828 -1.52877676
v -0.13047114 0.07645433 -1.56599379
v -0.13187388 0.07688438 -1.56892991
v -0.13620330 0.08797991 -1.54310274
v -0.12673722 0.08034033 -1.53754544
v -0.12512872 0.07794660 -1.53684497
v -0.12838647 0.08254881 -1.53849435
v -0.12989281 0.08431496 -1.54116058
v -0.12490769 0.07152113 -1.55724490
v -0.12875323 0.08317530 -1.56144595
v -0.12979132 0.08392554 -1.55924273
v -0.12743582 0.08137356 -1.56146920
v -0.13000943 0.07786183 -1.57231188
v -0.12763625 0.07749108 -1.57254052
v -0.12845919 0.07722957 -1.56742430
v -0.12707326 0.07710008 -1.57083309
v -0.11786201 0.06904452 -1.54134893
v -0.12122905 0.06862157 -1.53503942
v -0.12220301 0.06847713 -1.53725004
v -0.12212962 0.06980392 -1.53526878
v -0.12351801 0.06989179 -1.53625751
v -0.12523669 0.07050058 -1.53772759
v -0.12654364 0.07117079 -1.53968108
v -0.12704626 0.07152156 -1.54212153
v -0.11858904 0.06853704 -1.54551864
v -0.11735471 0.07701322 -1.57245016
v -0.11839347 0.06797173 -1.54357398
v -0.11868931 0.07008996 -1.54695415
v -0.11827576 0.07011072 -1.54523993
v -0.11782873 0.06970044 -1.54328966
v -0.11921858 0.07415105 -1.53393221
v -0.12145639 0.07519071 -1.53564298
v -0.11851670 0.07283854 -1.53468442
v -0.12350279 0.07629351 -1.53612936
v -0.11815988 0.07171924 -1.53494763
v -0.12926362 0.07693818 -1.56719363
v -0.12909609 0.07714160 -1.57036340
v -0.10761522 0.06982476 -1.54294360
v -0.05983578 0.05976153 -1.55025244
v -0.06520756 0.06156359 -1.55979478
v -0.04460070 0.01949561 -1.50108016
v -0.04433895 0.01857755 -1.49792063
v -0.04702724 0.05154546 -1.53881192
v -0.04205917 0.04659315 -1.53641999
v -0.03263023 0.01781856 -1.50624895
v -0.03253578 0.01699162 -1.50540972
v -0.03241596 0.01609673 -1.50591493
v -0.03264046 0.01694264 -1.50638866
v -0.03414603 0.01475940 -1.50656915
v -0.03481828 0.01569123 -1.50655699
v -0.03391376 0.01583696 -1.50654531
v -0.03331193 0.01496313 -1.50643480
v -0.03031612 0.02151392 -1.52215171
v -0.03104671 0.02522439 -1.52599275
v -0.03227592 0.02817092 -1.52154911
v -0.03123384 0.02447835 -1.51819313
v -0.04206745 0.01792089 -1.50560594
v -0.04158615 0.01769078 -1.50731564
v -0.03772537 0.01635232 -1.50718272
v -0.03819937 0.01662075 -1.50644922
v -0.04206838 0.01767693 -1.50304604
v -0.03863133 0.01649856 -1.50511241
v -0.04451167 0.01967417 -1.50510609
v -0.04410741 0.01916557 -1.50767708
v -0.03613892 0.02688884 -1.49975085
v -0.03460658 0.02327844 -1.50200653
v -0.03402147 0.02431182 -1.50515556
v -0.03541911 0.02797429 -1.50436318
v -0.03050315 0.01827612 -1.53345418
v -0.03065336 0.02200416 -1.52971721
v -0.03010594 0.01876654 -1.52586842
v -0.03019528 0.01503445 -1.53009641
v -0.02959559 0.01125479 -1.53480709
v -0.03038051 0.01432867 -1.53768444
v -0.02572303 0.00960899 -1.54237449
v -0.02469990 0.00991511 -1.53869450
v -0.02153376 0.00911668 -1.53770256
v -0.02260781 0.00955181 -1.53990269
v -0.02347615 0.00757865 -1.53408837
v -0.02628040 0.01005482 -1.53675294
v -0.02342393 0.00368263 -1.53318870
v -0.02240108 0.00342941 -1.53367233
v -0.02491859 0.00774392 -1.53361058
v -0.02675471 0.00805392 -1.53264523
v -0.02458475 0.00402915 -1.53246033
v -0.02150984 0.00280703 -1.53465319
v -0.02117899 0.00550599 -1.53435171
v -0.01948956 0.00693008 -1.53626084
v -0.01352009 -0.00384513 -1.53519702
v -0.01141830 -0.00283225 -1.53637767
v -0.02711584 0.00199765 -1.56550074
v -0.02999543 0.00495259 -1.56205010
v -0.02504025 0.00186533 -1.56279635
v -0.02784673 0.00477712 -1.55983424
v -0.01581871 0.00583684 -1.53820121
v -0.01738359 0.00720502 -1.54014313
v -0.01226503 0.00317284 -1.53944123
v -0.01271957 0.00408354 -1.54187000
v -0.02796797 -0.00339494 -1.58051682
v -0.01800063 -0.00572427 -1.53185856
v -0.01853854 -0.00543705 -1.53112531
v -0.01608566 -0.00617040 -1.53282595
v -0.21431020 0.02863843 -1.64592874
v -0.20261624 0.02846228 -1.65900874
v -0.17858608 0.02689317 -1.67492771
v -0.16597030 0.02368614 -1.67926586
v -0.01826427 -0.00189982 -1.51505280
v -0.01811547 -0.00232324 -1.51774669
v -0.03455229 0.00629399 -1.51126122
v -0.03342054 0.00079028 -1.51148236
v -0.02892677 0.00010202 -1.50949836
v -0.02984437 0.00538523 -1.50940168
v -0.03165293 0.00943566 -1.50921607
v -0.03628028 0.01065492 -1.51082444
v -0.03705678 0.00675222 -1.51249766
v -0.03607830 0.00102589 -1.51296902
v -0.02545506 0.00463422 -1.50827479
v -0.02373985 -0.00061842 -1.50848532
v -0.02103253 -0.00094480 -1.51005316
v -0.02326757 0.00451257 -1.50972152
v -0.02809384 0.01089706 -1.52820468
v -0.02606038 0.00658946 -1.52900374
v -0.02298100 0.00223552 -1.52930522
v -0.02065010 -0.00111882 -1.52910531
v -0.02017403 -0.00176810 -1.53106785
v -0.02221739 0.00082420 -1.53176856
v -0.01970147 -0.00202518 -1.53180110
v -0.02149779 0.00056006 -1.53249967
v -0.02086280 0.00047747 -1.53322792
v -0.02041670 0.00098448 -1.53467894
v -0.01937307 -0.00095659 -1.53446341
v -0.01966860 -0.00044838 -1.53567743
v -0.01937648 -0.00206570 -1.53277576
v -0.01322728 -0.00401904 -1.55693698
v -0.01594682 -0.00405039 -1.56062794
v -0.01991311 0.00229305 -1.51925945
v -0.01879269 -0.00260146 -1.51983500
v -0.01956990 -0.00336600 -1.52376604
v -0.02067869 0.00100063 -1.52368951
v -0.02276038 0.00568766 -1.52288318
v -0.02219344 0.00747896 -1.51746809
v -0.01902360 -0.00508156 -1.53039002
v -0.01969013 0.00273207 -1.51692808
v -0.01995377 0.00311467 -1.51448035
v -0.02210336 0.00798343 -1.51501453
v -0.02259383 0.00823790 -1.51281583
v -0.02517850 0.01231590 -1.51483572
v -0.02515203 0.01124141 -1.52084136
v -0.02825962 0.01709034 -1.51867831
v -0.02818180 0.01631607 -1.51209807
v -0.03298612 0.02423550 -1.50844455
v -0.03274816 0.01920668 -1.50597811
v -0.03219868 0.01938453 -1.50743473
v -0.03122527 0.01910789 -1.50865209
v -0.03165968 0.02330932 -1.51162553
v -0.03417189 0.02783904 -1.50923896
v -0.03267033 0.02664699 -1.51388919
v -0.03018291 0.02121225 -1.51495075
v -0.03005856 0.01830268 -1.51012242
v -0.03209259 0.01802970 -1.50709438
v -0.03234221 0.01705274 -1.50674999
v -0.03125332 0.01779231 -1.50782382
v -0.03163081 0.01682917 -1.50723600
v -0.03018355 0.01720573 -1.50867999
v -0.03076655 0.01637119 -1.50772536
v -0.02946363 0.01539082 -1.50846505
v -0.02865322 0.01593645 -1.50991178
v -0.03387976 0.01513308 -1.50704753
v -0.03289364 0.01416456 -1.50717950
v -0.03160676 0.01420696 -1.50716615
v -0.03271136 0.01512738 -1.50691426
v -0.03457001 0.01571037 -1.50692058
v -0.03339175 0.01562708 -1.50678873
v -0.03698006 0.01587380 -1.50779569
v -0.03617945 0.01492436 -1.50805116
v -0.03525642 0.01624549 -1.50667238
v -0.03420625 0.01621358 -1.50666273
v -0.03284799 0.01617852 -1.50665021
v -0.03240097 0.01607449 -1.50689220
v -0.03166266 0.01561520 -1.50713849
v -0.03062269 0.01473114 -1.50751245
v -0.02380280 0.00835944 -1.51087117
v -0.02580762 0.01202928 -1.51081717
v -0.02722267 0.01185947 -1.50912452
v -0.02580409 0.00840878 -1.50881338
v -0.02874118 0.01158319 -1.50792348
v -0.03862736 0.01131525 -1.51193321
v -0.02758297 0.00826837 -1.50785637
v -0.03854151 0.01430981 -1.50979626
v -0.04094274 0.01539619 -1.51089704
v -0.03439067 0.01300220 -1.50856078
v -0.04064059 0.01714907 -1.50853860
v -0.04014494 0.01617818 -1.50879741
v -0.04304423 0.01824248 -1.50951719
v -0.04214311 0.01702225 -1.51014340
v -0.03053044 0.01157230 -1.50745261
v -0.02520038 0.01227272 -1.51263833
v -0.02128226 0.00365650 -1.51216197
v -0.01939402 -0.00148115 -1.51261270
v -0.00719033 -0.00381881 -1.54954636
v -0.01033712 -0.00385377 -1.55348587
v -0.03250646 0.01539206 -1.50629628
v -0.08235817 0.00903654 -1.42911088
v -0.03283927 0.01833937 -1.50465286
v -0.04213582 0.01699988 -1.50061762
v -0.03835186 0.01564444 -1.50402761
v -0.03603471 0.02367743 -1.49517310
v -0.03412963 0.01892099 -1.49097514
v -0.03238915 0.01676948 -1.49515367
v -0.03432330 0.02070251 -1.49851346
v -0.03009641 0.01384149 -1.50117433
v -0.03191235 0.01670079 -1.50308895
v -0.03131036 0.01547312 -1.50432897
v -0.02944601 0.01278889 -1.50314319
v -0.02913339 0.01193720 -1.50474489
v -0.03130320 0.01454416 -1.50532448
v -0.03055994 0.01028009 -1.50674593
v -0.02806917 0.00572765 -1.50717914
v -0.03299277 0.00538603 -1.50369215
v -0.03502961 0.01025227 -1.50337029
v -0.03728502 0.01446521 -1.50355232
v -0.03333919 0.01373697 -1.50658178
v -0.02976804 0.01082783 -1.50672734
v -0.03237507 0.01388608 -1.50644720
v -0.02694598 0.00608962 -1.50716102
v -0.08652652 0.01936479 -1.43187606
v -0.03160516 0.01408673 -1.50606930
v -0.02945194 0.01119785 -1.50622833
v -0.02629463 0.00669111 -1.50628769
v -0.02581764 0.00758844 -1.50431108
v -0.02570668 0.00842475 -1.50197279
v -0.02657358 0.00917227 -1.49927938
v -0.02937669 0.01115454 -1.49206126
v -0.03076638 0.01238682 -1.48692071
v -0.02701207 0.00494634 -1.49020839
v -0.02760620 0.00572927 -1.48506904
v -0.02351036 0.00379763 -1.49776936
v -0.02206305 0.00340899 -1.50130486
v -0.02250444 0.00278749 -1.50400853
v -0.02345342 0.00223855 -1.50622702
v -0.01948859 -0.00449555 -1.52867305
v -0.01815694 -0.00229429 -1.53447831
v -0.01602282 -0.00359224 -1.53448355
v -0.01043117 -0.00077191 -1.53779244
v -0.01383287 -0.00639352 -1.53354120
v -0.01071390 0.00159626 -1.53921342
v -0.00945932 -0.00009178 -1.53874636
v -0.00858258 0.00041611 -1.54019332
v -0.00971259 0.00163224 -1.54091275
v -0.00835427 -0.00159568 -1.53803301
v -0.00767267 -0.00047275 -1.53995800
v -0.00698510 -0.00568586 -1.53712440
v -0.00505996 -0.00502831 -1.54026794
v -0.00517441 -0.00406149 -1.54586768
v -0.00452774 -0.00464287 -1.54245341
v -0.00817440 0.00076132 -1.54189229
v -0.00969367 0.00223074 -1.54358745
v -0.01178847 0.00256200 -1.54677665
v -0.01512014 0.00483607 -1.54456520
v -0.12178443 0.01099883 -1.68324232
v -0.02434865 0.00165519 -1.50746870
v -0.02622110 0.00089416 -1.50750208
v -0.04008153 0.00546808 -1.49374461
v -0.03744151 0.00546230 -1.49811578
v -0.03639277 0.00057582 -1.49795914
v -0.03884484 0.00057926 -1.49383044
v -0.02571866 -0.00304728 -1.50769818
v -0.03111116 -0.00310078 -1.50408781
v -0.03153548 0.00072210 -1.50401545
v -0.02345395 -0.00295176 -1.50767422
v -0.02222635 -0.00257457 -1.50631130
v -0.02095366 -0.00216368 -1.50397027
v -0.03592546 -0.00311309 -1.49790621
v -0.03837849 -0.00310208 -1.49377739
v -0.04119831 0.01527802 -1.49905527
v -0.04341849 0.01593766 -1.49552178
v -0.03907024 0.01053062 -1.49803030
v -0.04143909 0.01088364 -1.49426019
v -0.02535380 -0.00090487 -1.48469126
v -0.02534536 -0.00144913 -1.48970938
v -0.02058726 -0.00196847 -1.50078738
v -0.02220447 -0.00173131 -1.49689019
v -0.19117254 0.02793550 -1.66818988
v -0.07969008 0.06051610 -1.62908244
v -0.07168175 0.05808375 -1.62221384
v -0.06534606 0.05088073 -1.63011265
v -0.07251486 0.05336630 -1.63575077
v -0.08791134 0.06142738 -1.63671625
v -0.08041158 0.05438842 -1.64215779
v -0.13945848 0.04137334 -1.67425764
v -0.12506680 0.04075808 -1.67339730
v -0.12231764 0.02209681 -1.68058300
v -0.15413421 0.03771102 -1.67545056
v -0.16247286 0.05014429 -1.66624546
v -0.14248532 0.05069471 -1.66823840
v -0.12718864 0.04933750 -1.66762829
v -0.18105967 0.02714965 -1.46903443
v -0.20661840 0.05741228 -1.59300661
v -0.11344500 0.04694309 -1.66656554
v -0.11117098 0.03904629 -1.67158651
v -0.09856939 0.03785951 -1.66880083
v -0.10173893 0.04504530 -1.66477978
v -0.10763659 0.02093725 -1.67826509
v -0.10643505 0.00978575 -1.68091905
v -0.22012469 0.02585420 -1.55590856
v -0.01855920 -0.00398036 -1.56407154
v -0.16216536 0.04830810 -1.50421178
v -0.14427623 0.05729946 -1.50275886
v -0.12493616 0.05617114 -1.45203137
v -0.12481664 0.06898215 -1.52602935
v -0.12561151 0.06877168 -1.52677417
v -0.12669934 0.05852237 -1.48790789
v -0.12705630 0.05974218 -1.50132132
v -0.17400685 0.03986089 -1.50510657
v -0.13497168 0.07922772 -1.53740358
v -0.13607998 0.07995497 -1.54106367
v -0.13453473 0.08043882 -1.53664231
v -0.13589093 0.08138525 -1.54054475
v -0.13653868 0.08144168 -1.54470229
v -0.13367450 0.08094710 -1.53491390
v -0.12503579 0.07769851 -1.57251108
v -0.12408432 0.07895888 -1.57418644
v -0.12059768 0.06788660 -1.52430046
v -0.12224995 0.06799792 -1.52504706
v -0.12137310 0.06730483 -1.52480817
v -0.12015377 0.06695388 -1.52407050
v -0.11919655 0.06749267 -1.52331769
v -0.11909123 0.06671062 -1.52357650
v -0.11812225 0.07985698 -1.58827770
v -0.12256870 0.06572846 -1.52436280
v -0.12502792 0.06797525 -1.52629590
v -0.12358820 0.06784146 -1.52579594
v -0.12217686 0.06671040 -1.52482784
v -0.12031648 0.06612415 -1.52360022
v -0.11862996 0.06595110 -1.52261019
v -0.11821823 0.06679432 -1.52210081
v -0.13407834 0.08112375 -1.53393722
v -0.12347135 0.07254466 -1.52301395
v -0.13109805 0.07832565 -1.56498539
v -0.13250850 0.07842228 -1.56328738
v -0.13382913 0.08087076 -1.56496108
v -0.13251211 0.08070981 -1.56714988
v -0.17666866 0.06258047 -1.54009593
v -0.18199176 0.06438520 -1.55110335
v -0.18570651 0.01510854 -1.47237360
v -0.18584096 0.01595839 -1.48505950
v -0.16635284 0.07776392 -1.58414757
v -0.12961948 0.07823768 -1.56668258
v -0.13100852 0.08069109 -1.56908965
v -0.13657671 0.08021519 -1.54521573
v -0.12969272 0.07716862 -1.56597197
v -0.13113371 0.07738444 -1.56427181
v -0.13251598 0.08194664 -1.57078910
v -0.13417378 0.08212583 -1.56860328
v -0.13562165 0.08214254 -1.56617439
v -0.13244805 0.07742721 -1.56232965
v -0.13183366 0.07784887 -1.57086444
v -0.14240785 0.08069799 -1.61438870
v -0.15653837 0.08013783 -1.60818648
v -0.14637589 0.07674883 -1.63111603
v -0.16152143 0.07625790 -1.62565506
v -0.17791680 0.07245614 -1.61953974
v -0.17285502 0.07632337 -1.60084939
v -0.12627953 0.07747436 -1.57228339
v -0.12442799 0.07986096 -1.57539308
v -0.09604861 0.06172840 -1.64240742
v -0.10270663 0.06749432 -1.63722730
v -0.08773591 0.05466060 -1.64735305
v -0.09478001 0.05437472 -1.65206826
v -0.10337748 0.06105527 -1.64811003
v -0.11457244 0.06910046 -1.64097452
v -0.12729092 0.08098792 -1.60593104
v -0.12841767 0.07901592 -1.62014854
v -0.11527721 0.07591087 -1.62472391
v -0.13116869 0.07434629 -1.63614571
v -0.12151202 0.06481290 -1.64992106
v -0.13557404 0.06947593 -1.64605641
v -0.12593225 0.05850260 -1.65863943
v -0.14030834 0.06178202 -1.65700376
v -0.15636790 0.06274162 -1.65469813
v -0.15039602 0.07207774 -1.64248455
v -0.10979873 0.05916084 -1.65309560
v -0.10049917 0.05296041 -1.65654886
v -0.11362355 0.05457758 -1.65957522
v -0.10521115 0.05095736 -1.66054296
v -0.10842251 0.07324927 -1.62666452
v -0.11829485 0.06236223 -1.51767135
v -0.11323094 0.06333972 -1.51735830
v -0.10555030 0.06729621 -1.52856266
v -0.07149464 0.06460647 -1.55295575
v -0.07408504 0.06466275 -1.56543708
v -0.08417260 0.06821981 -1.55764771
v -0.08258916 0.06667165 -1.54300761
v -0.07629025 0.06374456 -1.57915556
v -0.08561365 0.06811550 -1.57183099
v -0.08783202 0.06926166 -1.58575249
v -0.07678738 0.06422628 -1.59356213
v -0.19436848 0.06527181 -1.61398113
v -0.19228482 0.06756160 -1.59706104
v -0.19000259 0.06823537 -1.58456802
v -0.04720660 0.04258599 -1.61104989
v -0.22142489 0.02897241 -1.63646507
v -0.05852088 0.04312250 -1.63459814
v -0.19559953 0.05762476 -1.63490820
v -0.20418414 0.04587840 -1.64133310
v -0.16526636 0.07150327 -1.63726687
v -0.17902654 0.06877940 -1.63134861
v -0.19492608 0.06202083 -1.62504327
v -0.18728116 0.06705528 -1.56868815
v -0.09385592 0.04530213 -1.66103411
v -0.05267921 0.05082349 -1.57674170
v -0.05347164 0.05033334 -1.57236254
v -0.05125853 0.05075190 -1.58137035
v -0.05208336 0.04863892 -1.56774199
v -0.03203443 0.00860421 -1.55906570
v -0.03020384 0.00805055 -1.55710483
v -0.02827577 0.00762641 -1.55440772
v -0.03197044 0.01154346 -1.55460954
v -0.03026209 0.01086358 -1.55143118
v -0.02345178 0.00407110 -1.55467618
v -0.02569179 0.00452866 -1.55737567
v -0.02637600 0.00696477 -1.55195987
v -0.02468683 0.00643581 -1.54877865
v -0.02118782 0.00386134 -1.55148292
v -0.02833878 0.01073287 -1.53651524
v -0.02960000 0.01191173 -1.54114485
v -0.02768128 0.00932616 -1.54533029
v -0.03116056 0.01476468 -1.54867506
v -0.03012872 0.01357362 -1.54526925
v -0.02884441 0.01009767 -1.54874587
v -0.03293077 0.01595517 -1.55208814
v -0.02230667 0.00722470 -1.54532003
v -0.01947806 0.00789821 -1.54210377
v -0.01814676 0.00429193 -1.54802513
v -0.01503767 0.00229272 -1.54998899
v -0.01806957 0.00181399 -1.55369198
v -0.03357770 0.01230054 -1.55680847
v -0.03416106 0.01718335 -1.55476236
v -0.03037393 0.01710471 -1.54178131
v -0.03030984 0.02159142 -1.53827131
v -0.03153352 0.01939671 -1.54614341
v -0.03150011 0.02371239 -1.54337001
v -0.03305496 0.02061444 -1.55004203
v -0.03317537 0.02517210 -1.54726517
v -0.03056967 0.02569783 -1.53452778
v -0.03149948 0.02921771 -1.53031397
v -0.03314164 0.03243658 -1.52513611
v -0.03263410 0.03235340 -1.53539181
v -0.03446715 0.03608192 -1.52996135
v -0.03431557 0.03446578 -1.54049540
v -0.03611115 0.03891581 -1.53553867
v -0.03177057 0.02838665 -1.53961515
v -0.03353760 0.03015601 -1.54423785
v -0.03482562 0.02643500 -1.55116415
v -0.03453370 0.02190858 -1.55320597
v -0.03773240 0.03584496 -1.55198133
v -0.03598388 0.03557811 -1.54635167
v -0.03532184 0.03109244 -1.54887748
v -0.03705606 0.03163523 -1.55352449
v -0.03791307 0.04069085 -1.54235995
v -0.03914466 0.04049506 -1.55019224
v -0.04063836 0.03967755 -1.55535257
v -0.03793898 0.02535458 -1.56196356
v -0.03755969 0.02048126 -1.56254578
v -0.03877039 0.02896733 -1.56165516
v -0.03923105 0.03545479 -1.55615616
v -0.03827368 0.03186714 -1.55695128
v -0.04673872 0.04387367 -1.56290007
v -0.04458099 0.04134975 -1.56219673
v -0.04093581 0.03535344 -1.56154847
v -0.03970125 0.03241814 -1.56159520
v -0.04256401 0.03850479 -1.56174552
v -0.03788203 0.01592223 -1.56435001
v -0.03843278 0.01122361 -1.56615913
v -0.14162005 0.05537015 -1.49007010
v -0.02035414 0.00172568 -1.55713558
v -0.02272530 0.00178652 -1.56008863
v -0.03559458 0.00797381 -1.58305049
v -0.03704999 0.00606516 -1.58017170
v -0.03047047 -0.00016695 -1.58047664
v -0.03261027 0.01201385 -1.58709311
v -0.03859646 0.00790891 -1.56866956
v -0.03882291 0.00603261 -1.57090771
v -0.03855053 0.00512107 -1.57361007
v -0.03799219 0.00493640 -1.57702804
v -0.03111786 0.02301128 -1.60151434
v -0.02927392 0.01947696 -1.59497213
v -0.06270286 0.05433318 -1.61560655
v -0.06598579 0.05799844 -1.60677171
v -0.04423548 0.04437878 -1.59608519
v -0.04689793 0.04746623 -1.59165263
v -0.04921383 0.04969181 -1.58650112
v -0.06860839 0.05957012 -1.59504128
v -0.06919932 0.06009411 -1.58257926
v -0.06798071 0.06119562 -1.57057655
v -0.07241645 0.04592191 -1.64689040
v -0.07935718 0.04612886 -1.65257168
v -0.06534781 0.04492671 -1.64097929
v -0.08879630 0.03727336 -1.66554213
v -0.08000619 0.03708711 -1.66155219
v -0.08644554 0.04592511 -1.65704143
v -0.07264632 0.03701944 -1.65635252
v -0.06589638 0.03688509 -1.65091586
v -0.05886044 0.03588119 -1.64476097
v -0.05222966 0.03411989 -1.63789248
v -0.04561099 0.03180218 -1.62932527
v -0.15927438 0.04634709 -1.49152136
v -0.02243270 0.00010470 -1.54668498
v -0.02172225 -0.00064344 -1.54669309
v -0.02304687 -0.00092087 -1.54622293
v -0.02245512 -0.00167955 -1.54647660
v -0.02287915 -0.00187608 -1.54501915
v -0.02059119 -0.00074467 -1.53764641
v -0.02192462 -0.00218999 -1.53939807
v -0.02288310 -0.00252059 -1.54307795
v -0.10773572 0.06590670 -1.52177238
v -0.13896458 0.05563692 -1.45645297
v -0.15070993 0.05205854 -1.46030271
v -0.14140397 -0.05545362 -1.45955324
v -0.15421741 -0.05085805 -1.46337199
v -0.08863171 -0.02151362 -1.42709589
v -0.09397897 -0.03248716 -1.43139768
v -0.09451936 -0.03338263 -1.42336023
v -0.08985151 -0.02189318 -1.41917694
v -0.14352487 -0.05950657 -1.44316721
v -0.14072476 -0.05707150 -1.45066345
v -0.15528084 -0.05324215 -1.45500302
v -0.15849188 -0.05775788 -1.44767451
v -0.16791004 -0.04658440 -1.45755732
v -0.17114882 -0.05096572 -1.44937158
v -0.18124567 -0.04123164 -1.44939721
v -0.17733288 -0.03716817 -1.45904839
v -0.18437721 -0.02580230 -1.45888960
v -0.18848866 -0.02939067 -1.44800949
v -0.10200527 -0.04366221 -1.43658447
v -0.11341358 -0.05240565 -1.44175541
v -0.11274461 -0.05273256 -1.43283999
v -0.10193133 -0.04380498 -1.42840385
v -0.12660645 -0.05679142 -1.44685662
v -0.12748308 -0.05789709 -1.43809390
v -0.19288620 -0.01508938 -1.44813275
v -0.18835594 -0.01225581 -1.46024501
v -0.09040390 -0.02284022 -1.40100372
v -0.08957021 -0.00970231 -1.39792395
v -0.08889712 -0.01046948 -1.40709257
v -0.09058283 -0.02272567 -1.41004086
v -0.10455939 -0.05399795 -1.40310788
v -0.11636018 -0.06899179 -1.41085029
v -0.11012400 -0.07480136 -1.40333378
v -0.09823199 -0.05827568 -1.39458287
v -0.07873818 -0.06609266 -1.37207758
v -0.09067474 -0.09158210 -1.38076401
v -0.07002832 -0.08577962 -1.35944068
v -0.06612993 -0.06579619 -1.35466754
v -0.05470648 -0.08219475 -1.34138894
v -0.05302567 -0.06457859 -1.33705115
v -0.01953883 -0.07552767 -1.29032111
v -0.01819966 -0.05857959 -1.28880894
v -0.02921442 -0.06042437 -1.30473828
v -0.03089821 -0.07753308 -1.30659294
v 0.01118404 -0.08989930 -1.19434571
v 0.01551091 -0.07553706 -1.19884062
v 0.01788602 -0.08251065 -1.21474230
v 0.01498558 -0.09529807 -1.21233940
v -0.04725489 -0.14333697 -1.30950296
v -0.05572865 -0.14644116 -1.32637930
v -0.05578034 -0.15515438 -1.31501269
v -0.04915629 -0.15179610 -1.29798138
v -0.13416198 -0.11553347 -1.41671729
v -0.11236389 -0.10593397 -1.40300107
v -0.12021096 -0.09435760 -1.40724266
v -0.13947630 -0.10316110 -1.41994119
v -0.03120751 -0.14486320 -1.22351968
v -0.02344658 -0.13979016 -1.21146548
v -0.01537877 -0.13452058 -1.22111320
v -0.02184205 -0.13820139 -1.23294365
v -0.03468405 -0.11568881 -1.11799872
v -0.01985031 -0.09879321 -1.11727238
v -0.02091911 -0.09862494 -1.13694239
v -0.03507213 -0.11457025 -1.13776529
v -0.09731586 -0.15698349 -1.15680552
v -0.12365264 -0.16073510 -1.15524364
v -0.12422848 -0.15825127 -1.14048278
v -0.09807498 -0.15466988 -1.14076746
v -0.02460025 -0.10505254 -1.28983104
v -0.02181572 -0.09101541 -1.29071403
v -0.03293683 -0.09341618 -1.30726624
v -0.03503092 -0.10754791 -1.30650055
v -0.07520333 -0.21461667 -1.19004655
v -0.07648452 -0.20055483 -1.18037379
v -0.07634149 -0.19371672 -1.20282984
v -0.07513140 -0.20765543 -1.21298933
v -0.08567925 -0.15711801 -1.05007505
v -0.11130451 -0.15968898 -1.05416167
v -0.10833506 -0.16221407 -1.03708506
v -0.08272450 -0.15854639 -1.03248811
v -0.08117795 -0.18979341 -1.35417926
v -0.09858883 -0.20134583 -1.36856353
v -0.09619712 -0.20775053 -1.35205853
v -0.08024898 -0.19476701 -1.33857584
v -0.03499301 -0.13790019 -1.27957821
v -0.04086956 -0.14034475 -1.29428267
v -0.04515041 -0.14883558 -1.28410530
v -0.04094514 -0.14631072 -1.27191913
v -0.12634797 -0.17014819 -1.18391442
v -0.10360407 -0.16722129 -1.18558884
v -0.10839528 -0.17060612 -1.20188546
v -0.12900975 -0.17350513 -1.20037293
v -0.09977221 -0.16234140 -1.17018771
v -0.12443470 -0.16538793 -1.16859543
v -0.03106572 -0.12831390 -1.28487849
v -0.02766299 -0.11748200 -1.28792632
v -0.03697257 -0.11983346 -1.30465841
v -0.03881723 -0.13034627 -1.30148220
v 0.00206923 -0.08457600 -1.17887831
v 0.00802102 -0.06740340 -1.18433928
v -0.05893452 -0.14884470 -1.02717757
v -0.03878450 -0.13456647 -1.02144444
v -0.04130679 -0.13441195 -1.04039609
v -0.06167705 -0.14823951 -1.04538953
v -0.01327074 -0.08009565 -1.15408432
v -0.00842108 -0.08114393 -1.16712606
v -0.01593551 -0.09727667 -1.16538453
v -0.02288670 -0.09653771 -1.15340745
v -0.02250031 -0.11646517 -1.01603889
v -0.00800655 -0.09679324 -1.01135206
v -0.01098144 -0.09654137 -1.03201604
v -0.02490909 -0.11640567 -1.03572416
v -0.04228476 -0.07970725 -1.32390642
v -0.04066595 -0.06269105 -1.32083309
v -0.00194307 -0.11503462 -1.19381571
v 0.00530569 -0.10335129 -1.19314528
v 0.00937901 -0.10748138 -1.21129405
v 0.00216601 -0.11757214 -1.21129119
v -0.05574456 -0.15882367 -1.28298068
v -0.06066617 -0.16235183 -1.29908288
v -0.07274552 -0.16443208 -1.27654862
v -0.06889275 -0.16372821 -1.26816165
v -0.10591260 -0.16516881 -1.02051079
v -0.08039559 -0.16077685 -1.01577818
v -0.02051462 -0.11756530 -0.99625647
v -0.00606135 -0.09767054 -0.99058855
v -0.12510867 -0.16477533 -1.25908852
v -0.12880787 -0.15793745 -1.26149905
v -0.14310546 -0.16006926 -1.25799382
v -0.13997480 -0.16844930 -1.25599372
v 0.01463086 -0.04210591 -1.21668339
v 0.01696340 -0.05718561 -1.22566402
v 0.01801442 -0.06320630 -1.20919502
v 0.01274063 -0.05149209 -1.19661582
v -0.01193466 -0.11253829 -1.17798603
v -0.02389052 -0.11163428 -1.16611540
v -0.00456903 -0.09936551 -1.17716241
v 0.00792325 -0.02707792 -1.20673871
v 0.00349758 -0.03829138 -1.18190813
v -0.03996807 -0.04478903 -1.31707907
v -0.02866441 -0.04266774 -1.30245435
v -0.05126395 -0.04586844 -1.33305693
v -0.04944389 -0.02719300 -1.32845235
v -0.05974240 -0.02687563 -1.34485054
v -0.06222343 -0.04594843 -1.34916425
v -0.06913301 -0.02562627 -1.35963356
v -0.07238744 -0.04433420 -1.36486351
v -0.09510997 -0.03772240 -1.39597344
v -0.08964300 -0.03998421 -1.38753843
v -0.05307438 -0.15573549 -1.27187157
v -0.04971377 -0.15365437 -1.26146865
v -0.03698619 -0.13554917 -1.00263846
v -0.22356635 -0.13405421 -1.34077036
v -0.22886616 -0.13086918 -1.32323253
v -0.21966647 -0.14788128 -1.32528472
v -0.21431288 -0.15057796 -1.34223223
v -0.13079581 -0.12746996 -1.41716754
v -0.10692070 -0.12092263 -1.40385854
v -0.19073188 -0.17603941 -1.26155472
v -0.18674523 -0.17642677 -1.26639366
v -0.19078812 -0.17729419 -1.27390885
v -0.19631349 -0.17536235 -1.26996911
v -0.17148194 -0.16672696 -1.26639485
v -0.16472431 -0.16374762 -1.26117063
v -0.16675088 -0.16485590 -1.25517464
v -0.17361721 -0.16896607 -1.25991869
v -0.13312845 -0.15989085 -1.04045498
v -0.13623260 -0.15577385 -1.05798960
v -0.19201919 -0.14508814 -1.16707563
v -0.20054400 -0.00130633 -1.43816113
v -0.19384941 0.00040411 -1.44954205
v -0.17124975 -0.15427443 -1.15985179
v -0.16974767 -0.16117835 -1.17554688
v -0.18901107 -0.15413450 -1.18304324
v -0.23825788 -0.03646307 -1.31331420
v -0.24048883 -0.03697372 -1.29699588
v -0.24141100 -0.05633423 -1.30247569
v -0.23839569 -0.05620449 -1.31859553
v -0.23411226 -0.09663627 -1.34952867
v -0.22865973 -0.09723324 -1.36615849
v -0.23253065 -0.07532425 -1.35757518
v -0.23626125 -0.07556147 -1.34222782
v -0.23253016 -0.11512324 -1.33766997
v -0.23655325 -0.11332516 -1.31956732
v -0.14867941 -0.17375900 -1.20221806
v -0.14807388 -0.16991702 -1.18619728
v -0.13586247 -0.17683060 -1.23396993
v -0.15172523 -0.17760454 -1.23475027
v -0.15111378 -0.17793310 -1.22614062
v -0.13425182 -0.17703216 -1.22534800
v -0.14416990 -0.09406481 -1.42481232
v -0.16536450 -0.09365915 -1.42952907
v -0.16167539 -0.10471784 -1.42531765
v -0.21004292 -0.06391709 -1.40653026
v -0.21434081 -0.06415519 -1.39998174
v -0.20794380 -0.07809651 -1.40593851
v -0.20431244 -0.07322978 -1.41105747
v -0.24462730 -0.06115814 -1.23228669
v -0.24565953 -0.04051901 -1.23115122
v -0.24279520 -0.04091709 -1.21000278
v -0.24087480 -0.06292579 -1.20920289
v -0.17384380 -0.17599766 -1.25410771
v -0.17558008 -0.17743471 -1.24830627
v -0.16515844 -0.17754379 -1.24391735
v -0.16456345 -0.17490366 -1.24940038
v -0.16545838 -0.17711884 -1.22910345
v -0.16522421 -0.17767535 -1.23729503
v -0.17681101 -0.17660131 -1.24196613
v -0.17851326 -0.17511861 -1.23404503
v -0.18499509 -0.16195305 -1.19854903
v -0.16750330 -0.16761644 -1.19134760
v -0.16676699 -0.17241031 -1.20658040
v -0.18296111 -0.16831978 -1.21300685
v -0.22522402 -0.03818429 -1.14150631
v -0.22603834 -0.05719414 -1.13945174
v -0.23075974 -0.05851474 -1.16199613
v -0.23205614 -0.03897709 -1.16302252
v -0.10296815 -0.15663277 -1.26729381
v -0.08740377 -0.15762119 -1.27309418
v -0.09172104 -0.15677398 -1.26214564
v -0.10826609 -0.15668055 -1.25465620
v -0.18694314 -0.19727680 -1.26543868
v -0.18829237 -0.19177860 -1.27240813
v -0.18715775 -0.18717818 -1.26706302
v -0.18678482 -0.19315651 -1.26082063
v -0.12624709 -0.15916336 -1.23101938
v -0.11146520 -0.15836781 -1.23879826
v -0.11273853 -0.16233224 -1.21971548
v -0.12821245 -0.16283686 -1.21245658
v -0.15599206 -0.14436507 -1.41604054
v -0.12704341 -0.14003651 -1.41750443
v -0.15716039 -0.13287656 -1.41948605
v -0.15278655 -0.16116673 -1.22554684
v -0.16400427 -0.16537596 -1.22827435
v -0.16115396 -0.16181411 -1.24139595
v -0.14945027 -0.15911809 -1.24003756
v -0.08233258 -0.22343509 -1.22146606
v -0.08185418 -0.23032355 -1.19866920
v -0.14224407 -0.17106578 -1.19043815
v -0.15442246 -0.17667381 -1.19072974
v -0.15451938 -0.16711955 -1.20861495
v -0.14206451 -0.16369282 -1.20830321
v -0.19217849 -0.13708143 -1.15183401
v -0.17222244 -0.14851126 -1.14539564
v -0.17423695 -0.13806704 -1.04554772
v -0.15558979 -0.15136828 -1.04343414
v -0.15889010 -0.14641015 -1.06119812
v -0.17763451 -0.13322844 -1.06417000
v -0.13104764 -0.16239671 -1.02387512
v -0.17124571 -0.14060524 -1.02761626
v -0.15301326 -0.15369488 -1.02647936
v -0.16603965 -0.07180888 -1.43728137
v -0.18221389 -0.06203235 -1.43651032
v -0.18316546 -0.07447501 -1.43102837
v -0.16743472 -0.08424989 -1.43326926
v -0.13475372 -0.19239782 -0.91239524
v -0.14185089 -0.19234982 -0.88412893
v -0.11378619 -0.19363739 -0.88095069
v -0.10491700 -0.19248468 -0.90868723
v -0.20489660 -0.04684400 -1.42042804
v -0.19462974 -0.06171110 -1.42624354
v -0.19302763 -0.05092591 -1.43248522
v -0.20139584 -0.03876167 -1.42804873
v -0.10271902 -0.18939911 -0.93376303
v -0.13150826 -0.18963963 -0.93917727
v -0.14661917 -0.08574076 -1.42906630
v -0.14674878 -0.07492022 -1.43251514
v -0.13048901 -0.07794677 -1.41996026
v -0.13093635 -0.06857286 -1.42392957
v -0.11667231 -0.06067202 -1.41679358
v -0.08426465 -0.19064616 -0.87278748
v -0.07942569 -0.18718407 -0.90002847
v -0.17552021 -0.05648362 -1.44244087
v -0.18673217 -0.04541769 -1.44061875
v -0.19534689 -0.03074588 -1.43698943
v -0.20028749 -0.01566869 -1.43600321
v -0.13015369 -0.16713658 -1.00783992
v -0.10440591 -0.16897383 -1.00420666
v -0.22104867 -0.14349510 -0.77962250
v -0.23073617 -0.11830196 -0.77725875
v -0.22168881 -0.11185911 -0.76385182
v -0.21220964 -0.14199461 -0.76338530
v -0.23797937 -0.05350770 -0.79142189
v -0.22282574 -0.04569966 -0.77817261
v -0.22468123 -0.07902379 -0.76908660
v -0.23670547 -0.08726940 -0.78206998
v -0.25079948 -0.09257898 -0.91079462
v -0.24237648 -0.09184267 -0.93243718
v -0.24694794 -0.06267533 -0.93165410
v -0.25468516 -0.06302133 -0.90975273
v -0.17197651 -0.14617832 -1.01100290
v -0.15307549 -0.15917845 -1.01010203
v -0.07875717 -0.16408646 -0.99873012
v -0.12211334 -0.19266698 -0.73860794
v -0.12615171 -0.18387446 -0.70280927
v -0.08878041 -0.17641230 -0.69594592
v -0.08298132 -0.18350416 -0.73169351
v -0.18670580 -0.15629473 -0.71359402
v -0.18846624 -0.16436054 -0.74210674
v -0.20655338 -0.13476521 -0.74266779
v -0.20334306 -0.12663615 -0.71755934
v 0.00675441 -0.07692415 -0.98565233
v -0.00579681 -0.09880935 -0.97057933
v 0.00672083 -0.07774979 -0.96466273
v 0.02373853 -0.01500901 -0.97374582
v 0.02188254 -0.03689283 -0.97737688
v 0.02114741 -0.03517520 -0.95561039
v 0.02268287 -0.01365063 -0.95223391
v -0.00268755 -0.02440302 -0.84155679
v -0.00186107 -0.00914147 -0.84099925
v 0.00359099 -0.01064284 -0.86320406
v 0.00274428 -0.02901492 -0.86504531
v -0.05503707 -0.17576051 -0.89052522
v -0.03716573 -0.15690118 -0.88191366
v -0.03594807 -0.15287797 -0.90453768
v -0.05429721 -0.17030297 -0.91410220
v -0.20282939 -0.03888627 -0.76807141
v -0.20839286 -0.06874471 -0.75846368
v -0.05362833 -0.15810111 -0.69181830
v -0.04845791 -0.16246037 -0.72654027
v -0.02866739 -0.13080649 -0.69102973
v -0.01915418 -0.09735028 -0.69368786
v -0.01478288 -0.10263130 -0.72403932
v -0.02532845 -0.13508381 -0.72283679
v -0.03447236 -0.02819210 -0.77599108
v -0.06012854 -0.01368816 -0.76373744
v -0.05742523 -0.01225517 -0.76807922
v -0.02949879 -0.02422003 -0.78587800
v -0.24796024 -0.05836786 -0.80529475
v -0.24664059 -0.09082136 -0.79811454
v -0.25346363 -0.09245097 -0.81677735
v -0.25558123 -0.06068904 -0.82202506
v -0.18530479 -0.12435277 -1.02791643
v -0.18717909 -0.12971558 -1.01057720
v -0.19520257 -0.10596921 -1.02825570
v -0.18796189 -0.12137108 -1.04754567
v -0.19737926 -0.10285810 -1.04824400
v -0.22129431 -0.10369480 -1.17025757
v -0.20852558 -0.12189404 -1.16017723
v -0.20966011 -0.13079111 -1.17612112
v -0.22328705 -0.11332902 -1.18885016
v -0.24245954 -0.07562564 -1.30839813
v -0.23983228 -0.07528771 -1.32512820
v -0.20910467 -0.09191723 -0.72718006
v -0.19803327 -0.05369551 -0.74536037
v -0.20073956 -0.05647104 -0.70733750
v -0.20648423 -0.09071391 -0.69781917
v -0.16110769 -0.16747966 -0.67839515
v -0.16053376 -0.17716345 -0.70984870
v -0.18569715 -0.14821956 -0.68411136
v -0.12907839 -0.17388339 -0.67088395
v -0.09209421 -0.16832562 -0.66357392
v -0.03323311 -0.12409148 -0.65967441
v -0.02486748 -0.09119371 -0.66333187
v -0.06229499 -0.01608925 -0.70616090
v -0.04144082 -0.03588282 -0.70146871
v -0.05055331 -0.03194149 -0.67705238
v -0.07314651 -0.01347731 -0.68423063
v -0.00892765 -0.06768277 -0.83857477
v -0.01459171 -0.10370521 -0.85693705
v -0.01494887 -0.10616944 -0.83280790
v -0.01214826 -0.07567544 -0.81482834
v 0.02325562 -0.01970758 -0.99582797
v 0.02175204 -0.03753766 -0.99986309
v 0.01639519 -0.05632603 -0.98123848
v 0.01590457 -0.05609813 -1.00346649
v 0.00546824 -0.07631868 -1.00714779
v 0.01685267 -0.03622020 -1.09429133
v 0.00930702 -0.05868845 -1.09469187
v 0.01198015 -0.05673362 -1.07227683
v 0.01922568 -0.03486869 -1.07128072
v 0.01231597 -0.03792991 -1.11781871
v 0.00535282 -0.06067167 -1.11773050
v -0.00201906 -0.03900141 -1.16164124
v -0.00168141 -0.06155098 -1.17155397
v -0.00618004 -0.06097537 -1.15717483
v -0.03927331 -0.02639909 -1.31310177
v -0.02900786 -0.02480633 -1.29868078
v -0.06084808 -0.17808816 -0.86473656
v -0.17300919 -0.02229249 -0.73960388
v -0.14476693 -0.00732130 -0.72974795
v -0.15534550 -0.00895982 -0.70496893
v -0.18188502 -0.02688794 -0.70900512
v -0.07663269 -0.18243656 -0.92433250
v -0.05663738 -0.15023133 -1.00971818
v -0.05547707 -0.15287690 -0.99192882
v -0.07291312 -0.14405586 -1.14202046
v -0.06715883 -0.14493033 -1.16152287
v 0.01688654 -0.07106423 -1.23131609
v 0.01881597 -0.07246827 -1.21874595
v -0.15891042 -0.18692368 -0.74324763
v -0.04544301 -0.10958989 -0.60283452
v -0.04000911 -0.07730177 -0.60702121
v -0.03144585 -0.08438138 -0.63443679
v -0.03874167 -0.11702920 -0.63027543
v -0.11030014 -0.00477982 -0.66438860
v -0.08484703 -0.01231515 -0.65842950
v -0.09582618 -0.01290479 -0.63070226
v -0.12122917 -0.00722644 -0.63620949
v -0.12981895 -0.00953100 -0.60751623
v -0.10403481 -0.01331102 -0.60245591
v -0.11501486 -0.01132624 -0.57370019
v -0.13911894 -0.01021679 -0.57928604
v -0.05755818 -0.15130529 -0.66045517
v -0.09606960 -0.15103629 -0.60757530
v -0.06632314 -0.13539037 -0.60306501
v -0.06161303 -0.14289814 -0.63052660
v -0.09371217 -0.15958151 -0.63508052
v -0.20002595 -0.12205560 -0.68958974
v -0.09841122 -0.00367196 -0.69014251
v -0.08662850 -0.00421700 -0.71153384
v -0.16982561 -0.01861600 -0.64228344
v -0.19056597 -0.03626875 -0.64283812
v -0.18697470 -0.03139506 -0.67445970
v -0.16351725 -0.01289647 -0.67337316
v -0.18349439 -0.13808325 -0.62819570
v -0.15975952 -0.15284581 -0.62190932
v -0.16005388 -0.15927568 -0.64890951
v -0.18377975 -0.14284140 -0.65565085
v -0.12958512 -0.15567003 -0.61434460
v -0.12878510 -0.16405305 -0.64137322
v -0.10102623 -0.13550591 -0.55308688
v -0.07525891 -0.11924896 -0.54909164
v -0.07052721 -0.12726445 -0.57558608
v -0.09867985 -0.14289244 -0.58008057
v -0.13211235 -0.14221264 -0.56085110
v -0.13120013 -0.14862132 -0.58735061
v -0.16080180 -0.14684105 -0.59444213
v -0.16034684 -0.14119075 -0.56745595
v -0.18186609 -0.12895003 -0.57523680
v -0.18338770 -0.13376039 -0.60172796
v -0.19916257 -0.11369681 -0.60685390
v -0.19728309 -0.11117026 -0.58089340
v -0.20566472 -0.08970375 -0.61083400
v -0.20304382 -0.06394496 -0.61420155
v -0.20260008 -0.06624337 -0.58688593
v -0.20363596 -0.08980431 -0.58492458
v -0.18106420 -0.02652485 -0.58588225
v -0.19579470 -0.04416098 -0.58735526
v -0.19330679 -0.04023618 -0.61460978
v -0.17556293 -0.02282690 -0.61311209
v -0.20009631 -0.03938755 -0.47836113
v -0.20160343 -0.05793725 -0.47972375
v -0.20164555 -0.05342493 -0.50747967
v -0.19770938 -0.03408822 -0.50656623
v -0.20419012 -0.07573957 -0.48108196
v -0.20259269 -0.09271431 -0.48091739
v -0.20046136 -0.09048510 -0.50674379
v -0.20144936 -0.07239939 -0.50785726
v -0.17621633 -0.11845858 -0.49827403
v -0.19267091 -0.10660419 -0.50357068
v -0.19388132 -0.10876881 -0.47822255
v -0.17668566 -0.12015980 -0.47290945
v -0.15711506 -0.12898119 -0.46703327
v -0.15711558 -0.13050529 -0.49100137
v -0.13526490 -0.12436224 -0.45988917
v -0.13431633 -0.12952852 -0.48343235
v -0.11065566 -0.11307427 -0.47798800
v -0.11265467 -0.10932466 -0.45497191
v -0.15557308 -0.01019118 -0.46659684
v -0.17574240 -0.01273292 -0.47172904
v -0.16832370 -0.00858004 -0.49941963
v -0.14852794 -0.00815773 -0.49335641
v -0.10709346 -0.03169208 -0.48218817
v -0.08504991 -0.04711786 -0.47788560
v -0.09667002 -0.04567068 -0.45403206
v -0.11941154 -0.03207619 -0.45691246
v -0.13363424 -0.13625976 -0.53387815
v -0.10345209 -0.12812951 -0.52609426
v -0.17956007 -0.12396936 -0.54922307
v -0.15914677 -0.13598141 -0.54144847
v -0.18632677 -0.02929432 -0.56009716
v -0.19736168 -0.04744151 -0.56154436
v -0.12644719 -0.00990864 -0.54593712
v -0.14889869 -0.00937481 -0.55249560
v -0.06613479 -0.08444329 -0.52436924
v -0.07916289 -0.11029197 -0.52452433
v -0.08330214 -0.10212147 -0.49899799
v -0.07078233 -0.07684786 -0.49788237
v -0.13419250 -0.13285567 -0.50890082
v -0.15814307 -0.13232636 -0.51596242
v -0.17736059 -0.12003926 -0.52371991
v -0.19307128 -0.10672744 -0.52946872
v -0.19978908 -0.08936436 -0.53260648
v -0.20059261 -0.07026154 -0.53418636
v -0.19942382 -0.05031085 -0.53475308
v -0.19215105 -0.03156544 -0.53381896
v -0.15888022 -0.00883400 -0.52620161
v -0.13813014 -0.00906870 -0.51965374
v -0.07653864 -0.07132968 -0.47486740
v -0.08833091 -0.09612902 -0.47498947
v -0.09447148 -0.09468124 -0.45254821
v -0.08705810 -0.06818326 -0.45292324
v -0.09760536 -0.06755428 -0.43151826
v -0.10746574 -0.04756550 -0.43267995
v -0.20763063 -0.07938407 -0.45431954
v -0.20461828 -0.09587130 -0.45413142
v -0.19549839 -0.11175081 -0.45142919
v -0.15916377 -0.12982793 -0.44215554
v -0.13443600 -0.12170490 -0.43491328
v -0.11374207 -0.10628642 -0.43049556
v -0.10021713 -0.09038687 -0.43151170
v -0.18288857 -0.02538985 -0.41636008
v -0.17851305 -0.02000124 -0.44454402
v -0.16103472 -0.01672044 -0.44088888
v -0.16458899 -0.02300272 -0.41271472
v -0.20787534 -0.04769269 -0.42144567
v -0.21572964 -0.06452820 -0.42478991
v -0.20373279 -0.06231017 -0.45198613
v -0.19851799 -0.04485074 -0.45060921
v -0.21730395 -0.08400179 -0.42617166
v -0.21192576 -0.10268966 -0.42551601
v -0.20131382 -0.11902919 -0.42427403
v -0.18012115 -0.12413654 -0.44810772
v -0.18351525 -0.13061491 -0.42091304
v -0.15967610 -0.13114020 -0.41482949
v -0.12994510 -0.12113240 -0.40847796
v -0.11495508 -0.10083933 -0.37421840
v -0.11335618 -0.09762961 -0.40345001
v -0.12998497 -0.12364260 -0.37970573
v -0.13082106 -0.07508060 -0.27908421
v -0.12811896 -0.09927206 -0.28051871
v -0.13496932 -0.09565289 -0.24729335
v -0.13683517 -0.07414245 -0.24492729
v -0.16859949 -0.02525893 -0.38397604
v -0.18967625 -0.02622589 -0.38664293
v -0.21798667 -0.04808718 -0.39126348
v -0.22586572 -0.06714883 -0.39465243
v -0.16304755 -0.13926136 -0.35542494
v -0.15923569 -0.13525085 -0.38608462
v -0.18591002 -0.13546418 -0.39172196
v -0.19016705 -0.13892499 -0.36056709
v -0.18083031 -0.02395931 -0.28734154
v -0.20170221 -0.02537565 -0.28952688
v -0.19971725 -0.02374553 -0.32220596
v -0.17713618 -0.02241441 -0.32049423
v -0.22489828 -0.04668692 -0.35954875
v -0.22953464 -0.04638625 -0.32636833
v -0.23785302 -0.06596036 -0.32879472
v -0.23357323 -0.06684479 -0.36199033
v -0.17020930 -0.13527153 -0.28799868
v -0.16686435 -0.13930896 -0.32273197
v -0.19356813 -0.13967636 -0.32690716
v -0.19568750 -0.13617824 -0.29119569
v -0.13456079 -0.12699360 -0.35001743
v -0.13976943 -0.12664610 -0.31830716
v -0.12278061 -0.10272327 -0.31326681
v -0.11786997 -0.10175484 -0.34495372
v -0.12500250 -0.07587715 -0.31226307
v -0.12087022 -0.07433983 -0.34345758
v -0.05011542 -0.00080366 -0.77242005
v -0.07188346 -0.00307235 -0.76315093
v -0.08906654 -0.00499432 -0.76482201
v -0.20035860 -0.03731717 -0.21647418
v -0.20127910 -0.03127855 -0.25349009
v -0.18201733 -0.02953994 -0.25131404
v -0.18327981 -0.03583292 -0.21432436
v -0.23784842 -0.06750611 -0.29365194
v -0.23046133 -0.04820772 -0.29270571
v -0.22672981 -0.05210698 -0.25610816
v -0.23343842 -0.06943320 -0.25749695
v -0.17527577 -0.12161352 -0.21303093
v -0.17304039 -0.12917443 -0.25126517
v -0.19646263 -0.12940726 -0.25345159
v -0.19703317 -0.12138862 -0.21519208
v -0.14216064 -0.09245740 -0.21017170
v -0.14819273 -0.11778878 -0.24981880
v -0.15417200 -0.11224211 -0.21166122
v -0.14603794 -0.08703800 -0.17395043
v -0.14746231 -0.06926855 -0.17263186
v -0.14307919 -0.07213143 -0.20879710
v -0.18374592 -0.04103348 -0.17828226
v -0.19925852 -0.04079950 -0.18038249
v -0.22581573 -0.06822432 -0.18509734
v -0.22871913 -0.07001611 -0.22033501
v -0.22252557 -0.05444761 -0.21898639
v -0.21954519 -0.05432568 -0.18280435
v -0.22342129 -0.10327313 -0.21801746
v -0.22905287 -0.08733767 -0.21970761
v -0.22591503 -0.08448535 -0.18444645
v -0.21980202 -0.09888275 -0.18272090
v -0.19636245 -0.11258573 -0.18081284
v -0.21251853 -0.11507446 -0.21717036
v -0.20991661 -0.10752117 -0.18182039
v -0.17612469 -0.11392681 -0.17868876
v -0.15655023 -0.10569098 -0.17637968
v -0.14769924 -0.01287745 -0.76261860
v -0.11875596 -0.00524515 -0.75143707
v -0.13148665 -0.00730706 -0.74427426
v -0.15986624 -0.01988165 -0.75701469
v -0.05951730 -0.02960218 -0.65071255
v -0.06989740 -0.02691627 -0.62291402
v -0.09084892 -0.02153940 -0.56683010
v -0.07918166 -0.02466939 -0.59462500
v -0.10359789 -0.02006606 -0.53907883
v -0.11617605 -0.01898115 -0.51182216
v -0.12864321 -0.01636892 -0.48648798
v -0.13818669 -0.01745422 -0.46119928
v -0.14330739 -0.02297408 -0.43546778
v -0.14473987 -0.02859373 -0.40774828
v -0.15140533 -0.03239350 -0.35024345
v -0.17306165 -0.02395846 -0.35272795
v -0.14782214 -0.03236855 -0.38000798
v -0.15818913 -0.03288069 -0.28485715
v -0.15482032 -0.03163343 -0.31850749
v -0.16205966 -0.03724612 -0.24834287
v -0.16615954 -0.04212948 -0.21037567
v -0.16844903 -0.04683315 -0.17629540
v -0.01633609 -0.07344326 -0.74838537
v -0.02778704 -0.04468623 -0.74450195
v -0.02351511 -0.04902519 -0.76164550
v -0.01452934 -0.07722639 -0.77091551
v -0.07896192 -0.00877022 -0.76186812
v -0.09487339 -0.00672930 -0.76393616
v -0.09174453 -0.00815775 -0.76588839
v -0.07615191 -0.00909457 -0.76428992
v -0.10683475 -0.12046006 -0.50154763
v -0.19421737 -0.10873002 -0.55541164
v -0.20098825 -0.08949683 -0.55851245
v -0.20073354 -0.06845678 -0.56102037
v -0.10469957 -0.00684169 -0.76940763
v -0.08168314 -0.03503302 -0.53281426
v -0.06719042 -0.05662876 -0.52773148
v -0.07532373 -0.05085182 -0.50180334
v -0.09322622 -0.03048451 -0.50596678
v -0.11829380 -0.07117438 -0.37023795
v -0.13399863 -0.05093018 -0.34653670
v -0.12986824 -0.04887839 -0.37478983
v -0.11370218 -0.06986878 -0.39410484
v -0.21982929 -0.10922364 -0.39641219
v -0.20680940 -0.12562636 -0.39514810
v -0.22768338 -0.11246470 -0.36528796
v -0.22598055 -0.08885855 -0.39655328
v -0.23450685 -0.08976344 -0.36490035
v -0.05937287 -0.04397900 -0.58504814
v -0.04933086 -0.07011227 -0.57912230
v -0.05872687 -0.06335738 -0.55318689
v -0.07061195 -0.03899047 -0.55867743
v -0.16224155 -0.13986312 -1.07868659
v -0.18028651 -0.12700510 -1.08263516
v -0.02796539 -0.13549078 -1.18892086
v -0.04493695 -0.13849245 -1.17681074
v -0.03395034 -0.12467329 -1.16940510
v -0.01975748 -0.12423553 -1.18183780
v -0.03536009 -0.14387600 -1.19911408
v -0.05267809 -0.14778322 -1.18702543
v -0.04319343 -0.14981692 -1.21133900
v -0.22236051 -0.01222653 -1.38876235
v -0.21900743 -0.01083047 -1.40042627
v -0.05967344 -0.15471962 -1.19956744
v -0.08553316 -0.16603112 -1.25825548
v -0.08968902 -0.16409147 -1.26521862
v 0.00602531 -0.03898389 -1.14061725
v 0.00768276 -0.01483833 -1.13914120
v -0.00040627 -0.01549682 -1.15993416
v 0.01574431 -0.05626372 -0.95926011
v -0.00547045 -0.04278968 -0.84097445
v -0.00030573 -0.05031484 -0.86769927
v -0.00491105 -0.07523575 -0.87166202
v -0.03445077 -0.00779220 -0.78291070
v -0.22587365 -0.07849565 -1.15807354
v -0.22231299 -0.07673343 -1.13577592
v -0.23542747 -0.05571322 -1.33461702
v -0.23552856 -0.03605286 -1.32909536
v -0.22860625 -0.05382599 -1.36290836
v -0.22533557 -0.05219408 -1.37530124
v -0.22628334 -0.03315241 -1.36961699
v 0.01616167 0.01065378 -1.09128439
v 0.01913782 0.01028428 -1.06952369
v -0.22895253 -0.03463952 -1.35758173
v -0.21131118 -0.02626652 -1.41641498
v -0.00300598 0.00908297 -1.15708637
v 0.00439393 0.00981970 -1.13611531
v -0.20597634 -0.02077936 -1.42626810
v -0.09910598 -0.00571741 -0.76053739
v -0.12170029 -0.00714153 -0.76664782
v -0.11238668 -0.00670888 -0.76752567
v -0.05256505 -0.01863670 -0.72516960
v -0.07560797 -0.00582803 -0.72758013
v -0.06717668 -0.00822114 -0.74024755
v -0.04508947 -0.02218038 -0.74080050
v -0.07662304 -0.18768521 -0.76786596
v -0.11492348 -0.19870695 -0.77505374
v -0.21380901 -0.10179480 -0.74794126
v -0.15129133 -0.19556051 -1.15339971
v -0.15993653 -0.20547053 -1.15636885
v -0.16268438 -0.19548635 -1.17579782
v -0.15311389 -0.18632025 -1.17283463
v -0.24143359 -0.08427575 -1.23348129
v -0.23459062 -0.09134877 -1.20684016
v -0.12647825 -0.08683805 -1.41423678
v -0.11930523 -0.16301778 -1.41312575
v -0.09504215 -0.15498082 -1.40112662
v -0.09981698 -0.14544119 -1.40391350
v -0.12371757 -0.15170223 -1.41623986
v -0.11973696 -0.00901372 -0.77521527
v -0.19753718 -0.16559070 -1.36020041
v -0.18610075 -0.16662724 -1.37842953
v -0.19365337 -0.15500984 -1.37955296
v -0.20549464 -0.15330447 -1.36033738
v -0.26019242 -0.06260981 -0.88683748
v -0.25713107 -0.09253199 -0.88716185
v -0.20962602 -0.05920517 -1.07289338
v -0.20756918 -0.07951386 -1.07071471
v -0.21300367 -0.07683168 -1.09159827
v -0.17094445 -0.01662120 -0.77537680
v -0.18221092 -0.01878790 -0.78017062
v -0.21515915 -0.05713952 -1.09440076
v -0.23147708 -0.11459076 -1.22009838
v -0.22038339 -0.12843966 -1.20384097
v -0.00068206 -0.02233310 -1.25099981
v 0.00214993 -0.03884131 -1.25588226
v 0.01021876 -0.03923111 -1.23761415
v 0.00604916 -0.02297885 -1.23143685
v -0.17710704 -0.20775817 -1.21709728
v -0.18029566 -0.19155058 -1.22993314
v -0.17420854 -0.18136521 -1.21956396
v -0.17293793 -0.19359700 -1.20193470
v -0.15856150 -0.19303106 -0.78318095
v -0.19330499 -0.17013723 -0.76913804
v -0.14780116 -0.15124655 -1.10918427
v -0.17172432 -0.14203236 -1.11301875
v -0.16690825 -0.13854514 -1.09543753
v -0.14419544 -0.14890002 -1.09151554
v -0.14833078 -0.15942496 -1.15631223
v -0.14925718 -0.15526040 -1.14164340
v -0.14816429 -0.16492707 -1.17046571
v -0.15325080 -0.17075165 -1.25618410
v -0.15544771 -0.16127375 -1.25786316
v -0.16313133 -0.17255788 -1.25980461
v -0.03309348 -0.04067801 -0.72493255
v -0.01893019 -0.04996139 -0.79410636
v -0.01532050 -0.04354252 -0.80835432
v -0.10651837 -0.00773490 -0.76993173
v -0.13003273 -0.06167230 -1.42964506
v -0.11551896 -0.05585943 -1.42438030
v -0.13617541 -0.15849093 -1.24246061
v -0.13980025 -0.15986505 -1.22649372
v -0.12289775 -0.16834152 -1.25080287
v -0.13870734 -0.17127958 -1.24739718
v -0.13729416 -0.17503361 -1.24109256
v -0.12030752 -0.17207670 -1.24407411
v -0.15265590 -0.17343232 -1.24699581
v -0.15231323 -0.17694354 -1.24121571
v -0.04665265 -0.12234061 -1.32217574
v -0.05792355 -0.12566984 -1.33948064
v -0.05695631 -0.13647896 -1.33422208
v -0.04683036 -0.13353173 -1.31745493
v -0.04589837 -0.11014215 -1.32415330
v -0.04437543 -0.09590409 -1.32461715
v -0.05664515 -0.09878940 -1.34283888
v -0.05752615 -0.11325753 -1.34215975
v -0.08842844 -0.06299368 -1.38658226
v -0.10191644 -0.08146804 -1.39581525
v -0.08097856 -0.04258944 -1.37846863
v -0.07686066 -0.02428399 -1.37299407
v -0.21557593 -0.03012507 -1.40529764
v -0.22000647 -0.03083833 -1.39314198
v -0.21693084 -0.05210293 -1.39878893
v -0.21030611 -0.05323206 -1.41022730
v -0.10521880 -0.04892015 -1.41253901
v -0.09643732 -0.03645246 -1.40548706
v -0.08869003 -0.02273914 -1.39139783
v -0.09483909 -0.23563369 -1.22711384
v -0.09322204 -0.24163729 -1.20437968
v -0.16134781 -0.06328947 -1.44121790
v -0.14549173 -0.06460035 -1.43596041
v -0.11066910 -0.24536109 -1.22950792
v -0.10831734 -0.25091404 -1.20611656
v -0.10306506 -0.13464072 -1.40446186
v -0.08316171 -0.13804917 -1.38284147
v -0.08566761 -0.12630309 -1.38281417
v -0.10357627 -0.04587559 -1.42101121
v -0.09577963 -0.03506466 -1.41436851
v -0.10348660 -0.19767976 -0.81156123
v -0.06977916 -0.18749245 -0.80419046
v -0.06519156 -0.14662023 -1.06383300
v -0.08933982 -0.15430017 -1.06776321
v 0.01880845 -0.01295751 -1.09295213
v 0.02136243 -0.01209749 -1.06958318
v -0.08668584 -0.01073889 -1.41635835
v 0.02102583 -0.03531251 -1.02351904
v 0.02226978 -0.01260614 -1.01865613
v 0.02216571 -0.01209578 -1.04514921
v 0.02020464 -0.03422877 -1.04768717
v 0.02296000 -0.00421995 -0.98159826
v 0.02227729 -0.00542257 -0.99359775
v -0.00751736 -0.00850736 -0.82321054
v -0.00784970 -0.02046598 -0.82296443
v -0.07111976 -0.18920147 -1.29068387
v -0.07951778 -0.20196103 -1.30424130
v -0.08011393 -0.20645064 -1.28538370
v -0.07191950 -0.19232811 -1.27368593
v 0.01451426 -0.05547410 -1.02667236
v 0.00290203 -0.07623376 -1.02927661
v -0.08247894 -0.16603929 -1.25015008
v -0.06585095 -0.16166088 -1.25919807
v 0.00038311 -0.01453908 -1.17871547
v 0.01194070 -0.05572798 -1.24243093
v 0.00342698 -0.05596619 -1.25811303
v 0.00231826 -0.07226095 -1.26007545
v 0.01114596 -0.07146770 -1.24560821
v -0.11532702 -0.00884479 -0.77003956
v -0.18230432 -0.20890090 -1.29713571
v -0.17810673 -0.21433695 -1.28724992
v -0.17239326 -0.21874227 -1.29592323
v -0.17644586 -0.21339498 -1.30666423
v -0.10249483 -0.00250556 -0.73363739
v -0.11445172 -0.00215932 -0.71909106
v -0.18144545 -0.03123230 -0.76429081
v -0.16740943 -0.01850238 -0.77073908
v -0.03275664 -0.05759615 -0.66859895
v -0.02516334 -0.06377459 -0.69649446
v -0.04119673 -0.05254976 -0.64024585
v -0.05043946 -0.04801445 -0.61142218
v -0.12608576 -0.03655685 -0.43215227
v -0.12436196 -0.04563360 -0.40398276
v -0.13865447 -0.05245082 -0.31485844
v -0.19950578 -0.02139987 -0.77819264
v -0.14346546 -0.05336600 -0.28121549
v -0.14843158 -0.05458338 -0.24562597
v -0.15347600 -0.05520722 -0.20855975
v -0.15591013 -0.05644755 -0.17343462
v -0.12463328 -0.25525972 -1.20330882
v -0.12966493 -0.25051355 -1.22814691
v -0.14667243 -0.24729633 -1.21966827
v -0.13962698 -0.25348744 -1.19603026
v -0.12840030 -0.16899094 -1.19398701
v -0.11306074 -0.16902237 -1.19982290
v -0.11275934 -0.17525721 -1.18028164
v -0.12773436 -0.17601369 -1.17592359
v -0.12705553 -0.18257318 -1.15620196
v -0.14010812 -0.18760045 -1.15398669
v -0.14132023 -0.17975608 -1.17362678
v -0.16518883 -0.21770281 -1.16350389
v -0.16508327 -0.22935224 -1.17191851
v -0.17077786 -0.21970394 -1.19345915
v -0.16919464 -0.20602787 -1.18315554
v -0.15214781 -0.24771322 -1.18840337
v -0.15900314 -0.24005629 -1.21011722
v -0.16711819 -0.23029085 -1.20157373
v -0.16098452 -0.23901841 -1.18019366
v -0.08446085 -0.18917523 -1.17161357
v -0.09715100 -0.18279581 -1.16458690
v -0.09760462 -0.17679355 -1.18590522
v -0.08451883 -0.18298824 -1.19353497
v -0.09351546 -0.21645941 -1.31559801
v -0.09421119 -0.22102769 -1.29319358
v -0.07988051 -0.16296700 -1.28500807
v -0.06819576 -0.16384110 -1.29703331
v -0.07113130 -0.16333634 -1.29131162
v -0.08487740 -0.15626168 -1.28255630
v -0.08199909 -0.21692693 -1.24473596
v -0.08063513 -0.21144047 -1.26559651
v -0.09424713 -0.22462370 -1.27220976
v -0.09472335 -0.22965828 -1.24970949
v -0.08453966 -0.17704496 -1.21533871
v -0.15960081 -0.01477744 -0.77596241
v -0.09762673 -0.17099051 -1.20679581
v -0.09671922 -0.16420726 -1.22768831
v -0.08296698 -0.16957544 -1.23547828
v -0.16452727 -0.18489940 -1.19496179
v -0.16511057 -0.17417508 -1.21288943
v -0.06889524 -0.17499624 -1.27796280
v -0.07185453 -0.17727526 -1.26174414
v -0.06280398 -0.15936451 -1.24927568
v -0.11546706 -0.17348261 -1.22802556
v -0.11783379 -0.17337544 -1.23674822
v -0.00931300 -0.12460477 -1.19639933
v -0.00531092 -0.12553243 -1.21179795
v -0.08071098 -0.16076353 -1.19073296
v -0.08688181 -0.16532987 -1.20590639
v -0.01643610 -0.13291872 -1.20194745
v -0.01146062 -0.13086259 -1.21223903
v -0.00939707 -0.08120220 -1.13758111
v -0.08402760 -0.02337274 -1.38251066
v -0.07339592 -0.19571234 -1.25409007
v -0.07491778 -0.18045689 -1.24404466
v -0.17786813 -0.17177060 -1.25076473
v -0.17052028 -0.16661635 -1.24590349
v -0.17331304 -0.17200135 -1.23365736
v -0.21516392 -0.02424023 -0.78670657
v -0.23061618 -0.02681731 -0.79960996
v -0.18009174 -0.18000324 -1.24038672
v -0.21978381 -0.14521970 -1.24413788
v -0.22570300 -0.13172381 -1.23247576
v -0.21492127 -0.14243653 -1.21817374
v -0.20963758 -0.15363675 -1.23184180
v -0.15753591 -0.22529370 -1.30534434
v -0.14679106 -0.22996153 -1.30518055
v -0.14836334 -0.22477981 -1.32313704
v -0.16021943 -0.22019771 -1.31967998
v -0.13175970 -0.23213245 -1.30400920
v -0.11288331 -0.23028930 -1.30036914
v -0.11315741 -0.22622372 -1.32224345
v -0.13293973 -0.22734094 -1.32477868
v -0.15219431 -0.19198504 -0.85539937
v -0.12365386 -0.19607008 -0.85080689
v -0.03630425 -0.13740765 -0.98410517
v -0.02017455 -0.11874242 -0.97698003
v -0.01334079 -0.10282771 -0.88231051
v -0.03658246 -0.02716786 -0.76524365
v -0.06101567 -0.01120370 -0.75734562
v -0.12647806 -0.00310428 -0.69724333
v -0.09163904 -0.19517802 -0.84510410
v -0.13667719 -0.00556443 -0.66954589
v -0.14574850 -0.00949446 -0.63991284
v -0.20305878 -0.06211511 -0.64152235
v -0.20632255 -0.09007861 -0.63820511
v -0.20666018 -0.09045615 -0.66655028
v -0.20231797 -0.05960256 -0.67224187
v -0.19942421 -0.11631633 -0.63328904
v -0.19963767 -0.11921925 -0.66070640
v -0.06057014 -0.09354028 -0.54990023
v -0.23914520 -0.08954272 -0.33074445
v -0.23171112 -0.10998625 -0.29444182
v -0.23201510 -0.11223578 -0.33112895
v -0.23859394 -0.08919108 -0.29458141
v -0.21610846 -0.12956388 -0.32985520
v -0.21267176 -0.12904504 -0.36400801
v -0.14333129 -0.12286421 -0.28455812
v -0.23402856 -0.08909497 -0.25691891
v -0.22755364 -0.10721269 -0.25624108
v -0.21454835 -0.12151594 -0.25542367
v -0.21645908 -0.12695771 -0.29365587
v -0.09200987 -0.00313987 -0.74380708
v -0.04388659 -0.16505876 -0.76074433
v -0.03979252 -0.16479585 -0.79318607
v -0.01354188 -0.10820419 -0.80645478
v -0.01333809 -0.07863537 -0.79291558
v -0.01352251 -0.09678592 -1.05280793
v -0.02775839 -0.11628135 -1.05529022
v -0.03360651 -0.11557326 -1.09697950
v -0.05061188 -0.13166466 -1.09954286
v -0.04813270 -0.13209580 -1.07925367
v -0.03097125 -0.11563351 -1.07570434
v -0.09583815 -0.15223169 -1.10430205
v -0.12225587 -0.15481439 -1.10656464
v -0.11905951 -0.15400358 -1.08856416
v -0.09299068 -0.15258196 -1.08583975
v -0.11512239 -0.15579031 -1.07146335
v -0.13998121 -0.15051937 -1.07489717
v -0.21031758 -0.09431879 -1.10938656
v -0.19963813 -0.11101647 -1.10497570
v -0.20492211 -0.11255538 -1.12459874
v -0.21504179 -0.09526475 -1.13057995
v -0.01112580 -0.03244974 -0.81835067
v -0.08083877 -0.00634391 -0.75695264
v -0.01944084 -0.06888594 -0.72340977
v -0.01284600 -0.10550708 -0.75143528
v -0.02213007 -0.13728674 -0.75460368
v -0.12273906 -0.15804312 -1.24737418
v -0.19466940 -0.17270200 -1.25612199
v -0.20114903 -0.17113136 -1.26577139
v -0.13193452 -0.23738551 -1.28093779
v -0.11333422 -0.23533706 -1.27698720
v -0.07934240 -0.16435769 -1.25289500
v -0.07931322 -0.19865766 -1.32157683
v -0.07070471 -0.18576474 -1.30712926
v -0.06975737 -0.18228421 -1.32228625
v -0.02399673 -0.13253580 -0.87055087
v -0.03699028 -0.16154483 -0.85611320
v -0.02381512 -0.13543747 -0.84569252
v -0.15332597 -0.01342696 -0.77221048
v -0.02001726 -0.05119476 -0.77826464
v -0.15339382 -0.01220205 -0.61121851
v -0.16113955 -0.01450808 -0.58349419
v -0.16907986 -0.01610778 -0.55722314
v -0.17754078 -0.01700058 -0.53094304
v -0.18580517 -0.01808272 -0.50368780
v -0.19108300 -0.02329669 -0.47648615
v -0.19151747 -0.03044920 -0.44781053
v -0.19737953 -0.03406718 -0.41960561
v -0.19526108 -0.02509739 -0.35492069
v -0.21183407 -0.03298229 -0.35719359
v -0.20557775 -0.03402046 -0.38939595
v -0.21634319 -0.03223012 -0.32400286
v -0.21767879 -0.03417573 -0.29083526
v -0.21568064 -0.03939819 -0.25476956
v -0.21070150 -0.04644041 -0.18256068
v -0.21279007 -0.04437982 -0.21869040
v -0.12735558 -0.00939527 -0.77334291
v -0.13951482 -0.01114653 -0.77276337
v -0.08818500 -0.11150549 -1.38144350
v -0.10295961 -0.16863623 -1.25072181
v -0.10649037 -0.16514763 -1.25725091
v -0.07578404 -0.16238537 -1.26838112
v -0.16589195 -0.23132603 -1.23019171
v -0.15432917 -0.24035718 -1.24137366
v -0.09486930 -0.15905879 -1.24690986
v -0.10026602 -0.15267462 -1.27626050
v -0.09441220 -0.16057695 -1.27468371
v -0.05955447 -0.25741488 -0.99943274
v -0.07020966 -0.26617616 -0.99849021
v -0.06555552 -0.26028666 -0.97878635
v -0.05656452 -0.25111699 -0.97998106
v -0.05443728 -0.24468522 -1.00010550
v -0.05285162 -0.23917662 -0.98092747
v -0.09633671 -0.19769929 -0.99322242
v -0.08234993 -0.20102262 -0.99681681
v -0.08191318 -0.20121650 -0.97678703
v -0.09547548 -0.19857766 -0.97320223
v -0.05302138 -0.22218102 -0.96251392
v -0.05939176 -0.21229239 -0.96188962
v -0.05990731 -0.21532659 -0.98100770
v -0.05395781 -0.22674559 -0.98166668
v -0.12238218 -0.21022587 -0.98786390
v -0.12824741 -0.22266321 -0.98816967
v -0.13188142 -0.22006772 -1.00696123
v -0.12459065 -0.20744465 -1.00688219
v -0.09225743 -0.20207040 -1.07448697
v -0.10524559 -0.19656879 -1.06864107
v -0.10211949 -0.19687673 -1.08363891
v -0.09019403 -0.20397665 -1.09025991
v -0.06658231 -0.26938042 -1.03967702
v -0.07971720 -0.27599767 -1.03859365
v -0.07504971 -0.27134174 -1.01867008
v -0.06281283 -0.26336858 -1.01936865
v -0.06174175 -0.22552121 -1.04119551
v -0.07092221 -0.21267128 -1.04029500
v -0.07212350 -0.21710329 -1.06176817
v -0.06455751 -0.23163074 -1.06296217
v -0.07256670 -0.27491263 -1.06121874
v -0.08662228 -0.27894834 -1.05960417
v -0.06002707 -0.21818288 -1.00036263
v -0.07030497 -0.20805241 -0.99977142
v -0.07038704 -0.20977809 -1.02008045
v -0.06056027 -0.22144277 -1.02070665
v -0.11428043 -0.21345572 -0.95072198
v -0.11776976 -0.22509882 -0.95098877
v -0.12337348 -0.22436269 -0.96934813
v -0.11877997 -0.21208696 -0.96905798
v -0.06940167 -0.20584276 -0.96014810
v -0.08101498 -0.20133810 -0.95748413
v -0.06999188 -0.20703128 -0.97971857
v -0.08572744 -0.26081130 -0.95627666
v -0.07258852 -0.25960195 -0.95783454
v -0.07844020 -0.26490521 -0.97753841
v -0.09268436 -0.26502427 -0.97596943
v -0.09587881 -0.19749339 -1.03424978
v -0.08252642 -0.20286424 -1.03801334
v -0.08255886 -0.20127846 -1.01758623
v -0.09646606 -0.19733420 -1.01373434
v -0.05820889 -0.25623465 -1.04043198
v -0.05603105 -0.25005814 -1.02001357
v -0.09947684 -0.26822725 -0.99588466
v -0.08428151 -0.26995644 -0.99748135
v -0.09010765 -0.27351978 -1.01788294
v -0.10620835 -0.27043334 -1.01602364
v -0.12531652 -0.26146275 -1.03337264
v -0.13219604 -0.24674317 -1.03119111
v -0.12746488 -0.24884363 -1.01164615
v -0.11908740 -0.26176834 -1.01402152
v -0.09447839 -0.19976000 -1.05504370
v -0.10902046 -0.19678065 -1.04999602
v -0.12515625 -0.20468716 -1.02661765
v -0.13422155 -0.21717109 -1.02646697
v -0.13482794 -0.21345009 -1.04532862
v -0.12421083 -0.20149603 -1.04608560
v -0.07253020 -0.25686246 -1.10470223
v -0.07776113 -0.27010116 -1.10391879
v -0.06950827 -0.26892334 -1.08427405
v -0.06541584 -0.25435248 -1.08504200
v -0.08036768 -0.27871105 -1.08249915
v -0.08947998 -0.28000036 -1.10203230
v -0.11645509 -0.27355731 -1.13001156
v -0.12644307 -0.26751953 -1.12583542
v -0.12154365 -0.26911131 -1.11262953
v -0.11121602 -0.27685165 -1.11561501
v -0.13796985 -0.25586444 -1.07014501
v -0.14068615 -0.23876283 -1.06824172
v -0.13661812 -0.24326098 -1.05009460
v -0.13162826 -0.25957453 -1.05232644
v -0.14101668 -0.21827297 -1.07992613
v -0.13297410 -0.20487951 -1.07640469
v -0.13442093 -0.20888913 -1.06269813
v -0.14064023 -0.22317897 -1.06512058
v -0.13985126 -0.20051895 -1.11961854
v -0.12738961 -0.19302996 -1.11922550
v -0.12781984 -0.19588946 -1.10744023
v -0.13966922 -0.20477070 -1.10822153
v -0.09803015 -0.19270422 -1.12772691
v -0.08652528 -0.20035441 -1.13411880
v -0.08742054 -0.20254140 -1.12195826
v -0.09860548 -0.19496679 -1.11593103
v -0.08719715 -0.25315309 -1.15960741
v -0.10115562 -0.26287574 -1.16268539
v -0.09583297 -0.26614469 -1.14908147
v -0.08378250 -0.25507027 -1.14568961
v -0.14304046 -0.25229800 -1.08477867
v -0.14375201 -0.23354238 -1.08526540
v -0.09957840 -0.19626352 -1.10582960
v -0.08872369 -0.20375475 -1.11198044
v -0.08930364 -0.20474859 -1.10223556
v -0.10027277 -0.19678640 -1.09571004
v -0.23619416 -0.01751549 -1.32610536
v -0.23375493 -0.01690900 -1.34035873
v -0.08127465 -0.22915334 -1.12523961
v -0.07814218 -0.24211113 -1.12864375
v -0.07643038 -0.24373880 -1.11546957
v -0.08059700 -0.22930795 -1.11229038
v -0.08002619 -0.25681412 -1.13213146
v -0.08964663 -0.26858246 -1.13453650
v -0.08392075 -0.27085760 -1.11864948
v -0.07614860 -0.25831687 -1.11746812
v -0.14220294 -0.25546360 -1.10742795
v -0.14918733 -0.24696095 -1.10268486
v 0.02103215 0.00859256 -0.96719360
v 0.02029442 0.00886311 -0.97989696
v -0.14642891 -0.25032938 -1.09466481
v -0.13892046 -0.25889987 -1.09879351
v -0.14028443 -0.21355170 -1.09044993
v -0.13045532 -0.20200297 -1.08804715
v -0.23239741 -0.02568626 -0.97449565
v -0.22297241 -0.02404121 -0.99195790
v -0.07923339 -0.22902432 -1.09834850
v -0.08295768 -0.21429111 -1.09515893
v -0.08285226 -0.21614511 -1.10728598
v -0.09709467 -0.27795845 -1.11830890
v -0.14903700 -0.21064118 -1.12149799
v -0.15581825 -0.22117582 -1.12446141
v -0.15793870 -0.21479571 -1.13778889
v -0.15010202 -0.20438215 -1.13432908
v -0.13973460 -0.19593313 -1.13369286
v -0.12700118 -0.18949454 -1.13453948
v -0.09728821 -0.18874329 -1.14363956
v -0.08520909 -0.19557413 -1.15043700
v -0.07768837 -0.20714493 -1.15865588
v -0.07612447 -0.22142720 -1.16778076
v -0.07804899 -0.22742312 -1.14984405
v -0.07962044 -0.21238634 -1.14162016
v -0.10500401 -0.25731853 -1.18331289
v -0.09059954 -0.24776265 -1.18145514
v -0.12007155 -0.26077965 -1.17980361
v -0.11458141 -0.26608732 -1.16135359
v -0.11379209 -0.19398540 -1.10054851
v 0.00822151 0.00543233 -0.88482106
v 0.00251733 0.00446409 -0.86169112
v -0.11283345 -0.19244888 -1.11040103
v -0.11272891 -0.26108199 -0.99416083
v -0.12179466 -0.24983563 -0.99231422
v -0.11537024 -0.24937797 -0.97294593
v -0.10564599 -0.25919592 -0.97426903
v -0.11516151 -0.23681031 -0.95217466
v -0.12174217 -0.23729691 -0.97105652
v -0.05450111 -0.23101406 -1.00080967
v -0.05535381 -0.23592359 -1.02070141
v -0.05031243 -0.23342377 -0.96173537
v -0.07430456 -0.24275203 -1.10101771
v -0.06972375 -0.23854037 -1.08427918
v -0.13581364 -0.25980335 -1.12161982
v -0.13192642 -0.26478261 -1.13841343
v -0.14143112 -0.25784916 -1.13274920
v -0.12671861 -0.26852429 -1.07370842
v -0.10971221 -0.27439490 -1.07854569
v -0.11875955 -0.26953819 -1.09710038
v -0.13375506 -0.26396790 -1.08882987
v -0.15162665 -0.24293207 -1.11093295
v -0.14538996 -0.25250071 -1.11643744
v -0.14982460 -0.24930897 -1.12643135
v -0.15466529 -0.23847342 -1.11991096
v -0.07955270 -0.24082574 -1.14121115
v -0.08041741 -0.24017537 -1.15561795
v -0.13780278 -0.26061195 -1.15133309
v -0.12668769 -0.26476413 -1.15649855
v -0.13316920 -0.25962448 -1.17270219
v -0.14497280 -0.25470850 -1.16697848
v -0.12135646 -0.26925138 -1.14352953
v -0.14764611 -0.25397903 -1.14506745
v -0.15409541 -0.24774806 -1.16014969
v -0.08074523 -0.23565215 -1.17598760
v -0.15789923 -0.23326708 -1.13070786
v -0.15462476 -0.24478036 -1.13798988
v -0.15961234 -0.23800576 -1.15243649
v -0.16124362 -0.22642034 -1.14440429
v -0.12726291 -0.23653661 -0.99014735
v -0.13186240 -0.23455158 -1.00920475
v -0.11839114 -0.19647147 -1.07780457
v -0.12187587 -0.19803931 -1.06370258
v -0.11552649 -0.19562733 -1.09033930
v -0.11090370 -0.20060790 -0.98951405
v -0.10901762 -0.20245004 -0.97023594
v -0.11123557 -0.19731610 -1.02975452
v -0.11164921 -0.19873478 -1.00926900
v -0.11273409 -0.27138934 -1.03576922
v -0.14642507 -0.22051843 -1.10212922
v -0.13960136 -0.20911916 -1.09902596
v -0.14534071 -0.22544661 -1.09452295
v -0.11201526 -0.18726204 -1.13874578
v -0.11232479 -0.19031557 -1.12232232
v -0.14782658 -0.23994774 -1.09312737
v -0.11223102 -0.18112123 -1.15926516
v -0.10457534 -0.27923849 -1.10069823
v -0.10291278 -0.27423632 -1.13319087
v -0.10904468 -0.27006635 -1.14782286
v -0.06073242 -0.25437117 -0.95932448
v -0.05667608 -0.24076971 -1.04059625
v -0.07562681 -0.22380611 -1.08282065
v -0.08270729 -0.21111076 -1.07909381
v -0.15172924 -0.23146708 -1.10581946
v -0.15383944 -0.22666247 -1.11380446
v -0.14762154 -0.21583475 -1.11059630
v -0.08002822 -0.22915067 -1.13670778
v -0.08160396 -0.21459536 -1.12910414
v -0.10582519 -0.20387092 -0.95142519
v -0.08303219 -0.21534142 -1.11862969
v -0.09541278 -0.27990517 -1.08157015
v -0.23273012 -0.03531358 -1.34389222
v -0.07457905 -0.15433677 -1.17656088
v -0.03392675 -0.11177515 -1.15443015
v -0.04770590 -0.12715907 -1.15639842
v -0.09676696 -0.16965680 -1.23289669
v -0.09996563 -0.16974920 -1.24320388
v -0.10970072 -0.16133824 -1.26559472
v -0.11421377 -0.15386978 -1.26776397
v -0.06737657 -0.15914440 -1.21298194
v 0.02053542 -0.00310922 -1.00578141
v -0.20894630 -0.07140355 -1.00815713
v -0.21139854 -0.04772682 -1.00795174
v -0.21995583 -0.05179378 -0.99101806
v -0.21527719 -0.07705811 -0.99074501
v -0.22872666 -0.05630882 -0.97214127
v -0.16041535 -0.18322149 -0.93932998
v -0.15772483 -0.17730169 -0.96116889
v -0.18199462 -0.16490625 -0.95969141
v -0.18658319 -0.17070714 -0.93738002
v -0.13045824 -0.17797174 -0.97679418
v -0.15572640 -0.17043488 -0.97908747
v -0.13041978 -0.18382308 -0.95981252
v -0.10261950 -0.18382677 -0.95465708
v -0.10322799 -0.17889577 -0.97239542
v -0.07672928 -0.17736781 -0.94597131
v -0.07712403 -0.17287922 -0.96493781
v -0.05413323 -0.16556579 -0.93598938
v -0.03546974 -0.14872529 -0.92594492
v -0.02305423 -0.12988319 -0.89418203
v -0.00995491 -0.10286622 -0.90670449
v -0.02126651 -0.12678574 -0.91608620
v 0.00538520 -0.05389281 -0.89287436
v -0.00090465 -0.07798067 -0.89854670
v 0.00947426 -0.01202823 -0.88662362
v 0.00884455 -0.03203597 -0.88922822
v -0.07136936 -0.10401452 -1.36128402
v -0.17960107 -0.11509322 -1.41715026
v -0.15766317 -0.12088635 -1.42218232
v -0.18284217 -0.09978857 -1.42151666
v -0.21576688 -0.13696605 -1.35919452
v -0.20489596 -0.13970983 -1.37886775
v -0.21802345 -0.11975919 -1.37303948
v -0.22618467 -0.11780275 -1.35537076
v -0.19789553 -0.09009587 -1.41353071
v -0.19759685 -0.08299506 -1.41595054
v -0.19802867 -0.10306022 -1.40915036
v -0.21803451 -0.07104795 -1.39392686
v -0.21131387 -0.08601139 -1.40063369
v -0.14666562 -0.16680479 -1.41004777
v -0.16965277 -0.16690266 -1.39665568
v -0.16269559 -0.17739795 -1.39374471
v -0.13986021 -0.17830849 -1.40691423
v -0.20604232 -0.16428766 -1.34285343
v -0.21152613 -0.16246109 -1.32635200
v -0.20604187 -0.17356092 -1.32749772
v -0.20019995 -0.17485763 -1.34355760
v -0.12098937 -0.20655315 -1.37432027
v -0.14339975 -0.20526452 -1.37194765
v -0.13884877 -0.21354425 -1.35900104
v -0.11761165 -0.21403600 -1.35929286
v -0.19141611 -0.17503008 -1.36020744
v -0.23854977 -0.10539386 -1.24004316
v -0.22714463 -0.13827400 -1.25755072
v -0.23366034 -0.12377261 -1.24776733
v -0.20601535 -0.17008097 -1.27612162
v -0.21173641 -0.16226996 -1.27188003
v -0.20645818 -0.16477305 -1.26003969
v -0.19501090 -0.17951177 -1.28287840
v -0.20068438 -0.17635715 -1.27950037
v -0.06563851 -0.17258617 -1.30580890
v -0.06267107 -0.16981487 -1.31534231
v -0.06958911 -0.17733794 -1.33552837
v -0.18141146 -0.17631137 -1.27580225
v -0.18008733 -0.17368743 -1.27542484
v -0.18309191 -0.17767529 -1.28016865
v -0.18467279 -0.17872459 -1.28091109
v -0.15208252 -0.15537985 -1.41268098
v -0.16033614 -0.20142914 -1.36312008
v -0.17242895 -0.19886175 -1.35225558
v -0.16760859 -0.20665738 -1.34363234
v -0.15478663 -0.20977360 -1.35309613
v -0.18326622 -0.19650739 -1.34119999
v -0.19074816 -0.19497268 -1.32930386
v -0.18541801 -0.20151582 -1.32495558
v -0.17793724 -0.20369898 -1.33509398
v -0.18601499 -0.18225966 -1.28538001
v -0.18751267 -0.18093695 -1.28731465
v -0.09436756 -0.21276909 -1.33449328
v -0.10754731 -0.18418957 -1.39908445
v -0.08498099 -0.17395791 -1.38431001
v -0.09021008 -0.16445258 -1.39497936
v -0.11386090 -0.17397873 -1.40877318
v -0.13234186 -0.15912984 -1.25467968
v -0.11832315 -0.15686513 -1.26061988
v -0.14564556 -0.16065113 -1.25071764
v -0.17128950 -0.17474127 -1.26445413
v -0.15781829 -0.16343459 -1.25058627
v -0.07305194 -0.16241598 -1.28112924
v -0.06729467 -0.17352882 -1.29294372
v -0.07309405 -0.16328807 -1.36028779
v -0.07594311 -0.15496054 -1.37077427
v -0.11468420 -0.22088420 -1.34175348
v -0.13520885 -0.22101308 -1.34293270
v -0.18272325 -0.17784531 -1.26850498
v -0.18526539 -0.18272707 -1.26174223
v -0.18558945 -0.18242936 -1.27334559
v -0.18133320 -0.17660855 -1.25929165
v -0.17707330 -0.17363416 -1.27089620
v -0.13296968 -0.18888038 -1.40034139
v -0.15146288 -0.21898066 -1.33840907
v -0.16413595 -0.21381673 -1.33210886
v -0.18844938 -0.19035284 -1.34350896
v -0.17824346 -0.19139160 -1.35680377
v -0.18462422 -0.18403317 -1.35922229
v -0.19486332 -0.18340304 -1.34404290
v -0.18042451 -0.20717677 -1.31738710
v -0.18588769 -0.20302837 -1.30642664
v -0.19620380 -0.18875749 -1.33011806
v -0.20131560 -0.18204096 -1.32905638
v -0.18788438 -0.18704352 -1.27927482
v -0.07989134 -0.14681815 -1.37883258
v -0.06899812 -0.14071204 -1.35454488
v -0.07116547 -0.13117503 -1.35919940
v -0.06359957 -0.15771306 -1.33687913
v -0.06613545 -0.14910755 -1.34692967
v -0.06203618 -0.16474755 -1.32528007
v -0.07168235 -0.11884236 -1.36054552
v -0.14967182 -0.23651093 -1.09857249
v -0.18571581 -0.18956225 -1.25478446
v -0.18266718 -0.17757925 -1.25595021
v -0.18374556 -0.18586679 -1.24802005
v -0.17248696 -0.22135606 -1.22224009
v -0.13135761 -0.26103228 -1.11109781
v -0.12929034 -0.26265383 -1.10243893
v -0.11962742 -0.27091748 -1.05536771
v -0.09626336 -0.27589884 -1.03801978
v -0.10274811 -0.27659670 -1.05812621
v -0.06235734 -0.26350266 -1.06199050
v -0.05989156 -0.24777792 -1.06311762
v -0.08220862 -0.20638065 -1.05859852
v -0.13880922 -0.22795460 -1.04736722
v -0.04410044 -0.23321068 -0.92405450
v -0.04974791 -0.24319524 -0.92235500
v -0.04441575 -0.23707379 -0.90386117
v -0.04031889 -0.22655696 -0.90507656
v -0.03920662 -0.21086168 -0.88740933
v -0.04166811 -0.21613507 -0.90536976
v -0.03612246 -0.22045678 -0.88659418
v -0.04551847 -0.20378265 -0.88757336
v -0.04732972 -0.20860419 -0.90551853
v -0.05446479 -0.20049810 -0.88710618
v -0.06406827 -0.19903828 -0.88570476
v -0.06537813 -0.20085597 -0.90285218
v -0.05579997 -0.20354521 -0.90452266
v -0.07545644 -0.20033163 -0.90074134
v -0.08545206 -0.20200753 -0.89891791
v -0.08868018 -0.20085551 -0.91675735
v -0.07758747 -0.20074955 -0.91933429
v -0.09356411 -0.21704480 -0.88073367
v -0.09298141 -0.22607815 -0.88090861
v -0.09915423 -0.22619367 -0.89709222
v -0.09910284 -0.21621822 -0.89689219
v -0.09307714 -0.24463563 -0.91645432
v -0.10105135 -0.23594449 -0.91538095
v -0.09390410 -0.23561385 -0.89747381
v -0.08604547 -0.24333510 -0.89852887
v -0.08024538 -0.24290682 -0.88185418
v -0.06976689 -0.24512604 -0.88277370
v -0.07603543 -0.24721836 -0.89924198
v -0.05293553 -0.24510255 -0.96077311
v -0.04855399 -0.23946661 -0.94254255
v -0.04743238 -0.22786011 -0.94327652
v -0.05848550 -0.20896691 -0.94251764
v -0.05128332 -0.21714535 -0.94334400
v -0.04932986 -0.21257006 -0.92442536
v -0.05716679 -0.20619985 -0.92339712
v -0.09388273 -0.19959557 -0.95391047
v -0.07962498 -0.20127413 -0.93817270
v -0.09153804 -0.20038122 -0.93533951
v -0.06691274 -0.20291658 -0.92171645
v -0.06838565 -0.20434943 -0.94081175
v -0.09831646 -0.20605487 -0.91500092
v -0.09398350 -0.20755424 -0.89740193
v -0.05981278 -0.24919204 -0.92037445
v -0.07136703 -0.25143528 -0.91857755
v -0.06468122 -0.24698335 -0.90034819
v -0.05341833 -0.24416633 -0.90189219
v -0.10212149 -0.20484853 -0.93308914
v -0.07851140 -0.25631014 -0.93706411
v -0.06631297 -0.25435427 -0.93886048
v -0.08310872 -0.25037026 -0.91720486
v -0.09059778 -0.25331977 -0.93565619
v -0.04787394 -0.23959514 -0.88464856
v -0.03930801 -0.23109941 -0.88561666
v -0.05544442 -0.24887070 -0.94084346
v -0.10447831 -0.21522512 -0.91426718
v -0.10548577 -0.22606049 -0.91449368
v -0.11169698 -0.22565226 -0.93262124
v -0.10938803 -0.21440531 -0.93237388
v -0.10817257 -0.24820212 -0.95380008
v -0.10816648 -0.23663118 -0.93378347
v -0.10070146 -0.24624854 -0.93488026
v -0.08810323 -0.23530401 -0.88104570
v -0.09816148 -0.25626969 -0.95459688
v -0.05215012 -0.18777741 -0.80720013
v -0.04912636 -0.19236103 -0.79822475
v -0.05435981 -0.19759846 -0.80399835
v -0.05553869 -0.19436216 -0.81395984
v -0.04485825 -0.16892011 -0.83117825
v -0.04110259 -0.16570254 -0.81959713
v -0.04865734 -0.16912369 -0.81314397
v -0.05299407 -0.17316720 -0.82401443
v -0.04803081 -0.18306898 -0.80047089
v -0.04345717 -0.18926990 -0.79322255
v -0.03840578 -0.19477658 -0.78693283
v -0.03768580 -0.18890110 -0.79340333
v -0.03189475 -0.19824302 -0.78767157
v -0.02685619 -0.20719825 -0.79464102
v -0.02803712 -0.21261235 -0.78303623
v -0.02992089 -0.20328386 -0.78115815
v -0.04262926 -0.22898625 -0.80353498
v -0.05242082 -0.23374982 -0.80641234
v -0.05288926 -0.23520318 -0.79105747
v -0.04311319 -0.22908323 -0.78839743
v -0.07228141 -0.23739932 -0.79910630
v -0.06248944 -0.23612262 -0.79410028
v -0.06103541 -0.23528245 -0.80945784
v -0.06970671 -0.23632091 -0.81298256
v -0.06094852 -0.20075238 -0.81853688
v -0.06039659 -0.20222680 -0.80830204
v -0.06556869 -0.20469843 -0.81011164
v -0.06656158 -0.20353074 -0.82011259
v -0.03092133 -0.19305559 -0.79513049
v -0.03450010 -0.18162230 -0.79224980
v -0.03041924 -0.18303649 -0.79419243
v -0.02707570 -0.19368856 -0.80096805
v -0.07325532 -0.19699472 -0.85326648
v -0.07588918 -0.19690940 -0.84278715
v -0.08300242 -0.19870220 -0.84142661
v -0.08143573 -0.19926511 -0.85339147
v -0.05486454 -0.18833525 -0.85535717
v -0.04261569 -0.19207111 -0.86190784
v -0.03886953 -0.18619299 -0.85442603
v -0.05157351 -0.18112938 -0.84956300
v -0.03596234 -0.17947324 -0.84498143
v -0.03397705 -0.17339021 -0.83409297
v -0.04820486 -0.17433736 -0.84084535
v -0.03261169 -0.16988376 -0.82130802
v -0.09272087 -0.20613684 -0.84582222
v -0.08954397 -0.20729713 -0.85436368
v -0.04822718 -0.19199258 -0.74569249
v -0.04255545 -0.19091161 -0.74512720
v -0.04403581 -0.18957248 -0.74120659
v -0.04945476 -0.19075347 -0.74128294
v -0.08407548 -0.23279850 -0.85579753
v -0.08953425 -0.22475408 -0.85568976
v -0.08998081 -0.22590896 -0.84961069
v -0.08321562 -0.23317198 -0.84969014
v -0.09157093 -0.22773328 -0.84184623
v -0.08294758 -0.23440000 -0.84140718
v -0.03582799 -0.19667940 -0.73980337
v -0.03626753 -0.20096517 -0.73745072
v -0.03811061 -0.19735192 -0.73251116
v -0.03769599 -0.19330637 -0.73535740
v -0.05245535 -0.19901498 -0.79423773
v -0.04596873 -0.19458470 -0.78944510
v -0.04254530 -0.19614105 -0.78162658
v -0.04000080 -0.19765878 -0.77528143
v -0.04611341 -0.19882756 -0.77414286
v -0.05048910 -0.19958484 -0.78323823
v -0.06175800 -0.20469646 -0.79737294
v -0.06145518 -0.20522705 -0.78663313
v -0.06788670 -0.20817800 -0.79115134
v -0.06833088 -0.20755139 -0.80140209
v -0.08625195 -0.21214424 -0.79629445
v -0.08631223 -0.21003285 -0.80431342
v -0.08023319 -0.20950639 -0.80424380
v -0.07967322 -0.21133539 -0.79474878
v -0.07641679 -0.21693219 -0.76942587
v -0.07777473 -0.21473049 -0.77794421
v -0.07296203 -0.21303843 -0.77639794
v -0.07200443 -0.21465749 -0.76884896
v -0.08467382 -0.23375012 -0.86168468
v -0.08964889 -0.22527501 -0.86156356
v -0.10197805 -0.23153749 -0.80123186
v -0.09399682 -0.23760644 -0.79761171
v -0.09054658 -0.23612928 -0.80707484
v -0.09816326 -0.23136327 -0.81096172
v -0.07398766 -0.23744166 -0.84822023
v -0.07495067 -0.23793370 -0.85483450
v -0.03966057 -0.20501092 -0.73512203
v -0.04168583 -0.20117468 -0.73017979
v -0.02601757 -0.18517821 -0.83425128
v -0.02559277 -0.17824034 -0.82042980
v -0.02845778 -0.19240400 -0.84638834
v -0.03416283 -0.20195486 -0.86177897
v -0.03184921 -0.19785421 -0.85459089
v -0.05446498 -0.20214108 -0.77893132
v -0.05840173 -0.20249239 -0.80022734
v -0.06979412 -0.20595117 -0.81139904
v -0.09020994 -0.20546038 -0.81867135
v -0.09167641 -0.20798017 -0.81238520
v -0.09816156 -0.21024036 -0.81469178
v -0.09834418 -0.20926580 -0.82200187
v -0.10291368 -0.21736178 -0.80193454
v -0.10500571 -0.22376767 -0.80281579
v -0.10309676 -0.22324301 -0.81133586
v -0.10217141 -0.21627420 -0.80898917
v -0.02559792 -0.18250594 -0.79633331
v -0.02381681 -0.19120528 -0.80626041
v -0.09174454 -0.21568599 -0.85528564
v -0.09409398 -0.21648097 -0.84848505
v -0.08991347 -0.21668445 -0.86188287
v -0.06593175 -0.19231638 -0.84284282
v -0.06697263 -0.19955878 -0.83127320
v -0.07138751 -0.20060308 -0.83182549
v -0.07082412 -0.19563214 -0.84368944
v -0.05780417 -0.18795007 -0.82337976
v -0.05712833 -0.17967367 -0.83346665
v -0.05470317 -0.18118300 -0.81515372
v -0.06541958 -0.19425313 -0.85435677
v -0.06263721 -0.19620654 -0.86267370
v -0.07134543 -0.19941914 -0.86208987
v -0.08029297 -0.20290378 -0.86175799
v -0.08719496 -0.20944686 -0.86171168
v -0.06284238 -0.19753234 -0.87222838
v -0.07157697 -0.20002803 -0.87065339
v -0.08044724 -0.20413184 -0.86960042
v -0.08712421 -0.21016312 -0.86905313
v -0.07547969 -0.23971076 -0.86220300
v -0.07705289 -0.24197613 -0.87032425
v -0.08598325 -0.23475577 -0.86953390
v -0.05306617 -0.19399647 -0.86302495
v -0.05344603 -0.19755526 -0.87287027
v -0.04361270 -0.19888552 -0.87304556
v -0.03671297 -0.20700656 -0.87240803
v -0.04365896 -0.17005983 -0.79479444
v -0.04665823 -0.17304869 -0.80025715
v -0.04488870 -0.16681184 -0.80573320
v -0.04159532 -0.16429606 -0.79930007
v -0.03415569 -0.19987875 -0.77478039
v -0.03532274 -0.19806288 -0.78110623
v -0.03002179 -0.20565280 -0.77363443
v -0.08750072 -0.20115589 -0.83297026
v -0.09569289 -0.20729344 -0.83708084
v -0.05067012 -0.20165834 -0.77228975
v -0.03148559 -0.20292963 -0.75796145
v -0.03131499 -0.20935316 -0.75564563
v -0.03417252 -0.20452823 -0.74336392
v -0.03393207 -0.19916011 -0.74569678
v -0.04996718 -0.20030107 -0.76101971
v -0.05233254 -0.20570217 -0.75821960
v -0.05228719 -0.20669506 -0.76410133
v -0.04925469 -0.20170145 -0.76690304
v -0.08307801 -0.21733688 -0.77340686
v -0.08414478 -0.21536703 -0.78070569
v -0.03366499 -0.22346911 -0.77402616
v -0.03278190 -0.22312067 -0.78671217
v -0.04547618 -0.22621001 -0.77370727
v -0.07890210 -0.21287778 -0.78597867
v -0.07402416 -0.21014786 -0.79344881
v -0.07383909 -0.21140006 -0.78443432
v -0.05862442 -0.20709988 -0.77247584
v -0.06083050 -0.20577621 -0.77931017
v -0.05627752 -0.20390281 -0.77605307
v -0.05407088 -0.20457926 -0.77091563
v -0.09560530 -0.23083378 -0.82191801
v -0.10206620 -0.22057834 -0.82177579
v -0.03817981 -0.19260715 -0.74316448
v -0.04016155 -0.19047023 -0.73923284
v -0.09030180 -0.22546333 -0.86914575
v -0.09045959 -0.21711896 -0.86873615
v -0.07410893 -0.20874168 -0.80343616
v -0.03290676 -0.22128224 -0.80035520
v -0.07469994 -0.20654741 -0.81292427
v -0.08931534 -0.22635731 -0.77462494
v -0.08602165 -0.23212869 -0.77275431
v -0.08496328 -0.23405053 -0.78133154
v -0.09073561 -0.22763683 -0.78174794
v -0.05210034 -0.19584413 -0.74385309
v -0.05336611 -0.20074536 -0.74054372
v -0.05257078 -0.20323379 -0.74693656
v -0.05112920 -0.19782701 -0.74974555
v -0.04018909 -0.19594519 -0.76279163
v -0.04571963 -0.19678023 -0.76237357
v -0.04517759 -0.19892254 -0.76925051
v -0.03979895 -0.19786067 -0.76966548
v -0.03443780 -0.20038830 -0.76917535
v -0.03494821 -0.19863842 -0.76084048
v -0.04331379 -0.21632966 -0.75394773
v -0.04989969 -0.21234865 -0.75490922
v -0.05076043 -0.20909788 -0.74361658
v -0.04454160 -0.21106054 -0.74115276
v -0.06740685 -0.23651725 -0.82639849
v -0.07624102 -0.23673306 -0.82893133
v -0.07896751 -0.23658188 -0.81600893
v -0.08208930 -0.23685467 -0.80285466
v -0.08535213 -0.23626119 -0.79090571
v -0.07460316 -0.23891972 -0.78621340
v -0.08679233 -0.23555267 -0.81899559
v -0.05114093 -0.22413972 -0.76492751
v -0.05202165 -0.21798402 -0.76432449
v -0.04418297 -0.21995971 -0.76331073
v -0.08189769 -0.20695172 -0.81397939
v -0.03664775 -0.19488797 -0.74905741
v -0.03376269 -0.22177282 -0.85264528
v -0.04253025 -0.23175743 -0.85244167
v -0.04284886 -0.23110448 -0.84339404
v -0.03223002 -0.21939407 -0.84427792
v -0.04704894 -0.19395822 -0.75109410
v -0.04158533 -0.19240233 -0.75100982
v -0.09128245 -0.22120120 -0.77405244
v -0.09363242 -0.21892484 -0.78013635
v -0.09011634 -0.21647702 -0.78176302
v -0.08832881 -0.21823218 -0.77445292
v -0.08398900 -0.23546611 -0.83093542
v -0.09783422 -0.23624760 -0.79102683
v -0.10592116 -0.22861032 -0.79363954
v -0.06359510 -0.23798965 -0.84690881
v -0.07432851 -0.23714711 -0.83991277
v -0.06515323 -0.23724353 -0.83811569
v -0.06467791 -0.23447613 -0.77845597
v -0.05950281 -0.23556721 -0.82337153
v -0.05750005 -0.23594254 -0.83581686
v -0.05461290 -0.23637396 -0.84581214
v -0.05341486 -0.23731163 -0.85339135
v -0.06318916 -0.23903707 -0.85400939
v -0.04634973 -0.20709179 -0.73522866
v -0.03794847 -0.20909677 -0.74202639
v -0.06346894 -0.24064575 -0.86210489
v -0.06555425 -0.24320418 -0.87121403
v -0.05337504 -0.23850594 -0.86171973
v -0.05527483 -0.24053942 -0.87130505
v -0.04914001 -0.23344859 -0.83324313
v -0.04055285 -0.22857831 -0.83110809
v -0.05138425 -0.23347318 -0.82080805
v -0.04232424 -0.22881165 -0.81745136
v -0.05342789 -0.23579030 -0.77641881
v -0.05490003 -0.19782217 -0.73610348
v -0.05660057 -0.19435929 -0.72872293
v -0.05446041 -0.19623405 -0.72580844
v -0.05294871 -0.20096982 -0.73223931
v -0.05169046 -0.20501752 -0.73768175
v -0.04830524 -0.20298237 -0.73125732
v -0.03205874 -0.22005406 -0.81424534
v -0.05638120 -0.20939435 -0.76614916
v -0.02911298 -0.21557826 -0.82951558
v -0.02453741 -0.20778410 -0.80684322
v -0.02256980 -0.20291717 -0.81674147
v -0.02621141 -0.20579323 -0.84590149
v -0.02230383 -0.19900085 -0.83351457
v -0.03218158 -0.21279779 -0.86099952
v -0.03021389 -0.20984876 -0.85383785
v -0.03423300 -0.21618162 -0.87183464
v -0.02148996 -0.18979824 -0.81964397
v -0.04711131 -0.18550958 -0.73578155
v -0.05245866 -0.18705977 -0.73537600
v -0.03671920 -0.22697696 -0.87109768
v -0.03492490 -0.22374888 -0.86026818
v -0.05098493 -0.17619717 -0.80622447
v -0.07491487 -0.20430988 -0.82216352
v -0.08081457 -0.20381533 -0.82294381
v -0.08901900 -0.20334484 -0.82496822
v -0.09788391 -0.20846476 -0.82882071
v -0.04474427 -0.23600116 -0.87111187
v -0.07344660 -0.20014799 -0.88361979
v -0.08237598 -0.20365302 -0.88206691
v -0.05879689 -0.24334446 -0.88360846
v -0.04271661 -0.18648243 -0.73282713
v -0.07192662 -0.21988933 -0.76504463
v -0.07350712 -0.22217335 -0.76559418
v -0.03892250 -0.16386595 -0.81074578
v -0.03589685 -0.16226843 -0.80311233
v -0.03104023 -0.16664766 -0.81243461
v -0.02445795 -0.17360103 -0.81055558
v -0.02387426 -0.16987965 -0.80143780
v -0.02959029 -0.16441612 -0.80333817
v -0.07549353 -0.20076025 -0.83162433
v -0.08068228 -0.20093194 -0.83143395
v -0.10012025 -0.21989866 -0.83175802
v -0.09347901 -0.22987595 -0.83238149
v -0.03060009 -0.20559825 -0.76728815
v -0.02920676 -0.21405034 -0.77330589
v -0.03049958 -0.21239083 -0.76546896
v -0.03567425 -0.21509442 -0.75482583
v -0.05035888 -0.21363364 -0.76177871
v -0.05296475 -0.21332221 -0.76326334
v -0.06146424 -0.18688928 -0.83927119
v -0.06190218 -0.19539067 -0.82869792
v -0.04388177 -0.17978366 -0.79645663
v -0.04072993 -0.17760967 -0.79247439
v -0.06728929 -0.20875333 -0.78260791
v -0.06421708 -0.23058327 -0.76616055
v -0.05555268 -0.23169741 -0.76609862
v -0.06604697 -0.21009460 -0.77480626
v -0.04079469 -0.19191271 -0.72558916
v -0.04061158 -0.18837072 -0.72942477
v -0.03485197 -0.21910670 -0.76515698
v -0.08544302 -0.21379127 -0.78825891
v -0.07086972 -0.23147917 -0.77015132
v -0.06911747 -0.22594118 -0.76464981
v -0.10592017 -0.22238842 -0.79717910
v -0.04300467 -0.23326324 -0.86078125
v -0.05621757 -0.18992130 -0.73302716
v -0.05387548 -0.19344388 -0.73942560
v -0.05015739 -0.19706821 -0.72431773
v -0.04471920 -0.19550648 -0.72472215
v -0.09720387 -0.21837991 -0.84049267
v -0.07068448 -0.20428270 -0.82114482
v -0.08952522 -0.20950271 -0.88127637
v -0.02202523 -0.17745276 -0.79864013
v -0.02266628 -0.18300027 -0.80926055
v -0.06452928 -0.21186136 -0.76872033
v -0.09259134 -0.23296452 -0.78602493
v -0.07939395 -0.23566660 -0.76885241
v -0.07378395 -0.23219562 -0.76482028
v -0.07732391 -0.23734133 -0.77717066
v -0.07322405 -0.22674558 -0.76275176
v -0.05211775 -0.19296850 -0.71985811
v -0.04692665 -0.19144724 -0.71977723
v -0.04311354 -0.18784946 -0.72162229
v -0.04288375 -0.18491691 -0.72546959
v -0.04513483 -0.18328424 -0.72936702
v -0.05608668 -0.19258416 -0.72135460
v -0.05827201 -0.19083822 -0.72427207
v -0.05788214 -0.18737486 -0.72908425
v -0.05779945 -0.18869002 -0.71738523
v -0.05392305 -0.18800573 -0.71440268
v -0.04761606 -0.18156098 -0.71323544
v -0.04862637 -0.17840274 -0.71122801
v -0.04696422 -0.17715241 -0.71411800
v -0.04537404 -0.18245226 -0.71616256
v -0.04948483 -0.17334278 -0.71113521
v -0.05044954 -0.17499676 -0.70824653
v -0.04946287 -0.18426622 -0.71281898
v -0.05127550 -0.18099107 -0.70935148
v -0.05674554 -0.17891009 -0.70643187
v -0.05322029 -0.17735441 -0.70636648
v -0.05493291 -0.18218525 -0.70989943
v -0.05282820 -0.18494916 -0.71237683
v -0.04849388 -0.18705142 -0.71530789
v -0.05475020 -0.17427130 -0.70387709
v -0.05655798 -0.17176619 -0.70531017
v -0.05244119 -0.17118849 -0.70818967
v -0.05203313 -0.17289598 -0.70626581
v -0.04501558 -0.18106696 -0.72199368
v -0.04768493 -0.17594060 -0.71800894
v -0.05080058 -0.17233875 -0.71454751
v -0.05403430 -0.17022879 -0.71111715
v -0.05331126 -0.17175999 -0.71651447
v -0.05033832 -0.17486952 -0.72094446
v -0.05605364 -0.17056309 -0.71358603
v -0.05631459 -0.17200045 -0.71752554
v -0.05421591 -0.17471971 -0.72244471
v -0.05111712 -0.18037051 -0.72838986
v -0.04716894 -0.18039736 -0.72639793
v -0.05746119 -0.17120701 -0.71507818
v -0.05809002 -0.17104489 -0.70824176
v -0.05745927 -0.18370982 -0.71142006
v -0.05939555 -0.17921963 -0.70792943
v -0.05980215 -0.18372509 -0.71339720
v -0.06120931 -0.17879845 -0.70989269
v -0.05761833 -0.17634976 -0.70443505
v -0.05976098 -0.17537317 -0.70541340
v -0.04910894 -0.18300545 -0.73184270
v -0.05429903 -0.18501887 -0.73193341
v -0.05624665 -0.18237624 -0.72847986
v -0.05887637 -0.17654274 -0.72252649
v -0.05931885 -0.18516867 -0.72514594
v -0.05968148 -0.18715169 -0.72030383
v -0.06129490 -0.18239251 -0.71582770
v -0.06147312 -0.17988102 -0.71968734
v -0.06193390 -0.17595993 -0.71521676
v -0.06216656 -0.17775795 -0.71281230
v -0.05963273 -0.17353889 -0.71710002
v -0.06170424 -0.17403425 -0.71126783
v -0.06114648 -0.17464232 -0.70785487
v -0.06142772 -0.17383970 -0.71321535
v -0.05957403 -0.17210907 -0.71413976
v -0.05913507 -0.17149243 -0.71119201
v -0.06921501 -0.20621474 -0.74031866
v -0.06433386 -0.20598178 -0.73928952
v -0.06710046 -0.20248590 -0.73436129
v -0.07223872 -0.20287462 -0.73539609
v -0.05900902 -0.21216489 -0.73447615
v -0.05993101 -0.21749656 -0.73214912
v -0.06237702 -0.21262430 -0.72621322
v -0.06196008 -0.20733865 -0.72952312
v -0.06522737 -0.22174788 -0.73179716
v -0.06751228 -0.21683697 -0.72683591
v -0.05394848 -0.21704771 -0.75504255
v -0.05373356 -0.22319220 -0.75418627
v -0.05734132 -0.22122473 -0.73903787
v -0.05658714 -0.21529903 -0.74135458
v -0.06999446 -0.21346697 -0.75952369
v -0.07244374 -0.21750678 -0.75767416
v -0.06098696 -0.20817728 -0.73734677
v -0.06386590 -0.20396633 -0.73191684
v -0.07357651 -0.20850116 -0.73991829
v -0.07640503 -0.21221995 -0.73806608
v -0.07411991 -0.21512532 -0.74494123
v -0.07147893 -0.21094716 -0.74629760
v -0.05817986 -0.20975921 -0.75884610
v -0.06444179 -0.21103825 -0.75942111
v -0.05507392 -0.21260071 -0.75691867
v -0.06607476 -0.22856684 -0.75490230
v -0.07097089 -0.22388788 -0.75534487
v -0.07401241 -0.22032614 -0.74260163
v -0.07001454 -0.22478639 -0.74020934
v -0.05825225 -0.21115768 -0.74373060
v -0.06664810 -0.20860110 -0.74669224
v -0.06150958 -0.20833541 -0.74565995
v -0.07227217 -0.22052372 -0.73330671
v -0.06277887 -0.22572197 -0.73966920
v -0.07921654 -0.20897593 -0.73314333
v -0.08181114 -0.20391273 -0.72525096
v -0.08025838 -0.20733902 -0.72237319
v -0.07816263 -0.21283482 -0.73027909
v -0.07584537 -0.21637872 -0.73570120
v -0.07454578 -0.21611276 -0.72786689
v -0.07108287 -0.19636837 -0.72646129
v -0.07623526 -0.19725117 -0.72750610
v -0.06769308 -0.19732769 -0.72449344
v -0.05826429 -0.22918323 -0.75435013
v -0.06621550 -0.20548572 -0.71926850
v -0.06604999 -0.20049635 -0.72160971
v -0.08020186 -0.20010276 -0.72711319
v -0.07655890 -0.20553409 -0.73451424
v -0.07684719 -0.21002772 -0.71995121
v -0.07070870 -0.21000418 -0.71891403
v -0.07872384 -0.20481880 -0.71498007
v -0.07342330 -0.20444579 -0.71198994
v -0.06886444 -0.20003296 -0.71283442
v -0.06863693 -0.19599305 -0.71665961
v -0.07025775 -0.19392014 -0.72005355
v -0.08180232 -0.20296748 -0.71643853
v -0.08315378 -0.20038621 -0.71884269
v -0.08191524 -0.19696532 -0.72218186
v -0.08377764 -0.19764800 -0.71146613
v -0.08124612 -0.19836536 -0.70852470
v -0.07643444 -0.18936174 -0.70292413
v -0.07818702 -0.18583280 -0.69945097
v -0.07697029 -0.18390971 -0.70184332
v -0.07410046 -0.18816726 -0.70483166
v -0.07522196 -0.19273134 -0.70542234
v -0.07225759 -0.19378604 -0.70785725
v -0.07772648 -0.19488664 -0.70597833
v -0.07956862 -0.19198446 -0.70251852
v -0.08524754 -0.18905944 -0.70007265
v -0.08175582 -0.18803664 -0.69806421
v -0.08286454 -0.19249007 -0.70451480
v -0.08080525 -0.19525976 -0.70699281
v -0.08048782 -0.18133445 -0.69889486
v -0.08007926 -0.18328804 -0.69697583
v -0.07589251 -0.19854647 -0.70847631
v -0.07077437 -0.19178367 -0.71268803
v -0.07378240 -0.18634023 -0.70821172
v -0.07745948 -0.18219437 -0.70474488
v -0.08141530 -0.18004403 -0.70180923
v -0.07893173 -0.18109624 -0.70766836
v -0.07541709 -0.18488444 -0.71161813
v -0.08243109 -0.17999554 -0.70474923
v -0.08165795 -0.18116932 -0.70916188
v -0.07872558 -0.18427491 -0.71408069
v -0.07528777 -0.19014695 -0.71904993
v -0.07208603 -0.19040082 -0.71658128
v -0.08332415 -0.18045101 -0.70623261
v -0.08475116 -0.18192171 -0.69650543
v -0.08544619 -0.18083879 -0.69991016
v -0.08344784 -0.18450001 -0.69459021
v -0.08445776 -0.19253315 -0.70648521
v -0.08665303 -0.18834022 -0.70202601
v -0.08633666 -0.19225240 -0.70796347
v -0.08811611 -0.18776047 -0.70349425
v -0.08647603 -0.18632540 -0.69661027
v -0.08763026 -0.18496796 -0.69805992
v -0.07349054 -0.19330099 -0.72251517
v -0.07811254 -0.19436254 -0.72355843
v -0.07985925 -0.19131605 -0.72058338
v -0.08323327 -0.18569115 -0.71512991
v -0.08355895 -0.19377360 -0.71969140
v -0.08485786 -0.19598052 -0.71583998
v -0.08700652 -0.19105230 -0.71087712
v -0.08632340 -0.18869567 -0.71375448
v -0.08758336 -0.18513137 -0.70881021
v -0.08825285 -0.18674783 -0.70591795
v -0.08511803 -0.18258457 -0.70971239
v -0.08814037 -0.18333292 -0.70340592
v -0.08826686 -0.18389580 -0.70048732
v -0.08757135 -0.18309212 -0.70583820
v -0.08565463 -0.18123949 -0.70627105
v -0.08567446 -0.18081330 -0.70284301
v -0.08837305 -0.21204609 -0.74990350
v -0.08375423 -0.21285830 -0.74743223
v -0.08568551 -0.20948423 -0.74347538
v -0.09056246 -0.20833561 -0.74594241
v -0.08042485 -0.21942717 -0.74215746
v -0.08144785 -0.22375983 -0.74127704
v -0.08439866 -0.21905664 -0.73632640
v -0.08301324 -0.21553034 -0.73770803
v -0.08644939 -0.22672479 -0.74187350
v -0.08878912 -0.22146071 -0.73641717
v -0.07548775 -0.22478573 -0.75784934
v -0.07630928 -0.23030536 -0.75796771
v -0.07915628 -0.22717485 -0.74718529
v -0.07802099 -0.22221255 -0.74805206
v -0.08133221 -0.21555874 -0.74453151
v -0.08356382 -0.21210885 -0.74008757
v -0.09287991 -0.21347129 -0.75046432
v -0.09570688 -0.21643327 -0.74957401
v -0.09353121 -0.21814001 -0.75544930
v -0.09080037 -0.21542729 -0.75683403
v -0.08363897 -0.21704306 -0.76656717
v -0.07911660 -0.21750739 -0.76360136
v -0.07658809 -0.22044045 -0.76070428
v -0.08806764 -0.23084739 -0.76297808
v -0.09078503 -0.22535381 -0.76582581
v -0.09414593 -0.22329137 -0.75409263
v -0.09093475 -0.22859003 -0.75172484
v -0.07935353 -0.21778278 -0.75041908
v -0.08644862 -0.21366167 -0.75577939
v -0.08185958 -0.21472381 -0.75331336
v -0.09279448 -0.22526138 -0.74483705
v -0.08441578 -0.23014534 -0.74924994
v -0.09817864 -0.21264470 -0.74512553
v -0.10054664 -0.20744781 -0.73625124
v -0.09984195 -0.21085879 -0.73338151
v -0.09790744 -0.21697229 -0.74227834
v -0.09630848 -0.22061656 -0.74722087
v -0.09447244 -0.22078380 -0.73890150
v -0.08881394 -0.20336308 -0.73654401
v -0.09348416 -0.20293570 -0.73853499
v -0.08662305 -0.20596981 -0.73364371
v -0.08162883 -0.23352961 -0.76003802
v -0.09136911 -0.21997650 -0.76767802
v -0.08737525 -0.21181761 -0.72888279
v -0.08621510 -0.20868008 -0.73076284
v -0.09815811 -0.20463736 -0.73861444
v -0.09534184 -0.20979545 -0.74650657
v -0.09666005 -0.21395496 -0.73048133
v -0.09128483 -0.21478502 -0.72849160
v -0.09818967 -0.20957251 -0.72503483
v -0.09312230 -0.20982634 -0.72303659
v -0.08920678 -0.20698124 -0.72343010
v -0.08818511 -0.20409837 -0.72580516
v -0.08865128 -0.20200178 -0.72918737
v -0.10108778 -0.20680042 -0.72842723
v -0.10130730 -0.20419836 -0.73081994
v -0.09916706 -0.20201668 -0.73417515
v -0.10273306 -0.20337184 -0.72544348
v -0.09986309 -0.20456572 -0.72104275
v -0.09423278 -0.19743630 -0.71498322
v -0.09545849 -0.19420964 -0.71151096
v -0.09392469 -0.19287978 -0.71293503
v -0.09227651 -0.19680029 -0.71592849
v -0.09355364 -0.20063663 -0.71699470
v -0.09143467 -0.20218617 -0.71847069
v -0.09607288 -0.20243368 -0.71705514
v -0.09751762 -0.19934882 -0.71407634
v -0.10252131 -0.19618766 -0.71308470
v -0.09892102 -0.19602166 -0.71060377
v -0.10102308 -0.19937970 -0.71655363
v -0.09929174 -0.20244630 -0.71855223
v -0.09633912 -0.19053355 -0.70998043
v -0.09685697 -0.19221747 -0.70904213
v -0.09494150 -0.20519821 -0.71954203
v -0.08958216 -0.20040117 -0.72232515
v -0.09126965 -0.19538710 -0.71882159
v -0.09342444 -0.19141699 -0.71534348
v -0.09636416 -0.18900535 -0.71288127
v -0.09430599 -0.19036686 -0.71826220
v -0.09206844 -0.19408031 -0.72173434
v -0.09696922 -0.18840329 -0.71629477
v -0.09616435 -0.18981919 -0.72071195
v -0.09406301 -0.19304857 -0.72466427
v -0.09205218 -0.19775724 -0.72913557
v -0.09011520 -0.19892846 -0.72572052
v -0.09772664 -0.18870936 -0.71826231
v -0.10072423 -0.19061673 -0.70904768
v -0.10107988 -0.18887532 -0.71243596
v -0.10016681 -0.19302551 -0.70811337
v -0.10305130 -0.19960113 -0.71853185
v -0.10419906 -0.19562611 -0.71504390
v -0.10423540 -0.19871253 -0.72145677
v -0.10504787 -0.19445783 -0.71747136
v -0.10295889 -0.19407338 -0.71060407
v -0.10397011 -0.19282992 -0.71156609
v -0.09077530 -0.20061727 -0.73211151
v -0.09485973 -0.20060775 -0.73410511
v -0.09581559 -0.19782998 -0.73112774
v -0.09800658 -0.19303021 -0.72616780
v -0.10008816 -0.19911142 -0.73119485
v -0.10250792 -0.20107341 -0.72832650
v -0.10403680 -0.19691885 -0.72386158
v -0.10199572 -0.19452178 -0.72623640
v -0.10300758 -0.19140917 -0.72178727
v -0.10464034 -0.19300681 -0.71988106
v -0.09953117 -0.18997368 -0.72221333
v -0.10379288 -0.19036908 -0.71688890
v -0.10435635 -0.19147070 -0.71447378
v -0.10280803 -0.18982928 -0.71931118
v -0.10030040 -0.18879031 -0.71828896
v -0.10073822 -0.18839909 -0.71584278
v -0.08800712 -0.21819541 -0.76760972
v -0.10965771 -0.21626116 -0.76827002
v -0.10671888 -0.21753304 -0.76582432
v -0.10880744 -0.21525936 -0.76335651
v -0.11151407 -0.21407197 -0.76629019
v -0.10552961 -0.22435573 -0.76155245
v -0.10810994 -0.22752343 -0.76115239
v -0.11091573 -0.22363606 -0.75768226
v -0.10828463 -0.22069897 -0.75857496
v -0.11288145 -0.22846273 -0.76317167
v -0.11503921 -0.22436084 -0.76017946
v -0.09607815 -0.22694340 -0.77616799
v -0.09759440 -0.23153494 -0.77798438
v -0.10411371 -0.23011550 -0.76653910
v -0.10175171 -0.22624621 -0.76643878
v -0.10753790 -0.21621606 -0.78265995
v -0.11034297 -0.21962668 -0.78397673
v -0.10752279 -0.22012112 -0.79104280
v -0.10396625 -0.21681572 -0.79216337
v -0.10514664 -0.22070161 -0.76342976
v -0.10783201 -0.21777442 -0.76046622
v -0.11307601 -0.21616697 -0.77025551
v -0.11636420 -0.21779743 -0.77129710
v -0.11426020 -0.21929891 -0.77545917
v -0.11096055 -0.21705617 -0.77416086
v -0.09987896 -0.21640030 -0.77990234
v -0.10401051 -0.21531634 -0.78040934
v -0.10028838 -0.21479377 -0.78964460
v -0.09667414 -0.21588852 -0.78547895
v -0.09787185 -0.22050272 -0.77727795
v -0.10924920 -0.22983034 -0.78392589
v -0.11093676 -0.22425130 -0.78431928
v -0.11548516 -0.22365271 -0.77482533
v -0.11381828 -0.22865534 -0.77246654
v -0.10230619 -0.22198187 -0.76782447
v -0.10723461 -0.21710218 -0.77266002
v -0.10423276 -0.21825205 -0.76972270
v -0.11657383 -0.22553636 -0.76705718
v -0.10878751 -0.23201789 -0.76906520
v -0.11848329 -0.21540457 -0.76882726
v -0.12166945 -0.21170677 -0.76438761
v -0.12313769 -0.21414503 -0.76249653
v -0.12017736 -0.21848689 -0.76695126
v -0.11799185 -0.22135451 -0.76991850
v -0.11902308 -0.22197288 -0.76359010
v -0.11156857 -0.21099709 -0.75987846
v -0.11432768 -0.21006252 -0.76281774
v -0.11076044 -0.21316421 -0.75698280
v -0.10267171 -0.23433650 -0.78126514
v -0.11396918 -0.21819837 -0.75320655
v -0.11154196 -0.21553335 -0.75410664
v -0.11806826 -0.21026452 -0.76432371
v -0.11498238 -0.21411629 -0.76779044
v -0.12220199 -0.21680638 -0.75863248
v -0.11818835 -0.21894442 -0.75521654
v -0.12445953 -0.21310458 -0.75467223
v -0.12026371 -0.21546559 -0.75125897
v -0.11573765 -0.21430224 -0.74972612
v -0.11304669 -0.21233305 -0.75112617
v -0.11237039 -0.21034649 -0.75401098
v -0.12502627 -0.21075645 -0.75902748
v -0.12314774 -0.20900449 -0.76092827
v -0.11952989 -0.20829855 -0.76087898
v -0.12635419 -0.20754276 -0.75555646
v -0.12587903 -0.20953330 -0.75119495
v -0.11988740 -0.20570819 -0.74373233
v -0.12062904 -0.20301719 -0.74124312
v -0.11897550 -0.20205951 -0.74169642
v -0.11778300 -0.20544073 -0.74370652
v -0.11985189 -0.20850709 -0.74525356
v -0.11780994 -0.20995243 -0.74623966
v -0.12253091 -0.20943569 -0.74676371
v -0.12335361 -0.20651793 -0.74378222
v -0.12730981 -0.20233488 -0.74422562
v -0.12447399 -0.20375200 -0.74129522
v -0.12659720 -0.20564492 -0.74672747
v -0.12531997 -0.20840910 -0.74823588
v -0.12109024 -0.19941087 -0.73970991
v -0.12192447 -0.20112592 -0.73926383
v -0.12179974 -0.21177697 -0.74826902
v -0.11486527 -0.20879434 -0.74863046
v -0.11613490 -0.20446558 -0.74513656
v -0.11787904 -0.20030205 -0.74262768
v -0.12064044 -0.19748035 -0.74113250
v -0.11764461 -0.19936532 -0.74504924
v -0.11556254 -0.20347683 -0.74804240
v -0.12025335 -0.19713959 -0.74356455
v -0.11819642 -0.19902080 -0.74749035
v -0.11617108 -0.20263815 -0.75096267
v -0.11459967 -0.20643626 -0.75444299
v -0.11394521 -0.20751524 -0.75152707
v -0.11994579 -0.19731031 -0.74551904
v -0.12496901 -0.19842695 -0.73972797
v -0.12393345 -0.19677304 -0.74212742
v -0.12548329 -0.20108593 -0.73929763
v -0.12760420 -0.20486598 -0.74916428
v -0.12814611 -0.20093703 -0.74567133
v -0.12716861 -0.20364846 -0.75206685
v -0.12735228 -0.19955999 -0.74807870
v -0.12751928 -0.20068389 -0.74175197
v -0.12742254 -0.19880734 -0.74269056
v -0.11317751 -0.20867155 -0.75691646
v -0.11572416 -0.20795612 -0.75985807
v -0.11707088 -0.20558816 -0.75738120
v -0.11845007 -0.20189779 -0.75341260
v -0.12088765 -0.20555370 -0.75888318
v -0.12437410 -0.20625202 -0.75844252
v -0.12531935 -0.20239250 -0.75397784
v -0.12213135 -0.20147689 -0.75490558
v -0.12292393 -0.19821332 -0.75045133
v -0.12549198 -0.19868095 -0.74950856
v -0.12007124 -0.19836123 -0.74944949
v -0.12453051 -0.19677624 -0.74604148
v -0.12619478 -0.19726115 -0.74460179
v -0.12306180 -0.19693156 -0.74749589
v -0.12151187 -0.19687581 -0.74650264
v -0.12273367 -0.19633807 -0.74406117
v -0.10849921 -0.22382796 -0.79039359
v -0.02987422 -0.17760608 -0.78455234
v -0.02521309 -0.17637107 -0.78594792
v -0.04169482 -0.16538823 -0.78759837
v -0.03969744 -0.17146561 -0.78476936
v -0.03942843 -0.15986300 -0.79112971
v -0.02805322 -0.16010854 -0.79273391
v -0.03391948 -0.15852024 -0.79251492
v -0.03497589 -0.17581117 -0.78358901
v -0.02163595 -0.17229737 -0.78851855
v -0.02292354 -0.16526827 -0.79132164
v -0.02010034 -0.16635822 -0.77959144
v -0.02136200 -0.15958107 -0.78191078
v -0.02664927 -0.15405396 -0.78429425
v -0.03344195 -0.15379597 -0.78508794
v -0.03881512 -0.15632948 -0.78494656
v -0.02325622 -0.17171402 -0.77801943
v -0.02820842 -0.17395243 -0.77762377
v -0.03415773 -0.17260721 -0.77814329
v -0.02138827 -0.16681758 -0.77033120
v -0.01751049 -0.15970606 -0.76868576
v -0.02136943 -0.14628926 -0.76845497
v -0.02014056 -0.14423658 -0.76449376
v -0.02467961 -0.14381979 -0.76501811
v -0.02576328 -0.14546663 -0.76994675
v -0.02165829 -0.14861894 -0.77094698
v -0.02484690 -0.14883298 -0.77464616
v -0.01641494 -0.14963426 -0.76651961
v -0.01832450 -0.15180069 -0.76902407
v -0.01617594 -0.15538831 -0.76663232
v -0.01469695 -0.15477164 -0.76318598
v -0.01476318 -0.14703554 -0.76254338
v -0.01536544 -0.14558481 -0.75861204
v -0.01901054 -0.14329505 -0.76104426
v -0.02230578 -0.14360894 -0.76010555
v -0.01942171 -0.15396878 -0.77249777
v -0.03186607 -0.14941077 -0.77838987
v -0.03087025 -0.14634365 -0.77099103
v -0.22772893 -0.01566902 -1.36738837
v -0.22511943 -0.01519502 -1.37913907
v -0.02920993 -0.14502001 -0.76459759
v -0.02617278 -0.14571851 -0.75920832
v -0.03243752 -0.14877135 -0.76372695
v -0.03560796 -0.14978553 -0.77061743
v -0.02883025 -0.14950231 -0.75930983
v -0.03326099 -0.15308774 -0.76235574
v -0.03722152 -0.15519601 -0.76878721
v -0.04016215 -0.15920785 -0.77842224
v -0.03782877 -0.15273041 -0.77973557
v -0.03027859 -0.15214783 -0.75937682
v -0.01855795 -0.14641428 -0.75572854
v -0.02244401 -0.14924654 -0.75582296
v -0.01657585 -0.15896693 -0.76231110
v -0.01592381 -0.15624914 -0.75834221
v -0.01367084 -0.15248042 -0.76019901
v -0.01994463 -0.16296420 -0.76242375
v -0.01947161 -0.15893351 -0.75745332
v -0.01361468 -0.14982018 -0.75721413
v -0.01606775 -0.15201437 -0.75532782
v -0.04118758 -0.16208710 -0.78288645
v -0.03918726 -0.16840570 -0.78030646
v -0.03773792 -0.16547258 -0.77583706
v -0.03438151 -0.16127120 -0.76692700
v -0.03238744 -0.16965602 -0.77244902
v -0.02607112 -0.17011125 -0.77093112
v -0.02434210 -0.16511394 -0.76299804
v -0.02971927 -0.16478549 -0.76450932
v -0.02751131 -0.15992804 -0.75901699
v -0.02361833 -0.16019896 -0.75751895
v -0.03079893 -0.15710963 -0.76094663
v -0.02392940 -0.15595819 -0.75597161
v -0.02015674 -0.15426616 -0.75492406
v -0.02633617 -0.15672912 -0.75747603
v -0.02815314 -0.15448949 -0.75793743
v -0.02580997 -0.15224978 -0.75640428
v -0.10336848 -0.21739642 -0.79656589
v -0.09876433 -0.21476446 -0.79402590
v -0.09845304 -0.21436974 -0.79987729
v -0.09856112 -0.21215951 -0.80691767
v -0.10161936 -0.21460907 -0.81530130
v -0.09257514 -0.21056904 -0.80511785
v -0.09276634 -0.21294491 -0.79783940
v -0.09280327 -0.21433932 -0.78931850
v -0.08657980 -0.20798868 -0.81013745
v -0.05873507 -0.00929235 -1.34045875
v -0.04852203 -0.00923024 -1.32353473
v -0.07654351 -0.18657425 -1.22415340
v -0.07489230 -0.20057656 -1.23449314
v -0.11249600 -0.24058735 -1.25374949
v -0.13622369 -0.24370559 -1.25514174
v 0.01326918 -0.05550852 -1.04988992
v -0.18523747 -0.12559336 -1.09975338
v -0.19097632 -0.12850279 -1.11830902
v -0.22079825 -0.05654151 -1.11715996
v -0.21764871 -0.07590784 -1.11348629
v -0.06870268 -0.14487062 -1.08264029
v -0.07132711 -0.14422770 -1.10207176
v -0.01632889 -0.09687958 -1.07359922
v -0.01859512 -0.09775021 -1.09525585
v -0.04437613 -0.13334236 -1.05933475
v -0.20135894 -0.10002632 -1.06886625
v -0.19166306 -0.11748503 -1.06667840
v -0.19480582 -0.11266652 -1.08578718
v -0.20575623 -0.09590518 -1.08885598
v -0.21850139 -0.03751650 -1.11981046
v -0.21195918 -0.03740152 -1.09776103
v -0.09727686 -0.15415704 -1.12316275
v -0.12389051 -0.15715203 -1.12445843
v -0.17329049 -0.14499255 -1.13006926
v -0.19251335 -0.13163254 -1.13597345
v -0.20667608 -0.11532304 -1.14335704
v -0.21751358 -0.09753687 -1.15110636
v -0.00598674 -0.08095889 -1.11739159
v -0.00006711 -0.06145763 -1.13904965
v -0.07244240 -0.14485623 -1.12224674
v 0.01397250 -0.01426138 -1.11635220
v -0.23060638 -0.08261420 -1.18085718
v -0.23630589 -0.06054303 -1.18523431
v -0.14957736 -0.15398274 -1.12647676
v -0.01890466 -0.02293147 -1.28398860
v -0.01806268 -0.04093102 -1.28685176
v -0.00756408 -0.03981981 -1.27142143
v -0.00932910 -0.02242125 -1.26738811
v -0.00707787 -0.05701394 -1.27368748
v -0.00821503 -0.07363189 -1.27501750
v -0.01087915 -0.08898573 -1.27533138
v -0.02305806 -0.12548167 -1.26980972
v -0.01846806 -0.11480994 -1.27266705
v -0.03557105 -0.14375514 -1.26000357
v -0.02866793 -0.13501023 -1.26589096
v -0.04531958 -0.15109193 -1.25000894
v -0.05825631 -0.15702572 -1.23797929
v -0.07939726 -0.16436209 -1.23979712
v -0.07383984 -0.16205554 -1.22647631
v -0.05142540 -0.15393628 -1.22493577
v -0.03894083 -0.14830326 -1.23712850
v -0.02888011 -0.14106107 -1.24651897
v 0.00194681 -0.00964909 -1.20089126
v 0.00041663 -0.00685438 -1.22509325
v -0.06903525 -0.00948199 -1.35650074
v -0.13565715 -0.23184207 -1.02860618
v -0.04425196 -0.22226283 -0.92456985
v -0.22353560 -0.03181142 -1.38153219
v -0.22164237 -0.05153745 -1.38697672
v -0.20222706 -0.11149956 -1.40117717
v -0.18175551 -0.12679875 -1.41154301
v -0.21635582 -0.09223090 -1.39201367
v -0.22329798 -0.07189619 -1.38269794
v -0.05186422 -0.12996672 -1.13982415
v -0.23193119 -0.05518663 -1.34892285
v -0.22818249 -0.07433948 -1.37082553
v -0.22266902 -0.09553153 -1.38023329
v -0.20872477 -0.11813638 -1.39001489
v -0.18636012 -0.14099649 -1.40124643
v -0.17682850 -0.15620035 -1.39895403
v -0.17868039 -0.17581137 -1.37664795
v -0.16582404 -0.19189610 -1.37043273
v -0.15012053 -0.19646151 -1.38154638
v -0.15604983 -0.18760675 -1.38851047
v -0.17216310 -0.18475807 -1.37395453
v -0.14740071 -0.23320013 -1.28748131
v -0.16183391 -0.23218031 -1.25577092
v -0.15206973 -0.23498157 -1.27000213
v -0.17123549 -0.22359449 -1.24556899
v -0.17679396 -0.21629278 -1.23930943
v -0.18077905 -0.20636077 -1.23792827
v -0.18326205 -0.19565244 -1.24152434
v -0.17946246 -0.17147967 -1.26407909
v -0.17695946 -0.16770303 -1.27126884
v -0.18398905 -0.17704317 -1.25410509
v -0.18674873 -0.17479730 -1.24811792
v -0.19740091 -0.16188112 -1.22114027
v -0.20104566 -0.15400063 -1.20642352
v -0.21409959 -0.00747079 -1.41362369
v -0.20639232 -0.14239468 -1.19183195
v -0.24319801 -0.02120456 -1.21043682
v -0.24658838 -0.02153908 -1.23129976
v -0.22241370 -0.01940948 -1.14330184
v -0.23187739 -0.02044797 -1.16350508
v -0.19570673 -0.14244576 -0.97696245
v -0.19010314 -0.13593435 -0.99412024
v -0.20234585 -0.11770280 -0.99240911
v -0.21261591 -0.02216987 -1.00745249
v -0.20285021 -0.02060514 -1.02674508
v -0.20269287 -0.01887374 -1.07678246
v -0.20724057 -0.01858417 -1.10002565
v -0.20871603 -0.12450079 -0.97502017
v -0.20432952 -0.06657209 -1.02780080
v -0.24535397 -0.02034267 -1.26353681
v -0.24160406 -0.01945545 -1.27717268
v -0.24023202 -0.01885733 -1.29460061
v -0.20480195 -0.04397132 -1.02735341
v -0.13029927 -0.17212255 -0.99230838
v -0.10369980 -0.17324074 -0.98840821
v -0.17395857 -0.15152985 -0.99500793
v -0.15405643 -0.16415206 -0.99433410
v -0.07775977 -0.16758245 -0.98266912
v -0.00631426 -0.10011362 -0.95033681
v 0.00548278 -0.07829776 -0.94367927
v 0.01876380 -0.03399643 -0.93435931
v 0.02033683 -0.01271954 -0.93147588
v -0.05484002 -0.15644139 -0.97465134
v 0.01407646 -0.05585095 -0.93826163
v -0.03607154 -0.14054941 -0.96584618
v -0.02005929 -0.12105577 -0.95772851
v -0.20134288 -0.08717871 -1.02806175
v -0.20467177 -0.09189214 -1.00925815
v -0.08872000 0.00199885 -1.40500951
v -0.09036538 0.00328653 -1.39596212
v -0.19800243 -0.11091172 -1.01006222
v -0.24491215 -0.07899212 -1.25507236
v -0.24692276 -0.05851401 -1.25280464
v -0.24280307 -0.09912036 -1.25892746
v -0.24001426 -0.11381664 -1.28374255
v -0.23847228 -0.11702552 -1.26615143
v -0.23138471 -0.13341816 -1.27293956
v -0.08583550 0.00043895 -1.41441667
v -0.05964395 0.00641289 -1.33850479
v -0.04983377 0.00719406 -1.32126498
v -0.23315865 -0.13044740 -1.28924477
v -0.00380667 0.00956650 -1.22126412
v -0.00198458 0.00937071 -1.19755697
v -0.07009381 0.00567051 -1.35419285
v -0.00344633 0.00907046 -1.17596006
v -0.21599546 -0.15927795 -1.29640985
v -0.21515147 -0.15989888 -1.28372777
v -0.20875221 -0.16972977 -1.28725886
v -0.21007137 -0.17029208 -1.29915249
v -0.19726789 -0.18157914 -1.29308617
v -0.20330301 -0.17747886 -1.29007065
v -0.19018637 -0.18334757 -1.29515934
v -0.18893473 -0.18717963 -1.29238427
v -0.18959782 -0.19684020 -1.31369734
v -0.19411850 -0.19144478 -1.31699193
v -0.21474358 -0.16045025 -1.31086302
v -0.22313930 -0.14543332 -1.30856812
v -0.24342054 -0.05676083 -1.28502381
v -0.24221441 -0.03762788 -1.28025949
v -0.09220128 -0.16808711 -1.21984458
v -0.11265624 -0.17299122 -1.21534789
v -0.13221943 -0.17575832 -1.21373093
v -0.14985053 -0.17613368 -1.21494794
v -0.16605017 -0.17591248 -1.21858180
v -0.18055329 -0.17260411 -1.22433567
v -0.19021939 -0.17192775 -1.24081218
v -0.19350940 -0.16820072 -1.23203731
v -0.24274248 -0.02888583 -0.81295931
v -0.19917978 -0.16834933 -1.24962115
v -0.20410237 -0.16235411 -1.24158013
v -0.21919817 -0.15164758 -1.26522136
v -0.21254346 -0.15681960 -1.25271118
v -0.22302014 -0.14731959 -1.27915597
v -0.22421020 -0.14522772 -1.29385769
v -0.23208266 -0.12950255 -1.30619919
v -0.23926383 -0.11307023 -1.30218494
v -0.23859839 -0.09584528 -1.33340478
v -0.24173194 -0.09522413 -1.31543911
v -0.24405342 -0.09525128 -1.29677618
v -0.24498203 -0.09567153 -1.27723169
v -0.18604741 -0.08635043 -1.42457664
v -0.19946045 -0.06952085 -1.41838610
v -0.18471619 -0.19739817 -1.25029051
v -0.18301323 -0.20458089 -1.24962366
v -0.26202667 -0.03120298 -0.86180115
v -0.26214617 -0.03089435 -0.88500094
v -0.18488668 -0.20207548 -1.25814092
v -0.18583690 -0.19816919 -1.25622487
v -0.18039268 -0.21132588 -1.25296962
v -0.17596212 -0.21804383 -1.25861776
v -0.17959291 -0.21412946 -1.26886427
v -0.18357250 -0.20627663 -1.26157081
v -0.16858871 -0.22481450 -1.26776493
v -0.17367129 -0.21925676 -1.27701330
v -0.16161321 -0.22827959 -1.27863407
v -0.15750481 -0.22838500 -1.29117763
v -0.16339210 -0.22490048 -1.29376054
v -0.16784839 -0.22302397 -1.28614843
v -0.17300689 -0.21051310 -1.32553399
v -0.16888961 -0.21683277 -1.31502545
v -0.16537797 -0.22189890 -1.30324590
v -0.18910694 -0.19223912 -1.28631961
v -0.18807912 -0.19766110 -1.27902913
v -0.18603057 -0.20247561 -1.27093422
v -0.18300465 -0.20909043 -1.27850413
v -0.18600076 -0.20351982 -1.28740036
v -0.25787005 -0.03100966 -0.84172744
v -0.18870059 -0.19792379 -1.29563487
v -0.24596891 -0.07663259 -1.27332258
v -0.24561474 -0.05755875 -1.26872993
v -0.00845641 0.00311944 -0.82176584
v -0.01569458 0.00198565 -0.80720323
v -0.19851711 -0.18424366 -1.30400586
v -0.02553445 0.00067031 -0.79437935
v -0.03693260 -0.00041696 -0.78229892
v -0.20465145 -0.17878433 -1.30192602
v -0.19292516 -0.18843630 -1.30508876
v -0.19029208 -0.19295062 -1.30251241
v -0.19873300 -0.18661775 -1.31684864
v -0.20389804 -0.18054037 -1.31488431
v -0.20921975 -0.17177473 -1.31289828
v -0.24461934 -0.07589808 -1.29033399
v -0.24499497 -0.03854029 -1.26513386
v -0.25116736 -0.02845939 -0.93149936
v -0.24207723 -0.02711385 -0.95361185
v 0.01427034 0.00656987 -0.90770006
v -0.08308452 -0.00060100 -1.42210495
v -0.18889877 0.00178295 -1.46082449
v -0.09002357 0.00383455 -1.38574994
v -0.08526962 0.00452200 -1.37543094
v -0.13310799 -0.01092599 -0.77489501
v -0.07764284 0.00509005 -1.36478114
v -0.14561990 -0.01281369 -0.77456588
v -0.21389660 -0.01871199 -1.12268710
v -0.07107915 -0.17162921 -1.34816086
v -0.08241690 -0.18314297 -1.36938572
v -0.10181798 -0.19408229 -1.38402128
v -0.12676024 -0.19829291 -1.38795090
v -0.12877207 -0.19877215 -1.09798098
v -0.20692223 -0.03856381 -1.07526326
v -0.20382819 -0.04100882 -1.05171084
v -0.20515332 -0.06218615 -1.05080378
v -0.23777848 -0.04006715 -1.18661010
v -0.24788475 -0.03946329 -1.25101328
v 0.00496253 -0.09891447 -1.24537754
v 0.00889381 -0.08565123 -1.24644804
v -0.00034992 -0.08705276 -1.26084757
v -0.00431890 -0.10050581 -1.25975835
v -0.00692367 -0.12098459 -1.24228585
v -0.00055056 -0.11090980 -1.24386954
v -0.00926448 -0.11261477 -1.25818610
v -0.01485658 -0.12309622 -1.25587010
v -0.01387604 -0.13005686 -1.23899305
v -0.02126535 -0.13259622 -1.25233626
v 0.00641908 -0.10913786 -1.22854590
v 0.01235437 -0.09758627 -1.22978377
v 0.01575813 -0.08450917 -1.23107684
v -0.00768382 -0.12730098 -1.22562659
v -0.00022821 -0.11892761 -1.22761548
v -0.08439273 -0.01108128 -1.42403710
v -0.08372536 -0.00879411 -1.37861335
v -0.08811919 -0.00884664 -1.38848865
v -0.00463845 -0.00576633 -1.24537897
v -0.02053721 -0.00615986 -1.27926481
v -0.03113887 -0.00773454 -1.29158187
v -0.03973824 -0.00876266 -1.30716610
v -0.07674062 -0.00924468 -1.36780691
v -0.01186454 -0.00583008 -1.26245344
v -0.18276027 -0.18342224 -0.80349773
v -0.20474504 -0.16645066 -0.78749514
v -0.19833474 -0.17595766 -0.81498015
v -0.21324582 -0.16293733 -0.80289596
v -0.16886094 -0.18555844 -0.88474429
v -0.17715037 -0.18537948 -0.85844111
v -0.16367722 -0.18536641 -0.91253585
v -0.22835693 -0.14442728 -0.79607767
v -0.23960194 -0.12046458 -0.79448652
v -0.24605396 -0.12104428 -0.81410170
v -0.18971567 -0.17331427 -0.91132665
v -0.19411337 -0.17424519 -0.88476360
v -0.18853724 -0.18150552 -0.83355969
v -0.20555076 -0.17229512 -0.83622777
v -0.20817471 -0.17007953 -0.82106483
v -0.23338407 -0.14423324 -0.81444228
v -0.21988425 -0.16020370 -0.81658447
v -0.23769654 -0.06080579 -0.95228899
v -0.23267299 -0.08876012 -0.95231062
v -0.22384021 -0.08320823 -0.97189891
v -0.20108223 -0.14903058 -0.95760548
v -0.17718199 -0.15827441 -0.97880864
v -0.22154747 -0.15982373 -0.83515692
v -0.23694226 -0.14325325 -0.83521950
v -0.24993545 -0.12025820 -0.83659577
v -0.24215034 -0.11807258 -0.91073179
v -0.24805173 -0.11852929 -0.88686073
v -0.23433104 -0.14051792 -0.88496864
v -0.22878857 -0.14002259 -0.91006374
v -0.20701605 -0.15487483 -0.93555224
v -0.21148790 -0.15800779 -0.91025519
v -0.23437141 -0.11604617 -0.93333191
v -0.22249427 -0.13679926 -0.93436420
v -0.21532334 -0.13105302 -0.95591885
v -0.21603407 -0.15919918 -0.88394308
v -0.26042864 -0.09125151 -0.86274219
v -0.25150928 -0.11901488 -0.86125660
v -0.26196918 -0.06157941 -0.86338508
v -0.22555527 -0.11121212 -0.95415598
v -0.21737425 -0.10537384 -0.97374487
v -0.20982410 -0.09810459 -0.99184561
v -0.20267057 -0.08289316 -1.04911757
v -0.05291793 -0.10022727 -0.57487422
v -0.10665483 -0.00474570 -0.75668317
v -0.13323388 -0.00861676 -0.76483536
v -0.06274763 -0.18441291 -0.83557022
v -0.13665929 -0.19794875 -0.81897271
v -0.16384006 -0.19188160 -0.82815337
v -0.03994422 -0.02554259 -0.75400782
v -0.06245863 -0.01005749 -0.74952036
v -0.03825103 -0.16422836 -0.82637918
v -0.01248265 -0.10801084 -0.77981615
v -0.08493955 -0.00583428 -0.75160861
v -0.19964103 -0.17444460 -0.85892963
v -0.21979055 -0.16028568 -0.85786533
v -0.23691808 -0.14206661 -0.85913312
v -0.25866929 -0.09196988 -0.83855760
v -0.26018620 -0.06130007 -0.84137869
v -0.01754152 -0.02080693 -0.80230319
v -0.01294729 -0.01634287 -0.81145120
v -0.01421969 -0.00751498 -0.80908871
v -0.02293069 -0.00902119 -0.79601341
v -0.00755271 -0.10165076 -0.92912883
v 0.00264410 -0.07845195 -0.92172647
v 0.01446828 -0.03331589 -0.91264820
v 0.01561456 -0.01255476 -0.90977931
v -0.05423038 -0.16114427 -0.95593131
v 0.01034278 -0.05525739 -0.91630250
v -0.03534907 -0.14475930 -0.94638240
v -0.01995515 -0.12388553 -0.93726617
v -0.18192156 -0.04465213 -0.14707148
v -0.17811453 -0.04475114 -0.12065625
v -0.19322570 -0.04714086 -0.12085092
v -0.19697030 -0.04492072 -0.14917719
v -0.22327837 -0.06568611 -0.15277946
v -0.21643768 -0.05288421 -0.15050280
v -0.22385255 -0.08102012 -0.15309167
v -0.22218987 -0.07721832 -0.12271106
v -0.21462756 -0.08733378 -0.12283981
v -0.21732739 -0.09333444 -0.15132046
v -0.20727286 -0.10030248 -0.15136194
v -0.17541473 -0.09954961 -0.12270284
v -0.17572162 -0.10592861 -0.14921367
v -0.19477230 -0.10482404 -0.15035379
v -0.19328450 -0.09935924 -0.12287283
v -0.15681583 -0.09761131 -0.14593232
v -0.15676822 -0.09190582 -0.12139165
v -0.14717814 -0.08154355 -0.14454031
v -0.16590573 -0.04875001 -0.14602065
v -0.16138706 -0.04636356 -0.12052584
v -0.22170109 -0.06363356 -0.12243462
v -0.21316519 -0.05381054 -0.12215519
v -0.20730460 -0.04640335 -0.14930737
v -0.20336664 -0.05014502 -0.12100959
v -0.18812788 -0.04635555 -0.09342837
v -0.17456444 -0.03614549 -0.09309232
v -0.22049657 -0.06242558 -0.09308743
v -0.20909005 -0.05582223 -0.09284449
v -0.21139106 -0.08352360 -0.09537494
v -0.22202644 -0.07498606 -0.09433055
v -0.19076842 -0.09946848 -0.09647036
v -0.20439139 -0.09427874 -0.12287915
v -0.20106536 -0.09165714 -0.09543717
v -0.17403542 -0.09812366 -0.09725773
v -0.15271701 -0.08870123 -0.09881616
v -0.15567711 -0.04032795 -0.09690058
v -0.19825208 -0.05230086 -0.09462273
v 0.01245368 -0.05761543 -0.04871333
v 0.01242917 -0.06226455 -0.04880655
v 0.01417270 -0.06377712 -0.04491174
v 0.01426608 -0.05686057 -0.04379547
v 0.01387871 -0.01247059 -0.04975080
v 0.01712189 -0.02027094 -0.05280638
v 0.01750395 -0.02317043 -0.04406726
v 0.01362091 -0.01236774 -0.03998077
v 0.01817710 -0.04724908 -0.04063404
v 0.01754784 -0.04239354 -0.03956604
v 0.02019153 -0.04044367 -0.04438663
v 0.02094407 -0.04830162 -0.04453647
v -0.01332975 -0.09576237 -0.04093349
v -0.01267273 -0.09124824 -0.04083693
v -0.01124779 -0.09036094 -0.04569054
v -0.01247959 -0.09625855 -0.04484344
v 0.00159575 -0.07917642 -0.03947961
v 0.00230665 -0.07508620 -0.03939092
v 0.00430053 -0.07392938 -0.04325664
v 0.00317464 -0.08056457 -0.04340029
v -0.00580817 -0.02781087 -0.05220306
v 0.00784063 -0.02452177 -0.05493569
v 0.00370578 -0.01280198 -0.04985631
v -0.01135858 -0.01415809 -0.05198407
v 0.00058217 -0.00758083 -0.04001188
v 0.00056887 -0.01570195 -0.03528917
v -0.01341999 -0.01737942 -0.03155053
v -0.01537193 -0.00948625 -0.03922808
v 0.00527459 -0.02745456 -0.03645551
v -0.00748320 -0.03000736 -0.03369939
v -0.00357700 -0.03548010 -0.04451835
v 0.01055156 -0.03412504 -0.04630804
v 0.00092275 -0.05384328 -0.04581892
v 0.01348747 -0.05432048 -0.04668331
v 0.01247021 -0.04777452 -0.05144751
v -0.00056139 -0.04827414 -0.05256128
v 0.01204053 -0.03964756 -0.05031216
v -0.00097790 -0.03734560 -0.05136979
v -0.00087237 -0.03477550 -0.04154694
v 0.01226235 -0.03431596 -0.04336405
v 0.01080339 -0.04074587 -0.03862166
v -0.00228141 -0.04062985 -0.03679252
v -0.00117780 -0.04970189 -0.03794014
v 0.01134459 -0.04984602 -0.03879833
v 0.00621314 -0.05693167 -0.04876041
v -0.00405673 -0.05621321 -0.05177701
v -0.00438140 -0.06663597 -0.05296564
v 0.00672167 -0.06461507 -0.05086315
v -0.00365499 -0.05935767 -0.03718030
v -0.00292556 -0.05348200 -0.04194093
v 0.00685228 -0.05294698 -0.04183519
v 0.00679485 -0.05868831 -0.03804243
v 0.00762625 -0.06610270 -0.03915966
v -0.00326452 -0.06853294 -0.03931415
v -0.00232816 -0.07174540 -0.04718554
v 0.00840202 -0.06959988 -0.04606128
v -0.00342654 -0.08227909 -0.04936099
v -0.01372780 -0.08470298 -0.05244076
v -0.01268215 -0.08875868 -0.04567242
v -0.00309993 -0.08542342 -0.04355848
v -0.01172552 -0.07634386 -0.05127716
v -0.00310715 -0.07559256 -0.04922414
v -0.01094993 -0.07691224 -0.03857934
v -0.00935593 -0.07329027 -0.04533076
v -0.00251788 -0.07102405 -0.04424191
v -0.00316604 -0.07434119 -0.03747523
v -0.00324585 -0.08233291 -0.03861284
v -0.01268120 -0.08556277 -0.03876913
v -0.01868691 -0.10067810 -0.04499209
v -0.01866355 -0.09835081 -0.05080760
v -0.02726749 -0.10085963 -0.05094147
v -0.02854250 -0.10311802 -0.04415965
v -0.02407777 -0.09342092 -0.05173874
v -0.01760976 -0.09163248 -0.05066299
v -0.02373884 -0.09258609 -0.03804016
v -0.02213391 -0.09137525 -0.04581666
v -0.01730401 -0.08831812 -0.04473150
v -0.01772921 -0.09038880 -0.03891480
v -0.01830420 -0.09796933 -0.03907192
v -0.02674589 -0.09942959 -0.03820622
v -0.02567605 -0.01722480 -0.05218458
v -0.01852795 -0.03444055 -0.05050528
v 0.00989426 -0.01625730 -0.03716373
v -0.02951869 -0.01302345 -0.03845930
v 0.01232219 -0.02267650 -0.03824544
v -0.01879755 -0.03646333 -0.03296149
v -0.02740122 -0.02134643 -0.02981174
v -0.00996951 -0.03572889 -0.04263151
v 0.01901602 -0.04620974 -0.04939854
v -0.00856804 -0.05353481 -0.04297388
v -0.01618262 -0.05587863 -0.03527844
v 0.01853297 -0.04144052 -0.04930782
v -0.01670615 -0.05294130 -0.05281162
v -0.02148070 -0.07211952 -0.05226457
v 0.01271453 -0.05956112 -0.03995633
v 0.01298996 -0.06356935 -0.04101086
v -0.01902783 -0.07513193 -0.03569114
v -0.01148015 -0.07391129 -0.04634082
v 0.00198018 -0.07988709 -0.04828358
v -0.02199740 -0.09148098 -0.04581738
v -0.02702475 -0.09113240 -0.03608894
v 0.00213835 -0.07580558 -0.04820037
v -0.02946587 -0.09014920 -0.05270278
v -0.01440010 -0.09441742 -0.04775631
v -0.03658240 -0.10221110 -0.03542638
v -0.04006292 -0.10707997 -0.04239678
v -0.01330643 -0.09130651 -0.04866052
v -0.03789863 -0.10330025 -0.05207062
v -0.15365498 -0.05527527 -0.14407790
v -0.14963043 -0.05304605 -0.12054515
v -0.14768273 -0.06631587 -0.14424062
v -0.14628229 -0.07672744 -0.12098610
v -0.14509462 -0.06331539 -0.12070644
v -0.14154777 -0.04854172 -0.09888148
v -0.14046007 -0.07392573 -0.09937859
v -0.13722765 -0.06043286 -0.10103142
v -0.18985295 -0.10180774 -0.07696724
v -0.17307173 -0.10181060 -0.07778120
v -0.20092094 -0.09277136 -0.07591712
v -0.22216554 -0.07735445 -0.07386136
v -0.21207134 -0.08599153 -0.07491291
v -0.13054629 -0.04397001 -0.08402741
v -0.14831994 -0.03793817 -0.07821739
v -0.12332045 -0.05644288 -0.08713770
v -0.12787989 -0.07381199 -0.08557534
v -0.04327025 -0.01659025 -0.05429709
v -0.06349343 -0.02141079 -0.05165899
v -0.05936094 -0.03437866 -0.06360269
v -0.03860979 -0.03447828 -0.05851769
v -0.05898501 -0.05331489 -0.06397772
v -0.03801204 -0.05293036 -0.05692673
v -0.06262518 -0.07129578 -0.06046450
v -0.04161692 -0.07123965 -0.05537379
v -0.06777617 -0.08837920 -0.05597091
v -0.04767592 -0.08912241 -0.05383623
v -0.07310584 -0.10352174 -0.04948628
v -0.05330187 -0.10430963 -0.05028653
v -0.07449631 -0.11275956 -0.03893709
v -0.05485247 -0.11194968 -0.04068387
v -0.04685250 -0.01288400 -0.03667104
v -0.06687393 -0.01910045 -0.03601301
v -0.04516391 -0.02441397 -0.02516055
v -0.06488800 -0.02991851 -0.02350831
v -0.04244360 -0.04136489 -0.02645016
v -0.06288458 -0.04601999 -0.02283382
v -0.07126602 -0.10930561 -0.02711201
v -0.05149541 -0.10649228 -0.02979469
v -0.04259907 -0.06028616 -0.02878416
v -0.06359236 -0.06422687 -0.02515888
v -0.04474854 -0.07833079 -0.02818882
v -0.06572026 -0.08171492 -0.02455223
v -0.04801036 -0.09382177 -0.02853036
v -0.06863798 -0.09700833 -0.02488649
v -0.08340403 -0.03495683 -0.06677914
v -0.08177458 -0.05374011 -0.07300115
v -0.20694479 -0.00438393 -1.42656028
v -0.23078035 -0.01619297 -1.35423839
v -0.08652855 -0.07162199 -0.06754267
v -0.09257486 -0.08833805 -0.05914235
v -0.09740829 -0.10232099 -0.04872155
v -0.09765358 -0.11245939 -0.03817916
v -0.12206848 -0.09320815 -0.06538880
v -0.12392502 -0.10240441 -0.04702687
v -0.12137680 -0.10968295 -0.03542304
v -0.14989530 -0.10415957 -0.04438329
v -0.14591439 -0.10854843 -0.03270781
v -0.25131720 -0.02994369 -0.82527691
v -0.23822956 -0.01802396 -1.31068575
v -0.19117041 -0.10350189 -0.03793216
v -0.25803629 -0.02992278 -0.90863490
v -0.04215895 0.00803049 -1.30361736
v -0.03342600 0.00849320 -1.28805840
v -0.02171636 0.00914293 -1.27621841
v -0.01433539 0.00950641 -1.25980830
v 0.01859609 0.00899278 -0.99310100
v 0.01632155 0.00888616 -1.00704813
v -0.20008397 -0.01950996 -1.05246580
v 0.02061947 0.00817979 -0.94961905
v 0.01865543 0.00952091 -1.02301180
v -0.23835722 -0.02089809 -1.18714833
v -0.00803982 0.00955077 -1.24194562
v 0.01861431 0.00744495 -0.92937958
v -0.24919915 -0.02140861 -1.25031388
v 0.02000868 0.00989793 -1.04656231
v -0.00270671 0.00373508 -0.84001720
v 0.01109057 0.01015997 -1.11393774
v -0.08820743 0.01986380 -1.42553163
v -0.09362350 0.03128079 -1.42938626
v -0.09495147 0.03319282 -1.42130029
v -0.09014691 0.02143029 -1.41794705
v -0.14450656 0.05722313 -1.43901050
v -0.13905680 0.05607024 -1.44728541
v -0.15361528 0.05312800 -1.45163822
v -0.15968178 0.05528394 -1.44359350
v -0.16651659 0.04667467 -1.45445752
v -0.17289771 0.04909148 -1.44604421
v -0.18245387 0.03833883 -1.44635212
v -0.17623135 0.03731367 -1.45620477
v -0.18314877 0.02591633 -1.45674419
v -0.18848050 0.02660350 -1.44579053
v -0.10114328 0.04294490 -1.43362284
v -0.11196697 0.05181367 -1.43843591
v -0.11309464 0.05193304 -1.42940676
v -0.10234951 0.04365706 -1.42555964
v -0.12501071 0.05590811 -1.44336605
v -0.12818684 0.05675401 -1.43446445
v -0.19191431 0.01354179 -1.44718432
v -0.18663302 0.01332336 -1.45886183
v -0.09252096 0.02599228 -1.39980352
v -0.09043498 0.01431463 -1.39769626
v -0.08926193 0.01265176 -1.40700006
v -0.09159085 0.02405012 -1.40899312
v -0.11402813 0.05407732 -1.39884031
v -0.12887309 0.06715493 -1.40592885
v -0.12644032 0.07359322 -1.39783800
v -0.11109877 0.05998617 -1.39032781
v -0.09569485 0.07252276 -1.36812699
v -0.11370998 0.09365635 -1.37661183
v -0.09319744 0.09254178 -1.35500073
v -0.08331922 0.07487962 -1.35055590
v -0.07731901 0.09218957 -1.33659494
v -0.07028666 0.07621914 -1.33336520
v -0.04019284 0.09173141 -1.28620005
v -0.03479198 0.07578821 -1.28567255
v -0.04597282 0.07619462 -1.30131423
v -0.05191659 0.09207280 -1.30206203
v -0.01275884 0.10830700 -1.19195819
v -0.00528269 0.09543280 -1.19660068
v -0.00462165 0.10337479 -1.21197665
v -0.01033183 0.11516108 -1.20956755
v -0.08545426 0.14987327 -1.30306423
v -0.09409534 0.15082341 -1.32062447
v -0.09591285 0.15787220 -1.30825758
v -0.08951060 0.15664093 -1.29090798
v -0.16280773 0.10788866 -1.41216135
v -0.13885324 0.10292966 -1.39859331
v -0.14202186 0.09064793 -1.40204513
v -0.16304201 0.09565174 -1.41448462
v -0.06760040 0.15315701 -1.21840215
v -0.05849635 0.14918335 -1.20721817
v -0.04907934 0.14625487 -1.21698618
v -0.05660734 0.14894913 -1.22802782
v -0.06451409 0.12059654 -1.11478484
v -0.04608671 0.10772763 -1.11425233
v -0.04730398 0.10763543 -1.13417339
v -0.06454247 0.11985318 -1.13458514
v -0.13441214 0.14552146 -1.15270436
v -0.16059053 0.14252843 -1.15112579
v -0.16078952 0.14026712 -1.13682258
v -0.13480693 0.14345756 -1.13711679
v -0.05273013 0.11902668 -1.28397465
v -0.04658712 0.10617185 -1.28554595
v -0.05815016 0.10672225 -1.30161595
v -0.06383736 0.11988512 -1.30024779
v -0.13032669 0.19544089 -1.16748226
v -0.12730466 0.18053256 -1.15944612
v -0.12535407 0.17604063 -1.18259966
v -0.12825014 0.19097406 -1.19112265
v -0.12344392 0.14415574 -1.04392886
v -0.14858904 0.14066347 -1.04815137
v -0.14669484 0.14243463 -1.03112137
v -0.12112304 0.14535441 -1.02629542
v -0.12904949 0.18638185 -1.34022152
v -0.14874494 0.19410086 -1.35387623
v -0.14885820 0.19951092 -1.33441150
v -0.12994899 0.19047262 -1.32140148
v -0.07150552 0.14775290 -1.27230859
v -0.07827958 0.14876913 -1.28726172
v -0.08436472 0.15543069 -1.27666914
v -0.07894130 0.15416990 -1.26443243
v -0.16674428 0.15172826 -1.17817569
v -0.14376327 0.15468983 -1.18009138
v -0.14946181 0.15757358 -1.19541645
v -0.17079517 0.15518722 -1.19329011
v -0.13851225 0.15139815 -1.16575575
v -0.16333684 0.14807807 -1.16380417
v -0.06516674 0.13979603 -1.27771878
v -0.05897844 0.13018732 -1.28140020
v -0.06927954 0.13103168 -1.29801691
v -0.07364545 0.14038837 -1.29478836
v -0.02025335 0.10042696 -1.17704451
v -0.01047662 0.08552493 -1.18268228
v -0.09562592 0.14173275 -1.02111268
v -0.07249190 0.13300411 -1.01568854
v -0.07489429 0.13317160 -1.03451657
v -0.09809563 0.14163192 -1.03921402
v -0.03513355 0.09210803 -1.15268517
v -0.02991893 0.09399834 -1.16566455
v -0.04080665 0.10784499 -1.16384482
v -0.04797677 0.10590097 -1.15143502
v -0.05205224 0.11988526 -1.01111114
v -0.03289220 0.10426993 -1.00684047
v -0.03588026 0.10415318 -1.02763402
v -0.05461555 0.11967216 -1.03043699
v -0.06393940 0.09221201 -1.31903017
v -0.05781889 0.07651819 -1.31705570
v -0.03099602 0.12923750 -1.19104528
v -0.02141806 0.11967681 -1.19065475
v -0.01865454 0.12534463 -1.20837617
v -0.02818418 0.13348193 -1.20803130
v -0.09718742 0.16103458 -1.27518952
v -0.10180648 0.16233443 -1.29063880
v -0.11423536 0.16144276 -1.26820648
v -0.11044210 0.16275875 -1.26004040
v -0.14564855 0.14460620 -1.01494646
v -0.12001124 0.14703521 -1.00976348
v -0.04997683 0.12052409 -0.99153733
v -0.03095531 0.10493453 -0.98629040
v -0.16632977 0.14573990 -1.25053167
v -0.16659825 0.13539205 -1.25205410
v -0.18050501 0.13330467 -1.24826181
v -0.18075168 0.14408046 -1.24679685
v 0.00172937 0.06379507 -1.21499634
v 0.00076650 0.07904141 -1.22379947
v 0.00008897 0.08467587 -1.20702255
v -0.00222514 0.07166163 -1.19503117
v -0.04018090 0.12445992 -1.17578053
v -0.05209402 0.12020372 -1.16419590
v -0.03016890 0.11341485 -1.17535448
v -0.00120495 0.04721476 -1.20583022
v -0.00862778 0.05620661 -1.18074691
v -0.05231447 0.05949093 -1.31380081
v -0.04085289 0.05942067 -1.29941678
v -0.06337399 0.05871564 -1.32961774
v -0.05715298 0.04109517 -1.32597089
v -0.06710839 0.03892804 -1.34214067
v -0.07411899 0.05648176 -1.34594917
v -0.07599804 0.03633741 -1.35803378
v -0.08390182 0.05369213 -1.36222124
v -0.10171624 0.04024805 -1.39350128
v -0.09850677 0.04440113 -1.38465476
v -0.09331456 0.15996391 -1.26392961
v -0.08888479 0.15849209 -1.25376761
v -0.07087446 0.13397667 -0.99733377
v -0.25456262 0.10129315 -1.33813620
v -0.25924283 0.09568772 -1.32034063
v -0.25436896 0.11468533 -1.32208109
v -0.24892285 0.12000582 -1.33917272
v -0.16208085 0.12010827 -1.41215420
v -0.13716793 0.11847778 -1.39887667
v -0.23162174 0.14217439 -1.25423765
v -0.22761720 0.14201318 -1.25787342
v -0.23169088 0.14188218 -1.26547635
v -0.23669206 0.14034383 -1.26333833
v -0.20931765 0.13185275 -1.25489891
v -0.20249185 0.13139568 -1.24979615
v -0.20351046 0.12904455 -1.24289167
v -0.21070853 0.13042594 -1.24728489
v -0.17005916 0.13337970 -1.03519344
v -0.17165804 0.13041081 -1.05200028
v -0.22434652 0.11122908 -1.16244733
v -0.20553808 0.12482522 -1.15570283
v -0.20667949 0.13233706 -1.17021942
v -0.22387820 0.12068442 -1.17776430
v -0.24349937 -0.00005123 -1.31275916
v -0.24576437 -0.00125764 -1.29650080
v -0.25252131 0.01747129 -1.30052769
v -0.25045520 0.01835383 -1.31728292
v -0.25585777 0.06196572 -1.34748435
v -0.25090206 0.06523599 -1.36361420
v -0.24942759 0.04124804 -1.35626316
v -0.25357461 0.03945139 -1.34101212
v -0.25881740 0.08019491 -1.33505774
v -0.26271936 0.07524164 -1.31721091
v -0.18943757 0.15026975 -1.19552374
v -0.18778098 0.14613159 -1.18014085
v -0.17854512 0.15615961 -1.22580218
v -0.19445282 0.15352762 -1.22628427
v -0.19341403 0.15350692 -1.21806133
v -0.17684272 0.15671270 -1.21740866
v -0.16582139 0.08909445 -1.41855097
v -0.18653899 0.08525091 -1.42322600
v -0.18588179 0.09590530 -1.41897619
v -0.22416833 0.04476961 -1.40412772
v -0.22909328 0.04372700 -1.39833415
v -0.22557473 0.05866910 -1.40313065
v -0.22099286 0.05552473 -1.40791202
v -0.25608411 0.01826129 -1.23004663
v -0.25138617 -0.00225035 -1.23031950
v -0.24777389 -0.00179098 -1.20878017
v -0.25244659 0.02033017 -1.20716190
v -0.21553019 0.14491081 -1.24487424
v -0.21765995 0.14713043 -1.23978221
v -0.20744286 0.14957535 -1.23509979
v -0.20599113 0.14591661 -1.24027312
v -0.20735890 0.14993566 -1.22080255
v -0.20746247 0.15056299 -1.22876000
v -0.21864539 0.14701271 -1.23358071
v -0.21968859 0.14525847 -1.22584009
v -0.22263232 0.13022041 -1.19209504
v -0.20645076 0.13929595 -1.18534434
v -0.20622040 0.14428134 -1.20026445
v -0.22093824 0.13624766 -1.20667481
v -0.23023389 -0.00170594 -1.14045906
v -0.23520988 0.01685949 -1.13757145
v -0.24081716 0.01767352 -1.16014278
v -0.23718318 -0.00203105 -1.16227245
v -0.14181900 0.13922195 -1.25524783
v -0.12775970 0.14690469 -1.26095331
v -0.13039514 0.14276849 -1.24857759
v -0.14519794 0.13607529 -1.24158859
v -0.23094884 0.15223338 -1.24765623
v -0.23062742 0.14862092 -1.25643480
v -0.22809267 0.14368102 -1.25150919
v -0.22948191 0.14803588 -1.24361920
v -0.16128810 0.12987629 -1.21703076
v -0.14723532 0.13439046 -1.22452855
v -0.14900705 0.13563496 -1.20427775
v -0.16355801 0.13008595 -1.19750774
v -0.19092363 0.12910774 -1.41164398
v -0.16152281 0.13151325 -1.41253138
v -0.18942127 0.11851823 -1.41452813
v -0.18709260 0.12365764 -1.21157432
v -0.19882494 0.12417319 -1.21369314
v -0.19599797 0.12468477 -1.22846377
v -0.18437956 0.12614492 -1.22743618
v -0.13996047 0.20464034 -1.19847417
v -0.14141543 0.20906423 -1.17488980
v -0.17863610 0.13068281 -1.17394900
v -0.19205707 0.13192861 -1.17393255
v -0.18966693 0.12506104 -1.19212198
v -0.17671545 0.12560849 -1.19247365
v -0.22096667 0.10300919 -1.14749575
v -0.20400253 0.11859988 -1.14146209
v -0.20399833 0.10189197 -1.04079413
v -0.18947938 0.11939040 -1.03822684
v -0.19091584 0.11522731 -1.05591083
v -0.20553252 0.09785543 -1.05933154
v -0.16915053 0.13503696 -1.01878607
v -0.20196712 0.10403840 -1.02314472
v -0.18768020 0.12127936 -1.02156186
v -0.17847760 0.06857295 -1.43117535
v -0.19257066 0.05601750 -1.43180776
v -0.19833088 0.06348383 -1.42585218
v -0.18503900 0.07554986 -1.42755783
v -0.17867279 0.15888156 -0.90970552
v -0.18528602 0.15543558 -0.88223720
v -0.15696977 0.16528834 -0.88054359
v -0.14987548 0.16715464 -0.90584040
v -0.21376127 0.03098192 -1.41737020
v -0.20667142 0.04835160 -1.42232764
v -0.20110059 0.04145488 -1.42876220
v -0.20638463 0.02398987 -1.42452192
v -0.14718702 0.16449995 -0.93004924
v -0.17531073 0.15793969 -0.93533909
v -0.16394658 0.08005185 -1.42262173
v -0.15706620 0.06820393 -1.42694426
v -0.14455381 0.07399993 -1.41461575
v -0.13986811 0.06587522 -1.41900718
v -0.12429718 0.05896257 -1.41239905
v -0.12988175 0.16947442 -0.87384570
v -0.12418628 0.16684176 -0.89851332
v -0.18113136 0.05190866 -1.43874013
v -0.19057214 0.03988646 -1.43785095
v -0.19770721 0.02504867 -1.43528593
v -0.20086947 0.01065126 -1.43499398
v -0.17017047 0.13927978 -1.00234556
v -0.14572755 0.14786096 -0.99851668
v -0.24902129 0.09139207 -0.77788407
v -0.25246814 0.06344061 -0.77481264
v -0.24167815 0.06198212 -0.76154679
v -0.23940232 0.09510663 -0.76281631
v -0.24341741 -0.00260782 -0.78923559
v -0.22658259 -0.00425012 -0.77518189
v -0.23656799 0.02796691 -0.76608551
v -0.25046408 0.03154455 -0.77885067
v -0.26672789 0.03369566 -0.90818000
v -0.25847948 0.03582966 -0.93004060
v -0.25555745 0.00608346 -0.93085134
v -0.26302487 0.00354280 -0.90825844
v -0.20425157 0.10830513 -1.00671601
v -0.18916850 0.12558800 -1.00524676
v -0.11930145 0.14965178 -0.99333870
v -0.16558808 0.17398854 -0.74537694
v -0.16644886 0.16905877 -0.71128732
v -0.12798995 0.17285298 -0.70497531
v -0.12457297 0.17664891 -0.74003977
v -0.21796960 0.12295410 -0.71661842
v -0.22293317 0.12605006 -0.74493909
v -0.23179746 0.09237772 -0.74276757
v -0.22592135 0.08921519 -0.71785903
v -0.01339328 0.08831159 -0.98181111
v -0.03111529 0.10522319 -0.96650100
v -0.01377339 0.08781566 -0.96106255
v 0.01775404 0.03205509 -0.97261858
v 0.01093536 0.05309299 -0.97543955
v 0.01062939 0.05046532 -0.95375586
v 0.01714478 0.02990109 -0.95117259
v -0.00898144 0.03095365 -0.84075522
v -0.00460429 0.01631674 -0.84051687
v 0.00001048 0.01944273 -0.86239302
v -0.00501233 0.03685866 -0.86380339
v -0.09803139 0.16361614 -0.89026296
v -0.07480244 0.15080182 -0.88296551
v -0.07312667 0.14732584 -0.90304816
v -0.09570804 0.15925606 -0.91133404
v -0.20612083 -0.00460776 -0.76399827
v -0.21760994 0.02532768 -0.75422943
v -0.08862437 0.16498375 -0.70084172
v -0.08515538 0.16558640 -0.73596954
v -0.05700642 0.14455192 -0.69654620
v -0.03952567 0.11396556 -0.69649935
v -0.03755525 0.11503443 -0.72723573
v -0.05553450 0.14450429 -0.73024088
v -0.04113435 0.03100543 -0.77487206
v -0.06237634 0.01135963 -0.76179284
v -0.05916898 0.01037493 -0.76715511
v -0.03584017 0.02570002 -0.78518564
v -0.25472540 -0.00133546 -0.80348724
v -0.25997898 0.03153643 -0.79555309
v -0.26795748 0.03028303 -0.81421959
v -0.26241150 -0.00118353 -0.82041293
v -0.21109217 0.08485758 -1.02410555
v -0.21474069 0.08862510 -1.00672305
v -0.21628010 0.06519028 -1.02491570
v -0.21297333 0.08312669 -1.04321074
v -0.21724340 0.06309965 -1.04487407
v -0.24230886 0.06451213 -1.16660953
v -0.23363890 0.08486990 -1.15592015
v -0.23821476 0.09338444 -1.17173243
v -0.24738342 0.07331639 -1.18486345
v -0.25866503 0.03644439 -1.30686402
v -0.25638494 0.03764296 -1.32425213
v -0.22263913 0.05331175 -0.72440737
v -0.20342317 0.01689835 -0.74009287
v -0.20555669 0.02409390 -0.70137650
v -0.21907023 0.05722015 -0.69498318
v -0.19632988 0.14591318 -0.68419498
v -0.19805548 0.15219185 -0.71584010
v -0.21377525 0.12097295 -0.68730593
v -0.16585660 0.16421784 -0.67864740
v -0.12776023 0.16994423 -0.67278874
v -0.05890653 0.14138158 -0.66487408
v -0.04265116 0.10992829 -0.66632211
v -0.06225767 0.02264787 -0.70098919
v -0.04717582 0.04696114 -0.69937927
v -0.05412408 0.04535046 -0.67358738
v -0.07140786 0.02073493 -0.67815584
v -0.02659106 0.06962550 -0.83868754
v -0.04034395 0.10283812 -0.85843074
v -0.04096990 0.10694230 -0.83514994
v -0.03047665 0.07911347 -0.81606352
v 0.01623625 0.03745998 -0.99475300
v 0.01032403 0.05429468 -0.99789345
v 0.00098528 0.07068686 -0.97835982
v 0.00047157 0.07109644 -1.00058436
v -0.01452652 0.08819805 -1.00331938
v 0.00465543 0.05589042 -1.09268999
v -0.00833710 0.07580771 -1.09241807
v -0.00461096 0.07383496 -1.07007134
v 0.00813995 0.05430637 -1.06972730
v -0.00052515 0.05733408 -1.11640489
v -0.01258317 0.07760947 -1.11575019
v -0.01444276 0.05542903 -1.16054535
v -0.01898246 0.07713217 -1.17029226
v -0.02390235 0.07518824 -1.15572333
v -0.04723364 0.04187826 -1.31010389
v -0.03684328 0.04201144 -1.29578722
v -0.10169256 0.16838524 -0.86724257
v -0.17193599 -0.00622899 -0.73243290
v -0.14064659 -0.01138270 -0.72148424
v -0.15041751 -0.00918302 -0.69564360
v -0.18071586 0.00018751 -0.70063603
v -0.12094446 0.16360569 -0.92077434
v -0.09416607 0.14307268 -1.00372910
v -0.09371699 0.14490858 -0.98683405
v -0.10787089 0.13952379 -1.13839912
v -0.10238193 0.14218357 -1.15777242
v -0.00280515 0.09265505 -1.22887468
v -0.00109082 0.09393582 -1.21649718
v -0.20003982 0.15648663 -0.74850452
v -0.06619918 0.13147888 -0.60603184
v -0.05305456 0.10072882 -0.60700750
v -0.04731186 0.10630219 -0.63566303
v -0.06214829 0.13733861 -0.63518661
v -0.10440136 0.00585357 -0.65581369
v -0.08151740 0.02046719 -0.65187925
v -0.09185881 0.02144408 -0.62460303
v -0.11508602 0.00936228 -0.62800163
v -0.12358953 0.01349295 -0.59966743
v -0.09949477 0.02338369 -0.59581566
v -0.10875256 0.02341232 -0.56805933
v -0.13190599 0.01529919 -0.57333189
v -0.09024493 0.16131121 -0.66673434
v -0.12720469 0.15842719 -0.61243689
v -0.09354022 0.15167041 -0.60784799
v -0.09152621 0.15651466 -0.63606584
v -0.12765484 0.16358271 -0.64116096
v -0.22140136 0.09062564 -0.68994105
v -0.09381910 0.00361224 -0.68213582
v -0.08318207 0.00450371 -0.70399809
v -0.16535895 0.00643298 -0.63343424
v -0.19002050 0.01735628 -0.63492113
v -0.18592802 0.00879656 -0.66631794
v -0.15837747 -0.00190711 -0.66431004
v -0.20863104 0.12094219 -0.63058794
v -0.18998092 0.14206994 -0.62607592
v -0.19218758 0.14477783 -0.65437752
v -0.21062601 0.12145259 -0.65844291
v -0.16120109 0.15435679 -0.61968809
v -0.16290757 0.15922958 -0.64843005
v -0.12652352 0.14896795 -0.55595082
v -0.09656447 0.13989416 -0.55144429
v -0.09509853 0.14614563 -0.57963932
v -0.12697676 0.15325250 -0.58420384
v -0.15933850 0.14714903 -0.56363410
v -0.16029441 0.15049909 -0.59142214
v -0.18834141 0.14004657 -0.59874320
v -0.18593438 0.13798860 -0.57091516
v -0.20389396 0.11956038 -0.57683206
v -0.20714059 0.12013969 -0.60372078
v -0.21762611 0.09582876 -0.60626298
v -0.21472281 0.09756238 -0.58030844
v -0.21799047 0.07027207 -0.60824317
v -0.20922121 0.04528602 -0.60816908
v -0.20886379 0.05155746 -0.58214849
v -0.21568343 0.07476059 -0.58223933
v -0.17739299 0.01853181 -0.57859474
v -0.19647987 0.03144326 -0.58096474
v -0.19342193 0.02492899 -0.60695702
v -0.17127068 0.01361603 -0.60501373
v -0.19749644 0.03815364 -0.47873926
v -0.20434992 0.05547222 -0.48041368
v -0.20276278 0.04987867 -0.50640178
v -0.19405407 0.03195605 -0.50423288
v -0.21217030 0.07168332 -0.48211956
v -0.21529159 0.08985248 -0.48080951
v -0.21197155 0.08607004 -0.50625604
v -0.20815921 0.06822577 -0.50706434
v -0.19493705 0.12010676 -0.49857044
v -0.20827180 0.10373412 -0.50391275
v -0.21044508 0.10716093 -0.47797364
v -0.19627818 0.12153801 -0.47217470
v -0.17987829 0.13519613 -0.46539128
v -0.17968330 0.13644081 -0.49125618
v -0.15734445 0.13610488 -0.45929176
v -0.15735973 0.14149824 -0.48458719
v -0.12990865 0.13221060 -0.47913229
v -0.13171147 0.12698264 -0.45531678
v -0.14650151 0.02151247 -0.46782875
v -0.16655634 0.01806993 -0.47297782
v -0.15898301 0.01500709 -0.49641448
v -0.13913202 0.02052505 -0.49171442
v -0.10495228 0.05323321 -0.48388869
v -0.08742459 0.07391972 -0.47988492
v -0.09863798 0.06945585 -0.45565712
v -0.11748572 0.05001691 -0.45964879
v -0.15859121 0.14451997 -0.53632212
v -0.12656021 0.14463931 -0.52868050
v -0.20011133 0.11844292 -0.55043739
v -0.18323126 0.13660178 -0.54404789
v -0.18305376 0.02334888 -0.55363882
v -0.19868800 0.03814524 -0.55593759
v -0.11911983 0.02276429 -0.54130435
v -0.14078353 0.01557893 -0.54654390
v -0.07843179 0.11122940 -0.52448398
v -0.09802974 0.13305464 -0.52472657
v -0.09939599 0.12698434 -0.49896955
v -0.08048879 0.10599434 -0.49871695
v -0.15804511 0.14373869 -0.51044077
v -0.18132696 0.13573788 -0.51766640
v -0.19684063 0.11825406 -0.52451771
v -0.20890650 0.10104901 -0.52937579
v -0.21138918 0.08199211 -0.53124660
v -0.20711344 0.06340677 -0.53206521
v -0.20092005 0.04411484 -0.53141373
v -0.18883745 0.02719652 -0.52870345
v -0.15001580 0.01504086 -0.52124125
v -0.12962660 0.02249500 -0.51600873
v -0.08460697 0.10104413 -0.47589540
v -0.10274848 0.12157761 -0.47614974
v -0.10940544 0.11772007 -0.45333105
v -0.09519984 0.09387387 -0.45415831
v -0.10604954 0.08877228 -0.43287086
v -0.11002599 0.06706408 -0.43480921
v -0.21651211 0.07421008 -0.45573109
v -0.21792036 0.09148930 -0.45442218
v -0.21251827 0.10873620 -0.45109361
v -0.18189675 0.13435324 -0.44051313
v -0.15611628 0.13134889 -0.43348324
v -0.13262258 0.12182261 -0.42904860
v -0.11504590 0.11031771 -0.43155044
v -0.17758791 0.02556899 -0.42212880
v -0.17161942 0.02443076 -0.44749665
v -0.15360856 0.02557931 -0.44387889
v -0.15943998 0.02764893 -0.41800255
v -0.20796379 0.04034348 -0.42652535
v -0.22045285 0.05503819 -0.42830700
v -0.20797072 0.05823185 -0.45499051
v -0.19849053 0.04387501 -0.45225430
v -0.22703370 0.07495778 -0.42894971
v -0.22623894 0.09373862 -0.42710084
v -0.22024769 0.11167577 -0.42375273
v -0.20068675 0.12444367 -0.44675624
v -0.20616242 0.12630679 -0.41892648
v -0.18365385 0.13213524 -0.41272879
v -0.15252003 0.12907283 -0.40564799
v -0.13324171 0.10898914 -0.37215418
v -0.13050079 0.10989163 -0.40190935
v -0.15377165 0.12799948 -0.37637031
v -0.14365587 0.06842051 -0.28122449
v -0.14764377 0.09245765 -0.28029406
v -0.15412064 0.08253382 -0.24782443
v -0.15012613 0.06105480 -0.24723816
v -0.16433173 0.02540177 -0.39024925
v -0.18533492 0.02128839 -0.39395541
v -0.21858865 0.03502931 -0.39888912
v -0.23134524 0.05226547 -0.40013409
v -0.19010423 0.13265046 -0.35220444
v -0.18465069 0.13366973 -0.38290793
v -0.21048898 0.12692580 -0.38915628
v -0.21632457 0.12523353 -0.35798144
v -0.17759572 0.00800308 -0.29692984
v -0.19815826 0.00395830 -0.29965329
v -0.19534777 0.00785620 -0.33276755
v -0.17327613 0.01155154 -0.32905936
v -0.22528684 0.02753529 -0.36783868
v -0.22958417 0.02235894 -0.33574152
v -0.24315009 0.03812027 -0.33604676
v -0.23850098 0.04449792 -0.36909354
v -0.19737250 0.11719032 -0.28565669
v -0.19453856 0.12729378 -0.31962365
v -0.22028080 0.12066697 -0.32489169
v -0.22183937 0.11156894 -0.28991514
v -0.15938006 0.12733884 -0.34614962
v -0.16493404 0.12125175 -0.31505990
v -0.14272940 0.10081093 -0.31183314
v -0.13660371 0.10556443 -0.34343255
v -0.13726559 0.07488730 -0.31376404
v -0.13153945 0.07964247 -0.34487873
v -0.20086925 0.00600485 -0.22636032
v -0.19959489 0.00445729 -0.26350665
v -0.18074386 0.00812162 -0.26031899
v -0.18433198 0.00889543 -0.22223353
v -0.24392098 0.03497739 -0.30143201
v -0.23171511 0.01834463 -0.30164599
v -0.22983438 0.01733942 -0.26452005
v -0.24081835 0.03258907 -0.26432192
v -0.20003748 0.09321279 -0.21288371
v -0.19907272 0.10596388 -0.24974704
v -0.22132349 0.10048290 -0.25300419
v -0.22059214 0.08770122 -0.21612489
v -0.16081402 0.07294963 -0.21193051
v -0.17222247 0.10086612 -0.24861097
v -0.17725538 0.08913641 -0.21176672
v -0.16383731 0.06181935 -0.17700887
v -0.15984146 0.04442008 -0.17731810
v -0.15625986 0.05285218 -0.21228814
v -0.18702576 0.00872975 -0.18708944
v -0.20165107 0.00474096 -0.19024265
v -0.23400407 0.02466473 -0.19211280
v -0.23667851 0.03027103 -0.22720027
v -0.22656080 0.01651124 -0.22737718
v -0.22416827 0.01254319 -0.19128251
v -0.24074760 0.06326196 -0.22169495
v -0.24173662 0.04663745 -0.22496819
v -0.23852283 0.04017665 -0.18989241
v -0.23718280 0.05549196 -0.18664205
v -0.21833777 0.07493964 -0.18313873
v -0.23362841 0.07765026 -0.21840680
v -0.23016691 0.06594697 -0.18441069
v -0.19939664 0.08079997 -0.17990625
v -0.17851326 0.07743052 -0.17683947
v -0.14679411 -0.01168931 -0.75721228
v -0.11634950 -0.00906357 -0.74562776
v -0.12853949 -0.00955960 -0.73745131
v -0.15930223 -0.00741511 -0.75138617
v -0.06159545 0.04432295 -0.64632326
v -0.07036129 0.04287921 -0.61712605
v -0.08812051 0.04018025 -0.56214964
v -0.07832350 0.04198653 -0.58888704
v -0.09904946 0.03810351 -0.53689432
v -0.11044677 0.03653925 -0.51261026
v -0.12150404 0.03347979 -0.48835284
v -0.13143785 0.03271689 -0.46403855
v -0.13812694 0.03578516 -0.43815053
v -0.14179549 0.03729891 -0.41226423
v -0.15056597 0.03173339 -0.35676926
v -0.16890122 0.01897475 -0.36062235
v -0.14628361 0.03681348 -0.38544887
v -0.15814441 0.02193150 -0.29206550
v -0.15416384 0.02623334 -0.32564878
v -0.16372800 0.02022380 -0.25502622
v -0.16990252 0.01868713 -0.21798933
v -0.17379877 0.01781480 -0.18287098
v -0.03351936 0.08402780 -0.75028861
v -0.03800980 0.05424486 -0.74360001
v -0.03532942 0.05719848 -0.76159024
v -0.03327459 0.08485963 -0.77347434
v -0.07947017 0.00249440 -0.75920522
v -0.09440110 -0.00363874 -0.76045007
v -0.09109715 -0.00170144 -0.76379889
v -0.07708453 0.00323179 -0.76307541
v -0.12772197 0.13959774 -0.50387794
v -0.21078515 0.09943654 -0.55482948
v -0.21242470 0.07907145 -0.55671823
v -0.20729321 0.05806278 -0.55708849
v -0.08128992 0.05938943 -0.53043365
v -0.07221515 0.08381058 -0.52692592
v -0.07819875 0.07809465 -0.50218379
v -0.09010224 0.05583700 -0.50567573
v -0.12816684 0.07896170 -0.37123972
v -0.13847753 0.05294469 -0.35036528
v -0.13326009 0.05566400 -0.37810594
v -0.12300605 0.08240110 -0.39505839
v -0.23601675 0.09415712 -0.39738762
v -0.22788671 0.11274439 -0.39449424
v -0.24488777 0.09073436 -0.36676544
v -0.23694862 0.07209742 -0.39930344
v -0.24569651 0.06770573 -0.36869937
v -0.06349734 0.06662260 -0.58238792
v -0.05982857 0.09460270 -0.57886159
v -0.06681104 0.08885565 -0.55266416
v -0.07252929 0.06203950 -0.55667573
v -0.19223350 0.10983951 -1.07312965
v -0.20644879 0.09335042 -1.07823861
v -0.06139761 0.14323904 -1.18550384
v -0.07893839 0.14249545 -1.17292666
v -0.06503453 0.13220407 -1.16652441
v -0.05087732 0.13435692 -1.17873991
v -0.07080968 0.14997698 -1.19517004
v -0.08889458 0.14990722 -1.18282890
v -0.08013967 0.15454185 -1.20658863
v -0.09769291 0.15516070 -1.19453394
v -0.12713771 0.15996470 -1.25058365
v -0.13091491 0.15592019 -1.25757110
v -0.00671353 0.05743607 -1.13942361
v 0.00110138 0.03456119 -1.13858366
v -0.00678907 0.03333250 -1.15963042
v 0.00049318 0.06954771 -0.95689237
v -0.01640894 0.04717557 -0.83952600
v -0.01316652 0.05574404 -0.86594760
v -0.02351929 0.07861066 -0.87047619
v -0.03739262 0.00952110 -0.78234887
v -0.24052563 0.03867428 -1.15532327
v -0.23580141 0.03707340 -1.13289845
v -0.24749833 0.01996267 -1.33389270
v -0.24136984 0.00023661 -1.32854855
v -0.24101597 0.02211906 -1.36242628
v -0.23698375 0.02258285 -1.37465191
v -0.23233679 0.00234946 -1.36872160
v -0.23567310 0.00222026 -1.35648251
v -0.21477783 0.01063418 -1.41510010
v -0.20771915 0.01077680 -1.42492127
v -0.09791626 -0.00478400 -0.75562191
v -0.12057152 -0.01021242 -0.76230156
v -0.11139205 -0.00827293 -0.76412761
v -0.05486938 0.02579002 -0.72088391
v -0.07403624 0.00694061 -0.72193575
v -0.06721424 0.00975285 -0.73500329
v -0.04966011 0.02903779 -0.73737806
v -0.11939231 0.17821208 -0.77537596
v -0.15925090 0.17756295 -0.78163874
v -0.23017192 0.05755395 -0.74589074
v -0.19300781 0.14433430 -1.13253570
v -0.20461795 0.15138713 -1.13446164
v -0.20503095 0.14359790 -1.15538359
v -0.19305938 0.13782288 -1.15348959
v -0.25930318 0.04174592 -1.23055470
v -0.25362006 0.04960023 -1.20353472
v -0.14529887 0.08327058 -1.40845323
v -0.15916474 0.15350375 -1.40706134
v -0.13414104 0.15166163 -1.39488602
v -0.13610256 0.14162783 -1.39840329
v -0.16089325 0.14227337 -1.41084456
v -0.23610006 0.13844521 -1.35577762
v -0.22454333 0.14221245 -1.37329876
v -0.23004261 0.12948418 -1.37531662
v -0.24115637 0.12501097 -1.35652280
v -0.26783106 0.00139106 -0.88587618
v -0.27262807 0.03134056 -0.88483536
v -0.21853566 0.01814999 -1.07131088
v -0.22111979 0.03869174 -1.06811619
v -0.22589056 0.03658782 -1.08860052
v -0.22370079 0.01681182 -1.09263861
v -0.25620472 0.07314248 -1.21603489
v -0.24841869 0.08872065 -1.19934320
v -0.00838074 0.04263046 -1.25008082
v -0.00987786 0.05961645 -1.25347304
v -0.00170103 0.06088828 -1.23609424
v -0.00215415 0.04397354 -1.23002505
v -0.22418955 0.15643734 -1.19573832
v -0.22178726 0.14286576 -1.21085572
v -0.21279736 0.13360645 -1.20090830
v -0.21511987 0.14232075 -1.18225384
v -0.20040470 0.15899946 -0.78680682
v -0.22855532 0.12827845 -0.77084088
v -0.18185078 0.12664136 -1.10444665
v -0.20232075 0.11179610 -1.10836232
v -0.19662911 0.10879430 -1.09004736
v -0.17710647 0.12407300 -1.08613229
v -0.18388873 0.13527463 -1.15229118
v -0.18397592 0.13167940 -1.13831890
v -0.18611491 0.14151824 -1.16562235
v -0.19368815 0.14316399 -1.24636090
v -0.19277933 0.13122943 -1.24718606
v -0.20397341 0.14252102 -1.24909949
v -0.04146805 0.05083019 -0.72269547
v -0.03007714 0.05391640 -0.79409152
v -0.02637101 0.04737593 -0.80762064
v -0.10629618 -0.00616420 -0.76794410
v -0.13446330 0.05988498 -1.42566955
v -0.11905239 0.05452447 -1.42086375
v -0.17192769 0.12888108 -1.22973359
v -0.17459239 0.12612996 -1.21259403
v -0.16455114 0.15025719 -1.24292827
v -0.18022949 0.14843835 -1.23922420
v -0.17983460 0.15390873 -1.23276007
v -0.16279733 0.15552281 -1.23601234
v -0.19412136 0.14677970 -1.23852217
v -0.19473448 0.15176326 -1.23264253
v -0.07916972 0.13121934 -1.31623042
v -0.09071426 0.13180673 -1.33416200
v -0.09240717 0.14220354 -1.32884109
v -0.08235664 0.14131172 -1.31138802
v -0.07535122 0.11998297 -1.31812787
v -0.07030554 0.10697506 -1.31898010
v -0.08373722 0.10696191 -1.33739996
v -0.08802432 0.12031634 -1.33674717
v -0.10348074 0.06711423 -1.38217270
v -0.12123403 0.08187563 -1.39047706
v -0.09126895 0.04948672 -1.37520075
v -0.08291978 0.03344556 -1.37073827
v -0.22123425 0.01198747 -1.40463257
v -0.22556528 0.00603807 -1.39160359
v -0.22720414 0.02521005 -1.39599919
v -0.22138208 0.03330169 -1.40726113
v -0.11028691 0.04822070 -1.40918005
v -0.10032032 0.03783573 -1.40318429
v -0.09236424 0.02757233 -1.39018321
v -0.15616922 0.21247841 -1.20128405
v -0.15621978 0.21648474 -1.17873240
v -0.16711533 0.05984260 -1.43673527
v -0.15061773 0.06196927 -1.43152499
v -0.17406908 0.21539754 -1.20274317
v -0.17394610 0.21953423 -1.17939341
v -0.13687281 0.13071087 -1.39923978
v -0.11871525 0.13827905 -1.37735581
v -0.11821530 0.12714295 -1.37757373
v -0.10576361 0.04582300 -1.41809964
v -0.09749655 0.03587044 -1.41223383
v -0.14781554 0.17709038 -0.81695485
v -0.11157612 0.17714737 -0.81025064
v -0.10117722 0.14011087 -1.05796039
v -0.12604776 0.14181802 -1.06183195
v 0.01247052 0.03404227 -1.09244037
v 0.01579829 0.03267535 -1.06898618
v -0.08689670 0.01063904 -1.41581070
v 0.01041406 0.05299065 -1.02148986
v 0.01653218 0.03157090 -1.01782846
v 0.01647165 0.03175062 -1.04444993
v 0.00973888 0.05296133 -1.04604530
v 0.01960962 0.02211807 -0.98085988
v 0.01848016 0.02348620 -0.99305654
v -0.00985658 0.01425614 -0.82277811
v -0.01303914 0.02620057 -0.82232589
v -0.11993337 0.18232903 -1.27175212
v -0.13152236 0.19387589 -1.28347290
v -0.13357331 0.19582781 -1.26345110
v -0.12158503 0.18362938 -1.25368214
v -0.00049908 0.07134759 -1.02403784
v -0.01704393 0.08841906 -1.02581143
v -0.12374517 0.16098355 -1.24242389
v -0.10669410 0.16184546 -1.25147700
v -0.00569689 0.03284617 -1.17813230
v -0.00442231 0.07739004 -1.24003470
v -0.01295755 0.07634827 -1.25568736
v -0.01803225 0.09173062 -1.25692511
v -0.00910301 0.09223378 -1.24271452
v -0.11514433 -0.00767194 -0.76854879
v -0.23155321 0.16987064 -1.27994883
v -0.22919662 0.17388710 -1.26794064
v -0.22524846 0.18094902 -1.27638364
v -0.22777912 0.17692468 -1.28915977
v -0.09911576 -0.00451230 -0.72631681
v -0.10985500 -0.00591402 -0.71081656
v -0.18309188 -0.00432910 -0.76034915
v -0.16767707 -0.01310017 -0.76721400
v -0.04258310 0.07661142 -0.66845328
v -0.03764185 0.08030746 -0.69764268
v -0.04868632 0.07198590 -0.64027083
v -0.05574245 0.06943642 -0.61107904
v -0.12522458 0.05203428 -0.43574607
v -0.12645942 0.05804885 -0.40681499
v -0.14414558 0.04893534 -0.31923515
v -0.14960870 0.04442339 -0.28615892
v -0.15578441 0.03952932 -0.25065470
v -0.16145617 0.03389024 -0.21467197
v -0.16437997 0.02960315 -0.17961252
v -0.19114949 0.21666433 -1.17595410
v -0.19383100 0.21309577 -1.20102727
v -0.20862910 0.20281133 -1.19288874
v -0.20438111 0.20844550 -1.16885829
v -0.16505805 0.13233763 -1.17659295
v -0.15097113 0.13817985 -1.18244565
v -0.15192571 0.14235491 -1.16191459
v -0.16593999 0.13716227 -1.15739155
v -0.16681917 0.14208761 -1.13696694
v -0.18047693 0.14177419 -1.13417482
v -0.17985284 0.13570876 -1.15462482
v -0.21377596 0.16201961 -1.13995600
v -0.21831498 0.17376436 -1.14715421
v -0.22087491 0.16610670 -1.16998744
v -0.21466999 0.15219896 -1.16086221
v -0.21351987 0.19705012 -1.16154182
v -0.21687414 0.18977246 -1.18376458
v -0.22090645 0.17718109 -1.17648351
v -0.21831068 0.18510081 -1.15425527
v -0.13108882 0.16611643 -1.15164959
v -0.13993526 0.15415987 -1.14525747
v -0.13926019 0.15135193 -1.16838980
v -0.13000958 0.16250062 -1.17491615
v -0.14936882 0.20448072 -1.29399872
v -0.15153691 0.20575076 -1.27121508
v -0.12120801 0.15661967 -1.27506483
v -0.10940312 0.16091968 -1.28643584
v -0.11275928 0.15863073 -1.27901852
v -0.12487448 0.14747196 -1.27170146
v -0.13797846 0.20052162 -1.22161996
v -0.13551900 0.19767529 -1.24371290
v -0.15292022 0.20649815 -1.24805653
v -0.15450150 0.20856306 -1.22427619
v -0.12811789 0.15798302 -1.19709373
v -0.13803014 0.14685743 -1.18971837
v -0.13567173 0.14325556 -1.21159840
v -0.12458398 0.15415339 -1.21853936
v -0.20419469 0.13508891 -1.17539179
v -0.20186412 0.12836750 -1.19522762
v -0.11415850 0.16857387 -1.26053655
v -0.11682419 0.16804461 -1.24371147
v -0.10265501 0.16057660 -1.24166203
v -0.15796848 0.15915914 -1.21974099
v -0.16051459 0.15813586 -1.22848797
v -0.04054384 0.13729995 -1.19341946
v -0.03718935 0.13948022 -1.20824313
v -0.11965089 0.15515459 -1.18564880
v -0.12720864 0.15839697 -1.19988561
v -0.04948553 0.14376751 -1.19856763
v -0.04457069 0.14334480 -1.20839036
v -0.03181057 0.09381007 -1.13539839
v -0.08911942 0.02995278 -1.38094425
v -0.12363639 0.18462044 -1.23495817
v -0.12025373 0.16901155 -1.22650504
v -0.21466216 0.12947379 -1.23639643
v -0.20624629 0.12628281 -1.23228705
v -0.20981285 0.12827596 -1.21823680
v -0.21874514 0.13476232 -1.22433102
v -0.25258997 0.10659952 -1.23925304
v -0.25542867 0.09234060 -1.22681844
v -0.24682525 0.10461977 -1.21250522
v -0.24431747 0.11627453 -1.22620118
v -0.21365203 0.19316038 -1.28427052
v -0.20431603 0.19949795 -1.28308368
v -0.20459625 0.19687976 -1.30309939
v -0.21501574 0.18996105 -1.30031633
v -0.19114117 0.20615917 -1.27963924
v -0.17242257 0.20957640 -1.27565634
v -0.17081216 0.20826852 -1.30022275
v -0.19024678 0.20364000 -1.30355752
v -0.19393007 0.15395135 -0.85499370
v -0.16687956 0.16572641 -0.85278535
v -0.07073878 0.13501160 -0.97923642
v -0.05004691 0.12114549 -0.97247320
v -0.03772607 0.10581765 -0.88155055
v -0.04338773 0.03214083 -0.76363528
v -0.06302783 0.01136225 -0.75398278
v -0.12073512 -0.00579935 -0.68844801
v -0.13688168 0.17378286 -0.84891295
v -0.13035394 -0.00119367 -0.66060364
v -0.13937908 0.00469863 -0.63126218
v -0.20912479 0.03897645 -0.63565153
v -0.21913719 0.06594919 -0.63520950
v -0.21954167 0.06125561 -0.66364157
v -0.20792925 0.03156880 -0.66607648
v -0.21877122 0.09439830 -0.63317144
v -0.22010937 0.09216151 -0.66107500
v -0.07548953 0.11782586 -0.55119216
v -0.25008029 0.06117719 -0.33565307
v -0.24929342 0.07686670 -0.29673839
v -0.24932644 0.08512189 -0.33370131
v -0.25028488 0.05537143 -0.29962051
v -0.23886277 0.10558753 -0.32977062
v -0.23503819 0.11026952 -0.36334783
v -0.16832951 0.11147340 -0.28255749
v -0.24663901 0.05156618 -0.26204491
v -0.24525991 0.07102757 -0.25968826
v -0.23653382 0.08826617 -0.25632751
v -0.23919110 0.09736612 -0.29378760
v -0.08993734 -0.00251765 -0.73742372
v -0.08215411 0.16561006 -0.76964790
v -0.07727510 0.16473292 -0.80161619
v -0.04000267 0.11098011 -0.81063366
v -0.03281489 0.08334859 -0.79499507
v -0.03895298 0.10470257 -1.04841518
v -0.05753817 0.12040934 -1.05035794
v -0.06337214 0.12015735 -1.09328759
v -0.08364485 0.13171132 -1.09532988
v -0.08112881 0.13188662 -1.07429540
v -0.06084867 0.11994847 -1.07140577
v -0.13207869 0.14101258 -1.09952295
v -0.15802681 0.13652040 -1.10181916
v -0.15418193 0.13506164 -1.08312500
v -0.12902503 0.13993646 -1.08034027
v -0.15107089 0.13673675 -1.06584084
v -0.17355131 0.12569056 -1.06933355
v -0.22805911 0.05583408 -1.10557926
v -0.22145048 0.07455633 -1.10049963
v -0.22684020 0.07584602 -1.12067771
v -0.23279142 0.05692462 -1.12709844
v -0.01912730 0.03639086 -0.81778455
v -0.08071978 0.00129444 -0.75289053
v -0.03447600 0.08233527 -0.72541714
v -0.03699508 0.11596745 -0.75701147
v -0.05340716 0.14501408 -0.76294100
v -0.15903978 0.13246505 -1.23491037
v -0.23508990 0.13942249 -1.24917400
v -0.24107018 0.13663678 -1.25948572
v -0.19276792 0.20749108 -1.25647712
v -0.17351522 0.21036635 -1.25279748
v -0.12026104 0.15332867 -1.23727620
v -0.13041970 0.19240314 -1.30265093
v -0.11869714 0.18121052 -1.28920424
v -0.11663042 0.17945218 -1.30628705
v -0.05614291 0.13068360 -0.87170613
v -0.07578951 0.15627091 -0.85941660
v -0.05649565 0.13317011 -0.84894353
v -0.15267740 -0.01351511 -0.76903051
v -0.03316083 0.05824902 -0.77840209
v -0.14712442 0.00972563 -0.60290265
v -0.15478200 0.01323724 -0.57603818
v -0.16258232 0.01542584 -0.55017859
v -0.17065933 0.01698208 -0.52531135
v -0.17830241 0.01923960 -0.50042588
v -0.18464473 0.02462528 -0.47595370
v -0.18695807 0.03094467 -0.45093518
v -0.19410643 0.03037637 -0.42463583
v -0.19108193 0.01439495 -0.36386073
v -0.20924553 0.01781497 -0.36592305
v -0.20283471 0.02461725 -0.39650160
v -0.21355137 0.01231726 -0.33480942
v -0.21547270 0.00762191 -0.30072546
v -0.21564427 0.00785092 -0.26457191
v -0.21349095 0.00648504 -0.19129992
v -0.21459332 0.00901711 -0.22741055
v -0.12776980 -0.00986185 -0.77115786
v -0.13928258 -0.01188164 -0.77033323
v -0.11690751 0.11270799 -1.37693369
v -0.14507405 0.15728967 -1.24278140
v -0.14807303 0.15198232 -1.24935913
v -0.11692955 0.15368065 -1.25325108
v -0.22101481 0.18224451 -1.20453429
v -0.21373448 0.19665128 -1.21437335
v -0.13272215 0.14130266 -1.23203504
v -0.13911073 0.13964500 -1.26607120
v -0.13536789 0.15070598 -1.26586890
v -0.14423421 0.24116787 -0.98075926
v -0.15823931 0.24183579 -0.98014927
v -0.15103972 0.23992142 -0.96033239
v -0.13796955 0.23778090 -0.96098089
v -0.13213544 0.23360267 -0.98103714
v -0.12736878 0.23015746 -0.96176302
v -0.13578117 0.17193618 -0.97375667
v -0.12667838 0.18276542 -0.97735977
v -0.12636320 0.18291169 -0.95659161
v -0.13564213 0.17304465 -0.95297098
v -0.11664078 0.21689470 -0.94311583
v -0.11577834 0.20517114 -0.94236493
v -0.11793502 0.20722957 -0.96188557
v -0.12013662 0.21975844 -0.96214497
v -0.16404793 0.16626553 -0.96828258
v -0.17656700 0.17255569 -0.96852279
v -0.17783943 0.16819000 -0.98743057
v -0.16424210 0.16278443 -0.98765075
v -0.13539478 0.17572674 -1.05574882
v -0.14285560 0.16457528 -1.05006003
v -0.14087060 0.16535076 -1.06492507
v -0.13567151 0.17745687 -1.07122755
v -0.15742424 0.24666804 -1.02254617
v -0.17248508 0.24400415 -1.02213526
v -0.16541313 0.24352090 -1.00070322
v -0.15074632 0.24416783 -1.00128055
v -0.12612675 0.21384005 -1.02253199
v -0.12471457 0.19811814 -1.02148914
v -0.12914069 0.20055121 -1.04358923
v -0.13186881 0.21683523 -1.04414499
v -0.16489521 0.24879178 -1.04223931
v -0.17919552 0.24304736 -1.04310393
v -0.11974131 0.20946015 -0.98164368
v -0.12130201 0.19545038 -0.98047352
v -0.12229635 0.19669014 -1.00097632
v -0.12199477 0.21177061 -1.00213742
v -0.16019469 0.17443381 -0.93095410
v -0.17026000 0.18165572 -0.93139607
v -0.17408149 0.17732622 -0.94983941
v -0.16275984 0.17038706 -0.94937956
v -0.11929537 0.19396684 -0.93993628
v -0.12590849 0.18371378 -0.93703020
v -0.12051821 0.19468072 -0.96020758
v -0.16772275 0.22900978 -0.93799651
v -0.15658750 0.23551184 -0.93995655
v -0.16444649 0.23610713 -0.95956194
v -0.17577662 0.22798489 -0.95788050
v -0.13537493 0.17202152 -1.01527548
v -0.12776914 0.18414648 -1.01935565
v -0.12687293 0.18288064 -0.99812156
v -0.13563165 0.17121543 -0.99355477
v -0.14288254 0.24090607 -1.02361917
v -0.13725118 0.23704439 -1.00251305
v -0.18300113 0.22631788 -0.97728068
v -0.17176348 0.23640208 -0.97916812
v -0.17871836 0.23590426 -1.00000787
v -0.18945964 0.22390035 -0.99742126
v -0.19829875 0.20523572 -1.01424599
v -0.19461332 0.18953158 -1.01183724
v -0.19227058 0.19390112 -0.99243051
v -0.19410554 0.20935269 -0.99507046
v -0.13542083 0.17401081 -1.03648674
v -0.14546512 0.16352241 -1.03117621
v -0.16301201 0.16010423 -1.00723326
v -0.17774737 0.16424844 -1.00656092
v -0.17631038 0.16109090 -1.02554035
v -0.16056123 0.15793931 -1.02630520
v -0.15210694 0.23309749 -1.08395326
v -0.16447844 0.24197958 -1.08352947
v -0.15831676 0.24487893 -1.06484783
v -0.14658512 0.23447953 -1.06750643
v -0.17324078 0.24668123 -1.06532323
v -0.17952327 0.24375288 -1.08327401
v -0.19615975 0.22887623 -1.10559464
v -0.20184119 0.21798724 -1.10183728
v -0.19967097 0.22014636 -1.09053695
v -0.19540444 0.23244867 -1.09391344
v -0.20447494 0.19465953 -1.05054605
v -0.19673921 0.17911457 -1.04882765
v -0.19592819 0.18430127 -1.03088498
v -0.20181304 0.20058285 -1.03305912
v -0.18547943 0.16278361 -1.06015861
v -0.17136826 0.15602593 -1.05698109
v -0.17390290 0.15815479 -1.04316247
v -0.18740222 0.16633266 -1.04569483
v -0.18197212 0.15101300 -1.09834254
v -0.16772054 0.14850989 -1.09788764
v -0.16738509 0.15005979 -1.08625090
v -0.18160769 0.15379958 -1.08680296
v -0.14194179 0.16069238 -1.10643101
v -0.13449606 0.17307039 -1.11197329
v -0.13514616 0.17573485 -1.10081244
v -0.14144273 0.16250469 -1.09454322
v -0.15667845 0.22531345 -1.13361621
v -0.17307051 0.22892106 -1.13529122
v -0.17153272 0.23280273 -1.12164211
v -0.15606582 0.22797672 -1.12036693
v -0.20621735 0.19014783 -1.06482029
v -0.19656315 0.17403060 -1.06553733
v -0.14106613 0.16397081 -1.08473980
v -0.13523802 0.17665596 -1.09139085
v -0.13523279 0.17809533 -1.08269072
v -0.14046225 0.16537455 -1.07664526
v -0.14142285 0.20389561 -1.10226440
v -0.14620256 0.21725899 -1.10546327
v -0.14733642 0.21840554 -1.09543669
v -0.14275028 0.20405342 -1.09335864
v -0.15597776 0.22949973 -1.10897744
v -0.16962706 0.23664445 -1.10994434
v -0.16829999 0.23904747 -1.09767032
v -0.15511562 0.23148125 -1.09708285
v -0.20768905 0.19699508 -1.08558202
v -0.20894891 0.18568118 -1.08166814
v -0.20792352 0.18850364 -1.07415175
v -0.20687489 0.20003912 -1.07818544
v -0.18310300 0.16031811 -1.07019949
v -0.16874361 0.15483861 -1.06784892
v -0.14204472 0.20550004 -1.08025491
v -0.13584974 0.19081922 -1.07596946
v -0.13692230 0.19114707 -1.08769786
v -0.18328850 0.23933741 -1.09671116
v -0.19420987 0.15661408 -1.09932649
v -0.20499885 0.16377808 -1.10160863
v -0.20499183 0.15922894 -1.11513388
v -0.19391739 0.15197361 -1.11260653
v -0.18123820 0.14705080 -1.11197114
v -0.16757414 0.14574236 -1.11357427
v -0.14100312 0.15841976 -1.12344348
v -0.13279435 0.16978708 -1.12899852
v -0.13005896 0.18467279 -1.13612425
v -0.13336845 0.20003915 -1.14427614
v -0.13708627 0.20390503 -1.12603760
v -0.13308857 0.18815202 -1.11886370
v -0.17343590 0.22358458 -1.15536988
v -0.15650421 0.22092865 -1.15483081
v -0.18901849 0.22079872 -1.15197420
v -0.18710496 0.22624408 -1.13377142
v -0.15243384 0.15504631 -1.07989931
v -0.15277623 0.15357772 -1.08933604
v -0.18897893 0.21259007 -0.97517073
v -0.18861187 0.19781801 -0.97277570
v -0.18353954 0.20155442 -0.95359933
v -0.18257231 0.21551147 -0.95599765
v -0.17597637 0.19227917 -0.93270481
v -0.18106791 0.18816201 -0.95140046
v -0.12349377 0.22264436 -0.98141652
v -0.12721996 0.22562461 -1.00166678
v -0.12230822 0.22725552 -0.94320804
v -0.14609379 0.21955574 -1.08257794
v -0.14018728 0.21889442 -1.06616819
v -0.20523378 0.20603535 -1.09807897
v -0.20381787 0.21448757 -1.11255181
v -0.20876762 0.20330191 -1.10769415
v -0.20262305 0.21145934 -1.05410028
v -0.19344181 0.22687498 -1.05883217
v -0.19739091 0.21918130 -1.07600057
v -0.20522341 0.20499478 -1.06854403
v -0.20976913 0.18262503 -1.08845437
v -0.20950028 0.19456957 -1.09334242
v -0.21182923 0.19148335 -1.10222018
v -0.21104527 0.17891827 -1.09647942
v -0.14549938 0.21658181 -1.11719453
v -0.14460818 0.21546119 -1.13027632
v -0.20609494 0.21011773 -1.12487447
v -0.19819057 0.21933596 -1.12949848
v -0.20109668 0.21372016 -1.14533281
v -0.20981058 0.20401506 -1.13993251
v -0.19674432 0.22446853 -1.11753511
v -0.21192986 0.19930050 -1.11940742
v -0.21518129 0.19337083 -1.13396895
v -0.14237741 0.21268247 -1.15095019
v -0.21216206 0.17465727 -1.10671234
v -0.21412136 0.18733048 -1.11307299
v -0.21636231 0.18164550 -1.12725353
v -0.21304460 0.16938426 -1.12050498
v -0.18477857 0.18385568 -0.97033077
v -0.18715402 0.17947745 -0.98949379
v -0.15448199 0.15635774 -1.05852008
v -0.15772638 0.15691723 -1.04461765
v -0.15266626 0.15619570 -1.07047451
v -0.14920615 0.16547145 -0.96961975
v -0.14876577 0.16824995 -0.95050752
v -0.14744613 0.16276148 -1.01044846
v -0.14879374 0.16381316 -0.99016690
v -0.19480357 0.22087240 -1.01683044
v -0.19367693 0.16447306 -1.08133316
v -0.18178597 0.15781379 -1.07878590
v -0.19394779 0.16788283 -1.07455039
v -0.15316081 0.15013102 -1.11847579
v -0.15342116 0.15262201 -1.10194087
v -0.20344722 0.17883705 -1.07320237
v -0.15227406 0.14596210 -1.13980126
v -0.19192630 0.23596387 -1.08037496
v -0.18441647 0.23585205 -1.10900486
v -0.18557221 0.23113242 -1.12132347
v -0.14386342 0.23789011 -0.94100660
v -0.13201456 0.22885191 -1.02265537
v -0.13588400 0.20328471 -1.06460655
v -0.13333663 0.18889238 -1.06108356
v -0.20411137 0.17157039 -1.08422375
v -0.20457795 0.16770448 -1.09138918
v -0.19368571 0.16067214 -1.08885920
v -0.14033055 0.20434828 -1.11250377
v -0.13512158 0.18975197 -1.10627210
v -0.14758241 0.17174280 -0.93161809
v -0.13600691 0.19056769 -1.09661603
v -0.18569541 0.24010956 -1.06203401
v -0.23892485 0.00132982 -1.34328079
v -0.11183756 0.15048711 -1.17247605
v -0.06213874 0.11814505 -1.15206063
v -0.07920064 0.13052762 -1.15350556
v -0.13777255 0.15961674 -1.22524500
v -0.14130950 0.15885207 -1.23482084
v -0.15032095 0.14542870 -1.25660324
v -0.15284792 0.13565364 -1.25804460
v -0.10626503 0.15824577 -1.20725715
v 0.01739193 0.02164884 -1.00556111
v -0.22174913 0.02686470 -1.00582802
v -0.21818030 0.00265753 -1.00627732
v -0.22722501 0.00390222 -0.98948640
v -0.22932097 0.03000598 -0.98825198
v -0.23692924 0.00486661 -0.97124183
v -0.20158005 0.14474161 -0.93512571
v -0.19834641 0.14074790 -0.95642483
v -0.21889445 0.12308519 -0.95502377
v -0.22368294 0.12612014 -0.93253756
v -0.17260958 0.14874923 -0.97213578
v -0.19535270 0.13494162 -0.97458720
v -0.17336287 0.15350915 -0.95519394
v -0.14629322 0.16018616 -0.95015621
v -0.14603597 0.15598764 -0.96758020
v -0.11964016 0.16021921 -0.94159156
v -0.11929317 0.15630549 -0.96047455
v -0.09481458 0.15445445 -0.93169498
v -0.07251300 0.14247507 -0.92268008
v -0.05420168 0.12777908 -0.89421737
v -0.03515882 0.10633836 -0.90520847
v -0.05241128 0.12628229 -0.91401505
v -0.00861184 0.06212272 -0.89142317
v -0.02030967 0.08407190 -0.89720452
v 0.00530259 0.02273275 -0.88596904
v -0.00023847 0.04185338 -0.88783896
v -0.09937039 0.10883351 -1.35638380
v -0.20901038 0.09493319 -1.41250336
v -0.18784080 0.10749653 -1.41680932
v -0.20500854 0.08370400 -1.41684139
v -0.24743393 0.10703084 -1.35621071
v -0.23757997 0.11277291 -1.37572408
v -0.24598244 0.08919106 -1.37010980
v -0.25338838 0.08472063 -1.35256231
v -0.21825951 0.07105550 -1.41001749
v -0.21648797 0.06461859 -1.41257167
v -0.22374794 0.07937226 -1.40489721
v -0.23423550 0.04034699 -1.39081860
v -0.23226398 0.06134059 -1.39727998
v -0.18624525 0.15149577 -1.40504432
v -0.20872465 0.14690645 -1.39161491
v -0.20483062 0.15754828 -1.38770032
v -0.18292245 0.16389745 -1.40036726
v -0.24410453 0.13490033 -1.33913338
v -0.24951503 0.13082986 -1.32281029
v -0.24600208 0.14249185 -1.32339776
v -0.24062881 0.14580326 -1.33888149
v -0.17156467 0.19380519 -1.36179829
v -0.19278686 0.18700916 -1.36012542
v -0.19104035 0.19419037 -1.34372139
v -0.17084035 0.20019571 -1.34297752
v -0.23158270 0.14885722 -1.35509801
v -0.26174948 0.06351425 -1.23609710
v -0.25823927 0.09862447 -1.25293231
v -0.26118326 0.08305117 -1.24336457
v -0.24536467 0.13469301 -1.27042842
v -0.24949348 0.12608901 -1.26636410
v -0.24474666 0.12917042 -1.25391543
v -0.23588520 0.14435963 -1.27513874
v -0.24072862 0.14161777 -1.27340877
v -0.10934594 0.16977754 -1.29230368
v -0.10613615 0.16905367 -1.30422521
v -0.11469950 0.17656551 -1.32321060
v -0.22202699 0.14138980 -1.26552391
v -0.21908087 0.13644026 -1.26388252
v -0.22291753 0.14047356 -1.26869380
v -0.22542964 0.14352041 -1.27097785
v -0.18884201 0.13977446 -1.40823507
v -0.20817882 0.17948446 -1.35218167
v -0.21987969 0.17261370 -1.34089148
v -0.21790543 0.17916888 -1.32898617
v -0.20576189 0.18681560 -1.33924890
v -0.22910881 0.16767065 -1.33027160
v -0.23537545 0.16309503 -1.31912696
v -0.23210445 0.16868308 -1.31254101
v -0.22601490 0.17343523 -1.32114959
v -0.22661573 0.14539342 -1.27388680
v -0.22869766 0.14618763 -1.27788329
v -0.14818938 0.20269166 -1.31550276
v -0.15178248 0.17691863 -1.39082754
v -0.12858593 0.17134602 -1.37593567
v -0.13083839 0.16155389 -1.38781679
v -0.15565433 0.16566496 -1.40141022
v -0.17009597 0.13233390 -1.24396646
v -0.15659675 0.13551208 -1.24961865
v -0.18309096 0.13012165 -1.24045789
v -0.21224642 0.14033481 -1.25438368
v -0.19417995 0.12795828 -1.23976934
v -0.11492978 0.15579861 -1.26737940
v -0.11222044 0.16913246 -1.27729952
v -0.11438258 0.16323850 -1.35251057
v -0.11544780 0.15544106 -1.36421824
v -0.17041489 0.20504469 -1.32275534
v -0.19039357 0.19982636 -1.32458055
v -0.22159198 0.13694327 -1.25516069
v -0.22518066 0.13866332 -1.24643648
v -0.22561146 0.14144532 -1.25994921
v -0.22242804 0.14218166 -1.25127041
v -0.21753979 0.13855030 -1.26086748
v -0.17850763 0.17539658 -1.39264441
v -0.20500010 0.19226435 -1.32249224
v -0.21697864 0.18456890 -1.31509900
v -0.23314771 0.16122329 -1.33563030
v -0.22363648 0.16513655 -1.34852755
v -0.22768384 0.15718965 -1.35275614
v -0.23694104 0.15401532 -1.33813179
v -0.22967228 0.17323148 -1.30213690
v -0.23327623 0.16617750 -1.29176390
v -0.23926735 0.15774164 -1.32272196
v -0.24298561 0.15125497 -1.32377338
v -0.22911015 0.14627200 -1.26538634
v -0.11735377 0.14710851 -1.37276936
v -0.10509427 0.14380105 -1.34932828
v -0.10498120 0.13430543 -1.35434127
v -0.10404843 0.15920143 -1.32949972
v -0.10451303 0.15196525 -1.34079337
v -0.10410384 0.16534494 -1.31597364
v -0.10285827 0.12265420 -1.35546958
v -0.20407662 0.17601268 -1.07790589
v -0.22726136 0.14352891 -1.23764229
v -0.22110596 0.13366406 -1.24101627
v -0.22438055 0.13958906 -1.23115909
v -0.22418052 0.17128104 -1.19941068
v -0.20226714 0.20772347 -1.08910084
v -0.20130017 0.20831865 -1.08138537
v -0.19937500 0.21658428 -1.03601301
v -0.18470144 0.23439503 -1.01939285
v -0.19000903 0.23138306 -1.03941202
v -0.15008093 0.24408312 -1.04512060
v -0.13863234 0.23235798 -1.04463315
v -0.12997627 0.18647872 -1.04070330
v -0.18828721 0.17031470 -1.02754855
v -0.11692813 0.23079529 -0.90473592
v -0.12777990 0.23541944 -0.90328342
v -0.11925389 0.23369637 -0.88467109
v -0.10941637 0.22770804 -0.88591653
v -0.09921542 0.21537195 -0.86774445
v -0.10420297 0.21840172 -0.88605189
v -0.10241793 0.22505239 -0.86733770
v -0.10059002 0.20633601 -0.86793852
v -0.10429187 0.20890926 -0.88599837
v -0.10573006 0.19853090 -0.86741179
v -0.11291206 0.19217111 -0.86589897
v -0.11436056 0.19267873 -0.88324547
v -0.10808706 0.20015831 -0.88498896
v -0.12231076 0.18694159 -0.88075066
v -0.13141781 0.18278953 -0.87872386
v -0.13264975 0.17976464 -0.89662737
v -0.12359220 0.18577014 -0.89935035
v -0.14749071 0.19137327 -0.86112165
v -0.15219775 0.19890694 -0.86150527
v -0.15672906 0.19468795 -0.87751067
v -0.15088694 0.18656011 -0.87712789
v -0.16328184 0.21231933 -0.89725125
v -0.16422662 0.20072621 -0.89602673
v -0.15833862 0.20520891 -0.87829298
v -0.15682727 0.21625412 -0.87927872
v -0.15154795 0.22007133 -0.86302984
v -0.14445384 0.22813387 -0.86402094
v -0.15115073 0.22512108 -0.88026750
v -0.13161698 0.23503861 -0.94216585
v -0.12474334 0.23297791 -0.92333210
v -0.11639223 0.22457175 -0.92390752
v -0.11319725 0.20292048 -0.92284393
v -0.11264700 0.21372047 -0.92384386
v -0.10816760 0.21122788 -0.90479779
v -0.11040063 0.20132168 -0.90379632
v -0.13527352 0.17508014 -0.93411851
v -0.12502261 0.18458427 -0.91819608
v -0.13407248 0.17734450 -0.91525346
v -0.11606921 0.19305292 -0.90181839
v -0.11776739 0.19307740 -0.92137539
v -0.14348017 0.17835639 -0.89505100
v -0.14157574 0.18258350 -0.87760544
v -0.13951916 0.23464321 -0.90219176
v -0.15044647 0.23038743 -0.90042901
v -0.14150971 0.23117347 -0.88151830
v -0.13066089 0.23467630 -0.88305259
v -0.14552695 0.17510942 -0.91321117
v -0.15922935 0.22973493 -0.91884708
v -0.14819542 0.23487031 -0.92083544
v -0.15918770 0.22284490 -0.89895499
v -0.16700327 0.22034617 -0.91740060
v -0.12300490 0.23483452 -0.86563241
v -0.11141752 0.23214541 -0.86679482
v -0.13625219 0.23667067 -0.92263740
v -0.15399873 0.18217956 -0.89458829
v -0.16147619 0.19022264 -0.89498866
v -0.16589297 0.18580841 -0.91295099
v -0.15707618 0.17818168 -0.91252923
v -0.17713392 0.20496798 -0.93441635
v -0.17019869 0.19649261 -0.91448903
v -0.17019382 0.20858163 -0.91571277
v -0.15355186 0.20920968 -0.86204517
v -0.17488214 0.21784848 -0.93633521
v -0.10208297 0.19072196 -0.78668201
v -0.10133219 0.19656590 -0.77800870
v -0.10777469 0.19868681 -0.78389120
v -0.10738410 0.19485217 -0.79349029
v -0.08615760 0.17605212 -0.80904830
v -0.08284232 0.17513417 -0.79657710
v -0.09168351 0.17488611 -0.79080582
v -0.09576456 0.17643155 -0.80253911
v -0.09689353 0.18817295 -0.77959895
v -0.09556507 0.19622342 -0.77307427
v -0.09353675 0.20387511 -0.76679504
v -0.09058450 0.19821475 -0.77323031
v -0.08979604 0.20966537 -0.76786417
v -0.08947538 0.21943299 -0.77450502
v -0.09323158 0.22416188 -0.76321095
v -0.09033029 0.21537779 -0.76091582
v -0.11286165 0.23103747 -0.78402650
v -0.12362808 0.23021594 -0.78707874
v -0.12509938 0.23159343 -0.77192134
v -0.11385892 0.23137209 -0.76912963
v -0.14287508 0.22394136 -0.78006351
v -0.13379999 0.22771148 -0.77501470
v -0.13192195 0.22737028 -0.79014742
v -0.13997287 0.22407682 -0.79395550
v -0.11418629 0.19777071 -0.79838330
v -0.11488046 0.19958849 -0.78833902
v -0.12042214 0.19891144 -0.78987199
v -0.12019511 0.19716190 -0.80016375
v -0.08651794 0.20492612 -0.77525491
v -0.08489583 0.19250615 -0.77157933
v -0.08158106 0.19542523 -0.77344280
v -0.08295524 0.20695570 -0.78055340
v -0.12167731 0.18675630 -0.83336151
v -0.12417506 0.18574671 -0.82265848
v -0.13151464 0.18355593 -0.82130808
v -0.12995805 0.18422246 -0.83324838
v -0.10115881 0.18816508 -0.83484364
v -0.09236180 0.19752403 -0.84092176
v -0.08674124 0.19415012 -0.83287394
v -0.09570527 0.18356195 -0.82804334
v -0.08190992 0.18953192 -0.82290459
v -0.07806017 0.18501242 -0.81172156
v -0.09057443 0.17912760 -0.81928873
v -0.07652020 0.18225525 -0.79857159
v -0.14346874 0.18470295 -0.82579803
v -0.14076750 0.18655904 -0.83428383
v -0.10222241 0.19694854 -0.72524935
v -0.09682421 0.19848703 -0.72467756
v -0.09740347 0.19612543 -0.72082222
v -0.10270081 0.19471374 -0.72090197
v -0.14934868 0.21148226 -0.83631146
v -0.14984661 0.20181020 -0.83602118
v -0.15142992 0.20297229 -0.82990682
v -0.14913270 0.21262687 -0.83017993
v -0.15416454 0.20432550 -0.82209003
v -0.14983167 0.21447586 -0.82184488
v -0.09325977 0.20647064 -0.71910948
v -0.09574524 0.21029381 -0.71661460
v -0.09519444 0.20596543 -0.71181059
v -0.09337126 0.20255946 -0.71479207
v -0.10701355 0.20094024 -0.77406830
v -0.09971415 0.20042783 -0.76936662
v -0.09756011 0.20375159 -0.76121861
v -0.09590615 0.20580378 -0.75432217
v -0.10165198 0.20419386 -0.75343323
v -0.10590260 0.20271859 -0.76278597
v -0.11770464 0.20148663 -0.77733672
v -0.11799748 0.20222960 -0.76633298
v -0.12491804 0.20143181 -0.77081293
v -0.12457065 0.20006679 -0.78109580
v -0.14301139 0.19503866 -0.77600193
v -0.14167944 0.19276877 -0.78385067
v -0.13598508 0.19533856 -0.78374398
v -0.13673356 0.19765536 -0.77442300
v -0.13715832 0.20477770 -0.74985856
v -0.13735250 0.20218168 -0.75724024
v -0.13229631 0.20328932 -0.75570333
v -0.13217631 0.20513748 -0.74833739
v -0.14996554 0.21151741 -0.84242326
v -0.14963193 0.20158182 -0.84213018
v -0.16628188 0.20412374 -0.78166449
v -0.16221908 0.21356989 -0.77850497
v -0.15843160 0.21360849 -0.78774929
v -0.16329741 0.20554169 -0.79113328
v -0.14339110 0.22134270 -0.82921708
v -0.14410162 0.22076422 -0.83607483
v -0.10064567 0.21258843 -0.71466225
v -0.10024575 0.20799471 -0.70986503
v -0.07633906 0.19964886 -0.81238914
v -0.07360734 0.19320519 -0.79808009
v -0.08116253 0.20492885 -0.82478780
v -0.09057709 0.21069168 -0.84161806
v -0.08636437 0.20825104 -0.83380961
v -0.11071801 0.20337863 -0.75842285
v -0.11360097 0.20107810 -0.78023612
v -0.12464490 0.19754052 -0.79140604
v -0.14238343 0.18653840 -0.79790503
v -0.14509292 0.18804966 -0.79179466
v -0.15192750 0.18685271 -0.79408336
v -0.15140155 0.18570201 -0.80142909
v -0.16033980 0.19157796 -0.78136909
v -0.16533169 0.19601677 -0.78279442
v -0.16312844 0.19583586 -0.79108149
v -0.15890901 0.19041918 -0.78870618
v -0.07671801 0.19657192 -0.77532667
v -0.07846998 0.20601210 -0.78516960
v -0.14687727 0.19281586 -0.83519518
v -0.14982486 0.19292943 -0.82838225
v -0.14547414 0.19398288 -0.84199750
v -0.11298640 0.18692255 -0.82252622
v -0.11789651 0.19310473 -0.81121427
v -0.12241662 0.19167784 -0.81177527
v -0.11897668 0.18728252 -0.82331002
v -0.10617130 0.18767147 -0.80290401
v -0.10103558 0.18012781 -0.81228685
v -0.10147975 0.18330435 -0.79415238
v -0.11329618 0.18820885 -0.83422798
v -0.11167163 0.19078961 -0.84270972
v -0.12095870 0.18922645 -0.84209847
v -0.13037719 0.18765569 -0.84197724
v -0.13950592 0.18944016 -0.84154177
v -0.11212410 0.19189383 -0.85221827
v -0.12096466 0.18938467 -0.85064459
v -0.13068934 0.18837218 -0.84953803
v -0.13937181 0.18972562 -0.84935117
v -0.14540859 0.22171895 -0.84339631
v -0.14816274 0.22201565 -0.85172200
v -0.15140738 0.21099630 -0.85075259
v -0.10231406 0.19371098 -0.84304881
v -0.10417639 0.19673280 -0.85277700
v -0.09675375 0.20296830 -0.85258007
v -0.09509429 0.21339425 -0.85235548
v -0.08915254 0.17820825 -0.77337217
v -0.09196437 0.17979690 -0.77874148
v -0.08764974 0.17465167 -0.78368771
v -0.08495192 0.17340411 -0.77757990
v -0.09179680 0.21051054 -0.75418812
v -0.09245154 0.20858534 -0.76107228
v -0.09109399 0.21747378 -0.75306499
v -0.13716424 0.18378206 -0.81256509
v -0.14721569 0.18455099 -0.81679988
v -0.10694198 0.20446980 -0.75152504
v -0.09157619 0.21416804 -0.73750305
v -0.09435261 0.21955419 -0.73497975
v -0.09556867 0.21412654 -0.72288704
v -0.09282456 0.20972086 -0.72539109
v -0.10587683 0.20379904 -0.74126911
v -0.11041125 0.20747580 -0.73830855
v -0.11076308 0.20815545 -0.74416065
v -0.10563948 0.20516893 -0.74710166
v -0.14317867 0.20149162 -0.75340247
v -0.14337921 0.19962414 -0.76028109
v -0.10291120 0.23211263 -0.75386417
v -0.10196260 0.23124319 -0.76681817
v -0.11471552 0.22839709 -0.75405324
v -0.13721956 0.19989154 -0.76558959
v -0.13119225 0.19969071 -0.77310705
v -0.13199735 0.20126642 -0.76404577
v -0.11693382 0.20542431 -0.75209159
v -0.11804734 0.20330864 -0.75849557
v -0.11323203 0.20398921 -0.75550395
v -0.11154278 0.20571300 -0.75056785
v -0.16000846 0.20591792 -0.80208552
v -0.16048512 0.19365497 -0.80135834
v -0.09370601 0.20203781 -0.72213364
v -0.09425348 0.19894180 -0.71829265
v -0.15006489 0.20081517 -0.85021037
v -0.14572968 0.19384052 -0.84933066
v -0.13018039 0.19803637 -0.78314507
v -0.10085228 0.22893105 -0.78053224
v -0.12928000 0.19549273 -0.79246908
v -0.15315044 0.20715271 -0.75534028
v -0.15276939 0.21357368 -0.75374264
v -0.15267503 0.21584143 -0.76248974
v -0.15526687 0.20775844 -0.76267660
v -0.10731354 0.19861263 -0.72380000
v -0.11072814 0.20267786 -0.72082072
v -0.11046823 0.20517646 -0.72760761
v -0.10663407 0.20090933 -0.73009825
v -0.09561586 0.20425977 -0.74213719
v -0.10074589 0.20250013 -0.74222225
v -0.10063637 0.20448732 -0.74902076
v -0.09542987 0.20588747 -0.74894214
v -0.09190068 0.21051139 -0.74832684
v -0.09241454 0.20894693 -0.74054676
v -0.10766529 0.22054261 -0.73362380
v -0.11151916 0.21416348 -0.73476589
v -0.11163417 0.21062605 -0.72409028
v -0.10729144 0.21519396 -0.72151411
v -0.13785937 0.22495991 -0.80710739
v -0.14566518 0.22056270 -0.80946958
v -0.14836213 0.21961454 -0.79681319
v -0.15131557 0.21862923 -0.78391576
v -0.15392965 0.21672064 -0.77201056
v -0.14576477 0.22481933 -0.76761681
v -0.15457976 0.21443912 -0.79941976
v -0.11845314 0.22358315 -0.74588096
v -0.11631625 0.21805213 -0.74499375
v -0.11024997 0.22372785 -0.74384421
v -0.13589612 0.19208550 -0.79357862
v -0.09311890 0.20506120 -0.72841823
v -0.10075609 0.22818772 -0.83257377
v -0.11334170 0.23238626 -0.83334494
v -0.11319546 0.23173086 -0.82358623
v -0.09803928 0.22676955 -0.82378232
v -0.10141179 0.19937588 -0.73105520
v -0.09614908 0.20052794 -0.73049247
v -0.15254644 0.20142688 -0.75447184
v -0.15391788 0.19902320 -0.76039553
v -0.14932516 0.19802512 -0.76134789
v -0.14843546 0.20035850 -0.75494182
v -0.15164408 0.21552707 -0.81133825
v -0.16537246 0.21145563 -0.77247131
v -0.16882141 0.20082495 -0.77393878
v -0.13457754 0.22711235 -0.82755041
v -0.14386874 0.22136462 -0.82042783
v -0.13582368 0.22592440 -0.81854856
v -0.13514329 0.22589172 -0.75918716
v -0.13042115 0.22781992 -0.80404675
v -0.12845095 0.22854811 -0.81647038
v -0.12590118 0.23016603 -0.82642794
v -0.12531111 0.23149404 -0.83421195
v -0.13460472 0.22798359 -0.83486104
v -0.10720520 0.21137646 -0.71426177
v -0.10060076 0.21653658 -0.72142220
v -0.13566464 0.22886938 -0.84340280
v -0.13919237 0.22933206 -0.85270977
v -0.12616397 0.23228760 -0.84299779
v -0.12909347 0.23259380 -0.85303485
v -0.11997145 0.23068346 -0.81365836
v -0.11015028 0.23078312 -0.81136250
v -0.12229012 0.23003407 -0.80123651
v -0.11223742 0.23063727 -0.79795134
v -0.12618417 0.23266447 -0.75749910
v -0.11032506 0.19917403 -0.71502465
v -0.11010130 0.19475865 -0.70778292
v -0.10884987 0.19794002 -0.70477599
v -0.10969562 0.20289172 -0.71201307
v -0.11101395 0.20725472 -0.71731234
v -0.10623465 0.20650423 -0.71044159
v -0.09916919 0.22792244 -0.79421461
v -0.11618056 0.20836478 -0.74616319
v -0.09380756 0.22493805 -0.80887783
v -0.08709767 0.22082834 -0.78691131
v -0.08247234 0.21727668 -0.79597503
v -0.08579040 0.21788324 -0.82481802
v -0.07977752 0.21360685 -0.81189919
v -0.09462944 0.22124867 -0.84120214
v -0.09126899 0.21967977 -0.83314019
v -0.09777912 0.22289887 -0.85219151
v -0.07553591 0.20552261 -0.79834104
v -0.09824416 0.19122371 -0.71457767
v -0.10366362 0.19028880 -0.71464902
v -0.10615683 0.23069084 -0.85187292
v -0.10290143 0.22917716 -0.84087974
v -0.09658708 0.18067221 -0.78463125
v -0.12801436 0.19324619 -0.80202788
v -0.13303220 0.18965925 -0.80239266
v -0.14002642 0.18523757 -0.80450320
v -0.15021291 0.18512328 -0.80851269
v -0.11766870 0.23440593 -0.85239905
v -0.12136322 0.18822095 -0.86361754
v -0.13071224 0.18626253 -0.86203778
v -0.13416287 0.23241369 -0.86481231
v -0.09479138 0.19407858 -0.71204436
v -0.13434264 0.20973055 -0.74533546
v -0.13679618 0.21091378 -0.74631268
v -0.08079125 0.17462051 -0.78801835
v -0.07875783 0.17388116 -0.78068548
v -0.07489486 0.18020153 -0.78955925
v -0.07170977 0.18896165 -0.78862023
v -0.07052209 0.18500167 -0.77940595
v -0.07395104 0.17818426 -0.78055274
v -0.12633690 0.18957512 -0.81161118
v -0.13114452 0.18698585 -0.81122118
v -0.15792990 0.19380125 -0.81158960
v -0.15716240 0.20573652 -0.81256473
v -0.09108543 0.21697846 -0.74623549
v -0.09415402 0.22533076 -0.75293761
v -0.09427708 0.22282229 -0.74468410
v -0.10057765 0.22268321 -0.73400062
v -0.11242221 0.21516047 -0.74159408
v -0.11495376 0.21353036 -0.74409389
v -0.10711393 0.18427324 -0.81861389
v -0.11212336 0.19193785 -0.80825031
v -0.09217788 0.18721817 -0.77541977
v -0.08920112 0.18617001 -0.77150363
v -0.12500763 0.20236458 -0.76200175
v -0.13246498 0.22292820 -0.74700737
v -0.12566128 0.22822350 -0.74683529
v -0.12482756 0.20446651 -0.75463009
v -0.09529100 0.20005062 -0.70557898
v -0.09368029 0.19686380 -0.70855820
v -0.10110538 0.22711445 -0.74417609
v -0.14348821 0.19728963 -0.76790094
v -0.13879859 0.22023582 -0.75151950
v -0.13450798 0.21647856 -0.74520212
v -0.16581254 0.19523129 -0.77695251
v -0.11463873 0.23323736 -0.84164548
v -0.10826357 0.19138178 -0.71222931
v -0.10778037 0.19575486 -0.71897644
v -0.10560937 0.20067208 -0.70371282
v -0.10025097 0.20184538 -0.70363724
v -0.15410598 0.19334765 -0.82059908
v -0.12414945 0.19544677 -0.80121350
v -0.13991758 0.18729430 -0.86137384
v -0.07151125 0.19259322 -0.77730972
v -0.07372276 0.19841042 -0.78747386
v -0.12430397 0.20626105 -0.74823838
v -0.15937336 0.21126117 -0.76728743
v -0.14838786 0.21985137 -0.75015485
v -0.14164767 0.21965982 -0.74667346
v -0.14731574 0.22248045 -0.75839669
v -0.13868737 0.21531387 -0.74428898
v -0.10554202 0.19578995 -0.69892460
v -0.10043640 0.19706328 -0.69933802
v -0.09546154 0.19539350 -0.70127708
v -0.09416518 0.19279116 -0.70473617
v -0.09548872 0.19022508 -0.70822001
v -0.10864166 0.19320795 -0.70047188
v -0.10979272 0.19039948 -0.70298189
v -0.10831502 0.18772438 -0.70790625
v -0.10825279 0.18899114 -0.69615579
v -0.10485803 0.19060789 -0.69364780
v -0.09676173 0.18854187 -0.69263339
v -0.09631032 0.18547700 -0.69024765
v -0.09419043 0.18506248 -0.69316643
v -0.09509574 0.19029407 -0.69600177
v -0.09484729 0.18098617 -0.69032323
v -0.09649912 0.18207553 -0.68738639
v -0.09966204 0.19001028 -0.69214368
v -0.09990085 0.18647030 -0.68879712
v -0.10391920 0.18221290 -0.68599021
v -0.10018483 0.18280150 -0.68545359
v -0.10368039 0.18575288 -0.68933672
v -0.10290524 0.18885057 -0.69170988
v -0.09977451 0.19263501 -0.69502342
v -0.10017706 0.17954808 -0.68258744
v -0.10056495 0.17644921 -0.68411875
v -0.09654052 0.17775363 -0.68698466
v -0.09709411 0.17973918 -0.68499625
v -0.09392336 0.18881088 -0.70090526
v -0.09427456 0.18363851 -0.69661540
v -0.09547024 0.17910632 -0.69280946
v -0.09743649 0.17608523 -0.68946940
v -0.09732511 0.17743005 -0.69481516
v -0.09599709 0.18125878 -0.69961089
v -0.09927314 0.17528187 -0.69194591
v -0.10000823 0.17612262 -0.69584441
v -0.09925399 0.17914000 -0.70066196
v -0.09880360 0.18473963 -0.70738488
v -0.09542525 0.18696967 -0.70486486
v -0.10074712 0.17511271 -0.69294065
v -0.10153687 0.17489424 -0.68660194
v -0.10645203 0.18567403 -0.69083083
v -0.10631543 0.18131116 -0.68700856
v -0.10816085 0.18425338 -0.69234145
v -0.10762578 0.17995024 -0.68900263
v -0.10355011 0.17998999 -0.68309993
v -0.10492971 0.17810981 -0.68412799
v -0.09886172 0.18775867 -0.71123326
v -0.10425626 0.18706399 -0.71081108
v -0.10404624 0.18381810 -0.70696580
v -0.10396649 0.17816278 -0.70023882
v -0.10801467 0.18473612 -0.70405489
v -0.10940002 0.18668453 -0.69914418
v -0.10881358 0.18212360 -0.69483298
v -0.10788158 0.17996725 -0.69828671
v -0.10669208 0.17671371 -0.69394350
v -0.10777965 0.17825308 -0.69148070
v -0.10355574 0.17566268 -0.69539958
v -0.10584022 0.17563255 -0.68956012
v -0.10568967 0.17658177 -0.68660855
v -0.10542668 0.17547530 -0.69151336
v -0.10302775 0.17480469 -0.69199198
v -0.10243103 0.17471203 -0.68954539
v -0.12522617 0.20069404 -0.72002435
v -0.12088925 0.20283610 -0.71945083
v -0.12146872 0.19846895 -0.71368152
v -0.12610409 0.19654420 -0.71474212
v -0.11893631 0.21124843 -0.71486694
v -0.12218079 0.21595973 -0.71236163
v -0.12157710 0.21063530 -0.70659995
v -0.11897852 0.20572792 -0.70960397
v -0.12866458 0.21710485 -0.71240175
v -0.12785456 0.21216679 -0.70614183
v -0.11735558 0.21689501 -0.73623359
v -0.12002201 0.22245455 -0.73565984
v -0.12194425 0.21982732 -0.72009838
v -0.11862841 0.21486986 -0.72211933
v -0.12957905 0.20531313 -0.74000371
v -0.13359678 0.20785208 -0.73852646
v -0.11891732 0.20649642 -0.71740437
v -0.11925304 0.20142181 -0.71164685
v -0.12998585 0.20057234 -0.71958458
v -0.13406363 0.20285751 -0.71811295
v -0.13370880 0.20574647 -0.72537953
v -0.12947911 0.20323446 -0.72685421
v -0.11765645 0.20805003 -0.73934454
v -0.12359841 0.20582707 -0.73993528
v -0.11636247 0.21237172 -0.73777997
v -0.13295656 0.22104774 -0.73532522
v -0.13520464 0.21438041 -0.73645747
v -0.13587081 0.21059534 -0.72286099
v -0.13443384 0.21664913 -0.72077185
v -0.11823578 0.21015625 -0.72416383
v -0.12423496 0.20341773 -0.72728807
v -0.11976740 0.20593652 -0.72621727
v -0.13418786 0.21248272 -0.71352494
v -0.12864025 0.22106856 -0.72013861
v -0.13460654 0.19911039 -0.71233088
v -0.13492084 0.19387002 -0.70413381
v -0.13498372 0.19787800 -0.70161170
v -0.13532552 0.20314898 -0.70932597
v -0.13536873 0.20707685 -0.71559864
v -0.13350022 0.20814447 -0.70725423
v -0.12264269 0.19151938 -0.70552701
v -0.12744585 0.19018868 -0.70657742
v -0.12019455 0.19426472 -0.70398277
v -0.12648442 0.22556248 -0.73517197
v -0.12201749 0.20280346 -0.69894451
v -0.11998417 0.19793823 -0.70146465
v -0.13198729 0.19071007 -0.70612264
v -0.13087967 0.19678970 -0.71429515
v -0.13303551 0.20202760 -0.69955570
v -0.12770525 0.20477912 -0.69847178
v -0.13299224 0.19675504 -0.69379842
v -0.12816057 0.19895087 -0.69273049
v -0.12268451 0.19682525 -0.69320828
v -0.12076464 0.19294836 -0.69668680
v -0.12117335 0.18998808 -0.69919258
v -0.13498008 0.19346191 -0.69583768
v -0.13513823 0.19016427 -0.69834781
v -0.13262263 0.18747073 -0.70179689
v -0.13557690 0.18885550 -0.69056189
v -0.13369516 0.19113240 -0.68756694
v -0.12643415 0.18627577 -0.68124264
v -0.12681967 0.18306819 -0.67691380
v -0.12503517 0.18137123 -0.67937303
v -0.12391468 0.18564771 -0.68318480
v -0.12648681 0.18927732 -0.68411428
v -0.12407304 0.19086024 -0.68650174
v -0.12941104 0.19001333 -0.68412799
v -0.13018686 0.18750367 -0.68027753
v -0.13437933 0.18322416 -0.67747271
v -0.13090223 0.18399894 -0.67546934
v -0.13325119 0.18615688 -0.68179983
v -0.13224359 0.18904705 -0.68466336
v -0.12738475 0.17829233 -0.67554927
v -0.12770692 0.18056253 -0.67404145
v -0.12887403 0.19345906 -0.68698496
v -0.12182398 0.18865238 -0.69140929
v -0.12303320 0.18359894 -0.68614835
v -0.12488525 0.17922039 -0.68185723
v -0.12778036 0.17631832 -0.67803520
v -0.12575503 0.17717701 -0.68386060
v -0.12372548 0.18098092 -0.68913853
v -0.12854108 0.17515939 -0.68050838
v -0.12808457 0.17567748 -0.68537879
v -0.12632093 0.17859517 -0.69116557
v -0.12478023 0.18421029 -0.69787765
v -0.12224969 0.18633257 -0.69536799
v -0.12946010 0.17495586 -0.68247545
v -0.13148105 0.17748016 -0.67316270
v -0.13166767 0.17566486 -0.67613196
v -0.13125238 0.18068187 -0.67163092
v -0.13465364 0.18539962 -0.68378270
v -0.13539879 0.18164496 -0.67897981
v -0.13624161 0.18411741 -0.68528932
v -0.13656235 0.18017054 -0.68048620
v -0.13460255 0.18078472 -0.67361552
v -0.13516435 0.17888540 -0.67463601
v -0.12369335 0.18773498 -0.70121622
v -0.12820962 0.18680996 -0.70225567
v -0.12924080 0.18328325 -0.69842803
v -0.13085794 0.17802763 -0.69170958
v -0.13350827 0.18444575 -0.69746929
v -0.13572492 0.18667589 -0.69353801
v -0.13628925 0.18231067 -0.68776858
v -0.13474548 0.17984469 -0.69024545
v -0.13491412 0.17689265 -0.68493241
v -0.13625956 0.17864540 -0.68246782
v -0.13171348 0.17534843 -0.68590921
v -0.13503408 0.17603904 -0.67957687
v -0.13545153 0.17703915 -0.67662978
v -0.13428918 0.17544070 -0.68202424
v -0.13188727 0.17463830 -0.68201691
v -0.13181822 0.17471565 -0.67908359
v -0.14590499 0.19699873 -0.72909272
v -0.14252689 0.20034547 -0.72703886
v -0.14265713 0.19765355 -0.72220874
v -0.14598362 0.19406721 -0.72426689
v -0.14295360 0.20846444 -0.72297245
v -0.14584339 0.21178937 -0.72293407
v -0.14634459 0.20755525 -0.71716136
v -0.14353403 0.20509087 -0.71767181
v -0.15125814 0.21184872 -0.72347403
v -0.15119526 0.20755415 -0.71720850
v -0.14001110 0.21308561 -0.73946118
v -0.14316648 0.21760751 -0.73940146
v -0.14471668 0.21475826 -0.72921455
v -0.14152825 0.21073286 -0.72926402
v -0.14187798 0.20432085 -0.72451043
v -0.14233750 0.20158708 -0.71968436
v -0.15025106 0.19608624 -0.72964174
v -0.15377587 0.19747528 -0.72915971
v -0.15302268 0.19942121 -0.73595279
v -0.14935049 0.19817397 -0.73643053
v -0.14363585 0.20156157 -0.74705476
v -0.13984242 0.20445971 -0.74451727
v -0.13887665 0.20846629 -0.74149662
v -0.15404904 0.21224478 -0.74401116
v -0.15379587 0.20592259 -0.74657780
v -0.15581714 0.20359249 -0.73443091
v -0.15558124 0.21010901 -0.73234427
v -0.14045945 0.20621918 -0.73080945
v -0.14474969 0.19849437 -0.73540241
v -0.14121491 0.20197502 -0.73285580
v -0.15587470 0.20736000 -0.72556275
v -0.15049738 0.21478929 -0.73073566
v -0.15413269 0.19450842 -0.72433728
v -0.15437406 0.19034864 -0.71416384
v -0.15579441 0.19407012 -0.71214914
v -0.15638049 0.19873102 -0.72183210
v -0.15644872 0.20141588 -0.72764128
v -0.15554106 0.20396134 -0.71927667
v -0.14278030 0.19243747 -0.71400934
v -0.14624654 0.18931659 -0.71557099
v -0.14247718 0.19612275 -0.71149009
v -0.14935395 0.21771899 -0.74141347
v -0.15181497 0.20102344 -0.74763352
v -0.14608288 0.20151749 -0.70848614
v -0.14355159 0.19914977 -0.70948595
v -0.15083747 0.18849605 -0.71612060
v -0.15045896 0.19302432 -0.72530830
v -0.15479369 0.19871466 -0.71009243
v -0.15073043 0.20215757 -0.70851851
v -0.15490213 0.19489060 -0.70381916
v -0.15070021 0.19810498 -0.70224845
v -0.14615169 0.19768938 -0.70172405
v -0.14369303 0.19533059 -0.70370138
v -0.14274727 0.19278860 -0.70618564
v -0.15579763 0.19062865 -0.70586723
v -0.15450749 0.18762904 -0.70786870
v -0.15097028 0.18653315 -0.71078736
v -0.15599588 0.18708473 -0.70203179
v -0.15461925 0.19066031 -0.69950432
v -0.14691322 0.18890072 -0.69115967
v -0.14682919 0.18662341 -0.68729621
v -0.14479148 0.18602996 -0.68777686
v -0.14483082 0.18918353 -0.69211084
v -0.14770108 0.19156270 -0.69404525
v -0.14637703 0.19324419 -0.69595283
v -0.15069002 0.19169329 -0.69504875
v -0.15075782 0.18915054 -0.69119209
v -0.15367138 0.18443637 -0.68936056
v -0.15070179 0.18661444 -0.68684554
v -0.15351899 0.18687588 -0.69370699
v -0.15335049 0.18988737 -0.69559926
v -0.14604235 0.18360117 -0.68490642
v -0.14734966 0.18502589 -0.68440211
v -0.15079796 0.19394939 -0.69793582
v -0.14356874 0.19181859 -0.69937372
v -0.14298192 0.18785492 -0.69407356
v -0.14330885 0.18429464 -0.69023973
v -0.14498782 0.18156530 -0.68737948
v -0.14317241 0.18226516 -0.69272161
v -0.14261466 0.18549463 -0.69704831
v -0.14482673 0.17991725 -0.69034207
v -0.14422601 0.18032150 -0.69472480
v -0.14353524 0.18297067 -0.70003885
v -0.14377695 0.18710129 -0.70533234
v -0.14290249 0.18949631 -0.70234483
v -0.14532955 0.17927432 -0.69231385
v -0.14989540 0.18161644 -0.68400651
v -0.14904451 0.17918546 -0.68648946
v -0.15065548 0.18434143 -0.68347090
v -0.15510210 0.18560335 -0.69570196
v -0.15461737 0.18262945 -0.69136000
v -0.15530549 0.18352160 -0.69769967
v -0.15453336 0.18070729 -0.69335175
v -0.15328917 0.18319970 -0.68645048
v -0.15344977 0.18135136 -0.68746603
v -0.14344282 0.18992403 -0.70918083
v -0.14666882 0.18757212 -0.71072477
v -0.14676438 0.18478879 -0.70736170
v -0.14665785 0.18050884 -0.70158398
v -0.15096082 0.18376316 -0.70742303
v -0.15424772 0.18464473 -0.70450622
v -0.15380517 0.18141022 -0.69968140
v -0.15084136 0.18010022 -0.70163286
v -0.15074682 0.17804314 -0.69629931
v -0.15316001 0.17906299 -0.69483680
v -0.14703739 0.17839150 -0.69625628
v -0.15154877 0.17797345 -0.69142330
v -0.15286565 0.17924662 -0.68945652
v -0.15016907 0.17744669 -0.69337445
v -0.14754179 0.17789459 -0.69285148
v -0.14815074 0.17813191 -0.68992150
v -0.14811075 0.20076486 -0.74809122
v -0.16787073 0.19122021 -0.74749714
v -0.16604842 0.19400001 -0.74546975
v -0.16747141 0.19190948 -0.74210572
v -0.16921318 0.18914901 -0.74462050
v -0.16817245 0.20142007 -0.74192238
v -0.17200273 0.20328075 -0.74241090
v -0.17349270 0.19956358 -0.73810303
v -0.16976431 0.19806826 -0.73809671
v -0.17661402 0.20174645 -0.74444050
v -0.17759033 0.19836795 -0.74158645
v -0.16032434 0.20541580 -0.75739884
v -0.16367625 0.20872740 -0.75980783
v -0.16946670 0.20617352 -0.74819070
v -0.16557945 0.20369564 -0.74722540
v -0.16552694 0.19031374 -0.76214814
v -0.16940656 0.19144788 -0.76362878
v -0.16667369 0.19291151 -0.77065653
v -0.16201553 0.19204026 -0.77136141
v -0.16606079 0.19790043 -0.74343777
v -0.16786560 0.19501385 -0.73960489
v -0.17080051 0.18940733 -0.74951601
v -0.17434937 0.18934369 -0.75052881
v -0.17338422 0.19053268 -0.75489235
v -0.16949099 0.19013873 -0.75339681
v -0.15882874 0.19456565 -0.75955540
v -0.16204008 0.19132684 -0.75965142
v -0.15798378 0.19201042 -0.76863593
v -0.15534602 0.19498512 -0.76488686
v -0.15897107 0.19906493 -0.75751275
v -0.17309093 0.20072964 -0.76494455
v -0.17206928 0.19494289 -0.76456183
v -0.17646031 0.19384302 -0.75534457
v -0.17746030 0.19934094 -0.75329024
v -0.16411209 0.19946058 -0.74778432
v -0.16619812 0.19212084 -0.75137109
v -0.16416922 0.19516394 -0.74884784
v -0.17833692 0.19692338 -0.74846190
v -0.17454374 0.20520447 -0.75070202
v -0.17602924 0.18697436 -0.74717283
v -0.17823559 0.18315706 -0.74238545
v -0.18076354 0.18527907 -0.74139053
v -0.17913324 0.18939237 -0.74617767
v -0.17767587 0.19186558 -0.75002217
v -0.18004470 0.19366173 -0.74365854
v -0.16904601 0.18779416 -0.73682958
v -0.17078318 0.18516643 -0.73983020
v -0.16951054 0.19065255 -0.73482287
v -0.16946100 0.20816979 -0.76280636
v -0.17481300 0.19461000 -0.73235267
v -0.17135227 0.19308975 -0.73283798
v -0.17430851 0.18339185 -0.74136549
v -0.17223865 0.18731487 -0.74615216
v -0.18141687 0.18921202 -0.73887563
v -0.17898089 0.19338728 -0.73486024
v -0.18245265 0.18555258 -0.73456216
v -0.17997199 0.19010274 -0.73053885
v -0.17538974 0.19101799 -0.72852194
v -0.17197034 0.18987079 -0.72948867
v -0.17031103 0.18777962 -0.73146844
v -0.18170898 0.18187726 -0.73707104
v -0.17907633 0.18038392 -0.73805237
v -0.17542845 0.18121676 -0.73800021
v -0.18200469 0.17917340 -0.73273128
v -0.18271187 0.18246597 -0.72925270
v -0.17653215 0.18345706 -0.72037935
v -0.17638037 0.18144359 -0.71699846
v -0.17442125 0.18108630 -0.71747512
v -0.17439772 0.18385141 -0.72035074
v -0.17737056 0.18562032 -0.72327536
v -0.17584509 0.18731833 -0.72469217
v -0.18000033 0.18519937 -0.72526348
v -0.17998941 0.18303584 -0.72139841
v -0.18212825 0.17769076 -0.72006059
v -0.18029667 0.18095495 -0.71753484
v -0.18242759 0.18018685 -0.72392178
v -0.18202966 0.18262124 -0.72631180
v -0.17561154 0.17866521 -0.71460396
v -0.17703770 0.17996083 -0.71459192
v -0.18000990 0.18696658 -0.72767085
v -0.17251320 0.18690751 -0.72613358
v -0.17236784 0.18327512 -0.72180808
v -0.17273262 0.17971005 -0.71797472
v -0.17435098 0.17663735 -0.71609783
v -0.17201376 0.17836086 -0.71994883
v -0.17138675 0.18196836 -0.72426730
v -0.17363289 0.17565730 -0.71806455
v -0.17216839 0.17703283 -0.72241950
v -0.17134330 0.18005013 -0.72674781
v -0.17080128 0.18316361 -0.73156554
v -0.17095605 0.18530475 -0.72859305
v -0.17327964 0.17536931 -0.72002095
v -0.17883196 0.17616367 -0.71468532
v -0.17708746 0.17444347 -0.71616828
v -0.18038177 0.17867431 -0.71465015
v -0.18281317 0.17832810 -0.72591674
v -0.18226054 0.17548589 -0.72157151
v -0.18173997 0.17641766 -0.72838712
v -0.18088423 0.17370981 -0.72257072
v -0.18191311 0.17667902 -0.71714759
v -0.18110155 0.17469901 -0.71766782
v -0.17008466 0.18526928 -0.73395908
v -0.17187309 0.18311824 -0.73646206
v -0.17249812 0.18065499 -0.73407483
v -0.17285873 0.17768764 -0.72925240
v -0.17596723 0.17863232 -0.73512602
v -0.17940366 0.17807250 -0.73517060
v -0.17939574 0.17525689 -0.72936463
v -0.17607507 0.17556493 -0.72981465
v -0.17598836 0.17362994 -0.72447878
v -0.17864239 0.17316048 -0.72402543
v -0.17346743 0.17517197 -0.72393489
v -0.17731813 0.17300996 -0.72010738
v -0.17922638 0.17335555 -0.71865350
v -0.17589584 0.17334104 -0.72155249
v -0.17449883 0.17411579 -0.72054642
v -0.17563856 0.17393459 -0.71860701
v -0.16928913 0.19576992 -0.77013624
v -0.07992714 0.19065391 -0.76375169
v -0.07500635 0.19081426 -0.76516622
v -0.08662858 0.17457749 -0.76609242
v -0.08692363 0.18101744 -0.76352394
v -0.08228728 0.17026536 -0.76931185
v -0.07201175 0.17455685 -0.77083594
v -0.07668890 0.17112266 -0.77046162
v -0.08405307 0.18690237 -0.76240128
v -0.07033226 0.18812166 -0.76712871
v -0.06916001 0.18105021 -0.76945704
v -0.06830043 0.18342561 -0.75889796
v -0.06680775 0.17661832 -0.75999665
v -0.07002994 0.16972229 -0.76211995
v -0.07554238 0.16719377 -0.76320118
v -0.08116195 0.16783337 -0.76324302
v -0.07277565 0.18750636 -0.75739431
v -0.07762719 0.18786527 -0.75694579
v -0.08243115 0.18455622 -0.75754720
v -0.06919140 0.18376422 -0.75010651
v -0.06338505 0.17855832 -0.74820006
v -0.06191112 0.16430070 -0.74602824
v -0.06008497 0.16310631 -0.74212617
v -0.06383654 0.16115263 -0.74220175
v -0.06568277 0.16211650 -0.74708563
v -0.06311748 0.16628504 -0.74844289
v -0.06620076 0.16521832 -0.75191385
v -0.05869543 0.16935889 -0.74443024
v -0.06102060 0.17046261 -0.74687338
v -0.06052902 0.17468232 -0.74531865
v -0.05874622 0.17484531 -0.74187839
v -0.05618673 0.16763589 -0.74053210
v -0.05599565 0.16623370 -0.73665011
v -0.05860395 0.16273865 -0.73869950
v -0.06164540 0.16183256 -0.73728162
v -0.06334762 0.17220871 -0.75076926
v -0.07308868 0.16353592 -0.75494558
v -0.07059267 0.16114144 -0.74812990
v -0.06823238 0.16083102 -0.74176234
v -0.06568093 0.16303362 -0.73680830
v -0.07251803 0.16346808 -0.74077427
v -0.07595196 0.16302668 -0.74716729
v -0.06944647 0.16549972 -0.73630702
v -0.07458044 0.16749536 -0.73973674
v -0.07906613 0.16801885 -0.74563217
v -0.08351223 0.17059831 -0.75588274
v -0.07943731 0.16497163 -0.75644416
v -0.07152107 0.16782966 -0.73676914
v -0.05920457 0.16601752 -0.73375452
v -0.06351312 0.16743001 -0.73327965
v -0.06172653 0.17839578 -0.74134785
v -0.05990320 0.17620736 -0.73697716
v -0.05685364 0.17317615 -0.73847371
v -0.06602842 0.18130417 -0.74182004
v -0.06385325 0.17765635 -0.73600960
v -0.05578278 0.17080536 -0.73606813
v -0.05863708 0.17225237 -0.73411280
v -0.08515371 0.17246787 -0.76172358
v -0.08537281 0.17879440 -0.75915658
v -0.08334875 0.17735176 -0.75379199
v -0.07860454 0.17445914 -0.74452180
v -0.07963906 0.18283288 -0.75169224
v -0.07430829 0.18533830 -0.75061327
v -0.07067319 0.18158446 -0.74234807
v -0.07523695 0.17929050 -0.74292690
v -0.07164869 0.17570828 -0.73758990
v -0.06817883 0.17736183 -0.73654604
v -0.07387256 0.17199777 -0.73866278
v -0.06707413 0.17327233 -0.73417449
v -0.06293407 0.17304190 -0.73316175
v -0.06963382 0.17322041 -0.73566592
v -0.07056690 0.17039423 -0.73573154
v -0.06753510 0.16915233 -0.73426133
v -0.16121952 0.19198158 -0.77599585
v -0.15597419 0.19211051 -0.77349961
v -0.15501291 0.19123404 -0.77937007
v -0.15358958 0.18883905 -0.78648770
v -0.15736848 0.18888244 -0.79482841
v -0.14752574 0.19031635 -0.78468937
v -0.14932078 0.19278264 -0.77732968
v -0.15054137 0.19468839 -0.76899856
v -0.14075562 0.19077986 -0.78974378
v -0.06262173 0.02202149 -1.33993149
v -0.05262681 0.02354586 -1.32285810
v -0.12331113 0.17154908 -1.20514166
v -0.12619686 0.18659838 -1.21320426
v -0.17494132 0.21303329 -1.22722507
v -0.19902553 0.20877062 -1.22910166
v -0.00219745 0.07199854 -1.04749048
v -0.21149756 0.09209458 -1.09492254
v -0.21749811 0.09420924 -1.11399102
v -0.22970101 0.01634178 -1.11505628
v -0.23120639 0.03601106 -1.11052513
v -0.10426596 0.13885096 -1.07755649
v -0.10668675 0.13916190 -1.09760320
v -0.04184667 0.10583989 -1.06979334
v -0.04444995 0.10672462 -1.09215093
v -0.07803290 0.13288540 -1.05384946
v -0.22056401 0.05972938 -1.06512535
v -0.21560042 0.07902188 -1.06224871
v -0.21725857 0.07504021 -1.08127463
v -0.22388056 0.05629129 -1.08501148
v -0.22341768 -0.00176242 -1.11889899
v -0.21689735 -0.00199548 -1.09649038
v -0.13417551 0.14295556 -1.11904538
v -0.16060565 0.13911784 -1.12011182
v -0.20458996 0.11491156 -1.12590885
v -0.21985501 0.09756652 -1.13189995
v -0.22975451 0.07884293 -1.13957644
v -0.23639844 0.05925106 -1.14778805
v -0.02846971 0.09410382 -1.11508632
v -0.01795287 0.07745662 -1.13766694
v -0.10795284 0.13999788 -1.11811674
v 0.00737867 0.03475195 -1.11580253
v -0.24690259 0.04216077 -1.17790973
v -0.24678013 0.01891295 -1.18319762
v -0.18432900 0.12948866 -1.12224495
v -0.02658884 0.04141503 -1.28289104
v -0.03022330 0.05908445 -1.28470266
v -0.01966038 0.05922248 -1.26946592
v -0.01709167 0.04161555 -1.26672494
v -0.02336198 0.07592062 -1.27081716
v -0.02861141 0.09163604 -1.27130008
v -0.03483706 0.10573120 -1.27078676
v -0.05649433 0.13841437 -1.26322007
v -0.04856505 0.12915032 -1.26689589
v -0.07234171 0.15246041 -1.25311673
v -0.06360492 0.14605495 -1.25932753
v -0.08315729 0.15717718 -1.24315870
v -0.09685025 0.15939799 -1.23123288
v -0.11964942 0.16057941 -1.23237741
v -0.11315291 0.15957518 -1.21996856
v -0.08959645 0.15774928 -1.21870744
v -0.07576136 0.15543397 -1.23119867
v -0.06458719 0.15100098 -1.24072015
v -0.00308242 0.02901413 -1.20077765
v -0.00375657 0.02647795 -1.22458935
v -0.07237661 0.01989642 -1.35533512
v -0.18825482 0.17501961 -1.00889027
v -0.10998691 0.22195923 -0.90508938
v -0.22906527 0.00341288 -1.38033199
v -0.23273171 0.02208215 -1.38481843
v -0.22900343 0.08572447 -1.39847052
v -0.21270920 0.10563116 -1.40731800
v -0.23758140 0.06315870 -1.38911259
v -0.23987693 0.04113377 -1.38072085
v -0.08438136 0.13091072 -1.13675523
v -0.24431354 0.02047135 -1.34771347
v -0.24509522 0.04136475 -1.36928678
v -0.24463469 0.06673352 -1.37805688
v -0.23636091 0.09214716 -1.38705540
v -0.21958207 0.11854023 -1.39711201
v -0.21347255 0.13466221 -1.39465392
v -0.22031434 0.15231100 -1.37097955
v -0.21219286 0.17076772 -1.36112738
v -0.19655459 0.17789389 -1.37243521
v -0.20082432 0.16803586 -1.38134515
v -0.21635489 0.16148767 -1.36727679
v -0.20550328 0.20057264 -1.26294124
v -0.21905312 0.19025305 -1.23113227
v -0.21126100 0.19850351 -1.24406636
v -0.22487764 0.17751838 -1.22179520
v -0.22680908 0.16694544 -1.21598005
v -0.22688754 0.15633360 -1.21524644
v -0.22634408 0.14792156 -1.22261512
v -0.21674798 0.13082935 -1.25073993
v -0.21456724 0.13053654 -1.25978518
v -0.22537479 0.14454557 -1.24629021
v -0.22770154 0.14290984 -1.24046803
v -0.23407063 0.12611684 -1.21524882
v -0.23583622 0.11774098 -1.20065570
v -0.23808871 0.10549707 -1.18663323
v -0.22672586 0.09779778 -0.97294813
v -0.21930246 0.09333175 -0.98981929
v -0.22666216 0.07268201 -0.98908252
v -0.23481044 0.07747759 -0.97172332
v -0.21611743 0.02419463 -1.02561176
v -0.21070847 0.00146289 -1.02576947
v -0.17120320 0.14330663 -0.98761940
v -0.14593118 0.15136874 -0.98330432
v -0.20778325 0.11272556 -0.99054074
v -0.19220743 0.12959240 -0.98980772
v -0.11932623 0.15218861 -0.97765553
v -0.03175974 0.10545027 -0.94671762
v -0.01475666 0.08724762 -0.94056547
v 0.00868592 0.04815713 -0.93232590
v 0.01518498 0.02776913 -0.93022782
v -0.09373800 0.14705397 -0.96993732
v -0.00083663 0.06824511 -0.93568063
v -0.07100879 0.13686557 -0.96161515
v -0.05037745 0.12192747 -0.95389694
v -0.21781290 0.04530608 -1.02545035
v -0.22275335 0.04795910 -1.00663722
v -0.22077623 0.06828035 -1.00670004
v -0.26171854 0.03673596 -1.25243294
v -0.25798538 0.01588160 -1.25081384
v -0.26492432 0.05743390 -1.25527143
v -0.26638842 0.07334366 -1.28000426
v -0.26502609 0.07631237 -1.26149750
v -0.26209509 0.09368451 -1.26857734
v -0.26318830 0.09133303 -1.28533065
v -0.25327307 0.12400033 -1.29246593
v -0.25254473 0.12421145 -1.27897453
v -0.24797574 0.13457479 -1.28194404
v -0.24880803 0.13605559 -1.29444087
v -0.23821041 0.14671698 -1.28540754
v -0.24332258 0.14271250 -1.28382754
v -0.23154813 0.14855368 -1.28559613
v -0.23084328 0.15027529 -1.28066194
v -0.23502082 0.16194701 -1.30131531
v -0.23743832 0.15780874 -1.30719233
v -0.25213185 0.12663519 -1.30716467
v -0.25773820 0.11049882 -1.30540466
v -0.25411603 0.01670012 -1.28322363
v -0.24738130 -0.00184532 -1.27928495
v -0.13297604 0.15926193 -1.21305346
v -0.15427954 0.15830798 -1.20830286
v -0.17413346 0.15611589 -1.20649409
v -0.19213274 0.15346082 -1.20681381
v -0.20706847 0.14721318 -1.21145010
v -0.22067587 0.14103173 -1.21717143
v -0.23011369 0.13939190 -1.23332560
v -0.23235133 0.13390595 -1.22509110
v -0.23861185 0.13405354 -1.24278164
v -0.24182323 0.12660995 -1.23525214
v -0.25465521 0.11423029 -1.25986743
v -0.24910089 0.12011351 -1.24690259
v -0.25795683 0.11013848 -1.27429354
v -0.25880042 0.10859313 -1.28965247
v -0.26218256 0.09190855 -1.30276632
v -0.26549092 0.07294112 -1.29855216
v -0.25999126 0.05799146 -1.33090270
v -0.26306355 0.05516243 -1.31236422
v -0.26528859 0.05434075 -1.29334998
v -0.26600125 0.05427852 -1.27502704
v -0.20525426 0.07085480 -1.41942120
v -0.21477899 0.05132730 -1.41440845
v -0.22844456 0.14978047 -1.23102534
v -0.22904038 0.15668017 -1.22875595
v -0.23035221 0.15533450 -1.23819959
v -0.22973283 0.15133364 -1.23729658
v -0.22850522 0.16380024 -1.23059297
v -0.22712255 0.17330806 -1.23585474
v -0.22907862 0.16945058 -1.24704945
v -0.23023993 0.16008374 -1.24123311
v -0.22277251 0.18349679 -1.24417305
v -0.22615147 0.17822349 -1.25518095
v -0.21755888 0.19051744 -1.25497377
v -0.21390423 0.19356743 -1.26816630
v -0.21849357 0.18935896 -1.27189815
v -0.22210763 0.18505949 -1.26406169
v -0.22399162 0.17913854 -1.30944395
v -0.22152370 0.18413919 -1.29663372
v -0.21944186 0.18771754 -1.28280985
v -0.23190290 0.15194756 -1.27191412
v -0.23244536 0.15477362 -1.26208484
v -0.23127341 0.15705471 -1.25093687
v -0.23074836 0.16575058 -1.25813150
v -0.23288047 0.16237549 -1.26998901
v -0.23365849 0.15890950 -1.28092885
v -0.26211032 0.03484399 -1.27088630
v -0.25630009 0.01580856 -1.26679039
v -0.23998472 0.15063791 -1.29653668
v -0.24480966 0.14447364 -1.29601979
v -0.23530480 0.15491408 -1.29582548
v -0.23384538 0.15697420 -1.29068637
v -0.24093950 0.15358314 -1.30917335
v -0.24494180 0.14778008 -1.30920613
v -0.24855360 0.13880858 -1.30832148
v -0.26065150 0.03576010 -1.28863859
v -0.25054622 -0.00265607 -1.26398170
v -0.11397635 0.17066175 -1.33843529
v -0.12796876 0.17973298 -1.35927427
v -0.14913753 0.18666641 -1.37387502
v -0.17447454 0.18561575 -1.37829483
v -0.16740081 0.15248108 -1.07753134
v -0.21206385 -0.00153299 -1.07420635
v -0.20902358 -0.00018949 -1.05033445
v -0.21512872 0.02055368 -1.04814696
v -0.24323827 -0.00200329 -1.18535233
v -0.25384405 -0.00327795 -1.24981320
v -0.02139793 0.11724105 -1.24158597
v -0.01434676 0.10548963 -1.24330962
v -0.02383488 0.10545962 -1.25699711
v -0.03100042 0.11762739 -1.25527394
v -0.03765936 0.13590924 -1.23790526
v -0.02911976 0.12749216 -1.23991418
v -0.03833109 0.12817068 -1.25339401
v -0.04647138 0.13723855 -1.25054383
v -0.04691692 0.14303522 -1.23428047
v -0.05515626 0.14467947 -1.24669337
v -0.02184374 0.12691477 -1.22526038
v -0.01361825 0.11702995 -1.22662985
v -0.00701559 0.10540330 -1.22820270
v -0.04034860 0.14141509 -1.22136426
v -0.03105932 0.13488522 -1.22372496
v -0.08470419 0.00898251 -1.42302823
v -0.08654996 0.01654810 -1.37782872
v -0.09053254 0.01498433 -1.38803554
v -0.00849219 0.02549019 -1.24444032
v -0.02402767 0.02476242 -1.27938259
v -0.03464876 0.02471690 -1.29089069
v -0.04361592 0.02459361 -1.30592608
v -0.08015005 0.01809602 -1.36759865
v -0.01564346 0.02485453 -1.26169717
v -0.22101969 0.14106716 -0.80446422
v -0.23788084 0.11903317 -0.78772616
v -0.23554859 0.12546785 -0.81322229
v -0.24695775 0.10986987 -0.80069929
v -0.20939356 0.14287694 -0.88174570
v -0.21721777 0.13893507 -0.85576469
v -0.20487434 0.14481243 -0.90853184
v -0.25651586 0.08795658 -0.79341412
v -0.26128933 0.06182385 -0.79129624
v -0.26726255 0.06038196 -0.81092405
v -0.22707771 0.12705332 -0.90666020
v -0.23059337 0.12550060 -0.88034528
v -0.22578718 0.13482541 -0.83248115
v -0.24061060 0.12026951 -0.83316064
v -0.24300709 0.11735402 -0.81858659
v -0.26144090 0.08531476 -0.81085736
v -0.25228715 0.10462889 -0.81355751
v -0.24657947 0.00717527 -0.95126009
v -0.24861175 0.03623911 -0.95069861
v -0.23909944 0.03300703 -0.96996748
v -0.23336035 0.10312772 -0.95409799
v -0.21372391 0.11770135 -0.97437775
v -0.25400323 0.10387632 -0.83117604
v -0.26434571 0.08403485 -0.83142912
v -0.27187479 0.05817841 -0.83324075
v -0.26429060 0.06102447 -0.90785396
v -0.27000484 0.05911922 -0.88425434
v -0.26209459 0.08384129 -0.88172889
v -0.25645083 0.08545261 -0.90655649
v -0.23937540 0.10612986 -0.93162441
v -0.24399185 0.10703994 -0.90624785
v -0.25644809 0.06158210 -0.93048286
v -0.24997446 0.08482228 -0.93093222
v -0.24257386 0.08198261 -0.95265627
v -0.24841791 0.10635609 -0.87992442
v -0.27481109 0.02874113 -0.86097097
v -0.27275434 0.05792818 -0.85890174
v -0.26939982 -0.00115199 -0.86249316
v -0.24751973 0.05972293 -0.95143974
v -0.23842120 0.05638126 -0.97095895
v -0.22960478 0.05175030 -0.98928547
v -0.21765131 0.04220739 -1.04639506
v -0.07058146 0.12449662 -0.57836831
v -0.10487092 -0.00707022 -0.75085008
v -0.13175496 -0.01183493 -0.76000011
v -0.10469227 0.17366710 -0.84078592
v -0.18103807 0.16582522 -0.82263267
v -0.20716473 0.14968202 -0.82858330
v -0.04564108 0.03167979 -0.75096482
v -0.06367555 0.01123948 -0.74519813
v -0.07725430 0.15891716 -0.83299780
v -0.03768653 0.11590508 -0.78486526
v -0.08319329 0.00086550 -0.74510682
v -0.23559546 0.12365860 -0.85527182
v -0.25217581 0.10477258 -0.85361242
v -0.26439199 0.08386327 -0.85561490
v -0.27348009 0.02841622 -0.83604991
v -0.26763168 -0.00179583 -0.83977258
v -0.02364207 0.02431311 -0.80170453
v -0.01802036 0.02016049 -0.81052631
v -0.01742125 0.01135758 -0.80849814
v -0.02555463 0.01116459 -0.79587948
v -0.03310597 0.10582523 -0.92644948
v -0.01708477 0.08656112 -0.91959536
v 0.00508672 0.04529551 -0.91067886
v 0.01113968 0.02551235 -0.90857303
v -0.09415534 0.15072167 -0.95154840
v -0.00403016 0.06562874 -0.91451335
v -0.07143188 0.13978048 -0.94250858
v -0.05110859 0.12380502 -0.93408132
v -0.18715167 0.00859388 -0.15582800
v -0.18425062 0.00589453 -0.12654245
v -0.19942184 0.00489502 -0.12866402
v -0.20155315 0.00516920 -0.15799057
v -0.23179835 0.01819185 -0.15997839
v -0.22199252 0.00775876 -0.15911460
v -0.23648706 0.03271576 -0.15875638
v -0.23482037 0.02641349 -0.12955487
v -0.23067483 0.03824490 -0.12830102
v -0.23405862 0.04634147 -0.15650630
v -0.22653316 0.05569205 -0.15429199
v -0.19628894 0.06067044 -0.12556410
v -0.19748577 0.06991350 -0.15079403
v -0.21573149 0.06356955 -0.15305233
v -0.21360002 0.05535015 -0.12681580
v -0.17747948 0.06594029 -0.14774787
v -0.17653626 0.05694748 -0.12446940
v -0.16434765 0.05269924 -0.14690793
v -0.17294969 0.01591338 -0.15261245
v -0.16892743 0.01136216 -0.12530708
v -0.23071820 0.01359960 -0.13074839
v -0.21998212 0.00553081 -0.12982821
v -0.21150011 0.00402810 -0.15811014
v -0.20992640 0.00533193 -0.12973452
v -0.19453624 0.00183252 -0.09936643
v -0.17858994 -0.00283293 -0.09930468
v -0.23001128 0.01088013 -0.10050750
v -0.21736068 0.00624197 -0.10047722
v -0.22684813 0.03305346 -0.10101032
v -0.23462936 0.02261868 -0.10129464
v -0.21185178 0.05305109 -0.10046458
v -0.22285897 0.04734287 -0.12706590
v -0.21941102 0.04329066 -0.10073328
v -0.19534446 0.05631822 -0.10023868
v -0.17234489 0.05275474 -0.10204053
v -0.16189496 0.00529702 -0.10191083
v -0.20655313 0.00496945 -0.10039759
v -0.00504991 0.07157379 -0.05802464
v -0.00633845 0.07590219 -0.05795062
v -0.00522201 0.07845104 -0.05495763
v -0.00314716 0.07152200 -0.05214489
v 0.00889059 0.02832045 -0.05484593
v 0.00999554 0.03647175 -0.05858028
v 0.00941951 0.04014260 -0.04971910
v 0.00869353 0.02891369 -0.04506552
v 0.00279576 0.06408180 -0.04832768
v 0.00364400 0.05924852 -0.04743910
v 0.00683790 0.05783765 -0.05232143
v 0.00535690 0.06580858 -0.05413055
v -0.04037780 0.10106611 -0.05191612
v -0.03858472 0.09702981 -0.05100226
v -0.03675491 0.09618402 -0.05588675
v -0.03972003 0.10101961 -0.05484176
v -0.02161986 0.09030648 -0.04999471
v -0.01968358 0.08659606 -0.04907310
v -0.01741447 0.08568303 -0.05395448
v -0.02031804 0.09109844 -0.05387449
v -0.01435316 0.03728481 -0.05880082
v -0.00011107 0.03774662 -0.06060719
v -0.00071975 0.02549911 -0.05499578
v -0.01588223 0.02288258 -0.05617261
v -0.00257353 0.02063303 -0.04436362
v -0.00478373 0.02892533 -0.04031110
v -0.01880381 0.02700929 -0.03657758
v -0.01848698 0.01840778 -0.04358578
v -0.00362935 0.04143384 -0.04298079
v -0.01658533 0.04044041 -0.04019558
v -0.01424424 0.04582994 -0.05081248
v -0.00033008 0.04848357 -0.05355525
v -0.01524366 0.06472883 -0.05435240
v -0.00343117 0.06920202 -0.05512524
v -0.00259560 0.06213775 -0.06014359
v -0.01513180 0.05822429 -0.06132078
v -0.00072817 0.05403133 -0.05833340
v -0.01258848 0.04809336 -0.05856752
v -0.01170197 0.04645516 -0.04882121
v 0.00108065 0.04968524 -0.05058646
v -0.00235791 0.05592640 -0.04560983
v -0.01469637 0.05210663 -0.04385209
v -0.01617739 0.06114185 -0.04661691
v -0.00432540 0.06482008 -0.04740512
v -0.01089024 0.06910852 -0.05813074
v -0.02063875 0.06562905 -0.06024921
v -0.02380973 0.07537253 -0.06301630
v -0.01252881 0.07638252 -0.05995524
v -0.02104130 0.06987723 -0.04648948
v -0.01869581 0.06390974 -0.05049419
v -0.00916810 0.06641290 -0.05035150
v -0.01078388 0.07206054 -0.04732311
v -0.01229564 0.07920942 -0.04817200
v -0.02323363 0.07869897 -0.04926550
v -0.02326013 0.08161009 -0.05702388
v -0.01236263 0.08234337 -0.05494928
v -0.02705675 0.08998179 -0.05982459
v -0.03782444 0.08977547 -0.06286454
v -0.03812833 0.09498151 -0.05690110
v -0.02761522 0.09380168 -0.05389130
v -0.03345204 0.08229509 -0.06101751
v -0.02485679 0.08429235 -0.05991697
v -0.03306128 0.08475463 -0.04826295
v -0.03031769 0.08087958 -0.05613017
v -0.02322566 0.08114738 -0.05507874
v -0.02478484 0.08451423 -0.04818726
v -0.02688679 0.09146503 -0.04904580
v -0.03717138 0.09249633 -0.04912519
v -0.04738828 0.10480151 -0.05581772
v -0.04652134 0.10194388 -0.06172872
v -0.05546291 0.10160746 -0.06182241
v -0.05730078 0.10426199 -0.05494785
v -0.05015506 0.09528505 -0.06287420
v -0.04351203 0.09560069 -0.06084919
v -0.04967192 0.09595361 -0.04917753
v -0.04766779 0.09450757 -0.05700338
v -0.04229914 0.09332561 -0.05599773
v -0.04334874 0.09558804 -0.04912341
v -0.04603318 0.10228019 -0.04999268
v -0.05452006 0.10175541 -0.05008578
v -0.03063155 0.02185698 -0.05731344
v -0.02865907 0.04023015 -0.05692685
v 0.00410207 0.03192447 -0.04309583
v -0.03321539 0.01799463 -0.04276025
v 0.00460130 0.03874433 -0.04393160
v -0.02933395 0.04381722 -0.03927493
v -0.03346498 0.02703544 -0.03574252
v -0.02076162 0.04462685 -0.04894578
v 0.00417522 0.06290039 -0.05810845
v -0.02424005 0.06211562 -0.05156112
v -0.03228764 0.06308310 -0.04282653
v 0.00517537 0.05784027 -0.05722284
v -0.03183758 0.05835981 -0.06050348
v -0.04172768 0.07584628 -0.06220400
v -0.00548355 0.07412431 -0.04918444
v -0.00632977 0.07797326 -0.05009270
v -0.04030614 0.08094869 -0.04547834
v -0.03261890 0.08058711 -0.05615830
v -0.02125951 0.08920536 -0.05782962
v -0.04760723 0.09451526 -0.05700254
v -0.05247396 0.09408428 -0.04728806
v -0.01995092 0.08617178 -0.05787754
v -0.05452054 0.09099468 -0.06397951
v -0.04111619 0.09931489 -0.05879760
v -0.06486451 0.10190646 -0.04627514
v -0.06972231 0.10506507 -0.05407548
v -0.03916455 0.09654764 -0.05883396
v -0.06648455 0.10127099 -0.06291330
v -0.16295362 0.02497519 -0.14940286
v -0.15946341 0.01983886 -0.12406850
v -0.16058862 0.03631599 -0.14719892
v -0.16259386 0.04456606 -0.12458146
v -0.15776907 0.03093355 -0.12480712
v -0.15079156 0.01583374 -0.10256922
v -0.15646589 0.04123481 -0.10211647
v -0.14953706 0.02830603 -0.10426176
v -0.21211407 0.05378021 -0.08188868
v -0.19590440 0.05924299 -0.08259892
v -0.22012025 0.04201901 -0.08024764
v -0.23606281 0.02240045 -0.07786381
v -0.22887930 0.03288790 -0.07953835
v -0.13919458 0.01514005 -0.08683765
v -0.15439554 0.00465604 -0.08230984
v -0.13601880 0.02988020 -0.09139717
v -0.14510348 0.04467617 -0.09021270
v -0.04749128 0.01613253 -0.05856895
v -0.06836318 0.01496380 -0.05586410
v -0.06813076 0.02793681 -0.06830406
v -0.04798481 0.03414747 -0.06407571
v -0.07324681 0.04644818 -0.07091475
v -0.05254979 0.05215131 -0.06376004
v -0.08165254 0.06325066 -0.06870627
v -0.06104036 0.06918213 -0.06447911
v -0.09139773 0.07863401 -0.06556237
v -0.07193885 0.08521184 -0.06426454
v -0.10075895 0.09191941 -0.05952537
v -0.08170206 0.09831605 -0.06116629
v -0.10442455 0.10019465 -0.04962516
v -0.08530257 0.10544854 -0.05226529
v -0.04988810 0.01283665 -0.04009438
v -0.07084501 0.01277034 -0.03932238
v -0.05138120 0.02508018 -0.03009355
v -0.07197441 0.02462377 -0.02737176
v -0.05360615 0.04238981 -0.03270018
v -0.07458577 0.04100461 -0.02902365
v -0.10015212 0.09869169 -0.03886616
v -0.08050364 0.10198179 -0.04154038
v -0.05917721 0.06046154 -0.03630114
v -0.08037497 0.05837171 -0.03264081
v -0.06620366 0.07720430 -0.03798866
v -0.08724901 0.07464155 -0.03433645
v -0.07368073 0.09110249 -0.03876054
v -0.09426369 0.08829082 -0.03510869
v -0.09169558 0.02156298 -0.07061470
v -0.09549423 0.03987110 -0.07810187
v -0.10499352 0.05612905 -0.07396090
v -0.11538158 0.07061958 -0.06693292
v -0.12381063 0.08296619 -0.05699742
v -0.12659198 0.09309500 -0.04802859
v -0.14499263 0.06565484 -0.07220519
v -0.14927217 0.07499897 -0.05447316
v -0.14854956 0.08387528 -0.04354107
v -0.17470205 0.06898677 -0.05093241
v -0.17171907 0.07593504 -0.04001701
v -0.21402316 0.05732118 -0.04373169
v -0.21289578 0.06608952 -0.03084385
v -0.19488558 0.07021049 -0.03644860
v -0.19716242 0.06230585 -0.04737628
v -0.17319888 0.06290227 -0.06764925
v -0.19645472 0.05749222 -0.06505239
v -0.21267205 0.05102571 -0.06338537
v -0.22527835 0.05952021 -0.02718747
v -0.22617121 0.05190749 -0.04102695
v -0.23710568 0.04285096 -0.03936028
v -0.23441809 0.04825550 -0.02359331
v -0.24215579 0.02642649 -0.03485262
v -0.23743132 0.03178222 -0.01906681
v -0.23099253 0.01286814 -0.03208411
v -0.22756751 0.01682800 -0.01633883
v -0.23266308 0.03653581 -0.05996132
v -0.22294644 0.04394253 -0.06069577
v -0.23874679 0.02407772 -0.05733848
v -0.22971565 0.01189729 -0.05554020
v -0.21264711 0.00842337 -0.05642068
v -0.21130058 0.00869969 -0.03393006
v -0.20954303 0.00980155 -0.01825821
v -0.09278880 0.01425386 -0.05416179
v -0.09518806 0.01557144 -0.04048014
v -0.12672371 0.05051555 -0.08307791
v -0.11736009 0.03368097 -0.08527756
v -0.12094186 0.01568522 -0.07394779
v -0.11947519 0.01014901 -0.05254924
v -0.12150758 0.01611028 -0.03779411
v -0.14463085 0.01512954 -0.03413033
v -0.14420623 0.00724795 -0.04600835
v -0.09709364 0.02510388 -0.03151464
v -0.12328391 0.02591643 -0.03273010
v -0.14598760 0.02420164 -0.02809978
v -0.16465305 0.01182975 -0.02852869
v -0.16508573 0.00582653 -0.04135454
v -0.18116857 0.01018115 -0.02481413
v -0.18267079 0.00721670 -0.03954363
v -0.19655156 0.00778539 -0.03771317
v -0.19475271 0.00904635 -0.02203774
v -0.18676667 0.00494911 -0.05819261
v -0.19943714 0.00635409 -0.05828774
v -0.16857553 0.00338982 -0.06000102
v -0.14655411 0.00551019 -0.06462979
v -0.12298054 0.09267723 -0.03725433
v -0.14565665 0.08518708 -0.03469336
v -0.16802250 0.07673362 -0.03117168
v -0.19015533 0.07067335 -0.02564585
v -0.20731366 0.06469148 -0.02007008
v -0.21803036 0.05808774 -0.01639807
v -0.22767276 0.03509242 -0.01108944
v -0.22603592 0.04864683 -0.01373363
v -0.22129080 0.02351651 -0.01028180
v -0.20666099 0.01928373 -0.01022422
v -0.19360343 0.01768737 -0.01208329
v -0.16558567 0.02058096 -0.02054644
v -0.18096128 0.01848707 -0.01487553
v -0.17374521 -0.00335535 -0.07777297
v -0.19087321 -0.00028619 -0.07787824
v -0.20318204 0.00384159 -0.07791531
v -0.22926265 0.01101893 -0.07802534
v -0.21451357 0.00691178 -0.07894111
v -0.09994786 0.03938125 -0.02930272
v -0.10542706 0.05590807 -0.03195667
v -0.11176375 0.07124345 -0.03268862
v -0.11772331 0.08361148 -0.03347623
v -0.14133598 0.07797147 -0.03088748
v -0.13681249 0.06675656 -0.02911377
v -0.13134685 0.05247967 -0.02836907
v -0.12618804 0.03764629 -0.02959263
v -0.16348542 0.07069653 -0.02636313
v -0.15910871 0.06112446 -0.02455783
v -0.15455736 0.04763624 -0.02282929
v -0.14894882 0.03501380 -0.02400422
v -0.16868705 0.03065503 -0.01744390
v -0.17448649 0.04142530 -0.01728499
v -0.17897576 0.05418296 -0.01902759
v -0.18441148 0.06325123 -0.02085316
v -0.20055270 0.05710910 -0.01624775
v -0.19456276 0.04837559 -0.01538706
v -0.18997331 0.03739704 -0.01263094
v -0.18431291 0.02796291 -0.01276445
v -0.20975547 0.05176206 -0.01351297
v -0.21925917 0.03706659 -0.00999105
v -0.21647799 0.04539460 -0.01175165
v -0.21560577 0.02943330 -0.00815415
v -0.20546034 0.02717175 -0.00907779
v -0.19519585 0.02697420 -0.01093602
v -0.19888306 0.03526194 -0.01178324
v -0.20619923 0.03404963 -0.00992441
v -0.20342880 0.04497897 -0.01261008
v -0.20987470 0.04137244 -0.01176786
v -0.21199845 0.03368182 -0.00998819
v -0.21386179 0.03769102 -0.00992608
v -0.16664295 0.05461109 -0.08338404
v -0.11679364 0.08571688 -0.41496110
v -0.11821350 0.07214170 -0.41964304
v -0.11954352 0.10212348 -0.41563678
v -0.05401179 0.13767201 -0.82244915
v -0.01980153 0.08952577 -1.04792178
v -0.02575158 0.09272778 -1.09200478
v -0.02266181 0.09092030 -1.06966090
v -0.05354046 0.14075144 -0.79282737
v -0.08466113 0.13185197 -1.11646545
v -0.04174503 0.11830271 -1.26914847
v -0.18840164 -0.10968108 -0.02435017
v -0.16967404 -0.10936390 -0.02904701
v -0.17342761 -0.10400493 -0.04167795
v -0.02365309 -0.00062833 -1.54500175
v -0.08673313 0.06400760 -1.51916361
v -0.09402225 0.06349652 -1.51179469
v -0.08782014 0.05958138 -1.50045455
v -0.07970095 0.06067766 -1.50878072
v -0.08084345 0.05378292 -1.49012160
v -0.07424575 0.05683836 -1.50001097
v -0.07275477 0.04693139 -1.48175287
v -0.06780097 0.05156701 -1.49187100
v -0.06366231 0.04101401 -1.47701979
v -0.06032736 0.04623477 -1.48665333
v -0.04405351 0.02507477 -1.47336173
v -0.04789785 0.02337231 -1.46854794
v -0.04129327 0.01615972 -1.46581900
v -0.03728094 0.01694074 -1.46979463
v -0.03556851 0.00867875 -1.46383667
v -0.03177836 0.00924719 -1.46757460
v -0.03257284 0.00049412 -1.46287203
v -0.02853429 0.00052484 -1.46625185
v -0.03184613 -0.00861323 -1.46304715
v -0.02778809 -0.00872391 -1.46655166
v -0.02422050 -0.00879472 -1.47555614
v -0.02464943 -0.00010564 -1.47526431
v -0.02586830 0.00031467 -1.47062683
v -0.02550832 -0.00883613 -1.47056210
v -0.02783913 0.00765688 -1.47611713
v -0.02940124 0.00884124 -1.47146773
v -0.03236473 0.01446571 -1.47858977
v -0.03449813 0.01627167 -1.47393346
v -0.03794796 0.02299721 -1.48287010
v -0.04089870 0.02491589 -1.47797525
v -0.04077787 0.02982413 -1.48825705
v -0.04491815 0.03303877 -1.48505759
v -0.03850182 -0.00009626 -1.46013260
v -0.03696486 -0.00831604 -1.46028197
v -0.04145815 0.00725870 -1.46074700
v -0.04625179 0.01415602 -1.46236551
v -0.05223749 0.02004680 -1.46425998
v -0.05498578 0.03367106 -1.47378469
v -0.05975959 0.02692601 -1.46651602
v -0.06717688 0.03510868 -1.47069907
v -0.07724172 0.04165631 -1.47542906
v -0.08655706 0.04971028 -1.48402989
v -0.09511299 0.05747543 -1.49507165
v -0.10171185 0.06206598 -1.50737917
v -0.09896330 0.06538532 -1.51974344
v -0.02767163 0.00675769 -1.48040807
v -0.02472249 -0.00052861 -1.47991443
v -0.03142847 0.01328015 -1.48239040
v -0.03584197 0.02086296 -1.48692262
v -0.03792421 0.02658898 -1.49171364
v -0.03739737 0.03184757 -1.50357211
v -0.03816201 0.03046310 -1.49725652
v -0.03399178 0.03048133 -1.51602364
v -0.03595393 0.03176451 -1.50991058
v -0.03744417 0.03893642 -1.52260530
v -0.04102270 0.04058184 -1.51393592
v -0.03820455 0.03605943 -1.51131213
v -0.03555331 0.03481189 -1.51876128
v -0.03965063 0.04280649 -1.52816737
v -0.04424009 0.04502377 -1.51827514
v -0.04385374 -0.00080963 -1.45800054
v -0.04318734 -0.00801386 -1.45789385
v -0.04681865 0.00562049 -1.45838928
v -0.05171296 0.01151958 -1.45905161
v -0.05784404 0.01625574 -1.45974934
v -0.06480566 0.02153422 -1.46105492
v -0.07281389 0.02811093 -1.46319962
v -0.08222262 0.03626269 -1.46776903
v -0.09248204 0.04558352 -1.47647572
v -0.10159567 0.05523993 -1.49041629
v -0.10811749 0.06031315 -1.50332415
v -0.07152052 0.01504019 -1.45367801
v -0.06520377 0.01019719 -1.45444620
v -0.05997654 0.00614398 -1.45484281
v -0.05590973 0.00274806 -1.45523763
v -0.05663754 -0.00130479 -1.45434868
v -0.05716088 -0.00691867 -1.45397747
v -0.06442811 -0.00080488 -1.45160532
v -0.06443958 -0.00604078 -1.45171022
v -0.06920706 0.00218068 -1.44914949
v -0.06958844 -0.00530041 -1.44857001
v -0.07320524 0.00477336 -1.44608331
v -0.07151400 -0.00210499 -1.44510520
v -0.04127323 0.03441583 -1.49525356
v -0.04552131 0.03870603 -1.49435413
v -0.04405902 0.04077036 -1.50431335
v -0.04844450 0.04554426 -1.50719166
v -0.05087427 0.04362605 -1.49516273
v -0.04028138 0.03610484 -1.50314867
v -0.05761537 0.04957569 -1.49877322
v -0.05353110 0.05067622 -1.51177955
v -0.04774693 0.04945390 -1.52396071
v -0.05797416 0.05445976 -1.51724291
v -0.06393848 0.05438860 -1.50460076
v -0.05188322 0.05337906 -1.52831912
v -0.05587287 0.05661064 -1.53244579
v -0.06193557 0.05731084 -1.52223182
v -0.06817111 0.05756865 -1.51092911
v -0.05110649 0.03738223 -1.48209977
v -0.07292397 0.06025409 -1.51739454
v -0.06004410 0.05911602 -1.53683293
v -0.06645276 0.05972888 -1.52760100
v -0.06533408 0.06163409 -1.54294062
v -0.07377823 0.06279277 -1.53396177
v -0.08085345 0.06339608 -1.52546942
v -0.09482404 0.06701509 -1.52773118
v -0.02411002 -0.00872515 -1.48019457
v -0.14976008 -0.09938473 -0.06187332
v -0.17370710 -0.10008277 -0.05918896
v -0.19135372 -0.09820814 -0.05736899
v -0.20199254 -0.10674274 -0.02051544
v -0.20456123 -0.10107378 -0.03508270
v -0.21758309 -0.09554715 -0.03412175
v -0.21387470 -0.09865874 -0.01851523
v -0.22696674 -0.08107167 -0.03099239
v -0.22150135 -0.08357814 -0.01437962
v -0.22058976 -0.06462113 -0.02864730
v -0.21663450 -0.06628601 -0.01300943
v -0.21474217 -0.08964809 -0.05547118
v -0.20305079 -0.09439000 -0.05642939
v -0.22416858 -0.07909821 -0.05339766
v -0.21914953 -0.06494047 -0.05208874
v -0.20370962 -0.05705252 -0.05275798
v -0.20281211 -0.05566408 -0.03024936
v -0.20120545 -0.05482753 -0.01458430
v -0.08716483 -0.02781315 -0.05006301
v -0.08934703 -0.02917174 -0.03643286
v -0.10865425 -0.07348309 -0.07756555
v -0.10424629 -0.05422003 -0.08104563
v -0.11327884 -0.03758381 -0.07005322
v -0.11410987 -0.03109321 -0.04843652
v -0.11458882 -0.03699181 -0.03390348
v -0.13727246 -0.04201164 -0.02933908
v -0.13862640 -0.03544004 -0.04192245
v -0.08876361 -0.03796255 -0.02585542
v -0.11387548 -0.04605881 -0.02723861
v -0.13638222 -0.05043801 -0.02363670
v -0.15764192 -0.04429897 -0.02469766
v -0.15923260 -0.03973817 -0.03732359
v -0.17404337 -0.04757148 -0.02101445
v -0.17582576 -0.04639475 -0.03566396
v -0.18892783 -0.05122691 -0.03393388
v -0.18746635 -0.05021652 -0.01826668
v -0.17989349 -0.04670498 -0.05427349
v -0.19163382 -0.05174590 -0.05351150
v -0.16279554 -0.04029299 -0.05691016
v -0.14089011 -0.03586820 -0.06149399
v -0.09484516 -0.11004364 -0.02637899
v -0.11879675 -0.10916751 -0.02561724
v -0.14258987 -0.10724330 -0.02385604
v -0.16550723 -0.10737270 -0.01821923
v -0.18371594 -0.10596246 -0.01348281
v -0.19584477 -0.10232783 -0.01059687
v -0.21185783 -0.08323631 -0.00646269
v -0.20611858 -0.09576245 -0.00861144
v -0.20906386 -0.07035855 -0.00617802
v -0.19628868 -0.06193516 -0.00588524
v -0.18418100 -0.05726783 -0.00762832
v -0.15649897 -0.05221697 -0.01605153
v -0.17190292 -0.05432985 -0.01038122
v -0.16948247 -0.03543800 -0.07348788
v -0.18532419 -0.04331163 -0.07282233
v -0.19558398 -0.05031817 -0.07208514
v -0.21890166 -0.06391207 -0.07258368
v -0.20554006 -0.05622950 -0.07230020
v -0.08773434 -0.05191656 -0.02319336
v -0.08849384 -0.06918176 -0.02354598
v -0.09038153 -0.08565470 -0.02291679
v -0.09256405 -0.09947010 -0.02321422
v -0.11688901 -0.10056724 -0.02151859
v -0.11570776 -0.08841749 -0.02126420
v -0.11455058 -0.07307091 -0.02094603
v -0.11364439 -0.05770174 -0.02356100
v -0.14020866 -0.09958560 -0.01879454
v -0.13879034 -0.08893154 -0.01759064
v -0.13827285 -0.07469978 -0.01632392
v -0.13646168 -0.06124629 -0.01896846
v -0.15672326 -0.06255138 -0.01137519
v -0.15918434 -0.07451272 -0.01066124
v -0.15987399 -0.08787408 -0.01191223
v -0.16233979 -0.09805849 -0.01409400
v -0.17963812 -0.09645284 -0.01032186
v -0.17645414 -0.08649743 -0.00911474
v -0.17523183 -0.07442218 -0.00788438
v -0.17245680 -0.06430058 -0.00765491
v -0.18985632 -0.09405227 -0.00744200
v -0.20321253 -0.08269697 -0.00441372
v -0.19807076 -0.09003767 -0.00646460
v -0.20206374 -0.07430508 -0.00423467
v -0.19298041 -0.06927387 -0.00404572
v -0.18317860 -0.06631494 -0.00584543
v -0.18433215 -0.07515357 -0.00603342
v -0.19161269 -0.07606626 -0.00514531
v -0.18590263 -0.08545774 -0.00723171
v -0.12324108 0.06222466 -1.51930988
v -0.02784294 0.01423057 -1.52300608
v -0.02567912 0.00904086 -1.52528715
v -0.19303633 -0.08413646 -0.00629771
v -0.19737057 -0.07733927 -0.00424981
v -0.02286756 0.00393699 -1.52609468
v -0.02075186 -0.00009713 -1.52639902
v -0.01958211 -0.00399903 -1.52622139
v -0.19791988 -0.08163693 -0.00531805
v -0.14611776 -0.08976430 -0.07923234
v -0.10789026 -0.06878845 -0.41405612
v -0.11360486 -0.05508237 -0.41725725
v -0.07776852 -0.00166202 -1.43416548
v -0.02745728 -0.00696962 -1.59499478
v -0.07398102 -0.00203176 -1.44048679
v -0.03844653 -0.00742055 -1.49374223
v -0.10590912 -0.00073275 -1.68210125
v -0.02425018 -0.00860824 -1.48495674
v -0.03586177 -0.00745189 -1.49835873
v -0.00914945 -0.00830898 -1.55405188
v -0.02494569 -0.00846734 -1.48984587
v -0.02051909 -0.00835103 -1.50054801
v -0.02219693 -0.00813219 -1.50642216
v -0.03694203 -0.00619692 -1.63195503
v -0.02085932 -0.00825603 -1.50384688
v -0.01958681 -0.00762017 -1.52849221
v -0.00602859 -0.00855423 -1.55011833
v -0.02354615 -0.00801262 -1.50802064
v -0.19235089 0.00423777 -1.50514233
v -0.02210163 -0.00833884 -1.49714351
v -0.03108012 -0.00766679 -1.50454521
v -0.02559774 -0.00786025 -1.50791538
v -0.03625490 -0.00632394 -1.51287353
v -0.01993167 -0.00759089 -1.52580810
v -0.02209463 -0.00740101 -1.57150221
v -0.21790931 0.00698692 -1.54160869
v -0.01990373 -0.00752006 -1.56830788
v -0.05436070 -0.00464611 -1.65749645
v -0.04272548 -0.00565975 -1.64250374
v -0.01215305 -0.00801805 -1.55798352
v -0.23865584 0.00880065 -1.60406077
v -0.23895741 0.00914283 -1.62286496
v -0.03112604 -0.00666799 -1.61480951
v -0.17071918 0.00423145 -1.68043387
v -0.00390310 -0.00869068 -1.54643643
v -0.01387022 -0.00808422 -1.53308690
v -0.08036515 -0.00268711 -1.67480850
v -0.22839788 0.00760522 -1.57052112
v -0.19658923 0.00627816 -1.66989696
v -0.02084325 -0.00731197 -1.50981236
v -0.09255119 -0.00178179 -1.67906129
v -0.02383386 -0.00716547 -1.50837290
v -0.00657008 -0.00853895 -1.53644466
v -0.22334071 0.00741426 -1.55459881
v -0.23353761 0.00861891 -1.58325243
v -0.01933315 -0.00758449 -1.51957345
v -0.02002802 -0.00755625 -1.52336574
v -0.18393454 0.00513542 -1.67614758
v -0.02824924 -0.00687071 -1.60159552
v -0.01831130 -0.00762085 -1.51724386
v -0.02699286 -0.00719396 -1.58058333
v -0.01811620 -0.00749445 -1.51443040
v -0.08109894 -0.00099118 -1.42807782
v -0.22058246 0.00795064 -1.64811325
v -0.01926705 -0.00739383 -1.51199698
v -0.02884312 -0.00683869 -1.50975847
v -0.01502206 -0.00781772 -1.56191564
v -0.03329652 -0.00651592 -1.51126087
v -0.03326368 -0.00653733 -1.62239981
v -0.01818795 -0.00773542 -1.53092360
v -0.01755585 -0.00779530 -1.53165138
v -0.02598527 -0.00720187 -1.57739830
v -0.04823231 -0.00538353 -1.65036809
v -0.02732711 -0.00718194 -1.58351755
v -0.01882197 -0.00766040 -1.53019547
v -0.22993539 0.00853685 -1.63939905
v -0.15280321 0.00289798 -1.68468308
v -0.13927671 0.00187381 -1.68554902
v -0.02435286 -0.00728422 -1.57420874
v -0.01764407 -0.00767199 -1.56535780
v -0.18978116 0.00412041 -1.49779189
v -0.00416757 -0.00870847 -1.53984427
v -0.00333004 -0.00871675 -1.54276752
v -0.06996667 -0.00342241 -1.66959262
v -0.21221671 0.00670427 -1.53130007
v -0.12163518 0.00050239 -1.68467212
v -0.06161766 -0.00405805 -1.66390610
v -0.19926970 0.00542923 -1.51520050
v -0.20642909 0.00598507 -1.52417457
v -0.00813273 -0.00846796 -1.53523707
v -0.02741427 -0.00712942 -1.58693695
v -0.01125408 -0.00826117 -1.53379774
v -0.20825785 0.00717004 -1.66119921
v -0.01605476 -0.00791396 -1.53237200
v -0.10616101 -0.08515627 -0.41583222
v -0.02195846 -0.13732834 -0.81737798
v 0.00086870 -0.07694036 -1.05153835
v -0.00363725 -0.07935060 -1.09510875
v -0.00108057 -0.07789604 -1.07307136
v -0.02097934 -0.13790382 -0.78635877
v -0.05171017 -0.13142271 -1.12006664
v -0.01452993 -0.10252139 -1.27424252
v -0.02465572 -0.01406756 -1.54503596
v -0.09620772 -0.06826343 -1.52055740
v -0.10336098 -0.06691343 -1.51302791
v -0.09644535 -0.06420594 -1.50203681
v -0.08877151 -0.06621458 -1.51030731
v -0.08860201 -0.06013164 -1.49198651
v -0.08272770 -0.06363401 -1.50176990
v -0.07960904 -0.05516722 -1.48386133
v -0.07565564 -0.05986072 -1.49405360
v -0.00867616 -0.00404838 -1.53661954
v -0.01123315 -0.00489290 -1.53519583
v -0.06972817 -0.05116480 -1.47916639
v -0.06748224 -0.05577444 -1.48900712
v -0.04094313 0.00934937 -1.57281601
v -0.02057532 0.00073217 -1.53419709
v -0.01533141 -0.00114004 -1.55567849
v -0.04051571 0.00792297 -1.57284045
v -0.04872348 -0.03858996 -1.47529101
v -0.05198015 -0.03669705 -1.47027743
v -0.04475837 -0.03109315 -1.46728611
v -0.04103929 -0.03186630 -1.47141790
v -0.02172954 0.00305917 -1.53440595
v -0.03809894 -0.02462404 -1.46501589
v -0.03444284 -0.02540974 -1.46890414
v -0.03390440 -0.01756003 -1.46361244
v -0.03001841 -0.01776950 -1.46712065
v -0.02040236 -0.00124196 -1.56256914
v -0.03224257 0.00127049 -1.57142746
v -0.02603371 -0.01724886 -1.47610915
v -0.02732842 -0.01768431 -1.47148955
v -0.01773711 -0.00124373 -1.55912364
v -0.02073542 0.00806540 -1.53673887
v -0.02224274 0.00661306 -1.53433990
v -0.00623573 -0.00187997 -1.54217052
v -0.00717951 -0.00094544 -1.54509211
v -0.03037367 -0.02414902 -1.47738850
v -0.00793079 -0.00093456 -1.53923690
v -0.00767545 -0.00359535 -1.53757787
v -0.03196753 -0.02514782 -1.47266090
v -0.04022609 0.01097026 -1.57277668
v -0.04577845 0.02190083 -1.57432187
v -0.00641655 -0.00258542 -1.54023230
v -0.00602136 -0.00540221 -1.53833067
v -0.04236767 0.01435940 -1.57370675
v -0.04057603 0.01033445 -1.57279277
v -0.01230581 0.00361343 -1.54065406
v -0.02823263 -0.00038099 -1.57020020
v -0.03588898 -0.02987676 -1.48024356
v -0.03822777 -0.03130869 -1.47553182
v -0.04260699 -0.03711013 -1.48485029
v -0.04578377 -0.03849700 -1.48002362
v -0.01650935 0.00652491 -1.53917122
v -0.04630217 -0.04286655 -1.49025297
v -0.05083020 -0.04531639 -1.48717058
v -0.03964543 -0.01625193 -1.46071100
v -0.04027615 0.01184842 -1.57275963
v -0.04046965 0.01242649 -1.57299423
v -0.01241679 -0.00070698 -1.55197763
v -0.04354183 -0.02279257 -1.46173453
v -0.04920406 -0.02868250 -1.46349514
v -0.05560292 -0.03358235 -1.46560943
v -0.06038156 -0.04535693 -1.47590613
v -0.04200215 0.01683339 -1.57389808
v -0.01605014 -0.00490160 -1.53377724
v -0.01015821 0.00167736 -1.54018342
v -0.00887533 0.00022683 -1.53946710
v -0.01798718 -0.00423382 -1.53329420
v -0.06365196 -0.03877741 -1.46811211
v -0.07196595 -0.04556976 -1.47260332
v -0.03861172 0.00548287 -1.57238221
v -0.08273186 -0.04999235 -1.47731531
v -0.02488232 -0.00081143 -1.56797791
v -0.02236453 -0.00103369 -1.56527090
v -0.09329645 -0.05603969 -1.48596597
v -0.10293446 -0.06173925 -1.49704325
v -0.01367866 -0.00511418 -1.53424692
v -0.11059565 -0.06477630 -1.50865877
v -0.10852660 -0.06785762 -1.52079117
v -0.03007178 -0.02320042 -1.48164117
v -0.02598216 -0.01672752 -1.48061705
v -0.03475568 -0.02873928 -1.48399591
v -0.00928393 -0.00053848 -1.54827988
v -0.04023255 -0.03507420 -1.48869467
v -0.04311271 -0.04002845 -1.49358487
v -0.04318060 -0.04465194 -1.50528038
v -0.01929280 -0.00165999 -1.53374386
v -0.04381572 -0.04340011 -1.49915493
v -0.03953217 -0.04313495 -1.51718330
v -0.04171680 -0.04444693 -1.51124644
v -0.04424237 -0.05072295 -1.52373171
v -0.04795802 -0.05209031 -1.51536810
v -0.04456782 -0.04825883 -1.51281595
v -0.00524917 -0.00862074 -1.53789902
v -0.00691840 -0.00313798 -1.53878260
v -0.04176883 -0.04706144 -1.51997042
v -0.04710848 -0.05403333 -1.52919948
v -0.05184265 -0.05573747 -1.51963127
v -0.04480530 -0.01508711 -1.45853949
v -0.03399239 0.02288879 -1.58688915
v -0.03546721 0.02311746 -1.58445632
v -0.04847495 -0.02077273 -1.45929956
v -0.05398719 -0.02550569 -1.46018052
v -0.06036324 -0.02901001 -1.46104550
v -0.06771655 -0.03299639 -1.46254015
v -0.07601339 -0.03794831 -1.46491814
v -0.08610864 -0.04388333 -1.46977592
v -0.03079507 0.01554500 -1.59091306
v -0.02770997 -0.00245917 -1.59099889
v -0.02835020 0.00260230 -1.59114814
v -0.09751462 -0.05138461 -1.47883034
v -0.03728149 0.02345265 -1.58055902
v -0.03870340 0.02379712 -1.57861185
v -0.03703185 0.02310849 -1.58227336
v -0.03721776 0.02375202 -1.57884264
v -0.03677118 0.02369933 -1.57957208
v -0.10850053 -0.05899461 -1.49240148
v -0.03812533 0.02292512 -1.58155489
v -0.11609239 -0.06246619 -1.50500202
v -0.03825992 0.02301571 -1.58155441
v -0.07338306 -0.02448617 -1.45497501
v -0.03250867 0.02070118 -1.58984959
v -0.06678140 -0.02166890 -1.45534301
v -0.06131952 -0.01933721 -1.45560968
v -0.03797352 0.02313533 -1.58106065
v -0.04047219 0.02410937 -1.57813430
v -0.05695973 -0.01680714 -1.45588315
v -0.04501008 0.02527002 -1.57644534
v -0.05715060 -0.01276193 -1.45458269
v -0.02749851 -0.00705207 -1.59084439
v -0.02852217 0.01423207 -1.60190892
v -0.04752558 0.04551927 -1.60049105
v -0.06486535 -0.01116396 -1.45181680
v -0.05019630 0.04855219 -1.59483838
v -0.06988414 -0.01258567 -1.44945145
v -0.04371821 0.04245731 -1.55874658
v -0.04616001 0.04530351 -1.55969048
v -0.02786791 0.01136693 -1.59560919
v -0.07394747 -0.01404432 -1.44683325
v -0.04749282 -0.04685752 -1.49730575
v -0.05221402 -0.05024713 -1.49632025
v -0.05099212 -0.05212546 -1.50611639
v -0.05596980 -0.05603109 -1.50892973
v -0.03644251 0.02041163 -1.62189186
v -0.08524376 0.02899957 -1.66884851
v -0.03356593 0.01836411 -1.61457694
v -0.03835718 0.03302472 -1.60651398
v -0.05810722 -0.05414933 -1.49731052
v -0.07574569 0.02854492 -1.66461277
v -0.04668619 -0.04833495 -1.50502169
v -0.06545065 -0.05899040 -1.50077629
v -0.06170886 -0.06006095 -1.51358497
v -0.05592205 -0.05941516 -1.52524030
v -0.06666311 -0.06293133 -1.51894212
v -0.04361429 0.04083675 -1.60494328
v -0.07237609 -0.06253524 -1.50653243
v -0.05298499 0.05062815 -1.56502414
v -0.02904814 -0.00044666 -1.60782564
v -0.05530223 0.05222267 -1.57063270
v -0.06058148 -0.06251010 -1.52974427
v -0.02914942 0.00763705 -1.60790920
v -0.14929558 0.02996990 -1.67873383
v -0.06498724 -0.06496199 -1.53398860
v -0.07096528 -0.06492794 -1.52378702
v -0.07705951 -0.06468067 -1.51260531
v -0.05744021 -0.04854936 -1.48436832
v -0.03076272 0.00619212 -1.58719158
v -0.08221205 -0.06639115 -1.51879621
v -0.03914534 0.03218638 -1.55939603
v -0.04028623 0.03532904 -1.55910003
v -0.06950024 -0.06681214 -1.53822184
v -0.13770823 0.03280266 -1.67807591
v -0.05095877 0.04945567 -1.56258523
v -0.04765912 0.02478497 -1.64047730
v -0.03346507 0.00257544 -1.58045089
v -0.03293626 0.00402788 -1.58334780
v -0.05392119 0.02609000 -1.64759564
v -0.07589299 -0.06656647 -1.52899718
v -0.07509860 -0.06883906 -1.54369056
v -0.08349263 -0.06877711 -1.53497756
v -0.06065672 0.02717508 -1.65399027
v -0.09036580 -0.06832366 -1.52697468
v -0.10456388 -0.06966556 -1.52884936
v -0.09626050 0.02983219 -1.67235863
v -0.03755311 0.01510342 -1.56265330
v -0.13112457 -0.06154810 -1.51990771
v -0.03106550 -0.02778742 -1.52314484
v -0.02806620 -0.02308857 -1.52522016
v -0.05235947 0.05093285 -1.58870530
v -0.05402944 0.05229023 -1.58209932
v -0.12349270 0.03224194 -1.67721617
v -0.03751083 0.02472337 -1.56026220
v -0.05512200 0.05256543 -1.57624209
v -0.15836367 0.01898170 -1.68124008
v -0.02438786 -0.01852613 -1.52607012
v -0.04855321 0.04779121 -1.56088531
v -0.02171014 -0.01485376 -1.52645922
v -0.02008843 -0.01117539 -1.52612555
v -0.03408444 0.02516311 -1.60760677
v -0.03831393 0.02857363 -1.55970442
v -0.03441793 0.00199077 -1.57705224
v -0.03766707 0.01038120 -1.56470299
v -0.03732329 0.00697112 -1.56745470
v -0.06769750 0.02790321 -1.65941787
v -0.03647205 0.00441013 -1.57018447
v -0.03512865 0.00240606 -1.57363117
v -0.03712671 0.01983598 -1.56108892
v -0.04142170 0.02270833 -1.63093197
v -0.10926340 0.03076343 -1.67490900
v -0.04178520 0.03889226 -1.55904341
v -0.16259006 0.00367090 -1.68256438
v -0.02948150 -0.00674454 -1.60771155
v -0.03562346 0.00322673 -1.57190967
v -0.02925248 0.00875735 -1.59127808
v -0.03088371 0.01646512 -1.60799384
v -0.02392954 -0.00834471 -1.49361956
v -0.02987537 0.01949758 -1.51229513
v -0.03131209 0.02089101 -1.50996077
v -0.03354081 0.02037428 -1.50364196
v -0.02511744 0.01212265 -1.51777005
v -0.02793550 0.01657810 -1.51477730
v -0.02790413 0.01010685 -1.49585402
v -0.03245359 0.02143807 -1.50788474
v -0.02521599 0.00429416 -1.49435639
v -0.03320885 0.02135505 -1.50569534
v -0.02392520 -0.00158826 -1.49360657
v -0.01968023 -0.00757916 -1.52140880
v -0.02029206 0.00161656 -1.52147508
v -0.01914090 -0.00303559 -1.52204537
v -0.02243487 0.00673673 -1.52017224
v -0.03288550 0.01835610 -1.50111115
v -0.03116260 0.01518867 -1.49847090
v -0.00930107 -0.01273661 -1.53631091
v -0.01168043 -0.01158939 -1.53484547
v -0.04300953 -0.02142974 -1.57271886
v -0.02174009 -0.01578911 -1.53429449
v -0.01609566 -0.01451820 -1.55570924
v -0.04236850 -0.02017908 -1.57268763
v -0.02318943 -0.01794247 -1.53435171
v -0.02116478 -0.01366608 -1.56258082
v -0.03310651 -0.01471257 -1.57151127
v -0.01845144 -0.01404634 -1.55914235
v -0.02293296 -0.02311044 -1.53689516
v -0.02416089 -0.02143506 -1.53443098
v -0.00699612 -0.01528841 -1.54220176
v -0.00803348 -0.01606257 -1.54491425
v -0.00885686 -0.01596855 -1.53905809
v -0.00828821 -0.01332361 -1.53753412
v -0.04268688 -0.02302399 -1.57250333
v -0.04981486 -0.03288697 -1.57423544
v -0.00711751 -0.01452482 -1.54023361
v -0.00639127 -0.01171510 -1.53821623
v -0.04534772 -0.02595929 -1.57356501
v -0.04282583 -0.02239098 -1.57273626
v -0.01387502 -0.01991741 -1.54065144
v -0.02894639 -0.01364820 -1.57047248
v -0.01840147 -0.02221219 -1.53927577
v -0.04288720 -0.02384488 -1.57276595
v -0.04319040 -0.02434040 -1.57302308
v -0.01331355 -0.01546348 -1.55203712
v -0.04537050 -0.02841911 -1.57385862
v -0.01645470 -0.01094198 -1.53365767
v -0.01144134 -0.01829416 -1.54010677
v -0.01001263 -0.01701856 -1.53933454
v -0.01850698 -0.01130420 -1.53319633
v -0.03993726 -0.01802853 -1.57237673
v -0.02565959 -0.01357903 -1.56824076
v -0.02303993 -0.01363451 -1.56552947
v -0.01409860 -0.01103345 -1.53412509
v -0.01012676 -0.01620349 -1.54835701
v -0.02017447 -0.01363005 -1.53374767
v -0.00765025 -0.01386596 -1.53876007
v -0.03825042 -0.03569943 -1.58712506
v -0.03975743 -0.03572554 -1.58445346
v -0.03391218 -0.02880322 -1.59060895
v -0.02835453 -0.01145303 -1.59094071
v -0.02957287 -0.01639234 -1.59105134
v -0.04146067 -0.03580385 -1.58031917
v -0.04308153 -0.03583080 -1.57838130
v -0.04147975 -0.03546225 -1.58226657
v -0.04157325 -0.03603002 -1.57885921
v -0.04106612 -0.03607501 -1.57958794
v -0.04244543 -0.03519862 -1.58153796
v -0.04256512 -0.03524914 -1.58129573
v -0.03650522 -0.03367388 -1.58975458
v -0.04217726 -0.03541977 -1.58105111
v -0.04489978 -0.03585560 -1.57791090
v -0.04959515 -0.03636106 -1.57625687
v -0.03171288 -0.02757633 -1.60179901
v -0.05489651 -0.05597368 -1.60063827
v -0.05777089 -0.05884338 -1.59510565
v -0.05129261 -0.05281100 -1.55901551
v -0.05396215 -0.05519358 -1.56006622
v -0.03052852 -0.02492861 -1.59538376
v -0.04059350 -0.03224010 -1.62200809
v -0.08996336 -0.03275944 -1.66890812
v -0.03730254 -0.03079346 -1.61437511
v -0.04383545 -0.04481936 -1.60665846
v -0.08057050 -0.03386276 -1.66444218
v -0.05038057 -0.05159048 -1.60514760
v -0.06150420 -0.05950277 -1.56535518
v -0.03010084 -0.01300767 -1.60784280
v -0.06393647 -0.06087662 -1.57102430
v -0.03138330 -0.02083195 -1.60801172
v -0.15334935 -0.02419704 -1.67863512
v -0.03239755 -0.01975153 -1.58699358
v -0.04505350 -0.04372778 -1.55950606
v -0.04666143 -0.04661806 -1.55909097
v -0.14217339 -0.02868241 -1.67788339
v -0.05925134 -0.05858497 -1.56287241
v -0.05173541 -0.03479690 -1.64024282
v -0.03442682 -0.01607520 -1.58010042
v -0.03415002 -0.01745785 -1.58330083
v -0.05826159 -0.03523937 -1.64788723
v -0.06555748 -0.03485310 -1.65405703
v -0.10078716 -0.03224705 -1.67291129
v -0.04078647 -0.02733778 -1.56255651
v -0.06032868 -0.06088649 -1.58882058
v -0.06216230 -0.06160685 -1.58250201
v -0.12809879 -0.03041031 -1.67729259
v -0.04234006 -0.03665728 -1.56031537
v -0.06360666 -0.06146867 -1.57665098
v -0.16076601 -0.01205932 -1.68115139
v -0.05665864 -0.05736421 -1.56111288
v -0.03843435 -0.03759189 -1.60743845
v -0.04366867 -0.04031657 -1.55966866
v -0.03503467 -0.01545314 -1.57716274
v -0.04004706 -0.02277230 -1.56465626
v -0.03906665 -0.01954714 -1.56751347
v -0.07250977 -0.03455532 -1.65973663
v -0.03773625 -0.01713901 -1.57038343
v -0.03598085 -0.01560621 -1.57375538
v -0.04114755 -0.03190309 -1.56118572
v -0.04498640 -0.03383030 -1.63112020
v -0.11376294 -0.03135397 -1.67570651
v -0.04882684 -0.04969771 -1.55892932
v -0.03666680 -0.01618671 -1.57206380
v -0.03134627 -0.02231438 -1.59094274
v -0.03405473 -0.02939567 -1.60772049
v -0.03384994 -0.03304188 -1.51289594
v -0.03548436 -0.03442664 -1.51086330
v -0.03770018 -0.03405260 -1.50477076
v -0.02796274 -0.02607314 -1.51795089
v -0.03134017 -0.03027757 -1.51525879
v -0.03050412 -0.02555374 -1.49708092
v -0.03672161 -0.03505097 -1.50893366
v -0.02698542 -0.02049461 -1.49511361
v -0.03749971 -0.03494233 -1.50686288
v -0.02500592 -0.01486138 -1.49400461
v -0.02161910 -0.01653298 -1.52160668
v -0.01983639 -0.01211285 -1.52198946
v -0.02448424 -0.02124730 -1.52026320
v -0.03682437 -0.03244375 -1.50253177
v -0.03452411 -0.02998606 -1.49977338
v -0.05514896 -0.03614034 -1.57484090
v -0.05058896 0.02590608 -1.57477713
v -0.04279061 -0.03554974 -1.57495320
v -0.04311568 -0.03396033 -1.57492459
v -0.04379641 -0.03247767 -1.57490158
v -0.04466843 -0.03120847 -1.57464039
v -0.04278049 -0.03560545 -1.57519853
v -0.04315985 -0.03404917 -1.57541537
v -0.04383430 -0.03259193 -1.57563698
v -0.04469762 -0.03134331 -1.57586467
v -0.04282708 -0.03569913 -1.57544506
v -0.04319247 -0.03422884 -1.57590771
v -0.04385053 -0.03285274 -1.57661939
v -0.04476428 -0.03166752 -1.57709312
v -0.04280541 -0.03584567 -1.57569206
v -0.04320727 -0.03452478 -1.57664657
v -0.04391049 -0.03327749 -1.57736135
v -0.04480643 -0.03220854 -1.57808137
v -0.04284046 -0.03603020 -1.57594037
v -0.04327351 -0.03492410 -1.57714379
v -0.04395121 -0.03385364 -1.57810593
v -0.04488847 -0.03294377 -1.57882965
v -0.04286780 -0.03627528 -1.57618976
v -0.04327007 -0.03541141 -1.57739770
v -0.04400925 -0.03455960 -1.57860923
v -0.04495127 -0.03383041 -1.57958078
v -0.04288746 -0.03658091 -1.57644033
v -0.04332334 -0.03593670 -1.57765293
v -0.04408602 -0.03536024 -1.57911444
v -0.04503138 -0.03484686 -1.58009040
v -0.04291338 -0.03686112 -1.57644618
v -0.04336507 -0.03655282 -1.57790995
v -0.04415752 -0.03622630 -1.57937670
v -0.04513650 -0.03593256 -1.58035743
v -0.04293161 -0.03720189 -1.57645321
v -0.04340922 -0.03717380 -1.57792282
v -0.04422760 -0.03712748 -1.57939541
v -0.04520749 -0.03704470 -1.58062458
v -0.04295368 -0.03751238 -1.57645965
v -0.04348365 -0.03779862 -1.57793605
v -0.04426739 -0.03802482 -1.57941377
v -0.04527949 -0.03819682 -1.58040404
v -0.04298203 -0.03779744 -1.57622135
v -0.04350380 -0.03839032 -1.57770383
v -0.04431731 -0.03886645 -1.57918680
v -0.04535918 -0.03928838 -1.58018243
v -0.04300795 -0.03807765 -1.57622719
v -0.04353164 -0.03892146 -1.57747042
v -0.04437350 -0.03968265 -1.57871521
v -0.04542641 -0.04025982 -1.57971406
v -0.04297960 -0.03832473 -1.57598758
v -0.04356960 -0.03939690 -1.57699180
v -0.04441724 -0.04037873 -1.57799673
v -0.04544705 -0.04113758 -1.57899892
v -0.04301949 -0.03851895 -1.57574761
v -0.04358499 -0.03980792 -1.57651162
v -0.04444366 -0.04094500 -1.57751977
v -0.04548936 -0.04186879 -1.57803702
v -0.04300267 -0.03867520 -1.57550633
v -0.04358548 -0.04009398 -1.57602882
v -0.04443361 -0.04136188 -1.57655096
v -0.04549805 -0.04238036 -1.57707024
v -0.04299355 -0.03877088 -1.57526386
v -0.04360137 -0.04025893 -1.57554376
v -0.04444423 -0.04159224 -1.57582295
v -0.04549955 -0.04270640 -1.57609975
v -0.04299840 -0.03878058 -1.57477558
v -0.04357452 -0.04029991 -1.57481158
v -0.04444239 -0.04170248 -1.57484806
v -0.04546985 -0.04281764 -1.57488036
v -0.04300468 -0.03875516 -1.57453084
v -0.04355679 -0.04024521 -1.57432175
v -0.04440692 -0.04159306 -1.57386851
v -0.04543681 -0.04271308 -1.57365656
v -0.04301865 -0.03866917 -1.57428503
v -0.04352659 -0.04007038 -1.57358527
v -0.04435799 -0.04132356 -1.57312989
v -0.04540185 -0.04235759 -1.57267213
v -0.04297975 -0.03851493 -1.57403731
v -0.04350936 -0.03976960 -1.57309055
v -0.04432830 -0.04090266 -1.57238829
v -0.04532942 -0.04181272 -1.57168353
v -0.04294856 -0.03830013 -1.57378840
v -0.04347341 -0.03937412 -1.57259369
v -0.04425730 -0.04032266 -1.57164323
v -0.04528008 -0.04108618 -1.57069147
v -0.04292122 -0.03805505 -1.57353902
v -0.04341628 -0.03887912 -1.57233906
v -0.04419927 -0.03961670 -1.57114005
v -0.04518700 -0.04019570 -1.56993997
v -0.04289772 -0.03777969 -1.57328904
v -0.04339956 -0.03833225 -1.57183933
v -0.04415277 -0.03881990 -1.57063508
v -0.04510304 -0.03920953 -1.56943083
v -0.04287564 -0.03746920 -1.57328260
v -0.04335157 -0.03774155 -1.57182717
v -0.04408127 -0.03795385 -1.57037282
v -0.04503205 -0.03809739 -1.56916368
v -0.04285356 -0.03715871 -1.57327616
v -0.04330984 -0.03712542 -1.57157016
v -0.04401120 -0.03705266 -1.57035422
v -0.04495864 -0.03698041 -1.56914067
v -0.04283149 -0.03684822 -1.57326972
v -0.04326326 -0.03649960 -1.57180142
v -0.04394112 -0.03615148 -1.57033551
v -0.04488906 -0.03583314 -1.56911707
v -0.04280941 -0.03653774 -1.57326341
v -0.04321284 -0.03590405 -1.57203329
v -0.04389120 -0.03530985 -1.57056236
v -0.04480310 -0.03476701 -1.56958342
v -0.04278106 -0.03625268 -1.57350159
v -0.04315472 -0.03536906 -1.57226634
v -0.04383501 -0.03449365 -1.57103407
v -0.04473972 -0.03376529 -1.57005119
v -0.04280557 -0.03603587 -1.57374179
v -0.04314946 -0.03490233 -1.57250118
v -0.04379370 -0.03380241 -1.57150841
v -0.04468880 -0.03288368 -1.57076597
v -0.04276953 -0.03581137 -1.57398117
v -0.04313407 -0.03449130 -1.57298136
v -0.04379514 -0.03323514 -1.57222986
v -0.04467919 -0.03216116 -1.57148409
v -0.04277076 -0.03718247 -1.57474136
v -0.04278249 -0.03568541 -1.57422304
v -0.04310087 -0.03419654 -1.57370782
v -0.04377733 -0.03281926 -1.57295418
v -0.04464023 -0.03164575 -1.57245052
v -0.04279161 -0.03558972 -1.57446551
v -0.04311527 -0.03403544 -1.57419324
v -0.04379842 -0.03255763 -1.57392609
v -0.04466658 -0.03131871 -1.57366550
v -0.04540920 -0.02997958 -1.57462299
v -0.04669653 -0.02808172 -1.57459760
v -0.04844908 -0.02639682 -1.57458091
v -0.05046208 -0.02508347 -1.57457423
v -0.05269758 -0.02419839 -1.57457829
v -0.05505702 -0.02379059 -1.57459307
v -0.05745201 -0.02385337 -1.57437336
v -0.05981328 -0.02439961 -1.57440722
v -0.06199570 -0.02538465 -1.57444811
v -0.06393874 -0.02680079 -1.57449532
v -0.06559335 -0.02854948 -1.57454634
v -0.06687114 -0.03062405 -1.57435608
v -0.06771825 -0.03291626 -1.57441020
v -0.04546625 -0.03011342 -1.57609177
v -0.04674730 -0.02824098 -1.57631111
v -0.04852001 -0.02661564 -1.57654011
v -0.05052674 -0.02532773 -1.57677805
v -0.05278624 -0.02447192 -1.57702720
v -0.05514953 -0.02403384 -1.57704139
v -0.05754452 -0.02409662 -1.57682168
v -0.05987793 -0.02464386 -1.57661104
v -0.06203635 -0.02559962 -1.57640696
v -0.06398951 -0.02696005 -1.57620883
v -0.06561869 -0.02871460 -1.57577133
v -0.06687633 -0.03072962 -1.57533526
v -0.06773983 -0.03294069 -1.57489932
v -0.04552136 -0.03052847 -1.57732201
v -0.04684273 -0.02877514 -1.57803249
v -0.04860532 -0.02720551 -1.57850683
v -0.05063221 -0.02597715 -1.57899046
v -0.05288401 -0.02518191 -1.57924068
v -0.05524345 -0.02477410 -1.57925558
v -0.05764229 -0.02480660 -1.57903528
v -0.05995312 -0.02528944 -1.57882309
v -0.06212166 -0.02618949 -1.57837367
v -0.06405708 -0.02749522 -1.57768583
v -0.06567766 -0.02909938 -1.57700086
v -0.06692283 -0.03099427 -1.57631803
v -0.06774601 -0.03308623 -1.57539082
v -0.04560626 -0.03119345 -1.57855737
v -0.04693623 -0.02959052 -1.57951534
v -0.04870500 -0.02816643 -1.58048105
v -0.05074678 -0.02706303 -1.58096743
v -0.05302501 -0.02630192 -1.58121860
v -0.05537434 -0.02594982 -1.58147860
v -0.05777702 -0.02595204 -1.58125782
v -0.06006769 -0.02637532 -1.58080006
v -0.06225406 -0.02715911 -1.58010411
v -0.06414816 -0.02830574 -1.57941270
v -0.06576255 -0.02976435 -1.57823634
v -0.06697895 -0.03144930 -1.57706046
v -0.06777094 -0.03332646 -1.57588446
v -0.04566663 -0.03207523 -1.57955265
v -0.04702538 -0.03068225 -1.58100355
v -0.04882777 -0.02947781 -1.58197403
v -0.05088201 -0.02849453 -1.58270717
v -0.05314242 -0.02784968 -1.58320475
v -0.05552445 -0.02750628 -1.58322108
v -0.05790070 -0.02747438 -1.58299923
v -0.06023320 -0.02781067 -1.58254015
v -0.06237440 -0.02846564 -1.58184123
v -0.06427000 -0.02940617 -1.58065724
v -0.06582677 -0.03061586 -1.57923102
v -0.06704995 -0.03202930 -1.57780552
v -0.06782087 -0.03363594 -1.57613540
v -0.04576832 -0.03311611 -1.58055151
v -0.04714914 -0.03203361 -1.58200884
v -0.04895245 -0.03104013 -1.58322787
v -0.05104174 -0.03024137 -1.58420920
v -0.05332089 -0.02969120 -1.58470893
v -0.05569664 -0.02937324 -1.58496988
v -0.05807532 -0.02934618 -1.58450389
v -0.06036265 -0.02955366 -1.58404183
v -0.06249908 -0.03002796 -1.58309507
v -0.06439377 -0.03075754 -1.58166242
v -0.06592846 -0.03165673 -1.58022976
v -0.06710415 -0.03276554 -1.57830930
v -0.06783283 -0.03400214 -1.57638705
v -0.04588205 -0.03435221 -1.58106589
v -0.04728638 -0.03354507 -1.58277321
v -0.04911318 -0.03282695 -1.58424211
v -0.05120581 -0.03224399 -1.58522797
v -0.05349985 -0.03181879 -1.58573020
v -0.05587175 -0.03153110 -1.58599186
v -0.05825185 -0.03146891 -1.58576941
v -0.06052672 -0.03155628 -1.58506048
v -0.06265981 -0.03181478 -1.58410931
v -0.06449831 -0.03226030 -1.58267057
v -0.06604604 -0.03286256 -1.58074355
v -0.06717706 -0.03359646 -1.57881522
v -0.06787121 -0.03440246 -1.57663965
v -0.04598809 -0.03564886 -1.58158135
v -0.04740679 -0.03521278 -1.58329630
v -0.04925953 -0.03477486 -1.58477104
v -0.05138335 -0.03440670 -1.58600569
v -0.05366199 -0.03410262 -1.58651018
v -0.05605648 -0.03387934 -1.58677340
v -0.05841400 -0.03375274 -1.58654952
v -0.06070426 -0.03371899 -1.58583832
v -0.06280616 -0.03376269 -1.58463824
v -0.06462115 -0.03393285 -1.58294952
v -0.06612180 -0.03415537 -1.58125877
v -0.06724472 -0.03449280 -1.57907796
v -0.06790189 -0.03486335 -1.57689345
v -0.04605858 -0.03700708 -1.58185339
v -0.04752579 -0.03691561 -1.58357573
v -0.04940060 -0.03678818 -1.58505702
v -0.05153018 -0.03664068 -1.58605170
v -0.05384772 -0.03649084 -1.58680415
v -0.05620808 -0.03629398 -1.58706737
v -0.05860357 -0.03611068 -1.58684278
v -0.06085110 -0.03595297 -1.58588433
v -0.06294723 -0.03577601 -1.58492422
v -0.06474014 -0.03563568 -1.58322895
v -0.06622499 -0.03552228 -1.58128703
v -0.06731094 -0.03542426 -1.57909727
v -0.06793501 -0.03532908 -1.57690310
v -0.04616419 -0.03837885 -1.58163762
v -0.04764963 -0.03862815 -1.58336687
v -0.04954652 -0.03881120 -1.58485460
v -0.05167945 -0.03887950 -1.58585370
v -0.05401187 -0.03885463 -1.58660865
v -0.05639481 -0.03872218 -1.58687353
v -0.05876630 -0.03850960 -1.58640373
v -0.06100036 -0.03819179 -1.58568633
v -0.06309314 -0.03779903 -1.58472180
v -0.06486398 -0.03734822 -1.58302021
v -0.06633203 -0.03685892 -1.58131480
v -0.06737717 -0.03635573 -1.57911658
v -0.06796428 -0.03582509 -1.57691336
v -0.04625350 -0.03966078 -1.58117557
v -0.04775332 -0.04028112 -1.58291245
v -0.04967855 -0.04074924 -1.58416176
v -0.05181240 -0.04102849 -1.58540940
v -0.05413185 -0.04112958 -1.58592260
v -0.05653738 -0.04106154 -1.58618879
v -0.05888386 -0.04077971 -1.58596182
v -0.06113331 -0.04034078 -1.58524203
v -0.06319490 -0.03973322 -1.58402872
v -0.06496767 -0.03900120 -1.58256567
v -0.06639106 -0.03813700 -1.58085239
v -0.06742324 -0.03722763 -1.57889020
v -0.06800367 -0.03626539 -1.57667828
v -0.04632022 -0.04087831 -1.58071208
v -0.04781811 -0.04177986 -1.58221030
v -0.04977312 -0.04249791 -1.58346498
v -0.05194543 -0.04300651 -1.58422899
v -0.05427977 -0.04323256 -1.58474469
v -0.05665118 -0.04319096 -1.58501124
v -0.05903178 -0.04288269 -1.58478403
v -0.06126635 -0.04231880 -1.58406162
v -0.06331833 -0.04152087 -1.58308864
v -0.06506275 -0.04050378 -1.58186388
v -0.06646405 -0.03932910 -1.58014417
v -0.06747943 -0.03804383 -1.57841849
v -0.06801662 -0.03667157 -1.57644224
v -0.04638461 -0.04192001 -1.57975650
v -0.04791085 -0.04310662 -1.58101642
v -0.04983749 -0.04407175 -1.58203149
v -0.05202085 -0.04473560 -1.58279872
v -0.05437392 -0.04505634 -1.58331656
v -0.05674147 -0.04504501 -1.58358359
v -0.05912593 -0.04470646 -1.58335578
v -0.06134176 -0.04404789 -1.58263135
v -0.06338412 -0.04305958 -1.58189869
v -0.06512520 -0.04182670 -1.58066964
v -0.06652601 -0.04036595 -1.57943273
v -0.06751689 -0.03876535 -1.57794476
v -0.06803343 -0.03704746 -1.57620561
v -0.04641152 -0.04277234 -1.57879674
v -0.04794353 -0.04417961 -1.57981682
v -0.04991007 -0.04533896 -1.58059192
v -0.05207661 -0.04615905 -1.58111787
v -0.05441814 -0.04657063 -1.58163750
v -0.05681454 -0.04659828 -1.58166134
v -0.05917257 -0.04622560 -1.58143258
v -0.06140137 -0.04544106 -1.58095002
v -0.06342642 -0.04432294 -1.58045876
v -0.06518815 -0.04290353 -1.57947052
v -0.06655293 -0.04121828 -1.57847309
v -0.06754574 -0.03933647 -1.57722378
v -0.06806420 -0.03733737 -1.57572317
v -0.04643752 -0.04341372 -1.57758856
v -0.04795513 -0.04498208 -1.57812321
v -0.04993271 -0.04629668 -1.57890153
v -0.05212426 -0.04718603 -1.57918477
v -0.05446052 -0.04766301 -1.57946134
v -0.05685308 -0.04772094 -1.57948577
v -0.05921495 -0.04731799 -1.57925642
v -0.06144517 -0.04649832 -1.57901740
v -0.06345148 -0.04528551 -1.57852423
v -0.06519734 -0.04370115 -1.57802093
v -0.06657892 -0.04185966 -1.57726479
v -0.06753184 -0.03978363 -1.57625556
v -0.06806996 -0.03755803 -1.57548344
v -0.04640590 -0.04380617 -1.57613051
v -0.04797252 -0.04547307 -1.57666755
v -0.04991698 -0.04685408 -1.57695842
v -0.05209940 -0.04783911 -1.57699931
v -0.05446209 -0.04835023 -1.57727671
v -0.05685465 -0.04840815 -1.57730126
v -0.05921652 -0.04800520 -1.57707191
v -0.06145444 -0.04712497 -1.57683170
v -0.06346603 -0.04584676 -1.57658148
v -0.06518687 -0.04419314 -1.57632089
v -0.06658143 -0.04222568 -1.57580662
v -0.06753861 -0.04004426 -1.57552803
v -0.06805943 -0.03768884 -1.57499743
v -0.04640648 -0.04392126 -1.57491159
v -0.04794382 -0.04562429 -1.57496047
v -0.04988928 -0.04704528 -1.57476354
v -0.05207171 -0.04803031 -1.57480454
v -0.05440269 -0.04857271 -1.57483804
v -0.05679525 -0.04863064 -1.57486248
v -0.05915713 -0.04822768 -1.57463312
v -0.06139262 -0.04734260 -1.57463717
v -0.06343591 -0.04603311 -1.57463086
v -0.06515817 -0.04434436 -1.57461381
v -0.06654789 -0.04236721 -1.57458782
v -0.06754062 -0.04012422 -1.57455254
v -0.06805658 -0.03775910 -1.57451034
v -0.04634943 -0.04378742 -1.57344270
v -0.04789305 -0.04546502 -1.57324696
v -0.04981835 -0.04682645 -1.57280445
v -0.05200705 -0.04778606 -1.57260060
v -0.05434046 -0.04833331 -1.57239008
v -0.05673687 -0.04836095 -1.57241392
v -0.05909632 -0.04795315 -1.57242870
v -0.06132796 -0.04709835 -1.57243323
v -0.06336498 -0.04581428 -1.57267165
v -0.06510741 -0.04418509 -1.57290030
v -0.06652497 -0.04220694 -1.57311869
v -0.06750131 -0.04004509 -1.57357359
v -0.06803885 -0.03770440 -1.57402050
v -0.04629432 -0.04337237 -1.57221258
v -0.04782790 -0.04493471 -1.57152593
v -0.04973304 -0.04623658 -1.57083774
v -0.05190159 -0.04713663 -1.57038832
v -0.05424269 -0.04762332 -1.57017648
v -0.05664153 -0.04765582 -1.56995630
v -0.05900097 -0.04724802 -1.56997108
v -0.06125278 -0.04645277 -1.57022130
v -0.06327967 -0.04522441 -1.57070494
v -0.06504226 -0.04365478 -1.57117915
v -0.06646600 -0.04182217 -1.57188916
v -0.06745622 -0.03974530 -1.57283437
v -0.06803266 -0.03755885 -1.57352901
v -0.04623586 -0.04274152 -1.57097816
v -0.04773440 -0.04411934 -1.57004321
v -0.04963093 -0.04527082 -1.56910753
v -0.05178701 -0.04605075 -1.56841135
v -0.05410796 -0.04647788 -1.56795394
v -0.05650822 -0.04647525 -1.56797719
v -0.05886381 -0.04609773 -1.56799257
v -0.06110792 -0.04536304 -1.56824398
v -0.06317756 -0.04425865 -1.56897473
v -0.06494875 -0.04283941 -1.56969643
v -0.06638111 -0.04115719 -1.57065380
v -0.06740253 -0.03929512 -1.57184780
v -0.06800389 -0.03734890 -1.57303596
v -0.04614520 -0.04185589 -1.56998241
v -0.04761498 -0.04302375 -1.56855452
v -0.04950816 -0.04395943 -1.56761456
v -0.05165178 -0.04461925 -1.56667161
v -0.05395785 -0.04492142 -1.56621158
v -0.05636053 -0.04492364 -1.56599069
v -0.05870985 -0.04457154 -1.56625080
v -0.06097269 -0.04393154 -1.56650424
v -0.06305721 -0.04295211 -1.56723762
v -0.06485718 -0.04174282 -1.56845236
v -0.06628661 -0.04030183 -1.56965876
v -0.06736180 -0.03871898 -1.57110310
v -0.06795396 -0.03703942 -1.57278514
v -0.04604736 -0.04078474 -1.56898308
v -0.04749121 -0.04167239 -1.56754923
v -0.04938348 -0.04239712 -1.56636083
v -0.05148963 -0.04286757 -1.56541371
v -0.05380966 -0.04308375 -1.56470776
v -0.05618976 -0.04302156 -1.56448543
v -0.05856409 -0.04273872 -1.56450284
v -0.06084082 -0.04218370 -1.56524670
v -0.06290225 -0.04138595 -1.56598353
v -0.06473584 -0.04039631 -1.56720293
v -0.06621277 -0.03925996 -1.56890440
v -0.06727734 -0.03797889 -1.57059896
v -0.06794585 -0.03664294 -1.57253277
v -0.06812221 -0.03530598 -1.57446194
v -0.04596005 -0.03958276 -1.56846964
v -0.04738425 -0.04016478 -1.56678534
v -0.04922659 -0.04058002 -1.56534600
v -0.05132798 -0.04086980 -1.56415081
v -0.05363313 -0.04096101 -1.56344235
v -0.05601707 -0.04086855 -1.56321943
v -0.05838513 -0.04061114 -1.56348157
v -0.06067917 -0.04018594 -1.56398380
v -0.06276937 -0.03959813 -1.56521368
v -0.06459861 -0.03888485 -1.56643856
v -0.06609762 -0.03805899 -1.56814647
v -0.06723469 -0.03715181 -1.57009339
v -0.06790747 -0.03624262 -1.57228017
v -0.04585787 -0.03825583 -1.56795359
v -0.04726384 -0.03849708 -1.56626225
v -0.04907640 -0.03866239 -1.56481767
v -0.05117830 -0.03870608 -1.56361759
v -0.05346856 -0.03867233 -1.56290638
v -0.05582608 -0.03854574 -1.56268251
v -0.05822299 -0.03832731 -1.56270146
v -0.06049921 -0.03801837 -1.56345022
v -0.06262545 -0.03765507 -1.56444073
v -0.06447819 -0.03721715 -1.56591558
v -0.06601943 -0.03676132 -1.56787550
v -0.06716320 -0.03628575 -1.56983113
v -0.06787678 -0.03578174 -1.57202637
v -0.04575468 -0.03688891 -1.56792521
v -0.04711457 -0.03679039 -1.56598234
v -0.04893533 -0.03664906 -1.56453168
v -0.05100361 -0.03647311 -1.56332695
v -0.05328283 -0.03628412 -1.56261253
v -0.05564420 -0.03612724 -1.56238818
v -0.05803726 -0.03593909 -1.56240761
v -0.06032452 -0.03578540 -1.56315958
v -0.06248196 -0.03563689 -1.56439888
v -0.06435677 -0.03550946 -1.56588018
v -0.06591867 -0.03539926 -1.56760299
v -0.06709696 -0.03535429 -1.56981182
v -0.06784366 -0.03531601 -1.57201672
v -0.04567792 -0.03555612 -1.56789780
v -0.04702100 -0.03508171 -1.56619155
v -0.04878941 -0.03462604 -1.56473410
v -0.05085435 -0.03423429 -1.56352496
v -0.05311868 -0.03392033 -1.56280804
v -0.05548774 -0.03370290 -1.56258249
v -0.05787311 -0.03357530 -1.56260300
v -0.06017526 -0.03354657 -1.56335759
v -0.06233847 -0.03361872 -1.56435716
v -0.06423535 -0.03380178 -1.56584477
v -0.06580921 -0.03405777 -1.56781936
v -0.06703074 -0.03442283 -1.56979263
v -0.06781055 -0.03485027 -1.57200718
v -0.04559246 -0.03424391 -1.56835926
v -0.04691731 -0.03342873 -1.56664610
v -0.04869008 -0.03269670 -1.56518304
v -0.05071897 -0.03208045 -1.56421340
v -0.05296842 -0.03164152 -1.56349373
v -0.05534518 -0.03136353 -1.56326699
v -0.05772285 -0.03129650 -1.56328881
v -0.06003988 -0.03139273 -1.56404603
v -0.06220643 -0.03168068 -1.56504989
v -0.06413166 -0.03214880 -1.56629932
v -0.06575260 -0.03278454 -1.56803763
v -0.06695823 -0.03351679 -1.57001805
v -0.06777501 -0.03437969 -1.57224154
v -0.04551946 -0.03305181 -1.56906748
v -0.04681981 -0.03192129 -1.56759202
v -0.04856666 -0.03090906 -1.56612313
v -0.05061863 -0.03011113 -1.56515014
v -0.05285320 -0.02954724 -1.56442785
v -0.05523381 -0.02923897 -1.56420052
v -0.05760521 -0.02919736 -1.56446695
v -0.05993955 -0.02942342 -1.56498277
v -0.06211329 -0.02989689 -1.56599045
v -0.06403416 -0.03064137 -1.56724524
v -0.06567960 -0.03159244 -1.56874585
v -0.06693232 -0.03270444 -1.57049012
v -0.06776205 -0.03397352 -1.57247758
v -0.04546135 -0.03198468 -1.56977844
v -0.04675978 -0.03060323 -1.56854212
v -0.04850087 -0.02937034 -1.56731308
v -0.05051295 -0.02837819 -1.56658006
v -0.05275663 -0.02771861 -1.56610012
v -0.05511080 -0.02737622 -1.56587183
v -0.05751106 -0.02737359 -1.56589520
v -0.05986414 -0.02769433 -1.56641293
v -0.06201721 -0.02835432 -1.56717992
v -0.06397414 -0.02932330 -1.56819534
v -0.06561522 -0.03055074 -1.56970143
v -0.06689245 -0.03197807 -1.57120800
v -0.06774525 -0.03359762 -1.57271421
v -0.04543201 -0.03112750 -1.57098222
v -0.04669683 -0.02952640 -1.56974125
v -0.04842971 -0.02806801 -1.56899619
v -0.05045719 -0.02695474 -1.56826079
v -0.05271241 -0.02620432 -1.56777918
v -0.05506801 -0.02582680 -1.56779456
v -0.05746442 -0.02585445 -1.56781840
v -0.05977810 -0.02626703 -1.56809342
v -0.06197249 -0.02708612 -1.56886387
v -0.06393903 -0.02824547 -1.56963897
v -0.06558830 -0.02969841 -1.57066119
v -0.06686360 -0.03140695 -1.57192898
v -0.06771448 -0.03330771 -1.57319665
v -0.04540601 -0.03048612 -1.57219052
v -0.04668522 -0.02872392 -1.57143497
v -0.04840322 -0.02714057 -1.57068717
v -0.05043981 -0.02593161 -1.57019424
v -0.05267003 -0.02511194 -1.56995535
v -0.05503190 -0.02470898 -1.56972599
v -0.05742831 -0.02473663 -1.56974983
v -0.05976072 -0.02524390 -1.57002687
v -0.06194985 -0.02612840 -1.57055438
v -0.06389957 -0.02744399 -1.57108819
v -0.06556231 -0.02905703 -1.57186937
v -0.06684963 -0.03096080 -1.57265282
v -0.06770871 -0.03308706 -1.57343638
v -0.04540978 -0.03009467 -1.57340407
v -0.04666783 -0.02823294 -1.57289052
v -0.04841895 -0.02658317 -1.57263029
v -0.05043439 -0.02527468 -1.57237947
v -0.05266846 -0.02442472 -1.57213986
v -0.05502791 -0.02401692 -1.57215476
v -0.05742047 -0.02407485 -1.57217908
v -0.05975530 -0.02458696 -1.57221198
v -0.06196558 -0.02557100 -1.57249749
v -0.06391004 -0.02695201 -1.57278824
v -0.06556223 -0.02869586 -1.57308340
v -0.06684044 -0.03069532 -1.57362437
v -0.06771925 -0.03295624 -1.57392240
v -0.03714573 0.02573144 -1.57513845
v -0.03741217 0.02734368 -1.57510877
v -0.03803811 0.02887946 -1.57508409
v -0.03882264 0.03021047 -1.57506514
v -0.03720002 0.02569831 -1.57538390
v -0.03746018 0.02728512 -1.57559896
v -0.03807550 0.02878518 -1.57606339
v -0.03891623 0.03009821 -1.57628965
v -0.03718508 0.02560475 -1.57562983
v -0.03749038 0.02711030 -1.57633543
v -0.03809607 0.02853467 -1.57680142
v -0.03898532 0.02976915 -1.57727385
v -0.03722494 0.02545808 -1.57587743
v -0.03757008 0.02681696 -1.57683063
v -0.03821660 0.02810222 -1.57754397
v -0.03908995 0.02923558 -1.57826257
v -0.03725806 0.02525842 -1.57612598
v -0.03763729 0.02642521 -1.57732773
v -0.03825925 0.02754121 -1.57828844
v -0.03917342 0.02853547 -1.57925451
v -0.03728540 0.02501334 -1.57637548
v -0.03769390 0.02595019 -1.57782626
v -0.03841005 0.02683885 -1.57879245
v -0.03930112 0.02765143 -1.57976198
v -0.03730986 0.02474555 -1.57662535
v -0.03774429 0.02540219 -1.57808197
v -0.03848874 0.02605334 -1.57929742
v -0.03947496 0.02664614 -1.58027220
v -0.03739347 0.02443494 -1.57663226
v -0.03785285 0.02480379 -1.57809496
v -0.03862272 0.02519473 -1.57956016
v -0.03963821 0.02555759 -1.58078408
v -0.03741457 0.02411688 -1.57663894
v -0.03795852 0.02418269 -1.57810843
v -0.03875431 0.02429342 -1.57957947
v -0.03974191 0.02443676 -1.58080757
v -0.03743665 0.02380639 -1.57664526
v -0.03800363 0.02356929 -1.57812119
v -0.03882536 0.02339980 -1.57959807
v -0.03990763 0.02329580 -1.58058774
v -0.03752121 0.02350335 -1.57665217
v -0.03811558 0.02297361 -1.57788992
v -0.03896515 0.02253906 -1.57937241
v -0.04001952 0.02221554 -1.58036613
v -0.03754956 0.02321829 -1.57641387
v -0.03817178 0.02242348 -1.57765710
v -0.03905451 0.02174172 -1.57890069
v -0.04014442 0.02121369 -1.57989883
v -0.03752216 0.02297878 -1.57617414
v -0.03817850 0.02194433 -1.57717824
v -0.03909824 0.02104563 -1.57818222
v -0.04022805 0.02032338 -1.57894039
v -0.03756110 0.02277698 -1.57593429
v -0.03825732 0.02154832 -1.57669842
v -0.03915640 0.02046309 -1.57746172
v -0.04026937 0.01960837 -1.57822239
v -0.03754524 0.02262831 -1.57569289
v -0.03822658 0.02125853 -1.57621539
v -0.03917325 0.02003965 -1.57673752
v -0.04033574 0.01906640 -1.57725680
v -0.03759764 0.02253249 -1.57545102
v -0.03827082 0.02107460 -1.57573104
v -0.03921272 0.01977032 -1.57576621
v -0.04030890 0.01873557 -1.57604182
v -0.03759864 0.02249251 -1.57496333
v -0.03821081 0.02101476 -1.57499886
v -0.03914981 0.01968776 -1.57503450
v -0.04030852 0.01861291 -1.57482302
v -0.03754532 0.02253321 -1.57471776
v -0.03822432 0.02107318 -1.57450926
v -0.03911098 0.01977068 -1.57405543
v -0.04027306 0.01872233 -1.57384348
v -0.03755929 0.02261920 -1.57447195
v -0.03819316 0.02124044 -1.57377291
v -0.03909089 0.02002499 -1.57331729
v -0.04020640 0.01904654 -1.57261491
v -0.03751943 0.02276587 -1.57422423
v -0.03811441 0.02154135 -1.57327747
v -0.03903335 0.02044488 -1.57233131
v -0.04010176 0.01958011 -1.57162619
v -0.03748631 0.02296553 -1.57397568
v -0.03804721 0.02193310 -1.57278049
v -0.03892772 0.02101844 -1.57183027
v -0.03995627 0.02030034 -1.57087767
v -0.03745897 0.02321061 -1.57372630
v -0.03798963 0.02240055 -1.57228208
v -0.03877934 0.02171595 -1.57108212
v -0.03983099 0.02117953 -1.57012606
v -0.03737491 0.02349366 -1.57347560
v -0.03787868 0.02295624 -1.57202566
v -0.03869823 0.02250631 -1.57082129
v -0.03971675 0.02216955 -1.56961656
v -0.03735091 0.02378901 -1.57346940
v -0.03783069 0.02354694 -1.57201338
v -0.03856424 0.02336492 -1.57055855
v -0.03955107 0.02326295 -1.56934893
v -0.03732980 0.02410707 -1.57346284
v -0.03772744 0.02416319 -1.57175577
v -0.03843507 0.02426139 -1.57029510
v -0.03938925 0.02438663 -1.56908059
v -0.03730772 0.02441756 -1.57345641
v -0.03767990 0.02478145 -1.57198715
v -0.03836065 0.02515228 -1.57052088
v -0.03922352 0.02552758 -1.56930041
v -0.03722074 0.02472545 -1.57369375
v -0.03756796 0.02537712 -1.57221842
v -0.03822181 0.02602059 -1.57074642
v -0.03911163 0.02660785 -1.56952202
v -0.03719481 0.02500566 -1.57368779
v -0.03751176 0.02592725 -1.57245111
v -0.03813245 0.02681793 -1.57121813
v -0.03898430 0.02761455 -1.57023335
v -0.03716166 0.02525287 -1.57392681
v -0.03750503 0.02640641 -1.57293010
v -0.03809115 0.02750917 -1.57169235
v -0.03890214 0.02849244 -1.57094789
v -0.03718328 0.02544697 -1.57416749
v -0.03742621 0.02680242 -1.57340991
v -0.03803299 0.02809171 -1.57241297
v -0.03885983 0.02922365 -1.57190990
v -0.03718401 0.02409586 -1.57517147
v -0.03713857 0.02560334 -1.57440805
v -0.03739639 0.02709990 -1.57389212
v -0.03801276 0.02851243 -1.57338142
v -0.03879251 0.02975805 -1.57287550
v -0.03714673 0.02569146 -1.57465076
v -0.03741271 0.02727614 -1.57437730
v -0.03797571 0.02877691 -1.57410860
v -0.03882129 0.03008024 -1.57384646
v -0.03953891 0.03148863 -1.57504654
v -0.04071666 0.03349272 -1.57501793
v -0.04242212 0.03529129 -1.57499850
v -0.04438803 0.03671831 -1.57498908
v -0.04661299 0.03773864 -1.57474613
v -0.04896140 0.03830169 -1.57475758
v -0.05143376 0.03838746 -1.57477999
v -0.05381862 0.03800290 -1.57456660
v -0.05610920 0.03714258 -1.57460606
v -0.05819309 0.03584246 -1.57440805
v -0.05995251 0.03416820 -1.57421446
v -0.06136246 0.03218906 -1.57426763
v -0.06237059 0.02995332 -1.57432222
v -0.03956567 0.03135864 -1.57651496
v -0.04079771 0.03332961 -1.57673180
v -0.04249497 0.03508761 -1.57695746
v -0.04445846 0.03651948 -1.57719207
v -0.04673771 0.03750668 -1.57719457
v -0.04908612 0.03806973 -1.57720613
v -0.05150227 0.03817349 -1.57698321
v -0.05391740 0.03778508 -1.57677031
v -0.05621425 0.03695019 -1.57656503
v -0.05824386 0.03568319 -1.57612157
v -0.06001148 0.03404950 -1.57568288
v -0.06139985 0.03209479 -1.57524693
v -0.06239024 0.02991375 -1.57481170
v -0.03968520 0.03096617 -1.57774532
v -0.04089891 0.03284086 -1.57845235
v -0.04264276 0.03450518 -1.57892454
v -0.04465476 0.03585850 -1.57940555
v -0.04686961 0.03682313 -1.57940781
v -0.04927664 0.03736334 -1.57942045
v -0.05169229 0.03748709 -1.57944143
v -0.05408535 0.03714310 -1.57898307
v -0.05633177 0.03637161 -1.57853186
v -0.05837534 0.03519060 -1.57784247
v -0.06010072 0.03366088 -1.57691288
v -0.06147906 0.03182144 -1.57598603
v -0.06243106 0.02977465 -1.57505918
v -0.03977393 0.03033147 -1.57898021
v -0.04108518 0.03202908 -1.57993603
v -0.04280928 0.03356200 -1.58065486
v -0.04480539 0.03481419 -1.58138204
v -0.04707067 0.03571542 -1.58163023
v -0.04947578 0.03624049 -1.58164322
v -0.05189386 0.03635938 -1.58142006
v -0.05429653 0.03609109 -1.58096027
v -0.05652857 0.03542458 -1.58026254
v -0.05853133 0.03438267 -1.57932580
v -0.06021974 0.03302233 -1.57814813
v -0.06156688 0.03139769 -1.57697237
v -0.06245790 0.02954956 -1.57555246
v -0.03995927 0.02946457 -1.57997632
v -0.04123922 0.03093994 -1.58118057
v -0.04299838 0.03228834 -1.58214784
v -0.04509829 0.03338888 -1.58287895
v -0.04734959 0.03420412 -1.58337307
v -0.04974844 0.03470376 -1.58363068
v -0.05217278 0.03484809 -1.58316278
v -0.05452452 0.03466319 -1.58270085
v -0.05674794 0.03414707 -1.58175576
v -0.05871758 0.03330482 -1.58057046
v -0.06037673 0.03217442 -1.57914364
v -0.06166817 0.03081385 -1.57771778
v -0.06250733 0.02926006 -1.57604718
v -0.04012395 0.02841115 -1.58073175
v -0.04148988 0.02961861 -1.58218646
v -0.04327638 0.03072192 -1.58340311
v -0.04535270 0.03166078 -1.58438158
v -0.04765110 0.03236234 -1.58487844
v -0.05004417 0.03281657 -1.58513689
v -0.05244401 0.03301016 -1.58466780
v -0.05477894 0.03293509 -1.58420348
v -0.05696539 0.03258834 -1.58301032
v -0.05890576 0.03197604 -1.58157587
v -0.06054090 0.03114099 -1.58014297
v -0.06175455 0.03008890 -1.57822168
v -0.06257985 0.02888617 -1.57629967
v -0.04027034 0.02721390 -1.58148992
v -0.04165497 0.02810815 -1.58319533
v -0.04353180 0.02895384 -1.58441794
v -0.04564174 0.02967305 -1.58540118
v -0.04792424 0.03027348 -1.58614409
v -0.05031589 0.03069258 -1.58615899
v -0.05274743 0.03091745 -1.58593392
v -0.05506990 0.03096249 -1.58522272
v -0.05721888 0.03080512 -1.58402550
v -0.05913140 0.03045788 -1.58258545
v -0.06072097 0.02994261 -1.58065712
v -0.06188996 0.02926541 -1.57872796
v -0.06264658 0.02846686 -1.57655299
v -0.04047061 0.02590842 -1.58176231
v -0.04193402 0.02645420 -1.58347535
v -0.04377186 0.02701709 -1.58494759
v -0.04591589 0.02754421 -1.58617926
v -0.04824213 0.02798070 -1.58668160
v -0.05068614 0.02835153 -1.58694220
v -0.05306724 0.02863981 -1.58647108
v -0.05537483 0.02880982 -1.58575726
v -0.05749019 0.02887210 -1.58455539
v -0.05935085 0.02881920 -1.58286464
v -0.06088948 0.02865340 -1.58117306
v -0.06202009 0.02837652 -1.57899129
v -0.06271191 0.02801242 -1.57656264
v -0.04066414 0.02454995 -1.58203554
v -0.04214481 0.02474739 -1.58375585
v -0.04406722 0.02500723 -1.58523488
v -0.04624536 0.02529471 -1.58622742
v -0.04855379 0.02561494 -1.58697617
v -0.05099445 0.02593550 -1.58699346
v -0.05337794 0.02626648 -1.58676577
v -0.05567256 0.02657659 -1.58604908
v -0.05775430 0.02685852 -1.58484244
v -0.05959096 0.02710098 -1.58314562
v -0.06105708 0.02730906 -1.58120155
v -0.06211853 0.02745635 -1.57901061
v -0.06277530 0.02754284 -1.57657266
v -0.04080195 0.02318947 -1.58181989
v -0.04236142 0.02303845 -1.58354783
v -0.04430686 0.02299538 -1.58503318
v -0.04651862 0.02306321 -1.58603036
v -0.04887272 0.02323463 -1.58653831
v -0.05127490 0.02351847 -1.58680034
v -0.05366417 0.02389487 -1.58657169
v -0.05594825 0.02434023 -1.58560801
v -0.05802761 0.02484553 -1.58439684
v -0.05980757 0.02539204 -1.58293760
v -0.06122710 0.02595988 -1.58098602
v -0.06224966 0.02652748 -1.57878625
v -0.06280841 0.02707710 -1.57658231
v -0.04094990 0.02188470 -1.58135891
v -0.04252759 0.02139292 -1.58309388
v -0.04456098 0.02104951 -1.58434176
v -0.04674677 0.02091296 -1.58534288
v -0.04914602 0.02095557 -1.58585382
v -0.05154243 0.02119399 -1.58611655
v -0.05393893 0.02160339 -1.58564329
v -0.05620667 0.02218614 -1.58492088
v -0.05824902 0.02290837 -1.58394921
v -0.06000498 0.02375022 -1.58248389
v -0.06137697 0.02467025 -1.58052468
v -0.06235437 0.02563274 -1.57856083
v -0.06287615 0.02661781 -1.57634795
v -0.04111277 0.02067349 -1.58065188
v -0.04271496 0.01986637 -1.58214915
v -0.04471660 0.01927316 -1.58340180
v -0.04700092 0.01891955 -1.58416390
v -0.04938478 0.01884104 -1.58467710
v -0.05180763 0.01904534 -1.58494091
v -0.05417623 0.01950128 -1.58471048
v -0.05642812 0.02020143 -1.58398557
v -0.05843493 0.02112817 -1.58300948
v -0.06016207 0.02222752 -1.58153880
v -0.06150906 0.02348288 -1.58006120
v -0.06244084 0.02481269 -1.57808959
v -0.06291747 0.02619265 -1.57611251
v -0.04123336 0.01961380 -1.57994151
v -0.04286825 0.01853191 -1.58095598
v -0.04490402 0.01769906 -1.58196950
v -0.04716765 0.01718270 -1.58273458
v -0.04953852 0.01700200 -1.58324981
v -0.05198878 0.01715596 -1.58327055
v -0.05436268 0.01765354 -1.58303940
v -0.05659436 0.01846079 -1.58255649
v -0.05859206 0.01955792 -1.58157694
v -0.06031294 0.02089791 -1.58058977
v -0.06163304 0.02242591 -1.57910657
v -0.06250954 0.02409489 -1.57761610
v -0.06296647 0.02582804 -1.57587600
v -0.04126174 0.01874905 -1.57873774
v -0.04292977 0.01744372 -1.57975709
v -0.04500543 0.01641665 -1.58053064
v -0.04725369 0.01575540 -1.58105421
v -0.04967745 0.01548267 -1.58132744
v -0.05212385 0.01560635 -1.58134878
v -0.05450112 0.01613043 -1.58111715
v -0.05671407 0.01703236 -1.58063209
v -0.05872423 0.01827545 -1.58013833
v -0.06040764 0.01980481 -1.57914710
v -0.06169023 0.02156973 -1.57814717
v -0.06256674 0.02350479 -1.57689571
v -0.06299290 0.02552785 -1.57563806
v -0.04131753 0.01810004 -1.57752991
v -0.04296779 0.01663090 -1.57830811
v -0.04509153 0.01545017 -1.57859659
v -0.04732753 0.01469240 -1.57912207
v -0.04974554 0.01435048 -1.57915246
v -0.05218978 0.01445713 -1.57917404
v -0.05456702 0.01500498 -1.57918620
v -0.05678767 0.01596747 -1.57870007
v -0.05878006 0.01731281 -1.57820392
v -0.06044518 0.01898820 -1.57769811
v -0.06174748 0.02093207 -1.57693911
v -0.06261437 0.02305750 -1.57592797
v -0.06300110 0.02530234 -1.57515407
v -0.04134308 0.01769717 -1.57631695
v -0.04298615 0.01612370 -1.57660866
v -0.04510222 0.01485865 -1.57665443
v -0.04739303 0.01402399 -1.57693768
v -0.04974590 0.01365381 -1.57696795
v -0.05221875 0.01374336 -1.57699025
v -0.05459986 0.01429771 -1.57675815
v -0.05682289 0.01530291 -1.57651532
v -0.05879027 0.01671750 -1.57626188
v -0.06046403 0.01848479 -1.57599854
v -0.06174613 0.02053577 -1.57548153
v -0.06262017 0.02278930 -1.57520068
v -0.06299055 0.02517153 -1.57466817
v -0.04128264 0.01756222 -1.57485342
v -0.04298485 0.01594593 -1.57490230
v -0.04503942 0.01465722 -1.57470381
v -0.04733048 0.01380068 -1.57474327
v -0.04974467 0.01340470 -1.57453036
v -0.05215646 0.01349817 -1.57455194
v -0.05453854 0.01406009 -1.57431960
v -0.05676011 0.01507771 -1.57432091
v -0.05875775 0.01651223 -1.57431161
v -0.06043245 0.01831086 -1.57429194
v -0.06171258 0.02039425 -1.57426274
v -0.06258997 0.02269805 -1.57422519
v -0.06298962 0.02511641 -1.57418072
v -0.04125249 0.01768949 -1.57362938
v -0.04290380 0.01610904 -1.57318842
v -0.04496489 0.01484766 -1.57274520
v -0.04720313 0.01401182 -1.57229519
v -0.04961923 0.01363099 -1.57208204
v -0.05206203 0.01372628 -1.57210386
v -0.05444071 0.01428548 -1.57211578
v -0.05666084 0.01529174 -1.57211733
v -0.05865317 0.01670841 -1.57235253
v -0.06035140 0.01847398 -1.57257807
v -0.06165457 0.02052052 -1.57279408
v -0.06255066 0.02277718 -1.57324612
v -0.06296997 0.02515597 -1.57369113
v -0.04113635 0.01808468 -1.57215476
v -0.04280308 0.01660157 -1.57146788
v -0.04481685 0.01542819 -1.57077813
v -0.04706351 0.01465859 -1.57032681
v -0.04948709 0.01431265 -1.56986880
v -0.05190372 0.01442019 -1.56964588
v -0.05428096 0.01496803 -1.56965804
v -0.05652365 0.01593366 -1.56990480
v -0.05853518 0.01728320 -1.57038581
v -0.06025019 0.01896272 -1.57085741
v -0.06156533 0.02090914 -1.57156408
v -0.06247387 0.02304569 -1.57226300
v -0.06293158 0.02529022 -1.57319963
v -0.04104761 0.01871938 -1.57091987
v -0.04261634 0.01740956 -1.56998420
v -0.04465082 0.01637516 -1.56904769
v -0.04685257 0.01571249 -1.56834960
v -0.04922400 0.01544048 -1.56788957
v -0.05167332 0.01556310 -1.56766665
v -0.05407796 0.01608438 -1.56767964
v -0.05631295 0.01698945 -1.56792748
v -0.05834129 0.01822917 -1.56841099
v -0.06009421 0.01977065 -1.56937420
v -0.06144535 0.02154012 -1.57032895
v -0.06241583 0.02348557 -1.57152081
v -0.06290473 0.02551531 -1.57270634
v -0.04092331 0.01958236 -1.56992435
v -0.04246423 0.01849007 -1.56849563
v -0.04440116 0.01765652 -1.56755412
v -0.04662313 0.01712904 -1.56660914
v -0.04900806 0.01693923 -1.56590343
v -0.05143095 0.01709598 -1.56567955
v -0.05380145 0.01759083 -1.56569266
v -0.05608352 0.01840600 -1.56618714
v -0.05812191 0.01950668 -1.56691766
v -0.05990892 0.02085607 -1.56812942
v -0.06131961 0.02239175 -1.56933367
v -0.06231455 0.02406942 -1.57077539
v -0.06285287 0.02580966 -1.57245564
v -0.04075864 0.02063578 -1.56916893
v -0.04221453 0.01981898 -1.56748962
v -0.04418614 0.01921039 -1.56605530
v -0.04636920 0.01886093 -1.56510651
v -0.04870655 0.01878101 -1.56439805
v -0.05113329 0.01896803 -1.56417370
v -0.05352975 0.01942497 -1.56418777
v -0.05579640 0.02014280 -1.56492829
v -0.05790446 0.02106540 -1.56566310
v -0.05969192 0.02217628 -1.56687951
v -0.06115397 0.02343760 -1.56857836
v -0.06219692 0.02479064 -1.57027125
v -0.06278037 0.02618355 -1.57220316
v -0.06293221 0.02756978 -1.57413101
v -0.04055168 0.02184073 -1.56841004
v -0.04204606 0.02132671 -1.56672502
v -0.04392926 0.02099089 -1.56528449
v -0.04607920 0.02084109 -1.56408703
v -0.04843099 0.02087472 -1.56337643
v -0.05080293 0.02111486 -1.56315041
v -0.05322486 0.02153010 -1.56316566
v -0.05553910 0.02211427 -1.56366503
v -0.05765001 0.02284105 -1.56464815
v -0.05946289 0.02369171 -1.56611431
v -0.06097537 0.02462356 -1.56782019
v -0.06206151 0.02561413 -1.56976497
v -0.06274390 0.02659902 -1.57195032
v -0.04035142 0.02314621 -1.56813765
v -0.04177040 0.02298338 -1.56620073
v -0.04362767 0.02292777 -1.56475425
v -0.04580359 0.02298235 -1.56355298
v -0.04811456 0.02315508 -1.56259501
v -0.05049228 0.02344064 -1.56236815
v -0.05290505 0.02380775 -1.56262851
v -0.05523321 0.02425938 -1.56313062
v -0.05737870 0.02477408 -1.56411827
v -0.05924779 0.02534068 -1.56559062
v -0.06080442 0.02591762 -1.56754839
v -0.06196166 0.02649917 -1.56950212
v -0.06268101 0.02704861 -1.57169640
v -0.04021845 0.02449699 -1.56786513
v -0.04155622 0.02468747 -1.56616449
v -0.04339384 0.02493750 -1.56446755
v -0.04547559 0.02521943 -1.56326079
v -0.04780048 0.02552569 -1.56254458
v -0.05018640 0.02585182 -1.56207275
v -0.05259532 0.02618865 -1.56233358
v -0.05493645 0.02650017 -1.56283867
v -0.05711120 0.02678493 -1.56407547
v -0.05903361 0.02704477 -1.56555450
v -0.06060897 0.02726096 -1.56727529
v -0.06183295 0.02742319 -1.56948233
v -0.06261761 0.02751819 -1.57168639
v -0.04001911 0.02585759 -1.56808019
v -0.04134057 0.02640398 -1.56637239
v -0.04315419 0.02694935 -1.56466925
v -0.04520328 0.02745850 -1.56345773
v -0.04748494 0.02790872 -1.56273806
v -0.04987324 0.02827755 -1.56250966
v -0.05230813 0.02855269 -1.56252789
v -0.05465980 0.02872896 -1.56327999
v -0.05684225 0.02880821 -1.56427670
v -0.05881700 0.02875371 -1.56576252
v -0.06043895 0.02861014 -1.56749094
v -0.06170424 0.02834721 -1.56946266
v -0.06255180 0.02799262 -1.57192051
v -0.03987213 0.02716993 -1.56854105
v -0.04117440 0.02804951 -1.56682634
v -0.04289816 0.02888007 -1.56536090
v -0.04497515 0.02960875 -1.56414521
v -0.04721163 0.03018778 -1.56342268
v -0.04960571 0.03060202 -1.56319332
v -0.05203483 0.03083175 -1.56321239
v -0.05440138 0.03088306 -1.56396711
v -0.05661745 0.03074265 -1.56496859
v -0.05862056 0.03040310 -1.56621611
v -0.06028908 0.02989977 -1.56795228
v -0.06159711 0.02924681 -1.56993210
v -0.06248648 0.02844706 -1.57191086
v -0.03970830 0.02837357 -1.56924820
v -0.04098850 0.02956364 -1.56752706
v -0.04268390 0.03067926 -1.56629992
v -0.04472099 0.03160216 -1.56532419
v -0.04697287 0.03230231 -1.56459928
v -0.04937080 0.03274683 -1.56436944
v -0.05179606 0.03294627 -1.56438911
v -0.05417993 0.03286777 -1.56490231
v -0.05643154 0.03252285 -1.56590819
v -0.05843222 0.03192208 -1.56716096
v -0.06015553 0.03109956 -1.56865978
v -0.06151063 0.03006686 -1.57040334
v -0.06244517 0.02887222 -1.57214618
v -0.03964826 0.02942556 -1.56995940
v -0.04083520 0.03089810 -1.56872010
v -0.04255947 0.03224082 -1.56748879
v -0.04455474 0.03334279 -1.56675339
v -0.04681575 0.03413863 -1.56627083
v -0.04916131 0.03463142 -1.56579530
v -0.05158030 0.03480543 -1.56605959
v -0.05401368 0.03460840 -1.56633151
v -0.05627683 0.03408825 -1.56709671
v -0.05831356 0.03326298 -1.56810999
v -0.06006329 0.03214026 -1.56937075
v -0.06144097 0.03077708 -1.57087708
v -0.06239616 0.02923683 -1.57238269
v -0.03956029 0.03030558 -1.57116222
v -0.04077174 0.03199492 -1.57016325
v -0.04245611 0.03353186 -1.56917179
v -0.04440622 0.03476265 -1.56843328
v -0.04668069 0.03566446 -1.56794894
v -0.04902767 0.03619238 -1.56771684
v -0.05144332 0.03631613 -1.56773794
v -0.05386465 0.03604825 -1.56825531
v -0.05614320 0.03538315 -1.56877935
v -0.05821789 0.03434851 -1.56955290
v -0.05997339 0.03300514 -1.57057393
v -0.06138570 0.03138233 -1.57159710
v -0.06236731 0.02954188 -1.57286477
v -0.03950401 0.03095081 -1.57237005
v -0.04067364 0.03281923 -1.57161129
v -0.04236856 0.03448699 -1.57110596
v -0.04433406 0.03583889 -1.57036519
v -0.04655132 0.03679867 -1.57012331
v -0.04896079 0.03733403 -1.56989181
v -0.05137451 0.03744264 -1.56991303
v -0.05379057 0.03710935 -1.57018745
v -0.05609027 0.03634471 -1.57046938
v -0.05815008 0.03516897 -1.57100153
v -0.05994739 0.03364652 -1.57178211
v -0.06136739 0.03181819 -1.57256532
v -0.06235912 0.02976738 -1.57334876
v -0.03947750 0.03134611 -1.57358325
v -0.04071631 0.03332251 -1.57331145
v -0.04235787 0.03507851 -1.57304811
v -0.04432864 0.03649583 -1.57255030
v -0.04654925 0.03750587 -1.57255173
v -0.04896064 0.03805637 -1.57231998
v -0.05137244 0.03814984 -1.57234156
v -0.05378515 0.03776629 -1.57237267
v -0.05607958 0.03693624 -1.57241154
v -0.05813219 0.03567994 -1.57270086
v -0.05992089 0.03404182 -1.57299531
v -0.06136255 0.03209396 -1.57329249
v -0.06237159 0.02991334 -1.57383442
f 4 2 1
f 8 6 5
f 13 15 14
f 17 19 18
f 32 30 29
f 36 34 33
f 37 39 38
f 21 23 20
f 25 27 24
f 41 43 42
f 48 46 45
f 52 50 49
f 53 55 54
f 60 58 57
f 29 62 61
f 66 64 63
f 67 6 68
f 72 70 69
f 76 74 73
f 77 79 78
f 81 83 82
f 59 86 85
f 88 90 89
f 96 94 93
f 100 98 97
f 101 103 102
f 106 34 87
f 108 115 107
f 117 36 118
f 124 126 125
f 131 129 128
f 132 134 133
f 142 140 139
f 148 60 147
f 144 127 124
f 149 151 150
f 156 154 153
f 159 158 157
f 116 164 105
f 171 169 168
f 174 173 172
f 179 181 180
f 186 188 187
f 194 196 195
f 199 139 198
f 206 208 207
f 213 211 210
f 202 214 201
f 96 216 54
f 92 43 44
f 97 246 100
f 250 229 228
f 252 58 253
f 258 256 255
f 260 229 259
f 110 112 113
f 114 263 109
f 265 267 266
f 56 270 269
f 274 249 250
f 185 63 64
f 280 278 276
f 285 283 157
f 288 211 212
f 141 92 46
f 289 175 176
f 148 105 106
f 312 170 171
f 238 42 43
f 318 160 317
f 310 308 307
f 241 325 324
f 160 240 317
f 47 307 308
f 108 315 164
f 345 86 119
f 348 350 349
f 356 358 357
f 355 353 352
f 363 32 362
f 149 150 176
f 364 253 365
f 366 368 367
f 183 371 63
f 163 161 160
f 209 101 208
f 378 165 166
f 379 381 380
f 383 3 4
f 284 386 385
f 387 389 388
f 391 229 249
f 73 397 396
f 405 407 406
f 203 411 410
f 414 413 412
f 1 357 4
f 277 131 275
f 254 57 58
f 358 415 351
f 417 386 408
f 401 192 420
f 419 127 143
f 421 182 422
f 103 302 409
f 428 368 174
f 380 359 356
f 62 266 323
f 140 431 430
f 357 351 348
f 356 379 380
f 415 403 434
f 437 436 435
f 438 440 439
f 188 450 449
f 452 454 453
f 265 181 421
f 224 64 225
f 237 213 427
f 275 128 458
f 281 460 459
f 50 79 461
f 73 282 281
f 468 466 465
f 390 352 359
f 482 484 483
f 489 487 486
f 493 495 494
f 472 470 469
f 502 500 499
f 220 222 223
f 512 143 66
f 518 511 80
f 513 230 286
f 205 31 244
f 189 451 188
f 163 532 8
f 533 225 251
f 446 447 412
f 335 540 334
f 544 546 545
f 329 291 292
f 199 262 238
f 385 416 550
f 532 191 247
f 363 118 243
f 236 237 250
f 578 580 579
f 573 571 570
f 561 562 272
f 241 259 240
f 590 592 591
f 545 595 594
f 503 155 504
f 606 624 623
f 478 480 479
f 646 648 647
f 590 689 684
f 564 651 650
f 728 184 727
f 714 716 715
f 692 575 693
f 541 581 578
f 346 248 400
f 161 230 160
f 128 94 95
f 698 704 703
f 574 576 575
f 290 401 328
f 630 725 726
f 733 735 734
f 755 496 493
f 759 481 760
f 757 762 761
f 764 466 467
f 768 9260 9261
f 759 488 489
f 492 475 771
f 474 769 473
f 773 465 772
f 771 486 483
f 484 775 491
f 774 489 486
f 495 764 756
f 495 761 494
f 137 784 136
f 325 797 547
f 165 51 52
f 369 29 370
f 730 568 569
f 90 301 89
f 243 516 242
f 800 806 805
f 817 808 816
f 816 823 822
f 306 447 807
f 815 809 808
f 829 828 825
f 726 501 502
f 274 424 423
f 879 881 880
f 884 879 885
f 219 217 211
f 906 904 897
f 455 205 542
f 898 830 829
f 903 880 881
f 906 897 898
f 377 519 165
f 923 948 946
f 946 951 950
f 8963 739 8961
f 900 886 880
f 225 65 144
f 182 442 422
f 809 947 824
f 954 962 961
f 927 965 966
f 885 880 886
f 925 966 967
f 343 341 340
f 965 971 968
f 968 970 969
f 972 969 973
f 963 981 978
f 336 338 339
f 992 827 828
f 810 996 959
f 1007 1002 1008
f 1012 827 1009
f 1011 1007 1008
f 294 292 291
f 907 920 919
f 1017 1019 1018
f 1020 1022 1021
f 1035 1020 1044
f 1061 1047 1046
f 1063 1046 1062
f 1044 1021 1045
f 1102 1097 1109
f 1116 1118 1117
f 1016 1014 1013
f 881 904 903
f 816 1127 817
f 1094 949 1097
f 514 167 515
f 146 81 82
f 1133 1130 1129
f 1102 1126 822
f 822 1116 816
f 1145 1148 1136
f 1076 1151 1069
f 1148 1086 1087
f 1109 1114 1136
f 1154 1156 1155
f 1153 967 1156
f 8815 463 9166
f 1144 1152 1151
f 1156 1163 1162
f 1164 1169 1165
f 1145 1176 1147
f 1114 1154 1171
f 1183 1164 1177
f 1184 1177 1185
f 1069 1062 1064
f 1023 1194 1022
f 1162 1170 1169
f 1195 1185 1191
f 1183 1176 1155
f 1201 1152 1196
f 1061 1201 1202
f 9277 843 9288
f 1203 1195 1034
f 1202 1184 1195
f 1218 1203 1217
f 1060 1202 1203
f 1225 1217 1219
f 671 694 670
f 1219 1024 1035
f 1217 1034 1024
f 1226 1015 1227
f 1243 1234 1233
f 1231 1229 1228
f 847 1233 843
f 843 1244 878
f 1233 1245 1244
f 1923 233 216
f 2100 499 500
f 9366 2135 9352
f 61 323 505
f 210 217 457
f 1299 1309 1300
f 9315 1231 9314
f 1066 1321 1322
f 1322 1228 1229
f 1060 1321 1047
f 1325 1323 1310
f 1244 1332 1330
f 1290 1242 1288
f 1337 1339 1338
f 1330 1340 1339
f 1341 1245 1294
f 1342 1332 1341
f 1343 1341 1344
f 1344 1294 1293
f 9309 1345 1346
f 1347 1342 1343
f 9308 1295 1345
f 1349 1348 1347
f 9313 1347 9305
f 9305 1343 9309
f 906 829 1353
f 905 1353 1354
f 865 1355 1357
f 1355 829 825
f 1357 825 826
f 1356 1353 1355
f 9286 1338 9285
f 866 1356 865
f 1358 1354 1356
f 9280 1337 9286
f 838 1012 841
f 1363 1338 1339
f 1368 1339 1340
f 1348 1340 1342
f 1371 9276 9281
f 524 526 523
f 528 530 527
f 1372 1369 1371
f 535 537 538
f 1367 1348 1350
f 1370 1359 1369
f 1369 9285 9276
f 1373 903 904
f 555 557 558
f 1374 910 1373
f 1373 905 1375
f 1374 1375 1376
f 1375 1354 1370
f 1378 908 1377
f 376 651 1387
f 1388 973 969
f 586 588 585
f 1390 1388 1391
f 1391 969 970
f 597 599 596
f 600 602 603
f 1392 970 979
f 608 610 607
f 612 523 611
f 614 616 613
f 617 25 24
f 620 622 619
f 1397 1391 1392
f 1398 1392 1399
f 1400 920 1378
f 1402 1165 1169
f 636 638 635
f 930 1402 929
f 641 643 644
f 929 1169 1170
f 1404 1403 1402
f 1411 1365 1406
f 1412 1415 1414
f 652 654 655
f 609 657 658
f 659 661 662
f 558 586 585
f 665 667 664
f 1413 1406 1412
f 1418 9262 9265
f 1417 1371 1416
f 1416 9281 9262
f 1419 1416 1418
f 1386 1374 1420
f 677 679 676
f 1385 1420 1421
f 1420 1376 1422
f 685 687 688
f 1421 1422 1423
f 528 691 658
f 1422 1372 1417
f 1018 747 1425
f 699 701 702
f 1424 579 1017
f 9115 1767 9112
f 700 711 712
f 1093 9206 1571
f 717 530 719
f 721 723 720
f 704 8987 8998
f 19 1426 1430
f 1429 1427 1426
f 1658 8986 8988
f 1439 1434 1438
f 1437 1435 1434
f 1426 1433 1432
f 1442 1432 1440
f 742 744 745
f 1432 1441 1440
f 751 753 750
f 1438 1403 1405
f 1446 1444 1443
f 1447 1446 1443
f 9312 1443 9300
f 1415 1445 1446
f 1414 1446 1448
f 2173 469 470
f 777 779 686
f 780 782 783
f 1676 1806 1675
f 9311 1349 9313
f 789 791 788
f 745 793 742
f 652 795 653
f 1455 1457 1456
f 1454 1350 1452
f 610 802 801
f 9283 698 703
f 1352 1045 1351
f 1015 1459 1460
f 811 813 814
f 2118 9269 2117
f 819 821 818
f 1466 1194 1190
f 1467 1465 1466
f 1182 1468 1467
f 832 833 831
f 835 837 834
f 1467 1190 1182
f 1469 1444 1445
f 840 712 690
f 1453 1469 1454
f 599 845 846
f 1226 9301 9307
f 851 853 850
f 855 856 854
f 858 860 857
f 861 863 864
f 1014 9307 9310
f 867 868 869
f 870 872 873
f 874 876 877
f 1310 1471 1309
f 1476 1427 1475
f 1461 1475 1460
f 887 889 890
f 788 892 891
f 894 896 893
f 1460 1227 1015
f 901 524 612
f 1465 1477 1464
f 1865 8944 1864
f 911 913 914
f 916 918 915
f 1850 8951 1851
f 921 895 894
f 1479 1436 1478
f 926 667 601
f 1481 563 1480
f 269 84 1482
f 931 933 916
f 934 614 869
f 936 688 937
f 938 662 939
f 1484 122 123
f 941 835 834
f 320 509 510
f 1849 8949 1850
f 84 1484 83
f 1487 1488 539
f 1757 8946 8953
f 365 1491 364
f 461 80 511
f 117 362 1496
f 1494 541 1495
f 926 957 958
f 1477 1433 1476
f 1709 1585 1700
f 119 1496 345
f 271 504 156
f 511 189 186
f 345 1492 365
f 255 344 254
f 57 299 132
f 1501 268 1500
f 267 1499 145
f 974 976 977
f 1678 1693 1676
f 9298 1807 9292
f 557 663 558
f 983 984 985
f 1443 9301 9300
f 421 268 265
f 989 991 988
f 1490 418 1504
f 279 309 310
f 997 676 679
f 998 999 875
f 1504 38 1505
f 1506 1507 1486
f 360 1508 1506
f 1506 207 360
f 939 1006 938
f 270 1483 269
f 66 546 512
f 1010 793 935
f 367 437 1509
f 244 363 243
f 1670 8978 1669
f 209 1510 226
f 235 1512 1511
f 1511 234 235
f 388 426 425
f 427 250 237
f 161 521 231
f 100 45 44
f 1025 608 1027
f 1029 1031 1028
f 939 1033 1032
f 41 594 99
f 1036 783 1037
f 702 1038 1039
f 1040 1042 1043
f 362 369 1493
f 187 477 186
f 70 539 198
f 1511 1521 234
f 1049 603 1048
f 613 869 614
f 860 1051 857
f 1005 1053 1006
f 753 1056 1054
f 1057 1059 1055
f 293 1522 292
f 288 1521 1522
f 292 1523 329
f 331 1508 1524
f 306 453 305
f 100 41 99
f 462 78 79
f 330 1524 462
f 635 1068 636
f 1485 1526 1528
f 206 1528 1510
f 1070 1072 831
f 942 1073 1074
f 916 1075 917
f 440 1530 439
f 157 1514 285
f 1529 5 1530
f 371 546 63
f 790 663 791
f 1077 857 1078
f 1403 1435 1165
f 1080 1082 1079
f 531 1529 440
f 21 1084 1085
f 272 1531 561
f 137 396 397
f 690 802 691
f 335 9011 581
f 1090 1029 1091
f 1092 794 1042
f 1533 137 138
f 661 1095 1096
f 69 445 72
f 1099 1101 1098
f 38 1536 1505
f 1104 1106 1103
f 852 1108 853
f 1377 909 1386
f 291 411 294
f 316 516 33
f 539 1533 534
f 1505 316 313
f 1110 1112 1113
f 1539 460 264
f 522 1537 1539
f 834 1120 1119
f 1122 1124 1121
f 612 1041 901
f 935 615 614
f 276 130 131
f 1686 8966 1685
f 193 1541 273
f 231 1540 287
f 556 982 557
f 365 85 345
f 190 318 1541
f 1810 9018 8972
f 9376 8956 9243
f 1132 985 1131
f 208 102 132
f 1134 662 661
f 1491 80 77
f 429 1542 147
f 1137 915 918
f 172 428 174
f 1139 1141 1142
f 549 54 55
f 1517 1518 296
f 976 1146 938
f 834 984 941
f 1543 286 115
f 1544 239 513
f 133 1544 1542
f 506 257 258
f 420 328 401
f 1158 1160 1157
f 587 1103 588
f 1513 1514 151
f 607 1027 608
f 304 1545 303
f 364 77 506
f 69 198 139
f 1006 976 938
f 700 1112 701
f 9329 8969 9239
f 1166 657 656
f 1167 858 1077
f 1300 8968 1299
f 1172 1174 1175
f 218 200 217
f 1179 1181 1178
f 372 97 98
f 89 227 88
f 1186 1188 1189
f 172 1517 1549
f 1482 81 1498
f 1090 1193 1030
f 394 353 1551
f 526 1198 1197
f 811 858 812
f 1199 1026 1025
f 606 697 696
f 1204 1206 743
f 1207 523 526
f 1209 867 613
f 914 685 936
f 1478 1441 1477
f 1029 1161 1091
f 1211 1213 1214
f 9310 1451 9311
f 844 1216 845
f 423 273 274
f 1220 1222 1083
f 22 1224 23
f 882 897 881
f 1519 173 387
f 1189 1232 1178
f 349 550 416
f 1071 1236 1072
f 1237 1239 745
f 1221 1189 1240
f 1510 1512 333
f 939 1241 1005
f 1556 5 67
f 1553 394 1551
f 404 67 347
f 1247 1249 1246
f 142 238 92
f 1251 635 1250
f 850 1253 851
f 1254 1077 1255
f 57 133 429
f 443 552 551
f 1187 1175 1188
f 1256 831 833
f 432 382 383
f 741 747 746
f 434 351 415
f 349 383 348
f 251 1481 1480
f 395 352 353
f 1518 1550 1551
f 1558 378 340
f 109 314 315
f 285 1513 407
f 395 393 392
f 202 410 1558
f 417 405 432
f 1246 1258 1247
f 3 297 2
f 1259 1261 1262
f 403 347 284
f 955 953 952
f 462 51 330
f 1096 687 1263
f 429 60 57
f 896 1265 932
f 1267 1268 1266
f 423 327 420
f 37 180 40
f 20 1187 1186
f 1256 1071 1070
f 155 156 504
f 1188 1269 1232
f 1236 1271 1262
f 1272 535 621
f 565 463 464
f 1273 745 1239
f 876 1255 1274
f 316 164 315
f 437 503 1509
f 194 1495 197
f 1275 864 863
f 624 631 630
f 1277 1137 1278
f 569 567 566
f 1481 125 366
f 324 547 326
f 1279 1107 1280
f 1525 329 1523
f 1281 1137 918
f 171 1553 1552
f 1488 396 1533
f 1557 1562 1559
f 1282 1206 1205
f 1053 1278 1281
f 778 607 1283
f 713 9010 9013
f 251 144 124
f 4 348 383
f 709 707 706
f 728 45 246
f 261 1563 544
f 789 1287 790
f 74 263 282
f 403 385 434
f 1178 1240 1189
f 1223 1289 1224
f 158 150 151
f 1220 1186 1221
f 296 354 433
f 784 1538 1566
f 1181 1291 1222
f 1269 1257 1246
f 1566 438 399
f 136 1566 1564
f 1563 169 1565
f 107 109 108
f 1297 1298 1296
f 1464 1476 1461
f 1520 507 508
f 1301 1303 1304
f 1306 1308 1305
f 175 1532 272
f 1532 200 201
f 1311 1312 1313
f 872 1315 1316
f 1317 1318 1319
f 9288 878 9280
f 1305 864 1276
f 1040 863 1320
f 1564 399 169
f 592 1575 591
f 591 1088 689
f 1581 1583 1582
f 1196 1147 1176
f 710 583 713
f 285 408 386
f 953 961 963
f 1594 1589 1593
f 1585 1587 1586
f 1592 1590 1589
f 9337 944 9351
f 1600 1598 1597
f 1604 1602 1601
f 1399 979 980
f 1589 1596 1595
f 1610 1608 1607
f 298 361 360
f 551 276 277
f 1627 9266 9271
f 859 818 860
f 1078 1328 1329
f 1555 1530 1556
f 572 680 681
f 772 776 774
f 977 918 917
f 404 392 393
f 1054 750 753
f 1644 1643 1642
f 932 1082 933
f 1067 1334 1068
f 1540 264 114
f 597 643 1336
f 471 762 470
f 1642 9283 9294
f 1644 9294 9295
f 923 950 927
f 96 548 95
f 520 522 521
f 445 443 442
f 849 848 842
f 480 755 493
f 1646 481 1639
f 311 1567 170
f 464 8941 8939
f 8941 1361 8939
f 234 236 235
f 190 192 191
f 153 152 149
f 231 286 230
f 1552 1551 1550
f 760 1648 488
f 9284 1649 9282
f 828 826 825
f 52 166 165
f 1663 1661 1660
f 287 115 286
f 668 670 669
f 634 640 639
f 553 559 554
f 118 33 516
f 492 491 490
f 8996 1651 8997
f 582 584 583
f 384 392 415
f 1381 1383 1380
f 1562 435 436
f 952 951 947
f 8973 583 584
f 1660 1667 1666
f 1394 1396 1393
f 1660 1664 1663
f 1671 1669 1668
f 1624 1673 1672
f 1407 1409 1410
f 1677 1675 1674
f 1613 1677 1625
f 1679 1676 1677
f 1626 9263 9266
f 534 198 539
f 176 150 159
f 803 734 800
f 400 191 192
f 65 143 144
f 8970 1656 8984
f 402 157 283
f 629 627 626
f 461 49 50
f 758 495 756
f 796 786 785
f 406 1513 1560
f 342 166 167
f 1694 1658 1695
f 1692 1694 1696
f 9001 1652 8996
f 9373 1703 9375
f 326 302 90
f 9368 1702 1706
f 9371 1698 1701
f 1699 9379 9370
f 1557 1560 1561
f 1127 1117 1128
f 400 289 346
f 1706 1707 1708
f 1707 1599 1600
f 1709 1708 1588
f 1714 1711 1713
f 9371 1709 1700
f 1704 1577 1703
f 1716 1713 1715
f 1559 1549 297
f 1722 1720 1719
f 1335 596 1489
f 410 377 378
f 973 1163 972
f 168 399 398
f 1571 1089 1093
f 1572 682 1571
f 749 647 754
f 1730 1723 1729
f 1594 1729 1592
f 1729 1591 1592
f 1731 1730 1583
f 1384 1377 1379
f 1732 1712 1714
f 1724 1731 1732
f 1712 1731 1580
f 1722 1732 1733
f 1721 1733 1734
f 1734 1716 1717
f 1735 1736 1697
f 1733 1714 1716
f 1663 1741 1668
f 1742 1740 1743
f 1738 1737 1735
f 1665 1666 1740
f 1665 1744 1664
f 1725 1746 1745
f 1591 1745 1590
f 1590 1747 1596
f 1745 1748 1747
f 1659 8982 8986
f 5650 8989 5617
f 1185 1182 1190
f 1664 1749 1741
f 1741 1739 1738
f 1746 1743 1748
f 1726 1742 1746
f 1153 924 925
f 1115 1153 1154
f 1654 9019 1655
f 1896 8993 1686
f 1720 1744 1726
f 1721 1749 1720
f 1750 1701 1698
f 1697 1750 1696
f 1151 1063 1062
f 1751 1670 1671
f 1695 1752 1751
f 961 986 981
f 1770 1768 1767
f 1766 1593 1765
f 1731 1579 1580
f 1579 1774 1578
f 9380 1771 9381
f 1764 9380 9369
f 1777 1775 1774
f 9214 1699 1700
f 1004 1128 1003
f 1774 1771 1772
f 987 1399 980
f 1578 1772 1764
f 1783 1781 1778
f 1597 1770 1767
f 639 9347 9336
f 9380 1769 1770
f 1793 1789 1788
f 9381 1798 1769
f 8952 9225 1806
f 1802 9376 9374
f 1788 1794 1793
f 1793 1795 1776
f 9225 1675 1806
f 1584 1783 1789
f 1771 9372 9381
f 1801 1798 1800
f 1768 1798 1799
f 1775 1797 1771
f 508 515 1520
f 1796 1802 1797
f 1800 9372 9374
f 1794 1804 1795
f 8976 1752 8991
f 485 1807 775
f 9261 1640 768
f 9289 1810 1653
f 485 1640 1808
f 1690 9222 9224
f 487 1648 1811
f 9291 1816 9274
f 9290 1648 9282
f 9291 1811 9290
f 1812 487 1811
f 1641 767 768
f 465 755 776
f 767 9275 9260
f 9274 9278 9299
f 1809 1815 767
f 9289 1651 9292
f 675 8985 8940
f 1814 1822 1821
f 1821 9273 9272
f 1824 1649 1825
f 1827 1850 1805
f 1668 1662 1663
f 1779 1848 1828
f 1790 1805 1794
f 1833 1853 1852
f 8965 693 575
f 1614 1616 1617
f 1852 8942 8945
f 1620 1622 1623
f 1855 1574 1861
f 1847 8945 8957
f 1766 1855 1782
f 1629 1631 1628
f 1633 1634 1632
f 1635 1637 1638
f 1848 1852 1847
f 1855 1863 1862
f 1803 1867 1802
f 1862 1831 1832
f 1782 1862 1781
f 9374 1865 1800
f 1873 1870 1869
f 1874 799 804
f 2045 9349 2044
f 1219 1295 1225
f 1615 1396 1395
f 9336 1877 1876
f 645 9238 9003
f 1345 1035 1346
f 634 9336 9332
f 15 1327 14
f 9362 1878 1893
f 1894 605 1893
f 8950 627 693
f 9004 645 9003
f 340 454 1558
f 1897 195 1898
f 1889 1877 1890
f 1901 129 1900
f 196 754 232
f 1705 9373 9368
f 340 166 343
f 1570 563 561
f 1904 194 1897
f 1781 1832 1780
f 1905 55 1906
f 1000 995 996
f 986 920 987
f 1191 1190 1194
f 2094 2075 2093
f 1920 1919 1915
f 453 1912 1911
f 1915 1918 1916
f 9334 2106 9353
f 1655 8975 1868
f 1916 1926 1925
f 704 9005 703
f 278 1925 1900
f 9009 1818 1820
f 1097 1115 1114
f 1927 727 1923
f 9030 9106 9210
f 1920 307 1929
f 1929 48 728
f 503 1497 1509
f 1902 787 796
f 1816 9272 9278
f 1925 1923 1924
f 1535 1568 1534
f 254 258 255
f 1509 366 367
f 119 35 36
f 219 293 294
f 141 47 431
f 542 244 245
f 1940 430 431
f 1779 1827 1790
f 1701 9367 9371
f 1661 8959 1667
f 270 754 647
f 197 749 196
f 1727 1212 1211
f 53 232 754
f 1465 1479 1478
f 1284 9306 1293
f 1951 412 413
f 168 1554 1553
f 1486 206 207
f 506 78 361
f 994 1007 993
f 951 963 964
f 1013 9313 1351
f 9278 1820 1818
f 1498 1954 1482
f 299 543 132
f 1754 1756 1753
f 1681 1683 1682
f 1696 1695 1697
f 13 738 737
f 473 475 474
f 482 768 1640
f 204 30 205
f 1761 820 819
f 611 1125 612
f 1501 1908 1909
f 1074 711 699
f 1960 82 83
f 120 1960 123
f 35 87 34
f 1773 1025 1031
f 1965 1569 1535
f 494 471 479
f 1966 1969 1968
f 446 1971 1967
f 174 125 126
f 1580 1578 1577
f 1785 1787 1784
f 1972 304 305
f 1254 875 999
f 1973 342 514
f 321 1973 509
f 1910 275 1907
f 509 514 508
f 1486 1527 1485
f 1974 804 1975
f 1977 1974 1978
f 1980 1966 1981
f 379 2 295
f 1718 1710 1701
f 884 992 883
f 1680 1678 1679
f 902 525 524
f 344 256 299
f 135 137 136
f 236 228 333
f 448 1967 1966
f 589 604 584
f 910 908 907
f 1981 1968 1987
f 1982 1987 1979
f 1988 1987 1989
f 1990 1989 1991
f 1991 1993 1992
f 322 320 319
f 992 830 883
f 1144 1086 1143
f 1995 1978 1994
f 1133 1118 1126
f 1997 1994 1996
f 870 1335 1489
f 805 1982 1998
f 727 2000 1999
f 1996 1988 1990
f 1994 1979 1988
f 1829 792 1273
f 1830 941 983
f 798 800 799
f 729 731 730
f 2011 2023 2022
f 1834 846 1159
f 402 284 347
f 2022 2024 2025
f 1838 989 988
f 810 952 809
f 1823 1840 644
f 1430 1432 1431
f 1215 1841 1079
f 149 176 177
f 1316 873 872
f 2112 1384 2106
f 1842 1844 1845
f 1159 845 1160
f 837 1846 1120
f 1971 2030 2027
f 517 370 189
f 858 833 812
f 1471 2027 1888
f 8995 626 627
f 2174 770 490
f 935 1854 1010
f 1613 1611 1618
f 1231 1225 1295
f 1856 891 892
f 1300 748 741
f 1150 1858 1859
f 1643 696 1642
f 1215 1264 1216
f 1320 902 901
f 1956 1944 1960
f 2031 669 1474
f 2034 1310 1299
f 1879 1656 1657
f 40 242 39
f 1992 2039 1456
f 888 957 889
f 1882 1996 1990
f 1078 1255 1077
f 1871 1192 1090
f 294 218 219
f 1323 2026 1471
f 123 83 1484
f 1324 2041 1323
f 384 359 352
f 1324 2038 2036
f 1883 1885 1829
f 287 114 107
f 1096 1134 661
f 915 931 916
f 806 1981 1982
f 8977 584 604
f 1425 2042 1018
f 1018 1948 1017
f 9006 740 8963
f 1948 649 646
f 1881 1990 1991
f 1900 130 278
f 992 994 993
f 923 925 924
f 9330 2047 9328
f 1643 625 606
f 2050 2051 2049
f 2045 1404 2047
f 9328 945 9337
f 1139 1079 1841
f 1037 892 982
f 2055 2057 2056
f 1198 718 717
f 1619 1612 1611
f 2058 1606 2059
f 2059 1607 2058
f 2058 1624 1605
f 71 179 37
f 405 1557 382
f 976 1006 977
f 322 1972 1911
f 2061 2063 2062
f 2066 2067 1825
f 2052 2064 2051
f 1609 2066 1647
f 1515 152 1516
f 1009 993 1007
f 1644 9267 2118
f 279 1916 278
f 1285 9314 1284
f 1647 1825 1649
f 2056 2067 2065
f 319 1953 1952
f 667 1913 1914
f 2070 625 2048
f 2052 2055 2063
f 2038 1655 1458
f 1606 2073 2072
f 1235 1270 1236
f 2072 2075 2074
f 2059 2072 2062
f 2074 2077 2076
f 1601 2078 2073
f 2049 1643 1645
f 1000 1001 994
f 1089 684 689
f 1931 1306 1930
f 1462 1021 1022
f 1932 1934 1935
f 875 1846 998
f 1936 1937 1938
f 44 46 92
f 1534 1956 120
f 1541 317 391
f 2081 2084 2083
f 146 1959 300
f 1360 1942 1361
f 985 1032 1033
f 1995 1892 2043
f 2079 2082 2081
f 2095 2076 2077
f 2081 2078 2079
f 2055 2054 2053
f 501 2095 500
f 2097 2099 2098
f 2098 2094 2083
f 2140 9345 9318
f 2141 9346 9345
f 2051 2048 2049
f 592 2101 1576
f 2071 2076 2096
f 2102 2098 2101
f 593 2102 592
f 1019 746 747
f 1950 12 1327
f 725 2096 501
f 1385 2104 1379
f 1379 2106 1384
f 2107 2100 2097
f 9360 502 9348
f 9348 499 9353
f 940 2109 944
f 928 1170 973
f 9320 684 9351
f 1962 1964 1961
f 9330 573 9349
f 2039 1968 1969
f 1389 2110 2109
f 1398 2113 1397
f 9209 9205 9195
f 9363 2107 2103
f 949 924 1115
f 260 324 326
f 1390 2113 2110
f 2070 2064 2071
f 9319 2103 593
f 2105 1421 2114
f 2114 1423 2115
f 9344 2115 9355
f 9360 2114 9344
f 554 1902 553
f 972 967 966
f 1765 1573 1574
f 1984 1986 1983
f 2053 2069 2057
f 9017 724 714
f 1625 1674 1673
f 9333 2119 2122
f 9355 2123 9356
f 56 1906 55
f 626 9331 629
f 2001 2003 2004
f 9364 2127 9359
f 2006 2008 2009
f 2127 1412 2128
f 2014 2016 2017
f 2018 2020 2021
f 1495 1947 197
f 1379 1386 1385
f 9266 1680 1618
f 2029 1884 2028
f 9354 2120 9339
f 629 9366 9324
f 682 943 1089
f 724 2121 716
f 1757 9273 9297
f 765 9296 9261
f 9303 715 9304
f 706 9322 9324
f 981 987 980
f 1457 1656 1880
f 2017 2032 2033
f 1458 1868 1457
f 1776 1792 1793
f 1959 1946 1958
f 9115 9177 9113
f 9365 2122 9302
f 1093 689 1088
f 966 968 972
f 9304 9333 9365
f 2172 2170 2171
f 670 2137 669
f 9213 1903 233
f 1429 28 1449
f 964 978 971
f 9293 1413 2127
f 1473 669 2137
f 9286 1359 1358
f 2138 1870 2137
f 1872 2137 1870
f 715 9340 9333
f 1881 1992 1880
f 9295 739 740
f 1837 8957 8958
f 253 59 85
f 1808 9292 1807
f 1647 9270 1609
f 9317 671 668
f 2112 9335 2111
f 1405 2044 1438
f 9281 1364 1366
f 273 391 249
f 576 8964 8999
f 9327 668 2031
f 1430 2140 2139
f 2136 9312 28
f 1430 18 19
f 9345 570 695
f 1442 2046 2141
f 1431 2141 2140
f 9321 9302 2136
f 9260 1817 766
f 9318 695 671
f 2142 798 2138
f 571 2142 694
f 9271 1618 1611
f 2143 2025 2142
f 694 2138 670
f 681 2144 572
f 2144 2022 2143
f 328 457 290
f 1572 2011 2144
f 630 9355 624
f 2085 2087 2088
f 2090 2092 2089
f 572 2143 571
f 1875 2153 2149
f 1873 2149 2154
f 2103 2097 2102
f 2157 2155 2156
f 2128 1414 2120
f 9326 589 582
f 9324 628 629
f 2149 2158 2159
f 2159 9357 9342
f 698 9354 705
f 9275 9279 1817
f 2158 9326 9357
f 1438 2046 1439
f 2035 2160 2161
f 2161 9341 9338
f 9323 605 589
f 9325 18 9327
f 370 61 451
f 649 413 648
f 2153 2156 2158
f 1428 1449 1450
f 1490 73 1488
f 9342 710 633
f 2155 9343 9323
f 1456 1880 1992
f 2125 2087 2124
f 2160 9342 9341
f 300 505 323
f 1064 1046 1065
f 2043 1891 2155
f 2129 2004 2003
f 2131 2133 2134
f 9300 1450 1449
f 1998 804 805
f 9331 9316 9366
f 474 490 770
f 1164 1182 1177
f 707 9361 9322
f 708 2162 707
f 2162 9338 9361
f 548 1905 458
f 1145 1114 1171
f 705 1650 704
f 2043 1977 1995
f 737 554 559
f 1034 1191 1023
f 458 1907 275
f 195 232 233
f 2040 1969 1970
f 2145 2147 2148
f 2054 2049 1645
f 9284 1639 9270
f 9 11 10
f 252 506 258
f 472 479 471
f 1865 9243 8947
f 900 910 907
f 1941 2151 1942
f 1921 1927 1919
f 2163 1898 2116
f 271 153 178
f 1904 12 9
f 282 264 460
f 1872 2154 2035
f 1326 1897 2163
f 628 693 627
f 1724 1719 1723
f 1549 436 172
f 1582 1730 1729
f 1921 1929 1928
f 9007 10 11
f 2152 1950 1949
f 475 774 771
f 769 2171 473
f 2171 476 473
f 476 772 475
f 1791 464 1760
f 2166 2168 2169
f 595 372 98
f 483 1641 482
f 762 2173 470
f 771 484 492
f 486 1809 483
f 297 1517 296
f 763 2174 762
f 776 759 489
f 184 2176 2000
f 412 303 414
f 2005 185 224
f 9263 1682 9298
f 2164 756 764
f 1472 2161 2162
f 950 964 965
f 2177 2179 2180
f 227 1510 333
f 764 467 2164
f 2182 2184 2181
f 2186 2018 2185
f 1985 2181 1986
f 214 729 1531
f 1545 1546 1569
f 865 842 866
f 849 1357 1362
f 452 1558 454
f 559 3188 737
f 16 737 3188
f 560 498 374
f 3193 3195 3194
f 3200 3198 3199
f 3211 3213 3212
f 3215 3217 3216
f 2187 2002 2001
f 3233 3235 3234
f 3223 3222 3224
f 3229 3231 3230
f 3245 3247 3246
f 2169 2189 2190
f 2192 2085 2191
f 2193 2195 2196
f 2198 2200 2197
f 1998 1979 1975
f 9116 9120 9123
f 3253 3255 3254
f 2116 1903 1902
f 1859 2009 1150
f 9356 2126 9358
f 1135 1087 1130
f 2201 2015 2014
f 1149 110 1858
f 3261 3263 3262
f 3269 3271 3270
f 3265 3267 3266
f 3229 3284 3283
f 3289 3291 3290
f 3299 3301 3300
f 3307 3264 3308
f 3293 3295 3294
f 3297 3224 3298
f 3319 3291 3320
f 3322 3318 3315
f 3314 3312 3311
f 3285 3287 3286
f 3332 3218 3215
f 3329 3330 3328
f 3324 3227 3298
f 3298 3326 3324
f 2203 2205 2206
f 579 1895 1019
f 1755 2208 1756
f 3337 3339 3338
f 9343 1893 605
f 1211 2150 1727
f 868 2210 2209
f 3347 3349 3348
f 944 930 940
f 2130 2202 2201
f 233 1898 195
f 665 750 666
f 1167 999 618
f 2211 2213 2214
f 2215 2217 2218
f 9319 590 9320
f 2220 220 2219
f 823 948 1094
f 3375 3377 3376
f 3393 3391 3390
f 3353 3357 3356
f 3363 3365 3364
f 3402 3404 3403
f 266 455 265
f 9334 2107 9335
f 2221 8963 8961
f 2223 2225 2226
f 2207 2124 2208
f 3293 3336 3286
f 673 9321 9316
f 817 996 815
f 2227 2146 2145
f 1947 646 749
f 9352 17 9325
f 2229 1638 1381
f 1679 1618 1680
f 1637 2232 2230
f 2233 1617 1616
f 2231 2236 2237
f 3406 3408 3407
f 1381 2238 1382
f 9038 2242 9039
f 3414 3341 3415
f 1630 2233 1631
f 1681 472 469
f 1408 2243 2244
f 3423 3425 3424
f 3433 3263 3307
f 3434 3430 3435
f 3440 3442 3441
f 3444 3446 3445
f 3436 3450 3439
f 3442 3456 3455
f 1637 2238 1638
f 3445 3437 3438
f 3448 3440 3449
f 1409 1634 2245
f 1380 2247 2246
f 1628 2245 1621
f 3463 3465 3464
f 3308 3462 3307
f 2249 1622 1633
f 1632 1408 2244
f 2248 1631 2250
f 3478 3480 3479
f 3509 3511 3510
f 2235 1637 1636
f 3505 3507 3506
f 3457 3199 3198
f 631 2071 725
f 515 52 49
f 782 2251 1251
f 2253 2255 2252
f 397 459 784
f 1456 2040 1455
f 2040 2036 1455
f 3434 3518 3517
f 1401 2111 1398
f 2041 1970 2026
f 3367 3338 3368
f 1535 414 1965
f 1586 2080 2079
f 2256 1132 1886
f 3528 3530 3529
f 3519 3520 3517
f 3537 3506 3538
f 3543 3545 3544
f 1700 9370 9371
f 3486 3550 3549
f 3455 3497 3563
f 3558 3559 3323
f 3456 3500 3497
f 3572 3252 3249
f 3308 3285 3569
f 3316 3574 3573
f 3575 3479 3533
f 3576 3578 3577
f 3580 3582 3581
f 3584 3586 3585
f 3505 3588 3503
f 3589 3591 3590
f 3600 3602 3601
f 3542 3595 3594
f 3604 3592 3589
f 3611 3613 3612
f 3622 3624 3623
f 3618 3620 3619
f 3626 3628 3627
f 3644 3646 3645
f 3634 3636 3635
f 3638 3641 3640
f 9267 1686 9269
f 1263 1886 1096
f 3613 3654 3614
f 598 844 599
f 2257 2259 2260
f 2258 2262 2259
f 2259 2263 2216
f 2260 2216 2215
f 1967 1970 1969
f 2212 1963 2213
f 922 2218 2217
f 1312 1101 2264
f 1307 1286 789
f 1548 1546 1972
f 2266 2268 2265
f 2265 2270 2269
f 2272 2269 2271
f 2273 2265 2272
f 2275 2277 2274
f 2278 2277 2279
f 2284 9069 9091
f 2287 2286 2281
f 2288 2283 2287
f 2290 9091 9072
f 2291 2293 2294
f 2295 2294 2279
f 2296 2291 2295
f 2297 2292 2291
f 2294 2299 2300
f 2279 2300 2278
f 2298 2302 2292
f 2292 2303 2293
f 2293 2304 2299
f 2304 2306 2299
f 2306 2300 2299
f 2308 2310 2307
f 2302 2310 2303
f 2301 2307 2302
f 2312 2307 2311
f 2313 2315 2316
f 2318 2320 2317
f 9200 2322 2323
f 2324 2273 2326
f 2313 2326 2327
f 2328 2313 2316
f 2329 2324 2328
f 2331 2333 2330
f 2330 2267 2266
f 2325 2266 2273
f 2329 2330 2325
f 2333 2335 2267
f 2336 2333 2332
f 2338 2332 2337
f 2331 2337 2332
f 2329 2339 2331
f 2328 2340 2329
f 2316 2341 2328
f 2342 2315 2343
f 2344 2346 2347
f 2341 2347 2340
f 2342 2344 2341
f 2348 2345 2344
f 2350 2352 2353
f 2339 2353 2337
f 2340 2350 2339
f 2347 2351 2350
f 2337 2354 2338
f 2353 2355 2354
f 2356 2276 2357
f 2356 2358 2359
f 2356 2296 2295
f 2279 2356 2295
f 2360 2270 2268
f 2267 2360 2268
f 2362 2364 2365
f 2362 2361 2358
f 2366 2358 2357
f 2366 2363 2362
f 2357 2368 2366
f 2366 2369 2367
f 2276 2370 2368
f 2368 2282 2369
f 2372 2374 2371
f 2375 2377 2007
f 2378 2380 2381
f 2382 2381 2383
f 2384 2378 2382
f 2385 2379 2378
f 2388 2390 2387
f 2387 2392 2391
f 2393 2387 2391
f 2394 2388 2387
f 2186 2402 2400
f 2403 2327 2326
f 2272 2326 2273
f 2271 2403 2272
f 2405 2404 2403
f 2404 2408 2327
f 2409 2411 2412
f 2409 2271 2269
f 2413 2269 2270
f 2413 2410 2409
f 2417 2416 2418
f 2417 2406 2405
f 2412 2405 2271
f 2411 2417 2412
f 2406 2407 2404
f 9013 632 713
f 2420 2397 2421
f 2420 2423 2422
f 2424 2422 2419
f 2424 2398 2420
f 2425 2392 2426
f 2421 2426 2423
f 2397 2425 2421
f 2396 2391 2425
f 2427 2315 2314
f 2427 2408 2428
f 2430 2428 2429
f 2343 2427 2430
f 2432 2430 2431
f 2431 2429 2433
f 2435 2433 2434
f 2436 2431 2435
f 2428 2407 2437
f 2422 2407 2419
f 2438 2422 2423
f 2429 2437 2438
f 2440 2433 2439
f 2441 2433 2429
f 2442 2439 2441
f 2443 2440 2439
f 2445 2444 2443
f 2447 2443 2442
f 2383 2445 2447
f 2381 2446 2445
f 2448 2423 2426
f 2449 2426 2392
f 2441 2449 2442
f 2441 2438 2448
f 2449 2390 2450
f 2450 2389 2451
f 2447 2451 2383
f 2442 2450 2447
f 2451 2453 2452
f 2452 2455 2454
f 2382 2454 2384
f 2383 2452 2382
f 2456 2373 2372
f 2459 2461 2458
f 2463 2465 2462
f 2462 2285 2284
f 2466 2284 2290
f 2467 2462 2466
f 2461 9155 9153
f 2468 2470 2471
f 2472 2471 2473
f 2474 9153 9140
f 2475 2477 2478
f 2458 2453 2479
f 2479 2389 2388
f 2395 2479 2388
f 2480 2458 2479
f 2481 2483 2478
f 2484 2485 221
f 2471 2464 2463
f 2473 2463 2467
f 2487 2466 2486
f 2486 2290 2488
f 2490 2488 2489
f 2491 2486 2490
f 2492 2467 2487
f 2493 2487 2491
f 2494 2492 2493
f 2495 2473 2492
f 9142 2474 9140
f 9143 2496 9142
f 2498 2493 2499
f 2500 2499 2501
f 9152 2498 2500
f 9139 2494 2498
f 2306 2278 2300
f 2305 2504 2306
f 2504 2507 2506
f 2506 2288 2508
f 2274 2508 2275
f 2278 2506 2274
f 9085 2489 2488
f 9072 2488 2290
f 2507 2289 2288
f 2505 2509 2507
f 2508 2287 2511
f 2511 2281 2280
f 2370 2280 2282
f 2275 2511 2370
f 2512 2489 2513
f 2514 2513 2515
f 2517 2514 2516
f 2517 2490 2512
f 2499 2491 2517
f 2499 2516 2501
f 2510 2519 2518
f 2518 2521 2520
f 9068 2520 9073
f 9084 2518 9068
f 2522 2303 2310
f 2523 2310 2309
f 2305 2522 2524
f 2524 2523 2525
f 2519 2525 2521
f 2505 2524 2519
f 2308 2527 2526
f 2526 2529 2528
f 2531 2528 2530
f 2309 2526 2531
f 1214 2151 1211
f 2419 2418 2424
f 2533 2349 2317
f 2534 2317 2320
f 2535 2533 2534
f 2536 2345 2533
f 2537 2346 2536
f 2538 2536 2535
f 2539 2537 2538
f 2540 2351 2537
f 2312 2541 2527
f 2527 2542 2529
f 2543 2434 2544
f 2545 2544 2546
f 2319 2543 2545
f 2318 2435 2543
f 2514 2548 2547
f 2547 2550 2549
f 2552 2549 2551
f 2552 2514 2547
f 2520 2554 2553
f 2553 2556 2555
f 9042 2555 9045
f 9073 2553 9042
f 2523 2531 2557
f 2557 2530 2558
f 2525 2557 2559
f 2559 2558 2560
f 2554 2560 2556
f 2521 2559 2554
f 2561 2007 2006
f 2376 2225 2377
f 2564 2566 2563
f 2563 338 2567
f 2569 2567 2568
f 2570 2563 2569
f 2572 2574 2571
f 2571 2576 2575
f 2544 2575 2546
f 2544 2572 2571
f 2578 2569 2577
f 2579 2569 2568
f 2574 2579 2576
f 2573 2577 2574
f 2581 2583 2580
f 2584 2583 2585
f 9149 2580 2584
f 9128 2580 9127
f 2582 2552 2583
f 2583 2551 2585
f 2500 2589 2588
f 2590 2589 2591
f 9145 2588 2590
f 9147 2500 2588
f 2501 2591 2589
f 2592 2594 2595
f 2386 2503 2502
f 2596 2386 2374
f 2596 2373 2597
f 2599 2597 2598
f 2599 2379 2596
f 2600 2380 2599
f 2600 2598 2601
f 2603 2601 2602
f 2603 2446 2600
f 2604 2602 2605
f 2440 2605 2434
f 2444 2604 2440
f 2606 2581 2607
f 2606 2590 2591
f 2591 2582 2606
f 9128 2456 9141
f 9141 2372 9145
f 2478 2608 2481
f 2609 2611 2199
f 2564 2613 2612
f 2612 2598 2597
f 2457 2597 2373
f 2565 2612 2457
f 2614 2570 2578
f 2615 2578 2573
f 2602 2614 2615
f 2601 2613 2614
f 2572 2605 2616
f 2616 2602 2615
f 2573 2616 2615
f 1459 1045 1021
f 1265 1079 1082
f 1612 1609 1611
f 2067 2069 2068
f 1135 1136 1148
f 1938 2618 2617
f 95 458 128
f 2058 1608 1612
f 1454 1445 1367
f 655 1048 2619
f 722 2621 723
f 3665 3634 3666
f 1131 1033 1134
f 562 366 1497
f 1723 1725 1591
f 1786 1122 1787
f 267 323 266
f 1325 1654 2038
f 1468 1435 1479
f 658 529 528
f 8 247 7
f 382 1559 3
f 3631 3680 3630
f 788 1307 789
f 940 929 928
f 911 2623 912
f 2621 655 654
f 2624 2625 2626
f 998 27 26
f 635 2626 2625
f 2627 644 1840
f 2628 1840 2629
f 1200 2627 2628
f 1199 641 2627
f 1520 49 477
f 1452 1349 1451
f 2630 1859 1858
f 644 1335 1823
f 3683 3699 3698
f 1197 717 2632
f 2632 719 1166
f 2628 1166 1200
f 2629 2632 2628
f 1762 1050 821
f 1823 873 1839
f 2634 794 652
f 1028 1027 1161
f 1042 2635 1043
f 93 1901 1924
f 2036 1458 1455
f 1527 1525 1526
f 877 1274 1277
f 134 797 1544
f 1328 931 1329
f 607 1091 1161
f 1043 2637 2636
f 2636 2639 2638
f 1275 2638 1276
f 1275 1043 2636
f 1272 2626 2640
f 2640 638 637
f 1110 2640 637
f 536 2640 2641
f 1472 1474 1473
f 2042 1951 649
f 3668 3633 3669
f 1058 1105 1059
f 2642 2643 2644
f 1192 2644 1193
f 912 2642 1192
f 9350 8970 9238
f 1049 2620 2621
f 616 1885 613
f 1331 666 750
f 990 1198 525
f 1911 321 322
f 1298 1205 2645
f 76 1504 75
f 1502 421 422
f 610 658 691
f 1146 659 938
f 2646 914 936
f 1280 1238 1279
f 975 2647 2648
f 2647 975 974
f 1453 1452 1451
f 1514 158 151
f 835 1843 1842
f 1271 1173 1289
f 2649 813 2650
f 1893 1826 1894
f 1050 1937 1051
f 2651 814 813
f 1006 1281 977
f 2653 2654 2655
f 1001 1003 1002
f 585 679 558
f 2624 621 620
f 555 2028 556
f 1207 1197 2629
f 1626 478 472
f 3729 3731 3730
f 3746 3748 3747
f 3770 3750 3753
f 426 419 1567
f 1030 1773 1031
f 9350 634 9332
f 534 138 262
f 1125 1042 1041
f 333 88 227
f 569 561 730
f 3691 3693 3692
f 1489 871 870
f 1857 620 891
f 1673 9222 9215
f 622 864 1308
f 2647 974 2657
f 619 891 620
f 261 545 262
f 393 1556 404
f 2658 2647 2657
f 1075 2657 917
f 1081 2658 1075
f 1080 2659 2658
f 2644 1141 2660
f 2660 1140 1336
f 642 1336 643
f 1193 2660 642
f 679 555 558
f 3762 3764 3763
f 1503 1500 1502
f 1318 1101 1100
f 2661 1139 1142
f 2661 2663 2662
f 2662 2659 2661
f 2662 2622 2664
f 2664 911 2646
f 2648 2646 1146
f 2648 2662 2664
f 3586 3779 3777
f 2083 2093 2081
f 1442 1437 1439
f 3732 3733 3731
f 519 330 51
f 1885 1209 613
f 799 805 804
f 1946 1952 1953
f 1302 1253 1252
f 3741 3757 3756
f 3660 3662 3661
f 566 224 533
f 1389 928 1388
f 683 681 680
f 836 1842 2665
f 2665 1845 1303
f 2666 1303 1302
f 24 2665 2666
f 831 2650 832
f 1845 1304 1303
f 2010 2012 2011
f 1051 2667 2668
f 1522 1511 1523
f 531 441 522
f 782 1251 1250
f 1250 2625 2669
f 2669 1857 1856
f 783 1856 1037
f 782 2669 783
f 720 2671 721
f 1055 1930 1056
f 1333 1251 2251
f 619 1308 1307
f 652 2619 2634
f 521 1539 1540
f 1838 537 2672
f 2672 536 2641
f 1113 2641 1110
f 1113 1838 2672
f 1016 1351 1045
f 9349 570 9346
f 226 104 101
f 9008 9279 1818
f 1036 1884 1883
f 2674 1304 2673
f 2673 1844 2675
f 1334 2675 1039
f 1333 2673 1334
f 2676 1039 2675
f 1843 2675 1844
f 942 2676 1843
f 1074 702 2676
f 811 859 858
f 752 1055 753
f 1200 656 1026
f 1120 874 2677
f 2677 877 1052
f 1241 1052 1005
f 1119 2677 1241
f 1560 151 1515
f 1208 611 523
f 215 736 214
f 1460 1462 1461
f 3717 3719 3718
f 1208 1839 873
f 854 1282 1297
f 3682 3696 3681
f 72 182 179
f 544 1565 512
f 217 456 457
f 3673 3781 3780
f 2047 930 945
f 1204 1937 2633
f 913 686 685
f 3705 3707 3706
f 840 1113 1112
f 1531 730 561
f 2678 1283 801
f 601 1914 602
f 1537 459 460
f 1819 8953 8971
f 991 862 538
f 2679 1073 1830
f 3776 3581 3582
f 2680 983 2256
f 779 2256 1263
f 778 2680 779
f 2678 1830 2680
f 180 245 40
f 1886 1131 1134
f 3766 3767 3749
f 1138 1274 1255
f 3777 3585 3586
f 1841 1140 1139
f 75 314 74
f 193 420 192
f 2681 1099 1098
f 3658 3587 3659
f 170 1565 169
f 349 417 432
f 1121 2684 2683
f 547 409 302
f 123 121 120
f 2643 1142 1141
f 1542 513 1543
f 899 907 919
f 1210 676 867
f 791 982 892
f 24 837 836
f 893 932 931
f 1860 863 862
f 535 862 861
f 3640 3683 3638
f 832 813 812
f 2650 813 832
f 1569 1547 1568
f 181 542 180
f 660 937 688
f 2013 568 2012
f 3781 3644 3782
f 887 2631 2630
f 1524 361 78
f 520 162 1529
f 2653 854 2685
f 1238 2655 2686
f 718 527 530
f 1492 518 1491
f 792 615 793
f 599 1835 596
f 290 456 175
f 312 1552 425
f 1248 1179 1249
f 153 177 178
f 1240 1222 1221
f 1257 1235 1071
f 1291 1083 1222
f 1052 1277 1053
f 743 2618 1204
f 444 430 443
f 23 1172 1187
f 2687 1180 1179
f 102 409 134
f 1283 610 801
f 373 650 651
f 1180 1084 1291
f 855 2655 1237
f 1173 1917 1174
f 2689 853 2688
f 2688 1108 1279
f 2686 1279 1238
f 2687 2688 2686
f 2691 1252 2690
f 2690 850 2689
f 1248 2689 2687
f 1248 2691 2690
f 2692 24 2666
f 2691 2666 1302
f 1247 2692 2691
f 1258 617 2692
f 394 1555 393
f 2693 1259 1223
f 1072 1262 1261
f 1257 1168 1258
f 398 1555 1554
f 871 1314 872
f 1178 1249 1179
f 1224 1173 1172
f 1010 2618 742
f 1175 1292 1269
f 2654 2686 2655
f 2694 1216 1264
f 71 1487 70
f 701 1111 1038
f 1072 2649 2650
f 1085 22 21
f 895 1264 896
f 1601 1605 1604
f 1259 1271 1289
f 21 1220 1083
f 988 538 537
f 3533 3535 3532
f 598 1336 1140
f 820 1762 821
f 1050 818 821
f 1298 1761 2652
f 1168 618 617
f 3629 3670 3628
f 858 1256 833
f 39 516 1536
f 2652 819 814
f 313 315 314
f 2026 1971 2027
f 2656 596 1835
f 814 818 811
f 2696 813 2649
f 1260 2649 1261
f 2693 2696 1260
f 2697 2651 2696
f 381 390 380
f 9270 1611 1609
f 1475 1428 1227
f 1292 1917 1235
f 1551 354 1518
f 1526 1523 1511
f 1593 1595 1573
f 1232 1246 1249
f 2695 1223 22
f 2698 1296 2697
f 2698 2693 2695
f 2685 2695 1085
f 2685 1297 2698
f 562 271 272
f 2652 1296 1298
f 1365 1364 1363
f 1958 1953 1957
f 585 2210 997
f 1561 1515 435
f 975 1146 976
f 347 68 346
f 1038 636 1068
f 2700 780 2699
f 2699 1036 1883
f 2701 1883 1829
f 851 2699 2701
f 2674 2251 2702
f 2702 781 2700
f 1253 2700 851
f 1301 2702 1253
f 1519 388 1550
f 1273 1280 2703
f 2703 1107 852
f 2701 852 851
f 1829 2703 2701
f 91 326 90
f 1784 2656 1785
f 2683 2705 2704
f 604 8943 8977
f 1669 8992 1662
f 2062 2060 2059
f 621 861 622
f 2023 732 2024
f 686 1263 687
f 857 2668 1328
f 883 882 879
f 3648 3650 3649
f 637 1111 1110
f 2668 893 1328
f 3692 3711 3691
f 2667 894 2668
f 1039 1068 1334
f 313 1504 1505
f 1911 305 453
f 1936 1964 2212
f 2707 2401 2183
f 2708 2183 2182
f 738 2116 554
f 3785 3709 3786
f 2349 2432 2436
f 2711 2020 2019
f 2400 2019 2186
f 2714 2716 2713
f 2717 2719 2720
f 2721 2723 2724
f 2726 2728 2725
f 2725 2730 2729
f 2731 2729 2709
f 2732 2725 2731
f 2734 2736 2733
f 2738 2740 2737
f 2737 2741 2742
f 2744 2746 2743
f 2745 2748 2747
f 2749 2747 2751
f 2753 2751 2752
f 2250 2246 2248
f 3417 3419 3418
f 2754 1614 2755
f 9050 2755 9061
f 9060 2747 9061
f 1617 2755 1614
f 2242 1620 2757
f 3429 3431 3430
f 2191 2760 2759
f 2761 2760 2762
f 9100 2761 9101
f 9075 2759 9100
f 3209 3354 3355
f 1395 2236 2235
f 1395 1636 1615
f 3741 3790 3740
f 1616 2229 2233
f 3410 3412 3411
f 1617 2763 2756
f 2756 9080 9060
f 2765 2234 1630
f 2766 9080 9074
f 3202 3458 3459
f 1516 435 1515
f 2768 8996 8997
f 1495 578 1424
f 2135 28 17
f 8970 2773 2774
f 1690 9378 9377
f 2778 2780 2777
f 2777 2781 2782
f 2784 2777 2783
f 8999 575 576
f 1494 9 540
f 8973 2015 9010
f 451 505 450
f 2786 2788 2785
f 2779 2785 2780
f 2789 2741 2740
f 2790 2752 2789
f 2792 2794 2791
f 2793 2796 2794
f 2796 2750 2749
f 2794 2749 2753
f 2798 1396 2754
f 9043 2754 9050
f 2798 2800 1393
f 9043 2799 2798
f 2797 2795 2801
f 2791 2753 2790
f 216 232 54
f 9256 2807 9255
f 9257 2804 9255
f 2769 9001 8996
f 183 184 97
f 2811 2775 2776
f 2804 2776 2805
f 2809 2811 2804
f 2812 2813 2814
f 9257 2816 9247
f 9248 2815 9247
f 9250 2820 2821
f 9245 2819 9250
f 2824 2735 2819
f 2823 2824 2819
f 2825 2826 2724
f 9245 2827 9244
f 9248 2826 9244
f 2713 2829 2828
f 2828 2831 2830
f 2822 2828 2830
f 2821 2713 2828
f 2832 2822 2830
f 2833 2830 2831
f 2834 2832 2833
f 2835 2827 2832
f 2837 2839 2836
f 2836 2841 2840
f 2842 2840 2727
f 2843 2836 2842
f 2840 2845 2844
f 2718 2845 2719
f 2730 2844 2718
f 2727 2844 2728
f 2846 2719 2845
f 2846 2841 2847
f 2829 2847 2831
f 2829 2716 2846
f 2847 2839 2848
f 2848 2838 2849
f 2833 2849 2834
f 2831 2848 2833
f 2850 2851 2852
f 2853 2852 2854
f 2783 2782 2855
f 2785 2853 2856
f 2780 2856 2781
f 2857 2855 2782
f 2859 2782 2781
f 2861 2842 2860
f 2860 2727 2726
f 2862 2726 2732
f 2863 2860 2862
f 2861 2858 2857
f 2843 2857 2859
f 2856 2854 2864
f 2781 2864 2859
f 2837 2859 2864
f 2838 2864 2854
f 2852 2834 2849
f 2854 2849 2838
f 2865 2818 2835
f 2851 2835 2834
f 2813 2815 2865
f 2814 2865 2851
f 2866 2814 2850
f 2788 2850 2853
f 2866 2787 2867
f 2812 2867 2775
f 1892 1890 1891
f 2720 2846 2870
f 298 256 257
f 2872 2713 2820
f 9246 2735 2734
f 2729 2874 2873
f 2846 2715 2870
f 2876 2878 2875
f 2733 2878 2734
f 9258 2879 2880
f 9258 2872 9246
f 2882 2884 2881
f 2881 2715 2714
f 2880 2714 2872
f 2879 2881 2880
f 2885 2887 2888
f 2888 2890 2885
f 2885 2892 2891
f 2893 2885 2891
f 1942 2532 2894
f 2895 2720 2870
f 2884 2870 2715
f 2883 2895 2884
f 2896 2892 2895
f 2889 2717 2890
f 2890 2720 2892
f 2897 2891 2896
f 2898 2896 2883
f 2899 2883 2882
f 2900 2882 2879
f 9249 2879 9259
f 2876 2901 2877
f 2901 2904 2903
f 1785 1835 1834
f 2905 2899 2900
f 2907 2897 2898
f 9249 2903 9251
f 632 577 633
f 8976 2867 2787
f 434 550 350
f 2768 9092 9095
f 2910 1623 2249
f 2241 2758 2242
f 9092 2913 9104
f 1623 2757 1620
f 9039 2757 9104
f 2229 1380 2250
f 2765 1629 2914
f 2915 1629 2912
f 9094 2914 2915
f 9093 2765 2914
f 2919 9094 9065
f 2918 2912 2241
f 9066 2241 9038
f 9070 9065 9122
f 8985 2180 8940
f 8965 2188 8950
f 3694 3627 3693
f 9157 714 9303
f 2925 2917 2924
f 2924 2916 2919
f 9062 2919 9070
f 9063 2924 9062
f 2926 2766 2925
f 9110 2925 9063
f 1715 1705 1710
f 785 498 796
f 1387 565 1791
f 374 1899 560
f 9017 2206 9000
f 2929 2886 2893
f 2932 2934 2931
f 1905 1908 1907
f 2930 2936 2937
f 2938 2930 2929
f 1493 517 518
f 1603 1586 1602
f 2939 2929 2908
f 2940 2908 2907
f 9117 1600 9113
f 2886 2937 2887
f 2906 2898 2899
f 2908 2893 2897
f 2942 2933 2941
f 2941 2937 2936
f 8945 2936 8957
f 8942 2941 8945
f 2943 2710 2873
f 2943 2874 2889
f 2945 2889 2888
f 2946 2943 2945
f 2932 2888 2887
f 2931 2945 2932
f 727 1929 728
f 2903 2947 2948
f 545 42 262
f 1480 533 251
f 2907 2949 2940
f 2906 2950 2949
f 1558 215 202
f 9251 2948 9253
f 2054 1644 2118
f 9157 2203 9017
f 1828 1849 1827
f 2953 2955 2952
f 2952 2957 2956
f 2956 2258 2952
f 2953 2258 2257
f 2454 2474 2496
f 9199 2959 9218
f 9199 2131 9189
f 2961 2963 2958
f 2958 2964 2959
f 222 2485 2965
f 2477 2966 2608
f 2631 2006 1859
f 2384 2496 2497
f 2967 2959 2964
f 2968 2970 2969
f 9211 2971 9236
f 9236 2960 9218
f 2972 2033 2032
f 2007 2973 2008
f 9004 2134 2133
f 1836 1832 1831
f 8950 2090 8995
f 955 959 956
f 672 674 673
f 633 713 632
f 2024 733 803
f 2025 803 798
f 425 1550 388
f 2975 888 887
f 1319 1157 2694
f 1212 2977 1213
f 889 2228 2227
f 1978 1975 1979
f 1138 1329 915
f 751 2979 2978
f 1619 1625 1624
f 2252 1728 1727
f 1157 845 1216
f 2706 1938 2617
f 2980 2254 2981
f 2982 887 2630
f 802 711 2679
f 678 2029 2028
f 527 690 528
f 1839 2629 1840
f 2983 602 1914
f 2983 1913 1331
f 2985 1331 1054
f 2986 2983 2985
f 2987 2635 2634
f 2985 2639 2986
f 2990 1318 2989
f 2991 2993 2994
f 2995 2994 2996
f 1106 2991 2995
f 1058 2992 2991
f 1415 1365 1367
f 1317 2217 2997
f 1932 2255 2980
f 926 2999 664
f 3001 2992 3000
f 3000 1057 2978
f 2999 2978 2979
f 2998 3000 2999
f 3002 2209 3003
f 3002 2996 2994
f 2993 3002 2994
f 3001 2998 3002
f 1103 2995 3004
f 3004 2996 3003
f 2209 3004 3003
f 588 3004 2210
f 295 433 381
f 2638 2988 3005
f 3005 1056 1930
f 1305 1930 1306
f 1276 3005 1305
f 1987 1993 1989
f 2633 1761 2645
f 1423 1417 1419
f 9005 739 703
f 2671 2704 2705
f 1473 2035 1472
f 922 2694 895
f 1401 1378 1384
f 556 1884 1037
f 842 9277 9288
f 1854 2617 1010
f 933 1081 1075
f 1440 1436 1437
f 529 719 530
f 1031 1027 1028
f 777 912 1871
f 2645 1204 2633
f 441 1538 1537
f 3771 3773 3772
f 790 587 586
f 2065 1610 1607
f 1860 990 902
f 60 87 59
f 1424 1948 1947
f 332 1507 331
f 261 138 135
f 187 449 507
f 1719 1726 1725
f 1931 1059 3006
f 3006 1105 1104
f 1287 1104 587
f 1286 3006 1287
f 3007 3009 3010
f 3009 653 795
f 618 26 25
f 2029 1210 1209
f 957 600 2228
f 1049 2228 600
f 2631 3011 2561
f 890 2227 3011
f 3011 2145 3012
f 2561 3012 2375
f 1026 609 608
f 2706 1961 1964
f 3013 2485 3014
f 2148 1267 3015
f 3015 1266 1311
f 2997 1101 1317
f 642 1773 1193
f 186 461 511
f 1041 1320 901
f 1121 3017 1122
f 2984 2987 3018
f 3018 2634 2619
f 1048 3018 2619
f 603 2984 3018
f 2679 801 802
f 2062 2074 2061
f 2061 2076 2064
f 414 1545 1965
f 3016 2683 3019
f 3019 2704 2670
f 3020 2670 720
f 3007 3019 3020
f 1871 1091 777
f 3021 1122 3017
f 3022 3017 3010
f 1314 3022 1315
f 1784 3021 1314
f 1316 1763 611
f 3023 3010 3009
f 3023 795 1092
f 1763 1092 1125
f 1315 3023 1763
f 3016 3010 3017
f 752 2978 1057
f 2986 2637 2987
f 3024 653 3008
f 3020 3008 3007
f 720 3024 3020
f 723 654 3024
f 2681 1268 3025
f 2671 1268 721
f 2705 3025 2671
f 1313 3027 1311
f 3026 3029 3027
f 3027 3030 3031
f 1311 3031 3015
f 2012 731 2023
f 917 974 977
f 3742 3744 3743
f 743 856 744
f 1888 2030 1425
f 2682 2684 3032
f 3032 1124 2989
f 1100 2989 1318
f 1099 3032 1100
f 1123 2989 1124
f 3033 1159 1158
f 2990 1158 1319
f 1123 3033 2990
f 1786 1834 3033
f 1054 2988 2985
f 2979 664 2999
f 2623 2663 2643
f 1095 688 687
f 3034 2261 2956
f 3036 2956 2957
f 3037 3034 3036
f 3038 3035 3034
f 3040 3026 1313
f 2263 3041 3040
f 3042 3043 3041
f 3041 3028 3026
f 3044 3043 3039
f 3046 3045 3044
f 3047 3049 3045
f 3043 3049 3028
f 3038 3051 3050
f 3050 3053 3052
f 3052 3044 3050
f 3039 3050 3044
f 3054 3039 3042
f 3042 2262 3054
f 2261 3054 2262
f 2216 2997 2217
f 2212 2667 1936
f 3056 2209 3055
f 934 1961 1854
f 2013 9209 567
f 3058 3060 3061
f 3059 3063 3060
f 3060 2213 1963
f 3061 1963 1962
f 3063 2214 2213
f 3062 3064 3063
f 3065 2260 3064
f 3064 2215 2214
f 3066 3031 3030
f 2608 3067 3066
f 2966 3068 3067
f 3031 3068 3015
f 2455 2461 2474
f 2476 2226 2477
f 8995 2089 8969
f 8970 9221 9238
f 433 355 381
f 2115 1419 2123
f 8953 2922 8971
f 9221 2131 2134
f 3069 2167 2166
f 2971 2928 2960
f 2961 2773 2962
f 3070 2478 2483
f 2610 3071 2954
f 2502 2374 2386
f 3072 2595 3073
f 2964 3052 2967
f 3048 3074 3049
f 2593 3075 3074
f 3075 3029 3074
f 3074 3028 3049
f 3072 3075 2592
f 3076 2482 2481
f 2481 3066 3076
f 3076 3030 3075
f 2967 3053 2970
f 2482 3073 2483
f 479 493 494
f 706 9325 709
f 9005 2221 8961
f 2013 9206 9207
f 8977 2016 8973
f 9006 2222 2974
f 1171 1155 1176
f 3782 3689 3783
f 2586 2565 2587
f 2982 113 2484
f 2562 3077 3068
f 2376 3012 3077
f 3012 2148 3077
f 3077 3015 3068
f 2963 3046 2964
f 3051 2970 3053
f 1683 491 775
f 9302 1447 9312
f 1986 9186 9220
f 3079 2546 2575
f 3081 2575 2576
f 1983 9220 9217
f 3082 2319 2545
f 3080 2545 2546
f 9186 3082 3080
f 9184 2323 3082
f 1309 1888 748
f 3073 2772 2771
f 2760 3084 2762
f 2760 2088 3083
f 3085 3086 3087
f 3089 3090 3088
f 3089 3084 3085
f 3092 3090 3091
f 3093 2744 2743
f 2751 2748 3093
f 3093 2752 2751
f 2742 3093 3094
f 3094 2743 3095
f 3096 3098 3087
f 3099 3087 3086
f 3097 3095 3098
f 3100 2746 3101
f 3101 3102 3100
f 2764 2927 3101
f 2745 3101 2746
f 3102 3091 3100
f 3100 3095 2743
f 2869 9044 9086
f 3102 3104 3092
f 9110 2869 9086
f 2927 3103 3102
f 3098 3091 3090
f 3087 3090 3085
f 2088 3105 3083
f 3083 3086 3084
f 2483 2771 3070
f 2401 2185 2321
f 3099 3105 3106
f 2125 3106 3105
f 3108 2742 3107
f 3107 3094 3097
f 3110 3107 3109
f 3109 3097 3096
f 3111 3096 3099
f 3112 3109 3111
f 3113 2737 3108
f 3115 2722 3114
f 3117 3114 3116
f 3119 3116 3118
f 3118 3120 3121
f 3116 3113 3120
f 3122 3111 3123
f 3122 1755 1754
f 3124 3126 3127
f 3125 3121 3126
f 3128 3118 3125
f 3129 3125 3124
f 2020 3128 3129
f 9305 1346 1352
f 1065 1047 1066
f 1814 9282 1649
f 2021 3129 3130
f 3111 3106 3123
f 3123 2207 1755
f 2377 2224 2973
f 3014 113 112
f 1756 9234 9219
f 3131 2530 2528
f 3133 2528 2529
f 1753 9219 9227
f 3134 3127 3135
f 2327 2314 2313
f 2436 2317 2349
f 2018 9163 9164
f 2534 3137 2535
f 2320 3136 2534
f 2185 9164 9223
f 3138 2542 2539
f 3134 9196 9197
f 9237 3134 9197
f 3140 2539 2538
f 2535 3140 2538
f 9163 3130 9237
f 2558 3132 3141
f 9234 3141 3132
f 2560 3141 3142
f 9212 3142 3141
f 958 2976 2981
f 1933 2980 3143
f 3714 3729 3713
f 2399 2418 2416
f 2348 2343 2432
f 2322 2319 2323
f 2718 2874 2730
f 2709 2873 2710
f 2894 1361 1942
f 3788 3720 3717
f 346 176 347
f 1876 1882 1881
f 2802 9059 9044
f 3104 3088 3092
f 2974 9101 9055
f 3089 2761 2762
f 3088 3145 3089
f 2803 9055 9059
f 9322 692 628
f 2123 1418 2126
f 1365 1368 1367
f 3346 3344 3343
f 1581 1782 1783
f 9013 2129 8964
f 8999 2002 8965
f 3146 2551 3147
f 9203 3147 9202
f 9194 3146 9203
f 3149 2585 3146
f 3196 3197 3195
f 9056 2191 9075
f 3142 2556 2560
f 9229 3150 3142
f 9098 2550 9045
f 3150 2555 2556
f 9230 3151 3150
f 9240 3152 9098
f 3153 2551 2549
f 3152 2549 2550
f 9233 3153 3152
f 9228 3147 3153
f 3148 2206 2205
f 2183 2321 2184
f 2132 2928 2133
f 3299 3321 3319
f 9136 2204 2203
f 9171 2197 9173
f 2594 2773 2951
f 2595 2951 2772
f 1870 799 1869
f 3257 3259 3258
f 9165 2178 9158
f 9158 9188 9242
f 336 9226 9174
f 339 3154 336
f 9241 3149 9194
f 9135 2584 3149
f 2963 3048 3047
f 9174 337 336
f 339 2566 2586
f 3156 2168 2167
f 2610 2167 2611
f 2954 3156 2610
f 3157 2953 2257
f 9159 2169 9161
f 2567 3159 2568
f 337 2567 338
f 9182 2166 9159
f 9216 1983 9217
f 2579 3081 2576
f 2568 3160 2579
f 9161 2190 9216
f 3065 3162 3161
f 3161 1984 2189
f 3157 2189 2168
f 2257 3161 3157
f 734 1922 806
f 3059 2708 3163
f 3163 2182 1985
f 3162 1985 1984
f 3062 3163 3162
f 3203 3205 3204
f 3806 3808 3807
f 2122 1448 1447
f 9269 1685 9264
f 139 444 69
f 1570 566 533
f 2957 3165 3036
f 2955 3164 2957
f 1912 341 1973
f 3130 3124 3134
f 1548 319 1547
f 1949 1327 1887
f 2969 3078 3167
f 3167 3169 3168
f 9176 2017 9172
f 9172 2033 9211
f 3168 3165 3170
f 3170 3164 3171
f 9231 3171 9208
f 9176 3170 9231
f 3171 3166 3172
f 3172 3071 3173
f 9204 3173 9201
f 9208 3172 9204
f 3169 3036 3165
f 2593 2962 2594
f 3173 2609 3174
f 3174 2199 2198
f 9235 2198 9171
f 9201 3174 9235
f 2190 1984 1983
f 2196 2767 3148
f 3326 3328 3327
f 2119 1414 1448
f 1464 1466 1465
f 2199 3069 2200
f 2457 2587 2565
f 2226 2562 2966
f 481 1627 1639
f 333 235 236
f 3078 3037 3169
f 3040 2997 2263
f 3351 3262 3263
f 2219 1933 2220
f 2385 2497 2503
f 221 3175 2484
f 2220 3143 3175
f 3175 2976 2975
f 2484 2975 2982
f 2954 3166 2955
f 2630 110 2982
f 1547 1952 1955
f 2091 2188 2187
f 9185 2178 2177
f 1918 1927 1926
f 9007 111 8955
f 3398 3400 3399
f 955 960 954
f 2037 112 9007
f 3143 2981 2976
f 2218 2214 2215
f 672 9239 8985
f 2152 3014 2037
f 1147 1143 1145
f 2248 1409 2245
f 1615 1635 1616
f 1410 2246 2247
f 3486 3487 3310
f 3468 3502 3501
f 3451 3452 3450
f 3177 1383 1382
f 2238 3176 1382
f 3176 2230 3178
f 1410 3179 1407
f 3179 2243 1407
f 1633 2800 2249
f 3816 3817 3814
f 1621 2758 2912
f 3642 3662 3675
f 3422 3260 3257
f 1622 2245 1634
f 2236 3181 3182
f 3793 3795 3794
f 3493 3495 3494
f 2237 3182 3183
f 3513 3515 3514
f 2250 2233 2229
f 3654 3667 3802
f 2912 1628 1621
f 3819 3821 3820
f 3432 3823 3431
f 135 1564 1563
f 1567 512 1565
f 1085 2653 2685
f 3184 868 3056
f 869 3057 934
f 3389 3387 3386
f 1266 1098 1312
f 1267 722 721
f 937 2646 936
f 2146 722 2147
f 2211 921 2667
f 1957 507 449
f 1313 2264 3040
f 1496 1493 1492
f 2681 2705 2682
f 2887 2933 2932
f 1687 1659 1694
f 145 1498 81
f 1317 1319 2694
f 3831 3830 3834
f 37 418 71
f 1935 3185 2977
f 104 301 103
f 2101 2083 2084
f 543 360 207
f 1934 3186 3185
f 234 212 237
f 9297 1822 1824
f 3825 3827 3826
f 1976 1874 1974
f 223 2219 220
f 9107 9057 9064
f 468 773 2165
f 3673 3659 3672
f 1935 1728 1932
f 3490 3840 3549
f 3362 3848 3847
f 3862 3864 3863
f 3465 3484 3868
f 3893 3525 3874
f 3352 3430 3431
f 3869 3871 3870
f 3529 3567 3564
f 3420 3922 3921
f 3304 3236 3303
f 3929 3931 3930
f 3324 3327 3561
f 3219 3939 3331
f 3220 3937 3219
f 3450 3376 3439
f 3942 3833 3941
f 3215 3454 3945
f 3946 3215 3945
f 3422 3948 3421
f 3950 3198 3196
f 3205 3957 3920
f 3261 3961 3288
f 3852 3964 3963
f 3214 3946 3958
f 3965 3214 3192
f 3797 3799 3798
f 3988 3990 3989
f 3777 3806 3822
f 3855 3447 3444
f 3737 3800 3736
f 3949 3952 3948
f 3651 3783 4000
f 4001 3787 3812
f 4019 4021 4020
f 4027 4029 4028
f 3258 4030 4027
f 4033 4035 4034
f 3424 4047 4046
f 3242 4058 4057
f 3970 3547 3971
f 3829 4057 3825
f 3333 3947 4060
f 4063 4065 4064
f 4073 4075 4074
f 3568 3443 3448
f 3981 3335 4050
f 3540 3862 3539
f 4078 4031 4032
f 3565 4088 3993
f 3442 4089 4082
f 4092 4094 4093
f 4093 4097 4096
f 3619 3623 3624
f 3660 3821 3807
f 3809 3649 3808
f 3610 3655 3613
f 3656 3623 3657
f 3621 3804 3620
f 3503 3481 3504
f 3436 3438 3437
f 3356 3427 3353
f 3628 3669 3633
f 3734 4002 3733
f 3276 3370 3369
f 3763 4107 3762
f 4006 3754 3755
f 3747 3752 3746
f 3863 4110 3992
f 3994 4003 3501
f 3653 3664 3652
f 3296 4115 3295
f 4117 4119 4118
f 3249 3251 3250
f 4127 4129 4128
f 3478 3903 3867
f 3410 3921 3922
f 3977 4038 3976
f 3216 3453 3454
f 3967 3548 3966
f 4140 4032 4039
f 3509 4149 3916
f 4151 3659 3587
f 4153 3656 3671
f 4153 3646 3672
f 4156 3645 4155
f 4139 4078 4140
f 3743 4163 4162
f 3861 3987 4166
f 3468 4067 3467
f 3306 3980 3835
f 4172 4010 4024
f 4169 3836 3835
f 4187 4189 4188
f 4213 4215 4214
f 4220 4222 4221
f 4225 4211 4204
f 4230 4232 4231
f 4240 4242 4241
f 3606 3608 3607
f 4250 4252 4251
f 4258 4260 4259
f 4077 4079 4078
f 4276 4278 4277
f 4308 4263 4309
f 4017 3872 3869
f 3196 3951 3950
f 4316 4270 4271
f 3870 4307 3869
f 4324 4326 4325
f 4333 4247 4244
f 4338 4340 4339
f 4348 4350 4349
f 4283 4289 4286
f 4356 4358 4357
f 4359 4020 4358
f 4362 4196 4197
f 4320 4279 4276
f 4370 4296 4371
f 4377 4303 4249
f 4231 4201 4178
f 4203 4331 4381
f 4037 4039 4038
f 4371 4386 4370
f 4387 4347 4314
f 3309 3294 3310
f 4099 3724 3818
f 4355 3257 4313
f 3630 3693 3627
f 4277 4302 4390
f 4350 4319 4349
f 4353 4351 4348
f 3637 3639 3638
f 4394 3827 3320
f 3311 4399 4398
f 3755 4005 4006
f 4363 4259 4260
f 3454 3919 3920
f 3446 3459 3458
f 4298 4404 4406
f 3749 3769 3766
f 3791 3756 3792
f 3643 3684 3640
f 3845 3399 3400
f 4313 3258 4312
f 4411 4408 4412
f 3843 4423 3842
f 4214 4329 4328
f 4431 4433 4432
f 3918 3798 3799
f 3927 3388 3389
f 4453 3874 3873
f 4138 4457 4456
f 3346 4459 3345
f 4100 4108 4107
f 3974 3976 3975
f 3665 3652 3664
f 3773 3993 3992
f 3945 3920 3957
f 4144 4462 4461
f 4464 4466 4465
f 3268 4479 3267
f 4484 4136 4485
f 3348 4487 3347
f 3313 3912 3913
f 3803 3617 3802
f 4086 3510 4087
f 4034 3305 4033
f 3403 4171 4489
f 4481 4492 4491
f 4177 4179 4178
f 4398 3923 3311
f 4451 4494 4450
f 4501 4076 4502
f 4509 4506 4503
f 3304 4462 4517
f 4485 3312 4484
f 3419 3349 4064
f 4356 4385 4305
f 4026 4358 4020
f 4354 4357 4358
f 3599 4091 4090
f 4341 4254 4274
f 4251 4524 4335
f 3482 3484 3483
f 3843 3544 4085
f 4295 4274 4294
f 4381 4206 4203
f 4204 4531 4225
f 4533 4535 4534
f 4542 4544 4543
f 4546 4548 4547
f 4573 4547 4548
f 4575 4577 4576
f 4221 4580 4220
f 4587 4589 4588
f 4328 4589 4214
f 4187 4563 4332
f 4595 4593 4591
f 4597 4604 4596
f 4609 4611 4610
f 4620 4622 4621
f 4612 4614 4613
f 4636 4600 4637
f 4649 4650 4648
f 4652 4654 4653
f 4662 4664 4663
f 4666 4668 4667
f 4637 4685 4684
f 4627 4700 4626
f 4684 4636 4637
f 4663 4661 4662
f 4699 4697 4696
f 4647 4703 4702
f 4709 4603 4710
f 4724 4726 4725
f 4742 4744 4743
f 3311 3924 3314
f 4698 4758 4679
f 4749 4609 4610
f 4342 4344 4343
f 4797 4799 4798
f 4490 3974 4143
f 4019 4306 3870
f 4512 4514 4513
f 3991 4508 4507
f 4692 4694 4693
f 4680 4818 4810
f 4821 4824 4823
f 4367 4243 4240
f 4833 4831 4830
f 4837 4757 4754
f 4332 4562 4561
f 4683 4819 4682
f 4845 4850 4849
f 4751 4752 4669
f 4854 4695 4692
f 4858 4718 4857
f 4822 4859 4824
f 4674 4647 4675
f 4771 4773 4772
f 4726 4537 4540
f 4714 4719 4715
f 4633 4688 4687
f 4616 4618 4617
f 4686 4842 4841
f 4869 4708 4629
f 3502 3528 3529
f 4777 4737 4745
f 4734 4779 4873
f 4883 4663 4664
f 4375 4274 4275
f 4290 4335 4524
f 4799 4826 4825
f 4816 4812 4810
f 4778 4732 4659
f 4158 4160 4159
f 4195 4197 4196
f 3860 4166 4167
f 3758 3763 3764
f 3694 4157 4156
f 4249 4391 4377
f 3467 3469 3468
f 4209 4211 4210
f 4142 4144 4143
f 3615 3617 3616
f 3479 3536 3535
f 4883 4672 4886
f 4802 4642 4643
f 3698 3638 3683
f 4105 3726 3730
f 4848 4896 4895
f 4878 4744 4837
f 4610 4748 4749
f 4036 4489 4035
f 4355 4314 4347
f 4171 4049 4048
f 3875 3216 3217
f 4868 4863 4864
f 4623 4691 4622
f 3629 4155 4154
f 4654 4898 4683
f 4012 4014 4013
f 4902 4866 4867
f 4768 4908 4906
f 4370 4385 4384
f 4888 4914 4913
f 3546 3917 3916
f 4932 4931 4919
f 3625 4151 4150
f 3804 3670 3657
f 3816 4103 4101
f 4911 4887 4912
f 4928 4927 4929
f 4925 4927 4921
f 3655 3666 3654
f 4932 4910 4911
f 4937 4912 4913
f 4939 4942 4941
f 4228 4530 4381
f 4946 4942 4947
f 4938 4923 4937
f 4942 4937 4947
f 4951 4930 4928
f 4955 4928 4954
f 4748 4615 4749
f 4914 4847 4956
f 4824 4584 4856
f 4940 4941 4943
f 4916 4960 4917
f 4909 4891 4862
f 4971 4968 4949
f 4966 4948 4944
f 4962 4953 4965
f 4940 4924 4939
f 4831 4917 4895
f 4935 4925 4924
f 4275 4261 4258
f 4679 4791 4678
f 4016 4373 4376
f 4668 4766 4795
f 4539 4727 4845
f 4929 4936 4933
f 4607 4882 4881
f 4775 4801 4802
f 4801 4742 4774
f 4732 4611 4733
f 4985 4983 4982
f 4534 4562 4533
f 4847 4645 4848
f 4788 4619 4616
f 4787 4678 4791
f 4657 4605 4597
f 4994 4878 4837
f 5006 5008 5007
f 5001 4973 4988
f 4814 4619 4785
f 5014 4974 5012
f 5003 4972 4973
f 5019 5007 5018
f 5024 5017 5025
f 5036 5035 5032
f 4990 4975 4972
f 5045 5034 5044
f 5048 5034 5035
f 5025 5014 5026
f 5046 5043 5031
f 5051 5055 5054
f 5044 5060 5059
f 5011 5021 5020
f 5013 5068 5012
f 5028 5072 5029
f 5077 5064 5065
f 5065 5079 5077
f 5083 5080 5060
f 5063 5080 5065
f 5054 5071 5078
f 4602 4711 4851
f 5058 5083 5053
f 4982 4792 4793
f 5041 5045 5061
f 3909 3278 3250
f 3471 3473 3472
f 5002 4994 4995
f 5060 5067 5059
f 4892 4862 4891
f 4891 4884 4892
f 4996 5003 5001
f 4997 5005 5000
f 4813 4614 4829
f 4618 4827 4613
f 5089 5093 5092
f 3303 3305 3304
f 5100 5102 5101
f 5107 5109 5108
f 5110 5092 5114
f 4610 4734 4874
f 5112 5100 5084
f 5088 5090 5089
f 5119 5117 5116
f 5092 5096 5089
f 3826 3829 3825
f 5108 5102 5126
f 5100 5087 5084
f 5118 5133 5138
f 3783 3690 3784
f 4444 4446 4445
f 5151 5150 5152
f 4790 4617 4813
f 4332 4190 4187
f 3266 4451 4448
f 3211 3332 3946
f 4741 4760 4652
f 4775 4777 4776
f 4764 4691 4766
f 4489 4048 4490
f 4466 4511 4497
f 4518 3930 4514
f 4786 4791 4807
f 4980 4984 4977
f 5144 5150 5143
f 5159 5148 5158
f 5121 5120 5114
f 5169 5162 5165
f 5016 4979 5017
f 5123 5179 5122
f 5181 5140 5183
f 5175 5184 5141
f 4575 4586 4534
f 4984 4976 4977
f 4596 4598 4597
f 5182 5183 5186
f 4785 4787 4786
f 5137 5122 5179
f 5167 5180 5181
f 4835 4898 4897
f 4687 4726 4633
f 4176 4170 4398
f 4760 4655 4652
f 4681 4649 4646
f 5121 5132 5131
f 5171 5178 5170
f 5174 5191 5176
f 5169 5194 5164
f 4909 5095 4907
f 5105 5112 5113
f 4767 5126 4803
f 5201 5205 5204
f 5219 5217 5216
f 5229 5200 5209
f 5234 5236 5235
f 4069 4071 4070
f 4724 4717 4713
f 5108 4768 5107
f 5103 5126 5102
f 5227 5211 5226
f 5015 4884 4885
f 4997 4892 4884
f 5197 5215 5214
f 5241 5247 5246
f 5013 5019 5018
f 5205 5232 5204
f 4969 4971 4970
f 5239 5249 5248
f 4808 5225 4809
f 5216 5199 5196
f 5253 5242 5254
f 5235 5255 5256
f 5135 5157 5134
f 5264 5267 5266
f 5245 5215 5242
f 5260 5269 5267
f 5264 5274 5265
f 5154 5173 5142
f 5287 5278 5288
f 5256 5300 5257
f 5173 5176 5175
f 4631 4629 4628
f 4781 4783 4782
f 5309 5311 5310
f 5155 5144 5145
f 4826 4827 4825
f 5291 5308 5293
f 5310 5281 5286
f 5311 5308 5288
f 4036 4176 4175
f 4641 4704 4702
f 5220 4804 5223
f 4770 5207 4905
f 5188 5175 5176
f 5180 5129 5140
f 4626 5314 5313
f 4731 5315 5317
f 5222 5210 5221
f 4728 5316 5315
f 5230 5216 5196
f 5297 5240 5241
f 5204 5208 5201
f 5318 4864 5319
f 5273 5287 5289
f 5221 5219 5230
f 4700 5321 5314
f 5313 5328 5329
f 5157 5154 5142
f 5275 5263 5265
f 5324 5318 5325
f 5323 5331 5328
f 5343 5345 5344
f 5306 5286 5282
f 5278 5311 5288
f 4882 5320 5316
f 5109 5114 5120
f 5123 5130 5129
f 5299 5284 5298
f 5240 5199 5241
f 5229 5197 5214
f 5305 5292 5293
f 5233 5225 5243
f 5192 5194 5193
f 5104 4670 4746
f 5146 5160 5145
f 5337 5347 5338
f 5347 5341 5332
f 5353 5335 5352
f 5349 5354 5352
f 5355 5357 5354
f 5358 5360 5359
f 5355 5348 5360
f 5342 5365 5364
f 5345 5362 5344
f 5332 5367 5331
f 5372 5315 5316
f 5370 5366 5369
f 5361 5354 5357
f 5364 5368 5367
f 5369 5362 5370
f 5316 5330 5372
f 5373 5371 5372
f 5341 5364 5332
f 5374 5359 5373
f 5329 5375 5330
f 5377 5379 5378
f 5377 5331 5367
f 5380 5367 5368
f 5363 5370 5362
f 5357 5374 5381
f 5381 5361 5357
f 4814 4825 4827
f 4825 4816 4799
f 4806 4747 4805
f 5119 5131 5118
f 4696 4893 5387
f 4696 5390 4699
f 5213 5388 5387
f 5393 5388 5394
f 5380 5384 5379
f 5213 4893 5212
f 4813 4908 4790
f 5390 4693 4694
f 5294 5287 5295
f 5184 5186 5183
f 5285 5253 5254
f 4769 4790 4908
f 5327 5359 5360
f 4598 4690 4656
f 4608 4733 4611
f 4627 4609 4839
f 4596 4851 4711
f 4900 4706 4707
f 4668 5395 4667
f 4863 4639 4601
f 5392 4666 4667
f 4872 4651 4807
f 4807 4758 4872
f 5348 5325 5326
f 5176 5190 5188
f 5046 5022 5023
f 4853 4869 4870
f 5346 5363 5362
f 4709 4620 4599
f 4672 4904 4886
f 4680 4651 4649
f 4841 4688 4686
f 4823 4818 4821
f 4729 4602 4851
f 4881 4851 4604
f 5360 5326 5327
f 4852 4707 4869
f 4890 4669 4666
f 5392 5389 5393
f 5189 5186 5187
f 4881 4605 4607
f 5343 5369 5366
f 4607 4625 4882
f 5056 5052 5057
f 4850 4798 4894
f 3260 5398 3259
f 4855 4899 4871
f 5339 5366 5342
f 4789 4808 4677
f 5400 3948 3952
f 3872 4046 3871
f 4018 3424 3872
f 4025 4172 4024
f 4011 4024 4010
f 4065 3900 3901
f 3413 4013 3412
f 5056 5069 5070
f 5055 5070 5071
f 4062 5399 4061
f 5269 5294 5268
f 4685 4903 4846
f 5254 5240 5296
f 4606 4658 4733
f 4729 4882 4728
f 4030 4043 4029
f 4664 4753 4883
f 3575 3904 3903
f 3413 3922 3426
f 4949 4955 4934
f 4947 4913 4914
f 4849 4894 4856
f 4143 3975 4142
f 4912 4932 4911
f 3774 3995 3994
f 3956 3342 4168
f 4871 4758 4759
f 4270 4272 4271
f 4039 5400 4140
f 3555 5402 3554
f 5403 3906 3907
f 3908 3823 3907
f 4124 5408 5407
f 3901 4046 4047
f 4120 5410 5409
f 4124 4125 4123
f 5420 5404 5421
f 5424 5425 3557
f 3400 5428 3845
f 5432 5435 3226
f 4941 4945 4944
f 4935 4949 4934
f 3895 3897 3896
f 5426 4121 5418
f 5430 3906 5420
f 4045 5398 4062
f 5395 5392 4667
f 4846 4701 4840
f 4880 4710 4879
f 4624 4608 4609
f 4656 4662 4661
f 5305 5309 5304
f 5220 5222 5221
f 4230 4327 4324
f 5030 5028 5027
f 5213 5211 5210
f 5440 3269 5441
f 4396 3980 5444
f 5447 3244 3241
f 3328 5451 5396
f 4208 4248 4207
f 4599 4621 4598
f 4528 4391 4208
f 4529 4199 4207
f 4526 4339 4528
f 4256 5452 4532
f 4532 4241 4242
f 3834 5446 3831
f 5443 5444 4050
f 4530 4334 4206
f 4754 4904 4837
f 4229 4381 4331
f 4205 4383 4531
f 4892 4987 4861
f 4039 3976 4038
f 4738 4796 4741
f 4833 4897 4832
f 4232 4200 4201
f 4194 4241 4193
f 4889 4750 4748
f 4194 4365 4368
f 4531 4195 4238
f 5043 5062 5031
f 4182 4561 4180
f 5446 3241 3831
f 5237 5248 5236
f 4206 4382 4205
f 5210 5218 5219
f 3426 3417 3425
f 4216 4192 4215
f 4219 4184 4185
f 4180 4380 4179
f 4327 4591 4326
f 4223 4231 4222
f 4215 4360 4329
f 4186 4218 4185
f 4190 4209 4189
f 4223 4595 4327
f 4326 4328 4329
f 4366 4568 4186
f 4570 4549 4569
f 4579 4548 4570
f 4563 4533 4562
f 4583 4220 4580
f 4586 4561 4562
f 4239 4363 4243
f 4572 4567 4564
f 4536 4585 4535
f 4538 4566 4541
f 4536 5453 4538
f 3573 3983 3316
f 5427 3552 3556
f 4553 4588 4552
f 4593 4555 4592
f 4368 4183 4227
f 4361 4235 4236
f 4233 4527 4232
f 4233 4324 4237
f 4212 4330 4331
f 4237 4325 4236
f 4193 5452 4361
f 4983 4885 4792
f 5002 4986 4993
f 5074 5076 5075
f 4698 5391 4759
f 5391 5390 4694
f 4871 4650 4872
f 4546 4543 4544
f 4553 4901 4574
f 4552 4555 4556
f 5223 4805 5394
f 5386 5383 5363
f 5317 5371 5327
f 3240 4429 3377
f 5384 5381 5379
f 3938 3218 3937
f 3942 5455 5454
f 5361 5386 5356
f 4542 4541 4545
f 3910 5420 3428
f 3939 4060 3940
f 3851 5351 5454
f 3838 3556 3837
f 4547 4857 4546
f 5442 4050 3335
f 3385 5428 5429
f 4257 4235 4256
f 5312 4893 4809
f 4212 4204 4211
f 3854 5461 4392
f 4226 4210 4211
f 4202 4178 4201
f 3316 3897 3315
f 5464 4432 4433
f 5465 3883 4432
f 4472 4449 4450
f 4501 4450 4494
f 4074 4080 4077
f 5473 5401 4173
f 4173 5475 5473
f 3432 3520 5413
f 3462 5504 3461
f 4075 4494 4080
f 5482 3387 3392
f 5468 5470 5469
f 3427 5422 3523
f 4498 4487 3386
f 5403 5414 4128
f 3382 5522 3873
f 3492 5511 3491
f 3429 3517 3520
f 3873 5524 4453
f 5480 3350 3347
f 3477 5505 3462
f 4507 5544 4475
f 4396 5551 4051
f 3374 5553 3373
f 3373 5554 3390
f 5479 4063 3350
f 3390 5555 3393
f 5531 5566 5565
f 3368 5567 3367
f 5556 5560 5559
f 3393 5557 5556
f 4433 5463 5464
f 5464 5458 5456
f 4435 4439 3380
f 4055 3277 3274
f 3273 3911 3370
f 3395 3358 3394
f 5486 4071 5484
f 5526 4453 5524
f 5525 5569 5566
f 5568 3527 5567
f 3527 3847 3366
f 3365 3849 5462
f 5462 3850 5459
f 4435 5571 4430
f 3378 3943 3944
f 5573 5577 5574
f 4438 3943 3379
f 5477 5579 5476
f 5582 5580 5579
f 5583 5581 5584
f 5586 5588 5587
f 4074 5586 4073
f 5583 5474 5473
f 4507 5590 3991
f 5573 4522 4520
f 3989 5596 3988
f 5594 3407 5593
f 4436 5572 5571
f 5591 3991 5590
f 4507 4476 5589
f 3990 5587 5588
f 5578 3406 5577
f 5595 5584 5581
f 5484 3358 5486
f 4441 5467 3882
f 5472 4077 4139
f 5522 5570 5524
f 5486 3353 3524
f 5481 3386 3387
f 3475 5492 3518
f 5476 3899 5477
f 5540 5606 5603
f 5542 5603 5607
f 5608 5542 5607
f 5608 5545 5544
f 5607 5609 5545
f 5599 5548 5612
f 5598 5543 5608
f 5595 5593 5596
f 5588 3989 3990
f 5626 3266 5627
f 5627 4448 5628
f 5469 4469 5468
f 4515 5625 4491
f 4503 4474 4509
f 4481 5627 4480
f 4500 5469 5470
f 3414 5466 5465
f 5594 5581 5582
f 3376 4430 5571
f 3444 3941 3855
f 5572 3444 3445
f 4273 4287 4272
f 4345 4357 4344
f 4386 4305 4385
f 4517 4463 5625
f 4352 4319 4379
f 4352 4251 4336
f 4268 4390 4388
f 4264 4320 4323
f 4346 4282 4283
f 4337 4343 4344
f 4289 4245 4288
f 4303 4287 4288
f 4343 4291 4342
f 4284 4244 4289
f 4375 4291 4294
f 4379 4271 4272
f 4337 4348 4336
f 4524 4295 4290
f 4364 4197 4279
f 4285 4390 4302
f 5206 5208 5207
f 4297 4371 4296
f 4346 4286 4273
f 4285 4333 4284
f 3571 4395 5460
f 5341 5339 5342
f 5346 5334 5335
f 5269 5273 5289
f 4510 5609 5610
f 4509 5545 5609
f 4445 5611 5546
f 5566 5568 3368
f 5349 5338 5348
f 5489 3401 3398
f 5565 3368 3338
f 5496 5417 5630
f 5523 3383 5634
f 5325 5347 5324
f 5523 5599 5522
f 5429 3401 5633
f 3887 5631 5630
f 5634 5600 5523
f 5276 5279 5277
f 5298 5257 5300
f 5087 5085 5084
f 3361 5612 5548
f 5041 5066 5040
f 5487 3383 3384
f 5101 5130 5100
f 5299 5300 5303
f 5333 5335 5334
f 5302 5304 5303
f 5234 5216 5217
f 5301 5255 5258
f 4868 5322 4867
f 5281 5277 5279
f 5323 5322 5324
f 5298 5296 5297
f 4885 4750 4792
f 5231 5196 5197
f 4625 5313 5320
f 5111 5085 5098
f 5600 5549 5548
f 5531 5563 5527
f 5165 5182 5189
f 5283 5285 5284
f 4269 4277 4268
f 5610 5603 5606
f 5127 5091 5128
f 4907 5125 4906
f 5277 5272 5262
f 5596 5592 5598
f 5212 5226 5211
f 5273 5262 5272
f 5302 5258 5292
f 5635 5645 5640
f 4250 4379 4378
f 4485 3405 3402
f 4354 4023 4351
f 4265 4304 4386
f 4388 4282 4387
f 4345 4384 4385
f 4362 4297 4259
f 4836 4612 4828
f 4360 4236 4325
f 4369 4237 4234
f 5647 3986 3573
f 5650 3192 3189
f 5337 5336 5333
f 4467 4477 4466
f 4253 4340 4252
f 4429 5457 4428
f 3997 3915 3540
f 5535 3839 3982
f 5538 4460 4456
f 3439 5571 3438
f 5570 5526 5524
f 3438 5572 3445
f 4440 3879 3876
f 3440 4407 3449
f 3886 5695 5694
f 5534 5396 5451
f 5685 3471 5684
f 4278 4301 4302
f 5628 4449 5469
f 3579 3538 3578
f 4480 5628 4500
f 4402 5517 5518
f 4279 4198 4278
f 3603 3532 3602
f 3580 4088 4090
f 4095 3531 4094
f 5248 5251 5250
f 3778 3999 3776
f 4617 4613 4614
f 4375 4372 4519
f 3411 4136 3410
f 5094 5111 5097
f 3602 3535 3605
f 4023 4350 4351
f 4349 4336 4348
f 3605 3536 3592
f 4469 4471 4470
f 4094 3593 4097
f 4248 4245 4246
f 3519 5518 5517
f 5254 5284 5285
f 4852 4795 4766
f 4265 5629 4264
f 5632 5503 5631
f 3604 3612 3601
f 5549 5502 3360
f 3653 3607 3661
f 4780 4873 4779
f 4988 4979 4976
f 4491 5626 4481
f 4837 4995 4994
f 4615 4765 4749
f 5468 4470 4504
f 3514 3467 3513
f 5491 4409 5679
f 4093 3619 4092
f 4364 5629 4297
f 3488 5509 3487
f 5606 5611 5610
f 4210 4189 4209
f 4600 4602 4601
f 5242 5198 5240
f 5073 5075 5072
f 5651 3940 4060
f 3996 3775 3998
f 5200 5202 5201
f 5525 5527 5526
f 3364 4434 3363
f 3775 3542 3581
f 3941 5485 3855
f 3731 4105 3730
f 4997 4999 4998
f 4508 5608 5544
f 4101 3818 3816
f 3728 4103 3727
f 4591 4592 4328
f 4539 4538 4537
f 4550 4552 4551
f 4541 4567 4545
f 4389 4570 4568
f 4582 4580 4576
f 4976 4978 4977
f 4705 4707 4706
f 4797 4843 4844
f 3713 3730 3726
f 4675 4702 4704
f 4977 4981 4980
f 4810 4817 4816
f 4786 4812 4785
f 4715 4628 4714
f 4978 5021 4981
f 5010 5006 4991
f 3722 4162 4161
f 4558 4560 4559
f 4568 4569 4218
f 4584 4535 4585
f 4641 4715 4716
f 5026 5012 5068
f 4776 4745 4742
f 4714 4712 4713
f 4982 5001 4985
f 4576 4560 4582
f 4564 4566 4565
f 5069 5018 5029
f 5057 5048 5047
f 4810 4811 4680
f 3710 3786 3709
f 4991 4999 5010
f 5011 5010 5004
f 5008 5022 5027
f 5066 5063 5040
f 5047 5024 5025
f 5050 5051 5053
f 5023 5016 5024
f 5045 5059 5061
f 5047 5026 5057
f 3711 3724 3721
f 5048 5037 5047
f 5042 5063 5062
f 5058 5051 5054
f 5036 5046 5037
f 3715 3700 3714
f 5235 5257 5246
f 3732 3704 3702
f 5030 5062 5064
f 5020 5023 5022
f 5263 5261 5260
f 5049 5044 5034
f 5236 5250 5255
f 5031 5027 5022
f 5043 5039 5042
f 5320 5329 5330
f 5049 5052 5051
f 5326 5317 5327
f 3264 3288 3285
f 5264 5263 5260
f 4998 4992 4987
f 5009 5020 5008
f 5036 5039 5038
f 5032 5034 5033
f 4355 3949 3422
f 4269 4374 4323
f 4253 4378 4303
f 4525 4252 4340
f 3960 4111 3866
f 4372 4258 4296
f 5681 5673 5675
f 4378 4272 4287
f 4270 4346 4273
f 3244 5644 5643
f 4899 4648 4650
f 3734 3702 3810
f 4138 3343 4137
f 4192 4361 4360
f 3813 3812 3810
f 3817 3696 3814
f 5668 5682 5674
f 5690 5687 5684
f 5499 5700 5517
f 3999 3820 3577
f 3745 4102 4106
f 5684 3472 5690
f 5702 3860 5703
f 5712 5693 5670
f 3249 4393 3572
f 5695 5715 5694
f 5694 5716 5696
f 5719 5601 5602
f 4918 4950 4952
f 4774 4743 4773
f 3844 5605 3735
f 5505 4411 5504
f 3583 3585 3582
f 3710 4157 4160
f 5513 4417 5508
f 5704 4146 5709
f 4141 4062 4049
f 5669 5688 4410
f 3898 5653 5450
f 5718 3972 5719
f 5684 5686 5685
f 3917 5717 3512
f 3463 5662 5660
f 5492 5680 5491
f 4931 4950 4919
f 5665 3441 5663
f 3788 3740 3790
f 3501 3529 3994
f 3569 3477 3308
f 5516 5727 5515
f 3564 3566 3565
f 3892 5406 3889
f 3962 5407 3961
f 4126 4123 4125
f 4116 3287 5411
f 3892 5630 5417
f 3824 5413 5414
f 4408 5680 4412
f 3969 3978 5402
f 4408 3449 4407
f 4414 3449 4413
f 3962 3262 4125
f 4425 5616 4321
f 4418 5727 4419
f 5716 5575 5696
f 5719 5717 5718
f 5698 5692 5697
f 3880 4166 3987
f 5652 5520 5619
f 5621 4167 4166
f 5679 4410 5688
f 3210 3355 5618
f 5622 5451 5657
f 5416 5497 5624
f 5729 5731 5730
f 5733 3761 3758
f 5735 5737 5736
f 5750 5751 5734
f 5744 5740 5741
f 5744 3753 5746
f 5753 5730 5731
f 5757 5736 5737
f 5731 5765 5753
f 5774 5776 5775
f 5790 5792 5791
f 5796 5787 5797
f 5817 5819 5818
f 5828 5830 5829
f 3725 3751 3747
f 4874 4873 4875
f 4700 4903 4902
f 4740 4876 4739
f 3199 3201 3200
f 4100 4099 4101
f 3749 4108 3748
f 3695 3712 3692
f 3378 3380 3379
f 5504 4412 5507
f 4405 5518 5699
f 5838 5835 5836
f 4705 4712 4708
f 5832 5828 5833
f 5697 5678 5698
f 3791 4005 3790
f 5848 5794 5850
f 3714 3701 3704
f 3995 4042 3890
f 3329 3224 3222
f 4005 3705 4004
f 4551 4763 4550
f 5855 5808 5856
f 5851 5792 5852
f 5803 5858 5847
f 5844 5840 5845
f 5762 5743 5740
f 5808 5806 5807
f 4012 3426 3423
f 5558 3467 4067
f 4550 4720 4901
f 4950 4953 4952
f 3885 5694 5696
f 5705 4081 4082
f 5508 4415 5505
f 3745 3760 3744
f 5507 5680 5506
f 3592 3588 3591
f 3895 5658 5653
f 5613 5501 5549
f 3834 4393 4055
f 5527 4455 5526
f 5775 5809 5774
f 5766 5813 5810
f 5858 5812 5859
f 5855 5811 5858
f 5863 5819 5862
f 5826 5863 5829
f 5862 5833 5828
f 5870 5837 5845
f 5782 5831 5832
f 5868 5836 5873
f 5778 5843 5844
f 5866 5845 5840
f 5785 5867 5784
f 5790 5789 5793
f 5796 5794 5795
f 5821 5819 5820
f 5657 5620 5622
f 5793 5852 5792
f 5855 5801 5798
f 5853 5786 5796
f 5804 5802 5803
f 5827 5864 5822
f 5767 5821 5813
f 5854 5776 5777
f 5860 5818 5861
f 5782 5825 5785
f 5781 5844 5834
f 5810 5815 5816
f 5867 5830 5784
f 5809 5798 5799
f 5828 5863 5862
f 5865 5838 5868
f 5801 5802 5800
f 4086 3795 4149
f 5779 5842 5843
f 5827 5829 5830
f 5839 5869 5835
f 5814 5855 5856
f 5711 3859 5702
f 4958 4917 4960
f 5861 5821 5768
f 5863 5812 5820
f 5865 5823 5824
f 5873 5837 5871
f 5872 5842 5780
f 4089 3563 5704
f 3812 3785 3811
f 5770 5787 5788
f 5789 5847 5846
f 5793 5846 5849
f 4145 4146 3498
f 5848 5790 5791
f 3953 4009 3952
f 5748 5874 5747
f 4624 4626 4625
f 4665 4752 4664
f 4775 4779 4778
f 4746 4671 4747
f 4637 4601 4639
f 4828 4613 4827
f 4704 4762 4675
f 4843 4727 4687
f 4543 4725 4542
f 4731 4863 4730
f 4723 4558 4722
f 4842 4840 4838
f 4717 4857 4718
f 4865 4867 4866
f 5841 5866 5840
f 4725 4540 4542
f 4798 4816 4817
f 4632 4634 4633
f 4720 4715 4719
f 4642 4644 4643
f 3754 5874 5876
f 4860 4644 4847
f 4674 4722 4721
f 4808 4676 4677
f 4721 4822 4821
f 5876 5877 5746
f 4836 4840 4839
f 4658 4660 4659
f 4826 4800 4838
f 4877 4743 4744
f 4948 4971 4943
f 4875 4876 4889
f 4954 4934 4955
f 5773 5788 5790
f 5825 5833 5824
f 5834 5836 5835
f 5834 5845 5837
f 3359 3361 3360
f 5732 3756 3757
f 3394 3396 3395
f 3766 5741 5742
f 5774 5799 5777
f 5805 5857 5802
f 5813 5820 5812
f 3969 3964 3968
f 5667 5674 5666
f 5729 3792 3756
f 3770 5741 3769
f 4741 4739 4738
f 4689 4660 4661
f 5772 5787 5771
f 5735 3758 3764
f 5850 5773 5848
f 5617 3965 5650
f 5799 5854 5777
f 5875 5764 5879
f 5840 5842 5841
f 5861 5769 5860
f 5807 5853 5851
f 5869 5834 5835
f 3765 5739 5738
f 5882 5761 5759
f 5881 5887 5889
f 5895 5898 5897
f 5907 5906 5908
f 5909 5908 5910
f 4234 4526 4369
f 3912 3389 3914
f 5934 8730 8729
f 8730 5930 5931
f 4920 4922 4921
f 8845 8853 8851
f 4141 3404 4174
f 3733 3706 3731
f 8849 8848 8850
f 4234 4236 4235
f 8863 5919 8862
f 3733 4004 3705
f 5908 8859 8867
f 8865 8871 8870
f 8859 8863 8864
f 5927 5925 5928
f 5911 5904 5912
f 8878 8866 8879
f 5635 5637 5636
f 5745 5746 5877
f 3552 3554 3553
f 8857 8890 8875
f 5924 8860 5923
f 3553 3556 3552
f 5919 8861 8862
f 8869 8870 8891
f 8873 8878 8876
f 8856 8875 8874
f 8862 5889 5887
f 8846 8844 8843
f 8864 8866 8865
f 8729 8883 8884
f 8848 8887 8886
f 8878 5888 8893
f 8896 8855 8897
f 8853 8896 5885
f 8841 5882 5883
f 3489 3491 3490
f 8867 8864 8868
f 5910 8867 8898
f 5914 8898 8899
f 5916 8899 8900
f 5889 8860 5890
f 8876 8893 8894
f 5918 8900 8901
f 4424 5726 4423
f 8904 8900 8899
f 8909 8904 8905
f 8908 8903 8904
f 8869 8905 8868
f 3632 3667 3635
f 3687 3689 3688
f 3636 3681 3631
f 3664 3639 3665
f 4304 4306 4305
f 8909 8891 8910
f 3681 3695 3680
f 3758 3760 3759
f 3684 3700 3683
f 3721 3723 3722
f 3941 3943 3942
f 3738 3740 3739
f 3687 3709 3690
f 3238 3938 3220
f 4249 4288 4245
f 4499 3344 4464
f 4240 4368 4367
f 3453 3951 3919
f 4401 3547 3967
f 3950 3451 3436
f 3702 3701 3703
f 3725 3727 3726
f 3194 3208 3193
f 4034 4461 4462
f 3914 3913 3912
f 3483 3533 3482
f 3191 3957 3206
f 4292 3970 4293
f 3909 3428 3356
f 3959 3866 3867
f 4017 4309 4016
f 4316 4008 3953
f 4448 4450 4449
f 4414 4417 4416
f 3435 3351 3433
f 4413 4415 4414
f 3899 3901 3900
f 3780 3648 3809
f 3474 3886 3885
f 3958 3192 3214
f 3221 3935 4427
f 3905 3907 3906
f 3913 4486 3313
f 4420 4421 4085
f 3881 3883 3882
f 4004 3790 4005
f 4271 4318 4316
f 4259 4296 4258
f 3501 4066 3468
f 5897 5900 5899
f 5901 5904 5903
f 8854 8856 8855
f 3789 3786 3720
f 3651 3781 3782
f 5924 5901 5925
f 8870 8873 8872
f 8876 8874 8873
f 5912 5918 5911
f 3805 3799 3737
f 3369 3395 3396
f 3923 3925 3924
f 3916 3512 3509
f 3641 3801 3642
f 4276 4323 4320
f 4181 4331 4330
f 4428 3377 4429
f 3495 4321 4322
f 4436 3380 3381
f 4430 4437 4435
f 3945 3958 3946
f 4065 4047 3418
f 4495 3408 4496
f 8913 8915 8914
f 8911 8917 8916
f 8889 8923 8890
f 8919 8931 8921
f 8884 8918 8885
f 8922 8931 8925
f 5852 5909 5851
f 5866 5915 5917
f 8926 8914 8915
f 8914 8883 8913
f 8886 8921 8888
f 5846 5894 5891
f 5873 5900 5868
f 8893 5764 5754
f 8894 5754 5753
f 5890 5927 8936
f 5885 5755 5758
f 5871 5902 5873
f 5763 5883 5762
f 5880 8936 5763
f 4175 4398 4399
f 4274 4255 4275
f 8883 5931 8882
f 8868 8898 8867
f 3289 3247 3292
f 3858 5485 5921
f 8850 8886 8888
f 4116 5409 4115
f 3889 4127 5415
f 3678 8938 8937
f 8857 8888 8889
f 3979 3294 3295
f 4126 3431 3823
f 3651 3679 3650
f 3460 5921 3354
f 4084 3310 3487
f 8905 8899 8898
f 3561 5397 5656
f 3213 5528 5519
f 4191 4193 4192
f 5449 5532 5533
f 4142 4031 4479
f 4060 5652 5651
f 4480 4482 4481
f 5519 3212 3213
f 5657 3330 3940
f 4473 4475 4474
f 3514 5668 5667
f 5663 5669 5665
f 8881 5926 8880
f 5734 5749 5750
f 4788 4677 4678
f 3997 3538 3506
f 3551 3310 3294
f 3577 3998 3999
f 4893 4676 4809
f 4753 4671 4672
f 8729 8885 8843
f 3813 9021 8937
f 8938 3813 8937
f 8882 5929 8881
f 4098 3820 3821
f 3399 5416 3398
f 5494 5503 4403
f 5880 5878 5881
f 4986 4861 4987
f 4999 5004 5010
f 4985 4988 4976
f 5816 5766 5810
f 4372 4384 4519
f 5688 5692 5679
f 8903 8901 8900
f 8879 5887 5888
f 8902 8880 8901
f 5919 5895 5920
f 4519 4342 4291
f 8847 8854 8853
f 5925 5903 5926
f 4021 4523 4025
f 5678 5676 4406
f 4424 4085 4421
f 5701 3577 3820
f 5928 5926 5929
f 5000 4980 5004
f 9022 3545 4113
f 9024 5409 5410
f 4008 4010 4009
f 3931 4516 4513
f 3822 3807 3821
f 8851 8844 8845
f 5728 5509 5721
f 9025 4115 5409
f 5209 5201 5208
f 4820 4653 4682
f 3988 5598 4508
f 3370 3357 3395
f 5639 5641 5640
f 5592 4477 5543
f 3378 5572 3381
f 5625 3265 5626
f 5594 5577 3406
f 3302 5645 3301
f 3274 3278 3273
f 5207 5233 5243
f 5071 5072 5075
f 4815 4785 4812
f 4796 4643 4760
f 3243 5643 5648
f 5301 5303 5300
f 5431 5655 5654
f 5251 5244 5252
f 3353 3523 3524
f 4174 3405 3411
f 3546 4113 3545
f 4002 3788 4004
f 4196 4238 4195
f 3232 5647 3231
f 4373 4266 4310
f 4867 5321 4902
f 5648 4058 3243
f 4455 3893 4453
f 5593 4511 5592
f 5275 5252 5253
f 5252 5274 5251
f 4092 3624 3597
f 3723 3743 3722
f 4780 4802 4796
f 4059 3560 5425
f 4317 4347 4270
f 5188 5192 5187
f 5570 5612 5569
f 3385 5633 3384
f 3526 5569 5612
f 3576 3608 3590
f 3581 3594 3580
f 5239 5238 5232
f 5081 5083 5082
f 4369 4528 4527
f 4325 4329 4360
f 3569 3286 3336
f 9022 4112 5709
f 3661 3801 3653
f 5074 5030 5064
f 5064 5063 5065
f 3563 3498 4146
f 3961 4119 5411
f 4854 4870 4735
f 5018 5028 5029
f 5007 5027 5028
f 5040 5039 5041
f 3240 3875 3239
f 5070 5029 5072
f 3504 3866 4111
f 3537 3591 3588
f 5033 5039 5032
f 4710 4635 4879
f 5017 4989 5014
f 5024 5046 5023
f 4991 5019 4990
f 4587 4574 4573
f 4996 4793 4878
f 5066 5059 5067
f 5221 5231 5220
f 5068 5057 5026
f 3675 3643 3642
f 3663 3675 3662
f 4722 4559 4822
f 3579 3590 3591
f 3686 3677 3678
f 4422 3499 4419
f 5142 5138 5133
f 5078 5075 5076
f 3609 3590 3608
f 3288 5411 3287
f 5424 5410 3246
f 5152 5156 5172
f 3960 5709 4112
f 4946 4957 4958
f 3867 5705 3959
f 9026 4113 5710
f 5192 5189 5187
f 5161 5194 5171
f 3637 3682 3636
f 4392 3847 3848
f 3796 4149 3795
f 4104 3727 4103
f 3594 3993 4088
f 3796 4134 5710
f 3687 4156 4157
f 3760 4164 4165
f 4464 3345 4467
f 3485 3868 3484
f 3846 5423 4130
f 3409 4496 3408
f 3767 3765 3762
f 3711 4159 4160
f 3797 4087 3510
f 4072 5562 5560
f 4502 5590 5589
f 5408 9027 4118
f 5683 5714 5682
f 5702 4110 5711
f 5623 4148 4167
f 5428 3525 3522
f 3668 3802 3667
f 4000 8938 3679
f 4221 4179 4380
f 4267 4388 4315
f 3721 4161 4159
f 3903 5706 5705
f 3583 4090 4091
f 3894 3524 3525
f 4635 4636 4634
f 4173 4009 4010
f 4890 5393 5394
f 5290 5293 5292
f 5339 5337 5333
f 5458 4438 4439
f 3251 5430 3910
f 3252 5419 3251
f 3428 5421 3427
f 3571 5418 3252
f 4583 4554 4593
f 4239 4224 4238
f 3322 5450 5449
f 5309 5306 5304
f 4109 3748 4108
f 5707 3794 3795
f 5139 5183 5140
f 5271 5290 5259
f 5280 5282 5279
f 5110 5125 5115
f 5319 4731 5317
f 5334 5339 5333
f 5423 3523 5422
f 5376 5378 5375
f 4721 4646 4674
f 3719 4159 4161
f 4853 4692 4795
f 5373 5330 5375
f 4428 5456 4437
f 5376 5328 5331
f 3337 4434 4431
f 4692 5395 4795
f 5475 4523 5476
f 5478 4068 4522
f 5421 4129 5422
f 5374 5375 5378
f 5283 5306 5282
f 5246 5234 5235
f 5154 5150 5153
f 4458 5561 4457
f 5163 5158 5168
f 5381 5378 5379
f 3397 5484 5483
f 4457 5563 5537
f 5147 5150 5149
f 4474 5544 5545
f 5325 5319 5326
f 5223 5388 5222
f 5517 3521 3519
f 4499 3347 4487
f 5404 4128 4129
f 3476 5506 3475
f 4084 5515 4083
f 3900 5477 3899
f 5536 5547 5546
f 5491 5493 5492
f 5474 4139 5401
f 4063 4522 4068
f 4459 5541 5540
f 5548 3360 3361
f 5444 5550 4396
f 3888 5415 5412
f 5546 3339 4445
f 5536 5538 5537
f 3570 5508 3477
f 4471 5589 4476
f 4280 3359 5933
f 5499 4403 5503
f 5189 5169 5165
f 5543 4478 5542
f 4051 5552 3374
f 3461 5507 3476
f 4629 4870 4869
f 5106 4909 4862
f 5286 5279 5282
f 5462 3364 3365
f 3491 5514 3840
f 5224 5231 5229
f 4478 5540 5542
f 4099 3742 3723
f 4803 4805 4804
f 4130 5422 4129
f 4470 4476 4473
f 4924 4921 4922
f 4920 4927 4926
f 4993 4987 4992
f 4887 4913 4912
f 3894 4070 4071
f 5472 5585 5586
f 3508 4134 3507
f 3603 4096 4097
f 3772 3992 4110
f 5712 5671 5672
f 3739 4162 4163
f 5683 3515 5715
f 5480 4495 5479
f 5698 5493 5498
f 3578 3996 3998
f 3645 4154 4155
f 5660 3466 3463
f 4135 5710 4134
f 5587 4073 5586
f 5687 5693 5686
f 3584 4091 4150
f 5585 5584 5588
f 4128 5415 4127
f 4257 4338 4526
f 4222 4178 4179
f 4366 4191 4216
f 5098 5091 5088
f 5761 5737 5760
f 5760 5738 5739
f 8852 5934 8844
f 8874 8855 8856
f 8895 8855 8877
f 5884 8842 8852
f 4557 4582 4560
f 8890 8917 8892
f 8918 8930 8920
f 8924 8915 8916
f 4182 4330 4190
f 3864 5711 4110
f 3574 3230 3231
f 3342 3415 3341
f 3488 3549 3840
f 4317 3953 3949
f 3672 4152 4153
f 5708 3865 5707
f 9021 3685 3686
f 3621 3616 3617
f 5728 4419 5727
f 4311 4028 4310
f 4131 3543 3841
f 4426 3842 4423
f 4518 4168 4427
f 5457 5464 5456
f 5425 3558 3837
f 5458 4437 5456
f 3416 5465 5457
f 5638 5437 5637
f 3985 5636 5637
f 5646 5636 5647
f 9023 3554 5402
f 5722 5514 5726
f 3256 3934 3255
f 4164 5734 5751
f 8885 8920 8887
f 3282 3929 3281
f 3292 3320 3291
f 3232 3300 3301
f 3303 3271 3334
f 3562 5432 3325
f 3392 3388 3391
f 3854 5350 3851
f 5463 5459 5458
f 5935 3885 5576
f 3879 3954 3878
f 3928 3391 3388
f 4137 4458 4138
f 5454 3850 3851
f 3548 3549 3550
f 4443 5470 4442
f 4452 4506 4447
f 4468 3415 3879
f 4443 3876 4483
f 3234 4515 4516
f 5434 3896 5433
f 5448 5441 5644
f 5447 5443 5442
f 4442 5471 5467
f 5550 3275 5551
f 5578 4520 3409
f 3464 5666 3463
f 4701 4839 4840
f 3259 4041 4030
f 4015 3423 4018
f 3558 3982 3839
f 4856 4823 4824
f 4741 4653 4740
f 3759 4106 3763
f 3560 3290 3559
f 9024 3557 3553
f 5438 3280 5439
f 3321 3290 3291
f 5557 4072 5560
f 5553 3396 5554
f 4045 4174 4044
f 4539 4849 4585
f 3536 3503 3588
f 5478 5574 5477
f 3800 3510 3511
f 4755 4886 4754
f 5561 5527 5563
f 5752 5732 5751
f 5752 5756 5765
f 3518 5493 5521
f 3767 4107 4108
f 3534 4097 3593
f 4395 3826 3827
f 3926 3371 3925
f 4446 5610 5611
f 4050 3980 3981
f 8887 8843 8885
f 5649 5640 5645
f 4643 4761 4760
f 3709 3784 3690
f 4778 4660 4777
f 5649 4054 5648
f 5646 3301 5645
f 3250 3910 3909
f 5884 5757 5761
f 5655 5936 5937
f 4224 4226 4225
f 4043 3412 4013
f 4286 4288 4287
f 4267 4310 4266
f 4493 4080 4494
f 3325 3226 3227
f 3925 3372 3928
f 4312 4314 4313
f 3996 3540 3541
f 8908 8912 8907
f 4023 4025 4024
f 3995 3891 3994
f 5482 5559 4137
f 4486 3921 4484
f 4300 4302 4301
f 5438 5644 5441
f 3233 3282 3270
f 3225 3227 3226
f 5446 5445 5443
f 5554 3397 5555
f 4834 4830 4772
f 4064 3350 4063
f 3596 3598 3597
f 5639 5648 5643
f 5434 5654 5658
f 4895 4830 4831
f 3674 3676 3675
f 3551 3978 3550
f 3835 3305 3306
f 3813 3702 3703
f 3691 4160 4157
f 4109 4101 4103
f 4565 4188 4564
f 3490 3547 3489
f 3672 3647 3673
f 8906 8912 8913
f 3810 3811 3734
f 4051 4397 4396
f 3566 4090 4088
f 5580 5476 5579
f 4456 5537 5538
f 5539 5546 5611
f 8844 8729 8843
f 8872 8874 8875
f 4383 4198 4195
f 4931 4927 4930
f 5529 5397 5396
f 5314 5323 5328
f 5347 5323 5324
f 4711 4599 4596
f 5387 5389 4696
f 5259 5292 5258
f 5195 4803 5126
f 5195 4746 4806
f 4639 4866 4685
f 4821 4681 4721
f 3421 5399 3260
f 4730 4601 4602
f 4807 4811 4786
f 4040 3421 3948
f 4844 4800 4797
f 3936 3929 3930
f 4894 4817 4823
f 5365 5383 5368
f 4657 4661 4658
f 5224 4770 4804
f 5368 5382 5380
f 5336 5352 5335
f 5353 5386 5363
f 4070 4454 4069
f 5396 3327 3328
f 5225 5312 4809
f 5384 5386 5385
f 5391 4695 4759
f 4735 4870 4630
f 4407 4409 4408
f 4623 4880 4706
f 5356 5352 5354
f 4578 4859 4577
f 3239 3217 3938
f 3937 3333 3939
f 4578 4534 4535
f 5467 4505 4452
f 4836 4826 4838
f 4422 5721 4421
f 3392 5556 5482
f 5564 5565 5547
f 3807 3663 3660
f 5922 4392 4281
f 3680 3692 3693
f 3630 3632 3631
f 4416 5725 4418
f 4033 3836 4176
f 3238 4168 3342
f 3466 3483 3484
f 3678 3650 3679
f 3677 3649 3650
f 3340 4431 3884
f 3562 5656 5655
f 5658 5938 5939
f 3642 3640 3641
f 3306 3334 3981
f 3256 3280 3281
f 8910 8892 8917
f 5868 5898 5859
f 8924 8922 8925
f 8935 8925 8931
f 8882 8913 8883
f 8925 8926 8924
f 8840 8936 5927
f 5852 5905 5907
f 5136 5124 5137
f 4243 4260 4242
f 5238 5228 5232
f 5642 5643 5644
f 3924 3928 3927
f 5412 5700 3888
f 3750 3751 3707
f 3746 3770 3769
f 3859 3861 3860
f 3972 3493 3494
f 5923 8861 5920
f 4945 4958 4959
f 3296 3286 3287
f 3824 3907 3823
f 3671 4154 4153
f 4137 5481 5482
f 3614 3802 3617
f 3283 3559 3290
f 4936 4934 4933
f 5511 5726 5514
f 4170 3926 3923
f 3572 3830 3826
f 3459 3858 3460
f 3496 4425 3495
f 3457 3436 3437
f 3984 3986 3985
f 3914 3386 4487
f 5512 5723 5511
f 4500 4483 4480
f 4501 4471 4472
f 4503 4505 4504
f 4143 4461 4490
f 3331 3222 3219
f 4016 4018 4017
f 3998 3776 3999
f 4114 5710 4113
f 4405 4406 4404
f 5602 5720 5719
f 4767 4804 4770
f 4929 4954 4928
f 4410 5665 5669
f 3888 5632 3887
f 4048 3977 3974
f 3947 3212 5652
f 5676 3472 3473
f 5782 5784 5783
f 4315 4311 4267
f 5699 5521 5493
f 5864 5825 5822
f 5826 5822 5823
f 5775 5805 5806
f 3236 3270 3271
f 5823 5859 5826
f 4957 4895 4917
f 8868 8865 8869
f 4281 3848 4280
f 4940 4971 4949
f 4013 4029 4043
f 3685 3701 3684
f 4339 4377 4391
f 8891 8872 8892
f 3753 3755 3754
f 4427 3220 3221
f 3809 3779 3780
f 3568 4418 3500
f 3880 3918 3805
f 3543 3842 3841
f 4646 4648 4647
f 4656 4597 4598
f 4781 4820 4784
f 4972 4974 4973
f 5101 5109 5120
f 5095 5115 5125
f 5090 5132 5093
f 5131 5134 5133
f 5134 5127 5135
f 5117 5140 5129
f 3539 3863 3595
f 4006 3792 4007
f 5128 5099 5124
f 5097 5089 5096
f 5274 5271 5259
f 4571 4569 4549
f 4225 4238 4224
f 5156 5170 5172
f 4538 4540 4537
f 4622 4665 4662
f 4981 5004 4980
f 5012 4975 5013
f 5148 5149 5157
f 5157 5133 5134
f 5161 5145 5160
f 4261 4242 4260
f 5294 5291 5268
f 4255 4532 4261
f 5274 5250 5251
f 4246 4207 4248
f 3314 3927 3912
f 4670 4672 4671
f 4995 4673 4986
f 4638 4603 4600
f 4341 4525 4340
f 5163 5165 5162
f 4834 4784 4819
f 4784 4682 4819
f 4844 4687 4688
f 5280 5275 5285
f 4217 4564 4188
f 4554 4556 4555
f 4551 4556 4594
f 4549 4544 4571
f 5141 5173 5175
f 4653 4683 4682
f 4973 4989 4988
f 4984 5015 4983
f 5177 5170 5178
f 5166 5181 5182
f 5141 5139 5138
f 5178 5151 5177
f 5244 5203 5245
f 5252 5245 5253
f 4479 4079 4493
f 4402 4404 4403
f 3500 4419 3499
f 5856 5909 5913
f 4488 3348 3349
f 8851 5885 5886
f 3607 5701 4098
f 3508 3503 3504
f 5847 5896 5894
f 4374 4309 4263
f 3380 4438 3379
f 9025 3553 3554
f 5718 4131 3973
f 3300 3283 3321
f 5551 3276 5552
f 5552 3369 5553
f 5555 5483 5557
f 5859 5896 5858
f 4133 3794 3915
f 3606 3652 3610
f 4900 4766 4691
f 4616 4789 4788
f 3738 4164 3757
f 4774 4642 4801
f 4399 3402 4175
f 5853 5795 5851
f 3936 4427 3935
f 3418 4064 4065
f 5510 3840 5514
f 3270 3279 3269
f 3274 4056 4055
f 4359 4305 4306
f 4135 3504 4111
f 3610 3609 3606
f 3837 3557 5425
f 5940 4401 5941
f 5853 5803 5847
f 5725 5515 5727
f 3246 4117 3245
f 5713 5672 5681
f 4918 4916 4915
f 4148 3771 5703
f 5106 5113 5111
f 4147 5709 4146
f 5152 5177 5151
f 9026 4111 4112
f 5104 5103 5112
f 3531 3485 3593
f 3713 3715 3714
f 3699 3815 3697
f 4467 4459 4478
f 4703 4736 4640
f 5405 3846 5406
f 3555 3963 3964
f 4120 5411 4119
f 4217 4185 4218
f 3279 5441 3269
f 4944 4959 4966
f 4353 4344 4357
f 3815 3716 4104
f 3374 4052 4051
f 4491 4516 4515
f 5865 5833 5866
f 5819 5856 5862
f 5807 5856 5808
f 3933 3281 3929
f 3208 3920 3919
f 8907 8902 8903
f 5288 5295 5287
f 3728 3747 3748
f 3309 4083 3336
f 5119 5101 5120
f 3811 3789 4002
f 3595 3992 3993
f 4106 4100 4107
f 5696 5576 3885
f 3708 3750 3707
f 3744 4165 4163
f 5905 5892 5906
f 3403 4175 3402
f 4133 3506 3507
f 4147 3544 3545
f 3561 3325 3324
f 3237 3239 3238
f 4877 4793 4794
f 3241 3243 3242
f 3597 3625 3596
f 3279 3281 3280
f 3371 3373 3372
f 3599 3567 3598
f 3975 4032 4031
f 3277 3250 3278
f 3774 3565 3773
f 3658 3780 3779
f 4961 4963 4960
f 3600 3616 4096
f 4228 4202 4199
f 4011 4318 4350
f 4307 4262 4308
f 4838 4841 4842
f 4782 4773 4743
f 4914 4946 4947
f 4839 4765 4836
f 4771 4645 4642
f 4962 4964 4963
f 4966 4963 4964
f 3601 3615 3600
f 5878 5879 5881
f 5890 5881 5889
f 3720 4158 3719
f 4755 4689 4663
f 3740 3718 3739
f 5695 5686 5714
f 5740 5742 5741
f 5733 5736 5749
f 5755 5750 5749
f 5745 5762 5740
f 5798 5800 5799
f 4706 4879 4705
f 5651 5619 5620
f 5850 5797 5772
f 5804 5806 5805
f 4087 5707 4086
f 5915 5914 5916
f 5703 4167 4148
f 5893 5896 5895
f 5892 5919 8858
f 5706 5664 4081
f 5786 5788 5787
f 3973 3841 3493
f 4831 4915 4916
f 5906 8858 8859
f 4965 4969 4964
f 4684 4846 4842
f 3589 3611 3604
f 3596 4150 4091
f 5877 5763 5745
f 4121 4123 4122
f 3469 3868 3502
f 3204 3208 3207
f 3716 3726 3727
f 5460 5426 3571
f 3465 3470 3464
f 5738 3764 3765
f 4887 4655 4888
f 4203 4205 4204
f 3959 4082 4089
f 5758 5886 5885
f 5781 5872 5780
f 4675 4723 4674
f 3757 5751 5732
f 3334 3272 3335
f 8880 5903 5911
f 5615 3473 5614
f 5759 5760 5743
f 8845 8848 8847
f 5778 5780 5779
f 8857 8849 8850
f 4132 3798 3859
f 5839 5841 5842
f 560 3187 559
f 5747 4007 3792
f 5928 8840 5927
f 5766 5768 5767
f 4848 4956 4847
f 4953 4967 4965
f 4832 4910 4915
f 5879 5888 5887
f 3598 3530 4095
f 5747 5730 5748
f 5754 5748 5730
f 5810 5812 5811
f 5758 5749 5736
f 4315 4387 4314
f 5917 5916 5918
f 5913 5910 5914
f 5930 8841 8840
f 4951 4968 4953
f 3209 3201 3202
f 4059 3246 3247
f 8731 8842 8841
f 3776 3585 3778
f 5770 5772 5771
f 5891 5893 5892
f 9028 5641 5439
f 5814 5816 5815
f 5662 5673 5661
f 3522 3524 3523
f 5630 5942 5496
f 5791 5795 5794
f 5746 3754 5876
f 5928 5931 5930
f 5743 5739 5742
f 5876 5875 5878
f 3678 9021 3686
f 4200 4207 4199
f 4114 3916 4149
f 3601 3605 3604
f 3818 3712 3817
f 3315 3317 3316
f 5899 5902 5901
f 8840 5883 8936
f 5562 5559 5560
f 4416 3448 4414
f 3189 3191 3190
f 4751 4747 4671
f 4181 4180 4177
f 3832 5454 5351
f 3362 3526 3361
f 5678 5699 5698
f 3497 3499 3498
f 448 807 447
f 647 122 270
f 5690 5677 5697
f 4183 4185 4184
f 1833 1780 1832
f 5920 5897 5923
f 510 508 507
f 4401 5944 5941
f 5656 5530 5936
f 3970 5940 4293
f 5653 5939 5946
f 5450 5946 5532
f 3384 5945 5487
f 4403 4299 5494
f 5944 3968 5949
f 3963 5951 3852
f 5614 3474 5935
f 5427 3857 5951
f 3210 1887 3201
f 1887 3200 3201
f 15 3197 3200
f 16 3195 3197
f 3195 3187 3194
f 3194 1899 3207
f 3207 375 3204
f 387 126 127
f 3189 1760 5650
f 9029 757 758
f 763 2172 2175
f 9035 9032 9033
f 9033 9031 9030
f 9046 9048 9047
f 8751 9054 8752
f 9078 9077 9079
f 9083 9051 9053
f 9088 9047 9048
f 9099 9040 9097
f 9102 9036 9099
f 9105 9032 9103
f 9105 9106 9031
f 1801 9108 9107
f 9103 9034 9102
f 9096 9047 9089
f 1767 9111 9112
f 1597 9113 1600
f 1708 9117 9116
f 9123 9119 9118
f 9118 9125 9124
f 1588 9116 1587
f 2080 9118 2082
f 2082 9124 2084
f 9126 9087 9083
f 9129 9088 9087
f 5512 5943 5947
f 5634 5488 5948
f 5724 5947 5616
f 9134 9097 9133
f 9144 9102 9138
f 9133 9096 9132
f 786 9144 785
f 9146 9103 9144
f 785 9138 497
f 497 9134 650
f 650 9133 564
f 9148 9133 9132
f 8756 9057 8753
f 9154 9130 9129
f 9151 9131 9130
f 9097 9090 9096
f 1799 9111 1768
f 5949 3964 3853
f 9160 8809 8811
f 8813 9160 8811
f 9166 564 9148
f 9067 9054 9052
f 9162 9148 9150
f 9087 9048 9051
f 9081 9079 9082
f 9049 9051 9048
f 9082 9167 9081
f 9079 9049 9046
f 9169 9175 9170
f 9167 9112 9081
f 9168 9177 9167
f 9120 9113 9177
f 9120 9169 9119
f 9119 9170 9125
f 9179 9125 9170
f 9180 9124 9125
f 9178 9170 9175
f 1576 2084 9124
f 9179 9183 9181
f 3203 1387 3190
f 3190 1791 3189
f 5618 1949 3210
f 317 259 391
f 2000 9105 9146
f 9053 9052 9054
f 9041 9036 9037
f 9029 756 2170
f 9037 9034 9035
f 9130 9089 9088
f 3204 376 3203
f 1801 9109 1799
f 9181 9180 9179
f 1575 9190 1088
f 9187 1576 9180
f 1776 1796 1775
f 1293 1290 1284
f 1326 1327 12
f 1294 1234 1290
f 878 1330 1337
f 5633 5490 5945
f 5933 3360 5502
f 5613 5948 5500
f 5604 3844 5720
f 3972 5950 5601
f 3494 4322 5950
f 4406 5615 4298
f 3492 4292 5943
f 5631 5495 5942
f 497 374 498
f 122 413 121
f 5624 3398 5416
f 9151 9156 9160
f 9058 8752 9054
f 9160 9150 9151
f 8815 9162 8813
f 9156 8794 8809
f 439 399 438
f 1512 1526 1511
f 1668 1738 1671
f 839 1362 838
f 1362 826 1012
f 3425 3418 4047
f 4905 5243 4808
f 4621 4662 4690
f 5582 5574 5577
f 4754 4756 4755
f 3902 4021 4022
f 9295 1896 9267
f 2053 2118 2117
f 9340 2120 2119
f 696 9268 9283
f 4922 4939 4924
f 4365 4186 4183
f 5105 4862 4670
f 5228 5226 5225
f 4781 4877 4794
f 5218 5238 5217
f 4990 4992 4991
f 4335 4336 4251
f 4993 4972 5002
f 4794 4792 4750
f 5886 8852 8851
f 5405 5417 5416
f 4669 4764 4668
f 4676 4698 4679
f 1826 639 640
f 9192 9181 9183
f 5232 5233 5204
f 5418 4122 5419
f 956 886 960
f 5720 3512 5717
f 4728 4730 4729
f 8879 8863 8862
f 1980 1922 807
f 4969 4966 4964
f 33 105 164
f 9028 3254 5437
f 3837 3839 3838
f 4382 4301 4383
f 3908 4122 4123
f 4290 4294 4291
f 4400 4055 4056
f 3219 3221 3220
f 8894 8877 8876
f 4640 4735 4630
f 4389 4216 4213
f 3267 4493 4451
f 3268 4463 4144
f 5097 5098 5088
f 5094 5096 5095
f 5654 5937 5938
f 4089 3960 3959
f 5159 5162 5160
f 5202 5249 5205
f 5412 5414 5413
f 5715 3516 5716
f 5723 4423 5726
f 4263 4323 4374
f 3994 3564 3774
f 1343 9308 9309
f 3470 5667 3464
f 5659 5671 5706
f 3319 4053 3299
f 9359 2128 9354
f 1766 1582 1594
f 14 2163 738
f 595 99 594
f 5703 3772 5702
f 5206 5229 5209
f 3437 3458 3457
f 5516 3487 5509
f 5122 5087 5123
f 3223 3934 3935
f 3979 5402 3978
f 3828 3320 3827
f 5663 4081 5664
f 4035 4490 4461
f 4426 5724 4425
f 3881 4447 4444
f 5407 4118 4119
f 5691 5689 5687
f 5661 5672 5671
f 5911 8901 8880
f 3902 3871 4046
f 5541 5539 5606
f 4069 5561 5562
f 3248 3292 3247
f 1346 1044 1352
f 748 1425 747
f 3297 3255 3934
f 5445 4056 5550
f 5783 5830 5831
f 4310 4376 4373
f 5857 5800 5802
f 3882 4452 3881
f 3193 3919 3951
f 3190 3206 3203
f 4266 4268 4267
f 4488 3420 4486
f 3331 3940 3330
f 4282 4284 4283
f 4606 4607 4605
f 4628 4708 4712
f 4659 4733 4658
f 4615 4829 4614
f 4718 4713 4717
f 5722 4421 5721
f 3307 3461 3433
f 4686 4634 4636
f 3966 3550 3978
f 4738 4875 4873
f 3416 3237 3341
f 4527 4208 4200
f 5093 5114 5092
f 5124 5086 5122
f 5117 5138 5139
f 4631 4640 4630
f 5166 5168 5167
f 5185 5187 5186
f 5194 5191 5171
f 3245 4118 9027
f 5214 5203 5200
f 3230 3318 3284
f 5237 5217 5238
f 5250 5258 5255
f 5113 5084 5085
f 5270 5269 5268
f 4906 5107 4768
f 5271 5267 5270
f 5276 5262 5263
f 5153 5174 5173
f 5290 5268 5291
f 5306 5303 5304
f 5147 5146 5143
f 4585 4856 4584
f 3226 5436 3225
f 4473 4504 4470
f 5765 8897 8895
f 4529 4247 4530
f 8923 8916 8917
f 5713 5682 5714
f 3315 3898 3322
f 5564 5537 5563
f 4468 4441 5466
f 3738 4163 4165
f 4577 4559 4560
f 5567 3366 3363
f 3587 4150 4151
f 5471 4504 4505
f 5860 5816 5817
f 3516 5558 5932
f 5436 5637 5437
f 5050 5083 5060
f 5547 3338 3339
f 9023 3295 4115
f 5708 4132 5711
f 4104 3814 3815
f 3718 4161 4162
f 5498 5679 5692
f 3884 4432 3883
f 3955 3877 3878
f 4049 4061 3977
f 8892 8875 8890
f 4572 4218 4569
f 4440 4442 4441
f 4497 3407 3408
f 4632 4633 4724
f 8906 8881 8902
f 5664 5670 5663
f 3751 3706 3707
f 3511 3736 3800
f 5129 5116 5117
f 5086 5098 5085
f 5135 5128 5136
f 5143 5145 5144
f 5168 5136 5137
f 5297 5246 5257
f 5164 5160 5162
f 5155 5171 5170
f 5137 5167 5168
f 5293 5307 5305
f 5513 4083 5515
f 4053 3825 4057
f 3228 3298 3227
f 3631 3635 3636
f 5689 5670 5693
f 5759 5883 5882
f 3793 3507 4134
f 4906 4891 4907
f 4719 4901 4720
f 3597 4095 4092
f 3352 4125 3262
f 9064 9058 9067
f 9076 9067 9077
f 9083 8794 9126
f 9131 9096 9089
f 9138 9099 9134
f 9154 9126 9156
f 9077 9052 9049
f 9053 8766 9083
f 9191 9187 9181
f 9082 9046 9193
f 9193 9168 9082
f 1284 1288 1285
f 9150 9132 9131
f 3841 3496 3493
f 3570 3336 4083
f 4027 4312 3258
f 4889 4781 4794
f 4041 4044 4043
f 4885 4813 4829
f 5419 3905 5430
f 4367 4227 4224
f 1778 1780 1779
f 1792 1584 1789
f 4308 3869 4307
f 4594 4762 4551
f 4767 4769 4768
f 5461 3366 3847
f 4763 4716 4720
f 4919 4915 4910
f 4300 4334 4333
f 5196 5198 5197
f 5158 5135 5136
f 5431 5433 5432
f 4545 4571 4544
f 4557 4594 4556
f 695 571 694
f 4156 3626 3694
f 4861 4670 4862
f 5681 5674 5682
f 5473 5580 5583
f 3622 4152 4151
f 5647 3574 3231
f 3674 3808 3649
f 4420 3498 3499
f 5675 5666 5674
f 3253 5439 3280
f 5870 5917 5912
f 8887 8919 8886
f 5862 5913 5915
f 3534 3485 3482
f 3313 4484 3312
f 9090 9046 9047
f 4871 4695 4855
f 3778 3822 3819
f 4889 4874 4875
f 4000 3784 4001
f 4897 4911 4910
f 3856 3838 3839
f 4772 4896 4771
f 4015 4376 4014
f 3433 3476 3435
f 4053 3302 3299
f 3367 3363 4434
f 3242 3831 3241
f 3441 4082 4081
f 4735 4855 4854
f 4756 4737 4689
f 3382 3384 3383
f 3698 3697 3682
f 4676 4678 4677
f 4948 4941 4944
f 4890 4805 4747
f 4757 4745 4737
f 4581 4380 4586
f 5716 5932 5597
f 4923 4926 4932
f 5077 5081 5076
f 5078 5058 5054
f 4009 5400 3952
f 5081 5078 5076
f 3930 4513 4514
f 4014 4028 4029
f 4025 4020 4021
f 3618 4096 3616
f 4581 4576 4580
f 4219 4188 4189
f 5440 3335 3272
f 5449 3323 3322
f 4229 4177 4202
f 4590 4214 4589
f 4227 4184 4226
f 4574 4858 4547
f 4565 5453 4563
f 4592 4588 4589
f 4590 4573 4579
f 3517 5521 3519
f 3845 3522 5423
f 4444 3884 3881
f 3982 5533 5535
f 4465 4497 4495
f 4520 4521 4496
f 4076 5591 5590
f 3635 3666 3634
f 3343 4498 5481
f 4022 3870 3871
f 3661 4098 3660
f 5691 5697 5692
f 3768 5742 5739
f 4514 3956 4518
f 3697 3814 3696
f 4394 5460 4395
f 4054 4057 4058
f 3284 3323 3559
f 4052 4169 4397
f 4447 4510 4446
f 4456 3346 4138
f 4483 3877 4482
f 4482 4512 4492
f 4492 4513 4516
f 5642 5439 5641
f 5448 5442 5440
f 5466 3882 3883
f 3340 4445 3339
f 8908 8910 8911
f 4397 3835 3980
f 5413 3521 5412
f 3234 3932 3233
f 5753 8895 8894
f 8896 5756 5755
f 8921 8889 8888
f 8915 8911 8916
f 3933 3935 3934
f 3620 3657 3623
f 3966 3968 3967
f 4905 4769 4770
f 3225 5437 3254
f 5433 3984 5435
f 5714 5693 5713
f 5435 3985 5436
f 3954 3955 3878
f 4713 4632 4724
f 4879 4632 4705
f 3983 3896 3897
f 9027 3248 3245
f 5871 5912 5904
f 5849 5891 5905
f 4702 4640 4641
f 4213 4579 4389
f 3644 3688 3689
f 9193 9040 9041
f 8920 8935 8919
f 5406 4130 4127
f 4140 5401 4139
f 5659 3904 5660
f 4772 4783 4834
f 4244 4246 4245
f 4061 4037 4038
f 3669 3803 3668
f 3459 3209 3202
f 4072 5484 4071
f 4835 4834 4819
f 5660 5661 5659
f 4262 4264 4263
f 3633 3627 3628
f 3685 3676 3686
f 4517 3235 3304
f 4145 4085 3544
f 5455 5459 3850
f 5638 5640 5641
f 3228 3254 3255
f 4044 3411 3412
f 3614 3612 3613
f 3273 3275 3274
f 4952 4961 4918
f 4959 4960 4963
f 4888 4761 4860
f 4254 4256 4255
f 4199 4201 4200
f 4499 4465 5480
f 5479 4496 4521
f 5952 5954 5955
f 5956 5958 5959
f 5959 5960 5961
f 5962 5964 5965
f 5966 5968 5969
f 5967 5971 5968
f 5963 5961 5960
f 5972 5964 5973
f 5974 5976 5977
f 5978 5980 5981
f 5982 5984 5985
f 5986 5985 5984
f 5988 5990 5991
f 5992 5994 5995
f 5996 5998 5999
f 6000 6002 6003
f 6004 6006 6007
f 6008 6010 6011
f 6012 6014 6015
f 6016 6018 6019
f 6020 6022 6023
f 6024 6026 6027
f 6028 6030 6031
f 6032 6034 6035
f 6036 6038 6039
f 6040 6013 6012
f 6042 6044 6045
f 5992 6047 5993
f 6048 6050 6051
f 6052 6054 6055
f 6056 6058 6059
f 6060 5987 5986
f 6062 6064 6065
f 6066 6068 6069
f 6070 6027 6026
f 6072 6057 6056
f 6075 6077 6074
f 6078 6080 6081
f 6082 6054 6084
f 6085 6081 6086
f 6087 5990 6088
f 6061 6089 5987
f 6089 6091 6092
f 6092 6093 6094
f 6095 5981 6096
f 6062 6084 6063
f 6097 6035 6034
f 6056 6099 6072
f 6100 6102 6103
f 6001 6104 6105
f 6107 6109 6106
f 6110 6112 6113
f 6114 6025 6115
f 6116 6118 6119
f 6120 6122 6123
f 6124 6126 6127
f 6128 6101 6100
f 6039 6131 6036
f 6132 6134 6135
f 6136 6138 6003
f 6139 6141 6142
f 6143 6145 6146
f 6148 6150 6147
f 6152 6154 6151
f 6155 6157 6158
f 6159 6161 6162
f 6163 6165 6166
f 6167 6169 6170
f 6171 6173 6174
f 6175 6104 6177
f 6178 6180 6181
f 6023 6183 6020
f 6184 6186 6187
f 6117 6188 6189
f 6190 6192 6193
f 6194 6026 6114
f 6195 6191 6190
f 6197 6199 6200
f 6201 6203 6204
f 6205 6207 6208
f 6209 6201 6204
f 6197 6211 6212
f 6212 6213 6214
f 5979 6214 6213
f 6203 6217 6204
f 6206 6198 6207
f 6218 5962 6219
f 5965 6219 5962
f 5972 3354 6221
f 6070 6222 6223
f 6224 6226 6227
f 6228 6230 6231
f 6232 6234 6235
f 6196 6236 6237
f 6071 6223 6238
f 6239 6241 6242
f 6243 6245 6246
f 6247 6248 6249
f 6250 6252 6253
f 6254 6256 6257
f 6258 6260 6261
f 6229 6263 6230
f 6264 6242 6241
f 6266 6268 6269
f 6270 6272 6273
f 6274 6276 6277
f 6195 6279 6236
f 6280 6281 6282
f 6283 6285 6286
f 6123 6287 6288
f 6289 6291 6292
f 6293 6243 6295
f 6240 6297 6241
f 6298 6267 6266
f 6300 6302 6303
f 6304 6306 6307
f 6251 6308 6309
f 6247 6311 6312
f 6313 6315 6316
f 6314 6317 6318
f 6319 6320 6321
f 6322 6088 6323
f 6216 6258 6217
f 6325 6327 6328
f 6217 6261 6329
f 6330 6238 6331
f 6071 6048 6027
f 6015 6333 6012
f 6079 6335 6080
f 6336 6240 6239
f 6294 6296 6240
f 6337 6339 6340
f 6341 6343 6344
f 6345 6347 6348
f 6266 6349 6298
f 6350 6352 6353
f 6295 6246 6354
f 6303 6356 6300
f 6357 6359 6360
f 6361 6363 6364
f 6365 6353 6366
f 6367 6369 6370
f 6371 6370 6372
f 6372 6374 6371
f 6375 6373 6376
f 6376 6378 6375
f 6379 6381 6382
f 6383 6385 6386
f 6387 6389 6390
f 6391 6393 6394
f 6395 6397 6398
f 6398 6400 6395
f 6399 6402 6400
f 6403 6401 6404
f 6405 6407 6408
f 6409 6411 6412
f 6367 6413 6414
f 6374 6415 6416
f 6417 6384 6383
f 6419 6348 6347
f 6421 6423 6424
f 6425 6400 6402
f 6426 6395 6400
f 6393 6428 6429
f 6429 6394 6393
f 6390 6431 6432
f 6433 6408 6407
f 6435 6437 6438
f 6439 6411 6438
f 6392 6441 6442
f 6397 6442 6443
f 6401 6444 6445
f 6446 6437 6404
f 6448 6450 6451
f 6452 6454 6455
f 6442 6456 6457
f 6443 6457 6458
f 6444 6460 6461
f 6445 6461 6462
f 6463 6462 6465
f 6446 6462 6464
f 6466 6468 6469
f 6448 6470 6471
f 6453 6472 6473
f 6474 6476 6477
f 6478 6480 6481
f 6482 6484 6485
f 6486 6488 6489
f 6490 6492 6493
f 6493 6494 6495
f 6496 6498 6499
f 6500 6502 6503
f 6504 6506 6507
f 6508 6509 6510
f 6511 6513 6508
f 6499 6515 6496
f 6516 6518 6519
f 6520 6522 6523
f 6524 6525 6526
f 6507 6527 6504
f 6504 6528 6510
f 6528 6508 6510
f 6529 6531 6532
f 6342 6534 6343
f 6535 6346 6536
f 6347 6537 6419
f 6434 6539 6408
f 6539 6405 6408
f 6541 6451 6450
f 6543 6470 6545
f 6546 6481 6547
f 6499 6548 6549
f 6549 6514 6499
f 6551 6553 6554
f 6555 6557 6558
f 6403 6423 6559
f 6426 6413 6416
f 6415 6428 6427
f 6430 6561 6562
f 6434 6420 6419
f 6563 6565 6566
f 6404 6445 6446
f 6459 6399 6398
f 6455 6388 6387
f 6405 6449 6406
f 6540 6450 6405
f 6567 6568 6569
f 6570 6463 6567
f 6475 6490 6465
f 6458 6571 6572
f 6573 6574 6575
f 6576 6578 6579
f 6193 6580 6581
f 6582 6584 6585
f 6583 6586 6587
f 6588 6587 6586
f 6590 6068 6591
f 6592 6594 6319
f 6251 6595 6252
f 6304 6597 6598
f 6272 6599 6273
f 3737 6558 6557
f 6600 6160 6601
f 6123 6603 6120
f 6604 6606 6607
f 6608 6208 6609
f 5972 6220 5965
f 6610 6612 6556
f 6613 6615 6616
f 6242 6618 6239
f 6226 6245 6227
f 6620 6622 6623
f 6624 6146 6625
f 6626 6211 6136
f 6627 6629 6630
f 6631 6633 6634
f 6235 6636 6232
f 6637 6639 6640
f 6641 6286 6642
f 6643 6645 6646
f 6647 6649 6650
f 6244 6294 6336
f 6336 6652 6244
f 6194 6237 6222
f 6196 6114 6191
f 6115 6191 6114
f 6653 6655 6656
f 6657 6189 6658
f 6117 6659 6118
f 6130 6156 6131
f 6133 6151 6134
f 6661 6662 6660
f 6663 6616 6552
f 6664 6273 6665
f 6418 6432 6431
f 6290 6328 6291
f 6666 6556 6612
f 6557 3805 3737
f 5971 6668 5968
f 6181 6670 6178
f 6671 6673 6674
f 6676 6672 6675
f 6675 6149 6676
f 6067 5999 5998
f 6677 6679 6680
f 6681 6683 6684
f 6087 6090 6089
f 5983 6685 6686
f 5982 6687 6685
f 6094 6688 6687
f 6211 6137 6136
f 6689 6691 6692
f 6690 3833 3832
f 6001 6686 6002
f 5978 6215 5979
f 6694 5978 6095
f 5974 6095 6695
f 6183 6696 6697
f 6698 5961 6218
f 5959 6699 5956
f 6697 6700 6701
f 6702 6703 6704
f 5968 6705 5969
f 6706 5955 5954
f 6707 6617 6708
f 6024 6709 6710
f 6402 6559 6425
f 3852 6712 3853
f 3856 6593 3857
f 5977 6694 5974
f 6713 5977 5976
f 6714 6716 6717
f 6718 6308 6250
f 6720 6254 6721
f 6722 6724 6725
f 6312 6726 6727
f 6069 6728 6729
f 6319 6730 6086
f 6731 6644 6732
f 6732 6734 6731
f 6046 6320 6047
f 3880 6666 6735
f 6736 6738 6739
f 6531 6741 6326
f 6300 6614 6613
f 6742 6325 6290
f 6743 3891 3890
f 6744 6301 6745
f 6746 6534 6533
f 6536 6579 6535
f 6535 6563 6537
f 6566 6537 6563
f 6538 6409 6539
f 6412 6539 6409
f 6412 6541 6540
f 6748 6542 6541
f 6749 6545 6542
f 6568 6547 6543
f 6751 6548 6546
f 6753 6550 6549
f 6755 6757 6758
f 6759 6761 6762
f 6763 6765 6762
f 6764 6623 6765
f 6766 6768 6769
f 6770 6772 6773
f 6774 6776 6777
f 6021 6777 6022
f 6723 6779 6724
f 6780 6782 6783
f 6784 6786 6787
f 6788 6790 6791
f 6185 6793 6186
f 6794 6725 6795
f 6729 6098 6097
f 6135 6798 6132
f 6799 6065 6800
f 6037 6802 6038
f 6005 6588 6586
f 6005 6804 6006
f 6052 6010 6805
f 6586 6803 6005
f 6092 5987 6089
f 6094 5985 6092
f 6096 6695 6095
f 6082 6799 6585
f 6657 6041 6659
f 6013 6658 6014
f 6795 6807 6808
f 6809 6811 6812
f 6813 6815 6816
f 6817 6819 6820
f 6821 6823 6824
f 6329 6204 6217
f 6202 6826 6203
f 6072 6827 6828
f 6598 6305 6304
f 6301 6613 6663
f 6830 6271 6270
f 6822 6778 6823
f 6326 6832 6327
f 6203 6833 6216
f 6027 6051 6024
f 6360 6835 6357
f 6836 6838 6839
f 6837 6841 6838
f 6362 6366 6363
f 6380 6384 6381
f 6421 6578 6842
f 6566 6410 6409
f 6394 6388 6391
f 6414 6368 6367
f 6371 6416 6413
f 6561 6378 6382
f 6382 6562 6561
f 6381 6418 6562
f 6389 6430 6431
f 6391 6454 6441
f 6441 6453 6456
f 6456 6473 6574
f 6495 6750 6568
f 6843 6485 6484
f 6844 6843 6846
f 6573 6847 6848
f 6849 6487 6486
f 6513 6752 6469
f 6517 6850 6503
f 6521 6851 6850
f 6844 6852 6853
f 6505 6510 6509
f 6753 6512 6754
f 6516 6521 6517
f 6614 6854 6615
f 6742 4003 3891
f 6708 6855 6856
f 6307 6857 6858
f 6307 6665 6304
f 6414 6425 6559
f 6416 6427 6426
f 6562 6431 6430
f 6419 6538 6434
f 6358 6839 6359
f 6059 6859 6860
f 6861 6863 6864
f 6865 6867 6868
f 6115 6869 6870
f 6871 6873 6874
f 6721 6596 6875
f 6876 6556 6555
f 6877 6552 6551
f 6551 6268 6877
f 6879 6265 6269
f 6239 6651 6336
f 6230 6619 6226
f 6171 6669 6880
f 6106 6882 6881
f 6883 6822 6821
f 6759 6187 6174
f 6725 6785 6807
f 6885 6808 6791
f 6886 6888 6031
f 6701 6756 6755
f 6884 6779 6822
f 6715 6309 6308
f 6889 6890 6891
f 6743 4042 6892
f 6270 6893 6830
f 6386 6895 6383
f 6895 6420 6896
f 6897 6417 6896
f 6897 6407 6898
f 6390 6899 6387
f 6900 6406 6449
f 6455 6901 6452
f 6902 6904 6471
f 6482 6905 6483
f 6501 6907 6502
f 6496 6908 6909
f 6532 6326 6325
f 6532 6743 6529
f 6612 6735 6666
f 6611 6910 6612
f 6626 5979 6213
f 6704 6105 6702
f 6913 6591 6914
f 6915 6795 6885
f 6229 4067 4066
f 6263 6289 6619
f 6745 6663 6877
f 6916 6757 6917
f 6885 6165 6915
f 6920 6783 6919
f 6921 6923 6924
f 6925 6924 6926
f 6927 6929 6930
f 6931 6933 6934
f 6935 6937 6938
f 6939 6941 6942
f 6943 6945 6946
f 6947 6949 6950
f 6944 6951 6952
f 6953 6955 6956
f 6957 6959 6960
f 6961 6929 6963
f 6964 6966 6967
f 6968 6970 6971
f 6969 6955 6970
f 6972 6946 6973
f 6974 6976 6977
f 6978 6980 6981
f 6940 6982 6983
f 6984 6986 6987
f 6988 6990 6991
f 6992 6989 6993
f 6994 6996 6997
f 6998 7000 7001
f 7002 7004 7005
f 7006 7008 7009
f 7010 7012 7013
f 7014 7016 7017
f 7018 6999 6998
f 7020 7022 7023
f 7024 7026 7027
f 7028 7030 7031
f 7032 7034 7035
f 7003 7036 7037
f 7038 7040 7027
f 6993 7030 7041
f 7042 7044 7045
f 7046 7007 7006
f 7011 7048 7049
f 7050 7052 7053
f 7054 7014 7055
f 7015 7056 7057
f 6621 7045 7044
f 7049 6775 6774
f 7051 6021 6020
f 7055 6701 7054
f 7054 6755 7056
f 6764 7047 7046
f 7020 7059 7013
f 7060 7062 7063
f 6958 7065 6959
f 6925 7067 6973
f 7068 6934 6926
f 7069 6991 7070
f 7071 7072 7073
f 7074 7076 7077
f 7078 7080 7081
f 7014 7082 7083
f 7084 7086 7087
f 7025 7031 7026
f 7085 7072 7088
f 7089 7087 7090
f 7055 7083 7091
f 7090 6770 6773
f 7092 7094 7095
f 7091 6697 7055
f 6770 7086 6758
f 7095 6767 6766
f 7096 6980 7097
f 7098 6940 7099
f 7058 7023 7100
f 7101 6930 7102
f 6974 7063 6967
f 7103 6971 7104
f 7105 6981 6977
f 7106 7036 7108
f 7109 7010 7110
f 7111 7018 7034
f 7098 7037 7100
f 7048 7112 6775
f 7113 7041 6997
f 6994 7115 7088
f 6965 6923 6966
f 6975 6945 6976
f 7061 7065 7062
f 6954 6933 6963
f 6763 7109 7047
f 7046 6620 6764
f 6947 7067 6956
f 6758 7056 6755
f 7118 7039 7038
f 7038 7070 7118
f 7106 7121 7122
f 7123 7053 7052
f 7123 7083 7082
f 7045 7006 7042
f 7107 7122 7009
f 7091 7052 7051
f 7091 6020 6183
f 6936 7097 6937
f 7125 6960 7102
f 6774 7050 7049
f 7119 6942 7039
f 7019 7005 6999
f 7011 7124 7012
f 7021 7040 7022
f 7114 7016 7115
f 7053 7049 7050
f 7086 7057 7056
f 6993 7127 6992
f 7075 7113 7076
f 4281 6603 7128
f 6012 7129 6040
f 7130 6584 7131
f 6797 7133 6798
f 6074 7135 6075
f 6789 6173 6790
f 6760 6776 6761
f 7136 6801 6589
f 6914 6674 6913
f 7007 7059 7008
f 7099 7003 7098
f 6984 7104 6938
f 7110 7047 7109
f 6333 6587 7129
f 5956 6667 5971
f 5957 5971 5970
f 7137 6308 6719
f 4292 6718 6250
f 6693 6668 6215
f 6215 6667 6214
f 6214 6699 6212
f 6698 6212 6699
f 6219 6198 6218
f 6207 6220 6208
f 6220 6609 6208
f 6262 4066 4003
f 7138 7140 7141
f 4298 7140 4299
f 7143 7145 7146
f 7147 7144 7149
f 7149 7151 7147
f 7150 7153 7151
f 6329 7154 7152
f 6261 7155 7154
f 7156 7157 7158
f 6598 7159 7160
f 6257 7161 7162
f 6256 4321 7161
f 6693 6706 6705
f 5954 6705 6706
f 5953 5969 5954
f 7163 5983 6912
f 7164 6138 7166
f 7167 7169 7170
f 6141 7172 6142
f 7166 7173 7164
f 6141 7174 7175
f 7176 7178 7179
f 7180 7182 7183
f 7184 7186 7187
f 6631 7183 7188
f 6218 6197 6698
f 6625 7189 6624
f 6814 7190 7191
f 6882 7193 7194
f 7195 6109 6108
f 6888 7198 7199
f 7200 7202 7203
f 7176 6630 7204
f 6029 7187 6030
f 7205 7207 7208
f 7209 7211 7212
f 7203 7213 7214
f 6886 6778 6723
f 6031 7215 6886
f 7216 7218 7219
f 7220 6880 6669
f 6076 7220 7222
f 6074 6672 6671
f 6147 6662 7223
f 7223 6111 6110
f 6810 6113 6112
f 6920 6914 6591
f 6077 6675 6672
f 6660 6076 6661
f 7222 6669 6181
f 7224 6181 6180
f 6660 6150 6675
f 7225 6794 6915
f 6783 7225 6164
f 6781 6068 6067
f 7217 7228 7218
f 6031 7199 6028
f 6887 6723 6722
f 6164 6915 6165
f 6780 6591 6068
f 7134 6671 6914
f 7229 6824 6823
f 7187 7230 7229
f 7226 6722 6794
f 7231 6169 7233
f 7201 7233 7202
f 6107 7235 7200
f 7215 6823 6778
f 6030 7229 7215
f 7236 7219 7179
f 7237 6820 6819
f 7237 7207 7238
f 7239 7241 7242
f 6739 7244 6736
f 7245 7242 7246
f 7233 6168 7247
f 7247 7202 7233
f 7195 7203 7214
f 7248 7250 6703
f 7227 7252 7228
f 7253 5998 7251
f 6067 7198 6781
f 6781 7197 6782
f 5984 6683 5986
f 7254 6678 6684
f 6679 7252 5997
f 6887 7197 6888
f 6782 7226 7225
f 7135 6163 7221
f 7221 6075 7135
f 6661 7222 7224
f 7224 6111 6661
f 6180 6112 7224
f 6179 6810 6180
f 6811 6793 6649
f 6650 6622 6769
f 6766 7044 7095
f 7095 7043 7092
f 7092 7121 7081
f 7078 7255 7033
f 7256 7257 7258
f 6768 7259 6647
f 6773 7094 7090
f 7090 7093 7089
f 7089 7080 7073
f 7071 7032 7260
f 7077 6998 7074
f 6995 7260 6996
f 7077 7261 7035
f 7035 7018 7077
f 7108 7111 7255
f 6978 7262 7001
f 7105 7264 7262
f 7263 6952 7264
f 6990 6951 7265
f 6972 7266 7265
f 7117 6950 7266
f 6948 7267 6949
f 6969 6982 7267
f 7103 6987 6983
f 7005 6986 7268
f 6999 7268 7000
f 7269 7271 7272
f 7274 7275 7273
f 7274 7276 7277
f 7278 7280 7281
f 7282 7284 7285
f 7286 7288 7289
f 7290 7292 7293
f 7294 7296 7293
f 7068 7298 7299
f 7300 7302 7303
f 7304 7305 7306
f 7307 7305 7308
f 7309 7283 7310
f 7311 7313 7314
f 7125 7306 7315
f 7285 7280 7282
f 7277 7303 7302
f 6965 7316 7317
f 7318 7316 7319
f 7320 7271 7314
f 7312 7296 7313
f 7270 7298 7322
f 7311 7322 7317
f 6961 7300 7308
f 7323 7325 7326
f 7327 7328 7329
f 7064 7325 7328
f 7287 7292 7288
f 6931 7299 7301
f 7331 7329 7319
f 7332 7334 7335
f 7336 7338 7339
f 7340 7333 7332
f 7342 7343 7344
f 7345 7347 7344
f 7348 7350 7351
f 7352 7354 7355
f 7356 7358 7359
f 7360 7362 7363
f 7365 7367 7364
f 7368 7370 7371
f 7372 7336 7374
f 7373 7337 7336
f 7367 7376 7377
f 7378 7380 7381
f 7382 7384 7385
f 7386 7385 7384
f 7388 7390 7391
f 7392 7333 7393
f 7394 7396 7397
f 7398 7400 7401
f 7402 7404 7405
f 7406 7408 7409
f 7410 7383 7382
f 7412 7414 7415
f 7385 7417 7382
f 7389 7419 7390
f 7373 7421 7375
f 7420 7372 7422
f 7369 7424 7370
f 7399 7397 7425
f 7393 7341 7342
f 7398 7357 7426
f 7358 7401 7427
f 7428 7430 7431
f 7433 7435 7432
f 7363 7436 7437
f 7383 7439 7384
f 7411 7438 7383
f 7441 7443 7444
f 7445 7339 7447
f 7374 7339 7446
f 7444 7364 7448
f 7448 7450 7449
f 7364 7451 7450
f 7451 7377 7452
f 7449 7454 7453
f 7455 7450 7451
f 7456 7451 7452
f 7410 7458 7459
f 7460 7462 7369
f 7423 7462 7463
f 7464 7466 7467
f 7468 7347 7470
f 7376 7471 7472
f 7425 7396 7473
f 7475 7477 7474
f 7478 7480 7481
f 7482 7407 7406
f 7484 7351 7486
f 7487 7488 7489
f 7490 7492 7493
f 7412 7434 7433
f 7494 7434 7415
f 7496 7391 7497
f 7440 7498 7499
f 7401 7488 7500
f 7485 7345 7501
f 7500 7427 7401
f 7395 7469 7468
f 7503 7505 7506
f 7507 7509 7510
f 7511 7513 7514
f 7511 7515 7516
f 7517 7519 7520
f 7521 7523 7355
f 7352 7525 7526
f 7415 7527 7494
f 7528 7530 7486
f 7404 7502 7500
f 7477 7496 7532
f 7512 7481 7513
f 7405 7500 7488
f 7533 7535 7536
f 7378 7510 7537
f 7532 7379 7538
f 7539 7541 7542
f 7524 7355 7523
f 7351 7501 7348
f 7414 7523 7527
f 7522 7527 7523
f 7544 7412 7545
f 7546 7547 7548
f 7526 7353 7352
f 7550 7355 7354
f 7521 7551 7548
f 7552 7548 7551
f 7546 7553 7554
f 7522 7548 7547
f 7418 7520 7555
f 7416 7554 7417
f 7457 7558 7458
f 7557 7560 7558
f 7535 7561 7562
f 7562 7563 7564
f 7564 7349 7348
f 7351 7565 7486
f 7567 7569 7566
f 7570 7520 7519
f 7419 7555 7571
f 7572 7348 7501
f 7389 7556 7418
f 7573 7493 7480
f 7552 7534 7553
f 7562 7536 7535
f 7572 7576 7574
f 7422 7578 7420
f 7423 7580 7424
f 7579 7463 7581
f 7578 7576 7582
f 7583 7381 7380
f 7586 7581 7585
f 7533 7579 7586
f 7447 7338 7587
f 7588 7531 7589
f 7590 7431 7591
f 7321 7592 7585
f 7275 7463 7273
f 7461 7276 7462
f 7279 7461 7453
f 7453 7593 7279
f 7594 7454 7455
f 7330 7498 7459
f 7459 7294 7330
f 7558 7595 7295
f 7560 7320 7595
f 7275 7585 7581
f 7462 7273 7463
f 7596 7380 7497
f 7597 7406 7409
f 7467 7599 7600
f 7601 7603 7604
f 7605 7444 7443
f 7365 7606 7366
f 7607 7494 7608
f 7513 7473 7396
f 7396 7514 7513
f 7514 7468 7515
f 7470 7515 7468
f 7610 7609 7470
f 7612 7476 7475
f 7613 7529 7614
f 7442 7615 7616
f 7343 7617 7618
f 7574 7577 7536
f 7619 7399 7491
f 7518 7509 7519
f 7491 7425 7492
f 7549 7621 7565
f 7491 7622 7619
f 7377 7440 7452
f 7379 7497 7380
f 7453 7460 7449
f 7411 7459 7498
f 7623 7391 7390
f 7625 7610 7484
f 7487 7483 7626
f 7619 7408 7489
f 7627 7620 7549
f 7538 7378 7537
f 7389 7477 7476
f 7629 7412 7433
f 7489 7407 7487
f 7628 7598 7597
f 7413 7524 7414
f 7592 7559 7630
f 7584 7632 7381
f 7569 7633 7571
f 7570 7566 7569
f 7631 7566 7632
f 7508 7519 7509
f 7614 7480 7613
f 7346 7470 7347
f 7572 7562 7564
f 7571 7634 7419
f 7346 7484 7610
f 7607 7431 7495
f 7585 7630 7586
f 7624 7497 7391
f 7635 7384 7439
f 7636 7502 7588
f 7323 7310 7289
f 7420 7582 7421
f 7637 7455 7456
f 7287 7499 7498
f 7458 7295 7294
f 7439 7472 7635
f 7599 7604 7600
f 7359 7427 7636
f 7436 7639 7437
f 7490 7640 7622
f 7481 7493 7473
f 7641 7505 7525
f 7642 7627 7644
f 7492 7473 7493
f 7517 7625 7530
f 7625 7486 7530
f 7634 7390 7419
f 7474 7532 7516
f 7448 7441 7444
f 7368 7449 7460
f 7615 7368 7371
f 7638 7602 7639
f 7575 7501 7345
f 7571 7570 7569
f 7400 7489 7488
f 7508 7632 7566
f 7503 7540 7539
f 6957 7315 7326
f 7376 7438 7377
f 7507 7381 7632
f 7499 7452 7440
f 7286 7456 7499
f 7504 7644 7505
f 7368 7460 7369
f 7645 7627 7643
f 7647 7633 7646
f 7647 7623 7634
f 7649 7623 7648
f 7650 7624 7649
f 7646 7568 7651
f 7651 7567 7652
f 7653 7567 7631
f 7651 7655 7646
f 7656 7658 7659
f 7660 7657 7661
f 7663 7656 7662
f 7664 7663 7666
f 7667 7663 7662
f 7667 7668 7655
f 7663 7661 7657
f 7670 7672 7669
f 7661 7671 7660
f 7659 7662 7656
f 7648 7668 7659
f 7648 7673 7649
f 7659 7674 7673
f 7658 7675 7674
f 7668 7646 7655
f 7660 7676 7675
f 7675 7678 7674
f 7677 7676 7679
f 7677 7681 7678
f 7682 7678 7681
f 7677 7684 7680
f 7673 7678 7683
f 7683 7649 7673
f 7685 7671 7670
f 7667 7686 7666
f 7666 7687 7664
f 7654 7686 7655
f 7689 7686 7688
f 7664 7691 7690
f 7650 7583 7596
f 7693 7631 7584
f 7584 7692 7693
f 7693 7682 7694
f 7694 7681 7695
f 7694 7653 7693
f 7650 7682 7692
f 7696 7652 7653
f 7654 7652 7697
f 7688 7697 7698
f 7699 7697 7696
f 7700 7698 7699
f 7695 7696 7694
f 7699 7702 7700
f 7689 7698 7701
f 7689 7703 7704
f 7705 7707 7703
f 7701 7705 7703
f 7704 7707 7685
f 7685 7691 7704
f 7687 7704 7691
f 7680 7695 7681
f 7684 7702 7680
f 7702 7705 7700
f 7684 7707 7706
f 7676 7707 7679
f 7665 7672 7661
f 7670 7690 7691
f 7665 7690 7669
f 7611 7474 7609
f 7510 7479 7478
f 7511 7537 7512
f 7516 7538 7511
f 7517 7613 7518
f 7537 7478 7512
f 7611 7612 7475
f 7613 7479 7518
f 7556 7517 7520
f 7516 7609 7474
f 7708 7710 7711
f 7712 7714 7715
f 7713 7717 7714
f 7719 7721 7718
f 7722 7597 7409
f 7724 7715 7725
f 7726 7728 7729
f 7731 7573 7730
f 7730 7614 7732
f 7733 7735 7736
f 7721 7724 7737
f 7731 7409 7640
f 7708 7729 7738
f 7737 7709 7739
f 7716 7736 7740
f 7742 7744 7745
f 7740 7735 7746
f 7717 7740 7747
f 7716 7720 7741
f 7748 7711 7710
f 7750 7710 7725
f 7720 7751 7741
f 7734 7728 7735
f 7709 7725 7710
f 7752 7715 7714
f 7739 7708 7738
f 7720 7712 7721
f 7749 7755 7711
f 7745 7756 7747
f 7746 7742 7745
f 7743 7755 7754
f 7727 7735 7728
f 7747 7757 7717
f 7753 7725 7715
f 7751 7620 7733
f 7757 7714 7717
f 7718 7737 7732
f 7747 7746 7745
f 7727 7755 7742
f 7726 7711 7755
f 7759 7756 7758
f 7759 7752 7757
f 7760 7753 7752
f 7761 7750 7753
f 7758 7744 7763
f 7763 7743 7764
f 7754 7764 7743
f 7763 7767 7758
f 7768 7770 7771
f 7772 7771 7773
f 7775 7772 7774
f 7776 7775 7778
f 7779 7775 7774
f 7775 7769 7768
f 7770 7781 7780
f 7782 7772 7773
f 7760 7782 7773
f 7760 7783 7761
f 7773 7784 7783
f 7770 7784 7771
f 7779 7782 7767
f 7782 7758 7767
f 7785 7780 7786
f 7785 7788 7784
f 7787 7786 7789
f 7787 7791 7788
f 7792 7788 7791
f 7787 7794 7790
f 7793 7784 7788
f 7762 7783 7793
f 7796 7780 7795
f 7795 7781 7797
f 7779 7798 7778
f 7799 7778 7798
f 7766 7798 7767
f 7800 7799 7798
f 7802 7799 7803
f 7795 7802 7803
f 7762 7748 7750
f 7805 7754 7749
f 7749 7804 7805
f 7805 7792 7806
f 7806 7791 7807
f 7806 7765 7805
f 7793 7804 7762
f 7808 7764 7765
f 7766 7764 7809
f 7766 7810 7800
f 7811 7809 7808
f 7812 7810 7811
f 7807 7808 7806
f 7811 7814 7812
f 7813 7800 7810
f 7801 7815 7816
f 7817 7819 7815
f 7813 7817 7815
f 7816 7819 7796
f 7796 7803 7816
f 7799 7816 7803
f 7790 7807 7791
f 7794 7814 7790
f 7814 7817 7812
f 7794 7819 7818
f 7786 7819 7789
f 7777 7781 7769
f 7777 7802 7797
f 7528 7718 7529
f 7729 7723 7722
f 7738 7730 7739
f 7732 7739 7730
f 7733 7628 7734
f 7722 7738 7729
f 7621 7719 7528
f 7628 7723 7734
f 7733 7741 7751
f 7732 7529 7718
f 7486 7621 7528
f 7549 7350 7353
f 7353 7349 7354
f 7354 7563 7550
f 7821 7823 7820
f 7824 7826 7827
f 7825 7829 7826
f 7830 7832 7833
f 7834 7827 7835
f 7836 7838 7839
f 7840 7406 7841
f 7841 7598 7842
f 7843 7845 7846
f 7833 7834 7847
f 7848 7836 7839
f 7847 7821 7849
f 7828 7846 7850
f 7853 7855 7852
f 7850 7845 7856
f 7829 7850 7857
f 7828 7832 7851
f 7858 7823 7822
f 7860 7822 7835
f 7831 7851 7832
f 7844 7838 7845
f 7834 7822 7821
f 7863 7827 7826
f 7849 7820 7848
f 7825 7833 7832
f 7859 7866 7823
f 7855 7867 7857
f 7837 7855 7856
f 7865 7852 7866
f 7837 7845 7838
f 7857 7868 7829
f 7864 7835 7827
f 7843 7642 7504
f 7868 7826 7829
f 7830 7847 7842
f 7857 7856 7855
f 7837 7866 7852
f 7836 7823 7866
f 7870 7867 7869
f 7870 7863 7868
f 7871 7864 7863
f 7872 7860 7864
f 7869 7854 7874
f 7874 7853 7875
f 7876 7853 7865
f 7874 7878 7869
f 7879 7881 7882
f 7883 7882 7884
f 7886 7883 7885
f 7887 7886 7889
f 7890 7886 7885
f 7886 7880 7879
f 7891 7880 7892
f 7884 7885 7883
f 7871 7893 7884
f 7871 7894 7872
f 7884 7895 7894
f 7882 7896 7895
f 7890 7893 7878
f 7893 7869 7878
f 7881 7897 7896
f 7898 7895 7896
f 7900 7896 7897
f 7901 7899 7898
f 7904 7902 7903
f 7898 7905 7901
f 7894 7899 7904
f 7904 7872 7894
f 7907 7891 7906
f 7906 7892 7908
f 7890 7909 7889
f 7910 7889 7909
f 7877 7909 7878
f 7912 7909 7911
f 7887 7914 7913
f 7906 7913 7914
f 7873 7858 7860
f 7916 7865 7859
f 7859 7915 7916
f 7916 7903 7917
f 7917 7902 7918
f 7917 7876 7916
f 7873 7903 7915
f 7919 7875 7876
f 7877 7875 7920
f 7911 7920 7921
f 7922 7920 7919
f 7923 7921 7922
f 7918 7919 7917
f 7922 7925 7923
f 7924 7911 7921
f 7912 7926 7927
f 7928 7930 7926
f 7924 7928 7926
f 7927 7930 7907
f 7907 7914 7927
f 7910 7927 7914
f 7901 7918 7902
f 7905 7925 7901
f 7925 7928 7923
f 7905 7930 7929
f 7897 7930 7900
f 7888 7892 7880
f 7888 7913 7908
f 7645 7831 7830
f 7839 7862 7931
f 7841 7848 7840
f 7842 7849 7841
f 7504 7844 7843
f 7839 7840 7848
f 7643 7861 7831
f 7503 7862 7844
f 7846 7861 7843
f 7842 7645 7830
f 7932 7934 7935
f 7936 7938 7939
f 7937 7941 7938
f 7942 7944 7945
f 7947 7949 7946
f 7950 7939 7951
f 7953 7955 7952
f 7956 7958 7959
f 7956 7540 7960
f 7962 7964 7961
f 7936 7965 7945
f 7946 7958 7957
f 7966 7952 7955
f 7965 7933 7967
f 7968 7969 7964
f 7970 7972 7973
f 7974 7964 7963
f 7941 7968 7975
f 7940 7944 7969
f 7976 7935 7934
f 7978 7934 7951
f 7943 7969 7944
f 7947 7963 7962
f 7933 7951 7934
f 7980 7939 7938
f 7967 7932 7966
f 7937 7945 7944
f 7977 7983 7935
f 7973 7984 7975
f 7953 7973 7974
f 7982 7970 7983
f 7974 7954 7953
f 7975 7985 7941
f 7981 7951 7939
f 7961 7544 7545
f 7985 7938 7941
f 7942 7965 7960
f 7975 7974 7973
f 7952 7970 7953
f 7952 7935 7983
f 7987 7984 7986
f 7987 7980 7985
f 7988 7981 7980
f 7989 7978 7981
f 7986 7972 7991
f 7991 7971 7992
f 7993 7971 7982
f 7986 7994 7995
f 7997 7999 7996
f 8000 7999 8001
f 8003 8000 8002
f 8005 8006 8004
f 8007 8003 8002
f 7996 8005 7997
f 7998 8009 8008
f 8010 8000 8001
f 7988 8010 8001
f 7988 8011 7989
f 8011 7999 8012
f 7998 8012 7999
f 8007 8010 7995
f 8010 7986 7995
f 8013 8008 8014
f 8015 8012 8013
f 8017 8013 8014
f 8018 8016 8015
f 8021 8019 8020
f 8015 8022 8018
f 8011 8016 8021
f 8021 7989 8011
f 8023 8014 8008
f 8023 8009 8025
f 8007 8026 8006
f 8026 8004 8006
f 8028 7995 7994
f 8029 8026 8028
f 8030 8027 8031
f 8023 8030 8031
f 7990 7976 7978
f 8033 7982 7977
f 7976 8033 7977
f 8034 8032 8020
f 8035 8020 8019
f 8034 7993 8033
f 7990 8020 8032
f 8036 7992 7993
f 7991 8037 7994
f 7994 8038 8028
f 8039 8037 8036
f 8040 8038 8039
f 8035 8036 8034
f 8039 8042 8040
f 8041 8028 8038
f 8029 8043 8044
f 8045 8047 8043
f 8041 8045 8043
f 8044 8047 8024
f 8024 8031 8044
f 8027 8044 8031
f 8042 8019 8018
f 8022 8042 8018
f 8042 8045 8040
f 8017 8046 8022
f 8014 8047 8017
f 8005 8009 7997
f 8005 8030 8025
f 7506 7943 7942
f 7954 7946 7955
f 7967 7957 7956
f 7960 7967 7956
f 7948 7962 8048
f 7955 7957 7966
f 7641 7979 7943
f 7969 7961 7964
f 7960 7506 7942
f 7362 8050 7436
f 8052 7464 8051
f 8051 7467 8053
f 8054 7600 7604
f 8056 7618 8052
f 7436 8057 7638
f 8049 7361 8056
f 8057 7603 7638
f 8055 7467 7600
f 8058 7604 7603
f 8059 8058 8057
f 8060 8054 8058
f 8061 8055 8054
f 8062 8053 8055
f 8059 8050 8064
f 8064 8049 8065
f 8056 8065 8049
f 8059 8067 8068
f 8069 8071 8072
f 8073 8072 8074
f 8075 8073 8076
f 8077 8075 8076
f 8075 8070 8069
f 8079 8081 8070
f 8082 8070 8081
f 8083 8073 8074
f 8061 8083 8074
f 8061 8084 8062
f 8074 8085 8084
f 8072 8086 8085
f 8077 8083 8068
f 8083 8059 8068
f 8071 8087 8086
f 8088 8085 8086
f 8090 8086 8087
f 8091 8089 8088
f 8094 8092 8093
f 8088 8095 8091
f 8084 8089 8094
f 8094 8062 8084
f 8097 8082 8096
f 8096 8081 8080
f 8077 8098 8078
f 8099 8078 8098
f 8101 8068 8067
f 8102 8098 8101
f 8100 8104 8103
f 8096 8103 8104
f 8075 8100 8079
f 8079 8103 8080
f 8105 8053 8063
f 8066 8052 8106
f 8051 8106 8052
f 8107 8105 8093
f 8108 8093 8092
f 8107 8066 8106
f 8063 8093 8105
f 8109 8065 8066
f 8064 8110 8067
f 8067 8111 8101
f 8112 8110 8109
f 8113 8111 8112
f 8108 8109 8107
f 8112 8115 8113
f 8114 8101 8111
f 8102 8116 8117
f 8118 8120 8116
f 8114 8118 8116
f 8117 8120 8097
f 8097 8104 8117
f 8099 8117 8104
f 8091 8108 8092
f 8095 8115 8091
f 8115 8118 8113
f 8095 8120 8119
f 8087 8120 8090
f 7550 7561 7551
f 7552 7561 7535
f 7931 7539 7542
f 7640 7408 7622
f 7549 7644 7627
f 7525 7544 7641
f 7931 7482 7840
f 7483 7542 7541
f 7626 7405 7487
f 7629 7432 8121
f 7629 7949 7948
f 8122 7949 8121
f 8123 8121 7432
f 8124 7432 7435
f 7434 8125 7435
f 8125 8124 7435
f 8124 7429 8126
f 8123 8126 8127
f 8122 8127 8128
f 7541 7959 8128
f 7404 8129 7531
f 8125 7431 7430
f 7526 7505 7644
f 7626 7541 8128
f 7959 8122 8128
f 7961 8048 7962
f 7629 8048 7545
f 8127 7626 8128
f 7402 8126 7403
f 8129 8126 7429
f 7428 8129 7429
f 7589 7428 7590
f 7471 7366 7606
f 7334 7426 7357
f 7335 7357 7356
f 7616 7446 7445
f 7392 7398 7426
f 7393 7397 7392
f 7342 7394 7393
f 7344 7469 7342
f 7343 7361 7360
f 7360 7344 7343
f 7363 7345 7360
f 7437 7575 7363
f 7582 7437 7639
f 7421 7639 7602
f 7375 7602 7601
f 7599 7375 7601
f 7465 7618 7617
f 7332 7587 7340
f 7447 7335 7445
f 7445 7356 7616
f 7359 7616 7356
f 7636 7442 7359
f 7588 7443 7636
f 7589 7605 7588
f 7590 7606 7589
f 7471 7591 7472
f 7446 7371 7374
f 7371 7372 7374
f 7422 7370 7424
f 7577 7424 7580
f 7536 7580 7533
f 7591 7635 7472
f 7607 7386 7635
f 7543 7494 7527
f 7547 7543 7522
f 7608 7387 7386
f 7387 7416 7385
f 7457 7382 7417
f 7557 7417 7554
f 7559 7554 7553
f 7630 7553 7534
f 7534 7586 7630
f 7466 7337 7599
f 7465 7338 7466
f 7617 7587 7465
f 7341 7617 7343
f 8130 6090 8131
f 6023 8132 8133
f 6182 8133 6784
f 6623 6792 6185
f 6787 6182 6784
f 8134 6696 6787
f 6917 6756 8135
f 6762 7112 6763
f 6762 6184 6759
f 6765 6185 6184
f 6650 6768 6647
f 6772 6916 7259
f 6777 6789 6788
f 6022 6788 8132
f 6756 8134 8135
f 6758 6771 6770
f 6761 6775 7112
f 6769 6621 6766
f 6772 6767 6773
f 6174 6760 6759
f 6187 6178 6670
f 6811 6648 6812
f 6786 6724 6779
f 6791 6918 6885
f 6186 6179 6178
f 6808 8133 8132
f 6884 8135 8134
f 6174 6670 6171
f 6807 6784 8133
f 6791 8132 6788
f 6786 8134 6787
f 6790 6172 6918
f 6649 6792 6650
f 6316 8136 6717
f 8137 6654 8138
f 8139 6601 6160
f 6656 6580 6870
f 6868 8142 6865
f 6316 6711 6313
f 6864 8144 6861
f 6864 8145 6860
f 6868 6869 6710
f 6656 6866 6653
f 8146 8148 8149
f 8139 8151 6640
f 8152 6866 6865
f 8154 8138 6654
f 6874 8156 8157
f 8158 8159 6805
f 8160 6865 8142
f 8161 6313 6711
f 6161 8162 8163
f 8164 6654 6653
f 8153 6653 6866
f 8165 8167 8168
f 8166 8169 8167
f 5989 8170 8169
f 5988 8171 8170
f 8172 6043 6042
f 8174 6032 6035
f 8174 6098 8176
f 8176 6796 8177
f 8177 8178 8179
f 7132 6728 7133
f 6589 8180 7136
f 8180 6004 8181
f 8181 6007 8182
f 6334 6731 6734
f 6079 6645 6731
f 6078 6646 6645
f 6085 8184 6646
f 6091 8185 6093
f 6086 8183 6085
f 6950 7118 7070
f 6952 6992 7127
f 6983 6968 7103
f 6987 7004 7099
f 7001 6979 6978
f 7001 7074 6998
f 7262 7075 7074
f 7264 7127 7075
f 7265 6943 6972
f 7265 6991 6990
f 7266 7070 6991
f 6949 7119 7118
f 7267 6939 7119
f 6983 7099 6940
f 7268 6985 8186
f 7000 8186 6979
f 6938 6985 6984
f 6946 6922 6921
f 6956 6948 6947
f 6971 6928 6927
f 6970 6954 6928
f 6973 6921 6925
f 6977 7263 7105
f 6981 7061 7060
f 6973 7117 6972
f 7097 6979 8186
f 7104 6927 7101
f 6977 7060 6974
f 6976 6944 7263
f 6956 7066 6953
f 6937 8186 6985
f 6938 7101 6935
f 6924 7116 7297
f 6926 7297 7068
f 6930 6962 7304
f 6934 6953 7066
f 6960 6936 6935
f 6963 6928 6954
f 6967 6975 6974
f 7063 7327 7331
f 6959 7096 6936
f 6926 7066 6925
f 7102 7304 7125
f 6967 7331 6964
f 6966 6922 6975
f 7062 7064 7327
f 6963 6932 6961
f 7102 6935 7101
f 7299 7269 8187
f 7301 6932 6931
f 7306 7285 7284
f 7308 6962 6961
f 7315 7284 7309
f 7317 7312 7311
f 7319 6964 7331
f 7322 7297 7116
f 7317 7116 6965
f 7308 7303 7307
f 7326 6958 6957
f 7329 7291 7290
f 7328 7324 7291
f 7301 8187 7302
f 7319 7290 7318
f 7326 7309 7323
f 7272 7321 7275
f 7272 8187 7269
f 7274 7302 8187
f 7281 7307 7303
f 7283 7593 7594
f 7289 7324 7323
f 7293 7330 7294
f 7293 7318 7290
f 7310 7594 7637
f 7314 7595 7320
f 7282 7279 7593
f 7278 7277 7276
f 7314 7270 7311
f 7313 7295 7595
f 7288 7291 7324
f 7289 7637 7286
f 6003 6626 6136
f 6003 7165 6000
f 6690 8189 6691
f 6686 5981 5980
f 6685 6096 5981
f 6687 6806 6096
f 6002 5980 6626
f 6606 5351 5350
f 7164 8190 8191
f 8192 7174 8193
f 6015 8153 8152
f 6189 8155 8154
f 8157 6284 6283
f 6332 8152 8160
f 6593 6317 8161
f 6658 8154 8164
f 6014 8164 8153
f 6332 7131 6333
f 6805 6321 6052
f 6146 8162 6625
f 6607 8195 6604
f 8196 6125 8197
f 8198 7168 8199
f 8199 6633 8200
f 7177 8201 7178
f 8202 8204 8205
f 7208 7185 7205
f 7237 7186 7208
f 6819 7230 7237
f 6818 6824 6819
f 8206 6821 6818
f 8207 8135 8208
f 6917 8209 6916
f 8209 7259 6916
f 8210 6647 7259
f 6812 8212 7258
f 6809 7258 7257
f 6809 8213 6113
f 6113 8214 6110
f 7235 6110 8214
f 7223 7234 6147
f 6147 8215 6148
f 6148 8216 6153
f 8218 6158 8217
f 8219 6116 6119
f 6284 6116 6285
f 6188 8156 8155
f 8155 6873 8138
f 8138 6872 8137
f 8137 8148 6581
f 6193 6281 6190
f 6190 6278 6195
f 8220 8222 8223
f 8224 7139 7138
f 6223 8226 8227
f 6237 8228 8229
f 6238 8227 8230
f 6249 8231 8232
f 6253 8233 8234
f 6236 8221 8228
f 6331 8230 8235
f 6252 8236 8233
f 6222 8229 8226
f 6828 8237 8238
f 6280 8240 8241
f 8208 6883 8206
f 6648 8211 8212
f 6143 8242 8243
f 6624 8244 8242
f 8245 8247 8248
f 8249 8251 8252
f 7195 8254 7196
f 7214 8253 7195
f 8256 7214 7213
f 7243 8257 7244
f 7210 8257 7211
f 8259 6102 8260
f 8261 6121 8262
f 8178 8263 8179
f 7132 8264 8263
f 6797 8265 8264
f 6135 8266 8265
f 6134 8267 8266
f 6151 8268 8267
f 6154 8270 8268
f 8269 8272 8270
f 7194 8273 8274
f 7193 8275 8273
f 8249 8260 8276
f 8248 8278 8245
f 6129 8279 8280
f 7169 8197 6125
f 8198 8192 8197
f 7171 7175 7173
f 6589 7129 6587
f 6801 6040 7129
f 6037 6041 6040
f 6036 6659 6041
f 6131 6118 6659
f 6156 6119 6118
f 8218 6119 6155
f 8219 6815 6642
f 7191 6641 6814
f 8246 7189 7191
f 8245 8281 8282
f 8280 6288 6287
f 6125 7170 7169
f 6288 6602 6123
f 6126 6604 8195
f 8196 6605 6604
f 7174 6691 8189
f 6691 6139 6692
f 7171 8283 7172
f 7172 8284 6142
f 6139 8284 6692
f 8285 8287 8288
f 8211 8289 8286
f 8290 8292 8289
f 8293 8291 8290
f 8293 8208 8295
f 8296 8298 8295
f 6818 8296 8206
f 8285 7258 8212
f 7243 7212 7211
f 7243 8300 8299
f 8301 6739 6738
f 8302 7213 7247
f 8303 7247 6168
f 8304 6168 6167
f 6738 8297 8301
f 8288 6167 6170
f 8304 8291 8305
f 8305 8294 6737
f 6737 8306 8305
f 6736 8307 8306
f 8243 8308 8309
f 8242 8282 8308
f 8247 7191 7190
f 7196 8251 7192
f 8253 8311 8254
f 8255 8310 8253
f 8313 8255 8256
f 7244 8313 8307
f 8313 8258 8312
f 8312 8314 8310
f 8315 8310 8314
f 8311 8316 8252
f 8282 8317 8308
f 8308 8261 8309
f 8309 8262 8318
f 8248 8275 8276
f 8282 8246 8245
f 8307 8256 8302
f 8306 8302 8303
f 8305 8303 8304
f 8298 6737 8294
f 8287 8304 6167
f 7253 7199 7198
f 8319 6028 7199
f 8320 6029 6028
f 8321 7184 6029
f 8322 7185 7184
f 8203 7205 7185
f 8202 7206 7205
f 7239 7210 7209
f 7251 8319 7253
f 7227 8320 8319
f 7217 8321 8320
f 7216 8322 8321
f 7236 8203 8322
f 6175 8200 7204
f 7165 8191 6177
f 6137 7166 6138
f 6200 8283 6137
f 6199 8284 8283
f 8284 6205 6692
f 6205 6689 6692
f 6689 5485 3833
f 7009 8323 7107
f 7013 7021 7020
f 7017 7029 7028
f 7013 7110 7010
f 7073 7084 7089
f 7081 7093 7092
f 7082 7028 7025
f 7088 6995 6994
f 7088 7057 7085
f 7122 7043 7042
f 7124 7024 7126
f 7082 7024 7123
f 7009 7042 7006
f 7012 7126 7021
f 7115 7015 7057
f 7008 7058 8323
f 7081 7120 7078
f 7073 7079 7071
f 6997 7076 7113
f 7023 6942 6941
f 7027 7069 7038
f 7031 6989 6988
f 7079 7033 7032
f 7037 7107 8323
f 7027 7126 7024
f 7041 7029 7114
f 7026 6988 7069
f 7100 6941 7098
f 7108 7002 7019
f 7100 8323 7058
f 6997 7114 6994
f 7022 7039 6942
f 7111 7033 7255
f 7035 7260 7032
f 7261 6996 7260
f 7108 7120 7106
f 7245 8258 7210
f 7246 8314 7245
f 7181 8316 7182
f 8277 6129 8278
f 8278 8280 8281
f 6287 8281 8280
f 6122 8317 6287
f 5487 6144 5488
f 5489 6162 5490
f 6637 8325 8326
f 8326 8225 8224
f 5494 8225 5495
f 6160 8150 8139
f 5496 8151 5497
f 8163 6162 6161
f 6146 8327 8163
f 8243 6144 6143
f 8328 8309 8318
f 8318 5501 5500
f 8262 5502 5501
f 8329 8331 8332
f 8333 8335 8336
f 8338 6007 8337
f 8329 8339 8340
f 8341 6734 8330
f 6006 8337 6007
f 8342 6804 6800
f 6065 8339 8343
f 5995 8341 8340
f 6918 6166 6165
f 7221 6166 6880
f 6172 6880 6166
f 8344 5955 6713
f 5519 5975 5520
f 6806 8346 6695
f 6646 8347 6643
f 8165 8349 6323
f 6322 8131 6090
f 8345 6688 8351
f 6695 5975 5974
f 5976 5528 6713
f 5529 8131 5530
f 6643 8352 8168
f 8183 5532 8184
f 5534 8130 5529
f 6730 5533 8183
f 8351 6093 8185
f 5535 6594 3856
f 8353 6652 6651
f 8354 8355 8356
f 8357 6825 6202
f 8359 6202 6201
f 6224 8356 8360
f 6275 8362 6276
f 6201 7143 8359
f 7146 8359 7143
f 8357 8363 8364
f 8355 8366 8367
f 8361 8368 8362
f 8356 8367 8369
f 8370 8372 7142
f 8220 7145 8374
f 6275 6228 6231
f 5558 6228 6274
f 8375 8367 8366
f 8362 8376 8377
f 8378 8380 8381
f 8363 8382 8383
f 8384 8381 8385
f 8382 8386 8385
f 8383 8364 8363
f 6226 6231 6230
f 6231 8361 6275
f 6636 8389 8379
f 6635 8388 6636
f 8390 5576 5575
f 8379 6232 6636
f 8378 6233 6232
f 8384 8371 6233
f 8372 8393 7141
f 7138 8239 8224
f 8224 8394 8326
f 8146 8394 6282
f 6638 8326 8394
f 6340 6299 6298
f 6747 6577 6576
f 6344 6346 6345
f 6342 6355 6303
f 6353 6349 6297
f 6337 6369 8395
f 6360 6328 6327
f 6358 6386 6385
f 6364 6293 6295
f 6362 6376 6373
f 6366 6297 6296
f 6350 6372 6370
f 6533 6303 6302
f 6534 6346 6343
f 6744 6533 6302
f 6536 6747 6576
f 6357 6894 6386
f 6341 6832 6355
f 6839 6292 6291
f 6837 6380 6379
f 6838 6354 6292
f 6361 6377 6376
f 6363 6296 6293
f 6365 6373 6372
f 6359 6291 6328
f 6836 6385 6380
f 6481 6902 6544
f 6484 6501 6500
f 6477 6487 6474
f 6849 6492 6491
f 6494 6467 6466
f 6547 6544 6543
f 6750 6546 6547
f 6494 6751 6750
f 6843 6500 6846
f 6845 6575 6843
f 6489 6847 6853
f 6474 6491 6490
f 6483 6906 6501
f 6493 6465 6490
f 6471 6544 6902
f 6472 6485 6473
f 6476 6461 6460
f 6470 6542 6545
f 6570 6569 6749
f 6495 6463 6493
f 6475 6462 6461
f 6572 6477 6476
f 6574 6457 6456
f 6569 6543 6545
f 6575 6473 6485
f 6471 6901 6448
f 6469 6508 6513
f 6498 6479 6478
f 6503 6518 6517
f 6489 6505 6486
f 6467 6509 6468
f 6546 6498 6478
f 6549 6752 6753
f 6752 6466 6469
f 6503 6846 6500
f 6850 6844 6846
f 6507 6852 6525
f 6486 6509 6849
f 6502 6909 6518
f 6858 6664 6307
f 8396 6611 6610
f 6833 6324 6216
f 8399 6825 8400
f 6831 8401 8402
f 6707 6826 8399
f 8398 6890 6324
f 6858 8404 6554
f 8405 6610 6876
f 6830 6553 8401
f 8397 6911 6611
f 8400 8358 8365
f 8358 8364 8406
f 8406 8387 8407
f 8389 8380 8379
f 8389 8409 8377
f 8388 8410 8409
f 5575 8410 8390
f 6665 8411 6875
f 8412 6720 6721
f 8413 5601 6720
f 8411 8413 8412
f 6262 6290 6263
f 5602 8414 5604
f 6599 3735 5605
f 7141 7142 8372
f 8393 8241 8240
f 8227 7147 7151
f 8229 8374 7148
f 8230 7151 7153
f 8232 8415 8416
f 8234 8417 8418
f 8221 8374 8228
f 8235 7153 8419
f 8233 8420 8417
f 8226 7148 7147
f 8238 8421 8422
f 7141 8240 7138
f 6581 6655 8137
f 6640 8140 8139
f 6710 8141 6868
f 6717 6712 6316
f 6860 8143 6864
f 6870 6867 6656
f 6717 6726 6714
f 6870 6192 6115
f 6860 6050 6059
f 6710 6025 6024
f 6639 6871 8140
f 6640 8324 6637
f 6581 8147 6193
f 5615 6234 8370
f 7144 8374 7145
f 7144 6210 7149
f 7150 6210 6209
f 7152 6209 6329
f 7152 8419 7153
f 7154 8421 8419
f 7158 8415 8422
f 7160 8420 8416
f 7162 8418 8417
f 7161 5616 8418
f 8370 6233 8371
f 8373 7146 7145
f 8392 8386 8223
f 8391 8372 8371
f 5617 6713 5528
f 5973 3355 5972
f 8345 5619 8346
f 3880 6910 5621
f 8351 5620 8345
f 8346 5520 5975
f 5621 6911 5623
f 5622 8185 5534
f 8150 5497 8151
f 8423 8425 8426
f 8427 6519 8428
f 8429 8431 8432
f 6523 8433 6526
f 8434 8436 8437
f 8438 8434 8439
f 8438 6511 6528
f 8441 8424 8423
f 8427 8430 8429
f 8444 8445 8446
f 8447 8424 8448
f 8449 8444 8450
f 8451 8430 8452
f 8453 8454 8455
f 8456 8437 8453
f 8439 8456 8457
f 8448 8442 8458
f 8452 8443 8449
f 8425 8459 8446
f 8460 8462 8463
f 8464 8466 8467
f 8468 8470 8471
f 8472 8474 8475
f 8476 8478 8479
f 8480 8482 8483
f 8484 8486 8487
f 8485 8489 8486
f 8490 8481 8480
f 8492 8494 8495
f 8495 8496 8497
f 8498 8500 8501
f 8502 8500 8503
f 8504 8506 8507
f 8508 8510 8511
f 8513 8511 8512
f 8507 8514 8515
f 8516 8518 8519
f 8520 8516 8521
f 8522 8524 8525
f 8526 8522 8525
f 8528 8530 8531
f 8532 8529 8533
f 8534 8536 8537
f 8538 8534 8537
f 8464 8481 8465
f 8483 8541 8480
f 8542 8484 8467
f 8487 8540 8483
f 8488 8542 8544
f 8545 8486 8489
f 8481 8466 8465
f 8547 8489 8490
f 8548 8493 8471
f 8549 8502 8492
f 8551 8494 8548
f 8497 8552 8495
f 8469 8499 8470
f 8547 8497 8498
f 8469 8503 8500
f 8501 8550 8545
f 8460 8507 8461
f 8552 8506 8505
f 8554 8510 8463
f 8549 8505 8509
f 8554 8512 8511
f 8513 8550 8508
f 8461 8515 8462
f 8557 8513 8514
f 8558 8519 8479
f 8559 8527 8518
f 8521 8558 8561
f 8553 8517 8520
f 8477 8524 8478
f 8520 8557 8553
f 8476 8525 8477
f 8527 8556 8522
f 8563 8528 8475
f 8564 8531 8565
f 8533 8563 8566
f 8562 8530 8532
f 8473 8536 8474
f 8559 8532 8535
f 8472 8537 8473
f 8560 8539 8564
f 8463 8555 8554
f 8544 8467 8466
f 8470 8548 8471
f 8475 8566 8563
f 8479 8561 8558
f 8484 8483 8482
f 8490 8488 8491
f 8503 8492 8502
f 8498 8496 8499
f 8504 8509 8505
f 8515 8513 8512
f 8519 8527 8526
f 8521 8523 8520
f 8528 8539 8538
f 8533 8535 8532
f 8467 8482 8464
f 8487 8546 8543
f 8544 8491 8488
f 8480 8547 8490
f 8493 8468 8471
f 8495 8549 8492
f 8551 8499 8496
f 8501 8547 8498
f 8460 8510 8504
f 8508 8549 8509
f 8555 8515 8512
f 8506 8557 8514
f 8519 8476 8479
f 8517 8559 8518
f 8561 8524 8521
f 8522 8557 8523
f 8475 8538 8472
f 8567 8531 8530
f 8566 8536 8533
f 8560 8535 8534
f 8442 8568 8569
f 6512 8568 6754
f 8570 8571 8572
f 8426 6514 8423
f 8428 8443 8427
f 6522 8432 6523
f 8437 8433 8454
f 6524 8435 6527
f 6528 8435 8438
f 8423 6550 8441
f 8429 6516 8427
f 6515 8445 6908
f 8441 6754 8568
f 8570 8569 8568
f 8440 6512 6511
f 8569 8458 8442
f 8574 8572 8571
f 8572 8573 8569
f 8453 8577 8456
f 8576 8455 8578
f 8452 8580 8451
f 8573 8582 8458
f 8575 8581 8573
f 8584 8575 8574
f 8571 8457 8574
f 8439 8440 8438
f 8585 8587 8588
f 8587 8590 8588
f 8589 8592 8590
f 8591 8594 8592
f 8593 8596 8594
f 8595 8598 8596
f 8599 8586 8585
f 8601 8600 8599
f 8603 8602 8601
f 8605 8598 8597
f 8607 8604 8603
f 8609 8608 8607
f 8611 8610 8609
f 8606 8612 8611
f 8613 8589 8587
f 8614 8591 8589
f 8615 8593 8591
f 8616 8595 8593
f 8617 8597 8595
f 8619 8617 8616
f 8620 8618 8617
f 8620 8623 8621
f 8624 8626 8627
f 8626 8622 8627
f 8620 8628 8622
f 8622 8629 8627
f 8627 8630 8624
f 8632 8634 8631
f 8636 8633 8635
f 8637 8636 8635
f 8639 8632 8640
f 8633 8641 8635
f 8635 8642 8637
f 8642 8644 8637
f 8645 8637 8644
f 8586 8613 8587
f 8600 8646 8586
f 8616 8648 8619
f 8615 8649 8648
f 8613 8649 8614
f 8651 8613 8646
f 8647 8651 8646
f 8652 8654 8651
f 8602 8647 8600
f 8655 8652 8647
f 8656 8653 8652
f 8653 8659 8654
f 8658 8661 8659
f 8644 8663 8645
f 8664 8662 8665
f 8661 8666 8659
f 8666 8654 8659
f 8667 8651 8654
f 8668 8597 8618
f 8669 8618 8621
f 8670 8621 8623
f 8671 8623 8626
f 8671 8625 8672
f 8625 8673 8672
f 8636 8675 8634
f 8638 8674 8636
f 8645 8676 8638
f 8645 8678 8677
f 8679 8660 8658
f 8657 8658 8653
f 8583 8648 8649
f 8650 8583 8649
f 8667 8581 8650
f 8666 8582 8667
f 8664 8681 8666
f 8682 8665 8683
f 8684 8643 8642
f 8684 8641 8579
f 8639 8579 8641
f 8580 8640 8578
f 8629 8576 8630
f 8604 8655 8602
f 8608 8686 8604
f 8610 8687 8608
f 8612 8688 8610
f 8605 8689 8612
f 8690 8668 8669
f 8691 8689 8690
f 8692 8688 8691
f 8693 8687 8692
f 8656 8686 8693
f 8694 8669 8670
f 8695 8690 8694
f 8696 8691 8695
f 8697 8692 8696
f 8657 8693 8697
f 8697 8679 8657
f 8696 8698 8697
f 8696 8700 8699
f 8694 8700 8695
f 8670 8701 8694
f 8702 8671 8672
f 8701 8703 8700
f 8703 8699 8700
f 8699 8705 8698
f 8698 8680 8679
f 8672 8706 8702
f 8675 8707 8708
f 8674 8709 8707
f 8709 8677 8710
f 8677 8711 8710
f 8712 8710 8711
f 8702 8714 8703
f 8713 8714 8715
f 8707 8716 8717
f 8717 8713 8715
f 8710 8716 8709
f 8708 8717 8715
f 8546 8599 8543
f 8546 8603 8601
f 8550 8603 8545
f 8556 8607 8550
f 8560 8609 8556
f 8564 8611 8560
f 8565 8606 8564
f 8565 8596 8598
f 8567 8594 8596
f 8562 8592 8594
f 8553 8590 8592
f 8590 8541 8588
f 8540 8588 8541
f 8543 8585 8540
f 8684 8450 8685
f 8579 8449 8684
f 8682 8448 8681
f 8447 8683 8459
f 8681 8458 8582
f 8628 8619 8718
f 8584 8619 8648
f 8628 8577 8629
f 8457 8577 8718
f 8574 8718 8584
f 7134 6919 7135
f 6164 6919 6783
f 5485 6609 5921
f 3832 8188 6690
f 5921 6221 3354
f 5922 7128 6607
f 6439 8720 6440
f 8720 6570 6749
f 6570 8721 6464
f 6439 8721 8719
f 6727 6057 6312
f 6312 6073 6247
f 6828 6073 6072
f 6877 6267 6745
f 6745 6299 6744
f 6891 6305 6889
f 6338 6746 6339
f 6438 6410 6435
f 6412 6440 6748
f 6564 6424 6565
f 6842 6577 8395
f 6889 6829 7156
f 6579 6564 6563
f 6435 6565 6424
f 8722 6306 6891
f 8723 6058 6727
f 6269 6878 6879
f 7160 6829 6598
f 8724 8143 8725
f 8238 6248 6828
f 6339 6744 6299
f 8395 6338 6337
f 6879 8404 8726
f 8422 8231 8238
f 8725 6859 8723
f 8416 7157 7160
f 6059 6049 6056
f 6330 6049 6048
f 7156 6259 6889
f 6269 6264 6266
f 6297 6264 6241
f 6340 6351 6337
f 6368 8395 6369
f 6422 6559 6423
f 6436 6404 6437
f 6447 6438 6437
f 6424 6436 6435
f 6331 6099 6330
f 6422 6842 6368
f 8722 6856 8726
f 8141 6862 8142
f 6265 6617 6242
f 6324 6259 6258
f 7158 6260 7156
f 6709 6863 8141
f 8235 6827 6331
f 6298 6352 6340
f 6370 6351 6350
f 6891 8403 8722
f 8419 8237 8235
f 6051 8145 6709
f 8422 7155 7158
f 8721 6446 6464
f 6748 8720 6749
f 8727 6011 8194
f 8158 8144 8724
f 6009 6861 8144
f 6008 6862 6861
f 8142 8727 8160
f 6554 6893 6858
f 6833 6708 8398
f 6708 8403 8398
f 5623 6892 4042
f 8406 8365 8358
f 8407 8366 8406
f 8377 8408 8389
f 8397 6530 6529
f 6651 8400 8353
f 8402 6616 6615
f 6618 8399 6651
f 6554 6878 6551
f 8396 6854 6530
f 8401 6552 6616
f 6892 6529 6743
f 8353 8365 8355
f 8377 6276 8362
f 8409 6277 6276
f 8410 5932 6277
f 8726 6857 8722
f 8726 6855 6879
f 7234 6106 8215
f 8279 6127 6288
f 8354 6227 6652
f 6246 6619 6289
f 8239 6282 8394
f 8162 6286 6625
f 6292 6246 6289
f 6382 6377 6379
f 6392 6396 6393
f 6396 6427 6428
f 6398 6443 6459
f 6459 6458 6460
f 6525 6523 6526
f 6558 6271 6555
f 6429 6560 6561
f 6460 6572 6476
f 6272 3736 3735
f 7128 6602 8195
f 6227 6244 6652
f 7180 6634 6103
f 6642 6285 8219
f 6356 6740 6614
f 6816 8218 8217
f 6820 8301 6817
f 6355 6741 6356
f 6344 6834 6341
f 6364 6840 6361
f 6375 6560 6415
f 6848 6488 6477
f 6853 6506 6489
f 6530 6740 6531
f 8140 6874 6601
f 6555 6831 6876
f 8215 6881 8216
f 6348 6894 6345
f 6383 6896 6417
f 6433 6896 6420
f 6432 6898 6390
f 6406 6898 6407
f 6900 6387 6899
f 6900 6448 6901
f 6472 6903 6482
f 6480 6903 6902
f 6497 6906 6479
f 6908 6518 6909
f 4280 6120 6603
f 6100 7170 6128
f 6632 7188 8201
f 7235 7201 7200
f 7206 7212 7207
f 8213 7232 7231
f 8214 7231 7201
f 6108 7200 7203
f 7238 8300 6820
f 7207 8299 7238
f 8205 7240 8202
f 6170 7232 7256
f 6638 8149 6639
f 6601 8157 6600
f 6600 6283 8162
f 8392 8222 8393
f 6278 8241 6279
f 6816 8274 6813
f 6642 6814 6641
f 6128 6124 8279
f 8195 6127 6126
f 8212 8286 8285
f 8292 8286 8289
f 8290 8210 8209
f 8207 8290 8209
f 8294 8295 8298
f 8206 8295 8208
f 6817 8297 8296
f 8288 7256 8285
f 7209 7240 7239
f 6225 8360 8361
f 8369 8360 8356
f 8375 8368 8369
f 8381 8387 8383
f 8385 8383 8382
f 8385 8391 8384
f 8147 6282 6281
f 6345 6835 6344
f 6327 6834 6360
f 6295 6841 6364
f 6379 6840 6837
f 6853 6845 6844
f 6479 6905 6480
f 6848 6571 6573
f 6452 6904 6472
f 6525 6851 6520
f 6496 6907 6497
f 8402 6876 6831
f 8408 8387 8380
f 6279 8222 8221
f 6872 8149 8148
f 8223 8373 8220
f 6526 8436 6524
f 8446 8426 8425
f 8455 8431 8451
f 8446 8450 8444
f 8454 8432 8431
f 6908 8428 6519
f 8578 8451 8580
f 8632 8625 8624
f 8640 8624 8630
f 8660 8662 8661
f 8662 8643 8665
f 8675 8631 8634
f 8680 8663 8660
f 8683 8643 8685
f 8578 8630 8576
f 8673 8708 8706
f 8678 8705 8711
f 8711 8704 8712
f 8706 8715 8714
f 8703 8712 8704
f 8459 8685 8450
f 8407 8376 8375
f 6615 8405 8402
f 5993 6335 5994
f 6060 6018 5991
f 5993 6081 6080
f 6105 6176 6702
f 6177 6000 7165
f 6309 6310 6251
f 8725 6314 8724
f 8724 6318 8158
f 6321 6053 6052
f 6249 6310 6247
f 6596 6257 6597
f 8188 6605 8189
f 5986 6682 6060
f 6714 6311 6309
f 6047 6086 6081
f 6875 6304 6665
f 6001 6912 5983
f 7162 6597 6257
f 7254 6912 6704
f 6684 7163 7254
f 8723 6315 8725
f 6592 6318 6317
f 8332 8171 8728
f 6607 5350 5922
f 8191 8198 8199
f 8197 8193 8196
f 8159 6319 6321
f 8232 6595 6249
f 8192 7173 7175
f 8189 8193 7174
f 6177 8199 6175
f 6733 8330 6734
f 8340 8330 8329
f 8341 6335 6334
f 8412 6875 8411
f 8414 6273 6599
f 8416 8236 8232
f 6727 8136 8723
f 8417 7159 7162
f 6277 5558 6274
f 5935 6635 6235
f 5991 6061 6060
f 6019 6682 6681
f 5999 6033 5996
f 6045 6677 6680
f 6055 6083 7130
f 5995 6063 5992
f 6084 6053 6046
f 6088 5989 8166
f 6063 6046 5992
f 6066 6034 5999
f 6103 7181 7180
f 6673 6133 6132
f 6149 6153 6152
f 6323 8166 8165
f 6585 6083 6082
f 6630 6702 6176
f 6634 7168 7167
f 6676 6152 6133
f 6703 6628 7248
f 6796 6728 8178
f 6069 6097 6066
f 6132 6674 6673
f 6803 6800 6804
f 6011 6055 7130
f 6799 6582 6585
f 7194 6881 6882
f 7131 6583 6333
f 6798 6913 6674
f 7179 8204 7236
f 7183 7246 7242
f 7188 7242 7241
f 6109 7192 6882
f 7204 6176 6175
f 7219 6628 6627
f 7218 7248 6628
f 7179 6627 7176
f 7250 6704 6703
f 7228 7249 7248
f 6678 7249 6679
f 5997 7251 5998
f 8168 6644 6643
f 8167 6732 6644
f 8169 6733 6732
f 8170 8331 6733
f 8336 8173 8172
f 8182 8175 8174
f 8182 8176 8181
f 8181 8177 8180
f 8180 8179 7136
f 7133 6590 6913
f 7130 8194 6011
f 8200 6632 7177
f 7178 8205 8204
f 8269 6153 8216
f 8254 8252 8251
f 8260 6101 8277
f 8179 6802 7136
f 8263 6038 6802
f 8264 6039 6038
f 8265 6130 6039
f 8266 6157 6130
f 8267 6158 6157
f 8268 8217 6158
f 8270 6816 8217
f 6813 8273 7190
f 8273 8247 7190
f 8276 8277 8248
f 7192 8250 7193
f 8252 8259 8249
f 8276 8250 8249
f 7204 7177 7176
f 7182 8315 7246
f 8343 8334 8333
f 8333 8342 8343
f 8343 6800 6065
f 8340 6064 5995
f 6323 8350 6322
f 8168 8348 8165
f 8349 5936 8350
f 8352 5938 8348
f 6103 7167 6100
f 8271 8216 6881
f 8201 7241 8205
f 8274 8271 7194
f 5991 6017 5988
f 8728 6017 6016
f 5997 6680 6679
f 5996 6045 6680
f 6033 6042 6045
f 6042 8175 8172
f 8172 8338 8336
f 8336 8337 8333
f 6684 6677 6681
f 6681 6044 6019
f 6019 6043 6016
f 6016 8173 8728
f 8728 8335 8332
f 8332 8334 8329
f 8194 8160 8727
f 6805 6009 8158
f 5940 7137 6719
f 8324 5942 8325
f 8325 5495 8225
f 6253 4292 6250
f 7137 5944 6715
f 8348 5937 8349
f 8350 5530 8131
f 5624 6159 5489
f 6718 5940 6719
f 8327 5490 6162
f 8347 5939 8352
f 5933 6121 6120
f 8184 5946 8347
f 7142 5615 8370
f 6145 5945 8327
f 8234 5943 6253
f 8328 5488 6144
f 8318 5948 8328
f 7139 4299 7140
f 8418 5947 8234
f 5604 6599 5605
f 5949 6712 6716
f 5944 6716 6715
f 6720 5950 6255
f 6255 4322 6256
f 5614 6235 6234
f 6711 5951 8161
f 8161 3857 6593
f 5973 2965 3013
f 2965 5963 222
f 222 5960 223
f 223 5958 3186
f 5958 3185 3186
f 5957 2977 3185
f 5970 1213 2977
f 5967 1214 1213
f 2532 5966 5953
f 2894 5953 5952
f 2871 5952 8344
f 5510 5721 5509
f 5822 5824 5823
f 3511 3844 3735
f 3887 3889 3888
f 3876 3878 3877
f 3356 3911 3909
f 3372 3390 3391
f 3849 3851 3850
f 3481 3867 3866
f 3873 3385 3382
f 3875 3450 3452
f 3915 3865 3862
f 3657 3671 3656
f 5618 3013 2152
f 1997 1889 1892
f 1237 744 855
f 1535 120 121
f 1531 201 214
f 1119 1032 984
f 946 824 947
f 163 5 162
f 9041 9175 9193
f 1155 1162 1164
f 427 327 424
f 553 796 498
f 8732 2231 2237
f 8732 2230 2232
f 2237 3180 8732
f 8734 8736 8733
f 8735 8738 8736
f 8737 8740 8738
f 8739 8742 8740
f 8743 8745 8746
f 8746 8747 8748
f 8749 8748 8747
f 8751 8750 8749
f 8754 8756 8753
f 8757 8755 8754
f 8759 8758 8757
f 8761 8760 8759
f 8763 8762 8761
f 8766 8749 8765
f 8765 8747 8767
f 8767 8745 8768
f 8768 8744 8769
f 8744 8771 8769
f 8770 8772 8771
f 8741 8773 8772
f 8739 8774 8773
f 8737 8775 8774
f 8735 8776 8775
f 8776 8777 3184
f 2904 8779 2947
f 8780 2904 2902
f 8781 2902 2876
f 2875 8781 2876
f 8783 2733 2736
f 2825 8786 2824
f 8788 8790 8787
f 8792 8787 8791
f 2724 8785 2825
f 8787 3115 3117
f 8791 3117 3119
f 8794 8765 8793
f 8793 8767 8795
f 8795 8768 8796
f 8796 8769 8797
f 8797 8771 8798
f 8771 8799 8798
f 8772 8800 8799
f 8773 8801 8800
f 8774 8802 8801
f 8775 8803 8802
f 8776 3056 8803
f 8802 2253 2252
f 8801 2252 1727
f 8800 1727 2150
f 8799 2150 1941
f 8804 8799 1941
f 8805 8798 8804
f 8806 8797 8805
f 8807 8796 8806
f 8793 8807 8808
f 8794 8808 8809
f 8810 8809 8808
f 8808 8806 8810
f 8810 8805 8812
f 8813 8810 8812
f 8812 8804 8814
f 8815 8812 8814
f 8814 1941 1360
f 8755 8752 8756
f 8758 8750 8755
f 8760 8748 8758
f 8762 8746 8760
f 8816 8764 8763
f 8818 8820 8817
f 8816 8782 8784
f 8821 8817 8816
f 8789 8783 8786
f 8818 8789 8788
f 8819 8788 8792
f 8822 8819 8823
f 8823 8792 8824
f 8824 8791 2712
f 2712 3119 3128
f 8826 8823 8825
f 8825 8824 8827
f 8827 2712 2711
f 8828 2711 2400
f 8829 8827 8828
f 8830 8825 8829
f 8743 8764 8831
f 8817 8831 8764
f 8770 8743 8831
f 8741 8831 8742
f 8820 8742 8831
f 8740 8822 8826
f 8738 8826 8830
f 8736 8830 8832
f 8833 2400 2402
f 8834 8828 8833
f 8832 8829 8834
f 8835 2402 2707
f 3058 2707 2708
f 3061 8835 3058
f 8836 8833 8835
f 8733 8832 8837
f 8837 8834 8836
f 8777 8733 8838
f 8838 8837 1962
f 8837 3061 1962
f 1961 8838 1962
f 3057 8777 8838
f 8779 8753 8839
f 8778 8754 8779
f 8780 8757 8778
f 8781 8759 8780
f 8782 8761 8781
f 8821 8784 8783
f 8785 8789 8786
f 2723 8790 8785
f 2875 8784 8782
f 2736 8786 8783
f 2947 8839 8944
f 8815 1360 8941
f 1900 1924 1901
f 1736 1718 1750
f 1955 1943 1956
f 1671 1735 1751
f 1696 1698 1692
f 1800 1864 1801
f 2063 2056 2060
f 1737 1717 1736
f 1751 1697 1695
f 943 9351 684
f 9108 8753 9057
f 1577 1764 1703
f 9369 1599 9375
f 1945 82 1944
f 68 7 248
f 147 1543 148
f 1109 1133 1102
f 1503 1907 1908
f 1499 1909 1498
f 452 735 215
f 1824 9287 9297
f 1825 2068 1824
f 1463 1022 1194
f 841 1009 1011
f 1568 1955 1534
f 1926 1927 1923
f 1910 1502 1939
f 1939 422 442
f 309 1940 308
f 1804 1866 1803
f 269 1954 56
f 2065 2060 2056
f 9264 1758 9287
f 280 552 1940
f 1875 1869 1874
f 1739 1734 1737
f 5923 5899 5924
f 1778 1790 1788
f 310 1915 279
f 1909 1906 1954
f 1789 1778 1788
f 978 980 979
f 1584 1731 1583
f 425 311 312
f 148 115 116
f 2044 9346 2046
f 277 1939 551
f 1943 1945 1944
f 1461 1463 1464
f 2253 3056 3055
f 2981 8927 958
f 2209 8927 3055
f 2254 3055 8927
f 2998 958 8927
f 2826 2721 2724
f 8928 2721 2817
f 2816 8928 2817
f 2334 2296 2335
f 2298 2334 2336
f 2301 2336 2338
f 2311 2338 2354
f 2312 2354 2355
f 2359 2361 2360
f 2335 2359 2360
f 2414 2365 2364
f 2413 2361 2365
f 2355 2540 2541
f 2541 2539 2542
f 2722 2739 2738
f 3114 2738 3113
f 3110 3121 3120
f 3108 3120 3113
f 3122 3127 3126
f 3112 3126 3121
f 3127 1753 3135
f 3139 2529 2542
f 9196 3133 3139
f 8928 2740 2739
f 8929 2789 8928
f 228 91 88
f 245 243 242
f 248 247 191
f 2 296 295
f 145 300 267
f 327 210 328
f 329 331 330
f 250 228 236
f 239 240 230
f 373 375 374
f 178 176 175
f 1218 1228 1321
f 9314 1295 9306
f 808 824 823
f 9310 1013 1014
f 9265 1411 1413
f 2154 2159 2160
f 9297 1758 1757
f 306 1922 452
f 2157 1976 1977
f 708 2031 1474
f 1450 1227 1428
f 1672 1605 1624
f 1813 1821 1816
f 1717 1715 1718
f 176 402 347
f 1710 9368 9367
f 1712 1577 1711
f 1705 1711 1704
f 3435 3475 3434
f 971 979 970
f 822 1094 1102
f 2909 2793 2792
f 2810 2795 2793
f 2799 2249 2800
f 9114 2910 2799
f 2769 2801 2795
f 3177 3178 3179
f 3178 3180 3179
f 3181 1393 2800
f 3181 1632 3182
f 3182 2244 3183
f 3183 2243 3180
f 8932 2790 8929
f 2808 8929 2816
f 2239 9016 2240
f 1149 9015 9014
f 1150 9011 9015
f 2202 9010 2015
f 2921 9009 2923
f 9012 2133 2928
f 1777 1759 1792
f 1201 1183 1184
f 9005 2195 2194
f 8997 2770 2768
f 9379 1687 1692
f 1516 154 503
f 8993 2974 2803
f 8994 2779 2778
f 2771 9019 8990
f 3070 8990 9002
f 8991 2775 2867
f 1376 1370 1372
f 2767 9000 2206
f 2195 8987 2767
f 2775 8986 2776
f 8344 8989 2871
f 9256 8983 2806
f 2776 8982 2805
f 2240 8979 2920
f 2920 9121 9071
f 8992 2786 2779
f 1805 1851 1804
f 8978 2787 2786
f 2951 8984 8975
f 2772 8975 9019
f 2973 8974 8980
f 2224 8981 8974
f 1957 320 510
f 306 304 303
f 2770 8972 2913
f 2913 9018 2239
f 2923 8971 2922
f 308 431 47
f 207 132 543
f 1879 1881 1880
f 9185 8969 2089
f 2475 9002 8968
f 2476 8968 8967
f 2223 8967 8981
f 8966 2803 2802
f 2037 11 1950
f 1959 450 505
f 2003 8964 2129
f 9 334 540
f 2009 8962 9011
f 2008 8980 8962
f 9329 673 9331
f 8959 2778 2784
f 2935 8957 2936
f 111 9014 8955
f 3238 3341 3237
f 8954 2935 2938
f 683 9337 943
f 8952 2810 2909
f 736 732 729
f 1795 1803 1796
f 8949 2938 2939
f 8951 2939 2940
f 2950 8948 2949
f 2940 8948 8951
f 9253 8956 2950
f 2868 8946 2869
f 2869 8966 2802
f 1024 1023 1020
f 8944 2948 2947
f 551 442 443
f 2972 9012 2928
f 2032 8943 2972
f 216 1924 1923
f 3532 3482 3533
f 203 201 200
f 3539 3541 3540
f 1828 1847 1837
f 1958 449 450
f 272 178 175
f 2871 8939 1361
f 9071 9008 2921
f 2801 9095 9114
f 2005 9106 2176
f 960 899 962
f 9109 9064 9076
f 9232 9098 3151
f 3151 9045 2555
f 2193 9075 2194
f 9059 3145 3144
f 9055 2761 3145
f 9044 3144 3104
f 2926 9086 3103
f 9086 3104 3103
f 9207 9198 9205
f 566 9210 2005
f 8839 1864 8944
f 1602 2079 2078
f 2868 9063 2922
f 2922 9062 2923
f 2923 9070 2921
f 9122 2918 9066
f 9071 9066 2920
f 2921 9122 9071
f 2920 9038 2240
f 9065 2915 2918
f 2917 9074 9093
f 2916 9093 9094
f 2239 9104 2913
f 2911 9104 2757
f 9095 2911 2910
f 2797 9114 9043
f 2797 9050 2750
f 9074 2763 2765
f 9060 2764 2745
f 2194 9100 2221
f 2221 9101 2222
f 2756 9061 2755
f 2750 9061 2747
f 9121 1817 9279
f 9215 1691 1699
f 2515 9042 2548
f 2548 9045 2550
f 2513 9084 9068
f 2513 9073 2515
f 2509 9072 2289
f 2510 9085 2509
f 2289 9091 2283
f 2283 9069 2286
f 2240 9039 2239
f 9111 9076 9078
f 716 9339 9340
f 727 9213 1923
f 2165 2170 2164
f 9112 9078 9081
f 9195 9030 9209
f 2175 769 770
f 2100 2095 2099
f 9210 9209 9030
f 640 9012 1826
f 1653 8997 1651
f 1895 8974 746
f 746 8981 741
f 1653 8972 9020
f 9214 1604 1672
f 2093 2073 2078
f 959 995 884
f 962 919 986
f 1400 1398 1399
f 1000 1127 1004
f 956 884 885
f 1662 8994 1661
f 2034 8990 1654
f 9378 8983 9254
f 8979 766 1817
f 9016 765 766
f 334 9015 335
f 1868 8984 1656
f 1684 1652 1678
f 1682 775 1807
f 1585 9214 1700
f 9215 1672 1673
f 2173 490 491
f 1658 8991 1752
f 9000 1650 724
f 1571 2010 1572
f 1587 9123 2080
f 2099 2077 2094
f 787 1999 786
f 2000 786 1999
f 3155 9149 9135
f 9165 9135 9241
f 2180 9137 9136
f 8940 9136 9157
f 1684 9292 1651
f 1760 8939 8989
f 2607 9145 2590
f 2581 9141 2607
f 2371 9152 9147
f 2371 9145 2372
f 2587 9127 2586
f 2586 9149 339
f 2497 9139 2503
f 2502 9139 9152
f 2494 9142 2495
f 9142 2472 2495
f 9140 2468 2472
f 9153 2469 2468
f 726 9344 630
f 581 8962 580
f 10 9014 334
f 1837 8954 1849
f 741 8967 1300
f 1299 9002 2034
f 1851 8948 1866
f 8971 1820 1819
f 580 8980 1895
f 1758 8966 8946
f 1693 8952 1806
f 8948 1867 1866
f 1894 9012 8943
f 2126 9265 9293
f 9358 9293 9364
f 2113 9319 2110
f 2179 9241 9137
f 624 9356 623
f 2192 9240 9232
f 2177 9239 9185
f 1364 9285 1338
f 9310 1470 1453
f 3135 9227 9196
f 2069 9287 2068
f 1351 9305 1352
f 2108 9353 499
f 2089 9188 9185
f 9280 1358 866
f 2001 9235 2187
f 2187 9171 2091
f 2130 9204 2004
f 2004 9201 2001
f 2014 9231 2201
f 2201 9208 2130
f 3167 9211 2969
f 3168 9172 3167
f 3159 9216 3160
f 3160 9217 3081
f 9182 3158 337
f 3158 9161 3159
f 2200 9182 9174
f 9137 9194 2204
f 9174 2197 2200
f 9242 2092 9173
f 9226 9173 2197
f 3154 9242 9226
f 3155 9158 3154
f 2091 9173 2092
f 2196 9202 9228
f 2193 9228 9233
f 9056 9233 9240
f 2086 9232 9230
f 2087 9230 9229
f 2204 9203 2205
f 2205 9202 3148
f 9361 574 692
f 2124 9229 9212
f 2208 9212 9234
f 9163 3140 3137
f 9237 3138 3140
f 9197 3139 3138
f 9223 3136 2322
f 9164 3137 3136
f 9227 3131 3133
f 9219 3132 3131
f 1813 9290 1814
f 1293 9308 1344
f 2184 9200 9184
f 2181 9184 9186
f 9217 3079 3081
f 9220 3080 3079
f 709 9327 2031
f 2774 9189 9221
f 9238 2134 9003
f 9261 766 765
f 2968 9218 2959
f 2969 9236 2968
f 2958 9189 2961
f 2132 9218 2960
f 2321 9223 9200
f 9312 1449 28
f 9357 582 710
f 9338 577 574
f 9299 1818 9279
f 705 9339 2121
f 9268 9359 698
f 2111 9363 2113
f 9262 1366 1411
f 1812 9274 1815
f 675 9304 674
f 8940 9303 675
f 2110 9320 2109
f 2104 9353 2106
f 2109 9351 944
f 9294 703 739
f 1680 9298 1684
f 1639 9271 9270
f 623 9358 697
f 2139 9318 9317
f 1808 9296 9289
f 9272 1819 1820
f 9324 9352 706
f 1646 9282 1648
f 9341 633 577
f 2139 9327 18
f 2156 9323 9326
f 674 9365 9321
f 2117 9264 2069
f 1815 9299 9275
f 9307 1444 1470
f 697 9364 9268
f 866 9288 9280
f 9316 2136 2135
f 9037 9178 9041
f 9035 9183 9037
f 9205 9190 9191
f 9192 9033 9195
f 1088 9198 1093
f 9191 9195 9205
f 2791 8933 2792
f 8932 2807 8933
f 2792 8934 2909
f 8933 2806 8934
f 8952 8934 8960
f 8960 2806 8983
f 2948 9243 9253
f 2105 9348 2104
f 8982 9256 2805
f 680 9328 683
f 1891 9362 9343
f 2905 9253 2950
f 2900 9251 2905
f 2901 9259 2877
f 2734 9258 9246
f 2877 9258 2878
f 2820 9246 2872
f 2818 9244 2827
f 2823 9244 2826
f 2822 9250 2821
f 2819 9252 9250
f 2817 9247 2816
f 2809 9247 2815
f 2808 9255 2807
f 2805 9255 2804
f 1702 9375 1599
f 9374 1797 1802
f 9367 1706 1709
f 9370 1692 1698
f 1657 9332 1879
f 1890 9347 9362
f 9224 1674 1675
f 1689 9224 9225
f 9378 8982 1688
f 8960 1689 9225
f 9369 1703 1764
f 1598 9380 1770
f 9332 1876 1879
f 1691 9377 9379
f 9377 1688 1687
f 1117 1118 9382
f 1066 1322 9382
f 1243 847 9382
f 9277 848 9382
f 1128 1117 9382
f 1129 1130 9382
f 841 1011 9382
f 1230 9315 9382
f 1242 1243 9382
f 1322 1229 9382
f 1064 1065 9382
f 1003 1128 9382
f 1229 1230 9382
f 9315 1285 9382
f 1285 1288 9382
f 848 839 9382
f 847 9277 9382
f 1118 1129 9382
f 1065 1066 9382
f 1087 1086 9382
f 1008 1002 9382
f 1011 1008 9382
f 1002 1003 9382
f 1076 1069 9382
f 838 841 9382
f 839 838 9382
f 1288 1242 9382
f 1130 1087 9382
f 1086 1076 9382
f 1069 1064 9382
f 2410 2414 9383
f 2411 2410 9383
f 9069 2285 9383
f 2394 2393 9383
f 2393 2396 9383
f 2281 2286 9383
f 2282 2280 9383
f 2398 2399 9383
f 2465 2464 9383
f 2396 2397 9383
f 2470 2469 9383
f 2399 2416 9383
f 2480 2395 9383
f 2459 2480 9383
f 2369 2282 9383
f 2460 2459 9383
f 2415 2411 9383
f 2416 2415 9383
f 2364 2363 9383
f 2286 9069 9383
f 2464 2470 9383
f 2469 9155 9383
f 2285 2465 9383
f 2414 2364 9383
f 2395 2394 9383
f 2363 2367 9383
f 2397 2398 9383
f 2280 2281 9383
f 9155 2460 9383
f 2367 2369 9383
f 9386 9389 9390
f 9386 9391 9387
f 9384 9389 9385
f 9390 9395 9391
f 9389 9392 9393
f 9389 9394 9390
f 9394 9399 9395
f 9393 9396 9397
f 9394 9397 9398
f 9399 9402 9403
f 9396 9401 9397
f 9397 9402 9398
f 9402 9407 9403
f 9401 9404 9405
f 9402 9405 9406
f 9407 9410 9411
f 9405 9408 9409
f 9405 9410 9406
f 9411 9414 9415
f 9409 9412 9413
f 9410 9413 9414
f 9414 9419 9415
f 9412 9417 9413
f 9413 9418 9414
f 9418 9423 9419
f 9417 9420 9421
f 9418 9421 9422
f 9422 9427 9423
f 9420 9425 9421
f 9421 9426 9422
f 9426 9431 9427
f 9425 9428 9429
f 9426 9429 9430
f 9431 9434 9435
f 9428 9433 9429
f 9429 9434 9430
f 9434 9439 9435
f 9433 9436 9437
f 9434 9437 9438
f 9439 9442 9443
f 9436 9441 9437
f 9437 9442 9438
f 9443 9446 9447
f 9441 9444 9445
f 9442 9445 9446
f 9447 9450 9451
f 9444 9449 9445
f 9445 9450 9446
f 9450 9455 9451
f 9449 9452 9453
f 9450 9453 9454
f 9454 9459 9455
f 9452 9457 9453
f 9453 9458 9454
f 9458 9463 9459
f 9457 9460 9461
f 9458 9461 9462
f 9463 9466 9467
f 9460 9465 9461
f 9461 9466 9462
f 9466 9471 9467
f 9465 9468 9469
f 9466 9469 9470
f 9471 9474 9475
f 9468 9473 9469
f 9469 9474 9470
f 9475 9478 9479
f 9473 9476 9477
f 9474 9477 9478
f 9479 9482 9483
f 9476 9481 9477
f 9477 9482 9478
f 9483 9486 9487
f 9481 9484 9485
f 9482 9485 9486
f 9486 9491 9487
f 9484 9489 9485
f 9485 9490 9486
f 9490 9495 9491
f 9489 9492 9493
f 9490 9493 9494
f 9495 9498 9499
f 9492 9497 9493
f 9493 9498 9494
f 9498 9503 9499
f 9497 9500 9501
f 9498 9501 9502
f 9503 9507 9508
f 9500 9506 9501
f 9501 9507 9502
f 9508 9511 9512
f 9505 9510 9506
f 9507 9510 9511
f 9384 9504 9388
f 9388 9504 9392
f 9392 9504 9396
f 9396 9504 9400
f 9400 9504 9404
f 9404 9504 9408
f 9408 9504 9412
f 9412 9504 9416
f 9416 9504 9420
f 9420 9504 9424
f 9424 9504 9428
f 9428 9504 9432
f 9432 9504 9436
f 9436 9504 9440
f 9440 9504 9444
f 9444 9504 9448
f 9448 9504 9452
f 9452 9504 9456
f 9456 9504 9460
f 9460 9504 9464
f 9464 9504 9468
f 9468 9504 9472
f 9472 9504 9476
f 9476 9504 9480
f 9480 9504 9484
f 9484 9504 9488
f 9488 9504 9492
f 9492 9504 9496
f 9496 9504 9500
f 9500 9504 9505
f 9505 9504 9509
f 9512 9386 9387
f 9510 9384 9385
f 9510 9386 9511
f 9509 9504 9384
f 9521 9533 9534
f 9518 9532 9519
f 9517 9529 9530
f 9515 9527 9528
f 9523 9537 9524
f 9521 9535 9522
f 9519 9533 9520
f 9518 9530 9531
f 9515 9529 9516
f 9513 9527 9514
f 9524 9538 9525
f 9523 9535 9536
f 9528 9542 9529
f 9526 9540 9527
f 9538 9550 9551
f 9535 9549 9536
f 9534 9546 9547
f 9531 9545 9532
f 9530 9542 9543
f 9528 9540 9541
f 9537 9549 9550
f 9534 9548 9535
f 9532 9546 9533
f 9531 9543 9544
f 9541 9555 9542
f 9540 9552 9553
f 9550 9564 9551
f 9548 9562 9549
f 9547 9559 9560
f 9544 9558 9545
f 9542 9556 9543
f 9541 9553 9554
f 9549 9563 9550
f 9547 9561 9548
f 9546 9558 9559
f 9544 9556 9557
f 9555 9567 9568
f 9552 9566 9553
f 9564 9576 9577
f 9562 9574 9575
f 9559 9573 9560
f 9557 9571 9558
f 9555 9569 9556
f 9553 9567 9554
f 9562 9576 9563
f 9561 9573 9574
f 9559 9571 9572
f 9557 9569 9570
f 9567 9581 9568
f 9566 9578 9579
f 9576 9590 9577
f 9575 9587 9588
f 9572 9586 9573
f 9571 9583 9584
f 9569 9581 9582
f 9566 9580 9567
f 9576 9588 9589
f 9574 9586 9587
f 9571 9585 9572
f 9569 9583 9570
f 9581 9593 9594
f 9578 9592 9579
f 9590 9602 9603
f 9588 9600 9601
f 9585 9599 9586
f 9583 9597 9584
f 9582 9594 9595
f 9579 9593 9580
f 9589 9601 9602
f 9587 9599 9600
f 9584 9598 9585
f 9583 9595 9596
f 9594 9606 9607
f 9592 9604 9605
f 9602 9616 9603
f 9601 9613 9614
f 9598 9612 9599
f 9596 9610 9597
f 9594 9608 9595
f 9592 9606 9593
f 9601 9615 9602
f 9600 9612 9613
f 9598 9610 9611
f 9596 9608 9609
f 9607 9619 9620
f 9605 9617 9618
f 9615 9629 9616
f 9613 9627 9614
f 9611 9625 9612
f 9610 9622 9623
f 9607 9621 9608
f 9605 9619 9606
f 9615 9627 9628
f 9613 9625 9626
f 9611 9623 9624
f 9608 9622 9609
f 9619 9633 9620
f 9617 9631 9618
f 9628 9642 9629
f 9627 9639 9640
f 9625 9637 9638
f 9622 9636 9623
f 9621 9633 9634
f 9619 9631 9632
f 9627 9641 9628
f 9625 9639 9626
f 9623 9637 9624
f 9622 9634 9635
f 9632 9646 9633
f 9630 9644 9631
f 9642 9654 9655
f 9639 9653 9640
f 9638 9650 9651
f 9635 9649 9636
f 9634 9646 9647
f 9632 9644 9645
f 9641 9653 9654
f 9638 9652 9639
f 9636 9650 9637
f 9635 9647 9648
f 9645 9659 9646
f 9644 9656 9657
f 9654 9668 9655
f 9652 9666 9653
f 9651 9663 9664
f 9648 9662 9649
f 9646 9660 9647
f 9645 9657 9658
f 9653 9667 9654
f 9651 9665 9652
f 9650 9662 9663
f 9648 9660 9661
f 9659 9671 9672
f 9656 9670 9657
f 9668 9680 9681
f 9665 9679 9666
f 9663 9677 9664
f 9661 9675 9662
f 9659 9673 9660
f 9657 9671 9658
f 9666 9680 9667
f 9665 9677 9678
f 9663 9675 9676
f 9661 9673 9674
f 9671 9685 9672
f 9670 9682 9683
f 9680 9694 9681
f 9678 9692 9679
f 9677 9689 9690
f 9675 9687 9688
f 9673 9685 9686
f 9670 9684 9671
f 9680 9692 9693
f 9678 9690 9691
f 9675 9689 9676
f 9673 9687 9674
f 9685 9697 9698
f 9682 9696 9683
f 9694 9706 9707
f 9692 9704 9705
f 9689 9703 9690
f 9687 9701 9688
f 9686 9698 9699
f 9683 9697 9684
f 9693 9705 9706
f 9691 9703 9704
f 9688 9702 9689
f 9687 9699 9700
f 9698 9710 9711
f 9696 9708 9709
f 9706 9720 9707
f 9705 9717 9718
f 9702 9716 9703
f 9700 9714 9701
f 9698 9712 9699
f 9696 9710 9697
f 9705 9719 9706
f 9704 9716 9717
f 9702 9714 9715
f 9700 9712 9713
f 9711 9723 9724
f 9709 9721 9722
f 9719 9733 9720
f 9717 9731 9718
f 9715 9729 9716
f 9714 9726 9727
f 9711 9725 9712
f 9709 9723 9710
f 9718 9732 9719
f 9717 9729 9730
f 9715 9727 9728
f 9712 9726 9713
f 9723 9737 9724
f 9721 9735 9722
f 9733 9745 9746
f 9731 9743 9744
f 9729 9741 9742
f 9726 9740 9727
f 9725 9737 9738
f 9723 9735 9736
f 9732 9744 9745
f 9729 9743 9730
f 9727 9741 9728
f 9726 9738 9739
f 9736 9750 9737
f 9734 9748 9735
f 9746 9758 9759
f 9743 9757 9744
f 9742 9754 9755
f 9739 9753 9740
f 9738 9750 9751
f 9736 9748 9749
f 9745 9757 9758
f 9742 9756 9743
f 9740 9754 9741
f 9739 9751 9752
f 9749 9763 9750
f 9748 9760 9761
f 9758 9772 9759
f 9756 9770 9757
f 9755 9767 9768
f 9752 9766 9753
f 9750 9764 9751
f 9749 9761 9762
f 9757 9771 9758
f 9756 9768 9769
f 9754 9766 9767
f 9752 9764 9765
f 9762 9776 9763
f 9760 9774 9761
f 9772 9784 9785
f 9770 9782 9783
f 9768 9780 9781
f 9765 9779 9766
f 9763 9777 9764
f 9762 9774 9775
f 9770 9784 9771
f 9768 9782 9769
f 9767 9779 9780
f 9764 9778 9765
f 9775 9789 9776
f 9774 9786 9787
f 9784 9798 9785
f 9782 9796 9783
f 9781 9793 9794
f 9779 9791 9792
f 9777 9789 9790
f 9774 9788 9775
f 9784 9796 9797
f 9782 9794 9795
f 9779 9793 9780
f 9777 9791 9778
f 9789 9802 9803
f 9786 9801 9787
f 9798 9811 9812
f 9796 9809 9810
f 9793 9808 9794
f 9792 9805 9806
f 9790 9803 9804
f 9787 9802 9788
f 9797 9810 9811
f 9795 9808 9809
f 9792 9807 9793
f 9790 9805 9791
f 9803 9815 9816
f 9801 9813 9814
f 9811 9825 9812
f 9810 9822 9823
f 9807 9821 9808
f 9806 9818 9819
f 9803 9817 9804
f 9801 9815 9802
f 9810 9824 9811
f 9809 9821 9822
f 9807 9819 9820
f 9804 9818 9805
f 9816 9828 9829
f 9814 9826 9827
f 9825 9837 9838
f 9822 9836 9823
f 9820 9834 9821
f 9819 9831 9832
f 9816 9830 9817
f 9814 9828 9815
f 9824 9836 9837
f 9822 9834 9835
f 9820 9832 9833
f 9817 9831 9818
f 9828 9842 9829
f 9826 9840 9827
f 9837 9851 9838
f 9836 9848 9849
f 9834 9846 9847
f 9831 9845 9832
f 9830 9842 9843
f 9828 9840 9841
f 9836 9850 9837
f 9834 9848 9835
f 9832 9846 9833
f 9831 9843 9844
f 9841 9855 9842
f 9839 9853 9840
f 9851 9863 9864
f 9848 9862 9849
f 9847 9859 9860
f 9845 9857 9858
f 9843 9855 9856
f 9841 9853 9854
f 9850 9862 9863
f 9847 9861 9848
f 9845 9859 9846
f 9843 9857 9844
f 9854 9868 9855
f 9853 9865 9866
f 9863 9877 9864
f 9861 9875 9862
f 9860 9872 9873
f 9858 9870 9871
f 9855 9869 9856
f 9854 9866 9867
f 9862 9876 9863
f 9860 9874 9861
f 9859 9871 9872
f 9856 9870 9857
f 9868 9880 9881
f 9865 9879 9866
f 9877 9889 9890
f 9875 9887 9888
f 9873 9885 9886
f 9870 9884 9871
f 9868 9882 9869
f 9867 9879 9880
f 9875 9889 9876
f 9873 9887 9874
f 9872 9884 9885
f 9870 9882 9883
f 9880 9894 9881
f 9878 9892 9879
f 9889 9903 9890
f 9887 9901 9888
f 9886 9898 9899
f 9884 9896 9897
f 9882 9894 9895
f 9879 9893 9880
f 9889 9901 9902
f 9887 9899 9900
f 9884 9898 9885
f 9882 9896 9883
f 9894 9906 9907
f 9891 9905 9892
f 9903 9915 9916
f 9901 9913 9914
f 9898 9912 9899
f 9896 9910 9897
f 9895 9907 9908
f 9892 9906 9893
f 9902 9914 9915
f 9899 9913 9900
f 9897 9911 9898
f 9896 9908 9909
f 9907 9919 9920
f 9905 9917 9918
f 9915 9929 9916
f 9914 9926 9927
f 9911 9925 9912
f 9909 9923 9910
f 9907 9921 9908
f 9905 9919 9906
f 9914 9928 9915
f 9913 9925 9926
f 9911 9923 9924
f 9909 9921 9922
f 9799 9525 9538
f 9799 9538 9551
f 9799 9551 9564
f 9799 9564 9577
f 9799 9577 9590
f 9799 9590 9603
f 9799 9603 9616
f 9799 9616 9629
f 9799 9629 9642
f 9799 9642 9655
f 9799 9655 9668
f 9799 9668 9681
f 9799 9681 9694
f 9799 9694 9707
f 9799 9707 9720
f 9799 9720 9733
f 9799 9733 9746
f 9799 9746 9759
f 9799 9759 9772
f 9799 9772 9785
f 9799 9785 9798
f 9799 9798 9812
f 9799 9812 9825
f 9799 9825 9838
f 9799 9838 9851
f 9799 9851 9864
f 9799 9864 9877
f 9799 9877 9890
f 9799 9890 9903
f 9799 9903 9916
f 9799 9916 9929
f 9920 9515 9516
f 9918 9513 9514
f 9929 9524 9525
f 9926 9523 9927
f 9924 9521 9925
f 9923 9518 9519
f 9920 9517 9921
f 9918 9515 9919
f 9799 9929 9525
f 9928 9523 9524
f 9926 9521 9522
f 9924 9519 9520
f 9921 9518 9922
f 9387 9917 9512
f 9917 9508 9512
f 9904 9503 9508
f 9891 9499 9503
f 9499 9865 9495
f 9495 9852 9491
f 9491 9839 9487
f 9839 9483 9487
f 9483 9813 9479
f 9813 9475 9479
f 9800 9471 9475
f 9786 9467 9471
f 9467 9760 9463
f 9463 9747 9459
f 9459 9734 9455
f 9734 9451 9455
f 9451 9708 9447
f 9708 9443 9447
f 9695 9439 9443
f 9682 9435 9439
f 9435 9656 9431
f 9431 9643 9427
f 9427 9630 9423
f 9630 9419 9423
f 9419 9604 9415
f 9604 9411 9415
f 9591 9407 9411
f 9578 9403 9407
f 9403 9552 9399
f 9399 9539 9395
f 9395 9526 9391
f 9526 9387 9391
f 9932 9935 9936
f 9932 9937 9933
f 9931 9934 9935
f 9936 9941 9937
f 9934 9939 9935
f 9935 9940 9936
f 9940 9945 9941
f 9939 9942 9943
f 9940 9943 9944
f 9945 9948 9949
f 9942 9947 9943
f 9943 9948 9944
f 9948 9953 9949
f 9947 9950 9951
f 9948 9951 9952
f 9953 9956 9957
f 9950 9955 9951
f 9951 9956 9952
f 9957 9960 9961
f 9955 9958 9959
f 9956 9959 9960
f 9961 9964 9965
f 9958 9963 9959
f 9959 9964 9960
f 9965 9968 9969
f 9963 9966 9967
f 9964 9967 9968
f 9968 9973 9969
f 9966 9971 9967
f 9967 9972 9968
f 9972 9977 9973
f 9970 9975 9971
f 9972 9975 9976
f 9977 9980 9981
f 9974 9979 9975
f 9975 9980 9976
f 9980 9985 9981
f 9979 9982 9983
f 9980 9983 9984
f 9985 9988 9989
f 9982 9987 9983
f 9983 9988 9984
f 9989 9992 9993
f 9986 9991 9987
f 9988 9991 9992
f 9993 9996 9997
f 9991 9994 9995
f 9991 9996 9992
f 9996 10001 9997
f 9994 9999 9995
f 9996 9999 10000
f 10000 10005 10001
f 9999 10002 10003
f 9999 10004 10000
f 10004 10009 10005
f 10003 10006 10007
f 10004 10007 10008
f 10009 10012 10013
f 10006 10011 10007
f 10007 10012 10008
f 10012 10017 10013
f 10011 10014 10015
f 10012 10015 10016
f 10017 10020 10021
f 10014 10019 10015
f 10015 10020 10016
f 10021 10024 10025
f 10019 10022 10023
f 10020 10023 10024
f 10024 10029 10025
f 10022 10027 10023
f 10023 10028 10024
f 10028 10033 10029
f 10027 10030 10031
f 10028 10031 10032
f 10032 10037 10033
f 10030 10035 10031
f 10031 10036 10032
f 10036 10041 10037
f 10035 10038 10039
f 10036 10039 10040
f 10041 10044 10045
f 10038 10043 10039
f 10039 10044 10040
f 10044 10049 10045
f 10043 10046 10047
f 10044 10047 10048
f 10049 10053 10054
f 10046 10052 10047
f 10047 10053 10048
f 10054 10057 10058
f 10052 10055 10056
f 10053 10056 10057
f 9930 10050 9934
f 9934 10050 9938
f 9938 10050 9942
f 9942 10050 9946
f 9946 10050 9950
f 9950 10050 9954
f 9954 10050 9958
f 9958 10050 9962
f 9962 10050 9966
f 9966 10050 9970
f 9970 10050 9974
f 9974 10050 9978
f 9978 10050 9982
f 9982 10050 9986
f 9986 10050 9990
f 9990 10050 9994
f 9994 10050 9998
f 9998 10050 10002
f 10002 10050 10006
f 10006 10050 10010
f 10010 10050 10014
f 10014 10050 10018
f 10018 10050 10022
f 10022 10050 10026
f 10026 10050 10030
f 10030 10050 10034
f 10034 10050 10038
f 10038 10050 10042
f 10042 10050 10046
f 10046 10050 10051
f 10051 10050 10055
f 10058 9932 9933
f 10055 9931 10056
f 10056 9932 10057
f 10055 10050 9930
f 10067 10079 10080
f 10064 10078 10065
f 10063 10075 10076
f 10061 10073 10074
f 10070 10082 10083
f 10067 10081 10068
f 10065 10079 10066
f 10064 10076 10077
f 10061 10075 10062
f 10059 10073 10060
f 10071 10083 10084
f 10069 10081 10082
f 10074 10088 10075
f 10072 10086 10073
f 10084 10096 10097
f 10081 10095 10082
f 10080 10092 10093
f 10078 10090 10091
f 10076 10088 10089
f 10074 10086 10087
f 10083 10095 10096
f 10080 10094 10081
f 10078 10092 10079
f 10076 10090 10077
f 10087 10101 10088
f 10086 10098 10099
f 10096 10110 10097
f 10094 10108 10095
f 10093 10105 10106
f 10091 10103 10104
f 10088 10102 10089
f 10087 10099 10100
f 10095 10109 10096
f 10094 10106 10107
f 10092 10104 10105
f 10089 10103 10090
f 10100 10114 10101
f 10098 10112 10099
f 10110 10122 10123
f 10108 10120 10121
f 10105 10119 10106
f 10103 10117 10104
f 10101 10115 10102
f 10100 10112 10113
f 10108 10122 10109
f 10106 10120 10107
f 10105 10117 10118
f 10103 10115 10116
f 10113 10127 10114
f 10112 10124 10125
f 10122 10136 10123
f 10120 10134 10121
f 10119 10131 10132
f 10117 10129 10130
f 10115 10127 10128
f 10113 10125 10126
f 10122 10134 10135
f 10119 10133 10120
f 10117 10131 10118
f 10115 10129 10116
f 10127 10139 10140
f 10124 10138 10125
f 10136 10148 10149
f 10134 10146 10147
f 10131 10145 10132
f 10130 10142 10143
f 10128 10140 10141
f 10125 10139 10126
f 10135 10147 10148
f 10133 10145 10146
f 10130 10144 10131
f 10128 10142 10129
f 10140 10152 10153
f 10138 10150 10151
f 10148 10162 10149
f 10147 10159 10160
f 10144 10158 10145
f 10143 10155 10156
f 10140 10154 10141
f 10138 10152 10139
f 10147 10161 10148
f 10146 10158 10159
f 10144 10156 10157
f 10141 10155 10142
f 10153 10165 10166
f 10151 10163 10164
f 10162 10174 10175
f 10159 10173 10160
f 10157 10171 10158
f 10156 10168 10169
f 10153 10167 10154
f 10151 10165 10152
f 10161 10173 10174
f 10159 10171 10172
f 10157 10169 10170
f 10154 10168 10155
f 10165 10179 10166
f 10163 10177 10164
f 10175 10187 10188
f 10173 10185 10186
f 10171 10183 10184
f 10168 10182 10169
f 10167 10179 10180
f 10165 10177 10178
f 10173 10187 10174
f 10171 10185 10172
f 10169 10183 10170
f 10168 10180 10181
f 10178 10192 10179
f 10176 10190 10177
f 10188 10200 10201
f 10185 10199 10186
f 10184 10196 10197
f 10182 10194 10195
f 10180 10192 10193
f 10178 10190 10191
f 10187 10199 10200
f 10184 10198 10185
f 10182 10196 10183
f 10180 10194 10181
f 10191 10205 10192
f 10190 10202 10203
f 10200 10214 10201
f 10198 10212 10199
f 10197 10209 10210
f 10195 10207 10208
f 10192 10206 10193
f 10191 10203 10204
f 10199 10213 10200
f 10197 10211 10198
f 10196 10208 10209
f 10193 10207 10194
f 10205 10217 10218
f 10202 10216 10203
f 10214 10226 10227
f 10211 10225 10212
f 10210 10222 10223
f 10207 10221 10208
f 10205 10219 10206
f 10204 10216 10217
f 10212 10226 10213
f 10210 10224 10211
f 10209 10221 10222
f 10207 10219 10220
f 10217 10231 10218
f 10216 10228 10229
f 10226 10240 10227
f 10224 10238 10225
f 10223 10235 10236
f 10221 10233 10234
f 10219 10231 10232
f 10217 10229 10230
f 10226 10238 10239
f 10223 10237 10224
f 10221 10235 10222
f 10219 10233 10220
f 10231 10243 10244
f 10228 10242 10229
f 10240 10252 10253
f 10238 10250 10251
f 10235 10249 10236
f 10234 10246 10247
f 10232 10244 10245
f 10229 10243 10230
f 10239 10251 10252
f 10237 10249 10250
f 10234 10248 10235
f 10232 10246 10233
f 10244 10256 10257
f 10242 10254 10255
f 10252 10266 10253
f 10251 10263 10264
f 10248 10262 10249
f 10247 10259 10260
f 10244 10258 10245
f 10242 10256 10243
f 10251 10265 10252
f 10250 10262 10263
f 10248 10260 10261
f 10245 10259 10246
f 10257 10269 10270
f 10255 10267 10268
f 10266 10278 10279
f 10263 10277 10264
f 10261 10275 10262
f 10260 10272 10273
f 10257 10271 10258
f 10255 10269 10256
f 10265 10277 10278
f 10263 10275 10276
f 10261 10273 10274
f 10258 10272 10259
f 10269 10283 10270
f 10267 10281 10268
f 10278 10292 10279
f 10277 10289 10290
f 10275 10287 10288
f 10272 10286 10273
f 10271 10283 10284
f 10269 10281 10282
f 10277 10291 10278
f 10275 10289 10276
f 10273 10287 10274
f 10272 10284 10285
f 10282 10296 10283
f 10280 10294 10281
f 10292 10304 10305
f 10289 10303 10290
f 10288 10300 10301
f 10286 10298 10299
f 10284 10296 10297
f 10282 10294 10295
f 10291 10303 10304
f 10288 10302 10289
f 10286 10300 10287
f 10284 10298 10285
f 10295 10309 10296
f 10294 10306 10307
f 10304 10318 10305
f 10302 10316 10303
f 10301 10313 10314
f 10299 10311 10312
f 10296 10310 10297
f 10295 10307 10308
f 10303 10317 10304
f 10301 10315 10302
f 10300 10312 10313
f 10297 10311 10298
f 10309 10321 10322
f 10307 10319 10320
f 10318 10330 10331
f 10316 10328 10329
f 10314 10326 10327
f 10311 10325 10312
f 10309 10323 10310
f 10308 10320 10321
f 10316 10330 10317
f 10314 10328 10315
f 10313 10325 10326
f 10311 10323 10324
f 10321 10335 10322
f 10320 10332 10333
f 10330 10344 10331
f 10329 10341 10342
f 10326 10340 10327
f 10325 10337 10338
f 10323 10335 10336
f 10320 10334 10321
f 10330 10342 10343
f 10328 10340 10341
f 10325 10339 10326
f 10323 10337 10324
f 10335 10348 10349
f 10332 10347 10333
f 10344 10357 10358
f 10342 10355 10356
f 10339 10354 10340
f 10337 10352 10338
f 10336 10349 10350
f 10333 10348 10334
f 10343 10356 10357
f 10341 10354 10355
f 10338 10353 10339
f 10337 10350 10351
f 10349 10361 10362
f 10347 10359 10360
f 10357 10371 10358
f 10356 10368 10369
f 10353 10367 10354
f 10351 10365 10352
f 10349 10363 10350
f 10347 10361 10348
f 10356 10370 10357
f 10355 10367 10368
f 10353 10365 10366
f 10351 10363 10364
f 10362 10374 10375
f 10360 10372 10373
f 10371 10383 10384
f 10368 10382 10369
f 10366 10380 10367
f 10365 10377 10378
f 10362 10376 10363
f 10360 10374 10361
f 10370 10382 10383
f 10368 10380 10381
f 10366 10378 10379
f 10363 10377 10364
f 10374 10388 10375
f 10372 10386 10373
f 10383 10397 10384
f 10382 10394 10395
f 10380 10392 10393
f 10377 10391 10378
f 10376 10388 10389
f 10374 10386 10387
f 10382 10396 10383
f 10380 10394 10381
f 10378 10392 10379
f 10377 10389 10390
f 10387 10401 10388
f 10385 10399 10386
f 10397 10409 10410
f 10394 10408 10395
f 10393 10405 10406
f 10390 10404 10391
f 10389 10401 10402
f 10387 10399 10400
f 10396 10408 10409
f 10393 10407 10394
f 10391 10405 10392
f 10390 10402 10403
f 10400 10414 10401
f 10399 10411 10412
f 10409 10423 10410
f 10407 10421 10408
f 10406 10418 10419
f 10403 10417 10404
f 10401 10415 10402
f 10400 10412 10413
f 10408 10422 10409
f 10406 10420 10407
f 10405 10417 10418
f 10403 10415 10416
f 10414 10426 10427
f 10411 10425 10412
f 10423 10435 10436
f 10420 10434 10421
f 10418 10432 10419
f 10416 10430 10417
f 10414 10428 10415
f 10412 10426 10413
f 10421 10435 10422
f 10419 10433 10420
f 10418 10430 10431
f 10416 10428 10429
f 10427 10439 10440
f 10425 10437 10438
f 10435 10449 10436
f 10433 10447 10434
f 10431 10445 10432
f 10430 10442 10443
f 10428 10440 10441
f 10425 10439 10426
f 10435 10447 10448
f 10433 10445 10446
f 10430 10444 10431
f 10428 10442 10429
f 10440 10452 10453
f 10437 10451 10438
f 10449 10461 10462
f 10447 10459 10460
f 10444 10458 10445
f 10443 10455 10456
f 10441 10453 10454
f 10438 10452 10439
f 10448 10460 10461
f 10446 10458 10459
f 10443 10457 10444
f 10441 10455 10442
f 10453 10465 10466
f 10451 10463 10464
f 10461 10475 10462
f 10460 10472 10473
f 10457 10471 10458
f 10456 10468 10469
f 10453 10467 10454
f 10451 10465 10452
f 10460 10474 10461
f 10459 10471 10472
f 10457 10469 10470
f 10454 10468 10455
f 10345 10071 10084
f 10345 10084 10097
f 10345 10097 10110
f 10345 10110 10123
f 10345 10123 10136
f 10345 10136 10149
f 10345 10149 10162
f 10345 10162 10175
f 10345 10175 10188
f 10345 10188 10201
f 10345 10201 10214
f 10345 10214 10227
f 10345 10227 10240
f 10345 10240 10253
f 10345 10253 10266
f 10345 10266 10279
f 10345 10279 10292
f 10345 10292 10305
f 10345 10305 10318
f 10345 10318 10331
f 10345 10331 10344
f 10345 10344 10358
f 10345 10358 10371
f 10345 10371 10384
f 10345 10384 10397
f 10345 10397 10410
f 10345 10410 10423
f 10345 10423 10436
f 10345 10436 10449
f 10345 10449 10462
f 10345 10462 10475
f 10466 10061 10062
f 10464 10059 10060
f 10474 10071 10475
f 10472 10069 10473
f 10470 10067 10471
f 10469 10064 10065
f 10466 10063 10467
f 10464 10061 10465
f 10345 10475 10071
f 10473 10070 10474
f 10472 10067 10068
f 10470 10065 10066
f 10467 10064 10468
f 9933 10463 10058
f 10463 10054 10058
f 10450 10049 10054
f 10437 10045 10049
f 10045 10411 10041
f 10041 10398 10037
f 10037 10385 10033
f 10385 10029 10033
f 10029 10359 10025
f 10359 10021 10025
f 10346 10017 10021
f 10332 10013 10017
f 10013 10306 10009
f 10009 10293 10005
f 10005 10280 10001
f 10280 9997 10001
f 9997 10254 9993
f 10254 9989 9993
f 10241 9985 9989
f 10228 9981 9985
f 9981 10202 9977
f 9977 10189 9973
f 9973 10176 9969
f 10176 9965 9969
f 9965 10150 9961
f 10150 9957 9961
f 10137 9953 9957
f 10124 9949 9953
f 9949 10098 9945
f 9945 10085 9941
f 9941 10072 9937
f 10072 9933 9937
f 4 3 2
f 8 7 6
f 13 16 15
f 17 28 19
f 32 31 30
f 36 35 34
f 37 40 39
f 21 22 23
f 25 26 27
f 41 44 43
f 48 47 46
f 52 51 50
f 53 56 55
f 60 59 58
f 29 30 62
f 66 65 64
f 67 5 6
f 72 71 70
f 76 75 74
f 77 80 79
f 81 84 83
f 59 87 86
f 88 91 90
f 96 95 94
f 100 99 98
f 101 104 103
f 106 105 34
f 108 116 115
f 117 119 36
f 124 127 126
f 131 130 129
f 132 102 134
f 142 141 140
f 148 106 60
f 144 143 127
f 149 152 151
f 156 155 154
f 159 150 158
f 116 108 164
f 171 170 169
f 174 126 173
f 179 182 181
f 186 189 188
f 194 197 196
f 199 142 139
f 206 209 208
f 213 212 211
f 202 215 214
f 96 93 216
f 92 238 43
f 97 184 246
f 250 249 229
f 252 254 58
f 258 257 256
f 260 91 229
f 110 111 112
f 114 264 263
f 265 268 267
f 56 53 270
f 274 273 249
f 185 183 63
f 280 279 278
f 285 284 283
f 288 219 211
f 141 142 92
f 289 290 175
f 148 116 105
f 312 311 170
f 238 262 42
f 318 163 160
f 310 309 308
f 241 239 325
f 160 230 240
f 47 48 307
f 108 109 315
f 345 85 86
f 348 351 350
f 356 359 358
f 355 354 353
f 363 31 32
f 364 252 253
f 366 125 368
f 183 372 371
f 163 162 161
f 209 226 101
f 378 377 165
f 379 295 381
f 383 382 3
f 284 285 386
f 387 127 389
f 391 259 229
f 73 281 397
f 405 408 407
f 203 218 411
f 414 121 413
f 1 356 357
f 277 276 131
f 254 344 57
f 358 384 415
f 417 416 386
f 401 400 192
f 419 389 127
f 421 181 182
f 103 301 302
f 428 367 368
f 380 390 359
f 62 204 266
f 140 141 431
f 357 358 351
f 356 1 379
f 415 392 403
f 437 428 436
f 438 441 440
f 188 451 450
f 265 455 181
f 224 185 64
f 237 212 213
f 275 131 128
f 281 282 460
f 50 462 79
f 73 74 282
f 468 467 466
f 390 355 352
f 482 485 484
f 489 488 487
f 493 496 495
f 472 471 470
f 502 501 500
f 220 221 222
f 512 419 143
f 518 517 511
f 513 239 230
f 205 30 31
f 189 370 451
f 163 318 532
f 533 224 225
f 446 448 447
f 335 541 540
f 544 512 546
f 329 519 291
f 199 534 262
f 385 386 416
f 532 190 191
f 363 117 118
f 578 581 580
f 573 572 571
f 561 563 562
f 241 260 259
f 590 593 592
f 545 546 595
f 503 154 155
f 606 625 624
f 478 481 480
f 646 649 648
f 590 591 689
f 564 565 651
f 728 246 184
f 714 724 716
f 692 574 575
f 541 335 581
f 346 68 248
f 161 231 230
f 128 129 94
f 698 705 704
f 574 577 576
f 290 289 401
f 630 631 725
f 733 736 735
f 755 466 496
f 759 480 481
f 757 763 762
f 764 496 466
f 768 767 9260
f 759 760 488
f 492 474 475
f 474 770 769
f 773 468 465
f 771 774 486
f 484 485 775
f 774 776 489
f 495 496 764
f 495 757 761
f 137 397 784
f 325 239 797
f 165 519 51
f 369 32 29
f 730 731 568
f 90 302 301
f 243 118 516
f 800 734 806
f 817 815 808
f 816 808 823
f 306 303 447
f 815 810 809
f 829 830 828
f 726 725 501
f 274 427 424
f 879 882 881
f 884 883 879
f 219 218 217
f 906 905 904
f 455 204 205
f 898 882 830
f 903 900 880
f 377 291 519
f 923 949 948
f 946 947 951
f 8963 740 739
f 900 899 886
f 225 64 65
f 182 445 442
f 809 952 947
f 954 960 962
f 927 950 965
f 885 879 880
f 925 927 966
f 343 342 341
f 965 964 971
f 968 971 970
f 972 968 969
f 963 961 981
f 336 337 338
f 992 993 827
f 810 815 996
f 1007 1001 1002
f 1012 826 827
f 1011 1009 1007
f 294 293 292
f 907 908 920
f 1017 579 1019
f 1020 1023 1022
f 1035 1024 1020
f 1061 1060 1047
f 1063 1061 1046
f 1044 1020 1021
f 1102 1094 1097
f 1116 1126 1118
f 1016 1015 1014
f 881 897 904
f 816 1116 1127
f 1094 948 949
f 514 342 167
f 146 145 81
f 1133 1135 1130
f 1102 1133 1126
f 822 1126 1116
f 1145 1143 1148
f 1076 1144 1151
f 1148 1143 1086
f 1109 1097 1114
f 1154 1153 1156
f 1153 925 967
f 8815 8941 463
f 1144 1147 1152
f 1156 967 1163
f 1164 1162 1169
f 1145 1171 1176
f 1114 1115 1154
f 1183 1155 1164
f 1184 1183 1177
f 1069 1151 1062
f 1023 1191 1194
f 1162 1163 1170
f 1195 1184 1185
f 1183 1196 1176
f 1201 1063 1152
f 1061 1063 1201
f 9277 847 843
f 1203 1202 1195
f 1202 1201 1184
f 1218 1060 1203
f 1060 1061 1202
f 1225 1218 1217
f 671 695 694
f 1219 1217 1024
f 1217 1203 1034
f 1226 1014 1015
f 1243 1242 1234
f 1231 1230 1229
f 847 1243 1233
f 843 1233 1244
f 1233 1234 1245
f 1923 9213 233
f 2100 2108 499
f 9366 9316 2135
f 61 62 323
f 210 211 217
f 1299 1310 1309
f 9315 1230 1231
f 1066 1047 1321
f 1322 1321 1228
f 1060 1218 1321
f 1325 1324 1323
f 1244 1245 1332
f 1290 1234 1242
f 1337 1330 1339
f 1330 1332 1340
f 1341 1332 1245
f 1342 1340 1332
f 1343 1342 1341
f 1344 1341 1294
f 9309 9308 1345
f 1347 1348 1342
f 9308 9306 1295
f 1349 1350 1348
f 9313 1349 1347
f 9305 1347 1343
f 906 898 829
f 905 906 1353
f 865 1356 1355
f 1355 1353 829
f 1357 1355 825
f 1356 1354 1353
f 9286 1337 1338
f 866 1358 1356
f 1358 1359 1354
f 9280 878 1337
f 838 1362 1012
f 1363 1364 1338
f 1368 1363 1339
f 1348 1368 1340
f 1371 1369 9276
f 524 525 526
f 528 529 530
f 1372 1370 1369
f 535 536 537
f 1367 1368 1348
f 1370 1354 1359
f 1369 1359 9285
f 1373 910 903
f 555 556 557
f 1374 909 910
f 1373 904 905
f 1374 1373 1375
f 1375 905 1354
f 1378 920 908
f 376 373 651
f 1388 928 973
f 586 587 588
f 1390 1389 1388
f 1391 1388 969
f 597 598 599
f 600 601 602
f 1392 1391 970
f 608 609 610
f 612 524 523
f 614 615 616
f 617 618 25
f 620 621 622
f 1397 1390 1391
f 1398 1397 1392
f 1400 987 920
f 1402 1403 1165
f 636 637 638
f 930 1404 1402
f 641 642 643
f 929 1402 1169
f 1404 1405 1403
f 1411 1366 1365
f 1412 1406 1415
f 652 653 654
f 609 656 657
f 659 660 661
f 558 663 586
f 665 666 667
f 1413 1411 1406
f 1418 1416 9262
f 1417 1372 1371
f 1416 1371 9281
f 1419 1417 1416
f 1386 909 1374
f 677 678 679
f 1385 1386 1420
f 1420 1374 1376
f 685 686 687
f 1421 1420 1422
f 528 690 691
f 1422 1376 1372
f 1018 1019 747
f 699 700 701
f 1424 578 579
f 9115 1597 1767
f 700 699 711
f 1093 9198 9206
f 717 718 530
f 721 722 723
f 704 1650 8987
f 19 1429 1426
f 1429 1428 1427
f 1658 1659 8986
f 1439 1437 1434
f 1437 1436 1435
f 1426 1427 1433
f 1442 1431 1432
f 742 743 744
f 1432 1433 1441
f 751 752 753
f 1438 1434 1403
f 1446 1445 1444
f 1447 1448 1446
f 9312 1447 1443
f 1415 1367 1445
f 1414 1415 1446
f 2173 1683 469
f 777 778 779
f 780 781 782
f 1676 1693 1806
f 9311 1451 1349
f 789 790 791
f 745 792 793
f 652 794 795
f 1455 1458 1457
f 1454 1367 1350
f 610 691 802
f 9283 9268 698
f 1352 1044 1045
f 1015 1016 1459
f 811 812 813
f 2118 9267 9269
f 819 820 821
f 1466 1463 1194
f 1467 1468 1465
f 1182 1165 1468
f 832 812 833
f 835 836 837
f 1467 1466 1190
f 1469 1470 1444
f 840 700 712
f 1453 1470 1469
f 599 844 845
f 1226 1450 9301
f 851 852 853
f 855 744 856
f 858 859 860
f 861 862 863
f 1014 1226 9307
f 867 676 868
f 870 871 872
f 874 875 876
f 1310 1323 1471
f 1476 1433 1427
f 1461 1476 1475
f 887 888 889
f 788 791 892
f 894 895 896
f 1460 1475 1227
f 901 902 524
f 1465 1478 1477
f 1865 8947 8944
f 911 912 913
f 916 917 918
f 1850 8949 8951
f 921 922 895
f 1479 1435 1436
f 926 664 667
f 1481 562 563
f 269 1483 84
f 931 932 933
f 934 935 614
f 936 685 688
f 938 659 662
f 1484 270 122
f 941 942 835
f 320 321 509
f 1849 8954 8949
f 84 1483 1484
f 1487 1490 1488
f 1757 1758 8946
f 365 1492 1491
f 461 79 80
f 117 363 362
f 1494 540 541
f 926 601 957
f 1477 1441 1433
f 1709 1588 1585
f 119 117 1496
f 271 1497 504
f 511 517 189
f 345 1496 1492
f 57 344 299
f 1501 1499 268
f 267 268 1499
f 974 975 976
f 1678 1652 1693
f 9298 1682 1807
f 557 982 663
f 983 941 984
f 1443 1444 9301
f 421 1500 268
f 989 990 991
f 1490 1487 418
f 279 280 309
f 997 868 676
f 998 26 999
f 1504 418 38
f 1506 1508 1507
f 360 361 1508
f 1506 1486 207
f 939 1005 1006
f 270 1484 1483
f 66 63 546
f 1010 742 793
f 367 428 437
f 244 31 363
f 1670 8976 8978
f 209 206 1510
f 388 389 426
f 427 274 250
f 161 520 521
f 100 246 45
f 1025 1026 608
f 1029 1030 1031
f 939 662 1033
f 41 42 594
f 1036 780 783
f 702 701 1038
f 1040 1041 1042
f 362 32 369
f 187 1520 477
f 70 1487 539
f 1049 600 603
f 613 867 869
f 860 1050 1051
f 1005 1052 1053
f 753 1055 1056
f 1057 1058 1059
f 293 288 1522
f 288 212 1521
f 292 1522 1523
f 331 1507 1508
f 306 452 453
f 100 44 41
f 462 1524 78
f 330 331 1524
f 635 1067 1068
f 1485 1527 1526
f 206 1485 1528
f 1070 1071 1072
f 942 941 1073
f 916 933 1075
f 440 1529 1530
f 157 158 1514
f 1529 162 5
f 371 595 546
f 790 586 663
f 1077 858 857
f 1403 1434 1435
f 1080 1081 1082
f 531 520 1529
f 21 1083 1084
f 272 1532 1531
f 690 712 802
f 335 9015 9011
f 1090 1030 1029
f 1092 795 794
f 1533 396 137
f 661 660 1095
f 69 444 445
f 1099 1100 1101
f 38 39 1536
f 1104 1105 1106
f 852 1107 1108
f 1377 908 909
f 291 377 411
f 316 1536 516
f 539 1488 1533
f 1505 1536 316
f 1110 1111 1112
f 1539 1537 460
f 522 441 1537
f 834 837 1120
f 1122 1123 1124
f 612 1125 1041
f 935 793 615
f 276 278 130
f 1686 8993 8966
f 193 190 1541
f 231 521 1540
f 556 1037 982
f 365 253 85
f 190 532 318
f 1810 765 9018
f 9376 1867 8956
f 1132 983 985
f 208 101 102
f 1134 1033 662
f 1491 518 80
f 429 133 1542
f 1137 1138 915
f 172 436 428
f 1139 1140 1141
f 549 96 54
f 1517 1519 1518
f 834 1119 984
f 1543 513 286
f 1544 797 239
f 133 134 1544
f 506 361 257
f 420 327 328
f 1158 1159 1160
f 587 1104 1103
f 607 1161 1027
f 304 1546 1545
f 364 1491 77
f 69 70 198
f 700 840 1112
f 9329 626 8969
f 1166 719 657
f 1167 1168 858
f 1300 8967 8968
f 1172 1173 1174
f 218 203 200
f 1179 1180 1181
f 372 183 97
f 89 104 227
f 1186 1187 1188
f 172 173 1517
f 1482 84 81
f 1090 1192 1193
f 394 395 353
f 526 525 1198
f 1199 1200 1026
f 606 623 697
f 1204 1205 1206
f 1207 1208 523
f 1209 1210 867
f 914 913 685
f 1478 1436 1441
f 1029 1028 1161
f 1211 1212 1213
f 9310 1453 1451
f 844 1215 1216
f 423 193 273
f 1220 1221 1222
f 22 1223 1224
f 882 898 897
f 1519 1517 173
f 1189 1188 1232
f 349 350 550
f 1071 1235 1236
f 1237 1238 1239
f 1221 1186 1189
f 1510 1528 1512
f 939 1032 1241
f 1556 1530 5
f 1553 1554 394
f 404 1556 67
f 1247 1248 1249
f 142 199 238
f 1251 1067 635
f 850 1252 1253
f 1254 1167 1077
f 57 132 133
f 443 430 552
f 1187 1172 1175
f 1256 1070 831
f 432 405 382
f 741 748 747
f 434 350 351
f 349 432 383
f 251 124 1481
f 395 384 352
f 1518 1519 1550
f 1558 410 378
f 109 263 314
f 285 1514 1513
f 395 394 393
f 202 203 410
f 417 408 405
f 1246 1257 1258
f 3 1559 297
f 1259 1260 1261
f 403 404 347
f 955 954 953
f 462 50 51
f 1096 1095 687
f 429 147 60
f 896 1264 1265
f 1267 721 1268
f 423 424 327
f 37 179 180
f 20 23 1187
f 1256 1168 1071
f 1188 1175 1269
f 1236 1270 1271
f 1272 536 535
f 565 564 463
f 1273 792 745
f 876 1254 1255
f 316 33 164
f 437 1516 503
f 194 1494 1495
f 1275 1276 864
f 624 625 631
f 1277 1274 1137
f 569 568 567
f 1481 124 125
f 324 325 547
f 1279 1108 1107
f 1525 332 329
f 1281 1278 1137
f 171 168 1553
f 1488 73 396
f 1557 1561 1562
f 1282 856 1206
f 1053 1277 1278
f 778 777 607
f 713 583 9010
f 251 225 144
f 4 357 348
f 709 708 707
f 728 48 45
f 261 135 1563
f 789 1286 1287
f 74 314 263
f 403 284 385
f 1178 1181 1240
f 1223 1259 1289
f 1220 20 1186
f 296 1518 354
f 784 459 1538
f 1181 1180 1291
f 1269 1292 1257
f 1566 1538 438
f 136 784 1566
f 1563 1564 169
f 107 114 109
f 1297 1282 1298
f 1464 1477 1476
f 1520 187 507
f 1301 1302 1303
f 1306 1307 1308
f 175 456 1532
f 1532 456 200
f 1311 1266 1312
f 872 1314 1315
f 9288 843 878
f 1305 1308 864
f 1040 1275 863
f 1564 1566 399
f 592 1576 1575
f 591 1575 1088
f 1581 1584 1583
f 1196 1152 1147
f 710 582 583
f 285 407 408
f 953 954 961
f 1594 1592 1589
f 1585 1588 1587
f 1592 1591 1590
f 9337 945 944
f 1600 1599 1598
f 1604 1603 1602
f 1399 1392 979
f 1589 1590 1596
f 1610 1609 1608
f 298 257 361
f 551 552 276
f 1627 1626 9266
f 859 811 818
f 1078 857 1328
f 1555 439 1530
f 572 573 680
f 772 465 776
f 977 1281 918
f 404 403 392
f 1054 1331 750
f 1644 1645 1643
f 932 1265 1082
f 1067 1333 1334
f 1540 1539 264
f 597 1335 643
f 471 761 762
f 1642 696 9283
f 1644 1642 9294
f 923 946 950
f 96 549 548
f 520 531 522
f 445 444 443
f 849 839 848
f 480 759 755
f 1646 760 481
f 311 426 1567
f 464 463 8941
f 8941 1360 1361
f 234 237 236
f 190 193 192
f 153 154 152
f 231 287 286
f 1552 1553 1551
f 760 1646 1648
f 9284 1647 1649
f 828 827 826
f 52 167 166
f 1663 1662 1661
f 287 107 115
f 668 671 670
f 634 645 640
f 553 560 559
f 118 36 33
f 492 484 491
f 8996 1652 1651
f 582 589 584
f 384 395 392
f 1381 1382 1383
f 1562 1561 435
f 952 953 951
f 8973 9010 583
f 1660 1661 1667
f 1394 1395 1396
f 1660 1665 1664
f 1671 1670 1669
f 1624 1625 1673
f 1407 1408 1409
f 1677 1676 1675
f 1613 1679 1677
f 1679 1678 1676
f 1626 1681 9263
f 534 199 198
f 803 733 734
f 400 248 191
f 65 66 143
f 8970 1657 1656
f 402 159 157
f 629 628 627
f 461 477 49
f 758 757 495
f 796 787 786
f 406 407 1513
f 342 343 166
f 1694 1659 1658
f 1692 1687 1694
f 9001 1693 1652
f 9373 1704 1703
f 326 547 302
f 9368 9373 1702
f 9371 9370 1698
f 1699 1691 9379
f 1557 406 1560
f 1127 1116 1117
f 400 401 289
f 1706 1702 1707
f 1707 1702 1599
f 1709 1706 1708
f 1714 1712 1711
f 9371 9367 1709
f 1704 1711 1577
f 1716 1714 1713
f 1559 1562 1549
f 1722 1721 1720
f 1335 597 596
f 410 411 377
f 973 1170 1163
f 168 169 399
f 1571 682 1089
f 1572 681 682
f 749 646 647
f 1730 1724 1723
f 1594 1582 1729
f 1729 1723 1591
f 1384 1378 1377
f 1732 1731 1712
f 1724 1730 1731
f 1722 1724 1732
f 1721 1722 1733
f 1734 1733 1716
f 1735 1737 1736
f 1733 1732 1714
f 1663 1664 1741
f 1742 1665 1740
f 1738 1739 1737
f 1665 1660 1666
f 1665 1742 1744
f 1725 1726 1746
f 1591 1725 1745
f 1590 1745 1747
f 1745 1746 1748
f 1659 1688 8982
f 5650 1760 8989
f 1185 1177 1182
f 1664 1744 1749
f 1741 1749 1739
f 1746 1742 1743
f 1726 1744 1742
f 1115 924 1153
f 1654 8990 9019
f 1896 9006 8993
f 1720 1749 1744
f 1721 1739 1749
f 1750 1718 1701
f 1697 1736 1750
f 1151 1152 1063
f 1751 1752 1670
f 1695 1658 1752
f 961 962 986
f 1770 1769 1768
f 1766 1594 1593
f 1731 1759 1579
f 1579 1777 1774
f 9380 1772 1771
f 1764 1772 9380
f 1777 1776 1775
f 9214 9215 1699
f 1004 1127 1128
f 1774 1775 1771
f 987 1400 1399
f 1578 1774 1772
f 1783 1782 1781
f 1597 1598 1770
f 639 1878 9347
f 9380 9381 1769
f 1793 1792 1789
f 9381 9372 1798
f 8952 8960 9225
f 1802 1867 9376
f 1788 1790 1794
f 1793 1794 1795
f 9225 9224 1675
f 1584 1581 1783
f 1771 1797 9372
f 1801 1799 1798
f 1768 1769 1798
f 1775 1796 1797
f 508 514 515
f 1796 1803 1802
f 1800 1798 9372
f 1794 1805 1804
f 8976 1670 1752
f 485 1808 1807
f 9261 9296 1640
f 9289 9296 1810
f 485 482 1640
f 1690 1691 9222
f 487 488 1648
f 9291 1813 1816
f 9290 1811 1648
f 9291 1812 1811
f 1812 1809 487
f 1641 1809 767
f 465 466 755
f 767 1815 9275
f 9274 1816 9278
f 1809 1812 1815
f 9289 1653 1651
f 675 672 8985
f 1814 1649 1822
f 1821 1822 9273
f 1824 1822 1649
f 1827 1849 1850
f 1668 1669 1662
f 1779 1780 1848
f 1790 1827 1805
f 1833 1836 1853
f 8965 8950 693
f 1614 1615 1616
f 1852 1853 8942
f 1620 1621 1622
f 1855 1765 1574
f 1847 1852 8945
f 1766 1765 1855
f 1629 1630 1631
f 1633 1622 1634
f 1635 1636 1637
f 1848 1833 1852
f 1855 1861 1863
f 1803 1866 1867
f 1862 1863 1831
f 1782 1855 1862
f 9374 9376 1865
f 1873 1872 1870
f 1874 1869 799
f 2045 9330 9349
f 1219 1345 1295
f 1615 1614 1396
f 9336 9347 1877
f 645 9350 9238
f 1345 1219 1035
f 634 639 9336
f 15 1887 1327
f 9362 9347 1878
f 1894 604 605
f 8950 8995 627
f 9004 640 645
f 340 341 454
f 1897 194 195
f 1889 1882 1877
f 1901 94 129
f 196 749 754
f 1705 1704 9373
f 340 378 166
f 1570 1480 563
f 1904 1494 194
f 1781 1862 1832
f 1905 549 55
f 1000 994 995
f 986 919 920
f 1191 1185 1190
f 2094 2077 2075
f 1920 1921 1919
f 453 454 1912
f 1915 1919 1918
f 9334 2112 2106
f 1655 9019 8975
f 1916 1918 1926
f 704 8998 9005
f 278 1916 1925
f 9009 9008 1818
f 1097 949 1115
f 1927 1928 727
f 9030 9031 9106
f 1920 310 307
f 1929 307 48
f 503 504 1497
f 1902 1903 787
f 1816 1821 9272
f 1925 1926 1923
f 1535 1569 1568
f 254 252 258
f 1509 1497 366
f 119 86 35
f 219 288 293
f 141 46 47
f 542 205 244
f 1940 552 430
f 1779 1828 1827
f 1701 1710 9367
f 1661 8994 8959
f 270 53 754
f 197 1947 749
f 1727 1728 1212
f 53 54 232
f 1465 1468 1479
f 1284 9314 9306
f 1951 446 412
f 168 398 1554
f 1486 1485 206
f 506 77 78
f 994 1001 1007
f 951 953 963
f 1013 9311 9313
f 9278 9272 1820
f 1498 1909 1954
f 299 298 543
f 1754 1755 1756
f 1681 469 1683
f 1696 1694 1695
f 13 14 738
f 473 476 475
f 482 1641 768
f 204 62 30
f 1761 1762 820
f 611 1763 1125
f 1501 1503 1908
f 1074 1073 711
f 1960 1944 82
f 120 1956 1960
f 35 86 87
f 1773 1199 1025
f 1965 1545 1569
f 494 761 471
f 1966 1967 1969
f 446 1951 1971
f 174 368 125
f 1580 1579 1578
f 1785 1786 1787
f 1972 1546 304
f 1254 876 875
f 1973 341 342
f 321 1912 1973
f 1910 277 275
f 509 1973 514
f 1486 1507 1527
f 1974 1874 804
f 1977 1976 1974
f 1980 448 1966
f 379 1 2
f 1718 1715 1710
f 884 995 992
f 1680 1684 1678
f 902 990 525
f 344 255 256
f 135 138 137
f 448 446 1967
f 589 605 604
f 910 909 908
f 1981 1966 1968
f 1982 1981 1987
f 1988 1979 1987
f 1990 1988 1989
f 1991 1989 1993
f 322 321 320
f 992 828 830
f 1144 1076 1086
f 1995 1977 1978
f 1133 1129 1118
f 1997 1995 1994
f 870 1823 1335
f 805 806 1982
f 727 184 2000
f 1996 1994 1988
f 1994 1978 1979
f 1829 616 792
f 1830 1073 941
f 798 803 800
f 729 732 731
f 2011 2012 2023
f 1834 1835 846
f 402 283 284
f 2022 2023 2024
f 1838 718 989
f 810 955 952
f 1823 1839 1840
f 1430 1426 1432
f 1215 844 1841
f 1316 1208 873
f 2112 1401 1384
f 1842 1843 1844
f 1159 846 845
f 837 27 1846
f 1971 1951 2030
f 517 369 370
f 1471 2026 2027
f 8995 8969 626
f 2174 2175 770
f 935 934 1854
f 1613 1619 1611
f 1231 1228 1225
f 1856 1857 891
f 1300 1309 748
f 1150 1149 1858
f 1643 606 696
f 1215 1265 1264
f 1320 1860 902
f 1956 1943 1944
f 2031 668 669
f 2034 1325 1310
f 1879 1880 1656
f 40 245 242
f 1992 1993 2039
f 888 958 957
f 1882 1889 1996
f 1078 1138 1255
f 1871 912 1192
f 294 411 218
f 1323 2041 2026
f 123 1960 83
f 1324 2036 2041
f 384 358 359
f 1324 1325 2038
f 1883 1884 1885
f 287 1540 114
f 1096 1886 1134
f 915 1329 931
f 806 1980 1981
f 8977 8973 584
f 1425 2030 2042
f 1018 2042 1948
f 9006 1896 740
f 1948 2042 649
f 1881 1882 1990
f 1900 129 130
f 992 995 994
f 923 927 925
f 9330 2045 2047
f 1643 2048 625
f 2050 2052 2051
f 2045 1405 1404
f 9328 2047 945
f 1139 1080 1079
f 1037 1856 892
f 2055 2053 2057
f 1198 989 718
f 1619 2058 1612
f 2058 1605 1606
f 2059 2060 1607
f 2058 1619 1624
f 71 72 179
f 405 406 1557
f 322 1548 1972
f 2061 2052 2063
f 2066 2065 2067
f 2052 2061 2064
f 1609 1610 2066
f 1515 151 152
f 1009 827 993
f 1644 9295 9267
f 279 1915 1916
f 1285 9315 9314
f 1647 2066 1825
f 2056 2057 2067
f 319 320 1953
f 667 666 1913
f 2070 631 625
f 2052 2050 2055
f 2038 1654 1655
f 1606 1601 2073
f 1235 1917 1270
f 2072 2073 2075
f 2059 1606 2072
f 2074 2075 2077
f 1601 1602 2078
f 2049 2048 1643
f 1000 1004 1001
f 1089 943 684
f 1931 1286 1306
f 1462 1459 1021
f 1932 1933 1934
f 875 874 1846
f 1936 1051 1937
f 44 45 46
f 1534 1955 1956
f 1541 318 317
f 2081 2082 2084
f 146 1945 1959
f 1360 1941 1942
f 985 984 1032
f 1995 1997 1892
f 2079 2080 2082
f 2095 2096 2076
f 2081 2093 2078
f 2055 2050 2054
f 501 2096 2095
f 2097 2100 2099
f 2098 2099 2094
f 2140 2141 9345
f 2141 2046 9346
f 2051 2070 2048
f 592 2102 2101
f 2071 2064 2076
f 2102 2097 2098
f 593 2103 2102
f 1019 1895 746
f 1950 11 12
f 725 2071 2096
f 1385 2105 2104
f 1379 2104 2106
f 2107 2108 2100
f 9360 726 502
f 9348 502 499
f 940 1389 2109
f 928 929 1170
f 9320 590 684
f 1962 1963 1964
f 9330 680 573
f 2039 1993 1968
f 1389 1390 2110
f 1398 2111 2113
f 9209 9207 9205
f 9363 9335 2107
f 949 923 924
f 260 241 324
f 1390 1397 2113
f 2070 2051 2064
f 9319 9363 2103
f 2105 1385 1421
f 2114 1421 1423
f 9344 2114 2115
f 9360 2105 2114
f 554 2116 1902
f 972 1163 967
f 1765 1593 1573
f 1984 1985 1986
f 2053 2117 2069
f 9017 9000 724
f 1625 1677 1674
f 9333 9340 2119
f 9355 2115 2123
f 56 1954 1906
f 626 9329 9331
f 2001 2002 2003
f 9364 9293 2127
f 2006 2007 2008
f 2127 1413 1412
f 2014 2015 2016
f 2018 2019 2020
f 1495 1424 1947
f 1379 1377 1386
f 9266 9263 1680
f 2029 1885 1884
f 9354 2128 2120
f 629 9331 9366
f 682 683 943
f 724 1650 2121
f 1757 1819 9273
f 765 1810 9296
f 9303 714 715
f 706 707 9322
f 981 986 987
f 1457 1868 1656
f 2017 2016 2032
f 1458 1655 1868
f 1776 1777 1792
f 1959 1945 1946
f 9115 9167 9177
f 9365 9333 2122
f 1093 1089 689
f 966 965 968
f 9304 715 9333
f 2172 9029 2170
f 670 2138 2137
f 9213 787 1903
f 1429 19 28
f 964 963 978
f 9293 9265 1413
f 1473 1474 669
f 9286 9285 1359
f 2138 798 1870
f 1872 1473 2137
f 715 716 9340
f 1881 1991 1992
f 9295 9294 739
f 1837 1847 8957
f 253 58 59
f 1808 9289 9292
f 1647 9284 9270
f 9317 9318 671
f 2112 9334 9335
f 1405 2045 2044
f 9281 9276 1364
f 273 1541 391
f 576 632 8964
f 9327 9317 668
f 1430 1431 2140
f 2136 9302 9312
f 1430 2139 18
f 9345 9346 570
f 1442 1439 2046
f 1431 1442 2141
f 9321 9365 9302
f 9260 9275 1817
f 9318 9345 695
f 2142 2025 798
f 571 2143 2142
f 9271 9266 1618
f 2143 2022 2025
f 694 2142 2138
f 681 1572 2144
f 2144 2011 2022
f 328 210 457
f 1572 2010 2011
f 630 9344 9355
f 2085 2086 2087
f 2090 2091 2092
f 572 2144 2143
f 1875 1976 2153
f 1873 1875 2149
f 2103 2107 2097
f 2157 2043 2155
f 2128 1412 1414
f 9326 9323 589
f 9324 9322 628
f 2149 2153 2158
f 2159 2158 9357
f 698 9359 9354
f 9275 9299 9279
f 2158 2156 9326
f 1438 2044 2046
f 2035 2154 2160
f 2161 2160 9341
f 9323 9343 605
f 9325 17 18
f 370 29 61
f 649 1951 413
f 2153 2157 2156
f 1428 1429 1449
f 1490 76 73
f 9342 9357 710
f 2155 1891 9343
f 1456 1457 1880
f 2125 2088 2087
f 2160 2159 9342
f 300 1959 505
f 1064 1062 1046
f 2043 1892 1891
f 2129 2130 2004
f 2131 2132 2133
f 9300 9301 1450
f 1998 1975 804
f 9331 673 9316
f 474 492 490
f 1164 1165 1182
f 707 2162 9361
f 708 1472 2162
f 2162 2161 9338
f 548 549 1905
f 1145 1136 1114
f 705 2121 1650
f 2043 2157 1977
f 737 738 554
f 1034 1195 1191
f 458 1905 1907
f 195 196 232
f 2040 2039 1969
f 2145 2146 2147
f 2054 2050 2049
f 9284 1646 1639
f 9 12 11
f 252 364 506
f 472 478 479
f 1865 9376 9243
f 900 903 910
f 1941 2150 2151
f 1921 1928 1927
f 2163 1897 1898
f 271 156 153
f 1904 1326 12
f 282 263 264
f 1872 1873 2154
f 1326 1904 1897
f 628 692 693
f 1724 1722 1719
f 1549 1562 436
f 1582 1583 1730
f 1921 1920 1929
f 9007 8955 10
f 2152 2037 1950
f 475 772 774
f 769 2172 2171
f 2171 2165 476
f 476 773 772
f 1791 565 464
f 2166 2167 2168
f 595 371 372
f 483 1809 1641
f 762 2174 2173
f 771 483 484
f 486 487 1809
f 297 1549 1517
f 763 2175 2174
f 776 755 759
f 184 185 2176
f 412 447 303
f 2005 2176 185
f 9263 1681 1682
f 2164 2170 756
f 1472 2035 2161
f 950 951 964
f 2177 2178 2179
f 227 226 1510
f 2182 2183 2184
f 2186 2019 2018
f 1985 2182 2181
f 214 736 729
f 865 849 842
f 849 865 1357
f 559 3187 3188
f 16 13 737
f 560 553 498
f 3193 3196 3195
f 3200 3197 3198
f 3211 3214 3213
f 3215 3218 3217
f 2187 2188 2002
f 3233 3236 3235
f 3223 3221 3222
f 3229 3232 3231
f 3245 3248 3247
f 2169 2168 2189
f 2192 2086 2085
f 2193 2194 2195
f 2198 2199 2200
f 1998 1982 1979
f 9116 9117 9120
f 3253 3256 3255
f 2116 1898 1903
f 1859 2006 2009
f 9356 2123 2126
f 1135 1148 1087
f 2201 2202 2015
f 1149 111 110
f 3261 3264 3263
f 3269 3272 3271
f 3265 3268 3267
f 3229 3230 3284
f 3289 3292 3291
f 3299 3302 3301
f 3307 3263 3264
f 3293 3296 3295
f 3297 3223 3224
f 3319 3321 3291
f 3322 3323 3318
f 3314 3313 3312
f 3285 3288 3287
f 3332 3333 3218
f 3329 3331 3330
f 3324 3325 3227
f 3298 3224 3326
f 2203 2204 2205
f 579 580 1895
f 1755 2207 2208
f 3337 3340 3339
f 9343 9362 1893
f 1211 2151 2150
f 868 997 2210
f 3347 3350 3349
f 944 945 930
f 2130 2129 2202
f 233 1903 1898
f 665 751 750
f 1167 1254 999
f 2211 2212 2213
f 2215 2216 2217
f 9319 593 590
f 2220 221 220
f 823 824 948
f 3375 3240 3377
f 3393 3392 3391
f 3353 3358 3357
f 3363 3366 3365
f 3402 3405 3404
f 266 204 455
f 9334 2108 2107
f 2221 2222 8963
f 2223 2224 2225
f 2207 2125 2124
f 3293 3309 3336
f 673 674 9321
f 817 1000 996
f 2227 2228 2146
f 1947 1948 646
f 9352 2135 17
f 2229 1635 1638
f 1679 1613 1618
f 1637 2231 2232
f 2233 2234 1617
f 2231 2235 2236
f 3406 3409 3408
f 1381 1638 2238
f 9038 2241 2242
f 3414 3416 3341
f 1630 2234 2233
f 1681 1626 472
f 1408 1407 2243
f 3423 3426 3425
f 3433 3351 3263
f 3434 3429 3430
f 3440 3443 3442
f 3444 3447 3446
f 3436 3451 3450
f 3442 3443 3456
f 1637 2230 2238
f 3445 3446 3437
f 3448 3443 3440
f 1409 1408 1634
f 1380 1383 2247
f 1628 2248 2245
f 3463 3466 3465
f 3308 3477 3462
f 2249 1623 1622
f 1632 1634 1408
f 2248 1628 1631
f 3478 3481 3480
f 3509 3512 3511
f 2235 2231 1637
f 3505 3508 3507
f 3457 3458 3199
f 631 2070 2071
f 515 167 52
f 782 781 2251
f 2253 2254 2255
f 397 281 459
f 1456 2039 2040
f 2040 2041 2036
f 3434 3475 3518
f 1401 2112 2111
f 2041 2040 1970
f 3367 3337 3338
f 1535 121 414
f 1586 1587 2080
f 2256 983 1132
f 3528 3531 3530
f 3519 3521 3520
f 3537 3505 3506
f 3543 3546 3545
f 1700 1699 9370
f 3486 3551 3550
f 3455 3456 3497
f 3558 3560 3559
f 3456 3568 3500
f 3572 3571 3252
f 3308 3264 3285
f 3316 3317 3574
f 3575 3478 3479
f 3576 3579 3578
f 3580 3583 3582
f 3584 3587 3586
f 3505 3537 3588
f 3589 3592 3591
f 3600 3603 3602
f 3542 3539 3595
f 3604 3605 3592
f 3611 3610 3613
f 3622 3625 3624
f 3618 3621 3620
f 3626 3629 3628
f 3644 3647 3646
f 3634 3637 3636
f 3638 3639 3641
f 9267 1896 1686
f 1263 2256 1886
f 3613 3655 3654
f 598 1841 844
f 2257 2258 2259
f 2258 2261 2262
f 2259 2262 2263
f 2260 2259 2216
f 1967 1971 1970
f 2212 1964 1963
f 922 921 2218
f 1312 1098 1101
f 1307 1306 1286
f 1548 1569 1546
f 2266 2267 2268
f 2265 2268 2270
f 2272 2265 2269
f 2273 2266 2265
f 2275 2276 2277
f 2278 2274 2277
f 2284 2285 9069
f 2287 2283 2286
f 2288 2289 2283
f 2290 2284 9091
f 2291 2292 2293
f 2295 2291 2294
f 2296 2297 2291
f 2297 2298 2292
f 2294 2293 2299
f 2279 2294 2300
f 2298 2301 2302
f 2292 2302 2303
f 2293 2303 2304
f 2304 2305 2306
f 2308 2309 2310
f 2302 2307 2310
f 2301 2311 2307
f 2312 2308 2307
f 2313 2314 2315
f 2318 2319 2320
f 9200 9223 2322
f 2324 2325 2273
f 2313 2324 2326
f 2328 2324 2313
f 2329 2325 2324
f 2331 2332 2333
f 2330 2333 2267
f 2325 2330 2266
f 2329 2331 2330
f 2333 2334 2335
f 2336 2334 2333
f 2338 2336 2332
f 2331 2339 2337
f 2329 2340 2339
f 2328 2341 2340
f 2316 2342 2341
f 2342 2316 2315
f 2344 2345 2346
f 2341 2344 2347
f 2342 2348 2344
f 2348 2349 2345
f 2350 2351 2352
f 2339 2350 2353
f 2340 2347 2350
f 2347 2346 2351
f 2337 2353 2354
f 2353 2352 2355
f 2356 2277 2276
f 2356 2357 2358
f 2356 2359 2296
f 2279 2277 2356
f 2360 2361 2270
f 2267 2335 2360
f 2362 2363 2364
f 2362 2365 2361
f 2366 2362 2358
f 2366 2367 2363
f 2357 2276 2368
f 2366 2368 2369
f 2276 2275 2370
f 2368 2370 2282
f 2372 2373 2374
f 2375 2376 2377
f 2378 2379 2380
f 2382 2378 2381
f 2384 2385 2378
f 2385 2386 2379
f 2388 2389 2390
f 2387 2390 2392
f 2393 2394 2387
f 2394 2395 2388
f 2186 2401 2402
f 2403 2404 2327
f 2272 2403 2326
f 2271 2405 2403
f 2405 2406 2404
f 2404 2407 2408
f 2409 2410 2411
f 2409 2412 2271
f 2413 2409 2269
f 2413 2414 2410
f 2417 2415 2416
f 2417 2418 2406
f 2412 2417 2405
f 2411 2415 2417
f 2406 2419 2407
f 9013 8964 632
f 2420 2398 2397
f 2420 2421 2423
f 2424 2420 2422
f 2424 2399 2398
f 2425 2391 2392
f 2421 2425 2426
f 2397 2396 2425
f 2396 2393 2391
f 2427 2314 2408
f 2430 2427 2428
f 2343 2315 2427
f 2432 2343 2430
f 2431 2430 2429
f 2435 2431 2433
f 2436 2432 2431
f 2428 2408 2407
f 2422 2437 2407
f 2438 2437 2422
f 2429 2428 2437
f 2440 2434 2433
f 2441 2439 2433
f 2442 2443 2439
f 2443 2444 2440
f 2445 2446 2444
f 2447 2445 2443
f 2383 2381 2445
f 2381 2380 2446
f 2448 2438 2423
f 2449 2448 2426
f 2441 2448 2449
f 2441 2429 2438
f 2449 2392 2390
f 2450 2390 2389
f 2447 2450 2451
f 2442 2449 2450
f 2451 2389 2453
f 2452 2453 2455
f 2382 2452 2454
f 2383 2451 2452
f 2456 2457 2373
f 2459 2460 2461
f 2463 2464 2465
f 2462 2465 2285
f 2466 2462 2284
f 2467 2463 2462
f 2461 2460 9155
f 2468 2469 2470
f 2472 2468 2471
f 2474 2461 9153
f 2475 2476 2477
f 2458 2455 2453
f 2479 2453 2389
f 2395 2480 2479
f 2480 2459 2458
f 2481 2482 2483
f 2484 113 2485
f 2471 2470 2464
f 2473 2471 2463
f 2487 2467 2466
f 2486 2466 2290
f 2490 2486 2488
f 2491 2487 2486
f 2492 2473 2467
f 2493 2492 2487
f 2494 2495 2492
f 2495 2472 2473
f 9142 2496 2474
f 9143 2497 2496
f 2498 2494 2493
f 2500 2498 2499
f 9152 9139 2498
f 9139 9143 2494
f 2306 2504 2278
f 2305 2505 2504
f 2504 2505 2507
f 2506 2507 2288
f 2274 2506 2508
f 2278 2504 2506
f 9085 9084 2489
f 9072 9085 2488
f 2507 2509 2289
f 2505 2510 2509
f 2508 2288 2287
f 2511 2287 2281
f 2370 2511 2280
f 2275 2508 2511
f 2512 2490 2489
f 2514 2512 2513
f 2517 2512 2514
f 2517 2491 2490
f 2499 2493 2491
f 2499 2517 2516
f 2510 2505 2519
f 2518 2519 2521
f 9068 2518 2520
f 9084 2510 2518
f 2522 2304 2303
f 2523 2522 2310
f 2305 2304 2522
f 2524 2522 2523
f 2519 2524 2525
f 2505 2305 2524
f 2308 2312 2527
f 2526 2527 2529
f 2531 2526 2528
f 2309 2308 2526
f 1214 2532 2151
f 2419 2406 2418
f 2533 2345 2349
f 2534 2533 2317
f 2535 2536 2533
f 2536 2346 2345
f 2537 2351 2346
f 2538 2537 2536
f 2539 2540 2537
f 2540 2352 2351
f 2312 2355 2541
f 2527 2541 2542
f 2543 2435 2434
f 2545 2543 2544
f 2319 2318 2543
f 2318 2436 2435
f 2514 2515 2548
f 2547 2548 2550
f 2552 2547 2549
f 2552 2516 2514
f 2520 2521 2554
f 2553 2554 2556
f 9042 2553 2555
f 9073 2520 2553
f 2523 2309 2531
f 2557 2531 2530
f 2525 2523 2557
f 2559 2557 2558
f 2554 2559 2560
f 2521 2525 2559
f 2561 2375 2007
f 2376 2562 2225
f 2564 2565 2566
f 2563 2566 338
f 2569 2563 2567
f 2570 2564 2563
f 2572 2573 2574
f 2571 2574 2576
f 2544 2571 2575
f 2544 2434 2572
f 2578 2570 2569
f 2579 2577 2569
f 2574 2577 2579
f 2573 2578 2577
f 2581 2582 2583
f 2584 2580 2583
f 9149 9127 2580
f 9128 2581 2580
f 2582 2516 2552
f 2583 2552 2551
f 2500 2501 2589
f 2590 2588 2589
f 9145 9147 2588
f 9147 9152 2500
f 2501 2516 2591
f 2592 2593 2594
f 2386 2385 2503
f 2596 2379 2386
f 2596 2374 2373
f 2599 2596 2597
f 2599 2380 2379
f 2600 2446 2380
f 2600 2599 2598
f 2603 2600 2601
f 2603 2444 2446
f 2604 2603 2602
f 2440 2604 2605
f 2444 2603 2604
f 2606 2582 2581
f 2606 2607 2590
f 2591 2516 2582
f 9128 2587 2456
f 9141 2456 2372
f 2478 2477 2608
f 2609 2610 2611
f 2564 2570 2613
f 2612 2613 2598
f 2457 2612 2597
f 2565 2564 2612
f 2614 2613 2570
f 2615 2614 2578
f 2602 2601 2614
f 2601 2598 2613
f 2572 2434 2605
f 2616 2605 2602
f 2573 2572 2616
f 1459 1016 1045
f 1265 1215 1079
f 1612 1608 1609
f 2067 2057 2069
f 1135 1109 1136
f 1938 1937 2618
f 95 548 458
f 2058 1607 1608
f 1454 1469 1445
f 655 2620 1048
f 722 1049 2621
f 3665 3639 3634
f 1131 985 1033
f 562 1481 366
f 1723 1719 1725
f 1786 1123 1122
f 267 300 323
f 1325 2034 1654
f 1468 1165 1435
f 658 657 529
f 8 532 247
f 382 1557 1559
f 3631 3681 3680
f 788 619 1307
f 940 930 929
f 911 2622 2623
f 2621 2620 655
f 2624 1857 2625
f 998 1846 27
f 635 638 2626
f 2627 641 644
f 2628 2627 1840
f 1200 1199 2627
f 1199 1773 641
f 1520 515 49
f 1452 1350 1349
f 2630 2631 1859
f 644 643 1335
f 3683 3700 3699
f 1197 1198 717
f 2632 717 719
f 2628 2632 1166
f 2629 1197 2632
f 1762 2633 1050
f 1823 870 873
f 2634 2635 794
f 1042 794 2635
f 93 94 1901
f 2036 2038 1458
f 1527 332 1525
f 877 876 1274
f 134 409 797
f 1328 893 931
f 607 777 1091
f 1043 2635 2637
f 2636 2637 2639
f 1275 2636 2638
f 1275 1040 1043
f 1272 2624 2626
f 2640 2626 638
f 1110 2641 2640
f 536 1272 2640
f 1472 708 1474
f 2042 2030 1951
f 3668 3632 3633
f 1058 1106 1105
f 2642 2623 2643
f 1192 2642 2644
f 912 2623 2642
f 9350 1657 8970
f 1049 1048 2620
f 616 1829 1885
f 1331 1913 666
f 990 989 1198
f 1911 1912 321
f 1298 1282 1205
f 76 1490 1504
f 1502 1500 421
f 610 609 658
f 1146 937 659
f 2646 911 914
f 1280 1239 1238
f 1453 1454 1452
f 835 942 1843
f 1271 1270 1173
f 1893 1878 1826
f 1050 2633 1937
f 2651 2652 814
f 1006 1053 1281
f 2653 1084 2654
f 1001 1004 1003
f 585 997 679
f 2624 1272 621
f 555 678 2028
f 1207 526 1197
f 1626 1627 478
f 3729 3732 3731
f 3746 3749 3748
f 3770 3752 3750
f 426 389 419
f 1030 1193 1773
f 9350 645 634
f 534 1533 138
f 1125 1092 1042
f 333 228 88
f 569 1570 561
f 3691 3694 3693
f 1489 2656 871
f 1857 2624 620
f 1673 1674 9222
f 622 861 864
f 619 788 891
f 261 544 545
f 393 1555 1556
f 2658 2659 2647
f 1075 2658 2657
f 1081 1080 2658
f 1080 1139 2659
f 2644 2643 1141
f 2660 1141 1140
f 642 2660 1336
f 1193 2644 2660
f 679 678 555
f 3762 3765 3764
f 1503 1501 1500
f 1318 1317 1101
f 2661 2659 1139
f 2661 1142 2663
f 2662 2647 2659
f 2662 2663 2622
f 2664 2622 911
f 2648 2664 2646
f 2648 2647 2662
f 3586 3658 3779
f 2083 2094 2093
f 1442 1440 1437
f 3732 3734 3733
f 519 329 330
f 1885 2029 1209
f 799 800 805
f 1946 1943 1952
f 1302 1301 1253
f 3741 3738 3757
f 3660 3663 3662
f 566 2005 224
f 1389 940 928
f 683 682 681
f 836 835 1842
f 2665 1842 1845
f 2666 2665 1303
f 24 836 2665
f 831 1072 2650
f 1845 1844 1304
f 2010 2013 2012
f 1051 1936 2667
f 1522 1521 1511
f 531 440 441
f 1250 635 2625
f 2669 2625 1857
f 783 2669 1856
f 782 1250 2669
f 720 2670 2671
f 1055 1931 1930
f 1333 1067 1251
f 619 622 1308
f 652 655 2619
f 521 522 1539
f 1838 988 537
f 2672 537 536
f 1113 2672 2641
f 1113 527 1838
f 1016 1013 1351
f 9349 573 570
f 226 227 104
f 9008 9121 9279
f 1036 1037 1884
f 2674 1301 1304
f 2673 1304 1844
f 1334 2673 2675
f 1333 2674 2673
f 2676 702 1039
f 1843 2676 2675
f 942 1074 2676
f 1074 699 702
f 752 1057 1055
f 1200 1166 656
f 1120 1846 874
f 2677 874 877
f 1241 2677 1052
f 1119 1120 2677
f 1560 1513 151
f 1208 1316 611
f 215 735 736
f 1460 1459 1462
f 3717 3720 3719
f 1208 1207 1839
f 854 856 1282
f 3682 3697 3696
f 72 445 182
f 544 1563 1565
f 217 200 456
f 3673 3647 3781
f 2047 1404 930
f 1204 2618 1937
f 913 777 686
f 3705 3708 3707
f 840 527 1113
f 1531 729 730
f 2678 778 1283
f 601 667 1914
f 1537 1538 459
f 1819 1757 8953
f 991 1860 862
f 2679 711 1073
f 3776 3775 3581
f 2680 1830 983
f 779 2680 2256
f 778 2678 2680
f 2678 2679 1830
f 180 542 245
f 1886 1132 1131
f 3766 3768 3767
f 1138 1137 1274
f 3777 3778 3585
f 1841 598 1140
f 75 313 314
f 193 423 420
f 2681 2682 1099
f 3658 3586 3587
f 170 1567 1565
f 349 416 417
f 1121 1124 2684
f 547 797 409
f 123 122 121
f 2643 2663 1142
f 1542 1544 513
f 899 900 907
f 1210 677 676
f 791 663 982
f 24 27 837
f 893 896 932
f 1860 1320 863
f 535 538 862
f 3640 3684 3683
f 1569 1548 1547
f 181 455 542
f 660 659 937
f 2013 567 568
f 3781 3647 3644
f 887 890 2631
f 1524 1508 361
f 520 161 162
f 2653 855 854
f 1238 1237 2655
f 718 1838 527
f 1492 1493 518
f 792 616 615
f 599 846 1835
f 290 457 456
f 312 171 1552
f 1248 2687 1179
f 153 149 177
f 1240 1181 1222
f 1257 1292 1235
f 1291 1084 1083
f 1052 877 1277
f 743 742 2618
f 444 140 430
f 23 1224 1172
f 2687 2654 1180
f 102 103 409
f 1283 607 610
f 373 497 650
f 1180 2654 1084
f 855 2653 2655
f 1173 1270 1917
f 2689 850 853
f 2688 853 1108
f 2686 2688 1279
f 2687 2689 2688
f 2691 1302 1252
f 2690 1252 850
f 1248 2690 2689
f 1248 1247 2691
f 2692 617 24
f 2691 2692 2666
f 1247 1258 2692
f 1258 1168 617
f 394 1554 1555
f 2693 1260 1259
f 1072 1236 1262
f 1257 1071 1168
f 398 439 1555
f 871 1784 1314
f 1178 1232 1249
f 1224 1289 1173
f 1010 2617 2618
f 1175 1174 1292
f 2654 2687 2686
f 2694 1157 1216
f 71 418 1487
f 701 1112 1111
f 1072 1261 2649
f 1085 2695 22
f 895 2694 1264
f 1601 1606 1605
f 1259 1262 1271
f 21 20 1220
f 988 991 538
f 3533 3479 3535
f 598 597 1336
f 1050 860 818
f 1298 2645 1761
f 1168 1167 618
f 3629 3671 3670
f 858 1168 1256
f 39 242 516
f 2652 1761 819
f 313 316 315
f 2026 1970 1971
f 2656 1489 596
f 814 819 818
f 2696 2651 813
f 1260 2696 2649
f 2693 2697 2696
f 2697 1296 2651
f 381 355 390
f 9270 9271 1611
f 1475 1427 1428
f 1292 1174 1917
f 1551 353 354
f 1526 1525 1523
f 1593 1589 1595
f 1232 1269 1246
f 2695 2693 1223
f 2698 1297 1296
f 2698 2697 2693
f 2685 2698 2695
f 2685 854 1297
f 562 1497 271
f 2652 2651 1296
f 1365 1366 1364
f 1958 1946 1953
f 585 588 2210
f 1561 1560 1515
f 975 2648 1146
f 347 67 68
f 1038 1111 636
f 2700 781 780
f 2699 780 1036
f 2701 2699 1883
f 851 2700 2699
f 2674 1333 2251
f 2702 2251 781
f 1253 2702 2700
f 1301 2674 2702
f 1519 387 388
f 1273 1239 1280
f 2703 1280 1107
f 2701 2703 852
f 1829 1273 2703
f 91 260 326
f 1784 871 2656
f 2683 2684 2705
f 604 1894 8943
f 1669 8978 8992
f 2062 2063 2060
f 621 535 861
f 2023 731 732
f 686 779 1263
f 857 1051 2668
f 883 830 882
f 3648 3651 3650
f 637 636 1111
f 2668 894 893
f 3692 3712 3711
f 2667 921 894
f 1039 1038 1068
f 313 75 1504
f 1911 1972 305
f 1936 2706 1964
f 2707 2402 2401
f 2708 2707 2183
f 738 2163 2116
f 3785 3787 3709
f 2349 2348 2432
f 2711 2712 2020
f 2400 2711 2019
f 2714 2715 2716
f 2717 2718 2719
f 2721 2722 2723
f 2726 2727 2728
f 2725 2728 2730
f 2731 2725 2729
f 2732 2726 2725
f 2734 2735 2736
f 2738 2739 2740
f 2737 2740 2741
f 2744 2745 2746
f 2745 2744 2748
f 2749 2750 2747
f 2753 2749 2751
f 2250 1380 2246
f 3417 3420 3419
f 2754 1396 1614
f 9050 2754 2755
f 9060 2745 2747
f 1617 2756 2755
f 2242 2758 1620
f 3429 3432 3431
f 2191 2085 2760
f 2761 2759 2760
f 9100 2759 2761
f 9075 2191 2759
f 3209 3460 3354
f 1395 1394 2236
f 1395 2235 1636
f 3741 3791 3790
f 1616 1635 2229
f 3410 3413 3412
f 1617 2234 2763
f 2756 2763 9080
f 2765 2763 2234
f 2766 2764 9080
f 3202 3199 3458
f 1516 437 435
f 2768 2769 8996
f 1495 541 578
f 2135 2136 28
f 8970 8984 2773
f 1690 1689 9378
f 2778 2779 2780
f 2777 2780 2781
f 2784 2778 2777
f 8999 8965 575
f 1494 1904 9
f 8973 2016 2015
f 451 61 505
f 2786 2787 2788
f 2779 2786 2785
f 2789 2752 2741
f 2790 2753 2752
f 2792 2793 2794
f 2793 2795 2796
f 2796 2797 2750
f 2794 2796 2749
f 2798 1393 1396
f 9043 2798 2754
f 2798 2799 2800
f 9043 9114 2799
f 2797 2796 2795
f 2791 2794 2753
f 216 233 232
f 9256 2806 2807
f 9257 2809 2804
f 2769 2810 9001
f 183 185 184
f 2811 2812 2775
f 2804 2811 2776
f 2809 2813 2811
f 2812 2811 2813
f 9257 2808 2816
f 9248 2818 2815
f 9250 9252 2820
f 9245 2823 2819
f 2824 2736 2735
f 2823 2825 2824
f 2825 2823 2826
f 9245 2822 2827
f 9248 2817 2826
f 2713 2716 2829
f 2828 2829 2831
f 2822 2821 2828
f 2821 2820 2713
f 2832 2827 2822
f 2833 2832 2830
f 2834 2835 2832
f 2835 2818 2827
f 2837 2838 2839
f 2836 2839 2841
f 2842 2836 2840
f 2843 2837 2836
f 2840 2841 2845
f 2718 2844 2845
f 2730 2728 2844
f 2727 2840 2844
f 2846 2845 2841
f 2829 2846 2847
f 2847 2841 2839
f 2848 2839 2838
f 2833 2848 2849
f 2831 2847 2848
f 2850 2814 2851
f 2853 2850 2852
f 2783 2777 2782
f 2785 2788 2853
f 2780 2785 2856
f 2857 2858 2855
f 2859 2857 2782
f 2861 2843 2842
f 2860 2842 2727
f 2862 2860 2726
f 2863 2861 2860
f 2861 2863 2858
f 2843 2861 2857
f 2856 2853 2854
f 2781 2856 2864
f 2837 2843 2859
f 2838 2837 2864
f 2852 2851 2834
f 2854 2852 2849
f 2865 2815 2818
f 2851 2865 2835
f 2813 2809 2815
f 2814 2813 2865
f 2866 2812 2814
f 2788 2866 2850
f 2866 2788 2787
f 2812 2866 2867
f 1892 1889 1890
f 2720 2719 2846
f 298 299 256
f 2872 2714 2713
f 9246 9252 2735
f 2729 2730 2874
f 2846 2716 2715
f 2876 2877 2878
f 2733 2875 2878
f 9258 9259 2879
f 9258 2880 2872
f 2882 2883 2884
f 2881 2884 2715
f 2880 2881 2714
f 2879 2882 2881
f 2885 2886 2887
f 2888 2889 2890
f 2885 2890 2892
f 2893 2886 2885
f 1942 2151 2532
f 2895 2892 2720
f 2884 2895 2870
f 2883 2896 2895
f 2896 2891 2892
f 2889 2874 2717
f 2890 2717 2720
f 2897 2893 2891
f 2898 2897 2896
f 2899 2898 2883
f 2900 2899 2882
f 9249 2900 2879
f 2876 2902 2901
f 2901 2902 2904
f 1785 2656 1835
f 2905 2906 2899
f 2907 2908 2897
f 9249 2901 2903
f 632 576 577
f 8976 8991 2867
f 434 385 550
f 2768 2770 9092
f 2910 2911 1623
f 2241 2912 2758
f 9092 2770 2913
f 1623 2911 2757
f 9039 2242 2757
f 2229 1381 1380
f 2765 1630 1629
f 2915 2914 1629
f 9094 9093 2914
f 9093 9074 2765
f 2919 2916 9094
f 2918 2915 2912
f 9066 2918 2241
f 9070 2919 9065
f 8985 2177 2180
f 8965 2002 2188
f 3694 3626 3627
f 9157 9017 714
f 2925 2766 2917
f 2924 2917 2916
f 9062 2924 2919
f 9063 2925 2924
f 2926 2927 2766
f 9110 2926 2925
f 1715 1713 1705
f 785 497 498
f 1387 651 565
f 374 375 1899
f 9017 2203 2206
f 2929 2930 2886
f 2932 2933 2934
f 1905 1906 1908
f 2930 2935 2936
f 2938 2935 2930
f 1493 369 517
f 1603 1585 1586
f 2939 2938 2929
f 2940 2939 2908
f 9117 1707 1600
f 2886 2930 2937
f 2906 2907 2898
f 2908 2929 2893
f 2942 2934 2933
f 2941 2933 2937
f 8945 2941 2936
f 8942 2942 2941
f 2943 2944 2710
f 2943 2873 2874
f 2945 2943 2889
f 2946 2944 2943
f 2932 2945 2888
f 2931 2946 2945
f 727 1928 1929
f 2903 2904 2947
f 545 594 42
f 1480 1570 533
f 2907 2906 2949
f 2906 2905 2950
f 1558 452 215
f 9251 2903 2948
f 2054 1645 1644
f 9157 9136 2203
f 1828 1837 1849
f 2953 2954 2955
f 2952 2955 2957
f 2956 2261 2258
f 2953 2952 2258
f 2454 2455 2474
f 9199 2958 2959
f 9199 2132 2131
f 2961 2962 2963
f 2958 2963 2964
f 222 221 2485
f 2477 2226 2966
f 2631 2561 2006
f 2384 2454 2496
f 2967 2968 2959
f 2968 2967 2970
f 9211 2033 2971
f 9236 2971 2960
f 2972 2971 2033
f 2007 2377 2973
f 9004 9003 2134
f 1836 1833 1832
f 8950 2188 2090
f 955 810 959
f 672 675 674
f 633 710 713
f 2024 732 733
f 2025 2024 803
f 425 1552 1550
f 2975 2976 888
f 1319 1158 1157
f 1212 1935 2977
f 889 957 2228
f 1978 1974 1975
f 1138 1078 1329
f 751 665 2979
f 1619 1613 1625
f 2252 2255 1728
f 1157 1160 845
f 2706 1936 1938
f 2980 2255 2254
f 2982 2975 887
f 802 712 711
f 678 677 2029
f 527 840 690
f 1839 1207 2629
f 2983 2984 602
f 2983 1914 1913
f 2985 2983 1331
f 2986 2984 2983
f 2987 2637 2635
f 2985 2988 2639
f 2990 1319 1318
f 2991 2992 2993
f 2995 2991 2994
f 1106 1058 2991
f 1058 1057 2992
f 1415 1406 1365
f 1317 922 2217
f 1932 1728 2255
f 926 2998 2999
f 3001 2993 2992
f 3000 2992 1057
f 2999 3000 2978
f 2998 3001 3000
f 3002 2998 2209
f 3002 3003 2996
f 2993 3001 3002
f 1103 1106 2995
f 3004 2995 2996
f 2209 2210 3004
f 588 1103 3004
f 295 296 433
f 2638 2639 2988
f 3005 2988 1056
f 1305 3005 1930
f 1276 2638 3005
f 1987 1968 1993
f 2633 1762 1761
f 1423 1422 1417
f 9005 8961 739
f 2671 2670 2704
f 1473 1872 2035
f 922 1317 2694
f 1401 1400 1378
f 556 2028 1884
f 842 848 9277
f 1854 2706 2617
f 933 1082 1081
f 1440 1441 1436
f 529 657 719
f 1031 1025 1027
f 777 913 912
f 2645 1205 1204
f 441 438 1538
f 3771 3774 3773
f 790 1287 587
f 2065 2066 1610
f 1860 991 990
f 60 106 87
f 1424 1017 1948
f 332 1527 1507
f 261 262 138
f 187 188 449
f 1719 1720 1726
f 1931 1055 1059
f 3006 1059 1105
f 1287 3006 1104
f 1286 1931 3006
f 3007 3008 3009
f 3009 3008 653
f 618 999 26
f 2029 677 1210
f 957 601 600
f 1049 2146 2228
f 2631 890 3011
f 890 889 2227
f 3011 2227 2145
f 2561 3011 3012
f 1026 656 609
f 2706 1854 1961
f 3013 2965 2485
f 2148 2147 1267
f 3015 1267 1266
f 2997 2264 1101
f 642 641 1773
f 186 477 461
f 1041 1040 1320
f 1121 3016 3017
f 2984 2986 2987
f 3018 2987 2634
f 1048 603 3018
f 603 602 2984
f 2679 2678 801
f 2062 2072 2074
f 2061 2074 2076
f 414 303 1545
f 3016 1121 2683
f 3019 2683 2704
f 3020 3019 2670
f 3007 3016 3019
f 1871 1090 1091
f 3021 1787 1122
f 3022 3021 3017
f 1314 3021 3022
f 1784 1787 3021
f 1316 1315 1763
f 3023 3022 3010
f 3023 3009 795
f 1763 3023 1092
f 1315 3022 3023
f 3016 3007 3010
f 752 751 2978
f 2986 2639 2637
f 3024 654 653
f 3020 3024 3008
f 720 723 3024
f 723 2621 654
f 2681 1098 1268
f 2671 3025 1268
f 2705 2681 3025
f 1313 3026 3027
f 3026 3028 3029
f 3027 3029 3030
f 1311 3027 3031
f 2012 568 731
f 917 2657 974
f 3742 3745 3744
f 743 1206 856
f 1888 2027 2030
f 2682 2705 2684
f 3032 2684 1124
f 1100 3032 2989
f 1099 2682 3032
f 1123 2990 2989
f 3033 1834 1159
f 2990 3033 1158
f 1123 1786 3033
f 1786 1785 1834
f 1054 1056 2988
f 2979 665 664
f 2623 2622 2663
f 1095 660 688
f 3034 3035 2261
f 3036 3034 2956
f 3037 3038 3034
f 3038 3039 3035
f 3040 3041 3026
f 2263 3042 3041
f 3042 3039 3043
f 3041 3043 3028
f 3044 3045 3043
f 3046 3047 3045
f 3047 3048 3049
f 3043 3045 3049
f 3038 3037 3051
f 3050 3051 3053
f 3052 3046 3044
f 3039 3038 3050
f 3054 3035 3039
f 3042 2263 2262
f 2261 3035 3054
f 2216 2263 2997
f 2212 2211 2667
f 3056 868 2209
f 934 3057 1961
f 2013 9207 9209
f 3058 3059 3060
f 3059 3062 3063
f 3060 3063 2213
f 3061 3060 1963
f 3063 3064 2214
f 3062 3065 3064
f 3065 2257 2260
f 3064 2260 2215
f 3066 3067 3031
f 2608 2966 3067
f 2966 2562 3068
f 3031 3067 3068
f 2455 2458 2461
f 2476 2223 2226
f 8995 2090 2089
f 8970 2774 9221
f 433 354 355
f 2115 1423 1419
f 8953 2868 2922
f 9221 9189 2131
f 3069 2611 2167
f 2971 2972 2928
f 2961 2774 2773
f 3070 2475 2478
f 2610 2609 3071
f 2502 2371 2374
f 3072 2592 2595
f 2964 3046 3052
f 3048 2593 3074
f 2593 2592 3075
f 3075 3030 3029
f 3074 3029 3028
f 3072 3076 3075
f 3076 3072 2482
f 2481 2608 3066
f 3076 3066 3030
f 2967 3052 3053
f 2482 3072 3073
f 479 480 493
f 706 9352 9325
f 9005 2194 2221
f 2013 2010 9206
f 8977 2032 2016
f 9006 8963 2222
f 1171 1154 1155
f 3782 3644 3689
f 2586 2566 2565
f 2982 110 113
f 2562 2376 3077
f 2376 2375 3012
f 3012 2145 2148
f 3077 2148 3015
f 2963 3047 3046
f 3051 3078 2970
f 1683 2173 491
f 9302 2122 1447
f 1986 2181 9186
f 3079 3080 2546
f 3081 3079 2575
f 1983 1986 9220
f 3082 2323 2319
f 3080 3082 2545
f 9186 9184 3082
f 9184 9200 2323
f 1309 1471 1888
f 3073 2595 2772
f 2760 3083 3084
f 2760 2085 2088
f 3085 3084 3086
f 3089 3085 3090
f 3089 2762 3084
f 3092 3088 3090
f 3093 2748 2744
f 2751 2747 2748
f 3093 2741 2752
f 2742 2741 3093
f 3094 3093 2743
f 3096 3097 3098
f 3099 3096 3087
f 3097 3094 3095
f 3100 2743 2746
f 3101 2927 3102
f 2764 2766 2927
f 2745 2764 3101
f 3102 3092 3091
f 3100 3091 3095
f 2869 2802 9044
f 3102 3103 3104
f 9110 2868 2869
f 2927 2926 3103
f 3098 3095 3091
f 3087 3098 3090
f 2088 2125 3105
f 3083 3105 3086
f 2483 3073 2771
f 2401 2186 2185
f 3099 3086 3105
f 2125 2207 3106
f 3108 2737 2742
f 3107 2742 3094
f 3110 3108 3107
f 3109 3107 3097
f 3111 3109 3096
f 3112 3110 3109
f 3113 2738 2737
f 3115 2723 2722
f 3117 3115 3114
f 3119 3117 3116
f 3118 3116 3120
f 3116 3114 3113
f 3122 3112 3111
f 3122 3123 1755
f 3124 3125 3126
f 3125 3118 3121
f 3128 3119 3118
f 3129 3128 3125
f 2020 2712 3128
f 9305 9309 1346
f 1065 1046 1047
f 1814 9290 9282
f 2021 2020 3129
f 3111 3099 3106
f 3123 3106 2207
f 2377 2225 2224
f 3014 2485 113
f 1756 2208 9234
f 3131 3132 2530
f 3133 3131 2528
f 1753 1756 9219
f 3134 3124 3127
f 2327 2408 2314
f 2436 2318 2317
f 2018 2021 9163
f 2534 3136 3137
f 2320 2322 3136
f 2185 2018 9164
f 3138 3139 2542
f 3134 3135 9196
f 9237 3130 3134
f 3140 3138 2539
f 2535 3137 3140
f 9163 2021 3130
f 2558 2530 3132
f 9234 9212 3141
f 2560 2558 3141
f 9212 9229 3142
f 958 888 2976
f 1933 1932 2980
f 3714 3704 3729
f 2399 2424 2418
f 2348 2342 2343
f 2322 2320 2319
f 2718 2717 2874
f 2709 2729 2873
f 2894 2871 1361
f 3788 3789 3720
f 346 289 176
f 1876 1877 1882
f 2802 2803 9059
f 3104 3144 3088
f 2974 2222 9101
f 3089 3145 2761
f 3088 3144 3145
f 2803 2974 9055
f 9322 9361 692
f 2123 1419 1418
f 1365 1363 1368
f 3346 3345 3344
f 1581 1766 1782
f 9013 2202 2129
f 8999 2003 2002
f 3146 2585 2551
f 9203 3146 3147
f 9194 3149 3146
f 3149 2584 2585
f 3196 3198 3197
f 9056 2192 2191
f 3142 3150 2556
f 9229 9230 3150
f 9098 3152 2550
f 3150 3151 2555
f 9230 9232 3151
f 9240 9233 3152
f 3153 3147 2551
f 3152 3153 2549
f 9233 9228 3153
f 9228 9202 3147
f 3148 2767 2206
f 2183 2401 2321
f 2132 2960 2928
f 3299 3300 3321
f 9136 9137 2204
f 9171 2198 2197
f 2594 2962 2773
f 2595 2594 2951
f 1870 798 799
f 3257 3260 3259
f 9165 2179 2178
f 9158 2178 9188
f 336 3154 9226
f 339 3155 3154
f 9241 9135 3149
f 9135 9149 2584
f 2963 2962 3048
f 9174 9182 337
f 339 338 2566
f 3156 3157 2168
f 2610 3156 2167
f 2954 2953 3156
f 3157 3156 2953
f 9159 2166 2169
f 2567 3158 3159
f 337 3158 2567
f 9182 3069 2166
f 9216 2190 1983
f 2579 3160 3081
f 2568 3159 3160
f 9161 2169 2190
f 3065 3062 3162
f 3161 3162 1984
f 3157 3161 2189
f 2257 3065 3161
f 734 735 1922
f 3059 3058 2708
f 3163 2708 2182
f 3162 3163 1985
f 3062 3059 3163
f 3203 3206 3205
f 3806 3809 3808
f 2122 2119 1448
f 9269 1686 1685
f 139 140 444
f 1570 569 566
f 2957 3164 3165
f 2955 3166 3164
f 1912 454 341
f 3130 3129 3124
f 1548 322 319
f 1949 1950 1327
f 2969 2970 3078
f 3167 3078 3169
f 9176 2014 2017
f 9172 2017 2033
f 3168 3169 3165
f 3170 3165 3164
f 9231 3170 3171
f 9176 3168 3170
f 3171 3164 3166
f 3172 3166 3071
f 9204 3172 3173
f 9208 3171 3172
f 3169 3037 3036
f 2593 3048 2962
f 3173 3071 2609
f 3174 2609 2199
f 9235 3174 2198
f 9201 3173 3174
f 2190 2189 1984
f 2196 2195 2767
f 3326 3329 3328
f 2119 2120 1414
f 1464 1463 1466
f 2199 2611 3069
f 2457 2456 2587
f 2226 2225 2562
f 481 478 1627
f 333 1512 235
f 3078 3051 3037
f 3040 2264 2997
f 3351 3352 3262
f 2219 1934 1933
f 2385 2384 2497
f 221 2220 3175
f 2220 1933 3143
f 3175 3143 2976
f 2484 3175 2975
f 2954 3071 3166
f 2630 1858 110
f 1547 319 1952
f 2091 2090 2188
f 9185 9188 2178
f 1918 1919 1927
f 9007 112 111
f 3398 3401 3400
f 955 956 960
f 2037 3014 112
f 3143 2980 2981
f 2218 2211 2214
f 672 9329 9239
f 2152 3013 3014
f 1147 1144 1143
f 2248 2246 1409
f 1615 1636 1635
f 1410 1409 2246
f 3486 3488 3487
f 3468 3469 3502
f 3451 3453 3452
f 1382 3176 3177
f 3177 1410 2247
f 2247 1383 3177
f 3176 2238 2230
f 1410 3177 3179
f 3179 3180 2243
f 1633 3181 2800
f 3816 3818 3817
f 1621 1620 2758
f 3642 3801 3662
f 3422 3421 3260
f 1622 1621 2245
f 2236 1394 3181
f 3793 3796 3795
f 3493 3496 3495
f 2237 2236 3182
f 3513 3516 3515
f 2250 1631 2233
f 3654 3666 3667
f 2912 1629 1628
f 3819 3822 3821
f 3432 3824 3823
f 135 136 1564
f 1567 419 512
f 1085 1084 2653
f 3184 869 868
f 869 3184 3057
f 3389 3388 3387
f 1266 1268 1098
f 1267 2147 722
f 937 1146 2646
f 2146 1049 722
f 2211 2218 921
f 1957 510 507
f 1313 1312 2264
f 1496 362 1493
f 2887 2937 2933
f 1687 1688 1659
f 145 1499 1498
f 3831 3829 3830
f 37 38 418
f 1935 1934 3185
f 104 89 301
f 2101 2098 2083
f 543 298 360
f 1934 2219 3186
f 234 1521 212
f 9297 9273 1822
f 3825 3828 3827
f 1976 1875 1874
f 223 3186 2219
f 9107 9108 9057
f 2165 2164 467
f 467 468 2165
f 773 476 2165
f 3673 3658 3659
f 1935 1212 1728
f 3490 3491 3840
f 3362 3359 3848
f 3862 3865 3864
f 3465 3466 3484
f 3893 3894 3525
f 3352 3351 3430
f 3869 3872 3871
f 3529 3530 3567
f 3420 3417 3922
f 3304 3235 3236
f 3929 3932 3931
f 3324 3326 3327
f 3219 3937 3939
f 3220 3938 3937
f 3450 3375 3376
f 3942 3832 3833
f 3215 3216 3454
f 3946 3332 3215
f 3422 3949 3948
f 3950 3457 3198
f 3205 3206 3957
f 3261 3962 3961
f 3852 3853 3964
f 3214 3211 3946
f 3965 3213 3214
f 3797 3800 3799
f 3988 3991 3990
f 3777 3779 3806
f 3855 3858 3447
f 3737 3799 3800
f 3949 3953 3952
f 3651 3782 3783
f 4001 3784 3787
f 4019 4022 4021
f 4027 4030 4029
f 3258 3259 4030
f 4033 4036 4035
f 3424 3425 4047
f 3242 3243 4058
f 3970 3489 3547
f 3829 3242 4057
f 3333 3332 3947
f 4063 4068 4065
f 4073 4076 4075
f 3568 3456 3443
f 3981 3334 3335
f 3540 3915 3862
f 4078 4079 4031
f 3565 3566 4088
f 3442 3455 4089
f 4092 4095 4094
f 4093 4094 4097
f 3619 3620 3623
f 3660 4098 3821
f 3809 3648 3649
f 3610 3652 3655
f 3656 3622 3623
f 3621 3803 3804
f 3503 3480 3481
f 3436 3439 3438
f 3356 3428 3427
f 3628 3670 3669
f 3734 3811 4002
f 3276 3273 3370
f 3763 4106 4107
f 4006 4007 3754
f 3747 3751 3752
f 3863 3864 4110
f 3994 3891 4003
f 3653 3801 3664
f 3296 4116 4115
f 4117 4120 4119
f 3249 3252 3251
f 4127 4130 4129
f 3478 3575 3903
f 3410 4136 3921
f 3977 4061 4038
f 3216 3452 3453
f 3967 3547 3548
f 4140 4078 4032
f 3509 4086 4149
f 4151 4152 3659
f 4153 4152 3656
f 4153 4154 3646
f 4156 3688 3645
f 4139 4077 4078
f 3743 3744 4163
f 3861 3918 3987
f 3468 4066 4067
f 3306 3981 3980
f 4172 4173 4010
f 4169 4170 3836
f 4187 4190 4189
f 4213 4216 4215
f 4220 4223 4222
f 4225 4226 4211
f 4230 4233 4232
f 4240 4243 4242
f 3606 3609 3608
f 4250 4253 4252
f 4258 4261 4260
f 4077 4080 4079
f 4276 4279 4278
f 4308 4262 4263
f 4017 4018 3872
f 3196 3193 3951
f 4316 4317 4270
f 3870 4306 4307
f 4324 4327 4326
f 4333 4334 4247
f 4338 4341 4340
f 4348 4351 4350
f 4283 4284 4289
f 4356 4359 4358
f 4359 4019 4020
f 4362 4363 4196
f 4320 4364 4279
f 4370 4372 4296
f 4377 4253 4303
f 4231 4232 4201
f 4203 4212 4331
f 4037 4040 4039
f 4371 4265 4386
f 4387 4346 4347
f 3309 3293 3294
f 4099 3723 3724
f 4355 3422 3257
f 3630 3680 3693
f 4277 4278 4302
f 4350 4318 4319
f 4353 4354 4351
f 3637 3634 3639
f 4394 4395 3827
f 3311 3312 4399
f 3755 3708 4005
f 4363 4362 4259
f 3454 3453 3919
f 3446 3447 3459
f 4298 4299 4404
f 3749 3746 3769
f 3791 3741 3756
f 3643 3685 3684
f 3845 3846 3399
f 4313 3257 3258
f 4411 4413 4408
f 3843 4424 4423
f 4214 4215 4329
f 4431 4434 4433
f 3918 3861 3798
f 3927 3928 3388
f 4453 3893 3874
f 4138 4458 4457
f 3346 4460 4459
f 4100 4109 4108
f 3974 3977 3976
f 3665 3655 3652
f 3773 3565 3993
f 3945 3454 3920
f 4144 4463 4462
f 4464 4467 4466
f 3268 4142 4479
f 4484 3921 4136
f 3348 3914 4487
f 3313 3314 3912
f 3803 3621 3617
f 4086 3509 3510
f 4034 3304 3305
f 3403 3404 4171
f 4481 4482 4492
f 4177 4180 4179
f 4398 4170 3923
f 4451 4493 4494
f 4501 4075 4076
f 4509 4510 4506
f 3304 4034 4462
f 4485 4399 3312
f 3419 4488 3349
f 4356 4345 4385
f 4026 4354 4358
f 4354 4353 4357
f 3599 3596 4091
f 4341 4338 4254
f 4251 4252 4524
f 3482 3485 3484
f 3843 3543 3544
f 4295 4341 4274
f 4381 4530 4206
f 4204 4205 4531
f 4533 4536 4535
f 4542 4545 4544
f 4546 4549 4548
f 4573 4574 4547
f 4575 4578 4577
f 4221 4581 4580
f 4587 4590 4589
f 4328 4592 4589
f 4187 4565 4563
f 4595 4583 4593
f 4597 4605 4604
f 4609 4608 4611
f 4620 4623 4622
f 4612 4615 4614
f 4636 4638 4600
f 4649 4651 4650
f 4652 4655 4654
f 4662 4665 4664
f 4666 4669 4668
f 4637 4639 4685
f 4627 4701 4700
f 4684 4686 4636
f 4663 4689 4661
f 4699 4698 4697
f 4647 4648 4703
f 4709 4711 4603
f 4724 4633 4726
f 4742 4745 4744
f 3311 3923 3924
f 4698 4759 4758
f 4749 4765 4609
f 4342 4345 4344
f 4797 4800 4799
f 4490 4048 3974
f 4019 4359 4306
f 4512 3955 4514
f 3991 3988 4508
f 4692 4695 4694
f 4680 4681 4818
f 4821 4822 4824
f 4367 4239 4243
f 4833 4832 4831
f 4837 4744 4757
f 4332 4563 4562
f 4683 4835 4819
f 4845 4843 4850
f 4751 4753 4752
f 4854 4855 4695
f 4858 4719 4718
f 4822 4559 4859
f 4674 4646 4647
f 4771 4774 4773
f 4726 4727 4537
f 4714 4718 4719
f 4633 4634 4688
f 4616 4619 4618
f 4686 4684 4842
f 4869 4707 4708
f 3502 3868 3528
f 4777 4660 4737
f 4734 4732 4779
f 4883 4755 4663
f 4375 4294 4274
f 4290 4343 4335
f 4816 4815 4812
f 4778 4779 4732
f 4158 3710 4160
f 4195 4198 4197
f 3860 3861 4166
f 3758 3759 3763
f 3694 3691 4157
f 4249 4248 4391
f 3467 3470 3469
f 4209 4212 4211
f 4142 3268 4144
f 3615 3614 3617
f 3479 3480 3536
f 4883 4753 4672
f 4802 4801 4642
f 3698 3637 3638
f 4105 3725 3726
f 4848 4645 4896
f 4878 4877 4744
f 4610 4874 4748
f 4036 3403 4489
f 4355 4313 4314
f 4171 4141 4049
f 3875 3452 3216
f 4868 4865 4863
f 4623 4900 4691
f 3629 3626 4155
f 4654 4887 4898
f 4012 4015 4014
f 4902 4903 4866
f 4768 4769 4908
f 4370 4386 4385
f 4888 4860 4914
f 3546 3543 3917
f 4932 4926 4931
f 3625 3622 4151
f 3804 3669 3670
f 3816 4104 4103
f 4911 4898 4887
f 4928 4930 4927
f 4925 4929 4927
f 3655 3665 3666
f 4932 4919 4910
f 4937 4923 4912
f 4939 4938 4942
f 4228 4529 4530
f 4946 4945 4942
f 4938 4922 4923
f 4942 4938 4937
f 4951 4950 4930
f 4955 4951 4928
f 4748 4750 4615
f 4914 4860 4847
f 4824 4859 4584
f 4940 4939 4941
f 4916 4961 4960
f 4909 4907 4891
f 4971 4967 4968
f 4966 4970 4948
f 4962 4952 4953
f 4940 4935 4924
f 4831 4916 4917
f 4935 4936 4925
f 4275 4255 4261
f 4679 4758 4791
f 4016 4309 4373
f 4668 4764 4766
f 4539 4537 4727
f 4929 4925 4936
f 4775 4776 4801
f 4801 4776 4742
f 4732 4734 4611
f 4985 4984 4983
f 4534 4586 4562
f 4847 4644 4645
f 4788 4787 4619
f 4787 4788 4678
f 4657 4606 4605
f 4994 4996 4878
f 5006 5009 5008
f 5001 5003 4973
f 4814 4618 4619
f 5014 4989 4974
f 5003 5002 4972
f 5019 5006 5007
f 5024 5016 5017
f 5036 5037 5035
f 4990 5019 4975
f 5045 5033 5034
f 5048 5049 5034
f 5025 5017 5014
f 5046 5038 5043
f 5051 5052 5055
f 5044 5050 5060
f 5011 4981 5021
f 5013 5069 5068
f 5028 5073 5072
f 5077 5074 5064
f 5065 5080 5079
f 5083 5079 5080
f 5063 5067 5080
f 5054 5055 5071
f 4602 4603 4711
f 5058 5082 5083
f 4982 4983 4792
f 5041 5033 5045
f 3909 3911 3278
f 3471 3474 3473
f 5002 5003 4994
f 5060 5080 5067
f 4892 4861 4862
f 4891 4813 4884
f 4996 4994 5003
f 4997 5015 5005
f 4813 4617 4614
f 4618 4814 4827
f 5089 5090 5093
f 3303 3306 3305
f 5100 5103 5102
f 5107 5110 5109
f 5110 5115 5092
f 4610 4611 4734
f 5112 5103 5100
f 5088 5091 5090
f 5119 5118 5117
f 5092 5115 5096
f 3826 3830 3829
f 5108 5109 5102
f 5100 5130 5087
f 5118 5131 5133
f 3783 3689 3690
f 4444 4447 4446
f 5151 5153 5150
f 4790 4616 4617
f 4332 4182 4190
f 3266 3267 4451
f 3211 3947 3332
f 4741 4796 4760
f 4775 4778 4777
f 4764 4665 4691
f 4489 4171 4048
f 4466 4477 4511
f 4518 3936 3930
f 4786 4787 4791
f 4980 5005 4984
f 5144 5152 5150
f 5159 5146 5148
f 5121 5119 5120
f 5169 5164 5162
f 5016 4978 4979
f 5123 5180 5179
f 5181 5180 5140
f 5175 5185 5184
f 4575 4581 4586
f 4984 4985 4976
f 4596 4599 4598
f 5182 5181 5183
f 4785 4619 4787
f 5137 5124 5122
f 5167 5179 5180
f 4835 4683 4898
f 4687 4727 4726
f 4176 3836 4170
f 4760 4761 4655
f 4681 4680 4649
f 5121 5093 5132
f 5171 5191 5178
f 5174 5178 5191
f 5169 5193 5194
f 4909 5094 5095
f 5105 5104 5112
f 4767 5108 5126
f 5201 5202 5205
f 5219 5218 5217
f 5229 5214 5200
f 5234 5237 5236
f 4069 4072 4071
f 4724 4725 4717
f 5108 4767 4768
f 5103 5195 5126
f 5227 5218 5211
f 5015 4997 4884
f 4997 4998 4892
f 5197 5198 5215
f 5241 5199 5247
f 5013 4975 5019
f 5205 5239 5232
f 4969 4967 4971
f 5239 5205 5249
f 4808 5243 5225
f 5216 5247 5199
f 5253 5245 5242
f 5235 5236 5255
f 5135 5148 5157
f 5264 5260 5267
f 5245 5203 5215
f 5260 5261 5269
f 5264 5266 5274
f 5154 5153 5173
f 5287 5272 5278
f 5256 5301 5300
f 5173 5174 5176
f 4631 4630 4629
f 4781 4784 4783
f 5309 5307 5311
f 5155 5156 5144
f 4826 4828 4827
f 5291 5295 5308
f 5310 5311 5281
f 5311 5307 5308
f 4036 4033 4176
f 4641 4716 4704
f 5220 5224 4804
f 4770 5206 5207
f 5188 5185 5175
f 5180 5123 5129
f 4626 4700 5314
f 4731 4728 5315
f 5222 5213 5210
f 4728 4882 5316
f 5230 5219 5216
f 5297 5296 5240
f 5204 5233 5208
f 5318 4868 4864
f 5273 5272 5287
f 5221 5210 5219
f 4700 4902 5321
f 5313 5314 5328
f 5157 5149 5154
f 5275 5276 5263
f 5324 5322 5318
f 5323 5332 5331
f 5343 5334 5345
f 5306 5310 5286
f 5278 5281 5311
f 4882 4625 5320
f 5109 5110 5114
f 5123 5087 5130
f 5299 5283 5284
f 5240 5198 5199
f 5229 5231 5197
f 5305 5302 5292
f 5233 5228 5225
f 5192 5190 5194
f 5104 5105 4670
f 5146 5159 5160
f 5337 5340 5347
f 5347 5340 5341
f 5353 5346 5335
f 5349 5355 5354
f 5355 5358 5357
f 5358 5355 5360
f 5355 5349 5348
f 5342 5366 5365
f 5345 5346 5362
f 5332 5364 5367
f 5372 5371 5315
f 5370 5365 5366
f 5361 5356 5354
f 5364 5365 5368
f 5369 5344 5362
f 5316 5320 5330
f 5373 5359 5371
f 5341 5342 5364
f 5374 5358 5359
f 5329 5376 5375
f 5377 5380 5379
f 5377 5376 5331
f 5380 5377 5367
f 5363 5383 5370
f 5357 5358 5374
f 5381 5385 5361
f 4814 4815 4825
f 4825 4815 4816
f 4806 4746 4747
f 5119 5121 5131
f 4696 4697 4893
f 4696 5389 5390
f 5213 5222 5388
f 5393 5389 5388
f 5380 5382 5384
f 5213 5387 4893
f 4813 4891 4908
f 5390 5392 4693
f 5294 5289 5287
f 5184 5185 5186
f 5285 5275 5253
f 4769 4789 4790
f 5327 5371 5359
f 4598 4621 4690
f 4608 4606 4733
f 4627 4624 4609
f 4596 4604 4851
f 4900 4623 4706
f 4668 4795 5395
f 4863 4865 4639
f 5392 5393 4666
f 4872 4650 4651
f 4807 4791 4758
f 5348 5338 5325
f 5176 5191 5190
f 5046 5031 5022
f 4853 4852 4869
f 5346 5353 5363
f 4709 4880 4620
f 4672 4673 4904
f 4680 4811 4651
f 4841 4844 4688
f 4823 4817 4818
f 4729 4730 4602
f 4881 4729 4851
f 5360 5348 5326
f 4852 4900 4707
f 4890 4751 4669
f 5392 5390 5389
f 5189 5182 5186
f 4881 4604 4605
f 5343 5344 5369
f 4607 4624 4625
f 5056 5055 5052
f 4850 4797 4798
f 3260 5399 5398
f 4855 4736 4899
f 5339 5343 5366
f 4789 4905 4808
f 5400 4040 3948
f 3872 3424 4046
f 4018 3423 3424
f 4025 4523 4172
f 4011 4023 4024
f 4065 4068 3900
f 3413 4012 4013
f 5056 5068 5069
f 5055 5056 5070
f 4062 5398 5399
f 5269 5289 5294
f 4685 4866 4903
f 5254 5242 5240
f 4606 4657 4658
f 4729 4881 4882
f 4030 4041 4043
f 4664 4752 4753
f 3575 3483 3904
f 3413 3410 3922
f 4949 4968 4955
f 4947 4937 4913
f 4849 4850 4894
f 4143 3974 3975
f 4912 4923 4932
f 3774 3771 3995
f 3956 3954 3342
f 4871 4872 4758
f 4270 4273 4272
f 4039 4040 5400
f 3555 3969 5402
f 5403 5404 3906
f 3908 4126 3823
f 4124 4121 5408
f 3901 3902 4046
f 4120 4117 5410
f 4124 3962 4125
f 5420 3906 5404
f 5424 4059 5425
f 3400 5429 5428
f 5432 5433 5435
f 4941 4942 4945
f 4935 4940 4949
f 3895 3898 3897
f 5426 5408 4121
f 5430 3905 3906
f 4045 4041 5398
f 5395 4693 5392
f 4846 4903 4701
f 4880 4709 4710
f 4624 4607 4608
f 4656 4690 4662
f 5305 5307 5309
f 5220 5223 5222
f 4230 4223 4327
f 5030 5073 5028
f 5213 5212 5211
f 5440 3272 3269
f 4396 4397 3980
f 5447 5448 3244
f 3328 3330 5451
f 4208 4391 4248
f 4599 4620 4621
f 4528 4339 4391
f 4529 4228 4199
f 4526 4338 4339
f 4256 4235 5452
f 4532 5452 4241
f 3834 4400 5446
f 5443 5445 5444
f 4530 4247 4334
f 4754 4886 4904
f 4229 4228 4381
f 4205 4382 4383
f 4892 4998 4987
f 4039 4032 3976
f 4738 4780 4796
f 4833 4835 4897
f 4232 4527 4200
f 4194 4240 4241
f 4889 4794 4750
f 4194 4191 4365
f 4531 4383 4195
f 5043 5042 5062
f 4182 4332 4561
f 5446 5447 3241
f 5237 5239 5248
f 4206 4334 4382
f 5210 5211 5218
f 3426 3922 3417
f 4216 4191 4192
f 4219 4210 4184
f 4180 4561 4380
f 4327 4595 4591
f 4223 4230 4231
f 4215 4192 4360
f 4186 4568 4218
f 4190 4330 4209
f 4223 4220 4595
f 4326 4591 4328
f 4366 4389 4568
f 4570 4548 4549
f 4579 4573 4548
f 4563 5453 4533
f 4583 4595 4220
f 4586 4380 4561
f 4239 4196 4363
f 4572 4571 4567
f 4536 4539 4585
f 4538 5453 4566
f 4536 4533 5453
f 3573 3986 3983
f 5427 3963 3552
f 4553 4587 4588
f 4593 4554 4555
f 4368 4365 4183
f 4361 5452 4235
f 4233 4369 4527
f 4233 4230 4324
f 4212 4209 4330
f 4237 4324 4325
f 4193 4241 5452
f 4983 5015 4885
f 5002 4995 4986
f 5074 5077 5076
f 4698 4699 5391
f 5391 4699 5390
f 4871 4899 4650
f 4546 4857 4543
f 4553 4550 4901
f 4552 4588 4555
f 5223 4804 4805
f 5386 5382 5383
f 5317 5315 5371
f 3240 3237 4429
f 5384 5385 5381
f 3938 3217 3218
f 3942 3943 5455
f 5361 5385 5386
f 4542 4540 4541
f 3910 5430 5420
f 3939 3333 4060
f 3851 5350 5351
f 3838 5427 3556
f 4547 4858 4857
f 5442 5443 4050
f 3385 3874 5428
f 4257 4234 4235
f 5312 5212 4893
f 4212 4203 4204
f 3854 3849 5461
f 4226 4184 4210
f 4202 4177 4178
f 3316 3983 3897
f 5464 5465 4432
f 5465 5466 3883
f 4472 4469 4449
f 4501 4472 4450
f 4074 4075 4080
f 5473 5474 5401
f 4173 4172 5475
f 3432 3429 3520
f 3462 5505 5504
f 4075 4501 4494
f 5482 5481 3387
f 5468 5471 5470
f 3427 5421 5422
f 4498 4499 4487
f 5403 3824 5414
f 3382 5523 5522
f 3492 5512 5511
f 3429 3434 3517
f 3873 5522 5524
f 5480 5479 3350
f 3477 5508 5505
f 4507 4508 5544
f 4396 5550 5551
f 3374 5552 5553
f 3373 5553 5554
f 5479 4521 4063
f 3390 5554 5555
f 5531 5525 5566
f 3368 5568 5567
f 5556 5557 5560
f 3393 5555 5557
f 4433 3364 5463
f 5464 5463 5458
f 4435 4437 4439
f 4055 4393 3277
f 3273 3278 3911
f 3395 3357 3358
f 5486 3894 4071
f 5526 4455 4453
f 5525 5570 5569
f 5568 3526 3527
f 3527 3362 3847
f 3365 5461 3849
f 5462 3849 3850
f 4435 4436 5571
f 3378 3379 3943
f 5573 5578 5577
f 4438 5455 3943
f 5477 5574 5579
f 5582 5581 5580
f 5583 5580 5581
f 5586 5585 5588
f 4074 5472 5586
f 5583 5585 5474
f 4507 5589 5590
f 5573 5478 4522
f 3989 5595 5596
f 5594 3406 3407
f 4436 3381 5572
f 5591 3990 3991
f 4507 4475 4476
f 3990 5591 5587
f 5578 3409 3406
f 5595 3989 5584
f 5484 3394 3358
f 4441 4442 5467
f 5472 4074 4077
f 5522 5599 5570
f 5486 3358 3353
f 5481 4498 3386
f 3475 5506 5492
f 5476 4523 3899
f 5540 5541 5606
f 5542 5540 5603
f 5608 5543 5542
f 5608 5607 5545
f 5607 5603 5609
f 5599 5600 5548
f 5598 5592 5543
f 5595 5594 5593
f 5588 5584 3989
f 5626 3265 3266
f 5627 3266 4448
f 5469 4449 4469
f 4515 4517 5625
f 4503 4473 4474
f 4481 5626 5627
f 4500 5628 5469
f 3414 4468 5466
f 5594 5595 5581
f 3376 3377 4430
f 3444 3944 3941
f 5572 3944 3444
f 4273 4286 4287
f 4345 4356 4357
f 4386 4304 4305
f 4517 4462 4463
f 4352 4349 4319
f 4352 4250 4251
f 4268 4277 4390
f 4264 5629 4320
f 4346 4387 4282
f 4337 4335 4343
f 4289 4244 4245
f 4303 4378 4287
f 4343 4290 4291
f 4284 4333 4244
f 4375 4519 4291
f 4379 4319 4271
f 4337 4353 4348
f 4524 4525 4295
f 4364 4362 4197
f 4285 4282 4390
f 5206 5209 5208
f 4297 5629 4371
f 4346 4283 4286
f 4285 4300 4333
f 3571 3572 4395
f 5341 5340 5339
f 5346 5345 5334
f 5269 5261 5273
f 4510 4509 5609
f 4509 4474 5545
f 4445 4446 5611
f 5566 5569 5568
f 5349 5336 5338
f 5489 5490 3401
f 5565 5566 3368
f 5496 5497 5417
f 5523 3382 3383
f 5325 5338 5347
f 5523 5600 5599
f 5429 3400 3401
f 3887 5632 5631
f 5634 5613 5600
f 5276 5280 5279
f 5298 5297 5257
f 5087 5086 5085
f 3361 3526 5612
f 5041 5061 5066
f 5487 5488 3383
f 5101 5116 5130
f 5299 5298 5300
f 5333 5336 5335
f 5302 5305 5304
f 5234 5247 5216
f 5301 5256 5255
f 4868 5318 5322
f 5281 5278 5277
f 5323 5321 5322
f 5298 5284 5296
f 4885 4829 4750
f 5231 5230 5196
f 4625 4626 5313
f 5111 5113 5085
f 5600 5613 5549
f 5531 5564 5563
f 5165 5166 5182
f 5283 5280 5285
f 4269 4276 4277
f 5610 5609 5603
f 5127 5090 5091
f 4907 5095 5125
f 5277 5278 5272
f 5596 5593 5592
f 5212 5312 5226
f 5273 5261 5262
f 5302 5301 5258
f 5635 5646 5645
f 4250 4352 4379
f 4485 4136 3405
f 4354 4026 4023
f 4265 4262 4304
f 4388 4390 4282
f 4345 4342 4384
f 4362 4364 4297
f 4836 4765 4612
f 4360 4361 4236
f 4369 4233 4237
f 5647 5636 3986
f 5650 3965 3192
f 5337 5338 5336
f 4467 4478 4477
f 4253 4377 4340
f 4429 3416 5457
f 3997 4133 3915
f 5535 3856 3839
f 5538 5541 4460
f 3439 3376 5571
f 5570 5525 5526
f 3438 5571 5572
f 4440 4468 3879
f 3440 5665 4407
f 3886 5685 5695
f 5534 5529 5396
f 5685 3886 3471
f 4278 4198 4301
f 5628 4448 4449
f 3579 3537 3538
f 4480 5627 5628
f 4402 5499 5517
f 4279 4197 4198
f 3603 3534 3532
f 3580 3594 4088
f 4095 3530 3531
f 5248 5249 5251
f 3778 3819 3999
f 4617 4618 4613
f 4375 4275 4372
f 3411 3405 4136
f 5094 5106 5111
f 3602 3532 3535
f 4023 4011 4350
f 4349 4352 4336
f 3605 3535 3536
f 4469 4472 4471
f 4094 3531 3593
f 4248 4249 4245
f 3519 5521 5518
f 5254 5296 5284
f 4852 4853 4795
f 4265 4371 5629
f 5632 5499 5503
f 3604 3611 3612
f 5549 5501 5502
f 3653 3606 3607
f 4780 4738 4873
f 4988 4989 4979
f 4491 5625 5626
f 4837 4904 4995
f 4615 4612 4765
f 5468 4469 4470
f 3514 3470 3467
f 5491 5680 4409
f 4093 3618 3619
f 4364 4320 5629
f 3488 5510 5509
f 5606 5539 5611
f 4210 4219 4189
f 4600 4603 4602
f 5242 5215 5198
f 5073 5074 5075
f 5651 5657 3940
f 3996 3541 3775
f 5200 5203 5202
f 5525 5531 5527
f 3364 4433 4434
f 3775 3541 3542
f 3941 3833 5485
f 3731 3706 4105
f 4997 5000 4999
f 4508 5598 5608
f 4101 4099 3818
f 3728 4109 4103
f 4591 4593 4592
f 4539 4536 4538
f 4550 4553 4552
f 4541 4566 4567
f 4389 4579 4570
f 4582 4583 4580
f 4976 4979 4978
f 4705 4708 4707
f 4797 4850 4843
f 3713 3729 3730
f 4675 4647 4702
f 4977 4978 4981
f 4810 4818 4817
f 4786 4811 4812
f 4715 4631 4628
f 4978 5016 5021
f 5010 5009 5006
f 3722 3743 4162
f 4558 4557 4560
f 4568 4570 4569
f 4584 4578 4535
f 4641 4631 4715
f 5026 5014 5012
f 4776 4777 4745
f 4714 4628 4712
f 4982 4996 5001
f 4576 4577 4560
f 4564 4567 4566
f 5069 5013 5018
f 5057 5052 5048
f 4810 4812 4811
f 3710 4158 3786
f 4991 4992 4999
f 5011 5009 5010
f 5008 5020 5022
f 5066 5067 5063
f 5047 5037 5024
f 5050 5049 5051
f 5023 5021 5016
f 5045 5044 5059
f 5047 5025 5026
f 3711 3712 3724
f 5048 5035 5037
f 5042 5040 5063
f 5058 5053 5051
f 5036 5038 5046
f 3715 3699 3700
f 5235 5256 5257
f 3732 3729 3704
f 5030 5031 5062
f 5020 5021 5023
f 5263 5262 5261
f 5049 5050 5044
f 5236 5248 5250
f 5031 5030 5027
f 5043 5038 5039
f 5320 5313 5329
f 5049 5048 5052
f 5326 5319 5317
f 3264 3261 3288
f 5264 5265 5263
f 4998 4999 4992
f 5009 5011 5020
f 5036 5032 5039
f 5032 5035 5034
f 4355 4317 3949
f 4269 4266 4374
f 4253 4250 4378
f 4525 4524 4252
f 3960 4112 4111
f 4372 4275 4258
f 5681 5672 5673
f 4378 4379 4272
f 4270 4347 4346
f 3244 5448 5644
f 4899 4703 4648
f 3734 3732 3702
f 4138 3346 3343
f 4192 4193 4361
f 3813 4001 3812
f 3817 3695 3696
f 5668 5683 5682
f 5690 5691 5687
f 5499 5632 5700
f 3999 3819 3820
f 3745 3742 4102
f 5684 3471 3472
f 5702 3859 3860
f 5712 5713 5693
f 3249 3277 4393
f 5695 5683 5715
f 5694 5715 5716
f 5719 3972 5601
f 4918 4919 4950
f 4774 4742 4743
f 5505 4415 4411
f 3583 3584 3585
f 3710 3687 4157
f 5513 5725 4417
f 5704 3563 4146
f 4141 4045 4062
f 5669 5689 5688
f 3898 3895 5653
f 5718 3973 3972
f 5684 5687 5686
f 3917 4131 5717
f 3463 5666 5662
f 5492 5506 5680
f 4931 4930 4950
f 5665 3440 3441
f 3788 3717 3740
f 3501 3502 3529
f 3569 3570 3477
f 5516 5728 5727
f 3564 3567 3566
f 3892 5405 5406
f 3962 4124 5407
f 4126 3908 4123
f 4116 3296 3287
f 3892 3887 5630
f 3824 3432 5413
f 4408 4409 5680
f 3969 3966 3978
f 4408 4413 3449
f 4414 3448 3449
f 3962 3261 3262
f 4425 5724 5616
f 4418 5725 5727
f 5716 5597 5575
f 5719 5720 5717
f 5698 5498 5692
f 3880 5621 4166
f 5652 3212 5520
f 5621 5623 4167
f 5679 4409 4410
f 3210 3209 3355
f 5622 5534 5451
f 5416 5417 5497
f 5729 5732 5731
f 5733 5734 3761
f 5735 5738 5737
f 5750 5752 5751
f 5744 5745 5740
f 5744 3770 3753
f 5753 5754 5730
f 5757 5758 5736
f 5731 5752 5765
f 5774 5777 5776
f 5790 5793 5792
f 5796 5786 5787
f 5817 5814 5819
f 5828 5831 5830
f 3725 4105 3751
f 4874 4734 4873
f 4700 4701 4903
f 4740 4820 4876
f 3199 3202 3201
f 4100 4102 4099
f 3749 3767 4108
f 3695 3817 3712
f 3378 3381 3380
f 5504 4411 4412
f 4405 4402 5518
f 5838 5839 5835
f 4705 4632 4712
f 5832 5831 5828
f 5697 5677 5678
f 3791 4006 4005
f 5848 5791 5794
f 3714 3700 3701
f 3995 4148 4042
f 3329 3326 3224
f 4005 3708 3705
f 4551 4762 4763
f 5855 5798 5808
f 5851 5795 5792
f 5803 5801 5858
f 5844 5843 5840
f 5762 5759 5743
f 5808 5809 5806
f 4012 3413 3426
f 5558 3513 3467
f 4550 4763 4720
f 4950 4951 4953
f 3885 3886 5694
f 5705 5706 4081
f 5508 4417 4415
f 3745 3759 3760
f 5507 4412 5680
f 3592 3536 3588
f 3895 5434 5658
f 5613 5500 5501
f 3834 3830 4393
f 5527 4454 4455
f 5775 5806 5809
f 5766 5767 5813
f 5858 5811 5812
f 5855 5815 5811
f 5863 5820 5819
f 5826 5859 5863
f 5862 5866 5833
f 5870 5871 5837
f 5782 5783 5831
f 5868 5838 5836
f 5778 5779 5843
f 5866 5870 5845
f 5785 5864 5867
f 5790 5788 5789
f 5796 5797 5794
f 5821 5818 5819
f 5657 5651 5620
f 5793 5849 5852
f 5855 5858 5801
f 5853 5847 5786
f 5804 5805 5802
f 5827 5867 5864
f 5767 5768 5821
f 5854 5857 5776
f 5860 5817 5818
f 5782 5832 5825
f 5781 5778 5844
f 5810 5811 5815
f 5867 5827 5830
f 5809 5808 5798
f 5828 5829 5863
f 5865 5841 5838
f 5801 5803 5802
f 4086 5707 3795
f 5779 5780 5842
f 5827 5826 5829
f 5839 5872 5869
f 5814 5815 5855
f 5711 4132 3859
f 4958 4957 4917
f 5861 5818 5821
f 5863 5859 5812
f 5865 5868 5823
f 5873 5836 5837
f 5872 5839 5842
f 4089 3455 3563
f 3812 3787 3785
f 5770 5771 5787
f 5789 5786 5847
f 5793 5789 5846
f 4145 4147 4146
f 5848 5773 5790
f 3953 4008 4009
f 5748 5875 5874
f 4624 4627 4626
f 4665 4764 4752
f 4775 4780 4779
f 4746 4670 4671
f 4637 4600 4601
f 4828 4612 4613
f 4704 4763 4762
f 4843 4845 4727
f 4543 4717 4725
f 4731 4864 4863
f 4723 4594 4558
f 4842 4846 4840
f 4717 4543 4857
f 4865 4868 4867
f 5841 5865 5866
f 4725 4726 4540
f 4798 4799 4816
f 4632 4635 4634
f 4720 4716 4715
f 4642 4645 4644
f 3754 4007 5874
f 4860 4761 4644
f 4674 4723 4722
f 4808 4809 4676
f 4721 4722 4822
f 5876 5878 5877
f 4836 4838 4840
f 4658 4661 4660
f 4826 4799 4800
f 4877 4782 4743
f 4948 4970 4971
f 4875 4739 4876
f 4954 4933 4934
f 5773 5770 5788
f 5825 5832 5833
f 5834 5837 5836
f 5834 5844 5845
f 3359 3362 3361
f 5732 5729 3756
f 3394 3397 3396
f 3766 3769 5741
f 5774 5809 5799
f 5805 5776 5857
f 5813 5821 5820
f 3969 3555 3964
f 5667 5668 5674
f 5729 5747 3792
f 3770 5744 5741
f 4741 4740 4739
f 4689 4737 4660
f 5772 5797 5787
f 5735 5733 3758
f 5850 5772 5773
f 5617 5528 3965
f 5799 5800 5854
f 5875 5748 5764
f 5840 5843 5842
f 5861 5768 5769
f 5807 5804 5853
f 5869 5781 5834
f 3765 3768 5739
f 5882 5884 5761
f 5881 5879 5887
f 5895 5896 5898
f 5907 5905 5906
f 5909 5907 5908
f 4234 4257 4526
f 3912 3927 3389
f 5934 8731 8730
f 8730 8731 5930
f 4920 4923 4922
f 8845 8847 8853
f 4141 4171 3404
f 3733 3705 3706
f 8849 8847 8848
f 4234 4237 4236
f 8863 8858 5919
f 3733 4002 4004
f 5908 5906 8859
f 8865 8866 8871
f 8859 8858 8863
f 5927 5924 5925
f 5911 5903 5904
f 8878 8871 8866
f 5635 5638 5637
f 5745 5744 5746
f 3552 3555 3554
f 8857 8889 8890
f 5924 5927 8860
f 3553 3557 3556
f 5919 5920 8861
f 8869 8865 8870
f 8873 8871 8878
f 8856 8857 8875
f 8862 8861 5889
f 8846 8845 8844
f 8864 8863 8866
f 8729 8730 8883
f 8848 8846 8887
f 8878 8879 5888
f 8896 8854 8855
f 8853 8854 8896
f 8841 8842 5882
f 3489 3492 3491
f 8867 8859 8864
f 5910 5908 8867
f 5914 5910 8898
f 5916 5914 8899
f 5889 8861 8860
f 8876 8878 8893
f 5918 5916 8900
f 4424 5722 5726
f 8904 8903 8900
f 8909 8908 8904
f 8908 8907 8903
f 8869 8909 8905
f 3632 3668 3667
f 3687 3690 3689
f 3636 3682 3681
f 3664 3641 3639
f 4304 4307 4306
f 8909 8869 8891
f 3681 3696 3695
f 3758 3761 3760
f 3684 3701 3700
f 3721 3724 3723
f 3941 3944 3943
f 3738 3741 3740
f 3687 3710 3709
f 3238 3239 3938
f 4249 4303 4288
f 4499 4498 3344
f 4240 4194 4368
f 3453 3451 3951
f 4401 3971 3547
f 3950 3951 3451
f 3702 3704 3701
f 3725 3728 3727
f 3194 3207 3208
f 4034 4035 4461
f 3914 3348 3913
f 3483 3575 3533
f 3191 3958 3957
f 4292 3489 3970
f 3909 3910 3428
f 3959 3960 3866
f 4017 4308 4309
f 4316 4318 4008
f 4448 4451 4450
f 4414 4415 4417
f 3435 3430 3351
f 4413 4411 4415
f 3899 3902 3901
f 3780 3781 3648
f 3474 3471 3886
f 3958 3191 3192
f 3221 3223 3935
f 3905 3908 3907
f 3913 4488 4486
f 4420 4422 4421
f 3881 3884 3883
f 4004 3788 3790
f 4271 4319 4318
f 4259 4297 4296
f 3501 4003 4066
f 5897 5898 5900
f 5901 5902 5904
f 8854 8849 8856
f 3789 3785 3786
f 3651 3648 3781
f 5924 5899 5901
f 8870 8871 8873
f 8876 8877 8874
f 5912 5917 5918
f 3805 3918 3799
f 3369 3370 3395
f 3923 3926 3925
f 3916 3917 3512
f 3641 3664 3801
f 4276 4269 4323
f 4181 4229 4331
f 4428 4430 3377
f 3495 4425 4321
f 4436 4435 3380
f 4430 4428 4437
f 3945 3957 3958
f 4065 3901 4047
f 4495 4497 3408
f 8913 8912 8915
f 8911 8910 8917
f 8889 8922 8923
f 8919 8935 8931
f 8884 8914 8918
f 8922 8921 8931
f 5852 5907 5909
f 5866 5862 5915
f 8926 8918 8914
f 8914 8884 8883
f 8886 8919 8921
f 5846 5847 5894
f 5873 5902 5900
f 8893 5888 5764
f 8894 8893 5754
f 5890 8860 5927
f 5885 8896 5755
f 5871 5904 5902
f 5763 8936 5883
f 5880 5890 8936
f 4175 4176 4398
f 4274 4254 4255
f 8883 8730 5931
f 8868 8905 8898
f 3289 4059 3247
f 3858 3855 5485
f 8850 8848 8886
f 4116 4120 5409
f 3889 5406 4127
f 3678 3679 8938
f 8857 8850 8888
f 3979 3551 3294
f 4126 3352 3431
f 3651 4000 3679
f 3460 3858 5921
f 4084 3309 3310
f 8905 8904 8899
f 3561 3327 5397
f 3213 3965 5528
f 4191 4194 4193
f 5449 5450 5532
f 4142 3975 4031
f 4060 3947 5652
f 4480 4483 4482
f 5519 5520 3212
f 5657 5451 3330
f 4473 4476 4475
f 3514 3515 5668
f 5663 5670 5669
f 8881 5929 5926
f 5734 5733 5749
f 4788 4789 4677
f 3997 3996 3538
f 3551 3486 3310
f 3577 3578 3998
f 4893 4697 4676
f 4753 4751 4671
f 8729 8884 8885
f 3813 3703 9021
f 8938 4001 3813
f 8882 5931 5929
f 4098 5701 3820
f 3399 5405 5416
f 5494 5495 5503
f 5880 5877 5878
f 4986 4673 4861
f 4999 5000 5004
f 4985 5001 4988
f 5816 5769 5766
f 4372 4370 4384
f 5688 5691 5692
f 8903 8902 8901
f 8879 8862 5887
f 8902 8881 8880
f 5919 5893 5895
f 4519 4384 4342
f 8847 8849 8854
f 5925 5901 5903
f 4021 3899 4523
f 5678 5677 5676
f 4424 3843 4085
f 5701 3576 3577
f 5928 5925 5926
f 5000 5005 4980
f 9022 4147 3545
f 9024 9025 5409
f 4008 4011 4010
f 3931 3234 4516
f 3822 3806 3807
f 8851 8852 8844
f 5728 5516 5509
f 9025 9023 4115
f 5209 5200 5201
f 4820 4740 4653
f 3988 5596 5598
f 3370 3911 3357
f 5639 5642 5641
f 5592 4511 4477
f 3378 3944 5572
f 5625 4463 3265
f 5594 5582 5577
f 3302 5649 5645
f 3274 3277 3278
f 5207 5208 5233
f 5071 5070 5072
f 4815 4814 4785
f 4796 4802 4643
f 3243 3244 5643
f 5301 5302 5303
f 5431 3562 5655
f 5251 5249 5244
f 3353 3427 3523
f 4174 3404 3405
f 3546 4114 4113
f 4002 3789 3788
f 4196 4239 4238
f 3232 5646 5647
f 4373 4374 4266
f 4867 5322 5321
f 5648 4054 4058
f 4455 4070 3893
f 5593 3407 4511
f 5275 5265 5252
f 5252 5265 5274
f 4092 3619 3624
f 3723 3742 3743
f 4780 4775 4802
f 4059 3289 3560
f 4317 4355 4347
f 5188 5190 5192
f 5570 5599 5612
f 3385 5429 5633
f 3526 5568 5569
f 3576 5701 3608
f 3581 3542 3594
f 5239 5237 5238
f 5081 5079 5083
f 4369 4526 4528
f 4325 4326 4329
f 3569 3285 3286
f 9022 9026 4112
f 3661 3662 3801
f 5074 5073 5030
f 5064 5062 5063
f 3563 3497 3498
f 3961 5407 4119
f 4854 4853 4870
f 5018 5007 5028
f 5007 5008 5027
f 5040 5042 5039
f 3240 3375 3875
f 5070 5069 5029
f 3504 3481 3866
f 3537 3579 3591
f 5033 5041 5039
f 4710 4638 4635
f 5017 4979 4989
f 5024 5037 5046
f 4991 5006 5019
f 4587 4553 4574
f 4996 4982 4793
f 5066 5061 5059
f 5221 5230 5231
f 5068 5056 5057
f 3675 3676 3643
f 3663 3674 3675
f 4722 4558 4559
f 3579 3576 3590
f 3686 3676 3677
f 4422 4420 3499
f 5142 5141 5138
f 5078 5071 5075
f 3609 3589 3590
f 3288 3961 5411
f 5424 9024 5410
f 5152 5144 5156
f 3960 5704 5709
f 4946 4956 4957
f 3867 3903 5705
f 9026 9022 4113
f 5192 5193 5189
f 5161 5164 5194
f 3637 3698 3682
f 4392 5461 3847
f 3796 4114 4149
f 4104 3716 3727
f 3594 3595 3993
f 3796 3793 4134
f 3687 3688 4156
f 3760 3761 4164
f 4464 3344 3345
f 3485 3528 3868
f 3846 3845 5423
f 3409 4520 4496
f 3767 3768 3765
f 3711 3721 4159
f 3797 4132 4087
f 4072 4069 5562
f 4502 4076 5590
f 5408 5426 9027
f 5683 5695 5714
f 5702 3772 4110
f 5623 4042 4148
f 5428 3874 3525
f 3668 3803 3802
f 4000 4001 8938
f 4221 4222 4179
f 4267 4268 4388
f 3721 3722 4161
f 3903 5659 5706
f 3583 3580 4090
f 3894 5486 3524
f 4635 4638 4636
f 4173 5401 4009
f 4890 4666 5393
f 5290 5291 5293
f 5339 5340 5337
f 5458 5459 4438
f 3251 5419 5430
f 3252 5418 5419
f 3428 5420 5421
f 3571 5426 5418
f 4583 4582 4554
f 4239 4367 4224
f 3322 3898 5450
f 5309 5310 5306
f 4109 3728 3748
f 5707 3865 3794
f 5139 5184 5183
f 5271 5270 5290
f 5280 5283 5282
f 5110 5107 5125
f 5319 4864 4731
f 5334 5343 5339
f 5423 3522 3523
f 5376 5377 5378
f 4721 4681 4646
f 3719 4158 4159
f 4853 4854 4692
f 5373 5372 5330
f 4428 5457 5456
f 5376 5329 5328
f 3337 3367 4434
f 4692 4693 5395
f 5475 4172 4523
f 5478 3900 4068
f 5421 5404 4129
f 5374 5373 5375
f 5283 5299 5306
f 5246 5247 5234
f 5154 5149 5150
f 4458 5562 5561
f 5163 5159 5158
f 5381 5374 5378
f 3397 3394 5484
f 4457 5561 5563
f 5147 5143 5150
f 4474 4475 5544
f 5325 5318 5319
f 5223 5394 5388
f 5517 5700 3521
f 4499 5480 3347
f 5404 5403 4128
f 3476 5507 5506
f 4084 5516 5515
f 3900 5478 5477
f 5536 5564 5547
f 5491 5498 5493
f 5474 5472 4139
f 4063 4521 4522
f 4459 4460 5541
f 5548 5549 3360
f 5444 5445 5550
f 3888 3889 5415
f 5546 5547 3339
f 5536 5539 5538
f 3570 5513 5508
f 4471 4502 5589
f 4280 3848 3359
f 5499 4402 4403
f 5189 5193 5169
f 5543 4477 4478
f 4051 5551 5552
f 3461 5504 5507
f 4629 4630 4870
f 5106 5094 4909
f 5286 5281 5279
f 5462 5463 3364
f 3491 5511 5514
f 5224 5220 5231
f 4478 4459 5540
f 4099 4102 3742
f 4803 4806 4805
f 4130 5423 5422
f 4470 4471 4476
f 4924 4925 4921
f 4920 4921 4927
f 4993 4986 4987
f 4887 4888 4913
f 3894 3893 4070
f 5472 5474 5585
f 3508 4135 4134
f 3603 3600 4096
f 3772 3773 3992
f 5712 5664 5671
f 3739 3718 4162
f 5683 5668 3515
f 5480 4465 4495
f 5698 5699 5493
f 3578 3538 3996
f 3645 3646 4154
f 5660 3904 3466
f 4135 9026 5710
f 5587 5591 4073
f 5687 5689 5693
f 3584 3583 4091
f 5585 5583 5584
f 4128 5414 5415
f 4257 4254 4338
f 4222 4231 4178
f 4366 4365 4191
f 5098 5099 5091
f 5761 5757 5737
f 5760 5737 5738
f 8852 8842 5934
f 8874 8877 8855
f 8895 8897 8855
f 5884 5882 8842
f 4557 4554 4582
f 8890 8923 8917
f 8918 8926 8930
f 8924 8926 8915
f 4182 4181 4330
f 3864 5708 5711
f 3574 3317 3230
f 3342 3954 3415
f 3488 3486 3549
f 4317 4316 3953
f 3672 3659 4152
f 5708 3864 3865
f 9021 3703 3685
f 3621 3618 3616
f 5728 4422 4419
f 4311 4027 4028
f 4131 3917 3543
f 4426 3496 3842
f 4518 3956 4168
f 5457 5465 5464
f 5425 3560 3558
f 5458 4439 4437
f 3416 3414 5465
f 5638 9028 5437
f 3985 3986 5636
f 5646 5635 5636
f 9023 9025 3554
f 5722 5510 5514
f 3256 3933 3934
f 4164 3761 5734
f 8885 8918 8920
f 3282 3932 3929
f 3292 4394 3320
f 3232 3229 3300
f 3303 3236 3271
f 3562 5431 5432
f 3392 3387 3388
f 3854 5922 5350
f 5463 5462 5459
f 5935 3474 3885
f 3879 3415 3954
f 3928 3372 3391
f 4137 5559 4458
f 5454 5455 3850
f 3548 3490 3549
f 4443 4500 5470
f 4452 4505 4506
f 4468 3414 3415
f 4443 4440 3876
f 3234 3235 4515
f 5434 3895 3896
f 5448 5440 5441
f 5447 5446 5443
f 4442 5470 5471
f 5550 4056 3275
f 5578 5573 4520
f 3464 5667 5666
f 4701 4627 4839
f 3259 5398 4041
f 4015 4012 3423
f 3558 3323 3982
f 4856 4894 4823
f 4741 4652 4653
f 3759 3745 4106
f 3560 3289 3290
f 9024 5424 3557
f 5438 3279 3280
f 3321 3283 3290
f 5557 5483 4072
f 5553 3369 3396
f 4045 4141 4174
f 4539 4845 4849
f 3536 3480 3503
f 5478 5573 5574
f 3800 3797 3510
f 4755 4883 4886
f 5561 4454 5527
f 5752 5731 5732
f 5752 5750 5756
f 3518 5492 5493
f 3767 3762 4107
f 3534 3603 4097
f 4395 3572 3826
f 3926 4052 3371
f 4446 4510 5610
f 4050 5444 3980
f 8887 8846 8843
f 5649 5639 5640
f 4643 4644 4761
f 3709 3787 3784
f 4778 4659 4660
f 5649 3302 4054
f 5646 3232 3301
f 3250 3251 3910
f 5884 5886 5757
f 5655 5656 5936
f 4224 4227 4226
f 4043 4044 3412
f 4286 4289 4288
f 4267 4311 4310
f 4493 4079 4080
f 3325 5432 3226
f 3925 3371 3372
f 4312 4315 4314
f 3996 3997 3540
f 8908 8911 8912
f 4023 4026 4025
f 3995 3890 3891
f 5482 5556 5559
f 4486 3420 3921
f 4300 4285 4302
f 5438 5642 5644
f 3233 3932 3282
f 3225 3228 3227
f 5446 4400 5445
f 5554 3396 3397
f 4834 4833 4830
f 4064 3349 3350
f 3596 3599 3598
f 5639 5649 5648
f 5434 5431 5654
f 4895 4896 4830
f 3674 3677 3676
f 3551 3979 3978
f 3835 3836 3305
f 3813 3810 3702
f 3691 3711 4160
f 4109 4100 4101
f 4565 4187 4188
f 3490 3548 3547
f 3672 3646 3647
f 8906 8907 8912
f 3810 3812 3811
f 4051 4052 4397
f 3566 3599 4090
f 5580 5475 5476
f 4456 4457 5537
f 5539 5536 5546
f 8844 5934 8729
f 8872 8873 8874
f 4383 4301 4198
f 4931 4926 4927
f 5529 5530 5397
f 5314 5321 5323
f 5347 5332 5323
f 4711 4709 4599
f 5387 5388 5389
f 5259 5290 5292
f 5195 4806 4803
f 5195 5104 4746
f 4639 4865 4866
f 4821 4818 4681
f 3421 4037 5399
f 4730 4863 4601
f 4807 4651 4811
f 4040 4037 3421
f 4844 4841 4800
f 3936 3933 3929
f 4894 4798 4817
f 5365 5370 5383
f 4657 4656 4661
f 5224 5206 4770
f 5368 5383 5382
f 5336 5349 5352
f 5353 5356 5386
f 4070 4455 4454
f 5396 5397 3327
f 5225 5226 5312
f 5384 5382 5386
f 5391 4694 4695
f 4407 4410 4409
f 4623 4620 4880
f 5356 5353 5352
f 4578 4584 4859
f 3239 3875 3217
f 3937 3218 3333
f 4578 4575 4534
f 5467 5471 4505
f 4836 4828 4826
f 4422 5728 5721
f 3392 3393 5556
f 5564 5531 5565
f 3807 3808 3663
f 5922 3854 4392
f 3680 3695 3692
f 3630 3633 3632
f 4416 4417 5725
f 4033 3305 3836
f 3238 3220 4168
f 3466 3904 3483
f 3678 3677 3650
f 3677 3674 3649
f 3340 3337 4431
f 3562 3561 5656
f 5658 5654 5938
f 3642 3643 3640
f 3306 3303 3334
f 3256 3253 3280
f 8910 8891 8892
f 5868 5900 5898
f 8924 8923 8922
f 8935 8930 8925
f 8882 8906 8913
f 8925 8930 8926
f 5852 5849 5905
f 5136 5128 5124
f 4243 4363 4260
f 5238 5227 5228
f 5642 5639 5643
f 3924 3925 3928
f 5412 3521 5700
f 3750 3752 3751
f 3746 3752 3770
f 3859 3798 3861
f 3972 3973 3493
f 5923 8860 8861
f 4945 4946 4958
f 3296 3293 3286
f 3824 5403 3907
f 3671 3629 4154
f 4137 3343 5481
f 3614 3654 3802
f 3283 3284 3559
f 4936 4935 4934
f 5511 5723 5726
f 4170 4169 3926
f 3572 4393 3830
f 3459 3447 3858
f 3496 4426 4425
f 3457 3950 3436
f 3984 3983 3986
f 3914 3389 3386
f 5512 5724 5723
f 4500 4443 4483
f 4501 4502 4471
f 4503 4506 4505
f 4143 4144 4461
f 3331 3329 3222
f 4016 4015 4018
f 3998 3775 3776
f 4114 3796 5710
f 4405 5678 4406
f 5602 5604 5720
f 4767 4803 4804
f 4929 4933 4954
f 4410 4407 5665
f 3888 5700 5632
f 4048 4049 3977
f 3947 3211 3212
f 5676 5677 3472
f 5782 5785 5784
f 4315 4312 4311
f 5699 5518 5521
f 5864 5785 5825
f 5826 5827 5822
f 5775 5776 5805
f 3236 3233 3270
f 5823 5868 5859
f 4957 4848 4895
f 8868 8864 8865
f 4281 4392 3848
f 4940 4943 4971
f 4013 4014 4029
f 3685 3703 3701
f 4339 4340 4377
f 8891 8870 8872
f 3753 3750 3755
f 4427 4168 3220
f 3809 3806 3779
f 3568 4416 4418
f 3880 3987 3918
f 3543 3843 3842
f 4646 4649 4648
f 4656 4657 4597
f 4781 4876 4820
f 4972 4975 4974
f 5101 5102 5109
f 5095 5096 5115
f 5090 5127 5132
f 5131 5132 5134
f 5134 5132 5127
f 5117 5139 5140
f 3539 3862 3863
f 4006 3791 3792
f 5128 5091 5099
f 5097 5088 5089
f 5274 5266 5271
f 4571 4572 4569
f 4225 4531 4238
f 5156 5155 5170
f 4538 4541 4540
f 4622 4691 4665
f 4981 5011 5004
f 5012 4974 4975
f 5148 5147 5149
f 5157 5142 5133
f 5161 5155 5145
f 4261 4532 4242
f 5294 5295 5291
f 4255 4256 4532
f 5274 5259 5250
f 4246 4529 4207
f 3314 3924 3927
f 4670 4673 4672
f 4995 4904 4673
f 4638 4710 4603
f 4341 4295 4525
f 5163 5166 5165
f 4834 4783 4784
f 4784 4820 4682
f 4844 4843 4687
f 5280 5276 5275
f 4217 4572 4564
f 4554 4557 4556
f 4551 4552 4556
f 4549 4546 4544
f 5141 5142 5173
f 4653 4654 4683
f 4973 4974 4989
f 4984 5005 5015
f 5177 5172 5170
f 5166 5167 5181
f 5141 5184 5139
f 5178 5174 5151
f 5244 5202 5203
f 5252 5244 5245
f 4479 4031 4079
f 4402 4405 4404
f 3500 4418 4419
f 5856 5851 5909
f 4488 3913 3348
f 8851 8853 5885
f 3607 3608 5701
f 3508 3505 3503
f 5847 5858 5896
f 4374 4373 4309
f 3380 4439 4438
f 9025 9024 3553
f 5718 5717 4131
f 3300 3229 3283
f 5551 3275 3276
f 5552 3276 3369
f 5555 3397 5483
f 5859 5898 5896
f 4133 3793 3794
f 3606 3653 3652
f 4900 4852 4766
f 4616 4790 4789
f 3738 4165 4164
f 4774 4771 4642
f 4399 4485 3402
f 5853 5796 5795
f 3936 4518 4427
f 3418 3419 4064
f 5510 3488 3840
f 3270 3282 3279
f 3274 3275 4056
f 4359 4356 4305
f 4135 3508 3504
f 3610 3611 3609
f 3837 3556 3557
f 5940 3971 4401
f 5853 5804 5803
f 5725 5513 5515
f 3246 5410 4117
f 5713 5712 5672
f 4918 4961 4916
f 4148 3995 3771
f 5106 5105 5113
f 4147 9022 5709
f 5152 5172 5177
f 9026 4135 4111
f 5104 5195 5103
f 3531 3528 3485
f 3713 3716 3715
f 3699 3715 3815
f 4467 3345 4459
f 4703 4899 4736
f 5405 3399 3846
f 3555 3552 3963
f 4120 4116 5411
f 4217 4219 4185
f 3279 5438 5441
f 4944 4945 4959
f 4353 4337 4344
f 3815 3715 3716
f 3374 3371 4052
f 4491 4492 4516
f 5865 5824 5833
f 5819 5814 5856
f 5807 5851 5856
f 3933 3256 3281
f 3208 3205 3920
f 8907 8906 8902
f 5288 5308 5295
f 3728 3725 3747
f 3309 4084 4083
f 5119 5116 5101
f 3811 3785 3789
f 3595 3863 3992
f 4106 4102 4100
f 5696 5575 5576
f 3708 3755 3750
f 3744 3760 4165
f 5905 5891 5892
f 3403 4036 4175
f 4133 3997 3506
f 4147 4145 3544
f 3561 3562 3325
f 3237 3240 3239
f 4877 4878 4793
f 3241 3244 3243
f 3597 3624 3625
f 3279 3282 3281
f 3371 3374 3373
f 3599 3566 3567
f 3975 3976 4032
f 3277 3249 3250
f 3774 3564 3565
f 3658 3673 3780
f 4961 4962 4963
f 3600 3615 3616
f 4228 4229 4202
f 4011 4008 4318
f 4307 4304 4262
f 4838 4800 4841
f 4782 4783 4773
f 4914 4956 4946
f 4839 4609 4765
f 4771 4896 4645
f 4962 4965 4964
f 4966 4959 4963
f 3601 3612 3615
f 5878 5875 5879
f 5890 5880 5881
f 3720 3786 4158
f 4755 4756 4689
f 3740 3717 3718
f 5695 5685 5686
f 5740 5743 5742
f 5733 5735 5736
f 5755 5756 5750
f 5745 5763 5762
f 5798 5801 5800
f 4706 4880 4879
f 5651 5652 5619
f 5850 5794 5797
f 5804 5807 5806
f 4087 5708 5707
f 5915 5913 5914
f 5703 3860 4167
f 5893 5894 5896
f 5892 5893 5919
f 5706 5671 5664
f 5786 5789 5788
f 3973 4131 3841
f 4831 4832 4915
f 5906 5892 8858
f 4965 4967 4969
f 4684 4685 4846
f 3589 3609 3611
f 3596 3625 4150
f 5877 5880 5763
f 4121 4124 4123
f 3469 3465 3868
f 3204 3205 3208
f 3716 3713 3726
f 5460 9027 5426
f 3465 3469 3470
f 5738 5735 3764
f 4887 4654 4655
f 4203 4206 4205
f 3959 5705 4082
f 5758 5757 5886
f 5781 5869 5872
f 4675 4762 4723
f 3757 4164 5751
f 3334 3271 3272
f 8880 5926 5903
f 5615 5676 3473
f 5759 5761 5760
f 8845 8846 8848
f 5778 5781 5780
f 8857 8856 8849
f 4132 3797 3798
f 5839 5838 5841
f 560 1899 3187
f 5747 5874 4007
f 5928 5930 8840
f 5766 5769 5768
f 4848 4957 4956
f 4953 4968 4967
f 4832 4897 4910
f 5879 5764 5888
f 3598 3567 3530
f 5747 5729 5730
f 5754 5764 5748
f 5810 5813 5812
f 5758 5755 5749
f 4315 4388 4387
f 5917 5915 5916
f 5913 5909 5910
f 5930 8731 8841
f 4951 4955 4968
f 3209 3210 3201
f 4059 5424 3246
f 8731 5934 8842
f 3776 3582 3585
f 5770 5773 5772
f 5891 5894 5893
f 9028 5638 5641
f 5814 5817 5816
f 5662 5675 5673
f 3522 3525 3524
f 5630 5631 5942
f 5791 5792 5795
f 5746 3753 3754
f 5928 5929 5931
f 5743 5760 5739
f 5876 5874 5875
f 3678 8937 9021
f 4200 4208 4207
f 4114 3546 3916
f 3601 3602 3605
f 3818 3724 3712
f 3315 3318 3317
f 5899 5900 5902
f 8840 8841 5883
f 5562 4458 5559
f 4416 3568 3448
f 3189 3192 3191
f 4751 4890 4747
f 4181 4182 4180
f 3832 3942 5454
f 3362 3527 3526
f 5678 4405 5699
f 3497 3500 3499
f 448 1980 807
f 647 648 122
f 5690 3472 5677
f 4183 4186 4185
f 1833 1848 1780
f 5920 5895 5897
f 510 509 508
f 4401 3967 5944
f 5656 5397 5530
f 3970 3971 5940
f 5653 5658 5939
f 5450 5653 5946
f 3384 5633 5945
f 4403 4404 4299
f 5944 3967 3968
f 3963 5427 5951
f 5614 3473 3474
f 5427 3838 3857
f 3210 1949 1887
f 1887 15 3200
f 15 16 3197
f 16 3188 3195
f 3195 3188 3187
f 3194 3187 1899
f 3207 1899 375
f 387 173 126
f 3189 1791 1760
f 9029 763 757
f 763 9029 2172
f 9035 9034 9032
f 9033 9032 9031
f 9046 9049 9048
f 8751 9053 9054
f 9078 9076 9077
f 9083 9087 9051
f 9088 9089 9047
f 9099 9036 9040
f 9102 9034 9036
f 9105 9031 9032
f 9105 2176 9106
f 1801 1864 9108
f 9103 9032 9034
f 9096 9090 9047
f 1767 1768 9111
f 1597 9115 9113
f 1708 1707 9117
f 9123 9120 9119
f 9118 9119 9125
f 1588 1708 9116
f 2080 9123 9118
f 2082 9118 9124
f 9126 9129 9087
f 9129 9130 9088
f 5512 3492 5943
f 5634 3383 5488
f 5724 5512 5947
f 9134 9099 9097
f 9144 9103 9102
f 9133 9097 9096
f 786 9146 9144
f 9146 9105 9103
f 785 9144 9138
f 497 9138 9134
f 650 9134 9133
f 9148 564 9133
f 8756 9058 9057
f 9154 9151 9130
f 9151 9150 9131
f 9097 9040 9090
f 1799 9109 9111
f 5949 3968 3964
f 9160 9156 8809
f 8813 9162 9160
f 9166 463 564
f 9067 9058 9054
f 9162 9166 9148
f 9087 9088 9048
f 9081 9078 9079
f 9049 9052 9051
f 9082 9168 9167
f 9079 9077 9049
f 9169 9168 9175
f 9167 9115 9112
f 9168 9169 9177
f 9120 9117 9113
f 9120 9177 9169
f 9119 9169 9170
f 9179 9180 9125
f 9180 1576 9124
f 9178 9179 9170
f 1576 2101 2084
f 9179 9178 9183
f 3203 376 1387
f 3190 1387 1791
f 5618 2152 1949
f 317 240 259
f 2000 2176 9105
f 9053 9051 9052
f 9041 9040 9036
f 9029 758 756
f 9037 9036 9034
f 9130 9131 9089
f 3204 375 376
f 1801 9107 9109
f 9181 9187 9180
f 1575 9187 9190
f 9187 1575 1576
f 1776 1795 1796
f 1293 1294 1290
f 1326 14 1327
f 1294 1245 1234
f 878 1244 1330
f 5633 3401 5490
f 5933 3359 3360
f 5613 5634 5948
f 5604 5605 3844
f 3972 3494 5950
f 3494 3495 4322
f 4406 5676 5615
f 3492 3489 4292
f 5631 5503 5495
f 497 373 374
f 122 648 413
f 5624 5489 3398
f 9151 9154 9156
f 9058 8756 8752
f 9160 9162 9150
f 8815 9166 9162
f 9156 9126 8794
f 439 398 399
f 1512 1528 1526
f 1668 1741 1738
f 839 849 1362
f 1362 1357 826
f 3425 3417 3418
f 4905 5207 5243
f 4621 4622 4662
f 5582 5579 5574
f 4754 4757 4756
f 3902 3899 4021
f 9295 740 1896
f 2053 2054 2118
f 9340 9339 2120
f 696 697 9268
f 4922 4938 4939
f 4365 4366 4186
f 5105 5106 4862
f 5228 5227 5226
f 4781 4782 4877
f 5218 5227 5238
f 4990 4993 4992
f 4335 4337 4336
f 4993 4990 4972
f 4794 4793 4792
f 5886 5884 8852
f 5405 3892 5417
f 4669 4752 4764
f 4676 4697 4698
f 1826 1878 639
f 9192 9191 9181
f 5232 5228 5233
f 5418 4121 4122
f 956 885 886
f 5720 3844 3512
f 4728 4731 4730
f 8879 8866 8863
f 1980 806 1922
f 4969 4970 4966
f 33 34 105
f 9028 3253 3254
f 3837 3558 3839
f 4382 4300 4301
f 3908 3905 4122
f 4290 4295 4294
f 4400 3834 4055
f 3219 3222 3221
f 8894 8895 8877
f 4640 4736 4735
f 4389 4366 4216
f 3267 4479 4493
f 3268 3265 4463
f 5097 5111 5098
f 5094 5097 5096
f 5654 5655 5937
f 4089 5704 3960
f 5159 5163 5162
f 5202 5244 5249
f 5412 5415 5414
f 5715 3515 3516
f 5723 4426 4423
f 4263 4264 4323
f 3994 3529 3564
f 1343 1344 9308
f 3470 3514 5667
f 5659 5661 5671
f 3319 3828 4053
f 9359 2127 2128
f 1766 1581 1582
f 14 1326 2163
f 595 98 99
f 5703 3771 3772
f 5206 5224 5229
f 3437 3446 3458
f 5516 4084 3487
f 5122 5086 5087
f 3223 3297 3934
f 3979 9023 5402
f 3828 3319 3320
f 5663 3441 4081
f 4035 4489 4490
f 4426 5723 5724
f 3881 4452 4447
f 5407 5408 4118
f 5691 5688 5689
f 5661 5673 5672
f 5911 5918 8901
f 3902 4022 3871
f 5541 5538 5539
f 4069 4454 5561
f 3248 4394 3292
f 1346 1035 1044
f 748 1888 1425
f 3297 3228 3255
f 5445 4400 4056
f 5783 5784 5830
f 4310 4028 4376
f 5857 5854 5800
f 3882 5467 4452
f 3193 3208 3919
f 3190 3191 3206
f 4266 4269 4268
f 4488 3419 3420
f 3331 3939 3940
f 4282 4285 4284
f 4606 4608 4607
f 4628 4629 4708
f 4659 4732 4733
f 4615 4750 4829
f 4718 4714 4713
f 5722 4424 4421
f 3307 3462 3461
f 4686 4688 4634
f 3966 3548 3550
f 4738 4739 4875
f 3416 4429 3237
f 4527 4528 4208
f 5093 5121 5114
f 5124 5099 5086
f 5117 5118 5138
f 4631 4641 4640
f 5166 5163 5168
f 5185 5188 5187
f 5194 5190 5191
f 3245 4117 4118
f 5214 5215 5203
f 3230 3317 3318
f 5237 5234 5217
f 5250 5259 5258
f 5113 5112 5084
f 5270 5267 5269
f 4906 5125 5107
f 5271 5266 5267
f 5276 5277 5262
f 5153 5151 5174
f 5290 5270 5268
f 5306 5299 5303
f 5147 5148 5146
f 4585 4849 4856
f 3226 5435 5436
f 4473 4503 4504
f 5765 5756 8897
f 4529 4246 4247
f 8923 8924 8916
f 5713 5681 5682
f 3315 3897 3898
f 5564 5536 5537
f 4468 4440 4441
f 3738 3739 4163
f 4577 4859 4559
f 5567 3527 3366
f 3587 3584 4150
f 5471 5468 4504
f 5860 5769 5816
f 3516 3513 5558
f 5436 3985 5637
f 5050 5053 5083
f 5547 5565 3338
f 9023 3979 3295
f 5708 4087 4132
f 4104 3816 3814
f 3718 3719 4161
f 5498 5491 5679
f 3884 4431 4432
f 3955 4512 3877
f 4049 4062 4061
f 8892 8872 8875
f 4572 4217 4218
f 4440 4443 4442
f 4497 4511 3407
f 8906 8882 8881
f 5664 5712 5670
f 3751 4105 3706
f 3511 3735 3736
f 5129 5130 5116
f 5086 5099 5098
f 5135 5127 5128
f 5143 5146 5145
f 5168 5158 5136
f 5297 5241 5246
f 5164 5161 5160
f 5155 5161 5171
f 5137 5179 5167
f 5293 5308 5307
f 5513 3570 4083
f 4053 3828 3825
f 3228 3297 3298
f 3631 3632 3635
f 5689 5669 5670
f 5759 5762 5883
f 3793 4133 3507
f 4906 4908 4891
f 4719 4858 4901
f 3597 3598 4095
f 3352 4126 4125
f 9064 9057 9058
f 9076 9064 9067
f 9083 8766 8794
f 9131 9132 9096
f 9138 9102 9099
f 9154 9129 9126
f 9077 9067 9052
f 9053 8751 8766
f 9191 9190 9187
f 9082 9079 9046
f 9193 9175 9168
f 1284 1290 1288
f 9150 9148 9132
f 3841 3842 3496
f 3570 3569 3336
f 4027 4311 4312
f 4889 4876 4781
f 4041 4045 4044
f 4885 4884 4813
f 5419 4122 3905
f 4367 4368 4227
f 1778 1781 1780
f 1792 1759 1584
f 4308 4017 3869
f 4594 4723 4762
f 4767 4770 4769
f 5461 3365 3366
f 4763 4704 4716
f 4919 4918 4915
f 4300 4382 4334
f 5196 5199 5198
f 5158 5148 5135
f 5431 5434 5433
f 4545 4567 4571
f 4557 4558 4594
f 695 570 571
f 4156 4155 3626
f 4861 4673 4670
f 5681 5675 5674
f 5473 5475 5580
f 3622 3656 4152
f 5647 3573 3574
f 3674 3663 3808
f 4420 4145 3498
f 5675 5662 5666
f 3253 9028 5439
f 5870 5866 5917
f 8887 8920 8919
f 5862 5856 5913
f 3534 3593 3485
f 3313 4486 4484
f 9090 9193 9046
f 4871 4759 4695
f 3778 3777 3822
f 4889 4748 4874
f 4000 3783 3784
f 4897 4898 4911
f 3856 3857 3838
f 4772 4830 4896
f 4015 4016 4376
f 3433 3461 3476
f 4053 4054 3302
f 3367 5567 3363
f 3242 3829 3831
f 3441 3442 4082
f 4735 4736 4855
f 4756 4757 4737
f 3382 3385 3384
f 3698 3699 3697
f 4676 4679 4678
f 4948 4943 4941
f 4890 5394 4805
f 4757 4744 4745
f 4581 4221 4380
f 5716 3516 5932
f 4923 4920 4926
f 5077 5079 5081
f 5078 5082 5058
f 4009 5401 5400
f 5081 5082 5078
f 3930 3931 4513
f 4014 4376 4028
f 4025 4026 4020
f 3618 4093 4096
f 4581 4575 4576
f 4219 4217 4188
f 5440 5442 3335
f 5449 3982 3323
f 4229 4181 4177
f 4590 4213 4214
f 4227 4183 4184
f 4574 4901 4858
f 4565 4566 5453
f 4592 4555 4588
f 4590 4587 4573
f 3517 3518 5521
f 3845 5428 3522
f 4444 3340 3884
f 3982 5449 5533
f 4465 4466 4497
f 4520 4522 4521
f 4076 4073 5591
f 3635 3667 3666
f 3343 3344 4498
f 4022 4019 3870
f 3661 3607 4098
f 5691 5690 5697
f 3768 3766 5742
f 4514 3955 3956
f 3697 3815 3814
f 4394 3248 5460
f 4054 4053 4057
f 3284 3318 3323
f 4052 3926 4169
f 4447 4506 4510
f 4456 4460 3346
f 4483 3876 3877
f 4482 3877 4512
f 4492 4512 4513
f 5642 5438 5439
f 5448 5447 5442
f 5466 4441 3882
f 3340 4444 4445
f 8908 8909 8910
f 4397 4169 3835
f 5413 3520 3521
f 3234 3931 3932
f 5753 5765 8895
f 8896 8897 5756
f 8921 8922 8889
f 8915 8912 8911
f 3933 3936 3935
f 3620 3804 3657
f 3966 3969 3968
f 4905 4789 4769
f 3225 5436 5437
f 5433 3896 3984
f 5714 5686 5693
f 5435 3984 3985
f 3954 3956 3955
f 4713 4712 4632
f 4879 4635 4632
f 3983 3984 3896
f 9027 5460 3248
f 5871 5870 5912
f 5849 5846 5891
f 4702 4703 4640
f 4213 4590 4579
f 3644 3645 3688
f 9193 9090 9040
f 8920 8930 8935
f 5406 3846 4130
f 4140 5400 5401
f 5659 3903 3904
f 4772 4773 4783
f 4244 4247 4246
f 4061 5399 4037
f 3669 3804 3803
f 3459 3460 3209
f 4072 5483 5484
f 4835 4833 4834
f 5660 5662 5661
f 4262 4265 4264
f 3633 3630 3627
f 3685 3643 3676
f 4517 4515 3235
f 4145 4420 4085
f 5455 4438 5459
f 5638 5635 5640
f 3228 3225 3254
f 4044 4174 3411
f 3614 3615 3612
f 3273 3276 3275
f 4952 4962 4961
f 4959 4958 4960
f 4888 4655 4761
f 4254 4257 4256
f 4199 4202 4201
f 4499 4464 4465
f 5479 4495 4496
f 5952 5953 5954
f 5956 5957 5958
f 5959 5958 5960
f 5962 5963 5964
f 5966 5967 5968
f 5967 5970 5971
f 5963 5962 5961
f 5972 5965 5964
f 5974 5975 5976
f 5978 5979 5980
f 5982 5983 5984
f 5986 5987 5985
f 5988 5989 5990
f 5992 5993 5994
f 5996 5997 5998
f 6000 6001 6002
f 6004 6005 6006
f 6008 6009 6010
f 6012 6013 6014
f 6016 6017 6018
f 6020 6021 6022
f 6024 6025 6026
f 6028 6029 6030
f 6032 6033 6034
f 6036 6037 6038
f 6040 6041 6013
f 6042 6043 6044
f 5992 6046 6047
f 6048 6049 6050
f 6052 6053 6054
f 6056 6057 6058
f 6060 6061 5987
f 6062 6063 6064
f 6066 6067 6068
f 6070 6071 6027
f 6072 6073 6057
f 6075 6076 6077
f 6078 6079 6080
f 6082 6083 6054
f 6085 6078 6081
f 6087 6061 5990
f 6061 6087 6089
f 6089 6090 6091
f 6092 6091 6093
f 6095 5978 5981
f 6062 6082 6084
f 6097 6098 6035
f 6056 6049 6099
f 6100 6101 6102
f 6001 6000 6104
f 6107 6108 6109
f 6110 6111 6112
f 6114 6026 6025
f 6116 6117 6118
f 6120 6121 6122
f 6124 6125 6126
f 6128 6129 6101
f 6039 6130 6131
f 6132 6133 6134
f 6136 6137 6138
f 6139 6140 6141
f 6143 6144 6145
f 6148 6149 6150
f 6152 6153 6154
f 6155 6156 6157
f 6159 6160 6161
f 6163 6164 6165
f 6167 6168 6169
f 6171 6172 6173
f 6175 6176 6104
f 6178 6179 6180
f 6023 6182 6183
f 6184 6185 6186
f 6117 6116 6188
f 6190 6191 6192
f 6194 6070 6026
f 6195 6196 6191
f 6197 6198 6199
f 6201 6202 6203
f 6205 6206 6207
f 6209 6210 6201
f 6197 6200 6211
f 6212 6211 6213
f 5979 6215 6214
f 6203 6216 6217
f 6206 6199 6198
f 6218 5961 5962
f 5965 6220 6219
f 5972 3355 3354
f 6070 6194 6222
f 6224 6225 6226
f 6228 6229 6230
f 6232 6233 6234
f 6196 6195 6236
f 6071 6070 6223
f 6239 6240 6241
f 6243 6244 6245
f 6247 6073 6248
f 6250 6251 6252
f 6254 6255 6256
f 6258 6259 6260
f 6229 6262 6263
f 6264 6265 6242
f 6266 6267 6268
f 6270 6271 6272
f 6274 6275 6276
f 6195 6278 6279
f 6280 6278 6281
f 6283 6284 6285
f 6123 6122 6287
f 6289 6290 6291
f 6293 6294 6243
f 6240 6296 6297
f 6298 6299 6267
f 6300 6301 6302
f 6304 6305 6306
f 6251 6250 6308
f 6247 6310 6311
f 6313 6314 6315
f 6314 6313 6317
f 6319 6086 6320
f 6322 6087 6088
f 6216 6324 6258
f 6325 6326 6327
f 6217 6258 6261
f 6330 6071 6238
f 6071 6330 6048
f 6015 6332 6333
f 6079 6334 6335
f 6336 6294 6240
f 6294 6293 6296
f 6337 6338 6339
f 6341 6342 6343
f 6345 6346 6347
f 6266 6264 6349
f 6350 6351 6352
f 6295 6243 6246
f 6303 6355 6356
f 6357 6358 6359
f 6361 6362 6363
f 6365 6350 6353
f 6367 6368 6369
f 6371 6367 6370
f 6372 6373 6374
f 6375 6374 6373
f 6376 6377 6378
f 6379 6380 6381
f 6383 6384 6385
f 6387 6388 6389
f 6391 6392 6393
f 6395 6396 6397
f 6398 6399 6400
f 6399 6401 6402
f 6403 6402 6401
f 6405 6406 6407
f 6409 6410 6411
f 6367 6371 6413
f 6374 6375 6415
f 6417 6418 6384
f 6419 6420 6348
f 6421 6422 6423
f 6425 6426 6400
f 6426 6427 6395
f 6393 6396 6428
f 6429 6430 6394
f 6390 6389 6431
f 6433 6434 6408
f 6435 6436 6437
f 6439 6440 6411
f 6392 6391 6441
f 6397 6392 6442
f 6401 6399 6444
f 6446 6447 6437
f 6448 6449 6450
f 6452 6453 6454
f 6442 6441 6456
f 6443 6442 6457
f 6444 6459 6460
f 6445 6444 6461
f 6463 6464 6462
f 6446 6445 6462
f 6466 6467 6468
f 6448 6451 6470
f 6453 6452 6472
f 6474 6475 6476
f 6478 6479 6480
f 6482 6483 6484
f 6486 6487 6488
f 6490 6491 6492
f 6493 6492 6494
f 6496 6497 6498
f 6500 6501 6502
f 6504 6505 6506
f 6508 6468 6509
f 6511 6512 6513
f 6499 6514 6515
f 6516 6517 6518
f 6520 6521 6522
f 6524 6507 6525
f 6507 6524 6527
f 6504 6527 6528
f 6528 6511 6508
f 6529 6530 6531
f 6342 6533 6534
f 6535 6347 6346
f 6347 6535 6537
f 6434 6538 6539
f 6539 6540 6405
f 6541 6542 6451
f 6543 6544 6470
f 6546 6478 6481
f 6499 6498 6548
f 6549 6550 6514
f 6551 6552 6553
f 6555 6556 6557
f 6403 6436 6423
f 6426 6425 6413
f 6415 6560 6428
f 6430 6429 6561
f 6434 6433 6420
f 6563 6564 6565
f 6404 6401 6445
f 6459 6444 6399
f 6455 6454 6388
f 6405 6450 6449
f 6540 6541 6450
f 6567 6495 6568
f 6570 6464 6463
f 6475 6474 6490
f 6458 6457 6571
f 6573 6571 6574
f 6576 6577 6578
f 6193 6192 6580
f 6582 6583 6584
f 6583 6582 6586
f 6588 6589 6587
f 6590 6069 6068
f 6592 6593 6594
f 6251 6310 6595
f 6304 6596 6597
f 6272 3735 6599
f 3737 3736 6558
f 6600 6161 6160
f 6123 6602 6603
f 6604 6605 6606
f 6608 6205 6208
f 5972 6221 6220
f 6610 6611 6612
f 6613 6614 6615
f 6242 6617 6618
f 6226 6619 6245
f 6620 6621 6622
f 6624 6143 6146
f 6626 6213 6211
f 6627 6628 6629
f 6631 6632 6633
f 6235 6635 6636
f 6637 6638 6639
f 6641 6625 6286
f 6643 6644 6645
f 6647 6648 6649
f 6244 6243 6294
f 6336 6651 6652
f 6194 6196 6237
f 6196 6194 6114
f 6115 6192 6191
f 6653 6654 6655
f 6657 6117 6189
f 6117 6657 6659
f 6130 6157 6156
f 6133 6152 6151
f 6661 6111 6662
f 6663 6613 6616
f 6664 6270 6273
f 6418 6417 6432
f 6290 6325 6328
f 6666 6557 6556
f 6557 6666 3805
f 5971 6667 6668
f 6181 6669 6670
f 6671 6672 6673
f 6676 6673 6672
f 6675 6150 6149
f 6067 6066 5999
f 6677 6678 6679
f 6681 6682 6683
f 6087 6322 6090
f 5983 5982 6685
f 5982 6094 6687
f 6094 6093 6688
f 6211 6200 6137
f 6689 6690 6691
f 6690 6689 3833
f 6001 5983 6686
f 5978 6693 6215
f 6694 6693 5978
f 5974 6694 6095
f 6183 6182 6696
f 6698 5959 5961
f 5959 6698 6699
f 6697 6696 6700
f 6702 6629 6703
f 5968 6668 6705
f 6706 5977 5955
f 6707 6618 6617
f 6024 6051 6709
f 6402 6403 6559
f 3852 6711 6712
f 3856 6594 6593
f 5977 6706 6694
f 6713 5955 5977
f 6714 6715 6716
f 6718 6719 6308
f 6720 6255 6254
f 6722 6723 6724
f 6312 6311 6726
f 6069 6590 6728
f 6319 6594 6730
f 6731 6645 6644
f 6732 6733 6734
f 6046 6053 6320
f 3880 3805 6666
f 6736 6737 6738
f 6531 6740 6741
f 6300 6356 6614
f 6742 6532 6325
f 6743 6742 3891
f 6744 6302 6301
f 6746 6747 6534
f 6536 6576 6579
f 6535 6579 6563
f 6566 6538 6537
f 6538 6566 6409
f 6412 6540 6539
f 6412 6748 6541
f 6748 6749 6542
f 6749 6569 6545
f 6568 6750 6547
f 6751 6752 6548
f 6753 6754 6550
f 6755 6756 6757
f 6759 6760 6761
f 6763 6764 6765
f 6764 6620 6623
f 6766 6767 6768
f 6770 6771 6772
f 6774 6775 6776
f 6021 6774 6777
f 6723 6778 6779
f 6780 6781 6782
f 6784 6785 6786
f 6788 6789 6790
f 6185 6792 6793
f 6794 6722 6725
f 6729 6796 6098
f 6135 6797 6798
f 6799 6062 6065
f 6037 6801 6802
f 6005 6004 6588
f 6005 6803 6804
f 6052 6055 6010
f 6586 6582 6803
f 6092 5985 5987
f 6094 5982 5985
f 6096 6806 6695
f 6082 6062 6799
f 6657 6013 6041
f 6013 6657 6658
f 6795 6725 6807
f 6809 6810 6811
f 6813 6814 6815
f 6817 6818 6819
f 6821 6822 6823
f 6329 6209 6204
f 6202 6825 6826
f 6072 6099 6827
f 6598 6829 6305
f 6301 6300 6613
f 6830 6831 6271
f 6822 6779 6778
f 6326 6741 6832
f 6203 6826 6833
f 6027 6048 6051
f 6360 6834 6835
f 6836 6837 6838
f 6837 6840 6841
f 6362 6365 6366
f 6380 6385 6384
f 6421 6564 6578
f 6566 6565 6410
f 6394 6389 6388
f 6414 6422 6368
f 6371 6374 6416
f 6561 6560 6378
f 6382 6381 6562
f 6381 6384 6418
f 6389 6394 6430
f 6391 6388 6454
f 6441 6454 6453
f 6456 6453 6473
f 6495 6494 6750
f 6843 6575 6485
f 6844 6845 6843
f 6573 6845 6847
f 6849 6491 6487
f 6513 6753 6752
f 6517 6521 6850
f 6521 6520 6851
f 6844 6851 6852
f 6505 6504 6510
f 6753 6513 6512
f 6516 6522 6521
f 6614 6740 6854
f 6742 6262 4003
f 6708 6617 6855
f 6307 6306 6857
f 6307 6664 6665
f 6414 6413 6425
f 6416 6415 6427
f 6562 6418 6431
f 6419 6537 6538
f 6358 6836 6839
f 6059 6058 6859
f 6861 6862 6863
f 6865 6866 6867
f 6115 6025 6869
f 6871 6872 6873
f 6721 6254 6596
f 6876 6610 6556
f 6877 6663 6552
f 6551 6878 6268
f 6879 6855 6265
f 6239 6618 6651
f 6230 6263 6619
f 6171 6670 6669
f 6106 6109 6882
f 6883 6884 6822
f 6759 6184 6187
f 6725 6724 6785
f 6885 6795 6808
f 6886 6887 6888
f 6701 6700 6756
f 6884 6786 6779
f 6715 6714 6309
f 6889 6259 6890
f 6743 3890 4042
f 6270 6664 6893
f 6386 6894 6895
f 6895 6348 6420
f 6897 6432 6417
f 6897 6433 6407
f 6390 6898 6899
f 6900 6899 6406
f 6455 6900 6901
f 6902 6903 6904
f 6482 6903 6905
f 6501 6906 6907
f 6496 6515 6908
f 6532 6531 6326
f 6532 6742 6743
f 6612 6910 6735
f 6611 6911 6910
f 6626 5980 5979
f 6704 6912 6105
f 6913 6590 6591
f 6915 6794 6795
f 6229 6228 4067
f 6263 6290 6289
f 6745 6301 6663
f 6916 6771 6757
f 6885 6918 6165
f 6920 6780 6783
f 6921 6922 6923
f 6925 6921 6924
f 6927 6928 6929
f 6931 6932 6933
f 6935 6936 6937
f 6939 6940 6941
f 6943 6944 6945
f 6947 6948 6949
f 6944 6943 6951
f 6953 6954 6955
f 6957 6958 6959
f 6961 6962 6929
f 6964 6965 6966
f 6968 6969 6970
f 6969 6948 6955
f 6972 6943 6946
f 6974 6975 6976
f 6978 6979 6980
f 6940 6939 6982
f 6984 6985 6986
f 6988 6989 6990
f 6992 6990 6989
f 6994 6995 6996
f 6998 6999 7000
f 7002 7003 7004
f 7006 7007 7008
f 7010 7011 7012
f 7014 7015 7016
f 7018 7019 6999
f 7020 7021 7022
f 7024 7025 7026
f 7028 7029 7030
f 7032 7033 7034
f 7003 7002 7036
f 7038 7039 7040
f 6993 6989 7030
f 7042 7043 7044
f 7046 7047 7007
f 7011 7010 7048
f 7050 7051 7052
f 7054 7015 7014
f 7015 7054 7056
f 6621 6620 7045
f 7049 7048 6775
f 7051 7050 6021
f 7055 6697 6701
f 7054 6701 6755
f 6764 6763 7047
f 7020 7058 7059
f 7060 7061 7062
f 6958 7064 7065
f 6925 7066 7067
f 7068 6931 6934
f 7069 6988 6991
f 7071 6995 7072
f 7074 7075 7076
f 7078 7079 7080
f 7014 7017 7082
f 7084 7085 7086
f 7025 7028 7031
f 7085 7084 7072
f 7089 7084 7087
f 7055 7014 7083
f 7090 7087 6770
f 7092 7093 7094
f 7091 6183 6697
f 6770 7087 7086
f 7095 7094 6767
f 7096 7061 6980
f 7098 6941 6940
f 7058 7020 7023
f 7101 6927 6930
f 6974 7060 7063
f 7103 6968 6971
f 7105 6978 6981
f 7106 7107 7036
f 7109 7048 7010
f 7111 7019 7018
f 7098 7003 7037
f 7048 7109 7112
f 7113 6993 7041
f 6994 7114 7115
f 6965 7116 6923
f 6975 6922 6945
f 7061 7096 7065
f 6954 6953 6933
f 6763 7112 7109
f 7046 7045 6620
f 6947 7117 7067
f 6758 7086 7056
f 7118 7119 7039
f 7038 7069 7070
f 7106 7120 7121
f 7123 7124 7053
f 7123 7052 7083
f 7045 7046 7006
f 7107 7106 7122
f 7091 7083 7052
f 7091 7051 6020
f 6936 7096 7097
f 7125 6957 6960
f 6774 6021 7050
f 7119 6939 6942
f 7019 7002 7005
f 7011 7053 7124
f 7021 7126 7040
f 7114 7029 7016
f 7053 7011 7049
f 7086 7085 7057
f 6993 7113 7127
f 7075 7127 7113
f 4281 4280 6603
f 6012 6333 7129
f 7130 6083 6584
f 6797 7132 7133
f 6074 7134 7135
f 6789 6760 6173
f 6760 6789 6776
f 7136 6802 6801
f 6914 6671 6674
f 7007 7110 7059
f 7099 7004 7003
f 6984 7103 7104
f 7110 7007 7047
f 6333 6583 6587
f 5956 6699 6667
f 5957 5956 5971
f 7137 6715 6308
f 4292 4293 6718
f 6693 6705 6668
f 6215 6668 6667
f 6214 6667 6699
f 6698 6197 6212
f 6219 6207 6198
f 6207 6219 6220
f 6220 6221 6609
f 6262 6229 4066
f 7138 7139 7140
f 4298 7142 7140
f 7143 7144 7145
f 7147 7148 7144
f 7149 7150 7151
f 7150 7152 7153
f 6329 6261 7154
f 6261 6260 7155
f 7156 6829 7157
f 6598 6597 7159
f 6257 6256 7161
f 6256 4322 4321
f 6693 6694 6706
f 5954 5969 6705
f 5953 5966 5969
f 7163 5984 5983
f 7164 7165 6138
f 7167 7168 7169
f 6141 7171 7172
f 7166 7171 7173
f 6141 6140 7174
f 7176 7177 7178
f 7180 7181 7182
f 7184 7185 7186
f 6631 7180 7183
f 6218 6198 6197
f 6625 6641 7189
f 6814 6813 7190
f 6882 7192 7193
f 7195 7196 6109
f 6888 7197 7198
f 7200 7201 7202
f 7176 6627 6630
f 6029 7184 7187
f 7205 7206 7207
f 7209 7210 7211
f 7203 7202 7213
f 6886 7215 6778
f 6031 6030 7215
f 7216 7217 7218
f 7220 7221 6880
f 6076 6075 7220
f 6074 6077 6672
f 6147 6150 6662
f 7223 6662 6111
f 6810 6809 6113
f 6920 7134 6914
f 6077 6660 6675
f 6660 6077 6076
f 7222 7220 6669
f 7224 7222 6181
f 6660 6662 6150
f 7225 7226 6794
f 6783 6782 7225
f 6781 6780 6068
f 7217 7227 7228
f 6031 6888 7199
f 6887 6886 6723
f 6164 7225 6915
f 6780 6920 6591
f 7134 6074 6671
f 7229 7230 6824
f 7187 7186 7230
f 7226 6887 6722
f 7231 7232 6169
f 7201 7231 7233
f 6107 7234 7235
f 7215 7229 6823
f 6030 7187 7229
f 7236 7216 7219
f 7237 7238 6820
f 7237 7208 7207
f 7239 7240 7241
f 6739 7243 7244
f 7245 7239 7242
f 7233 6169 6168
f 7247 7213 7202
f 7195 6108 7203
f 7248 7249 7250
f 7227 7251 7252
f 7253 6067 5998
f 6067 7253 7198
f 6781 7198 7197
f 5984 7163 6683
f 7254 7250 6678
f 6679 7249 7252
f 6887 7226 7197
f 6782 7197 7226
f 7135 6919 6163
f 7221 7220 6075
f 6661 6076 7222
f 7224 6112 6111
f 6180 6810 6112
f 6179 6811 6810
f 6811 6179 6793
f 6650 6792 6622
f 6766 6621 7044
f 7095 7044 7043
f 7092 7043 7121
f 7078 7120 7255
f 7256 7232 7257
f 6768 6772 7259
f 6773 6767 7094
f 7090 7094 7093
f 7089 7093 7080
f 7071 7079 7032
f 7077 7018 6998
f 6995 7071 7260
f 7077 7076 7261
f 7035 7034 7018
f 7108 7019 7111
f 6978 7105 7262
f 7105 7263 7264
f 7263 6944 6952
f 6990 6992 6951
f 6972 7117 7266
f 7117 6947 6950
f 6948 6969 7267
f 6969 6968 6982
f 7103 6984 6987
f 7005 7004 6986
f 6999 7005 7268
f 7269 7270 7271
f 7274 7272 7275
f 7274 7273 7276
f 7278 7279 7280
f 7282 7283 7284
f 7286 7287 7288
f 7290 7291 7292
f 7294 7295 7296
f 7068 7297 7298
f 7300 7301 7302
f 7304 6962 7305
f 7307 7285 7305
f 7309 7284 7283
f 7311 7312 7313
f 7125 7304 7306
f 7285 7307 7280
f 7277 7281 7303
f 6965 6964 7316
f 7318 7312 7316
f 7320 7321 7271
f 7312 7318 7296
f 7270 7269 7298
f 7311 7270 7322
f 6961 6932 7300
f 7323 7324 7325
f 7327 7064 7328
f 7064 6958 7325
f 7287 7330 7292
f 6931 7068 7299
f 7331 7327 7329
f 7332 7333 7334
f 7336 7337 7338
f 7340 7341 7333
f 7342 7341 7343
f 7345 7346 7347
f 7348 7349 7350
f 7352 7353 7354
f 7356 7357 7358
f 7360 7361 7362
f 7365 7366 7367
f 7368 7369 7370
f 7372 7373 7336
f 7373 7375 7337
f 7367 7366 7376
f 7378 7379 7380
f 7382 7383 7384
f 7386 7387 7385
f 7388 7389 7390
f 7392 7334 7333
f 7394 7395 7396
f 7398 7399 7400
f 7402 7403 7404
f 7406 7407 7408
f 7410 7411 7383
f 7412 7413 7414
f 7385 7416 7417
f 7389 7418 7419
f 7373 7420 7421
f 7420 7373 7372
f 7369 7423 7424
f 7399 7398 7397
f 7393 7333 7341
f 7398 7358 7357
f 7358 7398 7401
f 7428 7429 7430
f 7433 7434 7435
f 7363 7362 7436
f 7383 7438 7439
f 7411 7440 7438
f 7441 7442 7443
f 7445 7446 7339
f 7374 7336 7339
f 7444 7365 7364
f 7448 7364 7450
f 7364 7367 7451
f 7451 7367 7377
f 7449 7450 7454
f 7455 7454 7450
f 7456 7455 7451
f 7410 7457 7458
f 7460 7461 7462
f 7423 7369 7462
f 7464 7465 7466
f 7468 7469 7347
f 7376 7366 7471
f 7425 7397 7396
f 7475 7476 7477
f 7478 7479 7480
f 7482 7483 7407
f 7484 7485 7351
f 7487 7405 7488
f 7490 7491 7492
f 7412 7415 7434
f 7494 7495 7434
f 7496 7388 7391
f 7440 7411 7498
f 7401 7400 7488
f 7485 7346 7345
f 7500 7502 7427
f 7395 7394 7469
f 7503 7504 7505
f 7507 7508 7509
f 7511 7512 7513
f 7511 7514 7515
f 7517 7518 7519
f 7521 7522 7523
f 7352 7524 7525
f 7415 7414 7527
f 7528 7529 7530
f 7404 7531 7502
f 7477 7388 7496
f 7512 7478 7481
f 7405 7404 7500
f 7533 7534 7535
f 7378 7507 7510
f 7532 7496 7379
f 7539 7540 7541
f 7524 7352 7355
f 7351 7485 7501
f 7414 7524 7523
f 7522 7543 7527
f 7544 7413 7412
f 7546 7416 7547
f 7526 7549 7353
f 7550 7521 7355
f 7521 7550 7551
f 7552 7546 7548
f 7546 7552 7553
f 7522 7521 7548
f 7418 7556 7520
f 7416 7546 7554
f 7457 7557 7558
f 7557 7559 7560
f 7562 7561 7563
f 7564 7563 7349
f 7351 7350 7565
f 7567 7568 7569
f 7570 7555 7520
f 7419 7418 7555
f 7572 7564 7348
f 7389 7476 7556
f 7573 7490 7493
f 7552 7535 7534
f 7562 7574 7536
f 7572 7575 7576
f 7422 7577 7578
f 7423 7579 7580
f 7579 7423 7463
f 7578 7574 7576
f 7583 7584 7381
f 7586 7579 7581
f 7533 7580 7579
f 7447 7339 7338
f 7588 7502 7531
f 7590 7428 7431
f 7321 7320 7592
f 7275 7581 7463
f 7461 7278 7276
f 7279 7278 7461
f 7453 7454 7593
f 7594 7593 7454
f 7330 7287 7498
f 7459 7458 7294
f 7558 7560 7595
f 7560 7592 7320
f 7275 7321 7585
f 7462 7276 7273
f 7596 7583 7380
f 7597 7598 7406
f 7467 7466 7599
f 7601 7602 7603
f 7605 7365 7444
f 7365 7605 7606
f 7607 7495 7494
f 7513 7481 7473
f 7396 7395 7514
f 7514 7395 7468
f 7470 7609 7515
f 7610 7611 7609
f 7612 7556 7476
f 7613 7530 7529
f 7442 7441 7615
f 7574 7578 7577
f 7619 7400 7399
f 7518 7479 7509
f 7491 7399 7425
f 7549 7620 7621
f 7491 7490 7622
f 7377 7438 7440
f 7379 7496 7497
f 7453 7461 7460
f 7411 7410 7459
f 7623 7624 7391
f 7625 7611 7610
f 7487 7407 7483
f 7619 7622 7408
f 7627 7628 7620
f 7538 7379 7378
f 7389 7388 7477
f 7629 7545 7412
f 7489 7408 7407
f 7628 7627 7598
f 7413 7525 7524
f 7592 7560 7559
f 7584 7631 7632
f 7569 7568 7633
f 7570 7508 7566
f 7631 7567 7566
f 7508 7570 7519
f 7614 7573 7480
f 7346 7610 7470
f 7572 7574 7562
f 7571 7633 7634
f 7346 7485 7484
f 7607 7591 7431
f 7585 7592 7630
f 7624 7596 7497
f 7635 7386 7384
f 7636 7427 7502
f 7323 7309 7310
f 7420 7578 7582
f 7637 7594 7455
f 7287 7286 7499
f 7458 7558 7295
f 7439 7376 7472
f 7599 7601 7604
f 7359 7358 7427
f 7436 7638 7639
f 7490 7573 7640
f 7481 7480 7493
f 7641 7506 7505
f 7642 7643 7627
f 7492 7425 7473
f 7517 7612 7625
f 7625 7484 7486
f 7634 7623 7390
f 7474 7477 7532
f 7448 7368 7441
f 7368 7448 7449
f 7615 7441 7368
f 7638 7603 7602
f 7575 7572 7501
f 7571 7555 7570
f 7400 7619 7489
f 7508 7507 7632
f 7503 7506 7540
f 6957 7125 7315
f 7376 7439 7438
f 7507 7378 7381
f 7499 7456 7452
f 7286 7637 7456
f 7504 7642 7644
f 7645 7598 7627
f 7647 7634 7633
f 7647 7648 7623
f 7649 7624 7623
f 7650 7596 7624
f 7646 7633 7568
f 7651 7568 7567
f 7653 7652 7567
f 7651 7654 7655
f 7656 7657 7658
f 7660 7658 7657
f 7663 7657 7656
f 7664 7665 7663
f 7667 7666 7663
f 7667 7662 7668
f 7663 7665 7661
f 7670 7671 7672
f 7661 7672 7671
f 7659 7668 7662
f 7648 7647 7668
f 7648 7659 7673
f 7659 7658 7674
f 7658 7660 7675
f 7668 7647 7646
f 7660 7671 7676
f 7675 7677 7678
f 7677 7675 7676
f 7677 7680 7681
f 7682 7683 7678
f 7677 7679 7684
f 7673 7674 7678
f 7683 7650 7649
f 7685 7676 7671
f 7667 7655 7686
f 7666 7686 7687
f 7654 7688 7686
f 7689 7687 7686
f 7664 7687 7691
f 7650 7692 7583
f 7693 7653 7631
f 7584 7583 7692
f 7693 7692 7682
f 7694 7682 7681
f 7694 7696 7653
f 7650 7683 7682
f 7696 7697 7652
f 7654 7651 7652
f 7688 7654 7697
f 7699 7698 7697
f 7700 7701 7698
f 7695 7699 7696
f 7699 7695 7702
f 7689 7688 7698
f 7689 7701 7703
f 7705 7706 7707
f 7701 7700 7705
f 7704 7703 7707
f 7685 7670 7691
f 7687 7689 7704
f 7680 7702 7695
f 7684 7706 7702
f 7702 7706 7705
f 7684 7679 7707
f 7676 7685 7707
f 7665 7669 7672
f 7670 7669 7690
f 7665 7664 7690
f 7611 7475 7474
f 7510 7509 7479
f 7511 7538 7537
f 7516 7532 7538
f 7517 7530 7613
f 7537 7510 7478
f 7611 7625 7612
f 7613 7480 7479
f 7556 7612 7517
f 7516 7515 7609
f 7708 7709 7710
f 7712 7713 7714
f 7713 7716 7717
f 7719 7720 7721
f 7722 7723 7597
f 7724 7712 7715
f 7726 7727 7728
f 7731 7640 7573
f 7730 7573 7614
f 7733 7734 7735
f 7721 7712 7724
f 7731 7722 7409
f 7708 7726 7729
f 7737 7724 7709
f 7716 7741 7736
f 7742 7743 7744
f 7740 7736 7735
f 7717 7716 7740
f 7716 7713 7720
f 7748 7749 7711
f 7750 7748 7710
f 7720 7719 7751
f 7734 7723 7728
f 7709 7724 7725
f 7752 7753 7715
f 7739 7709 7708
f 7720 7713 7712
f 7749 7754 7755
f 7745 7744 7756
f 7746 7727 7742
f 7743 7742 7755
f 7727 7746 7735
f 7747 7756 7757
f 7753 7750 7725
f 7751 7621 7620
f 7757 7752 7714
f 7718 7721 7737
f 7747 7740 7746
f 7727 7726 7755
f 7726 7708 7711
f 7759 7757 7756
f 7759 7760 7752
f 7760 7761 7753
f 7761 7762 7750
f 7758 7756 7744
f 7763 7744 7743
f 7754 7765 7764
f 7763 7766 7767
f 7768 7769 7770
f 7772 7768 7771
f 7775 7768 7772
f 7776 7777 7775
f 7779 7778 7775
f 7775 7777 7769
f 7770 7769 7781
f 7782 7774 7772
f 7760 7759 7782
f 7760 7773 7783
f 7773 7771 7784
f 7770 7785 7784
f 7779 7774 7782
f 7782 7759 7758
f 7785 7770 7780
f 7785 7787 7788
f 7787 7785 7786
f 7787 7790 7791
f 7792 7793 7788
f 7787 7789 7794
f 7793 7783 7784
f 7762 7761 7783
f 7796 7786 7780
f 7795 7780 7781
f 7779 7767 7798
f 7799 7776 7778
f 7766 7800 7798
f 7800 7801 7799
f 7802 7776 7799
f 7795 7797 7802
f 7762 7804 7748
f 7805 7765 7754
f 7749 7748 7804
f 7805 7804 7792
f 7806 7792 7791
f 7806 7808 7765
f 7793 7792 7804
f 7808 7809 7764
f 7766 7763 7764
f 7766 7809 7810
f 7811 7810 7809
f 7812 7813 7810
f 7807 7811 7808
f 7811 7807 7814
f 7813 7801 7800
f 7801 7813 7815
f 7817 7818 7819
f 7813 7812 7817
f 7816 7815 7819
f 7796 7795 7803
f 7799 7801 7816
f 7790 7814 7807
f 7794 7818 7814
f 7814 7818 7817
f 7794 7789 7819
f 7786 7796 7819
f 7777 7797 7781
f 7777 7776 7802
f 7528 7719 7718
f 7729 7728 7723
f 7738 7731 7730
f 7732 7737 7739
f 7733 7620 7628
f 7722 7731 7738
f 7621 7751 7719
f 7628 7597 7723
f 7733 7736 7741
f 7732 7614 7529
f 7486 7565 7621
f 7549 7565 7350
f 7353 7350 7349
f 7354 7349 7563
f 7821 7822 7823
f 7824 7825 7826
f 7825 7828 7829
f 7830 7831 7832
f 7834 7824 7827
f 7836 7837 7838
f 7840 7482 7406
f 7841 7406 7598
f 7843 7844 7845
f 7833 7824 7834
f 7848 7820 7836
f 7847 7834 7821
f 7828 7851 7846
f 7853 7854 7855
f 7850 7846 7845
f 7829 7828 7850
f 7828 7825 7832
f 7858 7859 7823
f 7860 7858 7822
f 7831 7861 7851
f 7844 7862 7838
f 7834 7835 7822
f 7863 7864 7827
f 7849 7821 7820
f 7825 7824 7833
f 7859 7865 7866
f 7855 7854 7867
f 7837 7852 7855
f 7865 7853 7852
f 7837 7856 7845
f 7857 7867 7868
f 7864 7860 7835
f 7843 7861 7642
f 7868 7863 7826
f 7830 7833 7847
f 7857 7850 7856
f 7837 7836 7866
f 7836 7820 7823
f 7870 7868 7867
f 7870 7871 7863
f 7871 7872 7864
f 7872 7873 7860
f 7869 7867 7854
f 7874 7854 7853
f 7876 7875 7853
f 7874 7877 7878
f 7879 7880 7881
f 7883 7879 7882
f 7886 7879 7883
f 7887 7888 7886
f 7890 7889 7886
f 7886 7888 7880
f 7891 7881 7880
f 7884 7893 7885
f 7871 7870 7893
f 7871 7884 7894
f 7884 7882 7895
f 7882 7881 7896
f 7890 7885 7893
f 7893 7870 7869
f 7881 7891 7897
f 7898 7899 7895
f 7900 7898 7896
f 7901 7902 7899
f 7904 7899 7902
f 7898 7900 7905
f 7894 7895 7899
f 7904 7873 7872
f 7907 7897 7891
f 7906 7891 7892
f 7890 7878 7909
f 7910 7887 7889
f 7877 7911 7909
f 7912 7910 7909
f 7887 7910 7914
f 7906 7908 7913
f 7873 7915 7858
f 7916 7876 7865
f 7859 7858 7915
f 7916 7915 7903
f 7917 7903 7902
f 7917 7919 7876
f 7873 7904 7903
f 7919 7920 7875
f 7877 7874 7875
f 7911 7877 7920
f 7922 7921 7920
f 7923 7924 7921
f 7918 7922 7919
f 7922 7918 7925
f 7924 7912 7911
f 7912 7924 7926
f 7928 7929 7930
f 7924 7923 7928
f 7927 7926 7930
f 7907 7906 7914
f 7910 7912 7927
f 7901 7925 7918
f 7905 7929 7925
f 7925 7929 7928
f 7905 7900 7930
f 7897 7907 7930
f 7888 7908 7892
f 7888 7887 7913
f 7645 7643 7831
f 7839 7838 7862
f 7841 7849 7848
f 7842 7847 7849
f 7504 7503 7844
f 7839 7931 7840
f 7643 7642 7861
f 7503 7539 7862
f 7846 7851 7861
f 7842 7598 7645
f 7932 7933 7934
f 7936 7937 7938
f 7937 7940 7941
f 7942 7943 7944
f 7947 7948 7949
f 7950 7936 7939
f 7953 7954 7955
f 7956 7957 7958
f 7956 7959 7540
f 7962 7963 7964
f 7936 7950 7965
f 7946 7949 7958
f 7966 7932 7952
f 7965 7950 7933
f 7968 7940 7969
f 7970 7971 7972
f 7974 7968 7964
f 7941 7940 7968
f 7940 7937 7944
f 7976 7977 7935
f 7978 7976 7934
f 7943 7979 7969
f 7947 7954 7963
f 7933 7950 7951
f 7980 7981 7939
f 7967 7933 7932
f 7937 7936 7945
f 7977 7982 7983
f 7973 7972 7984
f 7953 7970 7973
f 7982 7971 7970
f 7974 7963 7954
f 7975 7984 7985
f 7981 7978 7951
f 7961 7979 7544
f 7985 7980 7938
f 7942 7945 7965
f 7975 7968 7974
f 7952 7983 7970
f 7952 7932 7935
f 7987 7985 7984
f 7987 7988 7980
f 7988 7989 7981
f 7989 7990 7978
f 7986 7984 7972
f 7991 7972 7971
f 7993 7992 7971
f 7986 7991 7994
f 7997 7998 7999
f 8000 7996 7999
f 8003 7996 8000
f 8005 8003 8006
f 8007 8006 8003
f 7996 8003 8005
f 7998 7997 8009
f 8010 8002 8000
f 7988 7987 8010
f 7988 8001 8011
f 8011 8001 7999
f 7998 8013 8012
f 8007 8002 8010
f 8010 7987 7986
f 8013 7998 8008
f 8015 8016 8012
f 8017 8015 8013
f 8018 8019 8016
f 8021 8016 8019
f 8015 8017 8022
f 8011 8012 8016
f 8021 7990 7989
f 8023 8024 8014
f 8023 8008 8009
f 8007 7995 8026
f 8026 8027 8004
f 8028 8026 7995
f 8029 8027 8026
f 8030 8004 8027
f 8023 8025 8030
f 7990 8032 7976
f 8033 7993 7982
f 7976 8032 8033
f 8034 8033 8032
f 8035 8034 8020
f 8034 8036 7993
f 7990 8021 8020
f 8036 8037 7992
f 7991 7992 8037
f 7994 8037 8038
f 8039 8038 8037
f 8040 8041 8038
f 8035 8039 8036
f 8039 8035 8042
f 8041 8029 8028
f 8029 8041 8043
f 8045 8046 8047
f 8041 8040 8045
f 8044 8043 8047
f 8024 8023 8031
f 8027 8029 8044
f 8042 8035 8019
f 8022 8046 8042
f 8042 8046 8045
f 8017 8047 8046
f 8014 8024 8047
f 8005 8025 8009
f 8005 8004 8030
f 7506 7641 7943
f 7954 7947 7946
f 7967 7966 7957
f 7960 7965 7967
f 7948 7947 7962
f 7955 7946 7957
f 7641 7544 7979
f 7969 7979 7961
f 7960 7540 7506
f 7362 8049 8050
f 8052 7618 7464
f 8051 7464 7467
f 8054 8055 7600
f 8056 7361 7618
f 7436 8050 8057
f 8049 7362 7361
f 8057 8058 7603
f 8055 8053 7467
f 8058 8054 7604
f 8059 8060 8058
f 8060 8061 8054
f 8061 8062 8055
f 8062 8063 8053
f 8059 8057 8050
f 8064 8050 8049
f 8056 8066 8065
f 8059 8064 8067
f 8069 8070 8071
f 8073 8069 8072
f 8075 8069 8073
f 8077 8078 8075
f 8075 8079 8070
f 8079 8080 8081
f 8082 8071 8070
f 8083 8076 8073
f 8061 8060 8083
f 8061 8074 8084
f 8074 8072 8085
f 8072 8071 8086
f 8077 8076 8083
f 8083 8060 8059
f 8071 8082 8087
f 8088 8089 8085
f 8090 8088 8086
f 8091 8092 8089
f 8094 8089 8092
f 8088 8090 8095
f 8084 8085 8089
f 8094 8063 8062
f 8097 8087 8082
f 8096 8082 8081
f 8077 8068 8098
f 8099 8100 8078
f 8101 8098 8068
f 8102 8099 8098
f 8100 8099 8104
f 8096 8080 8103
f 8075 8078 8100
f 8079 8100 8103
f 8105 8051 8053
f 8066 8056 8052
f 8051 8105 8106
f 8107 8106 8105
f 8108 8107 8093
f 8107 8109 8066
f 8063 8094 8093
f 8109 8110 8065
f 8064 8065 8110
f 8067 8110 8111
f 8112 8111 8110
f 8113 8114 8111
f 8108 8112 8109
f 8112 8108 8115
f 8114 8102 8101
f 8102 8114 8116
f 8118 8119 8120
f 8114 8113 8118
f 8117 8116 8120
f 8097 8096 8104
f 8099 8102 8117
f 8091 8115 8108
f 8095 8119 8115
f 8115 8119 8118
f 8095 8090 8120
f 8087 8097 8120
f 7550 7563 7561
f 7552 7551 7561
f 7931 7862 7539
f 7640 7409 7408
f 7549 7526 7644
f 7525 7413 7544
f 7931 7542 7482
f 7483 7482 7542
f 7626 7402 7405
f 7629 7433 7432
f 7629 8121 7949
f 8122 7958 7949
f 8123 8122 8121
f 8124 8123 7432
f 7434 7495 8125
f 8125 7430 8124
f 8124 7430 7429
f 8123 8124 8126
f 8122 8123 8127
f 7541 7540 7959
f 7404 7403 8129
f 8125 7495 7431
f 7526 7525 7505
f 7626 7483 7541
f 7959 7958 8122
f 7961 7545 8048
f 7629 7948 8048
f 8127 7402 7626
f 7402 8127 8126
f 8129 7403 8126
f 7428 7531 8129
f 7589 7531 7428
f 7334 7392 7426
f 7335 7334 7357
f 7616 7615 7446
f 7392 7397 7398
f 7393 7394 7397
f 7342 7469 7394
f 7344 7347 7469
f 7343 7618 7361
f 7360 7345 7344
f 7363 7575 7345
f 7437 7576 7575
f 7582 7576 7437
f 7421 7582 7639
f 7375 7421 7602
f 7599 7337 7375
f 7465 7464 7618
f 7332 7447 7587
f 7447 7332 7335
f 7445 7335 7356
f 7359 7442 7616
f 7636 7443 7442
f 7588 7605 7443
f 7589 7606 7605
f 7590 7471 7606
f 7471 7590 7591
f 7446 7615 7371
f 7371 7370 7372
f 7422 7372 7370
f 7577 7422 7424
f 7536 7577 7580
f 7591 7607 7635
f 7607 7608 7386
f 7543 7608 7494
f 7547 7387 7543
f 7608 7543 7387
f 7387 7547 7416
f 7457 7410 7382
f 7557 7457 7417
f 7559 7557 7554
f 7630 7559 7553
f 7534 7533 7586
f 7466 7338 7337
f 7465 7587 7338
f 7617 7340 7587
f 7341 7340 7617
f 8130 6091 6090
f 6023 6022 8132
f 6182 6023 8133
f 6623 6622 6792
f 6787 6696 6182
f 8134 6700 6696
f 6917 6757 6756
f 6762 6761 7112
f 6762 6765 6184
f 6765 6623 6185
f 6650 6769 6768
f 6772 6771 6916
f 6777 6776 6789
f 6022 6777 6788
f 6756 6700 8134
f 6758 6757 6771
f 6761 6776 6775
f 6769 6622 6621
f 6772 6768 6767
f 6174 6173 6760
f 6187 6186 6178
f 6811 6649 6648
f 6786 6785 6724
f 6791 6790 6918
f 6186 6793 6179
f 6808 6807 8133
f 6884 6883 8135
f 6174 6187 6670
f 6807 6785 6784
f 6791 6808 8132
f 6786 6884 8134
f 6790 6173 6172
f 6649 6793 6792
f 6316 6315 8136
f 8137 6655 6654
f 8139 8140 6601
f 6656 6655 6580
f 6868 8141 8142
f 6316 6712 6711
f 6864 8143 8144
f 6864 6863 8145
f 6868 6867 6869
f 6656 6867 6866
f 8146 8147 8148
f 8139 8150 8151
f 8152 8153 6866
f 8154 8155 8138
f 6874 6873 8156
f 8158 6318 8159
f 8160 8152 6865
f 8161 6317 6313
f 6161 6600 8162
f 8164 8154 6654
f 8153 8164 6653
f 8165 8166 8167
f 8166 5989 8169
f 5989 5988 8170
f 5988 6017 8171
f 8172 8173 6043
f 8174 8175 6032
f 8174 6035 6098
f 8176 6098 6796
f 8177 6796 8178
f 7132 8178 6728
f 6589 6588 8180
f 8180 6588 6004
f 8181 6004 6007
f 6334 6079 6731
f 6079 6078 6645
f 6078 6085 6646
f 6085 8183 8184
f 6091 8130 8185
f 6086 6730 8183
f 6950 6949 7118
f 6952 6951 6992
f 6983 6982 6968
f 6987 6986 7004
f 7001 7000 6979
f 7001 7262 7074
f 7262 7264 7075
f 7264 6952 7127
f 7265 6951 6943
f 7265 7266 6991
f 7266 6950 7070
f 6949 7267 7119
f 7267 6982 6939
f 6983 6987 7099
f 7268 6986 6985
f 7000 7268 8186
f 6938 6937 6985
f 6946 6945 6922
f 6956 6955 6948
f 6971 6970 6928
f 6970 6955 6954
f 6973 6946 6921
f 6977 6976 7263
f 6981 6980 7061
f 6973 7067 7117
f 7097 6980 6979
f 7104 6971 6927
f 6977 6981 7060
f 6976 6945 6944
f 6956 7067 7066
f 6937 7097 8186
f 6938 7104 7101
f 6924 6923 7116
f 6926 6924 7297
f 6930 6929 6962
f 6934 6933 6953
f 6960 6959 6936
f 6963 6929 6928
f 6967 6966 6975
f 7063 7062 7327
f 6959 7065 7096
f 6926 6934 7066
f 7102 6930 7304
f 6967 7063 7331
f 6966 6923 6922
f 7062 7065 7064
f 6963 6933 6932
f 7102 6960 6935
f 7299 7298 7269
f 7301 7300 6932
f 7306 7305 7285
f 7308 7305 6962
f 7315 7306 7284
f 7317 7316 7312
f 7319 7316 6964
f 7322 7298 7297
f 7317 7322 7116
f 7308 7300 7303
f 7326 7325 6958
f 7329 7328 7291
f 7328 7325 7324
f 7301 7299 8187
f 7319 7329 7290
f 7326 7315 7309
f 7272 7271 7321
f 7272 7274 8187
f 7274 7277 7302
f 7281 7280 7307
f 7283 7282 7593
f 7289 7288 7324
f 7293 7292 7330
f 7293 7296 7318
f 7310 7283 7594
f 7314 7313 7595
f 7282 7280 7279
f 7278 7281 7277
f 7314 7271 7270
f 7313 7296 7295
f 7288 7292 7291
f 7289 7310 7637
f 6003 6002 6626
f 6003 6138 7165
f 6690 8188 8189
f 6686 6685 5981
f 6685 6687 6096
f 6687 6688 6806
f 6002 6686 5980
f 6606 8188 5351
f 7164 7173 8190
f 8192 7175 7174
f 6015 6014 8153
f 6189 6188 8155
f 8157 8156 6284
f 6332 6015 8152
f 6593 6592 6317
f 6658 6189 8154
f 6014 6658 8164
f 6332 8194 7131
f 6805 8159 6321
f 6146 8163 8162
f 6607 7128 8195
f 8196 6126 6125
f 8198 7169 7168
f 8199 7168 6633
f 7177 6632 8201
f 8202 8203 8204
f 7208 7186 7185
f 7237 7230 7186
f 6819 6824 7230
f 6818 6821 6824
f 8206 6883 6821
f 8207 6917 8135
f 6917 8207 8209
f 8209 8210 7259
f 8210 8211 6647
f 6812 6648 8212
f 6809 6812 7258
f 6809 7257 8213
f 6113 8213 8214
f 7235 7223 6110
f 7223 7235 7234
f 6147 7234 8215
f 6148 8215 8216
f 8218 6155 6158
f 8219 6285 6116
f 6284 6188 6116
f 6188 6284 8156
f 8155 8156 6873
f 8138 6873 6872
f 8137 6872 8148
f 6193 8147 6281
f 6190 6281 6278
f 8220 8221 8222
f 8224 8225 7139
f 6223 6222 8226
f 6237 6236 8228
f 6238 6223 8227
f 6249 6248 8231
f 6253 6252 8233
f 6236 6279 8221
f 6331 6238 8230
f 6252 6595 8236
f 6222 6237 8229
f 6828 6827 8237
f 6280 8239 8240
f 8208 8135 6883
f 6648 6647 8211
f 6143 6624 8242
f 6624 7189 8244
f 8245 8246 8247
f 8249 8250 8251
f 7195 8253 8254
f 7214 8255 8253
f 8256 8255 7214
f 7243 7211 8257
f 7210 8258 8257
f 8259 7181 6102
f 8261 6122 6121
f 8178 7132 8263
f 7132 6797 8264
f 6797 6135 8265
f 6135 6134 8266
f 6134 6151 8267
f 6151 6154 8268
f 6154 8269 8270
f 8269 8271 8272
f 7194 7193 8273
f 7193 8250 8275
f 8249 8259 8260
f 8248 8277 8278
f 6129 6128 8279
f 7169 8198 8197
f 8198 8190 8192
f 7171 6141 7175
f 6589 6801 7129
f 6801 6037 6040
f 6037 6036 6041
f 6036 6131 6659
f 6131 6156 6118
f 6156 6155 6119
f 8218 8219 6119
f 8219 8218 6815
f 7191 7189 6641
f 8246 8244 7189
f 8245 8278 8281
f 8280 8279 6288
f 6125 6124 7170
f 6288 6127 6602
f 6126 8196 6604
f 8196 8193 6605
f 7174 6140 6691
f 6691 6140 6139
f 7171 7166 8283
f 7172 8283 8284
f 6139 6142 8284
f 8285 8286 8287
f 8211 8210 8289
f 8290 8291 8292
f 8293 8294 8291
f 8293 8207 8208
f 8296 8297 8298
f 6818 6817 8296
f 8285 7256 7258
f 7243 8299 7212
f 7243 6739 8300
f 8301 8300 6739
f 8302 8256 7213
f 8303 8302 7247
f 8304 8303 6168
f 6738 8298 8297
f 8288 8287 6167
f 8304 8292 8291
f 8305 8291 8294
f 6737 6736 8306
f 6736 7244 8307
f 8243 8242 8308
f 8242 8244 8282
f 8247 8246 7191
f 7196 8254 8251
f 8253 8310 8311
f 8255 8312 8310
f 8313 8312 8255
f 7244 8257 8313
f 8313 8257 8258
f 8312 8258 8314
f 8315 8311 8310
f 8311 8315 8316
f 8282 8281 8317
f 8308 8317 8261
f 8309 8261 8262
f 8248 8247 8275
f 8282 8244 8246
f 8307 8313 8256
f 8306 8307 8302
f 8305 8306 8303
f 8298 6738 6737
f 8287 8292 8304
f 7253 8319 7199
f 8319 8320 6028
f 8320 8321 6029
f 8321 8322 7184
f 8322 8203 7185
f 8203 8202 7205
f 8202 7240 7206
f 7239 7245 7210
f 7251 7227 8319
f 7227 7217 8320
f 7217 7216 8321
f 7216 7236 8322
f 7236 8204 8203
f 6175 8199 8200
f 7165 7164 8191
f 6137 8283 7166
f 6200 6199 8283
f 6199 6206 8284
f 8284 6206 6205
f 6205 6608 6689
f 6689 6608 5485
f 7009 7008 8323
f 7013 7012 7021
f 7017 7016 7029
f 7013 7059 7110
f 7073 7072 7084
f 7081 7080 7093
f 7082 7017 7028
f 7088 7072 6995
f 7088 7115 7057
f 7122 7121 7043
f 7124 7123 7024
f 7082 7025 7024
f 7009 7122 7042
f 7012 7124 7126
f 7115 7016 7015
f 7008 7059 7058
f 7081 7121 7120
f 7073 7080 7079
f 6997 6996 7076
f 7023 7022 6942
f 7027 7026 7069
f 7031 7030 6989
f 7079 7078 7033
f 7037 7036 7107
f 7027 7040 7126
f 7041 7030 7029
f 7026 7031 6988
f 7100 7023 6941
f 7108 7036 7002
f 7100 7037 8323
f 6997 7041 7114
f 7022 7040 7039
f 7111 7034 7033
f 7035 7261 7260
f 7261 7076 6996
f 7108 7255 7120
f 7245 8314 8258
f 7246 8315 8314
f 7181 8259 8316
f 8277 6101 6129
f 8278 6129 8280
f 6287 8317 8281
f 6122 8261 8317
f 5487 6145 6144
f 5489 6159 6162
f 6637 8324 8325
f 8326 8325 8225
f 5494 7139 8225
f 6160 6159 8150
f 5496 8324 8151
f 8163 8327 6162
f 6146 6145 8327
f 8243 8328 6144
f 8328 8243 8309
f 8318 8262 5501
f 8262 6121 5502
f 8329 8330 8331
f 8333 8334 8335
f 8338 8182 6007
f 8329 8334 8339
f 8341 6334 6734
f 6006 8342 8337
f 8342 6006 6804
f 6065 6064 8339
f 5995 5994 8341
f 6918 6172 6166
f 7221 6163 6166
f 6172 6171 6880
f 8344 5952 5955
f 5519 5976 5975
f 6806 8345 8346
f 6646 8184 8347
f 8165 8348 8349
f 6322 8350 8131
f 8345 6806 6688
f 6695 8346 5975
f 5976 5519 5528
f 5529 8130 8131
f 6643 8347 8352
f 8183 5533 5532
f 5534 8185 8130
f 6730 5535 5533
f 8351 6688 6093
f 5535 6730 6594
f 8353 8354 6652
f 8354 8353 8355
f 8357 8358 6825
f 8359 8357 6202
f 6224 8354 8356
f 6275 8361 8362
f 6201 6210 7143
f 7146 8363 8359
f 8357 8359 8363
f 8355 8365 8366
f 8361 8360 8368
f 8356 8355 8367
f 8370 8371 8372
f 8220 8373 7145
f 6275 6274 6228
f 5558 4067 6228
f 8375 8369 8367
f 8362 8368 8376
f 8378 8379 8380
f 8363 7146 8382
f 8384 8378 8381
f 8382 8373 8386
f 8383 8387 8364
f 6226 6225 6231
f 6231 6225 8361
f 6636 8388 8389
f 6635 8390 8388
f 8390 6635 5576
f 8379 8378 6232
f 8378 8384 6233
f 8384 8391 8371
f 8372 8392 8393
f 7138 8240 8239
f 8224 8239 8394
f 8146 6638 8394
f 6638 6637 8326
f 6340 6339 6299
f 6747 6338 6577
f 6344 6343 6346
f 6342 6341 6355
f 6353 6352 6349
f 6337 6351 6369
f 6360 6359 6328
f 6358 6357 6386
f 6364 6363 6293
f 6362 6361 6376
f 6366 6353 6297
f 6350 6365 6372
f 6533 6342 6303
f 6534 6536 6346
f 6744 6746 6533
f 6536 6534 6747
f 6357 6835 6894
f 6341 6834 6832
f 6839 6838 6292
f 6837 6836 6380
f 6838 6841 6354
f 6361 6840 6377
f 6363 6366 6296
f 6365 6362 6373
f 6359 6839 6291
f 6836 6358 6385
f 6481 6480 6902
f 6484 6483 6501
f 6477 6488 6487
f 6849 6467 6492
f 6494 6492 6467
f 6547 6481 6544
f 6750 6751 6546
f 6494 6466 6751
f 6843 6484 6500
f 6845 6573 6575
f 6489 6488 6847
f 6474 6487 6491
f 6483 6905 6906
f 6493 6463 6465
f 6471 6470 6544
f 6472 6482 6485
f 6476 6475 6461
f 6470 6451 6542
f 6570 6567 6569
f 6495 6567 6463
f 6475 6465 6462
f 6572 6848 6477
f 6574 6571 6457
f 6569 6568 6543
f 6575 6574 6473
f 6471 6904 6901
f 6469 6468 6508
f 6498 6497 6479
f 6503 6502 6518
f 6489 6506 6505
f 6467 6849 6509
f 6546 6548 6498
f 6549 6548 6752
f 6752 6751 6466
f 6503 6850 6846
f 6850 6851 6844
f 6507 6506 6852
f 6486 6505 6509
f 6502 6907 6909
f 6858 6893 6664
f 8396 8397 6611
f 6833 8398 6324
f 8399 6826 6825
f 6831 6830 8401
f 6707 6833 6826
f 8398 8403 6890
f 6858 6857 8404
f 8405 8396 6610
f 6830 6893 6553
f 8397 6892 6911
f 8400 6825 8358
f 8358 8357 8364
f 8406 8364 8387
f 8389 8408 8380
f 8389 8388 8409
f 8388 8390 8410
f 5575 5597 8410
f 6665 6273 8411
f 8412 8413 6720
f 8413 5602 5601
f 8411 8414 8413
f 6262 6742 6290
f 5602 8413 8414
f 7141 7140 7142
f 8393 8222 8241
f 8227 8226 7147
f 8229 8228 8374
f 8230 8227 7151
f 8232 8231 8415
f 8234 8233 8417
f 8221 8220 8374
f 8235 8230 7153
f 8233 8236 8420
f 8226 8229 7148
f 8238 8237 8421
f 7141 8393 8240
f 6581 6580 6655
f 6640 6639 8140
f 6710 6709 8141
f 6717 6716 6712
f 6860 6859 8143
f 6870 6869 6867
f 6717 8136 6726
f 6870 6580 6192
f 6860 8145 6050
f 6710 6869 6025
f 6639 8149 6871
f 6640 8151 8324
f 6581 8148 8147
f 5615 5614 6234
f 7144 7148 8374
f 7144 7143 6210
f 7150 7149 6210
f 7152 7150 6209
f 7152 7154 8419
f 7154 7155 8421
f 7158 7157 8415
f 7160 7159 8420
f 7162 7161 8418
f 7161 4321 5616
f 8370 6234 6233
f 8373 8382 7146
f 8392 8391 8386
f 8391 8392 8372
f 5617 8344 6713
f 5973 5618 3355
f 8345 5620 5619
f 3880 6735 6910
f 8351 5622 5620
f 8346 5619 5520
f 5621 6910 6911
f 5622 8351 8185
f 8150 5624 5497
f 8423 8424 8425
f 8427 6516 6519
f 8429 8430 8431
f 6523 8432 8433
f 8434 8435 8436
f 8438 8435 8434
f 8438 8440 6511
f 8441 8442 8424
f 8427 8443 8430
f 8444 8428 8445
f 8447 8425 8424
f 8449 8443 8444
f 8451 8431 8430
f 8453 8437 8454
f 8456 8434 8437
f 8439 8434 8456
f 8448 8424 8442
f 8452 8430 8443
f 8425 8447 8459
f 8460 8461 8462
f 8464 8465 8466
f 8468 8469 8470
f 8472 8473 8474
f 8476 8477 8478
f 8480 8481 8482
f 8484 8485 8486
f 8485 8488 8489
f 8490 8491 8481
f 8492 8493 8494
f 8495 8494 8496
f 8498 8499 8500
f 8502 8501 8500
f 8504 8505 8506
f 8508 8509 8510
f 8513 8508 8511
f 8507 8506 8514
f 8516 8517 8518
f 8520 8517 8516
f 8522 8523 8524
f 8526 8527 8522
f 8528 8529 8530
f 8532 8530 8529
f 8534 8535 8536
f 8538 8539 8534
f 8464 8482 8481
f 8483 8540 8541
f 8542 8485 8484
f 8487 8543 8540
f 8488 8485 8542
f 8545 8546 8486
f 8481 8491 8466
f 8547 8545 8489
f 8548 8494 8493
f 8549 8550 8502
f 8551 8496 8494
f 8497 8541 8552
f 8469 8500 8499
f 8547 8541 8497
f 8469 8468 8503
f 8501 8502 8550
f 8460 8504 8507
f 8552 8553 8506
f 8554 8511 8510
f 8549 8552 8505
f 8554 8555 8512
f 8513 8556 8550
f 8461 8507 8515
f 8557 8556 8513
f 8558 8516 8519
f 8559 8560 8527
f 8521 8516 8558
f 8553 8562 8517
f 8477 8525 8524
f 8520 8523 8557
f 8476 8526 8525
f 8527 8560 8556
f 8563 8529 8528
f 8564 8539 8531
f 8533 8529 8563
f 8562 8567 8530
f 8473 8537 8536
f 8559 8562 8532
f 8472 8538 8537
f 8560 8534 8539
f 8463 8462 8555
f 8544 8542 8467
f 8470 8551 8548
f 8475 8474 8566
f 8479 8478 8561
f 8484 8487 8483
f 8490 8489 8488
f 8503 8493 8492
f 8498 8497 8496
f 8504 8510 8509
f 8515 8514 8513
f 8519 8518 8527
f 8521 8524 8523
f 8528 8531 8539
f 8533 8536 8535
f 8467 8484 8482
f 8487 8486 8546
f 8544 8466 8491
f 8480 8541 8547
f 8493 8503 8468
f 8495 8552 8549
f 8551 8470 8499
f 8501 8545 8547
f 8460 8463 8510
f 8508 8550 8549
f 8555 8462 8515
f 8506 8553 8557
f 8519 8526 8476
f 8517 8562 8559
f 8561 8478 8524
f 8522 8556 8557
f 8475 8528 8538
f 8567 8565 8531
f 8566 8474 8536
f 8560 8559 8535
f 8442 8441 8568
f 6512 8570 8568
f 8570 8440 8571
f 8426 6515 6514
f 8428 8444 8443
f 6522 8429 8432
f 8437 8436 8433
f 6524 8436 8435
f 6528 6527 8435
f 8423 6514 6550
f 8429 6522 6516
f 6515 8426 8445
f 8441 6550 6754
f 8570 8572 8569
f 8440 8570 6512
f 8569 8573 8458
f 8574 8575 8572
f 8572 8575 8573
f 8453 8576 8577
f 8576 8453 8455
f 8452 8579 8580
f 8573 8581 8582
f 8575 8583 8581
f 8584 8583 8575
f 8571 8439 8457
f 8439 8571 8440
f 8585 8586 8587
f 8587 8589 8590
f 8589 8591 8592
f 8591 8593 8594
f 8593 8595 8596
f 8595 8597 8598
f 8599 8600 8586
f 8601 8602 8600
f 8603 8604 8602
f 8605 8606 8598
f 8607 8608 8604
f 8609 8610 8608
f 8611 8612 8610
f 8606 8605 8612
f 8613 8614 8589
f 8614 8615 8591
f 8615 8616 8593
f 8616 8617 8595
f 8617 8618 8597
f 8619 8620 8617
f 8620 8621 8618
f 8620 8622 8623
f 8624 8625 8626
f 8626 8623 8622
f 8620 8619 8628
f 8622 8628 8629
f 8627 8629 8630
f 8632 8633 8634
f 8636 8634 8633
f 8637 8638 8636
f 8639 8633 8632
f 8633 8639 8641
f 8635 8641 8642
f 8642 8643 8644
f 8645 8638 8637
f 8586 8646 8613
f 8600 8647 8646
f 8616 8615 8648
f 8615 8614 8649
f 8613 8650 8649
f 8651 8650 8613
f 8647 8652 8651
f 8652 8653 8654
f 8602 8655 8647
f 8655 8656 8652
f 8656 8657 8653
f 8653 8658 8659
f 8658 8660 8661
f 8644 8662 8663
f 8664 8661 8662
f 8661 8664 8666
f 8666 8667 8654
f 8667 8650 8651
f 8668 8605 8597
f 8669 8668 8618
f 8670 8669 8621
f 8671 8670 8623
f 8671 8626 8625
f 8625 8631 8673
f 8636 8674 8675
f 8638 8676 8674
f 8645 8677 8676
f 8645 8663 8678
f 8679 8680 8660
f 8657 8679 8658
f 8583 8584 8648
f 8650 8581 8583
f 8667 8582 8581
f 8666 8681 8582
f 8664 8682 8681
f 8682 8664 8665
f 8684 8685 8643
f 8684 8642 8641
f 8639 8580 8579
f 8580 8639 8640
f 8629 8577 8576
f 8604 8686 8655
f 8608 8687 8686
f 8610 8688 8687
f 8612 8689 8688
f 8605 8668 8689
f 8690 8689 8668
f 8691 8688 8689
f 8692 8687 8688
f 8693 8686 8687
f 8656 8655 8686
f 8694 8690 8669
f 8695 8691 8690
f 8696 8692 8691
f 8697 8693 8692
f 8657 8656 8693
f 8697 8698 8679
f 8696 8699 8698
f 8696 8695 8700
f 8694 8701 8700
f 8670 8671 8701
f 8702 8701 8671
f 8701 8702 8703
f 8703 8704 8699
f 8699 8704 8705
f 8698 8705 8680
f 8672 8673 8706
f 8675 8674 8707
f 8674 8676 8709
f 8709 8676 8677
f 8677 8678 8711
f 8712 8713 8710
f 8702 8706 8714
f 8713 8712 8714
f 8707 8709 8716
f 8717 8716 8713
f 8710 8713 8716
f 8708 8707 8717
f 8546 8601 8599
f 8546 8545 8603
f 8550 8607 8603
f 8556 8609 8607
f 8560 8611 8609
f 8564 8606 8611
f 8565 8598 8606
f 8565 8567 8596
f 8567 8562 8594
f 8562 8553 8592
f 8553 8552 8590
f 8590 8552 8541
f 8540 8585 8588
f 8543 8599 8585
f 8684 8449 8450
f 8579 8452 8449
f 8682 8447 8448
f 8447 8682 8683
f 8681 8448 8458
f 8584 8718 8619
f 8628 8718 8577
f 8457 8456 8577
f 8574 8457 8718
f 7134 6920 6919
f 6164 6163 6919
f 5485 6608 6609
f 3832 5351 8188
f 5921 6609 6221
f 5922 4281 7128
f 6439 8719 8720
f 8720 8719 6570
f 6570 8719 8721
f 6439 6447 8721
f 6727 6058 6057
f 6312 6057 6073
f 6828 6248 6073
f 6877 6268 6267
f 6745 6267 6299
f 6891 6306 6305
f 6338 6747 6746
f 6438 6411 6410
f 6412 6411 6440
f 6564 6421 6424
f 6842 6578 6577
f 6889 6305 6829
f 6579 6578 6564
f 6435 6410 6565
f 8722 6857 6306
f 8723 6859 6058
f 6269 6268 6878
f 7160 7157 6829
f 8724 8144 8143
f 8238 8231 6248
f 6339 6746 6744
f 8395 6577 6338
f 6879 6878 8404
f 8422 8415 8231
f 8725 8143 6859
f 8416 8415 7157
f 6059 6050 6049
f 6330 6099 6049
f 7156 6260 6259
f 6269 6265 6264
f 6297 6349 6264
f 6340 6352 6351
f 6368 6842 8395
f 6422 6414 6559
f 6436 6403 6404
f 6447 6439 6438
f 6424 6423 6436
f 6331 6827 6099
f 6422 6421 6842
f 8722 8403 6856
f 8141 6863 6862
f 6265 6855 6617
f 6324 6890 6259
f 7158 7155 6260
f 6709 8145 6863
f 8235 8237 6827
f 6298 6349 6352
f 6370 6369 6351
f 6891 6890 8403
f 8419 8421 8237
f 6051 6050 8145
f 8422 8421 7155
f 8721 6447 6446
f 6748 6440 8720
f 8727 6008 6011
f 8158 6009 8144
f 6009 6008 6861
f 6008 8727 6862
f 8142 6862 8727
f 6554 6553 6893
f 6833 6707 6708
f 6708 6856 8403
f 5623 6911 6892
f 8406 8366 8365
f 8407 8375 8366
f 8377 8376 8408
f 8397 8396 6530
f 6651 8399 8400
f 8402 8401 6616
f 6618 6707 8399
f 6554 8404 6878
f 8396 8405 6854
f 8401 6553 6552
f 6892 8397 6529
f 8353 8400 8365
f 8377 8409 6276
f 8409 8410 6277
f 8410 5597 5932
f 8726 8404 6857
f 8726 6856 6855
f 7234 6107 6106
f 8279 6124 6127
f 8354 6224 6227
f 6246 6245 6619
f 8239 6280 6282
f 8162 6283 6286
f 6292 6354 6246
f 6382 6378 6377
f 6392 6397 6396
f 6396 6395 6427
f 6398 6397 6443
f 6459 6443 6458
f 6525 6520 6523
f 6558 6272 6271
f 6429 6428 6560
f 6460 6458 6572
f 6272 6558 3736
f 7128 6603 6602
f 6227 6245 6244
f 7180 6631 6634
f 6642 6286 6285
f 6356 6741 6740
f 6816 6815 8218
f 6820 8300 8301
f 6355 6832 6741
f 6344 6835 6834
f 6364 6841 6840
f 6375 6378 6560
f 6848 6847 6488
f 6853 6852 6506
f 6530 6854 6740
f 8140 6871 6874
f 6555 6271 6831
f 8215 6106 6881
f 6348 6895 6894
f 6383 6895 6896
f 6433 6897 6896
f 6432 6897 6898
f 6406 6899 6898
f 6900 6455 6387
f 6900 6449 6448
f 6472 6904 6903
f 6480 6905 6903
f 6497 6907 6906
f 6908 6519 6518
f 4280 5933 6120
f 6100 7167 7170
f 6632 6631 7188
f 7235 8214 7201
f 7206 7209 7212
f 8213 7257 7232
f 8214 8213 7231
f 6108 6107 7200
f 7238 8299 8300
f 7207 7212 8299
f 8205 7241 7240
f 6170 6169 7232
f 6638 8146 8149
f 6601 6874 8157
f 6600 8157 6283
f 8392 8223 8222
f 6278 6280 8241
f 6816 8272 8274
f 6642 6815 6814
f 6128 7170 6124
f 8195 6602 6127
f 8212 8211 8286
f 8292 8287 8286
f 8290 8289 8210
f 8207 8293 8290
f 8294 8293 8295
f 8206 8296 8295
f 6817 8301 8297
f 8288 6170 7256
f 7209 7206 7240
f 6225 6224 8360
f 8369 8368 8360
f 8375 8376 8368
f 8381 8380 8387
f 8385 8381 8383
f 8385 8386 8391
f 8147 8146 6282
f 6345 6894 6835
f 6327 6832 6834
f 6295 6354 6841
f 6379 6377 6840
f 6853 6847 6845
f 6479 6906 6905
f 6848 6572 6571
f 6452 6901 6904
f 6525 6852 6851
f 6496 6909 6907
f 8402 8405 6876
f 8408 8407 8387
f 6279 8241 8222
f 6872 6871 8149
f 8223 8386 8373
f 6526 8433 8436
f 8446 8445 8426
f 8455 8454 8431
f 8446 8459 8450
f 8454 8433 8432
f 6908 8445 8428
f 8578 8455 8451
f 8632 8631 8625
f 8640 8632 8624
f 8660 8663 8662
f 8662 8644 8643
f 8675 8673 8631
f 8680 8678 8663
f 8683 8665 8643
f 8578 8640 8630
f 8673 8675 8708
f 8678 8680 8705
f 8711 8705 8704
f 8706 8708 8715
f 8703 8714 8712
f 8459 8683 8685
f 8407 8408 8376
f 6615 6854 8405
f 5993 6080 6335
f 6060 6682 6018
f 5993 6047 6081
f 6105 6104 6176
f 6177 6104 6000
f 6309 6311 6310
f 8725 6315 6314
f 8724 6314 6318
f 6321 6320 6053
f 6249 6595 6310
f 6596 6254 6257
f 8188 6606 6605
f 5986 6683 6682
f 6714 6726 6311
f 6047 6320 6086
f 6875 6596 6304
f 6001 6105 6912
f 7162 7159 6597
f 7254 7163 6912
f 6684 6683 7163
f 8723 8136 6315
f 6592 8159 6318
f 8332 8331 8171
f 6607 6606 5350
f 8191 8190 8198
f 8197 8192 8193
f 8159 6592 6319
f 8232 8236 6595
f 8192 8190 7173
f 8189 6605 8193
f 6177 8191 8199
f 6733 8331 8330
f 8340 8341 8330
f 8341 5994 6335
f 8412 6721 6875
f 8414 8411 6273
f 8416 8420 8236
f 6727 6726 8136
f 8417 8420 7159
f 6277 5932 5558
f 5935 5576 6635
f 5991 5990 6061
f 6019 6018 6682
f 5999 6034 6033
f 6045 6044 6677
f 6055 6054 6083
f 5995 6064 6063
f 6084 6054 6053
f 6088 5990 5989
f 6063 6084 6046
f 6066 6097 6034
f 6103 6102 7181
f 6673 6676 6133
f 6149 6148 6153
f 6323 6088 8166
f 6585 6584 6083
f 6630 6629 6702
f 6634 6633 7168
f 6676 6149 6152
f 6703 6629 6628
f 6796 6729 6728
f 6069 6729 6097
f 6132 6798 6674
f 6803 6799 6800
f 6011 6010 6055
f 6799 6803 6582
f 7194 8271 6881
f 7131 6584 6583
f 6798 7133 6913
f 7179 7178 8204
f 7183 7182 7246
f 7188 7183 7242
f 6109 7196 7192
f 7204 6630 6176
f 7219 7218 6628
f 7218 7228 7248
f 7179 7219 6627
f 7250 7254 6704
f 7228 7252 7249
f 6678 7250 7249
f 5997 7252 7251
f 8168 8167 6644
f 8167 8169 6732
f 8169 8170 6733
f 8170 8171 8331
f 8336 8335 8173
f 8182 8338 8175
f 8182 8174 8176
f 8181 8176 8177
f 8180 8177 8179
f 7133 6728 6590
f 7130 7131 8194
f 8200 6633 6632
f 7178 8201 8205
f 8269 6154 6153
f 8254 8311 8252
f 8260 6102 6101
f 8179 8263 6802
f 8263 8264 6038
f 8264 8265 6039
f 8265 8266 6130
f 8266 8267 6157
f 8267 8268 6158
f 8268 8270 8217
f 8270 8272 6816
f 6813 8274 8273
f 8273 8275 8247
f 8276 8260 8277
f 7192 8251 8250
f 8252 8316 8259
f 8276 8275 8250
f 7204 8200 7177
f 7182 8316 8315
f 8343 8339 8334
f 8333 8337 8342
f 8343 8342 6800
f 8340 8339 6064
f 6323 8349 8350
f 8168 8352 8348
f 8349 5937 5936
f 8352 5939 5938
f 6103 6634 7167
f 8271 8269 8216
f 8201 7188 7241
f 8274 8272 8271
f 5991 6018 6017
f 8728 8171 6017
f 5997 5996 6680
f 5996 6033 6045
f 6033 6032 6042
f 6042 6032 8175
f 8172 8175 8338
f 8336 8338 8337
f 6684 6678 6677
f 6681 6677 6044
f 6019 6044 6043
f 6016 6043 8173
f 8728 8173 8335
f 8332 8335 8334
f 8194 6332 8160
f 6805 6010 6009
f 5940 5941 7137
f 8324 5496 5942
f 8325 5942 5495
f 6253 5943 4292
f 7137 5941 5944
f 8348 5938 5937
f 8350 5936 5530
f 5624 8150 6159
f 6718 4293 5940
f 8327 5945 5490
f 8347 5946 5939
f 5933 5502 6121
f 8184 5532 5946
f 7142 4298 5615
f 6145 5487 5945
f 8234 5947 5943
f 8328 5948 5488
f 8318 5500 5948
f 7139 5494 4299
f 8418 5616 5947
f 5604 8414 6599
f 5949 3853 6712
f 5944 5949 6716
f 6720 5601 5950
f 6255 5950 4322
f 5614 5935 6235
f 6711 3852 5951
f 8161 5951 3857
f 5973 5964 2965
f 2965 5964 5963
f 222 5963 5960
f 223 5960 5958
f 5958 5957 3185
f 5957 5970 2977
f 5970 5967 1213
f 5967 5966 1214
f 2532 1214 5966
f 2894 2532 5953
f 2871 2894 5952
f 5510 5722 5721
f 5822 5825 5824
f 3511 3512 3844
f 3887 3892 3889
f 3876 3879 3878
f 3356 3357 3911
f 3372 3373 3390
f 3849 3854 3851
f 3481 3478 3867
f 3873 3874 3385
f 3875 3375 3450
f 3915 3794 3865
f 3657 3670 3671
f 5618 5973 3013
f 1997 1996 1889
f 1237 745 744
f 1535 1534 120
f 1531 1532 201
f 1119 1241 1032
f 946 948 824
f 163 8 5
f 9041 9178 9175
f 1155 1156 1162
f 427 213 327
f 553 1902 796
f 8732 2232 2231
f 8732 3178 2230
f 2237 3183 3180
f 8734 8735 8736
f 8735 8737 8738
f 8737 8739 8740
f 8739 8741 8742
f 8743 8744 8745
f 8746 8745 8747
f 8749 8750 8748
f 8751 8752 8750
f 8754 8755 8756
f 8757 8758 8755
f 8759 8760 8758
f 8761 8762 8760
f 8763 8764 8762
f 8766 8751 8749
f 8765 8749 8747
f 8767 8747 8745
f 8768 8745 8744
f 8744 8770 8771
f 8770 8741 8772
f 8741 8739 8773
f 8739 8737 8774
f 8737 8735 8775
f 8735 8734 8776
f 8776 8734 8777
f 2904 8778 8779
f 8780 8778 2904
f 8781 8780 2902
f 2875 8782 8781
f 8783 8784 2733
f 2825 8785 8786
f 8788 8789 8790
f 8792 8788 8787
f 2724 2723 8785
f 8787 8790 3115
f 8791 8787 3117
f 8794 8766 8765
f 8793 8765 8767
f 8795 8767 8768
f 8796 8768 8769
f 8797 8769 8771
f 8771 8772 8799
f 8772 8773 8800
f 8773 8774 8801
f 8774 8775 8802
f 8775 8776 8803
f 8776 3184 3056
f 8802 8803 2253
f 8801 8802 2252
f 8800 8801 1727
f 8799 8800 2150
f 8804 8798 8799
f 8805 8797 8798
f 8806 8796 8797
f 8807 8795 8796
f 8793 8795 8807
f 8794 8793 8808
f 8810 8811 8809
f 8808 8807 8806
f 8810 8806 8805
f 8813 8811 8810
f 8812 8805 8804
f 8815 8813 8812
f 8814 8804 1941
f 8755 8750 8752
f 8758 8748 8750
f 8760 8746 8748
f 8762 8743 8746
f 8816 8817 8764
f 8818 8819 8820
f 8816 8763 8782
f 8821 8818 8817
f 8789 8821 8783
f 8818 8821 8789
f 8819 8818 8788
f 8822 8820 8819
f 8823 8819 8792
f 8824 8792 8791
f 2712 8791 3119
f 8826 8822 8823
f 8825 8823 8824
f 8827 8824 2712
f 8828 8827 2711
f 8829 8825 8827
f 8830 8826 8825
f 8743 8762 8764
f 8817 8820 8831
f 8770 8744 8743
f 8741 8770 8831
f 8820 8822 8742
f 8740 8742 8822
f 8738 8740 8826
f 8736 8738 8830
f 8833 8828 2400
f 8834 8829 8828
f 8832 8830 8829
f 8835 8833 2402
f 3058 8835 2707
f 3061 8836 8835
f 8836 8834 8833
f 8733 8736 8832
f 8837 8832 8834
f 8777 8734 8733
f 8838 8733 8837
f 8837 8836 3061
f 1961 3057 8838
f 3057 3184 8777
f 8779 8754 8753
f 8778 8757 8754
f 8780 8759 8757
f 8781 8761 8759
f 8782 8763 8761
f 8821 8816 8784
f 8785 8790 8789
f 2723 3115 8790
f 2875 2733 8784
f 2736 2824 8786
f 2947 8779 8839
f 8815 8814 1360
f 1900 1925 1924
f 1736 1717 1718
f 1955 1952 1943
f 1671 1738 1735
f 1696 1750 1698
f 1800 1865 1864
f 2063 2055 2056
f 1737 1734 1717
f 1751 1735 1697
f 943 9337 9351
f 9108 8839 8753
f 1577 1578 1764
f 9369 1598 1599
f 1945 146 82
f 68 6 7
f 147 1542 1543
f 1109 1135 1133
f 1503 1910 1907
f 1499 1501 1909
f 452 1922 735
f 1824 2068 9287
f 1825 2067 2068
f 1463 1462 1022
f 841 1012 1009
f 1568 1547 1955
f 1910 1503 1502
f 1939 1502 422
f 309 280 1940
f 1804 1851 1866
f 269 1482 1954
f 2065 1607 2060
f 9264 1685 1758
f 280 276 552
f 1875 1873 1869
f 1739 1721 1734
f 5923 5897 5899
f 1778 1779 1790
f 310 1920 1915
f 1909 1908 1906
f 1789 1783 1778
f 978 981 980
f 1584 1759 1731
f 425 426 311
f 148 1543 115
f 2044 9349 9346
f 277 1910 1939
f 1943 1946 1945
f 1461 1462 1463
f 2253 8803 3056
f 2981 2254 8927
f 2209 2998 8927
f 2254 2253 3055
f 2998 926 958
f 2826 2817 2721
f 8928 2739 2721
f 2816 8929 8928
f 2334 2297 2296
f 2298 2297 2334
f 2301 2298 2336
f 2311 2301 2338
f 2312 2311 2354
f 2359 2358 2361
f 2335 2296 2359
f 2414 2413 2365
f 2413 2270 2361
f 2355 2352 2540
f 2541 2540 2539
f 2722 2721 2739
f 3114 2722 2738
f 3110 3112 3121
f 3108 3110 3120
f 3122 1754 3127
f 3112 3122 3126
f 3127 1754 1753
f 3139 3133 2529
f 9196 9227 3133
f 8928 2789 2740
f 8929 2790 2789
f 228 229 91
f 245 244 243
f 248 7 247
f 2 297 296
f 145 146 300
f 327 213 210
f 329 332 331
f 239 241 240
f 373 376 375
f 178 177 176
f 1218 1225 1228
f 9314 1231 1295
f 808 809 824
f 9310 9311 1013
f 9265 9262 1411
f 2154 2149 2159
f 9297 9287 1758
f 306 807 1922
f 2157 2153 1976
f 708 709 2031
f 1450 1226 1227
f 1672 1604 1605
f 1813 1814 1821
f 1717 1716 1715
f 176 159 402
f 1710 1705 9368
f 1712 1580 1577
f 1705 1713 1711
f 3435 3476 3475
f 971 978 979
f 822 823 1094
f 2909 2810 2793
f 2810 2769 2795
f 2799 2910 2249
f 9114 9095 2910
f 2769 2768 2801
f 3177 3176 3178
f 3178 8732 3180
f 3181 1394 1393
f 3181 1633 1632
f 3182 1632 2244
f 3183 2244 2243
f 8932 2791 2790
f 2808 8932 8929
f 2239 9018 9016
f 1149 1150 9015
f 1150 2009 9011
f 2202 9013 9010
f 2921 9008 9009
f 9012 9004 2133
f 1777 1579 1759
f 1201 1196 1183
f 9005 8998 2195
f 8997 9020 2770
f 9379 9377 1687
f 1516 152 154
f 8993 9006 2974
f 8994 8992 2779
f 2771 2772 9019
f 3070 2771 8990
f 8991 8988 2775
f 1376 1375 1370
f 2767 8987 9000
f 2195 8998 8987
f 2775 8988 8986
f 8344 5617 8989
f 9256 9254 8983
f 2776 8986 8982
f 2240 9016 8979
f 2920 8979 9121
f 8992 8978 2786
f 1805 1850 1851
f 8978 8976 2787
f 2951 2773 8984
f 2772 2951 8975
f 2973 2224 8974
f 2224 2223 8981
f 1957 1953 320
f 306 305 304
f 2770 9020 8972
f 2913 8972 9018
f 2923 9009 8971
f 308 1940 431
f 207 208 132
f 1879 1876 1881
f 9185 9239 8969
f 2475 3070 9002
f 2476 2475 8968
f 2223 2476 8967
f 8966 8993 2803
f 2037 9007 11
f 1959 1958 450
f 2003 8999 8964
f 9 10 334
f 2009 2008 8962
f 2008 2973 8980
f 9329 672 673
f 8959 8994 2778
f 2935 8958 8957
f 111 1149 9014
f 3238 3342 3341
f 8954 8958 2935
f 683 9328 9337
f 8952 9001 2810
f 736 733 732
f 1795 1804 1803
f 8949 8954 2938
f 8951 8949 2939
f 2950 8956 8948
f 2940 2949 8948
f 9253 9243 8956
f 2868 8953 8946
f 2869 8946 8966
f 1024 1034 1023
f 8944 8947 2948
f 551 1939 442
f 2972 8943 9012
f 2032 8977 8943
f 216 93 1924
f 3532 3534 3482
f 203 202 201
f 3539 3542 3541
f 1828 1848 1847
f 1958 1957 449
f 272 271 178
f 2871 8989 8939
f 9071 9121 9008
f 2801 2768 9095
f 2005 9210 9106
f 960 886 899
f 9109 9107 9064
f 9232 9240 9098
f 3151 9098 9045
f 2193 9056 9075
f 9059 9055 3145
f 9055 9101 2761
f 9044 9059 3144
f 2926 9110 9086
f 9086 9044 3104
f 9207 9206 9198
f 566 567 9210
f 8839 9108 1864
f 1602 1586 2079
f 2868 9110 9063
f 2922 9063 9062
f 2923 9062 9070
f 9122 9065 2918
f 9071 9122 9066
f 2921 9070 9122
f 2920 9066 9038
f 9065 9094 2915
f 2917 2766 9074
f 2916 2917 9093
f 2239 9039 9104
f 2911 9092 9104
f 9095 9092 2911
f 2797 2801 9114
f 2797 9043 9050
f 9074 9080 2763
f 9060 9080 2764
f 2194 9075 9100
f 2221 9100 9101
f 2756 9060 9061
f 2750 9050 9061
f 9121 8979 1817
f 9215 9222 1691
f 2515 9073 9042
f 2548 9042 9045
f 2513 2489 9084
f 2513 9068 9073
f 2509 9085 9072
f 2510 9084 9085
f 2289 9072 9091
f 2283 9091 9069
f 2240 9038 9039
f 9111 9109 9076
f 716 2121 9339
f 727 1999 9213
f 2165 2171 2170
f 9112 9111 9078
f 9195 9033 9030
f 2175 2172 769
f 2100 500 2095
f 9210 567 9209
f 640 9004 9012
f 1653 9020 8997
f 1895 8980 8974
f 746 8974 8981
f 1653 1810 8972
f 9214 1603 1604
f 2093 2075 2073
f 959 996 995
f 962 899 919
f 1400 1401 1398
f 1000 817 1127
f 956 959 884
f 1662 8992 8994
f 2034 9002 8990
f 9378 1689 8983
f 8979 9016 766
f 9016 9018 765
f 334 9014 9015
f 1868 8975 8984
f 1684 1651 1652
f 1682 1683 775
f 1585 1603 9214
f 9215 9214 1672
f 2173 2174 490
f 1658 8988 8991
f 9000 8987 1650
f 1571 9206 2010
f 1587 9116 9123
f 2099 2095 2077
f 787 9213 1999
f 2000 9146 786
f 3155 339 9149
f 9165 3155 9135
f 2180 2179 9137
f 8940 2180 9136
f 1684 9298 9292
f 1760 464 8939
f 2607 9141 9145
f 2581 9128 9141
f 2371 2502 9152
f 2371 9147 9145
f 2587 9128 9127
f 2586 9127 9149
f 2497 9143 9139
f 2502 2503 9139
f 2494 9143 9142
f 9142 9140 2472
f 9140 9153 2468
f 9153 9155 2469
f 726 9360 9344
f 581 9011 8962
f 10 8955 9014
f 1837 8958 8954
f 741 8981 8967
f 1299 8968 9002
f 1851 8951 8948
f 8971 9009 1820
f 580 8962 8980
f 1758 1685 8966
f 1693 9001 8952
f 8948 8956 1867
f 1894 1826 9012
f 2126 1418 9265
f 9358 2126 9293
f 2113 9363 9319
f 2179 9165 9241
f 624 9355 9356
f 2192 9056 9240
f 2177 8985 9239
f 1364 9276 9285
f 9310 9307 1470
f 3135 1753 9227
f 2069 9264 9287
f 1351 9313 9305
f 2108 9334 9353
f 2089 2092 9188
f 9280 9286 1358
f 2001 9201 9235
f 2187 9235 9171
f 2130 9208 9204
f 2004 9204 9201
f 2014 9176 9231
f 2201 9231 9208
f 3167 9172 9211
f 3168 9176 9172
f 3159 9161 9216
f 3160 9216 9217
f 9182 9159 3158
f 3158 9159 9161
f 2200 3069 9182
f 9137 9241 9194
f 9174 9226 2197
f 9242 9188 2092
f 9226 9242 9173
f 3154 9158 9242
f 3155 9165 9158
f 2091 9171 9173
f 2196 3148 9202
f 2193 2196 9228
f 9056 2193 9233
f 2086 2192 9232
f 2087 2086 9230
f 2204 9194 9203
f 2205 9203 9202
f 9361 9338 574
f 2124 2087 9229
f 2208 2124 9212
f 9163 9237 3140
f 9237 9197 3138
f 9197 9196 3139
f 9223 9164 3136
f 9164 9163 3137
f 9227 9219 3131
f 9219 9234 3132
f 1813 9291 9290
f 1293 9306 9308
f 2184 2321 9200
f 2181 2184 9184
f 9217 9220 3079
f 9220 9186 3080
f 709 9325 9327
f 2774 2961 9189
f 9238 9221 2134
f 9261 9260 766
f 2968 9236 9218
f 2969 9211 9236
f 2958 9199 9189
f 2132 9199 9218
f 2321 2185 9223
f 9312 9300 1449
f 9357 9326 582
f 9338 9341 577
f 9299 9278 1818
f 705 9354 9339
f 9268 9364 9359
f 2111 9335 9363
f 9262 9281 1366
f 1812 9291 9274
f 675 9303 9304
f 8940 9157 9303
f 2110 9319 9320
f 2104 9348 9353
f 2109 9320 9351
f 9294 9283 703
f 1680 9263 9298
f 1639 1627 9271
f 623 9356 9358
f 2139 2140 9318
f 1808 1640 9296
f 9272 9273 1819
f 9324 9366 9352
f 1646 9284 9282
f 9341 9342 633
f 2139 9317 9327
f 2156 2155 9323
f 674 9304 9365
f 2117 9269 9264
f 1815 9274 9299
f 9307 9301 1444
f 697 9358 9364
f 866 842 9288
f 9316 9321 2136
f 9037 9183 9178
f 9035 9192 9183
f 9205 9198 9190
f 9192 9035 9033
f 1088 9190 9198
f 9191 9192 9195
f 2791 8932 8933
f 8932 2808 2807
f 2792 8933 8934
f 8933 2807 2806
f 8952 2909 8934
f 8960 8934 2806
f 2948 8947 9243
f 2105 9360 9348
f 8982 9254 9256
f 680 9330 9328
f 1891 1890 9362
f 2905 9251 9253
f 2900 9249 9251
f 2901 9249 9259
f 2734 2878 9258
f 2877 9259 9258
f 2820 9252 9246
f 2818 9248 9244
f 2823 9245 9244
f 2822 9245 9250
f 2819 2735 9252
f 2817 9248 9247
f 2809 9257 9247
f 2808 9257 9255
f 2805 9256 9255
f 1702 9373 9375
f 9374 9372 1797
f 9367 9368 1706
f 9370 9379 1692
f 1657 9350 9332
f 1890 1877 9347
f 9224 9222 1674
f 1689 1690 9224
f 9378 9254 8982
f 8960 8983 1689
f 9369 9375 1703
f 1598 9369 9380
f 9332 9336 1876
f 1691 1690 9377
f 9377 9378 1688
f 9386 9385 9389
f 9386 9390 9391
f 9384 9388 9389
f 9390 9394 9395
f 9389 9388 9392
f 9389 9393 9394
f 9394 9398 9399
f 9393 9392 9396
f 9394 9393 9397
f 9399 9398 9402
f 9396 9400 9401
f 9397 9401 9402
f 9402 9406 9407
f 9401 9400 9404
f 9402 9401 9405
f 9407 9406 9410
f 9405 9404 9408
f 9405 9409 9410
f 9411 9410 9414
f 9409 9408 9412
f 9410 9409 9413
f 9414 9418 9419
f 9412 9416 9417
f 9413 9417 9418
f 9418 9422 9423
f 9417 9416 9420
f 9418 9417 9421
f 9422 9426 9427
f 9420 9424 9425
f 9421 9425 9426
f 9426 9430 9431
f 9425 9424 9428
f 9426 9425 9429
f 9431 9430 9434
f 9428 9432 9433
f 9429 9433 9434
f 9434 9438 9439
f 9433 9432 9436
f 9434 9433 9437
f 9439 9438 9442
f 9436 9440 9441
f 9437 9441 9442
f 9443 9442 9446
f 9441 9440 9444
f 9442 9441 9445
f 9447 9446 9450
f 9444 9448 9449
f 9445 9449 9450
f 9450 9454 9455
f 9449 9448 9452
f 9450 9449 9453
f 9454 9458 9459
f 9452 9456 9457
f 9453 9457 9458
f 9458 9462 9463
f 9457 9456 9460
f 9458 9457 9461
f 9463 9462 9466
f 9460 9464 9465
f 9461 9465 9466
f 9466 9470 9471
f 9465 9464 9468
f 9466 9465 9469
f 9471 9470 9474
f 9468 9472 9473
f 9469 9473 9474
f 9475 9474 9478
f 9473 9472 9476
f 9474 9473 9477
f 9479 9478 9482
f 9476 9480 9481
f 9477 9481 9482
f 9483 9482 9486
f 9481 9480 9484
f 9482 9481 9485
f 9486 9490 9491
f 9484 9488 9489
f 9485 9489 9490
f 9490 9494 9495
f 9489 9488 9492
f 9490 9489 9493
f 9495 9494 9498
f 9492 9496 9497
f 9493 9497 9498
f 9498 9502 9503
f 9497 9496 9500
f 9498 9497 9501
f 9503 9502 9507
f 9500 9505 9506
f 9501 9506 9507
f 9508 9507 9511
f 9505 9509 9510
f 9507 9506 9510
f 9512 9511 9386
f 9510 9509 9384
f 9510 9385 9386
f 9521 9520 9533
f 9518 9531 9532
f 9517 9516 9529
f 9515 9514 9527
f 9523 9536 9537
f 9521 9534 9535
f 9519 9532 9533
f 9518 9517 9530
f 9515 9528 9529
f 9513 9526 9527
f 9524 9537 9538
f 9523 9522 9535
f 9528 9541 9542
f 9526 9539 9540
f 9538 9537 9550
f 9535 9548 9549
f 9534 9533 9546
f 9531 9544 9545
f 9530 9529 9542
f 9528 9527 9540
f 9537 9536 9549
f 9534 9547 9548
f 9532 9545 9546
f 9531 9530 9543
f 9541 9554 9555
f 9540 9539 9552
f 9550 9563 9564
f 9548 9561 9562
f 9547 9546 9559
f 9544 9557 9558
f 9542 9555 9556
f 9541 9540 9553
f 9549 9562 9563
f 9547 9560 9561
f 9546 9545 9558
f 9544 9543 9556
f 9555 9554 9567
f 9552 9565 9566
f 9564 9563 9576
f 9562 9561 9574
f 9559 9572 9573
f 9557 9570 9571
f 9555 9568 9569
f 9553 9566 9567
f 9562 9575 9576
f 9561 9560 9573
f 9559 9558 9571
f 9557 9556 9569
f 9567 9580 9581
f 9566 9565 9578
f 9576 9589 9590
f 9575 9574 9587
f 9572 9585 9586
f 9571 9570 9583
f 9569 9568 9581
f 9566 9579 9580
f 9576 9575 9588
f 9574 9573 9586
f 9571 9584 9585
f 9569 9582 9583
f 9581 9580 9593
f 9578 9591 9592
f 9590 9589 9602
f 9588 9587 9600
f 9585 9598 9599
f 9583 9596 9597
f 9582 9581 9594
f 9579 9592 9593
f 9589 9588 9601
f 9587 9586 9599
f 9584 9597 9598
f 9583 9582 9595
f 9594 9593 9606
f 9592 9591 9604
f 9602 9615 9616
f 9601 9600 9613
f 9598 9611 9612
f 9596 9609 9610
f 9594 9607 9608
f 9592 9605 9606
f 9601 9614 9615
f 9600 9599 9612
f 9598 9597 9610
f 9596 9595 9608
f 9607 9606 9619
f 9605 9604 9617
f 9615 9628 9629
f 9613 9626 9627
f 9611 9624 9625
f 9610 9609 9622
f 9607 9620 9621
f 9605 9618 9619
f 9615 9614 9627
f 9613 9612 9625
f 9611 9610 9623
f 9608 9621 9622
f 9619 9632 9633
f 9617 9630 9631
f 9628 9641 9642
f 9627 9626 9639
f 9625 9624 9637
f 9622 9635 9636
f 9621 9620 9633
f 9619 9618 9631
f 9627 9640 9641
f 9625 9638 9639
f 9623 9636 9637
f 9622 9621 9634
f 9632 9645 9646
f 9630 9643 9644
f 9642 9641 9654
f 9639 9652 9653
f 9638 9637 9650
f 9635 9648 9649
f 9634 9633 9646
f 9632 9631 9644
f 9641 9640 9653
f 9638 9651 9652
f 9636 9649 9650
f 9635 9634 9647
f 9645 9658 9659
f 9644 9643 9656
f 9654 9667 9668
f 9652 9665 9666
f 9651 9650 9663
f 9648 9661 9662
f 9646 9659 9660
f 9645 9644 9657
f 9653 9666 9667
f 9651 9664 9665
f 9650 9649 9662
f 9648 9647 9660
f 9659 9658 9671
f 9656 9669 9670
f 9668 9667 9680
f 9665 9678 9679
f 9663 9676 9677
f 9661 9674 9675
f 9659 9672 9673
f 9657 9670 9671
f 9666 9679 9680
f 9665 9664 9677
f 9663 9662 9675
f 9661 9660 9673
f 9671 9684 9685
f 9670 9669 9682
f 9680 9693 9694
f 9678 9691 9692
f 9677 9676 9689
f 9675 9674 9687
f 9673 9672 9685
f 9670 9683 9684
f 9680 9679 9692
f 9678 9677 9690
f 9675 9688 9689
f 9673 9686 9687
f 9685 9684 9697
f 9682 9695 9696
f 9694 9693 9706
f 9692 9691 9704
f 9689 9702 9703
f 9687 9700 9701
f 9686 9685 9698
f 9683 9696 9697
f 9693 9692 9705
f 9691 9690 9703
f 9688 9701 9702
f 9687 9686 9699
f 9698 9697 9710
f 9696 9695 9708
f 9706 9719 9720
f 9705 9704 9717
f 9702 9715 9716
f 9700 9713 9714
f 9698 9711 9712
f 9696 9709 9710
f 9705 9718 9719
f 9704 9703 9716
f 9702 9701 9714
f 9700 9699 9712
f 9711 9710 9723
f 9709 9708 9721
f 9719 9732 9733
f 9717 9730 9731
f 9715 9728 9729
f 9714 9713 9726
f 9711 9724 9725
f 9709 9722 9723
f 9718 9731 9732
f 9717 9716 9729
f 9715 9714 9727
f 9712 9725 9726
f 9723 9736 9737
f 9721 9734 9735
f 9733 9732 9745
f 9731 9730 9743
f 9729 9728 9741
f 9726 9739 9740
f 9725 9724 9737
f 9723 9722 9735
f 9732 9731 9744
f 9729 9742 9743
f 9727 9740 9741
f 9726 9725 9738
f 9736 9749 9750
f 9734 9747 9748
f 9746 9745 9758
f 9743 9756 9757
f 9742 9741 9754
f 9739 9752 9753
f 9738 9737 9750
f 9736 9735 9748
f 9745 9744 9757
f 9742 9755 9756
f 9740 9753 9754
f 9739 9738 9751
f 9749 9762 9763
f 9748 9747 9760
f 9758 9771 9772
f 9756 9769 9770
f 9755 9754 9767
f 9752 9765 9766
f 9750 9763 9764
f 9749 9748 9761
f 9757 9770 9771
f 9756 9755 9768
f 9754 9753 9766
f 9752 9751 9764
f 9762 9775 9776
f 9760 9773 9774
f 9772 9771 9784
f 9770 9769 9782
f 9768 9767 9780
f 9765 9778 9779
f 9763 9776 9777
f 9762 9761 9774
f 9770 9783 9784
f 9768 9781 9782
f 9767 9766 9779
f 9764 9777 9778
f 9775 9788 9789
f 9774 9773 9786
f 9784 9797 9798
f 9782 9795 9796
f 9781 9780 9793
f 9779 9778 9791
f 9777 9776 9789
f 9774 9787 9788
f 9784 9783 9796
f 9782 9781 9794
f 9779 9792 9793
f 9777 9790 9791
f 9789 9788 9802
f 9786 9800 9801
f 9798 9797 9811
f 9796 9795 9809
f 9793 9807 9808
f 9792 9791 9805
f 9790 9789 9803
f 9787 9801 9802
f 9797 9796 9810
f 9795 9794 9808
f 9792 9806 9807
f 9790 9804 9805
f 9803 9802 9815
f 9801 9800 9813
f 9811 9824 9825
f 9810 9809 9822
f 9807 9820 9821
f 9806 9805 9818
f 9803 9816 9817
f 9801 9814 9815
f 9810 9823 9824
f 9809 9808 9821
f 9807 9806 9819
f 9804 9817 9818
f 9816 9815 9828
f 9814 9813 9826
f 9825 9824 9837
f 9822 9835 9836
f 9820 9833 9834
f 9819 9818 9831
f 9816 9829 9830
f 9814 9827 9828
f 9824 9823 9836
f 9822 9821 9834
f 9820 9819 9832
f 9817 9830 9831
f 9828 9841 9842
f 9826 9839 9840
f 9837 9850 9851
f 9836 9835 9848
f 9834 9833 9846
f 9831 9844 9845
f 9830 9829 9842
f 9828 9827 9840
f 9836 9849 9850
f 9834 9847 9848
f 9832 9845 9846
f 9831 9830 9843
f 9841 9854 9855
f 9839 9852 9853
f 9851 9850 9863
f 9848 9861 9862
f 9847 9846 9859
f 9845 9844 9857
f 9843 9842 9855
f 9841 9840 9853
f 9850 9849 9862
f 9847 9860 9861
f 9845 9858 9859
f 9843 9856 9857
f 9854 9867 9868
f 9853 9852 9865
f 9863 9876 9877
f 9861 9874 9875
f 9860 9859 9872
f 9858 9857 9870
f 9855 9868 9869
f 9854 9853 9866
f 9862 9875 9876
f 9860 9873 9874
f 9859 9858 9871
f 9856 9869 9870
f 9868 9867 9880
f 9865 9878 9879
f 9877 9876 9889
f 9875 9874 9887
f 9873 9872 9885
f 9870 9883 9884
f 9868 9881 9882
f 9867 9866 9879
f 9875 9888 9889
f 9873 9886 9887
f 9872 9871 9884
f 9870 9869 9882
f 9880 9893 9894
f 9878 9891 9892
f 9889 9902 9903
f 9887 9900 9901
f 9886 9885 9898
f 9884 9883 9896
f 9882 9881 9894
f 9879 9892 9893
f 9889 9888 9901
f 9887 9886 9899
f 9884 9897 9898
f 9882 9895 9896
f 9894 9893 9906
f 9891 9904 9905
f 9903 9902 9915
f 9901 9900 9913
f 9898 9911 9912
f 9896 9909 9910
f 9895 9894 9907
f 9892 9905 9906
f 9902 9901 9914
f 9899 9912 9913
f 9897 9910 9911
f 9896 9895 9908
f 9907 9906 9919
f 9905 9904 9917
f 9915 9928 9929
f 9914 9913 9926
f 9911 9924 9925
f 9909 9922 9923
f 9907 9920 9921
f 9905 9918 9919
f 9914 9927 9928
f 9913 9912 9925
f 9911 9910 9923
f 9909 9908 9921
f 9920 9919 9515
f 9918 9917 9513
f 9929 9928 9524
f 9926 9522 9523
f 9924 9520 9521
f 9923 9922 9518
f 9920 9516 9517
f 9918 9514 9515
f 9928 9927 9523
f 9926 9925 9521
f 9924 9923 9519
f 9921 9517 9518
f 9387 9513 9917
f 9917 9904 9508
f 9904 9891 9503
f 9891 9878 9499
f 9499 9878 9865
f 9495 9865 9852
f 9491 9852 9839
f 9839 9826 9483
f 9483 9826 9813
f 9813 9800 9475
f 9800 9786 9471
f 9786 9773 9467
f 9467 9773 9760
f 9463 9760 9747
f 9459 9747 9734
f 9734 9721 9451
f 9451 9721 9708
f 9708 9695 9443
f 9695 9682 9439
f 9682 9669 9435
f 9435 9669 9656
f 9431 9656 9643
f 9427 9643 9630
f 9630 9617 9419
f 9419 9617 9604
f 9604 9591 9411
f 9591 9578 9407
f 9578 9565 9403
f 9403 9565 9552
f 9399 9552 9539
f 9395 9539 9526
f 9526 9513 9387
f 9932 9931 9935
f 9932 9936 9937
f 9931 9930 9934
f 9936 9940 9941
f 9934 9938 9939
f 9935 9939 9940
f 9940 9944 9945
f 9939 9938 9942
f 9940 9939 9943
f 9945 9944 9948
f 9942 9946 9947
f 9943 9947 9948
f 9948 9952 9953
f 9947 9946 9950
f 9948 9947 9951
f 9953 9952 9956
f 9950 9954 9955
f 9951 9955 9956
f 9957 9956 9960
f 9955 9954 9958
f 9956 9955 9959
f 9961 9960 9964
f 9958 9962 9963
f 9959 9963 9964
f 9965 9964 9968
f 9963 9962 9966
f 9964 9963 9967
f 9968 9972 9973
f 9966 9970 9971
f 9967 9971 9972
f 9972 9976 9977
f 9970 9974 9975
f 9972 9971 9975
f 9977 9976 9980
f 9974 9978 9979
f 9975 9979 9980
f 9980 9984 9985
f 9979 9978 9982
f 9980 9979 9983
f 9985 9984 9988
f 9982 9986 9987
f 9983 9987 9988
f 9989 9988 9992
f 9986 9990 9991
f 9988 9987 9991
f 9993 9992 9996
f 9991 9990 9994
f 9991 9995 9996
f 9996 10000 10001
f 9994 9998 9999
f 9996 9995 9999
f 10000 10004 10005
f 9999 9998 10002
f 9999 10003 10004
f 10004 10008 10009
f 10003 10002 10006
f 10004 10003 10007
f 10009 10008 10012
f 10006 10010 10011
f 10007 10011 10012
f 10012 10016 10017
f 10011 10010 10014
f 10012 10011 10015
f 10017 10016 10020
f 10014 10018 10019
f 10015 10019 10020
f 10021 10020 10024
f 10019 10018 10022
f 10020 10019 10023
f 10024 10028 10029
f 10022 10026 10027
f 10023 10027 10028
f 10028 10032 10033
f 10027 10026 10030
f 10028 10027 10031
f 10032 10036 10037
f 10030 10034 10035
f 10031 10035 10036
f 10036 10040 10041
f 10035 10034 10038
f 10036 10035 10039
f 10041 10040 10044
f 10038 10042 10043
f 10039 10043 10044
f 10044 10048 10049
f 10043 10042 10046
f 10044 10043 10047
f 10049 10048 10053
f 10046 10051 10052
f 10047 10052 10053
f 10054 10053 10057
f 10052 10051 10055
f 10053 10052 10056
f 10058 10057 9932
f 10055 9930 9931
f 10056 9931 9932
f 10067 10066 10079
f 10064 10077 10078
f 10063 10062 10075
f 10061 10060 10073
f 10070 10069 10082
f 10067 10080 10081
f 10065 10078 10079
f 10064 10063 10076
f 10061 10074 10075
f 10059 10072 10073
f 10071 10070 10083
f 10069 10068 10081
f 10074 10087 10088
f 10072 10085 10086
f 10084 10083 10096
f 10081 10094 10095
f 10080 10079 10092
f 10078 10077 10090
f 10076 10075 10088
f 10074 10073 10086
f 10083 10082 10095
f 10080 10093 10094
f 10078 10091 10092
f 10076 10089 10090
f 10087 10100 10101
f 10086 10085 10098
f 10096 10109 10110
f 10094 10107 10108
f 10093 10092 10105
f 10091 10090 10103
f 10088 10101 10102
f 10087 10086 10099
f 10095 10108 10109
f 10094 10093 10106
f 10092 10091 10104
f 10089 10102 10103
f 10100 10113 10114
f 10098 10111 10112
f 10110 10109 10122
f 10108 10107 10120
f 10105 10118 10119
f 10103 10116 10117
f 10101 10114 10115
f 10100 10099 10112
f 10108 10121 10122
f 10106 10119 10120
f 10105 10104 10117
f 10103 10102 10115
f 10113 10126 10127
f 10112 10111 10124
f 10122 10135 10136
f 10120 10133 10134
f 10119 10118 10131
f 10117 10116 10129
f 10115 10114 10127
f 10113 10112 10125
f 10122 10121 10134
f 10119 10132 10133
f 10117 10130 10131
f 10115 10128 10129
f 10127 10126 10139
f 10124 10137 10138
f 10136 10135 10148
f 10134 10133 10146
f 10131 10144 10145
f 10130 10129 10142
f 10128 10127 10140
f 10125 10138 10139
f 10135 10134 10147
f 10133 10132 10145
f 10130 10143 10144
f 10128 10141 10142
f 10140 10139 10152
f 10138 10137 10150
f 10148 10161 10162
f 10147 10146 10159
f 10144 10157 10158
f 10143 10142 10155
f 10140 10153 10154
f 10138 10151 10152
f 10147 10160 10161
f 10146 10145 10158
f 10144 10143 10156
f 10141 10154 10155
f 10153 10152 10165
f 10151 10150 10163
f 10162 10161 10174
f 10159 10172 10173
f 10157 10170 10171
f 10156 10155 10168
f 10153 10166 10167
f 10151 10164 10165
f 10161 10160 10173
f 10159 10158 10171
f 10157 10156 10169
f 10154 10167 10168
f 10165 10178 10179
f 10163 10176 10177
f 10175 10174 10187
f 10173 10172 10185
f 10171 10170 10183
f 10168 10181 10182
f 10167 10166 10179
f 10165 10164 10177
f 10173 10186 10187
f 10171 10184 10185
f 10169 10182 10183
f 10168 10167 10180
f 10178 10191 10192
f 10176 10189 10190
f 10188 10187 10200
f 10185 10198 10199
f 10184 10183 10196
f 10182 10181 10194
f 10180 10179 10192
f 10178 10177 10190
f 10187 10186 10199
f 10184 10197 10198
f 10182 10195 10196
f 10180 10193 10194
f 10191 10204 10205
f 10190 10189 10202
f 10200 10213 10214
f 10198 10211 10212
f 10197 10196 10209
f 10195 10194 10207
f 10192 10205 10206
f 10191 10190 10203
f 10199 10212 10213
f 10197 10210 10211
f 10196 10195 10208
f 10193 10206 10207
f 10205 10204 10217
f 10202 10215 10216
f 10214 10213 10226
f 10211 10224 10225
f 10210 10209 10222
f 10207 10220 10221
f 10205 10218 10219
f 10204 10203 10216
f 10212 10225 10226
f 10210 10223 10224
f 10209 10208 10221
f 10207 10206 10219
f 10217 10230 10231
f 10216 10215 10228
f 10226 10239 10240
f 10224 10237 10238
f 10223 10222 10235
f 10221 10220 10233
f 10219 10218 10231
f 10217 10216 10229
f 10226 10225 10238
f 10223 10236 10237
f 10221 10234 10235
f 10219 10232 10233
f 10231 10230 10243
f 10228 10241 10242
f 10240 10239 10252
f 10238 10237 10250
f 10235 10248 10249
f 10234 10233 10246
f 10232 10231 10244
f 10229 10242 10243
f 10239 10238 10251
f 10237 10236 10249
f 10234 10247 10248
f 10232 10245 10246
f 10244 10243 10256
f 10242 10241 10254
f 10252 10265 10266
f 10251 10250 10263
f 10248 10261 10262
f 10247 10246 10259
f 10244 10257 10258
f 10242 10255 10256
f 10251 10264 10265
f 10250 10249 10262
f 10248 10247 10260
f 10245 10258 10259
f 10257 10256 10269
f 10255 10254 10267
f 10266 10265 10278
f 10263 10276 10277
f 10261 10274 10275
f 10260 10259 10272
f 10257 10270 10271
f 10255 10268 10269
f 10265 10264 10277
f 10263 10262 10275
f 10261 10260 10273
f 10258 10271 10272
f 10269 10282 10283
f 10267 10280 10281
f 10278 10291 10292
f 10277 10276 10289
f 10275 10274 10287
f 10272 10285 10286
f 10271 10270 10283
f 10269 10268 10281
f 10277 10290 10291
f 10275 10288 10289
f 10273 10286 10287
f 10272 10271 10284
f 10282 10295 10296
f 10280 10293 10294
f 10292 10291 10304
f 10289 10302 10303
f 10288 10287 10300
f 10286 10285 10298
f 10284 10283 10296
f 10282 10281 10294
f 10291 10290 10303
f 10288 10301 10302
f 10286 10299 10300
f 10284 10297 10298
f 10295 10308 10309
f 10294 10293 10306
f 10304 10317 10318
f 10302 10315 10316
f 10301 10300 10313
f 10299 10298 10311
f 10296 10309 10310
f 10295 10294 10307
f 10303 10316 10317
f 10301 10314 10315
f 10300 10299 10312
f 10297 10310 10311
f 10309 10308 10321
f 10307 10306 10319
f 10318 10317 10330
f 10316 10315 10328
f 10314 10313 10326
f 10311 10324 10325
f 10309 10322 10323
f 10308 10307 10320
f 10316 10329 10330
f 10314 10327 10328
f 10313 10312 10325
f 10311 10310 10323
f 10321 10334 10335
f 10320 10319 10332
f 10330 10343 10344
f 10329 10328 10341
f 10326 10339 10340
f 10325 10324 10337
f 10323 10322 10335
f 10320 10333 10334
f 10330 10329 10342
f 10328 10327 10340
f 10325 10338 10339
f 10323 10336 10337
f 10335 10334 10348
f 10332 10346 10347
f 10344 10343 10357
f 10342 10341 10355
f 10339 10353 10354
f 10337 10351 10352
f 10336 10335 10349
f 10333 10347 10348
f 10343 10342 10356
f 10341 10340 10354
f 10338 10352 10353
f 10337 10336 10350
f 10349 10348 10361
f 10347 10346 10359
f 10357 10370 10371
f 10356 10355 10368
f 10353 10366 10367
f 10351 10364 10365
f 10349 10362 10363
f 10347 10360 10361
f 10356 10369 10370
f 10355 10354 10367
f 10353 10352 10365
f 10351 10350 10363
f 10362 10361 10374
f 10360 10359 10372
f 10371 10370 10383
f 10368 10381 10382
f 10366 10379 10380
f 10365 10364 10377
f 10362 10375 10376
f 10360 10373 10374
f 10370 10369 10382
f 10368 10367 10380
f 10366 10365 10378
f 10363 10376 10377
f 10374 10387 10388
f 10372 10385 10386
f 10383 10396 10397
f 10382 10381 10394
f 10380 10379 10392
f 10377 10390 10391
f 10376 10375 10388
f 10374 10373 10386
f 10382 10395 10396
f 10380 10393 10394
f 10378 10391 10392
f 10377 10376 10389
f 10387 10400 10401
f 10385 10398 10399
f 10397 10396 10409
f 10394 10407 10408
f 10393 10392 10405
f 10390 10403 10404
f 10389 10388 10401
f 10387 10386 10399
f 10396 10395 10408
f 10393 10406 10407
f 10391 10404 10405
f 10390 10389 10402
f 10400 10413 10414
f 10399 10398 10411
f 10409 10422 10423
f 10407 10420 10421
f 10406 10405 10418
f 10403 10416 10417
f 10401 10414 10415
f 10400 10399 10412
f 10408 10421 10422
f 10406 10419 10420
f 10405 10404 10417
f 10403 10402 10415
f 10414 10413 10426
f 10411 10424 10425
f 10423 10422 10435
f 10420 10433 10434
f 10418 10431 10432
f 10416 10429 10430
f 10414 10427 10428
f 10412 10425 10426
f 10421 10434 10435
f 10419 10432 10433
f 10418 10417 10430
f 10416 10415 10428
f 10427 10426 10439
f 10425 10424 10437
f 10435 10448 10449
f 10433 10446 10447
f 10431 10444 10445
f 10430 10429 10442
f 10428 10427 10440
f 10425 10438 10439
f 10435 10434 10447
f 10433 10432 10445
f 10430 10443 10444
f 10428 10441 10442
f 10440 10439 10452
f 10437 10450 10451
f 10449 10448 10461
f 10447 10446 10459
f 10444 10457 10458
f 10443 10442 10455
f 10441 10440 10453
f 10438 10451 10452
f 10448 10447 10460
f 10446 10445 10458
f 10443 10456 10457
f 10441 10454 10455
f 10453 10452 10465
f 10451 10450 10463
f 10461 10474 10475
f 10460 10459 10472
f 10457 10470 10471
f 10456 10455 10468
f 10453 10466 10467
f 10451 10464 10465
f 10460 10473 10474
f 10459 10458 10471
f 10457 10456 10469
f 10454 10467 10468
f 10466 10465 10061
f 10464 10463 10059
f 10474 10070 10071
f 10472 10068 10069
f 10470 10066 10067
f 10469 10468 10064
f 10466 10062 10063
f 10464 10060 10061
f 10473 10069 10070
f 10472 10471 10067
f 10470 10469 10065
f 10467 10063 10064
f 9933 10059 10463
f 10463 10450 10054
f 10450 10437 10049
f 10437 10424 10045
f 10045 10424 10411
f 10041 10411 10398
f 10037 10398 10385
f 10385 10372 10029
f 10029 10372 10359
f 10359 10346 10021
f 10346 10332 10017
f 10332 10319 10013
f 10013 10319 10306
f 10009 10306 10293
f 10005 10293 10280
f 10280 10267 9997
f 9997 10267 10254
f 10254 10241 9989
f 10241 10228 9985
f 10228 10215 9981
f 9981 10215 10202
f 9977 10202 10189
f 9973 10189 10176
f 10176 10163 9965
f 9965 10163 10150
f 10150 10137 9957
f 10137 10124 9953
f 10124 10111 9949
f 9949 10111 10098
f 9945 10098 10085
f 9941 10085 10072
f 10072 10059 9933