# https://github.com/mikedh/trimesh
v -0.13488494 -0.05452286 -1.54167306
v -0.13366701 -0.05844241 -1.54048312
v -0.13316202 -0.05908747 -1.54170322
v -0.13428506 -0.05497554 -1.54288876
v -0.14201626 -0.06784804 -1.54467416
v -0.13742615 -0.06740738 -1.54702377
v -0.13652354 -0.06692690 -1.54968607
v -0.13936763 -0.06705368 -1.55022931
v -0.20678905 -0.02963893 -1.51813936
v -0.21272582 -0.01604028 -1.51843071
v -0.21102279 -0.01540988 -1.50825787
v -0.20488210 -0.02739847 -1.50391233
v -0.18717867 -0.04374713 -1.47707033
v -0.19206192 -0.03917088 -1.48649895
v -0.19649480 -0.03857921 -1.47436607
v -0.18651643 -0.04638639 -1.46915913
v -0.03873270 -0.02258732 -1.57484162
v -0.04342383 -0.03049105 -1.57454896
v -0.04193889 -0.02875335 -1.56766129
v -0.15026240 0.06173649 -1.54525423
v -0.15013075 0.06584303 -1.54421902
v -0.14964473 0.06633010 -1.54542398
v -0.14976588 0.06197935 -1.54646230
v -0.16085608 0.07266099 -1.54920924
v -0.15637177 0.07345700 -1.55131197
v -0.15518686 0.07322735 -1.55397856
v -0.15800995 0.07261216 -1.55452800
v -0.03860683 -0.02146472 -1.56774354
v -0.14405242 -0.08834890 -1.56818688
v -0.14602920 -0.08849096 -1.56602836
v -0.14458068 -0.08838703 -1.56380248
v -0.14295897 -0.08821554 -1.56596720
v -0.14820735 -0.08397117 -1.55013740
v -0.14765328 -0.08419960 -1.55769897
v -0.14744134 -0.08561970 -1.56040001
v -0.14724371 -0.08563088 -1.55795503
v -0.14810783 -0.08341812 -1.53914118
v -0.14755344 -0.08232071 -1.53960419
v -0.14788534 -0.08419261 -1.54451895
v -0.14856100 -0.08542059 -1.54430425
v -0.13328527 -0.06612603 -1.51506710
v -0.13419007 -0.06899609 -1.51768684
v -0.13605024 -0.06955525 -1.51565397
v -0.13546842 -0.06492525 -1.51399291
v -0.13623476 -0.06218516 -1.51567876
v -0.13999228 -0.06702401 -1.51605928
v -0.14008735 -0.06668708 -1.51935256
v -0.13713244 -0.06278405 -1.51851153
v -0.12819910 -0.08146118 -1.57390022
v -0.12863359 -0.08160190 -1.57049215
v -0.12683526 -0.07961639 -1.56921065
v -0.12600613 -0.07938187 -1.57236588
v -0.14712560 -0.06885219 -1.54527164
v -0.14725116 -0.06735089 -1.53841722
v -0.14843477 -0.07383161 -1.54365516
v -0.14788488 -0.07424080 -1.54633617
v -0.13819636 -0.08061761 -1.56577432
v -0.14112854 -0.08196360 -1.56755662
v -0.14276573 -0.08262100 -1.56588709
v -0.14080693 -0.08112296 -1.56363273
v -0.14503244 -0.08497868 -1.57035649
v -0.14719525 -0.08520449 -1.56771421
v -0.12947971 -0.06427820 -1.52314985
v -0.12769786 -0.06340373 -1.52652276
v -0.12850887 -0.06400496 -1.52849936
v -0.13009845 -0.06440137 -1.52780199
v -0.13897666 -0.06629989 -1.54361951
v -0.13583675 -0.06769093 -1.54724216
v -0.14646557 -0.07886843 -1.52781725
v -0.14501803 -0.07865706 -1.52949643
v -0.14698805 -0.08110782 -1.53420568
v -0.14851949 -0.08150191 -1.53326297
v -0.14292112 -0.07525597 -1.53160810
v -0.14536440 -0.07782492 -1.53510702
v -0.14669487 -0.07922264 -1.53588343
v -0.14543642 -0.07791290 -1.53340054
v -0.13660422 -0.08344322 -1.56871307
v -0.13178946 -0.08079049 -1.56980753
v -0.13161196 -0.08176384 -1.56908512
v -0.13650672 -0.08442086 -1.56823635
v -0.14416775 -0.07628722 -1.55752563
v -0.14129558 -0.07462921 -1.56184399
v -0.14138471 -0.07366238 -1.56134415
v -0.14400794 -0.07516970 -1.55750728
v -0.14385721 -0.08472408 -1.56740117
v -0.14555065 -0.08508875 -1.56499624
v -0.14465858 -0.08318453 -1.56373286
v -0.12935475 -0.06878626 -1.56080854
v -0.13004926 -0.06969503 -1.56181049
v -0.13095333 -0.07016119 -1.56036890
v -0.13042644 -0.06957678 -1.55913031
v -0.13961637 -0.06957305 -1.51535463
v -0.14444846 -0.06461322 -1.52831721
v -0.14565849 -0.06658238 -1.52909923
v -0.14695695 -0.06976964 -1.53380585
v -0.14691998 -0.06846482 -1.53500819
v -0.13147750 -0.06187231 -1.51631808
v -0.13093011 -0.06473294 -1.51646900
v -0.13213836 -0.06558979 -1.51540458
v -0.13319756 -0.06268603 -1.51501846
v -0.12897557 -0.07213234 -1.56524193
v -0.13093242 -0.07482358 -1.56507111
v -0.13079840 -0.07280061 -1.56406438
v -0.12923707 -0.07094450 -1.56400979
v -0.14669549 -0.08273006 -1.55546355
v -0.14314178 -0.08154228 -1.56148469
v -0.14411616 -0.08108497 -1.54538262
v -0.14687723 -0.08156914 -1.54617333
v -0.14670032 -0.08062179 -1.54200649
v -0.20981637 0.02331869 -1.51881480
v -0.21446872 0.00894156 -1.51897621
v -0.21260074 0.00904759 -1.50856352
v -0.20788869 0.02301842 -1.50340140
v -0.14404777 -0.08020865 -1.54121876
v -0.14188927 -0.08091819 -1.55290747
v -0.14512759 -0.08174872 -1.55395591
v -0.14384855 -0.08575881 -1.56277633
v -0.14597818 -0.08589375 -1.55720246
v -0.14457968 -0.08550640 -1.56376314
v -0.13860293 -0.07233337 -1.56444788
v -0.14154170 -0.07316363 -1.56842065
v -0.14455719 -0.07258707 -1.56236529
v -0.14041173 -0.07276679 -1.56229031
v -0.12756591 -0.06473505 -1.53215396
v -0.12805769 -0.06622118 -1.53462505
v -0.13027264 -0.06521723 -1.53269947
v -0.13070928 -0.06436309 -1.53049850
v -0.14614859 -0.07021344 -1.53159952
v -0.14509666 -0.06722060 -1.52787662
v -0.14442147 -0.06759483 -1.52738082
v -0.14520770 -0.07045860 -1.52963209
v -0.13238515 -0.07763034 -1.56684566
v -0.13462842 -0.07776680 -1.56200647
v -0.13338205 -0.07588053 -1.56171322
v -0.13516389 -0.07052087 -1.53091013
v -0.13655201 -0.07136062 -1.53265667
v -0.13891990 -0.07282770 -1.53027940
v -0.13792756 -0.07209341 -1.52780926
v -0.14318046 -0.07437173 -1.52024782
v -0.14421144 -0.07219656 -1.52023733
v -0.14192927 -0.06963339 -1.51747406
v -0.14136535 -0.07197737 -1.51712930
v -0.13019058 -0.06433101 -1.52926767
v -0.12839580 -0.06422551 -1.52972102
v -0.14582890 -0.07826620 -1.55831611
v -0.14223900 -0.07696126 -1.56360257
v -0.13920924 -0.07989957 -1.56163287
v -0.14114434 -0.08058947 -1.55948114
v -0.12921143 -0.06784940 -1.54565561
v -0.13053793 -0.06550531 -1.54662490
v -0.13076584 -0.06541185 -1.54589558
v -0.12947826 -0.06844226 -1.54420376
v -0.12784870 -0.06822323 -1.54514694
v -0.12813409 -0.06869519 -1.54369378
v -0.12709479 -0.06817872 -1.54317904
v -0.12674752 -0.06783246 -1.54390025
v -0.13100804 -0.06462239 -1.54710996
v -0.13079219 -0.06491524 -1.54662168
v -0.13089457 -0.06522220 -1.54736018
v -0.14117114 -0.07012549 -1.55299067
v -0.14468563 -0.07150806 -1.54575062
v -0.14410970 -0.06962065 -1.54547000
v -0.14067243 -0.06807559 -1.55148840
v -0.14808461 -0.08264071 -1.54767537
v -0.12330511 -0.07563689 -1.56786954
v -0.12288544 -0.07416650 -1.56979477
v -0.12573072 -0.07737283 -1.57428646
v -0.13931701 -0.06613091 -1.53459001
v -0.13580602 -0.06863230 -1.53480268
v -0.13442193 -0.06710719 -1.53402352
v -0.13764435 -0.06568310 -1.53382015
v -0.13167302 -0.06491733 -1.53760457
v -0.13217226 -0.06288813 -1.53416800
v -0.13048831 -0.06691796 -1.53565657
v -0.12607291 -0.06793328 -1.55096948
v -0.12978120 -0.06676842 -1.54809308
v -0.12870571 -0.06748603 -1.54661775
v -0.12729397 -0.06784969 -1.54659641
v -0.14967243 -0.08362265 -1.53892910
v -0.15021347 -0.08544625 -1.54433537
v -0.15195693 -0.08406755 -1.54459333
v -0.15149552 -0.08231817 -1.53870118
v -0.12901804 -0.06231748 -1.51957428
v -0.13284275 -0.05998414 -1.51790476
v -0.12754592 -0.06175381 -1.52234674
v -0.13716719 -0.08681253 -1.57316434
v -0.13740881 -0.08355994 -1.57532179
v -0.14020890 -0.08425459 -1.57416284
v -0.13975570 -0.08761367 -1.57175875
v -0.13431594 -0.06562916 -1.55451012
v -0.13444614 -0.06584783 -1.55256236
v -0.13271178 -0.06592584 -1.55350757
v -0.13235027 -0.06562513 -1.55544996
v -0.18539660 -0.05160751 -1.52963710
v -0.16660970 -0.05884944 -1.52596688
v -0.17103896 -0.06354450 -1.54100704
v -0.18703878 -0.05780793 -1.54391336
v -0.14162937 -0.07512156 -1.52279270
v -0.13983802 -0.07382818 -1.52005589
v -0.12294038 -0.06879712 -1.55775893
v -0.12110012 -0.06818279 -1.55942523
v -0.12102168 -0.06939922 -1.56481171
v -0.12193933 -0.06994812 -1.56166244
v -0.15062252 -0.08590797 -1.56021929
v -0.14889416 -0.08852533 -1.55900192
v -0.12742227 -0.07137723 -1.56544673
v -0.12906933 -0.07527860 -1.56943727
v -0.12899742 -0.07309757 -1.56672037
v -0.12788031 -0.07105637 -1.56496263
v -0.12819704 -0.07075404 -1.55666316
v -0.12743554 -0.07128415 -1.55787694
v -0.12755500 -0.06944467 -1.55883062
v -0.12822565 -0.06847738 -1.55760920
v -0.11887838 -0.06780889 -1.56377339
v -0.12052681 -0.06997986 -1.56896102
v -0.14391509 -0.06273252 -1.52779317
v -0.12528625 -0.07054554 -1.55733848
v -0.12426180 -0.07134406 -1.55977166
v -0.12666109 -0.07211666 -1.55933881
v -0.19279692 0.04157259 -1.47515452
v -0.19780456 0.03667013 -1.48483706
v -0.20128018 0.03477213 -1.47259831
v -0.19215506 0.04318812 -1.46694136
v -0.12557594 -0.06265602 -1.52696109
v -0.12702759 -0.06361826 -1.52919888
v -0.12808774 -0.07035109 -1.56398022
v -0.12849900 -0.06960569 -1.56275690
v -0.12907237 -0.06804570 -1.55908406
v -0.13093823 -0.06872072 -1.55766320
v -0.13862652 -0.07596473 -1.55302286
v -0.14214686 -0.07802778 -1.54530406
v -0.15639402 -0.06467764 -1.53855157
v -0.14634351 -0.05897761 -1.52168345
v -0.12775253 -0.06829213 -1.55930686
v -0.12785529 -0.06823429 -1.55979633
v -0.12853535 -0.06744882 -1.55882168
v -0.12842287 -0.06744451 -1.55833125
v -0.13817772 -0.07241821 -1.51780820
v -0.13472718 -0.07438400 -1.55854392
v -0.13380995 -0.07101817 -1.55628335
v -0.13238686 -0.07172542 -1.55821967
v -0.14728737 -0.08555497 -1.54916525
v -0.14568782 -0.08678991 -1.55696511
v -0.14689422 -0.08854424 -1.55774403
v -0.14839803 -0.08700294 -1.54920578
v -0.13438745 -0.06068875 -1.51672244
v -0.13548690 -0.06594697 -1.55209482
v -0.13507777 -0.06722043 -1.55015135
v -0.13215297 -0.06645101 -1.55667830
v -0.12983274 -0.06647647 -1.55761194
v -0.12572488 -0.06383733 -1.53186309
v -0.14020528 -0.08331700 -1.57048774
v -0.14202455 -0.08411042 -1.56906760
v -0.13942960 -0.08167417 -1.56874168
v -0.13759996 -0.08107235 -1.56943166
v -0.13426284 -0.07978082 -1.57032824
v -0.13343799 -0.07981206 -1.57177818
v -0.13789949 -0.08223768 -1.57165062
v -0.13233125 -0.06977367 -1.55697119
v -0.13128158 -0.07064567 -1.55818427
v -0.13418606 -0.06989890 -1.52941847
v -0.13649932 -0.07090835 -1.52385998
v -0.14565283 -0.07916445 -1.53806055
v -0.14275986 -0.07853720 -1.53799796
v -0.15145442 -0.08137902 -1.55040681
v -0.14959203 -0.08135017 -1.55940521
v -0.14752777 -0.07976405 -1.55861259
v -0.15005374 -0.08008890 -1.55036306
v -0.14638053 -0.07422324 -1.55192327
v -0.14620660 -0.07088942 -1.55260682
v -0.12606087 -0.06733029 -1.54485726
v -0.12328087 -0.06649175 -1.54796779
v -0.13236661 -0.06598855 -1.55594349
v -0.13015756 -0.06608237 -1.55712426
v -0.14745089 -0.07458574 -1.53461337
v -0.14288497 -0.06949684 -1.52591324
v -0.14641337 -0.07427931 -1.53190422
v -0.14145380 -0.06527372 -1.52485216
v -0.13953765 -0.06462887 -1.52334261
v -0.14090493 -0.06738401 -1.52364993
v -0.14156142 -0.07517505 -1.53329062
v -0.14354509 -0.07735527 -1.53506660
v -0.13170066 -0.06419422 -1.54711711
v -0.13351443 -0.06290045 -1.54591250
v -0.13136822 -0.06318668 -1.54685295
v -0.13988310 -0.07920603 -1.55284655
v -0.14250267 -0.08008509 -1.54509473
v -0.12714285 -0.07098673 -1.56006479
v -0.13053697 -0.06950110 -1.55083013
v -0.12763847 -0.07012862 -1.55347025
v -0.12545204 -0.07435508 -1.56300902
v -0.12668617 -0.07270288 -1.56178880
v -0.12685750 -0.07199436 -1.56080568
v -0.12596190 -0.07295302 -1.56104624
v -0.13513011 -0.05743520 -1.53829932
v -0.13371474 -0.06042929 -1.53611636
v -0.13249686 -0.06197366 -1.53880048
v -0.13209777 -0.07859732 -1.57100415
v -0.13369747 -0.07912879 -1.56933224
v -0.14363754 -0.07848478 -1.56462610
v -0.13083339 -0.07067890 -1.56232691
v -0.13207769 -0.07129528 -1.56113791
v -0.13418511 -0.07432560 -1.57489109
v -0.13140756 -0.07318891 -1.57213807
v -0.13009959 -0.07307158 -1.57211196
v -0.12931423 -0.07399677 -1.57601643
v -0.13757348 -0.06344835 -1.52011585
v -0.13971318 -0.06645086 -1.52092934
v -0.13979256 -0.06632096 -1.52214980
v -0.13827780 -0.06401224 -1.52184570
v -0.13393670 -0.06639239 -1.53376055
v -0.13671158 -0.06541844 -1.53355503
v -0.14774537 -0.08098670 -1.53983366
v -0.14707057 -0.08001841 -1.53883123
v -0.14787000 -0.08157030 -1.54326200
v -0.14825995 -0.08275530 -1.54450631
v -0.13629353 -0.06677272 -1.55578351
v -0.13640407 -0.06605874 -1.55479920
v -0.13395070 -0.07329386 -1.56705976
v -0.13440022 -0.07569552 -1.56954253
v -0.13047992 -0.07427883 -1.57140315
v -0.13088793 -0.07268378 -1.56943572
v -0.14549175 -0.08016887 -1.56590462
v -0.13215065 -0.07119659 -1.55967295
v -0.13304931 -0.07194559 -1.56018829
v -0.13157248 -0.07071282 -1.55989969
v -0.12879710 -0.06780186 -1.55687821
v -0.12910174 -0.07011130 -1.55569470
v -0.12682593 -0.07392096 -1.56351709
v -0.12833825 -0.07805250 -1.56775236
v -0.12859420 -0.07709195 -1.56798828
v -0.12685108 -0.07329877 -1.56448567
v -0.12805963 -0.06872558 -1.56127179
v -0.21770120 -0.01907794 -1.53199351
v -0.22193012 -0.02234555 -1.54505730
v -0.04878711 0.05294089 -1.57692683
v -0.05530686 0.05937640 -1.57720482
v -0.05353386 0.05859649 -1.57034612
v -0.04837262 0.05222009 -1.56984854
v -0.12319079 -0.07216849 -1.57001734
v -0.12637909 -0.07352879 -1.57253695
v -0.12629604 -0.07449038 -1.57352519
v -0.12375997 -0.07282087 -1.57101345
v -0.13743734 -0.08076578 -1.56820369
v -0.14300691 -0.08521673 -1.56592715
v -0.13379350 -0.06835411 -1.54818964
v -0.13494465 -0.06505415 -1.54572451
v -0.13531050 -0.05492472 -1.54461634
v -0.13488430 -0.05527330 -1.54558969
v -0.13611838 -0.05593560 -1.54562187
v -0.13679042 -0.05561196 -1.54440928
v -0.13804501 -0.05847320 -1.54007697
v -0.13671868 -0.06097630 -1.53862154
v -0.13600631 -0.06014166 -1.53639948
v -0.13809368 -0.05773747 -1.53787053
v -0.13673075 -0.05444328 -1.54170644
v -0.13591903 -0.05469021 -1.54315960
v -0.13752469 -0.05548066 -1.54295623
v -0.13857403 -0.05534988 -1.54126501
v -0.13012193 -0.07769330 -1.57022238
v -0.13158004 -0.07977954 -1.57076645
v -0.14205046 -0.08649372 -1.56470597
v -0.14357854 -0.08671520 -1.56278431
v -0.13924064 -0.08422842 -1.56901717
v -0.14109154 -0.08484081 -1.56759524
v -0.12719315 -0.06660502 -1.53705561
v -0.12871346 -0.06777752 -1.53758836
v -0.12916100 -0.06740599 -1.53612673
v -0.14103936 -0.08771667 -1.56763363
v -0.14197168 -0.08813913 -1.57009828
v -0.12998530 -0.06485143 -1.51999319
v -0.12967673 -0.06380065 -1.51838613
v -0.12569998 -0.04117241 -1.45012832
v -0.13683631 -0.05036291 -1.45742035
v -0.13651720 -0.04999023 -1.44764316
v -0.12580046 -0.04116867 -1.44085228
v -0.12318178 -0.07394155 -1.56515837
v -0.12232284 -0.07273241 -1.56756735
v -0.13619077 -0.05441507 -1.53998685
v -0.13786732 -0.05438739 -1.53952956
v -0.13684532 -0.05707390 -1.53783810
v -0.13273591 -0.05946093 -1.54316533
v -0.13384350 -0.05535049 -1.54410636
v -0.13756092 -0.05871887 -1.54153621
v -0.13482484 -0.05942977 -1.54613376
v -0.13306841 -0.05956998 -1.54683530
v -0.13422778 -0.06217633 -1.53224349
v -0.13617021 -0.06385213 -1.53230262
v -0.13285717 -0.06503451 -1.53152442
v -0.13922697 -0.05536739 -1.53956842
v -0.13399313 -0.06656058 -1.55622590
v -0.13648763 -0.06168121 -1.54204500
v -0.13849249 -0.06451956 -1.54016805
v -0.13819778 -0.06415141 -1.53796017
v -0.13695243 -0.06140605 -1.54034090
v -0.14065896 -0.07347690 -1.53007662
v -0.14006864 -0.07364597 -1.53202105
v -0.14099118 -0.06687953 -1.53585231
v -0.13851558 -0.07009246 -1.53560579
v -0.13362990 -0.06781156 -1.55135322
v -0.13098231 -0.06907736 -1.55376244
v -0.13176985 -0.06474912 -1.54737008
v -0.13528416 -0.06219365 -1.54398274
v -0.13758436 -0.06471853 -1.54235113
v -0.13253613 -0.05973499 -1.54438603
v -0.13134205 -0.06339999 -1.54416966
v -0.13121760 -0.06316274 -1.54514074
v -0.13248533 -0.05971599 -1.54560566
v -0.13284223 -0.07399636 -1.56143320
v -0.12186146 -0.07124902 -1.56509686
v -0.12349464 -0.07259178 -1.56246006
v -0.14471677 -0.07665745 -1.58220029
v -0.15150508 -0.07538322 -1.57571757
v -0.13870353 -0.07426374 -1.57302153
v -0.13672520 -0.05883818 -1.54323137
v -0.13432220 -0.05585484 -1.54656374
v -0.13351169 -0.05621982 -1.54582119
v -0.14651756 -0.08019312 -1.53540516
v -0.13254575 -0.06574781 -1.53104007
v -0.13013311 -0.06659360 -1.55517757
v -0.15154985 -0.08065442 -1.54502738
v -0.15110758 -0.07914902 -1.53938305
v -0.13025363 -0.06597420 -1.55663633
v -0.12931952 -0.06667848 -1.55736089
v -0.13666221 -0.06480981 -1.53281331
v -0.13337062 -0.06586576 -1.53252208
v -0.12897311 -0.06688677 -1.55784559
v -0.13018095 -0.06760272 -1.53761339
v -0.13746256 -0.07985390 -1.56257629
v -0.14412025 -0.07068712 -1.52277863
v -0.14182086 -0.06860549 -1.52063191
v -0.13348128 -0.05582739 -1.54508281
v -0.13541032 -0.05941114 -1.53662252
v -0.13584584 -0.05922937 -1.54492927
v -0.13099258 -0.06609710 -1.54151440
v -0.13112485 -0.06558049 -1.53955650
v -0.12976822 -0.06803288 -1.53956473
v -0.14002842 -0.07150655 -1.53638577
v -0.14288315 -0.06775869 -1.53809702
v -0.14456137 -0.06930152 -1.53961444
v -0.14114301 -0.07349201 -1.53765464
v -0.15006891 -0.07752305 -1.53421426
v -0.14807057 -0.07544037 -1.52926540
v -0.14820507 -0.07755645 -1.52758777
v -0.15026566 -0.08025470 -1.53279030
v -0.14915816 -0.07777867 -1.59890079
v -0.13663109 -0.07699195 -1.58571601
v -0.13640767 -0.07806243 -1.60232878
v -0.13860667 -0.07886032 -1.57235003
v -0.14087161 -0.07926760 -1.57068896
v -0.14273468 -0.08462686 -1.57226193
v -0.12444493 -0.07218503 -1.57297087
v -0.12853134 -0.07281410 -1.57159090
v -0.12632304 -0.07285537 -1.57203841
v -0.15216488 -0.08505874 -1.55047035
v -0.12420009 -0.06815384 -1.55435562
v -0.12624639 -0.07022577 -1.55539870
v -0.14809968 -0.07383274 -1.53583598
v -0.13943061 -0.07373503 -1.53518438
v -0.14097500 -0.07619095 -1.53622341
v -0.13105117 -0.08346488 -1.57129526
v -0.12965713 -0.07999789 -1.56878030
v -0.10230813 -0.00683744 -1.43652582
v -0.10663469 -0.00712688 -1.43038487
v -0.04017166 0.00919621 -1.51657009
v -0.04142597 0.00749883 -1.51673877
v -0.04203857 0.00868799 -1.51905346
v -0.04143665 0.00943625 -1.51878774
v -0.04401631 0.00851508 -1.50822794
v -0.04470130 0.00903935 -1.51006472
v -0.04558494 0.00793589 -1.50997424
v -0.04469258 0.00720448 -1.50838065
v -0.04274131 0.01167305 -1.51878154
v -0.04107226 0.01353574 -1.51555097
v -0.03934141 0.01211862 -1.51602626
v -0.04172760 0.01067902 -1.51902044
v -0.13104369 -0.08354921 -1.57447028
v -0.04384808 0.00520575 -1.50790381
v -0.04461520 0.00601522 -1.50998235
v -0.04261593 0.00559270 -1.50995088
v -0.04184554 0.00412038 -1.50812542
v -0.03682764 0.01343563 -1.50656152
v -0.03602660 0.01245807 -1.50851309
v -0.03855281 0.01326042 -1.50842726
v -0.03942902 0.01308498 -1.50673699
v -0.03622380 0.01067264 -1.50902951
v -0.03438578 0.00910320 -1.50803995
v -0.03567366 0.00715193 -1.50845695
v -0.03754129 0.00902323 -1.50932074
v -0.04267865 0.01289774 -1.51204956
v -0.04169578 0.01170732 -1.50985003
v -0.03919532 0.01420896 -1.51123405
v -0.04374067 0.00506394 -1.51266479
v -0.04556727 0.00618326 -1.51219523
v -0.04516367 0.00730065 -1.51595676
v -0.04400757 0.00616739 -1.51656103
v -0.12481166 -0.04305140 -1.46588516
v -0.13770780 -0.05117371 -1.47063184
v -0.05287211 -0.01896610 -1.53379464
v -0.05250887 -0.01820210 -1.53084767
v -0.05207403 -0.01396863 -1.53175831
v -0.05230108 -0.01493781 -1.53446138
v -0.12827198 -0.06873357 -1.54149961
v -0.12697577 -0.06805703 -1.54219854
v -0.14320557 -0.07944169 -1.56853759
v -0.13689381 -0.08314831 -1.56993520
v -0.13604730 -0.07855500 -1.57351887
v -0.13096651 -0.07673932 -1.57437563
v -0.13080886 -0.07527450 -1.57264364
v -0.13514486 -0.07684238 -1.57152534
v -0.13674037 -0.08638281 -1.56997657
v -0.13246371 -0.06686097 -1.52958894
v -0.13636655 -0.07686289 -1.55836427
v -0.12850578 -0.07566344 -1.57407081
v -0.12823752 -0.07905127 -1.57582116
v -0.14745645 -0.08452825 -1.54915440
v -0.13897018 -0.08714598 -1.56905198
v -0.13849548 -0.08522370 -1.56730783
v -0.12514538 -0.07595634 -1.56522262
v -0.14537171 -0.07105559 -1.54258335
v -0.14239278 -0.07729645 -1.54163635
v -0.14201106 -0.07557794 -1.53892004
v -0.16776918 0.09083882 -1.57350516
v -0.16957754 0.09052802 -1.57134581
v -0.16824852 0.09099185 -1.56936145
v -0.16661069 0.09110060 -1.57128251
v -0.17057349 0.08663194 -1.55530357
v -0.17002064 0.08658726 -1.56286263
v -0.17032748 0.08769471 -1.56553888
v -0.17003109 0.08800173 -1.56333184
v -0.14512093 -0.07044333 -1.54061699
v -0.13616253 -0.06599024 -1.55357289
v -0.12323222 -0.06361373 -1.53181350
v -0.13947749 -0.07299969 -1.52516496
v -0.17039460 0.08676020 -1.54406762
v -0.16961390 0.08585540 -1.54455364
v -0.17028254 0.08726574 -1.54967403
v -0.17129214 0.08821417 -1.54943585
v -0.14133127 -0.07425183 -1.52668166
v -0.20977876 -0.03428204 -1.53180909
v -0.21303546 -0.03944374 -1.54512477
v -0.15041164 -0.08699393 -1.54973161
v -0.13118120 -0.07766863 -1.56999767
v -0.13349260 -0.06879480 -1.52939034
v -0.13413833 -0.06830921 -1.52353621
v -0.13258204 -0.06657322 -1.52372754
v -0.13266315 -0.07172420 -1.56042218
v -0.14796446 -0.07319329 -1.53704548
v -0.14825723 -0.07343291 -1.53973997
v -0.13548259 -0.05620987 -1.54610205
v -0.14701462 -0.07459284 -1.53069901
v -0.14351568 -0.07018653 -1.52422535
v -0.15061675 -0.05487143 -1.47641706
v -0.16482404 -0.05290113 -1.48153865
v -0.15153949 0.07381111 -1.51862252
v -0.15319641 0.07614433 -1.52118516
v -0.15500726 0.07651036 -1.51926076
v -0.15318817 0.07229897 -1.51733112
v -0.16373233 -0.05391819 -1.47017908
v -0.15004419 -0.05456620 -1.46419466
v -0.12051772 -0.06504701 -1.54545486
v -0.12486032 -0.06569558 -1.53919697
v -0.12345624 -0.06485151 -1.53769422
v -0.10566303 -0.02007098 -1.44543684
v -0.11045264 -0.01774727 -1.43475187
v -0.11912324 -0.06349605 -1.53124678
v -0.10910454 -0.06208041 -1.52811038
v -0.10469412 -0.06353098 -1.54294109
v -0.11599532 -0.06402496 -1.54047334
v -0.06377250 -0.04667398 -1.56343126
v -0.06770592 -0.04900424 -1.56475735
v -0.07015558 -0.04960383 -1.55602181
v -0.06658971 -0.04695212 -1.55616307
v -0.03778499 -0.00541626 -1.61682737
v -0.03697703 0.00482720 -1.61740470
v -0.03987976 0.00429163 -1.62625575
v -0.04135807 -0.00667465 -1.62570083
v -0.21470161 -0.04135266 -1.55445981
v -0.21662888 -0.04338735 -1.56551039
v -0.22685137 -0.02589022 -1.56521809
v -0.22443177 -0.02398569 -1.55367172
v -0.05792560 -0.01012808 -1.64949620
v -0.05613615 0.00094756 -1.65077627
v -0.06480870 -0.00049450 -1.65828264
v -0.15315105 0.06937638 -1.51871324
v -0.15741746 0.07316413 -1.51898539
v -0.15729482 0.07278513 -1.52228427
v -0.15408906 0.06969320 -1.52153420
v -0.06650119 -0.01144753 -1.65626657
v -0.05993424 -0.03865064 -1.53370750
v -0.06115055 -0.04072903 -1.52789903
v -0.05824900 -0.03646884 -1.52656579
v -0.05778015 -0.03488362 -1.53263903
v -0.13276617 -0.06799877 -1.51862323
v -0.13161291 -0.06672361 -1.51919460
v -0.15046710 0.08792497 -1.57908130
v -0.15103112 0.08820164 -1.57566988
v -0.14889503 0.08665986 -1.57418609
v -0.14795315 0.08635580 -1.57759082
v -0.16591255 0.07238548 -1.54881918
v -0.16586858 0.07089888 -1.54200244
v -0.16838273 0.07674604 -1.54758501
v -0.16809036 0.07686824 -1.55050766
v -0.07537450 -0.00217252 -1.66509509
v -0.07662053 -0.01331916 -1.66307330
v -0.04723452 0.00405665 -1.53899014
v -0.16013166 0.08469208 -1.57100487
v -0.16330412 0.08516318 -1.57276678
v -0.16502681 0.08554001 -1.57108474
v -0.16281219 0.08479334 -1.56885624
v -0.16788931 0.08699002 -1.57551312
v -0.16990134 0.08696160 -1.57286549
v -0.14732051 0.07287677 -1.52673554
v -0.14540914 0.07229194 -1.53012598
v -0.14626883 0.07266696 -1.53209007
v -0.14799604 0.07280979 -1.53138793
v -0.15747358 0.07209194 -1.54793310
v -0.15476193 0.07409461 -1.55151725
v -0.16789813 0.08304846 -1.53259659
v -0.16646244 0.08313619 -1.53427756
v -0.16886686 0.08499791 -1.53893590
v -0.17038555 0.08497269 -1.53798807
v -0.04919598 0.00323734 -1.54147947
v -0.05079384 -0.00070891 -1.53887761
v -0.04937596 0.00002141 -1.53639960
v -0.03322311 0.00891626 -1.58724809
v -0.03324330 0.00751635 -1.59532452
v -0.03378901 -0.00139447 -1.59545660
v -0.03322021 0.00066507 -1.58711660
v -0.05177638 -0.00525495 -1.53676081
v -0.05106115 -0.00420844 -1.53429151
v -0.04408032 0.00319530 -1.63513875
v -0.04574318 -0.00781723 -1.63434362
v -0.12449978 -0.01910398 -1.68187022
v -0.16368566 0.08046658 -1.53621531
v -0.16653967 0.08245739 -1.53965962
v -0.16815940 0.08330426 -1.54065490
v -0.16664848 0.08249158 -1.53819633
v -0.11607894 -0.01832862 -1.67950499
v -0.11723022 -0.00734428 -1.68279445
v -0.15918595 0.08793729 -1.57387269
v -0.15391414 0.08664152 -1.57452428
v -0.15388504 0.08774154 -1.57402039
v -0.15931886 0.08908117 -1.57312703
v -0.12945741 -0.01013119 -1.68525839
v -0.17315397 -0.06880732 -1.56040657
v -0.15761617 -0.07058831 -1.55598998
v -0.15583296 -0.07317016 -1.56771123
v -0.17095335 -0.07319096 -1.57727182
v -0.11430787 -0.03043373 -1.45257628
v -0.11726255 -0.02914342 -1.44162703
v -0.16485262 0.07889089 -1.56213880
v -0.16151394 0.07795247 -1.56623983
v -0.16127279 0.07698483 -1.56551611
v -0.16424730 0.07790040 -1.56189680
v -0.16660768 0.08725417 -1.57255578
v -0.16834798 0.08737849 -1.57038927
v -0.16698568 0.08582569 -1.56867599
v -0.14855175 0.07585832 -1.56529379
v -0.14962040 0.07657366 -1.56652474
v -0.15048540 0.07684933 -1.56531632
v -0.14981490 0.07652441 -1.56384337
v -0.15835530 0.07577812 -1.51908922
v -0.16170983 0.06992480 -1.53168368
v -0.16341563 0.07144101 -1.53291559
v -0.16566172 0.07381013 -1.53780818
v -0.16554369 0.07254523 -1.53879988
v -0.05211306 -0.03901713 -1.58312905
v -0.05498318 -0.04186837 -1.58932543
v -0.05939214 -0.04540631 -1.58286417
v -0.05614450 -0.04244835 -1.57763588
v -0.03347691 0.01086569 -1.57404184
v -0.03295105 0.00361288 -1.57388711
v -0.03428246 0.00548008 -1.56778264
v -0.03459230 0.01158777 -1.56746078
v -0.14819835 0.07025690 -1.51921904
v -0.14873753 0.07303356 -1.51967955
v -0.15035817 0.07349239 -1.51897109
v -0.15037453 0.07066301 -1.51827753
v -0.06789614 -0.04693861 -1.54910696
v -0.07110629 -0.04988798 -1.54700994
v -0.06865767 -0.04839338 -1.53815424
v -0.06630054 -0.04523030 -1.54148507
v -0.06226288 -0.04162501 -1.53574491
v -0.14919262 0.07904272 -1.56990111
v -0.15173516 0.08108518 -1.57016480
v -0.15106805 0.07910807 -1.56895864
v -0.14913416 0.07786904 -1.56869531
v -0.06380748 -0.04403352 -1.53043532
v -0.16875261 0.08563311 -1.56065464
v -0.16507930 0.08492880 -1.56645525
v -0.03485005 -0.00368189 -1.60576200
v -0.03383990 0.00625026 -1.60585153
v -0.06414041 -0.04764947 -1.57443821
v -0.06021092 -0.04513396 -1.57066822
v -0.04434541 0.00722190 -1.54133439
v -0.04707169 0.00604814 -1.54384291
v -0.04399281 0.00873684 -1.54741085
v -0.16594759 0.08551531 -1.55010533
v -0.16870958 0.08509523 -1.55113924
v -0.16844380 0.08457676 -1.54674661
v -0.16580431 0.08505002 -1.54595840
v -0.03913440 0.01299158 -1.54579699
v -0.03933857 0.01282609 -1.55019784
v -0.04238365 0.00931715 -1.55079103
v -0.03801338 -0.01813786 -1.58795154
v -0.03930829 -0.02046273 -1.59557617
v -0.04422163 -0.02856737 -1.59553468
v -0.04236130 -0.02634211 -1.58814490
v -0.05131420 -0.00888335 -1.64227521
v -0.16364652 0.08550777 -1.55787516
v -0.16698307 0.08534259 -1.55891645
v -0.04947101 0.00216834 -1.64306629
v -0.03757013 0.01230453 -1.55969381
v -0.03834447 0.00802716 -1.56001091
v -0.04049646 0.00876435 -1.55686712
v -0.16687219 0.08871063 -1.56814611
v -0.16885227 0.08864751 -1.56232429
v -0.16750839 0.08811063 -1.56889868
v -0.15816970 0.07632016 -1.56864119
v -0.16116917 0.07603604 -1.57260752
v -0.16412009 0.07484393 -1.56681931
v -0.16008449 0.07630913 -1.56672382
v -0.03873464 0.01228507 -1.55654192
v -0.05157192 -0.00906738 -1.53290260
v -0.05193378 -0.01000847 -1.53511965
v -0.13659453 -0.06087837 -1.52006245
v -0.13633782 -0.06169573 -1.51897001
v -0.11305688 -0.06559373 -1.56168103
v -0.11401619 -0.06445861 -1.55094075
v -0.10228096 -0.06365164 -1.55583763
v -0.10141601 -0.06354056 -1.56900418
v -0.10127611 -0.06676012 -1.58076477
v -0.10422560 -0.06990933 -1.59087324
v -0.11503869 -0.07110246 -1.57741904
v -0.11276378 -0.06809878 -1.57049930
v -0.17628367 -0.04957100 -1.47450483
v -0.17861271 -0.04683208 -1.48537564
v -0.03756944 0.01318054 -1.54210281
v -0.03601602 0.01355140 -1.53865063
v -0.22888663 -0.02949700 -1.60998511
v -0.14580016 0.07349358 -1.53622055
v -0.14656876 0.07474059 -1.53865945
v -0.14835538 0.07321175 -1.53700471
v -0.14842908 0.07243790 -1.53433096
v -0.22917736 -0.02928655 -1.59631526
v -0.21720481 -0.04746449 -1.59829319
v -0.21656203 -0.04771620 -1.61098051
v -0.17220983 -0.06606407 -1.54936457
v -0.16505407 0.07457408 -1.53558898
v -0.16308311 0.07218896 -1.53143430
v -0.16253778 0.07266111 -1.53092933
v -0.16407070 0.07524917 -1.53336406
v -0.15769254 -0.06782155 -1.54691994
v -0.04040322 0.00690322 -1.51306558
v -0.04408195 0.00960021 -1.51907909
v -0.04553311 0.00930700 -1.51569211
v -0.04447597 0.00973048 -1.51835227
v -0.03945694 0.00721039 -1.50962555
v -0.03806476 0.00512034 -1.50852942
v -0.04639328 0.00849555 -1.51193500
v -0.04592425 0.00943923 -1.51203537
v -0.04529422 0.01011082 -1.51592088
v -0.04318786 0.00857342 -1.51932061
v -0.03554794 0.01648829 -1.50454259
v -0.03234021 0.01639255 -1.50509429
v -0.03257424 0.01245592 -1.50637329
v -0.03514094 0.01357300 -1.50567353
v -0.04331938 0.01183231 -1.51817989
v -0.04328454 0.01294802 -1.51572239
v -0.03688412 0.01312592 -1.51157188
v -0.03939261 0.01069964 -1.51629078
v -0.04142589 0.01005107 -1.51902330
v -0.03723999 0.01111463 -1.51233852
v -0.04172902 0.01153754 -1.50741148
v -0.03846043 0.00909520 -1.51275516
v -0.15380533 0.08330994 -1.57188213
v -0.15602314 0.08317865 -1.56728649
v -0.15439487 0.08166417 -1.56678843
v -0.15514161 0.07742162 -1.53512073
v -0.15665492 0.07798316 -1.53709459
v -0.15926680 0.07888442 -1.53468955
v -0.15817297 0.07827948 -1.53223586
v -0.13805866 -0.07221390 -1.53416133
v -0.13102369 -0.05207890 -1.48577881
v -0.13516188 -0.05622545 -1.50092816
v -0.14072914 -0.05582897 -1.50163722
v -0.16334254 0.07968447 -1.52450037
v -0.16376095 0.07713124 -1.52429891
v -0.16097474 0.07520431 -1.52158761
v -0.16108009 0.07776606 -1.52131033
v -0.14810899 0.07269731 -1.53310061
v -0.14613727 0.07287996 -1.53354955
v -0.16693322 0.08043187 -1.56313324
v -0.16302188 0.07998540 -1.56819344
v -0.13993797 -0.05363743 -1.48657703
v -0.13384603 -0.07428472 -1.56023514
v -0.07404331 -0.05621277 -1.59427249
v -0.08078723 -0.05895419 -1.60810852
v -0.09364729 -0.06639905 -1.59990525
v -0.16089305 0.08426532 -1.56663024
v -0.16292429 0.08461158 -1.56471026
v -0.09087037 -0.06414648 -1.58785915
v -0.08626726 -0.05998990 -1.61921191
v -0.09796546 -0.06787056 -1.61196947
v -0.10949728 -0.07275632 -1.60272992
v -0.12780640 -0.07606619 -1.58651495
v -0.05271834 -0.02723578 -1.54733324
v -0.05258214 -0.02744096 -1.54708934
v -0.05163929 -0.02576867 -1.54656053
v -0.14832997 0.07539260 -1.55015850
v -0.14897713 0.07283041 -1.55093813
v -0.14913943 0.07268460 -1.55021071
v -0.14866330 0.07583566 -1.54869390
v -0.05169735 -0.02580452 -1.54656208
v -0.05330203 -0.02682559 -1.54758263
v -0.05258776 -0.02539120 -1.54681730
v -0.14703016 0.07599372 -1.54963779
v -0.14740148 0.07643338 -1.54817379
v -0.14624518 0.07622489 -1.54766667
v -0.14581060 0.07590481 -1.54839540
v -0.05399840 -0.02783224 -1.54809773
v -0.05353356 -0.02828373 -1.54785109
v -0.05351622 -0.02853022 -1.54760993
v -0.05158667 -0.00975334 -1.54756141
v -0.05206449 -0.01046459 -1.54806828
v -0.05166348 -0.01309088 -1.54712009
v -0.05075553 -0.01233815 -1.54684877
v -0.05137406 -0.00944603 -1.54730904
v -0.05047709 -0.01213509 -1.54635239
v -0.14921646 0.07189540 -1.55144370
v -0.14906676 0.07220948 -1.55094826
v -0.14927214 0.07256746 -1.55167973
v -0.16033414 0.07519342 -1.55722189
v -0.16447863 0.07584100 -1.55021000
v -0.16325526 0.07422891 -1.54972100
v -0.15942720 0.07336040 -1.55600929
v -0.05656142 -0.01432672 -1.55113494
v -0.05665736 -0.01388810 -1.55137491
v -0.17012560 0.08565972 -1.55262291
v -0.05637912 -0.01509757 -1.55065382
v -0.05339470 -0.00819355 -1.55001533
v -0.05300896 -0.00817803 -1.55098450
v -0.14460172 0.08371810 -1.57268119
v -0.14369595 0.08229028 -1.57463694
v -0.14718980 0.08436071 -1.57931280
v -0.05630355 -0.01357190 -1.55209649
v -0.05661528 -0.01362096 -1.55161464
v -0.05337986 -0.00846613 -1.54953051
v -0.15756434 0.07215784 -1.53865612
v -0.15504879 0.07532822 -1.53880990
v -0.15334152 0.07412725 -1.53830612
v -0.15591459 0.07205201 -1.53789425
v -0.14968145 0.07235096 -1.54168010
v -0.14953154 0.07048531 -1.53828466
v -0.14905888 0.07471552 -1.53992701
v -0.14529045 0.07597110 -1.55522108
v -0.14859551 0.07416902 -1.55237758
v -0.14772579 0.07515191 -1.55112720
v -0.14641497 0.07575981 -1.55109429
v -0.17189839 0.08656112 -1.54385424
v -0.17288682 0.08788726 -1.54947007
v -0.17415218 0.08599929 -1.54976368
v -0.17314795 0.08473007 -1.54365849
v -0.05364222 -0.00696802 -1.54927075
v -0.05395707 -0.00608648 -1.54975295
v -0.14588383 0.07124045 -1.52258050
v -0.14889532 0.06800535 -1.52072775
v -0.14477527 0.07088716 -1.52573860
v -0.16055629 0.09087528 -1.57874107
v -0.15993169 0.08740261 -1.58097434
v -0.16299796 0.08735536 -1.57956731
v -0.16338821 0.09103291 -1.57732701
v -0.15270087 0.07222112 -1.55882895
v -0.15284190 0.07236632 -1.55663216
v -0.15122610 0.07277087 -1.55781722
v -0.15082698 0.07245918 -1.55952311
v -0.05332085 -0.00607625 -1.55096161
v -0.05003302 -0.01733451 -1.54519439
v -0.05028211 -0.01750631 -1.54422486
v -0.05051775 -0.01274120 -1.54465246
v -0.05041079 -0.01235232 -1.54562175
v -0.05003486 -0.01720631 -1.54568100
v -0.05051400 -0.02067853 -1.54598165
v -0.05058162 -0.02076988 -1.54525161
v -0.05083710 -0.02081679 -1.54452467
v -0.19496723 0.04730615 -1.53066111
v -0.17899506 0.05820679 -1.52752805
v -0.18512477 0.06127112 -1.54298222
v -0.19945738 0.05247299 -1.54556775
v -0.16214891 0.08080395 -1.52714849
v -0.16021059 0.07990125 -1.52419472
v -0.14227149 0.07761278 -1.56222260
v -0.14060253 0.07728953 -1.56366074
v -0.14071791 0.07844884 -1.56926250
v -0.14169446 0.07893655 -1.56610012
v -0.05097992 -0.00938205 -1.54583585
v -0.05102386 -0.00935911 -1.54681301
v -0.05104001 -0.02076705 -1.54379535
v -0.05058470 -0.01771067 -1.54350090
v -0.17323902 0.08718838 -1.56560016
v -0.17239536 0.09019432 -1.56456673
v -0.05082034 -0.01294556 -1.54392838
v -0.05105028 -0.00944300 -1.54510558
v -0.05175027 -0.00679178 -1.54654741
v -0.05146088 -0.00785556 -1.54704475
v -0.05103035 -0.01763385 -1.54301977
v -0.05141608 -0.01764937 -1.54205060
v -0.05142268 -0.01275935 -1.54222810
v -0.05108541 -0.01288608 -1.54320014
v -0.14746338 0.07876883 -1.56987250
v -0.14996912 0.08190273 -1.57402706
v -0.14933830 0.07984663 -1.57160187
v -0.14785761 0.07835995 -1.56939721
v -0.14797354 0.07831547 -1.56134295
v -0.14733273 0.07906158 -1.56254148
v -0.14690536 0.07721154 -1.56353545
v -0.14736944 0.07617196 -1.56209338
v -0.05160632 -0.02076524 -1.54307342
v -0.05205105 -0.02075251 -1.54234910
v -0.13821237 0.07749467 -1.56800795
v -0.14026886 0.07884469 -1.57339931
v -0.05504639 -0.02985971 -1.54790092
v -0.05577379 -0.03046788 -1.54865527
v -0.05578564 -0.03044408 -1.54816687
v -0.16027153 0.06808394 -1.53094947
v -0.05546191 -0.03011727 -1.54742384
v -0.05881158 -0.03334339 -1.54630983
v -0.05936538 -0.03435633 -1.54779887
v -0.06062223 -0.03616028 -1.54735875
v -0.14500187 0.07883587 -1.56201267
v -0.14410292 0.07992602 -1.56442261
v -0.14668648 0.08005621 -1.56398070
v -0.14305019 0.07189646 -1.53057551
v -0.14467177 0.07251246 -1.53279483
v -0.14783216 0.07761811 -1.56867433
v -0.14802481 0.07685092 -1.56746769
v -0.14804776 0.07539300 -1.56358159
v -0.15006608 0.07574620 -1.56214964
v -0.05996599 -0.03492364 -1.54586470
v -0.15975612 0.08132434 -1.55810380
v -0.16357844 0.08291148 -1.55034077
v -0.06447851 -0.04375897 -1.53801274
v -0.06090691 -0.03737167 -1.54298592
v -0.06226351 -0.03894404 -1.54474187
v -0.05436793 -0.02928079 -1.54763615
v -0.05364692 -0.02854772 -1.54712439
v -0.05424725 -0.02920579 -1.54787707
v -0.05504549 -0.02976192 -1.54838777
v -0.05484881 -0.02954711 -1.54691625
v -0.05401716 -0.02868154 -1.54640067
v -0.05270463 -0.02754966 -1.54660475
v -0.05308034 -0.02762267 -1.54588032
v -0.05208217 -0.02588414 -1.54534960
v -0.05176726 -0.02581657 -1.54607534
v -0.05117220 -0.02368518 -1.54554677
v -0.17328821 0.06612411 -1.54196227
v -0.16125146 0.06362206 -1.52394843
v -0.05107310 -0.02394342 -1.54628086
v -0.05148985 -0.02372235 -1.54482067
v -0.05251320 -0.02602340 -1.54462719
v -0.05173986 -0.02383005 -1.54409432
v -0.05363844 -0.02771205 -1.54515958
v -0.05456249 -0.02885881 -1.54592490
v -0.05544764 -0.02975694 -1.54668617
v -0.05604431 -0.03050949 -1.54719591
v -0.05641789 -0.03096335 -1.54794157
v -0.05615345 -0.03019376 -1.54621708
v -0.05707233 -0.03098678 -1.54575682
v -0.05605316 -0.02958922 -1.54474199
v -0.05522393 -0.02910779 -1.54545236
v -0.05678994 -0.03113086 -1.54697418
v -0.05787023 -0.03211933 -1.54676378
v -0.14679697 0.07599840 -1.56379414
v -0.14689258 0.07593431 -1.56428504
v -0.14735585 0.07502605 -1.56357372
v -0.14724770 0.07508837 -1.56283832
v -0.05424183 -0.02792518 -1.54468536
v -0.05485343 -0.02804711 -1.54421020
v -0.05369660 -0.02608272 -1.54342926
v -0.05306949 -0.02607909 -1.54414999
v -0.15827805 0.07888412 -1.52197516
v -0.15533161 0.08025263 -1.56340718
v -0.15360777 0.07761751 -1.56072533
v -0.15232199 0.07837175 -1.56288838
v -0.05229615 -0.02388574 -1.54361725
v -0.05285699 -0.02394472 -1.54289603
v -0.17007628 0.08838104 -1.55429387
v -0.16882376 0.08969196 -1.56230950
v -0.17045049 0.09090304 -1.56305575
v -0.17151330 0.08941950 -1.55455065
v -0.05028170 -0.01713364 -1.54592884
v -0.05133260 -0.01697987 -1.54619050
v -0.05150728 -0.02053781 -1.54599822
v -0.05070049 -0.02064930 -1.54598475
v -0.05113663 -0.02391847 -1.54628170
v -0.15076302 0.06831367 -1.51953769
v -0.15383776 0.07239667 -1.55640626
v -0.15384784 0.07366259 -1.55468011
v -0.05196806 -0.02353340 -1.54629195
v -0.05261075 -0.02048068 -1.54626226
v -0.05620188 -0.01932210 -1.54973161
v -0.05638949 -0.02064130 -1.54975319
v -0.05297367 -0.02325588 -1.54630697
v -0.15062901 0.07323262 -1.56121790
v -0.14839797 0.07381205 -1.56214488
v -0.05240459 -0.01727233 -1.54645872
v -0.05609925 -0.01768587 -1.54995155
v -0.05256322 -0.01393480 -1.54739261
v -0.14374845 0.07299769 -1.53570080
v -0.05616395 -0.01623320 -1.55017698
v -0.05260675 -0.01124869 -1.54808915
v -0.04674368 -0.01855260 -1.55711305
v -0.04643925 -0.01847643 -1.55735052
v -0.04665109 -0.02303652 -1.55692852
v -0.04704780 -0.02276856 -1.55668807
v -0.20472029 -0.05557348 -1.56667519
v -0.20573781 -0.05767749 -1.58308113
v -0.21724145 -0.04601241 -1.58142757
v -0.04824207 -0.02564434 -1.55455232
v -0.04833996 -0.02570285 -1.55553162
v -0.04984692 -0.02823983 -1.55461788
v -0.05000135 -0.02804784 -1.55388570
v -0.04820224 -0.02562169 -1.55357468
v -0.16266651 0.08672597 -1.57566333
v -0.16468316 0.08701804 -1.57423210
v -0.16154316 0.08527432 -1.57395315
v -0.15963048 0.08520941 -1.57465076
v -0.15612368 0.08479720 -1.57532334
v -0.15529111 0.08500892 -1.57652557
v -0.16019082 0.08616287 -1.57660139
v -0.15182999 0.07649861 -1.56143987
v -0.15096070 0.07751615 -1.56311870
v -0.05016764 -0.02783206 -1.55266500
v -0.04636061 -0.02271761 -1.55447721
v -0.15411863 0.07688317 -1.53364408
v -0.15643223 0.07734460 -1.52806544
v -0.16715781 0.08372656 -1.54282784
v -0.16436966 0.08373152 -1.54277563
v -0.17288232 0.08317656 -1.55539405
v -0.17090805 0.08315416 -1.56439102
v -0.16874689 0.08162329 -1.56363916
v -0.17124647 0.08197208 -1.55513573
v -0.04652204 -0.02275117 -1.55545723
v -0.04693487 -0.02271536 -1.55644107
v -0.05452527 -0.02776330 -1.55274558
v -0.05373164 -0.02688670 -1.55345118
v -0.16655986 0.07676556 -1.55609596
v -0.16528776 0.07363719 -1.55660319
v -0.14498687 0.07561965 -1.54911637
v -0.14203505 0.07530913 -1.55223942
v -0.15076393 0.07278283 -1.56049407
v -0.14861436 0.07341623 -1.56142187
v -0.16746348 0.07837924 -1.53875601
v -0.16150711 0.07506806 -1.52965641
v -0.16639525 0.07856874 -1.53629196
v -0.15910685 0.07128521 -1.52844250
v -0.15719172 0.07113323 -1.52694380
v -0.15917236 0.07341285 -1.52743793
v -0.05230135 -0.02722383 -1.55294073
v -0.05361022 -0.02845021 -1.55249369
v -0.05526632 -0.02854326 -1.55203760
v -0.05465070 -0.02925414 -1.55203581
v -0.05755161 -0.02342286 -1.55274272
v -0.05715297 -0.02303181 -1.55297410
v -0.05671132 -0.02243771 -1.55320191
v -0.16231200 0.08073261 -1.53789520
v -0.16479571 0.08237157 -1.53987241
v -0.05778749 -0.02363367 -1.55226171
v -0.14977545 0.07141335 -1.55121660
v -0.15117332 0.06962162 -1.55029058
v -0.14921361 0.07048025 -1.55097473
v -0.16147840 0.08423135 -1.55785215
v -0.16416012 0.08506277 -1.55007803
v -0.14685515 0.07876270 -1.56473398
v -0.05797032 -0.02369892 -1.55202186
v -0.15011925 0.07658271 -1.55554700
v -0.14740211 0.07777757 -1.55816567
v -0.14615601 0.08254027 -1.56784332
v -0.14694099 0.08061387 -1.56641936
v -0.14683957 0.07981467 -1.56545186
v -0.14611998 0.08110786 -1.56566477
v -0.15127635 0.06466947 -1.54181492
v -0.15064473 0.06795416 -1.54004908
v -0.14984374 0.06953160 -1.54294240
v -0.05798173 -0.02362623 -1.55177689
v -0.05792959 -0.02357847 -1.55153120
v -0.06832502 -0.04658151 -1.52298582
v -0.06628878 -0.04645844 -1.53344464
v -0.15365711 0.08422751 -1.57577324
v -0.15536854 0.08436308 -1.57433844
v -0.16479573 0.08106649 -1.56943250
v -0.07106652 -0.04935818 -1.52673733
v -0.05438438 -0.02893651 -1.54836416
v -0.15060416 0.07722664 -1.56702244
v -0.15184960 0.07765495 -1.56606328
v -0.05505554 -0.02954253 -1.54887331
v -0.15433194 0.07912053 -1.57927382
v -0.15144205 0.07886057 -1.57678187
v -0.15015134 0.07916021 -1.57675362
v -0.14949682 0.08005902 -1.58039141
v -0.05466956 -0.02843826 -1.54860687
v -0.15461898 0.07034006 -1.52324438
v -0.15790738 0.07275619 -1.52449346
v -0.15786910 0.07265439 -1.52595913
v -0.15534526 0.07078544 -1.52496088
v -0.15267438 0.07362973 -1.53781211
v -0.15497041 0.07200836 -1.53738892
v -0.05528266 -0.02900842 -1.54911447
v -0.16951926 0.08451845 -1.54481435
v -0.16870666 0.08390272 -1.54358673
v -0.16977713 0.08490350 -1.54823196
v -0.17034870 0.08578889 -1.54969549
v -0.05571941 -0.03017565 -1.54962683
v -0.05581270 -0.03055464 -1.54938960
v -0.05408087 -0.02634386 -1.54759061
v -0.05702425 -0.02233192 -1.55027652
v -0.05728534 -0.02278146 -1.55053163
v -0.15485984 0.07289993 -1.56008077
v -0.15479079 0.07234297 -1.55911040
v -0.15399194 0.07869371 -1.57170463
v -0.15500410 0.08065721 -1.57438231
v -0.15082520 0.08019717 -1.57626379
v -0.15097797 0.07868654 -1.57408988
v -0.16693652 0.08236270 -1.57091975
v -0.05466752 -0.02715392 -1.54834509
v -0.05347724 -0.02504198 -1.54682910
v -0.05665798 -0.02168907 -1.55001664
v -0.05755283 -0.02310612 -1.55102944
v -0.05777229 -0.02333742 -1.55128074
v -0.15190689 0.07775505 -1.56459808
v -0.15301937 0.07820974 -1.56485677
v -0.05522804 -0.02762743 -1.54885030
v -0.15123156 0.07732821 -1.56483543
v -0.05577853 -0.02815845 -1.54960036
v -0.05559270 -0.02948723 -1.54985929
v -0.14776768 0.07539212 -1.56137908
v -0.14873920 0.07749977 -1.56039178
v -0.14737739 0.08170103 -1.56836593
v -0.14989027 0.08495686 -1.57251894
v -0.14988762 0.08391809 -1.57277727
v -0.14733768 0.08103909 -1.56910670
v -0.05618736 -0.02879355 -1.55083752
v -0.05611106 -0.02890640 -1.55108166
v -0.05562796 -0.02966847 -1.55035067
v -0.14722838 0.07616957 -1.56599724
v -0.05554710 -0.02977801 -1.55083895
v -0.05609313 -0.02864055 -1.55010116
v -0.21909240 0.00893812 -1.53310144
v -0.22481939 0.00921240 -1.54541230
v -0.05574264 -0.02880628 -1.55156183
v -0.05524495 -0.02962255 -1.55131948
v -0.05610663 -0.03080129 -1.54891014
v -0.05608749 -0.03085219 -1.54964304
v -0.05625314 -0.03146548 -1.55087519
v -0.05654920 -0.03133130 -1.54892564
v -0.14343427 0.08035254 -1.57465863
v -0.14679891 0.08063120 -1.57715917
v -0.14697132 0.08154950 -1.57837057
v -0.14410914 0.08079386 -1.57564175
v -0.15941310 0.08490802 -1.57343006
v -0.05720849 -0.03212301 -1.54919302
v -0.05721154 -0.03167807 -1.54796624
v -0.05638864 -0.03257504 -1.55138123
v -0.05686702 -0.03396051 -1.55189741
v -0.16588545 0.08809837 -1.57106590
v -0.15294296 0.07500768 -1.55269158
v -0.15318069 0.07164213 -1.54981220
v -0.05811608 -0.03361405 -1.54923034
v -0.05820731 -0.03287058 -1.54800105
v -0.05592611 -0.03049485 -1.55012333
v -0.15074606 0.06154392 -1.54819560
v -0.15040869 0.06189507 -1.54940534
v -0.15183638 0.06225441 -1.54918289
v -0.15243214 0.06188008 -1.54797840
v -0.05595133 -0.03073360 -1.55085957
v -0.05485176 -0.03178498 -1.55207419
v -0.15455411 0.06470499 -1.54382885
v -0.15386060 0.06756911 -1.54231191
v -0.15279903 0.06708963 -1.54034543
v -0.15427771 0.06421348 -1.54163313
v -0.05470610 -0.03255999 -1.55281448
v -0.05492932 -0.03103162 -1.55157697
v -0.05357572 -0.03035571 -1.55178666
v -0.05333312 -0.03084623 -1.55252123
v -0.15212989 0.06107866 -1.54529810
v -0.15131934 0.06129128 -1.54674494
v -0.15324649 0.06166711 -1.54653168
v -0.15410674 0.06156971 -1.54483998
v -0.05314036 -0.03146379 -1.55325854
v -0.05171479 -0.02965338 -1.55296302
v -0.15156125 0.08385815 -1.57525086
v -0.15349001 0.08546537 -1.57550907
v -0.05141778 -0.03001354 -1.55393898
v -0.05200177 -0.02935071 -1.55223179
v -0.05511023 -0.03043786 -1.55132806
v -0.16527545 0.08973213 -1.56981134
v -0.16677742 0.08969974 -1.56813073
v -0.16196743 0.08799711 -1.57416797
v -0.16395244 0.08810814 -1.57273865
v -0.05398979 -0.02984126 -1.55178738
v -0.05266084 -0.02889177 -1.55199361
v -0.05081483 -0.02755881 -1.55218506
v -0.14584576 0.07526337 -1.54108024
v -0.14768702 0.07584231 -1.54183924
v -0.14796057 0.07549400 -1.54038417
v -0.16466671 0.09098878 -1.57295680
v -0.16570029 0.09092496 -1.57541847
v -0.14757419 0.07336514 -1.52331543
v -0.14701095 0.07247611 -1.52160811
v -0.13239601 0.04650214 -1.44820035
v -0.14489597 0.05493073 -1.45515501
v -0.14394619 0.05382635 -1.44526422
v -0.13212389 0.04540403 -1.43881047
v -0.14393248 0.08245641 -1.56975615
v -0.14280866 0.08129907 -1.57219243
v -0.04884578 -0.02544293 -1.55285180
v -0.05059648 -0.02495068 -1.55336607
v -0.04713030 -0.02255306 -1.55351269
v -0.15150687 0.06148204 -1.54357183
v -0.15310262 0.06127183 -1.54311621
v -0.15285109 0.06397083 -1.54136562
v -0.14937043 0.06668137 -1.54712319
v -0.14930858 0.06240255 -1.54766870
v -0.04932072 -0.02199589 -1.55379021
v -0.04512007 -0.01883307 -1.55733073
v -0.04528492 -0.02386105 -1.55715835
v -0.05091833 -0.02184230 -1.55430627
v -0.05539450 -0.01993889 -1.55363142
v -0.05517073 -0.01834065 -1.55360532
v -0.05047901 -0.01855463 -1.55425310
v -0.15410455 0.06488524 -1.54528296
v -0.05222100 -0.00865315 -1.55146456
v -0.05152794 -0.00943557 -1.55195069
v -0.15159196 0.06596518 -1.55010426
v -0.14978299 0.06662643 -1.55079389
v -0.15122144 0.06932710 -1.53613472
v -0.15369141 0.07063773 -1.53616297
v -0.15080506 0.07266533 -1.53534889
v -0.15451343 0.06157140 -1.54289436
v -0.15254775 0.07299343 -1.56076872
v -0.05575741 -0.01408404 -1.55258155
v -0.05609881 -0.01374982 -1.55233920
v -0.05186787 -0.00718410 -1.55119371
v -0.05082314 -0.00841472 -1.55192351
v -0.15375765 0.06805360 -1.54620981
v -0.15643774 0.07067060 -1.54427087
v -0.15614098 0.07023931 -1.54182971
v -0.15412177 0.06775267 -1.54426742
v -0.16108586 0.07920866 -1.53447485
v -0.16051655 0.07952800 -1.53641319
v -0.15948832 0.07249290 -1.54015231
v -0.15795407 0.07624362 -1.53982830
v -0.15269977 0.07445419 -1.55586851
v -0.15038082 0.07603945 -1.55824506
v -0.14996077 0.07195120 -1.55145681
v -0.15272722 0.06878204 -1.54813373
v -0.15557173 0.07089687 -1.54644895
v -0.14928429 0.06688742 -1.54833949
v -0.14914292 0.07076124 -1.54828382
v -0.14904504 0.07053932 -1.54950583
v -0.14929570 0.06690084 -1.54956031
v -0.15336454 0.08003764 -1.56654727
v -0.14200397 0.08005531 -1.56975293
v -0.14375147 0.08121510 -1.56708407
v -0.16505022 0.07842382 -1.58631992
v -0.17139563 0.07563149 -1.57988453
v -0.15867668 0.07784963 -1.57741916
v -0.15347657 0.06514855 -1.54722083
v -0.15006524 0.06255032 -1.55036652
v -0.14925592 0.06322713 -1.54960966
v -0.16822025 0.08421234 -1.54015541
v -0.15076970 0.07339818 -1.53484988
v -0.14878674 0.07393213 -1.55970895
v -0.17268613 0.08282125 -1.54977977
v -0.17173055 0.08185989 -1.54415953
v -0.14865264 0.07322316 -1.56093693
v -0.14790575 0.07409846 -1.56188762
v -0.15444842 0.07149492 -1.53665376
v -0.15194066 0.07325208 -1.53658283
v -0.14765424 0.07443324 -1.56236660
v -0.14903964 0.07523067 -1.54187286
v -0.15927984 0.08448578 -1.56781781
v -0.05046985 -0.01269415 -1.55344033
v -0.05518811 -0.01547989 -1.55332243
v -0.16314317 0.07574464 -1.52674794
v -0.16050778 0.07423899 -1.52452183
v -0.05545902 -0.01462129 -1.55282748
v -0.14910373 0.06286439 -1.54887938
v -0.05112185 -0.01106057 -1.55269778
v -0.15204297 0.06660586 -1.54033780
v -0.15254733 0.06561698 -1.54866195
v -0.04870208 -0.01190737 -1.55339658
v -0.04995236 -0.00980940 -1.55241466
v -0.04852256 -0.01850170 -1.55421579
v -0.14937000 0.07335024 -1.54605532
v -0.14943135 0.07295100 -1.54386461
v -0.14867073 0.07559622 -1.54405832
v -0.21927986 -0.03144997 -1.64645505
v -0.22604728 -0.03126429 -1.63070917
v -0.15973370 0.07750516 -1.54082084
v -0.16133693 0.07308853 -1.54237616
v -0.16332357 0.07415053 -1.54361951
v -0.16139208 0.07920660 -1.54180527
v -0.17052570 0.08062024 -1.53902674
v -0.16831979 0.07909976 -1.53363502
v -0.16900480 0.08122445 -1.53190970
v -0.17168526 0.08313426 -1.53754914
v -0.21227129 -0.04708390 -1.62920308
v -0.20601220 -0.04572862 -1.64176345
v -0.16937125 0.07749727 -1.60301566
v -0.15745172 0.08074518 -1.59005260
v -0.15690383 0.08031379 -1.60640645
v -0.15996897 0.08263963 -1.57762194
v -0.16234398 0.08246475 -1.57571554
v -0.16563347 0.08709582 -1.57766700
v -0.14449312 0.07986032 -1.57737076
v -0.14859852 0.07935502 -1.57623363
v -0.14655663 0.08003427 -1.57667446
v -0.17450251 0.08658881 -1.55562186
v -0.05221007 -0.02456581 -1.55412340
v -0.05612381 -0.02136797 -1.55366457
v -0.19606940 -0.05432013 -1.64047432
v -0.19123897 -0.05315081 -1.64818096
v -0.19802666 -0.04565410 -1.65211177
v -0.19548020 -0.03619953 -1.50068295
v -0.20421448 -0.02800548 -1.49157846
v -0.14347102 0.07679055 -1.55883813
v -0.14595459 0.07829827 -1.56008470
v -0.05121750 -0.00498646 -1.55066323
v -0.16787958 0.07731447 -1.53999913
v -0.05019091 -0.00658832 -1.55188680
v -0.15987125 0.07986861 -1.53957033
v -0.16203672 0.08189517 -1.54080391
v -0.15378213 0.08943444 -1.57643688
v -0.15161340 0.08641022 -1.57375205
v -0.05200648 -0.00392730 -1.54968691
v -0.05194489 -0.00330413 -1.54943311
v -0.05121033 -0.00433174 -1.55089831
v -0.05026371 -0.00572626 -1.55212045
v -0.04913192 -0.00860386 -1.55287111
v -0.04882488 -0.00787627 -1.55309963
v -0.04692475 -0.01106510 -1.55408430
v -0.04734438 -0.01127706 -1.55360675
v -0.04643630 -0.01852906 -1.55417717
v -0.04574703 -0.01853517 -1.55489683
v -0.04730553 -0.01070465 -1.55506301
v -0.04928241 -0.00745188 -1.55359066
v -0.04787873 -0.01030306 -1.55580068
v -0.04934460 -0.00728024 -1.55432189
v -0.04639304 -0.01841678 -1.55686045
v -0.04591530 -0.01849274 -1.55587602
v -0.05197684 -0.00672871 -1.54777145
v -0.05228964 -0.00456283 -1.54799187
v -0.05198516 -0.00726283 -1.54802310
v -0.05243485 -0.00488418 -1.54848731
v -0.05265575 -0.00850177 -1.54878497
v -0.05249214 -0.00414042 -1.54896641
v -0.05244058 -0.00345975 -1.54846787
v -0.10381173 0.01255029 -1.43616688
v -0.10806556 0.01182065 -1.43015254
v -0.05294934 -0.00932485 -1.54880178
v -0.05157318 -0.00370544 -1.55089664
v -0.05208509 -0.00242803 -1.54942369
v -0.05232958 -0.00263080 -1.55162847
v -0.05250760 -0.00176589 -1.54966676
v -0.05100210 -0.00474382 -1.55334163
v -0.05085835 -0.00519448 -1.55236840
v -0.05264843 -0.00251311 -1.54845881
v -0.05267521 -0.00300393 -1.54797769
v -0.05277333 -0.00186069 -1.54820812
v -0.05286023 -0.00236457 -1.54772830
v -0.05120745 -0.00922062 -1.54437304
v -0.05154974 -0.00898420 -1.54364371
v -0.05194737 -0.00607213 -1.54605293
v -0.05225375 -0.00550017 -1.54556251
v -0.05181963 -0.01746730 -1.54107904
v -0.05250716 -0.02066709 -1.54137981
v -0.05224279 -0.01712133 -1.53986144
v -0.04216159 0.02527245 -1.51687574
v -0.04386370 0.02653228 -1.51713455
v -0.04411822 0.02507987 -1.51935649
v -0.04333845 0.02453405 -1.51910520
v -0.05297058 -0.02055457 -1.54016614
v -0.05201259 -0.01208461 -1.54027665
v -0.05170462 -0.01256637 -1.54125404
v -0.11841772 -0.02950229 -1.43432903
v -0.05785775 -0.03195458 -1.54505229
v -0.05869210 -0.03311353 -1.54410708
v -0.05741456 -0.03123602 -1.54283679
v -0.05680242 -0.03027799 -1.54403305
v -0.05557110 -0.02846014 -1.54325271
v -0.04620373 0.02542302 -1.50852609
v -0.04671272 0.02464681 -1.51025522
v -0.04789057 0.02547580 -1.51026595
v -0.04727871 0.02652460 -1.50877523
v -0.05605195 -0.02888834 -1.54180264
v -0.05483102 -0.02627468 -1.54101157
v -0.05432279 -0.02615046 -1.54246533
v -0.05342101 -0.02402220 -1.54193103
v -0.05389720 -0.02382178 -1.54047227
v -0.05943009 -0.03535605 -1.54927874
v -0.05858343 -0.03662440 -1.55221009
v -0.06078754 -0.03735000 -1.54908717
v -0.06037708 -0.03911135 -1.55252171
v -0.05214918 -0.00106991 -1.55233622
v -0.04397785 0.02205292 -1.51890695
v -0.04192080 0.02094203 -1.51558769
v -0.04053713 0.02275258 -1.51626945
v -0.04321890 0.02326061 -1.51936460
v -0.05290104 -0.00069222 -1.55014777
v -0.05113860 0.00074641 -1.55278087
v -0.05236439 0.00083449 -1.55011678
v -0.04908376 -0.00043466 -1.55520010
v -0.05038429 -0.00243405 -1.55476344
v -0.05296920 -0.00104705 -1.54820061
v -0.05305073 -0.00166442 -1.54747820
v -0.05296192 0.00023299 -1.54818296
v -0.05315099 -0.00071297 -1.54673457
v -0.05179166 -0.00850128 -1.54290915
v -0.05216384 -0.00798698 -1.54193258
v -0.05244377 -0.00491301 -1.54482555
v -0.05272266 -0.00401971 -1.54408610
v -0.20283622 -0.05270197 -1.55414903
v -0.20510723 -0.05834661 -1.59943664
v -0.04567489 -0.03148969 -1.56166470
v -0.04599390 -0.02922115 -1.55895400
v -0.04392952 -0.02544194 -1.55959618
v -0.04265147 -0.02730934 -1.56301594
v -0.04637726 -0.03428927 -1.56611085
v -0.04937158 -0.03707472 -1.56327498
v -0.04857560 -0.03431068 -1.56029248
v -0.04828209 -0.03198431 -1.55781376
v -0.05678080 -0.03704667 -1.55462360
v -0.05537896 -0.03502677 -1.55408156
v -0.05347514 -0.03474671 -1.55550706
v -0.05426446 -0.03670878 -1.55628109
v -0.05837654 -0.03963556 -1.55517721
v -0.05557963 -0.03947544 -1.55780840
v -0.05142806 -0.03578769 -1.55816865
v -0.05092572 -0.03352296 -1.55666339
v -0.05236660 -0.03854544 -1.56017709
v -0.04467807 -0.00776723 -1.55863607
v -0.04638524 -0.00881584 -1.55746150
v -0.04845109 -0.00588226 -1.55623937
v -0.04790395 -0.00436415 -1.55669665
v -0.04316927 -0.00650370 -1.56005549
v -0.04667291 -0.00216603 -1.55762017
v -0.04070039 -0.02039264 -1.56288493
v -0.04272464 -0.01965894 -1.55998290
v -0.04813882 -0.01002949 -1.55629015
v -0.04895805 -0.00795414 -1.55530047
v -0.04808305 -0.00991434 -1.55653167
v -0.04925121 -0.00742118 -1.55529869
v -0.16991247 -0.05973421 -1.65495276
v -0.15584093 -0.06073841 -1.65738916
v -0.16188695 -0.04640115 -1.67171121
v -0.17626995 -0.04667665 -1.66710067
v -0.04832264 -0.02578745 -1.55602074
v -0.04784869 -0.02623235 -1.55626214
v -0.04934745 -0.02886052 -1.55534947
v -0.04963899 -0.02839926 -1.55510437
v -0.05119069 -0.03038576 -1.55442810
v -0.05100796 -0.03094583 -1.55492067
v -0.05285486 -0.03237658 -1.55424225
v -0.05278893 -0.03185550 -1.55374563
v -0.05407077 -0.03264754 -1.55353630
v -0.05450238 -0.03329914 -1.55355322
v -0.04854618 -0.00760208 -1.55602050
v -0.04760718 -0.00970022 -1.55676401
v -0.20038325 -0.05658965 -1.62911081
v -0.04692093 -0.03146921 -1.60392594
v -0.05321497 -0.03901891 -1.60170519
v -0.04956815 -0.03626855 -1.59403074
v -0.04676553 -0.02726323 -1.55674422
v -0.04867982 -0.02998707 -1.55608487
v -0.05090393 -0.03193908 -1.55566478
v -0.05295147 -0.03323750 -1.55474412
v -0.05431236 -0.03388631 -1.55429018
v -0.12415601 -0.06439448 -1.53501534
v -0.12588550 -0.06491446 -1.53529894
v -0.14641231 -0.07607340 -1.55121660
v -0.14402291 -0.07406785 -1.55749249
v -0.14204744 -0.07281407 -1.56036830
v -0.12694816 -0.07188918 -1.56520069
v -0.12845138 -0.07571925 -1.56894338
v -0.14465180 -0.07798532 -1.53167772
v -0.14188091 -0.07421384 -1.52888870
v -0.15369767 0.08942119 -1.57985353
v -0.14501691 -0.07788394 -1.53265977
v -0.13881382 -0.08438845 -1.56779063
v -0.14055073 -0.08499061 -1.56636643
v -0.14019196 -0.08588064 -1.56612778
v -0.19811925 -0.04418758 -1.53075004
v -0.20081842 -0.04993411 -1.54479575
v -0.14233658 -0.08547460 -1.56494153
v -0.12680739 -0.06732670 -1.54047632
v -0.14686242 -0.07722274 -1.55075252
v -0.14864729 -0.07897923 -1.55056572
v -0.15028535 -0.07961588 -1.54547787
v -0.14911415 -0.07895634 -1.54569101
v -0.14975458 -0.07852867 -1.54008174
v -0.14885211 -0.07801002 -1.54079020
v -0.14660454 -0.07976902 -1.53564501
v -0.14766021 -0.08159194 -1.53984034
v -0.12941465 -0.07720661 -1.56971419
v -0.12844583 -0.07639870 -1.56846428
v -0.12961209 -0.07802396 -1.56948495
v -0.12835962 -0.06821296 -1.53954089
v -0.12756947 -0.07000393 -1.56347752
v -0.12722522 -0.06938908 -1.56102109
v -0.12755886 -0.06910679 -1.56151175
v -0.13085374 -0.06462877 -1.54539812
v -0.13082150 -0.06467561 -1.54637480
v -0.13096318 -0.06606555 -1.54395485
v -0.12970757 -0.06855013 -1.54201221
v -0.13269956 -0.06191551 -1.53489709
v -0.13495462 -0.06151070 -1.53444529
v -0.13450232 -0.06197489 -1.53322244
v -0.13124749 -0.08078641 -1.57638943
v -0.12719068 -0.06952012 -1.56004572
v -0.12684512 -0.07088718 -1.56103444
v -0.12661347 -0.07140354 -1.56225801
v -0.12989026 -0.07897113 -1.56925893
v -0.12658519 -0.07175717 -1.56323886
v -0.12672812 -0.07085067 -1.56322908
v -0.12683001 -0.07261693 -1.56496429
v -0.12702227 -0.07026418 -1.56322670
v -0.14456989 -0.06951853 -1.54205906
v -0.14287469 -0.06777875 -1.54151523
v -0.11909696 -0.06590715 -1.55520606
v -0.12190874 -0.06679249 -1.55356169
v -0.14000113 -0.07301488 -1.52786064
v -0.13677403 -0.07202939 -1.56587458
v -0.13743764 -0.07260583 -1.56882465
v -0.14795652 -0.08340225 -1.54450941
v -0.14061244 -0.07498240 -1.53717673
v -0.13928677 -0.07260738 -1.53614283
v -0.14176592 -0.07721650 -1.53844953
v -0.14248931 -0.07908535 -1.54141843
v -0.13417791 -0.06609552 -1.55549049
v -0.13616145 -0.07798584 -1.56032896
v -0.13791719 -0.07865676 -1.55841780
v -0.13485831 -0.07615577 -1.56003547
v -0.13452865 -0.07316823 -1.57170773
v -0.13229644 -0.07260603 -1.57117009
v -0.13449033 -0.07242873 -1.56656981
v -0.13221185 -0.07206709 -1.56945205
v -0.13173203 -0.06387205 -1.53832388
v -0.13685352 -0.06371512 -1.53353429
v -0.13702561 -0.06358485 -1.53548896
v -0.13748071 -0.06487456 -1.53356194
v -0.13850257 -0.06507146 -1.53504860
v -0.13974875 -0.06553075 -1.53678727
v -0.14051341 -0.06612492 -1.53900695
v -0.14030032 -0.06650592 -1.54144979
v -0.13153164 -0.06343722 -1.54246473
v -0.12247191 -0.07120202 -1.56852579
v -0.13196455 -0.06288341 -1.54075623
v -0.13102469 -0.06496789 -1.54394102
v -0.13114420 -0.06506012 -1.54223549
v -0.13129309 -0.06466758 -1.54027963
v -0.13428886 -0.06914377 -1.53185153
v -0.13604333 -0.07007189 -1.53409433
v -0.13344005 -0.06777480 -1.53230524
v -0.13791482 -0.07108624 -1.53511977
v -0.13318022 -0.06664541 -1.53252912
v -0.13522872 -0.07231111 -1.56658196
v -0.13418221 -0.07236353 -1.56973708
v -0.12129463 -0.06447084 -1.53789282
v -0.07409016 -0.05191965 -1.53268850
v -0.07649896 -0.05381946 -1.54325795
v -0.07415473 -0.01323086 -1.48223186
v -0.07463717 -0.01260400 -1.47930241
v -0.06529815 -0.04289056 -1.51921654
v -0.06148574 -0.03768743 -1.51553392
v -0.06143941 -0.01031606 -1.48427379
v -0.06157754 -0.00962464 -1.48353446
v -0.06134111 -0.00873962 -1.48400617
v -0.06145848 -0.00939700 -1.48438358
v -0.06294093 -0.00771954 -1.48524296
v -0.06354466 -0.00850149 -1.48526490
v -0.06268711 -0.00855003 -1.48500538
v -0.06213390 -0.00788752 -1.48498607
v -0.05525137 -0.01261176 -1.49835026
v -0.05466705 -0.01622247 -1.50217307
v -0.05665755 -0.01948103 -1.49834847
v -0.05674456 -0.01586734 -1.49488246
v -0.07076634 -0.01120290 -1.48604715
v -0.06991887 -0.01078922 -1.48736858
v -0.06628498 -0.00918919 -1.48618007
v -0.06680544 -0.00961561 -1.48582935
v -0.07137253 -0.01110853 -1.48373783
v -0.06762292 -0.00960091 -1.48486781
v -0.07316395 -0.01318911 -1.48599708
v -0.07220131 -0.01247775 -1.48828876
v -0.06576891 -0.01988316 -1.47923625
v -0.06423394 -0.01610780 -1.48098707
v -0.06263708 -0.01691337 -1.48365390
v -0.06378405 -0.02059062 -1.48335934
v -0.05277946 -0.00910652 -1.50899887
v -0.05355050 -0.01289488 -1.50552487
v -0.05434879 -0.00965721 -1.50158906
v -0.05356431 -0.00588341 -1.50567341
v -0.05204982 -0.00199527 -1.50998664
v -0.05190007 -0.00510638 -1.51271212
v -0.04639477 -0.00015166 -1.51595962
v -0.04630820 -0.00058706 -1.51217961
v -0.04354802 0.00037193 -1.51040578
v -0.04394957 -0.00012838 -1.51261759
v -0.04656168 0.00182988 -1.50726819
v -0.04845988 -0.00086399 -1.51063657
v -0.04705714 0.00578106 -1.50636899
v -0.04699221 0.02870636 -1.50837386
v -0.04752367 0.02758007 -1.51047444
v -0.04564890 0.02851290 -1.51030457
v -0.04534639 0.03022055 -1.50856650
v -0.04590718 0.00604993 -1.50683212
v -0.04807703 0.00161589 -1.50717747
v -0.03796893 0.02281186 -1.50694299
v -0.03734974 0.02388024 -1.50899208
v -0.03956348 0.02252050 -1.50868583
v -0.04057155 0.02244815 -1.50699651
v -0.05013087 0.00122957 -1.50697696
v -0.04831344 0.00538585 -1.50615370
v -0.04478956 0.00673175 -1.50753438
v -0.04436499 0.00397858 -1.50719786
v -0.03797395 0.02550156 -1.50959194
v -0.03675859 0.02746976 -1.50868773
v -0.03860147 0.02893146 -1.50894642
v -0.03966738 0.02663815 -1.50973010
v -0.04362006 0.02136202 -1.51219559
v -0.04307298 0.02299534 -1.51008773
v -0.03987927 0.02117563 -1.51139569
v -0.04682066 0.02853296 -1.51313388
v -0.04835035 0.02700953 -1.51257300
v -0.04755402 0.02580807 -1.51635885
v -0.04668488 0.02718031 -1.51693428
v -0.04219884 0.00265323 -1.50839627
v -0.03749628 0.01383908 -1.50559187
v -0.03514368 0.01303077 -1.50616932
v -0.04203617 0.00752840 -1.53860140
v -0.04553899 0.00437231 -1.53626847
v -0.04076928 0.00778602 -1.53564429
v -0.04408972 0.00470036 -1.53355122
v -0.03812904 0.00398128 -1.50940073
v -0.03899448 0.00248028 -1.51151264
v -0.03458684 0.00689565 -1.50953877
v -0.03420336 0.00592569 -1.51210856
v -0.03925231 0.01256879 -1.55337369
v -0.04275626 0.01535656 -1.50383830
v -0.04341292 0.01505438 -1.50336635
v -0.04064870 0.01588082 -1.50427997
v -0.19979726 -0.02910333 -1.66559100
v -0.18508470 -0.02829324 -1.67531526
v -0.15819284 -0.02484220 -1.68355501
v -0.14490440 -0.02087774 -1.68447328
v -0.04697675 0.01170749 -1.48785305
v -0.04628411 0.01206811 -1.49039876
v -0.06290890 0.00217823 -1.48840308
v -0.06206936 0.00782691 -1.48831022
v -0.05835447 0.00877714 -1.48517585
v -0.05890538 0.00335306 -1.48538244
v -0.06040915 -0.00096424 -1.48583579
v -0.06432187 -0.00252070 -1.48861575
v -0.06496611 0.00163375 -1.49040222
v -0.06426506 0.00748597 -1.49043119
v -0.05500297 0.00447818 -1.48321879
v -0.05359694 0.00990761 -1.48287416
v -0.05068626 0.01049583 -1.48391044
v -0.05256354 0.00480097 -1.48402333
v -0.05246130 -0.00165727 -1.50315356
v -0.05045327 0.00263970 -1.50330138
v -0.04768613 0.00716608 -1.50257742
v -0.04568441 0.01066425 -1.50188184
v -0.04478826 0.01132557 -1.50368714
v -0.04636405 0.00864993 -1.50485194
v -0.04412260 0.01158165 -1.50440371
v -0.04552051 0.00894542 -1.50544250
v -0.04472047 0.00904357 -1.50603652
v -0.04392475 0.00864388 -1.50724792
v -0.04307495 0.01066885 -1.50671601
v -0.04306699 0.01014247 -1.50782180
v -0.04355834 0.01160263 -1.50512528
v -0.03136801 0.01447698 -1.52683187
v -0.03292546 0.01436631 -1.53125715
v -0.04722925 0.00734233 -1.49243426
v -0.04626261 0.01231438 -1.49259233
v -0.04611775 0.01292904 -1.49648762
v -0.04681771 0.00850621 -1.49680531
v -0.04878867 0.00377060 -1.49654067
v -0.04947037 0.00201552 -1.49132812
v -0.04400455 0.01468381 -1.50277209
v -0.04754552 0.00696667 -1.49024785
v -0.04841999 0.00661034 -1.48782754
v -0.05001646 0.00146937 -1.48914850
v -0.05100294 0.00107669 -1.48709702
v -0.05259244 -0.00316483 -1.48974824
v -0.05136960 -0.00189315 -1.49532354
v -0.05433162 -0.00808904 -1.49412072
v -0.05601609 -0.00774549 -1.48804367
v -0.06083253 -0.01659568 -1.48642349
v -0.06156120 -0.01173949 -1.48405135
v -0.06068270 -0.01172429 -1.48513341
v -0.05948551 -0.01119164 -1.48608041
v -0.05887971 -0.01525632 -1.48893237
v -0.06153982 -0.02009501 -1.48746121
v -0.05903530 -0.01846045 -1.49129844
v -0.05685265 -0.01269988 -1.49142313
v -0.05809395 -0.01012206 -1.48689425
v -0.06069390 -0.01032001 -1.48474824
v -0.06108641 -0.00939138 -1.48462081
v -0.05974215 -0.00989177 -1.48521280
v -0.06032526 -0.00896925 -1.48472285
v -0.05864384 -0.00907643 -1.48554742
v -0.05946305 -0.00830822 -1.48481977
v -0.05815806 -0.00709274 -1.48502290
v -0.05693245 -0.00752905 -1.48610461
v -0.06266956 -0.00738398 -1.48498917
v -0.06173573 -0.00623822 -1.48471189
v -0.06058605 -0.00615475 -1.48432302
v -0.06158411 -0.00726796 -1.48460102
v -0.06326053 -0.00825383 -1.48525620
v -0.06219310 -0.00796467 -1.48474407
v -0.06542460 -0.00848092 -1.48639846
v -0.06472734 -0.00737648 -1.48637033
v -0.13249417 0.05109392 -1.46400928
v -0.14680448 0.05694532 -1.46895766
v -0.06393122 -0.00897284 -1.48527861
v -0.06296714 -0.00884328 -1.48501468
v -0.06164808 -0.00859905 -1.48462045
v -0.06118224 -0.00832743 -1.48460805
v -0.06050744 -0.00765402 -1.48458624
v -0.05950573 -0.00655436 -1.48443031
v -0.05260540 0.00082605 -1.48554337
v -0.05426499 -0.00312218 -1.48599458
v -0.05600788 -0.00309379 -1.48480594
v -0.05500506 0.00058051 -1.48400462
v -0.05780929 -0.00298826 -1.48410571
v -0.06629147 -0.00338435 -1.49049556
v -0.05691085 0.00053784 -1.48355246
v -0.06665134 -0.00665115 -1.48847163
v -0.06864671 -0.00793609 -1.49023557
v -0.06298263 -0.00499972 -1.48618317
v -0.06874403 -0.01006228 -1.48806906
v -0.06829954 -0.00887326 -1.48804450
v -0.07080544 -0.01134836 -1.48959005
v -0.06982474 -0.00990772 -1.48991835
v -0.05963273 -0.00318392 -1.48402047
v -0.05323502 -0.00329301 -1.48768675
v -0.05023206 0.00588433 -1.48591816
v -0.04863133 0.01124722 -1.48581493
v -0.06176119 0.04827973 -1.53548312
v -0.06122762 0.04783326 -1.53254938
v -0.05968095 0.04375180 -1.53330874
v -0.06012213 0.04447947 -1.53599274
v -0.02749343 0.01442940 -1.51797068
v -0.02947659 0.01438974 -1.52289128
v -0.06138471 -0.00814786 -1.48448730
v -0.10986584 -0.00808120 -1.42545319
v -0.14746295 0.07652443 -1.54597628
v -0.14610669 0.07616157 -1.54644418
v -0.16465846 0.08210565 -1.57332218
v -0.06201266 -0.01102545 -1.48307347
v -0.07200794 -0.01066293 -1.48154616
v -0.06758458 -0.00888123 -1.48388076
v -0.06702391 -0.01707241 -1.47507071
v -0.06658415 -0.01271821 -1.47060823
v -0.06391538 -0.01029326 -1.47394323
v -0.06480525 -0.01386767 -1.47779310
v -0.06035434 -0.00713695 -1.47920489
v -0.06155432 -0.00968688 -1.48133755
v -0.15947349 0.08743275 -1.57486153
v -0.06072797 -0.00841229 -1.48240328
v -0.05932235 -0.00594250 -1.48100042
v -0.05864440 -0.00500776 -1.48231781
v -0.06042620 -0.00743757 -1.48348308
v -0.05953637 -0.00341176 -1.48475420
v -0.05725673 0.00116428 -1.48440492
v -0.06299376 0.00109286 -1.48231578
v -0.06482391 -0.00373734 -1.48253798
v -0.06665210 -0.00780122 -1.48323810
v -0.06216302 -0.00683003 -1.48521626
v -0.15734410 0.08288666 -1.57854617
v -0.15204181 0.08245455 -1.57942963
v -0.15139890 0.08102108 -1.57772815
v -0.15601251 0.08145079 -1.57658768
v -0.05882652 -0.00388869 -1.48438120
v -0.06124010 -0.00695076 -1.48483443
v -0.05626309 0.00093881 -1.48402321
v -0.11325832 -0.01814348 -1.42907214
v -0.06056608 -0.00705695 -1.48433495
v -0.05862267 -0.00424535 -1.48377192
v -0.05586542 0.00036392 -1.48292494
v -0.05581973 -0.00057442 -1.48098373
v -0.05621204 -0.00146685 -1.47880590
v -0.05764644 -0.00243793 -1.47628236
v -0.06203239 -0.00478968 -1.47017062
v -0.06462119 -0.00627671 -1.46584451
v -0.06054045 0.00126930 -1.46774042
v -0.06243710 0.00020920 -1.46315145
v -0.05535056 0.00291463 -1.47409093
v -0.05327205 0.00364667 -1.47709405
v -0.05298149 0.00438874 -1.47964203
v -0.05341575 0.00498582 -1.48208356
v -0.04490197 0.01409039 -1.50120997
v -0.04209800 0.01198940 -1.50631356
v -0.04002418 0.01335328 -1.50576782
v -0.03365701 0.01105696 -1.50726724
v -0.03829452 0.01630796 -1.50435221
v -0.03328106 0.00859427 -1.50888085
v -0.03235861 0.01041217 -1.50798416
v -0.03094670 0.00997583 -1.50918460
v -0.03172958 0.00867656 -1.51019359
v -0.03159796 0.01198525 -1.50709391
v -0.03024335 0.01093188 -1.50879204
v -0.03077423 0.01620606 -1.50592220
v -0.02797787 0.01569196 -1.50856256
v -0.02656210 0.01476787 -1.51392007
v -0.02686954 0.01538549 -1.51049924
v -0.02996193 0.00959935 -1.51075828
v -0.03087723 0.00799837 -1.51299465
v -0.16015315 0.09074840 -1.57531714
v -0.03211633 0.00756690 -1.51656389
v -0.03577764 0.00505210 -1.51532388
v -0.10177723 -0.00579369 -1.67760146
v -0.05398658 0.00552257 -1.48355174
v -0.05567981 0.00608427 -1.48418605
v -0.15119578 0.07444580 -1.53337860
v -0.15741588 0.08233042 -1.56317353
v -0.07241737 0.00043125 -1.47407770
v -0.06881028 0.00068471 -1.47779107
v -0.06808329 0.00546094 -1.47734606
v -0.14940606 0.08201393 -1.57914221
v -0.15003255 0.08534880 -1.58081746
v -0.07144732 0.00525754 -1.47374940
v -0.05542019 0.00997923 -1.48400593
v -0.16990264 0.08735762 -1.55454874
v -0.16255462 0.09082785 -1.57438445
v -0.16150180 0.08930858 -1.57267642
v -0.14634308 0.08395912 -1.57002473
v -0.16497648 0.07551073 -1.54680574
v -0.16368777 0.08224255 -1.54644549
v -0.16275561 0.08094315 -1.54351604
v -0.16447179 0.07492001 -1.54485118
v -0.15454422 0.07222806 -1.55788660
v -0.06167877 0.00954740 -1.48180938
v -0.06183702 0.00591483 -1.48210609
v -0.05329594 0.01010272 -1.48347628
v -0.05244485 0.00980260 -1.48175538
v -0.05171932 0.00934704 -1.47918439
v -0.06786565 0.00911463 -1.47704780
v -0.07127701 0.00872934 -1.47333252
v -0.14123867 0.07322283 -1.53565073
v -0.07157288 -0.00906597 -1.47980714
v -0.15959837 0.07891367 -1.52932394
v -0.16163334 0.07985454 -1.53105819
v -0.21417874 0.02509638 -1.53254461
v -0.21961983 0.02728293 -1.54628885
v -0.17341682 0.08888679 -1.55508184
v -0.07449490 -0.00998620 -1.47670043
v -0.07006475 -0.00435908 -1.47824979
v -0.07320429 -0.00493255 -1.47502017
v -0.06065020 0.00663802 -1.46180940
v -0.05946227 0.00742818 -1.46653748
v -0.05224455 0.00903444 -1.47602463
v -0.05478989 0.00864115 -1.47265935
v -0.17166910 -0.02692849 -1.68090558
v -0.07276772 -0.05256337 -1.61324263
v -0.06662209 -0.05021329 -1.60455036
v -0.15259811 0.08357838 -1.57502985
v -0.05900817 -0.04290021 -1.61041188
v -0.06479144 -0.04517384 -1.61763144
v -0.07859212 -0.05389535 -1.62264740
v -0.07043405 -0.04641202 -1.62581086
v -0.11967681 -0.03698657 -1.67250276
v -0.10599568 -0.03562167 -1.66832197
v -0.10235266 -0.01700853 -1.67507982
v -0.13370200 -0.03429513 -1.67761111
v -0.14331487 -0.04749597 -1.67113495
v -0.12371358 -0.04651354 -1.66733706
v -0.10906948 -0.04435744 -1.66312742
v -0.15283316 0.07595369 -1.53338861
v -0.15349738 0.07527316 -1.52755070
v -0.15118231 0.07419378 -1.52752209
v -0.15255137 0.07801234 -1.56533909
v -0.20576581 -0.02775836 -1.47634459
v -0.20408177 -0.05813788 -1.61186635
v -0.09621075 -0.04123057 -1.65869379
v -0.09310284 -0.03320522 -1.66316497
v -0.08182018 -0.03115927 -1.65706646
v -0.08554311 -0.03855117 -1.65381896
v -0.08868187 -0.01517159 -1.66942787
v -0.08753388 -0.00395714 -1.67145050
v -0.22913313 -0.02810590 -1.57920766
v -0.03453605 0.01405739 -1.53519797
v -0.18337768 -0.04604572 -1.51292109
v -0.16585810 -0.05516393 -1.50795734
v -0.14965281 -0.05474151 -1.45417953
v -0.14223208 -0.06441265 -1.52583146
v -0.14291394 -0.06425065 -1.52657449
v -0.15118167 -0.05607506 -1.49036074
v -0.14939313 -0.05717107 -1.50328231
v -0.19599505 -0.03847786 -1.51537287
v -0.14844313 -0.07504886 -1.53927720
v -0.14839996 -0.07585678 -1.54319382
v -0.14824119 -0.07614549 -1.53831184
v -0.14835943 -0.07714885 -1.54247832
v -0.14788982 -0.07736403 -1.54662299
v -0.14801589 -0.07658030 -1.53611612
v -0.12977724 -0.07250840 -1.57063341
v -0.12840071 -0.07365752 -1.57184410
v -0.16760869 0.07661776 -1.54122436
v -0.16812551 0.07660030 -1.54367578
v -0.13868871 -0.06339113 -1.52306569
v -0.13995481 -0.06349315 -1.52406740
v -0.15133332 0.06261465 -1.54990101
v -0.13934369 -0.06288962 -1.52380347
v -0.13824967 -0.06252436 -1.52304566
v -0.13752005 -0.06293013 -1.52206087
v -0.13739896 -0.06227574 -1.52204967
v -0.11932051 -0.07404681 -1.58388734
v -0.14049710 -0.06158925 -1.52331901
v -0.14239296 -0.06347713 -1.52582169
v -0.14112198 -0.06334403 -1.52481961
v -0.14012939 -0.06240562 -1.52405572
v -0.13868578 -0.06186156 -1.52280056
v -0.13727665 -0.06165767 -1.52155066
v -0.13686058 -0.06236736 -1.52057600
v -0.16704243 0.07868010 -1.53508174
v -0.16232850 0.07552863 -1.52820051
v -0.16008493 0.05897823 -1.47491562
v -0.17352846 0.05476567 -1.48010743
v -0.17166576 0.05469633 -1.46786606
v -0.15840408 0.05793250 -1.46183634
v -0.13875455 0.07508132 -1.54949558
v -0.14325327 0.07484777 -1.54323483
v -0.14161526 0.07442288 -1.54150105
v -0.14882872 -0.07678735 -1.53515756
v -0.14145052 -0.06806029 -1.52244866
v -0.10881407 0.02699797 -1.44411981
v -0.11338069 0.02281741 -1.43376386
v -0.13760956 -0.07377067 -1.56493735
v -0.13935104 -0.07406681 -1.56350899
v -0.14017469 -0.07656910 -1.56551182
v -0.13827834 -0.07619489 -1.56718040
v -0.18921767 -0.06059602 -1.55278158
v -0.19117649 -0.06381999 -1.56458163
v -0.21166696 -0.01581535 -1.48019803
v -0.21099779 -0.01524866 -1.49482691
v -0.16647542 -0.07517551 -1.59308505
v -0.13577078 -0.07347159 -1.56587553
v -0.13639152 -0.07594989 -1.56836247
v -0.14775646 -0.07630151 -1.54733849
v -0.13602374 -0.07264203 -1.56538057
v -0.13781980 -0.07300146 -1.56419826
v -0.13733777 -0.07717613 -1.57035017
v -0.13948584 -0.07750874 -1.56892991
v -0.14152858 -0.07771511 -1.56701767
v -0.13957056 -0.07323714 -1.56276929
v -0.13734391 0.07417642 -1.53483248
v -0.12722760 0.07516603 -1.53121185
v -0.12331749 0.07705009 -1.54673862
v -0.13429639 0.07535926 -1.54428124
v -0.13664268 -0.07343072 -1.57077432
v -0.13571714 -0.07691643 -1.61621678
v -0.15080419 -0.07725684 -1.61406183
v -0.13531697 -0.07367513 -1.63325572
v -0.15143578 -0.07391266 -1.63209522
v -0.16911088 -0.07135376 -1.63043737
v -0.16875197 -0.07449169 -1.61118555
v -0.13105485 -0.07237786 -1.57065547
v -0.12843502 -0.07450707 -1.57283294
v -0.08479074 -0.05485211 -1.63034511
v -0.09253061 -0.06119474 -1.62715828
v -0.07594079 -0.04727897 -1.63325012
v -0.08140166 -0.04750984 -1.63970327
v -0.09033799 -0.05458887 -1.63776970
v -0.10264472 -0.06392103 -1.63422084
v -0.12317866 -0.07642358 -1.60401237
v -0.12071687 -0.07444452 -1.61785591
v -0.10701625 -0.07026211 -1.61851931
v -0.07949991 0.07043976 -1.56676304
v -0.08407895 0.07164270 -1.56854129
v -0.08648248 0.07217819 -1.55954528
v -0.08210678 0.07054821 -1.55948567
v -0.11940177 -0.07021049 -1.63413167
v -0.10716268 -0.06009576 -1.64475143
v -0.12145963 -0.06560715 -1.64509392
v -0.10950792 -0.05384723 -1.65447593
v -0.12363887 -0.05797517 -1.65650547
v -0.13968845 -0.05985434 -1.65854025
v -0.13661945 -0.06899247 -1.64517939
v -0.09526639 -0.05347914 -1.64468288
v -0.08580293 -0.04639792 -1.64538574
v -0.09744730 -0.04908341 -1.65198803
v -0.08937009 -0.04478794 -1.65055764
v -0.10027161 -0.06757329 -1.61835647
v -0.13792184 -0.05877313 -1.51639616
v -0.13336389 -0.05975768 -1.51510370
v -0.04297124 0.03416744 -1.61809230
v -0.03942624 0.02396112 -1.61767721
v -0.04266047 0.02381146 -1.62701750
v -0.04669639 0.03397085 -1.62719822
v -0.12315954 -0.06220102 -1.52373576
v -0.22287118 0.02863040 -1.55536485
v -0.22553128 0.02944981 -1.56712258
v -0.23053035 0.00951064 -1.56480289
v -0.22768322 0.00949810 -1.55376303
v -0.08448583 -0.05751069 -1.53808641
v -0.08331506 -0.05750053 -1.55076027
v -0.09472749 -0.06223162 -1.54591107
v -0.09718329 -0.06059993 -1.53152966
v -0.06355195 0.03156600 -1.65049624
v -0.05900229 0.02130814 -1.65103984
v -0.06763185 0.02006913 -1.65854263
v -0.07190169 0.03051485 -1.65750289
v -0.07346712 0.06550502 -1.53644300
v -0.07524002 0.06751074 -1.53034496
v -0.07135726 0.06422572 -1.52885234
v -0.07034677 0.06251933 -1.53496051
v -0.08152001 -0.05638092 -1.56438386
v -0.09286369 -0.06153485 -1.55953908
v -0.09121692 -0.06127501 -1.57415390
v -0.07828001 -0.05656617 -1.57848668
v -0.18649018 -0.06511302 -1.62945604
v -0.18885842 -0.06742769 -1.61244130
v -0.15161413 0.07537851 -1.52214265
v -0.14988896 0.07461973 -1.52260911
v -0.18983065 -0.06794098 -1.59977067
v -0.04734854 -0.03378788 -1.58736324
v -0.07827178 0.01853385 -1.66535449
v -0.08247598 0.02916354 -1.66382289
v -0.20881891 -0.02995626 -1.65820265
v -0.05191229 -0.03456510 -1.61333930
v -0.18282223 -0.05736763 -1.65003455
v -0.21273607 -0.00297688 -1.49676692
v -0.19026080 -0.04604390 -1.65856409
v -0.15236130 -0.06950262 -1.64401567
v -0.16716856 -0.06748320 -1.64231157
v -0.18451953 -0.06177243 -1.64036036
v -0.19153859 -0.06687820 -1.58342981
v -0.07888971 -0.03841628 -1.64832139
v -0.06091036 -0.04264279 -1.55599809
v -0.06307351 -0.04199729 -1.55187917
v -0.05802622 -0.04239333 -1.56033552
v -0.06308939 -0.04012306 -1.54721487
v -0.04806803 0.00061163 -1.53392553
v -0.04695047 0.00122020 -1.53121066
v -0.04571177 0.00179077 -1.52824998
v -0.04917497 -0.00241162 -1.52934873
v -0.04833788 -0.00157258 -1.52590346
v -0.04129477 0.00561044 -1.52713859
v -0.04271550 0.00507335 -1.53034639
v -0.04473747 0.00257511 -1.52529120
v -0.04394235 0.00319971 -1.52184963
v -0.03992296 0.00595639 -1.52369010
v -0.05041268 -0.00158404 -1.51092708
v -0.05034115 -0.00266131 -1.51582348
v -0.04758035 0.00012957 -1.51927400
v -0.04981250 -0.00547233 -1.52354288
v -0.04969049 -0.00423301 -1.51986134
v -0.04774206 -0.00066897 -1.52295017
v -0.05047347 -0.00685193 -1.52723634
v -0.04248140 0.00242122 -1.51780450
v -0.04046620 0.00164026 -1.51387107
v -0.03781930 0.00550032 -1.51950645
v -0.03443868 0.00770240 -1.52063394
v -0.03640734 0.00807435 -1.52506042
v -0.05003234 -0.00324105 -1.53181756
v -0.05098328 -0.00808397 -1.52994835
v -0.05071933 -0.00782709 -1.51663363
v -0.05142214 -0.01231891 -1.51341212
v -0.05066670 -0.01013615 -1.52118111
v -0.05113480 -0.01437752 -1.51856208
v -0.05102598 -0.01140919 -1.52511156
v -0.05159195 -0.01587095 -1.52274156
v -0.05228238 -0.01645090 -1.51006663
v -0.05386932 -0.02005341 -1.50648320
v -0.05639330 -0.02359399 -1.50230610
v -0.05367585 -0.02308428 -1.51177025
v -0.05647823 -0.02707075 -1.50699413
v -0.05387214 -0.02521692 -1.51693034
v -0.05654985 -0.02979931 -1.51264822
v -0.05046436 0.02720197 -1.53971064
v -0.05257133 0.02731766 -1.54218996
v -0.05501529 0.03077745 -1.53974688
v -0.05358119 0.03064736 -1.53728032
v -0.03499936 0.02335447 -1.58781624
v -0.03539014 0.02402766 -1.59587145
v -0.03800445 0.03274697 -1.59628940
v -0.03731845 0.03151802 -1.58823633
v -0.05200427 -0.01906049 -1.51534629
v -0.05248389 -0.02090400 -1.51989734
v -0.05206460 -0.01724609 -1.52667570
v -0.05144558 -0.01280067 -1.52855659
v -0.05424564 -0.02667600 -1.52855444
v -0.05402306 -0.02635766 -1.52268624
v -0.05291174 -0.02188051 -1.52480173
v -0.05336972 -0.02252264 -1.52970207
v -0.05649617 -0.03158141 -1.51962996
v -0.05581597 -0.03133887 -1.52718258
v -0.05596384 -0.03055310 -1.53254592
v -0.05241122 -0.01636282 -1.53790104
v -0.05210927 -0.01144224 -1.53831649
v -0.05306771 -0.01996109 -1.53796256
v -0.05461567 -0.02641491 -1.53270841
v -0.05364197 -0.02282837 -1.53312945
v -0.05942634 -0.03508047 -1.54146194
v -0.05778529 -0.03252972 -1.53993154
v -0.05480939 -0.02642710 -1.53832757
v -0.05379871 -0.02341283 -1.53802335
v -0.05617072 -0.02957720 -1.53888440
v -0.05228882 -0.00697652 -1.54021192
v -0.05229283 -0.00241845 -1.54210293
v -0.16578616 -0.05334799 -1.49511313
v -0.03775005 0.00813970 -1.52874684
v -0.03925720 0.00798943 -1.53243935
v -0.04510742 0.00086644 -1.55754948
v -0.04732972 0.00254577 -1.55512655
v -0.04145119 0.00919130 -1.55394924
v -0.04109051 -0.00288408 -1.56069970
v -0.05197870 0.00075665 -1.54449522
v -0.05715655 0.03506691 -1.53777504
v -0.05621988 0.03438947 -1.53556943
v -0.05142239 0.00265784 -1.54714441
v -0.05046484 0.00345255 -1.54955721
v -0.04914045 0.00368456 -1.55245912
v -0.04720140 0.02303794 -1.63565826
v -0.05155887 0.03331115 -1.63559926
v -0.12962356 0.02165747 -1.68311787
v -0.12139277 0.02318187 -1.68074584
v -0.11962797 0.01212274 -1.68330562
v -0.13219465 0.01148877 -1.68574643
v -0.03509222 -0.01344106 -1.57416022
v -0.03553833 -0.00994311 -1.56752861
v -0.05975098 -0.04605143 -1.59581971
v -0.06508464 -0.04974517 -1.58840120
v -0.04784793 -0.03566664 -1.57226086
v -0.05121852 -0.03919933 -1.56870985
v -0.05483755 -0.04144239 -1.56465769
v -0.07021166 -0.05177830 -1.57729387
v -0.07383432 -0.05264326 -1.56540990
v -0.07601734 -0.05333976 -1.55422926
v -0.19036487 0.06545655 -1.56353164
v -0.17621584 0.07024004 -1.55978370
v -0.17521822 0.07286138 -1.57169271
v -0.18960810 0.06836502 -1.58081257
v -0.06230981 -0.03758629 -1.62871230
v -0.11927179 0.03812257 -1.45099950
v -0.12198596 0.03453142 -1.44011247
v -0.21388924 -0.00279833 -1.48274732
v -0.06738611 -0.03823654 -1.63565230
v -0.05717486 -0.03638786 -1.62103128
v -0.07342409 -0.03001291 -1.65127838
v -0.06629651 -0.02923415 -1.64478660
v -0.07289775 -0.03853036 -1.64235139
v -0.06057482 -0.02889085 -1.63808298
v -0.05541489 -0.02854243 -1.63090134
v -0.05029181 -0.02715831 -1.62346208
v -0.04556636 -0.02560402 -1.61529553
v -0.04129678 -0.02287555 -1.60492408
v -0.18293500 -0.04445179 -1.49921846
v -0.04288752 0.00932145 -1.51930475
v -0.04228447 0.01011100 -1.51928270
v -0.06567574 0.06489649 -1.58635676
v -0.06911796 0.06640954 -1.59274840
v -0.07494944 0.06924630 -1.58671474
v -0.07090530 0.06733625 -1.58104980
v -0.04365547 0.01030880 -1.51906145
v -0.04311442 0.01110620 -1.51904047
v -0.04388570 0.01126150 -1.51795411
v -0.04347283 0.01034322 -1.50990188
v -0.04440774 0.01168158 -1.51209843
v -0.04441674 0.01193624 -1.51587951
v -0.12703153 -0.06139052 -1.51805949
v -0.03491913 0.02222210 -1.57440186
v -0.03629261 0.02941326 -1.57481766
v -0.03722730 0.02755643 -1.56875670
v -0.03609086 0.02158219 -1.56808460
v -0.08328341 0.07048143 -1.55242825
v -0.08711649 0.07274695 -1.55027151
v -0.08452486 0.07225963 -1.54119611
v -0.08129092 0.06977095 -1.54458785
v -0.07643816 0.06762121 -1.53842282
v -0.07864761 0.06987223 -1.53306198
v -0.03918977 0.03388052 -1.60655046
v -0.03643002 0.02428082 -1.60638595
v -0.08034122 0.07074527 -1.57824969
v -0.07561833 0.06916148 -1.57427669
v -0.04682900 0.02475017 -1.54187369
v -0.04980629 0.02500230 -1.54436731
v -0.04604733 0.02286238 -1.54798865
v -0.04008891 0.02024041 -1.54595995
v -0.04034773 0.02000108 -1.55036271
v -0.04429412 0.02252384 -1.55137861
v -0.04620186 0.04824197 -1.59012699
v -0.04812752 0.04957133 -1.59795761
v -0.05462936 0.05643456 -1.59798527
v -0.05256478 0.05503151 -1.59064138
v -0.05680800 0.03270004 -1.64327431
v -0.05242681 0.02221733 -1.64357996
v -0.03865857 0.02041377 -1.56009161
v -0.04052762 0.02431511 -1.56080568
v -0.04239191 0.02316510 -1.55743814
v -0.03974861 0.02024777 -1.55694032
v -0.05795886 0.03913738 -1.53431630
v -0.05840367 0.03979766 -1.53651285
v -0.15218568 0.06791428 -1.52249956
v -0.15295026 0.06875635 -1.52176988
v -0.13190019 0.07717399 -1.56545281
v -0.13255352 0.07576246 -1.55474174
v -0.12099195 0.07790218 -1.55962360
v -0.11989477 0.07815666 -1.57278383
v -0.12050524 0.08094019 -1.58472061
v -0.12406185 0.08276791 -1.59526062
v -0.13496673 0.08120172 -1.58205748
v -0.13207832 0.07941291 -1.57470334
v -0.18309280 0.04860284 -1.47231340
v -0.18555814 0.04652566 -1.48386300
v -0.03861830 0.02079631 -1.54226255
v -0.03711666 0.02111561 -1.53905606
v -0.23462003 0.00873049 -1.61152291
v -0.23441660 0.00868259 -1.59687066
v -0.22766721 0.02902970 -1.59964037
v -0.22637361 0.02857213 -1.61329496
v -0.18847618 0.06310280 -1.55229759
v -0.17515890 0.06825804 -1.55002499
v -0.04305148 0.02762045 -1.51356423
v -0.04583578 0.02368182 -1.51916361
v -0.04738014 0.02379683 -1.51601684
v -0.04625268 0.02343946 -1.51868641
v -0.04209632 0.02780212 -1.51000381
v -0.04141480 0.03022661 -1.50898123
v -0.04850565 0.02457039 -1.51224303
v -0.04776022 0.02377922 -1.51223993
v -0.04694463 0.02307124 -1.51614070
v -0.04525921 0.02487315 -1.51962483
v -0.03600451 0.02025007 -1.50474381
v -0.03295477 0.02122803 -1.50528383
v -0.03416751 0.02486272 -1.50696588
v -0.03629968 0.02314301 -1.50605273
v -0.04451815 0.02176595 -1.51818848
v -0.04424317 0.02089603 -1.51575375
v -0.03787096 0.02280184 -1.51182425
v -0.04101851 0.02406829 -1.51650465
v -0.04315754 0.02394029 -1.51935410
v -0.03874544 0.02453384 -1.51267147
v -0.04320671 0.02326088 -1.50764501
v -0.04058923 0.02605964 -1.51317334
v -0.15820469 0.07853275 -1.53833675
v -0.14310338 0.06001441 -1.48520470
v -0.14896752 0.06341767 -1.50138175
v -0.15428865 0.06141680 -1.50224102
v -0.15174921 0.05915412 -1.48598838
v -0.15443000 0.08023116 -1.56509972
v -0.09139995 0.07574840 -1.59816432
v -0.09802954 0.07660835 -1.61243725
v -0.11242893 0.08109625 -1.60385549
v -0.10955758 0.08059934 -1.59184527
v -0.10356244 0.07513889 -1.62354755
v -0.11720401 0.07964793 -1.61617208
v -0.12961461 0.08253109 -1.60708690
v -0.14837727 0.08224783 -1.59108329
v -0.06377916 0.05543702 -1.54958367
v -0.06374756 0.05571277 -1.54933524
v -0.06234851 0.05436158 -1.54883921
v -0.06246281 0.05432357 -1.54908609
v -0.06427523 0.05487447 -1.54984486
v -0.06320115 0.05367510 -1.54910874
v -0.06518391 0.05559837 -1.55058444
v -0.06487571 0.05620536 -1.55032611
v -0.06484411 0.05648110 -1.55007768
v -0.05806726 0.03881076 -1.54897189
v -0.05872088 0.03937078 -1.54946470
v -0.05904085 0.04202719 -1.54845774
v -0.05790178 0.04157489 -1.54819846
v -0.05775596 0.03864904 -1.54847991
v -0.05759870 0.04150436 -1.54770553
v -0.06395695 0.04172725 -1.55270433
v -0.06390402 0.04124747 -1.55319810
v -0.06409623 0.04253925 -1.55245161
v -0.05948250 0.03669020 -1.55146885
v -0.05910131 0.03670242 -1.55219388
v -0.06374594 0.04096099 -1.55368745
v -0.06400098 0.04096298 -1.55320382
v -0.05933797 0.03701914 -1.55097330
v -0.05914209 0.03547098 -1.55074668
v -0.05947960 0.03450895 -1.55101025
v -0.05890417 0.03451373 -1.55222011
v -0.05857517 0.04674016 -1.54691970
v -0.05879495 0.04692339 -1.54594469
v -0.05781608 0.04223362 -1.54623461
v -0.05763975 0.04179845 -1.54696977
v -0.05854963 0.04656436 -1.54740989
v -0.05987251 0.04979167 -1.54787886
v -0.05989257 0.04990666 -1.54738939
v -0.06015217 0.04990535 -1.54666173
v -0.05737415 0.03884981 -1.54700518
v -0.05746657 0.03873051 -1.54798508
v -0.06040902 0.04987364 -1.54593456
v -0.05912447 0.04707191 -1.54546046
v -0.05808936 0.04238430 -1.54550529
v -0.05744680 0.03886816 -1.54651797
v -0.05734903 0.03601084 -1.54777598
v -0.05744260 0.03715738 -1.54825032
v -0.05956098 0.04699344 -1.54473734
v -0.05994398 0.04694752 -1.54376853
v -0.05872101 0.04221548 -1.54381037
v -0.05847237 0.04233839 -1.54453647
v -0.06090906 0.04982011 -1.54521215
v -0.06129207 0.04977419 -1.54424334
v -0.06656960 0.05737399 -1.55058599
v -0.06744542 0.05773311 -1.55132997
v -0.06745909 0.05772321 -1.55059791
v -0.06702072 0.05751161 -1.55010426
v -0.07099853 0.05989828 -1.54892516
v -0.07177194 0.06064299 -1.55039442
v -0.07338530 0.06211661 -1.54991603
v -0.07247841 0.06119712 -1.54820263
v -0.07920000 0.06893744 -1.54114211
v -0.07401702 0.06345107 -1.54575908
v -0.07567536 0.06454831 -1.54748416
v -0.06581082 0.05700726 -1.55008852
v -0.06498029 0.05652439 -1.54959130
v -0.06573270 0.05692812 -1.55057645
v -0.06666839 0.05721769 -1.55107832
v -0.06632547 0.05716982 -1.54960763
v -0.06530889 0.05660882 -1.54886389
v -0.06382113 0.05579521 -1.54909134
v -0.06414974 0.05587964 -1.54836392
v -0.06281056 0.05445890 -1.54762578
v -0.06248196 0.05437447 -1.54835320
v -0.06122423 0.05255095 -1.54786634
v -0.06129508 0.05276488 -1.54835308
v -0.06154736 0.05257457 -1.54713964
v -0.06319723 0.05450748 -1.54689991
v -0.06187049 0.05259821 -1.54641294
v -0.06464978 0.05582611 -1.54764152
v -0.06587613 0.05667473 -1.54838526
v -0.06689545 0.05726613 -1.54912865
v -0.06766062 0.05775775 -1.54986870
v -0.06810265 0.05806385 -1.55060530
v -0.06765694 0.05750137 -1.54889560
v -0.06875710 0.05804043 -1.54842043
v -0.06739455 0.05698662 -1.54743278
v -0.06650690 0.05676559 -1.54790747
v -0.06856015 0.05816447 -1.54963577
v -0.06973752 0.05888046 -1.54915977
v -0.06527781 0.05588657 -1.54716408
v -0.06589763 0.05585583 -1.54668784
v -0.06425081 0.05436787 -1.54570079
v -0.06369545 0.05448765 -1.54642117
v -0.06236597 0.05254798 -1.54593456
v -0.06287605 0.05255195 -1.54496741
v -0.05871651 0.04642970 -1.54765904
v -0.05977070 0.04593966 -1.54792964
v -0.06093217 0.04936241 -1.54814863
v -0.06010292 0.04968195 -1.54812884
v -0.06140664 0.05269647 -1.54860020
v -0.06215227 0.05207510 -1.54837847
v -0.06194108 0.04899611 -1.54817247
v -0.06503766 0.04670564 -1.55167985
v -0.06563903 0.04793875 -1.55167425
v -0.06308213 0.05156556 -1.54864705
v -0.06092494 0.04593383 -1.54843950
v -0.06459404 0.04518260 -1.55169237
v -0.06018906 0.04263478 -1.54895926
v -0.06433098 0.04367689 -1.55195212
v -0.05944533 0.03998285 -1.54971397
v -0.05566993 0.04785297 -1.55930197
v -0.05536595 0.04788024 -1.55929589
v -0.05675671 0.05237984 -1.55901623
v -0.05715124 0.05194318 -1.55878544
v -0.21710613 0.04322466 -1.56897426
v -0.21902756 0.04309849 -1.58585835
v -0.22731775 0.02959710 -1.58277965
v -0.05908202 0.05463029 -1.55707574
v -0.05923798 0.05453593 -1.55805647
v -0.06123288 0.05673564 -1.55708706
v -0.06135719 0.05659324 -1.55635893
v -0.05904675 0.05464964 -1.55585408
v -0.06148239 0.05635305 -1.55514383
v -0.05660892 0.05224162 -1.55657387
v -0.05676305 0.05218095 -1.55779827
v -0.05709500 0.05194534 -1.55854011
v -0.06578309 0.05510923 -1.55524111
v -0.06473096 0.05447682 -1.55596256
v -0.06345913 0.05516448 -1.55519700
v -0.06501042 0.05600303 -1.55497038
v -0.06664006 0.05567009 -1.55476117
v -0.06617138 0.05653663 -1.55449641
v -0.06749021 0.05013920 -1.55485272
v -0.06709076 0.04984084 -1.55509353
v -0.06649248 0.04937645 -1.55533278
v -0.06781244 0.05026062 -1.55461287
v -0.06794133 0.05027682 -1.55437088
v -0.06800942 0.05029846 -1.55412781
v -0.06794497 0.05020942 -1.55388367
v -0.08370230 0.07153268 -1.52532089
v -0.08165540 0.07135894 -1.53651595
v -0.08711350 0.07323702 -1.52951193
v -0.06581961 0.05658613 -1.55082691
v -0.06663919 0.05694740 -1.55132556
v -0.06606702 0.05598459 -1.55108392
v -0.06676045 0.05636007 -1.55182421
v -0.06739616 0.05734783 -1.55206680
v -0.06755517 0.05769840 -1.55182076
v -0.06494547 0.05420435 -1.55011070
v -0.06673776 0.04941170 -1.55240703
v -0.06706275 0.04972541 -1.55289721
v -0.06571613 0.05475677 -1.55085003
v -0.06406929 0.05310692 -1.54913270
v -0.06620118 0.04884406 -1.55216062
v -0.06744762 0.04996957 -1.55314517
v -0.06769994 0.05010305 -1.55339217
v -0.06634510 0.05504321 -1.55134606
v -0.06697500 0.05539375 -1.55208564
v -0.06714168 0.05667162 -1.55255949
v -0.06760126 0.05581168 -1.55331230
v -0.06753408 0.05585413 -1.55379879
v -0.06720705 0.05682476 -1.55304694
v -0.06720068 0.05686175 -1.55353463
v -0.06747508 0.05566400 -1.55282366
v -0.06721551 0.05582720 -1.55428147
v -0.06681584 0.05677948 -1.55401683
v -0.06782755 0.05794687 -1.55157828
v -0.06786920 0.05789052 -1.55231237
v -0.06814072 0.05839867 -1.55328703
v -0.06835226 0.05832881 -1.55158281
v -0.06914206 0.05893213 -1.55158937
v -0.06906663 0.05855961 -1.55061650
v -0.06846059 0.05938990 -1.55401194
v -0.06924072 0.06067403 -1.55449724
v -0.07040490 0.06007814 -1.55184150
v -0.07025588 0.05946130 -1.55038226
v -0.06764484 0.05754870 -1.55280113
v -0.06770840 0.05773553 -1.55353212
v -0.06681418 0.05896402 -1.55471945
v -0.06681091 0.05976973 -1.55544078
v -0.06682841 0.05827991 -1.55399656
v -0.06537990 0.05795597 -1.55446219
v -0.06516412 0.05844366 -1.55518401
v -0.06507814 0.05901163 -1.55590713
v -0.06337329 0.05772141 -1.55564868
v -0.06321009 0.05811244 -1.55637276
v -0.06360459 0.05735202 -1.55468154
v -0.06689524 0.05766103 -1.55400634
v -0.06569447 0.05731198 -1.55423284
v -0.06416053 0.05671991 -1.55470049
v -0.06206936 0.05595754 -1.55467188
v -0.05958842 0.05437788 -1.55513537
v -0.06133202 0.05343050 -1.55566919
v -0.05721413 0.05199479 -1.55585599
v -0.05919452 0.05090071 -1.55615211
v -0.05414216 0.04863644 -1.55950689
v -0.05556396 0.05353451 -1.55946648
v -0.06084664 0.05029863 -1.55667961
v -0.06470277 0.04730577 -1.55581594
v -0.06389892 0.04581214 -1.55557716
v -0.05940764 0.04714303 -1.55620754
v -0.05852897 0.03731402 -1.55290735
v -0.05798581 0.03819592 -1.55337346
v -0.06335324 0.04152584 -1.55440485
v -0.06351463 0.04116850 -1.55392444
v -0.05773607 0.03594199 -1.55266714
v -0.05705389 0.03737552 -1.55336726
v -0.05781950 0.04154351 -1.55527782
v -0.06310622 0.04302758 -1.55511212
v -0.06315752 0.04212852 -1.55463707
v -0.05798838 0.03980073 -1.55432820
v -0.05582746 0.04120126 -1.55524516
v -0.05655684 0.03882308 -1.55407059
v -0.05749226 0.04765193 -1.55616474
v -0.22489789 0.01094013 -1.64793384
v -0.23169243 0.01006615 -1.63220286
v -0.22155505 0.02805378 -1.63127923
v -0.21575919 0.02848172 -1.64410520
v -0.06265096 0.05258540 -1.55643785
v -0.06555463 0.04854415 -1.55557084
v -0.20818040 0.03938512 -1.64283788
v -0.20315225 0.03903998 -1.65056145
v -0.20772357 0.02993394 -1.65394533
v -0.20004988 0.03269915 -1.50043690
v -0.20782837 0.02357547 -1.49045265
v -0.05652955 0.03400662 -1.55218267
v -0.05598860 0.03575502 -1.55336952
v -0.05700094 0.03284670 -1.55098665
v -0.05683050 0.03226154 -1.55074728
v -0.05635364 0.03336066 -1.55194414
v -0.05584703 0.03486372 -1.55337906
v -0.05542108 0.03788884 -1.55455041
v -0.05493664 0.03727346 -1.55454981
v -0.05394060 0.04082759 -1.55594754
v -0.05445433 0.04092606 -1.55522335
v -0.05551883 0.04819669 -1.55612040
v -0.05483640 0.04826657 -1.55683923
v -0.05424517 0.04028800 -1.55669308
v -0.05530518 0.03670990 -1.55505276
v -0.05460779 0.03971254 -1.55744016
v -0.05532722 0.03648966 -1.55603278
v -0.05549666 0.04786274 -1.55881023
v -0.05504585 0.04813966 -1.55806565
v -0.05755164 0.03580793 -1.54900324
v -0.05722880 0.03358456 -1.54902756
v -0.05764576 0.03628025 -1.54948688
v -0.05742671 0.03384838 -1.54951596
v -0.05864581 0.03728418 -1.54998016
v -0.05753154 0.03307866 -1.55001676
v -0.05711427 0.03242082 -1.54952967
v -0.05907585 0.03802992 -1.55022216
v -0.05652793 0.03262778 -1.55220151
v -0.05675703 0.03139189 -1.55051363
v -0.05707806 0.03135845 -1.55271745
v -0.05705472 0.03061441 -1.55052984
v -0.05632544 0.03364014 -1.55462551
v -0.05632348 0.03413727 -1.55388618
v -0.05709337 0.03145452 -1.54929829
v -0.05715040 0.03197989 -1.54880393
v -0.05715336 0.03075965 -1.54930902
v -0.05727848 0.03130667 -1.54857135
v -0.05756563 0.03866496 -1.54579043
v -0.05779784 0.03835967 -1.54506660
v -0.05723437 0.03531054 -1.54729509
v -0.05743783 0.03468606 -1.54657495
v -0.06037135 0.04671376 -1.54280305
v -0.06178845 0.04962617 -1.54327798
v -0.06072880 0.04633016 -1.54159427
v -0.06228392 0.04941406 -1.54206944
v -0.05906656 0.04148430 -1.54162943
v -0.05897328 0.04202518 -1.54259682
v -0.12302314 0.03374024 -1.43294013
v -0.06975938 0.05879987 -1.54769635
v -0.07084893 0.05979376 -1.54672647
v -0.06914862 0.05833835 -1.54549384
v -0.06831413 0.05750834 -1.54671037
v -0.06667553 0.05611157 -1.54572225
v -0.06723305 0.05653452 -1.54426193
v -0.06546064 0.05438655 -1.54352570
v -0.06487975 0.05433053 -1.54473639
v -0.06350224 0.05248422 -1.54400349
v -0.06400499 0.05229920 -1.54255044
v -0.07212800 0.06151706 -1.55185401
v -0.07150679 0.06280547 -1.55499876
v -0.07381675 0.06320132 -1.55161834
v -0.07388258 0.06474032 -1.55526090
v -0.05649506 0.02981061 -1.55346024
v -0.05711848 0.02938871 -1.55103612
v -0.05506182 0.02824133 -1.55369902
v -0.05601430 0.02801685 -1.55103421
v -0.05330827 0.02977876 -1.55633092
v -0.05505965 0.03142387 -1.55585289
v -0.05714204 0.02989974 -1.54907632
v -0.05733754 0.03054770 -1.54833865
v -0.05684784 0.02862087 -1.54884422
v -0.05720279 0.02957051 -1.54761708
v -0.05796012 0.03790453 -1.54409921
v -0.05816907 0.03734085 -1.54337835
v -0.05757731 0.03408553 -1.54609740
v -0.05769578 0.03314402 -1.54513597
v -0.21400982 0.04273637 -1.55598295
v -0.21860254 0.04329672 -1.60196161
v -0.05776419 0.06072174 -1.56453645
v -0.05744936 0.05856733 -1.56138611
v -0.05457373 0.05527348 -1.56162155
v -0.05393282 0.05718521 -1.56548989
v -0.05915332 0.06282487 -1.56892848
v -0.06293227 0.06472174 -1.56628752
v -0.06148329 0.06285005 -1.56286788
v -0.06061765 0.06081212 -1.56019390
v -0.06987174 0.06356328 -1.55739939
v -0.06796168 0.06198214 -1.55689692
v -0.06618126 0.06221759 -1.55808127
v -0.06759311 0.06381857 -1.55906236
v -0.07212231 0.06557643 -1.55814636
v -0.06960324 0.06604581 -1.56053436
v -0.06465996 0.06361161 -1.56071949
v -0.06360466 0.06172483 -1.55901647
v -0.06628343 0.06579029 -1.56291735
v -0.05089604 0.03793511 -1.56032491
v -0.05270235 0.03861377 -1.55888450
v -0.05402017 0.03522995 -1.55749047
v -0.05314688 0.03386137 -1.55822527
v -0.04913181 0.03698932 -1.56152558
v -0.05143440 0.03196762 -1.55870748
v -0.05018907 0.05089616 -1.56501758
v -0.05194295 0.04993516 -1.56188953
v -0.05468742 0.03934345 -1.55793500
v -0.05500901 0.03720104 -1.55674958
v -0.05461111 0.03923061 -1.55817926
v -0.05520017 0.03660166 -1.55676126
v -0.18411183 0.05045982 -1.65761828
v -0.17067240 0.05498767 -1.66096747
v -0.17258468 0.03875863 -1.67416501
v -0.18661727 0.03550567 -1.66910040
v -0.05918084 0.05463587 -1.55829823
v -0.05873646 0.05519957 -1.55852640
v -0.06079307 0.05745793 -1.55780149
v -0.06105962 0.05690729 -1.55732560
v -0.06305145 0.05850019 -1.55685282
v -0.06291926 0.05912782 -1.55708599
v -0.06503598 0.06006598 -1.55662441
v -0.06486692 0.05949602 -1.55638480
v -0.06626832 0.05997740 -1.55591607
v -0.06674410 0.06055050 -1.55616140
v -0.05448022 0.03693539 -1.55747581
v -0.05399219 0.03916356 -1.55816865
v -0.21280546 0.04067881 -1.63191974
v -0.05802237 0.05788612 -1.60657418
v -0.06641764 0.06367348 -1.60518706
v -0.06210083 0.06227994 -1.59706843
v -0.05786138 0.05647897 -1.55898082
v -0.06034449 0.05876324 -1.55850768
v -0.06294063 0.06020711 -1.55780399
v -0.06528136 0.06091066 -1.55734980
v -0.06672713 0.06120421 -1.55688453
v -0.14224875 0.07378267 -1.53883600
v -0.14407288 0.07393125 -1.53935635
v -0.16705245 0.07855424 -1.55559242
v -0.16392106 0.07694618 -1.56165969
v -0.16163993 0.07608230 -1.56455863
v -0.14716074 0.07947014 -1.56985724
v -0.14952138 0.08249160 -1.57376647
v -0.16603136 0.08252382 -1.53623104
v -0.16241734 0.07968765 -1.53327250
v -0.16628125 0.08245167 -1.53721333
v -0.16158228 0.08838493 -1.57293475
v -0.16347155 0.08850744 -1.57174754
v -0.16335092 0.08949598 -1.57148767
v -0.20547619 0.03724019 -1.53172755
v -0.21072105 0.04086553 -1.54642522
v -0.16532432 0.08862745 -1.57007146
v -0.14561908 0.07563349 -1.54473329
v -0.16767690 0.07959562 -1.55510151
v -0.16984625 0.08105579 -1.55512214
v -0.17130202 0.08196770 -1.55000973
v -0.17025445 0.08133199 -1.55048704
v -0.17049634 0.08136351 -1.54463148
v -0.16975491 0.08094838 -1.54535580
v -0.16820867 0.08385143 -1.54064834
v -0.16953816 0.08506835 -1.54480720
v -0.15079138 0.08361210 -1.57450736
v -0.14961901 0.08321252 -1.57327020
v -0.15116230 0.08449814 -1.57450223
v -0.14735846 0.07608166 -1.54402721
v -0.14724043 0.07747866 -1.56793272
v -0.14656347 0.07714276 -1.56548321
v -0.14682001 0.07669651 -1.56598234
v -0.14902964 0.07195321 -1.54973030
v -0.14903802 0.07196403 -1.55070698
v -0.14942823 0.07324845 -1.54825521
v -0.14880265 0.07591973 -1.54649794
v -0.14996392 0.06953587 -1.53903818
v -0.15215330 0.06871793 -1.53835785
v -0.15178503 0.06916553 -1.53712404
v -0.15320715 0.08636263 -1.58183944
v -0.14655063 0.07731622 -1.56450391
v -0.14655310 0.07874007 -1.56570530
v -0.14662312 0.07929694 -1.56667566
v -0.15163735 0.08536907 -1.57401085
v -0.14667787 0.07961003 -1.56764889
v -0.14661473 0.07869637 -1.56766033
v -0.14716998 0.08026317 -1.56960249
v -0.14679691 0.07800875 -1.56791723
v -0.16364248 0.07403113 -1.54631281
v -0.16139135 0.07269220 -1.54555655
v -0.13791773 0.07606873 -1.55923247
v -0.14083034 0.07597397 -1.55782330
v -0.16037965 0.07887827 -1.53226888
v -0.15632364 0.07644470 -1.57031393
v -0.15697695 0.07660464 -1.57325387
v -0.17020588 0.08641458 -1.54968429
v -0.16135663 0.08080038 -1.54153860
v -0.15951340 0.07874780 -1.54055560
v -0.16308069 0.08262716 -1.54325497
v -0.16415086 0.08409804 -1.54618466
v -0.15265471 0.07260454 -1.55979943
v -0.15754062 0.08326456 -1.56536055
v -0.15928185 0.08376230 -1.56367719
v -0.15588500 0.08175541 -1.56510603
v -0.15449323 0.07796820 -1.57636273
v -0.15219419 0.07810736 -1.57582963
v -0.15423170 0.07762164 -1.57099128
v -0.15206267 0.07778960 -1.57387829
v -0.14956284 0.07145096 -1.54242265
v -0.15426990 0.07035513 -1.53739834
v -0.15480188 0.07002698 -1.53961015
v -0.15550385 0.07135051 -1.53765202
v -0.15661311 0.07114577 -1.53914046
v -0.15793853 0.07135354 -1.54087138
v -0.15886512 0.07166416 -1.54308188
v -0.15878280 0.07188431 -1.54551888
v -0.14927453 0.07079338 -1.54682100
v -0.14249894 0.07968076 -1.57294130
v -0.14946476 0.07026289 -1.54487860
v -0.14922494 0.07222480 -1.54826546
v -0.14929986 0.07238171 -1.54655552
v -0.14929374 0.07205269 -1.54460669
v -0.15387057 0.07619886 -1.53609025
v -0.15579730 0.07672620 -1.53831649
v -0.15267947 0.07502155 -1.53632832
v -0.15778604 0.07741739 -1.53932071
v -0.15201944 0.07404175 -1.53657341
v -0.15495425 0.07719199 -1.57125485
v -0.15400618 0.07743429 -1.57416356
v -0.13948044 0.07443053 -1.54146099
v -0.09059736 0.07453185 -1.53590727
v -0.09360915 0.07524397 -1.54645228
v -0.08081564 0.03822101 -1.48299575
v -0.08114126 0.03742022 -1.47996092
v -0.07983505 0.06895571 -1.52162158
v -0.07490954 0.06512245 -1.51767552
v -0.06799939 0.03896770 -1.48494339
v -0.06794140 0.03813540 -1.48409915
v -0.06748765 0.03726112 -1.48446894
v -0.06779338 0.03806831 -1.48507392
v -0.06865591 0.03553132 -1.48573506
v -0.06946397 0.03636427 -1.48586094
v -0.06870508 0.03670381 -1.48547590
v -0.06796467 0.03594139 -1.48535037
v -0.06257468 0.04321308 -1.49943304
v -0.06293050 0.04669162 -1.50342071
v -0.06562957 0.04928523 -1.49965131
v -0.06483906 0.04585147 -1.49614334
v -0.07699072 0.03707673 -1.48672426
v -0.07609580 0.03699048 -1.48817360
v -0.07221171 0.03646642 -1.48688745
v -0.07278214 0.03659478 -1.48653018
v -0.07763055 0.03683721 -1.48429799
v -0.07357932 0.03635705 -1.48544955
v -0.07986621 0.03838162 -1.48676014
v -0.07873736 0.03792810 -1.48906469
v -0.07447466 0.04715305 -1.47994745
v -0.07188616 0.04394127 -1.48152995
v -0.07076670 0.04508762 -1.48442316
v -0.07290777 0.04841817 -1.48429561
v -0.05925994 0.04008289 -1.51015663
v -0.06100078 0.04368612 -1.50672174
v -0.06086248 0.04055435 -1.50261140
v -0.05928854 0.03689741 -1.50666046
v -0.05674140 0.03337662 -1.51093364
v -0.05743322 0.03626042 -1.51383698
v -0.05079944 0.03274227 -1.51705718
v -0.05080322 0.03331001 -1.51326513
v -0.04801062 0.03320176 -1.51138330
v -0.04847562 0.03343266 -1.51370823
v -0.05047499 0.03125626 -1.50815988
v -0.05302379 0.03309058 -1.51160061
v -0.04990412 0.02737059 -1.50698161
v -0.04867313 0.02739342 -1.50732446
v -0.05199172 0.03105747 -1.50806892
v -0.05406473 0.03088394 -1.50786579
v -0.05126353 0.02741285 -1.50664020
v -0.04746279 0.02701892 -1.50791740
v -0.04783309 0.02974221 -1.50776494
v -0.04606207 0.03149659 -1.50917280
v -0.03854994 0.02224255 -1.50598502
v -0.03645506 0.02364192 -1.50665915
v -0.04454364 0.02532176 -1.53913736
v -0.04871567 0.02755399 -1.53674340
v -0.04327721 0.02558455 -1.53618038
v -0.04726093 0.02782124 -1.53402686
v -0.04185080 0.03122708 -1.51007438
v -0.04305848 0.03221874 -1.51240289
v -0.03763195 0.02932400 -1.51014364
v -0.03758949 0.03012570 -1.51281762
v -0.04022041 0.02002232 -1.55377817
v -0.04330054 0.01938483 -1.50391543
v -0.04399758 0.01953103 -1.50343812
v -0.04114483 0.01940157 -1.50448537
v -0.20507343 0.01283956 -1.66682541
v -0.19049641 0.01515437 -1.67653155
v -0.16337398 0.01858880 -1.68549967
v -0.14968762 0.01808140 -1.68622744
v -0.04846597 0.02287821 -1.48809433
v -0.04758123 0.02246697 -1.49064708
v -0.06627121 0.02744764 -1.48897505
v -0.06410204 0.02233648 -1.48863816
v -0.06020219 0.02262100 -1.48563159
v -0.06211311 0.02758678 -1.48596561
v -0.06468752 0.03110019 -1.48645401
v -0.06893881 0.03128833 -1.48933864
v -0.06854640 0.02728198 -1.49097300
v -0.06635305 0.02192929 -1.49076104
v -0.05812646 0.02774986 -1.48369145
v -0.05538036 0.02301077 -1.48321664
v -0.05243705 0.02320975 -1.48413551
v -0.05574539 0.02806694 -1.48461926
v -0.05699968 0.03334770 -1.50398064
v -0.05408616 0.02957937 -1.50397766
v -0.05028485 0.02597250 -1.50310135
v -0.04741821 0.02321643 -1.50223100
v -0.04635652 0.02272047 -1.50404906
v -0.04860345 0.02480101 -1.50528336
v -0.04559915 0.02261177 -1.50464678
v -0.04766870 0.02473742 -1.50575507
v -0.04680388 0.02482367 -1.50647020
v -0.04610173 0.02543593 -1.50754738
v -0.04479917 0.02376821 -1.50693536
v -0.04487689 0.02422002 -1.50815141
v -0.04504105 0.02270115 -1.50536752
v -0.03248201 0.02218939 -1.52723551
v -0.03400704 0.02166504 -1.53142178
v -0.04980825 0.02658337 -1.49282980
v -0.04756474 0.02208843 -1.49284923
v -0.04716720 0.02125867 -1.49675965
v -0.04917061 0.02523700 -1.49723101
v -0.05223721 0.02934400 -1.49723220
v -0.05348041 0.03110091 -1.49198210
v -0.04470443 0.01975918 -1.50283790
v -0.05026058 0.02703772 -1.49063468
v -0.05118924 0.02731001 -1.48832881
v -0.05400039 0.03162581 -1.48978722
v -0.05509365 0.03176509 -1.48785257
v -0.05786204 0.03519518 -1.49054313
v -0.05613328 0.03425226 -1.49613917
v -0.06071500 0.03931496 -1.49517894
v -0.06217748 0.03852784 -1.48899126
v -0.06901246 0.04531031 -1.48731720
v -0.06837308 0.04034091 -1.48468745
v -0.06757911 0.04064109 -1.48588932
v -0.06626773 0.04058643 -1.48684216
v -0.06675231 0.04462554 -1.48996997
v -0.07057034 0.04858650 -1.48852229
v -0.06771606 0.04772576 -1.49250913
v -0.06415817 0.04292737 -1.49250829
v -0.06473015 0.04006175 -1.48779714
v -0.06728308 0.03931498 -1.48553562
v -0.06744047 0.03828672 -1.48530853
v -0.06629027 0.03928724 -1.48600578
v -0.06663460 0.03823932 -1.48553824
v -0.06502642 0.03894529 -1.48635304
v -0.06569025 0.03798840 -1.48564613
v -0.06415538 0.03733223 -1.48587060
v -0.06315382 0.03804941 -1.48706281
v -0.06846338 0.03611550 -1.48572350
v -0.06736320 0.03541456 -1.48546839
v -0.06623178 0.03572767 -1.48519886
v -0.06745036 0.03635526 -1.48533511
v -0.06922899 0.03647728 -1.48585498
v -0.06814970 0.03666170 -1.48546600
v -0.07126281 0.03621880 -1.48723936
v -0.07040354 0.03549769 -1.48711109
v -0.06993381 0.03684451 -1.48598516
v -0.06909543 0.03700877 -1.48572314
v -0.06778070 0.03727414 -1.48520660
v -0.06729205 0.03731942 -1.48531890
v -0.06647158 0.03705594 -1.48530722
v -0.06531426 0.03645495 -1.48529387
v -0.05671448 0.03169139 -1.48617482
v -0.05930679 0.03477707 -1.48691356
v -0.06100724 0.03433428 -1.48573065
v -0.05903976 0.03132756 -1.48475838
v -0.06268853 0.03375965 -1.48491538
v -0.07112344 0.03145111 -1.49120831
v -0.06097063 0.03085601 -1.48419046
v -0.07204167 0.03441002 -1.48923182
v -0.07426190 0.03496799 -1.49109685
v -0.06818677 0.03399436 -1.48696816
v -0.07482786 0.03668388 -1.48888659
v -0.07414322 0.03588726 -1.48888469
v -0.07711618 0.03726349 -1.49050844
v -0.07585791 0.03627607 -1.49074256
v -0.06449691 0.03339680 -1.48483205
v -0.05838987 0.03515391 -1.48847818
v -0.05308976 0.02759283 -1.48652935
v -0.05022663 0.02294230 -1.48617315
v -0.02880170 0.02361827 -1.51835775
v -0.03079168 0.02292009 -1.52304339
v -0.06734655 0.03648281 -1.48496521
v -0.11132143 0.01213439 -1.42508197
v -0.06861816 0.03941724 -1.48360598
v -0.07810818 0.03618467 -1.48199642
v -0.07340703 0.03556275 -1.48435855
v -0.07482455 0.04394396 -1.47560310
v -0.07330317 0.03961134 -1.47087288
v -0.07019575 0.03784677 -1.47425711
v -0.07190781 0.04138606 -1.47814715
v -0.06594989 0.03544134 -1.47958195
v -0.06784666 0.03793258 -1.48178077
v -0.06674390 0.03681875 -1.48287404
v -0.06466976 0.03453451 -1.48127949
v -0.06383574 0.03373654 -1.48261762
v -0.06627738 0.03593751 -1.48385394
v -0.06410906 0.03183955 -1.48496819
v -0.06075490 0.02786127 -1.48459363
v -0.06631755 0.02650742 -1.48239660
v -0.06922231 0.03093971 -1.48275661
v -0.07217430 0.03467018 -1.48373735
v -0.06760467 0.03472017 -1.48560452
v -0.06362122 0.03249330 -1.48470592
v -0.06690522 0.03503906 -1.48522079
v -0.05988675 0.02834851 -1.48420453
v -0.11605231 0.02246387 -1.42808104
v -0.06627385 0.03537959 -1.48459399
v -0.06354798 0.03290634 -1.48408854
v -0.05966122 0.02903134 -1.48321438
v -0.05985658 0.03006179 -1.48112869
v -0.06046519 0.03091727 -1.47905302
v -0.06210049 0.03152310 -1.47663379
v -0.06694208 0.03286904 -1.47047997
v -0.06974832 0.03374219 -1.46588159
v -0.06391986 0.02730133 -1.46781397
v -0.06596186 0.02782789 -1.46308398
v -0.05853831 0.02681877 -1.47419000
v -0.05619629 0.02666662 -1.47720027
v -0.05577601 0.02596857 -1.47976553
v -0.05602542 0.02519368 -1.48222232
v -0.04575107 0.02016889 -1.50138688
v -0.04349013 0.02276279 -1.50655842
v -0.04116078 0.02197004 -1.50603747
v -0.03553097 0.02589967 -1.50783181
v -0.03871616 0.01968217 -1.50455821
v -0.03588272 0.02814068 -1.50951672
v -0.03449005 0.02675249 -1.50853312
v -0.03335640 0.02739103 -1.50984597
v -0.03452561 0.02833960 -1.51083148
v -0.03335334 0.02551134 -1.50767434
v -0.03244864 0.02673123 -1.50934982
v -0.03151644 0.02180529 -1.50622571
v -0.02898452 0.02289305 -1.50897133
v -0.02785771 0.02381615 -1.51430893
v -0.02807057 0.02335677 -1.51077902
v -0.03263282 0.02787310 -1.51141286
v -0.03391727 0.02900964 -1.51361871
v -0.03512246 0.02888215 -1.51718318
v -0.03926178 0.03036711 -1.51614153
v -0.10447867 0.01483354 -1.67810237
v -0.05635931 0.02446093 -1.48370337
v -0.05791093 0.02342352 -1.48423493
v -0.07555226 0.02513641 -1.47428679
v -0.07197323 0.02570146 -1.47799659
v -0.07003620 0.02107221 -1.47741330
v -0.07336702 0.02050024 -1.47382104
v -0.05673371 0.01982597 -1.48401797
v -0.06288072 0.01880897 -1.48170519
v -0.06399419 0.02240602 -1.48204303
v -0.05464049 0.02026700 -1.48336244
v -0.05386619 0.02084628 -1.48175299
v -0.05329637 0.02146605 -1.47929239
v -0.06894349 0.01767870 -1.47695088
v -0.07233512 0.01710127 -1.47335994
v -0.07721418 0.03472776 -1.48029053
v -0.08030083 0.03498166 -1.47729290
v -0.07453558 0.03044171 -1.47846794
v -0.07777266 0.03029761 -1.47535646
v -0.06274965 0.02183490 -1.46188509
v -0.06138737 0.02136994 -1.46662700
v -0.05387300 0.02169707 -1.47600400
v -0.05639193 0.02169112 -1.47263300
v -0.17724894 0.01702498 -1.68211806
v -0.08879600 0.07179467 -1.61721349
v -0.08251669 0.07090559 -1.60831881
v -0.07318551 0.06522355 -1.61408174
v -0.07890063 0.06632978 -1.62149799
v -0.09472045 0.07094692 -1.62685776
v -0.08487158 0.06567501 -1.62967551
v -0.12949066 0.04093437 -1.67552733
v -0.11602025 0.04325519 -1.67084920
v -0.10787420 0.02561716 -1.67630935
v -0.14229320 0.03426072 -1.68025255
v -0.15504517 0.04478119 -1.67424321
v -0.13572079 0.04942473 -1.67113304
v -0.12116481 0.05126070 -1.66644120
v -0.20867682 0.02279634 -1.47509754
v -0.21704656 0.04248629 -1.61488366
v -0.10805175 0.05168019 -1.66179562
v -0.10309844 0.04444560 -1.66546416
v -0.09166251 0.04586465 -1.65961564
v -0.09713346 0.05220345 -1.65670133
v -0.09446392 0.02751688 -1.67017317
v -0.09043596 0.01680243 -1.67170930
v -0.23300028 0.00902681 -1.58023727
v -0.03566121 0.02121338 -1.53560948
v -0.19173324 0.04392540 -1.51306808
v -0.17710245 0.05575947 -1.50836015
v -0.15752596 0.05706250 -1.45157754
v -0.15962113 0.07026713 -1.52919841
v -0.16018805 0.06991851 -1.52994633
v -0.16276589 0.05965093 -1.48997188
v -0.16251007 0.06075937 -1.50399065
v -0.20150340 0.03388611 -1.51595140
v -0.16868281 0.07814090 -1.54342091
v -0.16893704 0.07859335 -1.54732597
v -0.16877045 0.07940853 -1.54242861
v -0.16925997 0.08002952 -1.54682398
v -0.16880131 0.07993593 -1.55096734
v -0.16849780 0.08008692 -1.54070520
v -0.14979699 0.07880405 -1.57504284
v -0.14875802 0.08020163 -1.57646918
v -0.15574618 0.07003136 -1.52644360
v -0.15739195 0.06977560 -1.52769864
v -0.15623373 0.06925795 -1.52695155
v -0.15517157 0.06915781 -1.52595651
v -0.15437061 0.06983098 -1.52495575
v -0.15406930 0.06912255 -1.52495980
v -0.13957277 0.08257973 -1.58847260
v -0.15681693 0.06754508 -1.52649760
v -0.15950069 0.06923894 -1.52945447
v -0.15831605 0.06939493 -1.52845359
v -0.15685289 0.06853113 -1.52721727
v -0.15455928 0.06840732 -1.52522278
v -0.15315333 0.06851899 -1.52397430
v -0.15365709 0.06932605 -1.52348435
v -0.16919574 0.08013533 -1.53974104
v -0.15992627 0.07394365 -1.52622414
v -0.15767100 0.07808962 -1.56934011
v -0.15947209 0.07791360 -1.56815541
v -0.16079004 0.07996358 -1.57010520
v -0.15891662 0.08009347 -1.57202160
v -0.20236953 0.05419086 -1.55487645
v -0.20551842 0.05458250 -1.56786990
v -0.21229522 0.01023842 -1.47997570
v -0.21204935 0.01011501 -1.49486613
v -0.18554026 0.07070091 -1.59706271
v -0.15579940 0.07833326 -1.57052255
v -0.15704289 0.08039858 -1.57320321
v -0.16838934 0.07875580 -1.55170822
v -0.15580662 0.07728493 -1.57004869
v -0.15763293 0.07716505 -1.56861949
v -0.15826744 0.08129535 -1.57541120
v -0.16044790 0.08114081 -1.57374501
v -0.16246235 0.08087569 -1.57183313
v -0.15938537 0.07699051 -1.56718981
v -0.15660012 0.07758377 -1.57543075
v -0.15572627 0.07856166 -1.62032497
v -0.17055592 0.07505448 -1.61796439
v -0.15435489 0.07385848 -1.63721013
v -0.16997734 0.07035303 -1.63584089
v -0.18624884 0.06322888 -1.63404500
v -0.18706329 0.06801441 -1.61470687
v -0.15094893 0.07833587 -1.57531488
v -0.14902872 0.08098854 -1.57768428
v -0.10095248 0.06968071 -1.63456023
v -0.10967379 0.07394769 -1.63149095
v -0.09041356 0.06446493 -1.63687611
v -0.09577614 0.06280261 -1.64334691
v -0.10625577 0.06757561 -1.64201260
v -0.12023580 0.07307824 -1.63829219
v -0.14374107 0.08207218 -1.60833371
v -0.14069360 0.07981361 -1.62222433
v -0.12648875 0.07956723 -1.62293887
v -0.13817760 0.07471125 -1.63811684
v -0.12360461 0.06743991 -1.64844251
v -0.13877004 0.06908259 -1.64870346
v -0.12421525 0.06044684 -1.65782726
v -0.13886794 0.06075190 -1.66029429
v -0.15482254 0.05829612 -1.66209090
v -0.15421423 0.06855807 -1.64924335
v -0.11062208 0.06437854 -1.64848590
v -0.09969137 0.06021956 -1.64907098
v -0.11160701 0.05913098 -1.65541220
v -0.10274081 0.05733490 -1.65380621
v -0.11900909 0.07840245 -1.62305915
v -0.15303065 0.06509413 -1.51852536
v -0.14884248 0.06723274 -1.51719713
v -0.14052776 0.07220484 -1.52710605
v -0.10184781 0.07683735 -1.54170144
v -0.10110016 0.07644182 -1.55438876
v -0.11332348 0.07804547 -1.54971230
v -0.11541884 0.07664221 -1.53512144
v -0.09939551 0.07516309 -1.56804693
v -0.11098630 0.07762312 -1.56359100
v -0.10948913 0.07841535 -1.57771301
v -0.09597076 0.07570211 -1.58238053
v -0.20171028 0.05277880 -1.63252366
v -0.20458107 0.05541690 -1.61569476
v -0.20579509 0.05656734 -1.60300577
v -0.05941644 0.06090762 -1.59020078
v -0.21431090 0.01166083 -1.65944541
v -0.06394880 0.05915550 -1.61643362
v -0.19605161 0.04506566 -1.65254378
v -0.20019166 0.03185499 -1.66061449
v -0.16952386 0.06489683 -1.64787054
v -0.18352988 0.05944392 -1.64576530
v -0.19882020 0.04954633 -1.64301229
v -0.20698491 0.05596053 -1.58667815
v -0.09073006 0.05409327 -1.65118456
v -0.07529395 0.06766307 -1.55915368
v -0.07714602 0.06689620 -1.55504823
v -0.07272931 0.06800354 -1.56325173
v -0.07674823 0.06543092 -1.54993367
v -0.05222203 0.03061492 -1.53456974
v -0.05097307 0.03049887 -1.53210640
v -0.04961435 0.03041754 -1.52915227
v -0.05403379 0.03348299 -1.53041375
v -0.05302706 0.03311914 -1.52698183
v -0.04439579 0.02800601 -1.52786696
v -0.04580116 0.02797880 -1.53106761
v -0.04842297 0.03015264 -1.52620387
v -0.04755153 0.02992988 -1.52277255
v -0.04295516 0.02821447 -1.52417493
v -0.05511554 0.03325968 -1.51200354
v -0.05534153 0.03412459 -1.51687896
v -0.05189773 0.03205455 -1.52038312
v -0.05541114 0.03664847 -1.52478075
v -0.05508788 0.03565352 -1.52112603
v -0.05224802 0.03261518 -1.52380013
v -0.05640043 0.03755305 -1.52844906
v -0.04633015 0.03115768 -1.51882648
v -0.04468729 0.03246925 -1.51487136
v -0.04109843 0.02919282 -1.52022052
v -0.03728273 0.02792543 -1.52138722
v -0.03912943 0.02688958 -1.52558649
v -0.05506147 0.03386404 -1.53286934
v -0.05716020 0.03846953 -1.53138065
v -0.05686305 0.03901140 -1.51793933
v -0.05854391 0.04339045 -1.51485896
v -0.05726118 0.04105311 -1.52255774
v -0.05884795 0.04520267 -1.52008915
v -0.05799817 0.04198609 -1.52670932
v -0.05965487 0.04628548 -1.52448416
v -0.06049497 0.04731335 -1.51154578
v -0.06305913 0.05050420 -1.50800991
v -0.06639718 0.05327987 -1.50376165
v -0.06350657 0.05325495 -1.51335192
v -0.06726278 0.05650973 -1.50873876
v -0.06422889 0.05500189 -1.51883495
v -0.06803577 0.05889998 -1.51458025
v -0.06084101 0.04964564 -1.51701379
v -0.06179007 0.05102648 -1.52177358
v -0.06051893 0.04726835 -1.52863741
v -0.05881784 0.04299491 -1.53012896
v -0.06491704 0.05575594 -1.53080094
v -0.06460628 0.05577575 -1.52493525
v -0.06247598 0.05160788 -1.52690566
v -0.06314362 0.05187869 -1.53155327
v -0.06838663 0.06030209 -1.52177000
v -0.06752279 0.05992047 -1.52957201
v -0.06750911 0.05891274 -1.53495681
v -0.06058068 0.04561552 -1.53964806
v -0.05893031 0.04095535 -1.53992510
v -0.06216499 0.04896970 -1.53987598
v -0.06527120 0.05516042 -1.53496635
v -0.06350085 0.05189000 -1.53522205
v -0.07199719 0.06174275 -1.54403567
v -0.06982838 0.05974136 -1.54231334
v -0.06548464 0.05468680 -1.54059219
v -0.06379094 0.05210564 -1.54010761
v -0.06749420 0.05742638 -1.54132485
v -0.05788019 0.03642432 -1.54143226
v -0.05694025 0.03180970 -1.54318678
v -0.17604381 0.05428442 -1.49481010
v -0.04035436 0.02638160 -1.52952278
v -0.04178037 0.02595705 -1.53297329
v -0.04912772 0.02949319 -1.55869818
v -0.05088593 0.02732714 -1.55607498
v -0.04326282 0.02266159 -1.55453134
v -0.04610345 0.03409511 -1.56199694
v -0.05581044 0.02859686 -1.54540706
v -0.05492087 0.02674435 -1.54785728
v -0.05376510 0.02601890 -1.55028701
v -0.05235374 0.02596568 -1.55319118
v -0.04295365 0.04511746 -1.57594812
v -0.04226024 0.04203435 -1.56914115
v -0.07517152 0.06907022 -1.59941721
v -0.08130939 0.07192344 -1.59192419
v -0.06090987 0.06326050 -1.57505906
v -0.06518556 0.06574766 -1.57168686
v -0.06922134 0.06745093 -1.56758845
v -0.08710450 0.07299249 -1.58127522
v -0.09107713 0.07329125 -1.56938195
v -0.09325115 0.07442842 -1.55768776
v -0.07430338 0.05911352 -1.63200927
v -0.07947784 0.05790576 -1.63920283
v -0.06903919 0.05955745 -1.62433612
v -0.08320718 0.04731989 -1.65357804
v -0.07583769 0.04892286 -1.64755881
v -0.08490577 0.05623470 -1.64543092
v -0.07021730 0.05039091 -1.64084160
v -0.06531643 0.05157412 -1.63365340
v -0.06011851 0.05207339 -1.62598085
v -0.05528864 0.05173423 -1.61759400
v -0.05057301 0.05087140 -1.60726333
v -0.19047138 0.04249489 -1.49914742
v -0.04471123 0.02423282 -1.51962328
v -0.04392599 0.02362620 -1.51937282
v -0.04522655 0.02309584 -1.51940429
v -0.04449823 0.02249466 -1.51939893
v -0.04523369 0.02219829 -1.51807392
v -0.04516552 0.02377291 -1.51011622
v -0.04564565 0.02207665 -1.51222360
v -0.04558586 0.02156756 -1.51601386
v -0.14354807 0.07056883 -1.52059281
v -0.17095402 0.05513199 -1.45783651
v -0.18278804 0.05005689 -1.46337628
v -0.16368546 -0.05491971 -1.46030378
v -0.17606515 -0.05155537 -1.46573842
v -0.11492324 -0.01912685 -1.42337918
v -0.11915382 -0.03024246 -1.42788291
v -0.12002222 -0.03202166 -1.42011058
v -0.11629979 -0.02045698 -1.41597652
v -0.16735141 -0.05940828 -1.44297683
v -0.16346133 -0.05642049 -1.45092034
v -0.17792355 -0.05403682 -1.45665145
v -0.18214971 -0.05862049 -1.44849193
v -0.19079311 -0.04816256 -1.46035182
v -0.19510806 -0.05237027 -1.45096803
v -0.20597683 -0.04313215 -1.45177734
v -0.20083079 -0.03932285 -1.46261597
v -0.20853472 -0.02853198 -1.46310067
v -0.21374553 -0.03183771 -1.45127988
v -0.12619172 -0.04144513 -1.43341684
v -0.13691743 -0.05003102 -1.43947220
v -0.13708249 -0.05085612 -1.43057501
v -0.12687278 -0.04224223 -1.42562759
v -0.14973611 -0.05490998 -1.44576013
v -0.15169552 -0.05638635 -1.43690538
v -0.21857089 -0.01816899 -1.45228183
v -0.21329862 -0.01584877 -1.46582413
v -0.11748775 -0.02351138 -1.39870572
v -0.11701989 -0.01087299 -1.39608264
v -0.11649506 -0.01050736 -1.40485728
v -0.11731636 -0.02233764 -1.40723169
v -0.13285831 -0.05435239 -1.40087938
v -0.14503339 -0.06917975 -1.40851212
v -0.13977158 -0.07584255 -1.40118027
v -0.12742718 -0.05960194 -1.39254856
v -0.10944168 -0.06925344 -1.37006557
v -0.12203235 -0.09412783 -1.37875891
v -0.10121754 -0.08907776 -1.35724282
v -0.09661368 -0.06934834 -1.35261440
v -0.08551642 -0.08597960 -1.33914495
v -0.08328509 -0.06842061 -1.33489585
v -0.05042506 -0.08024730 -1.28750527
v -0.04847543 -0.06335397 -1.28612387
v -0.05941053 -0.06500491 -1.30223596
v -0.06165212 -0.08198156 -1.30397487
v -0.02127398 -0.09568065 -1.19146395
v -0.01638083 -0.08157869 -1.19600177
v -0.01407644 -0.08872435 -1.21177363
v -0.01740868 -0.10131267 -1.20932233
v -0.08062027 -0.14710534 -1.30613518
v -0.08908101 -0.14950499 -1.32305038
v -0.09035826 -0.15797016 -1.31153178
v -0.08339319 -0.15533930 -1.29444289
v -0.16538535 -0.11671676 -1.41552401
v -0.14351298 -0.10768598 -1.40119720
v -0.15069649 -0.09565593 -1.40531754
v -0.16995932 -0.10410078 -1.41824472
v -0.06519364 -0.14906013 -1.22057307
v -0.05753015 -0.14422303 -1.20849180
v -0.04895461 -0.13929316 -1.21803021
v -0.05533385 -0.14279217 -1.22982502
v -0.06874871 -0.11911793 -1.11539757
v -0.05330954 -0.10278157 -1.11464155
v -0.05421177 -0.10268970 -1.13443351
v -0.06899574 -0.11810781 -1.13528681
v -0.13281113 -0.15837678 -1.15442562
v -0.15920603 -0.16150099 -1.15319145
v -0.15975972 -0.15878367 -1.13839352
v -0.13346608 -0.15605146 -1.13835311
v -0.05638444 -0.10960097 -1.28685808
v -0.05313921 -0.09568947 -1.28782809
v -0.06422540 -0.09759316 -1.30444992
v -0.06671689 -0.11168075 -1.30359042
v -0.11469805 -0.20934638 -1.18505871
v -0.11838461 -0.19544408 -1.17578185
v -0.11758592 -0.18897775 -1.19814050
v -0.11398366 -0.20275855 -1.20796657
v -0.12162270 -0.15826330 -1.04794800
v -0.14729118 -0.15990677 -1.05235648
v -0.14456281 -0.16219038 -1.03549027
v -0.11891082 -0.15945098 -1.03057873
v -0.11446700 -0.19020703 -1.35020542
v -0.13021877 -0.20235810 -1.36513197
v -0.12772514 -0.20797375 -1.34819353
v -0.11382242 -0.19401652 -1.33419251
v -0.06807916 -0.14216352 -1.27619934
v -0.07411835 -0.14437178 -1.29088461
v -0.07899297 -0.15277764 -1.28063786
v -0.07444808 -0.15042815 -1.26852500
v -0.16185497 -0.17120653 -1.18193936
v -0.13902758 -0.16889125 -1.18337333
v -0.14368249 -0.17242762 -1.19962263
v -0.16449568 -0.17468193 -1.19839442
v -0.13530359 -0.16395879 -1.16785479
v -0.16002434 -0.16631991 -1.16657889
v -0.06367849 -0.13263202 -1.28157175
v -0.05985783 -0.12189053 -1.28482497
v -0.06915054 -0.12393788 -1.30157554
v -0.07146928 -0.13436177 -1.29820597
v -0.03043516 -0.08994503 -1.17599213
v -0.02381263 -0.07304027 -1.18149686
v -0.09481673 -0.15060717 -1.02500248
v -0.07427263 -0.13693649 -1.01918244
v -0.07646432 -0.13703313 -1.03802443
v -0.09732004 -0.15012756 -1.04310989
v -0.04593711 -0.08451668 -1.15167034
v -0.04107904 -0.08595166 -1.16441715
v -0.04913446 -0.10177641 -1.16264772
v -0.05609785 -0.10058074 -1.15085912
v -0.05737709 -0.11942122 -1.01374424
v -0.04215665 -0.10021178 -1.00880241
v -0.04474843 -0.10019863 -1.02960360
v -0.05942485 -0.11962031 -1.03319526
v -0.07297536 -0.08377310 -1.32151520
v -0.07086834 -0.06694627 -1.31849909
v -0.03538112 -0.12031060 -1.19090462
v -0.02765236 -0.10889622 -1.19023788
v -0.02346212 -0.11333244 -1.20825696
v -0.03111903 -0.12297097 -1.20822656
v -0.09075154 -0.16206348 -1.27942812
v -0.09680429 -0.16450202 -1.29547489
v -0.10900779 -0.16684413 -1.27319765
v -0.10398643 -0.16673595 -1.26489949
v -0.14255577 -0.16477808 -1.01912999
v -0.11691719 -0.16154957 -1.01421201
v -0.05572489 -0.12030096 -0.99419320
v -0.04053454 -0.10091903 -0.98851722
v -0.16456954 -0.16687596 -1.25769424
v -0.16999336 -0.16046450 -1.26056147
v -0.18454221 -0.16327772 -1.25772834
v -0.17979437 -0.17097253 -1.25515068
v -0.01578705 -0.04802714 -1.21402645
v -0.01388110 -0.06319850 -1.22283518
v -0.01329985 -0.06922617 -1.20633483
v -0.01829602 -0.05731827 -1.19387472
v -0.04553074 -0.11730408 -1.17506123
v -0.05761259 -0.11577155 -1.16330266
v -0.03769249 -0.10441041 -1.17425013
v -0.02213410 -0.03277651 -1.20423162
v -0.02734455 -0.04374532 -1.17939234
v -0.06954607 -0.04903295 -1.31484187
v -0.05829260 -0.04721480 -1.30007970
v -0.08096209 -0.04977761 -1.33090472
v -0.07852340 -0.03119275 -1.32630193
v -0.08888252 -0.03064206 -1.34278512
v -0.09202577 -0.04963047 -1.34713197
v -0.09838042 -0.02912963 -1.35759103
v -0.10227859 -0.04769994 -1.36286175
v -0.12320606 -0.03864093 -1.39389217
v -0.11839028 -0.04180060 -1.38554418
v -0.08731309 -0.15943235 -1.26844406
v -0.08355208 -0.15749905 -1.25819600
v -0.07279006 -0.13775861 -1.00061035
v -0.25671801 -0.13280413 -1.34078717
v -0.26191622 -0.12931022 -1.32331860
v -0.25350776 -0.14673716 -1.32520032
v -0.24803714 -0.14996761 -1.34214127
v -0.16250603 -0.12889704 -1.41588080
v -0.13860813 -0.12305106 -1.40192604
v -0.22755554 -0.17739895 -1.26157117
v -0.22458318 -0.17927516 -1.26690876
v -0.22819655 -0.18036842 -1.27450228
v -0.23289582 -0.17679703 -1.27014315
v -0.21204384 -0.17201158 -1.26741445
v -0.20591980 -0.16833642 -1.26208055
v -0.20846489 -0.17059323 -1.25647485
v -0.21442637 -0.17548448 -1.26140642
v -0.16935846 -0.15885976 -1.03920424
v -0.17211263 -0.15510324 -1.05641699
v -0.22678548 -0.14364335 -1.16605163
v -0.22726364 -0.00426817 -1.44175577
v -0.22035062 -0.00331483 -1.45455360
v -0.20637690 -0.15342143 -1.15847933
v -0.20499051 -0.16058850 -1.17423820
v -0.22385004 -0.15299824 -1.18199456
v -0.26787335 -0.03383486 -1.31324375
v -0.27023244 -0.03436125 -1.29705894
v -0.27154607 -0.05401451 -1.30254042
v -0.26843011 -0.05375911 -1.31856215
v -0.26596731 -0.09479219 -1.34953499
v -0.26025239 -0.09597860 -1.36641300
v -0.26318905 -0.07345357 -1.35749257
v -0.26704061 -0.07355214 -1.34218431
v -0.26488832 -0.11346711 -1.33792877
v -0.26899660 -0.11135537 -1.31969583
v -0.18428503 -0.17435169 -1.20059085
v -0.18344800 -0.17017645 -1.18446517
v -0.17200989 -0.17838857 -1.23233950
v -0.18812150 -0.17896610 -1.23347247
v -0.18702823 -0.17909464 -1.22466433
v -0.16996273 -0.17855376 -1.22354460
v -0.17380367 -0.09470434 -1.42307115
v -0.19479811 -0.09395722 -1.42821431
v -0.19206029 -0.10522304 -1.42404449
v -0.23933378 -0.06334101 -1.40653229
v -0.24406035 -0.06335274 -1.40002871
v -0.23798104 -0.07781342 -1.40609443
v -0.23392600 -0.07276462 -1.41083276
v -0.27573597 -0.05841040 -1.23230207
v -0.27615026 -0.03764932 -1.23126304
v -0.27360055 -0.03801056 -1.20985711
v -0.27236003 -0.06019047 -1.20903838
v -0.21226929 -0.17856294 -1.25422859
v -0.21274129 -0.17880282 -1.24790800
v -0.20239156 -0.17903104 -1.24320090
v -0.20310204 -0.17730790 -1.24917233
v -0.20150910 -0.17790675 -1.22790956
v -0.20164117 -0.17867765 -1.23628473
v -0.21319078 -0.17732877 -1.24121261
v -0.21444097 -0.17545357 -1.23306179
v -0.22011036 -0.16118360 -1.19741809
v -0.20278580 -0.16731444 -1.18997562
v -0.20233522 -0.17236489 -1.20523477
v -0.21835230 -0.16796297 -1.21203542
v -0.25633818 -0.03518817 -1.14107239
v -0.25798330 -0.05417861 -1.13904333
v -0.26250029 -0.05557578 -1.16148663
v -0.26301488 -0.03593116 -1.16269267
v -0.14470129 -0.15739882 -1.26523137
v -0.12852350 -0.15698966 -1.27008498
v -0.13349183 -0.15560347 -1.25923300
v -0.15071051 -0.15722755 -1.25286281
v -0.22353032 -0.20590052 -1.26740181
v -0.22551760 -0.19999003 -1.27433038
v -0.22525215 -0.19524777 -1.26902032
v -0.22424112 -0.20172757 -1.26284122
v -0.16973566 -0.16116783 -1.23026097
v -0.15437095 -0.15872547 -1.23699033
v -0.15636432 -0.16244140 -1.21785140
v -0.17225942 -0.16480082 -1.21180224
v -0.18861520 -0.14523163 -1.41500509
v -0.15951023 -0.14174393 -1.41600049
v -0.18896842 -0.13369781 -1.41851628
v -0.19633824 -0.16618034 -1.22643185
v -0.20682985 -0.17149776 -1.22978306
v -0.20380364 -0.16751733 -1.24270368
v -0.19260725 -0.16359100 -1.24076223
v -0.11856037 -0.21925014 -1.21663976
v -0.11883437 -0.22579631 -1.19390619
v -0.18660104 -0.17430949 -1.19068444
v -0.19811885 -0.18134025 -1.19172823
v -0.19827953 -0.17219421 -1.20955133
v -0.18629211 -0.16732839 -1.20846725
v -0.22677371 -0.13554761 -1.15080333
v -0.20737571 -0.14755273 -1.14401281
v -0.20969427 -0.13557619 -1.04452276
v -0.19156215 -0.14954135 -1.04229951
v -0.19463801 -0.14482728 -1.05999351
v -0.21286802 -0.13092062 -1.06319606
v -0.16773614 -0.16111568 -1.02272451
v -0.20694581 -0.13798925 -1.02692544
v -0.18927561 -0.15174055 -1.02556241
v -0.19297925 -0.07211953 -1.43642712
v -0.20911779 -0.06268719 -1.43672180
v -0.21128044 -0.07475282 -1.43070126
v -0.19578454 -0.08449838 -1.43213189
v -0.17378500 -0.19104895 -0.91166937
v -0.18067020 -0.19065639 -0.88322699
v -0.15246138 -0.19256753 -0.88028443
v -0.14396510 -0.19221136 -0.90795410
v -0.23266664 -0.04703302 -1.42083383
v -0.22255522 -0.06208486 -1.42658830
v -0.21971913 -0.05178300 -1.43384099
v -0.22806753 -0.03973166 -1.42919338
v -0.14146084 -0.18923461 -0.93325835
v -0.17020190 -0.18844551 -0.93866771
v -0.17491391 -0.08617160 -1.42737007
v -0.17334574 -0.07513526 -1.43121839
v -0.15891148 -0.07822536 -1.41780663
v -0.15805639 -0.06835040 -1.42217255
v -0.14400455 -0.06006427 -1.41471624
v -0.12267659 -0.19071493 -0.87262213
v -0.11830589 -0.18755344 -0.89935386
v -0.20104668 -0.05759353 -1.44321549
v -0.21245085 -0.04692499 -1.44206202
v -0.22152948 -0.03251337 -1.43910480
v -0.22663391 -0.01805676 -1.43888056
v -0.16707987 -0.16577998 -1.00690615
v -0.14144497 -0.16854644 -1.00304675
v -0.25578699 -0.13903034 -0.77674246
v -0.26523700 -0.11342187 -0.77485991
v -0.25487527 -0.10769277 -0.76067132
v -0.24565071 -0.13819498 -0.75993931
v -0.27130589 -0.04814768 -0.78921843
v -0.25503626 -0.04127283 -0.77514791
v -0.25743091 -0.07473230 -0.76563984
v -0.27052870 -0.08211935 -0.77965808
v -0.28591919 -0.08712685 -0.91112363
v -0.27742374 -0.08677882 -0.93293369
v -0.28093266 -0.05740246 -0.93235356
v -0.28884754 -0.05739196 -0.91052771
v -0.20814636 -0.14332053 -1.01029634
v -0.18977246 -0.15700582 -1.00916350
v -0.11584397 -0.16459450 -0.99738717
v -0.15354431 -0.19200906 -0.73893321
v -0.15485278 -0.18347776 -0.70319492
v -0.11666284 -0.17727891 -0.69849008
v -0.11357071 -0.18417928 -0.73417276
v -0.21627045 -0.15410057 -0.71028900
v -0.21995643 -0.16193506 -0.73927492
v -0.23801050 -0.13181901 -0.73822403
v -0.23288670 -0.12411574 -0.71311945
v -0.02694263 -0.08069410 -0.98334783
v -0.04057733 -0.10214046 -0.96851426
v -0.02721980 -0.08151621 -0.96261138
v -0.00752924 -0.01956625 -0.97165090
v -0.01028454 -0.04134921 -0.97517413
v -0.01123644 -0.03960514 -0.95368278
v -0.00881125 -0.01818598 -0.95041478
v -0.03556641 -0.02760835 -0.84190786
v -0.03436784 -0.01244509 -0.84118986
v -0.02892667 -0.01430451 -0.86284304
v -0.03037401 -0.03250650 -0.86507213
v -0.09312622 -0.17669001 -0.89043367
v -0.07433566 -0.15829819 -0.88250649
v -0.07338569 -0.15452364 -0.90416670
v -0.09252352 -0.17145836 -0.91354525
v -0.23418269 -0.03549095 -0.76466894
v -0.24028118 -0.06541488 -0.75444931
v -0.08082233 -0.16010746 -0.69612062
v -0.07823016 -0.16411665 -0.73128486
v -0.05535273 -0.13352954 -0.69723457
v -0.04540758 -0.10029817 -0.70001256
v -0.04343235 -0.10533983 -0.73031938
v -0.05437712 -0.13735646 -0.72900832
v -0.06564667 -0.03018478 -0.77902573
v -0.09035228 -0.01499042 -0.76609558
v -0.08768300 -0.01343011 -0.77017492
v -0.06103669 -0.02624461 -0.78816348
v -0.28221506 -0.05240034 -0.80412954
v -0.28150961 -0.08514489 -0.79650700
v -0.28872883 -0.08641933 -0.81619143
v -0.29013824 -0.05456357 -0.82139778
v -0.22026950 -0.12128258 -1.02743435
v -0.22258995 -0.12653625 -1.01033688
v -0.22940259 -0.10279039 -1.02784061
v -0.22264092 -0.11856889 -1.04685163
v -0.23135802 -0.09985117 -1.04761314
v -0.25449061 -0.10128308 -1.16971362
v -0.24248031 -0.11987938 -1.15936697
v -0.24380443 -0.12888020 -1.17544568
v -0.25655666 -0.11099356 -1.18844056
v -0.27337229 -0.07332564 -1.30845404
v -0.27061793 -0.07300353 -1.32509196
v -0.23895937 -0.08924302 -0.72252232
v -0.22816333 -0.05112312 -0.74084330
v -0.22809234 -0.05430069 -0.70230943
v -0.23397851 -0.08840755 -0.69311965
v -0.18804398 -0.16667643 -0.67624050
v -0.18974850 -0.17589778 -0.70764983
v -0.21286471 -0.14666474 -0.68082553
v -0.15514392 -0.17383415 -0.67084050
v -0.11719673 -0.16961825 -0.66616732
v -0.05742593 -0.12704310 -0.66544491
v -0.04868636 -0.09439285 -0.66971827
v -0.08818284 -0.01789483 -0.70945156
v -0.06723077 -0.03828798 -0.70592064
v -0.07438195 -0.03447445 -0.68109864
v -0.09716566 -0.01542909 -0.68663543
v -0.04256102 -0.07024697 -0.84017992
v -0.05002304 -0.10594597 -0.85863042
v -0.04977874 -0.10827952 -0.83570749
v -0.04567325 -0.07802113 -0.81812656
v -0.00789885 -0.02427587 -0.99345171
v -0.01014711 -0.04205450 -0.99739897
v -0.01658118 -0.06050514 -0.97897184
v -0.01664108 -0.06043428 -1.00094557
v -0.02791116 -0.08022311 -1.00460076
v -0.01408421 -0.04150663 -1.09170759
v -0.02244173 -0.06373923 -1.09204566
v -0.01994736 -0.06163339 -1.06975245
v -0.01185547 -0.04001552 -1.06869531
v -0.01855011 -0.04325538 -1.11513150
v -0.02640893 -0.06566209 -1.11509633
v -0.03298567 -0.04409214 -1.15929890
v -0.03351993 -0.06670535 -1.16901791
v -0.03811834 -0.06575473 -1.15480793
v -0.06827001 -0.03066737 -1.31090474
v -0.05806970 -0.02937090 -1.29632187
v -0.09794997 -0.17864329 -0.86564708
v -0.20190483 -0.02064816 -0.73602957
v -0.17242722 -0.00676376 -0.72796434
v -0.18134716 -0.00836441 -0.70227283
v -0.20874664 -0.02541253 -0.70497113
v -0.11538467 -0.18295735 -0.92365164
v -0.09285067 -0.15173772 -1.00776851
v -0.09223010 -0.15434167 -0.99021357
v -0.10789129 -0.14625990 -1.13945031
v -0.10217845 -0.14735413 -1.15895176
v -0.01442681 -0.07703424 -1.22846687
v -0.01264042 -0.07855538 -1.21584988
v -0.19077760 -0.18527475 -0.74149019
v -0.06517594 -0.11291452 -0.60777682
v -0.05939715 -0.08084209 -0.61162513
v -0.05310698 -0.08784294 -0.64041317
v -0.06070784 -0.12020718 -0.63611460
v -0.13275504 -0.00596728 -0.66470927
v -0.10692281 -0.01430670 -0.66043407
v -0.11586241 -0.01497468 -0.63180035
v -0.14150435 -0.00860051 -0.63561058
v -0.14785379 -0.01108548 -0.60646498
v -0.12186940 -0.01554047 -0.60311043
v -0.13042536 -0.01353871 -0.57345647
v -0.15489244 -0.01176488 -0.57779592
v -0.08235322 -0.15375048 -0.66481096
v -0.11701656 -0.15298939 -0.60929346
v -0.08664883 -0.13827589 -0.60657156
v -0.08414265 -0.14556068 -0.63494593
v -0.11677439 -0.16133529 -0.63772458
v -0.22724584 -0.12007804 -0.68512559
v -0.12292349 -0.00485365 -0.69087869
v -0.11275304 -0.00541067 -0.71266985
v -0.19095537 -0.01838379 -0.63862163
v -0.21231048 -0.03531127 -0.63827550
v -0.21112692 -0.03011210 -0.67041034
v -0.18700007 -0.01242464 -0.67020595
v -0.20591000 -0.13726720 -0.62441224
v -0.18192193 -0.15268993 -0.62026834
v -0.18432760 -0.15883923 -0.64725405
v -0.20848483 -0.14177111 -0.65186691
v -0.15112691 -0.15648755 -0.61437345
v -0.15240741 -0.16449711 -0.64136350
v -0.11774950 -0.13776183 -0.55489731
v -0.09137133 -0.12230306 -0.55223984
v -0.08874105 -0.13026822 -0.57915622
v -0.11749157 -0.14513731 -0.58233827
v -0.14951475 -0.14337280 -0.56045067
v -0.15066695 -0.14953223 -0.58741307
v -0.18078017 -0.14690498 -0.59282297
v -0.17824250 -0.14154062 -0.56584549
v -0.20000771 -0.12859204 -0.57193488
v -0.20363429 -0.13320184 -0.59843403
v -0.21950512 -0.11263821 -0.60235596
v -0.21555917 -0.11044549 -0.57637215
v -0.22589305 -0.08859430 -0.60556477
v -0.22304206 -0.06301679 -0.60857999
v -0.22041140 -0.06548895 -0.58170789
v -0.22183870 -0.08896596 -0.57961404
v -0.19788094 -0.02656857 -0.58173144
v -0.21313256 -0.04368008 -0.58225036
v -0.21276709 -0.03966165 -0.60953361
v -0.19441827 -0.02280662 -0.60944861
v -0.21021670 -0.03954193 -0.47471261
v -0.21238491 -0.05801356 -0.47647053
v -0.21360919 -0.05335632 -0.50377470
v -0.20913705 -0.03415895 -0.50245214
v -0.21549281 -0.07568658 -0.47774678
v -0.21426894 -0.09267614 -0.47795618
v -0.21329063 -0.09044918 -0.50329924
v -0.21392061 -0.07235289 -0.50404024
v -0.18913130 -0.11907392 -0.49591452
v -0.20565206 -0.10683669 -0.50045067
v -0.20571478 -0.10891445 -0.47557676
v -0.18853135 -0.12079158 -0.47053498
v -0.16889739 -0.12993607 -0.46541005
v -0.16983816 -0.13139200 -0.48937440
v -0.14659706 -0.12622184 -0.45957118
v -0.14655507 -0.13121137 -0.48307717
v -0.12206537 -0.11595090 -0.47801620
v -0.12323627 -0.11209874 -0.45503515
v -0.16432467 -0.01208271 -0.46469015
v -0.18477204 -0.01385539 -0.46900290
v -0.17843467 -0.00985856 -0.49666315
v -0.15830602 -0.01011788 -0.49140751
v -0.11668566 -0.03460231 -0.48168665
v -0.09484093 -0.05084928 -0.47857070
v -0.10559996 -0.04916739 -0.45384526
v -0.12802257 -0.03471521 -0.45601994
v -0.14890134 -0.13756818 -0.53350317
v -0.11804207 -0.13051206 -0.52745867
v -0.19574943 -0.12397530 -0.54640043
v -0.17501539 -0.13647056 -0.53983581
v -0.20125294 -0.02931293 -0.55546361
v -0.21284845 -0.04710194 -0.55641174
v -0.13963348 -0.01207612 -0.54479867
v -0.16256216 -0.01087861 -0.55009383
v -0.07961410 -0.08800706 -0.52762443
v -0.09321375 -0.11357570 -0.52676320
v -0.09552182 -0.10557006 -0.50081682
v -0.08228993 -0.08066463 -0.50022906
v -0.14780585 -0.13427129 -0.50853413
v -0.17229643 -0.13302803 -0.51483446
v -0.19181454 -0.12042368 -0.52137488
v -0.20757970 -0.10670905 -0.52587676
v -0.21418664 -0.08918709 -0.52869052
v -0.21463248 -0.06996532 -0.52990097
v -0.21303239 -0.05009082 -0.53057599
v -0.20524472 -0.03153255 -0.52968848
v -0.17065354 -0.01019863 -0.52337909
v -0.14941765 -0.01110175 -0.51811153
v -0.08662602 -0.07533639 -0.47582209
v -0.09902380 -0.09974376 -0.47589910
v -0.10446858 -0.09811362 -0.45302832
v -0.09632125 -0.07199797 -0.45349568
v -0.10656836 -0.07103800 -0.43121207
v -0.11588702 -0.05071803 -0.43208510
v -0.21808486 -0.07926498 -0.45147580
v -0.21543747 -0.09572847 -0.45165139
v -0.20653495 -0.11175167 -0.44926250
v -0.17043394 -0.13085321 -0.44103616
v -0.14514762 -0.12363441 -0.43411696
v -0.12395658 -0.10908730 -0.43010396
v -0.10985887 -0.09370329 -0.43158340
v -0.19101802 -0.02632473 -0.41460013
v -0.18701304 -0.02109877 -0.44228715
v -0.16921188 -0.01839509 -0.43898767
v -0.17246999 -0.02462088 -0.41081208
v -0.21677850 -0.04769972 -0.41928017
v -0.22528027 -0.06425531 -0.42259520
v -0.21360502 -0.06230206 -0.44969529
v -0.20802948 -0.04525616 -0.44789314
v -0.22732288 -0.08354884 -0.42387366
v -0.22239846 -0.10226537 -0.42354923
v -0.21219245 -0.11882846 -0.42260832
v -0.19138274 -0.12446205 -0.44622332
v -0.19463634 -0.13077739 -0.41902542
v -0.17063832 -0.13223714 -0.41371387
v -0.14066865 -0.12329959 -0.40766031
v -0.12493803 -0.10371703 -0.37340569
v -0.12325460 -0.10046125 -0.40262794
v -0.14084405 -0.12592401 -0.37888956
v -0.13986060 -0.07762259 -0.27810872
v -0.13790058 -0.10188911 -0.27938044
v -0.14455372 -0.09803723 -0.24624753
v -0.14582135 -0.07657005 -0.24402452
v -0.17649494 -0.02677856 -0.38210690
v -0.19774067 -0.02698543 -0.38494831
v -0.22663054 -0.04774675 -0.38919014
v -0.23518109 -0.06648245 -0.39253587
v -0.17428592 -0.14044020 -0.35432118
v -0.17033908 -0.13647375 -0.38495630
v -0.19712034 -0.13575399 -0.39033002
v -0.20150554 -0.13921395 -0.35920781
v -0.18831299 -0.02498984 -0.28610754
v -0.20932361 -0.02564109 -0.28797400
v -0.20733851 -0.02412961 -0.32063258
v -0.18471810 -0.02365955 -0.31873852
v -0.23340954 -0.04617180 -0.35755557
v -0.23790717 -0.04564484 -0.32491606
v -0.24691716 -0.06493893 -0.32730144
v -0.24273685 -0.06591760 -0.36044133
v -0.18118876 -0.13634115 -0.28700829
v -0.17809317 -0.14043355 -0.32167590
v -0.20494674 -0.13997698 -0.32607794
v -0.20686038 -0.13646430 -0.29041958
v -0.14546683 -0.12920988 -0.34874606
v -0.15059091 -0.12875819 -0.31709594
v -0.13273729 -0.10544562 -0.31253719
v -0.12783392 -0.10456876 -0.34417331
v -0.13410658 -0.07855202 -0.31121856
v -0.12991789 -0.07716282 -0.34237266
v -0.08050906 -0.00223609 -0.77452672
v -0.10179712 -0.00392430 -0.76469326
v -0.11873034 -0.00532070 -0.76551712
v -0.20811841 -0.03772674 -0.21535945
v -0.20897967 -0.03154235 -0.25240207
v -0.18960115 -0.03057022 -0.25007343
v -0.19101347 -0.03685897 -0.21307480
v -0.24693295 -0.06639841 -0.29216385
v -0.23886108 -0.04736077 -0.29077613
v -0.23515362 -0.05147982 -0.25511706
v -0.24243662 -0.06860430 -0.25548720
v -0.18561593 -0.12272968 -0.21219456
v -0.18372087 -0.13026014 -0.25034976
v -0.20726585 -0.12971376 -0.25273550
v -0.20745009 -0.12178468 -0.21454287
v -0.15154919 -0.09469131 -0.20922148
v -0.15853505 -0.11967722 -0.24875784
v -0.16426398 -0.11402288 -0.21069992
v -0.15521583 -0.08919659 -0.17308044
v -0.15615019 -0.07142652 -0.17187834
v -0.15194920 -0.07439115 -0.20797479
v -0.19157746 -0.04209853 -0.17799914
v -0.20706621 -0.04139261 -0.17925549
v -0.23456271 -0.06786474 -0.18306112
v -0.23750448 -0.06941697 -0.21927166
v -0.23087808 -0.05406370 -0.21796143
v -0.22778709 -0.05416818 -0.18177056
v -0.23332311 -0.10287688 -0.21672118
v -0.23847657 -0.08673766 -0.21855009
v -0.23518409 -0.08410051 -0.18329465
v -0.22943249 -0.09871516 -0.18143368
v -0.20649147 -0.11309396 -0.18022490
v -0.22293928 -0.11495000 -0.21571553
v -0.21994688 -0.10762060 -0.18040156
v -0.18629813 -0.11504418 -0.17792106
v -0.16642711 -0.10746240 -0.17549276
v -0.17759755 -0.01165336 -0.76035583
v -0.14773436 -0.00509477 -0.75091863
v -0.16004731 -0.00696980 -0.74336153
v -0.18966308 -0.01841870 -0.75432581
v -0.08130561 -0.03225712 -0.65434110
v -0.08953367 -0.02959768 -0.62564856
v -0.10602635 -0.02421314 -0.56826341
v -0.09660093 -0.02734552 -0.59645170
v -0.11660072 -0.02272180 -0.53963071
v -0.12717105 -0.02150778 -0.51149011
v -0.13824385 -0.01870691 -0.48529035
v -0.14677675 -0.01967145 -0.45958292
v -0.15135667 -0.02510015 -0.43386263
v -0.15256913 -0.03070956 -0.40612870
v -0.15932742 -0.03455086 -0.34917599
v -0.18079942 -0.02535124 -0.35091645
v -0.15575483 -0.03452710 -0.37840712
v -0.16601509 -0.03472066 -0.28338236
v -0.16268800 -0.03362500 -0.31699812
v -0.16995710 -0.03897056 -0.24689138
v -0.17412265 -0.04365622 -0.20894563
v -0.17653941 -0.04835327 -0.17487371
v -0.04621328 -0.07588205 -0.75438380
v -0.05687671 -0.04692083 -0.74979246
v -0.05382311 -0.05119442 -0.76688445
v -0.04599629 -0.07945785 -0.77689058
v -0.10874640 -0.00953514 -0.76294661
v -0.12451215 -0.00694457 -0.76418245
v -0.12147253 -0.00834206 -0.76658624
v -0.10599642 -0.00982068 -0.76582891
v -0.11966371 -0.12310746 -0.50248432
v -0.21053955 -0.10839006 -0.55134678
v -0.21725544 -0.08897796 -0.55413675
v -0.21664539 -0.06799512 -0.55628002
v -0.13440755 -0.00663866 -0.76973450
v -0.09455691 -0.03820793 -0.53454745
v -0.08015180 -0.06019010 -0.53067231
v -0.08646744 -0.05451674 -0.50385612
v -0.10416751 -0.03359249 -0.50683063
v -0.12730606 -0.07403652 -0.36913782
v -0.14244965 -0.05340003 -0.34521186
v -0.13815762 -0.05142336 -0.37342620
v -0.12264486 -0.07287550 -0.39296168
v -0.23030791 -0.10858668 -0.39497358
v -0.21778914 -0.12531003 -0.39399159
v -0.23819748 -0.11169263 -0.36342376
v -0.23595563 -0.08807153 -0.39479864
v -0.24442902 -0.08877834 -0.36322695
v -0.07642946 -0.04718655 -0.58853310
v -0.06648683 -0.07359494 -0.58382523
v -0.07375493 -0.06687320 -0.55701250
v -0.08551800 -0.04213544 -0.56128889
v -0.19732460 -0.13836512 -1.07741225
v -0.21483156 -0.12481251 -1.08146060
v -0.06231011 -0.13964623 -1.18611765
v -0.07954005 -0.14195141 -1.17408049
v -0.06805126 -0.12850113 -1.16666257
v -0.05381259 -0.12866849 -1.17897260
v -0.06986689 -0.14780676 -1.19625866
v -0.08743251 -0.15112123 -1.18436360
v -0.07762230 -0.15363091 -1.20850766
v -0.25073671 -0.01122651 -1.38918650
v -0.24691424 -0.01022537 -1.40094280
v -0.09445624 -0.15785673 -1.19691658
v -0.12102532 -0.16862509 -1.25548530
v -0.12644230 -0.16620815 -1.26261854
v -0.02474879 -0.04424603 -1.13808906
v -0.02228080 -0.02014921 -1.13673687
v -0.03034496 -0.02065977 -1.15746439
v -0.01738521 -0.06040258 -0.95750010
v -0.03879585 -0.04561606 -0.84172606
v -0.03413252 -0.05346592 -0.86811459
v -0.03975026 -0.07800980 -0.87246150
v -0.06553301 -0.00963309 -0.78509063
v -0.25831681 -0.07571981 -1.15753329
v -0.25494665 -0.07381120 -1.13522649
v -0.26532465 -0.05341418 -1.33446085
v -0.26489779 -0.03344209 -1.32899165
v -0.25830299 -0.05165339 -1.36253560
v -0.25489396 -0.05003716 -1.37477946
v -0.25520611 -0.03074642 -1.36915016
v -0.01307632 0.00538899 -1.08909452
v -0.01029558 0.00510375 -1.06731701
v -0.25800720 -0.03222717 -1.35725939
v -0.23868397 -0.02654408 -1.41737020
v -0.03211464 0.00389185 -1.15472031
v -0.02474271 0.00454906 -1.13375962
v -0.23269692 -0.02191911 -1.42793775
v -0.12861407 -0.00587634 -0.76082635
v -0.15151279 -0.00655308 -0.76614660
v -0.14216724 -0.00633708 -0.76743388
v -0.07984378 -0.02043196 -0.72886252
v -0.10288174 -0.00712606 -0.72959948
v -0.09543695 -0.00964115 -0.74267888
v -0.07349128 -0.02412240 -0.74490827
v -0.11003740 -0.18821505 -0.77029634
v -0.14929588 -0.19806159 -0.77531517
v -0.24530683 -0.09851192 -0.74376470
v -0.19553919 -0.19933319 -1.15383828
v -0.20277734 -0.21011803 -1.15735602
v -0.20530778 -0.20079514 -1.17705214
v -0.19698018 -0.19052476 -1.17358220
v -0.27312693 -0.08173074 -1.23348773
v -0.26690167 -0.08872182 -1.20664072
v -0.15609170 -0.08766253 -1.41214538
v -0.15230462 -0.16481251 -1.41129816
v -0.12794098 -0.15737665 -1.39865565
v -0.13251019 -0.14782175 -1.40166235
v -0.15646021 -0.15350154 -1.41451716
v -0.14966141 -0.00823272 -0.77443612
v -0.23158000 -0.16544098 -1.35986841
v -0.21974996 -0.16685966 -1.37797809
v -0.22711961 -0.15488243 -1.37905073
v -0.23933758 -0.15277466 -1.35996222
v -0.29439893 -0.05672713 -0.88718379
v -0.29243422 -0.08670457 -0.88755685
v -0.24210246 -0.05595953 -1.07248366
v -0.24062249 -0.07635794 -1.07017124
v -0.24572161 -0.07365708 -1.09110463
v -0.20200425 -0.01413018 -0.77280921
v -0.21347454 -0.01583110 -0.77719736
v -0.24725655 -0.05390134 -1.09391510
v -0.26464117 -0.11232983 -1.21983075
v -0.25415072 -0.12629333 -1.20331478
v -0.03010711 -0.02772870 -1.24848783
v -0.02785330 -0.04426578 -1.25320375
v -0.01987667 -0.04495957 -1.23496652
v -0.02355472 -0.02856669 -1.22889042
v -0.21525992 -0.21516919 -1.21903193
v -0.21965069 -0.19959578 -1.23199379
v -0.21543497 -0.18879819 -1.22145200
v -0.21375093 -0.20050064 -1.20394051
v -0.19303091 -0.19088659 -0.78164989
v -0.22694264 -0.16690177 -0.76633006
v -0.18331511 -0.15047997 -1.10746884
v -0.20681262 -0.14053059 -1.11155629
v -0.20196238 -0.13699257 -1.09396040
v -0.17966250 -0.14827517 -1.08991361
v -0.18376398 -0.15927967 -1.15459669
v -0.18459231 -0.15499064 -1.14002645
v -0.18360144 -0.16510370 -1.16883397
v -0.19317129 -0.17376095 -1.25586605
v -0.19695528 -0.16524675 -1.25820088
v -0.20300014 -0.17606843 -1.25989616
v -0.06074981 -0.04293352 -0.73027819
v -0.05122197 -0.05219042 -0.79761255
v -0.04779306 -0.04584312 -0.81064582
v -0.13627487 -0.00751099 -0.76978135
v -0.15564702 -0.06092196 -1.42812967
v -0.14131495 -0.05446119 -1.42228007
v -0.17934118 -0.16176477 -1.24245787
v -0.18356371 -0.16331291 -1.22661173
v -0.16076186 -0.17018917 -1.24921465
v -0.17691344 -0.17327037 -1.24627781
v -0.17422560 -0.17666164 -1.23971236
v -0.15699813 -0.17385525 -1.24232769
v -0.19114801 -0.17553079 -1.24633062
v -0.18944988 -0.17839327 -1.24017310
v -0.07884812 -0.12607317 -1.31915128
v -0.09028900 -0.12898061 -1.33652592
v -0.08965202 -0.13965297 -1.33113599
v -0.07955033 -0.13710648 -1.31415749
v -0.07775029 -0.11393478 -1.32128429
v -0.07566835 -0.09976352 -1.32196724
v -0.08808999 -0.10244022 -1.34039474
v -0.08954547 -0.11680260 -1.33951950
v -0.11836354 -0.06522828 -1.38433802
v -0.13220228 -0.08327969 -1.39375496
v -0.11042593 -0.04514761 -1.37628543
v -0.10605358 -0.02711917 -1.37083006
v -0.24382120 -0.02993225 -1.40579319
v -0.24888435 -0.03019531 -1.39356184
v -0.24597934 -0.05173562 -1.39917326
v -0.23894623 -0.05314604 -1.41041422
v -0.13222241 -0.04836027 -1.41030753
v -0.12354529 -0.03656968 -1.40314794
v -0.11647043 -0.02426540 -1.38941920
v -0.12918015 -0.23300213 -1.22303843
v -0.12840772 -0.23847273 -1.20036209
v -0.18650380 -0.06400371 -1.44107819
v -0.17064519 -0.06476345 -1.43505454
v -0.14362435 -0.24468139 -1.22645891
v -0.14230320 -0.24937528 -1.20309031
v -0.13551086 -0.13692784 -1.40230191
v -0.11581832 -0.14068857 -1.38031685
v -0.11775345 -0.12884682 -1.38043535
v -0.12929252 -0.04472172 -1.41838217
v -0.12198202 -0.03446046 -1.41151309
v -0.13949355 -0.19711360 -0.81198591
v -0.10516353 -0.18796587 -0.80609214
v -0.10063370 -0.14873570 -1.06158626
v -0.12507811 -0.15554449 -1.06567633
v -0.01141021 -0.01830920 -1.09048605
v -0.00889492 -0.01733155 -1.06723118
v -0.11414553 -0.00936039 -1.41334295
v -0.01034990 -0.04004709 -1.02093601
v -0.00843775 -0.01731087 -1.01631677
v -0.00817840 -0.01706597 -1.04279900
v -0.01092681 -0.03916777 -1.04522789
v -0.00773267 -0.00872543 -0.97956347
v -0.00849196 -0.00995719 -0.99131382
v -0.03971089 -0.01143939 -0.82369697
v -0.04023539 -0.02330736 -0.82386905
v -0.10756168 -0.18544480 -1.28578413
v -0.11363107 -0.19931439 -1.29945445
v -0.11461456 -0.20330477 -1.28052938
v -0.10881582 -0.18809071 -1.26857197
v -0.01768699 -0.06000695 -1.02427578
v -0.03015747 -0.08034693 -1.02674007
v -0.11723356 -0.16887081 -1.24734545
v -0.10023819 -0.16503239 -1.25605476
v -0.02949399 -0.01980786 -1.17635858
v -0.01859704 -0.06158494 -1.23962557
v -0.02712270 -0.06149206 -1.25528729
v -0.02868635 -0.07779302 -1.25717211
v -0.02000481 -0.07730588 -1.24272037
v -0.14548247 -0.00832930 -0.76996458
v -0.21651298 -0.21642721 -1.29833031
v -0.21171257 -0.22224298 -1.28838611
v -0.20508456 -0.22596341 -1.29656851
v -0.20967540 -0.22024113 -1.30737984
v -0.13015944 -0.00315164 -0.73396134
v -0.14108071 -0.00270171 -0.71902186
v -0.21220511 -0.02882540 -0.76074898
v -0.19784720 -0.01639777 -0.76812363
v -0.05634963 -0.06073765 -0.67379618
v -0.05113899 -0.06664023 -0.70258939
v -0.06251714 -0.05577893 -0.64503372
v -0.06951206 -0.05126795 -0.61580461
v -0.13424188 -0.03914370 -0.43080497
v -0.13253941 -0.04830492 -0.40257680
v -0.14716969 -0.05478139 -0.31357920
v -0.23085122 -0.01771374 -0.77510631
v -0.15188974 -0.05557299 -0.27998531
v -0.15680331 -0.05664444 -0.24493396
v -0.16180810 -0.05713431 -0.20792317
v -0.16431203 -0.05835733 -0.17282879
v -0.15828627 -0.25573522 -1.20152271
v -0.16210477 -0.25210750 -1.22629535
v -0.18019730 -0.25087610 -1.21923101
v -0.17404275 -0.25575507 -1.19528639
v -0.17286241 -0.17071342 -1.19330835
v -0.15716615 -0.16900098 -1.19799662
v -0.15758052 -0.17503187 -1.17843270
v -0.17273313 -0.17753696 -1.17514884
v -0.17275017 -0.18378025 -1.15533614
v -0.18536524 -0.19008178 -1.15382695
v -0.18600376 -0.18267080 -1.17369688
v -0.20594320 -0.22306538 -1.16473365
v -0.20381738 -0.23466846 -1.17297053
v -0.20923108 -0.22619110 -1.19492948
v -0.21008039 -0.21216697 -1.18474340
v -0.18771616 -0.25142479 -1.18858540
v -0.19403574 -0.24511105 -1.21071291
v -0.20381586 -0.23627695 -1.20277894
v -0.19805098 -0.24386334 -1.18092334
v -0.12831157 -0.18503040 -1.16776800
v -0.14223759 -0.18034711 -1.16173840
v -0.14180855 -0.17454055 -1.18295324
v -0.12757240 -0.17918879 -1.18958688
v -0.12535429 -0.21518502 -1.31131983
v -0.12645859 -0.21910322 -1.28905416
v -0.11767541 -0.16420907 -1.28202820
v -0.10567224 -0.16483197 -1.29355466
v -0.10990542 -0.16270879 -1.28759241
v -0.12447193 -0.15651169 -1.27967715
v -0.11767375 -0.21313283 -1.23991704
v -0.11563098 -0.20779854 -1.26075721
v -0.12703358 -0.22246838 -1.26806045
v -0.12834358 -0.22726622 -1.24554360
v -0.12697290 -0.17360523 -1.21138144
v -0.19025016 -0.01269360 -0.77379066
v -0.14106160 -0.16895568 -1.20373785
v -0.13966709 -0.16245326 -1.22461998
v -0.12493752 -0.16631961 -1.23141694
v -0.20699766 -0.19066504 -1.19641638
v -0.20781161 -0.18034965 -1.21441877
v -0.10750522 -0.17112288 -1.27316129
v -0.11118643 -0.17299545 -1.25686419
v -0.09695796 -0.16276938 -1.24624228
v -0.15094121 -0.17546621 -1.22592413
v -0.15377332 -0.17524815 -1.23479402
v -0.04301759 -0.12961051 -1.19343281
v -0.03881878 -0.13064525 -1.20875001
v -0.11578389 -0.16318715 -1.18829334
v -0.12180375 -0.16771701 -1.20348310
v -0.05034732 -0.13755971 -1.19898880
v -0.04509606 -0.13574043 -1.20921171
v -0.04198565 -0.08576764 -1.13507235
v -0.11268172 -0.02544136 -1.38039196
v -0.11092822 -0.19108677 -1.24901152
v -0.11500529 -0.17599845 -1.23932898
v -0.21841833 -0.17937902 -1.25272191
v -0.21220459 -0.17324129 -1.24760830
v -0.21478489 -0.17925501 -1.23559225
v -0.24703833 -0.01988558 -0.78373969
v -0.26321256 -0.02174952 -0.79749578
v -0.22011611 -0.18798897 -1.24252546
v -0.25425857 -0.14408925 -1.24390614
v -0.25975430 -0.12988928 -1.23209548
v -0.24937846 -0.14077482 -1.21755385
v -0.24447769 -0.15267465 -1.23141956
v -0.18870635 -0.23101053 -1.30501413
v -0.17724949 -0.23452657 -1.30413091
v -0.17893589 -0.22919467 -1.32203460
v -0.19152305 -0.22582209 -1.31938553
v -0.16186026 -0.23500693 -1.30197287
v -0.14353977 -0.23084247 -1.29708731
v -0.14340317 -0.22701630 -1.31892979
v -0.16284955 -0.23031381 -1.32275641
v -0.19026393 -0.18989971 -0.85434186
v -0.16140465 -0.19470876 -0.85020602
v -0.07256380 -0.13954854 -0.98231930
v -0.05574945 -0.12150919 -0.97516638
v -0.04868834 -0.10516951 -0.88301003
v -0.06691255 -0.02917286 -0.76926953
v -0.09056818 -0.01263341 -0.75971943
v -0.15169755 -0.00344313 -0.69628012
v -0.12928620 -0.19494107 -0.84545839
v -0.15955237 -0.00594820 -0.66765130
v -0.16634628 -0.01007040 -0.63804811
v -0.22533497 -0.06078436 -0.63593727
v -0.22890714 -0.08866935 -0.63247883
v -0.23158628 -0.08862995 -0.66133827
v -0.22700816 -0.05787364 -0.66669190
v -0.22207156 -0.11506911 -0.62880552
v -0.22454256 -0.11766376 -0.65623218
v -0.07608820 -0.09694535 -0.55356079
v -0.24900112 -0.08842862 -0.32912636
v -0.24210224 -0.10914245 -0.29265785
v -0.24251178 -0.11137529 -0.32980710
v -0.24834004 -0.08809223 -0.29297501
v -0.22719201 -0.12925699 -0.32878864
v -0.22369489 -0.12866704 -0.36240816
v -0.15396643 -0.12491873 -0.28390193
v -0.24361345 -0.08819944 -0.25577712
v -0.23768923 -0.10655627 -0.25494075
v -0.22516333 -0.12131777 -0.25393176
v -0.22730355 -0.12657483 -0.29213130
v -0.12035277 -0.00384934 -0.74453026
v -0.07611352 -0.16646400 -0.76545858
v -0.07404021 -0.16614747 -0.79715526
v -0.04751568 -0.11026833 -0.81103307
v -0.04613542 -0.08081816 -0.79766464
v -0.04711629 -0.10065714 -1.05028486
v -0.06210021 -0.11962910 -1.05277753
v -0.06783585 -0.11891686 -1.09438074
v -0.08542366 -0.13444224 -1.09711897
v -0.08300498 -0.13483432 -1.07669246
v -0.06530075 -0.11906201 -1.07321620
v -0.13141792 -0.15335509 -1.10202146
v -0.15790991 -0.15497300 -1.10449183
v -0.15476680 -0.15416655 -1.08659899
v -0.12866887 -0.15369296 -1.08366334
v -0.15094547 -0.15610841 -1.06958556
v -0.17562626 -0.14982712 -1.07313490
v -0.24358931 -0.09146314 -1.10864294
v -0.23351224 -0.10845032 -1.10392594
v -0.23874217 -0.11003661 -1.12357748
v -0.24822775 -0.09248872 -1.12974072
v -0.04344214 -0.03489050 -0.81993675
v -0.11024681 -0.00711558 -0.75854683
v -0.04745533 -0.07156330 -0.72993279
v -0.04351221 -0.10783678 -0.75818831
v -0.05344419 -0.13934860 -0.76075786
v -0.16564402 -0.16011685 -1.24652827
v -0.23080298 -0.17322242 -1.25587535
v -0.23700948 -0.17158061 -1.26566625
v -0.16260338 -0.24000409 -1.27902472
v -0.14447145 -0.23549116 -1.27393961
v -0.12073696 -0.16095531 -1.24875247
v -0.11312326 -0.19673163 -1.31700385
v -0.10678646 -0.18321609 -1.30246365
v -0.10545902 -0.18095389 -1.31777418
v -0.06038311 -0.13436306 -0.87215257
v -0.07410851 -0.16285986 -0.85790533
v -0.06010868 -0.13719285 -0.84850335
v -0.18362404 -0.01176238 -0.76974767
v -0.05152383 -0.05343280 -0.78298604
v -0.17181021 -0.01296819 -0.60840333
v -0.17743409 -0.01529800 -0.58021867
v -0.18338512 -0.01679676 -0.55398202
v -0.18996693 -0.01752416 -0.52725828
v -0.19663653 -0.01857543 -0.50005227
v -0.20075464 -0.02379834 -0.47285563
v -0.20035088 -0.03102096 -0.44511354
v -0.20587312 -0.03447930 -0.41694242
v -0.20300777 -0.02563304 -0.35280019
v -0.21993288 -0.03291991 -0.35516936
v -0.21387544 -0.03420141 -0.38730168
v -0.22422226 -0.03198356 -0.32252038
v -0.22563609 -0.03382112 -0.28936726
v -0.22372091 -0.03913519 -0.25375807
v -0.21884301 -0.04663949 -0.18150055
v -0.22099273 -0.04439742 -0.21764445
v -0.15738203 -0.00851369 -0.77214265
v -0.16974285 -0.00990226 -0.77092779
v -0.11977465 -0.11396430 -1.37917101
v -0.13915260 -0.17082858 -1.24849904
v -0.14392598 -0.16713247 -1.25523663
v -0.11648291 -0.15940845 -1.26425076
v -0.20044746 -0.23747781 -1.23108459
v -0.18710390 -0.24523008 -1.24119556
v -0.13730122 -0.15759835 -1.24393463
v -0.14038585 -0.15359724 -1.27396154
v -0.13267179 -0.16224253 -1.27211618
v -0.09841366 -0.25346309 -1.00071776
v -0.10811980 -0.26329339 -1.00005698
v -0.10368143 -0.25773600 -0.98012173
v -0.09565999 -0.24780586 -0.98130095
v -0.09457316 -0.24048457 -1.00120103
v -0.09315849 -0.23555747 -0.98206341
v -0.14093056 -0.19829664 -0.99221289
v -0.12675610 -0.20016295 -0.99612403
v -0.12581599 -0.20080301 -0.97633898
v -0.13949613 -0.19963071 -0.97218382
v -0.09462309 -0.21936363 -0.96306974
v -0.10194676 -0.21022609 -0.96210504
v -0.10259253 -0.21263269 -0.98119390
v -0.09554781 -0.22326615 -0.98218417
v -0.16545159 -0.21355873 -0.98702013
v -0.17013599 -0.22647879 -0.98752844
v -0.17435364 -0.22381538 -1.00637054
v -0.16835363 -0.21053213 -1.00583267
v -0.13835777 -0.19980881 -1.07275546
v -0.15170096 -0.19605094 -1.06697178
v -0.14894132 -0.19550452 -1.08180594
v -0.13619915 -0.20114625 -1.08835912
v -0.10508394 -0.26449817 -1.04091203
v -0.11732683 -0.27247369 -1.04015124
v -0.11280933 -0.26813495 -1.02023125
v -0.10148836 -0.25902072 -1.02062750
v -0.10452887 -0.22080123 -1.04115891
v -0.11513288 -0.20914593 -1.03961074
v -0.11601005 -0.21289417 -1.06104159
v -0.10682267 -0.22614601 -1.06276011
v -0.11051686 -0.26963571 -1.06244707
v -0.12425595 -0.27505744 -1.06094682
v -0.10283006 -0.21475464 -1.00051522
v -0.11410582 -0.20585194 -0.99938357
v -0.11443891 -0.20686769 -1.01966822
v -0.10343570 -0.21739122 -1.02058303
v -0.15616800 -0.21708477 -0.95002794
v -0.15862302 -0.22906938 -0.95048177
v -0.16473316 -0.22829756 -0.96889675
v -0.16121694 -0.21573034 -0.96817100
v -0.11249755 -0.20482463 -0.96003103
v -0.12441581 -0.20152149 -0.95679045
v -0.11343984 -0.20541629 -0.97934473
v -0.12343119 -0.26100796 -0.95734113
v -0.11041801 -0.25834370 -0.95925891
v -0.11600759 -0.26376209 -0.97896957
v -0.13026756 -0.26530957 -0.97730398
v -0.14145046 -0.19688001 -1.03297651
v -0.12764755 -0.20073944 -1.03704405
v -0.12741219 -0.19985646 -1.01664090
v -0.14156808 -0.19737849 -1.01247680
v -0.09799998 -0.25061584 -1.04132235
v -0.09602006 -0.24528620 -1.02082586
v -0.13706884 -0.26863030 -0.99700856
v -0.12175521 -0.26845634 -0.99891740
v -0.12761655 -0.27192923 -1.01933897
v -0.14395911 -0.27072749 -1.01718640
v -0.16427951 -0.26328319 -1.03406680
v -0.17272654 -0.24973279 -1.03123164
v -0.16737399 -0.25180843 -1.01199412
v -0.15770368 -0.26365706 -1.01466095
v -0.14026055 -0.19836625 -1.05372751
v -0.15501285 -0.19705799 -1.04849195
v -0.16979383 -0.20724314 -1.02534676
v -0.17748353 -0.22055972 -1.02555037
v -0.17895328 -0.21642402 -1.04432106
v -0.16962765 -0.20344377 -1.04470170
v -0.11155927 -0.25023720 -1.10382926
v -0.11545642 -0.26395190 -1.10372329
v -0.10782409 -0.26250917 -1.08476126
v -0.10516652 -0.24767843 -1.08499718
v -0.11778109 -0.27323011 -1.08326280
v -0.12652448 -0.27477106 -1.10236895
v -0.15302324 -0.27144125 -1.12930918
v -0.16392413 -0.26706913 -1.12579083
v -0.15948948 -0.26804593 -1.11314750
v -0.14807351 -0.27409947 -1.11570251
v -0.17815718 -0.25833496 -1.07075918
v -0.18294735 -0.24175552 -1.06818044
v -0.17797416 -0.24618113 -1.05008078
v -0.17115635 -0.26171634 -1.05297351
v -0.18575481 -0.22103649 -1.07918072
v -0.17890927 -0.20698097 -1.07532048
v -0.17958465 -0.21137244 -1.06159854
v -0.18444343 -0.22624046 -1.06457829
v -0.18583988 -0.20266974 -1.11933827
v -0.17431262 -0.19367546 -1.11838961
v -0.17484209 -0.19656125 -1.10647547
v -0.18560594 -0.20683250 -1.10767150
v -0.14457531 -0.18981797 -1.12510562
v -0.13176201 -0.19607630 -1.13081133
v -0.13323456 -0.19830981 -1.11902809
v -0.14556308 -0.19212765 -1.11355853
v -0.12438408 -0.24832055 -1.15604699
v -0.13701005 -0.25958580 -1.15991616
v -0.13224283 -0.26176646 -1.14661157
v -0.12150440 -0.24944550 -1.14270234
v -0.18368638 -0.25498173 -1.08534360
v -0.18692563 -0.23639706 -1.08502805
v -0.14673468 -0.19357699 -1.10359001
v -0.13484532 -0.19955051 -1.10930908
v -0.13555381 -0.20107365 -1.09994328
v -0.14737876 -0.19473243 -1.09372962
v -0.26516291 -0.01477467 -1.32599473
v -0.26248133 -0.01418370 -1.34018886
v -0.12343941 -0.22362626 -1.12224305
v -0.11840411 -0.23588055 -1.12585664
v -0.11700869 -0.23736933 -1.11376536
v -0.12323935 -0.22375137 -1.11015546
v -0.11835718 -0.25066322 -1.12984216
v -0.12671840 -0.26339537 -1.13273609
v -0.12138990 -0.26480830 -1.11788464
v -0.11490211 -0.25173944 -1.11624193
v -0.18186018 -0.25737128 -1.10780418
v -0.19000034 -0.24970010 -1.10309041
v -0.00941516 0.00416073 -0.96550214
v -0.00993656 0.00447823 -0.97771513
v -0.18722977 -0.25297907 -1.09502649
v -0.17866859 -0.26061535 -1.09948766
v -0.18554969 -0.21586677 -1.08972681
v -0.17707348 -0.20336947 -1.08683395
v -0.26469398 -0.02119239 -0.97525823
v -0.25496539 -0.01990860 -0.99239361
v -0.12228420 -0.22369915 -1.09695268
v -0.12762804 -0.21024677 -1.09332848
v -0.12760869 -0.21120808 -1.10518265
v -0.13388461 -0.27328658 -1.11798990
v -0.19379015 -0.21365619 -1.12159026
v -0.19883583 -0.22498050 -1.12501335
v -0.20093031 -0.21912292 -1.13864493
v -0.19472764 -0.20782316 -1.13471222
v -0.18539461 -0.19805089 -1.13330555
v -0.17333989 -0.19022059 -1.13358366
v -0.14314191 -0.18606940 -1.14089751
v -0.12975906 -0.19129315 -1.14682257
v -0.12031330 -0.20187837 -1.15435946
v -0.11637145 -0.21588686 -1.16308367
v -0.11901627 -0.22197142 -1.14557624
v -0.12302422 -0.20722401 -1.13763678
v -0.14001611 -0.25495553 -1.18035674
v -0.12676607 -0.24386716 -1.17751598
v -0.15473710 -0.26023319 -1.17777419
v -0.15005662 -0.26419839 -1.15936852
v -0.16135560 -0.19310918 -1.09885168
v -0.02353631 0.00141072 -0.88425696
v -0.02945282 0.00079328 -0.86142576
v -0.16026670 -0.19142210 -1.10881853
v -0.15105285 -0.26304650 -0.99499619
v -0.16124074 -0.25271234 -0.99260384
v -0.15451360 -0.25221461 -0.97318333
v -0.14382364 -0.26091602 -0.97505569
v -0.15509264 -0.24049976 -0.95228112
v -0.16192465 -0.24101555 -0.97097135
v -0.09600805 -0.22688189 -1.00128603
v -0.09676040 -0.23100543 -1.02113271
v -0.09079298 -0.23029992 -0.96290350
v -0.11532888 -0.23652390 -1.09992790
v -0.11146481 -0.23256961 -1.08356547
v -0.17444700 -0.26070768 -1.12174988
v -0.16888107 -0.26516438 -1.13794291
v -0.17958476 -0.25944647 -1.13269341
v -0.16553754 -0.26929024 -1.07470155
v -0.14770040 -0.27277765 -1.07954311
v -0.15718317 -0.26875368 -1.09797668
v -0.17301032 -0.26537156 -1.08968091
v -0.19244768 -0.24590039 -1.11126328
v -0.18490538 -0.25459713 -1.11673462
v -0.18914831 -0.25191888 -1.12666547
v -0.19558068 -0.24178436 -1.12029922
v -0.11914941 -0.23507178 -1.13770080
v -0.11928337 -0.23492050 -1.15149581
v -0.17425977 -0.26181787 -1.15081561
v -0.16247565 -0.26438314 -1.15526938
v -0.16840117 -0.26030833 -1.17168260
v -0.18098968 -0.25708556 -1.16674662
v -0.15753102 -0.26801375 -1.14240861
v -0.18530448 -0.25650406 -1.14508975
v -0.19135775 -0.25122651 -1.16051233
v -0.11875177 -0.23059157 -1.17138612
v -0.19884263 -0.23716646 -1.13128388
v -0.19378999 -0.24815154 -1.13841999
v -0.19856092 -0.24227589 -1.15320003
v -0.20217679 -0.23104656 -1.14542329
v -0.16791502 -0.24010465 -0.98987055
v -0.17304611 -0.23813313 -1.00898337
v -0.16522260 -0.19703442 -1.07627153
v -0.16814962 -0.19930324 -1.06219649
v -0.16285029 -0.19544846 -1.08865726
v -0.15497249 -0.20279238 -0.98838615
v -0.15246022 -0.20500168 -0.96908140
v -0.15669942 -0.19842833 -1.02839971
v -0.15644211 -0.20048374 -1.00815833
v -0.15068544 -0.27183369 -1.03698146
v -0.19055811 -0.22328386 -1.10188520
v -0.18527642 -0.21120435 -1.09832537
v -0.18922129 -0.22828203 -1.09411573
v -0.15839356 -0.18626240 -1.13691247
v -0.15944809 -0.18924874 -1.12049282
v -0.19000328 -0.24295029 -1.09335423
v -0.15782171 -0.18057355 -1.15745485
v -0.14173111 -0.27590740 -1.10120380
v -0.13923700 -0.27041504 -1.13196731
v -0.14503597 -0.26709321 -1.14594686
v -0.09907740 -0.25215507 -0.96091557
v -0.09797069 -0.23529121 -1.04111230
v -0.11921726 -0.21894532 -1.08169305
v -0.12783375 -0.20750982 -1.07754707
v -0.19423068 -0.23472148 -1.10601664
v -0.19657229 -0.23005426 -1.11417568
v -0.19208927 -0.21866071 -1.11051798
v -0.12155242 -0.22369465 -1.13319552
v -0.12546837 -0.20954755 -1.12562871
v -0.14870106 -0.20671988 -0.95072329
v -0.12738776 -0.21032852 -1.11566496
v -0.13265884 -0.27605009 -1.08235860
v -0.26189780 -0.03287592 -1.34366846
v -0.10969508 -0.15692419 -1.17399418
v -0.06762391 -0.11539872 -1.15176535
v -0.08194369 -0.13027117 -1.15376222
v -0.13166772 -0.17184082 -1.23039734
v -0.13539806 -0.17193079 -1.24078369
v -0.14862828 -0.16316444 -1.26369357
v -0.15505052 -0.15562141 -1.26617098
v -0.10194571 -0.16229495 -1.21030140
v -0.00992522 -0.00768126 -1.00351703
v -0.24244022 -0.06784881 -1.00795233
v -0.24401827 -0.04409760 -1.00814545
v -0.25297987 -0.04777273 -0.99102843
v -0.24923396 -0.07313746 -0.99081683
v -0.26223123 -0.05190200 -0.97270221
v -0.19894946 -0.18097600 -0.93885869
v -0.19580364 -0.17504326 -0.96044827
v -0.21963403 -0.16187632 -0.95924872
v -0.22458947 -0.16761234 -0.93695778
v -0.16833866 -0.17667890 -0.97607136
v -0.19329561 -0.16822755 -0.97861958
v -0.16870093 -0.18255219 -0.95906782
v -0.14090571 -0.18354583 -0.95392311
v -0.14112946 -0.17857447 -0.97168243
v -0.11493970 -0.17788267 -0.94505930
v -0.11493696 -0.17348650 -0.96428710
v -0.09203050 -0.16674709 -0.93495703
v -0.07283607 -0.15054852 -0.92509913
v -0.05985712 -0.13184360 -0.89457023
v -0.04567616 -0.10554118 -0.90639734
v -0.05784949 -0.12908602 -0.91549206
v -0.02851129 -0.05735830 -0.89272201
v -0.03571105 -0.08107968 -0.89830804
v -0.02291784 -0.01601906 -0.88594860
v -0.02426856 -0.03581252 -0.88893008
v -0.10319336 -0.10713375 -1.35899150
v -0.21127546 -0.11489133 -1.41611242
v -0.18894732 -0.12140509 -1.42115557
v -0.21277386 -0.10049964 -1.42119300
v -0.24883652 -0.13598737 -1.35893369
v -0.23786049 -0.13918212 -1.37848747
v -0.25042486 -0.11861703 -1.37294769
v -0.25864500 -0.11631569 -1.35536885
v -0.22785065 -0.09060343 -1.41377079
v -0.22718778 -0.08316196 -1.41597605
v -0.22924942 -0.10219639 -1.40821779
v -0.24805874 -0.06946148 -1.39335072
v -0.24217150 -0.08445746 -1.39967155
v -0.17979985 -0.16792655 -1.40892470
v -0.20296970 -0.16746801 -1.39586210
v -0.19612062 -0.17816600 -1.39288950
v -0.17306218 -0.17949617 -1.40566087
v -0.24046491 -0.16387054 -1.34255612
v -0.24600911 -0.16174337 -1.32618093
v -0.24096406 -0.17329058 -1.32731259
v -0.23487292 -0.17475981 -1.34333289
v -0.15222235 -0.20842654 -1.37179089
v -0.17483896 -0.20814884 -1.37031758
v -0.16959561 -0.21653745 -1.35715008
v -0.14826638 -0.21560901 -1.35637259
v -0.22546923 -0.17543361 -1.35995185
v -0.27121741 -0.10293762 -1.23987627
v -0.26131135 -0.13696164 -1.25750625
v -0.26705468 -0.12165956 -1.24747050
v -0.24161834 -0.17052332 -1.27607906
v -0.24676543 -0.16196570 -1.27172554
v -0.24187112 -0.16448629 -1.25980806
v -0.23170924 -0.18229547 -1.28339183
v -0.23672786 -0.17776483 -1.27963924
v -0.10314433 -0.17125350 -1.30148435
v -0.09919845 -0.17016888 -1.31134486
v -0.10474926 -0.17766470 -1.33132744
v -0.21994938 -0.18095112 -1.27653861
v -0.21940032 -0.17955303 -1.27655125
v -0.22182050 -0.18363750 -1.28130269
v -0.22264898 -0.18321791 -1.28161752
v -0.18501577 -0.15634876 -1.41167164
v -0.19250621 -0.20468304 -1.36236024
v -0.20518398 -0.20300204 -1.35213673
v -0.19961071 -0.21167532 -1.34348369
v -0.18657473 -0.21358740 -1.35217786
v -0.21680823 -0.20086387 -1.34145999
v -0.22515011 -0.19929975 -1.32984471
v -0.21952109 -0.20693502 -1.32560170
v -0.21092582 -0.20898801 -1.33541834
v -0.22394437 -0.18817979 -1.28655446
v -0.22492054 -0.18518573 -1.28798914
v -0.12589356 -0.21218908 -1.33030236
v -0.13971718 -0.18604082 -1.39688706
v -0.11782631 -0.17592254 -1.38108027
v -0.12286738 -0.16668087 -1.39227903
v -0.14679766 -0.17577296 -1.40670621
v -0.17469403 -0.16206414 -1.25435376
v -0.16046092 -0.15863904 -1.25948858
v -0.18812856 -0.16441473 -1.25106621
v -0.21053910 -0.17840385 -1.26487577
v -0.20000389 -0.16829818 -1.25143278
v -0.11295193 -0.16028687 -1.27713680
v -0.10549191 -0.17088416 -1.28838468
v -0.10669440 -0.16540182 -1.35674047
v -0.10907306 -0.15751913 -1.36754191
v -0.14498290 -0.22214454 -1.33857751
v -0.16540881 -0.22407633 -1.34093881
v -0.22204050 -0.18501490 -1.27018237
v -0.22404052 -0.19078749 -1.26377141
v -0.22429419 -0.18957406 -1.27499676
v -0.21941553 -0.17901829 -1.25970161
v -0.21612330 -0.17821285 -1.27165735
v -0.16558550 -0.19055256 -1.39871407
v -0.18248704 -0.22307760 -1.33758211
v -0.19572040 -0.21930775 -1.33197927
v -0.22274393 -0.19303733 -1.34347820
v -0.21177197 -0.19422597 -1.35647357
v -0.21877329 -0.18538821 -1.35880303
v -0.22937196 -0.18467879 -1.34391499
v -0.21418297 -0.21340856 -1.31814384
v -0.22072485 -0.20983240 -1.30747449
v -0.23085958 -0.19159320 -1.33036482
v -0.23612061 -0.18313190 -1.32909620
v -0.22565383 -0.19428486 -1.28092086
v -0.11277533 -0.14941567 -1.37598455
v -0.10179947 -0.14356828 -1.35158956
v -0.10370144 -0.13411942 -1.35644007
v -0.09777958 -0.16009510 -1.33339846
v -0.09940061 -0.15190619 -1.34360170
v -0.09741329 -0.16645488 -1.32154572
v -0.10364552 -0.12177531 -1.35797930
v -0.19203362 -0.23963672 -1.09871817
v -0.22376823 -0.19807798 -1.25686181
v -0.22223482 -0.18554416 -1.25801992
v -0.22259039 -0.19425121 -1.25013435
v -0.20871818 -0.22825596 -1.22372746
v -0.17048356 -0.26169783 -1.11155713
v -0.16851152 -0.26333669 -1.10311937
v -0.15790634 -0.27127251 -1.05639672
v -0.13380134 -0.27420971 -1.03938413
v -0.14034882 -0.27480811 -1.05929089
v -0.10140246 -0.25728726 -1.06284046
v -0.10040442 -0.24149936 -1.06333840
v -0.12728210 -0.20352975 -1.05746198
v -0.18157789 -0.23134112 -1.04689336
v -0.08398524 -0.23111200 -0.92543221
v -0.08866249 -0.24148047 -0.92395222
v -0.08366056 -0.23573261 -0.90546882
v -0.08046040 -0.22500923 -0.90672731
v -0.08013777 -0.21035668 -0.88894212
v -0.08269392 -0.21478775 -0.90687352
v -0.07634396 -0.21958306 -0.88850904
v -0.08693994 -0.20361522 -0.88873291
v -0.08891458 -0.20775184 -0.90640527
v -0.09609586 -0.20089629 -0.88764608
v -0.10575049 -0.19994685 -0.88586032
v -0.10750371 -0.20149243 -0.90324897
v -0.09776147 -0.20341462 -0.90504640
v -0.11753365 -0.20181108 -0.90075511
v -0.12732041 -0.20419171 -0.89828491
v -0.13111518 -0.20297283 -0.91616219
v -0.12010685 -0.20194775 -0.91911644
v -0.13375415 -0.21994567 -0.87982082
v -0.13272017 -0.22879806 -0.88016665
v -0.13903886 -0.22941640 -0.89665133
v -0.13967977 -0.21954814 -0.89628422
v -0.13184474 -0.24679789 -0.91677493
v -0.14049482 -0.23901087 -0.91536522
v -0.13326828 -0.23820585 -0.89739609
v -0.12489436 -0.24515963 -0.89879954
v -0.11915355 -0.24447343 -0.88208055
v -0.10857508 -0.24583608 -0.88336647
v -0.11462264 -0.24814615 -0.89986920
v -0.09223300 -0.24208540 -0.96211493
v -0.08807521 -0.23677808 -0.94389743
v -0.08806208 -0.22524899 -0.94422787
v -0.10087573 -0.20766166 -0.94276202
v -0.09291048 -0.21502268 -0.94393456
v -0.09099296 -0.21114787 -0.92529023
v -0.09936330 -0.20529699 -0.92390180
v -0.13729200 -0.20112932 -0.95311934
v -0.12254204 -0.20194656 -0.93771744
v -0.13443571 -0.20231849 -0.93452668
v -0.10934055 -0.20303106 -0.92185986
v -0.11112119 -0.20394886 -0.94070536
v -0.14017448 -0.20907938 -0.91446173
v -0.13528405 -0.21056482 -0.89681172
v -0.09816820 -0.24824575 -0.92178082
v -0.10955280 -0.25150228 -0.91959661
v -0.10322510 -0.24698094 -0.90134931
v -0.09210560 -0.24350303 -0.90353549
v -0.14446892 -0.20790532 -0.93234903
v -0.11638905 -0.25630862 -0.93834561
v -0.10435633 -0.25324199 -0.94027615
v -0.12138999 -0.25135860 -0.91810679
v -0.12873396 -0.25462279 -0.93635589
v -0.08680202 -0.23918745 -0.88604259
v -0.07876866 -0.23035657 -0.88748085
v -0.09403166 -0.24689355 -0.94243801
v -0.14544760 -0.21887973 -0.91371763
v -0.14559516 -0.22955132 -0.91435462
v -0.15211561 -0.22943497 -0.93229795
v -0.15080687 -0.21804634 -0.93162954
v -0.14708310 -0.25091255 -0.95422697
v -0.14775451 -0.23993567 -0.93382490
v -0.13950127 -0.24873888 -0.93525589
v -0.12740397 -0.23750859 -0.88067466
v -0.13630936 -0.25789908 -0.95534194
v -0.08805095 -0.18871927 -0.80920076
v -0.08394913 -0.19299066 -0.80039304
v -0.08940385 -0.19832233 -0.80569506
v -0.09157740 -0.19545698 -0.81570673
v -0.08322966 -0.16972816 -0.83375454
v -0.07879946 -0.16627672 -0.82239354
v -0.08583179 -0.17005578 -0.81549621
v -0.09064648 -0.17416325 -0.82614088
v -0.08374770 -0.18374762 -0.80294859
v -0.07818787 -0.18982631 -0.79609156
v -0.07218915 -0.19511861 -0.79019213
v -0.07264170 -0.18932012 -0.79671341
v -0.06579246 -0.19844988 -0.79158306
v -0.06118471 -0.20727140 -0.79845381
v -0.06097774 -0.21278200 -0.78705013
v -0.06296282 -0.20342228 -0.78500605
v -0.07705004 -0.22932902 -0.80588806
v -0.08705752 -0.23425442 -0.80760729
v -0.08604948 -0.23557183 -0.79222488
v -0.07607979 -0.22954664 -0.79049134
v -0.10611974 -0.23803833 -0.79849333
v -0.09593140 -0.23668033 -0.79437792
v -0.09586601 -0.23599920 -0.80999315
v -0.10487247 -0.23702338 -0.81261694
v -0.09723051 -0.20168471 -0.81931561
v -0.09568572 -0.20301297 -0.80929470
v -0.10098341 -0.20556045 -0.81040514
v -0.10297747 -0.20451763 -0.82043833
v -0.06599419 -0.19323310 -0.79884005
v -0.06992944 -0.18222409 -0.79558909
v -0.06591130 -0.18342826 -0.79797196
v -0.06264219 -0.19371817 -0.80488783
v -0.11304456 -0.19842014 -0.85277116
v -0.11468716 -0.19820434 -0.84205621
v -0.12160267 -0.20007646 -0.84001368
v -0.12113526 -0.20087066 -0.85222340
v -0.09496421 -0.18939742 -0.85621631
v -0.08312050 -0.19265813 -0.86360824
v -0.07887263 -0.18683916 -0.85685724
v -0.09120010 -0.18225330 -0.85116529
v -0.07528111 -0.18000191 -0.84790719
v -0.07248747 -0.17386937 -0.83727264
v -0.08718029 -0.17524639 -0.84293735
v -0.07042319 -0.17027688 -0.82473326
v -0.13149893 -0.20791060 -0.84372383
v -0.12908509 -0.20906094 -0.85248387
v -0.07796572 -0.19196633 -0.74826294
v -0.07229648 -0.19083908 -0.74862987
v -0.07336107 -0.18951571 -0.74423695
v -0.07877617 -0.19074270 -0.74386662
v -0.12302637 -0.23424104 -0.85417980
v -0.12866724 -0.22654024 -0.85369164
v -0.12872916 -0.22747609 -0.84760177
v -0.12178844 -0.23444739 -0.84805572
v -0.12959854 -0.22924581 -0.83934110
v -0.12080027 -0.23568276 -0.83975297
v -0.06496995 -0.19636846 -0.74368548
v -0.06514046 -0.20045766 -0.74130309
v -0.06654385 -0.19684151 -0.73639685
v -0.06641223 -0.19300094 -0.73878342
v -0.08654281 -0.19952673 -0.79613614
v -0.07979217 -0.19504496 -0.79204226
v -0.07549390 -0.19646505 -0.78441262
v -0.07224320 -0.19783917 -0.77826691
v -0.07817201 -0.19912958 -0.77644211
v -0.08345989 -0.20011568 -0.78509974
v -0.09596079 -0.20549953 -0.79810286
v -0.09464528 -0.20575094 -0.78758317
v -0.10143431 -0.20889360 -0.79117113
v -0.10287844 -0.20828888 -0.80144417
v -0.12022036 -0.21299565 -0.79450810
v -0.12103561 -0.21101221 -0.80255318
v -0.11500338 -0.21034274 -0.80291963
v -0.11351845 -0.21203539 -0.79363728
v -0.10788606 -0.21746343 -0.76870275
v -0.11002154 -0.21522778 -0.77701324
v -0.10511411 -0.21345079 -0.77592063
v -0.10337995 -0.21509799 -0.76858622
v -0.12380109 -0.23533857 -0.86055720
v -0.12903814 -0.22711414 -0.85981023
v -0.13606560 -0.23252362 -0.79800093
v -0.12757163 -0.23829287 -0.79499125
v -0.12508619 -0.23697081 -0.80493701
v -0.13327304 -0.23239979 -0.80795729
v -0.11229314 -0.23850444 -0.84744543
v -0.11367664 -0.23904082 -0.85407066
v -0.06827118 -0.20445046 -0.73848635
v -0.06981806 -0.20060202 -0.73357964
v -0.06407656 -0.18548927 -0.83776259
v -0.06306217 -0.17856750 -0.82446486
v -0.06735681 -0.19275421 -0.84964252
v -0.07419206 -0.20214489 -0.86430359
v -0.07137157 -0.19817007 -0.85760438
v -0.08694728 -0.20256722 -0.78055954
v -0.09295216 -0.20310539 -0.80143201
v -0.10532668 -0.20679653 -0.81147981
v -0.12637883 -0.20666891 -0.81651032
v -0.12721665 -0.20902845 -0.80996615
v -0.13386881 -0.21144360 -0.81183255
v -0.13474479 -0.21070004 -0.81916332
v -0.13732506 -0.21841201 -0.79831994
v -0.13941079 -0.22484183 -0.79917920
v -0.13830733 -0.22439364 -0.80794191
v -0.13725175 -0.21746072 -0.80563009
v -0.06132789 -0.18274304 -0.80031848
v -0.05993789 -0.19120276 -0.81041837
v -0.13111457 -0.21757236 -0.85312653
v -0.13290378 -0.21830699 -0.84608960
v -0.12965129 -0.21858305 -0.86019337
v -0.10484630 -0.19350436 -0.84327292
v -0.10454710 -0.20060307 -0.83164513
v -0.10902594 -0.20174029 -0.83174437
v -0.10975116 -0.19688618 -0.84341085
v -0.09484218 -0.18914351 -0.82495916
v -0.09533935 -0.18073446 -0.83486372
v -0.09148202 -0.18219000 -0.81723261
v -0.10538863 -0.19538128 -0.85453975
v -0.10318197 -0.19741112 -0.86307156
v -0.11171244 -0.20089325 -0.86156952
v -0.12050372 -0.20463526 -0.86080837
v -0.12711459 -0.21149126 -0.86004901
v -0.10399366 -0.19859987 -0.87238073
v -0.11247066 -0.20159268 -0.87038267
v -0.12105031 -0.20605984 -0.86889505
v -0.12739415 -0.21240446 -0.86787957
v -0.11447001 -0.24086392 -0.86143500
v -0.11597531 -0.24310416 -0.87003905
v -0.12516753 -0.23659155 -0.86865687
v -0.09371759 -0.19470903 -0.86407852
v -0.09457077 -0.19810498 -0.87366277
v -0.08468023 -0.19916740 -0.87446904
v -0.07721743 -0.20683309 -0.87443441
v -0.07988215 -0.17108715 -0.79708779
v -0.08297142 -0.17399448 -0.80280077
v -0.08177274 -0.16769168 -0.80830765
v -0.07829950 -0.16512629 -0.80185974
v -0.06640895 -0.20001248 -0.77818757
v -0.06833947 -0.19827187 -0.78454781
v -0.06211655 -0.20564231 -0.77745187
v -0.12518726 -0.20258877 -0.83108139
v -0.13365494 -0.20882672 -0.83449888
v -0.08246708 -0.20199531 -0.77412009
v -0.06200223 -0.20287520 -0.76178622
v -0.06156097 -0.20899332 -0.75942010
v -0.06342397 -0.20403996 -0.74669129
v -0.06352531 -0.19886616 -0.74955231
v -0.08079908 -0.20037645 -0.76356822
v -0.08285418 -0.20587206 -0.76026362
v -0.08328463 -0.20694450 -0.76614600
v -0.08051512 -0.20200348 -0.76895648
v -0.11487286 -0.21817806 -0.77177286
v -0.11662468 -0.21616474 -0.77910268
v -0.06535602 -0.22359252 -0.77702534
v -0.06579427 -0.22335610 -0.78997034
v -0.07712884 -0.22663006 -0.77557778
v -0.11189858 -0.21358761 -0.78483874
v -0.10777199 -0.21079025 -0.79302454
v -0.10672151 -0.21202868 -0.78398824
v -0.09051531 -0.20738384 -0.77361166
v -0.09330302 -0.20633301 -0.77999735
v -0.08847523 -0.20433533 -0.77743828
v -0.08572344 -0.20500433 -0.77251297
v -0.13175376 -0.23200798 -0.81915450
v -0.13828531 -0.22193846 -0.81840646
v -0.06765873 -0.19240740 -0.74661142
v -0.06921461 -0.19039261 -0.74221820
v -0.12987563 -0.22758421 -0.86788929
v -0.13037536 -0.21942222 -0.86729872
v -0.10880882 -0.20954189 -0.80279291
v -0.06722333 -0.22148380 -0.80364394
v -0.11035244 -0.20748386 -0.81231558
v -0.12091816 -0.22741750 -0.77250051
v -0.11739179 -0.23312470 -0.77104771
v -0.11713949 -0.23483667 -0.77985585
v -0.12295335 -0.22874489 -0.77939290
v -0.08161689 -0.19574910 -0.74642968
v -0.08244818 -0.20065036 -0.74260575
v -0.08217997 -0.20324785 -0.74898422
v -0.08110673 -0.19784611 -0.75182009
v -0.07124151 -0.19605806 -0.76577210
v -0.07672898 -0.19692960 -0.76490998
v -0.07672770 -0.19917753 -0.77177691
v -0.07140958 -0.19807312 -0.77288318
v -0.06599450 -0.20040950 -0.77256978
v -0.06576652 -0.19864866 -0.76424032
v -0.07329912 -0.21608719 -0.75680661
v -0.08007706 -0.21228248 -0.75688124
v -0.07999629 -0.20885348 -0.74560189
v -0.07352307 -0.21061906 -0.74404013
v -0.10383331 -0.23726150 -0.82602912
v -0.11286715 -0.23768684 -0.82766867
v -0.11438356 -0.23748574 -0.81475425
v -0.11625621 -0.23769009 -0.80136371
v -0.11839888 -0.23692364 -0.78918564
v -0.10725059 -0.23939615 -0.78559303
v -0.12254082 -0.23647830 -0.81684613
v -0.08202243 -0.22435963 -0.76636046
v -0.08290443 -0.21830994 -0.76629424
v -0.07497331 -0.22005576 -0.76568162
v -0.11762404 -0.20801070 -0.81270278
v -0.06653998 -0.19468918 -0.75248134
v -0.07259546 -0.22197169 -0.85502285
v -0.08114401 -0.23206589 -0.85434401
v -0.08080922 -0.23165247 -0.84529847
v -0.07047613 -0.21966767 -0.84713888
v -0.07719292 -0.19391719 -0.75364649
v -0.07174988 -0.19231996 -0.75401121
v -0.12296525 -0.22234192 -0.77149272
v -0.12587249 -0.22032699 -0.77737916
v -0.12262768 -0.21756127 -0.77923393
v -0.12013295 -0.21937960 -0.77237594
v -0.12086207 -0.23654804 -0.82926744
v -0.13061178 -0.23729530 -0.78844237
v -0.13904792 -0.23006728 -0.78996611
v -0.10176153 -0.23878834 -0.84700835
v -0.11196414 -0.23820543 -0.83913398
v -0.10261050 -0.23799080 -0.83797967
v -0.09673716 -0.23497924 -0.77849990
v -0.09566921 -0.23618743 -0.82366455
v -0.09476957 -0.23656932 -0.83634877
v -0.09271900 -0.23699945 -0.84657073
v -0.09196882 -0.23782027 -0.85438079
v -0.10181082 -0.23968667 -0.85434604
v -0.07493681 -0.20653087 -0.73766273
v -0.06703071 -0.20854843 -0.74535543
v -0.10246044 -0.24124303 -0.86243653
v -0.10454604 -0.24365216 -0.87154198
v -0.09235370 -0.23885971 -0.86270332
v -0.09429161 -0.24075949 -0.87228745
v -0.08626726 -0.23398530 -0.83468968
v -0.07757331 -0.22905228 -0.83323902
v -0.08733588 -0.23410887 -0.82201546
v -0.07806708 -0.22925553 -0.81982267
v -0.08527134 -0.23616284 -0.77781349
v -0.08361442 -0.19762582 -0.73770314
v -0.08458979 -0.19374922 -0.73083216
v -0.08214800 -0.19564864 -0.72788268
v -0.08126556 -0.20064253 -0.73428237
v -0.08050841 -0.20480120 -0.73969644
v -0.07652873 -0.20230719 -0.73372835
v -0.06766378 -0.22038087 -0.81730962
v -0.08753721 -0.20976013 -0.76772887
v -0.06624656 -0.21565604 -0.83284420
v -0.05995918 -0.20786920 -0.81113493
v -0.05904894 -0.20289150 -0.82081592
v -0.06469749 -0.20600188 -0.84952974
v -0.05997965 -0.19910118 -0.83738387
v -0.07175240 -0.21272141 -0.86367011
v -0.06934372 -0.21001214 -0.85675180
v -0.07421643 -0.21576288 -0.87401211
v -0.05858091 -0.18969631 -0.82380080
v -0.07587099 -0.18539748 -0.73836792
v -0.08118211 -0.18686607 -0.73751062
v -0.07611980 -0.22648671 -0.87321764
v -0.07409440 -0.22373262 -0.86264360
v -0.08745903 -0.17702723 -0.80854154
v -0.11152063 -0.20539504 -0.82158661
v -0.11747514 -0.20494857 -0.82169175
v -0.12587249 -0.20458424 -0.82306445
v -0.13496856 -0.21002340 -0.82623863
v -0.08380660 -0.23588783 -0.87275738
v -0.11493009 -0.20165727 -0.88361371
v -0.12351035 -0.20588508 -0.88163447
v -0.09767496 -0.24337003 -0.88459396
v -0.07122721 -0.18635237 -0.73634100
v -0.10282566 -0.22024268 -0.76473975
v -0.10444146 -0.22271657 -0.76480377
v -0.07627425 -0.16455784 -0.81377757
v -0.07286872 -0.16287103 -0.80612218
v -0.06842914 -0.16713765 -0.81586361
v -0.06141112 -0.17387709 -0.81460381
v -0.06027771 -0.17008251 -0.80549717
v -0.06643018 -0.16473341 -0.80700392
v -0.11311969 -0.20187107 -0.83109021
v -0.11826675 -0.20209920 -0.83021295
v -0.13730986 -0.22136185 -0.82863474
v -0.13061939 -0.23116618 -0.82986450
v -0.06190124 -0.20545876 -0.77060908
v -0.06093798 -0.21412557 -0.77681339
v -0.06149764 -0.21230415 -0.76923025
v -0.06572695 -0.21477771 -0.75811207
v -0.08103400 -0.21375832 -0.76375556
v -0.08378448 -0.21362576 -0.76478177
v -0.10013245 -0.18796799 -0.84017938
v -0.09923187 -0.19659469 -0.82953781
v -0.07957538 -0.18047196 -0.79940772
v -0.07644290 -0.17840144 -0.79517031
v -0.10006684 -0.20923692 -0.78284907
v -0.09513771 -0.23093525 -0.76620716
v -0.08644366 -0.23198244 -0.76703560
v -0.09807035 -0.21061832 -0.77526200
v -0.06858450 -0.19134441 -0.72952360
v -0.06875563 -0.18800974 -0.73289931
v -0.06575839 -0.21907768 -0.76793754
v -0.11867042 -0.21454549 -0.78644329
v -0.10212813 -0.23201218 -0.76977062
v -0.09992032 -0.22623920 -0.76427913
v -0.13971780 -0.22371587 -0.79306579
v -0.08196752 -0.23339272 -0.86243451
v -0.08463514 -0.18966204 -0.73468357
v -0.08291076 -0.19334885 -0.74153799
v -0.07767084 -0.19623920 -0.72683048
v -0.07229893 -0.19476512 -0.72768652
v -0.13526891 -0.21996576 -0.83785528
v -0.10722168 -0.20526031 -0.82101607
v -0.13024209 -0.21214482 -0.88038099
v -0.05806351 -0.17751247 -0.80311584
v -0.05931384 -0.18314177 -0.81347048
v -0.09595928 -0.21221438 -0.76938474
v -0.12496816 -0.23389924 -0.78389573
v -0.11028676 -0.23644447 -0.76803046
v -0.10433189 -0.23288634 -0.76445246
v -0.10911217 -0.23795688 -0.77633035
v -0.10371030 -0.22746035 -0.76241344
v -0.07923964 -0.19214755 -0.72192085
v -0.07411091 -0.19069532 -0.72278172
v -0.07056976 -0.18728435 -0.72511041
v -0.07074877 -0.18443492 -0.72898126
v -0.07331092 -0.18302503 -0.73291630
v -0.08339091 -0.19177294 -0.72296989
v -0.08586064 -0.19024375 -0.72592497
v -0.08603483 -0.18689203 -0.73076540
v -0.08466727 -0.18788290 -0.71952242
v -0.08046863 -0.18717319 -0.71650445
v -0.07420456 -0.18085021 -0.71630096
v -0.07502309 -0.17763719 -0.71431911
v -0.07365771 -0.17649943 -0.71720785
v -0.07226814 -0.18186179 -0.71969670
v -0.07589772 -0.17269003 -0.71426785
v -0.07648788 -0.17437693 -0.71088380
v -0.07594923 -0.18346980 -0.71539277
v -0.07741402 -0.18020952 -0.71195745
v -0.08258250 -0.17801696 -0.70860595
v -0.07903326 -0.17659539 -0.70852017
v -0.08109580 -0.18152040 -0.71204418
v -0.07923707 -0.18426660 -0.71448851
v -0.07514349 -0.18643302 -0.71785975
v -0.08033817 -0.17342600 -0.70654804
v -0.08228265 -0.17101479 -0.70752800
v -0.07852122 -0.17051435 -0.71086901
v -0.07785717 -0.17219394 -0.70892632
v -0.07252062 -0.18059510 -0.72505546
v -0.07477773 -0.17545047 -0.72112089
v -0.07755273 -0.17170066 -0.71721506
v -0.08040847 -0.16966835 -0.71382254
v -0.08027650 -0.17130899 -0.71921384
v -0.07775994 -0.17446333 -0.72360462
v -0.08270174 -0.16997352 -0.71582276
v -0.08333762 -0.17157781 -0.71976298
v -0.08175676 -0.17444259 -0.72465569
v -0.07927773 -0.18015128 -0.73103529
v -0.07511675 -0.18016887 -0.72900456
v -0.08420036 -0.17070350 -0.71732569
v -0.08414800 -0.17041197 -0.71048445
v -0.08373430 -0.18297130 -0.71308994
v -0.08536030 -0.17849395 -0.71012926
v -0.08624282 -0.18292806 -0.71508944
v -0.08736362 -0.17804345 -0.71162546
v -0.08321372 -0.17552260 -0.70663041
v -0.08545236 -0.17460868 -0.70763636
v -0.07758500 -0.18277246 -0.73494595
v -0.08270032 -0.18471378 -0.73409146
v -0.08432314 -0.18208060 -0.73066765
v -0.08639849 -0.17609051 -0.72427660
v -0.08705634 -0.18457839 -0.72684646
v -0.08684029 -0.18646121 -0.72149682
v -0.08802005 -0.18171024 -0.71754748
v -0.08865073 -0.17939743 -0.72094578
v -0.08865948 -0.17539945 -0.71698487
v -0.08859306 -0.17701587 -0.71456420
v -0.08657070 -0.17298257 -0.71886605
v -0.08800478 -0.17343152 -0.71255100
v -0.08715537 -0.17387453 -0.71009970
v -0.08793977 -0.17327422 -0.71498919
v -0.08619867 -0.17163554 -0.71591085
v -0.08551959 -0.17086807 -0.71344614
v -0.09775462 -0.20646507 -0.74052978
v -0.09280818 -0.20626649 -0.74043465
v -0.09499159 -0.20260352 -0.73505402
v -0.10018060 -0.20306322 -0.73564559
v -0.08692920 -0.21228766 -0.73601234
v -0.08755742 -0.21752691 -0.73316586
v -0.08936398 -0.21260434 -0.72776103
v -0.08932429 -0.20729533 -0.73061752
v -0.09276862 -0.22180578 -0.73234516
v -0.09445544 -0.21674415 -0.72742444
v -0.08393609 -0.21740913 -0.75702345
v -0.08356780 -0.22352222 -0.75563520
v -0.08569138 -0.22131780 -0.74050736
v -0.08515744 -0.21547994 -0.74285913
v -0.10042031 -0.21383333 -0.75972414
v -0.10258862 -0.21785662 -0.75737816
v -0.08922096 -0.20841935 -0.73844379
v -0.09156129 -0.20403498 -0.73305625
v -0.10204672 -0.20870030 -0.73966396
v -0.10469050 -0.21227014 -0.73780894
v -0.10304520 -0.21535695 -0.74416834
v -0.10061426 -0.21118754 -0.74650741
v -0.08860344 -0.21019343 -0.75994188
v -0.09490194 -0.21137130 -0.76007569
v -0.08528674 -0.21297765 -0.75845301
v -0.09593111 -0.22868785 -0.75496030
v -0.10086817 -0.22422770 -0.75499159
v -0.10269339 -0.22037414 -0.74227715
v -0.09841171 -0.22479361 -0.74030429
v -0.08717623 -0.21134776 -0.74479353
v -0.09584673 -0.20878711 -0.74736214
v -0.09062487 -0.20869219 -0.74677491
v -0.09994582 -0.22060519 -0.73295116
v -0.09106492 -0.22572806 -0.74017978
v -0.10680579 -0.20908555 -0.73292190
v -0.10858254 -0.20394987 -0.72458375
v -0.10668417 -0.20736319 -0.72215343
v -0.10539196 -0.21267068 -0.73001468
v -0.10380131 -0.21638685 -0.73540705
v -0.10153714 -0.21603107 -0.72754705
v -0.09821053 -0.19648823 -0.72721773
v -0.10341652 -0.19743976 -0.72781634
v -0.09460029 -0.19753584 -0.72521138
v -0.08804994 -0.22932342 -0.75531000
v -0.09244864 -0.20549062 -0.72039688
v -0.09265878 -0.20057753 -0.72277516
v -0.10725260 -0.20025274 -0.72646159
v -0.10435776 -0.20566165 -0.73429424
v -0.10299235 -0.20999694 -0.72016722
v -0.09681718 -0.20993909 -0.71956271
v -0.10448644 -0.20480120 -0.71475273
v -0.09888823 -0.20444471 -0.71269006
v -0.09449963 -0.20011127 -0.71401370
v -0.09471641 -0.19616205 -0.71787018
v -0.09674358 -0.19410282 -0.72080976
v -0.10776112 -0.20299384 -0.71625417
v -0.10943995 -0.20042464 -0.71820360
v -0.10861827 -0.19711772 -0.72204947
v -0.10918346 -0.19791424 -0.71083999
v -0.10627787 -0.19866890 -0.70786613
v -0.10093377 -0.18990633 -0.70325178
v -0.10226663 -0.18651745 -0.69932395
v -0.10138221 -0.18457058 -0.70172232
v -0.09886800 -0.18859473 -0.70514846
v -0.09998453 -0.19310185 -0.70571923
v -0.09732766 -0.19405457 -0.70861244
v -0.10251474 -0.19529003 -0.70579642
v -0.10392477 -0.19263774 -0.70236838
v -0.10930000 -0.18985084 -0.69901264
v -0.10559326 -0.18880019 -0.69746411
v -0.10742790 -0.19305721 -0.70390451
v -0.10568651 -0.19569135 -0.70634949
v -0.10449455 -0.18207097 -0.69832820
v -0.10386027 -0.18399262 -0.69687766
v -0.10098732 -0.19867304 -0.70874393
v -0.09646943 -0.19195858 -0.71345079
v -0.09895755 -0.18684623 -0.70854437
v -0.10221043 -0.18289411 -0.70464468
v -0.10577629 -0.18080294 -0.70126462
v -0.10397670 -0.18179789 -0.70710421
v -0.10103211 -0.18528160 -0.71149153
v -0.10710961 -0.18077108 -0.70373064
v -0.10691991 -0.18179944 -0.70862418
v -0.10461982 -0.18471649 -0.71399236
v -0.10180520 -0.19028407 -0.71938723
v -0.09826978 -0.19060871 -0.71688408
v -0.10823495 -0.18122241 -0.70522273
v -0.10843775 -0.18282712 -0.69548237
v -0.10954135 -0.18166566 -0.69841695
v -0.10689572 -0.18540856 -0.69353563
v -0.10925061 -0.19308081 -0.70540380
v -0.11095133 -0.18911782 -0.70098668
v -0.11133417 -0.19276008 -0.70690328
v -0.11260994 -0.18851960 -0.70198613
v -0.11013671 -0.18726969 -0.69557488
v -0.11147194 -0.18590119 -0.69704604
v -0.10026016 -0.19341457 -0.72281927
v -0.10495788 -0.19456565 -0.72341108
v -0.10651325 -0.19155288 -0.72046918
v -0.10918740 -0.18622941 -0.71409839
v -0.11006299 -0.19397244 -0.71910369
v -0.11082030 -0.19629300 -0.71524310
v -0.11234049 -0.19159567 -0.70934767
v -0.11208353 -0.18920901 -0.71224004
v -0.11272026 -0.18576923 -0.70732194
v -0.11302773 -0.18742499 -0.70442045
v -0.11043875 -0.18321827 -0.70870930
v -0.11262424 -0.18410814 -0.70192605
v -0.11239617 -0.18473524 -0.69900054
v -0.11238780 -0.18381286 -0.70435911
v -0.11049958 -0.18204421 -0.70478797
v -0.11015728 -0.18155789 -0.70184511
v -0.11739957 -0.21354556 -0.74734163
v -0.11251020 -0.21422747 -0.74579465
v -0.11413241 -0.21124381 -0.74090117
v -0.11927352 -0.21021098 -0.74293637
v -0.10848122 -0.22091067 -0.74092770
v -0.10930165 -0.22528598 -0.74002624
v -0.11181341 -0.22103959 -0.73464382
v -0.11064882 -0.21748564 -0.73603833
v -0.11422417 -0.22830167 -0.74015945
v -0.11615049 -0.22351822 -0.73427045
v -0.10535979 -0.22570491 -0.75753725
v -0.10600078 -0.23128411 -0.75713718
v -0.10757548 -0.22848234 -0.74687392
v -0.10664749 -0.22336772 -0.74727499
v -0.10970904 -0.21694690 -0.74333799
v -0.11155924 -0.21398371 -0.73844904
v -0.12197050 -0.21493620 -0.74744606
v -0.12464322 -0.21788418 -0.74655974
v -0.12318254 -0.21951666 -0.75290269
v -0.12067975 -0.21670070 -0.75428230
v -0.11471410 -0.21787703 -0.76492959
v -0.10986910 -0.21845192 -0.76240540
v -0.10688980 -0.22127795 -0.75994682
v -0.11836904 -0.23210800 -0.76079768
v -0.12154218 -0.22659689 -0.76371145
v -0.12350559 -0.22458857 -0.75151312
v -0.11985400 -0.22992262 -0.74956459
v -0.10835381 -0.21896234 -0.74919987
v -0.11625294 -0.21483845 -0.75368583
v -0.11132462 -0.21589038 -0.75165492
v -0.12092901 -0.22691879 -0.74221909
v -0.11299656 -0.23153117 -0.74799353
v -0.12673147 -0.21457461 -0.74167043
v -0.12809277 -0.20990929 -0.73186606
v -0.12698856 -0.21339384 -0.72945154
v -0.12606508 -0.21896225 -0.73878813
v -0.12496510 -0.22222635 -0.74467188
v -0.12215460 -0.22268537 -0.73632449
v -0.11657311 -0.20566583 -0.73354596
v -0.12145913 -0.20510617 -0.73509455
v -0.11397441 -0.20828661 -0.73060340
v -0.11149723 -0.23457909 -0.75874984
v -0.12241048 -0.22114152 -0.76511806
v -0.11403652 -0.21435043 -0.72629273
v -0.11320569 -0.21106580 -0.72818553
v -0.12606862 -0.20687956 -0.73422831
v -0.12411044 -0.21162549 -0.74304605
v -0.12344442 -0.21653694 -0.72698677
v -0.11781727 -0.21739206 -0.72591668
v -0.12440341 -0.21251896 -0.72157842
v -0.11912891 -0.21279860 -0.72001874
v -0.11537370 -0.20987609 -0.72088522
v -0.11466809 -0.20696464 -0.72327375
v -0.11556019 -0.20468682 -0.72570080
v -0.12769765 -0.20959860 -0.72404158
v -0.12822469 -0.20680350 -0.72596639
v -0.12657213 -0.20440844 -0.72932094
v -0.12907550 -0.20645311 -0.72060621
v -0.12568012 -0.20790505 -0.71714449
v -0.11944576 -0.20129213 -0.71058965
v -0.12026789 -0.19847029 -0.70665997
v -0.11890616 -0.19710505 -0.70808077
v -0.11760369 -0.20049667 -0.71200925
v -0.11894400 -0.20428261 -0.71306264
v -0.11705862 -0.20556128 -0.71499813
v -0.12146908 -0.20610261 -0.71313471
v -0.12253713 -0.20341966 -0.70969987
v -0.12744424 -0.20057341 -0.70779943
v -0.12357540 -0.20049462 -0.70577288
v -0.12635189 -0.20324844 -0.71172202
v -0.12480138 -0.20614484 -0.71417415
v -0.12099707 -0.19512093 -0.70516294
v -0.12138969 -0.19676119 -0.70421606
v -0.12062964 -0.20856673 -0.71608251
v -0.11566049 -0.20355099 -0.71885091
v -0.11694480 -0.19893774 -0.71441710
v -0.11874034 -0.19534519 -0.71049511
v -0.12140458 -0.19328994 -0.70758700
v -0.11997648 -0.19407308 -0.71343064
v -0.11816820 -0.19729674 -0.71734738
v -0.12238412 -0.19248509 -0.71052414
v -0.12212939 -0.19338506 -0.71541470
v -0.12049868 -0.19612280 -0.72030473
v -0.11898398 -0.20046443 -0.72521877
v -0.11665774 -0.20176134 -0.72226322
v -0.12339642 -0.19255278 -0.71249717
v -0.12526408 -0.19527590 -0.70377988
v -0.12602302 -0.19334808 -0.70669752
v -0.12453554 -0.19779620 -0.70282412
v -0.12860292 -0.20342723 -0.71371979
v -0.12935397 -0.19986358 -0.70977867
v -0.13010320 -0.20230716 -0.71617401
v -0.13046393 -0.19859168 -0.71173525
v -0.12759057 -0.19866002 -0.70484620
v -0.12876436 -0.19740540 -0.70582759
v -0.11807552 -0.20316172 -0.72865683
v -0.12238152 -0.20291778 -0.73019886
v -0.12294888 -0.20043504 -0.72675735
v -0.12462804 -0.19599137 -0.72135669
v -0.12718269 -0.20167863 -0.72636521
v -0.12917528 -0.20397586 -0.72350401
v -0.13023287 -0.20032868 -0.71859092
v -0.12848184 -0.19781953 -0.72047710
v -0.12901333 -0.19509998 -0.71605510
v -0.13037032 -0.19683832 -0.71415102
v -0.12563649 -0.19344294 -0.71645766
v -0.12923096 -0.19444185 -0.71116716
v -0.12945394 -0.19584489 -0.70826066
v -0.12851971 -0.19374207 -0.71309751
v -0.12596509 -0.19278321 -0.71254838
v -0.12607814 -0.19257709 -0.71010613
v -0.11911633 -0.21924675 -0.76551884
v -0.14084062 -0.21938580 -0.76348525
v -0.13755761 -0.22058535 -0.76148707
v -0.13948938 -0.21870953 -0.75856769
v -0.14258285 -0.21761557 -0.76056379
v -0.13536325 -0.22754413 -0.75763476
v -0.13765481 -0.23106503 -0.75723737
v -0.14032140 -0.22779578 -0.75333613
v -0.13794570 -0.22463506 -0.75373679
v -0.14258510 -0.23222542 -0.75881034
v -0.14462808 -0.22877765 -0.75489491
v -0.12759405 -0.22874025 -0.77361989
v -0.12903403 -0.23338449 -0.77541935
v -0.13421959 -0.23288810 -0.76354605
v -0.13208164 -0.22889647 -0.76345158
v -0.14000994 -0.21864471 -0.77835286
v -0.14280260 -0.22194517 -0.77967089
v -0.14067616 -0.22203544 -0.78695691
v -0.13737468 -0.21854076 -0.78782403
v -0.13547349 -0.22373104 -0.75953788
v -0.13799977 -0.22130725 -0.75564557
v -0.14442220 -0.21944460 -0.76501787
v -0.14764827 -0.22119915 -0.76559043
v -0.14585748 -0.22233480 -0.76996726
v -0.14262536 -0.21996686 -0.76938617
v -0.13214840 -0.21845290 -0.77625006
v -0.13635145 -0.21760130 -0.77656114
v -0.13357660 -0.21638453 -0.78577042
v -0.12947837 -0.21740568 -0.78228962
v -0.12970054 -0.22242692 -0.77406132
v -0.14128102 -0.23197958 -0.78002381
v -0.14324364 -0.22663683 -0.78023160
v -0.14678127 -0.22670785 -0.77004427
v -0.14454141 -0.23167822 -0.76811713
v -0.13302396 -0.22456250 -0.76389825
v -0.13877019 -0.21988353 -0.76784807
v -0.13538946 -0.22095749 -0.76535803
v -0.14686000 -0.22925889 -0.76226777
v -0.13910544 -0.23477417 -0.76561636
v -0.14967230 -0.21921480 -0.76218301
v -0.15263206 -0.21635112 -0.75731617
v -0.15365869 -0.21916303 -0.75542057
v -0.15090865 -0.22265261 -0.76078820
v -0.14885935 -0.22500241 -0.76420015
v -0.14915708 -0.22633001 -0.75787592
v -0.14215811 -0.21520686 -0.75368667
v -0.14535266 -0.21411622 -0.75617296
v -0.14085227 -0.21757016 -0.75125301
v -0.13433537 -0.23627979 -0.77824366
v -0.14321941 -0.22321630 -0.74795634
v -0.14112382 -0.22019750 -0.74885249
v -0.14921448 -0.21457365 -0.75722802
v -0.14622521 -0.21767983 -0.76209766
v -0.15213242 -0.22212517 -0.75250274
v -0.14759067 -0.22420397 -0.74951643
v -0.15425196 -0.21906358 -0.74761742
v -0.14947401 -0.22136053 -0.74511802
v -0.14492282 -0.21998900 -0.74354935
v -0.14262275 -0.21755895 -0.74493802
v -0.14241184 -0.21529898 -0.74783301
v -0.15549490 -0.21630958 -0.75150943
v -0.15399218 -0.21419045 -0.75340563
v -0.15048793 -0.21301228 -0.75381231
v -0.15672070 -0.21376911 -0.74759120
v -0.15562612 -0.21617445 -0.74320889
v -0.14927387 -0.21287209 -0.73572052
v -0.15002909 -0.21063977 -0.73326260
v -0.14854208 -0.20952001 -0.73370779
v -0.14726852 -0.21231869 -0.73616374
v -0.14911230 -0.21540278 -0.73819357
v -0.14711690 -0.21630964 -0.73963362
v -0.15182501 -0.21637002 -0.73923409
v -0.15261550 -0.21402410 -0.73628700
v -0.15696214 -0.21038058 -0.73534179
v -0.15373853 -0.21183637 -0.73285997
v -0.15618864 -0.21321833 -0.73829597
v -0.15486495 -0.21540540 -0.74025434
v -0.15068954 -0.20741838 -0.73078936
v -0.15127763 -0.20930979 -0.73082620
v -0.15107223 -0.21823481 -0.74168706
v -0.14454105 -0.21470711 -0.74151677
v -0.14590678 -0.21095341 -0.73758453
v -0.14775066 -0.20748201 -0.73415345
v -0.15061282 -0.20531037 -0.73222405
v -0.14785686 -0.20635945 -0.73658162
v -0.14571236 -0.20968133 -0.74000508
v -0.15052658 -0.20453829 -0.73465335
v -0.14870538 -0.20567122 -0.73902959
v -0.14669436 -0.20850897 -0.74293721
v -0.14511591 -0.21162492 -0.74734503
v -0.14404359 -0.21303430 -0.74441445
v -0.15039894 -0.20450372 -0.73660374
v -0.15463015 -0.20679128 -0.73085445
v -0.15399805 -0.20487282 -0.73276961
v -0.15478255 -0.20962998 -0.73040777
v -0.15756884 -0.21209326 -0.74025959
v -0.15812594 -0.20887414 -0.73680788
v -0.15753920 -0.21058500 -0.74316823
v -0.15771085 -0.20709771 -0.73872906
v -0.15711299 -0.20907468 -0.73288524
v -0.15730950 -0.20712531 -0.73335057
v -0.14372662 -0.21330425 -0.75027186
v -0.14662187 -0.21243188 -0.75275552
v -0.14792332 -0.21062210 -0.74982530
v -0.14926708 -0.20773026 -0.74541616
v -0.15181464 -0.21083704 -0.75087756
v -0.15516081 -0.21200681 -0.74997950
v -0.15603402 -0.20883337 -0.74506938
v -0.15306358 -0.20757475 -0.74597329
v -0.15371484 -0.20499429 -0.74106711
v -0.15612537 -0.20583498 -0.74014705
v -0.15079901 -0.20498365 -0.74052417
v -0.15498731 -0.20442501 -0.73668844
v -0.15644330 -0.20519161 -0.73477286
v -0.15366378 -0.20416635 -0.73812503
v -0.15207089 -0.20403504 -0.73711687
v -0.15307584 -0.20402572 -0.73518229
v -0.14144419 -0.22579029 -0.78629017
v -0.06517256 -0.17808133 -0.78836322
v -0.06066398 -0.17667317 -0.79021287
v -0.07772046 -0.16631627 -0.79014593
v -0.07526650 -0.17237929 -0.78749728
v -0.07582374 -0.16070941 -0.79369611
v -0.06444045 -0.16050872 -0.79665458
v -0.07039865 -0.15921614 -0.79577166
v -0.07024983 -0.17647037 -0.78697115
v -0.05724479 -0.17253479 -0.79277813
v -0.05891969 -0.16554096 -0.79564363
v -0.05549809 -0.16659561 -0.78411895
v -0.05709301 -0.15997100 -0.78625560
v -0.06268920 -0.15456626 -0.78823948
v -0.06956415 -0.15444753 -0.78836632
v -0.07490862 -0.15713909 -0.78801471
v -0.05836396 -0.17189854 -0.78253591
v -0.06324667 -0.17443481 -0.78144109
v -0.06923649 -0.17325607 -0.78153694
v -0.05588794 -0.16698268 -0.77509797
v -0.05183631 -0.15989488 -0.77346039
v -0.05573803 -0.14651638 -0.77335048
v -0.05403611 -0.14444584 -0.76962805
v -0.05867253 -0.14400372 -0.76970869
v -0.06025654 -0.14580697 -0.77440178
v -0.05622305 -0.14886570 -0.77534485
v -0.05979612 -0.14926836 -0.77883524
v -0.05052137 -0.14974880 -0.77134395
v -0.05266070 -0.15199563 -0.77385616
v -0.05030604 -0.15548769 -0.77166247
v -0.04845902 -0.15486637 -0.76868969
v -0.04842857 -0.14714712 -0.76809531
v -0.04865296 -0.14562580 -0.76368397
v -0.05254600 -0.14337203 -0.76616740
v -0.05579557 -0.14368087 -0.76476747
v -0.05422822 -0.15430504 -0.77709097
v -0.06734104 -0.14991051 -0.78191483
v -0.06555373 -0.14676669 -0.77500224
v -0.25597867 -0.01310125 -1.36684811
v -0.25332516 -0.01273070 -1.37863481
v -0.06316289 -0.14539871 -0.76883507
v -0.05953865 -0.14599520 -0.76340413
v -0.06628634 -0.14925674 -0.76699293
v -0.07015549 -0.15038091 -0.77391684
v -0.06220919 -0.14979526 -0.76301771
v -0.06690309 -0.15361956 -0.76559919
v -0.07154945 -0.15580273 -0.77181965
v -0.07546400 -0.15996650 -0.78122747
v -0.07337642 -0.15350765 -0.78280926
v -0.06360975 -0.15261757 -0.76308244
v -0.05158207 -0.14641353 -0.76081967
v -0.05543272 -0.14946720 -0.75995672
v -0.05025282 -0.15908962 -0.76731604
v -0.04910754 -0.15633646 -0.76335055
v -0.04702859 -0.15244958 -0.76521182
v -0.05356110 -0.16318625 -0.76743388
v -0.05256364 -0.15911534 -0.76198822
v -0.04676794 -0.14975843 -0.76272863
v -0.04899838 -0.15207118 -0.76036042
v -0.07694304 -0.16298899 -0.78569114
v -0.07453893 -0.16917908 -0.78304517
v -0.07267961 -0.16624215 -0.77881974
v -0.06841946 -0.16167098 -0.77013230
v -0.06698077 -0.17017257 -0.77632546
v -0.06053867 -0.17046428 -0.77523243
v -0.05802648 -0.16543126 -0.76705968
v -0.06348488 -0.16517389 -0.76813477
v -0.06078091 -0.16020867 -0.76313335
v -0.05679259 -0.16047531 -0.76208586
v -0.06431041 -0.15744352 -0.76462638
v -0.05691934 -0.15609708 -0.76007515
v -0.05303634 -0.15440619 -0.75949121
v -0.05951229 -0.15692523 -0.76159984
v -0.06135279 -0.15475559 -0.76209289
v -0.05889126 -0.15246832 -0.76055068
v -0.13725741 -0.21859500 -0.79270566
v -0.13249712 -0.21598473 -0.79062784
v -0.13273937 -0.21544680 -0.79648459
v -0.13347949 -0.21334270 -0.80379426
v -0.13734408 -0.21580037 -0.81195700
v -0.12738886 -0.21158212 -0.80267978
v -0.12690359 -0.21383455 -0.79513276
v -0.12611891 -0.21545881 -0.78659499
v -0.12189946 -0.20905912 -0.80840230
v -0.08722077 -0.01325053 -1.33842683
v -0.07702921 -0.01341635 -1.32142258
v -0.11727966 -0.18219981 -1.21949697
v -0.11319970 -0.19581372 -1.22943389
v -0.14437324 -0.24053895 -1.25067878
v -0.16770227 -0.24652469 -1.25368392
v -0.01873804 -0.06025714 -1.04737115
v -0.21970116 -0.12345356 -1.09862363
v -0.22549987 -0.12645221 -1.11720645
v -0.25273183 -0.05345101 -1.11659527
v -0.25032279 -0.07289330 -1.11290967
v -0.10405165 -0.14698258 -1.08030379
v -0.10661261 -0.14624709 -1.09975171
v -0.04981870 -0.10077648 -1.07108998
v -0.05206373 -0.10170271 -1.09275198
v -0.07929948 -0.13608289 -1.05698609
v -0.23525074 -0.09701578 -1.06815588
v -0.22629157 -0.11468867 -1.06578851
v -0.22885373 -0.10991119 -1.08493710
v -0.23921227 -0.09284401 -1.08819342
v -0.24971908 -0.03451308 -1.11933208
v -0.24331304 -0.03427514 -1.09723544
v -0.13281283 -0.15546548 -1.12075400
v -0.15953600 -0.15748200 -1.12237954
v -0.20844746 -0.14378449 -1.12872195
v -0.22705385 -0.12981565 -1.13486040
v -0.24054167 -0.11309975 -1.14257467
v -0.25065261 -0.09503613 -1.15045166
v -0.03873789 -0.08547102 -1.11474299
v -0.03180296 -0.06638339 -1.13657022
v -0.10762147 -0.14695865 -1.11980069
v -0.01597752 -0.01963948 -1.11378396
v -0.26293486 -0.07997015 -1.18050587
v -0.26791590 -0.05765415 -1.18499386
v -0.18512158 -0.15350267 -1.12475657
v -0.04808258 -0.02778929 -1.28155613
v -0.04776298 -0.04574939 -1.28432107
v -0.03741809 -0.04491108 -1.26877248
v -0.03856780 -0.02749781 -1.26495707
v -0.03748598 -0.06211701 -1.27087486
v -0.03921671 -0.07874706 -1.27212071
v -0.04225782 -0.09397409 -1.27238953
v -0.05561832 -0.13012293 -1.26658893
v -0.05068611 -0.11952985 -1.26957166
v -0.06895550 -0.14799026 -1.25667930
v -0.06165713 -0.13954020 -1.26259983
v -0.07906424 -0.15502277 -1.24687016
v -0.09238528 -0.16052929 -1.23503256
v -0.11393864 -0.16722551 -1.23702228
v -0.10837397 -0.16504267 -1.22379589
v -0.08574068 -0.15751049 -1.22207963
v -0.07277883 -0.15240195 -1.23409724
v -0.06230475 -0.14546582 -1.24334395
v -0.02759034 -0.01494604 -1.19847429
v -0.02882100 -0.01227248 -1.22266233
v -0.09754087 -0.01321397 -1.35455000
v -0.17755242 -0.23524612 -1.02819395
v -0.08508343 -0.22017291 -0.92579144
v -0.25234237 -0.02930746 -1.38091838
v -0.25104457 -0.04940207 -1.38623500
v -0.23403114 -0.11068381 -1.40073240
v -0.21354102 -0.12698671 -1.41094887
v -0.24743918 -0.09048722 -1.39118505
v -0.25364810 -0.06979082 -1.38210654
v -0.08629268 -0.13294160 -1.13727772
v -0.26154846 -0.05275495 -1.34851158
v -0.25874931 -0.07225861 -1.37033319
v -0.25418189 -0.09428798 -1.38025403
v -0.24088788 -0.11731477 -1.38978124
v -0.21910597 -0.14103371 -1.40062428
v -0.21004543 -0.15642986 -1.39822388
v -0.21250352 -0.17628324 -1.37607932
v -0.19845498 -0.19483215 -1.36978340
v -0.18202037 -0.19898963 -1.38045883
v -0.18905085 -0.18911752 -1.38753569
v -0.20558417 -0.18635988 -1.37327993
v -0.17826723 -0.23801401 -1.28652704
v -0.19447246 -0.23835877 -1.25625467
v -0.18371591 -0.24017745 -1.26944578
v -0.20539615 -0.23074707 -1.24695492
v -0.21225724 -0.22395730 -1.24091697
v -0.21778658 -0.21453840 -1.23973191
v -0.22135283 -0.20402557 -1.24354601
v -0.21944514 -0.17870355 -1.26580167
v -0.21699750 -0.17374492 -1.27254534
v -0.22089946 -0.17811713 -1.25389552
v -0.22294277 -0.17518771 -1.24762201
v -0.23258971 -0.16117519 -1.22044885
v -0.23573481 -0.15268591 -1.20546782
v -0.24128890 -0.00768864 -1.41471958
v -0.24071643 -0.14067656 -1.19111383
v -0.27291769 -0.01818626 -1.21042788
v -0.27626908 -0.01853846 -1.23146176
v -0.25252497 -0.01645308 -1.14306450
v -0.26196855 -0.01740702 -1.16333544
v -0.23220271 -0.13889340 -0.97674835
v -0.22629243 -0.13264209 -0.99388719
v -0.23786041 -0.11408501 -0.99238479
v -0.24449360 -0.01840791 -1.00780320
v -0.23440829 -0.01727824 -1.02676511
v -0.23360664 -0.01589424 -1.07641613
v -0.23776084 -0.01571392 -1.09956360
v -0.24460998 -0.12059835 -0.97502106
v -0.23730971 -0.06326125 -1.02769208
v -0.27486819 -0.01743114 -1.26374769
v -0.27098927 -0.01663806 -1.27740169
v -0.26936105 -0.01594604 -1.29457831
v -0.23714036 -0.04064611 -1.02737975
v -0.16779092 -0.17080629 -0.99160659
v -0.14121553 -0.17275584 -0.98747432
v -0.21065757 -0.14888182 -0.99454951
v -0.19125442 -0.16197872 -0.99387759
v -0.11511908 -0.16814947 -0.98155236
v -0.04147220 -0.10337415 -0.94877160
v -0.02880749 -0.08202398 -0.94213927
v -0.01372983 -0.03833064 -0.93271488
v -0.01138699 -0.01725018 -0.92994142
v -0.09200557 -0.15783048 -0.97341061
v -0.01943533 -0.05991282 -0.93677878
v -0.07276609 -0.14259690 -0.96454167
v -0.05611745 -0.12366755 -0.95615888
v -0.23496097 -0.08392055 -1.02780855
v -0.23879151 -0.08840914 -1.00914180
v -0.11638772 0.00127282 -1.40335143
v -0.11783161 0.00141464 -1.39458704
v -0.23264718 -0.10752562 -1.00977659
v -0.27624074 -0.07639033 -1.25518715
v -0.27764204 -0.05582400 -1.25296366
v -0.27508903 -0.09656217 -1.25897396
v -0.27271599 -0.11199056 -1.28394473
v -0.27144000 -0.11508846 -1.26628518
v -0.26501393 -0.13190091 -1.27299845
v -0.11356349 0.00111597 -1.41209030
v -0.08759764 0.00246368 -1.33650994
v -0.07781777 0.00303861 -1.31910658
v -0.26643792 -0.12883304 -1.28924584
v -0.03259566 0.00435083 -1.21893489
v -0.03102183 0.00409209 -1.19516528
v -0.09796576 0.00194552 -1.35233653
v -0.03259966 0.00392632 -1.17365062
v -0.25050557 -0.15857887 -1.29626727
v -0.24989650 -0.15928686 -1.28361547
v -0.24401988 -0.16999477 -1.28719223
v -0.24510358 -0.17031953 -1.29905832
v -0.23353532 -0.18430164 -1.29349411
v -0.23907068 -0.17870948 -1.29013348
v -0.22697605 -0.18785137 -1.29590726
v -0.22604153 -0.19331181 -1.29356873
v -0.22471416 -0.20275119 -1.31459367
v -0.22937676 -0.19590133 -1.31763911
v -0.24915363 -0.15951228 -1.31070554
v -0.25684160 -0.14404795 -1.30844045
v -0.27381974 -0.05439428 -1.28514647
v -0.27221239 -0.03511975 -1.28039336
v -0.12708980 -0.17035723 -1.21738207
v -0.14788906 -0.17472982 -1.21316111
v -0.16769746 -0.17701766 -1.21182299
v -0.18550947 -0.17700791 -1.21334600
v -0.20181021 -0.17622048 -1.21730208
v -0.21623342 -0.17266485 -1.22335219
v -0.22595453 -0.17199239 -1.24009645
v -0.22895508 -0.16782993 -1.23133659
v -0.27605113 -0.02311522 -0.81167102
v -0.23482546 -0.16814664 -1.24918222
v -0.23935911 -0.16178483 -1.24109244
v -0.25373641 -0.15065596 -1.26516640
v -0.24742728 -0.15612301 -1.25250363
v -0.25722548 -0.14626873 -1.27910352
v -0.25810963 -0.14408994 -1.29381561
v -0.26507941 -0.12789600 -1.30629826
v -0.27168164 -0.11125110 -1.30230296
v -0.27027458 -0.09408264 -1.33346128
v -0.27339289 -0.09334830 -1.31562543
v -0.27597249 -0.09330959 -1.29707181
v -0.27710193 -0.09327601 -1.27742290
v -0.21544880 -0.08648610 -1.42398119
v -0.22844839 -0.06933521 -1.41813016
v -0.22204825 -0.20594585 -1.25231361
v -0.21946099 -0.21307805 -1.25153875
v -0.29529160 -0.02498801 -0.86235142
v -0.29521772 -0.02477195 -0.88554150
v -0.22116238 -0.21067819 -1.26006782
v -0.22277391 -0.20679942 -1.25821376
v -0.21573937 -0.21969455 -1.25464213
v -0.21010126 -0.22598946 -1.25999415
v -0.21377620 -0.22239825 -1.27023757
v -0.21893096 -0.21497333 -1.26346481
v -0.20148554 -0.23197958 -1.26846790
v -0.20677564 -0.22694841 -1.27799129
v -0.19348542 -0.23481643 -1.27872980
v -0.18880658 -0.23437357 -1.29094696
v -0.19515063 -0.23135418 -1.29387772
v -0.20007172 -0.23004341 -1.28665018
v -0.20573215 -0.21635711 -1.32590008
v -0.20117131 -0.22306016 -1.31531644
v -0.19744581 -0.22826001 -1.30343080
v -0.22596562 -0.19950163 -1.28792202
v -0.22425219 -0.20580614 -1.28085768
v -0.22166070 -0.21118528 -1.27279902
v -0.21751867 -0.21746972 -1.28004432
v -0.22119340 -0.21144214 -1.28897262
v -0.29141831 -0.02483159 -0.84201229
v -0.22455201 -0.20502850 -1.29704297
v -0.27718860 -0.07408340 -1.27344108
v -0.27618113 -0.05492232 -1.26883972
v -0.04022772 0.00020677 -0.82257086
v -0.04704704 -0.00064152 -0.80879325
v -0.23426113 -0.18681440 -1.30422366
v -0.05663673 -0.00176313 -0.79629195
v -0.06772252 -0.00244338 -0.78454494
v -0.24011689 -0.18013427 -1.30199862
v -0.22900540 -0.19245476 -1.30563688
v -0.22645879 -0.19874829 -1.30352378
v -0.23407373 -0.18946493 -1.31708956
v -0.23917663 -0.18161389 -1.31484973
v -0.24423064 -0.17155030 -1.31273127
v -0.27579480 -0.07354177 -1.29048073
v -0.27502885 -0.03578209 -1.26526046
v -0.28389001 -0.02310129 -0.93242824
v -0.27470306 -0.02221145 -0.95446217
v -0.01702884 0.00216349 -0.90658700
v -0.11092214 0.00142140 -1.41911709
v -0.21500874 -0.00260968 -1.46738410
v -0.11766643 0.00128416 -1.38457549
v -0.11318533 0.00166435 -1.37423217
v -0.16333424 -0.00972554 -0.77373540
v -0.10597381 0.00205889 -1.36328828
v -0.17605673 -0.01121261 -0.77277273
v -0.24415597 -0.01593816 -1.12227023
v -0.10537401 -0.17278603 -1.34430397
v -0.11535133 -0.18434033 -1.36576748
v -0.13358378 -0.19560567 -1.38115549
v -0.15833752 -0.20034975 -1.38595557
v -0.17569926 -0.19969267 -1.09701240
v -0.23875119 -0.03541740 -1.07482588
v -0.23587254 -0.03779330 -1.05161023
v -0.23766798 -0.05900881 -1.05046880
v -0.26863217 -0.03709081 -1.18637419
v -0.27818173 -0.03655376 -1.25121486
v -0.02706816 -0.10454897 -1.24233973
v -0.02270959 -0.09139364 -1.24346697
v -0.03183441 -0.09241130 -1.25789618
v -0.03623244 -0.10581568 -1.25674248
v -0.03965662 -0.12619248 -1.23914754
v -0.03290451 -0.11637155 -1.24074876
v -0.04156699 -0.11777774 -1.25509059
v -0.04750465 -0.12796366 -1.25271618
v -0.04702529 -0.13498560 -1.23584998
v -0.05434825 -0.13720322 -1.24914026
v -0.02610636 -0.11489918 -1.22544885
v -0.01974551 -0.10352346 -1.22673094
v -0.01598573 -0.09048080 -1.22806942
v -0.04096378 -0.13239190 -1.22248650
v -0.03318882 -0.12431315 -1.22448921
v -0.11160642 -0.00871649 -1.42061126
v -0.11180644 -0.01153401 -1.37701142
v -0.11562217 -0.01104678 -1.38696420
v -0.03367487 -0.01105786 -1.24304676
v -0.04925619 -0.01097000 -1.27693808
v -0.05975239 -0.01220500 -1.28925192
v -0.06818792 -0.01309924 -1.30498648
v -0.10545613 -0.01229501 -1.36609948
v -0.04065146 -0.01081562 -1.26020348
v -0.21885373 -0.18022394 -0.80151880
v -0.23965226 -0.16255146 -0.78506362
v -0.23515752 -0.17223486 -0.81318939
v -0.24948883 -0.15871072 -0.80106479
v -0.20764098 -0.18301880 -0.88411486
v -0.21564093 -0.18246087 -0.85740006
v -0.20248517 -0.18308488 -0.91185272
v -0.26410210 -0.13950977 -0.79423916
v -0.27497533 -0.11500381 -0.79288661
v -0.28189826 -0.11532367 -0.81328493
v -0.22796801 -0.16994360 -0.91068441
v -0.23241642 -0.17065766 -0.88416481
v -0.22604847 -0.17793110 -0.83238506
v -0.24311709 -0.16815346 -0.83525604
v -0.24535379 -0.16571406 -0.82012713
v -0.26983681 -0.13900203 -0.81338322
v -0.25661197 -0.15537933 -0.81555736
v -0.27157760 -0.05598051 -0.95291221
v -0.26745504 -0.08411250 -0.95297557
v -0.25827989 -0.07892129 -0.97226524
v -0.23813212 -0.14541757 -0.95741618
v -0.21426731 -0.15528291 -0.97834623
v -0.25872588 -0.15497869 -0.83439100
v -0.27368504 -0.13780588 -0.83492410
v -0.28606752 -0.11432283 -0.83629942
v -0.27809089 -0.11290679 -0.91084141
v -0.28407025 -0.11298805 -0.88727152
v -0.27118111 -0.13545370 -0.88514042
v -0.26555473 -0.13526708 -0.90993619
v -0.24438620 -0.15102494 -0.93514776
v -0.24905118 -0.15382779 -0.90988147
v -0.27006248 -0.11124077 -0.93361884
v -0.25906852 -0.13243213 -0.93443555
v -0.25164559 -0.12703501 -0.95595253
v -0.25370535 -0.15492514 -0.88361514
v -0.29563129 -0.08523011 -0.86293709
v -0.28750432 -0.11323473 -0.86145902
v -0.29631442 -0.05554938 -0.86400908
v -0.26110101 -0.10675620 -0.95438713
v -0.25256488 -0.10122105 -0.97392821
v -0.24449147 -0.09427384 -0.99199378
v -0.23596641 -0.07971864 -1.04864490
v -0.07043821 -0.10360930 -0.57942635
v -0.13589467 -0.00477539 -0.75655264
v -0.16308150 -0.00775773 -0.76296109
v -0.09972042 -0.18502387 -0.83720160
v -0.17350513 -0.19642088 -0.81822753
v -0.20127666 -0.18950391 -0.82646483
v -0.06943073 -0.02750919 -0.75806284
v -0.09145857 -0.01150910 -0.75239617
v -0.07388630 -0.16550702 -0.82937163
v -0.04490530 -0.11015087 -0.78559089
v -0.11404447 -0.00628402 -0.75323510
v -0.23777255 -0.17071193 -0.85814142
v -0.25728709 -0.15568113 -0.85732400
v -0.27379158 -0.13673258 -0.85908246
v -0.29410034 -0.08584144 -0.83850169
v -0.29471028 -0.05518106 -0.84151208
v -0.04941381 -0.02312662 -0.80401766
v -0.04502271 -0.01890543 -0.81266737
v -0.04598528 -0.01011860 -0.81012368
v -0.05434318 -0.01125324 -0.79784369
v -0.04324739 -0.10457579 -0.92806828
v -0.03199448 -0.08194842 -0.92095661
v -0.01827569 -0.03745767 -0.91154671
v -0.01637679 -0.01689201 -0.90878856
v -0.09183595 -0.16244763 -0.95491505
v -0.02336683 -0.05911020 -0.91535592
v -0.07260410 -0.14661056 -0.94530553
v -0.05652614 -0.12627015 -0.93618166
v -0.18986987 -0.04583933 -0.14676690
v -0.18603346 -0.04615595 -0.11935461
v -0.20115295 -0.04806385 -0.11966324
v -0.20494454 -0.04564786 -0.14802265
v -0.23189951 -0.06554424 -0.15172815
v -0.22467056 -0.05301369 -0.14946854
v -0.23297329 -0.08083998 -0.15195727
v -0.23107016 -0.07735035 -0.12159932
v -0.22382787 -0.08767122 -0.12160504
v -0.22677623 -0.09338062 -0.15103638
v -0.21692169 -0.10059818 -0.14997423
v -0.18490246 -0.10080751 -0.12203372
v -0.18558757 -0.10711466 -0.14850116
v -0.20462085 -0.10550094 -0.14981139
v -0.20280969 -0.10021909 -0.12138379
v -0.16631693 -0.09929185 -0.14510429
v -0.16600117 -0.09359603 -0.12158191
v -0.15613392 -0.08361953 -0.14372313
v -0.17412731 -0.05038363 -0.14555824
v -0.16946654 -0.04823983 -0.11907339
v -0.23008898 -0.06374833 -0.12139499
v -0.22135738 -0.05420087 -0.12110126
v -0.21528848 -0.04682092 -0.14823198
v -0.21138901 -0.05077476 -0.11989152
v -0.19614261 -0.04758944 -0.09319472
v -0.18212883 -0.03782861 -0.09279943
v -0.22877604 -0.06280132 -0.09303594
v -0.21724510 -0.05643488 -0.09273338
v -0.22042491 -0.08419622 -0.09414887
v -0.23071241 -0.07532456 -0.09324324
v -0.20010018 -0.10052174 -0.09594548
v -0.21374506 -0.09482610 -0.12151432
v -0.21021435 -0.09255385 -0.09504902
v -0.18335916 -0.09956001 -0.09659612
v -0.16167997 -0.09054402 -0.09802091
v -0.16347991 -0.04241835 -0.09544349
v -0.20650689 -0.05329964 -0.09346652
v 0.00394931 -0.06270790 -0.04669142
v 0.00387365 -0.06731129 -0.04675579
v 0.00552933 -0.06886378 -0.04283965
v 0.00575165 -0.06202178 -0.04176533
v 0.00617051 -0.01774920 -0.04701185
v 0.00938059 -0.02552423 -0.04998803
v 0.00959554 -0.02848952 -0.04123509
v 0.00584956 -0.01770207 -0.03725123
v 0.00972381 -0.05254915 -0.03765512
v 0.00928572 -0.04768541 -0.03759682
v 0.01200742 -0.04574024 -0.04142582
v 0.01260772 -0.05355033 -0.04249799
v -0.02248973 -0.10022885 -0.03988552
v -0.02180242 -0.09582730 -0.03883588
v -0.02031789 -0.09490088 -0.04367852
v -0.02175410 -0.10072950 -0.04378510
v -0.00744177 -0.08400910 -0.03742945
v -0.00658178 -0.07994823 -0.03735781
v -0.00452395 -0.07879807 -0.04121006
v -0.00588897 -0.08541705 -0.04132605
v -0.01363517 -0.03264514 -0.05051553
v 0.00010139 -0.02958177 -0.05217016
v -0.00398952 -0.01790217 -0.04720390
v -0.01893439 -0.01893624 -0.04945052
v -0.00710368 -0.01270077 -0.03742492
v -0.00720458 -0.02082317 -0.03265476
v -0.02124567 -0.02229752 -0.02903092
v -0.02303250 -0.01434426 -0.03676844
v -0.00281152 -0.03263681 -0.03371084
v -0.01550987 -0.03497884 -0.03202689
v -0.01163912 -0.04041498 -0.04179502
v 0.00253135 -0.03923170 -0.04444385
v -0.00737622 -0.05873293 -0.04391885
v 0.00506900 -0.05945516 -0.04369617
v 0.00422214 -0.05284267 -0.04948127
v -0.00872521 -0.05313453 -0.05070376
v 0.00384310 -0.04476757 -0.04840136
v -0.00899138 -0.04223006 -0.04958308
v -0.00891724 -0.03976492 -0.03978193
v 0.00421458 -0.03951376 -0.04148638
v 0.00259398 -0.04594923 -0.03574491
v -0.01046827 -0.04561191 -0.03403127
v -0.00949155 -0.05466373 -0.03609002
v 0.00293905 -0.05500798 -0.03683901
v -0.00225084 -0.06191576 -0.04679644
v -0.01246546 -0.06103159 -0.04892850
v -0.01284654 -0.07133904 -0.05102968
v -0.00190739 -0.06959567 -0.04787159
v -0.01220086 -0.06426474 -0.03529525
v -0.01128423 -0.05839429 -0.04008090
v -0.00153117 -0.05802125 -0.03891695
v -0.00168727 -0.06373907 -0.03606820
v -0.00111981 -0.07118438 -0.03713596
v -0.01195370 -0.07338201 -0.03736842
v -0.01102582 -0.07651584 -0.04520679
v -0.00032806 -0.07459870 -0.04302752
v -0.01236142 -0.08689735 -0.04830348
v -0.02253994 -0.08913564 -0.05047750
v -0.02167441 -0.09323365 -0.04465771
v -0.01206988 -0.09006625 -0.04248178
v -0.02046614 -0.08085959 -0.05032563
v -0.01187125 -0.08030713 -0.04722762
v -0.01981536 -0.08157594 -0.03665078
v -0.01817057 -0.07791534 -0.04340625
v -0.01127326 -0.07577597 -0.04227149
v -0.01196723 -0.07910612 -0.03549373
v -0.01233144 -0.08709467 -0.03658640
v -0.02161859 -0.09013415 -0.03680146
v -0.02787726 -0.10509019 -0.04298258
v -0.02773282 -0.10267893 -0.04880655
v -0.03632694 -0.10503180 -0.04997587
v -0.03774567 -0.10733534 -0.04222107
v -0.03306571 -0.09769113 -0.04981458
v -0.02661646 -0.09602097 -0.04869461
v -0.03277680 -0.09689618 -0.03710246
v -0.03113791 -0.09567607 -0.04486799
v -0.02627373 -0.09273848 -0.04376030
v -0.02682856 -0.09489167 -0.03696382
v -0.02760136 -0.10242657 -0.03805792
v -0.03596025 -0.10373957 -0.03725553
v -0.03338597 -0.02179547 -0.04975963
v -0.02657732 -0.03908469 -0.04889214
v 0.00209033 -0.02152142 -0.03444386
v -0.03721394 -0.01769645 -0.03610265
v 0.00440641 -0.02796716 -0.03546524
v -0.02699563 -0.04125711 -0.03037417
v -0.03526649 -0.02607197 -0.02836800
v -0.01803675 -0.04058299 -0.03996360
v 0.01079667 -0.05141798 -0.04738569
v -0.01690860 -0.05833568 -0.04116178
v -0.02472043 -0.06064204 -0.03254986
v 0.01034856 -0.04665864 -0.04635239
v -0.02499907 -0.05753621 -0.05106807
v -0.03004565 -0.07657074 -0.05044603
v 0.00407664 -0.06470045 -0.03792679
v 0.00445355 -0.06866944 -0.03895068
v -0.02788749 -0.07969935 -0.03384614
v -0.02017561 -0.07857395 -0.04442930
v -0.00696337 -0.08465888 -0.04621875
v -0.03099989 -0.09584755 -0.04486775
v -0.03608544 -0.09551160 -0.03421557
v -0.00671683 -0.08059176 -0.04615855
v -0.03835412 -0.09434256 -0.05182087
v -0.02335201 -0.09888850 -0.04574299
v -0.04576598 -0.10643123 -0.03454566
v -0.04924576 -0.11119778 -0.04151213
v -0.02226459 -0.09577628 -0.04665673
v -0.04696202 -0.10739546 -0.05020690
v -0.16199981 -0.05730160 -0.14347291
v -0.15779869 -0.05514903 -0.11992645
v -0.15622562 -0.06839769 -0.14351678
v -0.15501785 -0.07877124 -0.12019742
v -0.15338993 -0.06541765 -0.11998451
v -0.14950575 -0.05076764 -0.09822631
v -0.14896858 -0.07612332 -0.09856284
v -0.14534457 -0.06259819 -0.10026348
v -0.19916221 -0.10299775 -0.07642972
v -0.18232140 -0.10331411 -0.07709587
v -0.20999388 -0.09386846 -0.07553065
v -0.23082623 -0.07790647 -0.07277203
v -0.22097647 -0.08680585 -0.07466280
v -0.13839987 -0.04644760 -0.08233392
v -0.15610652 -0.04018765 -0.07769632
v -0.13120261 -0.05897861 -0.08627725
v -0.13633777 -0.07622465 -0.08465564
v -0.05090180 -0.02082316 -0.05202699
v -0.07112911 -0.02531149 -0.05051303
v -0.06705430 -0.03824086 -0.06135631
v -0.04651373 -0.03873903 -0.05609632
v -0.06699093 -0.05710032 -0.06258953
v -0.04616173 -0.05715138 -0.05536485
v -0.07096934 -0.07503181 -0.05900264
v -0.05007905 -0.07533006 -0.05373323
v -0.07644191 -0.09202480 -0.05543077
v -0.05640672 -0.09306989 -0.05311739
v -0.08216536 -0.10709467 -0.04793084
v -0.06235578 -0.10817505 -0.04952860
v -0.08379208 -0.11636553 -0.03832197
v -0.06405861 -0.11592054 -0.03990030
v -0.05445384 -0.01724742 -0.03446555
v -0.07459880 -0.02311493 -0.03394556
v -0.05313054 -0.02886611 -0.02385688
v -0.07294421 -0.03407968 -0.02136862
v -0.05066566 -0.04580940 -0.02501905
v -0.07125120 -0.05015380 -0.02155674
v -0.08064773 -0.11303521 -0.02649844
v -0.06083356 -0.11054891 -0.02902389
v -0.05115493 -0.06465714 -0.02626252
v -0.07227708 -0.06827202 -0.02377689
v -0.05364570 -0.08259280 -0.02655423
v -0.07469279 -0.08568000 -0.02405989
v -0.05716230 -0.09798510 -0.02683032
v -0.07787379 -0.10093118 -0.02335131
v -0.09106524 -0.03842954 -0.06473744
v -0.08967933 -0.05707034 -0.07180262
v -0.23350561 -0.00589439 -1.42883253
v -0.25914854 -0.01345212 -1.35385013
v -0.09480770 -0.07491361 -0.06628275
v -0.10121500 -0.09157702 -0.05881739
v -0.10645332 -0.10553487 -0.04836345
v -0.10700203 -0.11576249 -0.03777087
v -0.13085459 -0.09582128 -0.06528902
v -0.13306421 -0.10519875 -0.04592633
v -0.13070640 -0.11265282 -0.03524148
v -0.15910576 -0.10645476 -0.04447699
v -0.15524754 -0.11110069 -0.03177249
v -0.28484756 -0.02387655 -0.82527411
v -0.26727524 -0.01513726 -1.31062698
v -0.20040482 -0.10509226 -0.03839386
v -0.29099637 -0.02417134 -0.90938127
v -0.07020320 0.00376390 -1.30140603
v -0.06164975 0.00407656 -1.28589082
v -0.04995968 0.00441930 -1.27408576
v -0.04268917 0.00449454 -1.25772798
v -0.01164365 0.00456639 -0.99093002
v -0.01368392 0.00443270 -1.00488663
v -0.23128223 -0.01638792 -1.05233049
v -0.01007828 0.00361475 -0.94818723
v -0.01107547 0.00488569 -1.02094567
v -0.26832390 -0.01784404 -1.18708181
v -0.03666219 0.00438631 -1.23967171
v -0.01237494 0.00286666 -0.92797577
v -0.27885190 -0.01831454 -1.25058138
v -0.00963248 0.00495191 -1.04447842
v -0.03475109 0.00043978 -0.84004426
v -0.01797889 0.00487057 -1.11153316
v -0.11704108 0.02221965 -1.42273152
v -0.12288322 0.03367766 -1.42659044
v -0.12375714 0.03473543 -1.41902363
v -0.11838146 0.02295025 -1.41566610
v -0.17433754 0.05672904 -1.43981075
v -0.17039460 0.05583556 -1.44829452
v -0.18423057 0.05140971 -1.45398498
v -0.18883279 0.05358805 -1.44512963
v -0.19593352 0.04396511 -1.45772362
v -0.20114586 0.04663164 -1.44814050
v -0.20999379 0.03576183 -1.44894278
v -0.20463808 0.03426223 -1.46021628
v -0.21041936 0.02268691 -1.46097088
v -0.21538168 0.02402638 -1.44871557
v -0.13154070 0.04499903 -1.43123639
v -0.14331989 0.05335525 -1.43695772
v -0.14336197 0.05318470 -1.42804933
v -0.13206103 0.04510791 -1.42367589
v -0.15681221 0.05672039 -1.44314563
v -0.15853010 0.05741076 -1.43425679
v -0.21854386 0.01057360 -1.45091176
v -0.21333063 0.00943963 -1.46438026
v -0.12031246 0.02533413 -1.39870107
v -0.11813659 0.01308338 -1.39650846
v -0.11719523 0.01256705 -1.40528738
v -0.11965637 0.02452885 -1.40724516
v -0.14100364 0.05360105 -1.39870143
v -0.15536907 0.06661501 -1.40587234
v -0.15243381 0.07267237 -1.39816594
v -0.13744764 0.05872698 -1.39044678
v -0.12070161 0.06964465 -1.36733961
v -0.13776097 0.09145012 -1.37645495
v -0.11776449 0.08967572 -1.35425389
v -0.10853577 0.07150636 -1.34932470
v -0.10240856 0.08893294 -1.33536053
v -0.09560441 0.07246190 -1.33179629
v -0.06555057 0.08741402 -1.28430569
v -0.06087034 0.07133782 -1.28362930
v -0.07170977 0.07195950 -1.29940319
v -0.07719365 0.08814946 -1.30026102
v -0.03847196 0.10301960 -1.19035089
v -0.03144953 0.08997234 -1.19473171
v -0.03025799 0.09786282 -1.21013570
v -0.03553936 0.10974321 -1.20787466
v -0.10868755 0.14750171 -1.30269337
v -0.11726170 0.14829114 -1.32060480
v -0.11933560 0.15531299 -1.30815697
v -0.11285637 0.15433726 -1.29042447
v -0.18650101 0.10710979 -1.41261470
v -0.16289927 0.10152963 -1.39882159
v -0.16746387 0.08964571 -1.40309787
v -0.18815003 0.09473750 -1.41562247
v -0.09111190 0.14966646 -1.21740103
v -0.08223644 0.14530590 -1.20621645
v -0.07286914 0.14209241 -1.21569872
v -0.08022750 0.14523965 -1.22678006
v -0.08991624 0.11759611 -1.11414421
v -0.07204927 0.10417610 -1.11338341
v -0.07315953 0.10388303 -1.13330650
v -0.08992954 0.11666454 -1.13393354
v -0.15823515 0.14494896 -1.15282953
v -0.18446639 0.14318633 -1.15145159
v -0.18488535 0.14077333 -1.13720965
v -0.15887763 0.14299101 -1.13730359
v -0.07692166 0.11530184 -1.28244317
v -0.07135942 0.10214912 -1.28383136
v -0.08283774 0.10314721 -1.30000889
v -0.08792925 0.11659128 -1.29894364
v -0.15965381 0.19527435 -1.16877043
v -0.15868533 0.18030509 -1.16035056
v -0.15570363 0.17520431 -1.18319273
v -0.15655966 0.19018871 -1.19203758
v -0.14846572 0.14405546 -1.04456103
v -0.17363514 0.14135212 -1.04885268
v -0.17195018 0.14314103 -1.03182817
v -0.14636502 0.14526159 -1.02692640
v -0.15006678 0.18383768 -1.34148490
v -0.16864541 0.19263798 -1.35611665
v -0.16881472 0.19839925 -1.33663106
v -0.15129146 0.18816209 -1.32255745
v -0.09476876 0.14494777 -1.27117670
v -0.10158943 0.14610890 -1.28645051
v -0.10766450 0.15303808 -1.27586401
v -0.10210809 0.15155101 -1.26337063
v -0.19037163 0.15278202 -1.17840958
v -0.16728981 0.15487790 -1.18008590
v -0.17288108 0.15798980 -1.19546843
v -0.19428389 0.15653342 -1.19362986
v -0.16220912 0.15124217 -1.16575778
v -0.18712625 0.14898166 -1.16411805
v -0.08859175 0.13673931 -1.27648568
v -0.08278127 0.12676063 -1.28003085
v -0.09297930 0.12800536 -1.29695928
v -0.09712502 0.13764930 -1.29391408
v -0.04648441 0.09544270 -1.17558885
v -0.03722823 0.08027916 -1.18099451
v -0.12111314 0.14096960 -1.02138591
v -0.09824719 0.13155767 -1.01571596
v -0.10044116 0.13145939 -1.03443587
v -0.12330756 0.14074147 -1.03949726
v -0.06154948 0.08785589 -1.15143692
v -0.05634723 0.08945780 -1.16437995
v -0.06672738 0.10364598 -1.16279292
v -0.07387583 0.10199858 -1.15043628
v -0.07815267 0.11798048 -1.01064301
v -0.05944659 0.10189427 -1.00611854
v -0.06225190 0.10158328 -1.02705026
v -0.08055426 0.11762707 -1.03010273
v -0.08909603 0.08863094 -1.31744540
v -0.08321483 0.07252347 -1.31535828
v -0.05580124 0.12450283 -1.18983173
v -0.04665107 0.11465305 -1.18924606
v -0.04336953 0.12024457 -1.20687032
v -0.05252523 0.12861320 -1.20665240
v -0.12076854 0.15907878 -1.27469110
v -0.12587537 0.16003165 -1.29042208
v -0.13849701 0.16010261 -1.26803911
v -0.13388936 0.16139930 -1.25972140
v -0.17132118 0.14558372 -1.01591325
v -0.14561133 0.14709389 -1.01028490
v -0.07637868 0.11852418 -0.99131441
v -0.05787229 0.10234433 -0.98557425
v -0.19297403 0.14691582 -1.25150919
v -0.19508530 0.13669452 -1.25332117
v -0.20928793 0.13574702 -1.25012040
v -0.20769760 0.14628822 -1.24822223
v -0.02535165 0.05818640 -1.21287537
v -0.02550158 0.07341839 -1.22173405
v -0.02634258 0.07909136 -1.20506990
v -0.02934754 0.06620482 -1.19306409
v -0.06533764 0.12015574 -1.17468786
v -0.07736409 0.11636408 -1.16324508
v -0.05586819 0.10880239 -1.17411673
v -0.02908972 0.04180422 -1.20370829
v -0.03624077 0.05107311 -1.17887282
v -0.07835776 0.05523532 -1.31193316
v -0.06709234 0.05494355 -1.29748952
v -0.08939844 0.05470603 -1.32780290
v -0.08382685 0.03689577 -1.32403588
v -0.09378739 0.03502889 -1.34039211
v -0.10011825 0.05280384 -1.34435689
v -0.10266907 0.03270466 -1.35652065
v -0.10971217 0.05032957 -1.36098921
v -0.12897967 0.03950499 -1.39299285
v -0.12541053 0.04275921 -1.38445842
v -0.11652519 0.15809846 -1.26320350
v -0.11197145 0.15630123 -1.25284278
v -0.09689395 0.13256550 -0.99736553
v -0.27919096 0.10490177 -1.34003294
v -0.28398490 0.09972364 -1.32221758
v -0.27870232 0.11848951 -1.32424283
v -0.27302596 0.12324855 -1.34137595
v -0.18532425 0.11898842 -1.41291869
v -0.16047396 0.11652627 -1.39930367
v -0.25657555 0.14665359 -1.25691307
v -0.25339592 0.14698896 -1.26108348
v -0.25729609 0.14709893 -1.26893818
v -0.26159322 0.14521006 -1.26630044
v -0.23808680 0.13705572 -1.25843823
v -0.23140800 0.13587451 -1.25289726
v -0.23378573 0.13436174 -1.24673653
v -0.24062547 0.13650122 -1.25159597
v -0.19585158 0.13503551 -1.03617001
v -0.19715038 0.13205257 -1.05295944
v -0.24934325 0.11431887 -1.16312993
v -0.23010013 0.12724838 -1.15636766
v -0.23086193 0.13482913 -1.17080534
v -0.24852803 0.12364542 -1.17842984
v -0.27169389 0.00313111 -1.31277931
v -0.27422848 0.00185479 -1.29671490
v -0.28015518 0.02098694 -1.30092835
v -0.27793065 0.02178446 -1.31773758
v -0.28116199 0.06596375 -1.34865904
v -0.27638954 0.06830156 -1.36489606
v -0.27532217 0.04513436 -1.35707474
v -0.27976638 0.04345043 -1.34179926
v -0.28400952 0.08407711 -1.33662331
v -0.28800878 0.07958206 -1.31869221
v -0.21315518 0.15216845 -1.19611752
v -0.21153387 0.14808464 -1.18057835
v -0.20278232 0.15812171 -1.22666645
v -0.21876821 0.15608093 -1.22751188
v -0.21745646 0.15597561 -1.21900451
v -0.20075557 0.15857011 -1.21807706
v -0.19026446 0.08840109 -1.41941082
v -0.21075760 0.08483596 -1.42411518
v -0.21087307 0.09520265 -1.42043543
v -0.24919087 0.04593123 -1.40449023
v -0.25420284 0.04516711 -1.39873481
v -0.25048470 0.05950724 -1.40384054
v -0.24565011 0.05650099 -1.40830815
v -0.28422493 0.02202383 -1.23044562
v -0.28026319 0.00114113 -1.23050439
v -0.27693307 0.00161455 -1.20895040
v -0.28070235 0.02415376 -1.20755303
v -0.24135360 0.14913592 -1.24739313
v -0.24254359 0.15092519 -1.24188221
v -0.23227453 0.15289286 -1.23687196
v -0.23192674 0.14955658 -1.24237394
v -0.23146737 0.15291262 -1.22205496
v -0.23174523 0.15371996 -1.23022819
v -0.24293660 0.15044490 -1.23536515
v -0.24384499 0.14855233 -1.22738147
v -0.24676467 0.13317093 -1.19297671
v -0.23032726 0.14180014 -1.18602061
v -0.23010716 0.14677951 -1.20108581
v -0.24505717 0.13926074 -1.20769382
v -0.25983000 0.00148300 -1.14039218
v -0.26402420 0.02029164 -1.13777196
v -0.26941854 0.02117681 -1.16032255
v -0.26655027 0.00129131 -1.16231096
v -0.17094147 0.13877419 -1.25591636
v -0.15599237 0.14520615 -1.26106918
v -0.15982503 0.14140645 -1.24882877
v -0.17559645 0.13611358 -1.24258852
v -0.25894177 0.16075021 -1.25401783
v -0.25846320 0.15660197 -1.26242781
v -0.25670141 0.15155056 -1.25729096
v -0.25815180 0.15648034 -1.24978876
v -0.19382304 0.13211101 -1.21901119
v -0.17889845 0.13500348 -1.22568154
v -0.18187964 0.13694912 -1.20556819
v -0.19729400 0.13304189 -1.19974482
v -0.21388245 0.12880531 -1.41319609
v -0.18436569 0.12999523 -1.41372693
v -0.21262139 0.11840580 -1.41575623
v -0.22041714 0.12869200 -1.21509910
v -0.23197809 0.13038266 -1.21791673
v -0.22792402 0.13005883 -1.23225033
v -0.21636409 0.13034338 -1.23059595
v -0.16645209 0.20484415 -1.20032322
v -0.16893302 0.20986223 -1.17704558
v -0.21397993 0.13568902 -1.17731428
v -0.22728704 0.13830310 -1.17819870
v -0.22424835 0.13094106 -1.19600463
v -0.21125069 0.13014221 -1.19546747
v -0.24619266 0.10596602 -1.14816988
v -0.22877568 0.12094603 -1.14208519
v -0.23085293 0.10479859 -1.04175425
v -0.21571869 0.12176152 -1.03928638
v -0.21698323 0.11756602 -1.05694628
v -0.23208755 0.10079974 -1.06026542
v -0.19525096 0.13697812 -1.01965201
v -0.22888316 0.10697501 -1.02423084
v -0.21405640 0.12379792 -1.02262521
v -0.20396663 0.06764154 -1.43203616
v -0.21803918 0.05492552 -1.43308342
v -0.22300865 0.06310748 -1.42671645
v -0.20946638 0.07513211 -1.42825222
v -0.20518030 0.16212422 -0.90986973
v -0.21197100 0.15885374 -0.88196391
v -0.18346111 0.16764817 -0.88009012
v -0.17621580 0.16909766 -0.90605915
v -0.23912653 0.03105813 -1.41793382
v -0.23178402 0.04805379 -1.42305779
v -0.22654527 0.04039206 -1.42990077
v -0.23248503 0.02298077 -1.42561090
v -0.17338644 0.16620836 -0.93046093
v -0.20174037 0.16065824 -0.93594968
v -0.18889152 0.07943714 -1.42329204
v -0.18378329 0.06750160 -1.42738819
v -0.17073405 0.07336944 -1.41485655
v -0.16732919 0.06557271 -1.41905010
v -0.15205015 0.05914012 -1.41201627
v -0.15610039 0.17040095 -0.87368155
v -0.15060511 0.16775945 -0.89876258
v -0.20821154 0.05009777 -1.43992400
v -0.21736972 0.03792639 -1.43928492
v -0.22428884 0.02302735 -1.43717647
v -0.22742277 0.00833834 -1.43829036
v -0.19636759 0.14134219 -1.00325513
v -0.17167413 0.14915538 -0.99926865
v -0.27614874 0.09676816 -0.77487618
v -0.28113389 0.06913571 -0.77241731
v -0.26941246 0.06720033 -0.75806391
v -0.26522410 0.09995344 -0.75900280
v -0.27514103 0.00300638 -0.78737009
v -0.25762165 0.00060761 -0.77267051
v -0.26606768 0.03307790 -0.76286256
v -0.28051543 0.03727575 -0.77674770
v -0.29735804 0.03981344 -0.90935791
v -0.28886145 0.04150990 -0.93114960
v -0.28701925 0.01158565 -0.93176842
v -0.29475975 0.00955285 -0.90947890
v -0.23121499 0.11153509 -1.00773191
v -0.21551381 0.12825689 -1.00647736
v -0.14519149 0.14987975 -0.99388087
v -0.18579003 0.17513081 -0.74281818
v -0.18452731 0.16981387 -0.70868599
v -0.14535311 0.17219016 -0.70499164
v -0.14410272 0.17627320 -0.74007028
v -0.23885825 0.12621763 -0.71127391
v -0.24564083 0.12962750 -0.74016398
v -0.25634477 0.09676286 -0.73788345
v -0.24873234 0.09316723 -0.71288687
v -0.04083622 0.08506642 -0.98109734
v -0.05829062 0.10262430 -0.96580195
v -0.04152199 0.08469796 -0.96036232
v -0.01178834 0.02771841 -0.97108412
v -0.01781599 0.04901558 -0.97383547
v -0.01837087 0.04635189 -0.95239687
v -0.01262702 0.02553778 -0.94988841
v -0.04006154 0.02779401 -0.84147859
v -0.03630350 0.01307337 -0.84063303
v -0.03140080 0.01583119 -0.86223316
v -0.03582381 0.03344079 -0.86427248
v -0.12459445 0.16338119 -0.89052355
v -0.10193062 0.14976621 -0.88344985
v -0.10022284 0.14611137 -0.90348834
v -0.12239205 0.15892714 -0.91178441
v -0.23640656 -0.00056115 -0.76130319
v -0.24655929 0.02960229 -0.75082624
v -0.10615225 0.16294149 -0.70292056
v -0.10516426 0.16381401 -0.73804802
v -0.07511978 0.14118695 -0.70068485
v -0.05921846 0.10990296 -0.70228022
v -0.05941173 0.11135295 -0.73302710
v -0.07603287 0.14174902 -0.73438710
v -0.07052068 0.02885132 -0.77904224
v -0.09171069 0.00984914 -0.76529312
v -0.08891061 0.00904439 -0.76989067
v -0.06581519 0.02351204 -0.78806090
v -0.28700745 0.00472582 -0.80270576
v -0.29088557 0.03783773 -0.79426855
v -0.29922837 0.03689729 -0.81445777
v -0.29491246 0.00519006 -0.82042599
v -0.23845065 0.08810387 -1.02515590
v -0.24234399 0.09214746 -1.00796080
v -0.24423744 0.06871095 -1.02577329
v -0.24025223 0.08645161 -1.04425597
v -0.24518342 0.06659397 -1.04571831
v -0.26877040 0.06805734 -1.16729939
v -0.25944915 0.08820115 -1.15665650
v -0.26383919 0.09688123 -1.17242873
v -0.27363408 0.07709156 -1.18551707
v -0.28556544 0.04041118 -1.30776799
v -0.28310895 0.04151379 -1.32528591
v -0.24802095 0.05751979 -0.72019708
v -0.23148014 0.02043547 -0.73699725
v -0.23047601 0.02720319 -0.69782174
v -0.24198055 0.06077346 -0.69025326
v -0.21370456 0.14772207 -0.67974675
v -0.21733207 0.15451404 -0.71146142
v -0.23267156 0.12398007 -0.68237901
v -0.18178909 0.16476920 -0.67598748
v -0.14287797 0.16896054 -0.67227322
v -0.07499261 0.13764146 -0.66947949
v -0.06028956 0.10558736 -0.67208445
v -0.08659449 0.01972700 -0.70646602
v -0.07016320 0.04336613 -0.70534754
v -0.07536420 0.04164326 -0.67958820
v -0.09417769 0.01777337 -0.68319589
v -0.05578714 0.06692244 -0.84099346
v -0.06880230 0.10073639 -0.86030662
v -0.06899226 0.10474651 -0.83803749
v -0.05916420 0.07653898 -0.81943977
v -0.01281926 0.03312616 -0.99300313
v -0.01808968 0.05020687 -0.99628621
v -0.02708557 0.06694798 -0.97718167
v -0.02729537 0.06737602 -0.99939752
v -0.04170015 0.08505649 -1.00235486
v -0.02302510 0.05100516 -1.09085417
v -0.03533572 0.07135306 -1.09092820
v -0.03175264 0.06951012 -1.06854653
v -0.01967185 0.04956483 -1.06798303
v -0.02806698 0.05230267 -1.11449134
v -0.03954972 0.07290437 -1.11418021
v -0.04192079 0.05047765 -1.15878356
v -0.04594714 0.07223879 -1.16869354
v -0.05079667 0.07046660 -1.15422034
v -0.07396162 0.03753341 -1.30812550
v -0.06376146 0.03751452 -1.29375911
v -0.12795199 0.16832137 -0.86732435
v -0.20012830 -0.00402565 -0.73088610
v -0.16819245 -0.01050398 -0.72207671
v -0.17621395 -0.00840808 -0.69582957
v -0.20659736 0.00227330 -0.69918114
v -0.14724067 0.16428214 -0.92120922
v -0.11980495 0.14235267 -1.00400782
v -0.11979968 0.14436010 -0.98713386
v -0.13222575 0.13816577 -1.13821435
v -0.12643632 0.14026320 -1.15748751
v -0.02853028 0.08712192 -1.22691369
v -0.02697913 0.08827996 -1.21456969
v -0.22146463 0.15907168 -0.74468100
v -0.07855493 0.12730095 -0.61011440
v -0.06686685 0.09595123 -0.61227775
v -0.06300525 0.10173135 -0.64142478
v -0.07636406 0.13336599 -0.63977706
v -0.12618405 0.00392799 -0.65907985
v -0.10234964 0.01751914 -0.65649539
v -0.11063900 0.01858537 -0.62831414
v -0.13464199 0.00760870 -0.63037771
v -0.14070381 0.01173419 -0.60162467
v -0.11599053 0.02050113 -0.59908980
v -0.12301387 0.02043985 -0.57090032
v -0.14680043 0.01342238 -0.57437056
v -0.10516289 0.15870318 -0.66877878
v -0.13864350 0.15649441 -0.61230320
v -0.10506829 0.14869651 -0.60982913
v -0.10466295 0.15384859 -0.63807267
v -0.14080687 0.16203472 -0.64107776
v -0.24209175 0.09416314 -0.68442756
v -0.11778278 0.00163636 -0.68581086
v -0.10865053 0.00250696 -0.70809025
v -0.18538658 0.00672059 -0.63280302
v -0.20978701 0.01860686 -0.63260823
v -0.20875284 0.01038777 -0.66444099
v -0.18129775 -0.00149840 -0.66409039
v -0.22304827 0.12246255 -0.62606502
v -0.20302008 0.14260513 -0.62199724
v -0.20712394 0.14599860 -0.64986086
v -0.22714648 0.12364436 -0.65347046
v -0.17327173 0.15368524 -0.61738342
v -0.17674799 0.15897942 -0.64569759
v -0.13452902 0.14639273 -0.55620950
v -0.10464828 0.13629639 -0.55334759
v -0.10498234 0.14285305 -0.58158582
v -0.13672516 0.15106049 -0.58402002
v -0.16781911 0.14554802 -0.56172621
v -0.17059018 0.14955130 -0.58955657
v -0.19952184 0.14002696 -0.59511042
v -0.19530132 0.13737941 -0.56723446
v -0.21436426 0.11966393 -0.57222760
v -0.21951607 0.12086802 -0.59916413
v -0.23146223 0.09732103 -0.60117418
v -0.22654101 0.09831996 -0.57567680
v -0.23324844 0.07199456 -0.60350698
v -0.22569439 0.04675317 -0.60419917
v -0.22301936 0.05250915 -0.57819045
v -0.22884786 0.07594412 -0.57749069
v -0.19254808 0.01848890 -0.57710946
v -0.21128494 0.03201329 -0.57776302
v -0.21064073 0.02591732 -0.60420269
v -0.18876001 0.01382988 -0.60395902
v -0.20519954 0.03672541 -0.47650605
v -0.21152982 0.05425484 -0.47784966
v -0.21156082 0.04897542 -0.50331420
v -0.20328012 0.03088549 -0.50194180
v -0.21877563 0.07072153 -0.47922486
v -0.22127205 0.08892793 -0.47755772
v -0.21944460 0.08547000 -0.50296265
v -0.21630859 0.06743199 -0.50363892
v -0.20077068 0.11887270 -0.49532080
v -0.21494019 0.10307287 -0.50068462
v -0.21572980 0.10612782 -0.47477752
v -0.20081356 0.12003920 -0.46991390
v -0.18358663 0.13278639 -0.46306974
v -0.18440209 0.13436794 -0.48894340
v -0.16064812 0.13307604 -0.45824236
v -0.16149032 0.13856605 -0.48308653
v -0.13407370 0.12896678 -0.47879899
v -0.13514358 0.12331682 -0.45496935
v -0.15412638 0.01859344 -0.46749836
v -0.17462155 0.01582054 -0.47182566
v -0.16825745 0.01287480 -0.49567389
v -0.14790134 0.01757737 -0.49229938
v -0.11201103 0.04885298 -0.48485315
v -0.09384356 0.06911600 -0.48179513
v -0.10404464 0.06483594 -0.45665252
v -0.12355947 0.04592296 -0.45971727
v -0.16539040 0.14238358 -0.53486741
v -0.13292080 0.14155543 -0.52890056
v -0.20893762 0.11800575 -0.54626882
v -0.19083464 0.13538420 -0.54080993
v -0.19609891 0.02304864 -0.55172169
v -0.21136832 0.03833013 -0.55277473
v -0.13116023 0.01968605 -0.54322952
v -0.15355840 0.01356500 -0.54714990
v -0.08586246 0.10641839 -0.52752489
v -0.10464676 0.12899181 -0.52659070
v -0.10478637 0.12278929 -0.50079805
v -0.08663502 0.10101135 -0.50124484
v -0.16344126 0.14127147 -0.50896609
v -0.18737787 0.13416219 -0.51488191
v -0.20415856 0.11752102 -0.52079433
v -0.21718378 0.10070910 -0.52517402
v -0.22065030 0.08178970 -0.52745062
v -0.21720539 0.06304394 -0.52813083
v -0.21157052 0.04369212 -0.52829003
v -0.19987917 0.02652103 -0.52684140
v -0.16090797 0.01290002 -0.52092797
v -0.13975412 0.01946104 -0.51702482
v -0.08978423 0.09609996 -0.47793227
v -0.10710505 0.11739504 -0.47698826
v -0.11305526 0.11364200 -0.45371222
v -0.09966840 0.08918055 -0.45526135
v -0.11022150 0.08435200 -0.43306261
v -0.11480466 0.06275257 -0.43490845
v -0.22202869 0.07312070 -0.45288450
v -0.22274551 0.09038933 -0.45168525
v -0.21668950 0.10732888 -0.44889897
v -0.18498972 0.13200381 -0.43869150
v -0.15906575 0.12825376 -0.43239868
v -0.13571431 0.11805046 -0.42868364
v -0.11842582 0.10615844 -0.43194121
v -0.18381785 0.02333671 -0.42062294
v -0.17847984 0.02200747 -0.44642144
v -0.16010040 0.02267157 -0.44313908
v -0.16529325 0.02489673 -0.41683733
v -0.21387622 0.03885265 -0.42439067
v -0.22592580 0.05387716 -0.42587543
v -0.21405151 0.05691504 -0.45246863
v -0.20492052 0.04220516 -0.45054591
v -0.23197296 0.07393902 -0.42669076
v -0.23045194 0.09268389 -0.42445290
v -0.22372112 0.11029685 -0.42164481
v -0.20425145 0.12249463 -0.44455278
v -0.20911741 0.12455369 -0.41727060
v -0.18638596 0.12971044 -0.41091567
v -0.15525472 0.12581465 -0.40452749
v -0.13613266 0.10532422 -0.37173390
v -0.13371950 0.10619972 -0.40146339
v -0.15632425 0.12475901 -0.37526369
v -0.14665300 0.06492755 -0.28068173
v -0.15001135 0.08906863 -0.27943790
v -0.15641665 0.07922001 -0.24697590
v -0.15303630 0.05776602 -0.24720609
v -0.16993570 0.02277183 -0.38911980
v -0.19133228 0.01920169 -0.39249831
v -0.22425050 0.03391527 -0.39681876
v -0.23653372 0.05142586 -0.39778554
v -0.19225845 0.13042814 -0.35046595
v -0.18711552 0.13125941 -0.38160992
v -0.21314850 0.12531039 -0.38754904
v -0.21884462 0.12381662 -0.35642451
v -0.18256612 0.00549815 -0.29583776
v -0.20335670 0.00200146 -0.29822731
v -0.20084548 0.00594465 -0.33133107
v -0.17848599 0.00898829 -0.32794183
v -0.23058426 0.02657257 -0.36578614
v -0.23468783 0.02147153 -0.33370453
v -0.24776891 0.03752578 -0.33421779
v -0.24339733 0.04394948 -0.36725295
v -0.19930154 0.11503658 -0.28439873
v -0.19658454 0.12524584 -0.31838965
v -0.22259925 0.11928114 -0.32286376
v -0.22401890 0.11004050 -0.28834707
v -0.16168700 0.12428730 -0.34509557
v -0.16707624 0.11840832 -0.31402528
v -0.14529030 0.09735075 -0.31146443
v -0.13938707 0.10198880 -0.34254217
v -0.14049578 0.07132179 -0.31319559
v -0.13499323 0.07598518 -0.34428042
v -0.20503682 0.00404235 -0.22449708
v -0.20419537 0.00254994 -0.26161277
v -0.18527170 0.00567997 -0.25926316
v -0.18840469 0.00654157 -0.22122228
v -0.24823661 0.03427906 -0.29911309
v -0.23652251 0.01728635 -0.29961479
v -0.23408940 0.01621307 -0.26296127
v -0.24463670 0.03171118 -0.26196992
v -0.20174827 0.09103994 -0.21250367
v -0.20088823 0.10392499 -0.24844587
v -0.22335976 0.09906331 -0.25186205
v -0.22252899 0.08607322 -0.21491313
v -0.16302623 0.06986421 -0.21109295
v -0.17414047 0.09803898 -0.24704981
v -0.17909959 0.08636814 -0.21019101
v -0.16604197 0.05875855 -0.17614329
v -0.16239333 0.04134298 -0.17631316
v -0.15903342 0.04969091 -0.21129405
v -0.19081934 0.00636845 -0.18611193
v -0.20564404 0.00280938 -0.18839085
v -0.23721629 0.02341229 -0.19065237
v -0.24017289 0.02929366 -0.22578502
v -0.23044950 0.01524228 -0.22579551
v -0.22763133 0.01102235 -0.18966603
v -0.24338013 0.06224661 -0.21953487
v -0.24475786 0.04574408 -0.22369266
v -0.24135709 0.03901388 -0.18856335
v -0.23961569 0.05420069 -0.18441665
v -0.22021607 0.07313976 -0.18184209
v -0.23581129 0.07644710 -0.21724617
v -0.23241866 0.06457954 -0.18316376
v -0.20122583 0.07854718 -0.17848337
v -0.18034261 0.07463633 -0.17619336
v -0.17646636 -0.00999694 -0.75689393
v -0.14528254 -0.00876689 -0.74701661
v -0.15696450 -0.00895359 -0.73844796
v -0.18854474 -0.00539260 -0.75070876
v -0.08090234 0.04051055 -0.65187389
v -0.08754936 0.03901010 -0.62223214
v -0.10120123 0.03609793 -0.56539559
v -0.09343524 0.03801272 -0.59305757
v -0.11021388 0.03405799 -0.53922349
v -0.11987376 0.03261508 -0.51403201
v -0.12952109 0.02967175 -0.48886073
v -0.13834569 0.02916180 -0.46364087
v -0.14406626 0.03235665 -0.43782401
v -0.14720860 0.03397479 -0.41198051
v -0.15549740 0.02869960 -0.35556436
v -0.17439231 0.01647290 -0.35950273
v -0.15135881 0.03361589 -0.38471800
v -0.16270219 0.01889386 -0.29137701
v -0.15896791 0.02320724 -0.32445288
v -0.16791254 0.01734943 -0.25487280
v -0.17370519 0.01594994 -0.21691251
v -0.17724955 0.01509324 -0.18183255
v -0.05825771 0.08047126 -0.75637800
v -0.06364968 0.05094230 -0.74955785
v -0.06210257 0.05408355 -0.76755321
v -0.05950781 0.08166979 -0.77909100
v -0.10872723 0.00160369 -0.76181740
v -0.12379988 -0.00394853 -0.76266325
v -0.12053050 -0.00211330 -0.76501858
v -0.10646873 0.00245963 -0.76518160
v -0.13297781 0.13635248 -0.50406933
v -0.22079602 0.09969923 -0.55015880
v -0.22355902 0.07943332 -0.55244064
v -0.21938378 0.05836286 -0.55313897
v -0.09126545 0.05463796 -0.53370506
v -0.08091767 0.07870418 -0.53074116
v -0.08562380 0.07295583 -0.50551593
v -0.09851549 0.05116844 -0.50800788
v -0.13194883 0.07522207 -0.37060231
v -0.14268342 0.04948959 -0.34966934
v -0.13770775 0.05210404 -0.37737393
v -0.12689352 0.07847159 -0.39439029
v -0.23980156 0.09339830 -0.39531964
v -0.23098119 0.11162771 -0.39246410
v -0.24834530 0.09017815 -0.36427194
v -0.24140075 0.07133108 -0.39711612
v -0.24991405 0.06720013 -0.36656857
v -0.07706028 0.06188011 -0.58705395
v -0.07183798 0.08977670 -0.58413351
v -0.07706146 0.08389754 -0.55696648
v -0.08433698 0.05723795 -0.56088501
v -0.21811922 0.11214905 -1.07401013
v -0.23281854 0.09605365 -1.07914364
v -0.08552461 0.13960624 -1.18468738
v -0.10310203 0.13971707 -1.17225742
v -0.08977729 0.12882337 -1.16568732
v -0.07556283 0.13024515 -1.17779291
v -0.09454618 0.14663342 -1.19440389
v -0.11264074 0.14743620 -1.18221831
v -0.10353264 0.15159979 -1.20582640
v -0.12110794 0.15318930 -1.19401717
v -0.15094565 0.15951201 -1.25059736
v -0.15558149 0.15537977 -1.25779045
v -0.03423488 0.05235812 -1.13755608
v -0.02722160 0.02931420 -1.13639724
v -0.03497824 0.02819204 -1.15749347
v -0.02778009 0.06583461 -0.95572448
v -0.04662273 0.04405385 -0.84089065
v -0.04324096 0.05241938 -0.86683732
v -0.05284170 0.07576629 -0.87182474
v -0.06782294 0.00762473 -0.78489751
v -0.26827320 0.04222010 -1.15574086
v -0.26384991 0.04057511 -1.13334084
v -0.27434319 0.02374415 -1.33433759
v -0.26910150 0.00368833 -1.32850158
v -0.26749721 0.02546107 -1.36262989
v -0.26329139 0.02567569 -1.37469482
v -0.25974113 0.00523217 -1.36837697
v -0.26316893 0.00522523 -1.35629451
v -0.24123815 0.01041559 -1.41581404
v -0.23424336 0.00934980 -1.42668462
v -0.12718157 -0.00507579 -0.75785881
v -0.15034328 -0.00952142 -0.76274717
v -0.14111806 -0.00789217 -0.76499403
v -0.08040511 0.02289990 -0.72681576
v -0.10053075 0.00491058 -0.72646117
v -0.09450783 0.00774247 -0.73998237
v -0.07620892 0.02624612 -0.74329388
v -0.14113280 0.17793640 -0.77514988
v -0.18156818 0.17889065 -0.77979887
v -0.25689006 0.06206540 -0.74178606
v -0.23002602 0.15154842 -1.13729548
v -0.24083108 0.15980268 -1.13994813
v -0.24054153 0.15161511 -1.16068554
v -0.22923917 0.14463049 -1.15794516
v -0.28623945 0.04597186 -1.23116302
v -0.28059831 0.05363785 -1.20415711
v -0.17060924 0.08250881 -1.40923595
v -0.18094902 0.15145391 -1.40885282
v -0.15607621 0.14888275 -1.39621568
v -0.15851399 0.13901669 -1.39944792
v -0.18317634 0.14050642 -1.41234016
v -0.25942215 0.14073297 -1.35833955
v -0.24737999 0.14361551 -1.37571502
v -0.25335366 0.13132969 -1.37745953
v -0.26496845 0.12748900 -1.35874629
v -0.29981884 0.00763514 -0.88689351
v -0.30340350 0.03779856 -0.88605988
v -0.24773657 0.02158675 -1.07165098
v -0.24965131 0.04225175 -1.06871867
v -0.25426337 0.04011813 -1.08922064
v -0.25282899 0.02018480 -1.09288442
v -0.28247669 0.07734061 -1.21677780
v -0.27424657 0.09259474 -1.20008779
v -0.03584377 0.03736800 -1.24791873
v -0.03675395 0.05439805 -1.25133467
v -0.02860223 0.05535439 -1.23394132
v -0.02978736 0.03853325 -1.22784555
v -0.25537834 0.16560790 -1.20233834
v -0.25314611 0.15151614 -1.21701622
v -0.24583407 0.14150625 -1.20651793
v -0.24875313 0.15083444 -1.18819463
v -0.22391677 0.16225594 -0.78374755
v -0.25284162 0.13248640 -0.76711613
v -0.20662108 0.12826532 -1.10531461
v -0.22752260 0.11404918 -1.10919559
v -0.22216088 0.11106659 -1.09094691
v -0.20225327 0.12574372 -1.08695602
v -0.20803621 0.13679194 -1.15283406
v -0.20842806 0.13328108 -1.13885069
v -0.21007070 0.14326349 -1.16608989
v -0.22079036 0.14633751 -1.24829841
v -0.22181609 0.13486037 -1.24969518
v -0.23110634 0.14655158 -1.25155544
v -0.06589283 0.04739749 -0.72865117
v -0.05921737 0.05124085 -0.79805708
v -0.05586259 0.04464107 -0.81053638
v -0.13591734 -0.00591231 -0.76877618
v -0.16335732 0.06018468 -1.42564166
v -0.14823741 0.05534720 -1.41993177
v -0.20359433 0.13187903 -1.23222852
v -0.20765108 0.12996590 -1.21536195
v -0.19006386 0.15137726 -1.24380994
v -0.20599298 0.15051860 -1.24051809
v -0.20456092 0.15596253 -1.23384011
v -0.18734001 0.15668762 -1.23674333
v -0.22006069 0.14974043 -1.24024224
v -0.21959829 0.15449029 -1.23408020
v -0.10289675 0.12856039 -1.31563151
v -0.11430036 0.12922400 -1.33405542
v -0.11564193 0.13958451 -1.32881165
v -0.10577838 0.13878924 -1.31096768
v -0.09940557 0.11700105 -1.31718922
v -0.09492321 0.10374134 -1.31774449
v -0.10840162 0.10403894 -1.33654785
v -0.11204959 0.11762190 -1.33624721
v -0.12968582 0.06533773 -1.38245952
v -0.14705883 0.08048946 -1.39112246
v -0.11801536 0.04723521 -1.37498128
v -0.11023267 0.03080397 -1.36993325
v -0.24776608 0.01247611 -1.40516520
v -0.25282055 0.00709788 -1.39184380
v -0.25348601 0.02638277 -1.39617038
v -0.24678385 0.03417083 -1.40765798
v -0.13846163 0.04870167 -1.40824270
v -0.12828088 0.03783669 -1.40209723
v -0.12001371 0.02609381 -1.38940740
v -0.18151897 0.21420145 -1.20426118
v -0.18272352 0.21873200 -1.18188190
v -0.19484192 0.05841403 -1.43760729
v -0.17906231 0.06136091 -1.43202281
v -0.19905138 0.21903118 -1.20693386
v -0.20016719 0.22355849 -1.18360686
v -0.15968554 0.12837440 -1.39998150
v -0.14139478 0.13552338 -1.37817872
v -0.14124420 0.12462547 -1.37814176
v -0.13502416 0.04690193 -1.41650426
v -0.12616563 0.03662459 -1.41049755
v -0.17205162 0.17833054 -0.81551898
v -0.13570285 0.17712361 -0.81021738
v -0.12617990 0.13898882 -1.05825257
v -0.15092580 0.14159280 -1.06234169
v -0.01590155 0.02891300 -1.09029067
v -0.01269315 0.02763920 -1.06705368
v -0.11517874 0.01188714 -1.41343808
v -0.01773487 0.04877233 -1.01998186
v -0.01231195 0.02711535 -1.01602602
v -0.01226702 0.02701925 -1.04251695
v -0.01820272 0.04846777 -1.04440999
v -0.01012073 0.01773306 -0.97900230
v -0.01110683 0.01907326 -0.99096584
v -0.04131789 0.01121847 -0.82366145
v -0.04405122 0.02319256 -0.82354885
v -0.14458670 0.17946255 -1.27202308
v -0.15421869 0.19186249 -1.28456545
v -0.15713686 0.19430679 -1.26467097
v -0.14703238 0.18111333 -1.25399804
v -0.02807072 0.06752118 -1.02272654
v -0.04396152 0.08518080 -1.02485740
v -0.14707433 0.16037393 -1.24221206
v -0.12983823 0.16043410 -1.25096858
v -0.03394210 0.02760135 -1.17609882
v -0.03068408 0.07191882 -1.23799598
v -0.03907242 0.07116590 -1.25365901
v -0.04350802 0.08672068 -1.25503230
v -0.03467899 0.08697842 -1.24079454
v -0.14510091 -0.00712492 -0.76896441
v -0.25647518 0.17729160 -1.28629410
v -0.25415775 0.18165171 -1.27453673
v -0.24923618 0.18807706 -1.28282213
v -0.25166035 0.18371683 -1.29537880
v -0.12662189 -0.00529188 -0.72952974
v -0.13631603 -0.00662616 -0.71312684
v -0.21292828 -0.00126297 -0.75794423
v -0.19790684 -0.01049092 -0.76560247
v -0.06204360 0.07241891 -0.67452383
v -0.05903120 0.07616742 -0.70420277
v -0.06627310 0.06753667 -0.64634800
v -0.07127973 0.06483504 -0.61669201
v -0.13053150 0.04819550 -0.43540132
v -0.13109969 0.05426939 -0.40651906
v -0.14816597 0.04562474 -0.31857324
v -0.15342504 0.04114394 -0.28552812
v -0.15934823 0.03641565 -0.24956906
v -0.16487074 0.03089593 -0.21361327
v -0.16739084 0.02660706 -0.17856121
v -0.21791521 0.22266933 -1.18120396
v -0.21929625 0.21904254 -1.20636594
v -0.23555630 0.21038201 -1.19897532
v -0.23243436 0.21601662 -1.17485201
v -0.20004179 0.13586074 -1.17912686
v -0.18499117 0.14021555 -1.18409634
v -0.18704411 0.14494041 -1.16386652
v -0.20186293 0.14135703 -1.16016400
v -0.20369479 0.14671606 -1.14004350
v -0.21756463 0.14777336 -1.13796878
v -0.21614757 0.14127609 -1.15829563
v -0.24841507 0.17120850 -1.14615989
v -0.25126359 0.18342346 -1.15367579
v -0.25309834 0.17543617 -1.17640340
v -0.24899706 0.16110265 -1.16681767
v -0.24317712 0.20577449 -1.16799033
v -0.24576187 0.19857508 -1.19047701
v -0.25150910 0.18657181 -1.18330181
v -0.24960899 0.19456783 -1.16081715
v -0.16449700 0.16645092 -1.15265262
v -0.17504284 0.15574768 -1.14677012
v -0.17298540 0.15240261 -1.16960561
v -0.16216068 0.16239685 -1.17561460
v -0.17034541 0.20403644 -1.29629755
v -0.17355599 0.20593172 -1.27367139
v -0.14648457 0.15493089 -1.27503002
v -0.13420986 0.15837395 -1.28620577
v -0.13871032 0.15579629 -1.27871060
v -0.15174802 0.14559054 -1.27164710
v -0.16349819 0.19998708 -1.22325420
v -0.15996677 0.19664028 -1.24510074
v -0.17607775 0.20714846 -1.25062954
v -0.17878708 0.20981261 -1.22700679
v -0.15931335 0.15714985 -1.19748473
v -0.17073819 0.14721352 -1.19057059
v -0.16737661 0.14299074 -1.21220338
v -0.15492451 0.15264606 -1.21864438
v -0.23903613 0.14266849 -1.18055594
v -0.23584622 0.13533881 -1.19994557
v -0.14063925 0.16533458 -1.26025534
v -0.14433782 0.16517115 -1.24348402
v -0.12573920 0.15884629 -1.24104083
v -0.18161540 0.16006938 -1.22001839
v -0.18448345 0.15918249 -1.22902608
v -0.06488983 0.13272578 -1.19233072
v -0.06130324 0.13493770 -1.20694351
v -0.14311796 0.15417236 -1.18538141
v -0.15049890 0.15784544 -1.19962990
v -0.07355917 0.13960847 -1.19752586
v -0.06853735 0.13907066 -1.20714438
v -0.05817626 0.08948766 -1.13419986
v -0.11647106 0.02780623 -1.38028419
v -0.15000151 0.18258819 -1.23544741
v -0.14873949 0.16690367 -1.22651303
v -0.24555323 0.13655049 -1.24141777
v -0.23768452 0.13254374 -1.23670197
v -0.24214542 0.13553822 -1.22322440
v -0.24994609 0.14263952 -1.22992623
v -0.27772698 0.11096735 -1.24064445
v -0.28116977 0.09658898 -1.22762966
v -0.27204689 0.10858054 -1.21334803
v -0.26919872 0.12028354 -1.22753978
v -0.23610435 0.19915396 -1.29026866
v -0.22616059 0.20481038 -1.28864741
v -0.22582692 0.20139766 -1.30850995
v -0.23705053 0.19545636 -1.30614567
v -0.21260232 0.21027109 -1.28445876
v -0.19378167 0.21190414 -1.27941525
v -0.19113538 0.20985645 -1.30380905
v -0.21075520 0.20691836 -1.30824435
v -0.22035718 0.15764651 -0.85405970
v -0.19298919 0.16829395 -0.85169363
v -0.09710383 0.13368404 -0.97953105
v -0.07681619 0.11917883 -0.97226983
v -0.06616393 0.10356501 -0.88243639
v -0.07160005 0.02967212 -0.76855272
v -0.09158912 0.00960480 -0.75796962
v -0.14568141 -0.00646239 -0.69034934
v -0.16283503 0.17525443 -0.84810513
v -0.15288590 -0.00193950 -0.66210055
v -0.15928115 0.00396972 -0.63186449
v -0.22812930 0.04103607 -0.63166779
v -0.23674440 0.06831580 -0.62999099
v -0.23973086 0.06428263 -0.65891182
v -0.22984645 0.03422870 -0.66255605
v -0.23478633 0.09660529 -0.62810278
v -0.23851652 0.09506216 -0.65553856
v -0.08445711 0.11318081 -0.55475116
v -0.25410324 0.06079280 -0.33352983
v -0.25240028 0.07623995 -0.29471087
v -0.25261116 0.08462197 -0.33122295
v -0.25403601 0.05479390 -0.29747611
v -0.24161255 0.10475707 -0.32781237
v -0.23799048 0.10940325 -0.36137408
v -0.17028749 0.10841721 -0.28150553
v -0.24987546 0.05087247 -0.26082921
v -0.24806264 0.07024484 -0.25760067
v -0.23886280 0.08721547 -0.25426698
v -0.24170750 0.09647597 -0.29179287
v -0.11810724 -0.00344516 -0.74057633
v -0.10402085 0.16394478 -0.77147365
v -0.10139090 0.16357869 -0.80341333
v -0.06698347 0.10857170 -0.81450915
v -0.06027680 0.08049813 -0.79987431
v -0.06523491 0.10180360 -1.04761171
v -0.08332419 0.11804170 -1.04992509
v -0.08890563 0.11731131 -1.09276593
v -0.10874191 0.12947026 -1.09516788
v -0.10636994 0.12980223 -1.07412195
v -0.08645594 0.11727241 -1.07086921
v -0.15661179 0.14054573 -1.09993947
v -0.18259846 0.13713452 -1.10242498
v -0.17904389 0.13576284 -1.08382177
v -0.15381120 0.13959095 -1.08085644
v -0.17605725 0.13742048 -1.06653059
v -0.19883619 0.12732318 -1.07014620
v -0.25534129 0.05928575 -1.10619140
v -0.24808429 0.07771663 -1.10116494
v -0.25326490 0.07914655 -1.12150681
v -0.25997442 0.06035021 -1.12774885
v -0.04940130 0.03347129 -0.81984603
v -0.10967282 0.00026204 -0.75599378
v -0.05770882 0.07851543 -0.73197925
v -0.06077837 0.11268612 -0.76282096
v -0.07618023 0.14249370 -0.76734018
v -0.19012663 0.13412413 -1.23670709
v -0.25953946 0.14362493 -1.25142479
v -0.26548207 0.14113113 -1.26196933
v -0.21528697 0.21220970 -1.26149786
v -0.19587892 0.21316311 -1.25671589
v -0.14955564 0.15101731 -1.23703027
v -0.15230691 0.19017705 -1.30371869
v -0.14249048 0.17826489 -1.28955245
v -0.13980602 0.17637852 -1.30657291
v -0.08372903 0.12908846 -0.87289381
v -0.10233103 0.15521678 -0.86018836
v -0.08383740 0.13151243 -0.85064495
v -0.18291405 -0.01157051 -0.76777858
v -0.06111283 0.05549691 -0.78362942
v -0.16458991 0.00900547 -0.60308498
v -0.16997395 0.01235107 -0.57579488
v -0.17571220 0.01435876 -0.54950631
v -0.18181764 0.01564026 -0.52421111
v -0.18773177 0.01768969 -0.49890184
v -0.19258553 0.02287379 -0.47401816
v -0.19376203 0.02890870 -0.44905418
v -0.20022283 0.02847667 -0.42281246
v -0.19688880 0.01246123 -0.36241949
v -0.21488781 0.01641629 -0.36465502
v -0.20872208 0.02302754 -0.39472419
v -0.21907102 0.01094615 -0.33306825
v -0.22051653 0.00618301 -0.29897916
v -0.22024244 0.00639275 -0.26283669
v -0.21731254 0.00486548 -0.19053400
v -0.21875064 0.00749691 -0.22568274
v -0.15763581 -0.00878363 -0.77068621
v -0.16937354 -0.01041317 -0.76946294
v -0.14071846 0.11043936 -1.37710512
v -0.16931163 0.15764961 -1.24316847
v -0.17324363 0.15222618 -1.24986243
v -0.14512685 0.15086773 -1.25288045
v -0.24906082 0.19080323 -1.21145880
v -0.23967180 0.20438606 -1.22083318
v -0.16336341 0.14040294 -1.23236728
v -0.16650093 0.13880539 -1.26623797
v -0.16110955 0.14995342 -1.26600969
v -0.16917521 0.24301434 -0.98646379
v -0.18305334 0.24493614 -0.98498780
v -0.17494754 0.24224800 -0.96558511
v -0.16214544 0.23900390 -0.96709925
v -0.15778866 0.23448640 -0.98734415
v -0.15225708 0.23047283 -0.96874017
v -0.16666245 0.17341021 -0.98028791
v -0.15683433 0.18341738 -0.98460633
v -0.15533689 0.18330604 -0.96382701
v -0.16526352 0.17427355 -0.95974123
v -0.14166066 0.21601009 -0.95067263
v -0.14181939 0.20434248 -0.95010263
v -0.14491594 0.20674452 -0.96941566
v -0.14598963 0.21939901 -0.96950686
v -0.19509161 0.17015746 -0.97329497
v -0.20699742 0.17754140 -0.97292823
v -0.20982692 0.17358479 -0.99159074
v -0.19671160 0.16705349 -0.99265563
v -0.17058723 0.17842746 -1.06110692
v -0.17898959 0.16791797 -1.05530381
v -0.17777881 0.16893545 -1.06991637
v -0.17134146 0.18037617 -1.07610965
v -0.18388525 0.24977276 -1.02705336
v -0.19920966 0.24862587 -1.02589059
v -0.19118816 0.24738517 -1.00512671
v -0.17645985 0.24651736 -1.00632834
v -0.15564564 0.21469688 -1.02883625
v -0.15568535 0.19899058 -1.02795303
v -0.16082765 0.20209315 -1.04949212
v -0.16196470 0.21842358 -1.04990041
v -0.19227830 0.25243369 -1.04633975
v -0.20691064 0.24817926 -1.04667139
v -0.14760850 0.20930830 -0.98896301
v -0.15041357 0.19567564 -0.98749274
v -0.15232483 0.19709530 -1.00801778
v -0.15068319 0.21208581 -1.00875878
v -0.18817900 0.17769861 -0.93643999
v -0.19764662 0.18579447 -0.93626207
v -0.20301072 0.18197244 -0.95448178
v -0.19226213 0.17411408 -0.95463252
v -0.14628866 0.19349080 -0.94764882
v -0.15362370 0.18384430 -0.94449961
v -0.14859751 0.19462386 -0.96769691
v -0.19130808 0.23265803 -0.94258338
v -0.17967528 0.23814610 -0.94497663
v -0.18863657 0.23977399 -0.96416569
v -0.20063280 0.23253727 -0.96180308
v -0.16860312 0.17396823 -1.02145612
v -0.15998709 0.18533903 -1.02590060
v -0.15815336 0.18390664 -1.00488889
v -0.16779119 0.17304984 -0.99984610
v -0.16990981 0.24271584 -1.02896392
v -0.16358672 0.23838240 -1.00839639
v -0.20910600 0.23175457 -0.98077184
v -0.19706768 0.24095917 -0.98335087
v -0.20512328 0.24096671 -1.00376582
v -0.21692619 0.23006138 -1.00071740
v -0.22857662 0.21253380 -1.01704454
v -0.22622955 0.19653830 -1.01502204
v -0.22230390 0.20046487 -0.99585116
v -0.22285894 0.21601114 -0.99809051
v -0.16961190 0.17620865 -1.04231930
v -0.18047938 0.16658407 -1.03679430
v -0.19694637 0.16444439 -1.01222777
v -0.21128574 0.16988239 -1.01095653
v -0.21134934 0.16691226 -1.02979803
v -0.19592693 0.16243231 -1.03128016
v -0.18154415 0.23648646 -1.08822918
v -0.19323629 0.24621129 -1.08721602
v -0.18665066 0.24854940 -1.06899381
v -0.17563421 0.23731619 -1.07199335
v -0.20124732 0.25115955 -1.06898677
v -0.20815048 0.24903375 -1.08684576
v -0.22591978 0.23593980 -1.10994089
v -0.23316604 0.22605032 -1.10630512
v -0.23124740 0.22804639 -1.09464478
v -0.22513863 0.23954263 -1.09766948
v -0.23810473 0.20316020 -1.05360734
v -0.23183733 0.18703619 -1.05236781
v -0.22919700 0.19183964 -1.03418553
v -0.23366424 0.20849863 -1.03587246
v -0.22282158 0.17021304 -1.06439269
v -0.20905071 0.16234598 -1.06155717
v -0.21044990 0.16426209 -1.04764056
v -0.22338444 0.17354241 -1.04958653
v -0.22054394 0.15812176 -1.10272515
v -0.20653126 0.15409788 -1.10166371
v -0.20649049 0.15592983 -1.09040701
v -0.22036311 0.16106653 -1.09120631
v -0.17896904 0.16315940 -1.10883760
v -0.16995709 0.17457584 -1.11412871
v -0.17097536 0.17766830 -1.10348487
v -0.17893074 0.16535884 -1.09757590
v -0.18536749 0.22838634 -1.13724172
v -0.20134933 0.23347521 -1.13966811
v -0.20024168 0.23721260 -1.12592387
v -0.18521826 0.23118839 -1.12426054
v -0.24125257 0.19912735 -1.06824827
v -0.23333435 0.18219826 -1.06930828
v -0.17865562 0.16711521 -1.08851314
v -0.17120545 0.17901742 -1.09492540
v -0.17102808 0.18065548 -1.08696473
v -0.17781666 0.16894242 -1.08114791
v -0.17361501 0.20614752 -1.10595262
v -0.17686036 0.21999454 -1.10936415
v -0.17803189 0.22148991 -1.09959948
v -0.17500855 0.20677796 -1.09730268
v -0.18551840 0.23286572 -1.11289024
v -0.19850513 0.24114919 -1.11387420
v -0.19738874 0.24355492 -1.10149074
v -0.18472697 0.23512837 -1.10124731
v -0.24213146 0.20616850 -1.08977592
v -0.24459988 0.19523385 -1.08582091
v -0.24351653 0.19781265 -1.07795250
v -0.24120030 0.20910284 -1.08202755
v -0.22111255 0.16779107 -1.07464826
v -0.20722476 0.16116890 -1.07252598
v -0.17424335 0.20829269 -1.08481586
v -0.16994080 0.19330609 -1.08066773
v -0.17108198 0.19345778 -1.09179580
v -0.21231969 0.24489772 -1.10053062
v -0.23223025 0.16469046 -1.10431862
v -0.24198852 0.17291752 -1.10707426
v -0.24165140 0.16808254 -1.12068439
v -0.23164582 0.15975076 -1.11755943
v -0.21943836 0.15360087 -1.11631668
v -0.20565531 0.15080240 -1.11695194
v -0.17724352 0.16056743 -1.12532103
v -0.16748640 0.17070094 -1.13049364
v -0.16262627 0.18507615 -1.13765287
v -0.16377345 0.20064154 -1.14600682
v -0.16836117 0.20516866 -1.12832975
v -0.16660021 0.18930072 -1.12082291
v -0.20091809 0.22798908 -1.15969443
v -0.18417263 0.22346985 -1.15816152
v -0.21699402 0.22688076 -1.15714133
v -0.21572015 0.23217162 -1.13873374
v -0.19109228 0.15969041 -1.08396399
v -0.19141951 0.15780532 -1.09290743
v -0.21630278 0.21857733 -0.97864497
v -0.21714705 0.20388326 -0.97617590
v -0.21059521 0.20694512 -0.95721197
v -0.20849723 0.22064847 -0.95967108
v -0.20254889 0.19688842 -0.93717861
v -0.20914236 0.19344640 -0.95541608
v -0.15021676 0.22279415 -0.98809493
v -0.15472844 0.22630081 -1.00790763
v -0.14635104 0.22686344 -0.95036775
v -0.17673454 0.22268322 -1.08698511
v -0.17067418 0.22132295 -1.07102060
v -0.23812029 0.21489701 -1.10276580
v -0.23486038 0.22284430 -1.11761153
v -0.24131012 0.21240184 -1.11299181
v -0.23461153 0.21970126 -1.05734444
v -0.22381935 0.23409376 -1.06231737
v -0.22937930 0.22718108 -1.07985044
v -0.23875022 0.21374089 -1.07203031
v -0.24535547 0.19231093 -1.09319949
v -0.24367505 0.20404452 -1.09813488
v -0.24566866 0.20103511 -1.10761309
v -0.24645911 0.18875837 -1.10181403
v -0.17589529 0.21898830 -1.12059081
v -0.17441723 0.21743110 -1.13315833
v -0.23673052 0.21853811 -1.13052332
v -0.22768652 0.22663486 -1.13476038
v -0.23012616 0.22121340 -1.15099418
v -0.24006289 0.21266016 -1.14604747
v -0.22639844 0.23175409 -1.12245882
v -0.24397597 0.20862991 -1.12530077
v -0.24684206 0.20291060 -1.14032578
v -0.17113939 0.21392000 -1.15340960
v -0.24750587 0.18437892 -1.11263609
v -0.24778140 0.19705755 -1.11906004
v -0.24973139 0.19129351 -1.13370228
v -0.24815165 0.17896980 -1.12663877
v -0.21434081 0.18964791 -0.97436488
v -0.21827102 0.18571803 -0.99329174
v -0.19218221 0.16131109 -1.06345344
v -0.19441175 0.16155922 -1.04957509
v -0.19099483 0.16106457 -1.07503188
v -0.18039896 0.16807225 -0.97549045
v -0.17853725 0.17058793 -0.95637739
v -0.18128943 0.16577834 -1.01631176
v -0.18128404 0.16651955 -0.99603689
v -0.22360228 0.22772527 -1.01979589
v -0.23138216 0.17300755 -1.08587778
v -0.22019535 0.16527784 -1.08321071
v -0.23145390 0.17635086 -1.07887506
v -0.19046418 0.15356550 -1.12102497
v -0.19153830 0.15646392 -1.10476935
v -0.24005903 0.18781629 -1.07717001
v -0.18864633 0.14907408 -1.14204943
v -0.22136818 0.24266231 -1.08400595
v -0.21332870 0.24152392 -1.11316943
v -0.21441059 0.23691782 -1.12582648
v -0.16682898 0.23932448 -0.94691777
v -0.16020592 0.22997463 -1.02846849
v -0.16803896 0.20560712 -1.06972134
v -0.16720973 0.19117564 -1.06636286
v -0.24104223 0.18087855 -1.08888054
v -0.24164486 0.17699164 -1.09651351
v -0.23172837 0.16902250 -1.09362948
v -0.17228492 0.20625556 -1.11532605
v -0.16910009 0.19138637 -1.10887778
v -0.17591110 0.17379373 -0.93797314
v -0.17012630 0.19253570 -1.09984756
v -0.21434502 0.24601594 -1.06539536
v -0.26677668 0.00431941 -1.34343433
v -0.13548857 0.14906219 -1.17212451
v -0.08726232 0.11472021 -1.15136707
v -0.10373203 0.12778538 -1.15296113
v -0.16118197 0.15939331 -1.22513914
v -0.16499326 0.15892008 -1.23483026
v -0.17679468 0.14549473 -1.25708592
v -0.18097883 0.13594228 -1.25865281
v -0.12941189 0.15663823 -1.20669901
v -0.01216042 0.01718790 -1.00346303
v -0.25170013 0.03081867 -1.00653243
v -0.24920841 0.00655764 -1.00681758
v -0.25832510 0.00811450 -0.99012017
v -0.25946665 0.03423468 -0.98905194
v -0.26824993 0.00947428 -0.97197568
v -0.22847956 0.14844483 -0.93588394
v -0.22521323 0.14408621 -0.95712364
v -0.24633197 0.12709469 -0.95604157
v -0.25109079 0.13068917 -0.93337524
v -0.19913173 0.15139997 -0.97289443
v -0.22240880 0.13842574 -0.97545999
v -0.19980849 0.15616259 -0.95575136
v -0.17241731 0.16187727 -0.95076662
v -0.17214456 0.15757161 -0.96815515
v -0.14577337 0.16073701 -0.94198310
v -0.14534959 0.15683284 -0.96107244
v -0.12133016 0.15399152 -0.93209660
v -0.09956340 0.14100549 -0.92283380
v -0.08205508 0.12618628 -0.89463174
v -0.06357583 0.10376529 -0.90557969
v -0.08014042 0.12426319 -0.91439855
v -0.03853336 0.05877784 -0.89181006
v -0.04955820 0.08108635 -0.89757073
v -0.02580839 0.01879369 -0.88552678
v -0.03075249 0.03815977 -0.88779593
v -0.12359966 0.10621201 -1.35596800
v -0.23236679 0.09613111 -1.41362190
v -0.21108474 0.10753349 -1.41770720
v -0.23078698 0.08296406 -1.41816711
v -0.27174795 0.11001579 -1.35819638
v -0.26150024 0.11490701 -1.37765324
v -0.27052671 0.09189574 -1.37166643
v -0.27836084 0.08785703 -1.35410595
v -0.24404280 0.07065640 -1.41125858
v -0.24202847 0.06442787 -1.41350341
v -0.24757156 0.08143068 -1.40580583
v -0.26020208 0.04269854 -1.39112878
v -0.25692075 0.06363955 -1.39792264
v -0.20813908 0.15058371 -1.40729761
v -0.23097396 0.14726955 -1.39403617
v -0.22658573 0.15767395 -1.39039373
v -0.20415254 0.16290465 -1.40290415
v -0.26783943 0.13794056 -1.34174967
v -0.27330598 0.13443586 -1.32541943
v -0.26960945 0.14605889 -1.32641220
v -0.26402026 0.14870718 -1.34195828
v -0.19131851 0.19352302 -1.36495161
v -0.21298794 0.18812895 -1.36390424
v -0.21104620 0.19608346 -1.34795046
v -0.19035338 0.20050007 -1.34634364
v -0.25470504 0.15096220 -1.35811162
v -0.28845912 0.06784558 -1.23685670
v -0.28342247 0.10301675 -1.25437951
v -0.28712639 0.08742407 -1.24433124
v -0.26976579 0.13940623 -1.27307880
v -0.27385020 0.13064948 -1.26861119
v -0.26914519 0.13349804 -1.25601542
v -0.26095435 0.14970461 -1.27865207
v -0.26530600 0.14646721 -1.27643156
v -0.13403469 0.16642809 -1.29208934
v -0.13001324 0.16595110 -1.30409098
v -0.13719858 0.17350626 -1.32374561
v -0.24867919 0.14677304 -1.26914597
v -0.24695797 0.14237848 -1.26801884
v -0.25017676 0.14656192 -1.27304602
v -0.25159028 0.14902976 -1.27477443
v -0.21137846 0.13917050 -1.41019988
v -0.22923350 0.18167537 -1.35642219
v -0.24182591 0.17612338 -1.34556353
v -0.23966375 0.18366155 -1.33418906
v -0.22671120 0.18972242 -1.34387434
v -0.25195432 0.17190140 -1.33512890
v -0.25880244 0.16784242 -1.32389820
v -0.25575137 0.17417520 -1.31786454
v -0.24883932 0.17833287 -1.32659006
v -0.25328246 0.15161821 -1.27845204
v -0.25437495 0.15155995 -1.28183031
v -0.16849899 0.20175976 -1.31777954
v -0.17235796 0.17471832 -1.39293170
v -0.14968991 0.16848186 -1.37739491
v -0.15231997 0.15857786 -1.38923764
v -0.17691548 0.16352090 -1.40336323
v -0.20026056 0.13467121 -1.24599898
v -0.18620853 0.13648385 -1.25093031
v -0.21348199 0.13344780 -1.24310398
v -0.23956826 0.14512396 -1.25738668
v -0.22480598 0.13255146 -1.24306846
v -0.14202046 0.15278628 -1.26707149
v -0.13783030 0.16578719 -1.27714610
v -0.13643163 0.16044065 -1.35339129
v -0.13759656 0.15262857 -1.36511695
v -0.19007932 0.20580396 -1.32627606
v -0.21048683 0.20240834 -1.32911491
v -0.25043210 0.14381132 -1.26011026
v -0.25450480 0.14641455 -1.25205564
v -0.25381729 0.14846951 -1.26508057
v -0.24843368 0.14686278 -1.25414860
v -0.24470404 0.14376304 -1.26429176
v -0.19930835 0.17452949 -1.39533007
v -0.22601280 0.19609013 -1.32759929
v -0.23881930 0.18970788 -1.32072330
v -0.25602075 0.16497099 -1.33981645
v -0.24593288 0.16811362 -1.35258603
v -0.25031167 0.15967271 -1.35632336
v -0.26007387 0.15727305 -1.34170640
v -0.25341287 0.17941865 -1.30807459
v -0.25799948 0.17287490 -1.29759860
v -0.26269534 0.16201052 -1.32685840
v -0.26647615 0.15505552 -1.32729888
v -0.25655311 0.15356222 -1.27075338
v -0.13970740 0.14432633 -1.37369323
v -0.12792185 0.14118010 -1.34977221
v -0.12813272 0.13165733 -1.35472834
v -0.12693813 0.15635696 -1.32983112
v -0.12721692 0.14935622 -1.34122407
v -0.12735723 0.16240853 -1.31605315
v -0.12645108 0.12011012 -1.35552621
v -0.24083225 0.18523064 -1.08210289
v -0.25669295 0.15188196 -1.24379683
v -0.25120944 0.14125034 -1.24644911
v -0.25456029 0.14782676 -1.23714411
v -0.25368938 0.18039289 -1.20607209
v -0.23555872 0.21636385 -1.09329796
v -0.23471704 0.21683574 -1.08534098
v -0.22969964 0.22409415 -1.03900325
v -0.21234787 0.24029744 -1.02283180
v -0.21897990 0.23797396 -1.04264164
v -0.17772219 0.24667487 -1.04993081
v -0.16737278 0.23424247 -1.04990733
v -0.16308156 0.18812636 -1.04667318
v -0.22261521 0.17731854 -1.03133118
v -0.13846043 0.22945514 -0.91258550
v -0.14872274 0.23500219 -0.91025996
v -0.13918413 0.23233733 -0.89229500
v -0.13005678 0.22533438 -0.89417338
v -0.12000518 0.21169236 -0.87708145
v -0.12583160 0.21567082 -0.89495897
v -0.12208302 0.22167110 -0.87625140
v -0.12224339 0.20291415 -0.87748742
v -0.12676233 0.20627156 -0.89510489
v -0.12795170 0.19564885 -0.87671679
v -0.13561018 0.19003278 -0.87473935
v -0.13802353 0.19099921 -0.89186180
v -0.13124093 0.19788793 -0.89408243
v -0.14635840 0.18592668 -0.88915712
v -0.15570782 0.18284693 -0.88644409
v -0.15819812 0.18001238 -0.90410829
v -0.14878684 0.18506467 -0.90728152
v -0.16972877 0.19300559 -0.86727929
v -0.17366394 0.20098773 -0.86724371
v -0.17964953 0.19732910 -0.88327545
v -0.17456017 0.18859532 -0.88354385
v -0.18588130 0.21537900 -0.90194488
v -0.18780255 0.20391810 -0.90116084
v -0.18038169 0.20780784 -0.88339007
v -0.17785059 0.21859089 -0.88441610
v -0.17110854 0.22182420 -0.86813188
v -0.16331941 0.22903967 -0.86959672
v -0.17146488 0.22690335 -0.88564801
v -0.15488634 0.23539621 -0.94894570
v -0.14716554 0.23256251 -0.93052876
v -0.13959414 0.22345006 -0.93173259
v -0.13832065 0.20161167 -0.93103075
v -0.13681245 0.21230003 -0.93183303
v -0.13146698 0.20913067 -0.91346514
v -0.13451797 0.19952676 -0.91243267
v -0.16352130 0.17604592 -0.94088477
v -0.15146790 0.18430835 -0.92589748
v -0.16092665 0.17790058 -0.92249954
v -0.14079833 0.19182509 -0.91021377
v -0.14359164 0.19216764 -0.92930514
v -0.16901247 0.17974883 -0.90187252
v -0.16574858 0.18363917 -0.88466775
v -0.16040096 0.23539948 -0.90827537
v -0.17157039 0.23216227 -0.90608686
v -0.16137013 0.23199961 -0.88734293
v -0.15032989 0.23437011 -0.88978988
v -0.17239591 0.17683703 -0.91979861
v -0.18154590 0.23233640 -0.92409396
v -0.17018737 0.23657408 -0.92650944
v -0.18086874 0.22541848 -0.90415543
v -0.19009241 0.22382143 -0.92217267
v -0.14144346 0.23349404 -0.87254512
v -0.13021398 0.22962725 -0.87482965
v -0.15823764 0.23731011 -0.92896175
v -0.17905089 0.18447235 -0.90077478
v -0.18585351 0.19317502 -0.90053880
v -0.19175871 0.18929866 -0.91828108
v -0.18357208 0.18096530 -0.91848612
v -0.20271370 0.20964175 -0.93871641
v -0.19531251 0.20039099 -0.91917241
v -0.19430023 0.21238610 -0.92021030
v -0.17411505 0.21124944 -0.86760020
v -0.19939512 0.22222018 -0.94043565
v -0.11803718 0.18175077 -0.79761636
v -0.11624877 0.18683279 -0.78872406
v -0.12319577 0.19018984 -0.79369098
v -0.12408574 0.18691605 -0.80351841
v -0.10569444 0.16832399 -0.82271689
v -0.10060205 0.16607088 -0.81117737
v -0.10864906 0.16612613 -0.80449080
v -0.11444825 0.16892004 -0.81530362
v -0.11199452 0.17829818 -0.79144686
v -0.10967614 0.18541205 -0.78447008
v -0.10666191 0.19210672 -0.77821839
v -0.10429117 0.18713531 -0.78556657
v -0.10223539 0.19766644 -0.77928042
v -0.10151061 0.20797750 -0.78522968
v -0.10374776 0.21180281 -0.77325583
v -0.10161613 0.20278350 -0.77187437
v -0.12428914 0.22304446 -0.79155326
v -0.13530809 0.22367260 -0.79370379
v -0.13510025 0.22375432 -0.77831721
v -0.12382163 0.22205207 -0.77666485
v -0.15442772 0.21915674 -0.78533340
v -0.14453340 0.22134352 -0.78096795
v -0.14415368 0.22216964 -0.79608703
v -0.15287006 0.22007409 -0.79920834
v -0.13127962 0.19109741 -0.80750215
v -0.13070078 0.19238207 -0.79770768
v -0.13646317 0.19261217 -0.79878885
v -0.13748492 0.19153583 -0.80883288
v -0.09981701 0.19368860 -0.78734660
v -0.09856304 0.18126944 -0.78505147
v -0.09523038 0.18416560 -0.78690279
v -0.09658892 0.19588616 -0.79311585
v -0.14299795 0.18420234 -0.84224081
v -0.14479120 0.18268856 -0.83155227
v -0.15222505 0.18138281 -0.82951170
v -0.15153345 0.18269253 -0.84168851
v -0.12271237 0.18337163 -0.84577948
v -0.11324334 0.19202429 -0.85232043
v -0.10736598 0.18780982 -0.84518784
v -0.11699574 0.17780888 -0.83988905
v -0.10198855 0.18230450 -0.83637315
v -0.09728138 0.17671886 -0.82586300
v -0.11130705 0.17246562 -0.83204293
v -0.09399088 0.17282164 -0.81340307
v -0.16424961 0.18438670 -0.83286935
v -0.16198976 0.18652922 -0.84134316
v -0.11225409 0.18495604 -0.73447335
v -0.10665230 0.18570372 -0.73435849
v -0.10707338 0.18328500 -0.73000467
v -0.11255358 0.18254822 -0.73011714
v -0.16768569 0.21237499 -0.84134042
v -0.16931887 0.20279011 -0.84150195
v -0.17033243 0.20372725 -0.83516014
v -0.16683821 0.21311131 -0.83496654
v -0.17221466 0.20480847 -0.82687938
v -0.16656686 0.21426317 -0.82664460
v -0.10166376 0.19320282 -0.72927970
v -0.10343929 0.19729903 -0.72632706
v -0.10294463 0.19287866 -0.72198349
v -0.10182087 0.18921429 -0.72494245
v -0.12139644 0.19158688 -0.78411639
v -0.11363974 0.18966237 -0.78009129
v -0.11048687 0.19205907 -0.77218676
v -0.10796227 0.19342750 -0.76504046
v -0.11378228 0.19239774 -0.76369840
v -0.11910732 0.19227216 -0.77283323
v -0.13227323 0.19369867 -0.78624392
v -0.13149455 0.19351590 -0.77524507
v -0.13883984 0.19388095 -0.77903962
v -0.13962302 0.19344178 -0.78931463
v -0.15808617 0.19023368 -0.78286731
v -0.15777153 0.18851864 -0.79094183
v -0.15178803 0.19040951 -0.79129249
v -0.15136757 0.19180542 -0.78174365
v -0.14872751 0.19726050 -0.75647211
v -0.14985463 0.19516808 -0.76433462
v -0.14457259 0.19550776 -0.76325470
v -0.14369044 0.19708791 -0.75540376
v -0.16872704 0.21284413 -0.84745729
v -0.16953558 0.20296550 -0.84760737
v -0.18044010 0.20272416 -0.78579998
v -0.17482333 0.21128047 -0.78240407
v -0.17195721 0.21153060 -0.79211318
v -0.17831580 0.20437577 -0.79525959
v -0.15992552 0.22083217 -0.83399940
v -0.16132122 0.22091046 -0.84086061
v -0.10785395 0.20018366 -0.72392863
v -0.10758968 0.19549167 -0.71910477
v -0.09445202 0.19094920 -0.82585979
v -0.09028849 0.18332177 -0.81270206
v -0.10006878 0.19732288 -0.83735275
v -0.11009166 0.20505780 -0.85232759
v -0.10557865 0.20170155 -0.84520870
v -0.12344214 0.19305125 -0.76802057
v -0.12847403 0.19309935 -0.78959930
v -0.14096120 0.19184962 -0.79961574
v -0.16059755 0.18377775 -0.80546439
v -0.16250870 0.18499920 -0.79889131
v -0.16967274 0.18486416 -0.80049199
v -0.16998102 0.18431324 -0.80807400
v -0.17622788 0.18950474 -0.78663439
v -0.18064746 0.19463289 -0.78737938
v -0.17934045 0.19485128 -0.79589725
v -0.17560339 0.18879232 -0.79420114
v -0.09030409 0.18512672 -0.78923911
v -0.09262528 0.19519925 -0.79817843
v -0.16737340 0.19352341 -0.84134811
v -0.16980641 0.19346648 -0.83431399
v -0.16634986 0.19504449 -0.84814441
v -0.13361789 0.18235409 -0.83232468
v -0.13680118 0.18817830 -0.82034111
v -0.14145607 0.18751845 -0.82068127
v -0.13953811 0.18366453 -0.83266157
v -0.12449367 0.18061823 -0.81313407
v -0.12102181 0.17370227 -0.82390642
v -0.11861804 0.17529464 -0.80552834
v -0.13463445 0.18460509 -0.84378803
v -0.13332401 0.18764594 -0.85251141
v -0.14262986 0.18715864 -0.85098290
v -0.15216555 0.18677908 -0.84994555
v -0.16093421 0.18965244 -0.84860528
v -0.13407722 0.18915620 -0.86153847
v -0.14302035 0.18771219 -0.85928380
v -0.15275030 0.18779683 -0.85751128
v -0.16115901 0.19021505 -0.85641462
v -0.16308972 0.22231233 -0.84844327
v -0.16650684 0.22308466 -0.85679770
v -0.17087592 0.21262991 -0.85604560
v -0.12368537 0.18938017 -0.85328424
v -0.12568207 0.19323620 -0.86279070
v -0.11776455 0.19860724 -0.86281347
v -0.11497805 0.20878294 -0.86237818
v -0.10373379 0.16771597 -0.78753072
v -0.10711890 0.16991875 -0.79220271
v -0.10370515 0.16489810 -0.79782307
v -0.10026898 0.16293350 -0.79217023
v -0.10312311 0.19753888 -0.76489383
v -0.10457282 0.19614431 -0.77202034
v -0.10148329 0.20429352 -0.76379424
v -0.15703884 0.18157661 -0.82032126
v -0.16724885 0.18400782 -0.82365280
v -0.11878166 0.19326872 -0.76133841
v -0.10098183 0.20072141 -0.74820799
v -0.10283895 0.20640379 -0.74523520
v -0.10340806 0.20118260 -0.73310965
v -0.10146528 0.19648275 -0.73557907
v -0.11675382 0.19209191 -0.75008559
v -0.12044507 0.19625565 -0.74667954
v -0.12139548 0.19698098 -0.75303537
v -0.11694919 0.19362044 -0.75641632
v -0.15544182 0.19522196 -0.75955528
v -0.15643340 0.19362044 -0.76643199
v -0.11154392 0.22017238 -0.76278859
v -0.11188002 0.22029540 -0.77573323
v -0.12361197 0.21785247 -0.76206923
v -0.15076233 0.19346884 -0.77267599
v -0.14547369 0.19306093 -0.78088391
v -0.14525901 0.19407356 -0.77158827
v -0.12876165 0.19543207 -0.76100701
v -0.13073725 0.19398454 -0.76765585
v -0.12559527 0.19380113 -0.76487660
v -0.12313847 0.19493857 -0.75944376
v -0.17602125 0.20545000 -0.80643296
v -0.17798731 0.19338375 -0.80663466
v -0.10287822 0.18896097 -0.73229021
v -0.10341598 0.18579632 -0.72794878
v -0.17058179 0.20235416 -0.85569227
v -0.16697694 0.19507492 -0.85548031
v -0.14562485 0.19218525 -0.79090893
v -0.11236651 0.21918783 -0.78942990
v -0.14593188 0.19043466 -0.80070460
v -0.16461012 0.20249531 -0.76011550
v -0.16319202 0.20886233 -0.75902534
v -0.16347408 0.21101907 -0.76730227
v -0.16727170 0.20357478 -0.76796335
v -0.11696965 0.18720660 -0.73257750
v -0.11960791 0.19158736 -0.72914881
v -0.11968844 0.19398999 -0.73595375
v -0.11666165 0.18927059 -0.73889148
v -0.10656482 0.19144136 -0.75234562
v -0.11189968 0.19034413 -0.75197202
v -0.11225133 0.19235471 -0.75878733
v -0.10688546 0.19321534 -0.75965190
v -0.10274424 0.19737515 -0.75854105
v -0.10274766 0.19568887 -0.75075132
v -0.11569647 0.20901555 -0.74250996
v -0.12035128 0.20296529 -0.74316800
v -0.11983045 0.19957528 -0.73246193
v -0.11475416 0.20368481 -0.73035765
v -0.15191951 0.22178632 -0.81235135
v -0.16046466 0.21871108 -0.81426215
v -0.16205662 0.21694419 -0.80137604
v -0.16387992 0.21527910 -0.78849280
v -0.16552442 0.21266392 -0.77684003
v -0.15592863 0.21923956 -0.77266443
v -0.16919455 0.21289775 -0.80376208
v -0.12718396 0.21338299 -0.75340760
v -0.12580526 0.20749468 -0.75297403
v -0.11884129 0.21240374 -0.75228852
v -0.15302369 0.18796563 -0.80135918
v -0.10258609 0.19188157 -0.73859274
v -0.11729605 0.22279331 -0.84147704
v -0.12912725 0.22833666 -0.84040165
v -0.12815547 0.22695988 -0.83063626
v -0.11400329 0.22041345 -0.83290279
v -0.11175337 0.18715411 -0.74029362
v -0.10634430 0.18776771 -0.74067247
v -0.16484347 0.19683588 -0.76019722
v -0.16712481 0.19485617 -0.76563829
v -0.16270491 0.19318619 -0.76704341
v -0.16090962 0.19498816 -0.76063728
v -0.16728611 0.21456179 -0.81591129
v -0.17764893 0.20923868 -0.77638102
v -0.18276250 0.19948152 -0.77807486
v -0.15030590 0.22523823 -0.83278275
v -0.15962015 0.22026521 -0.82521200
v -0.15085526 0.22361401 -0.82402575
v -0.14455849 0.21857643 -0.76489228
v -0.14387128 0.22358260 -0.80973494
v -0.14298424 0.22515789 -0.82214856
v -0.14118281 0.22703725 -0.83258772
v -0.14120130 0.22896671 -0.84037447
v -0.15091926 0.22674373 -0.84034234
v -0.11447957 0.19970033 -0.72308242
v -0.10789447 0.20418337 -0.73071092
v -0.15259352 0.22816560 -0.84889948
v -0.15695655 0.22935206 -0.85799843
v -0.14274943 0.23040280 -0.84917331
v -0.14656770 0.23140162 -0.85899705
v -0.13406381 0.22593787 -0.82026207
v -0.12419877 0.22472748 -0.81911767
v -0.13529195 0.22457713 -0.80785191
v -0.12498521 0.22363704 -0.80547476
v -0.13466534 0.22362572 -0.76415008
v -0.11909565 0.18800923 -0.72332853
v -0.11868606 0.18354654 -0.71605730
v -0.11676444 0.18650928 -0.71353942
v -0.11766349 0.19153517 -0.72032374
v -0.11898259 0.19613829 -0.72565681
v -0.11357570 0.19458696 -0.71922898
v -0.11212627 0.21925154 -0.80334121
v -0.12714271 0.19783109 -0.75459605
v -0.10877123 0.21703792 -0.81869030
v -0.10018316 0.21033067 -0.79786861
v -0.09695840 0.20730343 -0.80761582
v -0.10324638 0.21050385 -0.83576703
v -0.09652923 0.20484176 -0.82424378
v -0.11280246 0.21583200 -0.85101020
v -0.10905495 0.21338192 -0.84340489
v -0.11660202 0.21843180 -0.86129999
v -0.09134755 0.19559827 -0.81182158
v -0.10795207 0.17847893 -0.72422713
v -0.11346575 0.17834625 -0.72384369
v -0.12402322 0.22706738 -0.86009991
v -0.12002639 0.22460499 -0.84956032
v -0.11250328 0.17157730 -0.79716372
v -0.14583310 0.18871760 -0.81024814
v -0.15133110 0.18602091 -0.81063193
v -0.15902749 0.18277088 -0.81204093
v -0.16948144 0.18419671 -0.81514663
v -0.13509595 0.23206875 -0.85926187
v -0.14428748 0.18689075 -0.87201464
v -0.15370333 0.18601722 -0.86976099
v -0.15270084 0.23221883 -0.87106395
v -0.10394934 0.18089867 -0.72216606
v -0.14494802 0.20196027 -0.75194252
v -0.14724383 0.20323101 -0.75245637
v -0.09732699 0.16467580 -0.80307823
v -0.09439849 0.16326120 -0.79596245
v -0.09125133 0.16977927 -0.80484819
v -0.08744361 0.17832187 -0.80368364
v -0.08542833 0.17374071 -0.79491913
v -0.08928970 0.16715452 -0.79605794
v -0.14552903 0.18579608 -0.82004845
v -0.15057901 0.18386349 -0.81943679
v -0.17634735 0.19389740 -0.81685138
v -0.17416218 0.20574394 -0.81713688
v -0.10093717 0.20352614 -0.75695831
v -0.10358380 0.21242869 -0.76274568
v -0.10324545 0.20966989 -0.75496423
v -0.10849820 0.21028572 -0.74333471
v -0.12184220 0.20401564 -0.75001770
v -0.12503156 0.20277205 -0.75204754
v -0.12756585 0.17881730 -0.82933009
v -0.13086051 0.18598562 -0.81781852
v -0.10668039 0.17677608 -0.78819442
v -0.10319261 0.17545789 -0.78497326
v -0.13803357 0.19421697 -0.77023053
v -0.14121544 0.21493775 -0.75316030
v -0.13377236 0.21916592 -0.75345170
v -0.13689695 0.19557765 -0.76262200
v -0.10315445 0.18689525 -0.71523297
v -0.10222588 0.18346432 -0.71868068
v -0.10944165 0.21485779 -0.75354421
v -0.15754020 0.19189757 -0.77428901
v -0.14818087 0.21301082 -0.75722325
v -0.14405480 0.20877627 -0.75134438
v -0.18079078 0.19357005 -0.78153694
v -0.13119277 0.22996569 -0.84871912
v -0.11771920 0.18001381 -0.72097057
v -0.11732380 0.18416941 -0.72725433
v -0.11311676 0.18866357 -0.71246517
v -0.10769857 0.18928376 -0.71333206
v -0.17339410 0.19390443 -0.82607388
v -0.14166132 0.19043440 -0.80965841
v -0.16269127 0.18813542 -0.86843514
v -0.08572096 0.18115982 -0.79213750
v -0.08856657 0.18763635 -0.80162406
v -0.13570717 0.19695759 -0.75623292
v -0.17126134 0.20779842 -0.77188659
v -0.15765223 0.21422186 -0.75543046
v -0.15072331 0.21260238 -0.75239325
v -0.15690321 0.21683884 -0.76368183
v -0.14833483 0.20776790 -0.75046152
v -0.11310600 0.18383205 -0.70813626
v -0.10792068 0.18454814 -0.70851791
v -0.10330848 0.18229988 -0.71139222
v -0.10279945 0.17944419 -0.71483994
v -0.10473816 0.17722696 -0.71832460
v -0.11668256 0.18180093 -0.70871919
v -0.11844369 0.17909774 -0.71123058
v -0.11781797 0.17639822 -0.71662712
v -0.11634172 0.17749512 -0.70486528
v -0.11247265 0.17867711 -0.70282358
v -0.10452259 0.17546785 -0.70271885
v -0.10423354 0.17240047 -0.70031387
v -0.10247164 0.17185774 -0.70321822
v -0.10294872 0.17712039 -0.70608497
v -0.10332002 0.16770196 -0.70036107
v -0.10453967 0.16902876 -0.69743586
v -0.10715887 0.17730358 -0.70176643
v -0.10746316 0.17380369 -0.69840187
v -0.11168884 0.16995203 -0.69511533
v -0.10786714 0.17004973 -0.69504261
v -0.11139550 0.17357352 -0.69847846
v -0.11051846 0.17662293 -0.70086193
v -0.10723267 0.18002254 -0.70417219
v -0.10799272 0.16682258 -0.69264758
v -0.10892757 0.16380844 -0.69368285
v -0.10507740 0.16468459 -0.69701701
v -0.10516749 0.16661462 -0.69503909
v -0.10252371 0.17562860 -0.71146882
v -0.10307774 0.17049551 -0.70666629
v -0.10446050 0.16604084 -0.70333487
v -0.10643128 0.16324371 -0.69950354
v -0.10669471 0.16463199 -0.70486081
v -0.10536056 0.16848096 -0.70917797
v -0.10861146 0.16270351 -0.70150489
v -0.10964028 0.16376066 -0.70541608
v -0.10901070 0.16669419 -0.71024722
v -0.10855523 0.17233187 -0.71699792
v -0.10469957 0.17400298 -0.71494979
v -0.11024570 0.16269106 -0.70251220
v -0.11034225 0.16236210 -0.69617057
v -0.11433933 0.17381129 -0.69950688
v -0.11438456 0.16947663 -0.69614881
v -0.11644346 0.17265928 -0.70102686
v -0.11605216 0.16824117 -0.69766182
v -0.11135487 0.16774672 -0.69269776
v -0.11308807 0.16600356 -0.69324225
v -0.10863271 0.17530721 -0.72037679
v -0.11410566 0.17529500 -0.71950263
v -0.11387373 0.17196581 -0.71612573
v -0.11380147 0.16625285 -0.70936620
v -0.11746506 0.17331925 -0.71275616
v -0.11810715 0.17528763 -0.70785826
v -0.11757114 0.17074838 -0.70351553
v -0.11727797 0.16848043 -0.70647091
v -0.11601066 0.16511574 -0.70258677
v -0.11668497 0.16661984 -0.70013732
v -0.11317622 0.16367707 -0.70450670
v -0.11484745 0.16381973 -0.69818801
v -0.11428996 0.16457629 -0.69572574
v -0.11467784 0.16349611 -0.70063078
v -0.11244411 0.16272745 -0.70157617
v -0.11157526 0.16240877 -0.69912279
v -0.13535491 0.19100389 -0.72700953
v -0.13063958 0.19240749 -0.72690225
v -0.13128850 0.18811232 -0.72111344
v -0.13627075 0.18705830 -0.72170925
v -0.12686032 0.20017162 -0.72233075
v -0.12902930 0.20534149 -0.71985912
v -0.12872848 0.20002836 -0.71406645
v -0.12721917 0.19480509 -0.71703947
v -0.13522711 0.20759320 -0.71896756
v -0.13465518 0.20267209 -0.71316451
v -0.12637651 0.20611361 -0.74421412
v -0.12799534 0.21196306 -0.74318779
v -0.12885824 0.20924917 -0.72761536
v -0.12662601 0.20371726 -0.73009074
v -0.14062490 0.19677433 -0.74704957
v -0.14400360 0.20000285 -0.74511540
v -0.12789905 0.19557202 -0.72485459
v -0.12842329 0.19068095 -0.71955985
v -0.14003146 0.19167599 -0.72611117
v -0.14349890 0.19452879 -0.72418374
v -0.14337093 0.19744623 -0.73146605
v -0.13975999 0.19436115 -0.73339391
v -0.12840414 0.19763124 -0.74729782
v -0.13464122 0.19621950 -0.74792194
v -0.12632817 0.20147741 -0.74574155
v -0.14100659 0.21286234 -0.74195379
v -0.14433661 0.20656317 -0.74259043
v -0.14443460 0.20259267 -0.72897404
v -0.14180672 0.20819864 -0.72689509
v -0.12727867 0.19914651 -0.73211867
v -0.13458611 0.19361109 -0.73428410
v -0.12968901 0.19527036 -0.73368162
v -0.14158198 0.20408708 -0.71962255
v -0.13527068 0.21160999 -0.72721457
v -0.14399464 0.19097707 -0.71789360
v -0.14433400 0.18570596 -0.71015918
v -0.14351836 0.18955007 -0.70764983
v -0.14377847 0.19501257 -0.71539289
v -0.14383234 0.19888273 -0.72168893
v -0.14093041 0.19953507 -0.71332467
v -0.13271722 0.18138939 -0.71293092
v -0.13774329 0.18082172 -0.71352088
v -0.12967813 0.18372846 -0.71137720
v -0.13391241 0.21620116 -0.74226385
v -0.12965435 0.19225311 -0.70637721
v -0.12865332 0.18722939 -0.70935696
v -0.14214021 0.18213180 -0.71260852
v -0.14090231 0.18797380 -0.72031838
v -0.14074138 0.19333076 -0.70559305
v -0.13490379 0.19520277 -0.70545840
v -0.14106558 0.18808991 -0.70029944
v -0.13576476 0.18941191 -0.69920570
v -0.13071901 0.18644974 -0.70061678
v -0.12973568 0.18241084 -0.70407176
v -0.13087788 0.17964059 -0.70657247
v -0.14376113 0.18516877 -0.70185465
v -0.14468810 0.18205011 -0.70435613
v -0.14285427 0.17894554 -0.70778239
v -0.14467452 0.18085566 -0.69655931
v -0.14215092 0.18264085 -0.69355798
v -0.13511983 0.17671147 -0.68813628
v -0.13564849 0.17355341 -0.68428290
v -0.13435279 0.17161477 -0.68672669
v -0.13289766 0.17571396 -0.69054991
v -0.13490245 0.17970750 -0.69102108
v -0.13250351 0.18093798 -0.69388926
v -0.13771804 0.18092003 -0.69056880
v -0.13854647 0.17847633 -0.68719959
v -0.14307675 0.17483672 -0.68342757
v -0.13937542 0.17503461 -0.68237907
v -0.14191946 0.17769501 -0.68824989
v -0.14074206 0.18040940 -0.69112062
v -0.13679960 0.16889173 -0.68241495
v -0.13663986 0.17121765 -0.68091524
v -0.13690546 0.18422037 -0.69392663
v -0.13107711 0.17842707 -0.69877994
v -0.13262640 0.17368919 -0.69350231
v -0.13476852 0.16951680 -0.68871635
v -0.13774490 0.16699719 -0.68489999
v -0.13611993 0.16770840 -0.69120789
v -0.13394251 0.17114851 -0.69600320
v -0.13891035 0.16618609 -0.68737441
v -0.13878036 0.16650069 -0.69225067
v -0.13707709 0.16929695 -0.69804025
v -0.13527068 0.17456552 -0.70477074
v -0.13221450 0.17615911 -0.70225030
v -0.13998771 0.16599000 -0.68935043
v -0.14075199 0.16874763 -0.67956096
v -0.14148632 0.16700038 -0.68252838
v -0.13990408 0.17187655 -0.67852569
v -0.14362237 0.17719185 -0.68975353
v -0.14449629 0.17350674 -0.68542552
v -0.14555505 0.17617780 -0.69126838
v -0.14602101 0.17227834 -0.68644738
v -0.14336897 0.17256367 -0.68004596
v -0.14432216 0.17077366 -0.68106484
v -0.13392130 0.17779723 -0.70860779
v -0.13864583 0.17762434 -0.70918673
v -0.13992348 0.17427650 -0.70534992
v -0.14175665 0.16936746 -0.69812679
v -0.14394167 0.17609930 -0.70344692
v -0.14545625 0.17861387 -0.69953442
v -0.14614652 0.17443758 -0.69374478
v -0.14521678 0.17173642 -0.69669414
v -0.14533868 0.16884264 -0.69136465
v -0.14618751 0.17081562 -0.68842369
v -0.14248475 0.16690964 -0.69280261
v -0.14507347 0.16794482 -0.68600065
v -0.14505953 0.16901457 -0.68305594
v -0.14465821 0.16727552 -0.68844354
v -0.14240986 0.16612887 -0.68841720
v -0.14206511 0.16624770 -0.68547928
v -0.15738757 0.19083020 -0.73474824
v -0.15335354 0.19349790 -0.73268318
v -0.15353809 0.19072688 -0.72784144
v -0.15758821 0.18781257 -0.72991019
v -0.15218374 0.20152980 -0.72913337
v -0.15449977 0.20536128 -0.72863597
v -0.15522468 0.20105931 -0.72284871
v -0.15289596 0.19821537 -0.72382063
v -0.15990956 0.20622432 -0.72872525
v -0.16006601 0.20196757 -0.72243845
v -0.14964479 0.20575395 -0.74563050
v -0.15202899 0.21068248 -0.74511939
v -0.15331268 0.20787185 -0.73492742
v -0.15082514 0.20355967 -0.73493987
v -0.15189466 0.19728291 -0.73065096
v -0.15240750 0.19447666 -0.72532755
v -0.16186556 0.19055685 -0.73532397
v -0.16508994 0.19258499 -0.73437989
v -0.16440558 0.19432077 -0.74117959
v -0.16101889 0.19242400 -0.74163055
v -0.15553901 0.19513232 -0.75272208
v -0.15118423 0.19721591 -0.75065899
v -0.14940917 0.20101774 -0.74764407
v -0.16400340 0.20744240 -0.74880558
v -0.16487315 0.20126447 -0.75134778
v -0.16642329 0.19889712 -0.73920155
v -0.16502342 0.20525095 -0.73713529
v -0.15058346 0.19881824 -0.73646510
v -0.15636119 0.19197801 -0.74106127
v -0.15217853 0.19478163 -0.73899162
v -0.16530856 0.20257035 -0.73034102
v -0.15913044 0.20894924 -0.73550969
v -0.16557662 0.18965849 -0.72905767
v -0.16573182 0.18548396 -0.71935153
v -0.16639385 0.18931812 -0.71687001
v -0.16696021 0.19416913 -0.72706860
v -0.16699454 0.19692633 -0.73240292
v -0.16509223 0.19908828 -0.72452497
v -0.15392305 0.18545166 -0.72010791
v -0.15798384 0.18314350 -0.72168028
v -0.15285751 0.18907306 -0.71759695
v -0.15828362 0.21197739 -0.74668348
v -0.16373271 0.19611335 -0.75286180
v -0.15528186 0.19482133 -0.71414560
v -0.15325472 0.19220126 -0.71560842
v -0.16268437 0.18308380 -0.72128063
v -0.16224861 0.18752286 -0.73048955
v -0.16450378 0.19363213 -0.71482247
v -0.15980557 0.19637096 -0.71372062
v -0.16475345 0.18985730 -0.70853078
v -0.15995778 0.19223717 -0.70743203
v -0.15545598 0.19093072 -0.70785409
v -0.15358689 0.18830225 -0.70980829
v -0.15328519 0.18566155 -0.71228027
v -0.16651189 0.18580604 -0.71106058
v -0.16588670 0.18269825 -0.71304458
v -0.16277319 0.18092844 -0.71594042
v -0.16692606 0.18216217 -0.70672339
v -0.16473755 0.18539396 -0.70419681
v -0.15669087 0.18211246 -0.69725502
v -0.15665598 0.17973462 -0.69289213
v -0.15481408 0.17880824 -0.69384700
v -0.15466726 0.18206039 -0.69819450
v -0.15726200 0.18490937 -0.69966900
v -0.15585500 0.18641281 -0.70206362
v -0.16027394 0.18562558 -0.70020378
v -0.16039044 0.18299478 -0.69633549
v -0.16391754 0.17885542 -0.69450480
v -0.16041571 0.18037218 -0.69246542
v -0.16371641 0.18137699 -0.69886130
v -0.16325930 0.18426037 -0.70076656
v -0.15618728 0.17656657 -0.69097346
v -0.15719754 0.17806366 -0.69048357
v -0.16030426 0.18799224 -0.70359010
v -0.15362304 0.18456393 -0.70497704
v -0.15326762 0.18049878 -0.70063126
v -0.15383333 0.17696390 -0.69629538
v -0.15570900 0.17443201 -0.69343525
v -0.15428129 0.17499140 -0.69877225
v -0.15356115 0.17817241 -0.70311004
v -0.15609437 0.17295542 -0.69590414
v -0.15582757 0.17328233 -0.70077771
v -0.15513809 0.17597607 -0.70561105
v -0.15512754 0.18021396 -0.71141255
v -0.15362050 0.18239826 -0.70842469
v -0.15687135 0.17242432 -0.69836742
v -0.16024172 0.17532748 -0.68960130
v -0.16002882 0.17292976 -0.69255990
v -0.16049515 0.17811823 -0.68907958
v -0.16568664 0.18048212 -0.70037526
v -0.16532660 0.17728120 -0.69650584
v -0.16643099 0.17848304 -0.70285797
v -0.16572773 0.17542392 -0.69800365
v -0.16347980 0.17738909 -0.69158679
v -0.16403356 0.17575747 -0.69259608
v -0.15464203 0.18300042 -0.71527183
v -0.15836242 0.18133569 -0.71682900
v -0.15865034 0.17856693 -0.71296579
v -0.15875632 0.17419791 -0.70716786
v -0.16296081 0.17817450 -0.71256346
v -0.16582488 0.17959896 -0.70966768
v -0.16548349 0.17626223 -0.70482385
v -0.16295058 0.17442876 -0.70675480
v -0.16273011 0.17230695 -0.70189667
v -0.16478604 0.17369288 -0.69996291
v -0.15904275 0.17202485 -0.70183158
v -0.16310622 0.17221540 -0.69702190
v -0.16400093 0.17369974 -0.69457680
v -0.16200136 0.17147961 -0.69896454
v -0.15929070 0.17147183 -0.69842565
v -0.15961382 0.17177591 -0.69549775
v -0.16015625 0.19521421 -0.75329554
v -0.18176061 0.18860093 -0.75232476
v -0.17932341 0.19088024 -0.75029486
v -0.18096320 0.18885404 -0.74693507
v -0.18330771 0.18658882 -0.74945140
v -0.17996408 0.19825944 -0.74678785
v -0.18344156 0.20088932 -0.74681687
v -0.18531016 0.19736013 -0.74250531
v -0.18188681 0.19509891 -0.74296057
v -0.18838374 0.20022395 -0.74887156
v -0.18974772 0.19675156 -0.74552637
v -0.17247294 0.20169050 -0.76222664
v -0.17544878 0.20561424 -0.76418185
v -0.18078166 0.20352623 -0.75259078
v -0.17726949 0.20040339 -0.75207949
v -0.18041503 0.18803701 -0.76695645
v -0.18414450 0.18992907 -0.76870936
v -0.18168363 0.19133392 -0.77548039
v -0.17720900 0.18966019 -0.77615213
v -0.17857507 0.19460154 -0.74827677
v -0.18064421 0.19191816 -0.74444574
v -0.18505636 0.18734780 -0.75435668
v -0.18864861 0.18789515 -0.75539297
v -0.18769059 0.18900794 -0.75926626
v -0.18380040 0.18787444 -0.75823247
v -0.17286006 0.19114316 -0.76481956
v -0.17660034 0.18848446 -0.76541412
v -0.17302251 0.18902913 -0.77388513
v -0.16957022 0.19126245 -0.77061611
v -0.17208622 0.19547960 -0.76279265
v -0.18641630 0.19966260 -0.76935118
v -0.18636328 0.19377792 -0.76894236
v -0.19019935 0.19270530 -0.75926262
v -0.19023380 0.19844016 -0.75723165
v -0.17653215 0.19593999 -0.75261503
v -0.18011890 0.18929052 -0.75667942
v -0.17739397 0.19171244 -0.75415385
v -0.19114549 0.19585484 -0.75288928
v -0.18620418 0.20343065 -0.75464660
v -0.19059816 0.18571281 -0.75155282
v -0.19296649 0.18201041 -0.74676466
v -0.19505443 0.18462503 -0.74530303
v -0.19316584 0.18865788 -0.75058395
v -0.19150569 0.19105363 -0.75393826
v -0.19315210 0.19279203 -0.74759734
v -0.18284604 0.18495005 -0.74214059
v -0.18519816 0.18268418 -0.74465704
v -0.18264192 0.18775871 -0.73965687
v -0.18156391 0.20632035 -0.76672798
v -0.18702753 0.19236201 -0.73723441
v -0.18391487 0.19031808 -0.73769248
v -0.18907544 0.18174082 -0.74620730
v -0.18668097 0.18532297 -0.75099665
v -0.19485098 0.18829167 -0.74280757
v -0.19149764 0.19198415 -0.73927629
v -0.19624840 0.18480474 -0.73848665
v -0.19273457 0.18875676 -0.73494881
v -0.18798265 0.18892056 -0.73339289
v -0.18484814 0.18725207 -0.73433369
v -0.18374333 0.18505114 -0.73678464
v -0.19625425 0.18115583 -0.74097812
v -0.19403628 0.17941669 -0.74291366
v -0.19026503 0.17962664 -0.74235201
v -0.19677624 0.17837188 -0.73760784
v -0.19668888 0.18164301 -0.73365504
v -0.18970558 0.18131894 -0.72571611
v -0.18967012 0.17932045 -0.72232467
v -0.18780604 0.17863542 -0.72278750
v -0.18757769 0.18150982 -0.72567374
v -0.19039583 0.18373746 -0.72813749
v -0.18875627 0.18525019 -0.72955108
v -0.19325393 0.18374932 -0.73014396
v -0.19329688 0.18149287 -0.72626919
v -0.19617586 0.17655939 -0.72492552
v -0.19365661 0.17945892 -0.72288555
v -0.19634816 0.17916426 -0.72879952
v -0.19577505 0.18156773 -0.73070920
v -0.18916829 0.17627218 -0.71991545
v -0.19038557 0.17787904 -0.71991622
v -0.19315380 0.18562007 -0.73206973
v -0.18563886 0.18432721 -0.73145860
v -0.18575707 0.18058732 -0.72711724
v -0.18642765 0.17704877 -0.72327173
v -0.18833584 0.17415783 -0.72139370
v -0.18608348 0.17563766 -0.72572607
v -0.18518491 0.17919663 -0.72956705
v -0.18797468 0.17323852 -0.72384101
v -0.18664762 0.17450699 -0.72770530
v -0.18566847 0.17747188 -0.73252952
v -0.18499056 0.18052652 -0.73686981
v -0.18457025 0.18261334 -0.73390365
v -0.18781418 0.17290831 -0.72579575
v -0.19274971 0.17435741 -0.72000855
v -0.19142240 0.17253259 -0.72147357
v -0.19386187 0.17707109 -0.71950394
v -0.19717672 0.17739698 -0.73079240
v -0.19676790 0.17443982 -0.72643042
v -0.19661546 0.17550924 -0.73276091
v -0.19577496 0.17258501 -0.72790217
v -0.19590397 0.17544591 -0.72200578
v -0.19543508 0.17340997 -0.72251320
v -0.18412469 0.18259430 -0.73926687
v -0.18637773 0.18082184 -0.74128646
v -0.18725058 0.17851403 -0.73938107
v -0.18771721 0.17547256 -0.73454833
v -0.19106430 0.17707452 -0.73996031
v -0.19455162 0.17700684 -0.74002641
v -0.19457623 0.17411602 -0.73420680
v -0.19128102 0.17381030 -0.73512596
v -0.19111483 0.17180043 -0.72977901
v -0.19373396 0.17168227 -0.72934127
v -0.18834925 0.17290655 -0.72971219
v -0.19218233 0.17128491 -0.72541124
v -0.19390593 0.17172584 -0.72397256
v -0.19080651 0.17130309 -0.72685021
v -0.18925743 0.17192081 -0.72583622
v -0.19022103 0.17181125 -0.72390252
v -0.18384427 0.19443810 -0.77450168
v -0.09267212 0.17889193 -0.77764928
v -0.08784516 0.17886066 -0.77975690
v -0.10047708 0.16339189 -0.78069270
v -0.10018933 0.16975698 -0.77767050
v -0.09670953 0.15911531 -0.78434300
v -0.08639804 0.16288847 -0.78654027
v -0.09121232 0.15975416 -0.78618479
v -0.09690911 0.17531043 -0.77655673
v -0.08348675 0.17597386 -0.78240061
v -0.08299018 0.16906625 -0.78541553
v -0.08072517 0.17086124 -0.77485013
v -0.07978052 0.16409907 -0.77638984
v -0.08350207 0.15753695 -0.77850235
v -0.08931321 0.15542507 -0.77888393
v -0.09491450 0.15626517 -0.77848881
v -0.08490191 0.17524102 -0.77267098
v -0.08969367 0.17577732 -0.77153242
v -0.09480283 0.17262232 -0.77167106
v -0.08072230 0.17087713 -0.76581627
v -0.07509694 0.16536400 -0.76480991
v -0.07413588 0.15096888 -0.76352382
v -0.07199019 0.14952743 -0.76008534
v -0.07581966 0.14770719 -0.75969344
v -0.07805777 0.14902937 -0.76411194
v -0.07533012 0.15309125 -0.76547033
v -0.07888128 0.15244544 -0.76896363
v -0.07055587 0.15580800 -0.76192588
v -0.07295201 0.15709287 -0.76439458
v -0.07208411 0.16131520 -0.76236743
v -0.07009963 0.16109079 -0.75940359
v -0.06786904 0.15380222 -0.75848496
v -0.06737398 0.15220690 -0.75459111
v -0.07022516 0.14890984 -0.75664264
v -0.07318772 0.14813644 -0.75524366
v -0.07551724 0.15910959 -0.76783311
v -0.08606561 0.15109438 -0.77155793
v -0.08300113 0.14822397 -0.76470363
v -0.08011556 0.14755544 -0.75879920
v -0.07700524 0.14937013 -0.75383323
v -0.08408458 0.15036324 -0.75688177
v -0.08812220 0.15032133 -0.76330572
v -0.08062103 0.15198183 -0.75337678
v -0.08582366 0.15448582 -0.75588131
v -0.09081829 0.15532714 -0.76133448
v -0.09620225 0.15863127 -0.77066767
v -0.09242058 0.15297872 -0.77189505
v -0.08255334 0.15438259 -0.75338012
v -0.07017362 0.15191528 -0.75122929
v -0.07432071 0.15362129 -0.75079513
v -0.07290020 0.16475046 -0.75842929
v -0.07074592 0.16231757 -0.75402755
v -0.06803357 0.15928024 -0.75645995
v -0.07704801 0.16793308 -0.75846332
v -0.07452638 0.16392812 -0.75309962
v -0.06687638 0.15678105 -0.75403094
v -0.06937460 0.15812153 -0.75161779
v -0.09850518 0.16094267 -0.77629459
v -0.09826272 0.16718400 -0.77351910
v -0.09561874 0.16527671 -0.76836860
v -0.09001682 0.16175562 -0.75976676
v -0.09146818 0.17053184 -0.76651013
v -0.08586589 0.17286724 -0.76588517
v -0.08170450 0.16849017 -0.75805444
v -0.08634499 0.16636363 -0.75865853
v -0.08246578 0.16236365 -0.75375766
v -0.07888492 0.16389906 -0.75269318
v -0.08487674 0.15872681 -0.75482905
v -0.07773673 0.15956622 -0.75077772
v -0.07354595 0.15920091 -0.75021607
v -0.08042642 0.15970421 -0.75180268
v -0.08145308 0.15692124 -0.75234824
v -0.07833894 0.15547296 -0.75133324
v -0.17664671 0.18976843 -0.78102314
v -0.17123394 0.18888253 -0.77898085
v -0.17083207 0.18837798 -0.78508407
v -0.17035079 0.18642405 -0.79242635
v -0.17492369 0.18758011 -0.80055296
v -0.16399127 0.18686038 -0.79132491
v -0.16480538 0.18890125 -0.78349936
v -0.16508017 0.19049150 -0.77493751
v -0.15765965 0.18700743 -0.79706419
v -0.09024005 0.01820137 -1.33793116
v -0.08018048 0.01945378 -1.32069647
v -0.15281427 0.17008728 -1.20536542
v -0.15362996 0.18519425 -1.21390259
v -0.19845623 0.21643066 -1.23128188
v -0.22290795 0.21463782 -1.23454058
v -0.02948143 0.06791577 -1.04606390
v -0.23752806 0.09484710 -1.09585047
v -0.24330224 0.09712719 -1.11484897
v -0.25866002 0.01974086 -1.11521721
v -0.25935706 0.03951859 -1.11093140
v -0.12916264 0.13760269 -1.07773733
v -0.13139907 0.13776162 -1.09779739
v -0.06801356 0.10266525 -1.06901515
v -0.07050890 0.10331873 -1.09139276
v -0.10340315 0.13117683 -1.05378306
v -0.24859616 0.06333929 -1.06596911
v -0.24295008 0.08244842 -1.06316090
v -0.24447408 0.07836810 -1.08216691
v -0.25168666 0.05980128 -1.08572948
v -0.25313881 0.00138458 -1.11878312
v -0.24695267 0.00126138 -1.09632933
v -0.15843916 0.14245021 -1.11935771
v -0.18490343 0.13971859 -1.12074411
v -0.22960949 0.11725559 -1.12664759
v -0.24539873 0.10052094 -1.13266492
v -0.25591281 0.08207337 -1.14031601
v -0.26326841 0.06268916 -1.14840925
v -0.05487867 0.08991133 -1.11386788
v -0.04485136 0.07262615 -1.13613462
v -0.13244131 0.13852233 -1.11819303
v -0.02101025 0.02951069 -1.11357236
v -0.27434272 0.04586539 -1.17838848
v -0.27526921 0.02248719 -1.18342531
v -0.20888561 0.13108951 -1.12289727
v -0.05370248 0.03664101 -1.28076506
v -0.05673401 0.05441158 -1.28259313
v -0.04635796 0.05427482 -1.26728940
v -0.04446380 0.03666636 -1.26449525
v -0.04943352 0.07108682 -1.26873934
v -0.05403242 0.08692429 -1.26934409
v -0.05968463 0.10130711 -1.26898897
v -0.08014256 0.13499677 -1.26185894
v -0.07245264 0.12524810 -1.26537716
v -0.09557642 0.14967346 -1.25190973
v -0.08699992 0.14291638 -1.25802958
v -0.10629839 0.15460101 -1.24216986
v -0.11998390 0.15727726 -1.23047137
v -0.14287078 0.15952808 -1.23202813
v -0.13632296 0.15825200 -1.21947145
v -0.11276126 0.15532699 -1.21797240
v -0.09909429 0.15228730 -1.23017979
v -0.08803799 0.14762950 -1.23945189
v -0.03155525 0.02377732 -1.19869053
v -0.03201027 0.02112061 -1.22238755
v -0.10012773 0.01637795 -1.35352242
v -0.22095884 0.18165731 -1.01244128
v -0.13235694 0.22008559 -0.91357613
v -0.25667644 0.00580048 -1.38015318
v -0.25931326 0.02455828 -1.38470709
v -0.25350997 0.08744194 -1.39948678
v -0.23641491 0.10668216 -1.40879238
v -0.26231837 0.06593762 -1.38969100
v -0.26561368 0.04405365 -1.38101804
v -0.10911952 0.12845245 -1.13632834
v -0.27114791 0.02394748 -1.34794760
v -0.27097571 0.04460273 -1.36975777
v -0.26977426 0.06949524 -1.37922215
v -0.26054114 0.09434142 -1.38847601
v -0.24311861 0.11975499 -1.39897287
v -0.23639205 0.13516840 -1.39680541
v -0.24262303 0.15370554 -1.37377918
v -0.23360124 0.17280152 -1.36492634
v -0.21714482 0.17870229 -1.37589121
v -0.22190885 0.16844454 -1.38442159
v -0.23819999 0.16313753 -1.37057674
v -0.22828493 0.20634735 -1.26892459
v -0.24440426 0.19803143 -1.23779392
v -0.23519063 0.20538288 -1.25027812
v -0.25203374 0.18608132 -1.22870004
v -0.25540221 0.17590299 -1.22298145
v -0.25655830 0.16536769 -1.22207892
v -0.25637287 0.15663904 -1.22896993
v -0.24646112 0.13749397 -1.25552166
v -0.24324560 0.13628718 -1.26377916
v -0.25023192 0.14859730 -1.24863458
v -0.25207973 0.14664158 -1.24245477
v -0.25861219 0.12968782 -1.21659279
v -0.26040977 0.12113515 -1.20163643
v -0.26322508 0.10906737 -1.18744910
v -0.25476784 0.10215340 -0.97411907
v -0.24742250 0.09712808 -0.99089694
v -0.25530428 0.07685573 -0.99010062
v -0.26346549 0.08198593 -0.97284824
v -0.24596140 0.02791948 -1.02611899
v -0.24151394 0.00502612 -1.02610469
v -0.19763926 0.14570972 -0.98832589
v -0.17205629 0.15286434 -0.98408771
v -0.23526967 0.11625138 -0.99162918
v -0.21929428 0.13275841 -0.99086082
v -0.14537691 0.15274253 -0.97821945
v -0.05936311 0.10279008 -0.94653177
v -0.04290082 0.08396667 -0.94013351
v -0.02053569 0.04397858 -0.93147278
v -0.01492667 0.02335445 -0.92920834
v -0.11991847 0.14672413 -0.97025728
v -0.02941726 0.06446148 -0.93502098
v -0.09750742 0.13564610 -0.96193290
v -0.07737714 0.11995076 -0.95371425
v -0.24650085 0.04895849 -1.02620769
v -0.25186157 0.05193235 -1.00746763
v -0.24913326 0.07210147 -1.00762916
v -0.28890392 0.04090424 -1.25310314
v -0.28592560 0.01963512 -1.25129342
v -0.29158425 0.06184626 -1.25608671
v -0.29227912 0.07789742 -1.28132546
v -0.29107293 0.08078711 -1.26253998
v -0.28720450 0.09808086 -1.27004898
v -0.28825706 0.09579574 -1.28695679
v -0.27749258 0.12854850 -1.29486084
v -0.27680480 0.12881798 -1.28133202
v -0.27222523 0.13932240 -1.28468120
v -0.27281874 0.14052117 -1.29724967
v -0.26284200 0.15186483 -1.28906488
v -0.26757950 0.14749086 -1.28697002
v -0.25676689 0.15401357 -1.28979170
v -0.25677121 0.15653762 -1.28556097
v -0.25946218 0.16794613 -1.30660486
v -0.26155478 0.16303793 -1.31177723
v -0.27617425 0.13080409 -1.30968332
v -0.28218699 0.11466759 -1.30748320
v -0.28179556 0.02038863 -1.28356373
v -0.27586985 0.00130434 -1.27951753
v -0.15635860 0.15882382 -1.21287978
v -0.17784902 0.15892273 -1.20845795
v -0.19782388 0.15759876 -1.20695722
v -0.21587349 0.15561476 -1.20756578
v -0.23113957 0.14988714 -1.21253777
v -0.24486637 0.14430985 -1.21851647
v -0.25441509 0.14303476 -1.23513162
v -0.25671786 0.13745627 -1.22670555
v -0.26296490 0.13796631 -1.24476051
v -0.26632813 0.13070753 -1.23707914
v -0.27922642 0.11868344 -1.26176238
v -0.27362439 0.12442776 -1.24877656
v -0.28255951 0.11463215 -1.27625453
v -0.28334606 0.11315018 -1.29167104
v -0.28708839 0.09623151 -1.30453086
v -0.29112941 0.07742517 -1.30001092
v -0.28568602 0.06217442 -1.33219302
v -0.28947538 0.05928373 -1.31356478
v -0.29163420 0.05861860 -1.29449403
v -0.29261935 0.05867953 -1.27605915
v -0.23007312 0.07073379 -1.42039633
v -0.24022447 0.05155415 -1.41523266
v -0.25766593 0.15858504 -1.23748231
v -0.25765789 0.16554949 -1.23543370
v -0.25850734 0.16411293 -1.24480808
v -0.25840962 0.16006368 -1.24376285
v -0.25629511 0.17268494 -1.23753858
v -0.25370854 0.18193039 -1.24288785
v -0.25539070 0.17786509 -1.25400746
v -0.25770631 0.16888204 -1.24805450
v -0.24795741 0.19137076 -1.25101352
v -0.25125739 0.18617773 -1.26201093
v -0.24157296 0.19770923 -1.26155782
v -0.23704381 0.19998658 -1.27453470
v -0.24188581 0.19604123 -1.27837193
v -0.24619542 0.19249809 -1.27071667
v -0.24680854 0.18463492 -1.31535697
v -0.24448240 0.19008991 -1.30281782
v -0.24259363 0.19402102 -1.28914773
v -0.25858203 0.15922210 -1.27753925
v -0.25938582 0.16271862 -1.26832974
v -0.25850838 0.16561407 -1.25770473
v -0.25690359 0.17393619 -1.26500762
v -0.25884643 0.17009544 -1.27636552
v -0.25937647 0.16600204 -1.28671622
v -0.28921124 0.03885784 -1.27156889
v -0.28425205 0.01954508 -1.26721716
v -0.26410547 0.15543896 -1.30025530
v -0.26882905 0.14911839 -1.29931605
v -0.25973684 0.15999770 -1.30005026
v -0.25899604 0.16307798 -1.29572165
v -0.26471376 0.15823367 -1.31312275
v -0.26863933 0.15198958 -1.31257951
v -0.27226812 0.14294276 -1.31121457
v -0.28759444 0.03982764 -1.28942621
v -0.27918094 0.00065716 -1.26424479
v -0.13609263 0.16765729 -1.33906436
v -0.14895768 0.17693135 -1.36066341
v -0.16928843 0.18484768 -1.37607253
v -0.19468081 0.18507698 -1.38124382
v -0.20633297 0.15878606 -1.08194172
v -0.24241251 0.00177484 -1.07414174
v -0.23963431 0.00315479 -1.05051041
v -0.24481285 0.02418066 -1.04848862
v -0.27235615 0.00140988 -1.18536806
v -0.28259423 0.00006167 -1.25023222
v -0.04598944 0.11237063 -1.23995686
v -0.03934965 0.10023677 -1.24155509
v -0.04880252 0.10065156 -1.25520790
v -0.05546984 0.11308929 -1.25359833
v -0.06163037 0.13145691 -1.23643279
v -0.05326683 0.12273084 -1.23836422
v -0.06235793 0.12385000 -1.25180984
v -0.07023867 0.13316140 -1.24905264
v -0.07065018 0.13894016 -1.23288262
v -0.07874702 0.14105645 -1.24533463
v -0.04625267 0.12196342 -1.22380817
v -0.03839000 0.11183559 -1.22505105
v -0.03226738 0.09995963 -1.22647226
v -0.06423454 0.13703644 -1.22009277
v -0.05511075 0.13016042 -1.22236621
v -0.11356579 0.01168417 -1.41963661
v -0.11500519 0.01425564 -1.37659657
v -0.11901908 0.01324102 -1.38675678
v -0.03663289 0.02032697 -1.24224579
v -0.05178870 0.02000581 -1.27718771
v -0.06225131 0.02027418 -1.28873253
v -0.07114767 0.02026530 -1.30379224
v -0.10865472 0.01548535 -1.36620677
v -0.04366951 0.01989859 -1.25951946
v -0.24661654 0.14535376 -0.80222583
v -0.26378959 0.12386753 -0.78501743
v -0.26213375 0.13046280 -0.81175303
v -0.27402011 0.11526679 -0.79899871
v -0.23638293 0.14733940 -0.88184506
v -0.24416643 0.14350691 -0.85543036
v -0.23193675 0.14891997 -0.90908539
v -0.28467953 0.09381209 -0.79192245
v -0.29060560 0.06794253 -0.79018950
v -0.29708803 0.06686833 -0.81083405
v -0.25453925 0.13190922 -0.90729880
v -0.25807077 0.13054195 -0.88077092
v -0.25242963 0.13941514 -0.83146977
v -0.26795259 0.12553146 -0.83292621
v -0.27026549 0.12269328 -0.81787086
v -0.29010421 0.09139713 -0.81036824
v -0.28003642 0.11023104 -0.81285250
v -0.27795777 0.01218451 -0.95234376
v -0.27880862 0.04130901 -0.95171738
v -0.26933309 0.03766816 -0.97087801
v -0.26139212 0.10758800 -0.95536888
v -0.24129024 0.12164646 -0.97530979
v -0.28200006 0.10953619 -0.83121002
v -0.29324704 0.09020505 -0.83192861
v -0.30182916 0.06469218 -0.83390272
v -0.29379395 0.06698018 -0.90916407
v -0.29964644 0.06543650 -0.88536775
v -0.29097486 0.08984843 -0.88291872
v -0.28518832 0.09103291 -0.90794206
v -0.26735592 0.11095182 -0.93272829
v -0.27202851 0.11231589 -0.90740514
v -0.28587636 0.06710117 -0.93172061
v -0.27860945 0.09000926 -0.93200409
v -0.27120474 0.08676314 -0.95363957
v -0.27650338 0.11184172 -0.88063860
v -0.30599779 0.03541044 -0.86197001
v -0.30264542 0.06449629 -0.85980070
v -0.30167264 0.00535275 -0.86352086
v -0.27685970 0.06484902 -0.95257992
v -0.26784956 0.06098545 -0.97199649
v -0.25913388 0.05603911 -0.99021256
v -0.24642035 0.04584052 -1.04700172
v -0.08122785 0.12010684 -0.58194113
v -0.13401660 -0.00715827 -0.75313199
v -0.16155992 -0.01075287 -0.76004380
v -0.13003826 0.17370284 -0.84067720
v -0.20608902 0.16859043 -0.82092714
v -0.23300318 0.15348884 -0.82676375
v -0.07287201 0.02895964 -0.75686693
v -0.09177861 0.00930380 -0.75016439
v -0.10307227 0.15778866 -0.83453119
v -0.06315201 0.11303914 -0.78996128
v -0.11159713 -0.00040331 -0.74871427
v -0.26297143 0.12894085 -0.85524845
v -0.28032792 0.11032558 -0.85411823
v -0.29323494 0.09006902 -0.85658956
v -0.30476201 0.03519298 -0.83680224
v -0.30012301 0.00480352 -0.84030497
v -0.05404449 0.02158703 -0.80398130
v -0.04883140 0.01720105 -0.81200081
v -0.04845819 0.00849030 -0.80991554
v -0.05630443 0.00858714 -0.79809743
v -0.06118979 0.10300212 -0.92654258
v -0.04569897 0.08328903 -0.91968632
v -0.02476849 0.04132205 -0.91010284
v -0.01933446 0.02127978 -0.90783370
v -0.12054985 0.15037316 -0.95190781
v -0.03322906 0.06200171 -0.91412878
v -0.09832354 0.13840899 -0.94262242
v -0.07859110 0.12163316 -0.93418181
v -0.19050317 0.00612258 -0.15388131
v -0.18730326 0.00330111 -0.12553847
v -0.20257182 0.00262871 -0.12778628
v -0.20505112 0.00306331 -0.15614820
v -0.23474181 0.01672561 -0.15846956
v -0.22535425 0.00618725 -0.15746152
v -0.23914154 0.03133492 -0.15737545
v -0.23747723 0.02476346 -0.12813592
v -0.23310038 0.03651346 -0.12691689
v -0.23648354 0.04494166 -0.15518653
v -0.22873376 0.05407149 -0.15296376
v -0.19813143 0.05832009 -0.12401211
v -0.19932169 0.06765735 -0.15027511
v -0.21773672 0.06172682 -0.15167689
v -0.21567106 0.05338740 -0.12538397
v -0.17930415 0.06310569 -0.14703345
v -0.17836991 0.05402530 -0.12370157
v -0.16639838 0.04961560 -0.14697671
v -0.17612056 0.01305880 -0.15156448
v -0.17178211 0.00835916 -0.12420273
v -0.23360384 0.01191493 -0.12921584
v -0.22304824 0.00371836 -0.12815404
v -0.21500766 0.00222768 -0.15732229
v -0.21311456 0.00332242 -0.12797379
v -0.19740495 -0.00047221 -0.09843385
v -0.18147254 -0.00546290 -0.09820437
v -0.23271284 0.00916589 -0.09993851
v -0.22016881 0.00428494 -0.09977090
v -0.22924596 0.03123412 -0.09957206
v -0.23719901 0.02086783 -0.09986246
v -0.21378398 0.05098847 -0.09998977
v -0.22507945 0.04544557 -0.12664497
v -0.22152093 0.04128508 -0.10026693
v -0.19713551 0.05395284 -0.09963810
v -0.17423099 0.04972953 -0.10219753
v -0.16460885 0.00224400 -0.10071373
v -0.20958939 0.00284375 -0.09959280
v -0.00725931 0.06883051 -0.05877519
v -0.00850475 0.07313152 -0.05873978
v -0.00733030 0.07577629 -0.05575180
v -0.00530156 0.06893677 -0.05287755
v 0.00659320 0.02555092 -0.05422497
v 0.00766745 0.03353839 -0.05800211
v 0.00725539 0.03753433 -0.04916573
v 0.00643945 0.02646343 -0.04444933
v 0.00080915 0.06147125 -0.04895902
v 0.00158285 0.05674864 -0.04803252
v 0.00476745 0.05513090 -0.05287814
v 0.00323536 0.06304531 -0.05475175
v -0.04266418 0.09861934 -0.05317008
v -0.04072931 0.09461377 -0.05221200
v -0.03894795 0.09360561 -0.05707550
v -0.04183434 0.09843358 -0.05706346
v -0.02394516 0.08790682 -0.05199003
v -0.02203767 0.08420523 -0.05102837
v -0.01977721 0.08310591 -0.05490756
v -0.02259677 0.08855276 -0.05488586
v -0.01656848 0.03452062 -0.05844164
v -0.00233957 0.03483955 -0.06012464
v -0.00308748 0.02279790 -0.05444348
v -0.01827504 0.02016000 -0.05574000
v -0.00485422 0.01826806 -0.04379582
v -0.00716111 0.02668713 -0.03981733
v -0.02117619 0.02492400 -0.03619695
v -0.02085843 0.01610070 -0.04314792
v -0.00589414 0.03912371 -0.04255354
v -0.01886784 0.03826229 -0.03987789
v -0.01653284 0.04328745 -0.05050826
v -0.00260444 0.04579735 -0.05314350
v -0.01739608 0.06211387 -0.05515003
v -0.00550875 0.06644005 -0.05584538
v -0.00476049 0.05921042 -0.06081331
v -0.01728685 0.05539006 -0.06109953
v -0.00274929 0.05120485 -0.05795527
v -0.01484355 0.04530882 -0.05826187
v -0.01393804 0.04398740 -0.04849696
v -0.00104536 0.04710920 -0.05114317
v -0.00453278 0.05344959 -0.04623866
v -0.01686883 0.04980705 -0.04456580
v -0.01835145 0.05874871 -0.04740107
v -0.00639293 0.06228454 -0.04810584
v -0.01304764 0.06641133 -0.05891645
v -0.02286249 0.06285733 -0.06110168
v -0.02601071 0.07259954 -0.06395721
v -0.01475719 0.07357436 -0.06080377
v -0.02318546 0.06750827 -0.04737175
v -0.02084621 0.06145169 -0.05131721
v -0.01138271 0.06389411 -0.05110693
v -0.01294132 0.06966455 -0.04812741
v -0.01440221 0.07678860 -0.05001044
v -0.02538943 0.07629328 -0.05022264
v -0.02547364 0.07895231 -0.05800068
v -0.01452655 0.07967761 -0.05680954
v -0.02923094 0.08729154 -0.06088674
v -0.03994221 0.08710081 -0.06401932
v -0.04027205 0.09240676 -0.05906987
v -0.02968897 0.09129895 -0.05595744
v -0.03560621 0.07957207 -0.06306458
v -0.02712452 0.08159685 -0.06092525
v -0.03527305 0.08238193 -0.04934752
v -0.03254429 0.07830647 -0.05716503
v -0.02548271 0.07862193 -0.05605221
v -0.02704414 0.08220080 -0.04919612
v -0.02912027 0.08913552 -0.05011678
v -0.03936955 0.09018888 -0.05127048
v -0.04951148 0.10223048 -0.05813169
v -0.04865471 0.09923945 -0.06303954
v -0.05750129 0.09900901 -0.06418467
v -0.05936179 0.10182559 -0.05734468
v -0.05226193 0.09255347 -0.06417501
v -0.04563141 0.09289156 -0.06306982
v -0.05183624 0.09365558 -0.05047953
v -0.04981290 0.09196835 -0.05827761
v -0.04444927 0.09072188 -0.05721784
v -0.04552913 0.09325232 -0.05134380
v -0.04819680 0.09995011 -0.05227864
v -0.05668768 0.09942202 -0.05146790
v -0.03301112 0.01909856 -0.05602992
v -0.03097699 0.03755642 -0.05671620
v 0.00171076 0.02954017 -0.04254246
v -0.03569257 0.01569683 -0.04147744
v 0.00234254 0.03635009 -0.04341412
v -0.03157498 0.04167678 -0.03909206
v -0.03580821 0.02499792 -0.03451622
v -0.02296993 0.04219658 -0.04869032
v 0.00199039 0.06003805 -0.05872262
v -0.02642240 0.05961470 -0.05242312
v -0.03443300 0.06087585 -0.04376614
v 0.00303739 0.05500286 -0.05779529
v -0.03409848 0.05559802 -0.06141090
v -0.04397324 0.07312171 -0.06330919
v -0.00768618 0.07162999 -0.04995549
v -0.00838321 0.07550146 -0.05089223
v -0.04248206 0.07875874 -0.04660189
v -0.03472749 0.07804933 -0.05720937
v -0.02344298 0.08656187 -0.05883527
v -0.04969678 0.09204005 -0.05827451
v -0.05465402 0.09184749 -0.04860365
v -0.02217272 0.08356170 -0.05982924
v -0.05670165 0.08830562 -0.06529260
v -0.04321253 0.09668986 -0.06004298
v -0.06688881 0.09975929 -0.04872417
v -0.07167751 0.10272019 -0.05560935
v -0.04134525 0.09386581 -0.06102324
v -0.06849399 0.09857450 -0.06439602
v -0.16555849 0.02181646 -0.14831758
v -0.16191624 0.01658343 -0.12390590
v -0.16288613 0.03307647 -0.14713717
v -0.16461241 0.04128577 -0.12361860
v -0.15999052 0.02748157 -0.12372088
v -0.15302449 0.01254923 -0.10133290
v -0.15845859 0.03796749 -0.10206366
v -0.15155201 0.02487011 -0.10309017
v -0.21395522 0.05185664 -0.08142555
v -0.19777445 0.05699699 -0.08202946
v -0.22217777 0.04030923 -0.07978380
v -0.23850490 0.02088317 -0.07742465
v -0.23125595 0.03133200 -0.07909954
v -0.14138144 0.01205662 -0.08647299
v -0.15695487 0.00190266 -0.08104324
v -0.13809663 0.02663166 -0.09011877
v -0.14717960 0.04156788 -0.09008431
v -0.04994348 0.01337764 -0.05740118
v -0.07081335 0.01240546 -0.05487466
v -0.07050926 0.02497475 -0.06836963
v -0.05033473 0.03126203 -0.06302369
v -0.07550330 0.04342657 -0.07016397
v -0.05482502 0.04934911 -0.06383693
v -0.08379451 0.06041411 -0.06911004
v -0.06327039 0.06643788 -0.06473768
v -0.09334745 0.07600895 -0.06614554
v -0.07395485 0.08252904 -0.06569397
v -0.10258647 0.08951347 -0.06027400
v -0.08366447 0.09578087 -0.06276453
v -0.10622507 0.09803107 -0.05143607
v -0.08714917 0.10327038 -0.05393779
v -0.05233660 0.01067567 -0.03892732
v -0.07332528 0.01077316 -0.03834164
v -0.05377083 0.02329812 -0.02999210
v -0.07433479 0.02301222 -0.02745044
v -0.05588210 0.04057984 -0.03272510
v -0.07687400 0.03938596 -0.02922726
v -0.10198849 0.09693561 -0.04062927
v -0.08247774 0.10006886 -0.04315162
v -0.06141206 0.05860834 -0.03648841
v -0.08258142 0.05666308 -0.03300416
v -0.06833080 0.07529402 -0.03834283
v -0.08934572 0.07299489 -0.03486061
v -0.07573815 0.08923919 -0.04024386
v -0.09625754 0.08666652 -0.03577948
v -0.09400630 0.01864962 -0.06987178
v -0.09766833 0.03675026 -0.07848227
v -0.10701492 0.05324072 -0.07452512
v -0.11724380 0.06799322 -0.06767833
v -0.12557927 0.08068608 -0.05887115
v -0.12837902 0.09111757 -0.04999137
v -0.14675321 0.06306335 -0.07220364
v -0.15110311 0.07294530 -0.05457091
v -0.15040994 0.08214636 -0.04466617
v -0.17653885 0.06718519 -0.05121851
v -0.17363913 0.07448884 -0.04032183
v -0.21602270 0.05607364 -0.04429543
v -0.21495315 0.06521250 -0.03145468
v -0.19677579 0.06899627 -0.03692281
v -0.19905402 0.06076776 -0.04782057
v -0.17505714 0.06065038 -0.06788254
v -0.19839361 0.05556890 -0.06448162
v -0.21474271 0.04935999 -0.06291878
v -0.22731572 0.05883623 -0.02688980
v -0.22823460 0.05083719 -0.04166543
v -0.23926130 0.04196849 -0.03906286
v -0.23651773 0.04774098 -0.02428365
v -0.24445303 0.02572459 -0.03449893
v -0.23970771 0.03151187 -0.01870549
v -0.23342156 0.01215424 -0.03154850
v -0.22995409 0.01647856 -0.01579893
v -0.23499922 0.03523903 -0.05958402
v -0.22513606 0.04252088 -0.06125331
v -0.24111569 0.02288837 -0.05693734
v -0.23220646 0.01064076 -0.05498505
v -0.21512252 0.00694473 -0.05569291
v -0.21379992 0.00771681 -0.03319573
v -0.21198165 0.00925780 -0.01751494
v -0.09526102 0.01190530 -0.05338514
v -0.09765196 0.01365873 -0.03973341
v -0.12870947 0.04746464 -0.08282232
v -0.11944945 0.03048363 -0.08483469
v -0.12314644 0.01280667 -0.07342613
v -0.12180640 0.00794182 -0.05100560
v -0.12382589 0.01441710 -0.03728235
v -0.14694814 0.01369473 -0.03284132
v -0.14655101 0.00545353 -0.04564238
v -0.09944773 0.02349079 -0.03084302
v -0.12554619 0.02439787 -0.03131843
v -0.14823490 0.02299049 -0.02785516
v -0.16703324 0.01072043 -0.02739763
v -0.16749236 0.00439429 -0.04018855
v -0.18356092 0.00925285 -0.02382016
v -0.18513356 0.00596030 -0.03854358
v -0.19905519 0.00660734 -0.03586507
v -0.19717054 0.00826154 -0.02018154
v -0.18931055 0.00318518 -0.05721509
v -0.20194992 0.00470206 -0.05743062
v -0.17099735 0.00138833 -0.05885065
v -0.14888178 0.00310451 -0.06427360
v -0.12482584 0.09092986 -0.03820825
v -0.14755368 0.08370817 -0.03580189
v -0.17000693 0.07551894 -0.03242707
v -0.19220740 0.06983051 -0.02608335
v -0.20942891 0.06410999 -0.02062380
v -0.22015117 0.05776984 -0.01700437
v -0.23000219 0.03498670 -0.01066375
v -0.22821213 0.04842017 -0.01337647
v -0.22367173 0.02334671 -0.00972795
v -0.20905092 0.01900823 -0.00853741
v -0.19596606 0.01727488 -0.01124644
v -0.16787796 0.01969564 -0.02045453
v -0.18327931 0.01783476 -0.01393139
v -0.17646086 -0.00571198 -0.07662880
v -0.19356726 -0.00244698 -0.07592714
v -0.20590150 0.00185147 -0.07707560
v -0.23183280 0.00940797 -0.07745683
v -0.21716061 0.00505501 -0.07724214
v -0.10225485 0.03789433 -0.02874541
v -0.10760533 0.05439517 -0.03154969
v -0.11385095 0.06973161 -0.03340995
v -0.11966407 0.08209217 -0.03432620
v -0.14331615 0.07662621 -0.03191316
v -0.13888806 0.06547818 -0.03002954
v -0.13346510 0.05110984 -0.02817142
v -0.12839963 0.03625380 -0.02925646
v -0.16553450 0.06961097 -0.02754116
v -0.16121078 0.06004705 -0.02563787
v -0.15674269 0.04662339 -0.02280807
v -0.15115179 0.03392893 -0.02385378
v -0.17097980 0.02991268 -0.01646638
v -0.17676723 0.04076244 -0.01642621
v -0.18117340 0.05345619 -0.01926482
v -0.18651131 0.06250011 -0.02119410
v -0.20267434 0.05664095 -0.01669323
v -0.19679216 0.04789101 -0.01474977
v -0.19221331 0.03694036 -0.01286066
v -0.18664998 0.02743792 -0.01190996
v -0.21198197 0.05148116 -0.01400793
v -0.22161293 0.03689218 -0.00950432
v -0.21879804 0.04519654 -0.01129138
v -0.21799430 0.02928752 -0.00758743
v -0.20783678 0.02696201 -0.00840592
v -0.19753227 0.02662246 -0.01017129
v -0.20117129 0.03491854 -0.01110244
v -0.20847993 0.03385298 -0.01027703
v -0.20562267 0.04462422 -0.01300621
v -0.21218058 0.04113228 -0.01122332
v -0.21435106 0.03349861 -0.00941503
v -0.21613395 0.03751782 -0.01037002
v -0.16857401 0.05197857 -0.08350563
v -0.12073590 0.08165696 -0.41474044
v -0.12258564 0.06812098 -0.41935474
v -0.12305287 0.09806971 -0.41553599
v -0.08025641 0.13582325 -0.82512730
v -0.04660719 0.08606160 -1.04686844
v -0.05223480 0.08883494 -1.09088302
v -0.04934786 0.08723599 -1.06851101
v -0.07811217 0.13837415 -0.79648662
v -0.10958548 0.12952057 -1.11617994
v -0.06608395 0.11419939 -1.26749432
v -0.19772115 -0.11158274 -0.02378333
v -0.17899147 -0.11154928 -0.02929246
v -0.18265204 -0.10591657 -0.04100323
v -0.04618000 0.02325922 -1.51844335
v -0.12430088 0.07319076 -1.51299477
v -0.13272776 0.07138485 -1.50731730
v -0.12828752 0.06881509 -1.49469566
v -0.11931002 0.07110663 -1.50096655
v -0.12257925 0.06440652 -1.48280787
v -0.11548721 0.06832940 -1.49104500
v -0.11475412 0.05901441 -1.47272515
v -0.11029623 0.06439219 -1.48147988
v -0.10638058 0.05484146 -1.46566737
v -0.10295217 0.06061863 -1.47455800
v -0.08694747 0.04306294 -1.45704198
v -0.09039836 0.04031402 -1.45299351
v -0.08447427 0.03478575 -1.44844151
v -0.08027427 0.03648714 -1.45151377
v -0.07860427 0.02871261 -1.44487464
v -0.07431791 0.03008176 -1.44770575
v -0.07473762 0.02138923 -1.44282722
v -0.07017110 0.02228888 -1.44529319
v -0.07243230 0.01267140 -1.44229293
v -0.06773141 0.01341312 -1.44463646
v -0.06231341 0.01418315 -1.45233750
v -0.06434884 0.02262641 -1.45287061
v -0.06650890 0.02258414 -1.44888306
v -0.06476877 0.01390943 -1.44787037
v -0.06867312 0.02958697 -1.45493150
v -0.07107170 0.03015151 -1.45094013
v -0.07358919 0.03530280 -1.45860755
v -0.07657465 0.03633997 -1.45498681
v -0.07947011 0.04268947 -1.46447611
v -0.08325095 0.04368449 -1.46074879
v -0.08215029 0.04895653 -1.47054434
v -0.08712073 0.05100179 -1.46877813
v -0.08016997 0.01917140 -1.44173837
v -0.07757603 0.01161806 -1.44093859
v -0.08376586 0.02576251 -1.44330239
v -0.08879592 0.03153461 -1.44612527
v -0.09463435 0.03618275 -1.44946682
v -0.09763746 0.04912695 -1.46021080
v -0.10114585 0.04134754 -1.45366848
v -0.10870262 0.04834162 -1.45981789
v -0.11793374 0.05301988 -1.46688485
v -0.12740079 0.05962171 -1.47771418
v -0.13524942 0.06575120 -1.49071705
v -0.14032823 0.06864731 -1.50468898
v -0.13602830 0.07205663 -1.51664758
v -0.06743059 0.02890197 -1.45882404
v -0.06337962 0.02233491 -1.45712912
v -0.07166509 0.03442800 -1.46200168
v -0.07613501 0.04106500 -1.46760988
v -0.07798128 0.04641759 -1.47294259
v -0.07578660 0.05177447 -1.48418140
v -0.07778450 0.05020820 -1.47838056
v -0.06907791 0.05119009 -1.49517298
v -0.07281388 0.05201713 -1.48986006
v -0.07235704 0.05864652 -1.50270104
v -0.07827652 0.05946907 -1.49547577
v -0.07536735 0.05567522 -1.49205518
v -0.07070988 0.05506642 -1.49844646
v -0.07387411 0.06189367 -1.50891078
v -0.08114009 0.06313402 -1.50060642
v -0.08516459 0.01722411 -1.44075966
v -0.08345176 0.01029416 -1.44008982
v -0.08881545 0.02301066 -1.44209158
v -0.09328683 0.02752183 -1.44418871
v -0.09871720 0.03079927 -1.44644284
v -0.10509878 0.03456553 -1.44931829
v -0.11202263 0.03957220 -1.45365191
v -0.12099855 0.04641266 -1.46019614
v -0.13179125 0.05449050 -1.47115219
v -0.14060004 0.06246991 -1.48719966
v -0.14593339 0.06578087 -1.50190318
v -0.10957971 0.02565900 -1.44427454
v -0.10435715 0.02257656 -1.44324243
v -0.10039862 0.02020522 -1.44198012
v -0.09656122 0.01795281 -1.44132888
v -0.09658492 0.01360445 -1.44053423
v -0.09577602 0.00760517 -1.44023490
v -0.10247851 0.01159285 -1.44030559
v -0.10164152 0.00632916 -1.44011784
v -0.10683130 0.01306632 -1.43926811
v -0.10582834 0.00548518 -1.43849850
v -0.11034392 0.01426318 -1.43760836
v -0.09967357 0.00320945 -1.43865871
v -0.08195099 0.05340967 -1.47756004
v -0.08676074 0.05653724 -1.47797346
v -0.08358151 0.05898396 -1.48703623
v -0.08793887 0.06268722 -1.49121761
v -0.09231242 0.06014089 -1.48022532
v -0.07945901 0.05528420 -1.48493457
v -0.09885429 0.06455130 -1.48565865
v -0.09242773 0.06655357 -1.49723041
v -0.08383603 0.06664894 -1.50732291
v -0.09600807 0.06931354 -1.50385165
v -0.10455923 0.06792609 -1.49304366
v -0.08736759 0.06964543 -1.51284134
v -0.09066881 0.07204536 -1.51799738
v -0.09904131 0.07125443 -1.50961936
v -0.10759799 0.07025156 -1.50027108
v -0.09357194 0.05365833 -1.46776366
v -0.11104117 0.07199060 -1.50763619
v -0.09398777 0.07364841 -1.52328682
v -0.10249631 0.07285539 -1.51576591
v -0.09802157 0.07508642 -1.53042293
v -0.10858463 0.07455113 -1.52403557
v -0.11723118 0.07363471 -1.51749551
v -0.13052234 0.07435187 -1.52371573
v -0.06114186 0.01439389 -1.45670748
v -0.15890242 -0.10150927 -0.06198442
v -0.18281674 -0.10173955 -0.05852807
v -0.20040792 -0.09960213 -0.05687439
v -0.21127182 -0.10842026 -0.02106357
v -0.21363261 -0.10245241 -0.03567517
v -0.22653294 -0.09676851 -0.03388536
v -0.22298068 -0.10018952 -0.01823997
v -0.23581037 -0.08219086 -0.03092957
v -0.23040628 -0.08507802 -0.01524234
v -0.22909102 -0.06604407 -0.02863002
v -0.22527227 -0.06800091 -0.01295972
v -0.22366224 -0.09055689 -0.05523205
v -0.21209767 -0.09557543 -0.05606115
v -0.23287223 -0.07991470 -0.05330551
v -0.22767173 -0.06595731 -0.05106437
v -0.21200427 -0.05835020 -0.05164421
v -0.21114406 -0.05733224 -0.03012884
v -0.20963199 -0.05681465 -0.01446784
v -0.09491155 -0.03137138 -0.04811060
v -0.09738113 -0.03282730 -0.03450406
v -0.11697893 -0.07632723 -0.07648242
v -0.11212238 -0.05713341 -0.07905912
v -0.12092596 -0.04047974 -0.06922996
v -0.12183988 -0.03426979 -0.04670012
v -0.12272185 -0.04029871 -0.03215003
v -0.14550306 -0.04493201 -0.02873266
v -0.14657331 -0.03824331 -0.04135704
v -0.09702209 -0.04169020 -0.02485251
v -0.12223488 -0.04937968 -0.02640533
v -0.14485835 -0.05342816 -0.02200043
v -0.16593166 -0.04696027 -0.02425909
v -0.16729487 -0.04222843 -0.03691578
v -0.18233575 -0.04994897 -0.02070010
v -0.18405372 -0.04856602 -0.03536236
v -0.19721426 -0.05313680 -0.03274095
v -0.19584160 -0.05243252 -0.01707995
v -0.18802801 -0.04848839 -0.05399108
v -0.19979827 -0.05326373 -0.05329967
v -0.17083596 -0.04249498 -0.05554104
v -0.14876242 -0.03837702 -0.06093192
v -0.10428683 -0.11345127 -0.02596927
v -0.12819538 -0.11223673 -0.02542281
v -0.15197888 -0.10999219 -0.02290678
v -0.17489068 -0.10977638 -0.01844895
v -0.19312987 -0.10811106 -0.01290739
v -0.20517400 -0.10432313 -0.01015091
v -0.22085008 -0.08504871 -0.00725055
v -0.21534887 -0.09759800 -0.00829589
v -0.21785128 -0.07228851 -0.00604343
v -0.20498690 -0.06405574 -0.00569046
v -0.19277036 -0.05959653 -0.00735450
v -0.16497329 -0.05491513 -0.01556051
v -0.18043062 -0.05680013 -0.01001549
v -0.17727903 -0.03729533 -0.07316935
v -0.19325131 -0.04479579 -0.07161713
v -0.20360260 -0.05150075 -0.07190228
v -0.22726600 -0.06457496 -0.07154655
v -0.21371973 -0.05710841 -0.07119131
v -0.09625240 -0.05564482 -0.02209902
v -0.09727801 -0.07283617 -0.02235317
v -0.09944971 -0.08921101 -0.02261770
v -0.10186236 -0.10291079 -0.02285004
v -0.12622187 -0.10370948 -0.02136302
v -0.12485114 -0.09158564 -0.02019501
v -0.12343751 -0.07632069 -0.01995993
v -0.12224826 -0.06097991 -0.02265775
v -0.14951116 -0.10240122 -0.01885045
v -0.14794578 -0.09180367 -0.01672316
v -0.14720477 -0.07762188 -0.01553881
v -0.14516146 -0.06423855 -0.01727092
v -0.16544467 -0.06525031 -0.01082754
v -0.16810843 -0.07720684 -0.01006413
v -0.16901870 -0.09044228 -0.01221526
v -0.17165475 -0.10059585 -0.01337993
v -0.18891300 -0.09875813 -0.00977087
v -0.18559054 -0.08891072 -0.00859761
v -0.18416601 -0.07687398 -0.00742984
v -0.18121201 -0.06680291 -0.00723696
v -0.19908026 -0.09619990 -0.00797272
v -0.21221781 -0.08469584 -0.00513113
v -0.20721519 -0.09204973 -0.00611484
v -0.21096629 -0.07635190 -0.00401711
v -0.20181301 -0.07148579 -0.00377953
v -0.19196047 -0.06867891 -0.00551021
v -0.19324994 -0.07749747 -0.00565493
v -0.20056802 -0.07828809 -0.00482583
v -0.19498801 -0.08775435 -0.00680423
v -0.15723580 0.06395051 -1.52118325
v -0.05867922 0.03660056 -1.49896240
v -0.05511179 0.03201956 -1.50042319
v -0.20209558 -0.08628906 -0.00594044
v -0.20631661 -0.07944729 -0.00494909
v -0.05122789 0.02763058 -1.50016654
v -0.04835223 0.02417484 -1.49967170
v -0.04657889 0.02065563 -1.49895418
v -0.20694190 -0.08373225 -0.00501943
v -0.15499504 -0.09181876 -0.07935786
v -0.11674334 -0.07195012 -0.41334748
v -0.12213467 -0.05805768 -0.41618818
v -0.10592152 0.00214461 -1.42951226
v -0.03527998 0.01655459 -1.56764984
v -0.10208286 0.00261289 -1.43504965
v -0.07160046 0.01297372 -1.47315848
v -0.08751744 0.00662233 -1.67228222
v -0.06007775 0.01449063 -1.46132517
v -0.06800729 0.01343566 -1.47711349
v -0.02864662 0.01883768 -1.52305913
v -0.05960930 0.01447699 -1.46632171
v -0.05258736 0.01545421 -1.47545493
v -0.05276170 0.01533462 -1.48156357
v -0.03447842 0.01538043 -1.60573864
v -0.05203469 0.01548918 -1.47874010
v -0.04530170 0.01714047 -1.50105369
v -0.02668618 0.01923732 -1.51862228
v -0.05362990 0.01517116 -1.48341322
v -0.21525669 -0.00408387 -1.51916909
v -0.05488878 0.01518244 -1.47257185
v -0.06183627 0.01407147 -1.48199463
v -0.05561955 0.01491418 -1.48394215
v -0.06497934 0.01476257 -1.49046707
v -0.04626834 0.01710002 -1.49850869
v -0.03637311 0.01717878 -1.54324663
v -0.23111027 -0.00808130 -1.56407762
v -0.03506116 0.01750882 -1.53979945
v -0.04450163 0.01331599 -1.63500822
v -0.03742617 0.01463035 -1.61752319
v -0.03042559 0.01851850 -1.52773559
v -0.23501852 -0.01179322 -1.63134313
v -0.23032701 -0.01141988 -1.65005004
v -0.03379857 0.01609324 -1.58764899
v -0.15011081 -0.00187124 -1.68772888
v -0.02557120 0.01952425 -1.51432490
v -0.03851251 0.01799392 -1.50408912
v -0.06482185 0.00996545 -1.65862823
v -0.23354745 -0.01065438 -1.59638643
v -0.17752464 -0.00533908 -1.68438208
v -0.05109358 0.01697829 -1.48346317
v -0.07547502 0.00834474 -1.66592979
v -0.05419213 0.01651546 -1.48279500
v -0.03067800 0.01911243 -1.50539231
v -0.23267388 -0.00926285 -1.57877207
v -0.23533067 -0.01102791 -1.60985315
v -0.04712800 0.01715895 -1.49254227
v -0.04698517 0.01706189 -1.49620318
v -0.16387683 -0.00379665 -1.68703580
v -0.03428733 0.01651482 -1.57422400
v -0.04682406 0.01730143 -1.48997104
v -0.03862491 0.01649005 -1.55330837
v -0.04725265 0.01738441 -1.48729229
v -0.10933649 0.00181635 -1.42433131
v -0.20626767 -0.00874501 -1.66958427
v -0.04905813 0.01721176 -1.48513103
v -0.05866755 0.01576273 -1.48557448
v -0.03208751 0.01820693 -1.53216565
v -0.06248833 0.01517309 -1.48809552
v -0.03368140 0.01583617 -1.59546316
v -0.04326170 0.01737723 -1.50296557
v -0.04252439 0.01746448 -1.50343895
v -0.03845737 0.01665137 -1.55012906
v -0.04065250 0.01365878 -1.62663043
v -0.03819313 0.01642556 -1.55623102
v -0.04405980 0.01728454 -1.50249338
v -0.21748713 -0.01010431 -1.66346455
v -0.13178653 0.00057167 -1.68710887
v -0.11862005 0.00233904 -1.68439710
v -0.03774791 0.01686608 -1.54669476
v -0.03368499 0.01780632 -1.53635156
v -0.21418348 -0.00403361 -1.51170170
v -0.02752930 0.01944966 -1.50801456
v -0.02602097 0.01959999 -1.51054788
v -0.05621292 0.01137975 -1.65087926
v -0.22790225 -0.00676488 -1.55252457
v -0.10195623 0.00462797 -1.67868304
v -0.04966032 0.01248893 -1.64317298
v -0.21997237 -0.00469608 -1.53208351
v -0.22431189 -0.00627102 -1.54414952
v -0.03250895 0.01883848 -1.50457573
v -0.03739157 0.01644600 -1.55963385
v -0.03578739 0.01838538 -1.50415492
v -0.19103831 -0.00692233 -1.67904079
v -0.04088061 0.01769432 -1.50389338
v -0.11554416 -0.08834231 -0.41501409
v -0.05668071 -0.13904479 -0.82136381
v -0.03202084 -0.08129299 -1.04900563
v -0.03631584 -0.08392325 -1.09245872
v -0.03382295 -0.08242753 -1.07041812
v -0.05419819 -0.13978466 -0.79178518
v -0.08639172 -0.13416517 -1.11751997
v -0.04628428 -0.10740559 -1.27129984
v -0.04450106 0.00995517 -1.51810551
v -0.10738309 -0.05836486 -1.51044846
v -0.11635589 -0.05862192 -1.50512624
v -0.11301018 -0.05466210 -1.49316823
v -0.10333742 -0.05495080 -1.49885106
v -0.10881922 -0.04920816 -1.48190653
v -0.10031018 -0.05114242 -1.48946476
v -0.10272372 -0.04300722 -1.47267425
v -0.09633838 -0.04617244 -1.48041105
v -0.03359154 0.02304265 -1.50612545
v -0.03618260 0.02168159 -1.50533795
v -0.09537823 -0.03721684 -1.46586573
v -0.09041598 -0.04077829 -1.47424483
v -0.05715450 0.02957310 -1.55005765
v -0.04632848 0.02515079 -1.50718927
v -0.03540894 0.02458418 -1.52652502
v -0.05642468 0.02827491 -1.55006170
v -0.07928848 -0.02030172 -1.45727682
v -0.08324971 -0.01965852 -1.45367980
v -0.07879353 -0.01231920 -1.44885731
v -0.07437203 -0.01211005 -1.45170164
v -0.04778685 0.02718759 -1.50779903
v -0.07451674 -0.00444669 -1.44512951
v -0.06998580 -0.00445900 -1.44785273
v -0.07256690 0.00341362 -1.44303238
v -0.06791362 0.00400355 -1.44537890
v -0.03833514 0.02346709 -1.53465199
v -0.04761706 0.02358235 -1.54629898
v -0.06218655 0.00539783 -1.45294356
v -0.06427173 0.00455117 -1.44908774
v -0.03669193 0.02404035 -1.53046298
v -0.04728387 0.03234851 -1.51016057
v -0.04906993 0.03059943 -1.50802052
v -0.03029454 0.02567441 -1.51115513
v -0.03054877 0.02642174 -1.51407945
v -0.06458800 -0.00223858 -1.45492399
v -0.03278739 0.02624783 -1.50863028
v -0.03240826 0.02370284 -1.50694895
v -0.06679983 -0.00372049 -1.45107913
v -0.05688270 0.03126469 -1.54978526
v -0.06393015 0.04091094 -1.55344737
v -0.03075850 0.02495083 -1.50922048
v -0.03031582 0.02229995 -1.50717318
v -0.05937228 0.03415952 -1.55174541
v -0.05706246 0.03059261 -1.55004203
v -0.03740203 0.02978954 -1.51147580
v -0.04379147 0.02281165 -1.54404068
v -0.06802203 -0.00892082 -1.45861971
v -0.07078400 -0.01101848 -1.45515978
v -0.07187322 -0.01734491 -1.46430027
v -0.07550989 -0.01959765 -1.46085882
v -0.04230151 0.03173736 -1.51129663
v -0.07284316 -0.02370875 -1.47002089
v -0.07734476 -0.02718188 -1.46844339
v -0.07813747 0.00304363 -1.44179869
v -0.05707640 0.03210824 -1.55002153
v -0.05730353 0.03264234 -1.55026269
v -0.03373916 0.02554287 -1.52233016
v -0.08010437 -0.00431409 -1.44376719
v -0.08370079 -0.01142320 -1.44661725
v -0.08815582 -0.01773787 -1.44996083
v -0.08835922 -0.02977930 -1.46087193
v -0.05940849 0.03665665 -1.55195618
v -0.04111955 0.02067036 -1.50532198
v -0.03514908 0.02832241 -1.51023304
v -0.03377694 0.02716222 -1.50924659
v -0.04322087 0.02086491 -1.50535870
v -0.09335822 -0.02498470 -1.45467389
v -0.09932466 -0.03300575 -1.46063256
v -0.05424221 0.02628341 -1.54907155
v -0.10752629 -0.03930051 -1.46758616
v -0.04117656 0.02307284 -1.54105842
v -0.03948843 0.02336290 -1.53784895
v -0.11518693 -0.04667507 -1.47759616
v -0.12083465 -0.05377599 -1.49025047
v -0.03857157 0.02096022 -1.50527048
v -0.12476080 -0.05799227 -1.50307739
v -0.11906924 -0.06063345 -1.51374984
v -0.06356268 -0.00119254 -1.45879698
v -0.06118349 0.00606459 -1.45706630
v -0.06635382 -0.00763518 -1.46198905
v -0.03169957 0.02642459 -1.51788533
v -0.06908605 -0.01492755 -1.46738911
v -0.06955524 -0.02018116 -1.47247481
v -0.06575388 -0.02463135 -1.48320723
v -0.04475033 0.02309119 -1.50633335
v -0.06816646 -0.02358123 -1.47762251
v -0.05950685 -0.02221241 -1.49380016
v -0.06287526 -0.02407827 -1.48863935
v -0.06070710 -0.03043209 -1.50113738
v -0.06616763 -0.03266341 -1.49394536
v -0.06435022 -0.02833828 -1.49080038
v -0.02907792 0.01930872 -1.50658047
v -0.03152189 0.02428422 -1.50790095
v -0.06004890 -0.02640782 -1.49691951
v -0.06136581 -0.03410055 -1.50693738
v -0.06801441 -0.03693886 -1.49892139
v -0.08338276 0.00285846 -1.44080067
v -0.04957785 0.04430588 -1.56289887
v -0.05175769 0.04420690 -1.56074357
v -0.08553487 -0.00357128 -1.44227159
v -0.08865257 -0.00995230 -1.44473648
v -0.09309983 -0.01518086 -1.44721055
v -0.09859309 -0.02090972 -1.45032132
v -0.10446323 -0.02765532 -1.45455170
v -0.11219086 -0.03501362 -1.46126676
v -0.04405112 0.03792034 -1.56532431
v -0.03746477 0.02095015 -1.56396842
v -0.03899083 0.02575272 -1.56441951
v -0.12092358 -0.04376274 -1.47204804
v -0.05464003 0.04415303 -1.55738008
v -0.05645694 0.04421497 -1.55570412
v -0.05378493 0.04388224 -1.55907679
v -0.05495071 0.04450331 -1.55567205
v -0.05438440 0.04450149 -1.55639386
v -0.12751220 -0.05254041 -1.48742855
v -0.05492453 0.04349844 -1.55861509
v -0.13144435 -0.05693242 -1.50099039
v -0.05511240 0.04354287 -1.55861795
v -0.10472236 -0.01460525 -1.44497836
v -0.04698414 0.04247788 -1.56482863
v -0.10020667 -0.00989382 -1.44360876
v -0.09693577 -0.00567854 -1.44214725
v -0.05495282 0.04370463 -1.55812454
v -0.05834255 0.04410999 -1.55598497
v -0.09382600 -0.00189423 -1.44142699
v -0.06333826 0.04429670 -1.55534327
v -0.09483767 0.00200442 -1.44053805
v -0.03639988 0.01650459 -1.56352091
v -0.03875303 0.03710448 -1.57524669
v -0.06311296 0.06367515 -1.58022177
v -0.10076292 0.00102465 -1.44029593
v -0.06765462 0.06612401 -1.57563424
v -0.10471575 -0.00196920 -1.43918991
v -0.07012694 0.06099469 -1.53912783
v -0.07262164 0.06321201 -1.54085326
v -0.03912923 0.03443682 -1.56894231
v -0.10774136 -0.00479136 -1.43769813
v -0.07141757 -0.02782075 -1.47688663
v -0.07544218 -0.03210276 -1.47714245
v -0.07146334 -0.03351108 -1.48587680
v -0.07467344 -0.03822972 -1.48966360
v -0.04178851 0.04157874 -1.59697175
v -0.07729476 0.04000077 -1.65576506
v -0.04077663 0.04013387 -1.58891559
v -0.05023786 0.05343749 -1.58329511
v -0.07997306 -0.03711044 -1.47949302
v -0.06937808 0.04149094 -1.64900458
v -0.06835189 -0.02899413 -1.48392582
v -0.08511748 -0.04324600 -1.48443401
v -0.07817902 -0.04331947 -1.49541426
v -0.06970358 -0.04130685 -1.50523853
v -0.08087350 -0.04707283 -1.50174177
v -0.05725401 0.05988686 -1.58333802
v -0.08964176 -0.04798367 -1.49141955
v -0.07859321 0.06711158 -1.54799199
v -0.03482600 0.02258906 -1.58074307
v -0.07962238 0.06831727 -1.55409849
v -0.07239713 -0.04528620 -1.51059246
v -0.03651181 0.03052596 -1.58115447
v -0.13534302 0.02768776 -1.68192160
v -0.07494817 -0.04852019 -1.51568949
v -0.08327411 -0.04982789 -1.50731766
v -0.09200042 -0.05093502 -1.49821806
v -0.08328261 -0.03184482 -1.46788561
v -0.04300453 0.02878722 -1.56127906
v -0.09483787 -0.05362000 -1.50526619
v -0.06376293 0.05199021 -1.53791130
v -0.06548584 0.05484166 -1.53814864
v -0.07770048 -0.05122066 -1.52078295
v -0.12513749 0.03288649 -1.67848587
v -0.07704856 0.06632679 -1.54504395
v -0.04829517 0.04360319 -1.61806273
v -0.04668085 0.02470791 -1.55529976
v -0.04565505 0.02621359 -1.55818987
v -0.05271463 0.04352239 -1.62669182
v -0.08620702 -0.05234913 -1.51338863
v -0.08109678 -0.05430007 -1.52723646
v -0.09145091 -0.05613432 -1.52086294
v -0.05761588 0.04323938 -1.63484430
v -0.10008758 -0.05719584 -1.51493502
v -0.11284942 -0.06149613 -1.52048159
v -0.08703505 0.03852220 -1.66182685
v -0.05778830 0.03570753 -1.53973126
v -0.14222722 -0.05891594 -1.51892006
v -0.05317493 -0.00507238 -1.49808633
v -0.05092821 0.00027316 -1.49955833
v -0.07191199 0.06797681 -1.57031727
v -0.07548108 0.06893851 -1.56475520
v -0.11190191 0.03526286 -1.67381132
v -0.06044443 0.04508656 -1.53794360
v -0.07803416 0.06882688 -1.55918908
v -0.14112191 0.01508535 -1.68586409
v -0.04821213 0.00552806 -1.49955773
v -0.07502633 0.06516449 -1.54282475
v -0.04631539 0.00964602 -1.49946606
v -0.04557727 0.01356424 -1.49878836
v -0.04449111 0.04668460 -1.58279169
v -0.06211600 0.04867518 -1.53792584
v -0.04832090 0.02389790 -1.55241168
v -0.05642279 0.03113107 -1.54147744
v -0.05461237 0.02795443 -1.54417264
v -0.06292809 0.04254021 -1.64203346
v -0.05258510 0.02566482 -1.54636335
v -0.04999507 0.02409320 -1.54926634
v -0.05872597 0.04040474 -1.53846383
v -0.04427931 0.04291695 -1.60725439
v -0.09883147 0.03673661 -1.66793132
v -0.06765714 0.05796221 -1.53863490
v -0.14177468 -0.00073369 -1.68755746
v -0.03390834 0.01637592 -1.58032262
v -0.05106816 0.02474280 -1.54756844
v -0.04109909 0.03157560 -1.56486762
v -0.03981690 0.03880314 -1.58183551
v -0.05754790 0.01482639 -1.46981859
v -0.06424556 0.04126361 -1.48984694
v -0.06633794 0.04234273 -1.48816228
v -0.06990643 0.04128342 -1.48275006
v -0.05705817 0.03505537 -1.49333775
v -0.06129766 0.03885162 -1.49153388
v -0.06442462 0.03218393 -1.47373831
v -0.06805242 0.04262836 -1.48648131
v -0.06112535 0.02699636 -1.47130609
v -0.06928883 0.04234255 -1.48467720
v -0.05887939 0.02149748 -1.46999645
v -0.04702482 0.01709795 -1.49437237
v -0.04945470 0.02589176 -1.49515200
v -0.04729981 0.02164646 -1.49492562
v -0.05287273 0.03039047 -1.49466610
v -0.06947505 0.03933056 -1.48020506
v -0.06799287 0.03651766 -1.47728598
v -0.03245654 0.01441664 -1.50573397
v -0.03534592 0.01503362 -1.50504708
v -0.05297425 -0.00077547 -1.54917359
v -0.04413807 0.00886316 -1.50676060
v -0.03348818 0.01131715 -1.52618217
v -0.05272686 0.00056059 -1.54915071
v -0.04507449 0.00643900 -1.50729954
v -0.03656503 0.01119205 -1.53429842
v -0.04535539 0.00783738 -1.54573953
v -0.03482457 0.01136608 -1.53011298
v -0.04317490 0.00143047 -1.50928569
v -0.04536162 0.00279557 -1.50723267
v -0.02831789 0.01241333 -1.51056695
v -0.02835491 0.01142961 -1.51351094
v -0.03078686 0.01136093 -1.50806391
v -0.03112074 0.01406394 -1.50656831
v -0.05234971 -0.00231965 -1.54893899
v -0.05649324 -0.01356116 -1.55185568
v -0.02909304 0.01313036 -1.50874054
v -0.02950905 0.01601080 -1.50699985
v -0.05390793 -0.00578995 -1.55048037
v -0.05258891 -0.00170524 -1.54893494
v -0.03415443 0.00647392 -1.51087928
v -0.04194640 0.00970446 -1.54369712
v -0.03840863 0.00324524 -1.51051462
v -0.05227167 -0.00318600 -1.54894924
v -0.05233943 -0.00374078 -1.54920232
v -0.03158379 0.01097822 -1.52175653
v -0.05332343 -0.00819669 -1.55050230
v -0.04033627 0.01461515 -1.50502396
v -0.03240614 0.00856842 -1.50959730
v -0.03146058 0.01012984 -1.50870371
v -0.04229066 0.01388585 -1.50519252
v -0.05089694 0.00321739 -1.54834771
v -0.03937136 0.01040831 -1.54070950
v -0.03763184 0.01080833 -1.53749764
v -0.03786448 0.01507055 -1.50497150
v -0.02939527 0.01088694 -1.51732218
v -0.04320361 0.01128211 -1.50609970
v -0.03014744 0.01368017 -1.50753200
v -0.04182651 -0.01371092 -1.56110561
v -0.04392821 -0.01405093 -1.55870795
v -0.03822487 -0.00615470 -1.56362057
v -0.03629760 0.01196696 -1.56358099
v -0.03645464 0.00690619 -1.56365323
v -0.04652766 -0.01452376 -1.55534482
v -0.04847995 -0.01494607 -1.55392218
v -0.04615244 -0.01417587 -1.55728638
v -0.04689650 -0.01483466 -1.55389118
v -0.04628353 -0.01472793 -1.55436659
v -0.04726822 -0.01414384 -1.55681849
v -0.04738159 -0.01424594 -1.55682194
v -0.03990871 -0.01138311 -1.56323528
v -0.04714067 -0.01430672 -1.55632997
v -0.05028606 -0.01530727 -1.55396092
v -0.05513391 -0.01676207 -1.55333900
v -0.03332596 -0.00447246 -1.57400465
v -0.04978065 -0.03694669 -1.57719755
v -0.05342816 -0.04039609 -1.57242990
v -0.05782043 -0.03352041 -1.53677177
v -0.05960828 -0.03648270 -1.53831065
v -0.03438288 -0.00162398 -1.56763744
v -0.03538895 -0.01090262 -1.59537220
v -0.06962965 -0.02153539 -1.65377736
v -0.03463525 -0.00880062 -1.58727241
v -0.04009547 -0.02380179 -1.58098745
v -0.06174802 -0.02067657 -1.64702618
v -0.04520944 -0.03177410 -1.58070374
v -0.06448603 -0.04211299 -1.54507089
v -0.03316808 0.01014496 -1.58014977
v -0.06512708 -0.04390913 -1.55096698
v -0.03275888 0.00219987 -1.58025074
v -0.12853053 -0.02619972 -1.68008947
v -0.03954788 0.00306994 -1.56034529
v -0.05380081 -0.02319388 -1.53582311
v -0.05479963 -0.02639384 -1.53588545
v -0.11732678 -0.02836371 -1.67624736
v -0.06312483 -0.04086109 -1.54209852
v -0.04067657 -0.01571546 -1.61604559
v -0.04418128 0.00626796 -1.55452847
v -0.04272351 0.00496535 -1.55720472
v -0.04488146 -0.01744421 -1.62493730
v -0.05014302 -0.01854386 -1.63286352
v -0.07890512 -0.02330357 -1.66032279
v -0.05233453 -0.00616580 -1.53849268
v -0.05703711 -0.04302043 -1.56716180
v -0.06029294 -0.04417571 -1.56162298
v -0.10380188 -0.02713540 -1.67207134
v -0.05243800 -0.01570839 -1.53642774
v -0.06326430 -0.04435262 -1.55630958
v -0.13727824 -0.01579043 -1.68474948
v -0.06148249 -0.03911275 -1.54009068
v -0.03623301 -0.01570526 -1.58056045
v -0.05308170 -0.01955645 -1.53600407
v -0.04569554 0.00678310 -1.55162001
v -0.05203342 -0.00153917 -1.54062116
v -0.05105761 0.00182842 -1.54324257
v -0.05528663 -0.01969999 -1.64030004
v -0.04953358 0.00449918 -1.54561913
v -0.04738037 0.00641627 -1.54848242
v -0.05213149 -0.01078451 -1.53708720
v -0.03686096 -0.01344430 -1.60544467
v -0.09063482 -0.02509561 -1.66667020
v -0.05619346 -0.02991747 -1.53620386
v -0.04832321 0.00567370 -1.54704535
v -0.03688199 0.00076396 -1.56374514
v -0.03361262 -0.00674721 -1.58014488
v -0.05735096 -0.01113547 -1.48884749
v -0.05912427 -0.01289149 -1.48731756
v -0.06289330 -0.01303126 -1.48214066
v -0.05189546 -0.00282537 -1.49241626
v -0.05492125 -0.00779457 -1.49046540
v -0.05962777 -0.00351460 -1.47352636
v -0.06066842 -0.01381634 -1.48565006
v -0.05785381 0.00213492 -1.47109652
v -0.06198526 -0.01386277 -1.48396623
v -0.05725549 0.00817798 -1.46990407
v -0.04699338 0.00795738 -1.49474084
v -0.04612591 0.01261552 -1.49466097
v -0.04911093 0.00270010 -1.49399769
v -0.06296558 -0.01137978 -1.47979999
v -0.06197809 -0.00867373 -1.47693682
v -0.06080773 -0.01773071 -1.55345821
v -0.06916927 0.04371234 -1.55546021
v -0.04906023 -0.01470150 -1.55051160
v -0.04974568 -0.01321546 -1.55050409
v -0.05065880 -0.01186954 -1.55074692
v -0.05173104 -0.01079836 -1.55099654
v -0.04899077 -0.01473834 -1.55075502
v -0.04954277 -0.01326520 -1.55123353
v -0.05038507 -0.01197132 -1.55171978
v -0.05139058 -0.01090659 -1.55221236
v -0.04891720 -0.01482078 -1.55099893
v -0.04939290 -0.01346049 -1.55172157
v -0.05016299 -0.01223385 -1.55245173
v -0.05109495 -0.01125156 -1.55318809
v -0.04883679 -0.01497922 -1.55124366
v -0.04923344 -0.01376216 -1.55221105
v -0.04986507 -0.01265811 -1.55318439
v -0.05078151 -0.01179412 -1.55416632
v -0.04875227 -0.01518326 -1.55148911
v -0.04900498 -0.01414958 -1.55270040
v -0.04961425 -0.01323982 -1.55392015
v -0.05045620 -0.01252237 -1.55490267
v -0.04866502 -0.01541769 -1.55173481
v -0.04889581 -0.01462720 -1.55294907
v -0.04935841 -0.01393123 -1.55441308
v -0.05017801 -0.01340806 -1.55564201
v -0.04857821 -0.01570102 -1.55173707
v -0.04871901 -0.01517537 -1.55319738
v -0.04915377 -0.01473448 -1.55490851
v -0.04989477 -0.01440345 -1.55613863
v -0.04848547 -0.01599625 -1.55198348
v -0.04859890 -0.01577458 -1.55344748
v -0.04901493 -0.01559538 -1.55491769
v -0.04967006 -0.01548358 -1.55639338
v -0.04845672 -0.01631544 -1.55198729
v -0.04848197 -0.01639229 -1.55345368
v -0.04886881 -0.01648338 -1.55517125
v -0.04944579 -0.01661262 -1.55640459
v -0.04842798 -0.01663462 -1.55199111
v -0.04842721 -0.01700026 -1.55346107
v -0.04873180 -0.01737797 -1.55493677
v -0.04934447 -0.01773736 -1.55641806
v -0.04840652 -0.01692670 -1.55175054
v -0.04837837 -0.01759633 -1.55322409
v -0.04872048 -0.01823788 -1.55470419
v -0.04931718 -0.01882855 -1.55594420
v -0.04838187 -0.01720029 -1.55175388
v -0.04839581 -0.01813705 -1.55298769
v -0.04872057 -0.01902509 -1.55422664
v -0.04929947 -0.01981335 -1.55546904
v -0.04842532 -0.01745223 -1.55151391
v -0.04842465 -0.01860508 -1.55250633
v -0.04879104 -0.01971136 -1.55374908
v -0.04935806 -0.02068531 -1.55474961
v -0.04847424 -0.01764337 -1.55127335
v -0.04852112 -0.01900256 -1.55202532
v -0.04887702 -0.02027933 -1.55302596
v -0.04949252 -0.02139553 -1.55402935
v -0.04852728 -0.01778892 -1.55103219
v -0.04862855 -0.01927846 -1.55154276
v -0.04903748 -0.02070077 -1.55230224
v -0.04971012 -0.02191691 -1.55306387
v -0.04858898 -0.01789216 -1.55054641
v -0.04874420 -0.01946315 -1.55105913
v -0.04921300 -0.02095501 -1.55157661
v -0.04995007 -0.02224400 -1.55185211
v -0.04865295 -0.01791612 -1.55030382
v -0.04887673 -0.01951435 -1.55032980
v -0.04940951 -0.02103017 -1.55060470
v -0.05020601 -0.02233981 -1.55088162
v -0.04872242 -0.01787927 -1.55006051
v -0.04907645 -0.01944612 -1.54984426
v -0.04968187 -0.02094359 -1.54963195
v -0.05048566 -0.02222613 -1.54966450
v -0.04885815 -0.01778708 -1.54981756
v -0.04922494 -0.01926603 -1.54935634
v -0.04990531 -0.02066586 -1.54889989
v -0.05084210 -0.02188661 -1.54868996
v -0.04893856 -0.01762864 -1.54957271
v -0.04944520 -0.01896981 -1.54886806
v -0.05020323 -0.02024160 -1.54816723
v -0.05115554 -0.02134405 -1.54771173
v -0.04902171 -0.01743981 -1.54932761
v -0.04961286 -0.01857694 -1.54837751
v -0.05045406 -0.01965989 -1.54743147
v -0.05148084 -0.02061581 -1.54697537
v -0.04911034 -0.01719017 -1.54908168
v -0.04978875 -0.01809287 -1.54788589
v -0.05070990 -0.01896848 -1.54693854
v -0.05181984 -0.01973557 -1.54623723
v -0.04920170 -0.01691014 -1.54883540
v -0.04990476 -0.01753925 -1.54763639
v -0.05090861 -0.01817713 -1.54668725
v -0.05204227 -0.01873473 -1.54573941
v -0.04922909 -0.01660616 -1.54883170
v -0.05002350 -0.01695524 -1.54738641
v -0.05105337 -0.01730433 -1.54643393
v -0.05226699 -0.01765459 -1.54548478
v -0.04931863 -0.01629243 -1.54882908
v -0.05014043 -0.01633752 -1.54738021
v -0.05119950 -0.01641633 -1.54618025
v -0.05249126 -0.01652556 -1.54547346
v -0.04934601 -0.01598844 -1.54882550
v -0.05019064 -0.01572626 -1.54761696
v -0.05133651 -0.01552174 -1.54641485
v -0.05259258 -0.01540082 -1.54545999
v -0.04930804 -0.01567571 -1.54906464
v -0.05024403 -0.01513349 -1.54760981
v -0.05134782 -0.01466183 -1.54664743
v -0.05261850 -0.01432483 -1.54593408
v -0.04933269 -0.01540212 -1.54906142
v -0.05022204 -0.01458947 -1.54809022
v -0.05134773 -0.01387462 -1.54712498
v -0.05263758 -0.01332483 -1.54640913
v -0.04928786 -0.01516538 -1.54930139
v -0.05019776 -0.01412474 -1.54832768
v -0.05127726 -0.01318835 -1.54760253
v -0.05257898 -0.01245287 -1.54712856
v -0.04930111 -0.01496449 -1.54954314
v -0.05010128 -0.01372725 -1.54880869
v -0.05119129 -0.01262038 -1.54832566
v -0.05244453 -0.01174265 -1.54784870
v -0.04873865 -0.01628435 -1.55028307
v -0.04924808 -0.01481895 -1.54978430
v -0.04999521 -0.01343616 -1.54929101
v -0.05102946 -0.01221414 -1.54904950
v -0.05222693 -0.01122127 -1.54881418
v -0.04918957 -0.01473420 -1.55002618
v -0.04987364 -0.01326337 -1.55001879
v -0.05084938 -0.01195659 -1.55001926
v -0.05198697 -0.01089417 -1.55002594
v -0.05268031 -0.00973148 -1.55124378
v -0.05428845 -0.00810027 -1.55173981
v -0.05623535 -0.00679057 -1.55224657
v -0.05845065 -0.00590331 -1.55276418
v -0.06074645 -0.00548294 -1.55328965
v -0.06305675 -0.00552829 -1.55406594
v -0.06526769 -0.00605027 -1.55460262
v -0.06737607 -0.00703037 -1.55514383
v -0.06926304 -0.00842728 -1.55568647
v -0.07081112 -0.01018450 -1.55622768
v -0.07202965 -0.01225214 -1.55652285
v -0.07286286 -0.01451504 -1.55681348
v -0.07319783 -0.01692000 -1.55685270
v -0.05233119 -0.00988201 -1.55270422
v -0.05381363 -0.00828549 -1.55319846
v -0.05568720 -0.00700173 -1.55419254
v -0.05783372 -0.00614372 -1.55495334
v -0.06006281 -0.00572979 -1.55572176
v -0.06237698 -0.00578605 -1.55625415
v -0.06464940 -0.00630588 -1.55679202
v -0.06675915 -0.00727078 -1.55733287
v -0.06871421 -0.00864604 -1.55763245
v -0.07039709 -0.01037518 -1.55768752
v -0.07168645 -0.01239077 -1.55773914
v -0.07259369 -0.01462012 -1.55754232
v -0.07306165 -0.01696329 -1.55733895
v -0.05190393 -0.01027357 -1.55392241
v -0.05330482 -0.00879419 -1.55490494
v -0.05510870 -0.00760377 -1.55589890
v -0.05718370 -0.00680541 -1.55690336
v -0.05940413 -0.00643378 -1.55791640
v -0.06165545 -0.00650738 -1.55844784
v -0.06399003 -0.00701746 -1.55898678
v -0.06616993 -0.00793792 -1.55928421
v -0.06813115 -0.00924479 -1.55958295
v -0.06988897 -0.01087628 -1.55939388
v -0.07131999 -0.01278778 -1.55895841
v -0.07230490 -0.01488909 -1.55851722
v -0.07291589 -0.01711297 -1.55782664
v -0.05151875 -0.01093227 -1.55490077
v -0.05283467 -0.00960803 -1.55637217
v -0.05455882 -0.00856845 -1.55761099
v -0.05655751 -0.00788292 -1.55885971
v -0.05871098 -0.00757424 -1.55987227
v -0.06095638 -0.00765974 -1.56064796
v -0.06329757 -0.00815032 -1.56094253
v -0.06548294 -0.00900998 -1.56123924
v -0.06758583 -0.01021276 -1.56105089
v -0.06935666 -0.01169986 -1.56086016
v -0.07093162 -0.01342798 -1.56018066
v -0.07206640 -0.01533401 -1.55925131
v -0.07282863 -0.01734741 -1.55807233
v -0.05111440 -0.01180375 -1.55588174
v -0.05234306 -0.01071395 -1.55759883
v -0.05398406 -0.00986321 -1.55908275
v -0.05590440 -0.00931332 -1.56057608
v -0.05804966 -0.00909583 -1.56158984
v -0.06029163 -0.00921933 -1.56236589
v -0.06257020 -0.00967076 -1.56290293
v -0.06482983 -0.01044038 -1.56295562
v -0.06700719 -0.01149662 -1.56276667
v -0.06886642 -0.01279058 -1.56208658
v -0.07052727 -0.01429947 -1.56116164
v -0.07181421 -0.01593092 -1.55998731
v -0.07267054 -0.01763389 -1.55856156
v -0.05075442 -0.01286308 -1.55686617
v -0.05189764 -0.01204141 -1.55858529
v -0.05345138 -0.01142510 -1.56031489
v -0.05529449 -0.01105215 -1.56180918
v -0.05742561 -0.01093776 -1.56306827
v -0.05966416 -0.01109926 -1.56384468
v -0.06195071 -0.01151599 -1.56413734
v -0.06428072 -0.01218467 -1.56419003
v -0.06647907 -0.01306182 -1.56375480
v -0.06841963 -0.01413324 -1.56307316
v -0.07017321 -0.01534690 -1.56190181
v -0.07155562 -0.01665272 -1.56048059
v -0.07257096 -0.01800511 -1.55880904
v -0.05045202 -0.01407126 -1.55736530
v -0.05150114 -0.01356002 -1.55933106
v -0.05296489 -0.01320854 -1.56130683
v -0.05479021 -0.01303318 -1.56280351
v -0.05684821 -0.01305013 -1.56406295
v -0.05908401 -0.01324202 -1.56483984
v -0.06137331 -0.01362836 -1.56513202
v -0.06371563 -0.01416024 -1.56518304
v -0.06599258 -0.01484526 -1.56474662
v -0.06802313 -0.01565185 -1.56381905
v -0.06986763 -0.01653657 -1.56264484
v -0.07134962 -0.01747117 -1.56097627
v -0.07240648 -0.01841648 -1.55905569
v -0.05020677 -0.01537938 -1.55762267
v -0.05115905 -0.01520897 -1.55983555
v -0.05253598 -0.01514082 -1.56181359
v -0.05434213 -0.01517825 -1.56331277
v -0.05632702 -0.01532654 -1.56457257
v -0.05855416 -0.01556073 -1.56559408
v -0.06090835 -0.01590692 -1.56588697
v -0.06326756 -0.01630531 -1.56569231
v -0.06556367 -0.01677754 -1.56525338
v -0.06768240 -0.01728560 -1.56432331
v -0.06956295 -0.01782404 -1.56290090
v -0.07114270 -0.01835372 -1.56122863
v -0.07236404 -0.01888766 -1.55906129
v -0.04995877 -0.01671790 -1.55788052
v -0.05088275 -0.01691557 -1.55985367
v -0.05223230 -0.01715141 -1.56183541
v -0.05395257 -0.01740807 -1.56358004
v -0.05598592 -0.01769860 -1.56484282
v -0.05821352 -0.01798169 -1.56562078
v -0.06056864 -0.01826379 -1.56615686
v -0.06293879 -0.01854058 -1.56596088
v -0.06525544 -0.01878482 -1.56551921
v -0.06740610 -0.01899220 -1.56434143
v -0.06938031 -0.01917132 -1.56291592
v -0.07099702 -0.01929061 -1.56123865
v -0.07226080 -0.01935338 -1.55906582
v -0.04984149 -0.01807393 -1.55765271
v -0.05067318 -0.01861572 -1.55962884
v -0.05205752 -0.01914580 -1.56161523
v -0.05375724 -0.01963045 -1.56336260
v -0.05571748 -0.02005232 -1.56462586
v -0.05793960 -0.02039621 -1.56540453
v -0.06030338 -0.02063601 -1.56569612
v -0.06268267 -0.02075751 -1.56574225
v -0.06501848 -0.02078896 -1.56529808
v -0.06725733 -0.02069781 -1.56411791
v -0.06919903 -0.02050339 -1.56293070
v -0.07091943 -0.02020586 -1.56100559
v -0.07221837 -0.01982456 -1.55907142
v -0.04973423 -0.01937246 -1.55718017
v -0.05059659 -0.02025408 -1.55916154
v -0.05189413 -0.02106749 -1.56115007
v -0.05364004 -0.02177369 -1.56265736
v -0.05558933 -0.02231715 -1.56392193
v -0.05780734 -0.02270663 -1.56470120
v -0.06017523 -0.02290083 -1.56499219
v -0.06256547 -0.02290075 -1.56503689
v -0.06492182 -0.02270421 -1.56458998
v -0.06718075 -0.02233617 -1.56365049
v -0.06915394 -0.02179218 -1.56245923
v -0.07084458 -0.02109071 -1.56077218
v -0.07217866 -0.02026533 -1.55907679
v -0.04975814 -0.02057550 -1.55670881
v -0.05059906 -0.02174921 -1.55844951
v -0.05193730 -0.02284496 -1.56019866
v -0.05361055 -0.02373138 -1.56146276
v -0.05560967 -0.02440189 -1.56273007
v -0.05782358 -0.02483698 -1.56350982
v -0.06019102 -0.02498228 -1.56404436
v -0.06259221 -0.02486060 -1.56408763
v -0.06496499 -0.02448167 -1.56363845
v -0.06718184 -0.02384650 -1.56293869
v -0.06918515 -0.02296812 -1.56174338
v -0.07084193 -0.02190832 -1.56029499
v -0.07220705 -0.02068446 -1.55883884
v -0.04986703 -0.02162340 -1.55574846
v -0.05068786 -0.02307400 -1.55724859
v -0.05207229 -0.02439128 -1.55875731
v -0.05378535 -0.02546226 -1.56026888
v -0.05577945 -0.02624246 -1.56129348
v -0.05799335 -0.02667754 -1.56207323
v -0.06036535 -0.02682615 -1.56236374
v -0.06271214 -0.02657412 -1.56264830
v -0.06509542 -0.02602470 -1.56244123
v -0.06727201 -0.02515608 -1.56173754
v -0.06922869 -0.02400727 -1.56102598
v -0.07091103 -0.02260979 -1.55981755
v -0.07224547 -0.02104609 -1.55835617
v -0.04999372 -0.02247371 -1.55478585
v -0.05092153 -0.02415130 -1.55604696
v -0.05229272 -0.02566948 -1.55731404
v -0.05400074 -0.02685015 -1.55858290
v -0.05605198 -0.02773030 -1.55936575
v -0.05826042 -0.02822617 -1.56014621
v -0.06063333 -0.02831068 -1.56068003
v -0.06298560 -0.02799786 -1.56096387
v -0.06532177 -0.02729100 -1.56075370
v -0.06744488 -0.02622794 -1.56053472
v -0.06941754 -0.02484783 -1.56006432
v -0.07099564 -0.02319296 -1.55909467
v -0.07228481 -0.02134363 -1.55811691
v -0.05020630 -0.02310479 -1.55357766
v -0.05118714 -0.02492793 -1.55459762
v -0.05261272 -0.02657645 -1.55562341
v -0.05437515 -0.02788746 -1.55665088
v -0.05642091 -0.02882841 -1.55743432
v -0.05869015 -0.02932974 -1.55821609
v -0.06100226 -0.02940879 -1.55874872
v -0.06336001 -0.02903517 -1.55903184
v -0.06563904 -0.02822836 -1.55906343
v -0.06776855 -0.02704041 -1.55908692
v -0.06963012 -0.02547891 -1.55885625
v -0.07115474 -0.02362960 -1.55837107
v -0.07233556 -0.02156847 -1.55763257
v -0.05050294 -0.02348294 -1.55236769
v -0.05154274 -0.02543972 -1.55290222
v -0.05302820 -0.02715779 -1.55368590
v -0.05485050 -0.02853835 -1.55447125
v -0.05695433 -0.02951515 -1.55525637
v -0.05916732 -0.03001432 -1.55579281
v -0.06148217 -0.03006298 -1.55632508
v -0.06383809 -0.02965566 -1.55685186
v -0.06604996 -0.02880640 -1.55736995
v -0.06812689 -0.02752180 -1.55739117
v -0.06992676 -0.02585706 -1.55764616
v -0.07139561 -0.02389260 -1.55740261
v -0.07245531 -0.02170757 -1.55714846
v -0.05082741 -0.02360599 -1.55091047
v -0.05198744 -0.02558888 -1.55144763
v -0.05354007 -0.02734940 -1.55174482
v -0.05542773 -0.02873871 -1.55228746
v -0.05753611 -0.02971881 -1.55282855
v -0.05974180 -0.03024509 -1.55360937
v -0.06211745 -0.03029920 -1.55414283
v -0.06435452 -0.02985057 -1.55466676
v -0.06656457 -0.02896762 -1.55542850
v -0.06851079 -0.02766551 -1.55593538
v -0.07025123 -0.02598011 -1.55618906
v -0.07158619 -0.02397965 -1.55667496
v -0.07258008 -0.02173698 -1.55690694
v -0.05123141 -0.02347282 -1.54969549
v -0.05240601 -0.02540151 -1.54974377
v -0.05408753 -0.02714584 -1.54979908
v -0.05604328 -0.02851350 -1.55009842
v -0.05815440 -0.02946320 -1.55063915
v -0.06042545 -0.02999823 -1.55117726
v -0.06273574 -0.03004359 -1.55195355
v -0.06496552 -0.02962206 -1.55272186
v -0.06711204 -0.02876405 -1.55348277
v -0.06899016 -0.02748360 -1.55423284
v -0.07059580 -0.02582629 -1.55497265
v -0.07185993 -0.02387787 -1.55570197
v -0.07271627 -0.02169368 -1.55642056
v -0.05159924 -0.02306061 -1.54847598
v -0.05291551 -0.02488521 -1.54803717
v -0.05466604 -0.02654379 -1.54809260
v -0.05663456 -0.02782357 -1.54814684
v -0.05881377 -0.02875162 -1.54844451
v -0.06114835 -0.02926170 -1.54898334
v -0.06339511 -0.02933201 -1.54975879
v -0.06561941 -0.02897128 -1.55052781
v -0.06769510 -0.02816531 -1.55153227
v -0.06949966 -0.02696729 -1.55252624
v -0.07096227 -0.02542927 -1.55375326
v -0.07208336 -0.02360014 -1.55496991
v -0.07286067 -0.02155920 -1.55593324
v -0.05198898 -0.02240521 -1.54725361
v -0.05344190 -0.02407352 -1.54681516
v -0.05521660 -0.02557152 -1.54638052
v -0.05731948 -0.02677430 -1.54619217
v -0.05950691 -0.02761116 -1.54648852
v -0.06184149 -0.02812124 -1.54702747
v -0.06408826 -0.02819155 -1.54780293
v -0.06624628 -0.02788616 -1.54857159
v -0.06824566 -0.02719303 -1.54982018
v -0.06996981 -0.02615346 -1.55105889
v -0.07135063 -0.02478907 -1.55253100
v -0.07238721 -0.02316398 -1.55399299
v -0.07295248 -0.02132806 -1.55544341
v -0.05239333 -0.02153372 -1.54627252
v -0.05393807 -0.02297090 -1.54534447
v -0.05579136 -0.02427676 -1.54490864
v -0.05797010 -0.02531780 -1.54471946
v -0.06022836 -0.02610262 -1.54477239
v -0.06251217 -0.02654975 -1.54506540
v -0.06475346 -0.02668085 -1.54584146
v -0.06689416 -0.02646006 -1.54709923
v -0.06881905 -0.02591348 -1.54834843
v -0.07046005 -0.02506273 -1.54983234
v -0.07175361 -0.02393278 -1.55155015
v -0.07263485 -0.02256377 -1.55350113
v -0.07310738 -0.02102309 -1.55519795
v -0.05274738 -0.02048629 -1.54553246
v -0.05438349 -0.02164344 -1.54435802
v -0.05638621 -0.02270512 -1.54367757
v -0.05852240 -0.02359202 -1.54324126
v -0.06085376 -0.02424549 -1.54329371
v -0.06313439 -0.02467413 -1.54383063
v -0.06543511 -0.02482588 -1.54460812
v -0.06750862 -0.02472453 -1.54562211
v -0.06935173 -0.02435158 -1.54711628
v -0.07090684 -0.02372007 -1.54884577
v -0.07210767 -0.02288535 -1.55081010
v -0.07289799 -0.02184527 -1.55276382
v -0.07320695 -0.02065186 -1.55495071
v -0.07310038 -0.01936277 -1.55688429
v -0.05304978 -0.01927811 -1.54503322
v -0.05477998 -0.02012483 -1.54361224
v -0.05681191 -0.02091623 -1.54268444
v -0.05908886 -0.02160124 -1.54224801
v -0.06142981 -0.02214832 -1.54229927
v -0.06372046 -0.02251946 -1.54259133
v -0.06595491 -0.02272656 -1.54336834
v -0.06801428 -0.02272830 -1.54462767
v -0.06983367 -0.02256484 -1.54636848
v -0.07130334 -0.02220147 -1.54809999
v -0.07241007 -0.02167718 -1.55031085
v -0.07309943 -0.02102352 -1.55251217
v -0.07337144 -0.02024049 -1.55470395
v -0.05336039 -0.01797874 -1.54453301
v -0.05512208 -0.01847588 -1.54310775
v -0.05723944 -0.01899914 -1.54217792
v -0.05953693 -0.01945617 -1.54173875
v -0.06189476 -0.01986976 -1.54154432
v -0.06424577 -0.02019745 -1.54208112
v -0.06647610 -0.02045015 -1.54285860
v -0.06846235 -0.02058323 -1.54411840
v -0.07026257 -0.02063256 -1.54586172
v -0.07170486 -0.02057317 -1.54759693
v -0.07271931 -0.02039301 -1.54981077
v -0.07330773 -0.02012577 -1.55225968
v -0.07341707 -0.01978781 -1.55445445
v -0.05354440 -0.01661627 -1.54451776
v -0.05539837 -0.01676928 -1.54308963
v -0.05754312 -0.01698856 -1.54215610
v -0.05986433 -0.01723610 -1.54147041
v -0.06223129 -0.01749440 -1.54151821
v -0.06458959 -0.01779499 -1.54181051
v -0.06681719 -0.01807808 -1.54258847
v -0.06885055 -0.01836861 -1.54385114
v -0.07057080 -0.01862527 -1.54559588
v -0.07192037 -0.01886111 -1.54757762
v -0.07290058 -0.01906093 -1.54979599
v -0.07345659 -0.01920738 -1.55200577
v -0.07352167 -0.01930689 -1.55444980
v -0.05372705 -0.01526900 -1.54450274
v -0.05554716 -0.01506367 -1.54331326
v -0.05778007 -0.01498442 -1.54237723
v -0.06012181 -0.01500397 -1.54168892
v -0.06249973 -0.01514068 -1.54173517
v -0.06486351 -0.01538048 -1.54202676
v -0.06708108 -0.01572106 -1.54304945
v -0.06910348 -0.01613319 -1.54431367
v -0.07080776 -0.01662114 -1.54581714
v -0.07212994 -0.01716096 -1.54780245
v -0.07307730 -0.01772556 -1.55002522
v -0.07353418 -0.01829213 -1.55223882
v -0.07355819 -0.01884762 -1.55468845
v -0.05377350 -0.01396502 -1.54497409
v -0.05568453 -0.01343076 -1.54378176
v -0.05788267 -0.01305727 -1.54284120
v -0.06023765 -0.01287594 -1.54239440
v -0.06262789 -0.01287585 -1.54243898
v -0.06499577 -0.01307005 -1.54273009
v -0.06721060 -0.01344104 -1.54375315
v -0.06916307 -0.01400300 -1.54477394
v -0.07090443 -0.01470589 -1.54652524
v -0.07220651 -0.01552260 -1.54826975
v -0.07312694 -0.01644008 -1.55025268
v -0.07360902 -0.01740728 -1.55247235
v -0.07359926 -0.01839164 -1.55468297
v -0.05374366 -0.01277388 -1.54568982
v -0.05562127 -0.01193018 -1.54449260
v -0.05783812 -0.01129501 -1.54379284
v -0.06020772 -0.01089759 -1.54358757
v -0.06260753 -0.01079110 -1.54363096
v -0.06497953 -0.01093971 -1.54392147
v -0.06719480 -0.01135959 -1.54470110
v -0.06919394 -0.01203010 -1.54596829
v -0.07086125 -0.01292843 -1.54747665
v -0.07220542 -0.01401227 -1.54898155
v -0.07309710 -0.01524894 -1.55096829
v -0.07361168 -0.01658967 -1.55294943
v -0.07357087 -0.01797251 -1.55492079
v -0.05370012 -0.01173473 -1.54640722
v -0.05553110 -0.01062060 -1.54569376
v -0.05776530 -0.00973894 -1.54523516
v -0.06008779 -0.00918407 -1.54502678
v -0.06249788 -0.00896359 -1.54506886
v -0.06480657 -0.00908064 -1.54560184
v -0.06701910 -0.00953092 -1.54638183
v -0.06901321 -0.01031113 -1.54740632
v -0.07073082 -0.01138540 -1.54867387
v -0.07211525 -0.01270269 -1.55018270
v -0.07305220 -0.01422499 -1.55168593
v -0.07354395 -0.01587300 -1.55342674
v -0.07353701 -0.01761418 -1.55515945
v -0.05350808 -0.01087566 -1.54761267
v -0.05535959 -0.00953355 -1.54689646
v -0.05748202 -0.00847809 -1.54667747
v -0.05981296 -0.00777553 -1.54671144
v -0.06216978 -0.00746600 -1.54675126
v -0.06454201 -0.00755811 -1.54728520
v -0.06675112 -0.00804639 -1.54806554
v -0.06879918 -0.00890804 -1.54909229
v -0.07050971 -0.01011480 -1.55011725
v -0.07188158 -0.01162538 -1.55138433
v -0.07286016 -0.01336592 -1.55289137
v -0.07339717 -0.01529957 -1.55414855
v -0.07349311 -0.01731334 -1.55564284
v -0.05329551 -0.01024458 -1.54882073
v -0.05503388 -0.00874387 -1.54834437
v -0.05716475 -0.00754072 -1.54836786
v -0.05943855 -0.00673821 -1.54864347
v -0.06179629 -0.00636459 -1.54892659
v -0.06410978 -0.00642844 -1.54945898
v -0.06638288 -0.00694068 -1.54999685
v -0.06842478 -0.00787072 -1.55102432
v -0.07019176 -0.00918503 -1.55180776
v -0.07161734 -0.01083356 -1.55283356
v -0.07265077 -0.01275334 -1.55385566
v -0.07323352 -0.01485964 -1.55511618
v -0.07344555 -0.01710700 -1.55588329
v -0.05300023 -0.00985124 -1.55003071
v -0.05467622 -0.00825488 -1.55004013
v -0.05674791 -0.00697458 -1.55030549
v -0.05896638 -0.00610582 -1.55057931
v -0.06132299 -0.00569090 -1.55110598
v -0.06363717 -0.00574716 -1.55163825
v -0.06584354 -0.00626584 -1.55241895
v -0.06795260 -0.00723833 -1.55296004
v -0.06977560 -0.00861130 -1.55374527
v -0.07125969 -0.01034457 -1.55452919
v -0.07234957 -0.01237190 -1.55530977
v -0.07305800 -0.01460539 -1.55584180
v -0.07332580 -0.01696790 -1.55636740
v -0.05655554 0.04648883 -1.55176842
v -0.05711620 0.04800426 -1.55200231
v -0.05796990 0.04937084 -1.55224371
v -0.05904761 0.05050281 -1.55249262
v -0.05648745 0.04646718 -1.55201161
v -0.05697728 0.04793057 -1.55248904
v -0.05776288 0.04927550 -1.55297363
v -0.05871172 0.05039128 -1.55346441
v -0.05635034 0.04635979 -1.55225468
v -0.05676935 0.04777114 -1.55297565
v -0.05747683 0.04903693 -1.55394816
v -0.05841289 0.05006481 -1.55468404
v -0.05627130 0.04621655 -1.55249929
v -0.05661126 0.04748466 -1.55346489
v -0.05723970 0.04860721 -1.55468202
v -0.05810401 0.04951895 -1.55541825
v -0.05618678 0.04601252 -1.55274463
v -0.05644222 0.04707659 -1.55395567
v -0.05699617 0.04805260 -1.55517340
v -0.05777688 0.04882440 -1.55639815
v -0.05609953 0.04577808 -1.55299044
v -0.05626771 0.04660772 -1.55444717
v -0.05679975 0.04734055 -1.55566776
v -0.05749869 0.04793871 -1.55713761
v -0.05607033 0.04550780 -1.55323768
v -0.05615307 0.04606931 -1.55469644
v -0.05659512 0.04653729 -1.55616331
v -0.05727489 0.04692267 -1.55763555
v -0.05598215 0.04520927 -1.55324006
v -0.05609831 0.04546134 -1.55470371
v -0.05645310 0.04569489 -1.55641627
v -0.05711096 0.04583708 -1.55789149
v -0.05595203 0.04487488 -1.55324411
v -0.05597819 0.04486212 -1.55495381
v -0.05631016 0.04478839 -1.55642605
v -0.05694886 0.04471780 -1.55790377
v -0.05592465 0.04457090 -1.55324781
v -0.05598605 0.04421500 -1.55471873
v -0.05629156 0.04390139 -1.55643773
v -0.05691290 0.04358431 -1.55767441
v -0.05596262 0.04425816 -1.55300856
v -0.05593858 0.04363414 -1.55448163
v -0.05628206 0.04300778 -1.55596149
v -0.05687968 0.04248121 -1.55744481
v -0.05593798 0.04398458 -1.55301189
v -0.05595465 0.04307821 -1.55424535
v -0.05633976 0.04223362 -1.55572903
v -0.05692732 0.04148766 -1.55672681
v -0.05598143 0.04373264 -1.55277205
v -0.05603973 0.04260803 -1.55400920
v -0.05641204 0.04151365 -1.55500770
v -0.05704398 0.04057985 -1.55600893
v -0.05603035 0.04354149 -1.55253136
v -0.05613483 0.04219535 -1.55352831
v -0.05655882 0.04094023 -1.55428588
v -0.05723786 0.03984898 -1.55529010
v -0.05608201 0.04338075 -1.55229044
v -0.05624545 0.04190096 -1.55280197
v -0.05671928 0.04051879 -1.55356216
v -0.05745546 0.03932759 -1.55432463
v -0.05619995 0.04327535 -1.55204988
v -0.05642327 0.04172601 -1.55231941
v -0.05695423 0.04024389 -1.55283785
v -0.05775484 0.03897984 -1.55311430
v -0.05626712 0.04323290 -1.55156338
v -0.05655305 0.04164441 -1.55159044
v -0.05721016 0.04014808 -1.55186737
v -0.05800804 0.03885364 -1.55214405
v -0.05633795 0.04328495 -1.55131984
v -0.05675277 0.04171264 -1.55110502
v -0.05742173 0.04024012 -1.55089343
v -0.05834849 0.03896187 -1.55092824
v -0.05641151 0.04336739 -1.55107594
v -0.05689991 0.04187753 -1.55061722
v -0.05770323 0.04048199 -1.55016291
v -0.05864276 0.03929164 -1.54995263
v -0.05655135 0.04350517 -1.55083251
v -0.05712152 0.04218895 -1.55012870
v -0.05794036 0.04091171 -1.54942906
v -0.05901699 0.03982874 -1.54897571
v -0.05663587 0.04370921 -1.55058718
v -0.05728783 0.04256662 -1.54963839
v -0.05819118 0.04149342 -1.54869330
v -0.05927876 0.04053205 -1.54823852
v -0.05666234 0.04394910 -1.55034018
v -0.05740155 0.04304095 -1.54914570
v -0.05838486 0.04217508 -1.54819930
v -0.05955696 0.04141774 -1.54749918
v -0.05675051 0.04424763 -1.55033779
v -0.05757972 0.04360431 -1.54889715
v -0.05858494 0.04298163 -1.54794788
v -0.05978076 0.04243378 -1.54700112
v -0.05678245 0.04454831 -1.55009007
v -0.05763174 0.04418188 -1.54889023
v -0.05872696 0.04382403 -1.54769492
v -0.06000549 0.04351391 -1.54674637
v -0.05687062 0.04484684 -1.55008769
v -0.05769379 0.04481694 -1.54863858
v -0.05886990 0.04473053 -1.54768515
v -0.06010679 0.04463865 -1.54673290
v -0.05683995 0.04518668 -1.55008245
v -0.05774400 0.04542821 -1.54887533
v -0.05889124 0.04564793 -1.54767299
v -0.06020810 0.04576339 -1.54671943
v -0.05686004 0.04546356 -1.55032325
v -0.05773067 0.04601453 -1.54911125
v -0.05890255 0.04650784 -1.54790556
v -0.06017597 0.04687524 -1.54719186
v -0.05682662 0.04577300 -1.55031836
v -0.05771460 0.04657046 -1.54934740
v -0.05884030 0.04728530 -1.54838216
v -0.06013288 0.04786549 -1.54766583
v -0.05684123 0.04598908 -1.55055988
v -0.05768850 0.04706888 -1.54982853
v -0.05877257 0.04800197 -1.54885936
v -0.06001623 0.04877330 -1.54838371
v -0.05679505 0.04621063 -1.55080009
v -0.05759066 0.04745117 -1.55030966
v -0.05862580 0.04857540 -1.54958129
v -0.05981506 0.04947708 -1.54934692
v -0.05623259 0.04489077 -1.55154014
v -0.05667984 0.04634643 -1.55104029
v -0.05742380 0.04774771 -1.55079079
v -0.05846078 0.04900013 -1.55054891
v -0.05960019 0.05002886 -1.55031204
v -0.05661815 0.04644967 -1.55152595
v -0.05730952 0.04794761 -1.55127430
v -0.05822583 0.04927503 -1.55127323
v -0.05936616 0.05036785 -1.55127966
v -0.05993746 0.05159035 -1.55273855
v -0.06149096 0.05329541 -1.55323255
v -0.06344265 0.05465831 -1.55373871
v -0.06560468 0.05563462 -1.55425406
v -0.06790347 0.05614188 -1.55502248
v -0.07028459 0.05614857 -1.55555522
v -0.07255930 0.05570804 -1.55633616
v -0.07473668 0.05481368 -1.55687737
v -0.07669061 0.05347971 -1.55742049
v -0.07836302 0.05174198 -1.55796385
v -0.07970863 0.04972423 -1.55826068
v -0.08060401 0.04747108 -1.55855238
v -0.08106467 0.04510081 -1.55859339
v -0.05959427 0.05145172 -1.55395472
v -0.06101158 0.05311349 -1.55493510
v -0.06289793 0.05448515 -1.55568409
v -0.06498912 0.05540941 -1.55644298
v -0.06722711 0.05592213 -1.55721021
v -0.06960368 0.05593211 -1.55798697
v -0.07188294 0.05548828 -1.55852389
v -0.07412113 0.05458847 -1.55906641
v -0.07614315 0.05327614 -1.55936623
v -0.07788639 0.05159045 -1.55966604
v -0.07930282 0.04962475 -1.55971932
v -0.08033438 0.04741489 -1.55952466
v -0.08092849 0.04505752 -1.55907977
v -0.05916838 0.05107536 -1.55517268
v -0.06050938 0.05262429 -1.55639732
v -0.06231487 0.05388640 -1.55763459
v -0.06433797 0.05478902 -1.55863667
v -0.06657048 0.05524094 -1.55940461
v -0.06888626 0.05525638 -1.56018019
v -0.07122631 0.05480709 -1.56071830
v -0.07346998 0.05396808 -1.56125998
v -0.07556283 0.05270780 -1.56131637
v -0.07738419 0.05110125 -1.56112826
v -0.07893498 0.04921254 -1.56093884
v -0.08008055 0.04713989 -1.56025624
v -0.08081450 0.04492030 -1.55956781
v -0.05884217 0.05044490 -1.55639601
v -0.06004060 0.05182565 -1.55786443
v -0.06171080 0.05294668 -1.55910110
v -0.06371839 0.05373100 -1.56034863
v -0.06587734 0.05410048 -1.56136048
v -0.06818856 0.05411922 -1.56238008
v -0.07053591 0.05369703 -1.56267381
v -0.07285041 0.05291006 -1.56297207
v -0.07501500 0.05176592 -1.56302810
v -0.07691541 0.05030261 -1.56259537
v -0.07855254 0.04858424 -1.56191695
v -0.07981028 0.04668250 -1.56098986
v -0.08066189 0.04469462 -1.56005633
v -0.05843782 0.04957342 -1.55737686
v -0.05961253 0.05074468 -1.55909193
v -0.06119820 0.05166167 -1.56057394
v -0.06312676 0.05230275 -1.56206608
v -0.06527568 0.05261473 -1.56332278
v -0.06752518 0.05257483 -1.56409788
v -0.06993151 0.05218088 -1.56463647
v -0.07225877 0.05148181 -1.56468952
v -0.07444161 0.05048636 -1.56449974
v -0.07642654 0.04922709 -1.56382167
v -0.07821172 0.04773770 -1.56289876
v -0.07955946 0.04610079 -1.56172562
v -0.08053876 0.04440212 -1.56030214
v -0.05814319 0.04850534 -1.55811846
v -0.05916711 0.04941721 -1.56007838
v -0.06072906 0.05012471 -1.56180692
v -0.06257765 0.05055846 -1.56330049
v -0.06465482 0.05075430 -1.56455731
v -0.06695782 0.05068185 -1.56557798
v -0.06931338 0.05035085 -1.56587076
v -0.07170966 0.04973752 -1.56592393
v -0.07396973 0.04891901 -1.56573319
v -0.07604191 0.04789418 -1.56480932
v -0.07785904 0.04670547 -1.56363869
v -0.07933264 0.04539146 -1.56221938
v -0.08043781 0.04401569 -1.56054974
v -0.05783761 0.04731566 -1.55886149
v -0.05883141 0.04789315 -1.56082535
v -0.06030337 0.04833582 -1.56280005
v -0.06213553 0.04858718 -1.56429577
v -0.06420174 0.04866143 -1.56555414
v -0.06643847 0.04853363 -1.56657434
v -0.06885757 0.04822758 -1.56686783
v -0.07120674 0.04777169 -1.56691790
v -0.07354859 0.04712682 -1.56648219
v -0.07570621 0.04637012 -1.56555629
v -0.07755345 0.04551579 -1.56438172
v -0.07915567 0.04455509 -1.56271577
v -0.08033412 0.04359886 -1.56079769
v -0.05759098 0.04599234 -1.55911911
v -0.05855010 0.04623875 -1.56133103
v -0.05993389 0.04638289 -1.56330812
v -0.06174688 0.04642145 -1.56480646
v -0.06379759 0.04637741 -1.56631029
v -0.06603613 0.04621591 -1.56708670
v -0.06845342 0.04594356 -1.56762397
v -0.07087889 0.04560051 -1.56742978
v -0.07318185 0.04520428 -1.56698990
v -0.07542491 0.04471571 -1.56606197
v -0.07737036 0.04421741 -1.56464016
v -0.07901091 0.04368229 -1.56296909
v -0.08026265 0.04314562 -1.56080246
v -0.05746777 0.04462441 -1.55913556
v -0.05833324 0.04451149 -1.56135058
v -0.05975317 0.04437659 -1.56333220
v -0.06147891 0.04418073 -1.56507611
v -0.06352048 0.04398139 -1.56633782
v -0.06581254 0.04378734 -1.56735992
v -0.06817905 0.04357794 -1.56765115
v -0.07061092 0.04335979 -1.56769955
v -0.07299840 0.04316759 -1.56701434
v -0.07521078 0.04301886 -1.56608117
v -0.07718635 0.04285494 -1.56465542
v -0.07886523 0.04274539 -1.56297922
v -0.08018389 0.04266527 -1.56105173
v -0.05734729 0.04328688 -1.55915153
v -0.05824526 0.04280043 -1.56112814
v -0.05963781 0.04236155 -1.56311345
v -0.06134439 0.04195289 -1.56485999
v -0.06337226 0.04160157 -1.56612349
v -0.06566340 0.04134342 -1.56690216
v -0.06803083 0.04119812 -1.56743670
v -0.07048095 0.04112866 -1.56723928
v -0.07288304 0.04115255 -1.56679559
v -0.07512006 0.04127740 -1.56585908
v -0.07712667 0.04151196 -1.56467259
v -0.07884388 0.04182799 -1.56299138
v -0.08017777 0.04220327 -1.56081378
v -0.05736026 0.04196225 -1.55868161
v -0.05822811 0.04114142 -1.56066227
v -0.05959783 0.04039525 -1.56240714
v -0.06134877 0.03979875 -1.56415701
v -0.06336571 0.03932583 -1.56542194
v -0.06565136 0.03900689 -1.56620145
v -0.06802154 0.03889198 -1.56673563
v -0.07048079 0.03897781 -1.56678045
v -0.07284124 0.03921995 -1.56633294
v -0.07510291 0.03961838 -1.56539321
v -0.07714238 0.04021772 -1.56420231
v -0.07883439 0.04093438 -1.56251502
v -0.08016710 0.04174456 -1.56081986
v -0.05744953 0.04075045 -1.55796742
v -0.05829456 0.03962234 -1.55970764
v -0.05970044 0.03859713 -1.56145704
v -0.06143676 0.03778455 -1.56296551
v -0.06350491 0.03719978 -1.56423283
v -0.06572703 0.03685589 -1.56501150
v -0.06816211 0.03678113 -1.56554639
v -0.07056878 0.03696361 -1.56558883
v -0.07294384 0.03742183 -1.56538284
v -0.07516480 0.03810260 -1.56468260
v -0.07717086 0.03901138 -1.56348681
v -0.07889117 0.04009612 -1.56203926
v -0.08019412 0.04131024 -1.56058216
v -0.05755705 0.03968735 -1.55700731
v -0.05849902 0.03827475 -1.55875325
v -0.05989030 0.03703345 -1.56026113
v -0.06167692 0.03604492 -1.56152880
v -0.06373867 0.03533526 -1.56255364
v -0.06601429 0.03495882 -1.56357789
v -0.06839587 0.03491661 -1.56386721
v -0.07080893 0.03522398 -1.56415224
v -0.07313690 0.03583965 -1.56394315
v -0.07537657 0.03678211 -1.56348383
v -0.07733461 0.03794612 -1.56277204
v -0.07895890 0.03937946 -1.56156206
v -0.08023391 0.04096380 -1.56009936
v -0.05780260 0.03879573 -1.55604744
v -0.05873588 0.03717894 -1.55730772
v -0.06023688 0.03574105 -1.55857623
v -0.06200980 0.03460053 -1.55984569
v -0.06412550 0.03380942 -1.56087267
v -0.06640294 0.03339928 -1.56165338
v -0.06878270 0.03339077 -1.56218624
v -0.07114182 0.03377959 -1.56246912
v -0.07347891 0.03455055 -1.56250226
v -0.07561205 0.03567110 -1.56203854
v -0.07752665 0.03708706 -1.56156659
v -0.07910293 0.03877563 -1.56084061
v -0.08030228 0.04064834 -1.55986071
v -0.05807459 0.03814400 -1.55484068
v -0.05912034 0.03636101 -1.55586123
v -0.06061220 0.03476783 -1.55688751
v -0.06244227 0.03352736 -1.55791521
v -0.06455705 0.03267216 -1.55869889
v -0.06683312 0.03224682 -1.55947971
v -0.06921425 0.03225351 -1.56001246
v -0.07157428 0.03270642 -1.56053865
v -0.07385880 0.03357403 -1.56056952
v -0.07599515 0.03483798 -1.56059217
v -0.07779866 0.03643533 -1.56035984
v -0.07929105 0.03832107 -1.56011784
v -0.08041382 0.04041804 -1.55937767
v -0.05837124 0.03776586 -1.55363071
v -0.05953674 0.03584377 -1.55416703
v -0.06108848 0.03418104 -1.55495119
v -0.06297705 0.03285582 -1.55573702
v -0.06514989 0.03196476 -1.55652237
v -0.06742460 0.03152423 -1.55730331
v -0.06980709 0.03154611 -1.55783582
v -0.07210907 0.03203488 -1.55836046
v -0.07433052 0.03299053 -1.55887723
v -0.07634756 0.03434468 -1.55914056
v -0.07809530 0.03605719 -1.55914974
v -0.07953056 0.03804287 -1.55914950
v -0.08053357 0.04027895 -1.55889356
v -0.05875514 0.03762215 -1.55217493
v -0.05998007 0.03567940 -1.55271268
v -0.06165840 0.03395357 -1.55301178
v -0.06361233 0.03261960 -1.55355477
v -0.06578380 0.03171334 -1.55434024
v -0.06806306 0.03126951 -1.55487716
v -0.07044100 0.03129470 -1.55565381
v -0.07274435 0.03179866 -1.55617821
v -0.07490044 0.03276307 -1.55693781
v -0.07679408 0.03416182 -1.55744231
v -0.07847465 0.03591677 -1.55793810
v -0.07975610 0.03794979 -1.55817842
v -0.08066154 0.04023104 -1.55840826
v -0.05909560 0.03773038 -1.55095899
v -0.06045671 0.03583093 -1.55101037
v -0.06220450 0.03414194 -1.55106616
v -0.06422196 0.03283291 -1.55161011
v -0.06646471 0.03192980 -1.55190849
v -0.06874079 0.03150447 -1.55268931
v -0.07106111 0.03151661 -1.55322075
v -0.07335853 0.03200867 -1.55398941
v -0.07544654 0.03295143 -1.55499220
v -0.07733151 0.03430789 -1.55574131
v -0.07885005 0.03601898 -1.55647874
v -0.08002391 0.03803967 -1.55744970
v -0.08079316 0.04027763 -1.55816591
v -0.05952423 0.03813713 -1.54974079
v -0.06096346 0.03631683 -1.54930425
v -0.06278164 0.03472878 -1.54935992
v -0.06487586 0.03348370 -1.54941607
v -0.06712271 0.03262619 -1.54971385
v -0.06946413 0.03219210 -1.55025196
v -0.07177991 0.03220754 -1.55102742
v -0.07400786 0.03266276 -1.55203938
v -0.07602823 0.03353498 -1.55304193
v -0.07777292 0.03480254 -1.55427790
v -0.07924829 0.03642846 -1.55525982
v -0.08028230 0.03831137 -1.55647421
v -0.08090716 0.04041485 -1.55767787
v -0.05991123 0.03876214 -1.54851866
v -0.06142906 0.03713397 -1.54808092
v -0.06332947 0.03567066 -1.54764819
v -0.06549862 0.03452322 -1.54746032
v -0.06781311 0.03373625 -1.54775834
v -0.07015727 0.03333256 -1.54829597
v -0.07247031 0.03331760 -1.54907191
v -0.07463063 0.03370228 -1.55008364
v -0.07657605 0.03447686 -1.55133021
v -0.07830387 0.03561093 -1.55281186
v -0.07963073 0.03705676 -1.55428183
v -0.08054983 0.03873836 -1.55574095
v -0.08105977 0.04064053 -1.55718935
v -0.06025478 0.03963908 -1.54753649
v -0.06186306 0.03822684 -1.54660916
v -0.06390285 0.03695022 -1.54617643
v -0.06608570 0.03595477 -1.54598677
v -0.06841159 0.03524050 -1.54603994
v -0.07075849 0.03486720 -1.54657722
v -0.07306879 0.03482185 -1.54735351
v -0.07521771 0.03513383 -1.54861021
v -0.07714944 0.03575642 -1.54985845
v -0.07873330 0.03670710 -1.55158412
v -0.07997155 0.03790331 -1.55330002
v -0.08080065 0.03932007 -1.55500519
v -0.08118290 0.04093303 -1.55694354
v -0.06060747 0.04067131 -1.54679656
v -0.06230848 0.03955431 -1.54562283
v -0.06437337 0.03850237 -1.54494333
v -0.06663799 0.03768056 -1.54450858
v -0.06897621 0.03710308 -1.54456019
v -0.07138527 0.03673953 -1.54509842
v -0.07363204 0.03666923 -1.54587388
v -0.07577000 0.03685962 -1.54713202
v -0.07762133 0.03732377 -1.54862511
v -0.07914833 0.03803729 -1.55059719
v -0.08029384 0.03893826 -1.55255938
v -0.08103020 0.04005980 -1.55451107
v -0.08128111 0.04128906 -1.55669630
v -0.08108881 0.04264712 -1.55862737
v -0.06085044 0.04190014 -1.54629588
v -0.06264144 0.04104796 -1.54487610
v -0.06479450 0.04029456 -1.54419422
v -0.06707830 0.03968554 -1.54375696
v -0.06949008 0.03919050 -1.54356456
v -0.07184383 0.03889320 -1.54410100
v -0.07414591 0.03875665 -1.54487824
v -0.07621212 0.03883090 -1.54613662
v -0.07804247 0.03911596 -1.54787600
v -0.07951169 0.03952823 -1.54985106
v -0.08059942 0.04012794 -1.55181646
v -0.08120444 0.04086578 -1.55401504
v -0.08138479 0.04170588 -1.55644846
v -0.06109888 0.04318976 -1.54579461
v -0.06291819 0.04270567 -1.54461455
v -0.06510319 0.04225295 -1.54368496
v -0.06746876 0.04181756 -1.54300261
v -0.06988968 0.04147782 -1.54305255
v -0.07224616 0.04121092 -1.54358852
v -0.07454551 0.04104397 -1.54436624
v -0.07660077 0.04099663 -1.54562604
v -0.07834841 0.04104395 -1.54736710
v -0.07979299 0.04118263 -1.54934537
v -0.08081291 0.04142359 -1.55155849
v -0.08137777 0.04176955 -1.55400586
v -0.08146356 0.04218623 -1.55619919
v -0.06122210 0.04455769 -1.54577827
v -0.06313961 0.04442962 -1.54435086
v -0.06534925 0.04425049 -1.54341805
v -0.06773218 0.04406159 -1.54297686
v -0.07016860 0.04384014 -1.54278123
v -0.07253056 0.04363404 -1.54331660
v -0.07482717 0.04343669 -1.54409456
v -0.07686418 0.04324065 -1.54560030
v -0.07859722 0.04307188 -1.54709983
v -0.07997946 0.04291261 -1.54932523
v -0.08096652 0.04278879 -1.55154276
v -0.08146721 0.04270860 -1.55375051
v -0.08153503 0.04263948 -1.55619431
v -0.06134076 0.04592891 -1.54600585
v -0.06322759 0.04614069 -1.54457331
v -0.06546462 0.04626554 -1.54363680
v -0.06786944 0.04631982 -1.54319274
v -0.07031500 0.04625366 -1.54323936
v -0.07268426 0.04607466 -1.54353023
v -0.07497083 0.04581981 -1.54455304
v -0.07699871 0.04546849 -1.54581642
v -0.07870802 0.04509023 -1.54756260
v -0.08009784 0.04462095 -1.54954827
v -0.08105659 0.04412904 -1.55152607
v -0.08154480 0.04362385 -1.55398369
v -0.08154389 0.04313188 -1.55643189
v -0.06132779 0.04725355 -1.54647589
v -0.06324019 0.04780300 -1.54528332
v -0.06550459 0.04823183 -1.54434311
v -0.06786505 0.04847397 -1.54389560
v -0.07032156 0.04852940 -1.54394078
v -0.07269174 0.04841449 -1.54447496
v -0.07498013 0.04812595 -1.54525411
v -0.07699706 0.04765303 -1.54651904
v -0.07874981 0.04702283 -1.54802537
v -0.08011499 0.04627996 -1.55001426
v -0.08104089 0.04542328 -1.55199647
v -0.08152846 0.04451688 -1.55421531
v -0.08155456 0.04359058 -1.55642581
v -0.06130387 0.04845659 -1.54694724
v -0.06317829 0.04931878 -1.54599380
v -0.06539925 0.04999955 -1.54529357
v -0.06777432 0.05045777 -1.54508758
v -0.07018099 0.05064025 -1.54513001
v -0.07255664 0.05058614 -1.54566348
v -0.07483955 0.05023680 -1.54644346
v -0.07690633 0.04963683 -1.54771101
v -0.07864721 0.04882095 -1.54897547
v -0.08002270 0.04779847 -1.55072415
v -0.08098201 0.04663235 -1.55271125
v -0.08150207 0.04535241 -1.55469167
v -0.08152480 0.04399452 -1.55666387
v -0.06113555 0.04952515 -1.54790616
v -0.06296927 0.05066967 -1.54719222
v -0.06515133 0.05159909 -1.54648781
v -0.06753553 0.05221260 -1.54652405
v -0.06995316 0.05251667 -1.54656506
v -0.07232881 0.05246256 -1.54709852
v -0.07460899 0.05208282 -1.54787874
v -0.07667210 0.05138836 -1.54890347
v -0.07839200 0.05039338 -1.55041409
v -0.07984407 0.04914663 -1.55192316
v -0.08084866 0.04769488 -1.55342674
v -0.08140394 0.04607181 -1.55516839
v -0.08149230 0.04436805 -1.55690229
v -0.06094807 0.05038091 -1.54886746
v -0.06273834 0.05177738 -1.54839349
v -0.06486692 0.05290123 -1.54817379
v -0.06720128 0.05364179 -1.54820728
v -0.06956176 0.05404581 -1.54849005
v -0.07194015 0.05402210 -1.54902315
v -0.07421760 0.05361196 -1.54980373
v -0.07627250 0.05282630 -1.55082953
v -0.07811215 0.05169223 -1.55185604
v -0.07955234 0.05025980 -1.55312324
v -0.08062622 0.04855667 -1.55463147
v -0.08125991 0.04667563 -1.55588984
v -0.08141938 0.04468681 -1.55738497
v -0.06067607 0.05103264 -1.55007422
v -0.06235387 0.05259531 -1.54984009
v -0.06442806 0.05384951 -1.54986167
v -0.06670802 0.05472041 -1.55013657
v -0.06907398 0.05518523 -1.55041862
v -0.07145511 0.05519192 -1.55095124
v -0.07372981 0.05475138 -1.55173230
v -0.07584003 0.05389947 -1.55276000
v -0.07773682 0.05266545 -1.55354476
v -0.07922412 0.05107557 -1.55481505
v -0.08035422 0.04920840 -1.55583835
v -0.08106449 0.04710310 -1.55685687
v -0.08130510 0.04488670 -1.55786836
v -0.06031681 0.05144994 -1.55152678
v -0.06193747 0.05311255 -1.55153430
v -0.06395452 0.05446670 -1.55179763
v -0.06617916 0.05540385 -1.55207062
v -0.06854330 0.05590237 -1.55259621
v -0.07091987 0.05591235 -1.55337298
v -0.07319913 0.05546852 -1.55390990
v -0.07531117 0.05458291 -1.55469394
v -0.07726055 0.05325224 -1.55548108
v -0.07881228 0.05158951 -1.55626523
v -0.08002718 0.04958927 -1.55704772
v -0.08085994 0.04737527 -1.55758190
v -0.08119264 0.04505290 -1.55810809
f 4 2 1
f 8 6 5
f 13 15 14
f 17 19 18
f 32 30 29
f 36 34 33
f 37 39 38
f 21 23 20
f 25 27 24
f 41 43 42
f 48 46 45
f 52 50 49
f 53 55 54
f 60 58 57
f 29 62 61
f 66 64 63
f 67 6 68
f 72 70 69
f 76 74 73
f 77 79 78
f 81 83 82
f 59 86 85
f 88 90 89
f 96 94 93
f 100 98 97
f 101 103 102
f 106 34 87
f 108 115 107
f 117 36 118
f 124 126 125
f 131 129 128
f 132 134 133
f 142 140 139
f 148 60 147
f 144 127 124
f 149 151 150
f 156 154 153
f 159 158 157
f 116 164 105
f 171 169 168
f 174 173 172
f 179 181 180
f 186 188 187
f 194 196 195
f 199 139 198
f 206 208 207
f 213 211 210
f 202 214 201
f 96 216 54
f 92 43 44
f 97 246 100
f 250 229 228
f 252 58 253
f 258 256 255
f 260 229 259
f 110 112 113
f 114 263 109
f 265 267 266
f 56 270 269
f 274 249 250
f 185 63 64
f 280 278 276
f 285 283 157
f 288 211 212
f 141 92 46
f 289 175 176
f 148 105 106
f 312 170 171
f 238 42 43
f 318 160 317
f 310 308 307
f 241 325 324
f 160 240 317
f 47 307 308
f 108 315 164
f 345 86 119
f 348 350 349
f 356 358 357
f 355 353 352
f 363 32 362
f 149 150 176
f 364 253 365
f 366 368 367
f 183 371 63
f 163 161 160
f 209 101 208
f 378 165 166
f 379 381 380
f 383 3 4
f 284 386 385
f 387 389 388
f 391 229 249
f 73 397 396
f 405 407 406
f 203 411 410
f 414 413 412
f 1 357 4
f 277 131 275
f 254 57 58
f 358 415 351
f 417 386 408
f 401 192 420
f 419 127 143
f 421 182 422
f 103 302 409
f 428 368 174
f 380 359 356
f 62 266 323
f 140 431 430
f 357 351 348
f 356 379 380
f 415 403 434
f 437 436 435
f 438 440 439
f 188 450 449
f 452 454 453
f 265 181 421
f 224 64 225
f 237 213 427
f 275 128 458
f 281 460 459
f 50 79 461
f 73 282 281
f 468 466 465
f 390 352 359
f 482 484 483
f 489 487 486
f 493 495 494
f 472 470 469
f 502 500 499
f 220 222 223
f 512 143 66
f 518 511 80
f 513 230 286
f 205 31 244
f 189 451 188
f 163 532 8
f 533 225 251
f 446 447 412
f 335 540 334
f 544 546 545
f 329 291 292
f 199 262 238
f 385 416 550
f 532 191 247
f 363 118 243
f 236 237 250
f 578 580 579
f 573 571 570
f 561 562 272
f 241 259 240
f 590 592 591
f 545 595 594
f 503 155 504
f 606 624 623
f 478 480 479
f 646 648 647
f 590 689 684
f 564 651 650
f 728 184 727
f 714 716 715
f 692 575 693
f 541 581 578
f 346 248 400
f 161 230 160
f 128 94 95
f 698 704 703
f 574 576 575
f 290 401 328
f 630 725 726
f 733 735 734
f 755 496 493
f 759 481 760
f 757 762 761
f 764 466 467
f 768 9260 9261
f 759 488 489
f 492 475 771
f 474 769 473
f 773 465 772
f 771 486 483
f 484 775 491
f 774 489 486
f 495 764 756
f 495 761 494
f 137 784 136
f 325 797 547
f 165 51 52
f 369 29 370
f 730 568 569
f 90 301 89
f 243 516 242
f 800 806 805
f 817 808 816
f 816 823 822
f 306 447 807
f 815 809 808
f 829 828 825
f 726 501 502
f 274 424 423
f 879 881 880
f 884 879 885
f 219 217 211
f 906 904 897
f 455 205 542
f 898 830 829
f 903 880 881
f 906 897 898
f 377 519 165
f 923 948 946
f 946 951 950
f 8963 739 8961
f 900 886 880
f 225 65 144
f 182 442 422
f 809 947 824
f 954 962 961
f 927 965 966
f 885 880 886
f 925 966 967
f 343 341 340
f 965 971 968
f 968 970 969
f 972 969 973
f 963 981 978
f 336 338 339
f 992 827 828
f 810 996 959
f 1007 1002 1008
f 1012 827 1009
f 1011 1007 1008
f 294 292 291
f 907 920 919
f 1017 1019 1018
f 1020 1022 1021
f 1035 1020 1044
f 1061 1047 1046
f 1063 1046 1062
f 1044 1021 1045
f 1102 1097 1109
f 1116 1118 1117
f 1016 1014 1013
f 881 904 903
f 816 1127 817
f 1094 949 1097
f 514 167 515
f 146 81 82
f 1133 1130 1129
f 1102 1126 822
f 822 1116 816
f 1145 1148 1136
f 1076 1151 1069
f 1148 1086 1087
f 1109 1114 1136
f 1154 1156 1155
f 1153 967 1156
f 8815 463 9166
f 1144 1152 1151
f 1156 1163 1162
f 1164 1169 1165
f 1145 1176 1147
f 1114 1154 1171
f 1183 1164 1177
f 1184 1177 1185
f 1069 1062 1064
f 1023 1194 1022
f 1162 1170 1169
f 1195 1185 1191
f 1183 1176 1155
f 1201 1152 1196
f 1061 1201 1202
f 9277 843 9288
f 1203 1195 1034
f 1202 1184 1195
f 1218 1203 1217
f 1060 1202 1203
f 1225 1217 1219
f 671 694 670
f 1219 1024 1035
f 1217 1034 1024
f 1226 1015 1227
f 1243 1234 1233
f 1231 1229 1228
f 847 1233 843
f 843 1244 878
f 1233 1245 1244
f 1923 233 216
f 2100 499 500
f 9366 2135 9352
f 61 323 505
f 210 217 457
f 1299 1309 1300
f 9315 1231 9314
f 1066 1321 1322
f 1322 1228 1229
f 1060 1321 1047
f 1325 1323 1310
f 1244 1332 1330
f 1290 1242 1288
f 1337 1339 1338
f 1330 1340 1339
f 1341 1245 1294
f 1342 1332 1341
f 1343 1341 1344
f 1344 1294 1293
f 9309 1345 1346
f 1347 1342 1343
f 9308 1295 1345
f 1349 1348 1347
f 9313 1347 9305
f 9305 1343 9309
f 906 829 1353
f 905 1353 1354
f 865 1355 1357
f 1355 829 825
f 1357 825 826
f 1356 1353 1355
f 9286 1338 9285
f 866 1356 865
f 1358 1354 1356
f 9280 1337 9286
f 838 1012 841
f 1363 1338 1339
f 1368 1339 1340
f 1348 1340 1342
f 1371 9276 9281
f 524 526 523
f 528 530 527
f 1372 1369 1371
f 535 537 538
f 1367 1348 1350
f 1370 1359 1369
f 1369 9285 9276
f 1373 903 904
f 555 557 558
f 1374 910 1373
f 1373 905 1375
f 1374 1375 1376
f 1375 1354 1370
f 1378 908 1377
f 376 651 1387
f 1388 973 969
f 586 588 585
f 1390 1388 1391
f 1391 969 970
f 597 599 596
f 600 602 603
f 1392 970 979
f 608 610 607
f 612 523 611
f 614 616 613
f 617 25 24
f 620 622 619
f 1397 1391 1392
f 1398 1392 1399
f 1400 920 1378
f 1402 1165 1169
f 636 638 635
f 930 1402 929
f 641 643 644
f 929 1169 1170
f 1404 1403 1402
f 1411 1365 1406
f 1412 1415 1414
f 652 654 655
f 609 657 658
f 659 661 662
f 558 586 585
f 665 667 664
f 1413 1406 1412
f 1418 9262 9265
f 1417 1371 1416
f 1416 9281 9262
f 1419 1416 1418
f 1386 1374 1420
f 677 679 676
f 1385 1420 1421
f 1420 1376 1422
f 685 687 688
f 1421 1422 1423
f 528 691 658
f 1422 1372 1417
f 1018 747 1425
f 699 701 702
f 1424 579 1017
f 9115 1767 9112
f 700 711 712
f 1093 9206 1571
f 717 530 719
f 721 723 720
f 704 8987 8998
f 19 1426 1430
f 1429 1427 1426
f 1658 8986 8988
f 1439 1434 1438
f 1437 1435 1434
f 1426 1433 1432
f 1442 1432 1440
f 742 744 745
f 1432 1441 1440
f 751 753 750
f 1438 1403 1405
f 1446 1444 1443
f 1447 1446 1443
f 9312 1443 9300
f 1415 1445 1446
f 1414 1446 1448
f 2173 469 470
f 777 779 686
f 780 782 783
f 1676 1806 1675
f 9311 1349 9313
f 789 791 788
f 745 793 742
f 652 795 653
f 1455 1457 1456
f 1454 1350 1452
f 610 802 801
f 9283 698 703
f 1352 1045 1351
f 1015 1459 1460
f 811 813 814
f 2118 9269 2117
f 819 821 818
f 1466 1194 1190
f 1467 1465 1466
f 1182 1468 1467
f 832 833 831
f 835 837 834
f 1467 1190 1182
f 1469 1444 1445
f 840 712 690
f 1453 1469 1454
f 599 845 846
f 1226 9301 9307
f 851 853 850
f 855 856 854
f 858 860 857
f 861 863 864
f 1014 9307 9310
f 867 868 869
f 870 872 873
f 874 876 877
f 1310 1471 1309
f 1476 1427 1475
f 1461 1475 1460
f 887 889 890
f 788 892 891
f 894 896 893
f 1460 1227 1015
f 901 524 612
f 1465 1477 1464
f 1865 8944 1864
f 911 913 914
f 916 918 915
f 1850 8951 1851
f 921 895 894
f 1479 1436 1478
f 926 667 601
f 1481 563 1480
f 269 84 1482
f 931 933 916
f 934 614 869
f 936 688 937
f 938 662 939
f 1484 122 123
f 941 835 834
f 320 509 510
f 1849 8949 1850
f 84 1484 83
f 1487 1488 539
f 1757 8946 8953
f 365 1491 364
f 461 80 511
f 117 362 1496
f 1494 541 1495
f 926 957 958
f 1477 1433 1476
f 1709 1585 1700
f 119 1496 345
f 271 504 156
f 511 189 186
f 345 1492 365
f 255 344 254
f 57 299 132
f 1501 268 1500
f 267 1499 145
f 974 976 977
f 1678 1693 1676
f 9298 1807 9292
f 557 663 558
f 983 984 985
f 1443 9301 9300
f 421 268 265
f 989 991 988
f 1490 418 1504
f 279 309 310
f 997 676 679
f 998 999 875
f 1504 38 1505
f 1506 1507 1486
f 360 1508 1506
f 1506 207 360
f 939 1006 938
f 270 1483 269
f 66 546 512
f 1010 793 935
f 367 437 1509
f 244 363 243
f 1670 8978 1669
f 209 1510 226
f 235 1512 1511
f 1511 234 235
f 388 426 425
f 427 250 237
f 161 521 231
f 100 45 44
f 1025 608 1027
f 1029 1031 1028
f 939 1033 1032
f 41 594 99
f 1036 783 1037
f 702 1038 1039
f 1040 1042 1043
f 362 369 1493
f 187 477 186
f 70 539 198
f 1511 1521 234
f 1049 603 1048
f 613 869 614
f 860 1051 857
f 1005 1053 1006
f 753 1056 1054
f 1057 1059 1055
f 293 1522 292
f 288 1521 1522
f 292 1523 329
f 331 1508 1524
f 306 453 305
f 100 41 99
f 462 78 79
f 330 1524 462
f 635 1068 636
f 1485 1526 1528
f 206 1528 1510
f 1070 1072 831
f 942 1073 1074
f 916 1075 917
f 440 1530 439
f 157 1514 285
f 1529 5 1530
f 371 546 63
f 790 663 791
f 1077 857 1078
f 1403 1435 1165
f 1080 1082 1079
f 531 1529 440
f 21 1084 1085
f 272 1531 561
f 137 396 397
f 690 802 691
f 335 9011 581
f 1090 1029 1091
f 1092 794 1042
f 1533 137 138
f 661 1095 1096
f 69 445 72
f 1099 1101 1098
f 38 1536 1505
f 1104 1106 1103
f 852 1108 853
f 1377 909 1386
f 291 411 294
f 316 516 33
f 539 1533 534
f 1505 316 313
f 1110 1112 1113
f 1539 460 264
f 522 1537 1539
f 834 1120 1119
f 1122 1124 1121
f 612 1041 901
f 935 615 614
f 276 130 131
f 1686 8966 1685
f 193 1541 273
f 231 1540 287
f 556 982 557
f 365 85 345
f 190 318 1541
f 1810 9018 8972
f 9376 8956 9243
f 1132 985 1131
f 208 102 132
f 1134 662 661
f 1491 80 77
f 429 1542 147
f 1137 915 918
f 172 428 174
f 1139 1141 1142
f 549 54 55
f 1517 1518 296
f 976 1146 938
f 834 984 941
f 1543 286 115
f 1544 239 513
f 133 1544 1542
f 506 257 258
f 420 328 401
f 1158 1160 1157
f 587 1103 588
f 1513 1514 151
f 607 1027 608
f 304 1545 303
f 364 77 506
f 69 198 139
f 1006 976 938
f 700 1112 701
f 9329 8969 9239
f 1166 657 656
f 1167 858 1077
f 1300 8968 1299
f 1172 1174 1175
f 218 200 217
f 1179 1181 1178
f 372 97 98
f 89 227 88
f 1186 1188 1189
f 172 1517 1549
f 1482 81 1498
f 1090 1193 1030
f 394 353 1551
f 526 1198 1197
f 811 858 812
f 1199 1026 1025
f 606 697 696
f 1204 1206 743
f 1207 523 526
f 1209 867 613
f 914 685 936
f 1478 1441 1477
f 1029 1161 1091
f 1211 1213 1214
f 9310 1451 9311
f 844 1216 845
f 423 273 274
f 1220 1222 1083
f 22 1224 23
f 882 897 881
f 1519 173 387
f 1189 1232 1178
f 349 550 416
f 1071 1236 1072
f 1237 1239 745
f 1221 1189 1240
f 1510 1512 333
f 939 1241 1005
f 1556 5 67
f 1553 394 1551
f 404 67 347
f 1247 1249 1246
f 142 238 92
f 1251 635 1250
f 850 1253 851
f 1254 1077 1255
f 57 133 429
f 443 552 551
f 1187 1175 1188
f 1256 831 833
f 432 382 383
f 741 747 746
f 434 351 415
f 349 383 348
f 251 1481 1480
f 395 352 353
f 1518 1550 1551
f 1558 378 340
f 109 314 315
f 285 1513 407
f 395 393 392
f 202 410 1558
f 417 405 432
f 1246 1258 1247
f 3 297 2
f 1259 1261 1262
f 403 347 284
f 955 953 952
f 462 51 330
f 1096 687 1263
f 429 60 57
f 896 1265 932
f 1267 1268 1266
f 423 327 420
f 37 180 40
f 20 1187 1186
f 1256 1071 1070
f 155 156 504
f 1188 1269 1232
f 1236 1271 1262
f 1272 535 621
f 565 463 464
f 1273 745 1239
f 876 1255 1274
f 316 164 315
f 437 503 1509
f 194 1495 197
f 1275 864 863
f 624 631 630
f 1277 1137 1278
f 569 567 566
f 1481 125 366
f 324 547 326
f 1279 1107 1280
f 1525 329 1523
f 1281 1137 918
f 171 1553 1552
f 1488 396 1533
f 1557 1562 1559
f 1282 1206 1205
f 1053 1278 1281
f 778 607 1283
f 713 9010 9013
f 251 144 124
f 4 348 383
f 709 707 706
f 728 45 246
f 261 1563 544
f 789 1287 790
f 74 263 282
f 403 385 434
f 1178 1240 1189
f 1223 1289 1224
f 158 150 151
f 1220 1186 1221
f 296 354 433
f 784 1538 1566
f 1181 1291 1222
f 1269 1257 1246
f 1566 438 399
f 136 1566 1564
f 1563 169 1565
f 107 109 108
f 1297 1298 1296
f 1464 1476 1461
f 1520 507 508
f 1301 1303 1304
f 1306 1308 1305
f 175 1532 272
f 1532 200 201
f 1311 1312 1313
f 872 1315 1316
f 1317 1318 1319
f 9288 878 9280
f 1305 864 1276
f 1040 863 1320
f 1564 399 169
f 592 1575 591
f 591 1088 689
f 1581 1583 1582
f 1196 1147 1176
f 710 583 713
f 285 408 386
f 953 961 963
f 1594 1589 1593
f 1585 1587 1586
f 1592 1590 1589
f 9337 944 9351
f 1600 1598 1597
f 1604 1602 1601
f 1399 979 980
f 1589 1596 1595
f 1610 1608 1607
f 298 361 360
f 551 276 277
f 1627 9266 9271
f 859 818 860
f 1078 1328 1329
f 1555 1530 1556
f 572 680 681
f 772 776 774
f 977 918 917
f 404 392 393
f 1054 750 753
f 1644 1643 1642
f 932 1082 933
f 1067 1334 1068
f 1540 264 114
f 597 643 1336
f 471 762 470
f 1642 9283 9294
f 1644 9294 9295
f 923 950 927
f 96 548 95
f 520 522 521
f 445 443 442
f 849 848 842
f 480 755 493
f 1646 481 1639
f 311 1567 170
f 464 8941 8939
f 8941 1361 8939
f 234 236 235
f 190 192 191
f 153 152 149
f 231 286 230
f 1552 1551 1550
f 760 1648 488
f 9284 1649 9282
f 828 826 825
f 52 166 165
f 1663 1661 1660
f 287 115 286
f 668 670 669
f 634 640 639
f 553 559 554
f 118 33 516
f 492 491 490
f 8996 1651 8997
f 582 584 583
f 384 392 415
f 1381 1383 1380
f 1562 435 436
f 952 951 947
f 8973 583 584
f 1660 1667 1666
f 1394 1396 1393
f 1660 1664 1663
f 1671 1669 1668
f 1624 1673 1672
f 1407 1409 1410
f 1677 1675 1674
f 1613 1677 1625
f 1679 1676 1677
f 1626 9263 9266
f 534 198 539
f 176 150 159
f 803 734 800
f 400 191 192
f 65 143 144
f 8970 1656 8984
f 402 157 283
f 629 627 626
f 461 49 50
f 758 495 756
f 796 786 785
f 406 1513 1560
f 342 166 167
f 1694 1658 1695
f 1692 1694 1696
f 9001 1652 8996
f 9373 1703 9375
f 326 302 90
f 9368 1702 1706
f 9371 1698 1701
f 1699 9379 9370
f 1557 1560 1561
f 1127 1117 1128
f 400 289 346
f 1706 1707 1708
f 1707 1599 1600
f 1709 1708 1588
f 1714 1711 1713
f 9371 1709 1700
f 1704 1577 1703
f 1716 1713 1715
f 1559 1549 297
f 1722 1720 1719
f 1335 596 1489
f 410 377 378
f 973 1163 972
f 168 399 398
f 1571 1089 1093
f 1572 682 1571
f 749 647 754
f 1730 1723 1729
f 1594 1729 1592
f 1729 1591 1592
f 1731 1730 1583
f 1384 1377 1379
f 1732 1712 1714
f 1724 1731 1732
f 1712 1731 1580
f 1722 1732 1733
f 1721 1733 1734
f 1734 1716 1717
f 1735 1736 1697
f 1733 1714 1716
f 1663 1741 1668
f 1742 1740 1743
f 1738 1737 1735
f 1665 1666 1740
f 1665 1744 1664
f 1725 1746 1745
f 1591 1745 1590
f 1590 1747 1596
f 1745 1748 1747
f 1659 8982 8986
f 5650 8989 5617
f 1185 1182 1190
f 1664 1749 1741
f 1741 1739 1738
f 1746 1743 1748
f 1726 1742 1746
f 1153 924 925
f 1115 1153 1154
f 1654 9019 1655
f 1896 8993 1686
f 1720 1744 1726
f 1721 1749 1720
f 1750 1701 1698
f 1697 1750 1696
f 1151 1063 1062
f 1751 1670 1671
f 1695 1752 1751
f 961 986 981
f 1770 1768 1767
f 1766 1593 1765
f 1731 1579 1580
f 1579 1774 1578
f 9380 1771 9381
f 1764 9380 9369
f 1777 1775 1774
f 9214 1699 1700
f 1004 1128 1003
f 1774 1771 1772
f 987 1399 980
f 1578 1772 1764
f 1783 1781 1778
f 1597 1770 1767
f 639 9347 9336
f 9380 1769 1770
f 1793 1789 1788
f 9381 1798 1769
f 8952 9225 1806
f 1802 9376 9374
f 1788 1794 1793
f 1793 1795 1776
f 9225 1675 1806
f 1584 1783 1789
f 1771 9372 9381
f 1801 1798 1800
f 1768 1798 1799
f 1775 1797 1771
f 508 515 1520
f 1796 1802 1797
f 1800 9372 9374
f 1794 1804 1795
f 8976 1752 8991
f 485 1807 775
f 9261 1640 768
f 9289 1810 1653
f 485 1640 1808
f 1690 9222 9224
f 487 1648 1811
f 9291 1816 9274
f 9290 1648 9282
f 9291 1811 9290
f 1812 487 1811
f 1641 767 768
f 465 755 776
f 767 9275 9260
f 9274 9278 9299
f 1809 1815 767
f 9289 1651 9292
f 675 8985 8940
f 1814 1822 1821
f 1821 9273 9272
f 1824 1649 1825
f 1827 1850 1805
f 1668 1662 1663
f 1779 1848 1828
f 1790 1805 1794
f 1833 1853 1852
f 8965 693 575
f 1614 1616 1617
f 1852 8942 8945
f 1620 1622 1623
f 1855 1574 1861
f 1847 8945 8957
f 1766 1855 1782
f 1629 1631 1628
f 1633 1634 1632
f 1635 1637 1638
f 1848 1852 1847
f 1855 1863 1862
f 1803 1867 1802
f 1862 1831 1832
f 1782 1862 1781
f 9374 1865 1800
f 1873 1870 1869
f 1874 799 804
f 2045 9349 2044
f 1219 1295 1225
f 1615 1396 1395
f 9336 1877 1876
f 645 9238 9003
f 1345 1035 1346
f 634 9336 9332
f 15 1327 14
f 9362 1878 1893
f 1894 605 1893
f 8950 627 693
f 9004 645 9003
f 340 454 1558
f 1897 195 1898
f 1889 1877 1890
f 1901 129 1900
f 196 754 232
f 1705 9373 9368
f 340 166 343
f 1570 563 561
f 1904 194 1897
f 1781 1832 1780
f 1905 55 1906
f 1000 995 996
f 986 920 987
f 1191 1190 1194
f 2094 2075 2093
f 1920 1919 1915
f 453 1912 1911
f 1915 1918 1916
f 9334 2106 9353
f 1655 8975 1868
f 1916 1926 1925
f 704 9005 703
f 278 1925 1900
f 9009 1818 1820
f 1097 1115 1114
f 1927 727 1923
f 9030 9106 9210
f 1920 307 1929
f 1929 48 728
f 503 1497 1509
f 1902 787 796
f 1816 9272 9278
f 1925 1923 1924
f 1535 1568 1534
f 254 258 255
f 1509 366 367
f 119 35 36
f 219 293 294
f 141 47 431
f 542 244 245
f 1940 430 431
f 1779 1827 1790
f 1701 9367 9371
f 1661 8959 1667
f 270 754 647
f 197 749 196
f 1727 1212 1211
f 53 232 754
f 1465 1479 1478
f 1284 9306 1293
f 1951 412 413
f 168 1554 1553
f 1486 206 207
f 506 78 361
f 994 1007 993
f 951 963 964
f 1013 9313 1351
f 9278 1820 1818
f 1498 1954 1482
f 299 543 132
f 1754 1756 1753
f 1681 1683 1682
f 1696 1695 1697
f 13 738 737
f 473 475 474
f 482 768 1640
f 204 30 205
f 1761 820 819
f 611 1125 612
f 1501 1908 1909
f 1074 711 699
f 1960 82 83
f 120 1960 123
f 35 87 34
f 1773 1025 1031
f 1965 1569 1535
f 494 471 479
f 1966 1969 1968
f 446 1971 1967
f 174 125 126
f 1580 1578 1577
f 1785 1787 1784
f 1972 304 305
f 1254 875 999
f 1973 342 514
f 321 1973 509
f 1910 275 1907
f 509 514 508
f 1486 1527 1485
f 1974 804 1975
f 1977 1974 1978
f 1980 1966 1981
f 379 2 295
f 1718 1710 1701
f 884 992 883
f 1680 1678 1679
f 902 525 524
f 344 256 299
f 135 137 136
f 236 228 333
f 448 1967 1966
f 589 604 584
f 910 908 907
f 1981 1968 1987
f 1982 1987 1979
f 1988 1987 1989
f 1990 1989 1991
f 1991 1993 1992
f 322 320 319
f 992 830 883
f 1144 1086 1143
f 1995 1978 1994
f 1133 1118 1126
f 1997 1994 1996
f 870 1335 1489
f 805 1982 1998
f 727 2000 1999
f 1996 1988 1990
f 1994 1979 1988
f 1829 792 1273
f 1830 941 983
f 798 800 799
f 729 731 730
f 2011 2023 2022
f 1834 846 1159
f 402 284 347
f 2022 2024 2025
f 1838 989 988
f 810 952 809
f 1823 1840 644
f 1430 1432 1431
f 1215 1841 1079
f 149 176 177
f 1316 873 872
f 2112 1384 2106
f 1842 1844 1845
f 1159 845 1160
f 837 1846 1120
f 1971 2030 2027
f 517 370 189
f 858 833 812
f 1471 2027 1888
f 8995 626 627
f 2174 770 490
f 935 1854 1010
f 1613 1611 1618
f 1231 1225 1295
f 1856 891 892
f 1300 748 741
f 1150 1858 1859
f 1643 696 1642
f 1215 1264 1216
f 1320 902 901
f 1956 1944 1960
f 2031 669 1474
f 2034 1310 1299
f 1879 1656 1657
f 40 242 39
f 1992 2039 1456
f 888 957 889
f 1882 1996 1990
f 1078 1255 1077
f 1871 1192 1090
f 294 218 219
f 1323 2026 1471
f 123 83 1484
f 1324 2041 1323
f 384 359 352
f 1324 2038 2036
f 1883 1885 1829
f 287 114 107
f 1096 1134 661
f 915 931 916
f 806 1981 1982
f 8977 584 604
f 1425 2042 1018
f 1018 1948 1017
f 9006 740 8963
f 1948 649 646
f 1881 1990 1991
f 1900 130 278
f 992 994 993
f 923 925 924
f 9330 2047 9328
f 1643 625 606
f 2050 2051 2049
f 2045 1404 2047
f 9328 945 9337
f 1139 1079 1841
f 1037 892 982
f 2055 2057 2056
f 1198 718 717
f 1619 1612 1611
f 2058 1606 2059
f 2059 1607 2058
f 2058 1624 1605
f 71 179 37
f 405 1557 382
f 976 1006 977
f 322 1972 1911
f 2061 2063 2062
f 2066 2067 1825
f 2052 2064 2051
f 1609 2066 1647
f 1515 152 1516
f 1009 993 1007
f 1644 9267 2118
f 279 1916 278
f 1285 9314 1284
f 1647 1825 1649
f 2056 2067 2065
f 319 1953 1952
f 667 1913 1914
f 2070 625 2048
f 2052 2055 2063
f 2038 1655 1458
f 1606 2073 2072
f 1235 1270 1236
f 2072 2075 2074
f 2059 2072 2062
f 2074 2077 2076
f 1601 2078 2073
f 2049 1643 1645
f 1000 1001 994
f 1089 684 689
f 1931 1306 1930
f 1462 1021 1022
f 1932 1934 1935
f 875 1846 998
f 1936 1937 1938
f 44 46 92
f 1534 1956 120
f 1541 317 391
f 2081 2084 2083
f 146 1959 300
f 1360 1942 1361
f 985 1032 1033
f 1995 1892 2043
f 2079 2082 2081
f 2095 2076 2077
f 2081 2078 2079
f 2055 2054 2053
f 501 2095 500
f 2097 2099 2098
f 2098 2094 2083
f 2140 9345 9318
f 2141 9346 9345
f 2051 2048 2049
f 592 2101 1576
f 2071 2076 2096
f 2102 2098 2101
f 593 2102 592
f 1019 746 747
f 1950 12 1327
f 725 2096 501
f 1385 2104 1379
f 1379 2106 1384
f 2107 2100 2097
f 9360 502 9348
f 9348 499 9353
f 940 2109 944
f 928 1170 973
f 9320 684 9351
f 1962 1964 1961
f 9330 573 9349
f 2039 1968 1969
f 1389 2110 2109
f 1398 2113 1397
f 9209 9205 9195
f 9363 2107 2103
f 949 924 1115
f 260 324 326
f 1390 2113 2110
f 2070 2064 2071
f 9319 2103 593
f 2105 1421 2114
f 2114 1423 2115
f 9344 2115 9355
f 9360 2114 9344
f 554 1902 553
f 972 967 966
f 1765 1573 1574
f 1984 1986 1983
f 2053 2069 2057
f 9017 724 714
f 1625 1674 1673
f 9333 2119 2122
f 9355 2123 9356
f 56 1906 55
f 626 9331 629
f 2001 2003 2004
f 9364 2127 9359
f 2006 2008 2009
f 2127 1412 2128
f 2014 2016 2017
f 2018 2020 2021
f 1495 1947 197
f 1379 1386 1385
f 9266 1680 1618
f 2029 1884 2028
f 9354 2120 9339
f 629 9366 9324
f 682 943 1089
f 724 2121 716
f 1757 9273 9297
f 765 9296 9261
f 9303 715 9304
f 706 9322 9324
f 981 987 980
f 1457 1656 1880
f 2017 2032 2033
f 1458 1868 1457
f 1776 1792 1793
f 1959 1946 1958
f 9115 9177 9113
f 9365 2122 9302
f 1093 689 1088
f 966 968 972
f 9304 9333 9365
f 2172 2170 2171
f 670 2137 669
f 9213 1903 233
f 1429 28 1449
f 964 978 971
f 9293 1413 2127
f 1473 669 2137
f 9286 1359 1358
f 2138 1870 2137
f 1872 2137 1870
f 715 9340 9333
f 1881 1992 1880
f 9295 739 740
f 1837 8957 8958
f 253 59 85
f 1808 9292 1807
f 1647 9270 1609
f 9317 671 668
f 2112 9335 2111
f 1405 2044 1438
f 9281 1364 1366
f 273 391 249
f 576 8964 8999
f 9327 668 2031
f 1430 2140 2139
f 2136 9312 28
f 1430 18 19
f 9345 570 695
f 1442 2046 2141
f 1431 2141 2140
f 9321 9302 2136
f 9260 1817 766
f 9318 695 671
f 2142 798 2138
f 571 2142 694
f 9271 1618 1611
f 2143 2025 2142
f 694 2138 670
f 681 2144 572
f 2144 2022 2143
f 328 457 290
f 1572 2011 2144
f 630 9355 624
f 2085 2087 2088
f 2090 2092 2089
f 572 2143 571
f 1875 2153 2149
f 1873 2149 2154
f 2103 2097 2102
f 2157 2155 2156
f 2128 1414 2120
f 9326 589 582
f 9324 628 629
f 2149 2158 2159
f 2159 9357 9342
f 698 9354 705
f 9275 9279 1817
f 2158 9326 9357
f 1438 2046 1439
f 2035 2160 2161
f 2161 9341 9338
f 9323 605 589
f 9325 18 9327
f 370 61 451
f 649 413 648
f 2153 2156 2158
f 1428 1449 1450
f 1490 73 1488
f 9342 710 633
f 2155 9343 9323
f 1456 1880 1992
f 2125 2087 2124
f 2160 9342 9341
f 300 505 323
f 1064 1046 1065
f 2043 1891 2155
f 2129 2004 2003
f 2131 2133 2134
f 9300 1450 1449
f 1998 804 805
f 9331 9316 9366
f 474 490 770
f 1164 1182 1177
f 707 9361 9322
f 708 2162 707
f 2162 9338 9361
f 548 1905 458
f 1145 1114 1171
f 705 1650 704
f 2043 1977 1995
f 737 554 559
f 1034 1191 1023
f 458 1907 275
f 195 232 233
f 2040 1969 1970
f 2145 2147 2148
f 2054 2049 1645
f 9284 1639 9270
f 9 11 10
f 252 506 258
f 472 479 471
f 1865 9243 8947
f 900 910 907
f 1941 2151 1942
f 1921 1927 1919
f 2163 1898 2116
f 271 153 178
f 1904 12 9
f 282 264 460
f 1872 2154 2035
f 1326 1897 2163
f 628 693 627
f 1724 1719 1723
f 1549 436 172
f 1582 1730 1729
f 1921 1929 1928
f 9007 10 11
f 2152 1950 1949
f 475 774 771
f 769 2171 473
f 2171 476 473
f 476 772 475
f 1791 464 1760
f 2166 2168 2169
f 595 372 98
f 483 1641 482
f 762 2173 470
f 771 484 492
f 486 1809 483
f 297 1517 296
f 763 2174 762
f 776 759 489
f 184 2176 2000
f 412 303 414
f 2005 185 224
f 9263 1682 9298
f 2164 756 764
f 1472 2161 2162
f 950 964 965
f 2177 2179 2180
f 227 1510 333
f 764 467 2164
f 2182 2184 2181
f 2186 2018 2185
f 1985 2181 1986
f 214 729 1531
f 1545 1546 1569
f 865 842 866
f 849 1357 1362
f 452 1558 454
f 559 3188 737
f 16 737 3188
f 560 498 374
f 3193 3195 3194
f 3200 3198 3199
f 3211 3213 3212
f 3215 3217 3216
f 2187 2002 2001
f 3233 3235 3234
f 3223 3222 3224
f 3229 3231 3230
f 3245 3247 3246
f 2169 2189 2190
f 2192 2085 2191
f 2193 2195 2196
f 2198 2200 2197
f 1998 1979 1975
f 9116 9120 9123
f 3253 3255 3254
f 2116 1903 1902
f 1859 2009 1150
f 9356 2126 9358
f 1135 1087 1130
f 2201 2015 2014
f 1149 110 1858
f 3261 3263 3262
f 3269 3271 3270
f 3265 3267 3266
f 3229 3284 3283
f 3289 3291 3290
f 3299 3301 3300
f 3307 3264 3308
f 3293 3295 3294
f 3297 3224 3298
f 3319 3291 3320
f 3322 3318 3315
f 3314 3312 3311
f 3285 3287 3286
f 3332 3218 3215
f 3329 3330 3328
f 3324 3227 3298
f 3298 3326 3324
f 2203 2205 2206
f 579 1895 1019
f 1755 2208 1756
f 3337 3339 3338
f 9343 1893 605
f 1211 2150 1727
f 868 2210 2209
f 3347 3349 3348
f 944 930 940
f 2130 2202 2201
f 233 1898 195
f 665 750 666
f 1167 999 618
f 2211 2213 2214
f 2215 2217 2218
f 9319 590 9320
f 2220 220 2219
f 823 948 1094
f 3375 3377 3376
f 3393 3391 3390
f 3353 3357 3356
f 3363 3365 3364
f 3402 3404 3403
f 266 455 265
f 9334 2107 9335
f 2221 8963 8961
f 2223 2225 2226
f 2207 2124 2208
f 3293 3336 3286
f 673 9321 9316
f 817 996 815
f 2227 2146 2145
f 1947 646 749
f 9352 17 9325
f 2229 1638 1381
f 1679 1618 1680
f 1637 2232 2230
f 2233 1617 1616
f 2231 2236 2237
f 3406 3408 3407
f 1381 2238 1382
f 9038 2242 9039
f 3414 3341 3415
f 1630 2233 1631
f 1681 472 469
f 1408 2243 2244
f 3423 3425 3424
f 3433 3263 3307
f 3434 3430 3435
f 3440 3442 3441
f 3444 3446 3445
f 3436 3450 3439
f 3442 3456 3455
f 1637 2238 1638
f 3445 3437 3438
f 3448 3440 3449
f 1409 1634 2245
f 1380 2247 2246
f 1628 2245 1621
f 3463 3465 3464
f 3308 3462 3307
f 2249 1622 1633
f 1632 1408 2244
f 2248 1631 2250
f 3478 3480 3479
f 3509 3511 3510
f 2235 1637 1636
f 3505 3507 3506
f 3457 3199 3198
f 631 2071 725
f 515 52 49
f 782 2251 1251
f 2253 2255 2252
f 397 459 784
f 1456 2040 1455
f 2040 2036 1455
f 3434 3518 3517
f 1401 2111 1398
f 2041 1970 2026
f 3367 3338 3368
f 1535 414 1965
f 1586 2080 2079
f 2256 1132 1886
f 3528 3530 3529
f 3519 3520 3517
f 3537 3506 3538
f 3543 3545 3544
f 1700 9370 9371
f 3486 3550 3549
f 3455 3497 3563
f 3558 3559 3323
f 3456 3500 3497
f 3572 3252 3249
f 3308 3285 3569
f 3316 3574 3573
f 3575 3479 3533
f 3576 3578 3577
f 3580 3582 3581
f 3584 3586 3585
f 3505 3588 3503
f 3589 3591 3590
f 3600 3602 3601
f 3542 3595 3594
f 3604 3592 3589
f 3611 3613 3612
f 3622 3624 3623
f 3618 3620 3619
f 3626 3628 3627
f 3644 3646 3645
f 3634 3636 3635
f 3638 3641 3640
f 9267 1686 9269
f 1263 1886 1096
f 3613 3654 3614
f 598 844 599
f 2257 2259 2260
f 2258 2262 2259
f 2259 2263 2216
f 2260 2216 2215
f 1967 1970 1969
f 2212 1963 2213
f 922 2218 2217
f 1312 1101 2264
f 1307 1286 789
f 1548 1546 1972
f 2266 2268 2265
f 2265 2270 2269
f 2272 2269 2271
f 2273 2265 2272
f 2275 2277 2274
f 2278 2277 2279
f 2284 9069 9091
f 2287 2286 2281
f 2288 2283 2287
f 2290 9091 9072
f 2291 2293 2294
f 2295 2294 2279
f 2296 2291 2295
f 2297 2292 2291
f 2294 2299 2300
f 2279 2300 2278
f 2298 2302 2292
f 2292 2303 2293
f 2293 2304 2299
f 2304 2306 2299
f 2306 2300 2299
f 2308 2310 2307
f 2302 2310 2303
f 2301 2307 2302
f 2312 2307 2311
f 2313 2315 2316
f 2318 2320 2317
f 9200 2322 2323
f 2324 2273 2326
f 2313 2326 2327
f 2328 2313 2316
f 2329 2324 2328
f 2331 2333 2330
f 2330 2267 2266
f 2325 2266 2273
f 2329 2330 2325
f 2333 2335 2267
f 2336 2333 2332
f 2338 2332 2337
f 2331 2337 2332
f 2329 2339 2331
f 2328 2340 2329
f 2316 2341 2328
f 2342 2315 2343
f 2344 2346 2347
f 2341 2347 2340
f 2342 2344 2341
f 2348 2345 2344
f 2350 2352 2353
f 2339 2353 2337
f 2340 2350 2339
f 2347 2351 2350
f 2337 2354 2338
f 2353 2355 2354
f 2356 2276 2357
f 2356 2358 2359
f 2356 2296 2295
f 2279 2356 2295
f 2360 2270 2268
f 2267 2360 2268
f 2362 2364 2365
f 2362 2361 2358
f 2366 2358 2357
f 2366 2363 2362
f 2357 2368 2366
f 2366 2369 2367
f 2276 2370 2368
f 2368 2282 2369
f 2372 2374 2371
f 2375 2377 2007
f 2378 2380 2381
f 2382 2381 2383
f 2384 2378 2382
f 2385 2379 2378
f 2388 2390 2387
f 2387 2392 2391
f 2393 2387 2391
f 2394 2388 2387
f 2186 2402 2400
f 2403 2327 2326
f 2272 2326 2273
f 2271 2403 2272
f 2405 2404 2403
f 2404 2408 2327
f 2409 2411 2412
f 2409 2271 2269
f 2413 2269 2270
f 2413 2410 2409
f 2417 2416 2418
f 2417 2406 2405
f 2412 2405 2271
f 2411 2417 2412
f 2406 2407 2404
f 9013 632 713
f 2420 2397 2421
f 2420 2423 2422
f 2424 2422 2419
f 2424 2398 2420
f 2425 2392 2426
f 2421 2426 2423
f 2397 2425 2421
f 2396 2391 2425
f 2427 2315 2314
f 2427 2408 2428
f 2430 2428 2429
f 2343 2427 2430
f 2432 2430 2431
f 2431 2429 2433
f 2435 2433 2434
f 2436 2431 2435
f 2428 2407 2437
f 2422 2407 2419
f 2438 2422 2423
f 2429 2437 2438
f 2440 2433 2439
f 2441 2433 2429
f 2442 2439 2441
f 2443 2440 2439
f 2445 2444 2443
f 2447 2443 2442
f 2383 2445 2447
f 2381 2446 2445
f 2448 2423 2426
f 2449 2426 2392
f 2441 2449 2442
f 2441 2438 2448
f 2449 2390 2450
f 2450 2389 2451
f 2447 2451 2383
f 2442 2450 2447
f 2451 2453 2452
f 2452 2455 2454
f 2382 2454 2384
f 2383 2452 2382
f 2456 2373 2372
f 2459 2461 2458
f 2463 2465 2462
f 2462 2285 2284
f 2466 2284 2290
f 2467 2462 2466
f 2461 9155 9153
f 2468 2470 2471
f 2472 2471 2473
f 2474 9153 9140
f 2475 2477 2478
f 2458 2453 2479
f 2479 2389 2388
f 2395 2479 2388
f 2480 2458 2479
f 2481 2483 2478
f 2484 2485 221
f 2471 2464 2463
f 2473 2463 2467
f 2487 2466 2486
f 2486 2290 2488
f 2490 2488 2489
f 2491 2486 2490
f 2492 2467 2487
f 2493 2487 2491
f 2494 2492 2493
f 2495 2473 2492
f 9142 2474 9140
f 9143 2496 9142
f 2498 2493 2499
f 2500 2499 2501
f 9152 2498 2500
f 9139 2494 2498
f 2306 2278 2300
f 2305 2504 2306
f 2504 2507 2506
f 2506 2288 2508
f 2274 2508 2275
f 2278 2506 2274
f 9085 2489 2488
f 9072 2488 2290
f 2507 2289 2288
f 2505 2509 2507
f 2508 2287 2511
f 2511 2281 2280
f 2370 2280 2282
f 2275 2511 2370
f 2512 2489 2513
f 2514 2513 2515
f 2517 2514 2516
f 2517 2490 2512
f 2499 2491 2517
f 2499 2516 2501
f 2510 2519 2518
f 2518 2521 2520
f 9068 2520 9073
f 9084 2518 9068
f 2522 2303 2310
f 2523 2310 2309
f 2305 2522 2524
f 2524 2523 2525
f 2519 2525 2521
f 2505 2524 2519
f 2308 2527 2526
f 2526 2529 2528
f 2531 2528 2530
f 2309 2526 2531
f 1214 2151 1211
f 2419 2418 2424
f 2533 2349 2317
f 2534 2317 2320
f 2535 2533 2534
f 2536 2345 2533
f 2537 2346 2536
f 2538 2536 2535
f 2539 2537 2538
f 2540 2351 2537
f 2312 2541 2527
f 2527 2542 2529
f 2543 2434 2544
f 2545 2544 2546
f 2319 2543 2545
f 2318 2435 2543
f 2514 2548 2547
f 2547 2550 2549
f 2552 2549 2551
f 2552 2514 2547
f 2520 2554 2553
f 2553 2556 2555
f 9042 2555 9045
f 9073 2553 9042
f 2523 2531 2557
f 2557 2530 2558
f 2525 2557 2559
f 2559 2558 2560
f 2554 2560 2556
f 2521 2559 2554
f 2561 2007 2006
f 2376 2225 2377
f 2564 2566 2563
f 2563 338 2567
f 2569 2567 2568
f 2570 2563 2569
f 2572 2574 2571
f 2571 2576 2575
f 2544 2575 2546
f 2544 2572 2571
f 2578 2569 2577
f 2579 2569 2568
f 2574 2579 2576
f 2573 2577 2574
f 2581 2583 2580
f 2584 2583 2585
f 9149 2580 2584
f 9128 2580 9127
f 2582 2552 2583
f 2583 2551 2585
f 2500 2589 2588
f 2590 2589 2591
f 9145 2588 2590
f 9147 2500 2588
f 2501 2591 2589
f 2592 2594 2595
f 2386 2503 2502
f 2596 2386 2374
f 2596 2373 2597
f 2599 2597 2598
f 2599 2379 2596
f 2600 2380 2599
f 2600 2598 2601
f 2603 2601 2602
f 2603 2446 2600
f 2604 2602 2605
f 2440 2605 2434
f 2444 2604 2440
f 2606 2581 2607
f 2606 2590 2591
f 2591 2582 2606
f 9128 2456 9141
f 9141 2372 9145
f 2478 2608 2481
f 2609 2611 2199
f 2564 2613 2612
f 2612 2598 2597
f 2457 2597 2373
f 2565 2612 2457
f 2614 2570 2578
f 2615 2578 2573
f 2602 2614 2615
f 2601 2613 2614
f 2572 2605 2616
f 2616 2602 2615
f 2573 2616 2615
f 1459 1045 1021
f 1265 1079 1082
f 1612 1609 1611
f 2067 2069 2068
f 1135 1136 1148
f 1938 2618 2617
f 95 458 128
f 2058 1608 1612
f 1454 1445 1367
f 655 1048 2619
f 722 2621 723
f 3665 3634 3666
f 1131 1033 1134
f 562 366 1497
f 1723 1725 1591
f 1786 1122 1787
f 267 323 266
f 1325 1654 2038
f 1468 1435 1479
f 658 529 528
f 8 247 7
f 382 1559 3
f 3631 3680 3630
f 788 1307 789
f 940 929 928
f 911 2623 912
f 2621 655 654
f 2624 2625 2626
f 998 27 26
f 635 2626 2625
f 2627 644 1840
f 2628 1840 2629
f 1200 2627 2628
f 1199 641 2627
f 1520 49 477
f 1452 1349 1451
f 2630 1859 1858
f 644 1335 1823
f 3683 3699 3698
f 1197 717 2632
f 2632 719 1166
f 2628 1166 1200
f 2629 2632 2628
f 1762 1050 821
f 1823 873 1839
f 2634 794 652
f 1028 1027 1161
f 1042 2635 1043
f 93 1901 1924
f 2036 1458 1455
f 1527 1525 1526
f 877 1274 1277
f 134 797 1544
f 1328 931 1329
f 607 1091 1161
f 1043 2637 2636
f 2636 2639 2638
f 1275 2638 1276
f 1275 1043 2636
f 1272 2626 2640
f 2640 638 637
f 1110 2640 637
f 536 2640 2641
f 1472 1474 1473
f 2042 1951 649
f 3668 3633 3669
f 1058 1105 1059
f 2642 2643 2644
f 1192 2644 1193
f 912 2642 1192
f 9350 8970 9238
f 1049 2620 2621
f 616 1885 613
f 1331 666 750
f 990 1198 525
f 1911 321 322
f 1298 1205 2645
f 76 1504 75
f 1502 421 422
f 610 658 691
f 1146 659 938
f 2646 914 936
f 1280 1238 1279
f 975 2647 2648
f 2647 975 974
f 1453 1452 1451
f 1514 158 151
f 835 1843 1842
f 1271 1173 1289
f 2649 813 2650
f 1893 1826 1894
f 1050 1937 1051
f 2651 814 813
f 1006 1281 977
f 2653 2654 2655
f 1001 1003 1002
f 585 679 558
f 2624 621 620
f 555 2028 556
f 1207 1197 2629
f 1626 478 472
f 3729 3731 3730
f 3746 3748 3747
f 3770 3750 3753
f 426 419 1567
f 1030 1773 1031
f 9350 634 9332
f 534 138 262
f 1125 1042 1041
f 333 88 227
f 569 561 730
f 3691 3693 3692
f 1489 871 870
f 1857 620 891
f 1673 9222 9215
f 622 864 1308
f 2647 974 2657
f 619 891 620
f 261 545 262
f 393 1556 404
f 2658 2647 2657
f 1075 2657 917
f 1081 2658 1075
f 1080 2659 2658
f 2644 1141 2660
f 2660 1140 1336
f 642 1336 643
f 1193 2660 642
f 679 555 558
f 3762 3764 3763
f 1503 1500 1502
f 1318 1101 1100
f 2661 1139 1142
f 2661 2663 2662
f 2662 2659 2661
f 2662 2622 2664
f 2664 911 2646
f 2648 2646 1146
f 2648 2662 2664
f 3586 3779 3777
f 2083 2093 2081
f 1442 1437 1439
f 3732 3733 3731
f 519 330 51
f 1885 1209 613
f 799 805 804
f 1946 1952 1953
f 1302 1253 1252
f 3741 3757 3756
f 3660 3662 3661
f 566 224 533
f 1389 928 1388
f 683 681 680
f 836 1842 2665
f 2665 1845 1303
f 2666 1303 1302
f 24 2665 2666
f 831 2650 832
f 1845 1304 1303
f 2010 2012 2011
f 1051 2667 2668
f 1522 1511 1523
f 531 441 522
f 782 1251 1250
f 1250 2625 2669
f 2669 1857 1856
f 783 1856 1037
f 782 2669 783
f 720 2671 721
f 1055 1930 1056
f 1333 1251 2251
f 619 1308 1307
f 652 2619 2634
f 521 1539 1540
f 1838 537 2672
f 2672 536 2641
f 1113 2641 1110
f 1113 1838 2672
f 1016 1351 1045
f 9349 570 9346
f 226 104 101
f 9008 9279 1818
f 1036 1884 1883
f 2674 1304 2673
f 2673 1844 2675
f 1334 2675 1039
f 1333 2673 1334
f 2676 1039 2675
f 1843 2675 1844
f 942 2676 1843
f 1074 702 2676
f 811 859 858
f 752 1055 753
f 1200 656 1026
f 1120 874 2677
f 2677 877 1052
f 1241 1052 1005
f 1119 2677 1241
f 1560 151 1515
f 1208 611 523
f 215 736 214
f 1460 1462 1461
f 3717 3719 3718
f 1208 1839 873
f 854 1282 1297
f 3682 3696 3681
f 72 182 179
f 544 1565 512
f 217 456 457
f 3673 3781 3780
f 2047 930 945
f 1204 1937 2633
f 913 686 685
f 3705 3707 3706
f 840 1113 1112
f 1531 730 561
f 2678 1283 801
f 601 1914 602
f 1537 459 460
f 1819 8953 8971
f 991 862 538
f 2679 1073 1830
f 3776 3581 3582
f 2680 983 2256
f 779 2256 1263
f 778 2680 779
f 2678 1830 2680
f 180 245 40
f 1886 1131 1134
f 3766 3767 3749
f 1138 1274 1255
f 3777 3585 3586
f 1841 1140 1139
f 75 314 74
f 193 420 192
f 2681 1099 1098
f 3658 3587 3659
f 170 1565 169
f 349 417 432
f 1121 2684 2683
f 547 409 302
f 123 121 120
f 2643 1142 1141
f 1542 513 1543
f 899 907 919
f 1210 676 867
f 791 982 892
f 24 837 836
f 893 932 931
f 1860 863 862
f 535 862 861
f 3640 3683 3638
f 832 813 812
f 2650 813 832
f 1569 1547 1568
f 181 542 180
f 660 937 688
f 2013 568 2012
f 3781 3644 3782
f 887 2631 2630
f 1524 361 78
f 520 162 1529
f 2653 854 2685
f 1238 2655 2686
f 718 527 530
f 1492 518 1491
f 792 615 793
f 599 1835 596
f 290 456 175
f 312 1552 425
f 1248 1179 1249
f 153 177 178
f 1240 1222 1221
f 1257 1235 1071
f 1291 1083 1222
f 1052 1277 1053
f 743 2618 1204
f 444 430 443
f 23 1172 1187
f 2687 1180 1179
f 102 409 134
f 1283 610 801
f 373 650 651
f 1180 1084 1291
f 855 2655 1237
f 1173 1917 1174
f 2689 853 2688
f 2688 1108 1279
f 2686 1279 1238
f 2687 2688 2686
f 2691 1252 2690
f 2690 850 2689
f 1248 2689 2687
f 1248 2691 2690
f 2692 24 2666
f 2691 2666 1302
f 1247 2692 2691
f 1258 617 2692
f 394 1555 393
f 2693 1259 1223
f 1072 1262 1261
f 1257 1168 1258
f 398 1555 1554
f 871 1314 872
f 1178 1249 1179
f 1224 1173 1172
f 1010 2618 742
f 1175 1292 1269
f 2654 2686 2655
f 2694 1216 1264
f 71 1487 70
f 701 1111 1038
f 1072 2649 2650
f 1085 22 21
f 895 1264 896
f 1601 1605 1604
f 1259 1271 1289
f 21 1220 1083
f 988 538 537
f 3533 3535 3532
f 598 1336 1140
f 820 1762 821
f 1050 818 821
f 1298 1761 2652
f 1168 618 617
f 3629 3670 3628
f 858 1256 833
f 39 516 1536
f 2652 819 814
f 313 315 314
f 2026 1971 2027
f 2656 596 1835
f 814 818 811
f 2696 813 2649
f 1260 2649 1261
f 2693 2696 1260
f 2697 2651 2696
f 381 390 380
f 9270 1611 1609
f 1475 1428 1227
f 1292 1917 1235
f 1551 354 1518
f 1526 1523 1511
f 1593 1595 1573
f 1232 1246 1249
f 2695 1223 22
f 2698 1296 2697
f 2698 2693 2695
f 2685 2695 1085
f 2685 1297 2698
f 562 271 272
f 2652 1296 1298
f 1365 1364 1363
f 1958 1953 1957
f 585 2210 997
f 1561 1515 435
f 975 1146 976
f 347 68 346
f 1038 636 1068
f 2700 780 2699
f 2699 1036 1883
f 2701 1883 1829
f 851 2699 2701
f 2674 2251 2702
f 2702 781 2700
f 1253 2700 851
f 1301 2702 1253
f 1519 388 1550
f 1273 1280 2703
f 2703 1107 852
f 2701 852 851
f 1829 2703 2701
f 91 326 90
f 1784 2656 1785
f 2683 2705 2704
f 604 8943 8977
f 1669 8992 1662
f 2062 2060 2059
f 621 861 622
f 2023 732 2024
f 686 1263 687
f 857 2668 1328
f 883 882 879
f 3648 3650 3649
f 637 1111 1110
f 2668 893 1328
f 3692 3711 3691
f 2667 894 2668
f 1039 1068 1334
f 313 1504 1505
f 1911 305 453
f 1936 1964 2212
f 2707 2401 2183
f 2708 2183 2182
f 738 2116 554
f 3785 3709 3786
f 2349 2432 2436
f 2711 2020 2019
f 2400 2019 2186
f 2714 2716 2713
f 2717 2719 2720
f 2721 2723 2724
f 2726 2728 2725
f 2725 2730 2729
f 2731 2729 2709
f 2732 2725 2731
f 2734 2736 2733
f 2738 2740 2737
f 2737 2741 2742
f 2744 2746 2743
f 2745 2748 2747
f 2749 2747 2751
f 2753 2751 2752
f 2250 2246 2248
f 3417 3419 3418
f 2754 1614 2755
f 9050 2755 9061
f 9060 2747 9061
f 1617 2755 1614
f 2242 1620 2757
f 3429 3431 3430
f 2191 2760 2759
f 2761 2760 2762
f 9100 2761 9101
f 9075 2759 9100
f 3209 3354 3355
f 1395 2236 2235
f 1395 1636 1615
f 3741 3790 3740
f 1616 2229 2233
f 3410 3412 3411
f 1617 2763 2756
f 2756 9080 9060
f 2765 2234 1630
f 2766 9080 9074
f 3202 3458 3459
f 1516 435 1515
f 2768 8996 8997
f 1495 578 1424
f 2135 28 17
f 8970 2773 2774
f 1690 9378 9377
f 2778 2780 2777
f 2777 2781 2782
f 2784 2777 2783
f 8999 575 576
f 1494 9 540
f 8973 2015 9010
f 451 505 450
f 2786 2788 2785
f 2779 2785 2780
f 2789 2741 2740
f 2790 2752 2789
f 2792 2794 2791
f 2793 2796 2794
f 2796 2750 2749
f 2794 2749 2753
f 2798 1396 2754
f 9043 2754 9050
f 2798 2800 1393
f 9043 2799 2798
f 2797 2795 2801
f 2791 2753 2790
f 216 232 54
f 9256 2807 9255
f 9257 2804 9255
f 2769 9001 8996
f 183 184 97
f 2811 2775 2776
f 2804 2776 2805
f 2809 2811 2804
f 2812 2813 2814
f 9257 2816 9247
f 9248 2815 9247
f 9250 2820 2821
f 9245 2819 9250
f 2824 2735 2819
f 2823 2824 2819
f 2825 2826 2724
f 9245 2827 9244
f 9248 2826 9244
f 2713 2829 2828
f 2828 2831 2830
f 2822 2828 2830
f 2821 2713 2828
f 2832 2822 2830
f 2833 2830 2831
f 2834 2832 2833
f 2835 2827 2832
f 2837 2839 2836
f 2836 2841 2840
f 2842 2840 2727
f 2843 2836 2842
f 2840 2845 2844
f 2718 2845 2719
f 2730 2844 2718
f 2727 2844 2728
f 2846 2719 2845
f 2846 2841 2847
f 2829 2847 2831
f 2829 2716 2846
f 2847 2839 2848
f 2848 2838 2849
f 2833 2849 2834
f 2831 2848 2833
f 2850 2851 2852
f 2853 2852 2854
f 2783 2782 2855
f 2785 2853 2856
f 2780 2856 2781
f 2857 2855 2782
f 2859 2782 2781
f 2861 2842 2860
f 2860 2727 2726
f 2862 2726 2732
f 2863 2860 2862
f 2861 2858 2857
f 2843 2857 2859
f 2856 2854 2864
f 2781 2864 2859
f 2837 2859 2864
f 2838 2864 2854
f 2852 2834 2849
f 2854 2849 2838
f 2865 2818 2835
f 2851 2835 2834
f 2813 2815 2865
f 2814 2865 2851
f 2866 2814 2850
f 2788 2850 2853
f 2866 2787 2867
f 2812 2867 2775
f 1892 1890 1891
f 2720 2846 2870
f 298 256 257
f 2872 2713 2820
f 9246 2735 2734
f 2729 2874 2873
f 2846 2715 2870
f 2876 2878 2875
f 2733 2878 2734
f 9258 2879 2880
f 9258 2872 9246
f 2882 2884 2881
f 2881 2715 2714
f 2880 2714 2872
f 2879 2881 2880
f 2885 2887 2888
f 2888 2890 2885
f 2885 2892 2891
f 2893 2885 2891
f 1942 2532 2894
f 2895 2720 2870
f 2884 2870 2715
f 2883 2895 2884
f 2896 2892 2895
f 2889 2717 2890
f 2890 2720 2892
f 2897 2891 2896
f 2898 2896 2883
f 2899 2883 2882
f 2900 2882 2879
f 9249 2879 9259
f 2876 2901 2877
f 2901 2904 2903
f 1785 1835 1834
f 2905 2899 2900
f 2907 2897 2898
f 9249 2903 9251
f 632 577 633
f 8976 2867 2787
f 434 550 350
f 2768 9092 9095
f 2910 1623 2249
f 2241 2758 2242
f 9092 2913 9104
f 1623 2757 1620
f 9039 2757 9104
f 2229 1380 2250
f 2765 1629 2914
f 2915 1629 2912
f 9094 2914 2915
f 9093 2765 2914
f 2919 9094 9065
f 2918 2912 2241
f 9066 2241 9038
f 9070 9065 9122
f 8985 2180 8940
f 8965 2188 8950
f 3694 3627 3693
f 9157 714 9303
f 2925 2917 2924
f 2924 2916 2919
f 9062 2919 9070
f 9063 2924 9062
f 2926 2766 2925
f 9110 2925 9063
f 1715 1705 1710
f 785 498 796
f 1387 565 1791
f 374 1899 560
f 9017 2206 9000
f 2929 2886 2893
f 2932 2934 2931
f 1905 1908 1907
f 2930 2936 2937
f 2938 2930 2929
f 1493 517 518
f 1603 1586 1602
f 2939 2929 2908
f 2940 2908 2907
f 9117 1600 9113
f 2886 2937 2887
f 2906 2898 2899
f 2908 2893 2897
f 2942 2933 2941
f 2941 2937 2936
f 8945 2936 8957
f 8942 2941 8945
f 2943 2710 2873
f 2943 2874 2889
f 2945 2889 2888
f 2946 2943 2945
f 2932 2888 2887
f 2931 2945 2932
f 727 1929 728
f 2903 2947 2948
f 545 42 262
f 1480 533 251
f 2907 2949 2940
f 2906 2950 2949
f 1558 215 202
f 9251 2948 9253
f 2054 1644 2118
f 9157 2203 9017
f 1828 1849 1827
f 2953 2955 2952
f 2952 2957 2956
f 2956 2258 2952
f 2953 2258 2257
f 2454 2474 2496
f 9199 2959 9218
f 9199 2131 9189
f 2961 2963 2958
f 2958 2964 2959
f 222 2485 2965
f 2477 2966 2608
f 2631 2006 1859
f 2384 2496 2497
f 2967 2959 2964
f 2968 2970 2969
f 9211 2971 9236
f 9236 2960 9218
f 2972 2033 2032
f 2007 2973 2008
f 9004 2134 2133
f 1836 1832 1831
f 8950 2090 8995
f 955 959 956
f 672 674 673
f 633 713 632
f 2024 733 803
f 2025 803 798
f 425 1550 388
f 2975 888 887
f 1319 1157 2694
f 1212 2977 1213
f 889 2228 2227
f 1978 1975 1979
f 1138 1329 915
f 751 2979 2978
f 1619 1625 1624
f 2252 1728 1727
f 1157 845 1216
f 2706 1938 2617
f 2980 2254 2981
f 2982 887 2630
f 802 711 2679
f 678 2029 2028
f 527 690 528
f 1839 2629 1840
f 2983 602 1914
f 2983 1913 1331
f 2985 1331 1054
f 2986 2983 2985
f 2987 2635 2634
f 2985 2639 2986
f 2990 1318 2989
f 2991 2993 2994
f 2995 2994 2996
f 1106 2991 2995
f 1058 2992 2991
f 1415 1365 1367
f 1317 2217 2997
f 1932 2255 2980
f 926 2999 664
f 3001 2992 3000
f 3000 1057 2978
f 2999 2978 2979
f 2998 3000 2999
f 3002 2209 3003
f 3002 2996 2994
f 2993 3002 2994
f 3001 2998 3002
f 1103 2995 3004
f 3004 2996 3003
f 2209 3004 3003
f 588 3004 2210
f 295 433 381
f 2638 2988 3005
f 3005 1056 1930
f 1305 1930 1306
f 1276 3005 1305
f 1987 1993 1989
f 2633 1761 2645
f 1423 1417 1419
f 9005 739 703
f 2671 2704 2705
f 1473 2035 1472
f 922 2694 895
f 1401 1378 1384
f 556 1884 1037
f 842 9277 9288
f 1854 2617 1010
f 933 1081 1075
f 1440 1436 1437
f 529 719 530
f 1031 1027 1028
f 777 912 1871
f 2645 1204 2633
f 441 1538 1537
f 3771 3773 3772
f 790 587 586
f 2065 1610 1607
f 1860 990 902
f 60 87 59
f 1424 1948 1947
f 332 1507 331
f 261 138 135
f 187 449 507
f 1719 1726 1725
f 1931 1059 3006
f 3006 1105 1104
f 1287 1104 587
f 1286 3006 1287
f 3007 3009 3010
f 3009 653 795
f 618 26 25
f 2029 1210 1209
f 957 600 2228
f 1049 2228 600
f 2631 3011 2561
f 890 2227 3011
f 3011 2145 3012
f 2561 3012 2375
f 1026 609 608
f 2706 1961 1964
f 3013 2485 3014
f 2148 1267 3015
f 3015 1266 1311
f 2997 1101 1317
f 642 1773 1193
f 186 461 511
f 1041 1320 901
f 1121 3017 1122
f 2984 2987 3018
f 3018 2634 2619
f 1048 3018 2619
f 603 2984 3018
f 2679 801 802
f 2062 2074 2061
f 2061 2076 2064
f 414 1545 1965
f 3016 2683 3019
f 3019 2704 2670
f 3020 2670 720
f 3007 3019 3020
f 1871 1091 777
f 3021 1122 3017
f 3022 3017 3010
f 1314 3022 1315
f 1784 3021 1314
f 1316 1763 611
f 3023 3010 3009
f 3023 795 1092
f 1763 1092 1125
f 1315 3023 1763
f 3016 3010 3017
f 752 2978 1057
f 2986 2637 2987
f 3024 653 3008
f 3020 3008 3007
f 720 3024 3020
f 723 654 3024
f 2681 1268 3025
f 2671 1268 721
f 2705 3025 2671
f 1313 3027 1311
f 3026 3029 3027
f 3027 3030 3031
f 1311 3031 3015
f 2012 731 2023
f 917 974 977
f 3742 3744 3743
f 743 856 744
f 1888 2030 1425
f 2682 2684 3032
f 3032 1124 2989
f 1100 2989 1318
f 1099 3032 1100
f 1123 2989 1124
f 3033 1159 1158
f 2990 1158 1319
f 1123 3033 2990
f 1786 1834 3033
f 1054 2988 2985
f 2979 664 2999
f 2623 2663 2643
f 1095 688 687
f 3034 2261 2956
f 3036 2956 2957
f 3037 3034 3036
f 3038 3035 3034
f 3040 3026 1313
f 2263 3041 3040
f 3042 3043 3041
f 3041 3028 3026
f 3044 3043 3039
f 3046 3045 3044
f 3047 3049 3045
f 3043 3049 3028
f 3038 3051 3050
f 3050 3053 3052
f 3052 3044 3050
f 3039 3050 3044
f 3054 3039 3042
f 3042 2262 3054
f 2261 3054 2262
f 2216 2997 2217
f 2212 2667 1936
f 3056 2209 3055
f 934 1961 1854
f 2013 9209 567
f 3058 3060 3061
f 3059 3063 3060
f 3060 2213 1963
f 3061 1963 1962
f 3063 2214 2213
f 3062 3064 3063
f 3065 2260 3064
f 3064 2215 2214
f 3066 3031 3030
f 2608 3067 3066
f 2966 3068 3067
f 3031 3068 3015
f 2455 2461 2474
f 2476 2226 2477
f 8995 2089 8969
f 8970 9221 9238
f 433 355 381
f 2115 1419 2123
f 8953 2922 8971
f 9221 2131 2134
f 3069 2167 2166
f 2971 2928 2960
f 2961 2773 2962
f 3070 2478 2483
f 2610 3071 2954
f 2502 2374 2386
f 3072 2595 3073
f 2964 3052 2967
f 3048 3074 3049
f 2593 3075 3074
f 3075 3029 3074
f 3074 3028 3049
f 3072 3075 2592
f 3076 2482 2481
f 2481 3066 3076
f 3076 3030 3075
f 2967 3053 2970
f 2482 3073 2483
f 479 493 494
f 706 9325 709
f 9005 2221 8961
f 2013 9206 9207
f 8977 2016 8973
f 9006 2222 2974
f 1171 1155 1176
f 3782 3689 3783
f 2586 2565 2587
f 2982 113 2484
f 2562 3077 3068
f 2376 3012 3077
f 3012 2148 3077
f 3077 3015 3068
f 2963 3046 2964
f 3051 2970 3053
f 1683 491 775
f 9302 1447 9312
f 1986 9186 9220
f 3079 2546 2575
f 3081 2575 2576
f 1983 9220 9217
f 3082 2319 2545
f 3080 2545 2546
f 9186 3082 3080
f 9184 2323 3082
f 1309 1888 748
f 3073 2772 2771
f 2760 3084 2762
f 2760 2088 3083
f 3085 3086 3087
f 3089 3090 3088
f 3089 3084 3085
f 3092 3090 3091
f 3093 2744 2743
f 2751 2748 3093
f 3093 2752 2751
f 2742 3093 3094
f 3094 2743 3095
f 3096 3098 3087
f 3099 3087 3086
f 3097 3095 3098
f 3100 2746 3101
f 3101 3102 3100
f 2764 2927 3101
f 2745 3101 2746
f 3102 3091 3100
f 3100 3095 2743
f 2869 9044 9086
f 3102 3104 3092
f 9110 2869 9086
f 2927 3103 3102
f 3098 3091 3090
f 3087 3090 3085
f 2088 3105 3083
f 3083 3086 3084
f 2483 2771 3070
f 2401 2185 2321
f 3099 3105 3106
f 2125 3106 3105
f 3108 2742 3107
f 3107 3094 3097
f 3110 3107 3109
f 3109 3097 3096
f 3111 3096 3099
f 3112 3109 3111
f 3113 2737 3108
f 3115 2722 3114
f 3117 3114 3116
f 3119 3116 3118
f 3118 3120 3121
f 3116 3113 3120
f 3122 3111 3123
f 3122 1755 1754
f 3124 3126 3127
f 3125 3121 3126
f 3128 3118 3125
f 3129 3125 3124
f 2020 3128 3129
f 9305 1346 1352
f 1065 1047 1066
f 1814 9282 1649
f 2021 3129 3130
f 3111 3106 3123
f 3123 2207 1755
f 2377 2224 2973
f 3014 113 112
f 1756 9234 9219
f 3131 2530 2528
f 3133 2528 2529
f 1753 9219 9227
f 3134 3127 3135
f 2327 2314 2313
f 2436 2317 2349
f 2018 9163 9164
f 2534 3137 2535
f 2320 3136 2534
f 2185 9164 9223
f 3138 2542 2539
f 3134 9196 9197
f 9237 3134 9197
f 3140 2539 2538
f 2535 3140 2538
f 9163 3130 9237
f 2558 3132 3141
f 9234 3141 3132
f 2560 3141 3142
f 9212 3142 3141
f 958 2976 2981
f 1933 2980 3143
f 3714 3729 3713
f 2399 2418 2416
f 2348 2343 2432
f 2322 2319 2323
f 2718 2874 2730
f 2709 2873 2710
f 2894 1361 1942
f 3788 3720 3717
f 346 176 347
f 1876 1882 1881
f 2802 9059 9044
f 3104 3088 3092
f 2974 9101 9055
f 3089 2761 2762
f 3088 3145 3089
f 2803 9055 9059
f 9322 692 628
f 2123 1418 2126
f 1365 1368 1367
f 3346 3344 3343
f 1581 1782 1783
f 9013 2129 8964
f 8999 2002 8965
f 3146 2551 3147
f 9203 3147 9202
f 9194 3146 9203
f 3149 2585 3146
f 3196 3197 3195
f 9056 2191 9075
f 3142 2556 2560
f 9229 3150 3142
f 9098 2550 9045
f 3150 2555 2556
f 9230 3151 3150
f 9240 3152 9098
f 3153 2551 2549
f 3152 2549 2550
f 9233 3153 3152
f 9228 3147 3153
f 3148 2206 2205
f 2183 2321 2184
f 2132 2928 2133
f 3299 3321 3319
f 9136 2204 2203
f 9171 2197 9173
f 2594 2773 2951
f 2595 2951 2772
f 1870 799 1869
f 3257 3259 3258
f 9165 2178 9158
f 9158 9188 9242
f 336 9226 9174
f 339 3154 336
f 9241 3149 9194
f 9135 2584 3149
f 2963 3048 3047
f 9174 337 336
f 339 2566 2586
f 3156 2168 2167
f 2610 2167 2611
f 2954 3156 2610
f 3157 2953 2257
f 9159 2169 9161
f 2567 3159 2568
f 337 2567 338
f 9182 2166 9159
f 9216 1983 9217
f 2579 3081 2576
f 2568 3160 2579
f 9161 2190 9216
f 3065 3162 3161
f 3161 1984 2189
f 3157 2189 2168
f 2257 3161 3157
f 734 1922 806
f 3059 2708 3163
f 3163 2182 1985
f 3162 1985 1984
f 3062 3163 3162
f 3203 3205 3204
f 3806 3808 3807
f 2122 1448 1447
f 9269 1685 9264
f 139 444 69
f 1570 566 533
f 2957 3165 3036
f 2955 3164 2957
f 1912 341 1973
f 3130 3124 3134
f 1548 319 1547
f 1949 1327 1887
f 2969 3078 3167
f 3167 3169 3168
f 9176 2017 9172
f 9172 2033 9211
f 3168 3165 3170
f 3170 3164 3171
f 9231 3171 9208
f 9176 3170 9231
f 3171 3166 3172
f 3172 3071 3173
f 9204 3173 9201
f 9208 3172 9204
f 3169 3036 3165
f 2593 2962 2594
f 3173 2609 3174
f 3174 2199 2198
f 9235 2198 9171
f 9201 3174 9235
f 2190 1984 1983
f 2196 2767 3148
f 3326 3328 3327
f 2119 1414 1448
f 1464 1466 1465
f 2199 3069 2200
f 2457 2587 2565
f 2226 2562 2966
f 481 1627 1639
f 333 235 236
f 3078 3037 3169
f 3040 2997 2263
f 3351 3262 3263
f 2219 1933 2220
f 2385 2497 2503
f 221 3175 2484
f 2220 3143 3175
f 3175 2976 2975
f 2484 2975 2982
f 2954 3166 2955
f 2630 110 2982
f 1547 1952 1955
f 2091 2188 2187
f 9185 2178 2177
f 1918 1927 1926
f 9007 111 8955
f 3398 3400 3399
f 955 960 954
f 2037 112 9007
f 3143 2981 2976
f 2218 2214 2215
f 672 9239 8985
f 2152 3014 2037
f 1147 1143 1145
f 2248 1409 2245
f 1615 1635 1616
f 1410 2246 2247
f 3486 3487 3310
f 3468 3502 3501
f 3451 3452 3450
f 3177 1383 1382
f 2238 3176 1382
f 3176 2230 3178
f 1410 3179 1407
f 3179 2243 1407
f 1633 2800 2249
f 3816 3817 3814
f 1621 2758 2912
f 3642 3662 3675
f 3422 3260 3257
f 1622 2245 1634
f 2236 3181 3182
f 3793 3795 3794
f 3493 3495 3494
f 2237 3182 3183
f 3513 3515 3514
f 2250 2233 2229
f 3654 3667 3802
f 2912 1628 1621
f 3819 3821 3820
f 3432 3823 3431
f 135 1564 1563
f 1567 512 1565
f 1085 2653 2685
f 3184 868 3056
f 869 3057 934
f 3389 3387 3386
f 1266 1098 1312
f 1267 722 721
f 937 2646 936
f 2146 722 2147
f 2211 921 2667
f 1957 507 449
f 1313 2264 3040
f 1496 1493 1492
f 2681 2705 2682
f 2887 2933 2932
f 1687 1659 1694
f 145 1498 81
f 1317 1319 2694
f 3831 3830 3834
f 37 418 71
f 1935 3185 2977
f 104 301 103
f 2101 2083 2084
f 543 360 207
f 1934 3186 3185
f 234 212 237
f 9297 1822 1824
f 3825 3827 3826
f 1976 1874 1974
f 223 2219 220
f 9107 9057 9064
f 468 773 2165
f 3673 3659 3672
f 1935 1728 1932
f 3490 3840 3549
f 3362 3848 3847
f 3862 3864 3863
f 3465 3484 3868
f 3893 3525 3874
f 3352 3430 3431
f 3869 3871 3870
f 3529 3567 3564
f 3420 3922 3921
f 3304 3236 3303
f 3929 3931 3930
f 3324 3327 3561
f 3219 3939 3331
f 3220 3937 3219
f 3450 3376 3439
f 3942 3833 3941
f 3215 3454 3945
f 3946 3215 3945
f 3422 3948 3421
f 3950 3198 3196
f 3205 3957 3920
f 3261 3961 3288
f 3852 3964 3963
f 3214 3946 3958
f 3965 3214 3192
f 3797 3799 3798
f 3988 3990 3989
f 3777 3806 3822
f 3855 3447 3444
f 3737 3800 3736
f 3949 3952 3948
f 3651 3783 4000
f 4001 3787 3812
f 4019 4021 4020
f 4027 4029 4028
f 3258 4030 4027
f 4033 4035 4034
f 3424 4047 4046
f 3242 4058 4057
f 3970 3547 3971
f 3829 4057 3825
f 3333 3947 4060
f 4063 4065 4064
f 4073 4075 4074
f 3568 3443 3448
f 3981 3335 4050
f 3540 3862 3539
f 4078 4031 4032
f 3565 4088 3993
f 3442 4089 4082
f 4092 4094 4093
f 4093 4097 4096
f 3619 3623 3624
f 3660 3821 3807
f 3809 3649 3808
f 3610 3655 3613
f 3656 3623 3657
f 3621 3804 3620
f 3503 3481 3504
f 3436 3438 3437
f 3356 3427 3353
f 3628 3669 3633
f 3734 4002 3733
f 3276 3370 3369
f 3763 4107 3762
f 4006 3754 3755
f 3747 3752 3746
f 3863 4110 3992
f 3994 4003 3501
f 3653 3664 3652
f 3296 4115 3295
f 4117 4119 4118
f 3249 3251 3250
f 4127 4129 4128
f 3478 3903 3867
f 3410 3921 3922
f 3977 4038 3976
f 3216 3453 3454
f 3967 3548 3966
f 4140 4032 4039
f 3509 4149 3916
f 4151 3659 3587
f 4153 3656 3671
f 4153 3646 3672
f 4156 3645 4155
f 4139 4078 4140
f 3743 4163 4162
f 3861 3987 4166
f 3468 4067 3467
f 3306 3980 3835
f 4172 4010 4024
f 4169 3836 3835
f 4187 4189 4188
f 4213 4215 4214
f 4220 4222 4221
f 4225 4211 4204
f 4230 4232 4231
f 4240 4242 4241
f 3606 3608 3607
f 4250 4252 4251
f 4258 4260 4259
f 4077 4079 4078
f 4276 4278 4277
f 4308 4263 4309
f 4017 3872 3869
f 3196 3951 3950
f 4316 4270 4271
f 3870 4307 3869
f 4324 4326 4325
f 4333 4247 4244
f 4338 4340 4339
f 4348 4350 4349
f 4283 4289 4286
f 4356 4358 4357
f 4359 4020 4358
f 4362 4196 4197
f 4320 4279 4276
f 4370 4296 4371
f 4377 4303 4249
f 4231 4201 4178
f 4203 4331 4381
f 4037 4039 4038
f 4371 4386 4370
f 4387 4347 4314
f 3309 3294 3310
f 4099 3724 3818
f 4355 3257 4313
f 3630 3693 3627
f 4277 4302 4390
f 4350 4319 4349
f 4353 4351 4348
f 3637 3639 3638
f 4394 3827 3320
f 3311 4399 4398
f 3755 4005 4006
f 4363 4259 4260
f 3454 3919 3920
f 3446 3459 3458
f 4298 4404 4406
f 3749 3769 3766
f 3791 3756 3792
f 3643 3684 3640
f 3845 3399 3400
f 4313 3258 4312
f 4411 4408 4412
f 3843 4423 3842
f 4214 4329 4328
f 4431 4433 4432
f 3918 3798 3799
f 3927 3388 3389
f 4453 3874 3873
f 4138 4457 4456
f 3346 4459 3345
f 4100 4108 4107
f 3974 3976 3975
f 3665 3652 3664
f 3773 3993 3992
f 3945 3920 3957
f 4144 4462 4461
f 4464 4466 4465
f 3268 4479 3267
f 4484 4136 4485
f 3348 4487 3347
f 3313 3912 3913
f 3803 3617 3802
f 4086 3510 4087
f 4034 3305 4033
f 3403 4171 4489
f 4481 4492 4491
f 4177 4179 4178
f 4398 3923 3311
f 4451 4494 4450
f 4501 4076 4502
f 4509 4506 4503
f 3304 4462 4517
f 4485 3312 4484
f 3419 3349 4064
f 4356 4385 4305
f 4026 4358 4020
f 4354 4357 4358
f 3599 4091 4090
f 4341 4254 4274
f 4251 4524 4335
f 3482 3484 3483
f 3843 3544 4085
f 4295 4274 4294
f 4381 4206 4203
f 4204 4531 4225
f 4533 4535 4534
f 4542 4544 4543
f 4546 4548 4547
f 4573 4547 4548
f 4575 4577 4576
f 4221 4580 4220
f 4587 4589 4588
f 4328 4589 4214
f 4187 4563 4332
f 4595 4593 4591
f 4597 4604 4596
f 4609 4611 4610
f 4620 4622 4621
f 4612 4614 4613
f 4636 4600 4637
f 4649 4650 4648
f 4652 4654 4653
f 4662 4664 4663
f 4666 4668 4667
f 4637 4685 4684
f 4627 4700 4626
f 4684 4636 4637
f 4663 4661 4662
f 4699 4697 4696
f 4647 4703 4702
f 4709 4603 4710
f 4724 4726 4725
f 4742 4744 4743
f 3311 3924 3314
f 4698 4758 4679
f 4749 4609 4610
f 4342 4344 4343
f 4797 4799 4798
f 4490 3974 4143
f 4019 4306 3870
f 4512 4514 4513
f 3991 4508 4507
f 4692 4694 4693
f 4680 4818 4810
f 4821 4824 4823
f 4367 4243 4240
f 4833 4831 4830
f 4837 4757 4754
f 4332 4562 4561
f 4683 4819 4682
f 4845 4850 4849
f 4751 4752 4669
f 4854 4695 4692
f 4858 4718 4857
f 4822 4859 4824
f 4674 4647 4675
f 4771 4773 4772
f 4726 4537 4540
f 4714 4719 4715
f 4633 4688 4687
f 4616 4618 4617
f 4686 4842 4841
f 4869 4708 4629
f 3502 3528 3529
f 4777 4737 4745
f 4734 4779 4873
f 4883 4663 4664
f 4375 4274 4275
f 4290 4335 4524
f 4799 4826 4825
f 4816 4812 4810
f 4778 4732 4659
f 4158 4160 4159
f 4195 4197 4196
f 3860 4166 4167
f 3758 3763 3764
f 3694 4157 4156
f 4249 4391 4377
f 3467 3469 3468
f 4209 4211 4210
f 4142 4144 4143
f 3615 3617 3616
f 3479 3536 3535
f 4883 4672 4886
f 4802 4642 4643
f 3698 3638 3683
f 4105 3726 3730
f 4848 4896 4895
f 4878 4744 4837
f 4610 4748 4749
f 4036 4489 4035
f 4355 4314 4347
f 4171 4049 4048
f 3875 3216 3217
f 4868 4863 4864
f 4623 4691 4622
f 3629 4155 4154
f 4654 4898 4683
f 4012 4014 4013
f 4902 4866 4867
f 4768 4908 4906
f 4370 4385 4384
f 4888 4914 4913
f 3546 3917 3916
f 4932 4931 4919
f 3625 4151 4150
f 3804 3670 3657
f 3816 4103 4101
f 4911 4887 4912
f 4928 4927 4929
f 4925 4927 4921
f 3655 3666 3654
f 4932 4910 4911
f 4937 4912 4913
f 4939 4942 4941
f 4228 4530 4381
f 4946 4942 4947
f 4938 4923 4937
f 4942 4937 4947
f 4951 4930 4928
f 4955 4928 4954
f 4748 4615 4749
f 4914 4847 4956
f 4824 4584 4856
f 4940 4941 4943
f 4916 4960 4917
f 4909 4891 4862
f 4971 4968 4949
f 4966 4948 4944
f 4962 4953 4965
f 4940 4924 4939
f 4831 4917 4895
f 4935 4925 4924
f 4275 4261 4258
f 4679 4791 4678
f 4016 4373 4376
f 4668 4766 4795
f 4539 4727 4845
f 4929 4936 4933
f 4607 4882 4881
f 4775 4801 4802
f 4801 4742 4774
f 4732 4611 4733
f 4985 4983 4982
f 4534 4562 4533
f 4847 4645 4848
f 4788 4619 4616
f 4787 4678 4791
f 4657 4605 4597
f 4994 4878 4837
f 5006 5008 5007
f 5001 4973 4988
f 4814 4619 4785
f 5014 4974 5012
f 5003 4972 4973
f 5019 5007 5018
f 5024 5017 5025
f 5036 5035 5032
f 4990 4975 4972
f 5045 5034 5044
f 5048 5034 5035
f 5025 5014 5026
f 5046 5043 5031
f 5051 5055 5054
f 5044 5060 5059
f 5011 5021 5020
f 5013 5068 5012
f 5028 5072 5029
f 5077 5064 5065
f 5065 5079 5077
f 5083 5080 5060
f 5063 5080 5065
f 5054 5071 5078
f 4602 4711 4851
f 5058 5083 5053
f 4982 4792 4793
f 5041 5045 5061
f 3909 3278 3250
f 3471 3473 3472
f 5002 4994 4995
f 5060 5067 5059
f 4892 4862 4891
f 4891 4884 4892
f 4996 5003 5001
f 4997 5005 5000
f 4813 4614 4829
f 4618 4827 4613
f 5089 5093 5092
f 3303 3305 3304
f 5100 5102 5101
f 5107 5109 5108
f 5110 5092 5114
f 4610 4734 4874
f 5112 5100 5084
f 5088 5090 5089
f 5119 5117 5116
f 5092 5096 5089
f 3826 3829 3825
f 5108 5102 5126
f 5100 5087 5084
f 5118 5133 5138
f 3783 3690 3784
f 4444 4446 4445
f 5151 5150 5152
f 4790 4617 4813
f 4332 4190 4187
f 3266 4451 4448
f 3211 3332 3946
f 4741 4760 4652
f 4775 4777 4776
f 4764 4691 4766
f 4489 4048 4490
f 4466 4511 4497
f 4518 3930 4514
f 4786 4791 4807
f 4980 4984 4977
f 5144 5150 5143
f 5159 5148 5158
f 5121 5120 5114
f 5169 5162 5165
f 5016 4979 5017
f 5123 5179 5122
f 5181 5140 5183
f 5175 5184 5141
f 4575 4586 4534
f 4984 4976 4977
f 4596 4598 4597
f 5182 5183 5186
f 4785 4787 4786
f 5137 5122 5179
f 5167 5180 5181
f 4835 4898 4897
f 4687 4726 4633
f 4176 4170 4398
f 4760 4655 4652
f 4681 4649 4646
f 5121 5132 5131
f 5171 5178 5170
f 5174 5191 5176
f 5169 5194 5164
f 4909 5095 4907
f 5105 5112 5113
f 4767 5126 4803
f 5201 5205 5204
f 5219 5217 5216
f 5229 5200 5209
f 5234 5236 5235
f 4069 4071 4070
f 4724 4717 4713
f 5108 4768 5107
f 5103 5126 5102
f 5227 5211 5226
f 5015 4884 4885
f 4997 4892 4884
f 5197 5215 5214
f 5241 5247 5246
f 5013 5019 5018
f 5205 5232 5204
f 4969 4971 4970
f 5239 5249 5248
f 4808 5225 4809
f 5216 5199 5196
f 5253 5242 5254
f 5235 5255 5256
f 5135 5157 5134
f 5264 5267 5266
f 5245 5215 5242
f 5260 5269 5267
f 5264 5274 5265
f 5154 5173 5142
f 5287 5278 5288
f 5256 5300 5257
f 5173 5176 5175
f 4631 4629 4628
f 4781 4783 4782
f 5309 5311 5310
f 5155 5144 5145
f 4826 4827 4825
f 5291 5308 5293
f 5310 5281 5286
f 5311 5308 5288
f 4036 4176 4175
f 4641 4704 4702
f 5220 4804 5223
f 4770 5207 4905
f 5188 5175 5176
f 5180 5129 5140
f 4626 5314 5313
f 4731 5315 5317
f 5222 5210 5221
f 4728 5316 5315
f 5230 5216 5196
f 5297 5240 5241
f 5204 5208 5201
f 5318 4864 5319
f 5273 5287 5289
f 5221 5219 5230
f 4700 5321 5314
f 5313 5328 5329
f 5157 5154 5142
f 5275 5263 5265
f 5324 5318 5325
f 5323 5331 5328
f 5343 5345 5344
f 5306 5286 5282
f 5278 5311 5288
f 4882 5320 5316
f 5109 5114 5120
f 5123 5130 5129
f 5299 5284 5298
f 5240 5199 5241
f 5229 5197 5214
f 5305 5292 5293
f 5233 5225 5243
f 5192 5194 5193
f 5104 4670 4746
f 5146 5160 5145
f 5337 5347 5338
f 5347 5341 5332
f 5353 5335 5352
f 5349 5354 5352
f 5355 5357 5354
f 5358 5360 5359
f 5355 5348 5360
f 5342 5365 5364
f 5345 5362 5344
f 5332 5367 5331
f 5372 5315 5316
f 5370 5366 5369
f 5361 5354 5357
f 5364 5368 5367
f 5369 5362 5370
f 5316 5330 5372
f 5373 5371 5372
f 5341 5364 5332
f 5374 5359 5373
f 5329 5375 5330
f 5377 5379 5378
f 5377 5331 5367
f 5380 5367 5368
f 5363 5370 5362
f 5357 5374 5381
f 5381 5361 5357
f 4814 4825 4827
f 4825 4816 4799
f 4806 4747 4805
f 5119 5131 5118
f 4696 4893 5387
f 4696 5390 4699
f 5213 5388 5387
f 5393 5388 5394
f 5380 5384 5379
f 5213 4893 5212
f 4813 4908 4790
f 5390 4693 4694
f 5294 5287 5295
f 5184 5186 5183
f 5285 5253 5254
f 4769 4790 4908
f 5327 5359 5360
f 4598 4690 4656
f 4608 4733 4611
f 4627 4609 4839
f 4596 4851 4711
f 4900 4706 4707
f 4668 5395 4667
f 4863 4639 4601
f 5392 4666 4667
f 4872 4651 4807
f 4807 4758 4872
f 5348 5325 5326
f 5176 5190 5188
f 5046 5022 5023
f 4853 4869 4870
f 5346 5363 5362
f 4709 4620 4599
f 4672 4904 4886
f 4680 4651 4649
f 4841 4688 4686
f 4823 4818 4821
f 4729 4602 4851
f 4881 4851 4604
f 5360 5326 5327
f 4852 4707 4869
f 4890 4669 4666
f 5392 5389 5393
f 5189 5186 5187
f 4881 4605 4607
f 5343 5369 5366
f 4607 4625 4882
f 5056 5052 5057
f 4850 4798 4894
f 3260 5398 3259
f 4855 4899 4871
f 5339 5366 5342
f 4789 4808 4677
f 5400 3948 3952
f 3872 4046 3871
f 4018 3424 3872
f 4025 4172 4024
f 4011 4024 4010
f 4065 3900 3901
f 3413 4013 3412
f 5056 5069 5070
f 5055 5070 5071
f 4062 5399 4061
f 5269 5294 5268
f 4685 4903 4846
f 5254 5240 5296
f 4606 4658 4733
f 4729 4882 4728
f 4030 4043 4029
f 4664 4753 4883
f 3575 3904 3903
f 3413 3922 3426
f 4949 4955 4934
f 4947 4913 4914
f 4849 4894 4856
f 4143 3975 4142
f 4912 4932 4911
f 3774 3995 3994
f 3956 3342 4168
f 4871 4758 4759
f 4270 4272 4271
f 4039 5400 4140
f 3555 5402 3554
f 5403 3906 3907
f 3908 3823 3907
f 4124 5408 5407
f 3901 4046 4047
f 4120 5410 5409
f 4124 4125 4123
f 5420 5404 5421
f 5424 5425 3557
f 3400 5428 3845
f 5432 5435 3226
f 4941 4945 4944
f 4935 4949 4934
f 3895 3897 3896
f 5426 4121 5418
f 5430 3906 5420
f 4045 5398 4062
f 5395 5392 4667
f 4846 4701 4840
f 4880 4710 4879
f 4624 4608 4609
f 4656 4662 4661
f 5305 5309 5304
f 5220 5222 5221
f 4230 4327 4324
f 5030 5028 5027
f 5213 5211 5210
f 5440 3269 5441
f 4396 3980 5444
f 5447 3244 3241
f 3328 5451 5396
f 4208 4248 4207
f 4599 4621 4598
f 4528 4391 4208
f 4529 4199 4207
f 4526 4339 4528
f 4256 5452 4532
f 4532 4241 4242
f 3834 5446 3831
f 5443 5444 4050
f 4530 4334 4206
f 4754 4904 4837
f 4229 4381 4331
f 4205 4383 4531
f 4892 4987 4861
f 4039 3976 4038
f 4738 4796 4741
f 4833 4897 4832
f 4232 4200 4201
f 4194 4241 4193
f 4889 4750 4748
f 4194 4365 4368
f 4531 4195 4238
f 5043 5062 5031
f 4182 4561 4180
f 5446 3241 3831
f 5237 5248 5236
f 4206 4382 4205
f 5210 5218 5219
f 3426 3417 3425
f 4216 4192 4215
f 4219 4184 4185
f 4180 4380 4179
f 4327 4591 4326
f 4223 4231 4222
f 4215 4360 4329
f 4186 4218 4185
f 4190 4209 4189
f 4223 4595 4327
f 4326 4328 4329
f 4366 4568 4186
f 4570 4549 4569
f 4579 4548 4570
f 4563 4533 4562
f 4583 4220 4580
f 4586 4561 4562
f 4239 4363 4243
f 4572 4567 4564
f 4536 4585 4535
f 4538 4566 4541
f 4536 5453 4538
f 3573 3983 3316
f 5427 3552 3556
f 4553 4588 4552
f 4593 4555 4592
f 4368 4183 4227
f 4361 4235 4236
f 4233 4527 4232
f 4233 4324 4237
f 4212 4330 4331
f 4237 4325 4236
f 4193 5452 4361
f 4983 4885 4792
f 5002 4986 4993
f 5074 5076 5075
f 4698 5391 4759
f 5391 5390 4694
f 4871 4650 4872
f 4546 4543 4544
f 4553 4901 4574
f 4552 4555 4556
f 5223 4805 5394
f 5386 5383 5363
f 5317 5371 5327
f 3240 4429 3377
f 5384 5381 5379
f 3938 3218 3937
f 3942 5455 5454
f 5361 5386 5356
f 4542 4541 4545
f 3910 5420 3428
f 3939 4060 3940
f 3851 5351 5454
f 3838 3556 3837
f 4547 4857 4546
f 5442 4050 3335
f 3385 5428 5429
f 4257 4235 4256
f 5312 4893 4809
f 4212 4204 4211
f 3854 5461 4392
f 4226 4210 4211
f 4202 4178 4201
f 3316 3897 3315
f 5464 4432 4433
f 5465 3883 4432
f 4472 4449 4450
f 4501 4450 4494
f 4074 4080 4077
f 5473 5401 4173
f 4173 5475 5473
f 3432 3520 5413
f 3462 5504 3461
f 4075 4494 4080
f 5482 3387 3392
f 5468 5470 5469
f 3427 5422 3523
f 4498 4487 3386
f 5403 5414 4128
f 3382 5522 3873
f 3492 5511 3491
f 3429 3517 3520
f 3873 5524 4453
f 5480 3350 3347
f 3477 5505 3462
f 4507 5544 4475
f 4396 5551 4051
f 3374 5553 3373
f 3373 5554 3390
f 5479 4063 3350
f 3390 5555 3393
f 5531 5566 5565
f 3368 5567 3367
f 5556 5560 5559
f 3393 5557 5556
f 4433 5463 5464
f 5464 5458 5456
f 4435 4439 3380
f 4055 3277 3274
f 3273 3911 3370
f 3395 3358 3394
f 5486 4071 5484
f 5526 4453 5524
f 5525 5569 5566
f 5568 3527 5567
f 3527 3847 3366
f 3365 3849 5462
f 5462 3850 5459
f 4435 5571 4430
f 3378 3943 3944
f 5573 5577 5574
f 4438 3943 3379
f 5477 5579 5476
f 5582 5580 5579
f 5583 5581 5584
f 5586 5588 5587
f 4074 5586 4073
f 5583 5474 5473
f 4507 5590 3991
f 5573 4522 4520
f 3989 5596 3988
f 5594 3407 5593
f 4436 5572 5571
f 5591 3991 5590
f 4507 4476 5589
f 3990 5587 5588
f 5578 3406 5577
f 5595 5584 5581
f 5484 3358 5486
f 4441 5467 3882
f 5472 4077 4139
f 5522 5570 5524
f 5486 3353 3524
f 5481 3386 3387
f 3475 5492 3518
f 5476 3899 5477
f 5540 5606 5603
f 5542 5603 5607
f 5608 5542 5607
f 5608 5545 5544
f 5607 5609 5545
f 5599 5548 5612
f 5598 5543 5608
f 5595 5593 5596
f 5588 3989 3990
f 5626 3266 5627
f 5627 4448 5628
f 5469 4469 5468
f 4515 5625 4491
f 4503 4474 4509
f 4481 5627 4480
f 4500 5469 5470
f 3414 5466 5465
f 5594 5581 5582
f 3376 4430 5571
f 3444 3941 3855
f 5572 3444 3445
f 4273 4287 4272
f 4345 4357 4344
f 4386 4305 4385
f 4517 4463 5625
f 4352 4319 4379
f 4352 4251 4336
f 4268 4390 4388
f 4264 4320 4323
f 4346 4282 4283
f 4337 4343 4344
f 4289 4245 4288
f 4303 4287 4288
f 4343 4291 4342
f 4284 4244 4289
f 4375 4291 4294
f 4379 4271 4272
f 4337 4348 4336
f 4524 4295 4290
f 4364 4197 4279
f 4285 4390 4302
f 5206 5208 5207
f 4297 4371 4296
f 4346 4286 4273
f 4285 4333 4284
f 3571 4395 5460
f 5341 5339 5342
f 5346 5334 5335
f 5269 5273 5289
f 4510 5609 5610
f 4509 5545 5609
f 4445 5611 5546
f 5566 5568 3368
f 5349 5338 5348
f 5489 3401 3398
f 5565 3368 3338
f 5496 5417 5630
f 5523 3383 5634
f 5325 5347 5324
f 5523 5599 5522
f 5429 3401 5633
f 3887 5631 5630
f 5634 5600 5523
f 5276 5279 5277
f 5298 5257 5300
f 5087 5085 5084
f 3361 5612 5548
f 5041 5066 5040
f 5487 3383 3384
f 5101 5130 5100
f 5299 5300 5303
f 5333 5335 5334
f 5302 5304 5303
f 5234 5216 5217
f 5301 5255 5258
f 4868 5322 4867
f 5281 5277 5279
f 5323 5322 5324
f 5298 5296 5297
f 4885 4750 4792
f 5231 5196 5197
f 4625 5313 5320
f 5111 5085 5098
f 5600 5549 5548
f 5531 5563 5527
f 5165 5182 5189
f 5283 5285 5284
f 4269 4277 4268
f 5610 5603 5606
f 5127 5091 5128
f 4907 5125 4906
f 5277 5272 5262
f 5596 5592 5598
f 5212 5226 5211
f 5273 5262 5272
f 5302 5258 5292
f 5635 5645 5640
f 4250 4379 4378
f 4485 3405 3402
f 4354 4023 4351
f 4265 4304 4386
f 4388 4282 4387
f 4345 4384 4385
f 4362 4297 4259
f 4836 4612 4828
f 4360 4236 4325
f 4369 4237 4234
f 5647 3986 3573
f 5650 3192 3189
f 5337 5336 5333
f 4467 4477 4466
f 4253 4340 4252
f 4429 5457 4428
f 3997 3915 3540
f 5535 3839 3982
f 5538 4460 4456
f 3439 5571 3438
f 5570 5526 5524
f 3438 5572 3445
f 4440 3879 3876
f 3440 4407 3449
f 3886 5695 5694
f 5534 5396 5451
f 5685 3471 5684
f 4278 4301 4302
f 5628 4449 5469
f 3579 3538 3578
f 4480 5628 4500
f 4402 5517 5518
f 4279 4198 4278
f 3603 3532 3602
f 3580 4088 4090
f 4095 3531 4094
f 5248 5251 5250
f 3778 3999 3776
f 4617 4613 4614
f 4375 4372 4519
f 3411 4136 3410
f 5094 5111 5097
f 3602 3535 3605
f 4023 4350 4351
f 4349 4336 4348
f 3605 3536 3592
f 4469 4471 4470
f 4094 3593 4097
f 4248 4245 4246
f 3519 5518 5517
f 5254 5284 5285
f 4852 4795 4766
f 4265 5629 4264
f 5632 5503 5631
f 3604 3612 3601
f 5549 5502 3360
f 3653 3607 3661
f 4780 4873 4779
f 4988 4979 4976
f 4491 5626 4481
f 4837 4995 4994
f 4615 4765 4749
f 5468 4470 4504
f 3514 3467 3513
f 5491 4409 5679
f 4093 3619 4092
f 4364 5629 4297
f 3488 5509 3487
f 5606 5611 5610
f 4210 4189 4209
f 4600 4602 4601
f 5242 5198 5240
f 5073 5075 5072
f 5651 3940 4060
f 3996 3775 3998
f 5200 5202 5201
f 5525 5527 5526
f 3364 4434 3363
f 3775 3542 3581
f 3941 5485 3855
f 3731 4105 3730
f 4997 4999 4998
f 4508 5608 5544
f 4101 3818 3816
f 3728 4103 3727
f 4591 4592 4328
f 4539 4538 4537
f 4550 4552 4551
f 4541 4567 4545
f 4389 4570 4568
f 4582 4580 4576
f 4976 4978 4977
f 4705 4707 4706
f 4797 4843 4844
f 3713 3730 3726
f 4675 4702 4704
f 4977 4981 4980
f 4810 4817 4816
f 4786 4812 4785
f 4715 4628 4714
f 4978 5021 4981
f 5010 5006 4991
f 3722 4162 4161
f 4558 4560 4559
f 4568 4569 4218
f 4584 4535 4585
f 4641 4715 4716
f 5026 5012 5068
f 4776 4745 4742
f 4714 4712 4713
f 4982 5001 4985
f 4576 4560 4582
f 4564 4566 4565
f 5069 5018 5029
f 5057 5048 5047
f 4810 4811 4680
f 3710 3786 3709
f 4991 4999 5010
f 5011 5010 5004
f 5008 5022 5027
f 5066 5063 5040
f 5047 5024 5025
f 5050 5051 5053
f 5023 5016 5024
f 5045 5059 5061
f 5047 5026 5057
f 3711 3724 3721
f 5048 5037 5047
f 5042 5063 5062
f 5058 5051 5054
f 5036 5046 5037
f 3715 3700 3714
f 5235 5257 5246
f 3732 3704 3702
f 5030 5062 5064
f 5020 5023 5022
f 5263 5261 5260
f 5049 5044 5034
f 5236 5250 5255
f 5031 5027 5022
f 5043 5039 5042
f 5320 5329 5330
f 5049 5052 5051
f 5326 5317 5327
f 3264 3288 3285
f 5264 5263 5260
f 4998 4992 4987
f 5009 5020 5008
f 5036 5039 5038
f 5032 5034 5033
f 4355 3949 3422
f 4269 4374 4323
f 4253 4378 4303
f 4525 4252 4340
f 3960 4111 3866
f 4372 4258 4296
f 5681 5673 5675
f 4378 4272 4287
f 4270 4346 4273
f 3244 5644 5643
f 4899 4648 4650
f 3734 3702 3810
f 4138 3343 4137
f 4192 4361 4360
f 3813 3812 3810
f 3817 3696 3814
f 5668 5682 5674
f 5690 5687 5684
f 5499 5700 5517
f 3999 3820 3577
f 3745 4102 4106
f 5684 3472 5690
f 5702 3860 5703
f 5712 5693 5670
f 3249 4393 3572
f 5695 5715 5694
f 5694 5716 5696
f 5719 5601 5602
f 4918 4950 4952
f 4774 4743 4773
f 3844 5605 3735
f 5505 4411 5504
f 3583 3585 3582
f 3710 4157 4160
f 5513 4417 5508
f 5704 4146 5709
f 4141 4062 4049
f 5669 5688 4410
f 3898 5653 5450
f 5718 3972 5719
f 5684 5686 5685
f 3917 5717 3512
f 3463 5662 5660
f 5492 5680 5491
f 4931 4950 4919
f 5665 3441 5663
f 3788 3740 3790
f 3501 3529 3994
f 3569 3477 3308
f 5516 5727 5515
f 3564 3566 3565
f 3892 5406 3889
f 3962 5407 3961
f 4126 4123 4125
f 4116 3287 5411
f 3892 5630 5417
f 3824 5413 5414
f 4408 5680 4412
f 3969 3978 5402
f 4408 3449 4407
f 4414 3449 4413
f 3962 3262 4125
f 4425 5616 4321
f 4418 5727 4419
f 5716 5575 5696
f 5719 5717 5718
f 5698 5692 5697
f 3880 4166 3987
f 5652 5520 5619
f 5621 4167 4166
f 5679 4410 5688
f 3210 3355 5618
f 5622 5451 5657
f 5416 5497 5624
f 5729 5731 5730
f 5733 3761 3758
f 5735 5737 5736
f 5750 5751 5734
f 5744 5740 5741
f 5744 3753 5746
f 5753 5730 5731
f 5757 5736 5737
f 5731 5765 5753
f 5774 5776 5775
f 5790 5792 5791
f 5796 5787 5797
f 5817 5819 5818
f 5828 5830 5829
f 3725 3751 3747
f 4874 4873 4875
f 4700 4903 4902
f 4740 4876 4739
f 3199 3201 3200
f 4100 4099 4101
f 3749 4108 3748
f 3695 3712 3692
f 3378 3380 3379
f 5504 4412 5507
f 4405 5518 5699
f 5838 5835 5836
f 4705 4712 4708
f 5832 5828 5833
f 5697 5678 5698
f 3791 4005 3790
f 5848 5794 5850
f 3714 3701 3704
f 3995 4042 3890
f 3329 3224 3222
f 4005 3705 4004
f 4551 4763 4550
f 5855 5808 5856
f 5851 5792 5852
f 5803 5858 5847
f 5844 5840 5845
f 5762 5743 5740
f 5808 5806 5807
f 4012 3426 3423
f 5558 3467 4067
f 4550 4720 4901
f 4950 4953 4952
f 3885 5694 5696
f 5705 4081 4082
f 5508 4415 5505
f 3745 3760 3744
f 5507 5680 5506
f 3592 3588 3591
f 3895 5658 5653
f 5613 5501 5549
f 3834 4393 4055
f 5527 4455 5526
f 5775 5809 5774
f 5766 5813 5810
f 5858 5812 5859
f 5855 5811 5858
f 5863 5819 5862
f 5826 5863 5829
f 5862 5833 5828
f 5870 5837 5845
f 5782 5831 5832
f 5868 5836 5873
f 5778 5843 5844
f 5866 5845 5840
f 5785 5867 5784
f 5790 5789 5793
f 5796 5794 5795
f 5821 5819 5820
f 5657 5620 5622
f 5793 5852 5792
f 5855 5801 5798
f 5853 5786 5796
f 5804 5802 5803
f 5827 5864 5822
f 5767 5821 5813
f 5854 5776 5777
f 5860 5818 5861
f 5782 5825 5785
f 5781 5844 5834
f 5810 5815 5816
f 5867 5830 5784
f 5809 5798 5799
f 5828 5863 5862
f 5865 5838 5868
f 5801 5802 5800
f 4086 3795 4149
f 5779 5842 5843
f 5827 5829 5830
f 5839 5869 5835
f 5814 5855 5856
f 5711 3859 5702
f 4958 4917 4960
f 5861 5821 5768
f 5863 5812 5820
f 5865 5823 5824
f 5873 5837 5871
f 5872 5842 5780
f 4089 3563 5704
f 3812 3785 3811
f 5770 5787 5788
f 5789 5847 5846
f 5793 5846 5849
f 4145 4146 3498
f 5848 5790 5791
f 3953 4009 3952
f 5748 5874 5747
f 4624 4626 4625
f 4665 4752 4664
f 4775 4779 4778
f 4746 4671 4747
f 4637 4601 4639
f 4828 4613 4827
f 4704 4762 4675
f 4843 4727 4687
f 4543 4725 4542
f 4731 4863 4730
f 4723 4558 4722
f 4842 4840 4838
f 4717 4857 4718
f 4865 4867 4866
f 5841 5866 5840
f 4725 4540 4542
f 4798 4816 4817
f 4632 4634 4633
f 4720 4715 4719
f 4642 4644 4643
f 3754 5874 5876
f 4860 4644 4847
f 4674 4722 4721
f 4808 4676 4677
f 4721 4822 4821
f 5876 5877 5746
f 4836 4840 4839
f 4658 4660 4659
f 4826 4800 4838
f 4877 4743 4744
f 4948 4971 4943
f 4875 4876 4889
f 4954 4934 4955
f 5773 5788 5790
f 5825 5833 5824
f 5834 5836 5835
f 5834 5845 5837
f 3359 3361 3360
f 5732 3756 3757
f 3394 3396 3395
f 3766 5741 5742
f 5774 5799 5777
f 5805 5857 5802
f 5813 5820 5812
f 3969 3964 3968
f 5667 5674 5666
f 5729 3792 3756
f 3770 5741 3769
f 4741 4739 4738
f 4689 4660 4661
f 5772 5787 5771
f 5735 3758 3764
f 5850 5773 5848
f 5617 3965 5650
f 5799 5854 5777
f 5875 5764 5879
f 5840 5842 5841
f 5861 5769 5860
f 5807 5853 5851
f 5869 5834 5835
f 3765 5739 5738
f 5882 5761 5759
f 5881 5887 5889
f 5895 5898 5897
f 5907 5906 5908
f 5909 5908 5910
f 4234 4526 4369
f 3912 3389 3914
f 5934 8730 8729
f 8730 5930 5931
f 4920 4922 4921
f 8845 8853 8851
f 4141 3404 4174
f 3733 3706 3731
f 8849 8848 8850
f 4234 4236 4235
f 8863 5919 8862
f 3733 4004 3705
f 5908 8859 8867
f 8865 8871 8870
f 8859 8863 8864
f 5927 5925 5928
f 5911 5904 5912
f 8878 8866 8879
f 5635 5637 5636
f 5745 5746 5877
f 3552 3554 3553
f 8857 8890 8875
f 5924 8860 5923
f 3553 3556 3552
f 5919 8861 8862
f 8869 8870 8891
f 8873 8878 8876
f 8856 8875 8874
f 8862 5889 5887
f 8846 8844 8843
f 8864 8866 8865
f 8729 8883 8884
f 8848 8887 8886
f 8878 5888 8893
f 8896 8855 8897
f 8853 8896 5885
f 8841 5882 5883
f 3489 3491 3490
f 8867 8864 8868
f 5910 8867 8898
f 5914 8898 8899
f 5916 8899 8900
f 5889 8860 5890
f 8876 8893 8894
f 5918 8900 8901
f 4424 5726 4423
f 8904 8900 8899
f 8909 8904 8905
f 8908 8903 8904
f 8869 8905 8868
f 3632 3667 3635
f 3687 3689 3688
f 3636 3681 3631
f 3664 3639 3665
f 4304 4306 4305
f 8909 8891 8910
f 3681 3695 3680
f 3758 3760 3759
f 3684 3700 3683
f 3721 3723 3722
f 3941 3943 3942
f 3738 3740 3739
f 3687 3709 3690
f 3238 3938 3220
f 4249 4288 4245
f 4499 3344 4464
f 4240 4368 4367
f 3453 3951 3919
f 4401 3547 3967
f 3950 3451 3436
f 3702 3701 3703
f 3725 3727 3726
f 3194 3208 3193
f 4034 4461 4462
f 3914 3913 3912
f 3483 3533 3482
f 3191 3957 3206
f 4292 3970 4293
f 3909 3428 3356
f 3959 3866 3867
f 4017 4309 4016
f 4316 4008 3953
f 4448 4450 4449
f 4414 4417 4416
f 3435 3351 3433
f 4413 4415 4414
f 3899 3901 3900
f 3780 3648 3809
f 3474 3886 3885
f 3958 3192 3214
f 3221 3935 4427
f 3905 3907 3906
f 3913 4486 3313
f 4420 4421 4085
f 3881 3883 3882
f 4004 3790 4005
f 4271 4318 4316
f 4259 4296 4258
f 3501 4066 3468
f 5897 5900 5899
f 5901 5904 5903
f 8854 8856 8855
f 3789 3786 3720
f 3651 3781 3782
f 5924 5901 5925
f 8870 8873 8872
f 8876 8874 8873
f 5912 5918 5911
f 3805 3799 3737
f 3369 3395 3396
f 3923 3925 3924
f 3916 3512 3509
f 3641 3801 3642
f 4276 4323 4320
f 4181 4331 4330
f 4428 3377 4429
f 3495 4321 4322
f 4436 3380 3381
f 4430 4437 4435
f 3945 3958 3946
f 4065 4047 3418
f 4495 3408 4496
f 8913 8915 8914
f 8911 8917 8916
f 8889 8923 8890
f 8919 8931 8921
f 8884 8918 8885
f 8922 8931 8925
f 5852 5909 5851
f 5866 5915 5917
f 8926 8914 8915
f 8914 8883 8913
f 8886 8921 8888
f 5846 5894 5891
f 5873 5900 5868
f 8893 5764 5754
f 8894 5754 5753
f 5890 5927 8936
f 5885 5755 5758
f 5871 5902 5873
f 5763 5883 5762
f 5880 8936 5763
f 4175 4398 4399
f 4274 4255 4275
f 8883 5931 8882
f 8868 8898 8867
f 3289 3247 3292
f 3858 5485 5921
f 8850 8886 8888
f 4116 5409 4115
f 3889 4127 5415
f 3678 8938 8937
f 8857 8888 8889
f 3979 3294 3295
f 4126 3431 3823
f 3651 3679 3650
f 3460 5921 3354
f 4084 3310 3487
f 8905 8899 8898
f 3561 5397 5656
f 3213 5528 5519
f 4191 4193 4192
f 5449 5532 5533
f 4142 4031 4479
f 4060 5652 5651
f 4480 4482 4481
f 5519 3212 3213
f 5657 3330 3940
f 4473 4475 4474
f 3514 5668 5667
f 5663 5669 5665
f 8881 5926 8880
f 5734 5749 5750
f 4788 4677 4678
f 3997 3538 3506
f 3551 3310 3294
f 3577 3998 3999
f 4893 4676 4809
f 4753 4671 4672
f 8729 8885 8843
f 3813 9021 8937
f 8938 3813 8937
f 8882 5929 8881
f 4098 3820 3821
f 3399 5416 3398
f 5494 5503 4403
f 5880 5878 5881
f 4986 4861 4987
f 4999 5004 5010
f 4985 4988 4976
f 5816 5766 5810
f 4372 4384 4519
f 5688 5692 5679
f 8903 8901 8900
f 8879 5887 5888
f 8902 8880 8901
f 5919 5895 5920
f 4519 4342 4291
f 8847 8854 8853
f 5925 5903 5926
f 4021 4523 4025
f 5678 5676 4406
f 4424 4085 4421
f 5701 3577 3820
f 5928 5926 5929
f 5000 4980 5004
f 9022 3545 4113
f 9024 5409 5410
f 4008 4010 4009
f 3931 4516 4513
f 3822 3807 3821
f 8851 8844 8845
f 5728 5509 5721
f 9025 4115 5409
f 5209 5201 5208
f 4820 4653 4682
f 3988 5598 4508
f 3370 3357 3395
f 5639 5641 5640
f 5592 4477 5543
f 3378 5572 3381
f 5625 3265 5626
f 5594 5577 3406
f 3302 5645 3301
f 3274 3278 3273
f 5207 5233 5243
f 5071 5072 5075
f 4815 4785 4812
f 4796 4643 4760
f 3243 5643 5648
f 5301 5303 5300
f 5431 5655 5654
f 5251 5244 5252
f 3353 3523 3524
f 4174 3405 3411
f 3546 4113 3545
f 4002 3788 4004
f 4196 4238 4195
f 3232 5647 3231
f 4373 4266 4310
f 4867 5321 4902
f 5648 4058 3243
f 4455 3893 4453
f 5593 4511 5592
f 5275 5252 5253
f 5252 5274 5251
f 4092 3624 3597
f 3723 3743 3722
f 4780 4802 4796
f 4059 3560 5425
f 4317 4347 4270
f 5188 5192 5187
f 5570 5612 5569
f 3385 5633 3384
f 3526 5569 5612
f 3576 3608 3590
f 3581 3594 3580
f 5239 5238 5232
f 5081 5083 5082
f 4369 4528 4527
f 4325 4329 4360
f 3569 3286 3336
f 9022 4112 5709
f 3661 3801 3653
f 5074 5030 5064
f 5064 5063 5065
f 3563 3498 4146
f 3961 4119 5411
f 4854 4870 4735
f 5018 5028 5029
f 5007 5027 5028
f 5040 5039 5041
f 3240 3875 3239
f 5070 5029 5072
f 3504 3866 4111
f 3537 3591 3588
f 5033 5039 5032
f 4710 4635 4879
f 5017 4989 5014
f 5024 5046 5023
f 4991 5019 4990
f 4587 4574 4573
f 4996 4793 4878
f 5066 5059 5067
f 5221 5231 5220
f 5068 5057 5026
f 3675 3643 3642
f 3663 3675 3662
f 4722 4559 4822
f 3579 3590 3591
f 3686 3677 3678
f 4422 3499 4419
f 5142 5138 5133
f 5078 5075 5076
f 3609 3590 3608
f 3288 5411 3287
f 5424 5410 3246
f 5152 5156 5172
f 3960 5709 4112
f 4946 4957 4958
f 3867 5705 3959
f 9026 4113 5710
f 5192 5189 5187
f 5161 5194 5171
f 3637 3682 3636
f 4392 3847 3848
f 3796 4149 3795
f 4104 3727 4103
f 3594 3993 4088
f 3796 4134 5710
f 3687 4156 4157
f 3760 4164 4165
f 4464 3345 4467
f 3485 3868 3484
f 3846 5423 4130
f 3409 4496 3408
f 3767 3765 3762
f 3711 4159 4160
f 3797 4087 3510
f 4072 5562 5560
f 4502 5590 5589
f 5408 9027 4118
f 5683 5714 5682
f 5702 4110 5711
f 5623 4148 4167
f 5428 3525 3522
f 3668 3802 3667
f 4000 8938 3679
f 4221 4179 4380
f 4267 4388 4315
f 3721 4161 4159
f 3903 5706 5705
f 3583 4090 4091
f 3894 3524 3525
f 4635 4636 4634
f 4173 4009 4010
f 4890 5393 5394
f 5290 5293 5292
f 5339 5337 5333
f 5458 4438 4439
f 3251 5430 3910
f 3252 5419 3251
f 3428 5421 3427
f 3571 5418 3252
f 4583 4554 4593
f 4239 4224 4238
f 3322 5450 5449
f 5309 5306 5304
f 4109 3748 4108
f 5707 3794 3795
f 5139 5183 5140
f 5271 5290 5259
f 5280 5282 5279
f 5110 5125 5115
f 5319 4731 5317
f 5334 5339 5333
f 5423 3523 5422
f 5376 5378 5375
f 4721 4646 4674
f 3719 4159 4161
f 4853 4692 4795
f 5373 5330 5375
f 4428 5456 4437
f 5376 5328 5331
f 3337 4434 4431
f 4692 5395 4795
f 5475 4523 5476
f 5478 4068 4522
f 5421 4129 5422
f 5374 5375 5378
f 5283 5306 5282
f 5246 5234 5235
f 5154 5150 5153
f 4458 5561 4457
f 5163 5158 5168
f 5381 5378 5379
f 3397 5484 5483
f 4457 5563 5537
f 5147 5150 5149
f 4474 5544 5545
f 5325 5319 5326
f 5223 5388 5222
f 5517 3521 3519
f 4499 3347 4487
f 5404 4128 4129
f 3476 5506 3475
f 4084 5515 4083
f 3900 5477 3899
f 5536 5547 5546
f 5491 5493 5492
f 5474 4139 5401
f 4063 4522 4068
f 4459 5541 5540
f 5548 3360 3361
f 5444 5550 4396
f 3888 5415 5412
f 5546 3339 4445
f 5536 5538 5537
f 3570 5508 3477
f 4471 5589 4476
f 4280 3359 5933
f 5499 4403 5503
f 5189 5169 5165
f 5543 4478 5542
f 4051 5552 3374
f 3461 5507 3476
f 4629 4870 4869
f 5106 4909 4862
f 5286 5279 5282
f 5462 3364 3365
f 3491 5514 3840
f 5224 5231 5229
f 4478 5540 5542
f 4099 3742 3723
f 4803 4805 4804
f 4130 5422 4129
f 4470 4476 4473
f 4924 4921 4922
f 4920 4927 4926
f 4993 4987 4992
f 4887 4913 4912
f 3894 4070 4071
f 5472 5585 5586
f 3508 4134 3507
f 3603 4096 4097
f 3772 3992 4110
f 5712 5671 5672
f 3739 4162 4163
f 5683 3515 5715
f 5480 4495 5479
f 5698 5493 5498
f 3578 3996 3998
f 3645 4154 4155
f 5660 3466 3463
f 4135 5710 4134
f 5587 4073 5586
f 5687 5693 5686
f 3584 4091 4150
f 5585 5584 5588
f 4128 5415 4127
f 4257 4338 4526
f 4222 4178 4179
f 4366 4191 4216
f 5098 5091 5088
f 5761 5737 5760
f 5760 5738 5739
f 8852 5934 8844
f 8874 8855 8856
f 8895 8855 8877
f 5884 8842 8852
f 4557 4582 4560
f 8890 8917 8892
f 8918 8930 8920
f 8924 8915 8916
f 4182 4330 4190
f 3864 5711 4110
f 3574 3230 3231
f 3342 3415 3341
f 3488 3549 3840
f 4317 3953 3949
f 3672 4152 4153
f 5708 3865 5707
f 9021 3685 3686
f 3621 3616 3617
f 5728 4419 5727
f 4311 4028 4310
f 4131 3543 3841
f 4426 3842 4423
f 4518 4168 4427
f 5457 5464 5456
f 5425 3558 3837
f 5458 4437 5456
f 3416 5465 5457
f 5638 5437 5637
f 3985 5636 5637
f 5646 5636 5647
f 9023 3554 5402
f 5722 5514 5726
f 3256 3934 3255
f 4164 5734 5751
f 8885 8920 8887
f 3282 3929 3281
f 3292 3320 3291
f 3232 3300 3301
f 3303 3271 3334
f 3562 5432 3325
f 3392 3388 3391
f 3854 5350 3851
f 5463 5459 5458
f 5935 3885 5576
f 3879 3954 3878
f 3928 3391 3388
f 4137 4458 4138
f 5454 3850 3851
f 3548 3549 3550
f 4443 5470 4442
f 4452 4506 4447
f 4468 3415 3879
f 4443 3876 4483
f 3234 4515 4516
f 5434 3896 5433
f 5448 5441 5644
f 5447 5443 5442
f 4442 5471 5467
f 5550 3275 5551
f 5578 4520 3409
f 3464 5666 3463
f 4701 4839 4840
f 3259 4041 4030
f 4015 3423 4018
f 3558 3982 3839
f 4856 4823 4824
f 4741 4653 4740
f 3759 4106 3763
f 3560 3290 3559
f 9024 3557 3553
f 5438 3280 5439
f 3321 3290 3291
f 5557 4072 5560
f 5553 3396 5554
f 4045 4174 4044
f 4539 4849 4585
f 3536 3503 3588
f 5478 5574 5477
f 3800 3510 3511
f 4755 4886 4754
f 5561 5527 5563
f 5752 5732 5751
f 5752 5756 5765
f 3518 5493 5521
f 3767 4107 4108
f 3534 4097 3593
f 4395 3826 3827
f 3926 3371 3925
f 4446 5610 5611
f 4050 3980 3981
f 8887 8843 8885
f 5649 5640 5645
f 4643 4761 4760
f 3709 3784 3690
f 4778 4660 4777
f 5649 4054 5648
f 5646 3301 5645
f 3250 3910 3909
f 5884 5757 5761
f 5655 5936 5937
f 4224 4226 4225
f 4043 3412 4013
f 4286 4288 4287
f 4267 4310 4266
f 4493 4080 4494
f 3325 3226 3227
f 3925 3372 3928
f 4312 4314 4313
f 3996 3540 3541
f 8908 8912 8907
f 4023 4025 4024
f 3995 3891 3994
f 5482 5559 4137
f 4486 3921 4484
f 4300 4302 4301
f 5438 5644 5441
f 3233 3282 3270
f 3225 3227 3226
f 5446 5445 5443
f 5554 3397 5555
f 4834 4830 4772
f 4064 3350 4063
f 3596 3598 3597
f 5639 5648 5643
f 5434 5654 5658
f 4895 4830 4831
f 3674 3676 3675
f 3551 3978 3550
f 3835 3305 3306
f 3813 3702 3703
f 3691 4160 4157
f 4109 4101 4103
f 4565 4188 4564
f 3490 3547 3489
f 3672 3647 3673
f 8906 8912 8913
f 3810 3811 3734
f 4051 4397 4396
f 3566 4090 4088
f 5580 5476 5579
f 4456 5537 5538
f 5539 5546 5611
f 8844 8729 8843
f 8872 8874 8875
f 4383 4198 4195
f 4931 4927 4930
f 5529 5397 5396
f 5314 5323 5328
f 5347 5323 5324
f 4711 4599 4596
f 5387 5389 4696
f 5259 5292 5258
f 5195 4803 5126
f 5195 4746 4806
f 4639 4866 4685
f 4821 4681 4721
f 3421 5399 3260
f 4730 4601 4602
f 4807 4811 4786
f 4040 3421 3948
f 4844 4800 4797
f 3936 3929 3930
f 4894 4817 4823
f 5365 5383 5368
f 4657 4661 4658
f 5224 4770 4804
f 5368 5382 5380
f 5336 5352 5335
f 5353 5386 5363
f 4070 4454 4069
f 5396 3327 3328
f 5225 5312 4809
f 5384 5386 5385
f 5391 4695 4759
f 4735 4870 4630
f 4407 4409 4408
f 4623 4880 4706
f 5356 5352 5354
f 4578 4859 4577
f 3239 3217 3938
f 3937 3333 3939
f 4578 4534 4535
f 5467 4505 4452
f 4836 4826 4838
f 4422 5721 4421
f 3392 5556 5482
f 5564 5565 5547
f 3807 3663 3660
f 5922 4392 4281
f 3680 3692 3693
f 3630 3632 3631
f 4416 5725 4418
f 4033 3836 4176
f 3238 4168 3342
f 3466 3483 3484
f 3678 3650 3679
f 3677 3649 3650
f 3340 4431 3884
f 3562 5656 5655
f 5658 5938 5939
f 3642 3640 3641
f 3306 3334 3981
f 3256 3280 3281
f 8910 8892 8917
f 5868 5898 5859
f 8924 8922 8925
f 8935 8925 8931
f 8882 8913 8883
f 8925 8926 8924
f 8840 8936 5927
f 5852 5905 5907
f 5136 5124 5137
f 4243 4260 4242
f 5238 5228 5232
f 5642 5643 5644
f 3924 3928 3927
f 5412 5700 3888
f 3750 3751 3707
f 3746 3770 3769
f 3859 3861 3860
f 3972 3493 3494
f 5923 8861 5920
f 4945 4958 4959
f 3296 3286 3287
f 3824 3907 3823
f 3671 4154 4153
f 4137 5481 5482
f 3614 3802 3617
f 3283 3559 3290
f 4936 4934 4933
f 5511 5726 5514
f 4170 3926 3923
f 3572 3830 3826
f 3459 3858 3460
f 3496 4425 3495
f 3457 3436 3437
f 3984 3986 3985
f 3914 3386 4487
f 5512 5723 5511
f 4500 4483 4480
f 4501 4471 4472
f 4503 4505 4504
f 4143 4461 4490
f 3331 3222 3219
f 4016 4018 4017
f 3998 3776 3999
f 4114 5710 4113
f 4405 4406 4404
f 5602 5720 5719
f 4767 4804 4770
f 4929 4954 4928
f 4410 5665 5669
f 3888 5632 3887
f 4048 3977 3974
f 3947 3212 5652
f 5676 3472 3473
f 5782 5784 5783
f 4315 4311 4267
f 5699 5521 5493
f 5864 5825 5822
f 5826 5822 5823
f 5775 5805 5806
f 3236 3270 3271
f 5823 5859 5826
f 4957 4895 4917
f 8868 8865 8869
f 4281 3848 4280
f 4940 4971 4949
f 4013 4029 4043
f 3685 3701 3684
f 4339 4377 4391
f 8891 8872 8892
f 3753 3755 3754
f 4427 3220 3221
f 3809 3779 3780
f 3568 4418 3500
f 3880 3918 3805
f 3543 3842 3841
f 4646 4648 4647
f 4656 4597 4598
f 4781 4820 4784
f 4972 4974 4973
f 5101 5109 5120
f 5095 5115 5125
f 5090 5132 5093
f 5131 5134 5133
f 5134 5127 5135
f 5117 5140 5129
f 3539 3863 3595
f 4006 3792 4007
f 5128 5099 5124
f 5097 5089 5096
f 5274 5271 5259
f 4571 4569 4549
f 4225 4238 4224
f 5156 5170 5172
f 4538 4540 4537
f 4622 4665 4662
f 4981 5004 4980
f 5012 4975 5013
f 5148 5149 5157
f 5157 5133 5134
f 5161 5145 5160
f 4261 4242 4260
f 5294 5291 5268
f 4255 4532 4261
f 5274 5250 5251
f 4246 4207 4248
f 3314 3927 3912
f 4670 4672 4671
f 4995 4673 4986
f 4638 4603 4600
f 4341 4525 4340
f 5163 5165 5162
f 4834 4784 4819
f 4784 4682 4819
f 4844 4687 4688
f 5280 5275 5285
f 4217 4564 4188
f 4554 4556 4555
f 4551 4556 4594
f 4549 4544 4571
f 5141 5173 5175
f 4653 4683 4682
f 4973 4989 4988
f 4984 5015 4983
f 5177 5170 5178
f 5166 5181 5182
f 5141 5139 5138
f 5178 5151 5177
f 5244 5203 5245
f 5252 5245 5253
f 4479 4079 4493
f 4402 4404 4403
f 3500 4419 3499
f 5856 5909 5913
f 4488 3348 3349
f 8851 5885 5886
f 3607 5701 4098
f 3508 3503 3504
f 5847 5896 5894
f 4374 4309 4263
f 3380 4438 3379
f 9025 3553 3554
f 5718 4131 3973
f 3300 3283 3321
f 5551 3276 5552
f 5552 3369 5553
f 5555 5483 5557
f 5859 5896 5858
f 4133 3794 3915
f 3606 3652 3610
f 4900 4766 4691
f 4616 4789 4788
f 3738 4164 3757
f 4774 4642 4801
f 4399 3402 4175
f 5853 5795 5851
f 3936 4427 3935
f 3418 4064 4065
f 5510 3840 5514
f 3270 3279 3269
f 3274 4056 4055
f 4359 4305 4306
f 4135 3504 4111
f 3610 3609 3606
f 3837 3557 5425
f 5940 4401 5941
f 5853 5803 5847
f 5725 5515 5727
f 3246 4117 3245
f 5713 5672 5681
f 4918 4916 4915
f 4148 3771 5703
f 5106 5113 5111
f 4147 5709 4146
f 5152 5177 5151
f 9026 4111 4112
f 5104 5103 5112
f 3531 3485 3593
f 3713 3715 3714
f 3699 3815 3697
f 4467 4459 4478
f 4703 4736 4640
f 5405 3846 5406
f 3555 3963 3964
f 4120 5411 4119
f 4217 4185 4218
f 3279 5441 3269
f 4944 4959 4966
f 4353 4344 4357
f 3815 3716 4104
f 3374 4052 4051
f 4491 4516 4515
f 5865 5833 5866
f 5819 5856 5862
f 5807 5856 5808
f 3933 3281 3929
f 3208 3920 3919
f 8907 8902 8903
f 5288 5295 5287
f 3728 3747 3748
f 3309 4083 3336
f 5119 5101 5120
f 3811 3789 4002
f 3595 3992 3993
f 4106 4100 4107
f 5696 5576 3885
f 3708 3750 3707
f 3744 4165 4163
f 5905 5892 5906
f 3403 4175 3402
f 4133 3506 3507
f 4147 3544 3545
f 3561 3325 3324
f 3237 3239 3238
f 4877 4793 4794
f 3241 3243 3242
f 3597 3625 3596
f 3279 3281 3280
f 3371 3373 3372
f 3599 3567 3598
f 3975 4032 4031
f 3277 3250 3278
f 3774 3565 3773
f 3658 3780 3779
f 4961 4963 4960
f 3600 3616 4096
f 4228 4202 4199
f 4011 4318 4350
f 4307 4262 4308
f 4838 4841 4842
f 4782 4773 4743
f 4914 4946 4947
f 4839 4765 4836
f 4771 4645 4642
f 4962 4964 4963
f 4966 4963 4964
f 3601 3615 3600
f 5878 5879 5881
f 5890 5881 5889
f 3720 4158 3719
f 4755 4689 4663
f 3740 3718 3739
f 5695 5686 5714
f 5740 5742 5741
f 5733 5736 5749
f 5755 5750 5749
f 5745 5762 5740
f 5798 5800 5799
f 4706 4879 4705
f 5651 5619 5620
f 5850 5797 5772
f 5804 5806 5805
f 4087 5707 4086
f 5915 5914 5916
f 5703 4167 4148
f 5893 5896 5895
f 5892 5919 8858
f 5706 5664 4081
f 5786 5788 5787
f 3973 3841 3493
f 4831 4915 4916
f 5906 8858 8859
f 4965 4969 4964
f 4684 4846 4842
f 3589 3611 3604
f 3596 4150 4091
f 5877 5763 5745
f 4121 4123 4122
f 3469 3868 3502
f 3204 3208 3207
f 3716 3726 3727
f 5460 5426 3571
f 3465 3470 3464
f 5738 3764 3765
f 4887 4655 4888
f 4203 4205 4204
f 3959 4082 4089
f 5758 5886 5885
f 5781 5872 5780
f 4675 4723 4674
f 3757 5751 5732
f 3334 3272 3335
f 8880 5903 5911
f 5615 3473 5614
f 5759 5760 5743
f 8845 8848 8847
f 5778 5780 5779
f 8857 8849 8850
f 4132 3798 3859
f 5839 5841 5842
f 560 3187 559
f 5747 4007 3792
f 5928 8840 5927
f 5766 5768 5767
f 4848 4956 4847
f 4953 4967 4965
f 4832 4910 4915
f 5879 5888 5887
f 3598 3530 4095
f 5747 5730 5748
f 5754 5748 5730
f 5810 5812 5811
f 5758 5749 5736
f 4315 4387 4314
f 5917 5916 5918
f 5913 5910 5914
f 5930 8841 8840
f 4951 4968 4953
f 3209 3201 3202
f 4059 3246 3247
f 8731 8842 8841
f 3776 3585 3778
f 5770 5772 5771
f 5891 5893 5892
f 9028 5641 5439
f 5814 5816 5815
f 5662 5673 5661
f 3522 3524 3523
f 5630 5942 5496
f 5791 5795 5794
f 5746 3754 5876
f 5928 5931 5930
f 5743 5739 5742
f 5876 5875 5878
f 3678 9021 3686
f 4200 4207 4199
f 4114 3916 4149
f 3601 3605 3604
f 3818 3712 3817
f 3315 3317 3316
f 5899 5902 5901
f 8840 5883 8936
f 5562 5559 5560
f 4416 3448 4414
f 3189 3191 3190
f 4751 4747 4671
f 4181 4180 4177
f 3832 5454 5351
f 3362 3526 3361
f 5678 5699 5698
f 3497 3499 3498
f 448 807 447
f 647 122 270
f 5690 5677 5697
f 4183 4185 4184
f 1833 1780 1832
f 5920 5897 5923
f 510 508 507
f 4401 5944 5941
f 5656 5530 5936
f 3970 5940 4293
f 5653 5939 5946
f 5450 5946 5532
f 3384 5945 5487
f 4403 4299 5494
f 5944 3968 5949
f 3963 5951 3852
f 5614 3474 5935
f 5427 3857 5951
f 3210 1887 3201
f 1887 3200 3201
f 15 3197 3200
f 16 3195 3197
f 3195 3187 3194
f 3194 1899 3207
f 3207 375 3204
f 387 126 127
f 3189 1760 5650
f 9029 757 758
f 763 2172 2175
f 9035 9032 9033
f 9033 9031 9030
f 9046 9048 9047
f 8751 9054 8752
f 9078 9077 9079
f 9083 9051 9053
f 9088 9047 9048
f 9099 9040 9097
f 9102 9036 9099
f 9105 9032 9103
f 9105 9106 9031
f 1801 9108 9107
f 9103 9034 9102
f 9096 9047 9089
f 1767 9111 9112
f 1597 9113 1600
f 1708 9117 9116
f 9123 9119 9118
f 9118 9125 9124
f 1588 9116 1587
f 2080 9118 2082
f 2082 9124 2084
f 9126 9087 9083
f 9129 9088 9087
f 5512 5943 5947
f 5634 5488 5948
f 5724 5947 5616
f 9134 9097 9133
f 9144 9102 9138
f 9133 9096 9132
f 786 9144 785
f 9146 9103 9144
f 785 9138 497
f 497 9134 650
f 650 9133 564
f 9148 9133 9132
f 8756 9057 8753
f 9154 9130 9129
f 9151 9131 9130
f 9097 9090 9096
f 1799 9111 1768
f 5949 3964 3853
f 9160 8809 8811
f 8813 9160 8811
f 9166 564 9148
f 9067 9054 9052
f 9162 9148 9150
f 9087 9048 9051
f 9081 9079 9082
f 9049 9051 9048
f 9082 9167 9081
f 9079 9049 9046
f 9169 9175 9170
f 9167 9112 9081
f 9168 9177 9167
f 9120 9113 9177
f 9120 9169 9119
f 9119 9170 9125
f 9179 9125 9170
f 9180 9124 9125
f 9178 9170 9175
f 1576 2084 9124
f 9179 9183 9181
f 3203 1387 3190
f 3190 1791 3189
f 5618 1949 3210
f 317 259 391
f 2000 9105 9146
f 9053 9052 9054
f 9041 9036 9037
f 9029 756 2170
f 9037 9034 9035
f 9130 9089 9088
f 3204 376 3203
f 1801 9109 1799
f 9181 9180 9179
f 1575 9190 1088
f 9187 1576 9180
f 1776 1796 1775
f 1293 1290 1284
f 1326 1327 12
f 1294 1234 1290
f 878 1330 1337
f 5633 5490 5945
f 5933 3360 5502
f 5613 5948 5500
f 5604 3844 5720
f 3972 5950 5601
f 3494 4322 5950
f 4406 5615 4298
f 3492 4292 5943
f 5631 5495 5942
f 497 374 498
f 122 413 121
f 5624 3398 5416
f 9151 9156 9160
f 9058 8752 9054
f 9160 9150 9151
f 8815 9162 8813
f 9156 8794 8809
f 439 399 438
f 1512 1526 1511
f 1668 1738 1671
f 839 1362 838
f 1362 826 1012
f 3425 3418 4047
f 4905 5243 4808
f 4621 4662 4690
f 5582 5574 5577
f 4754 4756 4755
f 3902 4021 4022
f 9295 1896 9267
f 2053 2118 2117
f 9340 2120 2119
f 696 9268 9283
f 4922 4939 4924
f 4365 4186 4183
f 5105 4862 4670
f 5228 5226 5225
f 4781 4877 4794
f 5218 5238 5217
f 4990 4992 4991
f 4335 4336 4251
f 4993 4972 5002
f 4794 4792 4750
f 5886 8852 8851
f 5405 5417 5416
f 4669 4764 4668
f 4676 4698 4679
f 1826 639 640
f 9192 9181 9183
f 5232 5233 5204
f 5418 4122 5419
f 956 886 960
f 5720 3512 5717
f 4728 4730 4729
f 8879 8863 8862
f 1980 1922 807
f 4969 4966 4964
f 33 105 164
f 9028 3254 5437
f 3837 3839 3838
f 4382 4301 4383
f 3908 4122 4123
f 4290 4294 4291
f 4400 4055 4056
f 3219 3221 3220
f 8894 8877 8876
f 4640 4735 4630
f 4389 4216 4213
f 3267 4493 4451
f 3268 4463 4144
f 5097 5098 5088
f 5094 5096 5095
f 5654 5937 5938
f 4089 3960 3959
f 5159 5162 5160
f 5202 5249 5205
f 5412 5414 5413
f 5715 3516 5716
f 5723 4423 5726
f 4263 4323 4374
f 3994 3564 3774
f 1343 9308 9309
f 3470 5667 3464
f 5659 5671 5706
f 3319 4053 3299
f 9359 2128 9354
f 1766 1582 1594
f 14 2163 738
f 595 99 594
f 5703 3772 5702
f 5206 5229 5209
f 3437 3458 3457
f 5516 3487 5509
f 5122 5087 5123
f 3223 3934 3935
f 3979 5402 3978
f 3828 3320 3827
f 5663 4081 5664
f 4035 4490 4461
f 4426 5724 4425
f 3881 4447 4444
f 5407 4118 4119
f 5691 5689 5687
f 5661 5672 5671
f 5911 8901 8880
f 3902 3871 4046
f 5541 5539 5606
f 4069 5561 5562
f 3248 3292 3247
f 1346 1044 1352
f 748 1425 747
f 3297 3255 3934
f 5445 4056 5550
f 5783 5830 5831
f 4310 4376 4373
f 5857 5800 5802
f 3882 4452 3881
f 3193 3919 3951
f 3190 3206 3203
f 4266 4268 4267
f 4488 3420 4486
f 3331 3940 3330
f 4282 4284 4283
f 4606 4607 4605
f 4628 4708 4712
f 4659 4733 4658
f 4615 4829 4614
f 4718 4713 4717
f 5722 4421 5721
f 3307 3461 3433
f 4686 4634 4636
f 3966 3550 3978
f 4738 4875 4873
f 3416 3237 3341
f 4527 4208 4200
f 5093 5114 5092
f 5124 5086 5122
f 5117 5138 5139
f 4631 4640 4630
f 5166 5168 5167
f 5185 5187 5186
f 5194 5191 5171
f 3245 4118 9027
f 5214 5203 5200
f 3230 3318 3284
f 5237 5217 5238
f 5250 5258 5255
f 5113 5084 5085
f 5270 5269 5268
f 4906 5107 4768
f 5271 5267 5270
f 5276 5262 5263
f 5153 5174 5173
f 5290 5268 5291
f 5306 5303 5304
f 5147 5146 5143
f 4585 4856 4584
f 3226 5436 3225
f 4473 4504 4470
f 5765 8897 8895
f 4529 4247 4530
f 8923 8916 8917
f 5713 5682 5714
f 3315 3898 3322
f 5564 5537 5563
f 4468 4441 5466
f 3738 4163 4165
f 4577 4559 4560
f 5567 3366 3363
f 3587 4150 4151
f 5471 4504 4505
f 5860 5816 5817
f 3516 5558 5932
f 5436 5637 5437
f 5050 5083 5060
f 5547 3338 3339
f 9023 3295 4115
f 5708 4132 5711
f 4104 3814 3815
f 3718 4161 4162
f 5498 5679 5692
f 3884 4432 3883
f 3955 3877 3878
f 4049 4061 3977
f 8892 8875 8890
f 4572 4218 4569
f 4440 4442 4441
f 4497 3407 3408
f 4632 4633 4724
f 8906 8881 8902
f 5664 5670 5663
f 3751 3706 3707
f 3511 3736 3800
f 5129 5116 5117
f 5086 5098 5085
f 5135 5128 5136
f 5143 5145 5144
f 5168 5136 5137
f 5297 5246 5257
f 5164 5160 5162
f 5155 5171 5170
f 5137 5167 5168
f 5293 5307 5305
f 5513 4083 5515
f 4053 3825 4057
f 3228 3298 3227
f 3631 3635 3636
f 5689 5670 5693
f 5759 5883 5882
f 3793 3507 4134
f 4906 4891 4907
f 4719 4901 4720
f 3597 4095 4092
f 3352 4125 3262
f 9064 9058 9067
f 9076 9067 9077
f 9083 8794 9126
f 9131 9096 9089
f 9138 9099 9134
f 9154 9126 9156
f 9077 9052 9049
f 9053 8766 9083
f 9191 9187 9181
f 9082 9046 9193
f 9193 9168 9082
f 1284 1288 1285
f 9150 9132 9131
f 3841 3496 3493
f 3570 3336 4083
f 4027 4312 3258
f 4889 4781 4794
f 4041 4044 4043
f 4885 4813 4829
f 5419 3905 5430
f 4367 4227 4224
f 1778 1780 1779
f 1792 1584 1789
f 4308 3869 4307
f 4594 4762 4551
f 4767 4769 4768
f 5461 3366 3847
f 4763 4716 4720
f 4919 4915 4910
f 4300 4334 4333
f 5196 5198 5197
f 5158 5135 5136
f 5431 5433 5432
f 4545 4571 4544
f 4557 4594 4556
f 695 571 694
f 4156 3626 3694
f 4861 4670 4862
f 5681 5674 5682
f 5473 5580 5583
f 3622 4152 4151
f 5647 3574 3231
f 3674 3808 3649
f 4420 3498 3499
f 5675 5666 5674
f 3253 5439 3280
f 5870 5917 5912
f 8887 8919 8886
f 5862 5913 5915
f 3534 3485 3482
f 3313 4484 3312
f 9090 9046 9047
f 4871 4695 4855
f 3778 3822 3819
f 4889 4874 4875
f 4000 3784 4001
f 4897 4911 4910
f 3856 3838 3839
f 4772 4896 4771
f 4015 4376 4014
f 3433 3476 3435
f 4053 3302 3299
f 3367 3363 4434
f 3242 3831 3241
f 3441 4082 4081
f 4735 4855 4854
f 4756 4737 4689
f 3382 3384 3383
f 3698 3697 3682
f 4676 4678 4677
f 4948 4941 4944
f 4890 4805 4747
f 4757 4745 4737
f 4581 4380 4586
f 5716 5932 5597
f 4923 4926 4932
f 5077 5081 5076
f 5078 5058 5054
f 4009 5400 3952
f 5081 5078 5076
f 3930 4513 4514
f 4014 4028 4029
f 4025 4020 4021
f 3618 4096 3616
f 4581 4576 4580
f 4219 4188 4189
f 5440 3335 3272
f 5449 3323 3322
f 4229 4177 4202
f 4590 4214 4589
f 4227 4184 4226
f 4574 4858 4547
f 4565 5453 4563
f 4592 4588 4589
f 4590 4573 4579
f 3517 5521 3519
f 3845 3522 5423
f 4444 3884 3881
f 3982 5533 5535
f 4465 4497 4495
f 4520 4521 4496
f 4076 5591 5590
f 3635 3666 3634
f 3343 4498 5481
f 4022 3870 3871
f 3661 4098 3660
f 5691 5697 5692
f 3768 5742 5739
f 4514 3956 4518
f 3697 3814 3696
f 4394 5460 4395
f 4054 4057 4058
f 3284 3323 3559
f 4052 4169 4397
f 4447 4510 4446
f 4456 3346 4138
f 4483 3877 4482
f 4482 4512 4492
f 4492 4513 4516
f 5642 5439 5641
f 5448 5442 5440
f 5466 3882 3883
f 3340 4445 3339
f 8908 8910 8911
f 4397 3835 3980
f 5413 3521 5412
f 3234 3932 3233
f 5753 8895 8894
f 8896 5756 5755
f 8921 8889 8888
f 8915 8911 8916
f 3933 3935 3934
f 3620 3657 3623
f 3966 3968 3967
f 4905 4769 4770
f 3225 5437 3254
f 5433 3984 5435
f 5714 5693 5713
f 5435 3985 5436
f 3954 3955 3878
f 4713 4632 4724
f 4879 4632 4705
f 3983 3896 3897
f 9027 3248 3245
f 5871 5912 5904
f 5849 5891 5905
f 4702 4640 4641
f 4213 4579 4389
f 3644 3688 3689
f 9193 9040 9041
f 8920 8935 8919
f 5406 4130 4127
f 4140 5401 4139
f 5659 3904 5660
f 4772 4783 4834
f 4244 4246 4245
f 4061 4037 4038
f 3669 3803 3668
f 3459 3209 3202
f 4072 5484 4071
f 4835 4834 4819
f 5660 5661 5659
f 4262 4264 4263
f 3633 3627 3628
f 3685 3676 3686
f 4517 3235 3304
f 4145 4085 3544
f 5455 5459 3850
f 5638 5640 5641
f 3228 3254 3255
f 4044 3411 3412
f 3614 3612 3613
f 3273 3275 3274
f 4952 4961 4918
f 4959 4960 4963
f 4888 4761 4860
f 4254 4256 4255
f 4199 4201 4200
f 4499 4465 5480
f 5479 4496 4521
f 5952 5954 5955
f 5956 5958 5959
f 5959 5960 5961
f 5962 5964 5965
f 5966 5968 5969
f 5967 5971 5968
f 5963 5961 5960
f 5972 5964 5973
f 5974 5976 5977
f 5978 5980 5981
f 5982 5984 5985
f 5986 5985 5984
f 5988 5990 5991
f 5992 5994 5995
f 5996 5998 5999
f 6000 6002 6003
f 6004 6006 6007
f 6008 6010 6011
f 6012 6014 6015
f 6016 6018 6019
f 6020 6022 6023
f 6024 6026 6027
f 6028 6030 6031
f 6032 6034 6035
f 6036 6038 6039
f 6040 6013 6012
f 6042 6044 6045
f 5992 6047 5993
f 6048 6050 6051
f 6052 6054 6055
f 6056 6058 6059
f 6060 5987 5986
f 6062 6064 6065
f 6066 6068 6069
f 6070 6027 6026
f 6072 6057 6056
f 6075 6077 6074
f 6078 6080 6081
f 6082 6054 6084
f 6085 6081 6086
f 6087 5990 6088
f 6061 6089 5987
f 6089 6091 6092
f 6092 6093 6094
f 6095 5981 6096
f 6062 6084 6063
f 6097 6035 6034
f 6056 6099 6072
f 6100 6102 6103
f 6001 6104 6105
f 6107 6109 6106
f 6110 6112 6113
f 6114 6025 6115
f 6116 6118 6119
f 6120 6122 6123
f 6124 6126 6127
f 6128 6101 6100
f 6039 6131 6036
f 6132 6134 6135
f 6136 6138 6003
f 6139 6141 6142
f 6143 6145 6146
f 6148 6150 6147
f 6152 6154 6151
f 6155 6157 6158
f 6159 6161 6162
f 6163 6165 6166
f 6167 6169 6170
f 6171 6173 6174
f 6175 6104 6177
f 6178 6180 6181
f 6023 6183 6020
f 6184 6186 6187
f 6117 6188 6189
f 6190 6192 6193
f 6194 6026 6114
f 6195 6191 6190
f 6197 6199 6200
f 6201 6203 6204
f 6205 6207 6208
f 6209 6201 6204
f 6197 6211 6212
f 6212 6213 6214
f 5979 6214 6213
f 6203 6217 6204
f 6206 6198 6207
f 6218 5962 6219
f 5965 6219 5962
f 5972 3354 6221
f 6070 6222 6223
f 6224 6226 6227
f 6228 6230 6231
f 6232 6234 6235
f 6196 6236 6237
f 6071 6223 6238
f 6239 6241 6242
f 6243 6245 6246
f 6247 6248 6249
f 6250 6252 6253
f 6254 6256 6257
f 6258 6260 6261
f 6229 6263 6230
f 6264 6242 6241
f 6266 6268 6269
f 6270 6272 6273
f 6274 6276 6277
f 6195 6279 6236
f 6280 6281 6282
f 6283 6285 6286
f 6123 6287 6288
f 6289 6291 6292
f 6293 6243 6295
f 6240 6297 6241
f 6298 6267 6266
f 6300 6302 6303
f 6304 6306 6307
f 6251 6308 6309
f 6247 6311 6312
f 6313 6315 6316
f 6314 6317 6318
f 6319 6320 6321
f 6322 6088 6323
f 6216 6258 6217
f 6325 6327 6328
f 6217 6261 6329
f 6330 6238 6331
f 6071 6048 6027
f 6015 6333 6012
f 6079 6335 6080
f 6336 6240 6239
f 6294 6296 6240
f 6337 6339 6340
f 6341 6343 6344
f 6345 6347 6348
f 6266 6349 6298
f 6350 6352 6353
f 6295 6246 6354
f 6303 6356 6300
f 6357 6359 6360
f 6361 6363 6364
f 6365 6353 6366
f 6367 6369 6370
f 6371 6370 6372
f 6372 6374 6371
f 6375 6373 6376
f 6376 6378 6375
f 6379 6381 6382
f 6383 6385 6386
f 6387 6389 6390
f 6391 6393 6394
f 6395 6397 6398
f 6398 6400 6395
f 6399 6402 6400
f 6403 6401 6404
f 6405 6407 6408
f 6409 6411 6412
f 6367 6413 6414
f 6374 6415 6416
f 6417 6384 6383
f 6419 6348 6347
f 6421 6423 6424
f 6425 6400 6402
f 6426 6395 6400
f 6393 6428 6429
f 6429 6394 6393
f 6390 6431 6432
f 6433 6408 6407
f 6435 6437 6438
f 6439 6411 6438
f 6392 6441 6442
f 6397 6442 6443
f 6401 6444 6445
f 6446 6437 6404
f 6448 6450 6451
f 6452 6454 6455
f 6442 6456 6457
f 6443 6457 6458
f 6444 6460 6461
f 6445 6461 6462
f 6463 6462 6465
f 6446 6462 6464
f 6466 6468 6469
f 6448 6470 6471
f 6453 6472 6473
f 6474 6476 6477
f 6478 6480 6481
f 6482 6484 6485
f 6486 6488 6489
f 6490 6492 6493
f 6493 6494 6495
f 6496 6498 6499
f 6500 6502 6503
f 6504 6506 6507
f 6508 6509 6510
f 6511 6513 6508
f 6499 6515 6496
f 6516 6518 6519
f 6520 6522 6523
f 6524 6525 6526
f 6507 6527 6504
f 6504 6528 6510
f 6528 6508 6510
f 6529 6531 6532
f 6342 6534 6343
f 6535 6346 6536
f 6347 6537 6419
f 6434 6539 6408
f 6539 6405 6408
f 6541 6451 6450
f 6543 6470 6545
f 6546 6481 6547
f 6499 6548 6549
f 6549 6514 6499
f 6551 6553 6554
f 6555 6557 6558
f 6403 6423 6559
f 6426 6413 6416
f 6415 6428 6427
f 6430 6561 6562
f 6434 6420 6419
f 6563 6565 6566
f 6404 6445 6446
f 6459 6399 6398
f 6455 6388 6387
f 6405 6449 6406
f 6540 6450 6405
f 6567 6568 6569
f 6570 6463 6567
f 6475 6490 6465
f 6458 6571 6572
f 6573 6574 6575
f 6576 6578 6579
f 6193 6580 6581
f 6582 6584 6585
f 6583 6586 6587
f 6588 6587 6586
f 6590 6068 6591
f 6592 6594 6319
f 6251 6595 6252
f 6304 6597 6598
f 6272 6599 6273
f 3737 6558 6557
f 6600 6160 6601
f 6123 6603 6120
f 6604 6606 6607
f 6608 6208 6609
f 5972 6220 5965
f 6610 6612 6556
f 6613 6615 6616
f 6242 6618 6239
f 6226 6245 6227
f 6620 6622 6623
f 6624 6146 6625
f 6626 6211 6136
f 6627 6629 6630
f 6631 6633 6634
f 6235 6636 6232
f 6637 6639 6640
f 6641 6286 6642
f 6643 6645 6646
f 6647 6649 6650
f 6244 6294 6336
f 6336 6652 6244
f 6194 6237 6222
f 6196 6114 6191
f 6115 6191 6114
f 6653 6655 6656
f 6657 6189 6658
f 6117 6659 6118
f 6130 6156 6131
f 6133 6151 6134
f 6661 6662 6660
f 6663 6616 6552
f 6664 6273 6665
f 6418 6432 6431
f 6290 6328 6291
f 6666 6556 6612
f 6557 3805 3737
f 5971 6668 5968
f 6181 6670 6178
f 6671 6673 6674
f 6676 6672 6675
f 6675 6149 6676
f 6067 5999 5998
f 6677 6679 6680
f 6681 6683 6684
f 6087 6090 6089
f 5983 6685 6686
f 5982 6687 6685
f 6094 6688 6687
f 6211 6137 6136
f 6689 6691 6692
f 6690 3833 3832
f 6001 6686 6002
f 5978 6215 5979
f 6694 5978 6095
f 5974 6095 6695
f 6183 6696 6697
f 6698 5961 6218
f 5959 6699 5956
f 6697 6700 6701
f 6702 6703 6704
f 5968 6705 5969
f 6706 5955 5954
f 6707 6617 6708
f 6024 6709 6710
f 6402 6559 6425
f 3852 6712 3853
f 3856 6593 3857
f 5977 6694 5974
f 6713 5977 5976
f 6714 6716 6717
f 6718 6308 6250
f 6720 6254 6721
f 6722 6724 6725
f 6312 6726 6727
f 6069 6728 6729
f 6319 6730 6086
f 6731 6644 6732
f 6732 6734 6731
f 6046 6320 6047
f 3880 6666 6735
f 6736 6738 6739
f 6531 6741 6326
f 6300 6614 6613
f 6742 6325 6290
f 6743 3891 3890
f 6744 6301 6745
f 6746 6534 6533
f 6536 6579 6535
f 6535 6563 6537
f 6566 6537 6563
f 6538 6409 6539
f 6412 6539 6409
f 6412 6541 6540
f 6748 6542 6541
f 6749 6545 6542
f 6568 6547 6543
f 6751 6548 6546
f 6753 6550 6549
f 6755 6757 6758
f 6759 6761 6762
f 6763 6765 6762
f 6764 6623 6765
f 6766 6768 6769
f 6770 6772 6773
f 6774 6776 6777
f 6021 6777 6022
f 6723 6779 6724
f 6780 6782 6783
f 6784 6786 6787
f 6788 6790 6791
f 6185 6793 6186
f 6794 6725 6795
f 6729 6098 6097
f 6135 6798 6132
f 6799 6065 6800
f 6037 6802 6038
f 6005 6588 6586
f 6005 6804 6006
f 6052 6010 6805
f 6586 6803 6005
f 6092 5987 6089
f 6094 5985 6092
f 6096 6695 6095
f 6082 6799 6585
f 6657 6041 6659
f 6013 6658 6014
f 6795 6807 6808
f 6809 6811 6812
f 6813 6815 6816
f 6817 6819 6820
f 6821 6823 6824
f 6329 6204 6217
f 6202 6826 6203
f 6072 6827 6828
f 6598 6305 6304
f 6301 6613 6663
f 6830 6271 6270
f 6822 6778 6823
f 6326 6832 6327
f 6203 6833 6216
f 6027 6051 6024
f 6360 6835 6357
f 6836 6838 6839
f 6837 6841 6838
f 6362 6366 6363
f 6380 6384 6381
f 6421 6578 6842
f 6566 6410 6409
f 6394 6388 6391
f 6414 6368 6367
f 6371 6416 6413
f 6561 6378 6382
f 6382 6562 6561
f 6381 6418 6562
f 6389 6430 6431
f 6391 6454 6441
f 6441 6453 6456
f 6456 6473 6574
f 6495 6750 6568
f 6843 6485 6484
f 6844 6843 6846
f 6573 6847 6848
f 6849 6487 6486
f 6513 6752 6469
f 6517 6850 6503
f 6521 6851 6850
f 6844 6852 6853
f 6505 6510 6509
f 6753 6512 6754
f 6516 6521 6517
f 6614 6854 6615
f 6742 4003 3891
f 6708 6855 6856
f 6307 6857 6858
f 6307 6665 6304
f 6414 6425 6559
f 6416 6427 6426
f 6562 6431 6430
f 6419 6538 6434
f 6358 6839 6359
f 6059 6859 6860
f 6861 6863 6864
f 6865 6867 6868
f 6115 6869 6870
f 6871 6873 6874
f 6721 6596 6875
f 6876 6556 6555
f 6877 6552 6551
f 6551 6268 6877
f 6879 6265 6269
f 6239 6651 6336
f 6230 6619 6226
f 6171 6669 6880
f 6106 6882 6881
f 6883 6822 6821
f 6759 6187 6174
f 6725 6785 6807
f 6885 6808 6791
f 6886 6888 6031
f 6701 6756 6755
f 6884 6779 6822
f 6715 6309 6308
f 6889 6890 6891
f 6743 4042 6892
f 6270 6893 6830
f 6386 6895 6383
f 6895 6420 6896
f 6897 6417 6896
f 6897 6407 6898
f 6390 6899 6387
f 6900 6406 6449
f 6455 6901 6452
f 6902 6904 6471
f 6482 6905 6483
f 6501 6907 6502
f 6496 6908 6909
f 6532 6326 6325
f 6532 6743 6529
f 6612 6735 6666
f 6611 6910 6612
f 6626 5979 6213
f 6704 6105 6702
f 6913 6591 6914
f 6915 6795 6885
f 6229 4067 4066
f 6263 6289 6619
f 6745 6663 6877
f 6916 6757 6917
f 6885 6165 6915
f 6920 6783 6919
f 6921 6923 6924
f 6925 6924 6926
f 6927 6929 6930
f 6931 6933 6934
f 6935 6937 6938
f 6939 6941 6942
f 6943 6945 6946
f 6947 6949 6950
f 6944 6951 6952
f 6953 6955 6956
f 6957 6959 6960
f 6961 6929 6963
f 6964 6966 6967
f 6968 6970 6971
f 6969 6955 6970
f 6972 6946 6973
f 6974 6976 6977
f 6978 6980 6981
f 6940 6982 6983
f 6984 6986 6987
f 6988 6990 6991
f 6992 6989 6993
f 6994 6996 6997
f 6998 7000 7001
f 7002 7004 7005
f 7006 7008 7009
f 7010 7012 7013
f 7014 7016 7017
f 7018 6999 6998
f 7020 7022 7023
f 7024 7026 7027
f 7028 7030 7031
f 7032 7034 7035
f 7003 7036 7037
f 7038 7040 7027
f 6993 7030 7041
f 7042 7044 7045
f 7046 7007 7006
f 7011 7048 7049
f 7050 7052 7053
f 7054 7014 7055
f 7015 7056 7057
f 6621 7045 7044
f 7049 6775 6774
f 7051 6021 6020
f 7055 6701 7054
f 7054 6755 7056
f 6764 7047 7046
f 7020 7059 7013
f 7060 7062 7063
f 6958 7065 6959
f 6925 7067 6973
f 7068 6934 6926
f 7069 6991 7070
f 7071 7072 7073
f 7074 7076 7077
f 7078 7080 7081
f 7014 7082 7083
f 7084 7086 7087
f 7025 7031 7026
f 7085 7072 7088
f 7089 7087 7090
f 7055 7083 7091
f 7090 6770 6773
f 7092 7094 7095
f 7091 6697 7055
f 6770 7086 6758
f 7095 6767 6766
f 7096 6980 7097
f 7098 6940 7099
f 7058 7023 7100
f 7101 6930 7102
f 6974 7063 6967
f 7103 6971 7104
f 7105 6981 6977
f 7106 7036 7108
f 7109 7010 7110
f 7111 7018 7034
f 7098 7037 7100
f 7048 7112 6775
f 7113 7041 6997
f 6994 7115 7088
f 6965 6923 6966
f 6975 6945 6976
f 7061 7065 7062
f 6954 6933 6963
f 6763 7109 7047
f 7046 6620 6764
f 6947 7067 6956
f 6758 7056 6755
f 7118 7039 7038
f 7038 7070 7118
f 7106 7121 7122
f 7123 7053 7052
f 7123 7083 7082
f 7045 7006 7042
f 7107 7122 7009
f 7091 7052 7051
f 7091 6020 6183
f 6936 7097 6937
f 7125 6960 7102
f 6774 7050 7049
f 7119 6942 7039
f 7019 7005 6999
f 7011 7124 7012
f 7021 7040 7022
f 7114 7016 7115
f 7053 7049 7050
f 7086 7057 7056
f 6993 7127 6992
f 7075 7113 7076
f 4281 6603 7128
f 6012 7129 6040
f 7130 6584 7131
f 6797 7133 6798
f 6074 7135 6075
f 6789 6173 6790
f 6760 6776 6761
f 7136 6801 6589
f 6914 6674 6913
f 7007 7059 7008
f 7099 7003 7098
f 6984 7104 6938
f 7110 7047 7109
f 6333 6587 7129
f 5956 6667 5971
f 5957 5971 5970
f 7137 6308 6719
f 4292 6718 6250
f 6693 6668 6215
f 6215 6667 6214
f 6214 6699 6212
f 6698 6212 6699
f 6219 6198 6218
f 6207 6220 6208
f 6220 6609 6208
f 6262 4066 4003
f 7138 7140 7141
f 4298 7140 4299
f 7143 7145 7146
f 7147 7144 7149
f 7149 7151 7147
f 7150 7153 7151
f 6329 7154 7152
f 6261 7155 7154
f 7156 7157 7158
f 6598 7159 7160
f 6257 7161 7162
f 6256 4321 7161
f 6693 6706 6705
f 5954 6705 6706
f 5953 5969 5954
f 7163 5983 6912
f 7164 6138 7166
f 7167 7169 7170
f 6141 7172 6142
f 7166 7173 7164
f 6141 7174 7175
f 7176 7178 7179
f 7180 7182 7183
f 7184 7186 7187
f 6631 7183 7188
f 6218 6197 6698
f 6625 7189 6624
f 6814 7190 7191
f 6882 7193 7194
f 7195 6109 6108
f 6888 7198 7199
f 7200 7202 7203
f 7176 6630 7204
f 6029 7187 6030
f 7205 7207 7208
f 7209 7211 7212
f 7203 7213 7214
f 6886 6778 6723
f 6031 7215 6886
f 7216 7218 7219
f 7220 6880 6669
f 6076 7220 7222
f 6074 6672 6671
f 6147 6662 7223
f 7223 6111 6110
f 6810 6113 6112
f 6920 6914 6591
f 6077 6675 6672
f 6660 6076 6661
f 7222 6669 6181
f 7224 6181 6180
f 6660 6150 6675
f 7225 6794 6915
f 6783 7225 6164
f 6781 6068 6067
f 7217 7228 7218
f 6031 7199 6028
f 6887 6723 6722
f 6164 6915 6165
f 6780 6591 6068
f 7134 6671 6914
f 7229 6824 6823
f 7187 7230 7229
f 7226 6722 6794
f 7231 6169 7233
f 7201 7233 7202
f 6107 7235 7200
f 7215 6823 6778
f 6030 7229 7215
f 7236 7219 7179
f 7237 6820 6819
f 7237 7207 7238
f 7239 7241 7242
f 6739 7244 6736
f 7245 7242 7246
f 7233 6168 7247
f 7247 7202 7233
f 7195 7203 7214
f 7248 7250 6703
f 7227 7252 7228
f 7253 5998 7251
f 6067 7198 6781
f 6781 7197 6782
f 5984 6683 5986
f 7254 6678 6684
f 6679 7252 5997
f 6887 7197 6888
f 6782 7226 7225
f 7135 6163 7221
f 7221 6075 7135
f 6661 7222 7224
f 7224 6111 6661
f 6180 6112 7224
f 6179 6810 6180
f 6811 6793 6649
f 6650 6622 6769
f 6766 7044 7095
f 7095 7043 7092
f 7092 7121 7081
f 7078 7255 7033
f 7256 7257 7258
f 6768 7259 6647
f 6773 7094 7090
f 7090 7093 7089
f 7089 7080 7073
f 7071 7032 7260
f 7077 6998 7074
f 6995 7260 6996
f 7077 7261 7035
f 7035 7018 7077
f 7108 7111 7255
f 6978 7262 7001
f 7105 7264 7262
f 7263 6952 7264
f 6990 6951 7265
f 6972 7266 7265
f 7117 6950 7266
f 6948 7267 6949
f 6969 6982 7267
f 7103 6987 6983
f 7005 6986 7268
f 6999 7268 7000
f 7269 7271 7272
f 7274 7275 7273
f 7274 7276 7277
f 7278 7280 7281
f 7282 7284 7285
f 7286 7288 7289
f 7290 7292 7293
f 7294 7296 7293
f 7068 7298 7299
f 7300 7302 7303
f 7304 7305 7306
f 7307 7305 7308
f 7309 7283 7310
f 7311 7313 7314
f 7125 7306 7315
f 7285 7280 7282
f 7277 7303 7302
f 6965 7316 7317
f 7318 7316 7319
f 7320 7271 7314
f 7312 7296 7313
f 7270 7298 7322
f 7311 7322 7317
f 6961 7300 7308
f 7323 7325 7326
f 7327 7328 7329
f 7064 7325 7328
f 7287 7292 7288
f 6931 7299 7301
f 7331 7329 7319
f 7332 7334 7335
f 7336 7338 7339
f 7340 7333 7332
f 7342 7343 7344
f 7345 7347 7344
f 7348 7350 7351
f 7352 7354 7355
f 7356 7358 7359
f 7360 7362 7363
f 7365 7367 7364
f 7368 7370 7371
f 7372 7336 7374
f 7373 7337 7336
f 7367 7376 7377
f 7378 7380 7381
f 7382 7384 7385
f 7386 7385 7384
f 7388 7390 7391
f 7392 7333 7393
f 7394 7396 7397
f 7398 7400 7401
f 7402 7404 7405
f 7406 7408 7409
f 7410 7383 7382
f 7412 7414 7415
f 7385 7417 7382
f 7389 7419 7390
f 7373 7421 7375
f 7420 7372 7422
f 7369 7424 7370
f 7399 7397 7425
f 7393 7341 7342
f 7398 7357 7426
f 7358 7401 7427
f 7428 7430 7431
f 7433 7435 7432
f 7363 7436 7437
f 7383 7439 7384
f 7411 7438 7383
f 7441 7443 7444
f 7445 7339 7447
f 7374 7339 7446
f 7444 7364 7448
f 7448 7450 7449
f 7364 7451 7450
f 7451 7377 7452
f 7449 7454 7453
f 7455 7450 7451
f 7456 7451 7452
f 7410 7458 7459
f 7460 7462 7369
f 7423 7462 7463
f 7464 7466 7467
f 7468 7347 7470
f 7376 7471 7472
f 7425 7396 7473
f 7475 7477 7474
f 7478 7480 7481
f 7482 7407 7406
f 7484 7351 7486
f 7487 7488 7489
f 7490 7492 7493
f 7412 7434 7433
f 7494 7434 7415
f 7496 7391 7497
f 7440 7498 7499
f 7401 7488 7500
f 7485 7345 7501
f 7500 7427 7401
f 7395 7469 7468
f 7503 7505 7506
f 7507 7509 7510
f 7511 7513 7514
f 7511 7515 7516
f 7517 7519 7520
f 7521 7523 7355
f 7352 7525 7526
f 7415 7527 7494
f 7528 7530 7486
f 7404 7502 7500
f 7477 7496 7532
f 7512 7481 7513
f 7405 7500 7488
f 7533 7535 7536
f 7378 7510 7537
f 7532 7379 7538
f 7539 7541 7542
f 7524 7355 7523
f 7351 7501 7348
f 7414 7523 7527
f 7522 7527 7523
f 7544 7412 7545
f 7546 7547 7548
f 7526 7353 7352
f 7550 7355 7354
f 7521 7551 7548
f 7552 7548 7551
f 7546 7553 7554
f 7522 7548 7547
f 7418 7520 7555
f 7416 7554 7417
f 7457 7558 7458
f 7557 7560 7558
f 7535 7561 7562
f 7562 7563 7564
f 7564 7349 7348
f 7351 7565 7486
f 7567 7569 7566
f 7570 7520 7519
f 7419 7555 7571
f 7572 7348 7501
f 7389 7556 7418
f 7573 7493 7480
f 7552 7534 7553
f 7562 7536 7535
f 7572 7576 7574
f 7422 7578 7420
f 7423 7580 7424
f 7579 7463 7581
f 7578 7576 7582
f 7583 7381 7380
f 7586 7581 7585
f 7533 7579 7586
f 7447 7338 7587
f 7588 7531 7589
f 7590 7431 7591
f 7321 7592 7585
f 7275 7463 7273
f 7461 7276 7462
f 7279 7461 7453
f 7453 7593 7279
f 7594 7454 7455
f 7330 7498 7459
f 7459 7294 7330
f 7558 7595 7295
f 7560 7320 7595
f 7275 7585 7581
f 7462 7273 7463
f 7596 7380 7497
f 7597 7406 7409
f 7467 7599 7600
f 7601 7603 7604
f 7605 7444 7443
f 7365 7606 7366
f 7607 7494 7608
f 7513 7473 7396
f 7396 7514 7513
f 7514 7468 7515
f 7470 7515 7468
f 7610 7609 7470
f 7612 7476 7475
f 7613 7529 7614
f 7442 7615 7616
f 7343 7617 7618
f 7574 7577 7536
f 7619 7399 7491
f 7518 7509 7519
f 7491 7425 7492
f 7549 7621 7565
f 7491 7622 7619
f 7377 7440 7452
f 7379 7497 7380
f 7453 7460 7449
f 7411 7459 7498
f 7623 7391 7390
f 7625 7610 7484
f 7487 7483 7626
f 7619 7408 7489
f 7627 7620 7549
f 7538 7378 7537
f 7389 7477 7476
f 7629 7412 7433
f 7489 7407 7487
f 7628 7598 7597
f 7413 7524 7414
f 7592 7559 7630
f 7584 7632 7381
f 7569 7633 7571
f 7570 7566 7569
f 7631 7566 7632
f 7508 7519 7509
f 7614 7480 7613
f 7346 7470 7347
f 7572 7562 7564
f 7571 7634 7419
f 7346 7484 7610
f 7607 7431 7495
f 7585 7630 7586
f 7624 7497 7391
f 7635 7384 7439
f 7636 7502 7588
f 7323 7310 7289
f 7420 7582 7421
f 7637 7455 7456
f 7287 7499 7498
f 7458 7295 7294
f 7439 7472 7635
f 7599 7604 7600
f 7359 7427 7636
f 7436 7639 7437
f 7490 7640 7622
f 7481 7493 7473
f 7641 7505 7525
f 7642 7627 7644
f 7492 7473 7493
f 7517 7625 7530
f 7625 7486 7530
f 7634 7390 7419
f 7474 7532 7516
f 7448 7441 7444
f 7368 7449 7460
f 7615 7368 7371
f 7638 7602 7639
f 7575 7501 7345
f 7571 7570 7569
f 7400 7489 7488
f 7508 7632 7566
f 7503 7540 7539
f 6957 7315 7326
f 7376 7438 7377
f 7507 7381 7632
f 7499 7452 7440
f 7286 7456 7499
f 7504 7644 7505
f 7368 7460 7369
f 7645 7627 7643
f 7647 7633 7646
f 7647 7623 7634
f 7649 7623 7648
f 7650 7624 7649
f 7646 7568 7651
f 7651 7567 7652
f 7653 7567 7631
f 7651 7655 7646
f 7656 7658 7659
f 7660 7657 7661
f 7663 7656 7662
f 7664 7663 7666
f 7667 7663 7662
f 7667 7668 7655
f 7663 7661 7657
f 7670 7672 7669
f 7661 7671 7660
f 7659 7662 7656
f 7648 7668 7659
f 7648 7673 7649
f 7659 7674 7673
f 7658 7675 7674
f 7668 7646 7655
f 7660 7676 7675
f 7675 7678 7674
f 7677 7676 7679
f 7677 7681 7678
f 7682 7678 7681
f 7677 7684 7680
f 7673 7678 7683
f 7683 7649 7673
f 7685 7671 7670
f 7667 7686 7666
f 7666 7687 7664
f 7654 7686 7655
f 7689 7686 7688
f 7664 7691 7690
f 7650 7583 7596
f 7693 7631 7584
f 7584 7692 7693
f 7693 7682 7694
f 7694 7681 7695
f 7694 7653 7693
f 7650 7682 7692
f 7696 7652 7653
f 7654 7652 7697
f 7688 7697 7698
f 7699 7697 7696
f 7700 7698 7699
f 7695 7696 7694
f 7699 7702 7700
f 7689 7698 7701
f 7689 7703 7704
f 7705 7707 7703
f 7701 7705 7703
f 7704 7707 7685
f 7685 7691 7704
f 7687 7704 7691
f 7680 7695 7681
f 7684 7702 7680
f 7702 7705 7700
f 7684 7707 7706
f 7676 7707 7679
f 7665 7672 7661
f 7670 7690 7691
f 7665 7690 7669
f 7611 7474 7609
f 7510 7479 7478
f 7511 7537 7512
f 7516 7538 7511
f 7517 7613 7518
f 7537 7478 7512
f 7611 7612 7475
f 7613 7479 7518
f 7556 7517 7520
f 7516 7609 7474
f 7708 7710 7711
f 7712 7714 7715
f 7713 7717 7714
f 7719 7721 7718
f 7722 7597 7409
f 7724 7715 7725
f 7726 7728 7729
f 7731 7573 7730
f 7730 7614 7732
f 7733 7735 7736
f 7721 7724 7737
f 7731 7409 7640
f 7708 7729 7738
f 7737 7709 7739
f 7716 7736 7740
f 7742 7744 7745
f 7740 7735 7746
f 7717 7740 7747
f 7716 7720 7741
f 7748 7711 7710
f 7750 7710 7725
f 7720 7751 7741
f 7734 7728 7735
f 7709 7725 7710
f 7752 7715 7714
f 7739 7708 7738
f 7720 7712 7721
f 7749 7755 7711
f 7745 7756 7747
f 7746 7742 7745
f 7743 7755 7754
f 7727 7735 7728
f 7747 7757 7717
f 7753 7725 7715
f 7751 7620 7733
f 7757 7714 7717
f 7718 7737 7732
f 7747 7746 7745
f 7727 7755 7742
f 7726 7711 7755
f 7759 7756 7758
f 7759 7752 7757
f 7760 7753 7752
f 7761 7750 7753
f 7758 7744 7763
f 7763 7743 7764
f 7754 7764 7743
f 7763 7767 7758
f 7768 7770 7771
f 7772 7771 7773
f 7775 7772 7774
f 7776 7775 7778
f 7779 7775 7774
f 7775 7769 7768
f 7770 7781 7780
f 7782 7772 7773
f 7760 7782 7773
f 7760 7783 7761
f 7773 7784 7783
f 7770 7784 7771
f 7779 7782 7767
f 7782 7758 7767
f 7785 7780 7786
f 7785 7788 7784
f 7787 7786 7789
f 7787 7791 7788
f 7792 7788 7791
f 7787 7794 7790
f 7793 7784 7788
f 7762 7783 7793
f 7796 7780 7795
f 7795 7781 7797
f 7779 7798 7778
f 7799 7778 7798
f 7766 7798 7767
f 7800 7799 7798
f 7802 7799 7803
f 7795 7802 7803
f 7762 7748 7750
f 7805 7754 7749
f 7749 7804 7805
f 7805 7792 7806
f 7806 7791 7807
f 7806 7765 7805
f 7793 7804 7762
f 7808 7764 7765
f 7766 7764 7809
f 7766 7810 7800
f 7811 7809 7808
f 7812 7810 7811
f 7807 7808 7806
f 7811 7814 7812
f 7813 7800 7810
f 7801 7815 7816
f 7817 7819 7815
f 7813 7817 7815
f 7816 7819 7796
f 7796 7803 7816
f 7799 7816 7803
f 7790 7807 7791
f 7794 7814 7790
f 7814 7817 7812
f 7794 7819 7818
f 7786 7819 7789
f 7777 7781 7769
f 7777 7802 7797
f 7528 7718 7529
f 7729 7723 7722
f 7738 7730 7739
f 7732 7739 7730
f 7733 7628 7734
f 7722 7738 7729
f 7621 7719 7528
f 7628 7723 7734
f 7733 7741 7751
f 7732 7529 7718
f 7486 7621 7528
f 7549 7350 7353
f 7353 7349 7354
f 7354 7563 7550
f 7821 7823 7820
f 7824 7826 7827
f 7825 7829 7826
f 7830 7832 7833
f 7834 7827 7835
f 7836 7838 7839
f 7840 7406 7841
f 7841 7598 7842
f 7843 7845 7846
f 7833 7834 7847
f 7848 7836 7839
f 7847 7821 7849
f 7828 7846 7850
f 7853 7855 7852
f 7850 7845 7856
f 7829 7850 7857
f 7828 7832 7851
f 7858 7823 7822
f 7860 7822 7835
f 7831 7851 7832
f 7844 7838 7845
f 7834 7822 7821
f 7863 7827 7826
f 7849 7820 7848
f 7825 7833 7832
f 7859 7866 7823
f 7855 7867 7857
f 7837 7855 7856
f 7865 7852 7866
f 7837 7845 7838
f 7857 7868 7829
f 7864 7835 7827
f 7843 7642 7504
f 7868 7826 7829
f 7830 7847 7842
f 7857 7856 7855
f 7837 7866 7852
f 7836 7823 7866
f 7870 7867 7869
f 7870 7863 7868
f 7871 7864 7863
f 7872 7860 7864
f 7869 7854 7874
f 7874 7853 7875
f 7876 7853 7865
f 7874 7878 7869
f 7879 7881 7882
f 7883 7882 7884
f 7886 7883 7885
f 7887 7886 7889
f 7890 7886 7885
f 7886 7880 7879
f 7891 7880 7892
f 7884 7885 7883
f 7871 7893 7884
f 7871 7894 7872
f 7884 7895 7894
f 7882 7896 7895
f 7890 7893 7878
f 7893 7869 7878
f 7881 7897 7896
f 7898 7895 7896
f 7900 7896 7897
f 7901 7899 7898
f 7904 7902 7903
f 7898 7905 7901
f 7894 7899 7904
f 7904 7872 7894
f 7907 7891 7906
f 7906 7892 7908
f 7890 7909 7889
f 7910 7889 7909
f 7877 7909 7878
f 7912 7909 7911
f 7887 7914 7913
f 7906 7913 7914
f 7873 7858 7860
f 7916 7865 7859
f 7859 7915 7916
f 7916 7903 7917
f 7917 7902 7918
f 7917 7876 7916
f 7873 7903 7915
f 7919 7875 7876
f 7877 7875 7920
f 7911 7920 7921
f 7922 7920 7919
f 7923 7921 7922
f 7918 7919 7917
f 7922 7925 7923
f 7924 7911 7921
f 7912 7926 7927
f 7928 7930 7926
f 7924 7928 7926
f 7927 7930 7907
f 7907 7914 7927
f 7910 7927 7914
f 7901 7918 7902
f 7905 7925 7901
f 7925 7928 7923
f 7905 7930 7929
f 7897 7930 7900
f 7888 7892 7880
f 7888 7913 7908
f 7645 7831 7830
f 7839 7862 7931
f 7841 7848 7840
f 7842 7849 7841
f 7504 7844 7843
f 7839 7840 7848
f 7643 7861 7831
f 7503 7862 7844
f 7846 7861 7843
f 7842 7645 7830
f 7932 7934 7935
f 7936 7938 7939
f 7937 7941 7938
f 7942 7944 7945
f 7947 7949 7946
f 7950 7939 7951
f 7953 7955 7952
f 7956 7958 7959
f 7956 7540 7960
f 7962 7964 7961
f 7936 7965 7945
f 7946 7958 7957
f 7966 7952 7955
f 7965 7933 7967
f 7968 7969 7964
f 7970 7972 7973
f 7974 7964 7963
f 7941 7968 7975
f 7940 7944 7969
f 7976 7935 7934
f 7978 7934 7951
f 7943 7969 7944
f 7947 7963 7962
f 7933 7951 7934
f 7980 7939 7938
f 7967 7932 7966
f 7937 7945 7944
f 7977 7983 7935
f 7973 7984 7975
f 7953 7973 7974
f 7982 7970 7983
f 7974 7954 7953
f 7975 7985 7941
f 7981 7951 7939
f 7961 7544 7545
f 7985 7938 7941
f 7942 7965 7960
f 7975 7974 7973
f 7952 7970 7953
f 7952 7935 7983
f 7987 7984 7986
f 7987 7980 7985
f 7988 7981 7980
f 7989 7978 7981
f 7986 7972 7991
f 7991 7971 7992
f 7993 7971 7982
f 7986 7994 7995
f 7997 7999 7996
f 8000 7999 8001
f 8003 8000 8002
f 8005 8006 8004
f 8007 8003 8002
f 7996 8005 7997
f 7998 8009 8008
f 8010 8000 8001
f 7988 8010 8001
f 7988 8011 7989
f 8011 7999 8012
f 7998 8012 7999
f 8007 8010 7995
f 8010 7986 7995
f 8013 8008 8014
f 8015 8012 8013
f 8017 8013 8014
f 8018 8016 8015
f 8021 8019 8020
f 8015 8022 8018
f 8011 8016 8021
f 8021 7989 8011
f 8023 8014 8008
f 8023 8009 8025
f 8007 8026 8006
f 8026 8004 8006
f 8028 7995 7994
f 8029 8026 8028
f 8030 8027 8031
f 8023 8030 8031
f 7990 7976 7978
f 8033 7982 7977
f 7976 8033 7977
f 8034 8032 8020
f 8035 8020 8019
f 8034 7993 8033
f 7990 8020 8032
f 8036 7992 7993
f 7991 8037 7994
f 7994 8038 8028
f 8039 8037 8036
f 8040 8038 8039
f 8035 8036 8034
f 8039 8042 8040
f 8041 8028 8038
f 8029 8043 8044
f 8045 8047 8043
f 8041 8045 8043
f 8044 8047 8024
f 8024 8031 8044
f 8027 8044 8031
f 8042 8019 8018
f 8022 8042 8018
f 8042 8045 8040
f 8017 8046 8022
f 8014 8047 8017
f 8005 8009 7997
f 8005 8030 8025
f 7506 7943 7942
f 7954 7946 7955
f 7967 7957 7956
f 7960 7967 7956
f 7948 7962 8048
f 7955 7957 7966
f 7641 7979 7943
f 7969 7961 7964
f 7960 7506 7942
f 7362 8050 7436
f 8052 7464 8051
f 8051 7467 8053
f 8054 7600 7604
f 8056 7618 8052
f 7436 8057 7638
f 8049 7361 8056
f 8057 7603 7638
f 8055 7467 7600
f 8058 7604 7603
f 8059 8058 8057
f 8060 8054 8058
f 8061 8055 8054
f 8062 8053 8055
f 8059 8050 8064
f 8064 8049 8065
f 8056 8065 8049
f 8059 8067 8068
f 8069 8071 8072
f 8073 8072 8074
f 8075 8073 8076
f 8077 8075 8076
f 8075 8070 8069
f 8079 8081 8070
f 8082 8070 8081
f 8083 8073 8074
f 8061 8083 8074
f 8061 8084 8062
f 8074 8085 8084
f 8072 8086 8085
f 8077 8083 8068
f 8083 8059 8068
f 8071 8087 8086
f 8088 8085 8086
f 8090 8086 8087
f 8091 8089 8088
f 8094 8092 8093
f 8088 8095 8091
f 8084 8089 8094
f 8094 8062 8084
f 8097 8082 8096
f 8096 8081 8080
f 8077 8098 8078
f 8099 8078 8098
f 8101 8068 8067
f 8102 8098 8101
f 8100 8104 8103
f 8096 8103 8104
f 8075 8100 8079
f 8079 8103 8080
f 8105 8053 8063
f 8066 8052 8106
f 8051 8106 8052
f 8107 8105 8093
f 8108 8093 8092
f 8107 8066 8106
f 8063 8093 8105
f 8109 8065 8066
f 8064 8110 8067
f 8067 8111 8101
f 8112 8110 8109
f 8113 8111 8112
f 8108 8109 8107
f 8112 8115 8113
f 8114 8101 8111
f 8102 8116 8117
f 8118 8120 8116
f 8114 8118 8116
f 8117 8120 8097
f 8097 8104 8117
f 8099 8117 8104
f 8091 8108 8092
f 8095 8115 8091
f 8115 8118 8113
f 8095 8120 8119
f 8087 8120 8090
f 7550 7561 7551
f 7552 7561 7535
f 7931 7539 7542
f 7640 7408 7622
f 7549 7644 7627
f 7525 7544 7641
f 7931 7482 7840
f 7483 7542 7541
f 7626 7405 7487
f 7629 7432 8121
f 7629 7949 7948
f 8122 7949 8121
f 8123 8121 7432
f 8124 7432 7435
f 7434 8125 7435
f 8125 8124 7435
f 8124 7429 8126
f 8123 8126 8127
f 8122 8127 8128
f 7541 7959 8128
f 7404 8129 7531
f 8125 7431 7430
f 7526 7505 7644
f 7626 7541 8128
f 7959 8122 8128
f 7961 8048 7962
f 7629 8048 7545
f 8127 7626 8128
f 7402 8126 7403
f 8129 8126 7429
f 7428 8129 7429
f 7589 7428 7590
f 7471 7366 7606
f 7334 7426 7357
f 7335 7357 7356
f 7616 7446 7445
f 7392 7398 7426
f 7393 7397 7392
f 7342 7394 7393
f 7344 7469 7342
f 7343 7361 7360
f 7360 7344 7343
f 7363 7345 7360
f 7437 7575 7363
f 7582 7437 7639
f 7421 7639 7602
f 7375 7602 7601
f 7599 7375 7601
f 7465 7618 7617
f 7332 7587 7340
f 7447 7335 7445
f 7445 7356 7616
f 7359 7616 7356
f 7636 7442 7359
f 7588 7443 7636
f 7589 7605 7588
f 7590 7606 7589
f 7471 7591 7472
f 7446 7371 7374
f 7371 7372 7374
f 7422 7370 7424
f 7577 7424 7580
f 7536 7580 7533
f 7591 7635 7472
f 7607 7386 7635
f 7543 7494 7527
f 7547 7543 7522
f 7608 7387 7386
f 7387 7416 7385
f 7457 7382 7417
f 7557 7417 7554
f 7559 7554 7553
f 7630 7553 7534
f 7534 7586 7630
f 7466 7337 7599
f 7465 7338 7466
f 7617 7587 7465
f 7341 7617 7343
f 8130 6090 8131
f 6023 8132 8133
f 6182 8133 6784
f 6623 6792 6185
f 6787 6182 6784
f 8134 6696 6787
f 6917 6756 8135
f 6762 7112 6763
f 6762 6184 6759
f 6765 6185 6184
f 6650 6768 6647
f 6772 6916 7259
f 6777 6789 6788
f 6022 6788 8132
f 6756 8134 8135
f 6758 6771 6770
f 6761 6775 7112
f 6769 6621 6766
f 6772 6767 6773
f 6174 6760 6759
f 6187 6178 6670
f 6811 6648 6812
f 6786 6724 6779
f 6791 6918 6885
f 6186 6179 6178
f 6808 8133 8132
f 6884 8135 8134
f 6174 6670 6171
f 6807 6784 8133
f 6791 8132 6788
f 6786 8134 6787
f 6790 6172 6918
f 6649 6792 6650
f 6316 8136 6717
f 8137 6654 8138
f 8139 6601 6160
f 6656 6580 6870
f 6868 8142 6865
f 6316 6711 6313
f 6864 8144 6861
f 6864 8145 6860
f 6868 6869 6710
f 6656 6866 6653
f 8146 8148 8149
f 8139 8151 6640
f 8152 6866 6865
f 8154 8138 6654
f 6874 8156 8157
f 8158 8159 6805
f 8160 6865 8142
f 8161 6313 6711
f 6161 8162 8163
f 8164 6654 6653
f 8153 6653 6866
f 8165 8167 8168
f 8166 8169 8167
f 5989 8170 8169
f 5988 8171 8170
f 8172 6043 6042
f 8174 6032 6035
f 8174 6098 8176
f 8176 6796 8177
f 8177 8178 8179
f 7132 6728 7133
f 6589 8180 7136
f 8180 6004 8181
f 8181 6007 8182
f 6334 6731 6734
f 6079 6645 6731
f 6078 6646 6645
f 6085 8184 6646
f 6091 8185 6093
f 6086 8183 6085
f 6950 7118 7070
f 6952 6992 7127
f 6983 6968 7103
f 6987 7004 7099
f 7001 6979 6978
f 7001 7074 6998
f 7262 7075 7074
f 7264 7127 7075
f 7265 6943 6972
f 7265 6991 6990
f 7266 7070 6991
f 6949 7119 7118
f 7267 6939 7119
f 6983 7099 6940
f 7268 6985 8186
f 7000 8186 6979
f 6938 6985 6984
f 6946 6922 6921
f 6956 6948 6947
f 6971 6928 6927
f 6970 6954 6928
f 6973 6921 6925
f 6977 7263 7105
f 6981 7061 7060
f 6973 7117 6972
f 7097 6979 8186
f 7104 6927 7101
f 6977 7060 6974
f 6976 6944 7263
f 6956 7066 6953
f 6937 8186 6985
f 6938 7101 6935
f 6924 7116 7297
f 6926 7297 7068
f 6930 6962 7304
f 6934 6953 7066
f 6960 6936 6935
f 6963 6928 6954
f 6967 6975 6974
f 7063 7327 7331
f 6959 7096 6936
f 6926 7066 6925
f 7102 7304 7125
f 6967 7331 6964
f 6966 6922 6975
f 7062 7064 7327
f 6963 6932 6961
f 7102 6935 7101
f 7299 7269 8187
f 7301 6932 6931
f 7306 7285 7284
f 7308 6962 6961
f 7315 7284 7309
f 7317 7312 7311
f 7319 6964 7331
f 7322 7297 7116
f 7317 7116 6965
f 7308 7303 7307
f 7326 6958 6957
f 7329 7291 7290
f 7328 7324 7291
f 7301 8187 7302
f 7319 7290 7318
f 7326 7309 7323
f 7272 7321 7275
f 7272 8187 7269
f 7274 7302 8187
f 7281 7307 7303
f 7283 7593 7594
f 7289 7324 7323
f 7293 7330 7294
f 7293 7318 7290
f 7310 7594 7637
f 7314 7595 7320
f 7282 7279 7593
f 7278 7277 7276
f 7314 7270 7311
f 7313 7295 7595
f 7288 7291 7324
f 7289 7637 7286
f 6003 6626 6136
f 6003 7165 6000
f 6690 8189 6691
f 6686 5981 5980
f 6685 6096 5981
f 6687 6806 6096
f 6002 5980 6626
f 6606 5351 5350
f 7164 8190 8191
f 8192 7174 8193
f 6015 8153 8152
f 6189 8155 8154
f 8157 6284 6283
f 6332 8152 8160
f 6593 6317 8161
f 6658 8154 8164
f 6014 8164 8153
f 6332 7131 6333
f 6805 6321 6052
f 6146 8162 6625
f 6607 8195 6604
f 8196 6125 8197
f 8198 7168 8199
f 8199 6633 8200
f 7177 8201 7178
f 8202 8204 8205
f 7208 7185 7205
f 7237 7186 7208
f 6819 7230 7237
f 6818 6824 6819
f 8206 6821 6818
f 8207 8135 8208
f 6917 8209 6916
f 8209 7259 6916
f 8210 6647 7259
f 6812 8212 7258
f 6809 7258 7257
f 6809 8213 6113
f 6113 8214 6110
f 7235 6110 8214
f 7223 7234 6147
f 6147 8215 6148
f 6148 8216 6153
f 8218 6158 8217
f 8219 6116 6119
f 6284 6116 6285
f 6188 8156 8155
f 8155 6873 8138
f 8138 6872 8137
f 8137 8148 6581
f 6193 6281 6190
f 6190 6278 6195
f 8220 8222 8223
f 8224 7139 7138
f 6223 8226 8227
f 6237 8228 8229
f 6238 8227 8230
f 6249 8231 8232
f 6253 8233 8234
f 6236 8221 8228
f 6331 8230 8235
f 6252 8236 8233
f 6222 8229 8226
f 6828 8237 8238
f 6280 8240 8241
f 8208 6883 8206
f 6648 8211 8212
f 6143 8242 8243
f 6624 8244 8242
f 8245 8247 8248
f 8249 8251 8252
f 7195 8254 7196
f 7214 8253 7195
f 8256 7214 7213
f 7243 8257 7244
f 7210 8257 7211
f 8259 6102 8260
f 8261 6121 8262
f 8178 8263 8179
f 7132 8264 8263
f 6797 8265 8264
f 6135 8266 8265
f 6134 8267 8266
f 6151 8268 8267
f 6154 8270 8268
f 8269 8272 8270
f 7194 8273 8274
f 7193 8275 8273
f 8249 8260 8276
f 8248 8278 8245
f 6129 8279 8280
f 7169 8197 6125
f 8198 8192 8197
f 7171 7175 7173
f 6589 7129 6587
f 6801 6040 7129
f 6037 6041 6040
f 6036 6659 6041
f 6131 6118 6659
f 6156 6119 6118
f 8218 6119 6155
f 8219 6815 6642
f 7191 6641 6814
f 8246 7189 7191
f 8245 8281 8282
f 8280 6288 6287
f 6125 7170 7169
f 6288 6602 6123
f 6126 6604 8195
f 8196 6605 6604
f 7174 6691 8189
f 6691 6139 6692
f 7171 8283 7172
f 7172 8284 6142
f 6139 8284 6692
f 8285 8287 8288
f 8211 8289 8286
f 8290 8292 8289
f 8293 8291 8290
f 8293 8208 8295
f 8296 8298 8295
f 6818 8296 8206
f 8285 7258 8212
f 7243 7212 7211
f 7243 8300 8299
f 8301 6739 6738
f 8302 7213 7247
f 8303 7247 6168
f 8304 6168 6167
f 6738 8297 8301
f 8288 6167 6170
f 8304 8291 8305
f 8305 8294 6737
f 6737 8306 8305
f 6736 8307 8306
f 8243 8308 8309
f 8242 8282 8308
f 8247 7191 7190
f 7196 8251 7192
f 8253 8311 8254
f 8255 8310 8253
f 8313 8255 8256
f 7244 8313 8307
f 8313 8258 8312
f 8312 8314 8310
f 8315 8310 8314
f 8311 8316 8252
f 8282 8317 8308
f 8308 8261 8309
f 8309 8262 8318
f 8248 8275 8276
f 8282 8246 8245
f 8307 8256 8302
f 8306 8302 8303
f 8305 8303 8304
f 8298 6737 8294
f 8287 8304 6167
f 7253 7199 7198
f 8319 6028 7199
f 8320 6029 6028
f 8321 7184 6029
f 8322 7185 7184
f 8203 7205 7185
f 8202 7206 7205
f 7239 7210 7209
f 7251 8319 7253
f 7227 8320 8319
f 7217 8321 8320
f 7216 8322 8321
f 7236 8203 8322
f 6175 8200 7204
f 7165 8191 6177
f 6137 7166 6138
f 6200 8283 6137
f 6199 8284 8283
f 8284 6205 6692
f 6205 6689 6692
f 6689 5485 3833
f 7009 8323 7107
f 7013 7021 7020
f 7017 7029 7028
f 7013 7110 7010
f 7073 7084 7089
f 7081 7093 7092
f 7082 7028 7025
f 7088 6995 6994
f 7088 7057 7085
f 7122 7043 7042
f 7124 7024 7126
f 7082 7024 7123
f 7009 7042 7006
f 7012 7126 7021
f 7115 7015 7057
f 7008 7058 8323
f 7081 7120 7078
f 7073 7079 7071
f 6997 7076 7113
f 7023 6942 6941
f 7027 7069 7038
f 7031 6989 6988
f 7079 7033 7032
f 7037 7107 8323
f 7027 7126 7024
f 7041 7029 7114
f 7026 6988 7069
f 7100 6941 7098
f 7108 7002 7019
f 7100 8323 7058
f 6997 7114 6994
f 7022 7039 6942
f 7111 7033 7255
f 7035 7260 7032
f 7261 6996 7260
f 7108 7120 7106
f 7245 8258 7210
f 7246 8314 7245
f 7181 8316 7182
f 8277 6129 8278
f 8278 8280 8281
f 6287 8281 8280
f 6122 8317 6287
f 5487 6144 5488
f 5489 6162 5490
f 6637 8325 8326
f 8326 8225 8224
f 5494 8225 5495
f 6160 8150 8139
f 5496 8151 5497
f 8163 6162 6161
f 6146 8327 8163
f 8243 6144 6143
f 8328 8309 8318
f 8318 5501 5500
f 8262 5502 5501
f 8329 8331 8332
f 8333 8335 8336
f 8338 6007 8337
f 8329 8339 8340
f 8341 6734 8330
f 6006 8337 6007
f 8342 6804 6800
f 6065 8339 8343
f 5995 8341 8340
f 6918 6166 6165
f 7221 6166 6880
f 6172 6880 6166
f 8344 5955 6713
f 5519 5975 5520
f 6806 8346 6695
f 6646 8347 6643
f 8165 8349 6323
f 6322 8131 6090
f 8345 6688 8351
f 6695 5975 5974
f 5976 5528 6713
f 5529 8131 5530
f 6643 8352 8168
f 8183 5532 8184
f 5534 8130 5529
f 6730 5533 8183
f 8351 6093 8185
f 5535 6594 3856
f 8353 6652 6651
f 8354 8355 8356
f 8357 6825 6202
f 8359 6202 6201
f 6224 8356 8360
f 6275 8362 6276
f 6201 7143 8359
f 7146 8359 7143
f 8357 8363 8364
f 8355 8366 8367
f 8361 8368 8362
f 8356 8367 8369
f 8370 8372 7142
f 8220 7145 8374
f 6275 6228 6231
f 5558 6228 6274
f 8375 8367 8366
f 8362 8376 8377
f 8378 8380 8381
f 8363 8382 8383
f 8384 8381 8385
f 8382 8386 8385
f 8383 8364 8363
f 6226 6231 6230
f 6231 8361 6275
f 6636 8389 8379
f 6635 8388 6636
f 8390 5576 5575
f 8379 6232 6636
f 8378 6233 6232
f 8384 8371 6233
f 8372 8393 7141
f 7138 8239 8224
f 8224 8394 8326
f 8146 8394 6282
f 6638 8326 8394
f 6340 6299 6298
f 6747 6577 6576
f 6344 6346 6345
f 6342 6355 6303
f 6353 6349 6297
f 6337 6369 8395
f 6360 6328 6327
f 6358 6386 6385
f 6364 6293 6295
f 6362 6376 6373
f 6366 6297 6296
f 6350 6372 6370
f 6533 6303 6302
f 6534 6346 6343
f 6744 6533 6302
f 6536 6747 6576
f 6357 6894 6386
f 6341 6832 6355
f 6839 6292 6291
f 6837 6380 6379
f 6838 6354 6292
f 6361 6377 6376
f 6363 6296 6293
f 6365 6373 6372
f 6359 6291 6328
f 6836 6385 6380
f 6481 6902 6544
f 6484 6501 6500
f 6477 6487 6474
f 6849 6492 6491
f 6494 6467 6466
f 6547 6544 6543
f 6750 6546 6547
f 6494 6751 6750
f 6843 6500 6846
f 6845 6575 6843
f 6489 6847 6853
f 6474 6491 6490
f 6483 6906 6501
f 6493 6465 6490
f 6471 6544 6902
f 6472 6485 6473
f 6476 6461 6460
f 6470 6542 6545
f 6570 6569 6749
f 6495 6463 6493
f 6475 6462 6461
f 6572 6477 6476
f 6574 6457 6456
f 6569 6543 6545
f 6575 6473 6485
f 6471 6901 6448
f 6469 6508 6513
f 6498 6479 6478
f 6503 6518 6517
f 6489 6505 6486
f 6467 6509 6468
f 6546 6498 6478
f 6549 6752 6753
f 6752 6466 6469
f 6503 6846 6500
f 6850 6844 6846
f 6507 6852 6525
f 6486 6509 6849
f 6502 6909 6518
f 6858 6664 6307
f 8396 6611 6610
f 6833 6324 6216
f 8399 6825 8400
f 6831 8401 8402
f 6707 6826 8399
f 8398 6890 6324
f 6858 8404 6554
f 8405 6610 6876
f 6830 6553 8401
f 8397 6911 6611
f 8400 8358 8365
f 8358 8364 8406
f 8406 8387 8407
f 8389 8380 8379
f 8389 8409 8377
f 8388 8410 8409
f 5575 8410 8390
f 6665 8411 6875
f 8412 6720 6721
f 8413 5601 6720
f 8411 8413 8412
f 6262 6290 6263
f 5602 8414 5604
f 6599 3735 5605
f 7141 7142 8372
f 8393 8241 8240
f 8227 7147 7151
f 8229 8374 7148
f 8230 7151 7153
f 8232 8415 8416
f 8234 8417 8418
f 8221 8374 8228
f 8235 7153 8419
f 8233 8420 8417
f 8226 7148 7147
f 8238 8421 8422
f 7141 8240 7138
f 6581 6655 8137
f 6640 8140 8139
f 6710 8141 6868
f 6717 6712 6316
f 6860 8143 6864
f 6870 6867 6656
f 6717 6726 6714
f 6870 6192 6115
f 6860 6050 6059
f 6710 6025 6024
f 6639 6871 8140
f 6640 8324 6637
f 6581 8147 6193
f 5615 6234 8370
f 7144 8374 7145
f 7144 6210 7149
f 7150 6210 6209
f 7152 6209 6329
f 7152 8419 7153
f 7154 8421 8419
f 7158 8415 8422
f 7160 8420 8416
f 7162 8418 8417
f 7161 5616 8418
f 8370 6233 8371
f 8373 7146 7145
f 8392 8386 8223
f 8391 8372 8371
f 5617 6713 5528
f 5973 3355 5972
f 8345 5619 8346
f 3880 6910 5621
f 8351 5620 8345
f 8346 5520 5975
f 5621 6911 5623
f 5622 8185 5534
f 8150 5497 8151
f 8423 8425 8426
f 8427 6519 8428
f 8429 8431 8432
f 6523 8433 6526
f 8434 8436 8437
f 8438 8434 8439
f 8438 6511 6528
f 8441 8424 8423
f 8427 8430 8429
f 8444 8445 8446
f 8447 8424 8448
f 8449 8444 8450
f 8451 8430 8452
f 8453 8454 8455
f 8456 8437 8453
f 8439 8456 8457
f 8448 8442 8458
f 8452 8443 8449
f 8425 8459 8446
f 8460 8462 8463
f 8464 8466 8467
f 8468 8470 8471
f 8472 8474 8475
f 8476 8478 8479
f 8480 8482 8483
f 8484 8486 8487
f 8485 8489 8486
f 8490 8481 8480
f 8492 8494 8495
f 8495 8496 8497
f 8498 8500 8501
f 8502 8500 8503
f 8504 8506 8507
f 8508 8510 8511
f 8513 8511 8512
f 8507 8514 8515
f 8516 8518 8519
f 8520 8516 8521
f 8522 8524 8525
f 8526 8522 8525
f 8528 8530 8531
f 8532 8529 8533
f 8534 8536 8537
f 8538 8534 8537
f 8464 8481 8465
f 8483 8541 8480
f 8542 8484 8467
f 8487 8540 8483
f 8488 8542 8544
f 8545 8486 8489
f 8481 8466 8465
f 8547 8489 8490
f 8548 8493 8471
f 8549 8502 8492
f 8551 8494 8548
f 8497 8552 8495
f 8469 8499 8470
f 8547 8497 8498
f 8469 8503 8500
f 8501 8550 8545
f 8460 8507 8461
f 8552 8506 8505
f 8554 8510 8463
f 8549 8505 8509
f 8554 8512 8511
f 8513 8550 8508
f 8461 8515 8462
f 8557 8513 8514
f 8558 8519 8479
f 8559 8527 8518
f 8521 8558 8561
f 8553 8517 8520
f 8477 8524 8478
f 8520 8557 8553
f 8476 8525 8477
f 8527 8556 8522
f 8563 8528 8475
f 8564 8531 8565
f 8533 8563 8566
f 8562 8530 8532
f 8473 8536 8474
f 8559 8532 8535
f 8472 8537 8473
f 8560 8539 8564
f 8463 8555 8554
f 8544 8467 8466
f 8470 8548 8471
f 8475 8566 8563
f 8479 8561 8558
f 8484 8483 8482
f 8490 8488 8491
f 8503 8492 8502
f 8498 8496 8499
f 8504 8509 8505
f 8515 8513 8512
f 8519 8527 8526
f 8521 8523 8520
f 8528 8539 8538
f 8533 8535 8532
f 8467 8482 8464
f 8487 8546 8543
f 8544 8491 8488
f 8480 8547 8490
f 8493 8468 8471
f 8495 8549 8492
f 8551 8499 8496
f 8501 8547 8498
f 8460 8510 8504
f 8508 8549 8509
f 8555 8515 8512
f 8506 8557 8514
f 8519 8476 8479
f 8517 8559 8518
f 8561 8524 8521
f 8522 8557 8523
f 8475 8538 8472
f 8567 8531 8530
f 8566 8536 8533
f 8560 8535 8534
f 8442 8568 8569
f 6512 8568 6754
f 8570 8571 8572
f 8426 6514 8423
f 8428 8443 8427
f 6522 8432 6523
f 8437 8433 8454
f 6524 8435 6527
f 6528 8435 8438
f 8423 6550 8441
f 8429 6516 8427
f 6515 8445 6908
f 8441 6754 8568
f 8570 8569 8568
f 8440 6512 6511
f 8569 8458 8442
f 8574 8572 8571
f 8572 8573 8569
f 8453 8577 8456
f 8576 8455 8578
f 8452 8580 8451
f 8573 8582 8458
f 8575 8581 8573
f 8584 8575 8574
f 8571 8457 8574
f 8439 8440 8438
f 8585 8587 8588
f 8587 8590 8588
f 8589 8592 8590
f 8591 8594 8592
f 8593 8596 8594
f 8595 8598 8596
f 8599 8586 8585
f 8601 8600 8599
f 8603 8602 8601
f 8605 8598 8597
f 8607 8604 8603
f 8609 8608 8607
f 8611 8610 8609
f 8606 8612 8611
f 8613 8589 8587
f 8614 8591 8589
f 8615 8593 8591
f 8616 8595 8593
f 8617 8597 8595
f 8619 8617 8616
f 8620 8618 8617
f 8620 8623 8621
f 8624 8626 8627
f 8626 8622 8627
f 8620 8628 8622
f 8622 8629 8627
f 8627 8630 8624
f 8632 8634 8631
f 8636 8633 8635
f 8637 8636 8635
f 8639 8632 8640
f 8633 8641 8635
f 8635 8642 8637
f 8642 8644 8637
f 8645 8637 8644
f 8586 8613 8587
f 8600 8646 8586
f 8616 8648 8619
f 8615 8649 8648
f 8613 8649 8614
f 8651 8613 8646
f 8647 8651 8646
f 8652 8654 8651
f 8602 8647 8600
f 8655 8652 8647
f 8656 8653 8652
f 8653 8659 8654
f 8658 8661 8659
f 8644 8663 8645
f 8664 8662 8665
f 8661 8666 8659
f 8666 8654 8659
f 8667 8651 8654
f 8668 8597 8618
f 8669 8618 8621
f 8670 8621 8623
f 8671 8623 8626
f 8671 8625 8672
f 8625 8673 8672
f 8636 8675 8634
f 8638 8674 8636
f 8645 8676 8638
f 8645 8678 8677
f 8679 8660 8658
f 8657 8658 8653
f 8583 8648 8649
f 8650 8583 8649
f 8667 8581 8650
f 8666 8582 8667
f 8664 8681 8666
f 8682 8665 8683
f 8684 8643 8642
f 8684 8641 8579
f 8639 8579 8641
f 8580 8640 8578
f 8629 8576 8630
f 8604 8655 8602
f 8608 8686 8604
f 8610 8687 8608
f 8612 8688 8610
f 8605 8689 8612
f 8690 8668 8669
f 8691 8689 8690
f 8692 8688 8691
f 8693 8687 8692
f 8656 8686 8693
f 8694 8669 8670
f 8695 8690 8694
f 8696 8691 8695
f 8697 8692 8696
f 8657 8693 8697
f 8697 8679 8657
f 8696 8698 8697
f 8696 8700 8699
f 8694 8700 8695
f 8670 8701 8694
f 8702 8671 8672
f 8701 8703 8700
f 8703 8699 8700
f 8699 8705 8698
f 8698 8680 8679
f 8672 8706 8702
f 8675 8707 8708
f 8674 8709 8707
f 8709 8677 8710
f 8677 8711 8710
f 8712 8710 8711
f 8702 8714 8703
f 8713 8714 8715
f 8707 8716 8717
f 8717 8713 8715
f 8710 8716 8709
f 8708 8717 8715
f 8546 8599 8543
f 8546 8603 8601
f 8550 8603 8545
f 8556 8607 8550
f 8560 8609 8556
f 8564 8611 8560
f 8565 8606 8564
f 8565 8596 8598
f 8567 8594 8596
f 8562 8592 8594
f 8553 8590 8592
f 8590 8541 8588
f 8540 8588 8541
f 8543 8585 8540
f 8684 8450 8685
f 8579 8449 8684
f 8682 8448 8681
f 8447 8683 8459
f 8681 8458 8582
f 8628 8619 8718
f 8584 8619 8648
f 8628 8577 8629
f 8457 8577 8718
f 8574 8718 8584
f 7134 6919 7135
f 6164 6919 6783
f 5485 6609 5921
f 3832 8188 6690
f 5921 6221 3354
f 5922 7128 6607
f 6439 8720 6440
f 8720 6570 6749
f 6570 8721 6464
f 6439 8721 8719
f 6727 6057 6312
f 6312 6073 6247
f 6828 6073 6072
f 6877 6267 6745
f 6745 6299 6744
f 6891 6305 6889
f 6338 6746 6339
f 6438 6410 6435
f 6412 6440 6748
f 6564 6424 6565
f 6842 6577 8395
f 6889 6829 7156
f 6579 6564 6563
f 6435 6565 6424
f 8722 6306 6891
f 8723 6058 6727
f 6269 6878 6879
f 7160 6829 6598
f 8724 8143 8725
f 8238 6248 6828
f 6339 6744 6299
f 8395 6338 6337
f 6879 8404 8726
f 8422 8231 8238
f 8725 6859 8723
f 8416 7157 7160
f 6059 6049 6056
f 6330 6049 6048
f 7156 6259 6889
f 6269 6264 6266
f 6297 6264 6241
f 6340 6351 6337
f 6368 8395 6369
f 6422 6559 6423
f 6436 6404 6437
f 6447 6438 6437
f 6424 6436 6435
f 6331 6099 6330
f 6422 6842 6368
f 8722 6856 8726
f 8141 6862 8142
f 6265 6617 6242
f 6324 6259 6258
f 7158 6260 7156
f 6709 6863 8141
f 8235 6827 6331
f 6298 6352 6340
f 6370 6351 6350
f 6891 8403 8722
f 8419 8237 8235
f 6051 8145 6709
f 8422 7155 7158
f 8721 6446 6464
f 6748 8720 6749
f 8727 6011 8194
f 8158 8144 8724
f 6009 6861 8144
f 6008 6862 6861
f 8142 8727 8160
f 6554 6893 6858
f 6833 6708 8398
f 6708 8403 8398
f 5623 6892 4042
f 8406 8365 8358
f 8407 8366 8406
f 8377 8408 8389
f 8397 6530 6529
f 6651 8400 8353
f 8402 6616 6615
f 6618 8399 6651
f 6554 6878 6551
f 8396 6854 6530
f 8401 6552 6616
f 6892 6529 6743
f 8353 8365 8355
f 8377 6276 8362
f 8409 6277 6276
f 8410 5932 6277
f 8726 6857 8722
f 8726 6855 6879
f 7234 6106 8215
f 8279 6127 6288
f 8354 6227 6652
f 6246 6619 6289
f 8239 6282 8394
f 8162 6286 6625
f 6292 6246 6289
f 6382 6377 6379
f 6392 6396 6393
f 6396 6427 6428
f 6398 6443 6459
f 6459 6458 6460
f 6525 6523 6526
f 6558 6271 6555
f 6429 6560 6561
f 6460 6572 6476
f 6272 3736 3735
f 7128 6602 8195
f 6227 6244 6652
f 7180 6634 6103
f 6642 6285 8219
f 6356 6740 6614
f 6816 8218 8217
f 6820 8301 6817
f 6355 6741 6356
f 6344 6834 6341
f 6364 6840 6361
f 6375 6560 6415
f 6848 6488 6477
f 6853 6506 6489
f 6530 6740 6531
f 8140 6874 6601
f 6555 6831 6876
f 8215 6881 8216
f 6348 6894 6345
f 6383 6896 6417
f 6433 6896 6420
f 6432 6898 6390
f 6406 6898 6407
f 6900 6387 6899
f 6900 6448 6901
f 6472 6903 6482
f 6480 6903 6902
f 6497 6906 6479
f 6908 6518 6909
f 4280 6120 6603
f 6100 7170 6128
f 6632 7188 8201
f 7235 7201 7200
f 7206 7212 7207
f 8213 7232 7231
f 8214 7231 7201
f 6108 7200 7203
f 7238 8300 6820
f 7207 8299 7238
f 8205 7240 8202
f 6170 7232 7256
f 6638 8149 6639
f 6601 8157 6600
f 6600 6283 8162
f 8392 8222 8393
f 6278 8241 6279
f 6816 8274 6813
f 6642 6814 6641
f 6128 6124 8279
f 8195 6127 6126
f 8212 8286 8285
f 8292 8286 8289
f 8290 8210 8209
f 8207 8290 8209
f 8294 8295 8298
f 8206 8295 8208
f 6817 8297 8296
f 8288 7256 8285
f 7209 7240 7239
f 6225 8360 8361
f 8369 8360 8356
f 8375 8368 8369
f 8381 8387 8383
f 8385 8383 8382
f 8385 8391 8384
f 8147 6282 6281
f 6345 6835 6344
f 6327 6834 6360
f 6295 6841 6364
f 6379 6840 6837
f 6853 6845 6844
f 6479 6905 6480
f 6848 6571 6573
f 6452 6904 6472
f 6525 6851 6520
f 6496 6907 6497
f 8402 6876 6831
f 8408 8387 8380
f 6279 8222 8221
f 6872 8149 8148
f 8223 8373 8220
f 6526 8436 6524
f 8446 8426 8425
f 8455 8431 8451
f 8446 8450 8444
f 8454 8432 8431
f 6908 8428 6519
f 8578 8451 8580
f 8632 8625 8624
f 8640 8624 8630
f 8660 8662 8661
f 8662 8643 8665
f 8675 8631 8634
f 8680 8663 8660
f 8683 8643 8685
f 8578 8630 8576
f 8673 8708 8706
f 8678 8705 8711
f 8711 8704 8712
f 8706 8715 8714
f 8703 8712 8704
f 8459 8685 8450
f 8407 8376 8375
f 6615 8405 8402
f 5993 6335 5994
f 6060 6018 5991
f 5993 6081 6080
f 6105 6176 6702
f 6177 6000 7165
f 6309 6310 6251
f 8725 6314 8724
f 8724 6318 8158
f 6321 6053 6052
f 6249 6310 6247
f 6596 6257 6597
f 8188 6605 8189
f 5986 6682 6060
f 6714 6311 6309
f 6047 6086 6081
f 6875 6304 6665
f 6001 6912 5983
f 7162 6597 6257
f 7254 6912 6704
f 6684 7163 7254
f 8723 6315 8725
f 6592 6318 6317
f 8332 8171 8728
f 6607 5350 5922
f 8191 8198 8199
f 8197 8193 8196
f 8159 6319 6321
f 8232 6595 6249
f 8192 7173 7175
f 8189 8193 7174
f 6177 8199 6175
f 6733 8330 6734
f 8340 8330 8329
f 8341 6335 6334
f 8412 6875 8411
f 8414 6273 6599
f 8416 8236 8232
f 6727 8136 8723
f 8417 7159 7162
f 6277 5558 6274
f 5935 6635 6235
f 5991 6061 6060
f 6019 6682 6681
f 5999 6033 5996
f 6045 6677 6680
f 6055 6083 7130
f 5995 6063 5992
f 6084 6053 6046
f 6088 5989 8166
f 6063 6046 5992
f 6066 6034 5999
f 6103 7181 7180
f 6673 6133 6132
f 6149 6153 6152
f 6323 8166 8165
f 6585 6083 6082
f 6630 6702 6176
f 6634 7168 7167
f 6676 6152 6133
f 6703 6628 7248
f 6796 6728 8178
f 6069 6097 6066
f 6132 6674 6673
f 6803 6800 6804
f 6011 6055 7130
f 6799 6582 6585
f 7194 6881 6882
f 7131 6583 6333
f 6798 6913 6674
f 7179 8204 7236
f 7183 7246 7242
f 7188 7242 7241
f 6109 7192 6882
f 7204 6176 6175
f 7219 6628 6627
f 7218 7248 6628
f 7179 6627 7176
f 7250 6704 6703
f 7228 7249 7248
f 6678 7249 6679
f 5997 7251 5998
f 8168 6644 6643
f 8167 6732 6644
f 8169 6733 6732
f 8170 8331 6733
f 8336 8173 8172
f 8182 8175 8174
f 8182 8176 8181
f 8181 8177 8180
f 8180 8179 7136
f 7133 6590 6913
f 7130 8194 6011
f 8200 6632 7177
f 7178 8205 8204
f 8269 6153 8216
f 8254 8252 8251
f 8260 6101 8277
f 8179 6802 7136
f 8263 6038 6802
f 8264 6039 6038
f 8265 6130 6039
f 8266 6157 6130
f 8267 6158 6157
f 8268 8217 6158
f 8270 6816 8217
f 6813 8273 7190
f 8273 8247 7190
f 8276 8277 8248
f 7192 8250 7193
f 8252 8259 8249
f 8276 8250 8249
f 7204 7177 7176
f 7182 8315 7246
f 8343 8334 8333
f 8333 8342 8343
f 8343 6800 6065
f 8340 6064 5995
f 6323 8350 6322
f 8168 8348 8165
f 8349 5936 8350
f 8352 5938 8348
f 6103 7167 6100
f 8271 8216 6881
f 8201 7241 8205
f 8274 8271 7194
f 5991 6017 5988
f 8728 6017 6016
f 5997 6680 6679
f 5996 6045 6680
f 6033 6042 6045
f 6042 8175 8172
f 8172 8338 8336
f 8336 8337 8333
f 6684 6677 6681
f 6681 6044 6019
f 6019 6043 6016
f 6016 8173 8728
f 8728 8335 8332
f 8332 8334 8329
f 8194 8160 8727
f 6805 6009 8158
f 5940 7137 6719
f 8324 5942 8325
f 8325 5495 8225
f 6253 4292 6250
f 7137 5944 6715
f 8348 5937 8349
f 8350 5530 8131
f 5624 6159 5489
f 6718 5940 6719
f 8327 5490 6162
f 8347 5939 8352
f 5933 6121 6120
f 8184 5946 8347
f 7142 5615 8370
f 6145 5945 8327
f 8234 5943 6253
f 8328 5488 6144
f 8318 5948 8328
f 7139 4299 7140
f 8418 5947 8234
f 5604 6599 5605
f 5949 6712 6716
f 5944 6716 6715
f 6720 5950 6255
f 6255 4322 6256
f 5614 6235 6234
f 6711 5951 8161
f 8161 3857 6593
f 5973 2965 3013
f 2965 5963 222
f 222 5960 223
f 223 5958 3186
f 5958 3185 3186
f 5957 2977 3185
f 5970 1213 2977
f 5967 1214 1213
f 2532 5966 5953
f 2894 5953 5952
f 2871 5952 8344
f 5510 5721 5509
f 5822 5824 5823
f 3511 3844 3735
f 3887 3889 3888
f 3876 3878 3877
f 3356 3911 3909
f 3372 3390 3391
f 3849 3851 3850
f 3481 3867 3866
f 3873 3385 3382
f 3875 3450 3452
f 3915 3865 3862
f 3657 3671 3656
f 5618 3013 2152
f 1997 1889 1892
f 1237 744 855
f 1535 120 121
f 1531 201 214
f 1119 1032 984
f 946 824 947
f 163 5 162
f 9041 9175 9193
f 1155 1162 1164
f 427 327 424
f 553 796 498
f 8732 2231 2237
f 8732 2230 2232
f 2237 3180 8732
f 8734 8736 8733
f 8735 8738 8736
f 8737 8740 8738
f 8739 8742 8740
f 8743 8745 8746
f 8746 8747 8748
f 8749 8748 8747
f 8751 8750 8749
f 8754 8756 8753
f 8757 8755 8754
f 8759 8758 8757
f 8761 8760 8759
f 8763 8762 8761
f 8766 8749 8765
f 8765 8747 8767
f 8767 8745 8768
f 8768 8744 8769
f 8744 8771 8769
f 8770 8772 8771
f 8741 8773 8772
f 8739 8774 8773
f 8737 8775 8774
f 8735 8776 8775
f 8776 8777 3184
f 2904 8779 2947
f 8780 2904 2902
f 8781 2902 2876
f 2875 8781 2876
f 8783 2733 2736
f 2825 8786 2824
f 8788 8790 8787
f 8792 8787 8791
f 2724 8785 2825
f 8787 3115 3117
f 8791 3117 3119
f 8794 8765 8793
f 8793 8767 8795
f 8795 8768 8796
f 8796 8769 8797
f 8797 8771 8798
f 8771 8799 8798
f 8772 8800 8799
f 8773 8801 8800
f 8774 8802 8801
f 8775 8803 8802
f 8776 3056 8803
f 8802 2253 2252
f 8801 2252 1727
f 8800 1727 2150
f 8799 2150 1941
f 8804 8799 1941
f 8805 8798 8804
f 8806 8797 8805
f 8807 8796 8806
f 8793 8807 8808
f 8794 8808 8809
f 8810 8809 8808
f 8808 8806 8810
f 8810 8805 8812
f 8813 8810 8812
f 8812 8804 8814
f 8815 8812 8814
f 8814 1941 1360
f 8755 8752 8756
f 8758 8750 8755
f 8760 8748 8758
f 8762 8746 8760
f 8816 8764 8763
f 8818 8820 8817
f 8816 8782 8784
f 8821 8817 8816
f 8789 8783 8786
f 8818 8789 8788
f 8819 8788 8792
f 8822 8819 8823
f 8823 8792 8824
f 8824 8791 2712
f 2712 3119 3128
f 8826 8823 8825
f 8825 8824 8827
f 8827 2712 2711
f 8828 2711 2400
f 8829 8827 8828
f 8830 8825 8829
f 8743 8764 8831
f 8817 8831 8764
f 8770 8743 8831
f 8741 8831 8742
f 8820 8742 8831
f 8740 8822 8826
f 8738 8826 8830
f 8736 8830 8832
f 8833 2400 2402
f 8834 8828 8833
f 8832 8829 8834
f 8835 2402 2707
f 3058 2707 2708
f 3061 8835 3058
f 8836 8833 8835
f 8733 8832 8837
f 8837 8834 8836
f 8777 8733 8838
f 8838 8837 1962
f 8837 3061 1962
f 1961 8838 1962
f 3057 8777 8838
f 8779 8753 8839
f 8778 8754 8779
f 8780 8757 8778
f 8781 8759 8780
f 8782 8761 8781
f 8821 8784 8783
f 8785 8789 8786
f 2723 8790 8785
f 2875 8784 8782
f 2736 8786 8783
f 2947 8839 8944
f 8815 1360 8941
f 1900 1924 1901
f 1736 1718 1750
f 1955 1943 1956
f 1671 1735 1751
f 1696 1698 1692
f 1800 1864 1801
f 2063 2056 2060
f 1737 1717 1736
f 1751 1697 1695
f 943 9351 684
f 9108 8753 9057
f 1577 1764 1703
f 9369 1599 9375
f 1945 82 1944
f 68 7 248
f 147 1543 148
f 1109 1133 1102
f 1503 1907 1908
f 1499 1909 1498
f 452 735 215
f 1824 9287 9297
f 1825 2068 1824
f 1463 1022 1194
f 841 1009 1011
f 1568 1955 1534
f 1926 1927 1923
f 1910 1502 1939
f 1939 422 442
f 309 1940 308
f 1804 1866 1803
f 269 1954 56
f 2065 2060 2056
f 9264 1758 9287
f 280 552 1940
f 1875 1869 1874
f 1739 1734 1737
f 5923 5899 5924
f 1778 1790 1788
f 310 1915 279
f 1909 1906 1954
f 1789 1778 1788
f 978 980 979
f 1584 1731 1583
f 425 311 312
f 148 115 116
f 2044 9346 2046
f 277 1939 551
f 1943 1945 1944
f 1461 1463 1464
f 2253 3056 3055
f 2981 8927 958
f 2209 8927 3055
f 2254 3055 8927
f 2998 958 8927
f 2826 2721 2724
f 8928 2721 2817
f 2816 8928 2817
f 2334 2296 2335
f 2298 2334 2336
f 2301 2336 2338
f 2311 2338 2354
f 2312 2354 2355
f 2359 2361 2360
f 2335 2359 2360
f 2414 2365 2364
f 2413 2361 2365
f 2355 2540 2541
f 2541 2539 2542
f 2722 2739 2738
f 3114 2738 3113
f 3110 3121 3120
f 3108 3120 3113
f 3122 3127 3126
f 3112 3126 3121
f 3127 1753 3135
f 3139 2529 2542
f 9196 3133 3139
f 8928 2740 2739
f 8929 2789 8928
f 228 91 88
f 245 243 242
f 248 247 191
f 2 296 295
f 145 300 267
f 327 210 328
f 329 331 330
f 250 228 236
f 239 240 230
f 373 375 374
f 178 176 175
f 1218 1228 1321
f 9314 1295 9306
f 808 824 823
f 9310 1013 1014
f 9265 1411 1413
f 2154 2159 2160
f 9297 1758 1757
f 306 1922 452
f 2157 1976 1977
f 708 2031 1474
f 1450 1227 1428
f 1672 1605 1624
f 1813 1821 1816
f 1717 1715 1718
f 176 402 347
f 1710 9368 9367
f 1712 1577 1711
f 1705 1711 1704
f 3435 3475 3434
f 971 979 970
f 822 1094 1102
f 2909 2793 2792
f 2810 2795 2793
f 2799 2249 2800
f 9114 2910 2799
f 2769 2801 2795
f 3177 3178 3179
f 3178 3180 3179
f 3181 1393 2800
f 3181 1632 3182
f 3182 2244 3183
f 3183 2243 3180
f 8932 2790 8929
f 2808 8929 2816
f 2239 9016 2240
f 1149 9015 9014
f 1150 9011 9015
f 2202 9010 2015
f 2921 9009 2923
f 9012 2133 2928
f 1777 1759 1792
f 1201 1183 1184
f 9005 2195 2194
f 8997 2770 2768
f 9379 1687 1692
f 1516 154 503
f 8993 2974 2803
f 8994 2779 2778
f 2771 9019 8990
f 3070 8990 9002
f 8991 2775 2867
f 1376 1370 1372
f 2767 9000 2206
f 2195 8987 2767
f 2775 8986 2776
f 8344 8989 2871
f 9256 8983 2806
f 2776 8982 2805
f 2240 8979 2920
f 2920 9121 9071
f 8992 2786 2779
f 1805 1851 1804
f 8978 2787 2786
f 2951 8984 8975
f 2772 8975 9019
f 2973 8974 8980
f 2224 8981 8974
f 1957 320 510
f 306 304 303
f 2770 8972 2913
f 2913 9018 2239
f 2923 8971 2922
f 308 431 47
f 207 132 543
f 1879 1881 1880
f 9185 8969 2089
f 2475 9002 8968
f 2476 8968 8967
f 2223 8967 8981
f 8966 2803 2802
f 2037 11 1950
f 1959 450 505
f 2003 8964 2129
f 9 334 540
f 2009 8962 9011
f 2008 8980 8962
f 9329 673 9331
f 8959 2778 2784
f 2935 8957 2936
f 111 9014 8955
f 3238 3341 3237
f 8954 2935 2938
f 683 9337 943
f 8952 2810 2909
f 736 732 729
f 1795 1803 1796
f 8949 2938 2939
f 8951 2939 2940
f 2950 8948 2949
f 2940 8948 8951
f 9253 8956 2950
f 2868 8946 2869
f 2869 8966 2802
f 1024 1023 1020
f 8944 2948 2947
f 551 442 443
f 2972 9012 2928
f 2032 8943 2972
f 216 1924 1923
f 3532 3482 3533
f 203 201 200
f 3539 3541 3540
f 1828 1847 1837
f 1958 449 450
f 272 178 175
f 2871 8939 1361
f 9071 9008 2921
f 2801 9095 9114
f 2005 9106 2176
f 960 899 962
f 9109 9064 9076
f 9232 9098 3151
f 3151 9045 2555
f 2193 9075 2194
f 9059 3145 3144
f 9055 2761 3145
f 9044 3144 3104
f 2926 9086 3103
f 9086 3104 3103
f 9207 9198 9205
f 566 9210 2005
f 8839 1864 8944
f 1602 2079 2078
f 2868 9063 2922
f 2922 9062 2923
f 2923 9070 2921
f 9122 2918 9066
f 9071 9066 2920
f 2921 9122 9071
f 2920 9038 2240
f 9065 2915 2918
f 2917 9074 9093
f 2916 9093 9094
f 2239 9104 2913
f 2911 9104 2757
f 9095 2911 2910
f 2797 9114 9043
f 2797 9050 2750
f 9074 2763 2765
f 9060 2764 2745
f 2194 9100 2221
f 2221 9101 2222
f 2756 9061 2755
f 2750 9061 2747
f 9121 1817 9279
f 9215 1691 1699
f 2515 9042 2548
f 2548 9045 2550
f 2513 9084 9068
f 2513 9073 2515
f 2509 9072 2289
f 2510 9085 2509
f 2289 9091 2283
f 2283 9069 2286
f 2240 9039 2239
f 9111 9076 9078
f 716 9339 9340
f 727 9213 1923
f 2165 2170 2164
f 9112 9078 9081
f 9195 9030 9209
f 2175 769 770
f 2100 2095 2099
f 9210 9209 9030
f 640 9012 1826
f 1653 8997 1651
f 1895 8974 746
f 746 8981 741
f 1653 8972 9020
f 9214 1604 1672
f 2093 2073 2078
f 959 995 884
f 962 919 986
f 1400 1398 1399
f 1000 1127 1004
f 956 884 885
f 1662 8994 1661
f 2034 8990 1654
f 9378 8983 9254
f 8979 766 1817
f 9016 765 766
f 334 9015 335
f 1868 8984 1656
f 1684 1652 1678
f 1682 775 1807
f 1585 9214 1700
f 9215 1672 1673
f 2173 490 491
f 1658 8991 1752
f 9000 1650 724
f 1571 2010 1572
f 1587 9123 2080
f 2099 2077 2094
f 787 1999 786
f 2000 786 1999
f 3155 9149 9135
f 9165 9135 9241
f 2180 9137 9136
f 8940 9136 9157
f 1684 9292 1651
f 1760 8939 8989
f 2607 9145 2590
f 2581 9141 2607
f 2371 9152 9147
f 2371 9145 2372
f 2587 9127 2586
f 2586 9149 339
f 2497 9139 2503
f 2502 9139 9152
f 2494 9142 2495
f 9142 2472 2495
f 9140 2468 2472
f 9153 2469 2468
f 726 9344 630
f 581 8962 580
f 10 9014 334
f 1837 8954 1849
f 741 8967 1300
f 1299 9002 2034
f 1851 8948 1866
f 8971 1820 1819
f 580 8980 1895
f 1758 8966 8946
f 1693 8952 1806
f 8948 1867 1866
f 1894 9012 8943
f 2126 9265 9293
f 9358 9293 9364
f 2113 9319 2110
f 2179 9241 9137
f 624 9356 623
f 2192 9240 9232
f 2177 9239 9185
f 1364 9285 1338
f 9310 1470 1453
f 3135 9227 9196
f 2069 9287 2068
f 1351 9305 1352
f 2108 9353 499
f 2089 9188 9185
f 9280 1358 866
f 2001 9235 2187
f 2187 9171 2091
f 2130 9204 2004
f 2004 9201 2001
f 2014 9231 2201
f 2201 9208 2130
f 3167 9211 2969
f 3168 9172 3167
f 3159 9216 3160
f 3160 9217 3081
f 9182 3158 337
f 3158 9161 3159
f 2200 9182 9174
f 9137 9194 2204
f 9174 2197 2200
f 9242 2092 9173
f 9226 9173 2197
f 3154 9242 9226
f 3155 9158 3154
f 2091 9173 2092
f 2196 9202 9228
f 2193 9228 9233
f 9056 9233 9240
f 2086 9232 9230
f 2087 9230 9229
f 2204 9203 2205
f 2205 9202 3148
f 9361 574 692
f 2124 9229 9212
f 2208 9212 9234
f 9163 3140 3137
f 9237 3138 3140
f 9197 3139 3138
f 9223 3136 2322
f 9164 3137 3136
f 9227 3131 3133
f 9219 3132 3131
f 1813 9290 1814
f 1293 9308 1344
f 2184 9200 9184
f 2181 9184 9186
f 9217 3079 3081
f 9220 3080 3079
f 709 9327 2031
f 2774 9189 9221
f 9238 2134 9003
f 9261 766 765
f 2968 9218 2959
f 2969 9236 2968
f 2958 9189 2961
f 2132 9218 2960
f 2321 9223 9200
f 9312 1449 28
f 9357 582 710
f 9338 577 574
f 9299 1818 9279
f 705 9339 2121
f 9268 9359 698
f 2111 9363 2113
f 9262 1366 1411
f 1812 9274 1815
f 675 9304 674
f 8940 9303 675
f 2110 9320 2109
f 2104 9353 2106
f 2109 9351 944
f 9294 703 739
f 1680 9298 1684
f 1639 9271 9270
f 623 9358 697
f 2139 9318 9317
f 1808 9296 9289
f 9272 1819 1820
f 9324 9352 706
f 1646 9282 1648
f 9341 633 577
f 2139 9327 18
f 2156 9323 9326
f 674 9365 9321
f 2117 9264 2069
f 1815 9299 9275
f 9307 1444 1470
f 697 9364 9268
f 866 9288 9280
f 9316 2136 2135
f 9037 9178 9041
f 9035 9183 9037
f 9205 9190 9191
f 9192 9033 9195
f 1088 9198 1093
f 9191 9195 9205
f 2791 8933 2792
f 8932 2807 8933
f 2792 8934 2909
f 8933 2806 8934
f 8952 8934 8960
f 8960 2806 8983
f 2948 9243 9253
f 2105 9348 2104
f 8982 9256 2805
f 680 9328 683
f 1891 9362 9343
f 2905 9253 2950
f 2900 9251 2905
f 2901 9259 2877
f 2734 9258 9246
f 2877 9258 2878
f 2820 9246 2872
f 2818 9244 2827
f 2823 9244 2826
f 2822 9250 2821
f 2819 9252 9250
f 2817 9247 2816
f 2809 9247 2815
f 2808 9255 2807
f 2805 9255 2804
f 1702 9375 1599
f 9374 1797 1802
f 9367 1706 1709
f 9370 1692 1698
f 1657 9332 1879
f 1890 9347 9362
f 9224 1674 1675
f 1689 9224 9225
f 9378 8982 1688
f 8960 1689 9225
f 9369 1703 1764
f 1598 9380 1770
f 9332 1876 1879
f 1691 9377 9379
f 9377 1688 1687
f 1117 1118 9382
f 1066 1322 9382
f 1243 847 9382
f 9277 848 9382
f 1128 1117 9382
f 1129 1130 9382
f 841 1011 9382
f 1230 9315 9382
f 1242 1243 9382
f 1322 1229 9382
f 1064 1065 9382
f 1003 1128 9382
f 1229 1230 9382
f 9315 1285 9382
f 1285 1288 9382
f 848 839 9382
f 847 9277 9382
f 1118 1129 9382
f 1065 1066 9382
f 1087 1086 9382
f 1008 1002 9382
f 1011 1008 9382
f 1002 1003 9382
f 1076 1069 9382
f 838 841 9382
f 839 838 9382
f 1288 1242 9382
f 1130 1087 9382
f 1086 1076 9382
f 1069 1064 9382
f 2410 2414 9383
f 2411 2410 9383
f 9069 2285 9383
f 2394 2393 9383
f 2393 2396 9383
f 2281 2286 9383
f 2282 2280 9383
f 2398 2399 9383
f 2465 2464 9383
f 2396 2397 9383
f 2470 2469 9383
f 2399 2416 9383
f 2480 2395 9383
f 2459 2480 9383
f 2369 2282 9383
f 2460 2459 9383
f 2415 2411 9383
f 2416 2415 9383
f 2364 2363 9383
f 2286 9069 9383
f 2464 2470 9383
f 2469 9155 9383
f 2285 2465 9383
f 2414 2364 9383
f 2395 2394 9383
f 2363 2367 9383
f 2397 2398 9383
f 2280 2281 9383
f 9155 2460 9383
f 2367 2369 9383
f 9386 9389 9390
f 9386 9391 9387
f 9384 9389 9385
f 9390 9395 9391
f 9389 9392 9393
f 9389 9394 9390
f 9394 9399 9395
f 9393 9396 9397
f 9394 9397 9398
f 9399 9402 9403
f 9396 9401 9397
f 9397 9402 9398
f 9402 9407 9403
f 9401 9404 9405
f 9402 9405 9406
f 9407 9410 9411
f 9405 9408 9409
f 9405 9410 9406
f 9411 9414 9415
f 9409 9412 9413
f 9410 9413 9414
f 9414 9419 9415
f 9412 9417 9413
f 9413 9418 9414
f 9418 9423 9419
f 9417 9420 9421
f 9418 9421 9422
f 9422 9427 9423
f 9420 9425 9421
f 9421 9426 9422
f 9426 9431 9427
f 9425 9428 9429
f 9426 9429 9430
f 9431 9434 9435
f 9428 9433 9429
f 9429 9434 9430
f 9434 9439 9435
f 9433 9436 9437
f 9434 9437 9438
f 9439 9442 9443
f 9436 9441 9437
f 9437 9442 9438
f 9443 9446 9447
f 9441 9444 9445
f 9442 9445 9446
f 9447 9450 9451
f 9444 9449 9445
f 9445 9450 9446
f 9450 9455 9451
f 9449 9452 9453
f 9450 9453 9454
f 9454 9459 9455
f 9452 9457 9453
f 9453 9458 9454
f 9458 9463 9459
f 9457 9460 9461
f 9458 9461 9462
f 9463 9466 9467
f 9460 9465 9461
f 9461 9466 9462
f 9466 9471 9467
f 9465 9468 9469
f 9466 9469 9470
f 9471 9474 9475
f 9468 9473 9469
f 9469 9474 9470
f 9475 9478 9479
f 9473 9476 9477
f 9474 9477 9478
f 9479 9482 9483
f 9476 9481 9477
f 9477 9482 9478
f 9483 9486 9487
f 9481 9484 9485
f 9482 9485 9486
f 9486 9491 9487
f 9484 9489 9485
f 9485 9490 9486
f 9490 9495 9491
f 9489 9492 9493
f 9490 9493 9494
f 9495 9498 9499
f 9492 9497 9493
f 9493 9498 9494
f 9498 9503 9499
f 9497 9500 9501
f 9498 9501 9502
f 9503 9507 9508
f 9500 9506 9501
f 9501 9507 9502
f 9508 9511 9512
f 9505 9510 9506
f 9507 9510 9511
f 9384 9504 9388
f 9388 9504 9392
f 9392 9504 9396
f 9396 9504 9400
f 9400 9504 9404
f 9404 9504 9408
f 9408 9504 9412
f 9412 9504 9416
f 9416 9504 9420
f 9420 9504 9424
f 9424 9504 9428
f 9428 9504 9432
f 9432 9504 9436
f 9436 9504 9440
f 9440 9504 9444
f 9444 9504 9448
f 9448 9504 9452
f 9452 9504 9456
f 9456 9504 9460
f 9460 9504 9464
f 9464 9504 9468
f 9468 9504 9472
f 9472 9504 9476
f 9476 9504 9480
f 9480 9504 9484
f 9484 9504 9488
f 9488 9504 9492
f 9492 9504 9496
f 9496 9504 9500
f 9500 9504 9505
f 9505 9504 9509
f 9512 9386 9387
f 9510 9384 9385
f 9510 9386 9511
f 9509 9504 9384
f 9521 9533 9534
f 9518 9532 9519
f 9517 9529 9530
f 9515 9527 9528
f 9523 9537 9524
f 9521 9535 9522
f 9519 9533 9520
f 9518 9530 9531
f 9515 9529 9516
f 9513 9527 9514
f 9524 9538 9525
f 9523 9535 9536
f 9528 9542 9529
f 9526 9540 9527
f 9538 9550 9551
f 9535 9549 9536
f 9534 9546 9547
f 9531 9545 9532
f 9530 9542 9543
f 9528 9540 9541
f 9537 9549 9550
f 9534 9548 9535
f 9532 9546 9533
f 9531 9543 9544
f 9541 9555 9542
f 9540 9552 9553
f 9550 9564 9551
f 9548 9562 9549
f 9547 9559 9560
f 9544 9558 9545
f 9542 9556 9543
f 9541 9553 9554
f 9549 9563 9550
f 9547 9561 9548
f 9546 9558 9559
f 9544 9556 9557
f 9555 9567 9568
f 9552 9566 9553
f 9564 9576 9577
f 9562 9574 9575
f 9559 9573 9560
f 9557 9571 9558
f 9555 9569 9556
f 9553 9567 9554
f 9562 9576 9563
f 9561 9573 9574
f 9559 9571 9572
f 9557 9569 9570
f 9567 9581 9568
f 9566 9578 9579
f 9576 9590 9577
f 9575 9587 9588
f 9572 9586 9573
f 9571 9583 9584
f 9569 9581 9582
f 9566 9580 9567
f 9576 9588 9589
f 9574 9586 9587
f 9571 9585 9572
f 9569 9583 9570
f 9581 9593 9594
f 9578 9592 9579
f 9590 9602 9603
f 9588 9600 9601
f 9585 9599 9586
f 9583 9597 9584
f 9582 9594 9595
f 9579 9593 9580
f 9589 9601 9602
f 9587 9599 9600
f 9584 9598 9585
f 9583 9595 9596
f 9594 9606 9607
f 9592 9604 9605
f 9602 9616 9603
f 9601 9613 9614
f 9598 9612 9599
f 9596 9610 9597
f 9594 9608 9595
f 9592 9606 9593
f 9601 9615 9602
f 9600 9612 9613
f 9598 9610 9611
f 9596 9608 9609
f 9607 9619 9620
f 9605 9617 9618
f 9615 9629 9616
f 9613 9627 9614
f 9611 9625 9612
f 9610 9622 9623
f 9607 9621 9608
f 9605 9619 9606
f 9615 9627 9628
f 9613 9625 9626
f 9611 9623 9624
f 9608 9622 9609
f 9619 9633 9620
f 9617 9631 9618
f 9628 9642 9629
f 9627 9639 9640
f 9625 9637 9638
f 9622 9636 9623
f 9621 9633 9634
f 9619 9631 9632
f 9627 9641 9628
f 9625 9639 9626
f 9623 9637 9624
f 9622 9634 9635
f 9632 9646 9633
f 9630 9644 9631
f 9642 9654 9655
f 9639 9653 9640
f 9638 9650 9651
f 9635 9649 9636
f 9634 9646 9647
f 9632 9644 9645
f 9641 9653 9654
f 9638 9652 9639
f 9636 9650 9637
f 9635 9647 9648
f 9645 9659 9646
f 9644 9656 9657
f 9654 9668 9655
f 9652 9666 9653
f 9651 9663 9664
f 9648 9662 9649
f 9646 9660 9647
f 9645 9657 9658
f 9653 9667 9654
f 9651 9665 9652
f 9650 9662 9663
f 9648 9660 9661
f 9659 9671 9672
f 9656 9670 9657
f 9668 9680 9681
f 9665 9679 9666
f 9663 9677 9664
f 9661 9675 9662
f 9659 9673 9660
f 9657 9671 9658
f 9666 9680 9667
f 9665 9677 9678
f 9663 9675 9676
f 9661 9673 9674
f 9671 9685 9672
f 9670 9682 9683
f 9680 9694 9681
f 9678 9692 9679
f 9677 9689 9690
f 9675 9687 9688
f 9673 9685 9686
f 9670 9684 9671
f 9680 9692 9693
f 9678 9690 9691
f 9675 9689 9676
f 9673 9687 9674
f 9685 9697 9698
f 9682 9696 9683
f 9694 9706 9707
f 9692 9704 9705
f 9689 9703 9690
f 9687 9701 9688
f 9686 9698 9699
f 9683 9697 9684
f 9693 9705 9706
f 9691 9703 9704
f 9688 9702 9689
f 9687 9699 9700
f 9698 9710 9711
f 9696 9708 9709
f 9706 9720 9707
f 9705 9717 9718
f 9702 9716 9703
f 9700 9714 9701
f 9698 9712 9699
f 9696 9710 9697
f 9705 9719 9706
f 9704 9716 9717
f 9702 9714 9715
f 9700 9712 9713
f 9711 9723 9724
f 9709 9721 9722
f 9719 9733 9720
f 9717 9731 9718
f 9715 9729 9716
f 9714 9726 9727
f 9711 9725 9712
f 9709 9723 9710
f 9718 9732 9719
f 9717 9729 9730
f 9715 9727 9728
f 9712 9726 9713
f 9723 9737 9724
f 9721 9735 9722
f 9733 9745 9746
f 9731 9743 9744
f 9729 9741 9742
f 9726 9740 9727
f 9725 9737 9738
f 9723 9735 9736
f 9732 9744 9745
f 9729 9743 9730
f 9727 9741 9728
f 9726 9738 9739
f 9736 9750 9737
f 9734 9748 9735
f 9746 9758 9759
f 9743 9757 9744
f 9742 9754 9755
f 9739 9753 9740
f 9738 9750 9751
f 9736 9748 9749
f 9745 9757 9758
f 9742 9756 9743
f 9740 9754 9741
f 9739 9751 9752
f 9749 9763 9750
f 9748 9760 9761
f 9758 9772 9759
f 9756 9770 9757
f 9755 9767 9768
f 9752 9766 9753
f 9750 9764 9751
f 9749 9761 9762
f 9757 9771 9758
f 9756 9768 9769
f 9754 9766 9767
f 9752 9764 9765
f 9762 9776 9763
f 9760 9774 9761
f 9772 9784 9785
f 9770 9782 9783
f 9768 9780 9781
f 9765 9779 9766
f 9763 9777 9764
f 9762 9774 9775
f 9770 9784 9771
f 9768 9782 9769
f 9767 9779 9780
f 9764 9778 9765
f 9775 9789 9776
f 9774 9786 9787
f 9784 9798 9785
f 9782 9796 9783
f 9781 9793 9794
f 9779 9791 9792
f 9777 9789 9790
f 9774 9788 9775
f 9784 9796 9797
f 9782 9794 9795
f 9779 9793 9780
f 9777 9791 9778
f 9789 9802 9803
f 9786 9801 9787
f 9798 9811 9812
f 9796 9809 9810
f 9793 9808 9794
f 9792 9805 9806
f 9790 9803 9804
f 9787 9802 9788
f 9797 9810 9811
f 9795 9808 9809
f 9792 9807 9793
f 9790 9805 9791
f 9803 9815 9816
f 9801 9813 9814
f 9811 9825 9812
f 9810 9822 9823
f 9807 9821 9808
f 9806 9818 9819
f 9803 9817 9804
f 9801 9815 9802
f 9810 9824 9811
f 9809 9821 9822
f 9807 9819 9820
f 9804 9818 9805
f 9816 9828 9829
f 9814 9826 9827
f 9825 9837 9838
f 9822 9836 9823
f 9820 9834 9821
f 9819 9831 9832
f 9816 9830 9817
f 9814 9828 9815
f 9824 9836 9837
f 9822 9834 9835
f 9820 9832 9833
f 9817 9831 9818
f 9828 9842 9829
f 9826 9840 9827
f 9837 9851 9838
f 9836 9848 9849
f 9834 9846 9847
f 9831 9845 9832
f 9830 9842 9843
f 9828 9840 9841
f 9836 9850 9837
f 9834 9848 9835
f 9832 9846 9833
f 9831 9843 9844
f 9841 9855 9842
f 9839 9853 9840
f 9851 9863 9864
f 9848 9862 9849
f 9847 9859 9860
f 9845 9857 9858
f 9843 9855 9856
f 9841 9853 9854
f 9850 9862 9863
f 9847 9861 9848
f 9845 9859 9846
f 9843 9857 9844
f 9854 9868 9855
f 9853 9865 9866
f 9863 9877 9864
f 9861 9875 9862
f 9860 9872 9873
f 9858 9870 9871
f 9855 9869 9856
f 9854 9866 9867
f 9862 9876 9863
f 9860 9874 9861
f 9859 9871 9872
f 9856 9870 9857
f 9868 9880 9881
f 9865 9879 9866
f 9877 9889 9890
f 9875 9887 9888
f 9873 9885 9886
f 9870 9884 9871
f 9868 9882 9869
f 9867 9879 9880
f 9875 9889 9876
f 9873 9887 9874
f 9872 9884 9885
f 9870 9882 9883
f 9880 9894 9881
f 9878 9892 9879
f 9889 9903 9890
f 9887 9901 9888
f 9886 9898 9899
f 9884 9896 9897
f 9882 9894 9895
f 9879 9893 9880
f 9889 9901 9902
f 9887 9899 9900
f 9884 9898 9885
f 9882 9896 9883
f 9894 9906 9907
f 9891 9905 9892
f 9903 9915 9916
f 9901 9913 9914
f 9898 9912 9899
f 9896 9910 9897
f 9895 9907 9908
f 9892 9906 9893
f 9902 9914 9915
f 9899 9913 9900
f 9897 9911 9898
f 9896 9908 9909
f 9907 9919 9920
f 9905 9917 9918
f 9915 9929 9916
f 9914 9926 9927
f 9911 9925 9912
f 9909 9923 9910
f 9907 9921 9908
f 9905 9919 9906
f 9914 9928 9915
f 9913 9925 9926
f 9911 9923 9924
f 9909 9921 9922
f 9799 9525 9538
f 9799 9538 9551
f 9799 9551 9564
f 9799 9564 9577
f 9799 9577 9590
f 9799 9590 9603
f 9799 9603 9616
f 9799 9616 9629
f 9799 9629 9642
f 9799 9642 9655
f 9799 9655 9668
f 9799 9668 9681
f 9799 9681 9694
f 9799 9694 9707
f 9799 9707 9720
f 9799 9720 9733
f 9799 9733 9746
f 9799 9746 9759
f 9799 9759 9772
f 9799 9772 9785
f 9799 9785 9798
f 9799 9798 9812
f 9799 9812 9825
f 9799 9825 9838
f 9799 9838 9851
f 9799 9851 9864
f 9799 9864 9877
f 9799 9877 9890
f 9799 9890 9903
f 9799 9903 9916
f 9799 9916 9929
f 9920 9515 9516
f 9918 9513 9514
f 9929 9524 9525
f 9926 9523 9927
f 9924 9521 9925
f 9923 9518 9519
f 9920 9517 9921
f 9918 9515 9919
f 9799 9929 9525
f 9928 9523 9524
f 9926 9521 9522
f 9924 9519 9520
f 9921 9518 9922
f 9387 9917 9512
f 9917 9508 9512
f 9904 9503 9508
f 9891 9499 9503
f 9499 9865 9495
f 9495 9852 9491
f 9491 9839 9487
f 9839 9483 9487
f 9483 9813 9479
f 9813 9475 9479
f 9800 9471 9475
f 9786 9467 9471
f 9467 9760 9463
f 9463 9747 9459
f 9459 9734 9455
f 9734 9451 9455
f 9451 9708 9447
f 9708 9443 9447
f 9695 9439 9443
f 9682 9435 9439
f 9435 9656 9431
f 9431 9643 9427
f 9427 9630 9423
f 9630 9419 9423
f 9419 9604 9415
f 9604 9411 9415
f 9591 9407 9411
f 9578 9403 9407
f 9403 9552 9399
f 9399 9539 9395
f 9395 9526 9391
f 9526 9387 9391
f 9932 9935 9936
f 9932 9937 9933
f 9931 9934 9935
f 9936 9941 9937
f 9934 9939 9935
f 9935 9940 9936
f 9940 9945 9941
f 9939 9942 9943
f 9940 9943 9944
f 9945 9948 9949
f 9942 9947 9943
f 9943 9948 9944
f 9948 9953 9949
f 9947 9950 9951
f 9948 9951 9952
f 9953 9956 9957
f 9950 9955 9951
f 9951 9956 9952
f 9957 9960 9961
f 9955 9958 9959
f 9956 9959 9960
f 9961 9964 9965
f 9958 9963 9959
f 9959 9964 9960
f 9965 9968 9969
f 9963 9966 9967
f 9964 9967 9968
f 9968 9973 9969
f 9966 9971 9967
f 9967 9972 9968
f 9972 9977 9973
f 9970 9975 9971
f 9972 9975 9976
f 9977 9980 9981
f 9974 9979 9975
f 9975 9980 9976
f 9980 9985 9981
f 9979 9982 9983
f 9980 9983 9984
f 9985 9988 9989
f 9982 9987 9983
f 9983 9988 9984
f 9989 9992 9993
f 9986 9991 9987
f 9988 9991 9992
f 9993 9996 9997
f 9991 9994 9995
f 9991 9996 9992
f 9996 10001 9997
f 9994 9999 9995
f 9996 9999 10000
f 10000 10005 10001
f 9999 10002 10003
f 9999 10004 10000
f 10004 10009 10005
f 10003 10006 10007
f 10004 10007 10008
f 10009 10012 10013
f 10006 10011 10007
f 10007 10012 10008
f 10012 10017 10013
f 10011 10014 10015
f 10012 10015 10016
f 10017 10020 10021
f 10014 10019 10015
f 10015 10020 10016
f 10021 10024 10025
f 10019 10022 10023
f 10020 10023 10024
f 10024 10029 10025
f 10022 10027 10023
f 10023 10028 10024
f 10028 10033 10029
f 10027 10030 10031
f 10028 10031 10032
f 10032 10037 10033
f 10030 10035 10031
f 10031 10036 10032
f 10036 10041 10037
f 10035 10038 10039
f 10036 10039 10040
f 10041 10044 10045
f 10038 10043 10039
f 10039 10044 10040
f 10044 10049 10045
f 10043 10046 10047
f 10044 10047 10048
f 10049 10053 10054
f 10046 10052 10047
f 10047 10053 10048
f 10054 10057 10058
f 10052 10055 10056
f 10053 10056 10057
f 9930 10050 9934
f 9934 10050 9938
f 9938 10050 9942
f 9942 10050 9946
f 9946 10050 9950
f 9950 10050 9954
f 9954 10050 9958
f 9958 10050 9962
f 9962 10050 9966
f 9966 10050 9970
f 9970 10050 9974
f 9974 10050 9978
f 9978 10050 9982
f 9982 10050 9986
f 9986 10050 9990
f 9990 10050 9994
f 9994 10050 9998
f 9998 10050 10002
f 10002 10050 10006
f 10006 10050 10010
f 10010 10050 10014
f 10014 10050 10018
f 10018 10050 10022
f 10022 10050 10026
f 10026 10050 10030
f 10030 10050 10034
f 10034 10050 10038
f 10038 10050 10042
f 10042 10050 10046
f 10046 10050 10051
f 10051 10050 10055
f 10058 9932 9933
f 10055 9931 10056
f 10056 9932 10057
f 10055 10050 9930
f 10067 10079 10080
f 10064 10078 10065
f 10063 10075 10076
f 10061 10073 10074
f 10070 10082 10083
f 10067 10081 10068
f 10065 10079 10066
f 10064 10076 10077
f 10061 10075 10062
f 10059 10073 10060
f 10071 10083 10084
f 10069 10081 10082
f 10074 10088 10075
f 10072 10086 10073
f 10084 10096 10097
f 10081 10095 10082
f 10080 10092 10093
f 10078 10090 10091
f 10076 10088 10089
f 10074 10086 10087
f 10083 10095 10096
f 10080 10094 10081
f 10078 10092 10079
f 10076 10090 10077
f 10087 10101 10088
f 10086 10098 10099
f 10096 10110 10097
f 10094 10108 10095
f 10093 10105 10106
f 10091 10103 10104
f 10088 10102 10089
f 10087 10099 10100
f 10095 10109 10096
f 10094 10106 10107
f 10092 10104 10105
f 10089 10103 10090
f 10100 10114 10101
f 10098 10112 10099
f 10110 10122 10123
f 10108 10120 10121
f 10105 10119 10106
f 10103 10117 10104
f 10101 10115 10102
f 10100 10112 10113
f 10108 10122 10109
f 10106 10120 10107
f 10105 10117 10118
f 10103 10115 10116
f 10113 10127 10114
f 10112 10124 10125
f 10122 10136 10123
f 10120 10134 10121
f 10119 10131 10132
f 10117 10129 10130
f 10115 10127 10128
f 10113 10125 10126
f 10122 10134 10135
f 10119 10133 10120
f 10117 10131 10118
f 10115 10129 10116
f 10127 10139 10140
f 10124 10138 10125
f 10136 10148 10149
f 10134 10146 10147
f 10131 10145 10132
f 10130 10142 10143
f 10128 10140 10141
f 10125 10139 10126
f 10135 10147 10148
f 10133 10145 10146
f 10130 10144 10131
f 10128 10142 10129
f 10140 10152 10153
f 10138 10150 10151
f 10148 10162 10149
f 10147 10159 10160
f 10144 10158 10145
f 10143 10155 10156
f 10140 10154 10141
f 10138 10152 10139
f 10147 10161 10148
f 10146 10158 10159
f 10144 10156 10157
f 10141 10155 10142
f 10153 10165 10166
f 10151 10163 10164
f 10162 10174 10175
f 10159 10173 10160
f 10157 10171 10158
f 10156 10168 10169
f 10153 10167 10154
f 10151 10165 10152
f 10161 10173 10174
f 10159 10171 10172
f 10157 10169 10170
f 10154 10168 10155
f 10165 10179 10166
f 10163 10177 10164
f 10175 10187 10188
f 10173 10185 10186
f 10171 10183 10184
f 10168 10182 10169
f 10167 10179 10180
f 10165 10177 10178
f 10173 10187 10174
f 10171 10185 10172
f 10169 10183 10170
f 10168 10180 10181
f 10178 10192 10179
f 10176 10190 10177
f 10188 10200 10201
f 10185 10199 10186
f 10184 10196 10197
f 10182 10194 10195
f 10180 10192 10193
f 10178 10190 10191
f 10187 10199 10200
f 10184 10198 10185
f 10182 10196 10183
f 10180 10194 10181
f 10191 10205 10192
f 10190 10202 10203
f 10200 10214 10201
f 10198 10212 10199
f 10197 10209 10210
f 10195 10207 10208
f 10192 10206 10193
f 10191 10203 10204
f 10199 10213 10200
f 10197 10211 10198
f 10196 10208 10209
f 10193 10207 10194
f 10205 10217 10218
f 10202 10216 10203
f 10214 10226 10227
f 10211 10225 10212
f 10210 10222 10223
f 10207 10221 10208
f 10205 10219 10206
f 10204 10216 10217
f 10212 10226 10213
f 10210 10224 10211
f 10209 10221 10222
f 10207 10219 10220
f 10217 10231 10218
f 10216 10228 10229
f 10226 10240 10227
f 10224 10238 10225
f 10223 10235 10236
f 10221 10233 10234
f 10219 10231 10232
f 10217 10229 10230
f 10226 10238 10239
f 10223 10237 10224
f 10221 10235 10222
f 10219 10233 10220
f 10231 10243 10244
f 10228 10242 10229
f 10240 10252 10253
f 10238 10250 10251
f 10235 10249 10236
f 10234 10246 10247
f 10232 10244 10245
f 10229 10243 10230
f 10239 10251 10252
f 10237 10249 10250
f 10234 10248 10235
f 10232 10246 10233
f 10244 10256 10257
f 10242 10254 10255
f 10252 10266 10253
f 10251 10263 10264
f 10248 10262 10249
f 10247 10259 10260
f 10244 10258 10245
f 10242 10256 10243
f 10251 10265 10252
f 10250 10262 10263
f 10248 10260 10261
f 10245 10259 10246
f 10257 10269 10270
f 10255 10267 10268
f 10266 10278 10279
f 10263 10277 10264
f 10261 10275 10262
f 10260 10272 10273
f 10257 10271 10258
f 10255 10269 10256
f 10265 10277 10278
f 10263 10275 10276
f 10261 10273 10274
f 10258 10272 10259
f 10269 10283 10270
f 10267 10281 10268
f 10278 10292 10279
f 10277 10289 10290
f 10275 10287 10288
f 10272 10286 10273
f 10271 10283 10284
f 10269 10281 10282
f 10277 10291 10278
f 10275 10289 10276
f 10273 10287 10274
f 10272 10284 10285
f 10282 10296 10283
f 10280 10294 10281
f 10292 10304 10305
f 10289 10303 10290
f 10288 10300 10301
f 10286 10298 10299
f 10284 10296 10297
f 10282 10294 10295
f 10291 10303 10304
f 10288 10302 10289
f 10286 10300 10287
f 10284 10298 10285
f 10295 10309 10296
f 10294 10306 10307
f 10304 10318 10305
f 10302 10316 10303
f 10301 10313 10314
f 10299 10311 10312
f 10296 10310 10297
f 10295 10307 10308
f 10303 10317 10304
f 10301 10315 10302
f 10300 10312 10313
f 10297 10311 10298
f 10309 10321 10322
f 10307 10319 10320
f 10318 10330 10331
f 10316 10328 10329
f 10314 10326 10327
f 10311 10325 10312
f 10309 10323 10310
f 10308 10320 10321
f 10316 10330 10317
f 10314 10328 10315
f 10313 10325 10326
f 10311 10323 10324
f 10321 10335 10322
f 10320 10332 10333
f 10330 10344 10331
f 10329 10341 10342
f 10326 10340 10327
f 10325 10337 10338
f 10323 10335 10336
f 10320 10334 10321
f 10330 10342 10343
f 10328 10340 10341
f 10325 10339 10326
f 10323 10337 10324
f 10335 10348 10349
f 10332 10347 10333
f 10344 10357 10358
f 10342 10355 10356
f 10339 10354 10340
f 10337 10352 10338
f 10336 10349 10350
f 10333 10348 10334
f 10343 10356 10357
f 10341 10354 10355
f 10338 10353 10339
f 10337 10350 10351
f 10349 10361 10362
f 10347 10359 10360
f 10357 10371 10358
f 10356 10368 10369
f 10353 10367 10354
f 10351 10365 10352
f 10349 10363 10350
f 10347 10361 10348
f 10356 10370 10357
f 10355 10367 10368
f 10353 10365 10366
f 10351 10363 10364
f 10362 10374 10375
f 10360 10372 10373
f 10371 10383 10384
f 10368 10382 10369
f 10366 10380 10367
f 10365 10377 10378
f 10362 10376 10363
f 10360 10374 10361
f 10370 10382 10383
f 10368 10380 10381
f 10366 10378 10379
f 10363 10377 10364
f 10374 10388 10375
f 10372 10386 10373
f 10383 10397 10384
f 10382 10394 10395
f 10380 10392 10393
f 10377 10391 10378
f 10376 10388 10389
f 10374 10386 10387
f 10382 10396 10383
f 10380 10394 10381
f 10378 10392 10379
f 10377 10389 10390
f 10387 10401 10388
f 10385 10399 10386
f 10397 10409 10410
f 10394 10408 10395
f 10393 10405 10406
f 10390 10404 10391
f 10389 10401 10402
f 10387 10399 10400
f 10396 10408 10409
f 10393 10407 10394
f 10391 10405 10392
f 10390 10402 10403
f 10400 10414 10401
f 10399 10411 10412
f 10409 10423 10410
f 10407 10421 10408
f 10406 10418 10419
f 10403 10417 10404
f 10401 10415 10402
f 10400 10412 10413
f 10408 10422 10409
f 10406 10420 10407
f 10405 10417 10418
f 10403 10415 10416
f 10414 10426 10427
f 10411 10425 10412
f 10423 10435 10436
f 10420 10434 10421
f 10418 10432 10419
f 10416 10430 10417
f 10414 10428 10415
f 10412 10426 10413
f 10421 10435 10422
f 10419 10433 10420
f 10418 10430 10431
f 10416 10428 10429
f 10427 10439 10440
f 10425 10437 10438
f 10435 10449 10436
f 10433 10447 10434
f 10431 10445 10432
f 10430 10442 10443
f 10428 10440 10441
f 10425 10439 10426
f 10435 10447 10448
f 10433 10445 10446
f 10430 10444 10431
f 10428 10442 10429
f 10440 10452 10453
f 10437 10451 10438
f 10449 10461 10462
f 10447 10459 10460
f 10444 10458 10445
f 10443 10455 10456
f 10441 10453 10454
f 10438 10452 10439
f 10448 10460 10461
f 10446 10458 10459
f 10443 10457 10444
f 10441 10455 10442
f 10453 10465 10466
f 10451 10463 10464
f 10461 10475 10462
f 10460 10472 10473
f 10457 10471 10458
f 10456 10468 10469
f 10453 10467 10454
f 10451 10465 10452
f 10460 10474 10461
f 10459 10471 10472
f 10457 10469 10470
f 10454 10468 10455
f 10345 10071 10084
f 10345 10084 10097
f 10345 10097 10110
f 10345 10110 10123
f 10345 10123 10136
f 10345 10136 10149
f 10345 10149 10162
f 10345 10162 10175
f 10345 10175 10188
f 10345 10188 10201
f 10345 10201 10214
f 10345 10214 10227
f 10345 10227 10240
f 10345 10240 10253
f 10345 10253 10266
f 10345 10266 10279
f 10345 10279 10292
f 10345 10292 10305
f 10345 10305 10318
f 10345 10318 10331
f 10345 10331 10344
f 10345 10344 10358
f 10345 10358 10371
f 10345 10371 10384
f 10345 10384 10397
f 10345 10397 10410
f 10345 10410 10423
f 10345 10423 10436
f 10345 10436 10449
f 10345 10449 10462
f 10345 10462 10475
f 10466 10061 10062
f 10464 10059 10060
f 10474 10071 10475
f 10472 10069 10473
f 10470 10067 10471
f 10469 10064 10065
f 10466 10063 10467
f 10464 10061 10465
f 10345 10475 10071
f 10473 10070 10474
f 10472 10067 10068
f 10470 10065 10066
f 10467 10064 10468
f 9933 10463 10058
f 10463 10054 10058
f 10450 10049 10054
f 10437 10045 10049
f 10045 10411 10041
f 10041 10398 10037
f 10037 10385 10033
f 10385 10029 10033
f 10029 10359 10025
f 10359 10021 10025
f 10346 10017 10021
f 10332 10013 10017
f 10013 10306 10009
f 10009 10293 10005
f 10005 10280 10001
f 10280 9997 10001
f 9997 10254 9993
f 10254 9989 9993
f 10241 9985 9989
f 10228 9981 9985
f 9981 10202 9977
f 9977 10189 9973
f 9973 10176 9969
f 10176 9965 9969
f 9965 10150 9961
f 10150 9957 9961
f 10137 9953 9957
f 10124 9949 9953
f 9949 10098 9945
f 9945 10085 9941
f 9941 10072 9937
f 10072 9933 9937
f 4 3 2
f 8 7 6
f 13 16 15
f 17 28 19
f 32 31 30
f 36 35 34
f 37 40 39
f 21 22 23
f 25 26 27
f 41 44 43
f 48 47 46
f 52 51 50
f 53 56 55
f 60 59 58
f 29 30 62
f 66 65 64
f 67 5 6
f 72 71 70
f 76 75 74
f 77 80 79
f 81 84 83
f 59 87 86
f 88 91 90
f 96 95 94
f 100 99 98
f 101 104 103
f 106 105 34
f 108 116 115
f 117 119 36
f 124 127 126
f 131 130 129
f 132 102 134
f 142 141 140
f 148 106 60
f 144 143 127
f 149 152 151
f 156 155 154
f 159 150 158
f 116 108 164
f 171 170 169
f 174 126 173
f 179 182 181
f 186 189 188
f 194 197 196
f 199 142 139
f 206 209 208
f 213 212 211
f 202 215 214
f 96 93 216
f 92 238 43
f 97 184 246
f 250 249 229
f 252 254 58
f 258 257 256
f 260 91 229
f 110 111 112
f 114 264 263
f 265 268 267
f 56 53 270
f 274 273 249
f 185 183 63
f 280 279 278
f 285 284 283
f 288 219 211
f 141 142 92
f 289 290 175
f 148 116 105
f 312 311 170
f 238 262 42
f 318 163 160
f 310 309 308
f 241 239 325
f 160 230 240
f 47 48 307
f 108 109 315
f 345 85 86
f 348 351 350
f 356 359 358
f 355 354 353
f 363 31 32
f 364 252 253
f 366 125 368
f 183 372 371
f 163 162 161
f 209 226 101
f 378 377 165
f 379 295 381
f 383 382 3
f 284 285 386
f 387 127 389
f 391 259 229
f 73 281 397
f 405 408 407
f 203 218 411
f 414 121 413
f 1 356 357
f 277 276 131
f 254 344 57
f 358 384 415
f 417 416 386
f 401 400 192
f 419 389 127
f 421 181 182
f 103 301 302
f 428 367 368
f 380 390 359
f 62 204 266
f 140 141 431
f 357 358 351
f 356 1 379
f 415 392 403
f 437 428 436
f 438 441 440
f 188 451 450
f 265 455 181
f 224 185 64
f 237 212 213
f 275 131 128
f 281 282 460
f 50 462 79
f 73 74 282
f 468 467 466
f 390 355 352
f 482 485 484
f 489 488 487
f 493 496 495
f 472 471 470
f 502 501 500
f 220 221 222
f 512 419 143
f 518 517 511
f 513 239 230
f 205 30 31
f 189 370 451
f 163 318 532
f 533 224 225
f 446 448 447
f 335 541 540
f 544 512 546
f 329 519 291
f 199 534 262
f 385 386 416
f 532 190 191
f 363 117 118
f 578 581 580
f 573 572 571
f 561 563 562
f 241 260 259
f 590 593 592
f 545 546 595
f 503 154 155
f 606 625 624
f 478 481 480
f 646 649 648
f 590 591 689
f 564 565 651
f 728 246 184
f 714 724 716
f 692 574 575
f 541 335 581
f 346 68 248
f 161 231 230
f 128 129 94
f 698 705 704
f 574 577 576
f 290 289 401
f 630 631 725
f 733 736 735
f 755 466 496
f 759 480 481
f 757 763 762
f 764 496 466
f 768 767 9260
f 759 760 488
f 492 474 475
f 474 770 769
f 773 468 465
f 771 774 486
f 484 485 775
f 774 776 489
f 495 496 764
f 495 757 761
f 137 397 784
f 325 239 797
f 165 519 51
f 369 32 29
f 730 731 568
f 90 302 301
f 243 118 516
f 800 734 806
f 817 815 808
f 816 808 823
f 306 303 447
f 815 810 809
f 829 830 828
f 726 725 501
f 274 427 424
f 879 882 881
f 884 883 879
f 219 218 217
f 906 905 904
f 455 204 205
f 898 882 830
f 903 900 880
f 377 291 519
f 923 949 948
f 946 947 951
f 8963 740 739
f 900 899 886
f 225 64 65
f 182 445 442
f 809 952 947
f 954 960 962
f 927 950 965
f 885 879 880
f 925 927 966
f 343 342 341
f 965 964 971
f 968 971 970
f 972 968 969
f 963 961 981
f 336 337 338
f 992 993 827
f 810 815 996
f 1007 1001 1002
f 1012 826 827
f 1011 1009 1007
f 294 293 292
f 907 908 920
f 1017 579 1019
f 1020 1023 1022
f 1035 1024 1020
f 1061 1060 1047
f 1063 1061 1046
f 1044 1020 1021
f 1102 1094 1097
f 1116 1126 1118
f 1016 1015 1014
f 881 897 904
f 816 1116 1127
f 1094 948 949
f 514 342 167
f 146 145 81
f 1133 1135 1130
f 1102 1133 1126
f 822 1126 1116
f 1145 1143 1148
f 1076 1144 1151
f 1148 1143 1086
f 1109 1097 1114
f 1154 1153 1156
f 1153 925 967
f 8815 8941 463
f 1144 1147 1152
f 1156 967 1163
f 1164 1162 1169
f 1145 1171 1176
f 1114 1115 1154
f 1183 1155 1164
f 1184 1183 1177
f 1069 1151 1062
f 1023 1191 1194
f 1162 1163 1170
f 1195 1184 1185
f 1183 1196 1176
f 1201 1063 1152
f 1061 1063 1201
f 9277 847 843
f 1203 1202 1195
f 1202 1201 1184
f 1218 1060 1203
f 1060 1061 1202
f 1225 1218 1217
f 671 695 694
f 1219 1217 1024
f 1217 1203 1034
f 1226 1014 1015
f 1243 1242 1234
f 1231 1230 1229
f 847 1243 1233
f 843 1233 1244
f 1233 1234 1245
f 1923 9213 233
f 2100 2108 499
f 9366 9316 2135
f 61 62 323
f 210 211 217
f 1299 1310 1309
f 9315 1230 1231
f 1066 1047 1321
f 1322 1321 1228
f 1060 1218 1321
f 1325 1324 1323
f 1244 1245 1332
f 1290 1234 1242
f 1337 1330 1339
f 1330 1332 1340
f 1341 1332 1245
f 1342 1340 1332
f 1343 1342 1341
f 1344 1341 1294
f 9309 9308 1345
f 1347 1348 1342
f 9308 9306 1295
f 1349 1350 1348
f 9313 1349 1347
f 9305 1347 1343
f 906 898 829
f 905 906 1353
f 865 1356 1355
f 1355 1353 829
f 1357 1355 825
f 1356 1354 1353
f 9286 1337 1338
f 866 1358 1356
f 1358 1359 1354
f 9280 878 1337
f 838 1362 1012
f 1363 1364 1338
f 1368 1363 1339
f 1348 1368 1340
f 1371 1369 9276
f 524 525 526
f 528 529 530
f 1372 1370 1369
f 535 536 537
f 1367 1368 1348
f 1370 1354 1359
f 1369 1359 9285
f 1373 910 903
f 555 556 557
f 1374 909 910
f 1373 904 905
f 1374 1373 1375
f 1375 905 1354
f 1378 920 908
f 376 373 651
f 1388 928 973
f 586 587 588
f 1390 1389 1388
f 1391 1388 969
f 597 598 599
f 600 601 602
f 1392 1391 970
f 608 609 610
f 612 524 523
f 614 615 616
f 617 618 25
f 620 621 622
f 1397 1390 1391
f 1398 1397 1392
f 1400 987 920
f 1402 1403 1165
f 636 637 638
f 930 1404 1402
f 641 642 643
f 929 1402 1169
f 1404 1405 1403
f 1411 1366 1365
f 1412 1406 1415
f 652 653 654
f 609 656 657
f 659 660 661
f 558 663 586
f 665 666 667
f 1413 1411 1406
f 1418 1416 9262
f 1417 1372 1371
f 1416 1371 9281
f 1419 1417 1416
f 1386 909 1374
f 677 678 679
f 1385 1386 1420
f 1420 1374 1376
f 685 686 687
f 1421 1420 1422
f 528 690 691
f 1422 1376 1372
f 1018 1019 747
f 699 700 701
f 1424 578 579
f 9115 1597 1767
f 700 699 711
f 1093 9198 9206
f 717 718 530
f 721 722 723
f 704 1650 8987
f 19 1429 1426
f 1429 1428 1427
f 1658 1659 8986
f 1439 1437 1434
f 1437 1436 1435
f 1426 1427 1433
f 1442 1431 1432
f 742 743 744
f 1432 1433 1441
f 751 752 753
f 1438 1434 1403
f 1446 1445 1444
f 1447 1448 1446
f 9312 1447 1443
f 1415 1367 1445
f 1414 1415 1446
f 2173 1683 469
f 777 778 779
f 780 781 782
f 1676 1693 1806
f 9311 1451 1349
f 789 790 791
f 745 792 793
f 652 794 795
f 1455 1458 1457
f 1454 1367 1350
f 610 691 802
f 9283 9268 698
f 1352 1044 1045
f 1015 1016 1459
f 811 812 813
f 2118 9267 9269
f 819 820 821
f 1466 1463 1194
f 1467 1468 1465
f 1182 1165 1468
f 832 812 833
f 835 836 837
f 1467 1466 1190
f 1469 1470 1444
f 840 700 712
f 1453 1470 1469
f 599 844 845
f 1226 1450 9301
f 851 852 853
f 855 744 856
f 858 859 860
f 861 862 863
f 1014 1226 9307
f 867 676 868
f 870 871 872
f 874 875 876
f 1310 1323 1471
f 1476 1433 1427
f 1461 1476 1475
f 887 888 889
f 788 791 892
f 894 895 896
f 1460 1475 1227
f 901 902 524
f 1465 1478 1477
f 1865 8947 8944
f 911 912 913
f 916 917 918
f 1850 8949 8951
f 921 922 895
f 1479 1435 1436
f 926 664 667
f 1481 562 563
f 269 1483 84
f 931 932 933
f 934 935 614
f 936 685 688
f 938 659 662
f 1484 270 122
f 941 942 835
f 320 321 509
f 1849 8954 8949
f 84 1483 1484
f 1487 1490 1488
f 1757 1758 8946
f 365 1492 1491
f 461 79 80
f 117 363 362
f 1494 540 541
f 926 601 957
f 1477 1441 1433
f 1709 1588 1585
f 119 117 1496
f 271 1497 504
f 511 517 189
f 345 1496 1492
f 57 344 299
f 1501 1499 268
f 267 268 1499
f 974 975 976
f 1678 1652 1693
f 9298 1682 1807
f 557 982 663
f 983 941 984
f 1443 1444 9301
f 421 1500 268
f 989 990 991
f 1490 1487 418
f 279 280 309
f 997 868 676
f 998 26 999
f 1504 418 38
f 1506 1508 1507
f 360 361 1508
f 1506 1486 207
f 939 1005 1006
f 270 1484 1483
f 66 63 546
f 1010 742 793
f 367 428 437
f 244 31 363
f 1670 8976 8978
f 209 206 1510
f 388 389 426
f 427 274 250
f 161 520 521
f 100 246 45
f 1025 1026 608
f 1029 1030 1031
f 939 662 1033
f 41 42 594
f 1036 780 783
f 702 701 1038
f 1040 1041 1042
f 362 32 369
f 187 1520 477
f 70 1487 539
f 1049 600 603
f 613 867 869
f 860 1050 1051
f 1005 1052 1053
f 753 1055 1056
f 1057 1058 1059
f 293 288 1522
f 288 212 1521
f 292 1522 1523
f 331 1507 1508
f 306 452 453
f 100 44 41
f 462 1524 78
f 330 331 1524
f 635 1067 1068
f 1485 1527 1526
f 206 1485 1528
f 1070 1071 1072
f 942 941 1073
f 916 933 1075
f 440 1529 1530
f 157 158 1514
f 1529 162 5
f 371 595 546
f 790 586 663
f 1077 858 857
f 1403 1434 1435
f 1080 1081 1082
f 531 520 1529
f 21 1083 1084
f 272 1532 1531
f 690 712 802
f 335 9015 9011
f 1090 1030 1029
f 1092 795 794
f 1533 396 137
f 661 660 1095
f 69 444 445
f 1099 1100 1101
f 38 39 1536
f 1104 1105 1106
f 852 1107 1108
f 1377 908 909
f 291 377 411
f 316 1536 516
f 539 1488 1533
f 1505 1536 316
f 1110 1111 1112
f 1539 1537 460
f 522 441 1537
f 834 837 1120
f 1122 1123 1124
f 612 1125 1041
f 935 793 615
f 276 278 130
f 1686 8993 8966
f 193 190 1541
f 231 521 1540
f 556 1037 982
f 365 253 85
f 190 532 318
f 1810 765 9018
f 9376 1867 8956
f 1132 983 985
f 208 101 102
f 1134 1033 662
f 1491 518 80
f 429 133 1542
f 1137 1138 915
f 172 436 428
f 1139 1140 1141
f 549 96 54
f 1517 1519 1518
f 834 1119 984
f 1543 513 286
f 1544 797 239
f 133 134 1544
f 506 361 257
f 420 327 328
f 1158 1159 1160
f 587 1104 1103
f 607 1161 1027
f 304 1546 1545
f 364 1491 77
f 69 70 198
f 700 840 1112
f 9329 626 8969
f 1166 719 657
f 1167 1168 858
f 1300 8967 8968
f 1172 1173 1174
f 218 203 200
f 1179 1180 1181
f 372 183 97
f 89 104 227
f 1186 1187 1188
f 172 173 1517
f 1482 84 81
f 1090 1192 1193
f 394 395 353
f 526 525 1198
f 1199 1200 1026
f 606 623 697
f 1204 1205 1206
f 1207 1208 523
f 1209 1210 867
f 914 913 685
f 1478 1436 1441
f 1029 1028 1161
f 1211 1212 1213
f 9310 1453 1451
f 844 1215 1216
f 423 193 273
f 1220 1221 1222
f 22 1223 1224
f 882 898 897
f 1519 1517 173
f 1189 1188 1232
f 349 350 550
f 1071 1235 1236
f 1237 1238 1239
f 1221 1186 1189
f 1510 1528 1512
f 939 1032 1241
f 1556 1530 5
f 1553 1554 394
f 404 1556 67
f 1247 1248 1249
f 142 199 238
f 1251 1067 635
f 850 1252 1253
f 1254 1167 1077
f 57 132 133
f 443 430 552
f 1187 1172 1175
f 1256 1070 831
f 432 405 382
f 741 748 747
f 434 350 351
f 349 432 383
f 251 124 1481
f 395 384 352
f 1518 1519 1550
f 1558 410 378
f 109 263 314
f 285 1514 1513
f 395 394 393
f 202 203 410
f 417 408 405
f 1246 1257 1258
f 3 1559 297
f 1259 1260 1261
f 403 404 347
f 955 954 953
f 462 50 51
f 1096 1095 687
f 429 147 60
f 896 1264 1265
f 1267 721 1268
f 423 424 327
f 37 179 180
f 20 23 1187
f 1256 1168 1071
f 1188 1175 1269
f 1236 1270 1271
f 1272 536 535
f 565 564 463
f 1273 792 745
f 876 1254 1255
f 316 33 164
f 437 1516 503
f 194 1494 1495
f 1275 1276 864
f 624 625 631
f 1277 1274 1137
f 569 568 567
f 1481 124 125
f 324 325 547
f 1279 1108 1107
f 1525 332 329
f 1281 1278 1137
f 171 168 1553
f 1488 73 396
f 1557 1561 1562
f 1282 856 1206
f 1053 1277 1278
f 778 777 607
f 713 583 9010
f 251 225 144
f 4 357 348
f 709 708 707
f 728 48 45
f 261 135 1563
f 789 1286 1287
f 74 314 263
f 403 284 385
f 1178 1181 1240
f 1223 1259 1289
f 1220 20 1186
f 296 1518 354
f 784 459 1538
f 1181 1180 1291
f 1269 1292 1257
f 1566 1538 438
f 136 784 1566
f 1563 1564 169
f 107 114 109
f 1297 1282 1298
f 1464 1477 1476
f 1520 187 507
f 1301 1302 1303
f 1306 1307 1308
f 175 456 1532
f 1532 456 200
f 1311 1266 1312
f 872 1314 1315
f 9288 843 878
f 1305 1308 864
f 1040 1275 863
f 1564 1566 399
f 592 1576 1575
f 591 1575 1088
f 1581 1584 1583
f 1196 1152 1147
f 710 582 583
f 285 407 408
f 953 954 961
f 1594 1592 1589
f 1585 1588 1587
f 1592 1591 1590
f 9337 945 944
f 1600 1599 1598
f 1604 1603 1602
f 1399 1392 979
f 1589 1590 1596
f 1610 1609 1608
f 298 257 361
f 551 552 276
f 1627 1626 9266
f 859 811 818
f 1078 857 1328
f 1555 439 1530
f 572 573 680
f 772 465 776
f 977 1281 918
f 404 403 392
f 1054 1331 750
f 1644 1645 1643
f 932 1265 1082
f 1067 1333 1334
f 1540 1539 264
f 597 1335 643
f 471 761 762
f 1642 696 9283
f 1644 1642 9294
f 923 946 950
f 96 549 548
f 520 531 522
f 445 444 443
f 849 839 848
f 480 759 755
f 1646 760 481
f 311 426 1567
f 464 463 8941
f 8941 1360 1361
f 234 237 236
f 190 193 192
f 153 154 152
f 231 287 286
f 1552 1553 1551
f 760 1646 1648
f 9284 1647 1649
f 828 827 826
f 52 167 166
f 1663 1662 1661
f 287 107 115
f 668 671 670
f 634 645 640
f 553 560 559
f 118 36 33
f 492 484 491
f 8996 1652 1651
f 582 589 584
f 384 395 392
f 1381 1382 1383
f 1562 1561 435
f 952 953 951
f 8973 9010 583
f 1660 1661 1667
f 1394 1395 1396
f 1660 1665 1664
f 1671 1670 1669
f 1624 1625 1673
f 1407 1408 1409
f 1677 1676 1675
f 1613 1679 1677
f 1679 1678 1676
f 1626 1681 9263
f 534 199 198
f 803 733 734
f 400 248 191
f 65 66 143
f 8970 1657 1656
f 402 159 157
f 629 628 627
f 461 477 49
f 758 757 495
f 796 787 786
f 406 407 1513
f 342 343 166
f 1694 1659 1658
f 1692 1687 1694
f 9001 1693 1652
f 9373 1704 1703
f 326 547 302
f 9368 9373 1702
f 9371 9370 1698
f 1699 1691 9379
f 1557 406 1560
f 1127 1116 1117
f 400 401 289
f 1706 1702 1707
f 1707 1702 1599
f 1709 1706 1708
f 1714 1712 1711
f 9371 9367 1709
f 1704 1711 1577
f 1716 1714 1713
f 1559 1562 1549
f 1722 1721 1720
f 1335 597 596
f 410 411 377
f 973 1170 1163
f 168 169 399
f 1571 682 1089
f 1572 681 682
f 749 646 647
f 1730 1724 1723
f 1594 1582 1729
f 1729 1723 1591
f 1384 1378 1377
f 1732 1731 1712
f 1724 1730 1731
f 1722 1724 1732
f 1721 1722 1733
f 1734 1733 1716
f 1735 1737 1736
f 1733 1732 1714
f 1663 1664 1741
f 1742 1665 1740
f 1738 1739 1737
f 1665 1660 1666
f 1665 1742 1744
f 1725 1726 1746
f 1591 1725 1745
f 1590 1745 1747
f 1745 1746 1748
f 1659 1688 8982
f 5650 1760 8989
f 1185 1177 1182
f 1664 1744 1749
f 1741 1749 1739
f 1746 1742 1743
f 1726 1744 1742
f 1115 924 1153
f 1654 8990 9019
f 1896 9006 8993
f 1720 1749 1744
f 1721 1739 1749
f 1750 1718 1701
f 1697 1736 1750
f 1151 1152 1063
f 1751 1752 1670
f 1695 1658 1752
f 961 962 986
f 1770 1769 1768
f 1766 1594 1593
f 1731 1759 1579
f 1579 1777 1774
f 9380 1772 1771
f 1764 1772 9380
f 1777 1776 1775
f 9214 9215 1699
f 1004 1127 1128
f 1774 1775 1771
f 987 1400 1399
f 1578 1774 1772
f 1783 1782 1781
f 1597 1598 1770
f 639 1878 9347
f 9380 9381 1769
f 1793 1792 1789
f 9381 9372 1798
f 8952 8960 9225
f 1802 1867 9376
f 1788 1790 1794
f 1793 1794 1795
f 9225 9224 1675
f 1584 1581 1783
f 1771 1797 9372
f 1801 1799 1798
f 1768 1769 1798
f 1775 1796 1797
f 508 514 515
f 1796 1803 1802
f 1800 1798 9372
f 1794 1805 1804
f 8976 1670 1752
f 485 1808 1807
f 9261 9296 1640
f 9289 9296 1810
f 485 482 1640
f 1690 1691 9222
f 487 488 1648
f 9291 1813 1816
f 9290 1811 1648
f 9291 1812 1811
f 1812 1809 487
f 1641 1809 767
f 465 466 755
f 767 1815 9275
f 9274 1816 9278
f 1809 1812 1815
f 9289 1653 1651
f 675 672 8985
f 1814 1649 1822
f 1821 1822 9273
f 1824 1822 1649
f 1827 1849 1850
f 1668 1669 1662
f 1779 1780 1848
f 1790 1827 1805
f 1833 1836 1853
f 8965 8950 693
f 1614 1615 1616
f 1852 1853 8942
f 1620 1621 1622
f 1855 1765 1574
f 1847 1852 8945
f 1766 1765 1855
f 1629 1630 1631
f 1633 1622 1634
f 1635 1636 1637
f 1848 1833 1852
f 1855 1861 1863
f 1803 1866 1867
f 1862 1863 1831
f 1782 1855 1862
f 9374 9376 1865
f 1873 1872 1870
f 1874 1869 799
f 2045 9330 9349
f 1219 1345 1295
f 1615 1614 1396
f 9336 9347 1877
f 645 9350 9238
f 1345 1219 1035
f 634 639 9336
f 15 1887 1327
f 9362 9347 1878
f 1894 604 605
f 8950 8995 627
f 9004 640 645
f 340 341 454
f 1897 194 195
f 1889 1882 1877
f 1901 94 129
f 196 749 754
f 1705 1704 9373
f 340 378 166
f 1570 1480 563
f 1904 1494 194
f 1781 1862 1832
f 1905 549 55
f 1000 994 995
f 986 919 920
f 1191 1185 1190
f 2094 2077 2075
f 1920 1921 1919
f 453 454 1912
f 1915 1919 1918
f 9334 2112 2106
f 1655 9019 8975
f 1916 1918 1926
f 704 8998 9005
f 278 1916 1925
f 9009 9008 1818
f 1097 949 1115
f 1927 1928 727
f 9030 9031 9106
f 1920 310 307
f 1929 307 48
f 503 504 1497
f 1902 1903 787
f 1816 1821 9272
f 1925 1926 1923
f 1535 1569 1568
f 254 252 258
f 1509 1497 366
f 119 86 35
f 219 288 293
f 141 46 47
f 542 205 244
f 1940 552 430
f 1779 1828 1827
f 1701 1710 9367
f 1661 8994 8959
f 270 53 754
f 197 1947 749
f 1727 1728 1212
f 53 54 232
f 1465 1468 1479
f 1284 9314 9306
f 1951 446 412
f 168 398 1554
f 1486 1485 206
f 506 77 78
f 994 1001 1007
f 951 953 963
f 1013 9311 9313
f 9278 9272 1820
f 1498 1909 1954
f 299 298 543
f 1754 1755 1756
f 1681 469 1683
f 1696 1694 1695
f 13 14 738
f 473 476 475
f 482 1641 768
f 204 62 30
f 1761 1762 820
f 611 1763 1125
f 1501 1503 1908
f 1074 1073 711
f 1960 1944 82
f 120 1956 1960
f 35 86 87
f 1773 1199 1025
f 1965 1545 1569
f 494 761 471
f 1966 1967 1969
f 446 1951 1971
f 174 368 125
f 1580 1579 1578
f 1785 1786 1787
f 1972 1546 304
f 1254 876 875
f 1973 341 342
f 321 1912 1973
f 1910 277 275
f 509 1973 514
f 1486 1507 1527
f 1974 1874 804
f 1977 1976 1974
f 1980 448 1966
f 379 1 2
f 1718 1715 1710
f 884 995 992
f 1680 1684 1678
f 902 990 525
f 344 255 256
f 135 138 137
f 448 446 1967
f 589 605 604
f 910 909 908
f 1981 1966 1968
f 1982 1981 1987
f 1988 1979 1987
f 1990 1988 1989
f 1991 1989 1993
f 322 321 320
f 992 828 830
f 1144 1076 1086
f 1995 1977 1978
f 1133 1129 1118
f 1997 1995 1994
f 870 1823 1335
f 805 806 1982
f 727 184 2000
f 1996 1994 1988
f 1994 1978 1979
f 1829 616 792
f 1830 1073 941
f 798 803 800
f 729 732 731
f 2011 2012 2023
f 1834 1835 846
f 402 283 284
f 2022 2023 2024
f 1838 718 989
f 810 955 952
f 1823 1839 1840
f 1430 1426 1432
f 1215 844 1841
f 1316 1208 873
f 2112 1401 1384
f 1842 1843 1844
f 1159 846 845
f 837 27 1846
f 1971 1951 2030
f 517 369 370
f 1471 2026 2027
f 8995 8969 626
f 2174 2175 770
f 935 934 1854
f 1613 1619 1611
f 1231 1228 1225
f 1856 1857 891
f 1300 1309 748
f 1150 1149 1858
f 1643 606 696
f 1215 1265 1264
f 1320 1860 902
f 1956 1943 1944
f 2031 668 669
f 2034 1325 1310
f 1879 1880 1656
f 40 245 242
f 1992 1993 2039
f 888 958 957
f 1882 1889 1996
f 1078 1138 1255
f 1871 912 1192
f 294 411 218
f 1323 2041 2026
f 123 1960 83
f 1324 2036 2041
f 384 358 359
f 1324 1325 2038
f 1883 1884 1885
f 287 1540 114
f 1096 1886 1134
f 915 1329 931
f 806 1980 1981
f 8977 8973 584
f 1425 2030 2042
f 1018 2042 1948
f 9006 1896 740
f 1948 2042 649
f 1881 1882 1990
f 1900 129 130
f 992 995 994
f 923 927 925
f 9330 2045 2047
f 1643 2048 625
f 2050 2052 2051
f 2045 1405 1404
f 9328 2047 945
f 1139 1080 1079
f 1037 1856 892
f 2055 2053 2057
f 1198 989 718
f 1619 2058 1612
f 2058 1605 1606
f 2059 2060 1607
f 2058 1619 1624
f 71 72 179
f 405 406 1557
f 322 1548 1972
f 2061 2052 2063
f 2066 2065 2067
f 2052 2061 2064
f 1609 1610 2066
f 1515 151 152
f 1009 827 993
f 1644 9295 9267
f 279 1915 1916
f 1285 9315 9314
f 1647 2066 1825
f 2056 2057 2067
f 319 320 1953
f 667 666 1913
f 2070 631 625
f 2052 2050 2055
f 2038 1654 1655
f 1606 1601 2073
f 1235 1917 1270
f 2072 2073 2075
f 2059 1606 2072
f 2074 2075 2077
f 1601 1602 2078
f 2049 2048 1643
f 1000 1004 1001
f 1089 943 684
f 1931 1286 1306
f 1462 1459 1021
f 1932 1933 1934
f 875 874 1846
f 1936 1051 1937
f 44 45 46
f 1534 1955 1956
f 1541 318 317
f 2081 2082 2084
f 146 1945 1959
f 1360 1941 1942
f 985 984 1032
f 1995 1997 1892
f 2079 2080 2082
f 2095 2096 2076
f 2081 2093 2078
f 2055 2050 2054
f 501 2096 2095
f 2097 2100 2099
f 2098 2099 2094
f 2140 2141 9345
f 2141 2046 9346
f 2051 2070 2048
f 592 2102 2101
f 2071 2064 2076
f 2102 2097 2098
f 593 2103 2102
f 1019 1895 746
f 1950 11 12
f 725 2071 2096
f 1385 2105 2104
f 1379 2104 2106
f 2107 2108 2100
f 9360 726 502
f 9348 502 499
f 940 1389 2109
f 928 929 1170
f 9320 590 684
f 1962 1963 1964
f 9330 680 573
f 2039 1993 1968
f 1389 1390 2110
f 1398 2111 2113
f 9209 9207 9205
f 9363 9335 2107
f 949 923 924
f 260 241 324
f 1390 1397 2113
f 2070 2051 2064
f 9319 9363 2103
f 2105 1385 1421
f 2114 1421 1423
f 9344 2114 2115
f 9360 2105 2114
f 554 2116 1902
f 972 1163 967
f 1765 1593 1573
f 1984 1985 1986
f 2053 2117 2069
f 9017 9000 724
f 1625 1677 1674
f 9333 9340 2119
f 9355 2115 2123
f 56 1954 1906
f 626 9329 9331
f 2001 2002 2003
f 9364 9293 2127
f 2006 2007 2008
f 2127 1413 1412
f 2014 2015 2016
f 2018 2019 2020
f 1495 1424 1947
f 1379 1377 1386
f 9266 9263 1680
f 2029 1885 1884
f 9354 2128 2120
f 629 9331 9366
f 682 683 943
f 724 1650 2121
f 1757 1819 9273
f 765 1810 9296
f 9303 714 715
f 706 707 9322
f 981 986 987
f 1457 1868 1656
f 2017 2016 2032
f 1458 1655 1868
f 1776 1777 1792
f 1959 1945 1946
f 9115 9167 9177
f 9365 9333 2122
f 1093 1089 689
f 966 965 968
f 9304 715 9333
f 2172 9029 2170
f 670 2138 2137
f 9213 787 1903
f 1429 19 28
f 964 963 978
f 9293 9265 1413
f 1473 1474 669
f 9286 9285 1359
f 2138 798 1870
f 1872 1473 2137
f 715 716 9340
f 1881 1991 1992
f 9295 9294 739
f 1837 1847 8957
f 253 58 59
f 1808 9289 9292
f 1647 9284 9270
f 9317 9318 671
f 2112 9334 9335
f 1405 2045 2044
f 9281 9276 1364
f 273 1541 391
f 576 632 8964
f 9327 9317 668
f 1430 1431 2140
f 2136 9302 9312
f 1430 2139 18
f 9345 9346 570
f 1442 1439 2046
f 1431 1442 2141
f 9321 9365 9302
f 9260 9275 1817
f 9318 9345 695
f 2142 2025 798
f 571 2143 2142
f 9271 9266 1618
f 2143 2022 2025
f 694 2142 2138
f 681 1572 2144
f 2144 2011 2022
f 328 210 457
f 1572 2010 2011
f 630 9344 9355
f 2085 2086 2087
f 2090 2091 2092
f 572 2144 2143
f 1875 1976 2153
f 1873 1875 2149
f 2103 2107 2097
f 2157 2043 2155
f 2128 1412 1414
f 9326 9323 589
f 9324 9322 628
f 2149 2153 2158
f 2159 2158 9357
f 698 9359 9354
f 9275 9299 9279
f 2158 2156 9326
f 1438 2044 2046
f 2035 2154 2160
f 2161 2160 9341
f 9323 9343 605
f 9325 17 18
f 370 29 61
f 649 1951 413
f 2153 2157 2156
f 1428 1429 1449
f 1490 76 73
f 9342 9357 710
f 2155 1891 9343
f 1456 1457 1880
f 2125 2088 2087
f 2160 2159 9342
f 300 1959 505
f 1064 1062 1046
f 2043 1892 1891
f 2129 2130 2004
f 2131 2132 2133
f 9300 9301 1450
f 1998 1975 804
f 9331 673 9316
f 474 492 490
f 1164 1165 1182
f 707 2162 9361
f 708 1472 2162
f 2162 2161 9338
f 548 549 1905
f 1145 1136 1114
f 705 2121 1650
f 2043 2157 1977
f 737 738 554
f 1034 1195 1191
f 458 1905 1907
f 195 196 232
f 2040 2039 1969
f 2145 2146 2147
f 2054 2050 2049
f 9284 1646 1639
f 9 12 11
f 252 364 506
f 472 478 479
f 1865 9376 9243
f 900 903 910
f 1941 2150 2151
f 1921 1928 1927
f 2163 1897 1898
f 271 156 153
f 1904 1326 12
f 282 263 264
f 1872 1873 2154
f 1326 1904 1897
f 628 692 693
f 1724 1722 1719
f 1549 1562 436
f 1582 1583 1730
f 1921 1920 1929
f 9007 8955 10
f 2152 2037 1950
f 475 772 774
f 769 2172 2171
f 2171 2165 476
f 476 773 772
f 1791 565 464
f 2166 2167 2168
f 595 371 372
f 483 1809 1641
f 762 2174 2173
f 771 483 484
f 486 487 1809
f 297 1549 1517
f 763 2175 2174
f 776 755 759
f 184 185 2176
f 412 447 303
f 2005 2176 185
f 9263 1681 1682
f 2164 2170 756
f 1472 2035 2161
f 950 951 964
f 2177 2178 2179
f 227 226 1510
f 2182 2183 2184
f 2186 2019 2018
f 1985 2182 2181
f 214 736 729
f 865 849 842
f 849 865 1357
f 559 3187 3188
f 16 13 737
f 560 553 498
f 3193 3196 3195
f 3200 3197 3198
f 3211 3214 3213
f 3215 3218 3217
f 2187 2188 2002
f 3233 3236 3235
f 3223 3221 3222
f 3229 3232 3231
f 3245 3248 3247
f 2169 2168 2189
f 2192 2086 2085
f 2193 2194 2195
f 2198 2199 2200
f 1998 1982 1979
f 9116 9117 9120
f 3253 3256 3255
f 2116 1898 1903
f 1859 2006 2009
f 9356 2123 2126
f 1135 1148 1087
f 2201 2202 2015
f 1149 111 110
f 3261 3264 3263
f 3269 3272 3271
f 3265 3268 3267
f 3229 3230 3284
f 3289 3292 3291
f 3299 3302 3301
f 3307 3263 3264
f 3293 3296 3295
f 3297 3223 3224
f 3319 3321 3291
f 3322 3323 3318
f 3314 3313 3312
f 3285 3288 3287
f 3332 3333 3218
f 3329 3331 3330
f 3324 3325 3227
f 3298 3224 3326
f 2203 2204 2205
f 579 580 1895
f 1755 2207 2208
f 3337 3340 3339
f 9343 9362 1893
f 1211 2151 2150
f 868 997 2210
f 3347 3350 3349
f 944 945 930
f 2130 2129 2202
f 233 1903 1898
f 665 751 750
f 1167 1254 999
f 2211 2212 2213
f 2215 2216 2217
f 9319 593 590
f 2220 221 220
f 823 824 948
f 3375 3240 3377
f 3393 3392 3391
f 3353 3358 3357
f 3363 3366 3365
f 3402 3405 3404
f 266 204 455
f 9334 2108 2107
f 2221 2222 8963
f 2223 2224 2225
f 2207 2125 2124
f 3293 3309 3336
f 673 674 9321
f 817 1000 996
f 2227 2228 2146
f 1947 1948 646
f 9352 2135 17
f 2229 1635 1638
f 1679 1613 1618
f 1637 2231 2232
f 2233 2234 1617
f 2231 2235 2236
f 3406 3409 3408
f 1381 1638 2238
f 9038 2241 2242
f 3414 3416 3341
f 1630 2234 2233
f 1681 1626 472
f 1408 1407 2243
f 3423 3426 3425
f 3433 3351 3263
f 3434 3429 3430
f 3440 3443 3442
f 3444 3447 3446
f 3436 3451 3450
f 3442 3443 3456
f 1637 2230 2238
f 3445 3446 3437
f 3448 3443 3440
f 1409 1408 1634
f 1380 1383 2247
f 1628 2248 2245
f 3463 3466 3465
f 3308 3477 3462
f 2249 1623 1622
f 1632 1634 1408
f 2248 1628 1631
f 3478 3481 3480
f 3509 3512 3511
f 2235 2231 1637
f 3505 3508 3507
f 3457 3458 3199
f 631 2070 2071
f 515 167 52
f 782 781 2251
f 2253 2254 2255
f 397 281 459
f 1456 2039 2040
f 2040 2041 2036
f 3434 3475 3518
f 1401 2112 2111
f 2041 2040 1970
f 3367 3337 3338
f 1535 121 414
f 1586 1587 2080
f 2256 983 1132
f 3528 3531 3530
f 3519 3521 3520
f 3537 3505 3506
f 3543 3546 3545
f 1700 1699 9370
f 3486 3551 3550
f 3455 3456 3497
f 3558 3560 3559
f 3456 3568 3500
f 3572 3571 3252
f 3308 3264 3285
f 3316 3317 3574
f 3575 3478 3479
f 3576 3579 3578
f 3580 3583 3582
f 3584 3587 3586
f 3505 3537 3588
f 3589 3592 3591
f 3600 3603 3602
f 3542 3539 3595
f 3604 3605 3592
f 3611 3610 3613
f 3622 3625 3624
f 3618 3621 3620
f 3626 3629 3628
f 3644 3647 3646
f 3634 3637 3636
f 3638 3639 3641
f 9267 1896 1686
f 1263 2256 1886
f 3613 3655 3654
f 598 1841 844
f 2257 2258 2259
f 2258 2261 2262
f 2259 2262 2263
f 2260 2259 2216
f 1967 1971 1970
f 2212 1964 1963
f 922 921 2218
f 1312 1098 1101
f 1307 1306 1286
f 1548 1569 1546
f 2266 2267 2268
f 2265 2268 2270
f 2272 2265 2269
f 2273 2266 2265
f 2275 2276 2277
f 2278 2274 2277
f 2284 2285 9069
f 2287 2283 2286
f 2288 2289 2283
f 2290 2284 9091
f 2291 2292 2293
f 2295 2291 2294
f 2296 2297 2291
f 2297 2298 2292
f 2294 2293 2299
f 2279 2294 2300
f 2298 2301 2302
f 2292 2302 2303
f 2293 2303 2304
f 2304 2305 2306
f 2308 2309 2310
f 2302 2307 2310
f 2301 2311 2307
f 2312 2308 2307
f 2313 2314 2315
f 2318 2319 2320
f 9200 9223 2322
f 2324 2325 2273
f 2313 2324 2326
f 2328 2324 2313
f 2329 2325 2324
f 2331 2332 2333
f 2330 2333 2267
f 2325 2330 2266
f 2329 2331 2330
f 2333 2334 2335
f 2336 2334 2333
f 2338 2336 2332
f 2331 2339 2337
f 2329 2340 2339
f 2328 2341 2340
f 2316 2342 2341
f 2342 2316 2315
f 2344 2345 2346
f 2341 2344 2347
f 2342 2348 2344
f 2348 2349 2345
f 2350 2351 2352
f 2339 2350 2353
f 2340 2347 2350
f 2347 2346 2351
f 2337 2353 2354
f 2353 2352 2355
f 2356 2277 2276
f 2356 2357 2358
f 2356 2359 2296
f 2279 2277 2356
f 2360 2361 2270
f 2267 2335 2360
f 2362 2363 2364
f 2362 2365 2361
f 2366 2362 2358
f 2366 2367 2363
f 2357 2276 2368
f 2366 2368 2369
f 2276 2275 2370
f 2368 2370 2282
f 2372 2373 2374
f 2375 2376 2377
f 2378 2379 2380
f 2382 2378 2381
f 2384 2385 2378
f 2385 2386 2379
f 2388 2389 2390
f 2387 2390 2392
f 2393 2394 2387
f 2394 2395 2388
f 2186 2401 2402
f 2403 2404 2327
f 2272 2403 2326
f 2271 2405 2403
f 2405 2406 2404
f 2404 2407 2408
f 2409 2410 2411
f 2409 2412 2271
f 2413 2409 2269
f 2413 2414 2410
f 2417 2415 2416
f 2417 2418 2406
f 2412 2417 2405
f 2411 2415 2417
f 2406 2419 2407
f 9013 8964 632
f 2420 2398 2397
f 2420 2421 2423
f 2424 2420 2422
f 2424 2399 2398
f 2425 2391 2392
f 2421 2425 2426
f 2397 2396 2425
f 2396 2393 2391
f 2427 2314 2408
f 2430 2427 2428
f 2343 2315 2427
f 2432 2343 2430
f 2431 2430 2429
f 2435 2431 2433
f 2436 2432 2431
f 2428 2408 2407
f 2422 2437 2407
f 2438 2437 2422
f 2429 2428 2437
f 2440 2434 2433
f 2441 2439 2433
f 2442 2443 2439
f 2443 2444 2440
f 2445 2446 2444
f 2447 2445 2443
f 2383 2381 2445
f 2381 2380 2446
f 2448 2438 2423
f 2449 2448 2426
f 2441 2448 2449
f 2441 2429 2438
f 2449 2392 2390
f 2450 2390 2389
f 2447 2450 2451
f 2442 2449 2450
f 2451 2389 2453
f 2452 2453 2455
f 2382 2452 2454
f 2383 2451 2452
f 2456 2457 2373
f 2459 2460 2461
f 2463 2464 2465
f 2462 2465 2285
f 2466 2462 2284
f 2467 2463 2462
f 2461 2460 9155
f 2468 2469 2470
f 2472 2468 2471
f 2474 2461 9153
f 2475 2476 2477
f 2458 2455 2453
f 2479 2453 2389
f 2395 2480 2479
f 2480 2459 2458
f 2481 2482 2483
f 2484 113 2485
f 2471 2470 2464
f 2473 2471 2463
f 2487 2467 2466
f 2486 2466 2290
f 2490 2486 2488
f 2491 2487 2486
f 2492 2473 2467
f 2493 2492 2487
f 2494 2495 2492
f 2495 2472 2473
f 9142 2496 2474
f 9143 2497 2496
f 2498 2494 2493
f 2500 2498 2499
f 9152 9139 2498
f 9139 9143 2494
f 2306 2504 2278
f 2305 2505 2504
f 2504 2505 2507
f 2506 2507 2288
f 2274 2506 2508
f 2278 2504 2506
f 9085 9084 2489
f 9072 9085 2488
f 2507 2509 2289
f 2505 2510 2509
f 2508 2288 2287
f 2511 2287 2281
f 2370 2511 2280
f 2275 2508 2511
f 2512 2490 2489
f 2514 2512 2513
f 2517 2512 2514
f 2517 2491 2490
f 2499 2493 2491
f 2499 2517 2516
f 2510 2505 2519
f 2518 2519 2521
f 9068 2518 2520
f 9084 2510 2518
f 2522 2304 2303
f 2523 2522 2310
f 2305 2304 2522
f 2524 2522 2523
f 2519 2524 2525
f 2505 2305 2524
f 2308 2312 2527
f 2526 2527 2529
f 2531 2526 2528
f 2309 2308 2526
f 1214 2532 2151
f 2419 2406 2418
f 2533 2345 2349
f 2534 2533 2317
f 2535 2536 2533
f 2536 2346 2345
f 2537 2351 2346
f 2538 2537 2536
f 2539 2540 2537
f 2540 2352 2351
f 2312 2355 2541
f 2527 2541 2542
f 2543 2435 2434
f 2545 2543 2544
f 2319 2318 2543
f 2318 2436 2435
f 2514 2515 2548
f 2547 2548 2550
f 2552 2547 2549
f 2552 2516 2514
f 2520 2521 2554
f 2553 2554 2556
f 9042 2553 2555
f 9073 2520 2553
f 2523 2309 2531
f 2557 2531 2530
f 2525 2523 2557
f 2559 2557 2558
f 2554 2559 2560
f 2521 2525 2559
f 2561 2375 2007
f 2376 2562 2225
f 2564 2565 2566
f 2563 2566 338
f 2569 2563 2567
f 2570 2564 2563
f 2572 2573 2574
f 2571 2574 2576
f 2544 2571 2575
f 2544 2434 2572
f 2578 2570 2569
f 2579 2577 2569
f 2574 2577 2579
f 2573 2578 2577
f 2581 2582 2583
f 2584 2580 2583
f 9149 9127 2580
f 9128 2581 2580
f 2582 2516 2552
f 2583 2552 2551
f 2500 2501 2589
f 2590 2588 2589
f 9145 9147 2588
f 9147 9152 2500
f 2501 2516 2591
f 2592 2593 2594
f 2386 2385 2503
f 2596 2379 2386
f 2596 2374 2373
f 2599 2596 2597
f 2599 2380 2379
f 2600 2446 2380
f 2600 2599 2598
f 2603 2600 2601
f 2603 2444 2446
f 2604 2603 2602
f 2440 2604 2605
f 2444 2603 2604
f 2606 2582 2581
f 2606 2607 2590
f 2591 2516 2582
f 9128 2587 2456
f 9141 2456 2372
f 2478 2477 2608
f 2609 2610 2611
f 2564 2570 2613
f 2612 2613 2598
f 2457 2612 2597
f 2565 2564 2612
f 2614 2613 2570
f 2615 2614 2578
f 2602 2601 2614
f 2601 2598 2613
f 2572 2434 2605
f 2616 2605 2602
f 2573 2572 2616
f 1459 1016 1045
f 1265 1215 1079
f 1612 1608 1609
f 2067 2057 2069
f 1135 1109 1136
f 1938 1937 2618
f 95 548 458
f 2058 1607 1608
f 1454 1469 1445
f 655 2620 1048
f 722 1049 2621
f 3665 3639 3634
f 1131 985 1033
f 562 1481 366
f 1723 1719 1725
f 1786 1123 1122
f 267 300 323
f 1325 2034 1654
f 1468 1165 1435
f 658 657 529
f 8 532 247
f 382 1557 1559
f 3631 3681 3680
f 788 619 1307
f 940 930 929
f 911 2622 2623
f 2621 2620 655
f 2624 1857 2625
f 998 1846 27
f 635 638 2626
f 2627 641 644
f 2628 2627 1840
f 1200 1199 2627
f 1199 1773 641
f 1520 515 49
f 1452 1350 1349
f 2630 2631 1859
f 644 643 1335
f 3683 3700 3699
f 1197 1198 717
f 2632 717 719
f 2628 2632 1166
f 2629 1197 2632
f 1762 2633 1050
f 1823 870 873
f 2634 2635 794
f 1042 794 2635
f 93 94 1901
f 2036 2038 1458
f 1527 332 1525
f 877 876 1274
f 134 409 797
f 1328 893 931
f 607 777 1091
f 1043 2635 2637
f 2636 2637 2639
f 1275 2636 2638
f 1275 1040 1043
f 1272 2624 2626
f 2640 2626 638
f 1110 2641 2640
f 536 1272 2640
f 1472 708 1474
f 2042 2030 1951
f 3668 3632 3633
f 1058 1106 1105
f 2642 2623 2643
f 1192 2642 2644
f 912 2623 2642
f 9350 1657 8970
f 1049 1048 2620
f 616 1829 1885
f 1331 1913 666
f 990 989 1198
f 1911 1912 321
f 1298 1282 1205
f 76 1490 1504
f 1502 1500 421
f 610 609 658
f 1146 937 659
f 2646 911 914
f 1280 1239 1238
f 1453 1454 1452
f 835 942 1843
f 1271 1270 1173
f 1893 1878 1826
f 1050 2633 1937
f 2651 2652 814
f 1006 1053 1281
f 2653 1084 2654
f 1001 1004 1003
f 585 997 679
f 2624 1272 621
f 555 678 2028
f 1207 526 1197
f 1626 1627 478
f 3729 3732 3731
f 3746 3749 3748
f 3770 3752 3750
f 426 389 419
f 1030 1193 1773
f 9350 645 634
f 534 1533 138
f 1125 1092 1042
f 333 228 88
f 569 1570 561
f 3691 3694 3693
f 1489 2656 871
f 1857 2624 620
f 1673 1674 9222
f 622 861 864
f 619 788 891
f 261 544 545
f 393 1555 1556
f 2658 2659 2647
f 1075 2658 2657
f 1081 1080 2658
f 1080 1139 2659
f 2644 2643 1141
f 2660 1141 1140
f 642 2660 1336
f 1193 2644 2660
f 679 678 555
f 3762 3765 3764
f 1503 1501 1500
f 1318 1317 1101
f 2661 2659 1139
f 2661 1142 2663
f 2662 2647 2659
f 2662 2663 2622
f 2664 2622 911
f 2648 2664 2646
f 2648 2647 2662
f 3586 3658 3779
f 2083 2094 2093
f 1442 1440 1437
f 3732 3734 3733
f 519 329 330
f 1885 2029 1209
f 799 800 805
f 1946 1943 1952
f 1302 1301 1253
f 3741 3738 3757
f 3660 3663 3662
f 566 2005 224
f 1389 940 928
f 683 682 681
f 836 835 1842
f 2665 1842 1845
f 2666 2665 1303
f 24 836 2665
f 831 1072 2650
f 1845 1844 1304
f 2010 2013 2012
f 1051 1936 2667
f 1522 1521 1511
f 531 440 441
f 1250 635 2625
f 2669 2625 1857
f 783 2669 1856
f 782 1250 2669
f 720 2670 2671
f 1055 1931 1930
f 1333 1067 1251
f 619 622 1308
f 652 655 2619
f 521 522 1539
f 1838 988 537
f 2672 537 536
f 1113 2672 2641
f 1113 527 1838
f 1016 1013 1351
f 9349 573 570
f 226 227 104
f 9008 9121 9279
f 1036 1037 1884
f 2674 1301 1304
f 2673 1304 1844
f 1334 2673 2675
f 1333 2674 2673
f 2676 702 1039
f 1843 2676 2675
f 942 1074 2676
f 1074 699 702
f 752 1057 1055
f 1200 1166 656
f 1120 1846 874
f 2677 874 877
f 1241 2677 1052
f 1119 1120 2677
f 1560 1513 151
f 1208 1316 611
f 215 735 736
f 1460 1459 1462
f 3717 3720 3719
f 1208 1207 1839
f 854 856 1282
f 3682 3697 3696
f 72 445 182
f 544 1563 1565
f 217 200 456
f 3673 3647 3781
f 2047 1404 930
f 1204 2618 1937
f 913 777 686
f 3705 3708 3707
f 840 527 1113
f 1531 729 730
f 2678 778 1283
f 601 667 1914
f 1537 1538 459
f 1819 1757 8953
f 991 1860 862
f 2679 711 1073
f 3776 3775 3581
f 2680 1830 983
f 779 2680 2256
f 778 2678 2680
f 2678 2679 1830
f 180 542 245
f 1886 1132 1131
f 3766 3768 3767
f 1138 1137 1274
f 3777 3778 3585
f 1841 598 1140
f 75 313 314
f 193 423 420
f 2681 2682 1099
f 3658 3586 3587
f 170 1567 1565
f 349 416 417
f 1121 1124 2684
f 547 797 409
f 123 122 121
f 2643 2663 1142
f 1542 1544 513
f 899 900 907
f 1210 677 676
f 791 663 982
f 24 27 837
f 893 896 932
f 1860 1320 863
f 535 538 862
f 3640 3684 3683
f 1569 1548 1547
f 181 455 542
f 660 659 937
f 2013 567 568
f 3781 3647 3644
f 887 890 2631
f 1524 1508 361
f 520 161 162
f 2653 855 854
f 1238 1237 2655
f 718 1838 527
f 1492 1493 518
f 792 616 615
f 599 846 1835
f 290 457 456
f 312 171 1552
f 1248 2687 1179
f 153 149 177
f 1240 1181 1222
f 1257 1292 1235
f 1291 1084 1083
f 1052 877 1277
f 743 742 2618
f 444 140 430
f 23 1224 1172
f 2687 2654 1180
f 102 103 409
f 1283 607 610
f 373 497 650
f 1180 2654 1084
f 855 2653 2655
f 1173 1270 1917
f 2689 850 853
f 2688 853 1108
f 2686 2688 1279
f 2687 2689 2688
f 2691 1302 1252
f 2690 1252 850
f 1248 2690 2689
f 1248 1247 2691
f 2692 617 24
f 2691 2692 2666
f 1247 1258 2692
f 1258 1168 617
f 394 1554 1555
f 2693 1260 1259
f 1072 1236 1262
f 1257 1071 1168
f 398 439 1555
f 871 1784 1314
f 1178 1232 1249
f 1224 1289 1173
f 1010 2617 2618
f 1175 1174 1292
f 2654 2687 2686
f 2694 1157 1216
f 71 418 1487
f 701 1112 1111
f 1072 1261 2649
f 1085 2695 22
f 895 2694 1264
f 1601 1606 1605
f 1259 1262 1271
f 21 20 1220
f 988 991 538
f 3533 3479 3535
f 598 597 1336
f 1050 860 818
f 1298 2645 1761
f 1168 1167 618
f 3629 3671 3670
f 858 1168 1256
f 39 242 516
f 2652 1761 819
f 313 316 315
f 2026 1970 1971
f 2656 1489 596
f 814 819 818
f 2696 2651 813
f 1260 2696 2649
f 2693 2697 2696
f 2697 1296 2651
f 381 355 390
f 9270 9271 1611
f 1475 1427 1428
f 1292 1174 1917
f 1551 353 354
f 1526 1525 1523
f 1593 1589 1595
f 1232 1269 1246
f 2695 2693 1223
f 2698 1297 1296
f 2698 2697 2693
f 2685 2698 2695
f 2685 854 1297
f 562 1497 271
f 2652 2651 1296
f 1365 1366 1364
f 1958 1946 1953
f 585 588 2210
f 1561 1560 1515
f 975 2648 1146
f 347 67 68
f 1038 1111 636
f 2700 781 780
f 2699 780 1036
f 2701 2699 1883
f 851 2700 2699
f 2674 1333 2251
f 2702 2251 781
f 1253 2702 2700
f 1301 2674 2702
f 1519 387 388
f 1273 1239 1280
f 2703 1280 1107
f 2701 2703 852
f 1829 1273 2703
f 91 260 326
f 1784 871 2656
f 2683 2684 2705
f 604 1894 8943
f 1669 8978 8992
f 2062 2063 2060
f 621 535 861
f 2023 731 732
f 686 779 1263
f 857 1051 2668
f 883 830 882
f 3648 3651 3650
f 637 636 1111
f 2668 894 893
f 3692 3712 3711
f 2667 921 894
f 1039 1038 1068
f 313 75 1504
f 1911 1972 305
f 1936 2706 1964
f 2707 2402 2401
f 2708 2707 2183
f 738 2163 2116
f 3785 3787 3709
f 2349 2348 2432
f 2711 2712 2020
f 2400 2711 2019
f 2714 2715 2716
f 2717 2718 2719
f 2721 2722 2723
f 2726 2727 2728
f 2725 2728 2730
f 2731 2725 2729
f 2732 2726 2725
f 2734 2735 2736
f 2738 2739 2740
f 2737 2740 2741
f 2744 2745 2746
f 2745 2744 2748
f 2749 2750 2747
f 2753 2749 2751
f 2250 1380 2246
f 3417 3420 3419
f 2754 1396 1614
f 9050 2754 2755
f 9060 2745 2747
f 1617 2756 2755
f 2242 2758 1620
f 3429 3432 3431
f 2191 2085 2760
f 2761 2759 2760
f 9100 2759 2761
f 9075 2191 2759
f 3209 3460 3354
f 1395 1394 2236
f 1395 2235 1636
f 3741 3791 3790
f 1616 1635 2229
f 3410 3413 3412
f 1617 2234 2763
f 2756 2763 9080
f 2765 2763 2234
f 2766 2764 9080
f 3202 3199 3458
f 1516 437 435
f 2768 2769 8996
f 1495 541 578
f 2135 2136 28
f 8970 8984 2773
f 1690 1689 9378
f 2778 2779 2780
f 2777 2780 2781
f 2784 2778 2777
f 8999 8965 575
f 1494 1904 9
f 8973 2016 2015
f 451 61 505
f 2786 2787 2788
f 2779 2786 2785
f 2789 2752 2741
f 2790 2753 2752
f 2792 2793 2794
f 2793 2795 2796
f 2796 2797 2750
f 2794 2796 2749
f 2798 1393 1396
f 9043 2798 2754
f 2798 2799 2800
f 9043 9114 2799
f 2797 2796 2795
f 2791 2794 2753
f 216 233 232
f 9256 2806 2807
f 9257 2809 2804
f 2769 2810 9001
f 183 185 184
f 2811 2812 2775
f 2804 2811 2776
f 2809 2813 2811
f 2812 2811 2813
f 9257 2808 2816
f 9248 2818 2815
f 9250 9252 2820
f 9245 2823 2819
f 2824 2736 2735
f 2823 2825 2824
f 2825 2823 2826
f 9245 2822 2827
f 9248 2817 2826
f 2713 2716 2829
f 2828 2829 2831
f 2822 2821 2828
f 2821 2820 2713
f 2832 2827 2822
f 2833 2832 2830
f 2834 2835 2832
f 2835 2818 2827
f 2837 2838 2839
f 2836 2839 2841
f 2842 2836 2840
f 2843 2837 2836
f 2840 2841 2845
f 2718 2844 2845
f 2730 2728 2844
f 2727 2840 2844
f 2846 2845 2841
f 2829 2846 2847
f 2847 2841 2839
f 2848 2839 2838
f 2833 2848 2849
f 2831 2847 2848
f 2850 2814 2851
f 2853 2850 2852
f 2783 2777 2782
f 2785 2788 2853
f 2780 2785 2856
f 2857 2858 2855
f 2859 2857 2782
f 2861 2843 2842
f 2860 2842 2727
f 2862 2860 2726
f 2863 2861 2860
f 2861 2863 2858
f 2843 2861 2857
f 2856 2853 2854
f 2781 2856 2864
f 2837 2843 2859
f 2838 2837 2864
f 2852 2851 2834
f 2854 2852 2849
f 2865 2815 2818
f 2851 2865 2835
f 2813 2809 2815
f 2814 2813 2865
f 2866 2812 2814
f 2788 2866 2850
f 2866 2788 2787
f 2812 2866 2867
f 1892 1889 1890
f 2720 2719 2846
f 298 299 256
f 2872 2714 2713
f 9246 9252 2735
f 2729 2730 2874
f 2846 2716 2715
f 2876 2877 2878
f 2733 2875 2878
f 9258 9259 2879
f 9258 2880 2872
f 2882 2883 2884
f 2881 2884 2715
f 2880 2881 2714
f 2879 2882 2881
f 2885 2886 2887
f 2888 2889 2890
f 2885 2890 2892
f 2893 2886 2885
f 1942 2151 2532
f 2895 2892 2720
f 2884 2895 2870
f 2883 2896 2895
f 2896 2891 2892
f 2889 2874 2717
f 2890 2717 2720
f 2897 2893 2891
f 2898 2897 2896
f 2899 2898 2883
f 2900 2899 2882
f 9249 2900 2879
f 2876 2902 2901
f 2901 2902 2904
f 1785 2656 1835
f 2905 2906 2899
f 2907 2908 2897
f 9249 2901 2903
f 632 576 577
f 8976 8991 2867
f 434 385 550
f 2768 2770 9092
f 2910 2911 1623
f 2241 2912 2758
f 9092 2770 2913
f 1623 2911 2757
f 9039 2242 2757
f 2229 1381 1380
f 2765 1630 1629
f 2915 2914 1629
f 9094 9093 2914
f 9093 9074 2765
f 2919 2916 9094
f 2918 2915 2912
f 9066 2918 2241
f 9070 2919 9065
f 8985 2177 2180
f 8965 2002 2188
f 3694 3626 3627
f 9157 9017 714
f 2925 2766 2917
f 2924 2917 2916
f 9062 2924 2919
f 9063 2925 2924
f 2926 2927 2766
f 9110 2926 2925
f 1715 1713 1705
f 785 497 498
f 1387 651 565
f 374 375 1899
f 9017 2203 2206
f 2929 2930 2886
f 2932 2933 2934
f 1905 1906 1908
f 2930 2935 2936
f 2938 2935 2930
f 1493 369 517
f 1603 1585 1586
f 2939 2938 2929
f 2940 2939 2908
f 9117 1707 1600
f 2886 2930 2937
f 2906 2907 2898
f 2908 2929 2893
f 2942 2934 2933
f 2941 2933 2937
f 8945 2941 2936
f 8942 2942 2941
f 2943 2944 2710
f 2943 2873 2874
f 2945 2943 2889
f 2946 2944 2943
f 2932 2945 2888
f 2931 2946 2945
f 727 1928 1929
f 2903 2904 2947
f 545 594 42
f 1480 1570 533
f 2907 2906 2949
f 2906 2905 2950
f 1558 452 215
f 9251 2903 2948
f 2054 1645 1644
f 9157 9136 2203
f 1828 1837 1849
f 2953 2954 2955
f 2952 2955 2957
f 2956 2261 2258
f 2953 2952 2258
f 2454 2455 2474
f 9199 2958 2959
f 9199 2132 2131
f 2961 2962 2963
f 2958 2963 2964
f 222 221 2485
f 2477 2226 2966
f 2631 2561 2006
f 2384 2454 2496
f 2967 2968 2959
f 2968 2967 2970
f 9211 2033 2971
f 9236 2971 2960
f 2972 2971 2033
f 2007 2377 2973
f 9004 9003 2134
f 1836 1833 1832
f 8950 2188 2090
f 955 810 959
f 672 675 674
f 633 710 713
f 2024 732 733
f 2025 2024 803
f 425 1552 1550
f 2975 2976 888
f 1319 1158 1157
f 1212 1935 2977
f 889 957 2228
f 1978 1974 1975
f 1138 1078 1329
f 751 665 2979
f 1619 1613 1625
f 2252 2255 1728
f 1157 1160 845
f 2706 1936 1938
f 2980 2255 2254
f 2982 2975 887
f 802 712 711
f 678 677 2029
f 527 840 690
f 1839 1207 2629
f 2983 2984 602
f 2983 1914 1913
f 2985 2983 1331
f 2986 2984 2983
f 2987 2637 2635
f 2985 2988 2639
f 2990 1319 1318
f 2991 2992 2993
f 2995 2991 2994
f 1106 1058 2991
f 1058 1057 2992
f 1415 1406 1365
f 1317 922 2217
f 1932 1728 2255
f 926 2998 2999
f 3001 2993 2992
f 3000 2992 1057
f 2999 3000 2978
f 2998 3001 3000
f 3002 2998 2209
f 3002 3003 2996
f 2993 3001 3002
f 1103 1106 2995
f 3004 2995 2996
f 2209 2210 3004
f 588 1103 3004
f 295 296 433
f 2638 2639 2988
f 3005 2988 1056
f 1305 3005 1930
f 1276 2638 3005
f 1987 1968 1993
f 2633 1762 1761
f 1423 1422 1417
f 9005 8961 739
f 2671 2670 2704
f 1473 1872 2035
f 922 1317 2694
f 1401 1400 1378
f 556 2028 1884
f 842 848 9277
f 1854 2706 2617
f 933 1082 1081
f 1440 1441 1436
f 529 657 719
f 1031 1025 1027
f 777 913 912
f 2645 1205 1204
f 441 438 1538
f 3771 3774 3773
f 790 1287 587
f 2065 2066 1610
f 1860 991 990
f 60 106 87
f 1424 1017 1948
f 332 1527 1507
f 261 262 138
f 187 188 449
f 1719 1720 1726
f 1931 1055 1059
f 3006 1059 1105
f 1287 3006 1104
f 1286 1931 3006
f 3007 3008 3009
f 3009 3008 653
f 618 999 26
f 2029 677 1210
f 957 601 600
f 1049 2146 2228
f 2631 890 3011
f 890 889 2227
f 3011 2227 2145
f 2561 3011 3012
f 1026 656 609
f 2706 1854 1961
f 3013 2965 2485
f 2148 2147 1267
f 3015 1267 1266
f 2997 2264 1101
f 642 641 1773
f 186 477 461
f 1041 1040 1320
f 1121 3016 3017
f 2984 2986 2987
f 3018 2987 2634
f 1048 603 3018
f 603 602 2984
f 2679 2678 801
f 2062 2072 2074
f 2061 2074 2076
f 414 303 1545
f 3016 1121 2683
f 3019 2683 2704
f 3020 3019 2670
f 3007 3016 3019
f 1871 1090 1091
f 3021 1787 1122
f 3022 3021 3017
f 1314 3021 3022
f 1784 1787 3021
f 1316 1315 1763
f 3023 3022 3010
f 3023 3009 795
f 1763 3023 1092
f 1315 3022 3023
f 3016 3007 3010
f 752 751 2978
f 2986 2639 2637
f 3024 654 653
f 3020 3024 3008
f 720 723 3024
f 723 2621 654
f 2681 1098 1268
f 2671 3025 1268
f 2705 2681 3025
f 1313 3026 3027
f 3026 3028 3029
f 3027 3029 3030
f 1311 3027 3031
f 2012 568 731
f 917 2657 974
f 3742 3745 3744
f 743 1206 856
f 1888 2027 2030
f 2682 2705 2684
f 3032 2684 1124
f 1100 3032 2989
f 1099 2682 3032
f 1123 2990 2989
f 3033 1834 1159
f 2990 3033 1158
f 1123 1786 3033
f 1786 1785 1834
f 1054 1056 2988
f 2979 665 664
f 2623 2622 2663
f 1095 660 688
f 3034 3035 2261
f 3036 3034 2956
f 3037 3038 3034
f 3038 3039 3035
f 3040 3041 3026
f 2263 3042 3041
f 3042 3039 3043
f 3041 3043 3028
f 3044 3045 3043
f 3046 3047 3045
f 3047 3048 3049
f 3043 3045 3049
f 3038 3037 3051
f 3050 3051 3053
f 3052 3046 3044
f 3039 3038 3050
f 3054 3035 3039
f 3042 2263 2262
f 2261 3035 3054
f 2216 2263 2997
f 2212 2211 2667
f 3056 868 2209
f 934 3057 1961
f 2013 9207 9209
f 3058 3059 3060
f 3059 3062 3063
f 3060 3063 2213
f 3061 3060 1963
f 3063 3064 2214
f 3062 3065 3064
f 3065 2257 2260
f 3064 2260 2215
f 3066 3067 3031
f 2608 2966 3067
f 2966 2562 3068
f 3031 3067 3068
f 2455 2458 2461
f 2476 2223 2226
f 8995 2090 2089
f 8970 2774 9221
f 433 354 355
f 2115 1423 1419
f 8953 2868 2922
f 9221 9189 2131
f 3069 2611 2167
f 2971 2972 2928
f 2961 2774 2773
f 3070 2475 2478
f 2610 2609 3071
f 2502 2371 2374
f 3072 2592 2595
f 2964 3046 3052
f 3048 2593 3074
f 2593 2592 3075
f 3075 3030 3029
f 3074 3029 3028
f 3072 3076 3075
f 3076 3072 2482
f 2481 2608 3066
f 3076 3066 3030
f 2967 3052 3053
f 2482 3072 3073
f 479 480 493
f 706 9352 9325
f 9005 2194 2221
f 2013 2010 9206
f 8977 2032 2016
f 9006 8963 2222
f 1171 1154 1155
f 3782 3644 3689
f 2586 2566 2565
f 2982 110 113
f 2562 2376 3077
f 2376 2375 3012
f 3012 2145 2148
f 3077 2148 3015
f 2963 3047 3046
f 3051 3078 2970
f 1683 2173 491
f 9302 2122 1447
f 1986 2181 9186
f 3079 3080 2546
f 3081 3079 2575
f 1983 1986 9220
f 3082 2323 2319
f 3080 3082 2545
f 9186 9184 3082
f 9184 9200 2323
f 1309 1471 1888
f 3073 2595 2772
f 2760 3083 3084
f 2760 2085 2088
f 3085 3084 3086
f 3089 3085 3090
f 3089 2762 3084
f 3092 3088 3090
f 3093 2748 2744
f 2751 2747 2748
f 3093 2741 2752
f 2742 2741 3093
f 3094 3093 2743
f 3096 3097 3098
f 3099 3096 3087
f 3097 3094 3095
f 3100 2743 2746
f 3101 2927 3102
f 2764 2766 2927
f 2745 2764 3101
f 3102 3092 3091
f 3100 3091 3095
f 2869 2802 9044
f 3102 3103 3104
f 9110 2868 2869
f 2927 2926 3103
f 3098 3095 3091
f 3087 3098 3090
f 2088 2125 3105
f 3083 3105 3086
f 2483 3073 2771
f 2401 2186 2185
f 3099 3086 3105
f 2125 2207 3106
f 3108 2737 2742
f 3107 2742 3094
f 3110 3108 3107
f 3109 3107 3097
f 3111 3109 3096
f 3112 3110 3109
f 3113 2738 2737
f 3115 2723 2722
f 3117 3115 3114
f 3119 3117 3116
f 3118 3116 3120
f 3116 3114 3113
f 3122 3112 3111
f 3122 3123 1755
f 3124 3125 3126
f 3125 3118 3121
f 3128 3119 3118
f 3129 3128 3125
f 2020 2712 3128
f 9305 9309 1346
f 1065 1046 1047
f 1814 9290 9282
f 2021 2020 3129
f 3111 3099 3106
f 3123 3106 2207
f 2377 2225 2224
f 3014 2485 113
f 1756 2208 9234
f 3131 3132 2530
f 3133 3131 2528
f 1753 1756 9219
f 3134 3124 3127
f 2327 2408 2314
f 2436 2318 2317
f 2018 2021 9163
f 2534 3136 3137
f 2320 2322 3136
f 2185 2018 9164
f 3138 3139 2542
f 3134 3135 9196
f 9237 3130 3134
f 3140 3138 2539
f 2535 3137 3140
f 9163 2021 3130
f 2558 2530 3132
f 9234 9212 3141
f 2560 2558 3141
f 9212 9229 3142
f 958 888 2976
f 1933 1932 2980
f 3714 3704 3729
f 2399 2424 2418
f 2348 2342 2343
f 2322 2320 2319
f 2718 2717 2874
f 2709 2729 2873
f 2894 2871 1361
f 3788 3789 3720
f 346 289 176
f 1876 1877 1882
f 2802 2803 9059
f 3104 3144 3088
f 2974 2222 9101
f 3089 3145 2761
f 3088 3144 3145
f 2803 2974 9055
f 9322 9361 692
f 2123 1419 1418
f 1365 1363 1368
f 3346 3345 3344
f 1581 1766 1782
f 9013 2202 2129
f 8999 2003 2002
f 3146 2585 2551
f 9203 3146 3147
f 9194 3149 3146
f 3149 2584 2585
f 3196 3198 3197
f 9056 2192 2191
f 3142 3150 2556
f 9229 9230 3150
f 9098 3152 2550
f 3150 3151 2555
f 9230 9232 3151
f 9240 9233 3152
f 3153 3147 2551
f 3152 3153 2549
f 9233 9228 3153
f 9228 9202 3147
f 3148 2767 2206
f 2183 2401 2321
f 2132 2960 2928
f 3299 3300 3321
f 9136 9137 2204
f 9171 2198 2197
f 2594 2962 2773
f 2595 2594 2951
f 1870 798 799
f 3257 3260 3259
f 9165 2179 2178
f 9158 2178 9188
f 336 3154 9226
f 339 3155 3154
f 9241 9135 3149
f 9135 9149 2584
f 2963 2962 3048
f 9174 9182 337
f 339 338 2566
f 3156 3157 2168
f 2610 3156 2167
f 2954 2953 3156
f 3157 3156 2953
f 9159 2166 2169
f 2567 3158 3159
f 337 3158 2567
f 9182 3069 2166
f 9216 2190 1983
f 2579 3160 3081
f 2568 3159 3160
f 9161 2169 2190
f 3065 3062 3162
f 3161 3162 1984
f 3157 3161 2189
f 2257 3065 3161
f 734 735 1922
f 3059 3058 2708
f 3163 2708 2182
f 3162 3163 1985
f 3062 3059 3163
f 3203 3206 3205
f 3806 3809 3808
f 2122 2119 1448
f 9269 1686 1685
f 139 140 444
f 1570 569 566
f 2957 3164 3165
f 2955 3166 3164
f 1912 454 341
f 3130 3129 3124
f 1548 322 319
f 1949 1950 1327
f 2969 2970 3078
f 3167 3078 3169
f 9176 2014 2017
f 9172 2017 2033
f 3168 3169 3165
f 3170 3165 3164
f 9231 3170 3171
f 9176 3168 3170
f 3171 3164 3166
f 3172 3166 3071
f 9204 3172 3173
f 9208 3171 3172
f 3169 3037 3036
f 2593 3048 2962
f 3173 3071 2609
f 3174 2609 2199
f 9235 3174 2198
f 9201 3173 3174
f 2190 2189 1984
f 2196 2195 2767
f 3326 3329 3328
f 2119 2120 1414
f 1464 1463 1466
f 2199 2611 3069
f 2457 2456 2587
f 2226 2225 2562
f 481 478 1627
f 333 1512 235
f 3078 3051 3037
f 3040 2264 2997
f 3351 3352 3262
f 2219 1934 1933
f 2385 2384 2497
f 221 2220 3175
f 2220 1933 3143
f 3175 3143 2976
f 2484 3175 2975
f 2954 3071 3166
f 2630 1858 110
f 1547 319 1952
f 2091 2090 2188
f 9185 9188 2178
f 1918 1919 1927
f 9007 112 111
f 3398 3401 3400
f 955 956 960
f 2037 3014 112
f 3143 2980 2981
f 2218 2211 2214
f 672 9329 9239
f 2152 3013 3014
f 1147 1144 1143
f 2248 2246 1409
f 1615 1636 1635
f 1410 1409 2246
f 3486 3488 3487
f 3468 3469 3502
f 3451 3453 3452
f 1382 3176 3177
f 3177 1410 2247
f 2247 1383 3177
f 3176 2238 2230
f 1410 3177 3179
f 3179 3180 2243
f 1633 3181 2800
f 3816 3818 3817
f 1621 1620 2758
f 3642 3801 3662
f 3422 3421 3260
f 1622 1621 2245
f 2236 1394 3181
f 3793 3796 3795
f 3493 3496 3495
f 2237 2236 3182
f 3513 3516 3515
f 2250 1631 2233
f 3654 3666 3667
f 2912 1629 1628
f 3819 3822 3821
f 3432 3824 3823
f 135 136 1564
f 1567 419 512
f 1085 1084 2653
f 3184 869 868
f 869 3184 3057
f 3389 3388 3387
f 1266 1268 1098
f 1267 2147 722
f 937 1146 2646
f 2146 1049 722
f 2211 2218 921
f 1957 510 507
f 1313 1312 2264
f 1496 362 1493
f 2887 2937 2933
f 1687 1688 1659
f 145 1499 1498
f 3831 3829 3830
f 37 38 418
f 1935 1934 3185
f 104 89 301
f 2101 2098 2083
f 543 298 360
f 1934 2219 3186
f 234 1521 212
f 9297 9273 1822
f 3825 3828 3827
f 1976 1875 1874
f 223 3186 2219
f 9107 9108 9057
f 2165 2164 467
f 467 468 2165
f 773 476 2165
f 3673 3658 3659
f 1935 1212 1728
f 3490 3491 3840
f 3362 3359 3848
f 3862 3865 3864
f 3465 3466 3484
f 3893 3894 3525
f 3352 3351 3430
f 3869 3872 3871
f 3529 3530 3567
f 3420 3417 3922
f 3304 3235 3236
f 3929 3932 3931
f 3324 3326 3327
f 3219 3937 3939
f 3220 3938 3937
f 3450 3375 3376
f 3942 3832 3833
f 3215 3216 3454
f 3946 3332 3215
f 3422 3949 3948
f 3950 3457 3198
f 3205 3206 3957
f 3261 3962 3961
f 3852 3853 3964
f 3214 3211 3946
f 3965 3213 3214
f 3797 3800 3799
f 3988 3991 3990
f 3777 3779 3806
f 3855 3858 3447
f 3737 3799 3800
f 3949 3953 3952
f 3651 3782 3783
f 4001 3784 3787
f 4019 4022 4021
f 4027 4030 4029
f 3258 3259 4030
f 4033 4036 4035
f 3424 3425 4047
f 3242 3243 4058
f 3970 3489 3547
f 3829 3242 4057
f 3333 3332 3947
f 4063 4068 4065
f 4073 4076 4075
f 3568 3456 3443
f 3981 3334 3335
f 3540 3915 3862
f 4078 4079 4031
f 3565 3566 4088
f 3442 3455 4089
f 4092 4095 4094
f 4093 4094 4097
f 3619 3620 3623
f 3660 4098 3821
f 3809 3648 3649
f 3610 3652 3655
f 3656 3622 3623
f 3621 3803 3804
f 3503 3480 3481
f 3436 3439 3438
f 3356 3428 3427
f 3628 3670 3669
f 3734 3811 4002
f 3276 3273 3370
f 3763 4106 4107
f 4006 4007 3754
f 3747 3751 3752
f 3863 3864 4110
f 3994 3891 4003
f 3653 3801 3664
f 3296 4116 4115
f 4117 4120 4119
f 3249 3252 3251
f 4127 4130 4129
f 3478 3575 3903
f 3410 4136 3921
f 3977 4061 4038
f 3216 3452 3453
f 3967 3547 3548
f 4140 4078 4032
f 3509 4086 4149
f 4151 4152 3659
f 4153 4152 3656
f 4153 4154 3646
f 4156 3688 3645
f 4139 4077 4078
f 3743 3744 4163
f 3861 3918 3987
f 3468 4066 4067
f 3306 3981 3980
f 4172 4173 4010
f 4169 4170 3836
f 4187 4190 4189
f 4213 4216 4215
f 4220 4223 4222
f 4225 4226 4211
f 4230 4233 4232
f 4240 4243 4242
f 3606 3609 3608
f 4250 4253 4252
f 4258 4261 4260
f 4077 4080 4079
f 4276 4279 4278
f 4308 4262 4263
f 4017 4018 3872
f 3196 3193 3951
f 4316 4317 4270
f 3870 4306 4307
f 4324 4327 4326
f 4333 4334 4247
f 4338 4341 4340
f 4348 4351 4350
f 4283 4284 4289
f 4356 4359 4358
f 4359 4019 4020
f 4362 4363 4196
f 4320 4364 4279
f 4370 4372 4296
f 4377 4253 4303
f 4231 4232 4201
f 4203 4212 4331
f 4037 4040 4039
f 4371 4265 4386
f 4387 4346 4347
f 3309 3293 3294
f 4099 3723 3724
f 4355 3422 3257
f 3630 3680 3693
f 4277 4278 4302
f 4350 4318 4319
f 4353 4354 4351
f 3637 3634 3639
f 4394 4395 3827
f 3311 3312 4399
f 3755 3708 4005
f 4363 4362 4259
f 3454 3453 3919
f 3446 3447 3459
f 4298 4299 4404
f 3749 3746 3769
f 3791 3741 3756
f 3643 3685 3684
f 3845 3846 3399
f 4313 3257 3258
f 4411 4413 4408
f 3843 4424 4423
f 4214 4215 4329
f 4431 4434 4433
f 3918 3861 3798
f 3927 3928 3388
f 4453 3893 3874
f 4138 4458 4457
f 3346 4460 4459
f 4100 4109 4108
f 3974 3977 3976
f 3665 3655 3652
f 3773 3565 3993
f 3945 3454 3920
f 4144 4463 4462
f 4464 4467 4466
f 3268 4142 4479
f 4484 3921 4136
f 3348 3914 4487
f 3313 3314 3912
f 3803 3621 3617
f 4086 3509 3510
f 4034 3304 3305
f 3403 3404 4171
f 4481 4482 4492
f 4177 4180 4179
f 4398 4170 3923
f 4451 4493 4494
f 4501 4075 4076
f 4509 4510 4506
f 3304 4034 4462
f 4485 4399 3312
f 3419 4488 3349
f 4356 4345 4385
f 4026 4354 4358
f 4354 4353 4357
f 3599 3596 4091
f 4341 4338 4254
f 4251 4252 4524
f 3482 3485 3484
f 3843 3543 3544
f 4295 4341 4274
f 4381 4530 4206
f 4204 4205 4531
f 4533 4536 4535
f 4542 4545 4544
f 4546 4549 4548
f 4573 4574 4547
f 4575 4578 4577
f 4221 4581 4580
f 4587 4590 4589
f 4328 4592 4589
f 4187 4565 4563
f 4595 4583 4593
f 4597 4605 4604
f 4609 4608 4611
f 4620 4623 4622
f 4612 4615 4614
f 4636 4638 4600
f 4649 4651 4650
f 4652 4655 4654
f 4662 4665 4664
f 4666 4669 4668
f 4637 4639 4685
f 4627 4701 4700
f 4684 4686 4636
f 4663 4689 4661
f 4699 4698 4697
f 4647 4648 4703
f 4709 4711 4603
f 4724 4633 4726
f 4742 4745 4744
f 3311 3923 3924
f 4698 4759 4758
f 4749 4765 4609
f 4342 4345 4344
f 4797 4800 4799
f 4490 4048 3974
f 4019 4359 4306
f 4512 3955 4514
f 3991 3988 4508
f 4692 4695 4694
f 4680 4681 4818
f 4821 4822 4824
f 4367 4239 4243
f 4833 4832 4831
f 4837 4744 4757
f 4332 4563 4562
f 4683 4835 4819
f 4845 4843 4850
f 4751 4753 4752
f 4854 4855 4695
f 4858 4719 4718
f 4822 4559 4859
f 4674 4646 4647
f 4771 4774 4773
f 4726 4727 4537
f 4714 4718 4719
f 4633 4634 4688
f 4616 4619 4618
f 4686 4684 4842
f 4869 4707 4708
f 3502 3868 3528
f 4777 4660 4737
f 4734 4732 4779
f 4883 4755 4663
f 4375 4294 4274
f 4290 4343 4335
f 4816 4815 4812
f 4778 4779 4732
f 4158 3710 4160
f 4195 4198 4197
f 3860 3861 4166
f 3758 3759 3763
f 3694 3691 4157
f 4249 4248 4391
f 3467 3470 3469
f 4209 4212 4211
f 4142 3268 4144
f 3615 3614 3617
f 3479 3480 3536
f 4883 4753 4672
f 4802 4801 4642
f 3698 3637 3638
f 4105 3725 3726
f 4848 4645 4896
f 4878 4877 4744
f 4610 4874 4748
f 4036 3403 4489
f 4355 4313 4314
f 4171 4141 4049
f 3875 3452 3216
f 4868 4865 4863
f 4623 4900 4691
f 3629 3626 4155
f 4654 4887 4898
f 4012 4015 4014
f 4902 4903 4866
f 4768 4769 4908
f 4370 4386 4385
f 4888 4860 4914
f 3546 3543 3917
f 4932 4926 4931
f 3625 3622 4151
f 3804 3669 3670
f 3816 4104 4103
f 4911 4898 4887
f 4928 4930 4927
f 4925 4929 4927
f 3655 3665 3666
f 4932 4919 4910
f 4937 4923 4912
f 4939 4938 4942
f 4228 4529 4530
f 4946 4945 4942
f 4938 4922 4923
f 4942 4938 4937
f 4951 4950 4930
f 4955 4951 4928
f 4748 4750 4615
f 4914 4860 4847
f 4824 4859 4584
f 4940 4939 4941
f 4916 4961 4960
f 4909 4907 4891
f 4971 4967 4968
f 4966 4970 4948
f 4962 4952 4953
f 4940 4935 4924
f 4831 4916 4917
f 4935 4936 4925
f 4275 4255 4261
f 4679 4758 4791
f 4016 4309 4373
f 4668 4764 4766
f 4539 4537 4727
f 4929 4925 4936
f 4775 4776 4801
f 4801 4776 4742
f 4732 4734 4611
f 4985 4984 4983
f 4534 4586 4562
f 4847 4644 4645
f 4788 4787 4619
f 4787 4788 4678
f 4657 4606 4605
f 4994 4996 4878
f 5006 5009 5008
f 5001 5003 4973
f 4814 4618 4619
f 5014 4989 4974
f 5003 5002 4972
f 5019 5006 5007
f 5024 5016 5017
f 5036 5037 5035
f 4990 5019 4975
f 5045 5033 5034
f 5048 5049 5034
f 5025 5017 5014
f 5046 5038 5043
f 5051 5052 5055
f 5044 5050 5060
f 5011 4981 5021
f 5013 5069 5068
f 5028 5073 5072
f 5077 5074 5064
f 5065 5080 5079
f 5083 5079 5080
f 5063 5067 5080
f 5054 5055 5071
f 4602 4603 4711
f 5058 5082 5083
f 4982 4983 4792
f 5041 5033 5045
f 3909 3911 3278
f 3471 3474 3473
f 5002 5003 4994
f 5060 5080 5067
f 4892 4861 4862
f 4891 4813 4884
f 4996 4994 5003
f 4997 5015 5005
f 4813 4617 4614
f 4618 4814 4827
f 5089 5090 5093
f 3303 3306 3305
f 5100 5103 5102
f 5107 5110 5109
f 5110 5115 5092
f 4610 4611 4734
f 5112 5103 5100
f 5088 5091 5090
f 5119 5118 5117
f 5092 5115 5096
f 3826 3830 3829
f 5108 5109 5102
f 5100 5130 5087
f 5118 5131 5133
f 3783 3689 3690
f 4444 4447 4446
f 5151 5153 5150
f 4790 4616 4617
f 4332 4182 4190
f 3266 3267 4451
f 3211 3947 3332
f 4741 4796 4760
f 4775 4778 4777
f 4764 4665 4691
f 4489 4171 4048
f 4466 4477 4511
f 4518 3936 3930
f 4786 4787 4791
f 4980 5005 4984
f 5144 5152 5150
f 5159 5146 5148
f 5121 5119 5120
f 5169 5164 5162
f 5016 4978 4979
f 5123 5180 5179
f 5181 5180 5140
f 5175 5185 5184
f 4575 4581 4586
f 4984 4985 4976
f 4596 4599 4598
f 5182 5181 5183
f 4785 4619 4787
f 5137 5124 5122
f 5167 5179 5180
f 4835 4683 4898
f 4687 4727 4726
f 4176 3836 4170
f 4760 4761 4655
f 4681 4680 4649
f 5121 5093 5132
f 5171 5191 5178
f 5174 5178 5191
f 5169 5193 5194
f 4909 5094 5095
f 5105 5104 5112
f 4767 5108 5126
f 5201 5202 5205
f 5219 5218 5217
f 5229 5214 5200
f 5234 5237 5236
f 4069 4072 4071
f 4724 4725 4717
f 5108 4767 4768
f 5103 5195 5126
f 5227 5218 5211
f 5015 4997 4884
f 4997 4998 4892
f 5197 5198 5215
f 5241 5199 5247
f 5013 4975 5019
f 5205 5239 5232
f 4969 4967 4971
f 5239 5205 5249
f 4808 5243 5225
f 5216 5247 5199
f 5253 5245 5242
f 5235 5236 5255
f 5135 5148 5157
f 5264 5260 5267
f 5245 5203 5215
f 5260 5261 5269
f 5264 5266 5274
f 5154 5153 5173
f 5287 5272 5278
f 5256 5301 5300
f 5173 5174 5176
f 4631 4630 4629
f 4781 4784 4783
f 5309 5307 5311
f 5155 5156 5144
f 4826 4828 4827
f 5291 5295 5308
f 5310 5311 5281
f 5311 5307 5308
f 4036 4033 4176
f 4641 4716 4704
f 5220 5224 4804
f 4770 5206 5207
f 5188 5185 5175
f 5180 5123 5129
f 4626 4700 5314
f 4731 4728 5315
f 5222 5213 5210
f 4728 4882 5316
f 5230 5219 5216
f 5297 5296 5240
f 5204 5233 5208
f 5318 4868 4864
f 5273 5272 5287
f 5221 5210 5219
f 4700 4902 5321
f 5313 5314 5328
f 5157 5149 5154
f 5275 5276 5263
f 5324 5322 5318
f 5323 5332 5331
f 5343 5334 5345
f 5306 5310 5286
f 5278 5281 5311
f 4882 4625 5320
f 5109 5110 5114
f 5123 5087 5130
f 5299 5283 5284
f 5240 5198 5199
f 5229 5231 5197
f 5305 5302 5292
f 5233 5228 5225
f 5192 5190 5194
f 5104 5105 4670
f 5146 5159 5160
f 5337 5340 5347
f 5347 5340 5341
f 5353 5346 5335
f 5349 5355 5354
f 5355 5358 5357
f 5358 5355 5360
f 5355 5349 5348
f 5342 5366 5365
f 5345 5346 5362
f 5332 5364 5367
f 5372 5371 5315
f 5370 5365 5366
f 5361 5356 5354
f 5364 5365 5368
f 5369 5344 5362
f 5316 5320 5330
f 5373 5359 5371
f 5341 5342 5364
f 5374 5358 5359
f 5329 5376 5375
f 5377 5380 5379
f 5377 5376 5331
f 5380 5377 5367
f 5363 5383 5370
f 5357 5358 5374
f 5381 5385 5361
f 4814 4815 4825
f 4825 4815 4816
f 4806 4746 4747
f 5119 5121 5131
f 4696 4697 4893
f 4696 5389 5390
f 5213 5222 5388
f 5393 5389 5388
f 5380 5382 5384
f 5213 5387 4893
f 4813 4891 4908
f 5390 5392 4693
f 5294 5289 5287
f 5184 5185 5186
f 5285 5275 5253
f 4769 4789 4790
f 5327 5371 5359
f 4598 4621 4690
f 4608 4606 4733
f 4627 4624 4609
f 4596 4604 4851
f 4900 4623 4706
f 4668 4795 5395
f 4863 4865 4639
f 5392 5393 4666
f 4872 4650 4651
f 4807 4791 4758
f 5348 5338 5325
f 5176 5191 5190
f 5046 5031 5022
f 4853 4852 4869
f 5346 5353 5363
f 4709 4880 4620
f 4672 4673 4904
f 4680 4811 4651
f 4841 4844 4688
f 4823 4817 4818
f 4729 4730 4602
f 4881 4729 4851
f 5360 5348 5326
f 4852 4900 4707
f 4890 4751 4669
f 5392 5390 5389
f 5189 5182 5186
f 4881 4604 4605
f 5343 5344 5369
f 4607 4624 4625
f 5056 5055 5052
f 4850 4797 4798
f 3260 5399 5398
f 4855 4736 4899
f 5339 5343 5366
f 4789 4905 4808
f 5400 4040 3948
f 3872 3424 4046
f 4018 3423 3424
f 4025 4523 4172
f 4011 4023 4024
f 4065 4068 3900
f 3413 4012 4013
f 5056 5068 5069
f 5055 5056 5070
f 4062 5398 5399
f 5269 5289 5294
f 4685 4866 4903
f 5254 5242 5240
f 4606 4657 4658
f 4729 4881 4882
f 4030 4041 4043
f 4664 4752 4753
f 3575 3483 3904
f 3413 3410 3922
f 4949 4968 4955
f 4947 4937 4913
f 4849 4850 4894
f 4143 3974 3975
f 4912 4923 4932
f 3774 3771 3995
f 3956 3954 3342
f 4871 4872 4758
f 4270 4273 4272
f 4039 4040 5400
f 3555 3969 5402
f 5403 5404 3906
f 3908 4126 3823
f 4124 4121 5408
f 3901 3902 4046
f 4120 4117 5410
f 4124 3962 4125
f 5420 3906 5404
f 5424 4059 5425
f 3400 5429 5428
f 5432 5433 5435
f 4941 4942 4945
f 4935 4940 4949
f 3895 3898 3897
f 5426 5408 4121
f 5430 3905 3906
f 4045 4041 5398
f 5395 4693 5392
f 4846 4903 4701
f 4880 4709 4710
f 4624 4607 4608
f 4656 4690 4662
f 5305 5307 5309
f 5220 5223 5222
f 4230 4223 4327
f 5030 5073 5028
f 5213 5212 5211
f 5440 3272 3269
f 4396 4397 3980
f 5447 5448 3244
f 3328 3330 5451
f 4208 4391 4248
f 4599 4620 4621
f 4528 4339 4391
f 4529 4228 4199
f 4526 4338 4339
f 4256 4235 5452
f 4532 5452 4241
f 3834 4400 5446
f 5443 5445 5444
f 4530 4247 4334
f 4754 4886 4904
f 4229 4228 4381
f 4205 4382 4383
f 4892 4998 4987
f 4039 4032 3976
f 4738 4780 4796
f 4833 4835 4897
f 4232 4527 4200
f 4194 4240 4241
f 4889 4794 4750
f 4194 4191 4365
f 4531 4383 4195
f 5043 5042 5062
f 4182 4332 4561
f 5446 5447 3241
f 5237 5239 5248
f 4206 4334 4382
f 5210 5211 5218
f 3426 3922 3417
f 4216 4191 4192
f 4219 4210 4184
f 4180 4561 4380
f 4327 4595 4591
f 4223 4230 4231
f 4215 4192 4360
f 4186 4568 4218
f 4190 4330 4209
f 4223 4220 4595
f 4326 4591 4328
f 4366 4389 4568
f 4570 4548 4549
f 4579 4573 4548
f 4563 5453 4533
f 4583 4595 4220
f 4586 4380 4561
f 4239 4196 4363
f 4572 4571 4567
f 4536 4539 4585
f 4538 5453 4566
f 4536 4533 5453
f 3573 3986 3983
f 5427 3963 3552
f 4553 4587 4588
f 4593 4554 4555
f 4368 4365 4183
f 4361 5452 4235
f 4233 4369 4527
f 4233 4230 4324
f 4212 4209 4330
f 4237 4324 4325
f 4193 4241 5452
f 4983 5015 4885
f 5002 4995 4986
f 5074 5077 5076
f 4698 4699 5391
f 5391 4699 5390
f 4871 4899 4650
f 4546 4857 4543
f 4553 4550 4901
f 4552 4588 4555
f 5223 4804 4805
f 5386 5382 5383
f 5317 5315 5371
f 3240 3237 4429
f 5384 5385 5381
f 3938 3217 3218
f 3942 3943 5455
f 5361 5385 5386
f 4542 4540 4541
f 3910 5430 5420
f 3939 3333 4060
f 3851 5350 5351
f 3838 5427 3556
f 4547 4858 4857
f 5442 5443 4050
f 3385 3874 5428
f 4257 4234 4235
f 5312 5212 4893
f 4212 4203 4204
f 3854 3849 5461
f 4226 4184 4210
f 4202 4177 4178
f 3316 3983 3897
f 5464 5465 4432
f 5465 5466 3883
f 4472 4469 4449
f 4501 4472 4450
f 4074 4075 4080
f 5473 5474 5401
f 4173 4172 5475
f 3432 3429 3520
f 3462 5505 5504
f 4075 4501 4494
f 5482 5481 3387
f 5468 5471 5470
f 3427 5421 5422
f 4498 4499 4487
f 5403 3824 5414
f 3382 5523 5522
f 3492 5512 5511
f 3429 3434 3517
f 3873 5522 5524
f 5480 5479 3350
f 3477 5508 5505
f 4507 4508 5544
f 4396 5550 5551
f 3374 5552 5553
f 3373 5553 5554
f 5479 4521 4063
f 3390 5554 5555
f 5531 5525 5566
f 3368 5568 5567
f 5556 5557 5560
f 3393 5555 5557
f 4433 3364 5463
f 5464 5463 5458
f 4435 4437 4439
f 4055 4393 3277
f 3273 3278 3911
f 3395 3357 3358
f 5486 3894 4071
f 5526 4455 4453
f 5525 5570 5569
f 5568 3526 3527
f 3527 3362 3847
f 3365 5461 3849
f 5462 3849 3850
f 4435 4436 5571
f 3378 3379 3943
f 5573 5578 5577
f 4438 5455 3943
f 5477 5574 5579
f 5582 5581 5580
f 5583 5580 5581
f 5586 5585 5588
f 4074 5472 5586
f 5583 5585 5474
f 4507 5589 5590
f 5573 5478 4522
f 3989 5595 5596
f 5594 3406 3407
f 4436 3381 5572
f 5591 3990 3991
f 4507 4475 4476
f 3990 5591 5587
f 5578 3409 3406
f 5595 3989 5584
f 5484 3394 3358
f 4441 4442 5467
f 5472 4074 4077
f 5522 5599 5570
f 5486 3358 3353
f 5481 4498 3386
f 3475 5506 5492
f 5476 4523 3899
f 5540 5541 5606
f 5542 5540 5603
f 5608 5543 5542
f 5608 5607 5545
f 5607 5603 5609
f 5599 5600 5548
f 5598 5592 5543
f 5595 5594 5593
f 5588 5584 3989
f 5626 3265 3266
f 5627 3266 4448
f 5469 4449 4469
f 4515 4517 5625
f 4503 4473 4474
f 4481 5626 5627
f 4500 5628 5469
f 3414 4468 5466
f 5594 5595 5581
f 3376 3377 4430
f 3444 3944 3941
f 5572 3944 3444
f 4273 4286 4287
f 4345 4356 4357
f 4386 4304 4305
f 4517 4462 4463
f 4352 4349 4319
f 4352 4250 4251
f 4268 4277 4390
f 4264 5629 4320
f 4346 4387 4282
f 4337 4335 4343
f 4289 4244 4245
f 4303 4378 4287
f 4343 4290 4291
f 4284 4333 4244
f 4375 4519 4291
f 4379 4319 4271
f 4337 4353 4348
f 4524 4525 4295
f 4364 4362 4197
f 4285 4282 4390
f 5206 5209 5208
f 4297 5629 4371
f 4346 4283 4286
f 4285 4300 4333
f 3571 3572 4395
f 5341 5340 5339
f 5346 5345 5334
f 5269 5261 5273
f 4510 4509 5609
f 4509 4474 5545
f 4445 4446 5611
f 5566 5569 5568
f 5349 5336 5338
f 5489 5490 3401
f 5565 5566 3368
f 5496 5497 5417
f 5523 3382 3383
f 5325 5338 5347
f 5523 5600 5599
f 5429 3400 3401
f 3887 5632 5631
f 5634 5613 5600
f 5276 5280 5279
f 5298 5297 5257
f 5087 5086 5085
f 3361 3526 5612
f 5041 5061 5066
f 5487 5488 3383
f 5101 5116 5130
f 5299 5298 5300
f 5333 5336 5335
f 5302 5305 5304
f 5234 5247 5216
f 5301 5256 5255
f 4868 5318 5322
f 5281 5278 5277
f 5323 5321 5322
f 5298 5284 5296
f 4885 4829 4750
f 5231 5230 5196
f 4625 4626 5313
f 5111 5113 5085
f 5600 5613 5549
f 5531 5564 5563
f 5165 5166 5182
f 5283 5280 5285
f 4269 4276 4277
f 5610 5609 5603
f 5127 5090 5091
f 4907 5095 5125
f 5277 5278 5272
f 5596 5593 5592
f 5212 5312 5226
f 5273 5261 5262
f 5302 5301 5258
f 5635 5646 5645
f 4250 4352 4379
f 4485 4136 3405
f 4354 4026 4023
f 4265 4262 4304
f 4388 4390 4282
f 4345 4342 4384
f 4362 4364 4297
f 4836 4765 4612
f 4360 4361 4236
f 4369 4233 4237
f 5647 5636 3986
f 5650 3965 3192
f 5337 5338 5336
f 4467 4478 4477
f 4253 4377 4340
f 4429 3416 5457
f 3997 4133 3915
f 5535 3856 3839
f 5538 5541 4460
f 3439 3376 5571
f 5570 5525 5526
f 3438 5571 5572
f 4440 4468 3879
f 3440 5665 4407
f 3886 5685 5695
f 5534 5529 5396
f 5685 3886 3471
f 4278 4198 4301
f 5628 4448 4449
f 3579 3537 3538
f 4480 5627 5628
f 4402 5499 5517
f 4279 4197 4198
f 3603 3534 3532
f 3580 3594 4088
f 4095 3530 3531
f 5248 5249 5251
f 3778 3819 3999
f 4617 4618 4613
f 4375 4275 4372
f 3411 3405 4136
f 5094 5106 5111
f 3602 3532 3535
f 4023 4011 4350
f 4349 4352 4336
f 3605 3535 3536
f 4469 4472 4471
f 4094 3531 3593
f 4248 4249 4245
f 3519 5521 5518
f 5254 5296 5284
f 4852 4853 4795
f 4265 4371 5629
f 5632 5499 5503
f 3604 3611 3612
f 5549 5501 5502
f 3653 3606 3607
f 4780 4738 4873
f 4988 4989 4979
f 4491 5625 5626
f 4837 4904 4995
f 4615 4612 4765
f 5468 4469 4470
f 3514 3470 3467
f 5491 5680 4409
f 4093 3618 3619
f 4364 4320 5629
f 3488 5510 5509
f 5606 5539 5611
f 4210 4219 4189
f 4600 4603 4602
f 5242 5215 5198
f 5073 5074 5075
f 5651 5657 3940
f 3996 3541 3775
f 5200 5203 5202
f 5525 5531 5527
f 3364 4433 4434
f 3775 3541 3542
f 3941 3833 5485
f 3731 3706 4105
f 4997 5000 4999
f 4508 5598 5608
f 4101 4099 3818
f 3728 4109 4103
f 4591 4593 4592
f 4539 4536 4538
f 4550 4553 4552
f 4541 4566 4567
f 4389 4579 4570
f 4582 4583 4580
f 4976 4979 4978
f 4705 4708 4707
f 4797 4850 4843
f 3713 3729 3730
f 4675 4647 4702
f 4977 4978 4981
f 4810 4818 4817
f 4786 4811 4812
f 4715 4631 4628
f 4978 5016 5021
f 5010 5009 5006
f 3722 3743 4162
f 4558 4557 4560
f 4568 4570 4569
f 4584 4578 4535
f 4641 4631 4715
f 5026 5014 5012
f 4776 4777 4745
f 4714 4628 4712
f 4982 4996 5001
f 4576 4577 4560
f 4564 4567 4566
f 5069 5013 5018
f 5057 5052 5048
f 4810 4812 4811
f 3710 4158 3786
f 4991 4992 4999
f 5011 5009 5010
f 5008 5020 5022
f 5066 5067 5063
f 5047 5037 5024
f 5050 5049 5051
f 5023 5021 5016
f 5045 5044 5059
f 5047 5025 5026
f 3711 3712 3724
f 5048 5035 5037
f 5042 5040 5063
f 5058 5053 5051
f 5036 5038 5046
f 3715 3699 3700
f 5235 5256 5257
f 3732 3729 3704
f 5030 5031 5062
f 5020 5021 5023
f 5263 5262 5261
f 5049 5050 5044
f 5236 5248 5250
f 5031 5030 5027
f 5043 5038 5039
f 5320 5313 5329
f 5049 5048 5052
f 5326 5319 5317
f 3264 3261 3288
f 5264 5265 5263
f 4998 4999 4992
f 5009 5011 5020
f 5036 5032 5039
f 5032 5035 5034
f 4355 4317 3949
f 4269 4266 4374
f 4253 4250 4378
f 4525 4524 4252
f 3960 4112 4111
f 4372 4275 4258
f 5681 5672 5673
f 4378 4379 4272
f 4270 4347 4346
f 3244 5448 5644
f 4899 4703 4648
f 3734 3732 3702
f 4138 3346 3343
f 4192 4193 4361
f 3813 4001 3812
f 3817 3695 3696
f 5668 5683 5682
f 5690 5691 5687
f 5499 5632 5700
f 3999 3819 3820
f 3745 3742 4102
f 5684 3471 3472
f 5702 3859 3860
f 5712 5713 5693
f 3249 3277 4393
f 5695 5683 5715
f 5694 5715 5716
f 5719 3972 5601
f 4918 4919 4950
f 4774 4742 4743
f 5505 4415 4411
f 3583 3584 3585
f 3710 3687 4157
f 5513 5725 4417
f 5704 3563 4146
f 4141 4045 4062
f 5669 5689 5688
f 3898 3895 5653
f 5718 3973 3972
f 5684 5687 5686
f 3917 4131 5717
f 3463 5666 5662
f 5492 5506 5680
f 4931 4930 4950
f 5665 3440 3441
f 3788 3717 3740
f 3501 3502 3529
f 3569 3570 3477
f 5516 5728 5727
f 3564 3567 3566
f 3892 5405 5406
f 3962 4124 5407
f 4126 3908 4123
f 4116 3296 3287
f 3892 3887 5630
f 3824 3432 5413
f 4408 4409 5680
f 3969 3966 3978
f 4408 4413 3449
f 4414 3448 3449
f 3962 3261 3262
f 4425 5724 5616
f 4418 5725 5727
f 5716 5597 5575
f 5719 5720 5717
f 5698 5498 5692
f 3880 5621 4166
f 5652 3212 5520
f 5621 5623 4167
f 5679 4409 4410
f 3210 3209 3355
f 5622 5534 5451
f 5416 5417 5497
f 5729 5732 5731
f 5733 5734 3761
f 5735 5738 5737
f 5750 5752 5751
f 5744 5745 5740
f 5744 3770 3753
f 5753 5754 5730
f 5757 5758 5736
f 5731 5752 5765
f 5774 5777 5776
f 5790 5793 5792
f 5796 5786 5787
f 5817 5814 5819
f 5828 5831 5830
f 3725 4105 3751
f 4874 4734 4873
f 4700 4701 4903
f 4740 4820 4876
f 3199 3202 3201
f 4100 4102 4099
f 3749 3767 4108
f 3695 3817 3712
f 3378 3381 3380
f 5504 4411 4412
f 4405 4402 5518
f 5838 5839 5835
f 4705 4632 4712
f 5832 5831 5828
f 5697 5677 5678
f 3791 4006 4005
f 5848 5791 5794
f 3714 3700 3701
f 3995 4148 4042
f 3329 3326 3224
f 4005 3708 3705
f 4551 4762 4763
f 5855 5798 5808
f 5851 5795 5792
f 5803 5801 5858
f 5844 5843 5840
f 5762 5759 5743
f 5808 5809 5806
f 4012 3413 3426
f 5558 3513 3467
f 4550 4763 4720
f 4950 4951 4953
f 3885 3886 5694
f 5705 5706 4081
f 5508 4417 4415
f 3745 3759 3760
f 5507 4412 5680
f 3592 3536 3588
f 3895 5434 5658
f 5613 5500 5501
f 3834 3830 4393
f 5527 4454 4455
f 5775 5806 5809
f 5766 5767 5813
f 5858 5811 5812
f 5855 5815 5811
f 5863 5820 5819
f 5826 5859 5863
f 5862 5866 5833
f 5870 5871 5837
f 5782 5783 5831
f 5868 5838 5836
f 5778 5779 5843
f 5866 5870 5845
f 5785 5864 5867
f 5790 5788 5789
f 5796 5797 5794
f 5821 5818 5819
f 5657 5651 5620
f 5793 5849 5852
f 5855 5858 5801
f 5853 5847 5786
f 5804 5805 5802
f 5827 5867 5864
f 5767 5768 5821
f 5854 5857 5776
f 5860 5817 5818
f 5782 5832 5825
f 5781 5778 5844
f 5810 5811 5815
f 5867 5827 5830
f 5809 5808 5798
f 5828 5829 5863
f 5865 5841 5838
f 5801 5803 5802
f 4086 5707 3795
f 5779 5780 5842
f 5827 5826 5829
f 5839 5872 5869
f 5814 5815 5855
f 5711 4132 3859
f 4958 4957 4917
f 5861 5818 5821
f 5863 5859 5812
f 5865 5868 5823
f 5873 5836 5837
f 5872 5839 5842
f 4089 3455 3563
f 3812 3787 3785
f 5770 5771 5787
f 5789 5786 5847
f 5793 5789 5846
f 4145 4147 4146
f 5848 5773 5790
f 3953 4008 4009
f 5748 5875 5874
f 4624 4627 4626
f 4665 4764 4752
f 4775 4780 4779
f 4746 4670 4671
f 4637 4600 4601
f 4828 4612 4613
f 4704 4763 4762
f 4843 4845 4727
f 4543 4717 4725
f 4731 4864 4863
f 4723 4594 4558
f 4842 4846 4840
f 4717 4543 4857
f 4865 4868 4867
f 5841 5865 5866
f 4725 4726 4540
f 4798 4799 4816
f 4632 4635 4634
f 4720 4716 4715
f 4642 4645 4644
f 3754 4007 5874
f 4860 4761 4644
f 4674 4723 4722
f 4808 4809 4676
f 4721 4722 4822
f 5876 5878 5877
f 4836 4838 4840
f 4658 4661 4660
f 4826 4799 4800
f 4877 4782 4743
f 4948 4970 4971
f 4875 4739 4876
f 4954 4933 4934
f 5773 5770 5788
f 5825 5832 5833
f 5834 5837 5836
f 5834 5844 5845
f 3359 3362 3361
f 5732 5729 3756
f 3394 3397 3396
f 3766 3769 5741
f 5774 5809 5799
f 5805 5776 5857
f 5813 5821 5820
f 3969 3555 3964
f 5667 5668 5674
f 5729 5747 3792
f 3770 5744 5741
f 4741 4740 4739
f 4689 4737 4660
f 5772 5797 5787
f 5735 5733 3758
f 5850 5772 5773
f 5617 5528 3965
f 5799 5800 5854
f 5875 5748 5764
f 5840 5843 5842
f 5861 5768 5769
f 5807 5804 5853
f 5869 5781 5834
f 3765 3768 5739
f 5882 5884 5761
f 5881 5879 5887
f 5895 5896 5898
f 5907 5905 5906
f 5909 5907 5908
f 4234 4257 4526
f 3912 3927 3389
f 5934 8731 8730
f 8730 8731 5930
f 4920 4923 4922
f 8845 8847 8853
f 4141 4171 3404
f 3733 3705 3706
f 8849 8847 8848
f 4234 4237 4236
f 8863 8858 5919
f 3733 4002 4004
f 5908 5906 8859
f 8865 8866 8871
f 8859 8858 8863
f 5927 5924 5925
f 5911 5903 5904
f 8878 8871 8866
f 5635 5638 5637
f 5745 5744 5746
f 3552 3555 3554
f 8857 8889 8890
f 5924 5927 8860
f 3553 3557 3556
f 5919 5920 8861
f 8869 8865 8870
f 8873 8871 8878
f 8856 8857 8875
f 8862 8861 5889
f 8846 8845 8844
f 8864 8863 8866
f 8729 8730 8883
f 8848 8846 8887
f 8878 8879 5888
f 8896 8854 8855
f 8853 8854 8896
f 8841 8842 5882
f 3489 3492 3491
f 8867 8859 8864
f 5910 5908 8867
f 5914 5910 8898
f 5916 5914 8899
f 5889 8861 8860
f 8876 8878 8893
f 5918 5916 8900
f 4424 5722 5726
f 8904 8903 8900
f 8909 8908 8904
f 8908 8907 8903
f 8869 8909 8905
f 3632 3668 3667
f 3687 3690 3689
f 3636 3682 3681
f 3664 3641 3639
f 4304 4307 4306
f 8909 8869 8891
f 3681 3696 3695
f 3758 3761 3760
f 3684 3701 3700
f 3721 3724 3723
f 3941 3944 3943
f 3738 3741 3740
f 3687 3710 3709
f 3238 3239 3938
f 4249 4303 4288
f 4499 4498 3344
f 4240 4194 4368
f 3453 3451 3951
f 4401 3971 3547
f 3950 3951 3451
f 3702 3704 3701
f 3725 3728 3727
f 3194 3207 3208
f 4034 4035 4461
f 3914 3348 3913
f 3483 3575 3533
f 3191 3958 3957
f 4292 3489 3970
f 3909 3910 3428
f 3959 3960 3866
f 4017 4308 4309
f 4316 4318 4008
f 4448 4451 4450
f 4414 4415 4417
f 3435 3430 3351
f 4413 4411 4415
f 3899 3902 3901
f 3780 3781 3648
f 3474 3471 3886
f 3958 3191 3192
f 3221 3223 3935
f 3905 3908 3907
f 3913 4488 4486
f 4420 4422 4421
f 3881 3884 3883
f 4004 3788 3790
f 4271 4319 4318
f 4259 4297 4296
f 3501 4003 4066
f 5897 5898 5900
f 5901 5902 5904
f 8854 8849 8856
f 3789 3785 3786
f 3651 3648 3781
f 5924 5899 5901
f 8870 8871 8873
f 8876 8877 8874
f 5912 5917 5918
f 3805 3918 3799
f 3369 3370 3395
f 3923 3926 3925
f 3916 3917 3512
f 3641 3664 3801
f 4276 4269 4323
f 4181 4229 4331
f 4428 4430 3377
f 3495 4425 4321
f 4436 4435 3380
f 4430 4428 4437
f 3945 3957 3958
f 4065 3901 4047
f 4495 4497 3408
f 8913 8912 8915
f 8911 8910 8917
f 8889 8922 8923
f 8919 8935 8931
f 8884 8914 8918
f 8922 8921 8931
f 5852 5907 5909
f 5866 5862 5915
f 8926 8918 8914
f 8914 8884 8883
f 8886 8919 8921
f 5846 5847 5894
f 5873 5902 5900
f 8893 5888 5764
f 8894 8893 5754
f 5890 8860 5927
f 5885 8896 5755
f 5871 5904 5902
f 5763 8936 5883
f 5880 5890 8936
f 4175 4176 4398
f 4274 4254 4255
f 8883 8730 5931
f 8868 8905 8898
f 3289 4059 3247
f 3858 3855 5485
f 8850 8848 8886
f 4116 4120 5409
f 3889 5406 4127
f 3678 3679 8938
f 8857 8850 8888
f 3979 3551 3294
f 4126 3352 3431
f 3651 4000 3679
f 3460 3858 5921
f 4084 3309 3310
f 8905 8904 8899
f 3561 3327 5397
f 3213 3965 5528
f 4191 4194 4193
f 5449 5450 5532
f 4142 3975 4031
f 4060 3947 5652
f 4480 4483 4482
f 5519 5520 3212
f 5657 5451 3330
f 4473 4476 4475
f 3514 3515 5668
f 5663 5670 5669
f 8881 5929 5926
f 5734 5733 5749
f 4788 4789 4677
f 3997 3996 3538
f 3551 3486 3310
f 3577 3578 3998
f 4893 4697 4676
f 4753 4751 4671
f 8729 8884 8885
f 3813 3703 9021
f 8938 4001 3813
f 8882 5931 5929
f 4098 5701 3820
f 3399 5405 5416
f 5494 5495 5503
f 5880 5877 5878
f 4986 4673 4861
f 4999 5000 5004
f 4985 5001 4988
f 5816 5769 5766
f 4372 4370 4384
f 5688 5691 5692
f 8903 8902 8901
f 8879 8862 5887
f 8902 8881 8880
f 5919 5893 5895
f 4519 4384 4342
f 8847 8849 8854
f 5925 5901 5903
f 4021 3899 4523
f 5678 5677 5676
f 4424 3843 4085
f 5701 3576 3577
f 5928 5925 5926
f 5000 5005 4980
f 9022 4147 3545
f 9024 9025 5409
f 4008 4011 4010
f 3931 3234 4516
f 3822 3806 3807
f 8851 8852 8844
f 5728 5516 5509
f 9025 9023 4115
f 5209 5200 5201
f 4820 4740 4653
f 3988 5596 5598
f 3370 3911 3357
f 5639 5642 5641
f 5592 4511 4477
f 3378 3944 5572
f 5625 4463 3265
f 5594 5582 5577
f 3302 5649 5645
f 3274 3277 3278
f 5207 5208 5233
f 5071 5070 5072
f 4815 4814 4785
f 4796 4802 4643
f 3243 3244 5643
f 5301 5302 5303
f 5431 3562 5655
f 5251 5249 5244
f 3353 3427 3523
f 4174 3404 3405
f 3546 4114 4113
f 4002 3789 3788
f 4196 4239 4238
f 3232 5646 5647
f 4373 4374 4266
f 4867 5322 5321
f 5648 4054 4058
f 4455 4070 3893
f 5593 3407 4511
f 5275 5265 5252
f 5252 5265 5274
f 4092 3619 3624
f 3723 3742 3743
f 4780 4775 4802
f 4059 3289 3560
f 4317 4355 4347
f 5188 5190 5192
f 5570 5599 5612
f 3385 5429 5633
f 3526 5568 5569
f 3576 5701 3608
f 3581 3542 3594
f 5239 5237 5238
f 5081 5079 5083
f 4369 4526 4528
f 4325 4326 4329
f 3569 3285 3286
f 9022 9026 4112
f 3661 3662 3801
f 5074 5073 5030
f 5064 5062 5063
f 3563 3497 3498
f 3961 5407 4119
f 4854 4853 4870
f 5018 5007 5028
f 5007 5008 5027
f 5040 5042 5039
f 3240 3375 3875
f 5070 5069 5029
f 3504 3481 3866
f 3537 3579 3591
f 5033 5041 5039
f 4710 4638 4635
f 5017 4979 4989
f 5024 5037 5046
f 4991 5006 5019
f 4587 4553 4574
f 4996 4982 4793
f 5066 5061 5059
f 5221 5230 5231
f 5068 5056 5057
f 3675 3676 3643
f 3663 3674 3675
f 4722 4558 4559
f 3579 3576 3590
f 3686 3676 3677
f 4422 4420 3499
f 5142 5141 5138
f 5078 5071 5075
f 3609 3589 3590
f 3288 3961 5411
f 5424 9024 5410
f 5152 5144 5156
f 3960 5704 5709
f 4946 4956 4957
f 3867 3903 5705
f 9026 9022 4113
f 5192 5193 5189
f 5161 5164 5194
f 3637 3698 3682
f 4392 5461 3847
f 3796 4114 4149
f 4104 3716 3727
f 3594 3595 3993
f 3796 3793 4134
f 3687 3688 4156
f 3760 3761 4164
f 4464 3344 3345
f 3485 3528 3868
f 3846 3845 5423
f 3409 4520 4496
f 3767 3768 3765
f 3711 3721 4159
f 3797 4132 4087
f 4072 4069 5562
f 4502 4076 5590
f 5408 5426 9027
f 5683 5695 5714
f 5702 3772 4110
f 5623 4042 4148
f 5428 3874 3525
f 3668 3803 3802
f 4000 4001 8938
f 4221 4222 4179
f 4267 4268 4388
f 3721 3722 4161
f 3903 5659 5706
f 3583 3580 4090
f 3894 5486 3524
f 4635 4638 4636
f 4173 5401 4009
f 4890 4666 5393
f 5290 5291 5293
f 5339 5340 5337
f 5458 5459 4438
f 3251 5419 5430
f 3252 5418 5419
f 3428 5420 5421
f 3571 5426 5418
f 4583 4582 4554
f 4239 4367 4224
f 3322 3898 5450
f 5309 5310 5306
f 4109 3728 3748
f 5707 3865 3794
f 5139 5184 5183
f 5271 5270 5290
f 5280 5283 5282
f 5110 5107 5125
f 5319 4864 4731
f 5334 5343 5339
f 5423 3522 3523
f 5376 5377 5378
f 4721 4681 4646
f 3719 4158 4159
f 4853 4854 4692
f 5373 5372 5330
f 4428 5457 5456
f 5376 5329 5328
f 3337 3367 4434
f 4692 4693 5395
f 5475 4172 4523
f 5478 3900 4068
f 5421 5404 4129
f 5374 5373 5375
f 5283 5299 5306
f 5246 5247 5234
f 5154 5149 5150
f 4458 5562 5561
f 5163 5159 5158
f 5381 5374 5378
f 3397 3394 5484
f 4457 5561 5563
f 5147 5143 5150
f 4474 4475 5544
f 5325 5318 5319
f 5223 5394 5388
f 5517 5700 3521
f 4499 5480 3347
f 5404 5403 4128
f 3476 5507 5506
f 4084 5516 5515
f 3900 5478 5477
f 5536 5564 5547
f 5491 5498 5493
f 5474 5472 4139
f 4063 4521 4522
f 4459 4460 5541
f 5548 5549 3360
f 5444 5445 5550
f 3888 3889 5415
f 5546 5547 3339
f 5536 5539 5538
f 3570 5513 5508
f 4471 4502 5589
f 4280 3848 3359
f 5499 4402 4403
f 5189 5193 5169
f 5543 4477 4478
f 4051 5551 5552
f 3461 5504 5507
f 4629 4630 4870
f 5106 5094 4909
f 5286 5281 5279
f 5462 5463 3364
f 3491 5511 5514
f 5224 5220 5231
f 4478 4459 5540
f 4099 4102 3742
f 4803 4806 4805
f 4130 5423 5422
f 4470 4471 4476
f 4924 4925 4921
f 4920 4921 4927
f 4993 4986 4987
f 4887 4888 4913
f 3894 3893 4070
f 5472 5474 5585
f 3508 4135 4134
f 3603 3600 4096
f 3772 3773 3992
f 5712 5664 5671
f 3739 3718 4162
f 5683 5668 3515
f 5480 4465 4495
f 5698 5699 5493
f 3578 3538 3996
f 3645 3646 4154
f 5660 3904 3466
f 4135 9026 5710
f 5587 5591 4073
f 5687 5689 5693
f 3584 3583 4091
f 5585 5583 5584
f 4128 5414 5415
f 4257 4254 4338
f 4222 4231 4178
f 4366 4365 4191
f 5098 5099 5091
f 5761 5757 5737
f 5760 5737 5738
f 8852 8842 5934
f 8874 8877 8855
f 8895 8897 8855
f 5884 5882 8842
f 4557 4554 4582
f 8890 8923 8917
f 8918 8926 8930
f 8924 8926 8915
f 4182 4181 4330
f 3864 5708 5711
f 3574 3317 3230
f 3342 3954 3415
f 3488 3486 3549
f 4317 4316 3953
f 3672 3659 4152
f 5708 3864 3865
f 9021 3703 3685
f 3621 3618 3616
f 5728 4422 4419
f 4311 4027 4028
f 4131 3917 3543
f 4426 3496 3842
f 4518 3956 4168
f 5457 5465 5464
f 5425 3560 3558
f 5458 4439 4437
f 3416 3414 5465
f 5638 9028 5437
f 3985 3986 5636
f 5646 5635 5636
f 9023 9025 3554
f 5722 5510 5514
f 3256 3933 3934
f 4164 3761 5734
f 8885 8918 8920
f 3282 3932 3929
f 3292 4394 3320
f 3232 3229 3300
f 3303 3236 3271
f 3562 5431 5432
f 3392 3387 3388
f 3854 5922 5350
f 5463 5462 5459
f 5935 3474 3885
f 3879 3415 3954
f 3928 3372 3391
f 4137 5559 4458
f 5454 5455 3850
f 3548 3490 3549
f 4443 4500 5470
f 4452 4505 4506
f 4468 3414 3415
f 4443 4440 3876
f 3234 3235 4515
f 5434 3895 3896
f 5448 5440 5441
f 5447 5446 5443
f 4442 5470 5471
f 5550 4056 3275
f 5578 5573 4520
f 3464 5667 5666
f 4701 4627 4839
f 3259 5398 4041
f 4015 4012 3423
f 3558 3323 3982
f 4856 4894 4823
f 4741 4652 4653
f 3759 3745 4106
f 3560 3289 3290
f 9024 5424 3557
f 5438 3279 3280
f 3321 3283 3290
f 5557 5483 4072
f 5553 3369 3396
f 4045 4141 4174
f 4539 4845 4849
f 3536 3480 3503
f 5478 5573 5574
f 3800 3797 3510
f 4755 4883 4886
f 5561 4454 5527
f 5752 5731 5732
f 5752 5750 5756
f 3518 5492 5493
f 3767 3762 4107
f 3534 3603 4097
f 4395 3572 3826
f 3926 4052 3371
f 4446 4510 5610
f 4050 5444 3980
f 8887 8846 8843
f 5649 5639 5640
f 4643 4644 4761
f 3709 3787 3784
f 4778 4659 4660
f 5649 3302 4054
f 5646 3232 3301
f 3250 3251 3910
f 5884 5886 5757
f 5655 5656 5936
f 4224 4227 4226
f 4043 4044 3412
f 4286 4289 4288
f 4267 4311 4310
f 4493 4079 4080
f 3325 5432 3226
f 3925 3371 3372
f 4312 4315 4314
f 3996 3997 3540
f 8908 8911 8912
f 4023 4026 4025
f 3995 3890 3891
f 5482 5556 5559
f 4486 3420 3921
f 4300 4285 4302
f 5438 5642 5644
f 3233 3932 3282
f 3225 3228 3227
f 5446 4400 5445
f 5554 3396 3397
f 4834 4833 4830
f 4064 3349 3350
f 3596 3599 3598
f 5639 5649 5648
f 5434 5431 5654
f 4895 4896 4830
f 3674 3677 3676
f 3551 3979 3978
f 3835 3836 3305
f 3813 3810 3702
f 3691 3711 4160
f 4109 4100 4101
f 4565 4187 4188
f 3490 3548 3547
f 3672 3646 3647
f 8906 8907 8912
f 3810 3812 3811
f 4051 4052 4397
f 3566 3599 4090
f 5580 5475 5476
f 4456 4457 5537
f 5539 5536 5546
f 8844 5934 8729
f 8872 8873 8874
f 4383 4301 4198
f 4931 4926 4927
f 5529 5530 5397
f 5314 5321 5323
f 5347 5332 5323
f 4711 4709 4599
f 5387 5388 5389
f 5259 5290 5292
f 5195 4806 4803
f 5195 5104 4746
f 4639 4865 4866
f 4821 4818 4681
f 3421 4037 5399
f 4730 4863 4601
f 4807 4651 4811
f 4040 4037 3421
f 4844 4841 4800
f 3936 3933 3929
f 4894 4798 4817
f 5365 5370 5383
f 4657 4656 4661
f 5224 5206 4770
f 5368 5383 5382
f 5336 5349 5352
f 5353 5356 5386
f 4070 4455 4454
f 5396 5397 3327
f 5225 5226 5312
f 5384 5382 5386
f 5391 4694 4695
f 4407 4410 4409
f 4623 4620 4880
f 5356 5353 5352
f 4578 4584 4859
f 3239 3875 3217
f 3937 3218 3333
f 4578 4575 4534
f 5467 5471 4505
f 4836 4828 4826
f 4422 5728 5721
f 3392 3393 5556
f 5564 5531 5565
f 3807 3808 3663
f 5922 3854 4392
f 3680 3695 3692
f 3630 3633 3632
f 4416 4417 5725
f 4033 3305 3836
f 3238 3220 4168
f 3466 3904 3483
f 3678 3677 3650
f 3677 3674 3649
f 3340 3337 4431
f 3562 3561 5656
f 5658 5654 5938
f 3642 3643 3640
f 3306 3303 3334
f 3256 3253 3280
f 8910 8891 8892
f 5868 5900 5898
f 8924 8923 8922
f 8935 8930 8925
f 8882 8906 8913
f 8925 8930 8926
f 5852 5849 5905
f 5136 5128 5124
f 4243 4363 4260
f 5238 5227 5228
f 5642 5639 5643
f 3924 3925 3928
f 5412 3521 5700
f 3750 3752 3751
f 3746 3752 3770
f 3859 3798 3861
f 3972 3973 3493
f 5923 8860 8861
f 4945 4946 4958
f 3296 3293 3286
f 3824 5403 3907
f 3671 3629 4154
f 4137 3343 5481
f 3614 3654 3802
f 3283 3284 3559
f 4936 4935 4934
f 5511 5723 5726
f 4170 4169 3926
f 3572 4393 3830
f 3459 3447 3858
f 3496 4426 4425
f 3457 3950 3436
f 3984 3983 3986
f 3914 3389 3386
f 5512 5724 5723
f 4500 4443 4483
f 4501 4502 4471
f 4503 4506 4505
f 4143 4144 4461
f 3331 3329 3222
f 4016 4015 4018
f 3998 3775 3776
f 4114 3796 5710
f 4405 5678 4406
f 5602 5604 5720
f 4767 4803 4804
f 4929 4933 4954
f 4410 4407 5665
f 3888 5700 5632
f 4048 4049 3977
f 3947 3211 3212
f 5676 5677 3472
f 5782 5785 5784
f 4315 4312 4311
f 5699 5518 5521
f 5864 5785 5825
f 5826 5827 5822
f 5775 5776 5805
f 3236 3233 3270
f 5823 5868 5859
f 4957 4848 4895
f 8868 8864 8865
f 4281 4392 3848
f 4940 4943 4971
f 4013 4014 4029
f 3685 3703 3701
f 4339 4340 4377
f 8891 8870 8872
f 3753 3750 3755
f 4427 4168 3220
f 3809 3806 3779
f 3568 4416 4418
f 3880 3987 3918
f 3543 3843 3842
f 4646 4649 4648
f 4656 4657 4597
f 4781 4876 4820
f 4972 4975 4974
f 5101 5102 5109
f 5095 5096 5115
f 5090 5127 5132
f 5131 5132 5134
f 5134 5132 5127
f 5117 5139 5140
f 3539 3862 3863
f 4006 3791 3792
f 5128 5091 5099
f 5097 5088 5089
f 5274 5266 5271
f 4571 4572 4569
f 4225 4531 4238
f 5156 5155 5170
f 4538 4541 4540
f 4622 4691 4665
f 4981 5011 5004
f 5012 4974 4975
f 5148 5147 5149
f 5157 5142 5133
f 5161 5155 5145
f 4261 4532 4242
f 5294 5295 5291
f 4255 4256 4532
f 5274 5259 5250
f 4246 4529 4207
f 3314 3924 3927
f 4670 4673 4672
f 4995 4904 4673
f 4638 4710 4603
f 4341 4295 4525
f 5163 5166 5165
f 4834 4783 4784
f 4784 4820 4682
f 4844 4843 4687
f 5280 5276 5275
f 4217 4572 4564
f 4554 4557 4556
f 4551 4552 4556
f 4549 4546 4544
f 5141 5142 5173
f 4653 4654 4683
f 4973 4974 4989
f 4984 5005 5015
f 5177 5172 5170
f 5166 5167 5181
f 5141 5184 5139
f 5178 5174 5151
f 5244 5202 5203
f 5252 5244 5245
f 4479 4031 4079
f 4402 4405 4404
f 3500 4418 4419
f 5856 5851 5909
f 4488 3913 3348
f 8851 8853 5885
f 3607 3608 5701
f 3508 3505 3503
f 5847 5858 5896
f 4374 4373 4309
f 3380 4439 4438
f 9025 9024 3553
f 5718 5717 4131
f 3300 3229 3283
f 5551 3275 3276
f 5552 3276 3369
f 5555 3397 5483
f 5859 5898 5896
f 4133 3793 3794
f 3606 3653 3652
f 4900 4852 4766
f 4616 4790 4789
f 3738 4165 4164
f 4774 4771 4642
f 4399 4485 3402
f 5853 5796 5795
f 3936 4518 4427
f 3418 3419 4064
f 5510 3488 3840
f 3270 3282 3279
f 3274 3275 4056
f 4359 4356 4305
f 4135 3508 3504
f 3610 3611 3609
f 3837 3556 3557
f 5940 3971 4401
f 5853 5804 5803
f 5725 5513 5515
f 3246 5410 4117
f 5713 5712 5672
f 4918 4961 4916
f 4148 3995 3771
f 5106 5105 5113
f 4147 9022 5709
f 5152 5172 5177
f 9026 4135 4111
f 5104 5195 5103
f 3531 3528 3485
f 3713 3716 3715
f 3699 3715 3815
f 4467 3345 4459
f 4703 4899 4736
f 5405 3399 3846
f 3555 3552 3963
f 4120 4116 5411
f 4217 4219 4185
f 3279 5438 5441
f 4944 4945 4959
f 4353 4337 4344
f 3815 3715 3716
f 3374 3371 4052
f 4491 4492 4516
f 5865 5824 5833
f 5819 5814 5856
f 5807 5851 5856
f 3933 3256 3281
f 3208 3205 3920
f 8907 8906 8902
f 5288 5308 5295
f 3728 3725 3747
f 3309 4084 4083
f 5119 5116 5101
f 3811 3785 3789
f 3595 3863 3992
f 4106 4102 4100
f 5696 5575 5576
f 3708 3755 3750
f 3744 3760 4165
f 5905 5891 5892
f 3403 4036 4175
f 4133 3997 3506
f 4147 4145 3544
f 3561 3562 3325
f 3237 3240 3239
f 4877 4878 4793
f 3241 3244 3243
f 3597 3624 3625
f 3279 3282 3281
f 3371 3374 3373
f 3599 3566 3567
f 3975 3976 4032
f 3277 3249 3250
f 3774 3564 3565
f 3658 3673 3780
f 4961 4962 4963
f 3600 3615 3616
f 4228 4229 4202
f 4011 4008 4318
f 4307 4304 4262
f 4838 4800 4841
f 4782 4783 4773
f 4914 4956 4946
f 4839 4609 4765
f 4771 4896 4645
f 4962 4965 4964
f 4966 4959 4963
f 3601 3612 3615
f 5878 5875 5879
f 5890 5880 5881
f 3720 3786 4158
f 4755 4756 4689
f 3740 3717 3718
f 5695 5685 5686
f 5740 5743 5742
f 5733 5735 5736
f 5755 5756 5750
f 5745 5763 5762
f 5798 5801 5800
f 4706 4880 4879
f 5651 5652 5619
f 5850 5794 5797
f 5804 5807 5806
f 4087 5708 5707
f 5915 5913 5914
f 5703 3860 4167
f 5893 5894 5896
f 5892 5893 5919
f 5706 5671 5664
f 5786 5789 5788
f 3973 4131 3841
f 4831 4832 4915
f 5906 5892 8858
f 4965 4967 4969
f 4684 4685 4846
f 3589 3609 3611
f 3596 3625 4150
f 5877 5880 5763
f 4121 4124 4123
f 3469 3465 3868
f 3204 3205 3208
f 3716 3713 3726
f 5460 9027 5426
f 3465 3469 3470
f 5738 5735 3764
f 4887 4654 4655
f 4203 4206 4205
f 3959 5705 4082
f 5758 5757 5886
f 5781 5869 5872
f 4675 4762 4723
f 3757 4164 5751
f 3334 3271 3272
f 8880 5926 5903
f 5615 5676 3473
f 5759 5761 5760
f 8845 8846 8848
f 5778 5781 5780
f 8857 8856 8849
f 4132 3797 3798
f 5839 5838 5841
f 560 1899 3187
f 5747 5874 4007
f 5928 5930 8840
f 5766 5769 5768
f 4848 4957 4956
f 4953 4968 4967
f 4832 4897 4910
f 5879 5764 5888
f 3598 3567 3530
f 5747 5729 5730
f 5754 5764 5748
f 5810 5813 5812
f 5758 5755 5749
f 4315 4388 4387
f 5917 5915 5916
f 5913 5909 5910
f 5930 8731 8841
f 4951 4955 4968
f 3209 3210 3201
f 4059 5424 3246
f 8731 5934 8842
f 3776 3582 3585
f 5770 5773 5772
f 5891 5894 5893
f 9028 5638 5641
f 5814 5817 5816
f 5662 5675 5673
f 3522 3525 3524
f 5630 5631 5942
f 5791 5792 5795
f 5746 3753 3754
f 5928 5929 5931
f 5743 5760 5739
f 5876 5874 5875
f 3678 8937 9021
f 4200 4208 4207
f 4114 3546 3916
f 3601 3602 3605
f 3818 3724 3712
f 3315 3318 3317
f 5899 5900 5902
f 8840 8841 5883
f 5562 4458 5559
f 4416 3568 3448
f 3189 3192 3191
f 4751 4890 4747
f 4181 4182 4180
f 3832 3942 5454
f 3362 3527 3526
f 5678 4405 5699
f 3497 3500 3499
f 448 1980 807
f 647 648 122
f 5690 3472 5677
f 4183 4186 4185
f 1833 1848 1780
f 5920 5895 5897
f 510 509 508
f 4401 3967 5944
f 5656 5397 5530
f 3970 3971 5940
f 5653 5658 5939
f 5450 5653 5946
f 3384 5633 5945
f 4403 4404 4299
f 5944 3967 3968
f 3963 5427 5951
f 5614 3473 3474
f 5427 3838 3857
f 3210 1949 1887
f 1887 15 3200
f 15 16 3197
f 16 3188 3195
f 3195 3188 3187
f 3194 3187 1899
f 3207 1899 375
f 387 173 126
f 3189 1791 1760
f 9029 763 757
f 763 9029 2172
f 9035 9034 9032
f 9033 9032 9031
f 9046 9049 9048
f 8751 9053 9054
f 9078 9076 9077
f 9083 9087 9051
f 9088 9089 9047
f 9099 9036 9040
f 9102 9034 9036
f 9105 9031 9032
f 9105 2176 9106
f 1801 1864 9108
f 9103 9032 9034
f 9096 9090 9047
f 1767 1768 9111
f 1597 9115 9113
f 1708 1707 9117
f 9123 9120 9119
f 9118 9119 9125
f 1588 1708 9116
f 2080 9123 9118
f 2082 9118 9124
f 9126 9129 9087
f 9129 9130 9088
f 5512 3492 5943
f 5634 3383 5488
f 5724 5512 5947
f 9134 9099 9097
f 9144 9103 9102
f 9133 9097 9096
f 786 9146 9144
f 9146 9105 9103
f 785 9144 9138
f 497 9138 9134
f 650 9134 9133
f 9148 564 9133
f 8756 9058 9057
f 9154 9151 9130
f 9151 9150 9131
f 9097 9040 9090
f 1799 9109 9111
f 5949 3968 3964
f 9160 9156 8809
f 8813 9162 9160
f 9166 463 564
f 9067 9058 9054
f 9162 9166 9148
f 9087 9088 9048
f 9081 9078 9079
f 9049 9052 9051
f 9082 9168 9167
f 9079 9077 9049
f 9169 9168 9175
f 9167 9115 9112
f 9168 9169 9177
f 9120 9117 9113
f 9120 9177 9169
f 9119 9169 9170
f 9179 9180 9125
f 9180 1576 9124
f 9178 9179 9170
f 1576 2101 2084
f 9179 9178 9183
f 3203 376 1387
f 3190 1387 1791
f 5618 2152 1949
f 317 240 259
f 2000 2176 9105
f 9053 9051 9052
f 9041 9040 9036
f 9029 758 756
f 9037 9036 9034
f 9130 9131 9089
f 3204 375 376
f 1801 9107 9109
f 9181 9187 9180
f 1575 9187 9190
f 9187 1575 1576
f 1776 1795 1796
f 1293 1294 1290
f 1326 14 1327
f 1294 1245 1234
f 878 1244 1330
f 5633 3401 5490
f 5933 3359 3360
f 5613 5634 5948
f 5604 5605 3844
f 3972 3494 5950
f 3494 3495 4322
f 4406 5676 5615
f 3492 3489 4292
f 5631 5503 5495
f 497 373 374
f 122 648 413
f 5624 5489 3398
f 9151 9154 9156
f 9058 8756 8752
f 9160 9162 9150
f 8815 9166 9162
f 9156 9126 8794
f 439 398 399
f 1512 1528 1526
f 1668 1741 1738
f 839 849 1362
f 1362 1357 826
f 3425 3417 3418
f 4905 5207 5243
f 4621 4622 4662
f 5582 5579 5574
f 4754 4757 4756
f 3902 3899 4021
f 9295 740 1896
f 2053 2054 2118
f 9340 9339 2120
f 696 697 9268
f 4922 4938 4939
f 4365 4366 4186
f 5105 5106 4862
f 5228 5227 5226
f 4781 4782 4877
f 5218 5227 5238
f 4990 4993 4992
f 4335 4337 4336
f 4993 4990 4972
f 4794 4793 4792
f 5886 5884 8852
f 5405 3892 5417
f 4669 4752 4764
f 4676 4697 4698
f 1826 1878 639
f 9192 9191 9181
f 5232 5228 5233
f 5418 4121 4122
f 956 885 886
f 5720 3844 3512
f 4728 4731 4730
f 8879 8866 8863
f 1980 806 1922
f 4969 4970 4966
f 33 34 105
f 9028 3253 3254
f 3837 3558 3839
f 4382 4300 4301
f 3908 3905 4122
f 4290 4295 4294
f 4400 3834 4055
f 3219 3222 3221
f 8894 8895 8877
f 4640 4736 4735
f 4389 4366 4216
f 3267 4479 4493
f 3268 3265 4463
f 5097 5111 5098
f 5094 5097 5096
f 5654 5655 5937
f 4089 5704 3960
f 5159 5163 5162
f 5202 5244 5249
f 5412 5415 5414
f 5715 3515 3516
f 5723 4426 4423
f 4263 4264 4323
f 3994 3529 3564
f 1343 1344 9308
f 3470 3514 5667
f 5659 5661 5671
f 3319 3828 4053
f 9359 2127 2128
f 1766 1581 1582
f 14 1326 2163
f 595 98 99
f 5703 3771 3772
f 5206 5224 5229
f 3437 3446 3458
f 5516 4084 3487
f 5122 5086 5087
f 3223 3297 3934
f 3979 9023 5402
f 3828 3319 3320
f 5663 3441 4081
f 4035 4489 4490
f 4426 5723 5724
f 3881 4452 4447
f 5407 5408 4118
f 5691 5688 5689
f 5661 5673 5672
f 5911 5918 8901
f 3902 4022 3871
f 5541 5538 5539
f 4069 4454 5561
f 3248 4394 3292
f 1346 1035 1044
f 748 1888 1425
f 3297 3228 3255
f 5445 4400 4056
f 5783 5784 5830
f 4310 4028 4376
f 5857 5854 5800
f 3882 5467 4452
f 3193 3208 3919
f 3190 3191 3206
f 4266 4269 4268
f 4488 3419 3420
f 3331 3939 3940
f 4282 4285 4284
f 4606 4608 4607
f 4628 4629 4708
f 4659 4732 4733
f 4615 4750 4829
f 4718 4714 4713
f 5722 4424 4421
f 3307 3462 3461
f 4686 4688 4634
f 3966 3548 3550
f 4738 4739 4875
f 3416 4429 3237
f 4527 4528 4208
f 5093 5121 5114
f 5124 5099 5086
f 5117 5118 5138
f 4631 4641 4640
f 5166 5163 5168
f 5185 5188 5187
f 5194 5190 5191
f 3245 4117 4118
f 5214 5215 5203
f 3230 3317 3318
f 5237 5234 5217
f 5250 5259 5258
f 5113 5112 5084
f 5270 5267 5269
f 4906 5125 5107
f 5271 5266 5267
f 5276 5277 5262
f 5153 5151 5174
f 5290 5270 5268
f 5306 5299 5303
f 5147 5148 5146
f 4585 4849 4856
f 3226 5435 5436
f 4473 4503 4504
f 5765 5756 8897
f 4529 4246 4247
f 8923 8924 8916
f 5713 5681 5682
f 3315 3897 3898
f 5564 5536 5537
f 4468 4440 4441
f 3738 3739 4163
f 4577 4859 4559
f 5567 3527 3366
f 3587 3584 4150
f 5471 5468 4504
f 5860 5769 5816
f 3516 3513 5558
f 5436 3985 5637
f 5050 5053 5083
f 5547 5565 3338
f 9023 3979 3295
f 5708 4087 4132
f 4104 3816 3814
f 3718 3719 4161
f 5498 5491 5679
f 3884 4431 4432
f 3955 4512 3877
f 4049 4062 4061
f 8892 8872 8875
f 4572 4217 4218
f 4440 4443 4442
f 4497 4511 3407
f 8906 8882 8881
f 5664 5712 5670
f 3751 4105 3706
f 3511 3735 3736
f 5129 5130 5116
f 5086 5099 5098
f 5135 5127 5128
f 5143 5146 5145
f 5168 5158 5136
f 5297 5241 5246
f 5164 5161 5160
f 5155 5161 5171
f 5137 5179 5167
f 5293 5308 5307
f 5513 3570 4083
f 4053 3828 3825
f 3228 3297 3298
f 3631 3632 3635
f 5689 5669 5670
f 5759 5762 5883
f 3793 4133 3507
f 4906 4908 4891
f 4719 4858 4901
f 3597 3598 4095
f 3352 4126 4125
f 9064 9057 9058
f 9076 9064 9067
f 9083 8766 8794
f 9131 9132 9096
f 9138 9102 9099
f 9154 9129 9126
f 9077 9067 9052
f 9053 8751 8766
f 9191 9190 9187
f 9082 9079 9046
f 9193 9175 9168
f 1284 1290 1288
f 9150 9148 9132
f 3841 3842 3496
f 3570 3569 3336
f 4027 4311 4312
f 4889 4876 4781
f 4041 4045 4044
f 4885 4884 4813
f 5419 4122 3905
f 4367 4368 4227
f 1778 1781 1780
f 1792 1759 1584
f 4308 4017 3869
f 4594 4723 4762
f 4767 4770 4769
f 5461 3365 3366
f 4763 4704 4716
f 4919 4918 4915
f 4300 4382 4334
f 5196 5199 5198
f 5158 5148 5135
f 5431 5434 5433
f 4545 4567 4571
f 4557 4558 4594
f 695 570 571
f 4156 4155 3626
f 4861 4673 4670
f 5681 5675 5674
f 5473 5475 5580
f 3622 3656 4152
f 5647 3573 3574
f 3674 3663 3808
f 4420 4145 3498
f 5675 5662 5666
f 3253 9028 5439
f 5870 5866 5917
f 8887 8920 8919
f 5862 5856 5913
f 3534 3593 3485
f 3313 4486 4484
f 9090 9193 9046
f 4871 4759 4695
f 3778 3777 3822
f 4889 4748 4874
f 4000 3783 3784
f 4897 4898 4911
f 3856 3857 3838
f 4772 4830 4896
f 4015 4016 4376
f 3433 3461 3476
f 4053 4054 3302
f 3367 5567 3363
f 3242 3829 3831
f 3441 3442 4082
f 4735 4736 4855
f 4756 4757 4737
f 3382 3385 3384
f 3698 3699 3697
f 4676 4679 4678
f 4948 4943 4941
f 4890 5394 4805
f 4757 4744 4745
f 4581 4221 4380
f 5716 3516 5932
f 4923 4920 4926
f 5077 5079 5081
f 5078 5082 5058
f 4009 5401 5400
f 5081 5082 5078
f 3930 3931 4513
f 4014 4376 4028
f 4025 4026 4020
f 3618 4093 4096
f 4581 4575 4576
f 4219 4217 4188
f 5440 5442 3335
f 5449 3982 3323
f 4229 4181 4177
f 4590 4213 4214
f 4227 4183 4184
f 4574 4901 4858
f 4565 4566 5453
f 4592 4555 4588
f 4590 4587 4573
f 3517 3518 5521
f 3845 5428 3522
f 4444 3340 3884
f 3982 5449 5533
f 4465 4466 4497
f 4520 4522 4521
f 4076 4073 5591
f 3635 3667 3666
f 3343 3344 4498
f 4022 4019 3870
f 3661 3607 4098
f 5691 5690 5697
f 3768 3766 5742
f 4514 3955 3956
f 3697 3815 3814
f 4394 3248 5460
f 4054 4053 4057
f 3284 3318 3323
f 4052 3926 4169
f 4447 4506 4510
f 4456 4460 3346
f 4483 3876 3877
f 4482 3877 4512
f 4492 4512 4513
f 5642 5438 5439
f 5448 5447 5442
f 5466 4441 3882
f 3340 4444 4445
f 8908 8909 8910
f 4397 4169 3835
f 5413 3520 3521
f 3234 3931 3932
f 5753 5765 8895
f 8896 8897 5756
f 8921 8922 8889
f 8915 8912 8911
f 3933 3936 3935
f 3620 3804 3657
f 3966 3969 3968
f 4905 4789 4769
f 3225 5436 5437
f 5433 3896 3984
f 5714 5686 5693
f 5435 3984 3985
f 3954 3956 3955
f 4713 4712 4632
f 4879 4635 4632
f 3983 3984 3896
f 9027 5460 3248
f 5871 5870 5912
f 5849 5846 5891
f 4702 4703 4640
f 4213 4590 4579
f 3644 3645 3688
f 9193 9090 9040
f 8920 8930 8935
f 5406 3846 4130
f 4140 5400 5401
f 5659 3903 3904
f 4772 4773 4783
f 4244 4247 4246
f 4061 5399 4037
f 3669 3804 3803
f 3459 3460 3209
f 4072 5483 5484
f 4835 4833 4834
f 5660 5662 5661
f 4262 4265 4264
f 3633 3630 3627
f 3685 3643 3676
f 4517 4515 3235
f 4145 4420 4085
f 5455 4438 5459
f 5638 5635 5640
f 3228 3225 3254
f 4044 4174 3411
f 3614 3615 3612
f 3273 3276 3275
f 4952 4962 4961
f 4959 4958 4960
f 4888 4655 4761
f 4254 4257 4256
f 4199 4202 4201
f 4499 4464 4465
f 5479 4495 4496
f 5952 5953 5954
f 5956 5957 5958
f 5959 5958 5960
f 5962 5963 5964
f 5966 5967 5968
f 5967 5970 5971
f 5963 5962 5961
f 5972 5965 5964
f 5974 5975 5976
f 5978 5979 5980
f 5982 5983 5984
f 5986 5987 5985
f 5988 5989 5990
f 5992 5993 5994
f 5996 5997 5998
f 6000 6001 6002
f 6004 6005 6006
f 6008 6009 6010
f 6012 6013 6014
f 6016 6017 6018
f 6020 6021 6022
f 6024 6025 6026
f 6028 6029 6030
f 6032 6033 6034
f 6036 6037 6038
f 6040 6041 6013
f 6042 6043 6044
f 5992 6046 6047
f 6048 6049 6050
f 6052 6053 6054
f 6056 6057 6058
f 6060 6061 5987
f 6062 6063 6064
f 6066 6067 6068
f 6070 6071 6027
f 6072 6073 6057
f 6075 6076 6077
f 6078 6079 6080
f 6082 6083 6054
f 6085 6078 6081
f 6087 6061 5990
f 6061 6087 6089
f 6089 6090 6091
f 6092 6091 6093
f 6095 5978 5981
f 6062 6082 6084
f 6097 6098 6035
f 6056 6049 6099
f 6100 6101 6102
f 6001 6000 6104
f 6107 6108 6109
f 6110 6111 6112
f 6114 6026 6025
f 6116 6117 6118
f 6120 6121 6122
f 6124 6125 6126
f 6128 6129 6101
f 6039 6130 6131
f 6132 6133 6134
f 6136 6137 6138
f 6139 6140 6141
f 6143 6144 6145
f 6148 6149 6150
f 6152 6153 6154
f 6155 6156 6157
f 6159 6160 6161
f 6163 6164 6165
f 6167 6168 6169
f 6171 6172 6173
f 6175 6176 6104
f 6178 6179 6180
f 6023 6182 6183
f 6184 6185 6186
f 6117 6116 6188
f 6190 6191 6192
f 6194 6070 6026
f 6195 6196 6191
f 6197 6198 6199
f 6201 6202 6203
f 6205 6206 6207
f 6209 6210 6201
f 6197 6200 6211
f 6212 6211 6213
f 5979 6215 6214
f 6203 6216 6217
f 6206 6199 6198
f 6218 5961 5962
f 5965 6220 6219
f 5972 3355 3354
f 6070 6194 6222
f 6224 6225 6226
f 6228 6229 6230
f 6232 6233 6234
f 6196 6195 6236
f 6071 6070 6223
f 6239 6240 6241
f 6243 6244 6245
f 6247 6073 6248
f 6250 6251 6252
f 6254 6255 6256
f 6258 6259 6260
f 6229 6262 6263
f 6264 6265 6242
f 6266 6267 6268
f 6270 6271 6272
f 6274 6275 6276
f 6195 6278 6279
f 6280 6278 6281
f 6283 6284 6285
f 6123 6122 6287
f 6289 6290 6291
f 6293 6294 6243
f 6240 6296 6297
f 6298 6299 6267
f 6300 6301 6302
f 6304 6305 6306
f 6251 6250 6308
f 6247 6310 6311
f 6313 6314 6315
f 6314 6313 6317
f 6319 6086 6320
f 6322 6087 6088
f 6216 6324 6258
f 6325 6326 6327
f 6217 6258 6261
f 6330 6071 6238
f 6071 6330 6048
f 6015 6332 6333
f 6079 6334 6335
f 6336 6294 6240
f 6294 6293 6296
f 6337 6338 6339
f 6341 6342 6343
f 6345 6346 6347
f 6266 6264 6349
f 6350 6351 6352
f 6295 6243 6246
f 6303 6355 6356
f 6357 6358 6359
f 6361 6362 6363
f 6365 6350 6353
f 6367 6368 6369
f 6371 6367 6370
f 6372 6373 6374
f 6375 6374 6373
f 6376 6377 6378
f 6379 6380 6381
f 6383 6384 6385
f 6387 6388 6389
f 6391 6392 6393
f 6395 6396 6397
f 6398 6399 6400
f 6399 6401 6402
f 6403 6402 6401
f 6405 6406 6407
f 6409 6410 6411
f 6367 6371 6413
f 6374 6375 6415
f 6417 6418 6384
f 6419 6420 6348
f 6421 6422 6423
f 6425 6426 6400
f 6426 6427 6395
f 6393 6396 6428
f 6429 6430 6394
f 6390 6389 6431
f 6433 6434 6408
f 6435 6436 6437
f 6439 6440 6411
f 6392 6391 6441
f 6397 6392 6442
f 6401 6399 6444
f 6446 6447 6437
f 6448 6449 6450
f 6452 6453 6454
f 6442 6441 6456
f 6443 6442 6457
f 6444 6459 6460
f 6445 6444 6461
f 6463 6464 6462
f 6446 6445 6462
f 6466 6467 6468
f 6448 6451 6470
f 6453 6452 6472
f 6474 6475 6476
f 6478 6479 6480
f 6482 6483 6484
f 6486 6487 6488
f 6490 6491 6492
f 6493 6492 6494
f 6496 6497 6498
f 6500 6501 6502
f 6504 6505 6506
f 6508 6468 6509
f 6511 6512 6513
f 6499 6514 6515
f 6516 6517 6518
f 6520 6521 6522
f 6524 6507 6525
f 6507 6524 6527
f 6504 6527 6528
f 6528 6511 6508
f 6529 6530 6531
f 6342 6533 6534
f 6535 6347 6346
f 6347 6535 6537
f 6434 6538 6539
f 6539 6540 6405
f 6541 6542 6451
f 6543 6544 6470
f 6546 6478 6481
f 6499 6498 6548
f 6549 6550 6514
f 6551 6552 6553
f 6555 6556 6557
f 6403 6436 6423
f 6426 6425 6413
f 6415 6560 6428
f 6430 6429 6561
f 6434 6433 6420
f 6563 6564 6565
f 6404 6401 6445
f 6459 6444 6399
f 6455 6454 6388
f 6405 6450 6449
f 6540 6541 6450
f 6567 6495 6568
f 6570 6464 6463
f 6475 6474 6490
f 6458 6457 6571
f 6573 6571 6574
f 6576 6577 6578
f 6193 6192 6580
f 6582 6583 6584
f 6583 6582 6586
f 6588 6589 6587
f 6590 6069 6068
f 6592 6593 6594
f 6251 6310 6595
f 6304 6596 6597
f 6272 3735 6599
f 3737 3736 6558
f 6600 6161 6160
f 6123 6602 6603
f 6604 6605 6606
f 6608 6205 6208
f 5972 6221 6220
f 6610 6611 6612
f 6613 6614 6615
f 6242 6617 6618
f 6226 6619 6245
f 6620 6621 6622
f 6624 6143 6146
f 6626 6213 6211
f 6627 6628 6629
f 6631 6632 6633
f 6235 6635 6636
f 6637 6638 6639
f 6641 6625 6286
f 6643 6644 6645
f 6647 6648 6649
f 6244 6243 6294
f 6336 6651 6652
f 6194 6196 6237
f 6196 6194 6114
f 6115 6192 6191
f 6653 6654 6655
f 6657 6117 6189
f 6117 6657 6659
f 6130 6157 6156
f 6133 6152 6151
f 6661 6111 6662
f 6663 6613 6616
f 6664 6270 6273
f 6418 6417 6432
f 6290 6325 6328
f 6666 6557 6556
f 6557 6666 3805
f 5971 6667 6668
f 6181 6669 6670
f 6671 6672 6673
f 6676 6673 6672
f 6675 6150 6149
f 6067 6066 5999
f 6677 6678 6679
f 6681 6682 6683
f 6087 6322 6090
f 5983 5982 6685
f 5982 6094 6687
f 6094 6093 6688
f 6211 6200 6137
f 6689 6690 6691
f 6690 6689 3833
f 6001 5983 6686
f 5978 6693 6215
f 6694 6693 5978
f 5974 6694 6095
f 6183 6182 6696
f 6698 5959 5961
f 5959 6698 6699
f 6697 6696 6700
f 6702 6629 6703
f 5968 6668 6705
f 6706 5977 5955
f 6707 6618 6617
f 6024 6051 6709
f 6402 6403 6559
f 3852 6711 6712
f 3856 6594 6593
f 5977 6706 6694
f 6713 5955 5977
f 6714 6715 6716
f 6718 6719 6308
f 6720 6255 6254
f 6722 6723 6724
f 6312 6311 6726
f 6069 6590 6728
f 6319 6594 6730
f 6731 6645 6644
f 6732 6733 6734
f 6046 6053 6320
f 3880 3805 6666
f 6736 6737 6738
f 6531 6740 6741
f 6300 6356 6614
f 6742 6532 6325
f 6743 6742 3891
f 6744 6302 6301
f 6746 6747 6534
f 6536 6576 6579
f 6535 6579 6563
f 6566 6538 6537
f 6538 6566 6409
f 6412 6540 6539
f 6412 6748 6541
f 6748 6749 6542
f 6749 6569 6545
f 6568 6750 6547
f 6751 6752 6548
f 6753 6754 6550
f 6755 6756 6757
f 6759 6760 6761
f 6763 6764 6765
f 6764 6620 6623
f 6766 6767 6768
f 6770 6771 6772
f 6774 6775 6776
f 6021 6774 6777
f 6723 6778 6779
f 6780 6781 6782
f 6784 6785 6786
f 6788 6789 6790
f 6185 6792 6793
f 6794 6722 6725
f 6729 6796 6098
f 6135 6797 6798
f 6799 6062 6065
f 6037 6801 6802
f 6005 6004 6588
f 6005 6803 6804
f 6052 6055 6010
f 6586 6582 6803
f 6092 5985 5987
f 6094 5982 5985
f 6096 6806 6695
f 6082 6062 6799
f 6657 6013 6041
f 6013 6657 6658
f 6795 6725 6807
f 6809 6810 6811
f 6813 6814 6815
f 6817 6818 6819
f 6821 6822 6823
f 6329 6209 6204
f 6202 6825 6826
f 6072 6099 6827
f 6598 6829 6305
f 6301 6300 6613
f 6830 6831 6271
f 6822 6779 6778
f 6326 6741 6832
f 6203 6826 6833
f 6027 6048 6051
f 6360 6834 6835
f 6836 6837 6838
f 6837 6840 6841
f 6362 6365 6366
f 6380 6385 6384
f 6421 6564 6578
f 6566 6565 6410
f 6394 6389 6388
f 6414 6422 6368
f 6371 6374 6416
f 6561 6560 6378
f 6382 6381 6562
f 6381 6384 6418
f 6389 6394 6430
f 6391 6388 6454
f 6441 6454 6453
f 6456 6453 6473
f 6495 6494 6750
f 6843 6575 6485
f 6844 6845 6843
f 6573 6845 6847
f 6849 6491 6487
f 6513 6753 6752
f 6517 6521 6850
f 6521 6520 6851
f 6844 6851 6852
f 6505 6504 6510
f 6753 6513 6512
f 6516 6522 6521
f 6614 6740 6854
f 6742 6262 4003
f 6708 6617 6855
f 6307 6306 6857
f 6307 6664 6665
f 6414 6413 6425
f 6416 6415 6427
f 6562 6418 6431
f 6419 6537 6538
f 6358 6836 6839
f 6059 6058 6859
f 6861 6862 6863
f 6865 6866 6867
f 6115 6025 6869
f 6871 6872 6873
f 6721 6254 6596
f 6876 6610 6556
f 6877 6663 6552
f 6551 6878 6268
f 6879 6855 6265
f 6239 6618 6651
f 6230 6263 6619
f 6171 6670 6669
f 6106 6109 6882
f 6883 6884 6822
f 6759 6184 6187
f 6725 6724 6785
f 6885 6795 6808
f 6886 6887 6888
f 6701 6700 6756
f 6884 6786 6779
f 6715 6714 6309
f 6889 6259 6890
f 6743 3890 4042
f 6270 6664 6893
f 6386 6894 6895
f 6895 6348 6420
f 6897 6432 6417
f 6897 6433 6407
f 6390 6898 6899
f 6900 6899 6406
f 6455 6900 6901
f 6902 6903 6904
f 6482 6903 6905
f 6501 6906 6907
f 6496 6515 6908
f 6532 6531 6326
f 6532 6742 6743
f 6612 6910 6735
f 6611 6911 6910
f 6626 5980 5979
f 6704 6912 6105
f 6913 6590 6591
f 6915 6794 6795
f 6229 6228 4067
f 6263 6290 6289
f 6745 6301 6663
f 6916 6771 6757
f 6885 6918 6165
f 6920 6780 6783
f 6921 6922 6923
f 6925 6921 6924
f 6927 6928 6929
f 6931 6932 6933
f 6935 6936 6937
f 6939 6940 6941
f 6943 6944 6945
f 6947 6948 6949
f 6944 6943 6951
f 6953 6954 6955
f 6957 6958 6959
f 6961 6962 6929
f 6964 6965 6966
f 6968 6969 6970
f 6969 6948 6955
f 6972 6943 6946
f 6974 6975 6976
f 6978 6979 6980
f 6940 6939 6982
f 6984 6985 6986
f 6988 6989 6990
f 6992 6990 6989
f 6994 6995 6996
f 6998 6999 7000
f 7002 7003 7004
f 7006 7007 7008
f 7010 7011 7012
f 7014 7015 7016
f 7018 7019 6999
f 7020 7021 7022
f 7024 7025 7026
f 7028 7029 7030
f 7032 7033 7034
f 7003 7002 7036
f 7038 7039 7040
f 6993 6989 7030
f 7042 7043 7044
f 7046 7047 7007
f 7011 7010 7048
f 7050 7051 7052
f 7054 7015 7014
f 7015 7054 7056
f 6621 6620 7045
f 7049 7048 6775
f 7051 7050 6021
f 7055 6697 6701
f 7054 6701 6755
f 6764 6763 7047
f 7020 7058 7059
f 7060 7061 7062
f 6958 7064 7065
f 6925 7066 7067
f 7068 6931 6934
f 7069 6988 6991
f 7071 6995 7072
f 7074 7075 7076
f 7078 7079 7080
f 7014 7017 7082
f 7084 7085 7086
f 7025 7028 7031
f 7085 7084 7072
f 7089 7084 7087
f 7055 7014 7083
f 7090 7087 6770
f 7092 7093 7094
f 7091 6183 6697
f 6770 7087 7086
f 7095 7094 6767
f 7096 7061 6980
f 7098 6941 6940
f 7058 7020 7023
f 7101 6927 6930
f 6974 7060 7063
f 7103 6968 6971
f 7105 6978 6981
f 7106 7107 7036
f 7109 7048 7010
f 7111 7019 7018
f 7098 7003 7037
f 7048 7109 7112
f 7113 6993 7041
f 6994 7114 7115
f 6965 7116 6923
f 6975 6922 6945
f 7061 7096 7065
f 6954 6953 6933
f 6763 7112 7109
f 7046 7045 6620
f 6947 7117 7067
f 6758 7086 7056
f 7118 7119 7039
f 7038 7069 7070
f 7106 7120 7121
f 7123 7124 7053
f 7123 7052 7083
f 7045 7046 7006
f 7107 7106 7122
f 7091 7083 7052
f 7091 7051 6020
f 6936 7096 7097
f 7125 6957 6960
f 6774 6021 7050
f 7119 6939 6942
f 7019 7002 7005
f 7011 7053 7124
f 7021 7126 7040
f 7114 7029 7016
f 7053 7011 7049
f 7086 7085 7057
f 6993 7113 7127
f 7075 7127 7113
f 4281 4280 6603
f 6012 6333 7129
f 7130 6083 6584
f 6797 7132 7133
f 6074 7134 7135
f 6789 6760 6173
f 6760 6789 6776
f 7136 6802 6801
f 6914 6671 6674
f 7007 7110 7059
f 7099 7004 7003
f 6984 7103 7104
f 7110 7007 7047
f 6333 6583 6587
f 5956 6699 6667
f 5957 5956 5971
f 7137 6715 6308
f 4292 4293 6718
f 6693 6705 6668
f 6215 6668 6667
f 6214 6667 6699
f 6698 6197 6212
f 6219 6207 6198
f 6207 6219 6220
f 6220 6221 6609
f 6262 6229 4066
f 7138 7139 7140
f 4298 7142 7140
f 7143 7144 7145
f 7147 7148 7144
f 7149 7150 7151
f 7150 7152 7153
f 6329 6261 7154
f 6261 6260 7155
f 7156 6829 7157
f 6598 6597 7159
f 6257 6256 7161
f 6256 4322 4321
f 6693 6694 6706
f 5954 5969 6705
f 5953 5966 5969
f 7163 5984 5983
f 7164 7165 6138
f 7167 7168 7169
f 6141 7171 7172
f 7166 7171 7173
f 6141 6140 7174
f 7176 7177 7178
f 7180 7181 7182
f 7184 7185 7186
f 6631 7180 7183
f 6218 6198 6197
f 6625 6641 7189
f 6814 6813 7190
f 6882 7192 7193
f 7195 7196 6109
f 6888 7197 7198
f 7200 7201 7202
f 7176 6627 6630
f 6029 7184 7187
f 7205 7206 7207
f 7209 7210 7211
f 7203 7202 7213
f 6886 7215 6778
f 6031 6030 7215
f 7216 7217 7218
f 7220 7221 6880
f 6076 6075 7220
f 6074 6077 6672
f 6147 6150 6662
f 7223 6662 6111
f 6810 6809 6113
f 6920 7134 6914
f 6077 6660 6675
f 6660 6077 6076
f 7222 7220 6669
f 7224 7222 6181
f 6660 6662 6150
f 7225 7226 6794
f 6783 6782 7225
f 6781 6780 6068
f 7217 7227 7228
f 6031 6888 7199
f 6887 6886 6723
f 6164 7225 6915
f 6780 6920 6591
f 7134 6074 6671
f 7229 7230 6824
f 7187 7186 7230
f 7226 6887 6722
f 7231 7232 6169
f 7201 7231 7233
f 6107 7234 7235
f 7215 7229 6823
f 6030 7187 7229
f 7236 7216 7219
f 7237 7238 6820
f 7237 7208 7207
f 7239 7240 7241
f 6739 7243 7244
f 7245 7239 7242
f 7233 6169 6168
f 7247 7213 7202
f 7195 6108 7203
f 7248 7249 7250
f 7227 7251 7252
f 7253 6067 5998
f 6067 7253 7198
f 6781 7198 7197
f 5984 7163 6683
f 7254 7250 6678
f 6679 7249 7252
f 6887 7226 7197
f 6782 7197 7226
f 7135 6919 6163
f 7221 7220 6075
f 6661 6076 7222
f 7224 6112 6111
f 6180 6810 6112
f 6179 6811 6810
f 6811 6179 6793
f 6650 6792 6622
f 6766 6621 7044
f 7095 7044 7043
f 7092 7043 7121
f 7078 7120 7255
f 7256 7232 7257
f 6768 6772 7259
f 6773 6767 7094
f 7090 7094 7093
f 7089 7093 7080
f 7071 7079 7032
f 7077 7018 6998
f 6995 7071 7260
f 7077 7076 7261
f 7035 7034 7018
f 7108 7019 7111
f 6978 7105 7262
f 7105 7263 7264
f 7263 6944 6952
f 6990 6992 6951
f 6972 7117 7266
f 7117 6947 6950
f 6948 6969 7267
f 6969 6968 6982
f 7103 6984 6987
f 7005 7004 6986
f 6999 7005 7268
f 7269 7270 7271
f 7274 7272 7275
f 7274 7273 7276
f 7278 7279 7280
f 7282 7283 7284
f 7286 7287 7288
f 7290 7291 7292
f 7294 7295 7296
f 7068 7297 7298
f 7300 7301 7302
f 7304 6962 7305
f 7307 7285 7305
f 7309 7284 7283
f 7311 7312 7313
f 7125 7304 7306
f 7285 7307 7280
f 7277 7281 7303
f 6965 6964 7316
f 7318 7312 7316
f 7320 7321 7271
f 7312 7318 7296
f 7270 7269 7298
f 7311 7270 7322
f 6961 6932 7300
f 7323 7324 7325
f 7327 7064 7328
f 7064 6958 7325
f 7287 7330 7292
f 6931 7068 7299
f 7331 7327 7329
f 7332 7333 7334
f 7336 7337 7338
f 7340 7341 7333
f 7342 7341 7343
f 7345 7346 7347
f 7348 7349 7350
f 7352 7353 7354
f 7356 7357 7358
f 7360 7361 7362
f 7365 7366 7367
f 7368 7369 7370
f 7372 7373 7336
f 7373 7375 7337
f 7367 7366 7376
f 7378 7379 7380
f 7382 7383 7384
f 7386 7387 7385
f 7388 7389 7390
f 7392 7334 7333
f 7394 7395 7396
f 7398 7399 7400
f 7402 7403 7404
f 7406 7407 7408
f 7410 7411 7383
f 7412 7413 7414
f 7385 7416 7417
f 7389 7418 7419
f 7373 7420 7421
f 7420 7373 7372
f 7369 7423 7424
f 7399 7398 7397
f 7393 7333 7341
f 7398 7358 7357
f 7358 7398 7401
f 7428 7429 7430
f 7433 7434 7435
f 7363 7362 7436
f 7383 7438 7439
f 7411 7440 7438
f 7441 7442 7443
f 7445 7446 7339
f 7374 7336 7339
f 7444 7365 7364
f 7448 7364 7450
f 7364 7367 7451
f 7451 7367 7377
f 7449 7450 7454
f 7455 7454 7450
f 7456 7455 7451
f 7410 7457 7458
f 7460 7461 7462
f 7423 7369 7462
f 7464 7465 7466
f 7468 7469 7347
f 7376 7366 7471
f 7425 7397 7396
f 7475 7476 7477
f 7478 7479 7480
f 7482 7483 7407
f 7484 7485 7351
f 7487 7405 7488
f 7490 7491 7492
f 7412 7415 7434
f 7494 7495 7434
f 7496 7388 7391
f 7440 7411 7498
f 7401 7400 7488
f 7485 7346 7345
f 7500 7502 7427
f 7395 7394 7469
f 7503 7504 7505
f 7507 7508 7509
f 7511 7512 7513
f 7511 7514 7515
f 7517 7518 7519
f 7521 7522 7523
f 7352 7524 7525
f 7415 7414 7527
f 7528 7529 7530
f 7404 7531 7502
f 7477 7388 7496
f 7512 7478 7481
f 7405 7404 7500
f 7533 7534 7535
f 7378 7507 7510
f 7532 7496 7379
f 7539 7540 7541
f 7524 7352 7355
f 7351 7485 7501
f 7414 7524 7523
f 7522 7543 7527
f 7544 7413 7412
f 7546 7416 7547
f 7526 7549 7353
f 7550 7521 7355
f 7521 7550 7551
f 7552 7546 7548
f 7546 7552 7553
f 7522 7521 7548
f 7418 7556 7520
f 7416 7546 7554
f 7457 7557 7558
f 7557 7559 7560
f 7562 7561 7563
f 7564 7563 7349
f 7351 7350 7565
f 7567 7568 7569
f 7570 7555 7520
f 7419 7418 7555
f 7572 7564 7348
f 7389 7476 7556
f 7573 7490 7493
f 7552 7535 7534
f 7562 7574 7536
f 7572 7575 7576
f 7422 7577 7578
f 7423 7579 7580
f 7579 7423 7463
f 7578 7574 7576
f 7583 7584 7381
f 7586 7579 7581
f 7533 7580 7579
f 7447 7339 7338
f 7588 7502 7531
f 7590 7428 7431
f 7321 7320 7592
f 7275 7581 7463
f 7461 7278 7276
f 7279 7278 7461
f 7453 7454 7593
f 7594 7593 7454
f 7330 7287 7498
f 7459 7458 7294
f 7558 7560 7595
f 7560 7592 7320
f 7275 7321 7585
f 7462 7276 7273
f 7596 7583 7380
f 7597 7598 7406
f 7467 7466 7599
f 7601 7602 7603
f 7605 7365 7444
f 7365 7605 7606
f 7607 7495 7494
f 7513 7481 7473
f 7396 7395 7514
f 7514 7395 7468
f 7470 7609 7515
f 7610 7611 7609
f 7612 7556 7476
f 7613 7530 7529
f 7442 7441 7615
f 7574 7578 7577
f 7619 7400 7399
f 7518 7479 7509
f 7491 7399 7425
f 7549 7620 7621
f 7491 7490 7622
f 7377 7438 7440
f 7379 7496 7497
f 7453 7461 7460
f 7411 7410 7459
f 7623 7624 7391
f 7625 7611 7610
f 7487 7407 7483
f 7619 7622 7408
f 7627 7628 7620
f 7538 7379 7378
f 7389 7388 7477
f 7629 7545 7412
f 7489 7408 7407
f 7628 7627 7598
f 7413 7525 7524
f 7592 7560 7559
f 7584 7631 7632
f 7569 7568 7633
f 7570 7508 7566
f 7631 7567 7566
f 7508 7570 7519
f 7614 7573 7480
f 7346 7610 7470
f 7572 7574 7562
f 7571 7633 7634
f 7346 7485 7484
f 7607 7591 7431
f 7585 7592 7630
f 7624 7596 7497
f 7635 7386 7384
f 7636 7427 7502
f 7323 7309 7310
f 7420 7578 7582
f 7637 7594 7455
f 7287 7286 7499
f 7458 7558 7295
f 7439 7376 7472
f 7599 7601 7604
f 7359 7358 7427
f 7436 7638 7639
f 7490 7573 7640
f 7481 7480 7493
f 7641 7506 7505
f 7642 7643 7627
f 7492 7425 7473
f 7517 7612 7625
f 7625 7484 7486
f 7634 7623 7390
f 7474 7477 7532
f 7448 7368 7441
f 7368 7448 7449
f 7615 7441 7368
f 7638 7603 7602
f 7575 7572 7501
f 7571 7555 7570
f 7400 7619 7489
f 7508 7507 7632
f 7503 7506 7540
f 6957 7125 7315
f 7376 7439 7438
f 7507 7378 7381
f 7499 7456 7452
f 7286 7637 7456
f 7504 7642 7644
f 7645 7598 7627
f 7647 7634 7633
f 7647 7648 7623
f 7649 7624 7623
f 7650 7596 7624
f 7646 7633 7568
f 7651 7568 7567
f 7653 7652 7567
f 7651 7654 7655
f 7656 7657 7658
f 7660 7658 7657
f 7663 7657 7656
f 7664 7665 7663
f 7667 7666 7663
f 7667 7662 7668
f 7663 7665 7661
f 7670 7671 7672
f 7661 7672 7671
f 7659 7668 7662
f 7648 7647 7668
f 7648 7659 7673
f 7659 7658 7674
f 7658 7660 7675
f 7668 7647 7646
f 7660 7671 7676
f 7675 7677 7678
f 7677 7675 7676
f 7677 7680 7681
f 7682 7683 7678
f 7677 7679 7684
f 7673 7674 7678
f 7683 7650 7649
f 7685 7676 7671
f 7667 7655 7686
f 7666 7686 7687
f 7654 7688 7686
f 7689 7687 7686
f 7664 7687 7691
f 7650 7692 7583
f 7693 7653 7631
f 7584 7583 7692
f 7693 7692 7682
f 7694 7682 7681
f 7694 7696 7653
f 7650 7683 7682
f 7696 7697 7652
f 7654 7651 7652
f 7688 7654 7697
f 7699 7698 7697
f 7700 7701 7698
f 7695 7699 7696
f 7699 7695 7702
f 7689 7688 7698
f 7689 7701 7703
f 7705 7706 7707
f 7701 7700 7705
f 7704 7703 7707
f 7685 7670 7691
f 7687 7689 7704
f 7680 7702 7695
f 7684 7706 7702
f 7702 7706 7705
f 7684 7679 7707
f 7676 7685 7707
f 7665 7669 7672
f 7670 7669 7690
f 7665 7664 7690
f 7611 7475 7474
f 7510 7509 7479
f 7511 7538 7537
f 7516 7532 7538
f 7517 7530 7613
f 7537 7510 7478
f 7611 7625 7612
f 7613 7480 7479
f 7556 7612 7517
f 7516 7515 7609
f 7708 7709 7710
f 7712 7713 7714
f 7713 7716 7717
f 7719 7720 7721
f 7722 7723 7597
f 7724 7712 7715
f 7726 7727 7728
f 7731 7640 7573
f 7730 7573 7614
f 7733 7734 7735
f 7721 7712 7724
f 7731 7722 7409
f 7708 7726 7729
f 7737 7724 7709
f 7716 7741 7736
f 7742 7743 7744
f 7740 7736 7735
f 7717 7716 7740
f 7716 7713 7720
f 7748 7749 7711
f 7750 7748 7710
f 7720 7719 7751
f 7734 7723 7728
f 7709 7724 7725
f 7752 7753 7715
f 7739 7709 7708
f 7720 7713 7712
f 7749 7754 7755
f 7745 7744 7756
f 7746 7727 7742
f 7743 7742 7755
f 7727 7746 7735
f 7747 7756 7757
f 7753 7750 7725
f 7751 7621 7620
f 7757 7752 7714
f 7718 7721 7737
f 7747 7740 7746
f 7727 7726 7755
f 7726 7708 7711
f 7759 7757 7756
f 7759 7760 7752
f 7760 7761 7753
f 7761 7762 7750
f 7758 7756 7744
f 7763 7744 7743
f 7754 7765 7764
f 7763 7766 7767
f 7768 7769 7770
f 7772 7768 7771
f 7775 7768 7772
f 7776 7777 7775
f 7779 7778 7775
f 7775 7777 7769
f 7770 7769 7781
f 7782 7774 7772
f 7760 7759 7782
f 7760 7773 7783
f 7773 7771 7784
f 7770 7785 7784
f 7779 7774 7782
f 7782 7759 7758
f 7785 7770 7780
f 7785 7787 7788
f 7787 7785 7786
f 7787 7790 7791
f 7792 7793 7788
f 7787 7789 7794
f 7793 7783 7784
f 7762 7761 7783
f 7796 7786 7780
f 7795 7780 7781
f 7779 7767 7798
f 7799 7776 7778
f 7766 7800 7798
f 7800 7801 7799
f 7802 7776 7799
f 7795 7797 7802
f 7762 7804 7748
f 7805 7765 7754
f 7749 7748 7804
f 7805 7804 7792
f 7806 7792 7791
f 7806 7808 7765
f 7793 7792 7804
f 7808 7809 7764
f 7766 7763 7764
f 7766 7809 7810
f 7811 7810 7809
f 7812 7813 7810
f 7807 7811 7808
f 7811 7807 7814
f 7813 7801 7800
f 7801 7813 7815
f 7817 7818 7819
f 7813 7812 7817
f 7816 7815 7819
f 7796 7795 7803
f 7799 7801 7816
f 7790 7814 7807
f 7794 7818 7814
f 7814 7818 7817
f 7794 7789 7819
f 7786 7796 7819
f 7777 7797 7781
f 7777 7776 7802
f 7528 7719 7718
f 7729 7728 7723
f 7738 7731 7730
f 7732 7737 7739
f 7733 7620 7628
f 7722 7731 7738
f 7621 7751 7719
f 7628 7597 7723
f 7733 7736 7741
f 7732 7614 7529
f 7486 7565 7621
f 7549 7565 7350
f 7353 7350 7349
f 7354 7349 7563
f 7821 7822 7823
f 7824 7825 7826
f 7825 7828 7829
f 7830 7831 7832
f 7834 7824 7827
f 7836 7837 7838
f 7840 7482 7406
f 7841 7406 7598
f 7843 7844 7845
f 7833 7824 7834
f 7848 7820 7836
f 7847 7834 7821
f 7828 7851 7846
f 7853 7854 7855
f 7850 7846 7845
f 7829 7828 7850
f 7828 7825 7832
f 7858 7859 7823
f 7860 7858 7822
f 7831 7861 7851
f 7844 7862 7838
f 7834 7835 7822
f 7863 7864 7827
f 7849 7821 7820
f 7825 7824 7833
f 7859 7865 7866
f 7855 7854 7867
f 7837 7852 7855
f 7865 7853 7852
f 7837 7856 7845
f 7857 7867 7868
f 7864 7860 7835
f 7843 7861 7642
f 7868 7863 7826
f 7830 7833 7847
f 7857 7850 7856
f 7837 7836 7866
f 7836 7820 7823
f 7870 7868 7867
f 7870 7871 7863
f 7871 7872 7864
f 7872 7873 7860
f 7869 7867 7854
f 7874 7854 7853
f 7876 7875 7853
f 7874 7877 7878
f 7879 7880 7881
f 7883 7879 7882
f 7886 7879 7883
f 7887 7888 7886
f 7890 7889 7886
f 7886 7888 7880
f 7891 7881 7880
f 7884 7893 7885
f 7871 7870 7893
f 7871 7884 7894
f 7884 7882 7895
f 7882 7881 7896
f 7890 7885 7893
f 7893 7870 7869
f 7881 7891 7897
f 7898 7899 7895
f 7900 7898 7896
f 7901 7902 7899
f 7904 7899 7902
f 7898 7900 7905
f 7894 7895 7899
f 7904 7873 7872
f 7907 7897 7891
f 7906 7891 7892
f 7890 7878 7909
f 7910 7887 7889
f 7877 7911 7909
f 7912 7910 7909
f 7887 7910 7914
f 7906 7908 7913
f 7873 7915 7858
f 7916 7876 7865
f 7859 7858 7915
f 7916 7915 7903
f 7917 7903 7902
f 7917 7919 7876
f 7873 7904 7903
f 7919 7920 7875
f 7877 7874 7875
f 7911 7877 7920
f 7922 7921 7920
f 7923 7924 7921
f 7918 7922 7919
f 7922 7918 7925
f 7924 7912 7911
f 7912 7924 7926
f 7928 7929 7930
f 7924 7923 7928
f 7927 7926 7930
f 7907 7906 7914
f 7910 7912 7927
f 7901 7925 7918
f 7905 7929 7925
f 7925 7929 7928
f 7905 7900 7930
f 7897 7907 7930
f 7888 7908 7892
f 7888 7887 7913
f 7645 7643 7831
f 7839 7838 7862
f 7841 7849 7848
f 7842 7847 7849
f 7504 7503 7844
f 7839 7931 7840
f 7643 7642 7861
f 7503 7539 7862
f 7846 7851 7861
f 7842 7598 7645
f 7932 7933 7934
f 7936 7937 7938
f 7937 7940 7941
f 7942 7943 7944
f 7947 7948 7949
f 7950 7936 7939
f 7953 7954 7955
f 7956 7957 7958
f 7956 7959 7540
f 7962 7963 7964
f 7936 7950 7965
f 7946 7949 7958
f 7966 7932 7952
f 7965 7950 7933
f 7968 7940 7969
f 7970 7971 7972
f 7974 7968 7964
f 7941 7940 7968
f 7940 7937 7944
f 7976 7977 7935
f 7978 7976 7934
f 7943 7979 7969
f 7947 7954 7963
f 7933 7950 7951
f 7980 7981 7939
f 7967 7933 7932
f 7937 7936 7945
f 7977 7982 7983
f 7973 7972 7984
f 7953 7970 7973
f 7982 7971 7970
f 7974 7963 7954
f 7975 7984 7985
f 7981 7978 7951
f 7961 7979 7544
f 7985 7980 7938
f 7942 7945 7965
f 7975 7968 7974
f 7952 7983 7970
f 7952 7932 7935
f 7987 7985 7984
f 7987 7988 7980
f 7988 7989 7981
f 7989 7990 7978
f 7986 7984 7972
f 7991 7972 7971
f 7993 7992 7971
f 7986 7991 7994
f 7997 7998 7999
f 8000 7996 7999
f 8003 7996 8000
f 8005 8003 8006
f 8007 8006 8003
f 7996 8003 8005
f 7998 7997 8009
f 8010 8002 8000
f 7988 7987 8010
f 7988 8001 8011
f 8011 8001 7999
f 7998 8013 8012
f 8007 8002 8010
f 8010 7987 7986
f 8013 7998 8008
f 8015 8016 8012
f 8017 8015 8013
f 8018 8019 8016
f 8021 8016 8019
f 8015 8017 8022
f 8011 8012 8016
f 8021 7990 7989
f 8023 8024 8014
f 8023 8008 8009
f 8007 7995 8026
f 8026 8027 8004
f 8028 8026 7995
f 8029 8027 8026
f 8030 8004 8027
f 8023 8025 8030
f 7990 8032 7976
f 8033 7993 7982
f 7976 8032 8033
f 8034 8033 8032
f 8035 8034 8020
f 8034 8036 7993
f 7990 8021 8020
f 8036 8037 7992
f 7991 7992 8037
f 7994 8037 8038
f 8039 8038 8037
f 8040 8041 8038
f 8035 8039 8036
f 8039 8035 8042
f 8041 8029 8028
f 8029 8041 8043
f 8045 8046 8047
f 8041 8040 8045
f 8044 8043 8047
f 8024 8023 8031
f 8027 8029 8044
f 8042 8035 8019
f 8022 8046 8042
f 8042 8046 8045
f 8017 8047 8046
f 8014 8024 8047
f 8005 8025 8009
f 8005 8004 8030
f 7506 7641 7943
f 7954 7947 7946
f 7967 7966 7957
f 7960 7965 7967
f 7948 7947 7962
f 7955 7946 7957
f 7641 7544 7979
f 7969 7979 7961
f 7960 7540 7506
f 7362 8049 8050
f 8052 7618 7464
f 8051 7464 7467
f 8054 8055 7600
f 8056 7361 7618
f 7436 8050 8057
f 8049 7362 7361
f 8057 8058 7603
f 8055 8053 7467
f 8058 8054 7604
f 8059 8060 8058
f 8060 8061 8054
f 8061 8062 8055
f 8062 8063 8053
f 8059 8057 8050
f 8064 8050 8049
f 8056 8066 8065
f 8059 8064 8067
f 8069 8070 8071
f 8073 8069 8072
f 8075 8069 8073
f 8077 8078 8075
f 8075 8079 8070
f 8079 8080 8081
f 8082 8071 8070
f 8083 8076 8073
f 8061 8060 8083
f 8061 8074 8084
f 8074 8072 8085
f 8072 8071 8086
f 8077 8076 8083
f 8083 8060 8059
f 8071 8082 8087
f 8088 8089 8085
f 8090 8088 8086
f 8091 8092 8089
f 8094 8089 8092
f 8088 8090 8095
f 8084 8085 8089
f 8094 8063 8062
f 8097 8087 8082
f 8096 8082 8081
f 8077 8068 8098
f 8099 8100 8078
f 8101 8098 8068
f 8102 8099 8098
f 8100 8099 8104
f 8096 8080 8103
f 8075 8078 8100
f 8079 8100 8103
f 8105 8051 8053
f 8066 8056 8052
f 8051 8105 8106
f 8107 8106 8105
f 8108 8107 8093
f 8107 8109 8066
f 8063 8094 8093
f 8109 8110 8065
f 8064 8065 8110
f 8067 8110 8111
f 8112 8111 8110
f 8113 8114 8111
f 8108 8112 8109
f 8112 8108 8115
f 8114 8102 8101
f 8102 8114 8116
f 8118 8119 8120
f 8114 8113 8118
f 8117 8116 8120
f 8097 8096 8104
f 8099 8102 8117
f 8091 8115 8108
f 8095 8119 8115
f 8115 8119 8118
f 8095 8090 8120
f 8087 8097 8120
f 7550 7563 7561
f 7552 7551 7561
f 7931 7862 7539
f 7640 7409 7408
f 7549 7526 7644
f 7525 7413 7544
f 7931 7542 7482
f 7483 7482 7542
f 7626 7402 7405
f 7629 7433 7432
f 7629 8121 7949
f 8122 7958 7949
f 8123 8122 8121
f 8124 8123 7432
f 7434 7495 8125
f 8125 7430 8124
f 8124 7430 7429
f 8123 8124 8126
f 8122 8123 8127
f 7541 7540 7959
f 7404 7403 8129
f 8125 7495 7431
f 7526 7525 7505
f 7626 7483 7541
f 7959 7958 8122
f 7961 7545 8048
f 7629 7948 8048
f 8127 7402 7626
f 7402 8127 8126
f 8129 7403 8126
f 7428 7531 8129
f 7589 7531 7428
f 7334 7392 7426
f 7335 7334 7357
f 7616 7615 7446
f 7392 7397 7398
f 7393 7394 7397
f 7342 7469 7394
f 7344 7347 7469
f 7343 7618 7361
f 7360 7345 7344
f 7363 7575 7345
f 7437 7576 7575
f 7582 7576 7437
f 7421 7582 7639
f 7375 7421 7602
f 7599 7337 7375
f 7465 7464 7618
f 7332 7447 7587
f 7447 7332 7335
f 7445 7335 7356
f 7359 7442 7616
f 7636 7443 7442
f 7588 7605 7443
f 7589 7606 7605
f 7590 7471 7606
f 7471 7590 7591
f 7446 7615 7371
f 7371 7370 7372
f 7422 7372 7370
f 7577 7422 7424
f 7536 7577 7580
f 7591 7607 7635
f 7607 7608 7386
f 7543 7608 7494
f 7547 7387 7543
f 7608 7543 7387
f 7387 7547 7416
f 7457 7410 7382
f 7557 7457 7417
f 7559 7557 7554
f 7630 7559 7553
f 7534 7533 7586
f 7466 7338 7337
f 7465 7587 7338
f 7617 7340 7587
f 7341 7340 7617
f 8130 6091 6090
f 6023 6022 8132
f 6182 6023 8133
f 6623 6622 6792
f 6787 6696 6182
f 8134 6700 6696
f 6917 6757 6756
f 6762 6761 7112
f 6762 6765 6184
f 6765 6623 6185
f 6650 6769 6768
f 6772 6771 6916
f 6777 6776 6789
f 6022 6777 6788
f 6756 6700 8134
f 6758 6757 6771
f 6761 6776 6775
f 6769 6622 6621
f 6772 6768 6767
f 6174 6173 6760
f 6187 6186 6178
f 6811 6649 6648
f 6786 6785 6724
f 6791 6790 6918
f 6186 6793 6179
f 6808 6807 8133
f 6884 6883 8135
f 6174 6187 6670
f 6807 6785 6784
f 6791 6808 8132
f 6786 6884 8134
f 6790 6173 6172
f 6649 6793 6792
f 6316 6315 8136
f 8137 6655 6654
f 8139 8140 6601
f 6656 6655 6580
f 6868 8141 8142
f 6316 6712 6711
f 6864 8143 8144
f 6864 6863 8145
f 6868 6867 6869
f 6656 6867 6866
f 8146 8147 8148
f 8139 8150 8151
f 8152 8153 6866
f 8154 8155 8138
f 6874 6873 8156
f 8158 6318 8159
f 8160 8152 6865
f 8161 6317 6313
f 6161 6600 8162
f 8164 8154 6654
f 8153 8164 6653
f 8165 8166 8167
f 8166 5989 8169
f 5989 5988 8170
f 5988 6017 8171
f 8172 8173 6043
f 8174 8175 6032
f 8174 6035 6098
f 8176 6098 6796
f 8177 6796 8178
f 7132 8178 6728
f 6589 6588 8180
f 8180 6588 6004
f 8181 6004 6007
f 6334 6079 6731
f 6079 6078 6645
f 6078 6085 6646
f 6085 8183 8184
f 6091 8130 8185
f 6086 6730 8183
f 6950 6949 7118
f 6952 6951 6992
f 6983 6982 6968
f 6987 6986 7004
f 7001 7000 6979
f 7001 7262 7074
f 7262 7264 7075
f 7264 6952 7127
f 7265 6951 6943
f 7265 7266 6991
f 7266 6950 7070
f 6949 7267 7119
f 7267 6982 6939
f 6983 6987 7099
f 7268 6986 6985
f 7000 7268 8186
f 6938 6937 6985
f 6946 6945 6922
f 6956 6955 6948
f 6971 6970 6928
f 6970 6955 6954
f 6973 6946 6921
f 6977 6976 7263
f 6981 6980 7061
f 6973 7067 7117
f 7097 6980 6979
f 7104 6971 6927
f 6977 6981 7060
f 6976 6945 6944
f 6956 7067 7066
f 6937 7097 8186
f 6938 7104 7101
f 6924 6923 7116
f 6926 6924 7297
f 6930 6929 6962
f 6934 6933 6953
f 6960 6959 6936
f 6963 6929 6928
f 6967 6966 6975
f 7063 7062 7327
f 6959 7065 7096
f 6926 6934 7066
f 7102 6930 7304
f 6967 7063 7331
f 6966 6923 6922
f 7062 7065 7064
f 6963 6933 6932
f 7102 6960 6935
f 7299 7298 7269
f 7301 7300 6932
f 7306 7305 7285
f 7308 7305 6962
f 7315 7306 7284
f 7317 7316 7312
f 7319 7316 6964
f 7322 7298 7297
f 7317 7322 7116
f 7308 7300 7303
f 7326 7325 6958
f 7329 7328 7291
f 7328 7325 7324
f 7301 7299 8187
f 7319 7329 7290
f 7326 7315 7309
f 7272 7271 7321
f 7272 7274 8187
f 7274 7277 7302
f 7281 7280 7307
f 7283 7282 7593
f 7289 7288 7324
f 7293 7292 7330
f 7293 7296 7318
f 7310 7283 7594
f 7314 7313 7595
f 7282 7280 7279
f 7278 7281 7277
f 7314 7271 7270
f 7313 7296 7295
f 7288 7292 7291
f 7289 7310 7637
f 6003 6002 6626
f 6003 6138 7165
f 6690 8188 8189
f 6686 6685 5981
f 6685 6687 6096
f 6687 6688 6806
f 6002 6686 5980
f 6606 8188 5351
f 7164 7173 8190
f 8192 7175 7174
f 6015 6014 8153
f 6189 6188 8155
f 8157 8156 6284
f 6332 6015 8152
f 6593 6592 6317
f 6658 6189 8154
f 6014 6658 8164
f 6332 8194 7131
f 6805 8159 6321
f 6146 8163 8162
f 6607 7128 8195
f 8196 6126 6125
f 8198 7169 7168
f 8199 7168 6633
f 7177 6632 8201
f 8202 8203 8204
f 7208 7186 7185
f 7237 7230 7186
f 6819 6824 7230
f 6818 6821 6824
f 8206 6883 6821
f 8207 6917 8135
f 6917 8207 8209
f 8209 8210 7259
f 8210 8211 6647
f 6812 6648 8212
f 6809 6812 7258
f 6809 7257 8213
f 6113 8213 8214
f 7235 7223 6110
f 7223 7235 7234
f 6147 7234 8215
f 6148 8215 8216
f 8218 6155 6158
f 8219 6285 6116
f 6284 6188 6116
f 6188 6284 8156
f 8155 8156 6873
f 8138 6873 6872
f 8137 6872 8148
f 6193 8147 6281
f 6190 6281 6278
f 8220 8221 8222
f 8224 8225 7139
f 6223 6222 8226
f 6237 6236 8228
f 6238 6223 8227
f 6249 6248 8231
f 6253 6252 8233
f 6236 6279 8221
f 6331 6238 8230
f 6252 6595 8236
f 6222 6237 8229
f 6828 6827 8237
f 6280 8239 8240
f 8208 8135 6883
f 6648 6647 8211
f 6143 6624 8242
f 6624 7189 8244
f 8245 8246 8247
f 8249 8250 8251
f 7195 8253 8254
f 7214 8255 8253
f 8256 8255 7214
f 7243 7211 8257
f 7210 8258 8257
f 8259 7181 6102
f 8261 6122 6121
f 8178 7132 8263
f 7132 6797 8264
f 6797 6135 8265
f 6135 6134 8266
f 6134 6151 8267
f 6151 6154 8268
f 6154 8269 8270
f 8269 8271 8272
f 7194 7193 8273
f 7193 8250 8275
f 8249 8259 8260
f 8248 8277 8278
f 6129 6128 8279
f 7169 8198 8197
f 8198 8190 8192
f 7171 6141 7175
f 6589 6801 7129
f 6801 6037 6040
f 6037 6036 6041
f 6036 6131 6659
f 6131 6156 6118
f 6156 6155 6119
f 8218 8219 6119
f 8219 8218 6815
f 7191 7189 6641
f 8246 8244 7189
f 8245 8278 8281
f 8280 8279 6288
f 6125 6124 7170
f 6288 6127 6602
f 6126 8196 6604
f 8196 8193 6605
f 7174 6140 6691
f 6691 6140 6139
f 7171 7166 8283
f 7172 8283 8284
f 6139 6142 8284
f 8285 8286 8287
f 8211 8210 8289
f 8290 8291 8292
f 8293 8294 8291
f 8293 8207 8208
f 8296 8297 8298
f 6818 6817 8296
f 8285 7256 7258
f 7243 8299 7212
f 7243 6739 8300
f 8301 8300 6739
f 8302 8256 7213
f 8303 8302 7247
f 8304 8303 6168
f 6738 8298 8297
f 8288 8287 6167
f 8304 8292 8291
f 8305 8291 8294
f 6737 6736 8306
f 6736 7244 8307
f 8243 8242 8308
f 8242 8244 8282
f 8247 8246 7191
f 7196 8254 8251
f 8253 8310 8311
f 8255 8312 8310
f 8313 8312 8255
f 7244 8257 8313
f 8313 8257 8258
f 8312 8258 8314
f 8315 8311 8310
f 8311 8315 8316
f 8282 8281 8317
f 8308 8317 8261
f 8309 8261 8262
f 8248 8247 8275
f 8282 8244 8246
f 8307 8313 8256
f 8306 8307 8302
f 8305 8306 8303
f 8298 6738 6737
f 8287 8292 8304
f 7253 8319 7199
f 8319 8320 6028
f 8320 8321 6029
f 8321 8322 7184
f 8322 8203 7185
f 8203 8202 7205
f 8202 7240 7206
f 7239 7245 7210
f 7251 7227 8319
f 7227 7217 8320
f 7217 7216 8321
f 7216 7236 8322
f 7236 8204 8203
f 6175 8199 8200
f 7165 7164 8191
f 6137 8283 7166
f 6200 6199 8283
f 6199 6206 8284
f 8284 6206 6205
f 6205 6608 6689
f 6689 6608 5485
f 7009 7008 8323
f 7013 7012 7021
f 7017 7016 7029
f 7013 7059 7110
f 7073 7072 7084
f 7081 7080 7093
f 7082 7017 7028
f 7088 7072 6995
f 7088 7115 7057
f 7122 7121 7043
f 7124 7123 7024
f 7082 7025 7024
f 7009 7122 7042
f 7012 7124 7126
f 7115 7016 7015
f 7008 7059 7058
f 7081 7121 7120
f 7073 7080 7079
f 6997 6996 7076
f 7023 7022 6942
f 7027 7026 7069
f 7031 7030 6989
f 7079 7078 7033
f 7037 7036 7107
f 7027 7040 7126
f 7041 7030 7029
f 7026 7031 6988
f 7100 7023 6941
f 7108 7036 7002
f 7100 7037 8323
f 6997 7041 7114
f 7022 7040 7039
f 7111 7034 7033
f 7035 7261 7260
f 7261 7076 6996
f 7108 7255 7120
f 7245 8314 8258
f 7246 8315 8314
f 7181 8259 8316
f 8277 6101 6129
f 8278 6129 8280
f 6287 8317 8281
f 6122 8261 8317
f 5487 6145 6144
f 5489 6159 6162
f 6637 8324 8325
f 8326 8325 8225
f 5494 7139 8225
f 6160 6159 8150
f 5496 8324 8151
f 8163 8327 6162
f 6146 6145 8327
f 8243 8328 6144
f 8328 8243 8309
f 8318 8262 5501
f 8262 6121 5502
f 8329 8330 8331
f 8333 8334 8335
f 8338 8182 6007
f 8329 8334 8339
f 8341 6334 6734
f 6006 8342 8337
f 8342 6006 6804
f 6065 6064 8339
f 5995 5994 8341
f 6918 6172 6166
f 7221 6163 6166
f 6172 6171 6880
f 8344 5952 5955
f 5519 5976 5975
f 6806 8345 8346
f 6646 8184 8347
f 8165 8348 8349
f 6322 8350 8131
f 8345 6806 6688
f 6695 8346 5975
f 5976 5519 5528
f 5529 8130 8131
f 6643 8347 8352
f 8183 5533 5532
f 5534 8185 8130
f 6730 5535 5533
f 8351 6688 6093
f 5535 6730 6594
f 8353 8354 6652
f 8354 8353 8355
f 8357 8358 6825
f 8359 8357 6202
f 6224 8354 8356
f 6275 8361 8362
f 6201 6210 7143
f 7146 8363 8359
f 8357 8359 8363
f 8355 8365 8366
f 8361 8360 8368
f 8356 8355 8367
f 8370 8371 8372
f 8220 8373 7145
f 6275 6274 6228
f 5558 4067 6228
f 8375 8369 8367
f 8362 8368 8376
f 8378 8379 8380
f 8363 7146 8382
f 8384 8378 8381
f 8382 8373 8386
f 8383 8387 8364
f 6226 6225 6231
f 6231 6225 8361
f 6636 8388 8389
f 6635 8390 8388
f 8390 6635 5576
f 8379 8378 6232
f 8378 8384 6233
f 8384 8391 8371
f 8372 8392 8393
f 7138 8240 8239
f 8224 8239 8394
f 8146 6638 8394
f 6638 6637 8326
f 6340 6339 6299
f 6747 6338 6577
f 6344 6343 6346
f 6342 6341 6355
f 6353 6352 6349
f 6337 6351 6369
f 6360 6359 6328
f 6358 6357 6386
f 6364 6363 6293
f 6362 6361 6376
f 6366 6353 6297
f 6350 6365 6372
f 6533 6342 6303
f 6534 6536 6346
f 6744 6746 6533
f 6536 6534 6747
f 6357 6835 6894
f 6341 6834 6832
f 6839 6838 6292
f 6837 6836 6380
f 6838 6841 6354
f 6361 6840 6377
f 6363 6366 6296
f 6365 6362 6373
f 6359 6839 6291
f 6836 6358 6385
f 6481 6480 6902
f 6484 6483 6501
f 6477 6488 6487
f 6849 6467 6492
f 6494 6492 6467
f 6547 6481 6544
f 6750 6751 6546
f 6494 6466 6751
f 6843 6484 6500
f 6845 6573 6575
f 6489 6488 6847
f 6474 6487 6491
f 6483 6905 6906
f 6493 6463 6465
f 6471 6470 6544
f 6472 6482 6485
f 6476 6475 6461
f 6470 6451 6542
f 6570 6567 6569
f 6495 6567 6463
f 6475 6465 6462
f 6572 6848 6477
f 6574 6571 6457
f 6569 6568 6543
f 6575 6574 6473
f 6471 6904 6901
f 6469 6468 6508
f 6498 6497 6479
f 6503 6502 6518
f 6489 6506 6505
f 6467 6849 6509
f 6546 6548 6498
f 6549 6548 6752
f 6752 6751 6466
f 6503 6850 6846
f 6850 6851 6844
f 6507 6506 6852
f 6486 6505 6509
f 6502 6907 6909
f 6858 6893 6664
f 8396 8397 6611
f 6833 8398 6324
f 8399 6826 6825
f 6831 6830 8401
f 6707 6833 6826
f 8398 8403 6890
f 6858 6857 8404
f 8405 8396 6610
f 6830 6893 6553
f 8397 6892 6911
f 8400 6825 8358
f 8358 8357 8364
f 8406 8364 8387
f 8389 8408 8380
f 8389 8388 8409
f 8388 8390 8410
f 5575 5597 8410
f 6665 6273 8411
f 8412 8413 6720
f 8413 5602 5601
f 8411 8414 8413
f 6262 6742 6290
f 5602 8413 8414
f 7141 7140 7142
f 8393 8222 8241
f 8227 8226 7147
f 8229 8228 8374
f 8230 8227 7151
f 8232 8231 8415
f 8234 8233 8417
f 8221 8220 8374
f 8235 8230 7153
f 8233 8236 8420
f 8226 8229 7148
f 8238 8237 8421
f 7141 8393 8240
f 6581 6580 6655
f 6640 6639 8140
f 6710 6709 8141
f 6717 6716 6712
f 6860 6859 8143
f 6870 6869 6867
f 6717 8136 6726
f 6870 6580 6192
f 6860 8145 6050
f 6710 6869 6025
f 6639 8149 6871
f 6640 8151 8324
f 6581 8148 8147
f 5615 5614 6234
f 7144 7148 8374
f 7144 7143 6210
f 7150 7149 6210
f 7152 7150 6209
f 7152 7154 8419
f 7154 7155 8421
f 7158 7157 8415
f 7160 7159 8420
f 7162 7161 8418
f 7161 4321 5616
f 8370 6234 6233
f 8373 8382 7146
f 8392 8391 8386
f 8391 8392 8372
f 5617 8344 6713
f 5973 5618 3355
f 8345 5620 5619
f 3880 6735 6910
f 8351 5622 5620
f 8346 5619 5520
f 5621 6910 6911
f 5622 8351 8185
f 8150 5624 5497
f 8423 8424 8425
f 8427 6516 6519
f 8429 8430 8431
f 6523 8432 8433
f 8434 8435 8436
f 8438 8435 8434
f 8438 8440 6511
f 8441 8442 8424
f 8427 8443 8430
f 8444 8428 8445
f 8447 8425 8424
f 8449 8443 8444
f 8451 8431 8430
f 8453 8437 8454
f 8456 8434 8437
f 8439 8434 8456
f 8448 8424 8442
f 8452 8430 8443
f 8425 8447 8459
f 8460 8461 8462
f 8464 8465 8466
f 8468 8469 8470
f 8472 8473 8474
f 8476 8477 8478
f 8480 8481 8482
f 8484 8485 8486
f 8485 8488 8489
f 8490 8491 8481
f 8492 8493 8494
f 8495 8494 8496
f 8498 8499 8500
f 8502 8501 8500
f 8504 8505 8506
f 8508 8509 8510
f 8513 8508 8511
f 8507 8506 8514
f 8516 8517 8518
f 8520 8517 8516
f 8522 8523 8524
f 8526 8527 8522
f 8528 8529 8530
f 8532 8530 8529
f 8534 8535 8536
f 8538 8539 8534
f 8464 8482 8481
f 8483 8540 8541
f 8542 8485 8484
f 8487 8543 8540
f 8488 8485 8542
f 8545 8546 8486
f 8481 8491 8466
f 8547 8545 8489
f 8548 8494 8493
f 8549 8550 8502
f 8551 8496 8494
f 8497 8541 8552
f 8469 8500 8499
f 8547 8541 8497
f 8469 8468 8503
f 8501 8502 8550
f 8460 8504 8507
f 8552 8553 8506
f 8554 8511 8510
f 8549 8552 8505
f 8554 8555 8512
f 8513 8556 8550
f 8461 8507 8515
f 8557 8556 8513
f 8558 8516 8519
f 8559 8560 8527
f 8521 8516 8558
f 8553 8562 8517
f 8477 8525 8524
f 8520 8523 8557
f 8476 8526 8525
f 8527 8560 8556
f 8563 8529 8528
f 8564 8539 8531
f 8533 8529 8563
f 8562 8567 8530
f 8473 8537 8536
f 8559 8562 8532
f 8472 8538 8537
f 8560 8534 8539
f 8463 8462 8555
f 8544 8542 8467
f 8470 8551 8548
f 8475 8474 8566
f 8479 8478 8561
f 8484 8487 8483
f 8490 8489 8488
f 8503 8493 8492
f 8498 8497 8496
f 8504 8510 8509
f 8515 8514 8513
f 8519 8518 8527
f 8521 8524 8523
f 8528 8531 8539
f 8533 8536 8535
f 8467 8484 8482
f 8487 8486 8546
f 8544 8466 8491
f 8480 8541 8547
f 8493 8503 8468
f 8495 8552 8549
f 8551 8470 8499
f 8501 8545 8547
f 8460 8463 8510
f 8508 8550 8549
f 8555 8462 8515
f 8506 8553 8557
f 8519 8526 8476
f 8517 8562 8559
f 8561 8478 8524
f 8522 8556 8557
f 8475 8528 8538
f 8567 8565 8531
f 8566 8474 8536
f 8560 8559 8535
f 8442 8441 8568
f 6512 8570 8568
f 8570 8440 8571
f 8426 6515 6514
f 8428 8444 8443
f 6522 8429 8432
f 8437 8436 8433
f 6524 8436 8435
f 6528 6527 8435
f 8423 6514 6550
f 8429 6522 6516
f 6515 8426 8445
f 8441 6550 6754
f 8570 8572 8569
f 8440 8570 6512
f 8569 8573 8458
f 8574 8575 8572
f 8572 8575 8573
f 8453 8576 8577
f 8576 8453 8455
f 8452 8579 8580
f 8573 8581 8582
f 8575 8583 8581
f 8584 8583 8575
f 8571 8439 8457
f 8439 8571 8440
f 8585 8586 8587
f 8587 8589 8590
f 8589 8591 8592
f 8591 8593 8594
f 8593 8595 8596
f 8595 8597 8598
f 8599 8600 8586
f 8601 8602 8600
f 8603 8604 8602
f 8605 8606 8598
f 8607 8608 8604
f 8609 8610 8608
f 8611 8612 8610
f 8606 8605 8612
f 8613 8614 8589
f 8614 8615 8591
f 8615 8616 8593
f 8616 8617 8595
f 8617 8618 8597
f 8619 8620 8617
f 8620 8621 8618
f 8620 8622 8623
f 8624 8625 8626
f 8626 8623 8622
f 8620 8619 8628
f 8622 8628 8629
f 8627 8629 8630
f 8632 8633 8634
f 8636 8634 8633
f 8637 8638 8636
f 8639 8633 8632
f 8633 8639 8641
f 8635 8641 8642
f 8642 8643 8644
f 8645 8638 8637
f 8586 8646 8613
f 8600 8647 8646
f 8616 8615 8648
f 8615 8614 8649
f 8613 8650 8649
f 8651 8650 8613
f 8647 8652 8651
f 8652 8653 8654
f 8602 8655 8647
f 8655 8656 8652
f 8656 8657 8653
f 8653 8658 8659
f 8658 8660 8661
f 8644 8662 8663
f 8664 8661 8662
f 8661 8664 8666
f 8666 8667 8654
f 8667 8650 8651
f 8668 8605 8597
f 8669 8668 8618
f 8670 8669 8621
f 8671 8670 8623
f 8671 8626 8625
f 8625 8631 8673
f 8636 8674 8675
f 8638 8676 8674
f 8645 8677 8676
f 8645 8663 8678
f 8679 8680 8660
f 8657 8679 8658
f 8583 8584 8648
f 8650 8581 8583
f 8667 8582 8581
f 8666 8681 8582
f 8664 8682 8681
f 8682 8664 8665
f 8684 8685 8643
f 8684 8642 8641
f 8639 8580 8579
f 8580 8639 8640
f 8629 8577 8576
f 8604 8686 8655
f 8608 8687 8686
f 8610 8688 8687
f 8612 8689 8688
f 8605 8668 8689
f 8690 8689 8668
f 8691 8688 8689
f 8692 8687 8688
f 8693 8686 8687
f 8656 8655 8686
f 8694 8690 8669
f 8695 8691 8690
f 8696 8692 8691
f 8697 8693 8692
f 8657 8656 8693
f 8697 8698 8679
f 8696 8699 8698
f 8696 8695 8700
f 8694 8701 8700
f 8670 8671 8701
f 8702 8701 8671
f 8701 8702 8703
f 8703 8704 8699
f 8699 8704 8705
f 8698 8705 8680
f 8672 8673 8706
f 8675 8674 8707
f 8674 8676 8709
f 8709 8676 8677
f 8677 8678 8711
f 8712 8713 8710
f 8702 8706 8714
f 8713 8712 8714
f 8707 8709 8716
f 8717 8716 8713
f 8710 8713 8716
f 8708 8707 8717
f 8546 8601 8599
f 8546 8545 8603
f 8550 8607 8603
f 8556 8609 8607
f 8560 8611 8609
f 8564 8606 8611
f 8565 8598 8606
f 8565 8567 8596
f 8567 8562 8594
f 8562 8553 8592
f 8553 8552 8590
f 8590 8552 8541
f 8540 8585 8588
f 8543 8599 8585
f 8684 8449 8450
f 8579 8452 8449
f 8682 8447 8448
f 8447 8682 8683
f 8681 8448 8458
f 8584 8718 8619
f 8628 8718 8577
f 8457 8456 8577
f 8574 8457 8718
f 7134 6920 6919
f 6164 6163 6919
f 5485 6608 6609
f 3832 5351 8188
f 5921 6609 6221
f 5922 4281 7128
f 6439 8719 8720
f 8720 8719 6570
f 6570 8719 8721
f 6439 6447 8721
f 6727 6058 6057
f 6312 6057 6073
f 6828 6248 6073
f 6877 6268 6267
f 6745 6267 6299
f 6891 6306 6305
f 6338 6747 6746
f 6438 6411 6410
f 6412 6411 6440
f 6564 6421 6424
f 6842 6578 6577
f 6889 6305 6829
f 6579 6578 6564
f 6435 6410 6565
f 8722 6857 6306
f 8723 6859 6058
f 6269 6268 6878
f 7160 7157 6829
f 8724 8144 8143
f 8238 8231 6248
f 6339 6746 6744
f 8395 6577 6338
f 6879 6878 8404
f 8422 8415 8231
f 8725 8143 6859
f 8416 8415 7157
f 6059 6050 6049
f 6330 6099 6049
f 7156 6260 6259
f 6269 6265 6264
f 6297 6349 6264
f 6340 6352 6351
f 6368 6842 8395
f 6422 6414 6559
f 6436 6403 6404
f 6447 6439 6438
f 6424 6423 6436
f 6331 6827 6099
f 6422 6421 6842
f 8722 8403 6856
f 8141 6863 6862
f 6265 6855 6617
f 6324 6890 6259
f 7158 7155 6260
f 6709 8145 6863
f 8235 8237 6827
f 6298 6349 6352
f 6370 6369 6351
f 6891 6890 8403
f 8419 8421 8237
f 6051 6050 8145
f 8422 8421 7155
f 8721 6447 6446
f 6748 6440 8720
f 8727 6008 6011
f 8158 6009 8144
f 6009 6008 6861
f 6008 8727 6862
f 8142 6862 8727
f 6554 6553 6893
f 6833 6707 6708
f 6708 6856 8403
f 5623 6911 6892
f 8406 8366 8365
f 8407 8375 8366
f 8377 8376 8408
f 8397 8396 6530
f 6651 8399 8400
f 8402 8401 6616
f 6618 6707 8399
f 6554 8404 6878
f 8396 8405 6854
f 8401 6553 6552
f 6892 8397 6529
f 8353 8400 8365
f 8377 8409 6276
f 8409 8410 6277
f 8410 5597 5932
f 8726 8404 6857
f 8726 6856 6855
f 7234 6107 6106
f 8279 6124 6127
f 8354 6224 6227
f 6246 6245 6619
f 8239 6280 6282
f 8162 6283 6286
f 6292 6354 6246
f 6382 6378 6377
f 6392 6397 6396
f 6396 6395 6427
f 6398 6397 6443
f 6459 6443 6458
f 6525 6520 6523
f 6558 6272 6271
f 6429 6428 6560
f 6460 6458 6572
f 6272 6558 3736
f 7128 6603 6602
f 6227 6245 6244
f 7180 6631 6634
f 6642 6286 6285
f 6356 6741 6740
f 6816 6815 8218
f 6820 8300 8301
f 6355 6832 6741
f 6344 6835 6834
f 6364 6841 6840
f 6375 6378 6560
f 6848 6847 6488
f 6853 6852 6506
f 6530 6854 6740
f 8140 6871 6874
f 6555 6271 6831
f 8215 6106 6881
f 6348 6895 6894
f 6383 6895 6896
f 6433 6897 6896
f 6432 6897 6898
f 6406 6899 6898
f 6900 6455 6387
f 6900 6449 6448
f 6472 6904 6903
f 6480 6905 6903
f 6497 6907 6906
f 6908 6519 6518
f 4280 5933 6120
f 6100 7167 7170
f 6632 6631 7188
f 7235 8214 7201
f 7206 7209 7212
f 8213 7257 7232
f 8214 8213 7231
f 6108 6107 7200
f 7238 8299 8300
f 7207 7212 8299
f 8205 7241 7240
f 6170 6169 7232
f 6638 8146 8149
f 6601 6874 8157
f 6600 8157 6283
f 8392 8223 8222
f 6278 6280 8241
f 6816 8272 8274
f 6642 6815 6814
f 6128 7170 6124
f 8195 6602 6127
f 8212 8211 8286
f 8292 8287 8286
f 8290 8289 8210
f 8207 8293 8290
f 8294 8293 8295
f 8206 8296 8295
f 6817 8301 8297
f 8288 6170 7256
f 7209 7206 7240
f 6225 6224 8360
f 8369 8368 8360
f 8375 8376 8368
f 8381 8380 8387
f 8385 8381 8383
f 8385 8386 8391
f 8147 8146 6282
f 6345 6894 6835
f 6327 6832 6834
f 6295 6354 6841
f 6379 6377 6840
f 6853 6847 6845
f 6479 6906 6905
f 6848 6572 6571
f 6452 6901 6904
f 6525 6852 6851
f 6496 6909 6907
f 8402 8405 6876
f 8408 8407 8387
f 6279 8241 8222
f 6872 6871 8149
f 8223 8386 8373
f 6526 8433 8436
f 8446 8445 8426
f 8455 8454 8431
f 8446 8459 8450
f 8454 8433 8432
f 6908 8445 8428
f 8578 8455 8451
f 8632 8631 8625
f 8640 8632 8624
f 8660 8663 8662
f 8662 8644 8643
f 8675 8673 8631
f 8680 8678 8663
f 8683 8665 8643
f 8578 8640 8630
f 8673 8675 8708
f 8678 8680 8705
f 8711 8705 8704
f 8706 8708 8715
f 8703 8714 8712
f 8459 8683 8685
f 8407 8408 8376
f 6615 6854 8405
f 5993 6080 6335
f 6060 6682 6018
f 5993 6047 6081
f 6105 6104 6176
f 6177 6104 6000
f 6309 6311 6310
f 8725 6315 6314
f 8724 6314 6318
f 6321 6320 6053
f 6249 6595 6310
f 6596 6254 6257
f 8188 6606 6605
f 5986 6683 6682
f 6714 6726 6311
f 6047 6320 6086
f 6875 6596 6304
f 6001 6105 6912
f 7162 7159 6597
f 7254 7163 6912
f 6684 6683 7163
f 8723 8136 6315
f 6592 8159 6318
f 8332 8331 8171
f 6607 6606 5350
f 8191 8190 8198
f 8197 8192 8193
f 8159 6592 6319
f 8232 8236 6595
f 8192 8190 7173
f 8189 6605 8193
f 6177 8191 8199
f 6733 8331 8330
f 8340 8341 8330
f 8341 5994 6335
f 8412 6721 6875
f 8414 8411 6273
f 8416 8420 8236
f 6727 6726 8136
f 8417 8420 7159
f 6277 5932 5558
f 5935 5576 6635
f 5991 5990 6061
f 6019 6018 6682
f 5999 6034 6033
f 6045 6044 6677
f 6055 6054 6083
f 5995 6064 6063
f 6084 6054 6053
f 6088 5990 5989
f 6063 6084 6046
f 6066 6097 6034
f 6103 6102 7181
f 6673 6676 6133
f 6149 6148 6153
f 6323 6088 8166
f 6585 6584 6083
f 6630 6629 6702
f 6634 6633 7168
f 6676 6149 6152
f 6703 6629 6628
f 6796 6729 6728
f 6069 6729 6097
f 6132 6798 6674
f 6803 6799 6800
f 6011 6010 6055
f 6799 6803 6582
f 7194 8271 6881
f 7131 6584 6583
f 6798 7133 6913
f 7179 7178 8204
f 7183 7182 7246
f 7188 7183 7242
f 6109 7196 7192
f 7204 6630 6176
f 7219 7218 6628
f 7218 7228 7248
f 7179 7219 6627
f 7250 7254 6704
f 7228 7252 7249
f 6678 7250 7249
f 5997 7252 7251
f 8168 8167 6644
f 8167 8169 6732
f 8169 8170 6733
f 8170 8171 8331
f 8336 8335 8173
f 8182 8338 8175
f 8182 8174 8176
f 8181 8176 8177
f 8180 8177 8179
f 7133 6728 6590
f 7130 7131 8194
f 8200 6633 6632
f 7178 8201 8205
f 8269 6154 6153
f 8254 8311 8252
f 8260 6102 6101
f 8179 8263 6802
f 8263 8264 6038
f 8264 8265 6039
f 8265 8266 6130
f 8266 8267 6157
f 8267 8268 6158
f 8268 8270 8217
f 8270 8272 6816
f 6813 8274 8273
f 8273 8275 8247
f 8276 8260 8277
f 7192 8251 8250
f 8252 8316 8259
f 8276 8275 8250
f 7204 8200 7177
f 7182 8316 8315
f 8343 8339 8334
f 8333 8337 8342
f 8343 8342 6800
f 8340 8339 6064
f 6323 8349 8350
f 8168 8352 8348
f 8349 5937 5936
f 8352 5939 5938
f 6103 6634 7167
f 8271 8269 8216
f 8201 7188 7241
f 8274 8272 8271
f 5991 6018 6017
f 8728 8171 6017
f 5997 5996 6680
f 5996 6033 6045
f 6033 6032 6042
f 6042 6032 8175
f 8172 8175 8338
f 8336 8338 8337
f 6684 6678 6677
f 6681 6677 6044
f 6019 6044 6043
f 6016 6043 8173
f 8728 8173 8335
f 8332 8335 8334
f 8194 6332 8160
f 6805 6010 6009
f 5940 5941 7137
f 8324 5496 5942
f 8325 5942 5495
f 6253 5943 4292
f 7137 5941 5944
f 8348 5938 5937
f 8350 5936 5530
f 5624 8150 6159
f 6718 4293 5940
f 8327 5945 5490
f 8347 5946 5939
f 5933 5502 6121
f 8184 5532 5946
f 7142 4298 5615
f 6145 5487 5945
f 8234 5947 5943
f 8328 5948 5488
f 8318 5500 5948
f 7139 5494 4299
f 8418 5616 5947
f 5604 8414 6599
f 5949 3853 6712
f 5944 5949 6716
f 6720 5601 5950
f 6255 5950 4322
f 5614 5935 6235
f 6711 3852 5951
f 8161 5951 3857
f 5973 5964 2965
f 2965 5964 5963
f 222 5963 5960
f 223 5960 5958
f 5958 5957 3185
f 5957 5970 2977
f 5970 5967 1213
f 5967 5966 1214
f 2532 1214 5966
f 2894 2532 5953
f 2871 2894 5952
f 5510 5722 5721
f 5822 5825 5824
f 3511 3512 3844
f 3887 3892 3889
f 3876 3879 3878
f 3356 3357 3911
f 3372 3373 3390
f 3849 3854 3851
f 3481 3478 3867
f 3873 3874 3385
f 3875 3375 3450
f 3915 3794 3865
f 3657 3670 3671
f 5618 5973 3013
f 1997 1996 1889
f 1237 745 744
f 1535 1534 120
f 1531 1532 201
f 1119 1241 1032
f 946 948 824
f 163 8 5
f 9041 9178 9175
f 1155 1156 1162
f 427 213 327
f 553 1902 796
f 8732 2232 2231
f 8732 3178 2230
f 2237 3183 3180
f 8734 8735 8736
f 8735 8737 8738
f 8737 8739 8740
f 8739 8741 8742
f 8743 8744 8745
f 8746 8745 8747
f 8749 8750 8748
f 8751 8752 8750
f 8754 8755 8756
f 8757 8758 8755
f 8759 8760 8758
f 8761 8762 8760
f 8763 8764 8762
f 8766 8751 8749
f 8765 8749 8747
f 8767 8747 8745
f 8768 8745 8744
f 8744 8770 8771
f 8770 8741 8772
f 8741 8739 8773
f 8739 8737 8774
f 8737 8735 8775
f 8735 8734 8776
f 8776 8734 8777
f 2904 8778 8779
f 8780 8778 2904
f 8781 8780 2902
f 2875 8782 8781
f 8783 8784 2733
f 2825 8785 8786
f 8788 8789 8790
f 8792 8788 8787
f 2724 2723 8785
f 8787 8790 3115
f 8791 8787 3117
f 8794 8766 8765
f 8793 8765 8767
f 8795 8767 8768
f 8796 8768 8769
f 8797 8769 8771
f 8771 8772 8799
f 8772 8773 8800
f 8773 8774 8801
f 8774 8775 8802
f 8775 8776 8803
f 8776 3184 3056
f 8802 8803 2253
f 8801 8802 2252
f 8800 8801 1727
f 8799 8800 2150
f 8804 8798 8799
f 8805 8797 8798
f 8806 8796 8797
f 8807 8795 8796
f 8793 8795 8807
f 8794 8793 8808
f 8810 8811 8809
f 8808 8807 8806
f 8810 8806 8805
f 8813 8811 8810
f 8812 8805 8804
f 8815 8813 8812
f 8814 8804 1941
f 8755 8750 8752
f 8758 8748 8750
f 8760 8746 8748
f 8762 8743 8746
f 8816 8817 8764
f 8818 8819 8820
f 8816 8763 8782
f 8821 8818 8817
f 8789 8821 8783
f 8818 8821 8789
f 8819 8818 8788
f 8822 8820 8819
f 8823 8819 8792
f 8824 8792 8791
f 2712 8791 3119
f 8826 8822 8823
f 8825 8823 8824
f 8827 8824 2712
f 8828 8827 2711
f 8829 8825 8827
f 8830 8826 8825
f 8743 8762 8764
f 8817 8820 8831
f 8770 8744 8743
f 8741 8770 8831
f 8820 8822 8742
f 8740 8742 8822
f 8738 8740 8826
f 8736 8738 8830
f 8833 8828 2400
f 8834 8829 8828
f 8832 8830 8829
f 8835 8833 2402
f 3058 8835 2707
f 3061 8836 8835
f 8836 8834 8833
f 8733 8736 8832
f 8837 8832 8834
f 8777 8734 8733
f 8838 8733 8837
f 8837 8836 3061
f 1961 3057 8838
f 3057 3184 8777
f 8779 8754 8753
f 8778 8757 8754
f 8780 8759 8757
f 8781 8761 8759
f 8782 8763 8761
f 8821 8816 8784
f 8785 8790 8789
f 2723 3115 8790
f 2875 2733 8784
f 2736 2824 8786
f 2947 8779 8839
f 8815 8814 1360
f 1900 1925 1924
f 1736 1717 1718
f 1955 1952 1943
f 1671 1738 1735
f 1696 1750 1698
f 1800 1865 1864
f 2063 2055 2056
f 1737 1734 1717
f 1751 1735 1697
f 943 9337 9351
f 9108 8839 8753
f 1577 1578 1764
f 9369 1598 1599
f 1945 146 82
f 68 6 7
f 147 1542 1543
f 1109 1135 1133
f 1503 1910 1907
f 1499 1501 1909
f 452 1922 735
f 1824 2068 9287
f 1825 2067 2068
f 1463 1462 1022
f 841 1012 1009
f 1568 1547 1955
f 1910 1503 1502
f 1939 1502 422
f 309 280 1940
f 1804 1851 1866
f 269 1482 1954
f 2065 1607 2060
f 9264 1685 1758
f 280 276 552
f 1875 1873 1869
f 1739 1721 1734
f 5923 5897 5899
f 1778 1779 1790
f 310 1920 1915
f 1909 1908 1906
f 1789 1783 1778
f 978 981 980
f 1584 1759 1731
f 425 426 311
f 148 1543 115
f 2044 9349 9346
f 277 1910 1939
f 1943 1946 1945
f 1461 1462 1463
f 2253 8803 3056
f 2981 2254 8927
f 2209 2998 8927
f 2254 2253 3055
f 2998 926 958
f 2826 2817 2721
f 8928 2739 2721
f 2816 8929 8928
f 2334 2297 2296
f 2298 2297 2334
f 2301 2298 2336
f 2311 2301 2338
f 2312 2311 2354
f 2359 2358 2361
f 2335 2296 2359
f 2414 2413 2365
f 2413 2270 2361
f 2355 2352 2540
f 2541 2540 2539
f 2722 2721 2739
f 3114 2722 2738
f 3110 3112 3121
f 3108 3110 3120
f 3122 1754 3127
f 3112 3122 3126
f 3127 1754 1753
f 3139 3133 2529
f 9196 9227 3133
f 8928 2789 2740
f 8929 2790 2789
f 228 229 91
f 245 244 243
f 248 7 247
f 2 297 296
f 145 146 300
f 327 213 210
f 329 332 331
f 239 241 240
f 373 376 375
f 178 177 176
f 1218 1225 1228
f 9314 1231 1295
f 808 809 824
f 9310 9311 1013
f 9265 9262 1411
f 2154 2149 2159
f 9297 9287 1758
f 306 807 1922
f 2157 2153 1976
f 708 709 2031
f 1450 1226 1227
f 1672 1604 1605
f 1813 1814 1821
f 1717 1716 1715
f 176 159 402
f 1710 1705 9368
f 1712 1580 1577
f 1705 1713 1711
f 3435 3476 3475
f 971 978 979
f 822 823 1094
f 2909 2810 2793
f 2810 2769 2795
f 2799 2910 2249
f 9114 9095 2910
f 2769 2768 2801
f 3177 3176 3178
f 3178 8732 3180
f 3181 1394 1393
f 3181 1633 1632
f 3182 1632 2244
f 3183 2244 2243
f 8932 2791 2790
f 2808 8932 8929
f 2239 9018 9016
f 1149 1150 9015
f 1150 2009 9011
f 2202 9013 9010
f 2921 9008 9009
f 9012 9004 2133
f 1777 1579 1759
f 1201 1196 1183
f 9005 8998 2195
f 8997 9020 2770
f 9379 9377 1687
f 1516 152 154
f 8993 9006 2974
f 8994 8992 2779
f 2771 2772 9019
f 3070 2771 8990
f 8991 8988 2775
f 1376 1375 1370
f 2767 8987 9000
f 2195 8998 8987
f 2775 8988 8986
f 8344 5617 8989
f 9256 9254 8983
f 2776 8986 8982
f 2240 9016 8979
f 2920 8979 9121
f 8992 8978 2786
f 1805 1850 1851
f 8978 8976 2787
f 2951 2773 8984
f 2772 2951 8975
f 2973 2224 8974
f 2224 2223 8981
f 1957 1953 320
f 306 305 304
f 2770 9020 8972
f 2913 8972 9018
f 2923 9009 8971
f 308 1940 431
f 207 208 132
f 1879 1876 1881
f 9185 9239 8969
f 2475 3070 9002
f 2476 2475 8968
f 2223 2476 8967
f 8966 8993 2803
f 2037 9007 11
f 1959 1958 450
f 2003 8999 8964
f 9 10 334
f 2009 2008 8962
f 2008 2973 8980
f 9329 672 673
f 8959 8994 2778
f 2935 8958 8957
f 111 1149 9014
f 3238 3342 3341
f 8954 8958 2935
f 683 9328 9337
f 8952 9001 2810
f 736 733 732
f 1795 1804 1803
f 8949 8954 2938
f 8951 8949 2939
f 2950 8956 8948
f 2940 2949 8948
f 9253 9243 8956
f 2868 8953 8946
f 2869 8946 8966
f 1024 1034 1023
f 8944 8947 2948
f 551 1939 442
f 2972 8943 9012
f 2032 8977 8943
f 216 93 1924
f 3532 3534 3482
f 203 202 201
f 3539 3542 3541
f 1828 1848 1847
f 1958 1957 449
f 272 271 178
f 2871 8989 8939
f 9071 9121 9008
f 2801 2768 9095
f 2005 9210 9106
f 960 886 899
f 9109 9107 9064
f 9232 9240 9098
f 3151 9098 9045
f 2193 9056 9075
f 9059 9055 3145
f 9055 9101 2761
f 9044 9059 3144
f 2926 9110 9086
f 9086 9044 3104
f 9207 9206 9198
f 566 567 9210
f 8839 9108 1864
f 1602 1586 2079
f 2868 9110 9063
f 2922 9063 9062
f 2923 9062 9070
f 9122 9065 2918
f 9071 9122 9066
f 2921 9070 9122
f 2920 9066 9038
f 9065 9094 2915
f 2917 2766 9074
f 2916 2917 9093
f 2239 9039 9104
f 2911 9092 9104
f 9095 9092 2911
f 2797 2801 9114
f 2797 9043 9050
f 9074 9080 2763
f 9060 9080 2764
f 2194 9075 9100
f 2221 9100 9101
f 2756 9060 9061
f 2750 9050 9061
f 9121 8979 1817
f 9215 9222 1691
f 2515 9073 9042
f 2548 9042 9045
f 2513 2489 9084
f 2513 9068 9073
f 2509 9085 9072
f 2510 9084 9085
f 2289 9072 9091
f 2283 9091 9069
f 2240 9038 9039
f 9111 9109 9076
f 716 2121 9339
f 727 1999 9213
f 2165 2171 2170
f 9112 9111 9078
f 9195 9033 9030
f 2175 2172 769
f 2100 500 2095
f 9210 567 9209
f 640 9004 9012
f 1653 9020 8997
f 1895 8980 8974
f 746 8974 8981
f 1653 1810 8972
f 9214 1603 1604
f 2093 2075 2073
f 959 996 995
f 962 899 919
f 1400 1401 1398
f 1000 817 1127
f 956 959 884
f 1662 8992 8994
f 2034 9002 8990
f 9378 1689 8983
f 8979 9016 766
f 9016 9018 765
f 334 9014 9015
f 1868 8975 8984
f 1684 1651 1652
f 1682 1683 775
f 1585 1603 9214
f 9215 9214 1672
f 2173 2174 490
f 1658 8988 8991
f 9000 8987 1650
f 1571 9206 2010
f 1587 9116 9123
f 2099 2095 2077
f 787 9213 1999
f 2000 9146 786
f 3155 339 9149
f 9165 3155 9135
f 2180 2179 9137
f 8940 2180 9136
f 1684 9298 9292
f 1760 464 8939
f 2607 9141 9145
f 2581 9128 9141
f 2371 2502 9152
f 2371 9147 9145
f 2587 9128 9127
f 2586 9127 9149
f 2497 9143 9139
f 2502 2503 9139
f 2494 9143 9142
f 9142 9140 2472
f 9140 9153 2468
f 9153 9155 2469
f 726 9360 9344
f 581 9011 8962
f 10 8955 9014
f 1837 8958 8954
f 741 8981 8967
f 1299 8968 9002
f 1851 8951 8948
f 8971 9009 1820
f 580 8962 8980
f 1758 1685 8966
f 1693 9001 8952
f 8948 8956 1867
f 1894 1826 9012
f 2126 1418 9265
f 9358 2126 9293
f 2113 9363 9319
f 2179 9165 9241
f 624 9355 9356
f 2192 9056 9240
f 2177 8985 9239
f 1364 9276 9285
f 9310 9307 1470
f 3135 1753 9227
f 2069 9264 9287
f 1351 9313 9305
f 2108 9334 9353
f 2089 2092 9188
f 9280 9286 1358
f 2001 9201 9235
f 2187 9235 9171
f 2130 9208 9204
f 2004 9204 9201
f 2014 9176 9231
f 2201 9231 9208
f 3167 9172 9211
f 3168 9176 9172
f 3159 9161 9216
f 3160 9216 9217
f 9182 9159 3158
f 3158 9159 9161
f 2200 3069 9182
f 9137 9241 9194
f 9174 9226 2197
f 9242 9188 2092
f 9226 9242 9173
f 3154 9158 9242
f 3155 9165 9158
f 2091 9171 9173
f 2196 3148 9202
f 2193 2196 9228
f 9056 2193 9233
f 2086 2192 9232
f 2087 2086 9230
f 2204 9194 9203
f 2205 9203 9202
f 9361 9338 574
f 2124 2087 9229
f 2208 2124 9212
f 9163 9237 3140
f 9237 9197 3138
f 9197 9196 3139
f 9223 9164 3136
f 9164 9163 3137
f 9227 9219 3131
f 9219 9234 3132
f 1813 9291 9290
f 1293 9306 9308
f 2184 2321 9200
f 2181 2184 9184
f 9217 9220 3079
f 9220 9186 3080
f 709 9325 9327
f 2774 2961 9189
f 9238 9221 2134
f 9261 9260 766
f 2968 9236 9218
f 2969 9211 9236
f 2958 9199 9189
f 2132 9199 9218
f 2321 2185 9223
f 9312 9300 1449
f 9357 9326 582
f 9338 9341 577
f 9299 9278 1818
f 705 9354 9339
f 9268 9364 9359
f 2111 9335 9363
f 9262 9281 1366
f 1812 9291 9274
f 675 9303 9304
f 8940 9157 9303
f 2110 9319 9320
f 2104 9348 9353
f 2109 9320 9351
f 9294 9283 703
f 1680 9263 9298
f 1639 1627 9271
f 623 9356 9358
f 2139 2140 9318
f 1808 1640 9296
f 9272 9273 1819
f 9324 9366 9352
f 1646 9284 9282
f 9341 9342 633
f 2139 9317 9327
f 2156 2155 9323
f 674 9304 9365
f 2117 9269 9264
f 1815 9274 9299
f 9307 9301 1444
f 697 9358 9364
f 866 842 9288
f 9316 9321 2136
f 9037 9183 9178
f 9035 9192 9183
f 9205 9198 9190
f 9192 9035 9033
f 1088 9190 9198
f 9191 9192 9195
f 2791 8932 8933
f 8932 2808 2807
f 2792 8933 8934
f 8933 2807 2806
f 8952 2909 8934
f 8960 8934 2806
f 2948 8947 9243
f 2105 9360 9348
f 8982 9254 9256
f 680 9330 9328
f 1891 1890 9362
f 2905 9251 9253
f 2900 9249 9251
f 2901 9249 9259
f 2734 2878 9258
f 2877 9259 9258
f 2820 9252 9246
f 2818 9248 9244
f 2823 9245 9244
f 2822 9245 9250
f 2819 2735 9252
f 2817 9248 9247
f 2809 9257 9247
f 2808 9257 9255
f 2805 9256 9255
f 1702 9373 9375
f 9374 9372 1797
f 9367 9368 1706
f 9370 9379 1692
f 1657 9350 9332
f 1890 1877 9347
f 9224 9222 1674
f 1689 1690 9224
f 9378 9254 8982
f 8960 8983 1689
f 9369 9375 1703
f 1598 9369 9380
f 9332 9336 1876
f 1691 1690 9377
f 9377 9378 1688
f 9386 9385 9389
f 9386 9390 9391
f 9384 9388 9389
f 9390 9394 9395
f 9389 9388 9392
f 9389 9393 9394
f 9394 9398 9399
f 9393 9392 9396
f 9394 9393 9397
f 9399 9398 9402
f 9396 9400 9401
f 9397 9401 9402
f 9402 9406 9407
f 9401 9400 9404
f 9402 9401 9405
f 9407 9406 9410
f 9405 9404 9408
f 9405 9409 9410
f 9411 9410 9414
f 9409 9408 9412
f 9410 9409 9413
f 9414 9418 9419
f 9412 9416 9417
f 9413 9417 9418
f 9418 9422 9423
f 9417 9416 9420
f 9418 9417 9421
f 9422 9426 9427
f 9420 9424 9425
f 9421 9425 9426
f 9426 9430 9431
f 9425 9424 9428
f 9426 9425 9429
f 9431 9430 9434
f 9428 9432 9433
f 9429 9433 9434
f 9434 9438 9439
f 9433 9432 9436
f 9434 9433 9437
f 9439 9438 9442
f 9436 9440 9441
f 9437 9441 9442
f 9443 9442 9446
f 9441 9440 9444
f 9442 9441 9445
f 9447 9446 9450
f 9444 9448 9449
f 9445 9449 9450
f 9450 9454 9455
f 9449 9448 9452
f 9450 9449 9453
f 9454 9458 9459
f 9452 9456 9457
f 9453 9457 9458
f 9458 9462 9463
f 9457 9456 9460
f 9458 9457 9461
f 9463 9462 9466
f 9460 9464 9465
f 9461 9465 9466
f 9466 9470 9471
f 9465 9464 9468
f 9466 9465 9469
f 9471 9470 9474
f 9468 9472 9473
f 9469 9473 9474
f 9475 9474 9478
f 9473 9472 9476
f 9474 9473 9477
f 9479 9478 9482
f 9476 9480 9481
f 9477 9481 9482
f 9483 9482 9486
f 9481 9480 9484
f 9482 9481 9485
f 9486 9490 9491
f 9484 9488 9489
f 9485 9489 9490
f 9490 9494 9495
f 9489 9488 9492
f 9490 9489 9493
f 9495 9494 9498
f 9492 9496 9497
f 9493 9497 9498
f 9498 9502 9503
f 9497 9496 9500
f 9498 9497 9501
f 9503 9502 9507
f 9500 9505 9506
f 9501 9506 9507
f 9508 9507 9511
f 9505 9509 9510
f 9507 9506 9510
f 9512 9511 9386
f 9510 9509 9384
f 9510 9385 9386
f 9521 9520 9533
f 9518 9531 9532
f 9517 9516 9529
f 9515 9514 9527
f 9523 9536 9537
f 9521 9534 9535
f 9519 9532 9533
f 9518 9517 9530
f 9515 9528 9529
f 9513 9526 9527
f 9524 9537 9538
f 9523 9522 9535
f 9528 9541 9542
f 9526 9539 9540
f 9538 9537 9550
f 9535 9548 9549
f 9534 9533 9546
f 9531 9544 9545
f 9530 9529 9542
f 9528 9527 9540
f 9537 9536 9549
f 9534 9547 9548
f 9532 9545 9546
f 9531 9530 9543
f 9541 9554 9555
f 9540 9539 9552
f 9550 9563 9564
f 9548 9561 9562
f 9547 9546 9559
f 9544 9557 9558
f 9542 9555 9556
f 9541 9540 9553
f 9549 9562 9563
f 9547 9560 9561
f 9546 9545 9558
f 9544 9543 9556
f 9555 9554 9567
f 9552 9565 9566
f 9564 9563 9576
f 9562 9561 9574
f 9559 9572 9573
f 9557 9570 9571
f 9555 9568 9569
f 9553 9566 9567
f 9562 9575 9576
f 9561 9560 9573
f 9559 9558 9571
f 9557 9556 9569
f 9567 9580 9581
f 9566 9565 9578
f 9576 9589 9590
f 9575 9574 9587
f 9572 9585 9586
f 9571 9570 9583
f 9569 9568 9581
f 9566 9579 9580
f 9576 9575 9588
f 9574 9573 9586
f 9571 9584 9585
f 9569 9582 9583
f 9581 9580 9593
f 9578 9591 9592
f 9590 9589 9602
f 9588 9587 9600
f 9585 9598 9599
f 9583 9596 9597
f 9582 9581 9594
f 9579 9592 9593
f 9589 9588 9601
f 9587 9586 9599
f 9584 9597 9598
f 9583 9582 9595
f 9594 9593 9606
f 9592 9591 9604
f 9602 9615 9616
f 9601 9600 9613
f 9598 9611 9612
f 9596 9609 9610
f 9594 9607 9608
f 9592 9605 9606
f 9601 9614 9615
f 9600 9599 9612
f 9598 9597 9610
f 9596 9595 9608
f 9607 9606 9619
f 9605 9604 9617
f 9615 9628 9629
f 9613 9626 9627
f 9611 9624 9625
f 9610 9609 9622
f 9607 9620 9621
f 9605 9618 9619
f 9615 9614 9627
f 9613 9612 9625
f 9611 9610 9623
f 9608 9621 9622
f 9619 9632 9633
f 9617 9630 9631
f 9628 9641 9642
f 9627 9626 9639
f 9625 9624 9637
f 9622 9635 9636
f 9621 9620 9633
f 9619 9618 9631
f 9627 9640 9641
f 9625 9638 9639
f 9623 9636 9637
f 9622 9621 9634
f 9632 9645 9646
f 9630 9643 9644
f 9642 9641 9654
f 9639 9652 9653
f 9638 9637 9650
f 9635 9648 9649
f 9634 9633 9646
f 9632 9631 9644
f 9641 9640 9653
f 9638 9651 9652
f 9636 9649 9650
f 9635 9634 9647
f 9645 9658 9659
f 9644 9643 9656
f 9654 9667 9668
f 9652 9665 9666
f 9651 9650 9663
f 9648 9661 9662
f 9646 9659 9660
f 9645 9644 9657
f 9653 9666 9667
f 9651 9664 9665
f 9650 9649 9662
f 9648 9647 9660
f 9659 9658 9671
f 9656 9669 9670
f 9668 9667 9680
f 9665 9678 9679
f 9663 9676 9677
f 9661 9674 9675
f 9659 9672 9673
f 9657 9670 9671
f 9666 9679 9680
f 9665 9664 9677
f 9663 9662 9675
f 9661 9660 9673
f 9671 9684 9685
f 9670 9669 9682
f 9680 9693 9694
f 9678 9691 9692
f 9677 9676 9689
f 9675 9674 9687
f 9673 9672 9685
f 9670 9683 9684
f 9680 9679 9692
f 9678 9677 9690
f 9675 9688 9689
f 9673 9686 9687
f 9685 9684 9697
f 9682 9695 9696
f 9694 9693 9706
f 9692 9691 9704
f 9689 9702 9703
f 9687 9700 9701
f 9686 9685 9698
f 9683 9696 9697
f 9693 9692 9705
f 9691 9690 9703
f 9688 9701 9702
f 9687 9686 9699
f 9698 9697 9710
f 9696 9695 9708
f 9706 9719 9720
f 9705 9704 9717
f 9702 9715 9716
f 9700 9713 9714
f 9698 9711 9712
f 9696 9709 9710
f 9705 9718 9719
f 9704 9703 9716
f 9702 9701 9714
f 9700 9699 9712
f 9711 9710 9723
f 9709 9708 9721
f 9719 9732 9733
f 9717 9730 9731
f 9715 9728 9729
f 9714 9713 9726
f 9711 9724 9725
f 9709 9722 9723
f 9718 9731 9732
f 9717 9716 9729
f 9715 9714 9727
f 9712 9725 9726
f 9723 9736 9737
f 9721 9734 9735
f 9733 9732 9745
f 9731 9730 9743
f 9729 9728 9741
f 9726 9739 9740
f 9725 9724 9737
f 9723 9722 9735
f 9732 9731 9744
f 9729 9742 9743
f 9727 9740 9741
f 9726 9725 9738
f 9736 9749 9750
f 9734 9747 9748
f 9746 9745 9758
f 9743 9756 9757
f 9742 9741 9754
f 9739 9752 9753
f 9738 9737 9750
f 9736 9735 9748
f 9745 9744 9757
f 9742 9755 9756
f 9740 9753 9754
f 9739 9738 9751
f 9749 9762 9763
f 9748 9747 9760
f 9758 9771 9772
f 9756 9769 9770
f 9755 9754 9767
f 9752 9765 9766
f 9750 9763 9764
f 9749 9748 9761
f 9757 9770 9771
f 9756 9755 9768
f 9754 9753 9766
f 9752 9751 9764
f 9762 9775 9776
f 9760 9773 9774
f 9772 9771 9784
f 9770 9769 9782
f 9768 9767 9780
f 9765 9778 9779
f 9763 9776 9777
f 9762 9761 9774
f 9770 9783 9784
f 9768 9781 9782
f 9767 9766 9779
f 9764 9777 9778
f 9775 9788 9789
f 9774 9773 9786
f 9784 9797 9798
f 9782 9795 9796
f 9781 9780 9793
f 9779 9778 9791
f 9777 9776 9789
f 9774 9787 9788
f 9784 9783 9796
f 9782 9781 9794
f 9779 9792 9793
f 9777 9790 9791
f 9789 9788 9802
f 9786 9800 9801
f 9798 9797 9811
f 9796 9795 9809
f 9793 9807 9808
f 9792 9791 9805
f 9790 9789 9803
f 9787 9801 9802
f 9797 9796 9810
f 9795 9794 9808
f 9792 9806 9807
f 9790 9804 9805
f 9803 9802 9815
f 9801 9800 9813
f 9811 9824 9825
f 9810 9809 9822
f 9807 9820 9821
f 9806 9805 9818
f 9803 9816 9817
f 9801 9814 9815
f 9810 9823 9824
f 9809 9808 9821
f 9807 9806 9819
f 9804 9817 9818
f 9816 9815 9828
f 9814 9813 9826
f 9825 9824 9837
f 9822 9835 9836
f 9820 9833 9834
f 9819 9818 9831
f 9816 9829 9830
f 9814 9827 9828
f 9824 9823 9836
f 9822 9821 9834
f 9820 9819 9832
f 9817 9830 9831
f 9828 9841 9842
f 9826 9839 9840
f 9837 9850 9851
f 9836 9835 9848
f 9834 9833 9846
f 9831 9844 9845
f 9830 9829 9842
f 9828 9827 9840
f 9836 9849 9850
f 9834 9847 9848
f 9832 9845 9846
f 9831 9830 9843
f 9841 9854 9855
f 9839 9852 9853
f 9851 9850 9863
f 9848 9861 9862
f 9847 9846 9859
f 9845 9844 9857
f 9843 9842 9855
f 9841 9840 9853
f 9850 9849 9862
f 9847 9860 9861
f 9845 9858 9859
f 9843 9856 9857
f 9854 9867 9868
f 9853 9852 9865
f 9863 9876 9877
f 9861 9874 9875
f 9860 9859 9872
f 9858 9857 9870
f 9855 9868 9869
f 9854 9853 9866
f 9862 9875 9876
f 9860 9873 9874
f 9859 9858 9871
f 9856 9869 9870
f 9868 9867 9880
f 9865 9878 9879
f 9877 9876 9889
f 9875 9874 9887
f 9873 9872 9885
f 9870 9883 9884
f 9868 9881 9882
f 9867 9866 9879
f 9875 9888 9889
f 9873 9886 9887
f 9872 9871 9884
f 9870 9869 9882
f 9880 9893 9894
f 9878 9891 9892
f 9889 9902 9903
f 9887 9900 9901
f 9886 9885 9898
f 9884 9883 9896
f 9882 9881 9894
f 9879 9892 9893
f 9889 9888 9901
f 9887 9886 9899
f 9884 9897 9898
f 9882 9895 9896
f 9894 9893 9906
f 9891 9904 9905
f 9903 9902 9915
f 9901 9900 9913
f 9898 9911 9912
f 9896 9909 9910
f 9895 9894 9907
f 9892 9905 9906
f 9902 9901 9914
f 9899 9912 9913
f 9897 9910 9911
f 9896 9895 9908
f 9907 9906 9919
f 9905 9904 9917
f 9915 9928 9929
f 9914 9913 9926
f 9911 9924 9925
f 9909 9922 9923
f 9907 9920 9921
f 9905 9918 9919
f 9914 9927 9928
f 9913 9912 9925
f 9911 9910 9923
f 9909 9908 9921
f 9920 9919 9515
f 9918 9917 9513
f 9929 9928 9524
f 9926 9522 9523
f 9924 9520 9521
f 9923 9922 9518
f 9920 9516 9517
f 9918 9514 9515
f 9928 9927 9523
f 9926 9925 9521
f 9924 9923 9519
f 9921 9517 9518
f 9387 9513 9917
f 9917 9904 9508
f 9904 9891 9503
f 9891 9878 9499
f 9499 9878 9865
f 9495 9865 9852
f 9491 9852 9839
f 9839 9826 9483
f 9483 9826 9813
f 9813 9800 9475
f 9800 9786 9471
f 9786 9773 9467
f 9467 9773 9760
f 9463 9760 9747
f 9459 9747 9734
f 9734 9721 9451
f 9451 9721 9708
f 9708 9695 9443
f 9695 9682 9439
f 9682 9669 9435
f 9435 9669 9656
f 9431 9656 9643
f 9427 9643 9630
f 9630 9617 9419
f 9419 9617 9604
f 9604 9591 9411
f 9591 9578 9407
f 9578 9565 9403
f 9403 9565 9552
f 9399 9552 9539
f 9395 9539 9526
f 9526 9513 9387
f 9932 9931 9935
f 9932 9936 9937
f 9931 9930 9934
f 9936 9940 9941
f 9934 9938 9939
f 9935 9939 9940
f 9940 9944 9945
f 9939 9938 9942
f 9940 9939 9943
f 9945 9944 9948
f 9942 9946 9947
f 9943 9947 9948
f 9948 9952 9953
f 9947 9946 9950
f 9948 9947 9951
f 9953 9952 9956
f 9950 9954 9955
f 9951 9955 9956
f 9957 9956 9960
f 9955 9954 9958
f 9956 9955 9959
f 9961 9960 9964
f 9958 9962 9963
f 9959 9963 9964
f 9965 9964 9968
f 9963 9962 9966
f 9964 9963 9967
f 9968 9972 9973
f 9966 9970 9971
f 9967 9971 9972
f 9972 9976 9977
f 9970 9974 9975
f 9972 9971 9975
f 9977 9976 9980
f 9974 9978 9979
f 9975 9979 9980
f 9980 9984 9985
f 9979 9978 9982
f 9980 9979 9983
f 9985 9984 9988
f 9982 9986 9987
f 9983 9987 9988
f 9989 9988 9992
f 9986 9990 9991
f 9988 9987 9991
f 9993 9992 9996
f 9991 9990 9994
f 9991 9995 9996
f 9996 10000 10001
f 9994 9998 9999
f 9996 9995 9999
f 10000 10004 10005
f 9999 9998 10002
f 9999 10003 10004
f 10004 10008 10009
f 10003 10002 10006
f 10004 10003 10007
f 10009 10008 10012
f 10006 10010 10011
f 10007 10011 10012
f 10012 10016 10017
f 10011 10010 10014
f 10012 10011 10015
f 10017 10016 10020
f 10014 10018 10019
f 10015 10019 10020
f 10021 10020 10024
f 10019 10018 10022
f 10020 10019 10023
f 10024 10028 10029
f 10022 10026 10027
f 10023 10027 10028
f 10028 10032 10033
f 10027 10026 10030
f 10028 10027 10031
f 10032 10036 10037
f 10030 10034 10035
f 10031 10035 10036
f 10036 10040 10041
f 10035 10034 10038
f 10036 10035 10039
f 10041 10040 10044
f 10038 10042 10043
f 10039 10043 10044
f 10044 10048 10049
f 10043 10042 10046
f 10044 10043 10047
f 10049 10048 10053
f 10046 10051 10052
f 10047 10052 10053
f 10054 10053 10057
f 10052 10051 10055
f 10053 10052 10056
f 10058 10057 9932
f 10055 9930 9931
f 10056 9931 9932
f 10067 10066 10079
f 10064 10077 10078
f 10063 10062 10075
f 10061 10060 10073
f 10070 10069 10082
f 10067 10080 10081
f 10065 10078 10079
f 10064 10063 10076
f 10061 10074 10075
f 10059 10072 10073
f 10071 10070 10083
f 10069 10068 10081
f 10074 10087 10088
f 10072 10085 10086
f 10084 10083 10096
f 10081 10094 10095
f 10080 10079 10092
f 10078 10077 10090
f 10076 10075 10088
f 10074 10073 10086
f 10083 10082 10095
f 10080 10093 10094
f 10078 10091 10092
f 10076 10089 10090
f 10087 10100 10101
f 10086 10085 10098
f 10096 10109 10110
f 10094 10107 10108
f 10093 10092 10105
f 10091 10090 10103
f 10088 10101 10102
f 10087 10086 10099
f 10095 10108 10109
f 10094 10093 10106
f 10092 10091 10104
f 10089 10102 10103
f 10100 10113 10114
f 10098 10111 10112
f 10110 10109 10122
f 10108 10107 10120
f 10105 10118 10119
f 10103 10116 10117
f 10101 10114 10115
f 10100 10099 10112
f 10108 10121 10122
f 10106 10119 10120
f 10105 10104 10117
f 10103 10102 10115
f 10113 10126 10127
f 10112 10111 10124
f 10122 10135 10136
f 10120 10133 10134
f 10119 10118 10131
f 10117 10116 10129
f 10115 10114 10127
f 10113 10112 10125
f 10122 10121 10134
f 10119 10132 10133
f 10117 10130 10131
f 10115 10128 10129
f 10127 10126 10139
f 10124 10137 10138
f 10136 10135 10148
f 10134 10133 10146
f 10131 10144 10145
f 10130 10129 10142
f 10128 10127 10140
f 10125 10138 10139
f 10135 10134 10147
f 10133 10132 10145
f 10130 10143 10144
f 10128 10141 10142
f 10140 10139 10152
f 10138 10137 10150
f 10148 10161 10162
f 10147 10146 10159
f 10144 10157 10158
f 10143 10142 10155
f 10140 10153 10154
f 10138 10151 10152
f 10147 10160 10161
f 10146 10145 10158
f 10144 10143 10156
f 10141 10154 10155
f 10153 10152 10165
f 10151 10150 10163
f 10162 10161 10174
f 10159 10172 10173
f 10157 10170 10171
f 10156 10155 10168
f 10153 10166 10167
f 10151 10164 10165
f 10161 10160 10173
f 10159 10158 10171
f 10157 10156 10169
f 10154 10167 10168
f 10165 10178 10179
f 10163 10176 10177
f 10175 10174 10187
f 10173 10172 10185
f 10171 10170 10183
f 10168 10181 10182
f 10167 10166 10179
f 10165 10164 10177
f 10173 10186 10187
f 10171 10184 10185
f 10169 10182 10183
f 10168 10167 10180
f 10178 10191 10192
f 10176 10189 10190
f 10188 10187 10200
f 10185 10198 10199
f 10184 10183 10196
f 10182 10181 10194
f 10180 10179 10192
f 10178 10177 10190
f 10187 10186 10199
f 10184 10197 10198
f 10182 10195 10196
f 10180 10193 10194
f 10191 10204 10205
f 10190 10189 10202
f 10200 10213 10214
f 10198 10211 10212
f 10197 10196 10209
f 10195 10194 10207
f 10192 10205 10206
f 10191 10190 10203
f 10199 10212 10213
f 10197 10210 10211
f 10196 10195 10208
f 10193 10206 10207
f 10205 10204 10217
f 10202 10215 10216
f 10214 10213 10226
f 10211 10224 10225
f 10210 10209 10222
f 10207 10220 10221
f 10205 10218 10219
f 10204 10203 10216
f 10212 10225 10226
f 10210 10223 10224
f 10209 10208 10221
f 10207 10206 10219
f 10217 10230 10231
f 10216 10215 10228
f 10226 10239 10240
f 10224 10237 10238
f 10223 10222 10235
f 10221 10220 10233
f 10219 10218 10231
f 10217 10216 10229
f 10226 10225 10238
f 10223 10236 10237
f 10221 10234 10235
f 10219 10232 10233
f 10231 10230 10243
f 10228 10241 10242
f 10240 10239 10252
f 10238 10237 10250
f 10235 10248 10249
f 10234 10233 10246
f 10232 10231 10244
f 10229 10242 10243
f 10239 10238 10251
f 10237 10236 10249
f 10234 10247 10248
f 10232 10245 10246
f 10244 10243 10256
f 10242 10241 10254
f 10252 10265 10266
f 10251 10250 10263
f 10248 10261 10262
f 10247 10246 10259
f 10244 10257 10258
f 10242 10255 10256
f 10251 10264 10265
f 10250 10249 10262
f 10248 10247 10260
f 10245 10258 10259
f 10257 10256 10269
f 10255 10254 10267
f 10266 10265 10278
f 10263 10276 10277
f 10261 10274 10275
f 10260 10259 10272
f 10257 10270 10271
f 10255 10268 10269
f 10265 10264 10277
f 10263 10262 10275
f 10261 10260 10273
f 10258 10271 10272
f 10269 10282 10283
f 10267 10280 10281
f 10278 10291 10292
f 10277 10276 10289
f 10275 10274 10287
f 10272 10285 10286
f 10271 10270 10283
f 10269 10268 10281
f 10277 10290 10291
f 10275 10288 10289
f 10273 10286 10287
f 10272 10271 10284
f 10282 10295 10296
f 10280 10293 10294
f 10292 10291 10304
f 10289 10302 10303
f 10288 10287 10300
f 10286 10285 10298
f 10284 10283 10296
f 10282 10281 10294
f 10291 10290 10303
f 10288 10301 10302
f 10286 10299 10300
f 10284 10297 10298
f 10295 10308 10309
f 10294 10293 10306
f 10304 10317 10318
f 10302 10315 10316
f 10301 10300 10313
f 10299 10298 10311
f 10296 10309 10310
f 10295 10294 10307
f 10303 10316 10317
f 10301 10314 10315
f 10300 10299 10312
f 10297 10310 10311
f 10309 10308 10321
f 10307 10306 10319
f 10318 10317 10330
f 10316 10315 10328
f 10314 10313 10326
f 10311 10324 10325
f 10309 10322 10323
f 10308 10307 10320
f 10316 10329 10330
f 10314 10327 10328
f 10313 10312 10325
f 10311 10310 10323
f 10321 10334 10335
f 10320 10319 10332
f 10330 10343 10344
f 10329 10328 10341
f 10326 10339 10340
f 10325 10324 10337
f 10323 10322 10335
f 10320 10333 10334
f 10330 10329 10342
f 10328 10327 10340
f 10325 10338 10339
f 10323 10336 10337
f 10335 10334 10348
f 10332 10346 10347
f 10344 10343 10357
f 10342 10341 10355
f 10339 10353 10354
f 10337 10351 10352
f 10336 10335 10349
f 10333 10347 10348
f 10343 10342 10356
f 10341 10340 10354
f 10338 10352 10353
f 10337 10336 10350
f 10349 10348 10361
f 10347 10346 10359
f 10357 10370 10371
f 10356 10355 10368
f 10353 10366 10367
f 10351 10364 10365
f 10349 10362 10363
f 10347 10360 10361
f 10356 10369 10370
f 10355 10354 10367
f 10353 10352 10365
f 10351 10350 10363
f 10362 10361 10374
f 10360 10359 10372
f 10371 10370 10383
f 10368 10381 10382
f 10366 10379 10380
f 10365 10364 10377
f 10362 10375 10376
f 10360 10373 10374
f 10370 10369 10382
f 10368 10367 10380
f 10366 10365 10378
f 10363 10376 10377
f 10374 10387 10388
f 10372 10385 10386
f 10383 10396 10397
f 10382 10381 10394
f 10380 10379 10392
f 10377 10390 10391
f 10376 10375 10388
f 10374 10373 10386
f 10382 10395 10396
f 10380 10393 10394
f 10378 10391 10392
f 10377 10376 10389
f 10387 10400 10401
f 10385 10398 10399
f 10397 10396 10409
f 10394 10407 10408
f 10393 10392 10405
f 10390 10403 10404
f 10389 10388 10401
f 10387 10386 10399
f 10396 10395 10408
f 10393 10406 10407
f 10391 10404 10405
f 10390 10389 10402
f 10400 10413 10414
f 10399 10398 10411
f 10409 10422 10423
f 10407 10420 10421
f 10406 10405 10418
f 10403 10416 10417
f 10401 10414 10415
f 10400 10399 10412
f 10408 10421 10422
f 10406 10419 10420
f 10405 10404 10417
f 10403 10402 10415
f 10414 10413 10426
f 10411 10424 10425
f 10423 10422 10435
f 10420 10433 10434
f 10418 10431 10432
f 10416 10429 10430
f 10414 10427 10428
f 10412 10425 10426
f 10421 10434 10435
f 10419 10432 10433
f 10418 10417 10430
f 10416 10415 10428
f 10427 10426 10439
f 10425 10424 10437
f 10435 10448 10449
f 10433 10446 10447
f 10431 10444 10445
f 10430 10429 10442
f 10428 10427 10440
f 10425 10438 10439
f 10435 10434 10447
f 10433 10432 10445
f 10430 10443 10444
f 10428 10441 10442
f 10440 10439 10452
f 10437 10450 10451
f 10449 10448 10461
f 10447 10446 10459
f 10444 10457 10458
f 10443 10442 10455
f 10441 10440 10453
f 10438 10451 10452
f 10448 10447 10460
f 10446 10445 10458
f 10443 10456 10457
f 10441 10454 10455
f 10453 10452 10465
f 10451 10450 10463
f 10461 10474 10475
f 10460 10459 10472
f 10457 10470 10471
f 10456 10455 10468
f 10453 10466 10467
f 10451 10464 10465
f 10460 10473 10474
f 10459 10458 10471
f 10457 10456 10469
f 10454 10467 10468
f 10466 10465 10061
f 10464 10463 10059
f 10474 10070 10071
f 10472 10068 10069
f 10470 10066 10067
f 10469 10468 10064
f 10466 10062 10063
f 10464 10060 10061
f 10473 10069 10070
f 10472 10471 10067
f 10470 10469 10065
f 10467 10063 10064
f 9933 10059 10463
f 10463 10450 10054
f 10450 10437 10049
f 10437 10424 10045
f 10045 10424 10411
f 10041 10411 10398
f 10037 10398 10385
f 10385 10372 10029
f 10029 10372 10359
f 10359 10346 10021
f 10346 10332 10017
f 10332 10319 10013
f 10013 10319 10306
f 10009 10306 10293
f 10005 10293 10280
f 10280 10267 9997
f 9997 10267 10254
f 10254 10241 9989
f 10241 10228 9985
f 10228 10215 9981
f 9981 10215 10202
f 9977 10202 10189
f 9973 10189 10176
f 10176 10163 9965
f 9965 10163 10150
f 10150 10137 9957
f 10137 10124 9953
f 10124 10111 9949
f 9949 10111 10098
f 9945 10098 10085
f 9941 10085 10072
f 10072 10059 9933