# https://github.com/mikedh/trimesh
v -0.06303933 0.06614961 -1.51144803
v -0.06420940 0.07010119 -1.51010704
v -0.06400741 0.07088005 -1.51154912
v -0.06299752 0.06676755 -1.51264036
v -0.05341527 0.07876396 -1.51076376
v -0.05699728 0.07916179 -1.51434791
v -0.05699652 0.07895193 -1.51730931
v -0.05416335 0.07894370 -1.51682663
v -0.00124356 0.03367659 -1.47705877
v 0.00382830 0.01954198 -1.47657740
v 0.00082763 0.01885972 -1.46824574
v -0.00425098 0.03180843 -1.46683741
v -0.02237923 0.04825179 -1.44413805
v -0.01775397 0.04382047 -1.45171499
v -0.01261020 0.04270360 -1.44180703
v -0.02262582 0.05046000 -1.43697321
v -0.14429343 0.04848788 -1.57801747
v -0.13936454 0.05588089 -1.57552814
v -0.14304586 0.05383609 -1.56967950
v -0.05882299 -0.05145197 -1.52182627
v -0.05975221 -0.05554796 -1.52126884
v -0.05982225 -0.05606033 -1.52276945
v -0.05908218 -0.05133156 -1.52302361
v -0.04887054 -0.06317040 -1.52322376
v -0.05243337 -0.06332216 -1.52684486
v -0.05239896 -0.06297584 -1.52977359
v -0.04959969 -0.06237497 -1.52924883
v -0.14673424 0.04681892 -1.57151890
v -0.04158999 0.10002103 -1.52986598
v -0.04048551 0.09969405 -1.52703810
v -0.04249579 0.09965865 -1.52563202
v -0.04336136 0.09985618 -1.52799833
v -0.04419042 0.09405074 -1.51183760
v -0.04214814 0.09479248 -1.51934266
v -0.04127806 0.09637176 -1.52177572
v -0.04221388 0.09621321 -1.51949120
v -0.04801666 0.09271974 -1.50175416
v -0.04842722 0.09180340 -1.50251317
v -0.04628161 0.09385370 -1.50674987
v -0.04562822 0.09487993 -1.50625122
v -0.07189599 0.07609698 -1.48545122
v -0.06985059 0.07895157 -1.48741651
v -0.06870732 0.07920884 -1.48492301
v -0.07023365 0.07448965 -1.48398352
v -0.06914503 0.07172979 -1.48573208
v -0.06502668 0.07616004 -1.48446560
v -0.06405561 0.07608031 -1.48762834
v -0.06735660 0.07249446 -1.48817694
v -0.05510730 0.09556963 -1.54122365
v -0.05571523 0.09542190 -1.53773952
v -0.05800506 0.09358478 -1.53740668
v -0.05769317 0.09355466 -1.54062998
v -0.04852570 0.07887769 -1.50947487
v -0.05085467 0.07687295 -1.50325346
v -0.04738098 0.08339449 -1.50707674
v -0.04682610 0.08401448 -1.50954318
v -0.04846475 0.09290142 -1.53044391
v -0.04507912 0.09389384 -1.53092921
v -0.04406670 0.09426660 -1.52853942
v -0.04674753 0.09300055 -1.52739787
v -0.04035464 0.09660481 -1.53166974
v -0.03915935 0.09645487 -1.52859282
v -0.07302398 0.07536302 -1.49473214
v -0.07368961 0.07480586 -1.49863863
v -0.07227890 0.07544116 -1.49995255
v -0.07098776 0.07572541 -1.49882174
v -0.05689474 0.07758173 -1.51077366
v -0.05839437 0.07955138 -1.51518047
v -0.05381695 0.08780588 -1.49221492
v -0.05465417 0.08797040 -1.49409461
v -0.05100782 0.09039830 -1.49770463
v -0.04990400 0.09053064 -1.49607551
v -0.05629770 0.08518182 -1.49731994
v -0.05261926 0.08760843 -1.49921322
v -0.05083140 0.08876963 -1.49954450
v -0.05302439 0.08750957 -1.49770939
v -0.04872876 0.09605010 -1.53341186
v -0.05315054 0.09412347 -1.53608727
v -0.05343304 0.09503300 -1.53551233
v -0.04892199 0.09689114 -1.53260362
v -0.04633848 0.08709940 -1.52118039
v -0.04766204 0.08621427 -1.52627742
v -0.04791946 0.08510296 -1.52583432
v -0.04666238 0.08595502 -1.52122474
v -0.04233147 0.09627340 -1.52954865
v -0.04148846 0.09634314 -1.52667189
v -0.04301822 0.09450291 -1.52591598
v -0.05973193 0.08215569 -1.52987850
v -0.05863020 0.08308390 -1.53065467
v -0.05821920 0.08337517 -1.52895308
v -0.05920764 0.08273119 -1.52767766
v -0.06531814 0.07871529 -1.48366141
v -0.05707494 0.07397904 -1.49502110
v -0.05554701 0.07578249 -1.49528790
v -0.05248758 0.07902653 -1.49879289
v -0.05217048 0.07783882 -1.50012589
v -0.07360247 0.07213259 -1.48788631
v -0.07382850 0.07511884 -1.48779738
v -0.07289089 0.07567806 -1.48637152
v -0.07231990 0.07263693 -1.48600364
v -0.05827123 0.08575827 -1.53370869
v -0.05620025 0.08821268 -1.53275418
v -0.05685681 0.08611333 -1.53209305
v -0.05856198 0.08452663 -1.53253341
v -0.04388983 0.09334336 -1.51756001
v -0.04528769 0.09294493 -1.52433872
v -0.04991542 0.09155942 -1.50902820
v -0.04692947 0.09160681 -1.50904691
v -0.04866802 0.09060688 -1.50502491
v -0.00000508 -0.02019513 -1.48062563
v 0.00472524 -0.00593672 -1.47878349
v 0.00127764 -0.00621531 -1.47001743
v -0.00319447 -0.01933339 -1.46959865
v -0.05149456 0.09059765 -1.50526357
v -0.04935724 0.09217096 -1.51714551
v -0.04597119 0.09253833 -1.51668823
v -0.04371979 0.09713883 -1.52519274
v -0.04361516 0.09657219 -1.51909709
v -0.04283043 0.09679563 -1.52578568
v -0.04938154 0.08441582 -1.52967787
v -0.04505447 0.08526085 -1.53246784
v -0.04451136 0.08391500 -1.52597010
v -0.04842386 0.08447509 -1.52730334
v -0.07193113 0.07654367 -1.50384343
v -0.07049721 0.07809536 -1.50583756
v -0.06913363 0.07673327 -1.50359058
v -0.06951349 0.07563206 -1.50141621
v -0.05394604 0.07945269 -1.49691534
v -0.05636836 0.07640427 -1.49419177
v -0.05712903 0.07682485 -1.49360538
v -0.05548022 0.07970370 -1.49528801
v -0.05393417 0.09081938 -1.53352690
v -0.05341038 0.09043946 -1.52843940
v -0.05490629 0.08867657 -1.52866411
v -0.06429954 0.08131853 -1.49955320
v -0.06237445 0.08220197 -1.50089729
v -0.06078902 0.08306371 -1.49754477
v -0.06251307 0.08215050 -1.49548376
v -0.05989578 0.08333378 -1.48655295
v -0.05911240 0.08089855 -1.48653376
v -0.06238274 0.07847978 -1.48492205
v -0.06282371 0.08099161 -1.48459864
v -0.07036491 0.07566743 -1.50035512
v -0.07192111 0.07581012 -1.50143480
v -0.04430632 0.08899048 -1.52099538
v -0.04608339 0.08850820 -1.52725422
v -0.04903566 0.09194918 -1.52603209
v -0.04790377 0.09225722 -1.52341151
v -0.06526423 0.08019681 -1.51575208
v -0.06398035 0.07781750 -1.51651096
v -0.06407763 0.07771986 -1.51577151
v -0.06553759 0.08066636 -1.51422346
v -0.06666291 0.08071534 -1.51583910
v -0.06688513 0.08105033 -1.51407814
v -0.06807162 0.08065705 -1.51399708
v -0.06814572 0.08035294 -1.51499259
v -0.06351724 0.07697354 -1.51685226
v -0.06380663 0.07725650 -1.51656246
v -0.06345966 0.07761233 -1.51706207
v -0.05107848 0.08172562 -1.51864409
v -0.05012973 0.08209931 -1.51059842
v -0.05112164 0.08025832 -1.51062775
v -0.05238311 0.07983385 -1.51766598
v -0.04527639 0.09266510 -1.50986409
v -0.06215255 0.08989662 -1.53751743
v -0.06194973 0.08861446 -1.53982878
v -0.05757019 0.09169227 -1.54272568
v -0.05981054 0.07682955 -1.50245416
v -0.06272273 0.07962444 -1.50324225
v -0.06453385 0.07823330 -1.50316930
v -0.06163421 0.07644882 -1.50231528
v -0.06622308 0.07654241 -1.50754833
v -0.06708862 0.07426487 -1.50442338
v -0.06778028 0.07853852 -1.50580680
v -0.06631753 0.08101315 -1.52174664
v -0.06397434 0.07921591 -1.51789570
v -0.06548005 0.08001597 -1.51697254
v -0.06673481 0.08050940 -1.51731980
v -0.04674519 0.09274383 -1.50088382
v -0.04405509 0.09477591 -1.50566185
v -0.04249010 0.09311280 -1.50566304
v -0.04523448 0.09109872 -1.50038767
v -0.07494105 0.07316902 -1.49150765
v -0.07180928 0.07007716 -1.48928428
v -0.07527523 0.07293568 -1.49468613
v -0.04640973 0.09955742 -1.53707933
v -0.04570519 0.09649786 -1.53954959
v -0.04348801 0.09669589 -1.53703332
v -0.04439387 0.09999397 -1.53477538
v -0.05754536 0.07821236 -1.52271199
v -0.05813627 0.07820709 -1.52069426
v -0.05940307 0.07854509 -1.52227867
v -0.05908158 0.07840648 -1.52403593
v -0.01800932 0.05761627 -1.48826945
v -0.03656964 0.06564116 -1.48904014
v -0.02787509 0.07071894 -1.50030196
v -0.01191728 0.06405028 -1.49871981
v -0.06045225 0.08446508 -1.48937845
v -0.06314261 0.08326566 -1.48749483
v -0.06677996 0.08268750 -1.52921319
v -0.06809366 0.08250423 -1.53131819
v -0.06611518 0.08397520 -1.53631401
v -0.06631987 0.08426401 -1.53308368
v -0.03844086 0.09618653 -1.52056789
v -0.04012283 0.09882285 -1.51975679
v -0.05976556 0.08519746 -1.53434777
v -0.05641427 0.08906703 -1.53710198
v -0.05761258 0.08672912 -1.53493369
v -0.05951308 0.08482438 -1.53390312
v -0.06195706 0.08389160 -1.52612877
v -0.06222659 0.08464234 -1.52753031
v -0.06198629 0.08288717 -1.52840137
v -0.06189889 0.08182535 -1.52724910
v -0.06886104 0.08265149 -1.53615308
v -0.06507969 0.08470347 -1.54029059
v -0.05801645 0.07235900 -1.49504066
v -0.06450562 0.08414939 -1.52784920
v -0.06459675 0.08517949 -1.53023148
v -0.06234365 0.08565741 -1.52892864
v -0.01948876 -0.03785934 -1.44795573
v -0.01542713 -0.03305081 -1.45513511
v -0.00971577 -0.03137675 -1.44497609
v -0.01916407 -0.04004478 -1.44087827
v -0.07564212 0.07428581 -1.49972546
v -0.07350929 0.07522582 -1.50108445
v -0.05970966 0.08405209 -1.53295231
v -0.05979340 0.08323254 -1.53201485
v -0.06063903 0.08138090 -1.52837300
v -0.05933134 0.08180877 -1.52625179
v -0.05246382 0.08774096 -1.51887107
v -0.05181343 0.08889954 -1.51025701
v -0.04236187 0.07314330 -1.50130558
v -0.05764099 0.06800200 -1.48933530
v -0.06178797 0.08178315 -1.52898133
v -0.06153875 0.08170984 -1.52925396
v -0.06123796 0.08087690 -1.52835178
v -0.06157188 0.08079870 -1.52783549
v -0.06559539 0.08187795 -1.48601305
v -0.05473209 0.08697039 -1.52534997
v -0.05671834 0.08366908 -1.52390993
v -0.05745908 0.08466123 -1.52599084
v -0.04519286 0.09560648 -1.51115680
v -0.04382882 0.09750859 -1.51877213
v -0.04231035 0.09900419 -1.51905787
v -0.04392698 0.09689308 -1.51069629
v -0.07072690 0.07052587 -1.48738718
v -0.05732786 0.07822239 -1.52002859
v -0.05816002 0.07930931 -1.51816487
v -0.05877011 0.07933404 -1.52523255
v -0.06060922 0.07968030 -1.52701092
v -0.07372866 0.07586544 -1.50421727
v -0.04481740 0.09561782 -1.53378987
v -0.04352480 0.09604380 -1.53166747
v -0.04622747 0.09387862 -1.53254688
v -0.04775525 0.09361380 -1.53390098
v -0.05076150 0.09291282 -1.53588760
v -0.05110905 0.09312011 -1.53756273
v -0.04670076 0.09491590 -1.53563142
v -0.05814636 0.08260111 -1.52507889
v -0.05859344 0.08377731 -1.52668297
v -0.06573990 0.08063648 -1.49848533
v -0.06526878 0.08079020 -1.49237633
v -0.05116072 0.08909537 -1.50195074
v -0.05397849 0.08889675 -1.50293934
v -0.04135341 0.09103770 -1.51154804
v -0.04019493 0.09185854 -1.52068841
v -0.04245837 0.09036794 -1.52082694
v -0.04278456 0.08985315 -1.51198721
v -0.04644183 0.08450114 -1.51544213
v -0.04658734 0.08134855 -1.51636827
v -0.06854346 0.08002675 -1.51620615
v -0.07007116 0.07969943 -1.52002084
v -0.05880879 0.07883267 -1.52477002
v -0.06054634 0.07926530 -1.52630615
v -0.05123520 0.08380090 -1.49884450
v -0.05887217 0.07885262 -1.49258220
v -0.05306108 0.08348832 -1.49673581
v -0.06094223 0.07477361 -1.49241281
v -0.06328454 0.07432232 -1.49174070
v -0.06165664 0.07681938 -1.49123502
v -0.05706660 0.08541619 -1.49920118
v -0.05438963 0.08739947 -1.50005066
v -0.06293344 0.07651912 -1.51644230
v -0.06182527 0.07493468 -1.51492369
v -0.06349017 0.07552971 -1.51645589
v -0.05127167 0.09076044 -1.51780152
v -0.05150109 0.09086456 -1.50966763
v -0.06176079 0.08454000 -1.52954388
v -0.06194351 0.08202563 -1.52010822
v -0.06363612 0.08319277 -1.52356660
v -0.06202097 0.08830249 -1.53247273
v -0.06150173 0.08647890 -1.53116226
v -0.06160057 0.08565747 -1.53022349
v -0.06236036 0.08678289 -1.53082013
v -0.06371659 0.06878385 -1.50777912
v -0.06539253 0.07182019 -1.50571465
v -0.06540044 0.07371283 -1.50878608
v -0.05273803 0.09204006 -1.53724051
v -0.05172584 0.09224708 -1.53510690
v -0.04426303 0.09004145 -1.52756453
v -0.05765159 0.08400324 -1.53068328
v -0.05683303 0.08434534 -1.52901506
v -0.04956348 0.08788963 -1.54098463
v -0.05329202 0.08684264 -1.53948951
v -0.05457249 0.08684221 -1.53986621
v -0.05385809 0.08808243 -1.54378104
v -0.06637865 0.07320761 -1.48956990
v -0.06374259 0.07592237 -1.48914051
v -0.06329028 0.07585551 -1.49041355
v -0.06513463 0.07378232 -1.49074984
v -0.06521749 0.07757778 -1.50290453
v -0.06265837 0.07621083 -1.50199318
v -0.04836605 0.09060267 -1.50284123
v -0.04944423 0.08969568 -1.50231159
v -0.04703950 0.09135544 -1.50585961
v -0.04611684 0.09246360 -1.50685382
v -0.05502242 0.07920749 -1.52336550
v -0.05544107 0.07849952 -1.52239072
v -0.05274194 0.08622716 -1.53368258
v -0.05120415 0.08871180 -1.53562617
v -0.05437301 0.08789794 -1.53883362
v -0.05488052 0.08615510 -1.53693485
v -0.04193684 0.09153339 -1.52816856
v -0.05723763 0.08420348 -1.52775967
v -0.05612470 0.08489425 -1.52781498
v -0.05774339 0.08387032 -1.52822709
v -0.06169584 0.08104155 -1.52633488
v -0.06151301 0.08318091 -1.52498579
v -0.06059949 0.08768241 -1.53263974
v -0.05729935 0.09168656 -1.53562641
v -0.05712435 0.09072706 -1.53570354
v -0.06035151 0.08715485 -1.53343284
v -0.06073092 0.08228824 -1.53076315
v 0.01111766 0.02184812 -1.48432910
v 0.01837774 0.02466653 -1.49241388
v -0.14186065 -0.02758054 -1.58458900
v -0.13620001 -0.03463206 -1.58309186
v -0.14021470 -0.03403220 -1.57728934
v -0.14446160 -0.02712285 -1.57793975
v -0.06188653 0.08665971 -1.53995979
v -0.05790984 0.08771934 -1.54123056
v -0.05757588 0.08875410 -1.54217672
v -0.06096031 0.08725937 -1.54074121
v -0.04840160 0.09327609 -1.53288209
v -0.04360567 0.09683872 -1.52841568
v -0.05990678 0.08041074 -1.51670945
v -0.06026928 0.07691383 -1.51419902
v -0.06147516 0.06669317 -1.51376414
v -0.06146073 0.06715437 -1.51496410
v -0.06027135 0.06766477 -1.51454663
v -0.06006423 0.06718226 -1.51312208
v -0.06017004 0.06958169 -1.50829124
v -0.06163047 0.07219669 -1.50725579
v -0.06314266 0.07126684 -1.50546038
v -0.06104825 0.06873089 -1.50654769
v -0.06119297 0.06584672 -1.51065016
v -0.06142616 0.06625227 -1.51232290
v -0.05989859 0.06682961 -1.51144004
v -0.05942389 0.06645418 -1.50978708
v -0.05485972 0.09138273 -1.53758395
v -0.05315302 0.09321496 -1.53712797
v -0.04477752 0.09809145 -1.52724779
v -0.04394801 0.09803036 -1.52511501
v -0.04613458 0.09654578 -1.53262973
v -0.04485068 0.09678667 -1.53051841
v -0.07040142 0.07873772 -1.50850713
v -0.06863086 0.07979887 -1.50835204
v -0.06879793 0.07917769 -1.50690293
v -0.04460660 0.09963840 -1.53035736
v -0.04290125 0.10010166 -1.53219998
v -0.07367736 0.07565722 -1.49146116
v -0.07459008 0.07452288 -1.49010110
v -0.08281861 0.04499764 -1.42394876
v -0.07270034 0.05480954 -1.42950714
v -0.07121916 0.05411291 -1.41948974
v -0.08080049 0.04453368 -1.41371894
v -0.06344475 0.08822165 -1.53529823
v -0.06345835 0.08717612 -1.53782058
v -0.06244928 0.06578266 -1.50931346
v -0.06111897 0.06556875 -1.50846374
v -0.06234025 0.06822008 -1.50671029
v -0.06384073 0.07143985 -1.51300216
v -0.06289969 0.06730048 -1.51384330
v -0.05993170 0.07001536 -1.51000440
v -0.06089069 0.07135300 -1.51499152
v -0.06228594 0.07177936 -1.51631308
v -0.06585501 0.07322390 -1.50214410
v -0.06384605 0.07467687 -1.50149381
v -0.06714961 0.07617214 -1.50159335
v -0.05967274 0.06627690 -1.50781083
v -0.05711488 0.07922199 -1.52440536
v -0.06044129 0.07316528 -1.51049364
v -0.05900521 0.07568856 -1.50775826
v -0.06003694 0.07513767 -1.50573587
v -0.06062771 0.07271980 -1.50854027
v -0.05909976 0.08356922 -1.49668097
v -0.05909089 0.08396190 -1.49862194
v -0.05781083 0.07749584 -1.50283623
v -0.05978285 0.08087445 -1.50293410
v -0.05911469 0.08011555 -1.51974714
v -0.06058681 0.08182561 -1.52269912
v -0.06275945 0.07708041 -1.51666760
v -0.06086657 0.07395144 -1.51261604
v -0.05896790 0.07615201 -1.51018834
v -0.06355178 0.07178194 -1.51423430
v -0.06439914 0.07557089 -1.51391530
v -0.06413682 0.07540073 -1.51493239
v -0.06322753 0.07186483 -1.51524067
v -0.05573139 0.08697905 -1.52869916
v -0.06490737 0.08562255 -1.53582525
v -0.06429181 0.08670658 -1.53286302
v -0.03705913 0.08934972 -1.54397607
v -0.03290263 0.08677489 -1.53591561
v -0.04602059 0.08713719 -1.53766537
v -0.06008225 0.07036988 -1.51168776
v -0.06162643 0.06788149 -1.51588523
v -0.06256336 0.06832904 -1.51552701
v -0.05109163 0.08962061 -1.49897528
v -0.06749722 0.07692023 -1.50102293
v -0.06112954 0.07963489 -1.52475631
v -0.04320205 0.08982825 -1.50654697
v -0.04569492 0.08810914 -1.50152087
v -0.06060932 0.07909822 -1.52581990
v -0.06112807 0.07992227 -1.52694893
v -0.06307518 0.07553965 -1.50150752
v -0.06619616 0.07703292 -1.50211477
v -0.06132094 0.08018011 -1.52740645
v -0.06733097 0.07941545 -1.50775611
v -0.05028890 0.09204354 -1.52763343
v -0.05853591 0.07961079 -1.48900175
v -0.06157146 0.07763499 -1.48799682
v -0.06284767 0.06787075 -1.51479387
v -0.06381243 0.07063724 -1.50593209
v -0.06036353 0.07092277 -1.51334667
v -0.06521676 0.07803370 -1.51147318
v -0.06604906 0.07741568 -1.50947309
v -0.06682229 0.08001140 -1.50997424
v -0.05796326 0.08228493 -1.50325227
v -0.05513612 0.07825808 -1.50425506
v -0.05293862 0.07967263 -1.50485253
v -0.05629817 0.08418509 -1.50377083
v -0.04854053 0.08627823 -1.49720740
v -0.05218587 0.08413883 -1.49333322
v -0.05252104 0.08624751 -1.49157119
v -0.04855140 0.08892715 -1.49556255
v -0.02710408 0.09090354 -1.55803335
v -0.04339253 0.09095489 -1.54993856
v -0.03793814 0.09295241 -1.56552958
v -0.04611609 0.09154771 -1.53663683
v -0.04457895 0.09153829 -1.53407288
v -0.04181578 0.09658065 -1.53448820
v -0.05968375 0.08668786 -1.54261184
v -0.05623162 0.08671494 -1.53997135
v -0.05819515 0.08697256 -1.54076159
v -0.04038278 0.09455678 -1.51091790
v -0.06681302 0.08173452 -1.52558649
v -0.06429806 0.08352008 -1.52569723
v -0.05025651 0.08301473 -1.49996519
v -0.05862498 0.08444165 -1.50182629
v -0.05652831 0.08674533 -1.50211203
v -0.05311307 0.09693645 -1.53738403
v -0.05549125 0.09354322 -1.53616047
v -0.10522059 0.01141786 -1.41279638
v -0.10007711 0.01086857 -1.40543127
v -0.16596986 0.01336695 -1.52625012
v -0.16457096 0.01482347 -1.52579069
v -0.16344173 0.01377654 -1.52792430
v -0.16409823 0.01311202 -1.52790809
v -0.16516578 0.01295654 -1.51701367
v -0.16388360 0.01250545 -1.51863134
v -0.16297796 0.01347113 -1.51815915
v -0.16425103 0.01419464 -1.51677048
v -0.16315997 0.01070083 -1.52765548
v -0.16589603 0.00893016 -1.52531314
v -0.16729297 0.01057234 -1.52631092
v -0.16396683 0.01183571 -1.52824736
v -0.05200677 0.09731204 -1.54065263
v -0.16502792 0.01626445 -1.51632249
v -0.16366053 0.01544360 -1.51821721
v -0.16551663 0.01612566 -1.51874423
v -0.16681975 0.01761974 -1.51730335
v -0.17288530 0.00902378 -1.51853979
v -0.17294338 0.01023993 -1.52042174
v -0.17058963 0.00914549 -1.51972020
v -0.17041358 0.00900203 -1.51777995
v -0.17233495 0.01200833 -1.52085423
v -0.17423488 0.01373112 -1.52032781
v -0.17268437 0.01545953 -1.51986456
v -0.17093423 0.01344974 -1.52039587
v -0.16549774 0.00911960 -1.52165186
v -0.16708834 0.01027294 -1.51971579
v -0.16907918 0.00833304 -1.52211857
v -0.16355103 0.01664261 -1.52109790
v -0.16212505 0.01527237 -1.52008533
v -0.16129376 0.01453092 -1.52389216
v -0.16217981 0.01581692 -1.52446723
v -0.08640689 0.04826163 -1.44073665
v -0.07358661 0.05641893 -1.44295835
v -0.14567050 0.04077483 -1.53515363
v -0.14701542 0.03984167 -1.53263652
v -0.14748940 0.03576470 -1.53408384
v -0.14638755 0.03684861 -1.53632390
v -0.06746531 0.08095440 -1.51206708
v -0.06856533 0.08047932 -1.51322734
v -0.04326313 0.09123766 -1.53126216
v -0.04808678 0.09581699 -1.53422129
v -0.04813734 0.09158286 -1.53866446
v -0.05282598 0.09052467 -1.54101467
v -0.05354885 0.08893248 -1.53982377
v -0.04980455 0.08985465 -1.53715205
v -0.04787853 0.09897091 -1.53403759
v -0.06787981 0.07788510 -1.49969852
v -0.05308453 0.08924934 -1.52436876
v -0.05525643 0.08968141 -1.54183364
v -0.05467886 0.09323639 -1.54313123
v -0.04510843 0.09463570 -1.51122653
v -0.04613918 0.09942782 -1.53244448
v -0.04727908 0.09747697 -1.53123927
v -0.06136328 0.08994138 -1.53439164
v -0.05082283 0.08146857 -1.50738335
v -0.05314335 0.08786445 -1.50676513
v -0.05472236 0.08615372 -1.50452256
v -0.03588105 -0.08057976 -1.54589331
v -0.03474560 -0.08078021 -1.54306006
v -0.03672723 -0.08105737 -1.54167199
v -0.03765188 -0.08078758 -1.54427409
v -0.03880359 -0.07775835 -1.52727211
v -0.03674699 -0.07713749 -1.53478611
v -0.03557733 -0.07817642 -1.53716850
v -0.03676283 -0.07859316 -1.53512371
v -0.05192669 0.08071231 -1.50561333
v -0.05615061 0.07830726 -1.52135694
v -0.07601488 0.07577615 -1.50500083
v -0.06196095 0.08273596 -1.49254775
v -0.04266411 -0.07854163 -1.51715040
v -0.04313918 -0.07758299 -1.51753771
v -0.04098995 -0.07870325 -1.52222383
v -0.04018357 -0.07974324 -1.52187145
v -0.05953141 0.08387280 -1.49318373
v 0.00485650 0.03810858 -1.48555028
v 0.01157320 0.04249361 -1.49336302
v -0.04191580 0.09663492 -1.51064730
v -0.05394283 0.09125823 -1.53693700
v -0.06670196 0.07969443 -1.49895096
v -0.06788842 0.07863537 -1.49326253
v -0.06962887 0.07730788 -1.49392879
v -0.05643347 0.08470831 -1.52829063
v -0.05005198 0.08251832 -1.50124359
v -0.04887388 0.08282974 -1.50354004
v -0.06063970 0.06807235 -1.51522446
v -0.05285371 0.08364981 -1.49527001
v -0.05871625 0.07935742 -1.49084425
v -0.06031635 0.06070972 -1.44632816
v -0.04539479 0.05876387 -1.44938612
v -0.06686692 -0.06537507 -1.49755645
v -0.06468093 -0.06777754 -1.49987149
v -0.06361088 -0.06844024 -1.49755335
v -0.06548825 -0.06410448 -1.49587882
v -0.04603798 0.05904138 -1.43887043
v -0.05988858 0.06002064 -1.43437362
v -0.07387502 0.07853867 -1.51877201
v -0.07177468 0.07829520 -1.51136041
v -0.07374282 0.07750428 -1.51049793
v -0.10260144 0.02474215 -1.42200243
v -0.09666936 0.02162413 -1.40983677
v -0.07992399 0.07595040 -1.50611353
v -0.09043890 0.07557105 -1.50617874
v -0.08960059 0.07854458 -1.52153933
v -0.07986946 0.07771280 -1.51558590
v -0.12246126 0.06849833 -1.55633450
v -0.11790057 0.07060032 -1.55660820
v -0.11876002 0.07034457 -1.54672146
v -0.12229229 0.06813669 -1.54875755
v -0.13246261 0.03443935 -1.61903739
v -0.13413559 0.02419464 -1.62077308
v -0.12747867 0.02536790 -1.62817228
v -0.12539507 0.03567619 -1.62622368
v 0.01664212 0.04483940 -1.50103617
v 0.02210191 0.04703046 -1.51096511
v 0.03014550 0.02819493 -1.50847208
v 0.02387729 0.02620176 -1.49907207
v -0.10194580 0.03825920 -1.64191484
v -0.10420880 0.02769499 -1.64484644
v -0.09353977 0.02845416 -1.64894676
v -0.06469052 -0.06109232 -1.49698520
v -0.06024675 -0.06529088 -1.49642432
v -0.05935032 -0.06464394 -1.49953377
v -0.06293134 -0.06131263 -1.49949074
v -0.09161800 0.03907637 -1.64573526
v -0.13718915 0.05916115 -1.52982068
v -0.13770598 0.06064538 -1.52329218
v -0.14136839 0.05674171 -1.52346015
v -0.14004564 0.05569531 -1.53003287
v -0.07099268 0.07819200 -1.48895967
v -0.07211511 0.07721432 -1.49002731
v -0.04970030 -0.07516952 -1.55610001
v -0.05032471 -0.07566903 -1.55288255
v -0.05270604 -0.07391722 -1.55206561
v -0.05248751 -0.07332738 -1.55548656
v -0.04355169 -0.06302142 -1.52172542
v -0.04611167 -0.06169407 -1.51551521
v -0.04231328 -0.06790155 -1.52042973
v -0.04146111 -0.06798048 -1.52296770
v -0.08122787 0.02921177 -1.65196609
v -0.07968341 0.04000248 -1.64846444
v -0.15139005 0.01905882 -1.54463243
v -0.04315059 -0.07364215 -1.54553413
v -0.03960250 -0.07440810 -1.54614675
v -0.03854376 -0.07507222 -1.54382753
v -0.04129472 -0.07415733 -1.54229426
v -0.03476647 -0.07677381 -1.54722297
v -0.03371572 -0.07712577 -1.54414606
v -0.06841154 -0.06345322 -1.50675249
v -0.06902134 -0.06231678 -1.51055539
v -0.06761963 -0.06264564 -1.51217604
v -0.06626966 -0.06307765 -1.51085067
v -0.05238622 -0.06230251 -1.52309895
v -0.05372415 -0.06402331 -1.52775693
v -0.04853597 -0.07534377 -1.50659323
v -0.04929679 -0.07515144 -1.50872362
v -0.04566938 -0.07695784 -1.51260352
v -0.04455939 -0.07717444 -1.51124287
v -0.14859048 0.01976292 -1.54631186
v -0.14756265 0.02326142 -1.54274035
v -0.14991607 0.02257935 -1.54085374
v -0.14849398 0.01899099 -1.59476399
v -0.14566641 0.02077070 -1.60202718
v -0.14454663 0.02975162 -1.60105991
v -0.14772432 0.02730727 -1.59380817
v -0.14693198 0.02753957 -1.53982019
v -0.14843777 0.02642653 -1.53803706
v -0.12042195 0.02616522 -1.63464892
v -0.11825243 0.03660100 -1.63220859
v -0.02809438 0.04077730 -1.64984167
v -0.05100344 -0.07209654 -1.51107693
v -0.04733700 -0.07413042 -1.51350105
v -0.04555410 -0.07509819 -1.51421416
v -0.04774968 -0.07423022 -1.51199651
v -0.03683969 0.04092350 -1.65052295
v -0.03576099 0.02997777 -1.65402400
v -0.04329463 -0.07650736 -1.54865289
v -0.04779804 -0.07447585 -1.55082142
v -0.04811585 -0.07559469 -1.55037344
v -0.04353032 -0.07763425 -1.54796720
v -0.02305852 0.03131163 -1.65212822
v -0.01869942 0.07733869 -1.51617539
v -0.03445941 0.08013859 -1.51556683
v -0.03179789 0.08366029 -1.52712512
v -0.01437792 0.08269089 -1.53144968
v -0.09610416 0.03523630 -1.42903507
v -0.09039599 0.03305046 -1.41629839
v -0.04084940 -0.06917337 -1.53489041
v -0.04257949 -0.06753322 -1.53978896
v -0.04289934 -0.06656701 -1.53920710
v -0.04138514 -0.06801352 -1.53476810
v -0.03674892 -0.07679926 -1.54508173
v -0.03584144 -0.07727347 -1.54224563
v -0.03744874 -0.07570704 -1.54101849
v -0.05484217 -0.06382664 -1.54287469
v -0.05341117 -0.06451334 -1.54378390
v -0.05314856 -0.06503789 -1.54212153
v -0.05427334 -0.06469927 -1.54101646
v -0.06037626 -0.06808527 -1.49634635
v -0.05282406 -0.06127606 -1.50702620
v -0.05112932 -0.06294776 -1.50753093
v -0.04791955 -0.06533994 -1.51165676
v -0.04755310 -0.06393314 -1.51258183
v -0.12720647 0.06390873 -1.57954121
v -0.12216697 0.06670614 -1.58423483
v -0.11939349 0.06918389 -1.57670903
v -0.12471332 0.06627132 -1.57298017
v -0.15281686 0.01612256 -1.58252382
v -0.15243377 0.02339694 -1.58184576
v -0.15354478 0.02093842 -1.57576263
v -0.15397519 0.01474768 -1.57612121
v -0.06921895 -0.06136065 -1.49893057
v -0.06906617 -0.06425813 -1.49949861
v -0.06789087 -0.06494811 -1.49829710
v -0.06764923 -0.06203801 -1.49727225
v -0.12348209 0.06743991 -1.54132605
v -0.12101454 0.06972440 -1.53747010
v -0.12630117 0.06801374 -1.52998233
v -0.12766671 0.06549217 -1.53468919
v -0.13399076 0.06191478 -1.53066742
v -0.05290138 -0.06666542 -1.54716110
v -0.05080696 -0.06903506 -1.54676378
v -0.05161140 -0.06704358 -1.54582703
v -0.05326849 -0.06563728 -1.54583406
v -0.13407138 0.06368634 -1.52440524
v -0.03859409 -0.07614645 -1.53283751
v -0.03992006 -0.07469595 -1.53950405
v -0.13965924 0.03227351 -1.60993385
v -0.14142510 0.02255388 -1.61162746
v -0.11756350 0.07027549 -1.56697667
v -0.12306383 0.06787942 -1.56467247
v -0.15356073 0.01641446 -1.54804683
v -0.15007859 0.01738177 -1.54927921
v -0.15186039 0.01510258 -1.55417895
v -0.04461817 -0.07635384 -1.52395904
v -0.04174504 -0.07625920 -1.52396464
v -0.04339251 -0.07595979 -1.51986742
v -0.04615944 -0.07608424 -1.52011895
v -0.15733941 0.01136634 -1.55441916
v -0.15561038 0.01167126 -1.55848503
v -0.15213749 0.01492442 -1.55785036
v -0.14136574 0.04521600 -1.59101796
v -0.13716218 0.04777942 -1.59761703
v -0.13204473 0.05530033 -1.59489071
v -0.13633986 0.05291538 -1.58876324
v -0.11062631 0.03743926 -1.63750529
v -0.04414109 -0.07544576 -1.53205013
v -0.04077344 -0.07573706 -1.53187919
v -0.11302082 0.02692471 -1.64017618
v -0.15377218 0.01305130 -1.56789601
v -0.15265965 0.01727334 -1.56747913
v -0.15184791 0.01604236 -1.56394601
v -0.03814619 -0.07857224 -1.54089427
v -0.03827515 -0.07910667 -1.53477561
v -0.03720618 -0.07805047 -1.54143620
v -0.04463594 -0.06532575 -1.54290235
v -0.04023801 -0.06520788 -1.54574525
v -0.03940582 -0.06481865 -1.53891647
v -0.04356774 -0.06568202 -1.54056430
v -0.15381730 0.01267858 -1.56447673
v -0.14804879 0.03103899 -1.53605652
v -0.14689809 0.03204643 -1.53781450
v -0.06737371 0.07060546 -1.49013901
v -0.06798681 0.07142807 -1.48892581
v -0.07542916 0.08115136 -1.53639793
v -0.07810993 0.07920893 -1.52621067
v -0.08755645 0.07995234 -1.53465176
v -0.08395559 0.08084299 -1.54744554
v -0.07976507 0.08477060 -1.55788636
v -0.07316683 0.08828191 -1.56635880
v -0.06725787 0.08689868 -1.55002654
v -0.07223974 0.08405362 -1.54460406
v -0.03349359 0.05430277 -1.44214034
v -0.03132145 0.05199939 -1.45157194
v -0.16017336 0.01110616 -1.55172551
v -0.16293842 0.01078173 -1.54904211
v 0.04736897 0.03333028 -1.54751611
v -0.06693614 -0.06320619 -1.51595795
v -0.06549779 -0.06441390 -1.51812959
v -0.06425592 -0.06327654 -1.51571131
v -0.06487335 -0.06259807 -1.51340151
v 0.04244881 0.03204999 -1.53487480
v 0.03409437 0.05180345 -1.53826380
v 0.03769132 0.05287467 -1.55079997
v -0.02367235 0.07353408 -1.50614786
v -0.04928041 -0.06618958 -1.50986969
v -0.05189195 -0.06379063 -1.50653410
v -0.05259083 -0.06434367 -1.50601566
v -0.05071598 -0.06692588 -1.50806880
v -0.03818952 0.07674549 -1.50783515
v -0.16665891 0.01532507 -1.52262366
v -0.16156876 0.01260298 -1.52718472
v -0.16121587 0.01249072 -1.52378440
v -0.16141993 0.01236736 -1.52647614
v -0.16878815 0.01497348 -1.51975334
v -0.17029205 0.01714135 -1.51898825
v -0.16164729 0.01296003 -1.52003074
v -0.16217431 0.01206928 -1.52028632
v -0.16145174 0.01172827 -1.52405775
v -0.16223407 0.01374490 -1.52754319
v -0.17512351 0.00600066 -1.51730502
v -0.17790377 0.00657161 -1.51873899
v -0.17685825 0.01052021 -1.51956189
v -0.17488697 0.00902040 -1.51811504
v -0.16282058 0.01040847 -1.52696776
v -0.16372608 0.00921872 -1.52475202
v -0.17111747 0.00969976 -1.52307653
v -0.16696844 0.01196979 -1.52625036
v -0.16410869 0.01251567 -1.52819109
v -0.17034312 0.01161919 -1.52351403
v -0.16788799 0.01025787 -1.51743424
v -0.16882148 0.01342361 -1.52328897
v -0.04860878 -0.07138647 -1.54809415
v -0.04810802 -0.07183059 -1.54300869
v -0.04955278 -0.07010943 -1.54276896
v -0.05913106 -0.06820459 -1.51255584
v -0.05715857 -0.06878722 -1.51399827
v -0.05554544 -0.07012998 -1.51078963
v -0.05731975 -0.06955921 -1.50887454
v -0.06043024 0.08291028 -1.50151730
v -0.08056365 0.05872991 -1.45938110
v -0.07386746 0.06399579 -1.47303116
v -0.06826738 0.06313983 -1.47248220
v -0.05481937 -0.07206131 -1.50029254
v -0.05425104 -0.06962591 -1.49981880
v -0.05757346 -0.06764438 -1.49779737
v -0.05778927 -0.07013372 -1.49781489
v -0.06562130 -0.06282579 -1.51236653
v -0.06727544 -0.06281798 -1.51344609
v -0.03886862 -0.07093207 -1.53542638
v -0.04079359 -0.06961109 -1.54131055
v -0.07141829 0.05971487 -1.45804894
v -0.05517761 0.08706108 -1.52726960
v -0.10126737 0.07850199 -1.58068252
v -0.09014986 0.08141680 -1.59131753
v -0.08031886 0.08662341 -1.57859862
v -0.04383535 -0.07350460 -1.54104221
v -0.04254356 -0.07415794 -1.53849769
v -0.08727912 0.08404297 -1.56831455
v -0.08107800 0.08264231 -1.59991241
v -0.07197900 0.08833970 -1.58832479
v -0.06374808 0.09105922 -1.57537639
v -0.05144589 0.09109536 -1.55387568
v -0.14010766 0.04972411 -1.54711485
v -0.14026912 0.04996169 -1.54683948
v -0.14155704 0.04842112 -1.54682302
v -0.06027284 -0.06460752 -1.52868176
v -0.05916635 -0.06205932 -1.52886307
v -0.05926306 -0.06206489 -1.52811778
v -0.06046762 -0.06531177 -1.52698994
v -0.14137232 0.04841349 -1.54683995
v -0.13946599 0.04922146 -1.54720461
v -0.14057612 0.04789944 -1.54694426
v -0.06164839 -0.06508571 -1.52858925
v -0.06185319 -0.06571159 -1.52713716
v -0.06309450 -0.06537571 -1.52700436
v -0.06318097 -0.06496365 -1.52770722
v -0.13852420 0.05015450 -1.54747474
v -0.13899678 0.05069062 -1.54715228
v -0.13915823 0.05092820 -1.54687703
v -0.14290288 0.03249619 -1.54944360
v -0.14217933 0.03320268 -1.54970872
v -0.14257494 0.03575114 -1.54877281
v -0.14365587 0.03504903 -1.54872108
v -0.14336263 0.03223953 -1.54941893
v -0.14411539 0.03495812 -1.54844010
v -0.05875250 -0.06113078 -1.52908623
v -0.05903082 -0.06149042 -1.52883863
v -0.05867278 -0.06177722 -1.52938044
v -0.04632933 -0.06490584 -1.53142369
v -0.04506793 -0.06639446 -1.52352548
v -0.04634718 -0.06460962 -1.52305079
v -0.04767772 -0.06293913 -1.53019404
v -0.13651101 0.03657094 -1.55073738
v -0.13638306 0.03609918 -1.55102468
v -0.03996686 -0.07690261 -1.52490211
v -0.13680270 0.03739028 -1.55041301
v -0.14040338 0.03091186 -1.55148864
v -0.14046547 0.03102323 -1.55245864
v -0.05676541 -0.07062078 -1.55149055
v -0.05674795 -0.06898210 -1.55359793
v -0.05222730 -0.07120433 -1.55709326
v -0.13652831 0.03587820 -1.55200851
v -0.13640276 0.03583901 -1.55128527
v -0.14054668 0.03116408 -1.55096841
v -0.05512691 -0.06326580 -1.51456296
v -0.05777459 -0.06593955 -1.51597118
v -0.05947072 -0.06461774 -1.51573455
v -0.05691598 -0.06293689 -1.51438165
v -0.06134652 -0.06237595 -1.51984453
v -0.06237751 -0.06065685 -1.51644838
v -0.06277172 -0.06474864 -1.51839519
v -0.06139882 -0.06443185 -1.53446531
v -0.05910098 -0.06322946 -1.53041792
v -0.06048613 -0.06425434 -1.52962255
v -0.06175757 -0.06462164 -1.53002357
v -0.04139265 -0.07851754 -1.51628017
v -0.03869101 -0.07959370 -1.52150416
v -0.03725678 -0.07791811 -1.52103388
v -0.04008048 -0.07693680 -1.51555932
v -0.14061579 0.02958855 -1.55081761
v -0.14028007 0.02874698 -1.55139303
v -0.07042742 -0.06189350 -1.50278711
v -0.06761350 -0.05900204 -1.49990571
v -0.07088246 -0.06108098 -1.50613332
v -0.04085661 -0.07930243 -1.55273545
v -0.04028385 -0.07569320 -1.55476606
v -0.03799450 -0.07614254 -1.55254340
v -0.03873354 -0.07993822 -1.55075550
v -0.05277754 -0.06121022 -1.53503084
v -0.05353322 -0.06163469 -1.53302515
v -0.05470550 -0.06173252 -1.53440034
v -0.05424340 -0.06122199 -1.53637421
v -0.14042605 0.02888152 -1.55259955
v -0.14445984 0.04008596 -1.54709768
v -0.14457557 0.04018240 -1.54609847
v -0.14467122 0.03548445 -1.54688263
v -0.14446825 0.03516889 -1.54790366
v -0.14429709 0.03992815 -1.54761374
v -0.14339781 0.04336462 -1.54722810
v -0.14360663 0.04339402 -1.54671621
v -0.14359085 0.04341486 -1.54573369
v -0.01530312 -0.04344108 -1.49524033
v -0.03322913 -0.05182960 -1.49761212
v -0.02429328 -0.05545571 -1.50994515
v -0.00851252 -0.04822400 -1.50745547
v -0.05519157 -0.07275615 -1.50312889
v -0.05788437 -0.07193190 -1.50111520
v -0.06204603 -0.06517250 -1.54207015
v -0.06303944 -0.06465946 -1.54391360
v -0.06103912 -0.06525280 -1.54928946
v -0.06122808 -0.06606600 -1.54613125
v -0.14430732 0.03226033 -1.54810464
v -0.14381653 0.03226904 -1.54888511
v -0.14365003 0.04338331 -1.54499340
v -0.14447151 0.04032454 -1.54536176
v -0.03287392 -0.07817607 -1.53618228
v -0.03435684 -0.08109616 -1.53574550
v -0.14462753 0.03561905 -1.54614091
v -0.14438462 0.03221413 -1.54760945
v -0.14349596 0.02956439 -1.54908729
v -0.14359163 0.03072072 -1.54925013
v -0.14432782 0.04030000 -1.54439354
v -0.14431226 0.04015509 -1.54366732
v -0.14476302 0.03535153 -1.54442644
v -0.14466138 0.03554171 -1.54516029
v -0.05451749 -0.06619877 -1.54772341
v -0.05127642 -0.06935959 -1.55140996
v -0.05246388 -0.06742117 -1.54872274
v -0.05426041 -0.06583528 -1.54723179
v -0.05696662 -0.06649409 -1.53941643
v -0.05723705 -0.06709278 -1.54090452
v -0.05710203 -0.06518114 -1.54153097
v -0.05704726 -0.06422307 -1.54024613
v -0.14334333 0.04336671 -1.54428506
v -0.14330962 0.04323645 -1.54331374
v -0.06397055 -0.06416462 -1.54871154
v -0.06012599 -0.06539843 -1.55331111
v -0.13746993 0.05210175 -1.54670727
v -0.13648158 0.05264193 -1.54700685
v -0.13665304 0.05261466 -1.54650187
v -0.05368705 -0.05925532 -1.50657368
v -0.13720287 0.05225182 -1.54623032
v -0.13433026 0.05500966 -1.54311705
v -0.13319650 0.05597842 -1.54438472
v -0.13197239 0.05760362 -1.54316187
v -0.05963486 -0.06668055 -1.54115462
v -0.05979372 -0.06743754 -1.54364550
v -0.05742599 -0.06792665 -1.54241502
v -0.07101901 -0.06161582 -1.51155984
v -0.06885483 -0.06229721 -1.51302564
v -0.05448589 -0.06520053 -1.54618835
v -0.05459908 -0.06457006 -1.54490948
v -0.05582500 -0.06344555 -1.54128838
v -0.05444874 -0.06411312 -1.53924346
v -0.13339753 0.05634081 -1.54213262
v -0.04740274 -0.07077485 -1.53293228
v -0.04656405 -0.07327273 -1.52456975
v -0.13071609 0.06394781 -1.53205860
v -0.13315296 0.05852562 -1.53882086
v -0.13102117 0.06002988 -1.53989792
v -0.13829887 0.05159973 -1.54666519
v -0.13922708 0.05090133 -1.54662693
v -0.13824101 0.05155151 -1.54716480
v -0.13725396 0.05201191 -1.54722369
v -0.13803670 0.05170025 -1.54594529
v -0.13911584 0.05098303 -1.54589462
v -0.14032698 0.05000992 -1.54633999
v -0.14029914 0.05001988 -1.54560483
v -0.14163670 0.04838112 -1.54559016
v -0.14163077 0.04834470 -1.54632998
v -0.14266950 0.04625254 -1.54637122
v -0.03788554 -0.05763060 -1.51230645
v -0.05308744 -0.05559228 -1.49939120
v -0.14244328 0.04659331 -1.54686093
v -0.14264166 0.04626251 -1.54563606
v -0.14143133 0.04844388 -1.54486752
v -0.14259082 0.04633667 -1.54489887
v -0.13999604 0.05003349 -1.54489410
v -0.13872933 0.05106838 -1.54518688
v -0.13761869 0.05186914 -1.54548061
v -0.13676900 0.05254536 -1.54575896
v -0.13610427 0.05306346 -1.54627657
v -0.13707609 0.05218861 -1.54477167
v -0.13633627 0.05282106 -1.54381478
v -0.13775547 0.05152184 -1.54352534
v -0.13832337 0.05124815 -1.54447472
v -0.13606676 0.05306873 -1.54505134
v -0.13521564 0.05388668 -1.54433811
v -0.05697177 -0.06390169 -1.54195189
v -0.05673611 -0.06373136 -1.54220772
v -0.05644837 -0.06303261 -1.54120600
v -0.05679739 -0.06311269 -1.54068851
v -0.13957575 0.05009239 -1.54419100
v -0.13921942 0.05017398 -1.54348075
v -0.14076245 0.04836866 -1.54321265
v -0.14115840 0.04845374 -1.54415441
v -0.06036848 -0.07087936 -1.49935126
v -0.04960961 -0.06896181 -1.53925097
v -0.05169503 -0.06628319 -1.53717279
v -0.05239955 -0.06686288 -1.53960347
v -0.14231789 0.04634652 -1.54418576
v -0.14202683 0.04637103 -1.54322755
v -0.03975845 -0.07944728 -1.52680361
v -0.03841715 -0.08010570 -1.53482699
v -0.03678841 -0.08147897 -1.53530657
v -0.03843191 -0.08064947 -1.52675390
v -0.14398086 0.03984492 -1.54764736
v -0.14279556 0.03957577 -1.54752517
v -0.14230308 0.04308418 -1.54709852
v -0.14312252 0.04336828 -1.54725254
v -0.14226215 0.04661589 -1.54687560
v -0.06642220 -0.05965612 -1.49833477
v -0.05278276 -0.06184129 -1.53236866
v -0.05349082 -0.06322286 -1.53067422
v -0.14149743 0.04601831 -1.54673684
v -0.14116587 0.04296237 -1.54696250
v -0.13687801 0.04153970 -1.54915738
v -0.13649349 0.04285734 -1.54886174
v -0.14045233 0.04563969 -1.54660904
v -0.05402363 -0.06182089 -1.53790629
v -0.05585956 -0.06204451 -1.53947580
v -0.14156851 0.03982078 -1.54761934
v -0.13705271 0.04000288 -1.54948604
v -0.14142442 0.03655097 -1.54857898
v -0.06901126 -0.06244706 -1.51621473
v -0.13698772 0.03851129 -1.54983318
v -0.14147499 0.03398050 -1.54972196
v -0.14305574 0.04234039 -1.55936158
v -0.14320540 0.04240134 -1.55958986
v -0.14278409 0.04684563 -1.55860555
v -0.14247069 0.04643710 -1.55841422
v 0.01195136 0.05986294 -1.51365459
v 0.01913816 0.06254356 -1.52739167
v 0.02823939 0.04958082 -1.52338839
v -0.14177144 0.04919344 -1.55584347
v -0.14128602 0.04924748 -1.55662048
v -0.14007781 0.05160080 -1.55485809
v -0.14026286 0.05133888 -1.55412138
v -0.14226529 0.04912007 -1.55482125
v -0.03930728 -0.07564218 -1.54895449
v -0.03793765 -0.07629230 -1.54715371
v -0.04079459 -0.07418345 -1.54774511
v -0.04234210 -0.07385568 -1.54881382
v -0.04534630 -0.07302310 -1.55070221
v -0.04569592 -0.07301834 -1.55214453
v -0.04122595 -0.07475386 -1.55069089
v -0.05304848 -0.06507257 -1.53820229
v -0.05352331 -0.06592380 -1.53993392
v -0.14047939 0.05099343 -1.55314147
v -0.14384577 0.04645672 -1.55632448
v -0.06056186 -0.06765880 -1.51141012
v -0.06005652 -0.06866613 -1.50537860
v -0.04583381 -0.07515254 -1.51640344
v -0.04859583 -0.07474916 -1.51711285
v -0.03623011 -0.07467102 -1.52656758
v -0.03510259 -0.07397670 -1.53571320
v -0.03724965 -0.07240444 -1.53542018
v -0.03769120 -0.07340600 -1.52684689
v -0.14326134 0.04654139 -1.55735409
v -0.14263728 0.04645938 -1.55815220
v -0.13641007 0.05031195 -1.55158448
v -0.13704011 0.04961947 -1.55280066
v -0.04090416 -0.06749058 -1.52863622
v -0.04150583 -0.06411920 -1.52934861
v -0.06364164 -0.06450037 -1.52886450
v -0.06535988 -0.06356347 -1.53258097
v -0.05410710 -0.06151814 -1.53714240
v -0.05584400 -0.06171114 -1.53896451
v -0.04634119 -0.07007448 -1.51259303
v -0.05422879 -0.06673110 -1.50553083
v -0.04821197 -0.07033134 -1.51047683
v -0.05651290 -0.06269787 -1.50457621
v -0.05885476 -0.06247446 -1.50386083
v -0.05708096 -0.06498846 -1.50368965
v -0.13854142 0.05013759 -1.55263305
v -0.13729399 0.05113999 -1.55169785
v -0.13583577 0.05088070 -1.55086243
v -0.13642626 0.05172706 -1.55075526
v -0.13415718 0.04567448 -1.55110109
v -0.13443652 0.04536955 -1.55158699
v -0.13481513 0.04486824 -1.55207658
v -0.05175123 -0.07210487 -1.51297569
v -0.04895335 -0.07382951 -1.51431966
v -0.13395050 0.04581702 -1.55061913
v -0.05818636 -0.06079008 -1.52862370
v -0.05725331 -0.05902307 -1.52687430
v -0.05881721 -0.05976477 -1.52850151
v -0.04616502 -0.07386465 -1.53250432
v -0.04622535 -0.07553636 -1.52425396
v -0.05688009 -0.06663842 -1.54311824
v -0.13390574 0.04586565 -1.55037439
v -0.05687596 -0.06554744 -1.53297675
v -0.05860273 -0.06622454 -1.53655040
v -0.05680116 -0.07002782 -1.54629064
v -0.05633514 -0.06830075 -1.54474759
v -0.05671782 -0.06760599 -1.54393184
v -0.05749273 -0.06877004 -1.54442835
v -0.05928405 -0.05464802 -1.51855087
v -0.06081014 -0.05805766 -1.51740468
v -0.06072195 -0.05936060 -1.52044392
v -0.13394082 0.04581233 -1.55012906
v -0.13409308 0.04571374 -1.54987609
v -0.13212746 0.06512298 -1.51539791
v -0.13030618 0.06598871 -1.52655995
v -0.04751472 -0.07201849 -1.55191743
v -0.04644676 -0.07254051 -1.54983568
v -0.03886959 -0.07092927 -1.54205871
v -0.12789455 0.06779623 -1.51806211
v -0.13801201 0.05126102 -1.54744959
v -0.05235273 -0.06530135 -1.54392922
v -0.05168996 -0.06588038 -1.54255188
v -0.13708404 0.05179367 -1.54774427
v -0.04469254 -0.06700651 -1.55430532
v -0.04834356 -0.06651052 -1.55271816
v -0.04965368 -0.06655771 -1.55334079
v -0.04896719 -0.06724054 -1.55713093
v -0.13759983 0.05071737 -1.54776704
v -0.06193145 -0.06175292 -1.50108242
v -0.05916374 -0.06447443 -1.50150490
v -0.05875649 -0.06420958 -1.50275266
v -0.06073293 -0.06218673 -1.50244582
v -0.06016933 -0.06404847 -1.51538980
v -0.05793335 -0.06281842 -1.51428294
v -0.13679260 0.05123496 -1.54805183
v -0.04306189 -0.07620576 -1.51770186
v -0.04413855 -0.07553620 -1.51682556
v -0.04174864 -0.07637463 -1.52077818
v -0.04078581 -0.07728543 -1.52190542
v -0.13619342 0.05238299 -1.54803181
v -0.13618448 0.05273382 -1.54776454
v -0.13870129 0.04862388 -1.54706573
v -0.13557371 0.04449295 -1.54908478
v -0.13512519 0.04493516 -1.54934227
v -0.05019346 -0.06189410 -1.53579748
v -0.05069233 -0.06143438 -1.53449500
v -0.04785050 -0.06685121 -1.54737973
v -0.04624259 -0.06883511 -1.54961634
v -0.04951277 -0.06776030 -1.55269361
v -0.04983559 -0.06637043 -1.55036473
v -0.03659917 -0.07232691 -1.54284310
v -0.13779351 0.04941762 -1.54758739
v -0.13963744 0.04738488 -1.54681575
v -0.13605753 0.04383169 -1.54883826
v -0.13474932 0.04521497 -1.54960358
v -0.13438194 0.04547544 -1.54961979
v -0.05215624 -0.06610954 -1.54105091
v -0.05101325 -0.06664167 -1.54118729
v -0.13705896 0.04977283 -1.54787612
v -0.05264947 -0.06564382 -1.54146814
v -0.13628194 0.05028665 -1.54815841
v -0.13618109 0.05168510 -1.54856896
v -0.05689576 -0.06360264 -1.53923726
v -0.05653716 -0.06591862 -1.53818965
v -0.05542277 -0.06922434 -1.54660821
v -0.05210791 -0.07251691 -1.55006409
v -0.05197971 -0.07143999 -1.55025220
v -0.05517428 -0.06846385 -1.54731858
v -0.13543704 0.05101712 -1.54916978
v -0.13536692 0.05112376 -1.54966056
v -0.13598150 0.05199188 -1.54905856
v -0.05585025 -0.06394054 -1.54377437
v -0.13588116 0.05210229 -1.54955173
v -0.13573796 0.05078971 -1.54866612
v 0.01141459 -0.00665807 -1.48716700
v 0.01932690 -0.00798680 -1.49434793
v -0.13549376 0.05108317 -1.55014312
v -0.13603103 0.05199749 -1.55003631
v -0.13608269 0.05298595 -1.54726613
v -0.13575183 0.05305138 -1.54802847
v -0.13521731 0.05372486 -1.54877019
v -0.13556769 0.05346121 -1.54703605
v -0.05683418 -0.06709155 -1.55346894
v -0.05282973 -0.06762309 -1.55484426
v -0.05243219 -0.06848171 -1.55591762
v -0.05589145 -0.06747115 -1.55431461
v -0.04303782 -0.07364756 -1.54775548
v -0.13487002 0.05420458 -1.54680526
v -0.13531017 0.05367791 -1.54581690
v -0.13483912 0.05485123 -1.54922307
v -0.13405368 0.05623715 -1.54920447
v -0.03800267 -0.07766032 -1.54379642
v -0.05507180 -0.06455404 -1.52938986
v -0.05566357 -0.06116726 -1.52617168
v -0.13387814 0.05556729 -1.54656100
v -0.13439712 0.05474890 -1.54509306
v -0.13572210 0.05272365 -1.54854345
v -0.05755602 -0.05092719 -1.52436268
v -0.05749336 -0.05119597 -1.52561378
v -0.05620217 -0.05176447 -1.52502894
v -0.05605350 -0.05146934 -1.52379513
v -0.13551892 0.05300021 -1.54903531
v -0.13606784 0.05429877 -1.55037665
v -0.05569047 -0.05489936 -1.51938009
v -0.05698654 -0.05783271 -1.51846957
v -0.05857617 -0.05740462 -1.51682591
v -0.05653966 -0.05459950 -1.51731968
v -0.13586029 0.05514614 -1.55107796
v -0.13618353 0.05354246 -1.54992354
v -0.13740127 0.05306508 -1.55082774
v -0.13736922 0.05358391 -1.55153430
v -0.05721898 -0.05071177 -1.52093983
v -0.05748543 -0.05080102 -1.52264130
v -0.05583326 -0.05140413 -1.52184534
v -0.05528308 -0.05177015 -1.52019858
v -0.13723075 0.05423867 -1.55224168
v -0.13879648 0.05263869 -1.55269539
v -0.04963719 -0.07146754 -1.55193770
v -0.04788467 -0.07329126 -1.55196595
v -0.13873066 0.05313107 -1.55340672
v -0.13884285 0.05224074 -1.55197978
v -0.13610831 0.05290785 -1.54997098
v -0.03921467 -0.07933827 -1.54305863
v -0.03837083 -0.07952024 -1.54093492
v -0.04062317 -0.07692204 -1.54793620
v -0.03925201 -0.07732663 -1.54611969
v -0.13703261 0.05244878 -1.55065465
v -0.13831227 0.05171835 -1.55156946
v -0.14007291 0.05065195 -1.55246282
v -0.06535870 -0.06468613 -1.52086163
v -0.06353337 -0.06562384 -1.52108526
v -0.06372720 -0.06534665 -1.51933050
v -0.03893118 -0.08029191 -1.54633868
v -0.03715342 -0.08031027 -1.54821861
v -0.06900483 -0.06427379 -1.50331283
v -0.06998082 -0.06340118 -1.50169551
v -0.07891618 -0.04009475 -1.42742324
v -0.06820528 -0.04905627 -1.43399334
v -0.06625050 -0.04879213 -1.42371106
v -0.07652339 -0.04027580 -1.41708601
v -0.05822865 -0.06949578 -1.54907644
v -0.05830200 -0.06803414 -1.55143273
v -0.14190464 0.04881592 -1.55389047
v -0.14021274 0.04814995 -1.55383909
v -0.14351043 0.04619837 -1.55563426
v -0.05823044 -0.05141995 -1.51966643
v -0.05682312 -0.05137893 -1.51880717
v -0.05790801 -0.05418156 -1.51766157
v -0.05960773 -0.05629189 -1.52427745
v -0.05895714 -0.05200360 -1.52455187
v -0.14142510 0.04539156 -1.55513573
v -0.14428526 0.04299619 -1.56019199
v -0.14384884 0.04792064 -1.55942392
v -0.13993073 0.04509963 -1.55504262
v -0.13624419 0.04255521 -1.55307949
v -0.13653967 0.04100334 -1.55339825
v -0.14060637 0.04184438 -1.55543661
v -0.05568497 -0.05478898 -1.52084756
v -0.14090596 0.03165181 -1.55311584
v -0.14127609 0.03255276 -1.55400753
v -0.05652304 -0.05534996 -1.52621281
v -0.05790165 -0.05600722 -1.52785110
v -0.06144822 -0.05988341 -1.51377976
v -0.05925069 -0.06144288 -1.51333976
v -0.06245571 -0.06303260 -1.51364589
v -0.05562250 -0.05195872 -1.51821494
v -0.05224024 -0.06181258 -1.53683722
v -0.13679126 0.03655958 -1.55267823
v -0.13664085 0.03614311 -1.55222702
v -0.14149106 0.03021715 -1.55340111
v -0.14205310 0.03161256 -1.55399823
v -0.05606354 -0.05795235 -1.52199912
v -0.05429713 -0.06122685 -1.51991081
v -0.05534270 -0.06084709 -1.51758194
v -0.05633273 -0.05776417 -1.51999772
v -0.05385424 -0.07064860 -1.51023746
v -0.05383335 -0.07074508 -1.51221073
v -0.05300131 -0.06370018 -1.51527250
v -0.05491330 -0.06713436 -1.51605844
v -0.05427996 -0.06368395 -1.53235281
v -0.05561955 -0.06490131 -1.53550434
v -0.05801530 -0.06130247 -1.52891755
v -0.05644275 -0.05836882 -1.52444839
v -0.05451454 -0.06096677 -1.52208567
v -0.05921545 -0.05643995 -1.52579594
v -0.05978605 -0.06025238 -1.52598941
v -0.05947842 -0.05993862 -1.52722514
v -0.05884196 -0.05632026 -1.52680433
v -0.05034831 -0.06841171 -1.54283440
v -0.05977565 -0.06689216 -1.54926217
v -0.05918451 -0.06850980 -1.54647112
v -0.03216797 -0.06713853 -1.55740070
v -0.02817369 -0.06550167 -1.54905558
v -0.04110386 -0.06646525 -1.55090714
v -0.05576975 -0.05489864 -1.52281213
v -0.05756146 -0.05174466 -1.52662551
v -0.05847344 -0.05273531 -1.52636170
v -0.04581076 -0.07608674 -1.51376319
v -0.06271781 -0.06383783 -1.51318276
v -0.05638973 -0.06245914 -1.53724396
v -0.03819900 -0.07460748 -1.52147412
v -0.04082747 -0.07389019 -1.51627958
v -0.05593602 -0.06169784 -1.53846407
v -0.05641869 -0.06234128 -1.53969038
v -0.05847437 -0.06224779 -1.51370645
v -0.06119319 -0.06367899 -1.51453745
v -0.05655516 -0.06258534 -1.53993940
v -0.06222652 -0.06527040 -1.52044272
v -0.04500595 -0.07346126 -1.54265416
v -0.14140798 0.03601928 -1.55524719
v -0.13694316 0.03811346 -1.55330181
v -0.05390851 -0.06798974 -1.50220108
v -0.05690724 -0.06636062 -1.50072253
v -0.13690454 0.03718000 -1.55311954
v -0.05883578 -0.05240601 -1.52557123
v -0.14122921 0.03423876 -1.55464053
v -0.05924653 -0.05679527 -1.51697242
v -0.05609680 -0.05516117 -1.52476501
v -0.14319396 0.03542505 -1.55610800
v -0.14246467 0.03312167 -1.55484712
v -0.14242819 0.04197871 -1.55600178
v -0.06047783 -0.06312217 -1.52414632
v -0.06107359 -0.06287032 -1.52186584
v -0.06191679 -0.06543525 -1.52269197
v 0.05050103 0.03895942 -1.58452940
v 0.05175985 0.03697808 -1.56757343
v -0.05304267 -0.06841613 -1.51655388
v -0.05061696 -0.06427450 -1.51699686
v -0.04829972 -0.06542099 -1.51776922
v -0.05119736 -0.07013040 -1.51707482
v -0.04363370 -0.07291318 -1.51154375
v -0.04737000 -0.07150665 -1.50743413
v -0.04741965 -0.07372611 -1.50585246
v -0.04334626 -0.07562432 -1.51026952
v 0.03934519 0.05392118 -1.56979644
v 0.03759483 0.05429437 -1.58312666
v -0.02225744 -0.06546761 -1.57144654
v -0.03828390 -0.06814355 -1.56355011
v -0.03311862 -0.06655007 -1.57914114
v -0.04078661 -0.07120962 -1.55123997
v -0.03925893 -0.07152689 -1.54869485
v -0.03626265 -0.07637301 -1.55001104
v -0.05473490 -0.06660393 -1.55583656
v -0.05129864 -0.06670149 -1.55320275
v -0.05318245 -0.06709031 -1.55428720
v -0.03497983 -0.07829295 -1.52642059
v -0.13846277 0.04760151 -1.55403101
v -0.13538511 0.04391375 -1.55257797
v 0.02865118 0.06397249 -1.58416140
v 0.02651948 0.06386174 -1.59306681
v 0.03339031 0.05588307 -1.59517658
v -0.01304035 0.04116374 -1.46495879
v -0.00510644 0.03201525 -1.45581591
v -0.06198725 -0.06470339 -1.53836060
v -0.05936833 -0.06632119 -1.53894448
v -0.14255819 0.02810612 -1.55344093
v -0.04544156 -0.06903053 -1.51358926
v -0.14281240 0.02992913 -1.55452943
v -0.05336296 -0.07075544 -1.51544702
v -0.05120373 -0.07292122 -1.51602507
v -0.04768097 -0.07715458 -1.55272341
v -0.05028356 -0.07409284 -1.55081987
v -0.14231345 0.02687992 -1.55231321
v -0.14252377 0.02623742 -1.55208993
v -0.14260015 0.02742624 -1.55348074
v -0.14284742 0.02902306 -1.55483007
v -0.14328894 0.03207709 -1.55557728
v -0.14361766 0.03141334 -1.55608177
v -0.14464295 0.03492178 -1.55723882
v -0.14440739 0.03498831 -1.55651867
v -0.14435360 0.04230241 -1.55679119
v -0.14467463 0.04243989 -1.55749059
v -0.14404523 0.03454516 -1.55805349
v -0.14303148 0.03095271 -1.55640948
v -0.14329967 0.03412270 -1.55863857
v -0.14265072 0.03085570 -1.55718672
v -0.14343007 0.04230610 -1.55908465
v -0.14411680 0.04249057 -1.55851996
v -0.14287367 0.02949749 -1.54988420
v -0.14269611 0.02731462 -1.55028582
v -0.14261037 0.03004221 -1.55036426
v -0.14226703 0.02766240 -1.55054760
v -0.14155656 0.03123160 -1.55038226
v -0.14222273 0.02695316 -1.55108833
v -0.14248627 0.02624270 -1.55086470
v -0.10452243 -0.00740963 -1.41332972
v -0.09923296 -0.00780744 -1.40621364
v -0.14107250 0.03205861 -1.55037260
v -0.14233842 0.02676888 -1.55354643
v -0.14258289 0.02535312 -1.55189574
v -0.14159004 0.02571516 -1.55392671
v -0.14215638 0.02468859 -1.55222225
v -0.14180732 0.02810656 -1.55596471
v -0.14228380 0.02840335 -1.55492043
v -0.14247605 0.02529037 -1.55068111
v -0.14261962 0.02580323 -1.55014396
v -0.14245763 0.02461801 -1.55072582
v -0.14258307 0.02514552 -1.54994380
v -0.14453590 0.03192576 -1.54687738
v -0.14456640 0.03165245 -1.54615521
v -0.14364851 0.02876987 -1.54838753
v -0.14359918 0.02817214 -1.54793906
v -0.14429933 0.03985064 -1.54245973
v -0.14320123 0.04299285 -1.54235649
v -0.14429019 0.03941066 -1.54150617
v -0.16550276 -0.00279899 -1.52782035
v -0.16400868 -0.00421322 -1.52755356
v -0.16291082 -0.00276005 -1.52927828
v -0.16361782 -0.00213227 -1.52942038
v -0.14317372 0.04273326 -1.54090166
v -0.14492232 0.03441876 -1.54250669
v -0.14480866 0.03502443 -1.54321504
v -0.08756655 0.03262544 -1.40798116
v -0.13579169 0.05371755 -1.54257774
v -0.13522537 0.05459847 -1.54109812
v -0.13706160 0.05294058 -1.54079437
v -0.13727280 0.05216527 -1.54229903
v -0.13887489 0.05043220 -1.54226673
v -0.16460913 -0.00396489 -1.51864028
v -0.16341567 -0.00315056 -1.52016890
v -0.16246417 -0.00412263 -1.51982522
v -0.16365114 -0.00515936 -1.51855707
v -0.13880673 0.05077272 -1.54053140
v -0.14050759 0.04832201 -1.54053628
v -0.14052947 0.04827563 -1.54201126
v -0.14182046 0.04624402 -1.54202592
v -0.14187278 0.04588249 -1.54057050
v -0.13241634 0.05708709 -1.54561186
v -0.13206786 0.05868683 -1.54873395
v -0.13101922 0.05898509 -1.54487824
v -0.13003522 0.06090941 -1.54803634
v -0.14171097 0.02425523 -1.55499208
v -0.16287851 0.00023673 -1.52884328
v -0.16571423 0.00137459 -1.52630544
v -0.16702196 -0.00015283 -1.52726889
v -0.16352540 -0.00084427 -1.52934599
v -0.14180495 0.02362371 -1.55256772
v -0.14261815 0.02261765 -1.55575287
v -0.14247304 0.02220466 -1.55309010
v -0.14348710 0.02414992 -1.55877030
v -0.14225698 0.02598288 -1.55753458
v -0.14230233 0.02382472 -1.55079067
v -0.14253932 0.02442737 -1.54974818
v -0.14252044 0.02256321 -1.55085206
v -0.14274891 0.02342936 -1.54930210
v -0.14453936 0.03106138 -1.54521298
v -0.14459443 0.03047834 -1.54450846
v -0.14367059 0.02755934 -1.54748058
v -0.14380881 0.02664395 -1.54679000
v 0.00615003 0.05780090 -1.50393248
v 0.02384724 0.06427653 -1.54268730
v -0.14125121 0.05570703 -1.56259620
v -0.14205965 0.05325850 -1.55997872
v -0.14417252 0.04974972 -1.56173408
v -0.14398518 0.05185660 -1.56530058
v -0.13896543 0.05871955 -1.56629252
v -0.13679749 0.06085640 -1.56217349
v -0.13887642 0.05819402 -1.55994713
v -0.14026685 0.05575843 -1.55801368
v -0.13288683 0.05944807 -1.55155957
v -0.13453010 0.05763615 -1.55177426
v -0.13582808 0.05768188 -1.55362034
v -0.13468339 0.05957847 -1.55409253
v -0.13096876 0.06178493 -1.55133581
v -0.13273126 0.06215842 -1.55459309
v -0.13685986 0.05912780 -1.55687428
v -0.13809186 0.05692014 -1.55567741
v -0.13494988 0.06181866 -1.55810106
v -0.14545020 0.03235602 -1.56273544
v -0.14420441 0.03300910 -1.56083989
v -0.14303996 0.02969610 -1.55919147
v -0.14356947 0.02832322 -1.56021476
v -0.14663152 0.03115898 -1.56467175
v -0.14477363 0.02627118 -1.56146681
v -0.14650774 0.04532862 -1.56647599
v -0.14567703 0.04428695 -1.56317806
v -0.14289311 0.03388501 -1.55893588
v -0.14267445 0.03167719 -1.55811453
v -0.14283654 0.03375702 -1.55919480
v -0.14242476 0.03103072 -1.55793273
v 0.00921252 0.07333145 -1.60540295
v -0.00276010 0.07627510 -1.61224830
v 0.00616961 0.06214211 -1.62500918
v 0.01796833 0.06045650 -1.61610222
v -0.14122076 0.04930456 -1.55686831
v -0.14154717 0.04991375 -1.55729127
v -0.14031106 0.05238082 -1.55576980
v -0.14013559 0.05175282 -1.55533445
v -0.13875672 0.05353237 -1.55386996
v -0.13878483 0.05420942 -1.55431521
v -0.13708562 0.05535426 -1.55292010
v -0.13730133 0.05475710 -1.55269337
v -0.13618848 0.05534406 -1.55177283
v -0.13571671 0.05601621 -1.55177188
v -0.14282814 0.03143687 -1.55885315
v -0.14326531 0.03367878 -1.55965281
v 0.02899324 0.06465269 -1.57211125
v -0.12605104 0.05843668 -1.60136771
v -0.12008719 0.06497861 -1.59656906
v -0.12648761 0.06201799 -1.59102702
v -0.14226398 0.05115480 -1.55813003
v -0.14052311 0.05366654 -1.55640531
v -0.13857931 0.05533254 -1.55499864
v -0.13671255 0.05626533 -1.55338633
v -0.13564219 0.05669367 -1.55247211
v -0.07408144 0.07675204 -1.50756800
v -0.07228452 0.07720315 -1.50745440
v -0.04644192 0.08620664 -1.51435006
v -0.04684966 0.08495036 -1.52127242
v -0.04772510 0.08413409 -1.52493119
v -0.06016929 0.08576044 -1.53427553
v -0.05705952 0.08959990 -1.53700995
v -0.05436334 0.08749653 -1.49636197
v -0.05823461 0.08399674 -1.49525714
v -0.04661280 -0.07684506 -1.55599272
v -0.05371266 0.08744851 -1.49716032
v -0.04689861 0.09668405 -1.53156984
v -0.04568966 0.09687255 -1.52970076
v -0.04609161 0.09784679 -1.52935672
v -0.00605377 0.04888429 -1.48707533
v 0.00111051 0.05485784 -1.49605453
v -0.04452652 0.09709838 -1.52757955
v -0.06937470 0.07965539 -1.51173377
v -0.04607587 0.08724009 -1.51357961
v -0.04419139 0.08881259 -1.51266491
v -0.04432131 0.08894621 -1.50724030
v -0.04531698 0.08840452 -1.50816846
v -0.04674966 0.08763970 -1.50268483
v -0.04736719 0.08726783 -1.50363600
v -0.05094115 0.08930793 -1.49950016
v -0.04837015 0.09115414 -1.50280547
v -0.05576161 0.09092706 -1.53704107
v -0.05718620 0.09009954 -1.53647530
v -0.05553775 0.09175229 -1.53700817
v -0.06813858 0.08031316 -1.51032829
v -0.06043628 0.08375921 -1.53266048
v -0.06157880 0.08297984 -1.53064287
v -0.06111979 0.08268736 -1.53094840
v -0.06423144 0.07689746 -1.51531923
v -0.06390415 0.07699312 -1.51607931
v -0.06449227 0.07816590 -1.51374054
v -0.06602773 0.08062471 -1.51197135
v -0.06644423 0.07333913 -1.50503182
v -0.06459446 0.07263211 -1.50376892
v -0.06537076 0.07309379 -1.50293279
v -0.05142969 0.09462934 -1.54259598
v -0.06192811 0.08310849 -1.52962065
v -0.06173486 0.08455502 -1.53052783
v -0.06156078 0.08522013 -1.53172898
v -0.05528606 0.09258749 -1.53624022
v -0.06120177 0.08556506 -1.53247595
v -0.06117695 0.08470950 -1.53253317
v -0.06030107 0.08652305 -1.53396916
v -0.06093211 0.08406538 -1.53259635
v -0.05190377 0.07986181 -1.50738955
v -0.05394926 0.07838012 -1.50730145
v -0.07174404 0.08025333 -1.52843332
v -0.06944360 0.08062746 -1.52566755
v -0.06047456 0.08290184 -1.49488115
v -0.05069409 0.08441669 -1.53177118
v -0.04881086 0.08520231 -1.53434610
v -0.04625602 0.09312090 -1.50679922
v -0.05669043 0.08563293 -1.50315142
v -0.05856068 0.08335747 -1.50288427
v -0.05487233 0.08775444 -1.50391519
v -0.05299066 0.08962557 -1.50617456
v -0.05727126 0.07871832 -1.52368677
v -0.05248366 0.09037221 -1.52607012
v -0.05138067 0.09075626 -1.52368772
v -0.05400053 0.08874765 -1.52652979
v -0.05050217 0.08644923 -1.53804505
v -0.05288610 0.08606587 -1.53834748
v -0.05253912 0.08527763 -1.53302467
v -0.05374768 0.08546247 -1.53658938
v -0.06605326 0.07557578 -1.50836253
v -0.06281160 0.07449271 -1.50233531
v -0.06199121 0.07453897 -1.50412536
v -0.06196068 0.07562318 -1.50209332
v -0.06061541 0.07582749 -1.50269198
v -0.05882848 0.07632570 -1.50404835
v -0.05729914 0.07698169 -1.50586283
v -0.05647690 0.07754302 -1.50835705
v -0.06475540 0.07544745 -1.51241744
v -0.06320089 0.08562537 -1.53892577
v -0.06502546 0.07476448 -1.51071751
v -0.06450276 0.07709128 -1.51380849
v -0.06499106 0.07708643 -1.51204550
v -0.06556187 0.07654995 -1.51030922
v -0.06504853 0.08016951 -1.50103378
v -0.06256624 0.08104281 -1.50218272
v -0.06596631 0.07894459 -1.50176716
v -0.06035008 0.08195075 -1.50256860
v -0.06631193 0.07781580 -1.50205421
v -0.05180177 0.08500157 -1.53310847
v -0.05169021 0.08549847 -1.53628004
v -0.07579999 0.07725956 -1.51131201
v -0.12282281 0.07032166 -1.52277613
v -0.11687137 0.07265423 -1.53175747
v -0.14238530 0.02822029 -1.47619057
v -0.14265937 0.02719420 -1.47279274
v -0.13661976 0.06171795 -1.51324880
v -0.14188546 0.05691613 -1.51136565
v -0.15454605 0.02721876 -1.48228967
v -0.15461291 0.02638598 -1.48135448
v -0.15467504 0.02554081 -1.48189449
v -0.15452251 0.02633533 -1.48259413
v -0.15268266 0.02432346 -1.48202825
v -0.15213704 0.02515490 -1.48239219
v -0.15308225 0.02529151 -1.48242164
v -0.15362597 0.02452783 -1.48193061
v -0.15607820 0.03160368 -1.49968123
v -0.15476131 0.03555338 -1.50323057
v -0.15369384 0.03817282 -1.49824500
v -0.15518390 0.03431476 -1.49516559
v -0.14479890 0.02705211 -1.48108530
v -0.14537758 0.02689001 -1.48313200
v -0.14921999 0.02562272 -1.48299193
v -0.14868766 0.02593797 -1.48203683
v -0.14484212 0.02667697 -1.47840333
v -0.14823928 0.02574619 -1.48061526
v -0.14234096 0.02861326 -1.48034549
v -0.14277142 0.02824849 -1.48315537
v -0.15073293 0.03566481 -1.47484255
v -0.15230003 0.03221760 -1.47737992
v -0.15300007 0.03345631 -1.48104537
v -0.15137503 0.03695910 -1.47998357
v -0.15507068 0.02935912 -1.51195252
v -0.15506899 0.03271317 -1.50756133
v -0.15613234 0.02920908 -1.50400603
v -0.15593417 0.02590118 -1.50890350
v -0.15633182 0.02263222 -1.51423633
v -0.15513119 0.02581669 -1.51659608
v -0.15955782 0.02175048 -1.52260184
v -0.16083297 0.02193353 -1.51903677
v -0.16414392 0.02125413 -1.51829243
v -0.16289011 0.02174071 -1.52033877
v -0.16260815 0.01925183 -1.51462793
v -0.15945418 0.02179999 -1.51671219
v -0.16278642 0.01522354 -1.51388788
v -0.16425556 -0.00729703 -1.51864004
v -0.16292173 -0.00611637 -1.52015781
v -0.16479866 -0.00680923 -1.52077103
v -0.16596004 -0.00857875 -1.51955223
v -0.16371149 0.01511999 -1.51479423
v -0.16118038 0.01924941 -1.51377344
v -0.17271331 -0.00034910 -1.51940215
v -0.17272556 -0.00123833 -1.52166891
v -0.17048295 -0.00019336 -1.52057457
v -0.17024451 -0.00034629 -1.51864040
v -0.15938112 0.01938236 -1.51269770
v -0.16175315 0.01544792 -1.51298332
v -0.16449094 0.01465421 -1.51598263
v -0.16479337 0.01737350 -1.51553535
v -0.17202321 -0.00284683 -1.52232635
v -0.17374155 -0.00472385 -1.52204716
v -0.17197281 -0.00638750 -1.52182102
v -0.17041239 -0.00421201 -1.52206683
v -0.16530058 0.00056827 -1.52246368
v -0.16676721 -0.00104294 -1.52096176
v -0.16904691 0.00117275 -1.52282643
v -0.16277486 -0.00678334 -1.52316153
v -0.16141720 -0.00550948 -1.52197313
v -0.16072392 -0.00405250 -1.52562666
v -0.16151914 -0.00525152 -1.52661490
v -0.16631229 0.01902466 -1.51725864
v -0.17265449 0.00843216 -1.51737010
v -0.17457090 0.00963686 -1.51859510
v -0.15666005 0.01617131 -1.54631090
v -0.15401341 0.01875413 -1.54245174
v -0.15904456 0.01591940 -1.54414821
v -0.15634942 0.01844221 -1.54054296
v -0.16981663 0.01831346 -1.51969266
v -0.16815275 0.01981127 -1.52121949
v -0.17340919 0.01591583 -1.52124429
v -0.17282821 0.01709107 -1.52367747
v -0.15443721 0.01216725 -1.56150603
v -0.16856930 0.00611527 -1.51395416
v -0.16810116 0.00628746 -1.51324809
v -0.17043431 0.00585248 -1.51527786
v 0.03766096 0.04006545 -1.60861087
v 0.02718595 0.04170290 -1.62255263
v 0.00462931 0.04213315 -1.63966584
v -0.00774752 0.04002074 -1.64557123
v -0.16986841 0.00813890 -1.49651217
v -0.16970885 0.00804939 -1.49923444
v -0.15322797 0.01545365 -1.49016368
v -0.15477647 0.00992199 -1.49111676
v -0.15939604 0.00924601 -1.48976374
v -0.15818787 0.01454740 -1.48879492
v -0.15608031 0.01863168 -1.48773909
v -0.15137780 0.01980954 -1.48882163
v -0.15073198 0.01595299 -1.49133778
v -0.15201166 0.01022103 -1.49232781
v -0.16268207 0.01386140 -1.48819077
v -0.16469666 0.00864345 -1.48908210
v -0.16731723 0.00856555 -1.49106324
v -0.16478959 0.01392591 -1.48971748
v -0.15828319 0.02174494 -1.50773144
v -0.16049817 0.01771449 -1.50926554
v -0.16369703 0.01353247 -1.51022995
v -0.16614789 0.01026287 -1.51046586
v -0.16639702 0.00982134 -1.51268268
v -0.16426863 0.01237431 -1.51295519
v -0.16676702 0.00968733 -1.51364076
v -0.16481976 0.01221771 -1.51389849
v -0.16533381 0.01226507 -1.51483202
v -0.16556370 0.01284913 -1.51600230
v -0.16677088 0.01097658 -1.51625991
v -0.16630325 0.01152968 -1.51724899
v -0.16704044 0.00977236 -1.51459348
v -0.17145555 0.00993471 -1.53973579
v -0.16854453 0.01007535 -1.54318094
v -0.16767433 0.01279125 -1.50034070
v -0.16890249 0.00800780 -1.50152016
v -0.16776422 0.00761041 -1.50557804
v -0.16658393 0.01194529 -1.50491440
v -0.16441730 0.01638369 -1.50334978
v -0.16533026 0.01760504 -1.49753964
v -0.16776544 0.00654281 -1.51252484
v -0.16798040 0.01291527 -1.49784875
v -0.16796106 0.01304625 -1.49513996
v -0.16541004 0.01788761 -1.49505782
v -0.16502036 0.01799577 -1.49238360
v -0.16233641 0.02209235 -1.49408078
v -0.16178274 0.02149909 -1.50030971
v -0.15874229 0.02697647 -1.49703717
v -0.15903378 0.02586094 -1.49020433
v -0.15398297 0.03354663 -1.48463643
v -0.15444221 0.02857807 -1.48196614
v -0.15490693 0.02874009 -1.48363376
v -0.15588295 0.02847950 -1.48540545
v -0.15511796 0.03276847 -1.48839235
v -0.15254520 0.03702223 -1.48515630
v -0.15383857 0.03614087 -1.49025583
v -0.15661611 0.03083486 -1.49231267
v -0.15705404 0.02771306 -1.48731494
v -0.15516649 0.02739527 -1.48357391
v -0.15489125 0.02644238 -1.48316836
v -0.15603678 0.02717883 -1.48473811
v -0.15567584 0.02618767 -1.48409712
v -0.15716955 0.02659233 -1.48590255
v -0.15666959 0.02571375 -1.48489833
v -0.15807214 0.02473475 -1.48618650
v -0.15877891 0.02538792 -1.48780096
v -0.15346026 0.02437274 -1.48392057
v -0.15461650 0.02336962 -1.48449552
v -0.15599164 0.02343109 -1.48461413
v -0.15469661 0.02438105 -1.48393214
v -0.15256283 0.02505846 -1.48322010
v -0.15392733 0.02494640 -1.48347354
v -0.15016612 0.02509635 -1.48404646
v -0.15108994 0.02411601 -1.48476350
v -0.08287171 -0.04262351 -1.44479549
v -0.06948510 -0.05003535 -1.44806671
v -0.15172049 0.02560845 -1.48264611
v -0.15283252 0.02560159 -1.48266971
v -0.15433761 0.02555781 -1.48302913
v -0.15492281 0.02542321 -1.48359942
v -0.15577957 0.02491123 -1.48429251
v -0.15696649 0.02399923 -1.48510444
v -0.16397414 0.01791570 -1.49027157
v -0.16183457 0.02156226 -1.48949230
v -0.16053274 0.02122568 -1.48766518
v -0.16209620 0.01770639 -1.48799658
v -0.15894549 0.02081411 -1.48623705
v -0.14888786 0.02052752 -1.48973560
v -0.16031434 0.01746918 -1.48694313
v -0.14870875 0.02344605 -1.48686218
v -0.14620498 0.02456441 -1.48775172
v -0.15317713 0.02219300 -1.48605108
v -0.14641669 0.02637947 -1.48454559
v -0.14701340 0.02530812 -1.48517501
v -0.14389849 0.02745983 -1.48531592
v -0.14493433 0.02622314 -1.48628509
v -0.15721235 0.02073624 -1.48553741
v -0.16224527 0.02196690 -1.49164045
v -0.16667913 0.01338067 -1.49253106
v -0.16887046 0.00828458 -1.49389005
v -0.14353502 -0.02735746 -1.54118943
v -0.14489506 -0.02696148 -1.53834009
v -0.14562054 -0.02271327 -1.53923082
v -0.14443527 -0.02336694 -1.54158986
v -0.17820632 0.00990268 -1.53250051
v -0.17463407 0.00998305 -1.53625441
v -0.15447727 0.02490614 -1.48195291
v -0.09606381 0.01101016 -1.39951754
v -0.06248923 -0.06599847 -1.52513337
v -0.06357666 -0.06538629 -1.52597928
v -0.03789629 -0.07157634 -1.54587221
v -0.15426823 0.02768362 -1.48044240
v -0.14477660 0.02590140 -1.47575676
v -0.14851686 0.02487505 -1.47929525
v -0.15092778 0.03239227 -1.47012198
v -0.15299910 0.02764054 -1.46569669
v -0.15479118 0.02578350 -1.47007704
v -0.15266058 0.02967218 -1.47358048
v -0.15697289 0.02337099 -1.47630060
v -0.15516067 0.02613192 -1.47861958
v -0.04260223 -0.07604124 -1.54966760
v -0.15567480 0.02497857 -1.47987580
v -0.15752059 0.02243077 -1.47839999
v -0.15785971 0.02170084 -1.47989035
v -0.15571463 0.02412674 -1.48090947
v -0.15619275 0.02007108 -1.48161817
v -0.15882562 0.01566860 -1.48203325
v -0.15410623 0.01507054 -1.47880948
v -0.15188321 0.01974538 -1.47846293
v -0.14956638 0.02372630 -1.47878361
v -0.15346633 0.02334880 -1.48177493
v -0.04284574 -0.07107480 -1.55301213
v -0.04752057 -0.06992332 -1.55522168
v -0.04858730 -0.06861442 -1.55381393
v -0.04473452 -0.06964136 -1.55127704
v -0.15705112 0.02059271 -1.48150778
v -0.15446463 0.02350032 -1.48167574
v -0.15998958 0.01609993 -1.48202419
v -0.09272587 0.02142943 -1.40283287
v -0.15534028 0.02373466 -1.48145950
v -0.15743633 0.02099258 -1.48107910
v -0.16067544 0.01670323 -1.48118699
v -0.16130932 0.01753887 -1.47935700
v -0.16145381 0.01819965 -1.47709084
v -0.16066810 0.01875291 -1.47417784
v -0.15803429 0.02017354 -1.46695304
v -0.15661646 0.02112261 -1.46173751
v -0.16069895 0.01401412 -1.46514416
v -0.16009420 0.01458581 -1.45988011
v -0.16398114 0.01350900 -1.47286642
v -0.16523997 0.01334258 -1.47644925
v -0.16471347 0.01282586 -1.47910881
v -0.16372715 0.01238357 -1.48131371
v -0.16740696 0.00692809 -1.51056695
v -0.16803022 0.00971174 -1.51622832
v -0.17026466 0.00858420 -1.51659179
v -0.17544174 0.01184210 -1.51984954
v -0.17258912 0.00578534 -1.51607180
v -0.17500618 0.01439805 -1.52119863
v -0.17637789 0.01269842 -1.52093911
v -0.17727655 0.01341966 -1.52253199
v -0.17605573 0.01467409 -1.52305210
v -0.17758819 0.01118758 -1.52068198
v -0.17820898 0.01249840 -1.52250755
v -0.17911744 0.00701678 -1.52007556
v -0.18088093 0.00800642 -1.52353907
v -0.18038177 0.00940999 -1.52889800
v -0.18124557 0.00853947 -1.52568305
v -0.17766258 0.01395181 -1.52418280
v -0.17594549 0.01551758 -1.52571011
v -0.04227576 -0.07931248 -1.54990673
v -0.17352331 0.01598236 -1.52859938
v -0.17016582 0.01793256 -1.52607274
v -0.05205307 0.03022486 -1.65475988
v -0.16275755 0.01180328 -1.48242033
v -0.16087031 0.01095614 -1.48252082
v -0.06292521 -0.06495470 -1.51176190
v -0.04796819 -0.07128356 -1.53856432
v -0.14742136 0.01430831 -1.46913958
v -0.14977771 0.01462721 -1.47332978
v -0.15103367 0.00988306 -1.47327602
v -0.05001651 -0.06918010 -1.55593312
v -0.04924041 -0.07246958 -1.55768752
v -0.14882159 0.00957979 -1.46931744
v -0.16157560 0.00708476 -1.48270607
v -0.03981932 -0.07845528 -1.52698016
v -0.04043689 -0.07982448 -1.54838467
v -0.04176639 -0.07819863 -1.54668736
v -0.05605492 -0.07124222 -1.54864621
v -0.04585493 -0.06636225 -1.52025938
v -0.04783231 -0.07288948 -1.52099240
v -0.04952289 -0.07181112 -1.51831532
v -0.04700433 -0.06595889 -1.51841104
v -0.05140507 -0.06153505 -1.53345501
v -0.15624131 0.00671994 -1.47915387
v -0.15564615 0.01040274 -1.47909379
v -0.16388644 0.00728639 -1.48273182
v -0.16524635 0.00762488 -1.48148286
v -0.16658512 0.00793889 -1.47925472
v -0.15161483 0.00616604 -1.47321677
v -0.14933991 0.00601715 -1.46900833
v -0.07136502 -0.06248343 -1.51698887
v -0.14572784 0.02416132 -1.47418642
v -0.05672531 -0.07052006 -1.50579596
v -0.05433130 -0.07157735 -1.50681508
v 0.00617879 -0.02284130 -1.48982430
v 0.01338714 -0.02595742 -1.49853075
v -0.03643992 -0.08035804 -1.52666795
v -0.14368127 0.02448582 -1.47054124
v -0.14797182 0.01955198 -1.47317564
v -0.14581999 0.01958914 -1.46943557
v -0.16273455 0.00816492 -1.45968699
v -0.16249017 0.00783416 -1.46476603
v -0.16694945 0.00802380 -1.47602320
v -0.16551501 0.00791017 -1.47222841
v 0.01636474 0.04239225 -1.63234806
v -0.09659342 0.07643858 -1.59965765
v -0.10537999 0.07432747 -1.59360170
v -0.04871031 -0.07132719 -1.55152035
v -0.11132047 0.06826494 -1.60230219
v -0.10331792 0.07046288 -1.60705400
v -0.08778622 0.07782217 -1.60625339
v -0.09509914 0.07174893 -1.61286640
v -0.03391841 0.05868259 -1.64129305
v -0.04828937 0.05873298 -1.64147663
v -0.05124670 0.04111034 -1.65094018
v -0.01932664 0.05444314 -1.64139807
v -0.01120167 0.06564573 -1.63059831
v -0.03100825 0.06725814 -1.63412523
v -0.04629099 0.06674369 -1.63500047
v -0.06163371 -0.06673152 -1.51150036
v -0.06281493 -0.06650195 -1.50572968
v -0.06479738 -0.06522232 -1.50620699
v -0.05128914 -0.06639418 -1.54163814
v -0.00301796 0.03175085 -1.44422853
v 0.02691049 0.06484892 -1.55496192
v -0.05993279 0.06490702 -1.63537037
v -0.06212594 0.05749185 -1.64105403
v -0.07484853 0.05654354 -1.63948405
v -0.07182832 0.06330109 -1.63440800
v -0.06604499 0.04074594 -1.65037513
v -0.06751239 0.02991884 -1.65388620
v 0.03680783 0.03025743 -1.51974535
v -0.16557199 0.01038171 -1.54637539
v -0.02359669 0.05195495 -1.47498965
v -0.04129990 0.06157226 -1.47303283
v -0.05872045 0.05958839 -1.42467976
v -0.06000654 0.07387181 -1.49329150
v -0.05912488 0.07363203 -1.49363148
v -0.05947607 0.06232623 -1.45919657
v -0.05922963 0.06431954 -1.47186482
v -0.01155064 0.04327611 -1.47601116
v -0.04865571 0.08433542 -1.50272608
v -0.04727334 0.08531571 -1.50622618
v -0.04904417 0.08544050 -1.50163770
v -0.04735860 0.08653822 -1.50540316
v -0.04644411 0.08708568 -1.50962603
v -0.04986225 0.08576252 -1.49982429
v -0.05550900 0.08618642 -1.53835046
v -0.05623418 0.08751194 -1.53992009
v -0.04525878 -0.06818035 -1.51477945
v -0.04389368 -0.06798656 -1.51685452
v -0.06427132 0.07317491 -1.49197161
v -0.06266075 0.07311802 -1.49236512
v -0.05650324 -0.05205383 -1.52575755
v -0.06347100 0.07258765 -1.49232662
v -0.06478198 0.07231391 -1.49198103
v -0.06584801 0.07280994 -1.49123967
v -0.06593765 0.07215153 -1.49164236
v -0.06056130 0.08962082 -1.55438209
v -0.06259275 0.07110902 -1.49176311
v -0.05978626 0.07291796 -1.49337232
v -0.06133721 0.07285962 -1.49299157
v -0.06266765 0.07201317 -1.49243534
v -0.06467352 0.07169583 -1.49178481
v -0.06639632 0.07154883 -1.49090290
v -0.06691855 0.07217401 -1.49020195
v -0.04800806 -0.07072226 -1.50904620
v -0.05407339 -0.06751434 -1.50387537
v -0.05623868 -0.05378207 -1.45194995
v -0.04143462 -0.05045885 -1.45478225
v -0.04162693 -0.05072280 -1.44372749
v -0.05531749 -0.05309688 -1.43946016
v -0.06932800 -0.06302740 -1.53120852
v -0.06705577 -0.06369705 -1.52359414
v -0.06913096 -0.06321333 -1.52264023
v -0.04942870 0.08578651 -1.49863327
v -0.06147293 0.07735506 -1.48986602
v -0.10101132 -0.02015036 -1.42342794
v -0.09502703 -0.01806100 -1.41117859
v -0.05016052 0.08609084 -1.53023767
v -0.04894464 0.08605316 -1.52862942
v -0.04732580 0.08861571 -1.52983832
v -0.04853216 0.08858676 -1.53218865
v -0.00691594 0.06730173 -1.50583756
v -0.00054641 0.06990699 -1.51533008
v 0.00157329 0.01907134 -1.44741833
v 0.00064074 0.01887448 -1.45840192
v -0.01293999 0.08602107 -1.54733241
v -0.05145852 0.08613657 -1.53208375
v -0.04977823 0.08862069 -1.53379440
v -0.04650826 0.08608987 -1.51042116
v -0.05148875 0.08517625 -1.53165126
v -0.05019792 0.08519096 -1.52980077
v -0.04809107 0.08992206 -1.53533602
v -0.04665059 0.08987582 -1.53325713
v -0.04551461 0.08963238 -1.53067231
v -0.04901352 0.08506974 -1.52794933
v -0.07534964 -0.06295021 -1.51789021
v -0.08606245 -0.06286357 -1.51790786
v -0.08501111 -0.06334115 -1.53375459
v -0.07522817 -0.06312382 -1.52773845
v -0.04881911 0.08634713 -1.53648281
v -0.03410472 0.09255932 -1.57891774
v -0.02059833 0.09080061 -1.57188797
v -0.02902331 0.09013095 -1.59525061
v -0.01424658 0.08852416 -1.58906186
v 0.00138789 0.08362097 -1.58193302
v -0.00486239 0.08588000 -1.56354117
v -0.05425896 0.08601735 -1.53822756
v -0.05584061 0.08843146 -1.54087889
v -0.07910346 0.07846723 -1.61141145
v -0.07232298 0.08323506 -1.60508025
v -0.08732563 0.07229301 -1.61770391
v -0.07988930 0.07223715 -1.62205827
v -0.07138538 0.07785737 -1.61656368
v -0.06023181 0.08495030 -1.60801840
v -0.04995945 0.09284225 -1.57158387
v -0.04781453 0.09206641 -1.58582807
v -0.06076410 0.08982302 -1.59119928
v -0.11842192 -0.04954227 -1.56647944
v -0.11367803 -0.05131204 -1.56701791
v -0.11470556 -0.05264378 -1.55743074
v -0.11846018 -0.05048174 -1.55892110
v -0.04378826 0.08879526 -1.60162914
v -0.05281597 0.08124673 -1.61678112
v -0.03880025 0.08488626 -1.61190724
v -0.04790892 0.07540863 -1.62570167
v -0.03356787 0.07771406 -1.62266207
v -0.01764349 0.07758021 -1.61869264
v -0.02412731 0.08606894 -1.60651278
v -0.06452964 0.07635503 -1.62145019
v -0.07382329 0.07085750 -1.62612927
v -0.06034274 0.07228658 -1.62798190
v -0.06886166 0.06907652 -1.62988138
v -0.06740329 0.08786523 -1.59367800
v -0.06728713 0.06748684 -1.48703039
v -0.07195775 0.06932385 -1.48686278
v -0.13115689 -0.00542075 -1.62269402
v -0.13358021 0.00495776 -1.62254810
v -0.12705022 0.00556025 -1.62972701
v -0.12427844 -0.00517347 -1.62992692
v -0.07885804 0.07389189 -1.49749744
v 0.01880315 -0.02679155 -1.50680745
v 0.02463853 -0.02725228 -1.51694024
v 0.03073744 -0.00815104 -1.51134801
v 0.02491309 -0.00846798 -1.50151181
v -0.11084742 0.07479540 -1.52405298
v -0.10753471 0.07593852 -1.53655910
v -0.09814468 0.07839562 -1.52815330
v -0.10090010 0.07586949 -1.51357484
v -0.10059775 -0.00357359 -1.64570189
v -0.10352793 0.00727011 -1.64670897
v -0.09287760 0.00780550 -1.65057635
v -0.09023751 -0.00316932 -1.64930606
v -0.13417092 -0.04596125 -1.53879976
v -0.13462329 -0.04863959 -1.53254414
v -0.13845301 -0.04492824 -1.53220868
v -0.13721879 -0.04264307 -1.53855968
v -0.10469981 0.07600946 -1.55031943
v -0.09542695 0.07889956 -1.54212105
v -0.09193568 0.08021767 -1.55586016
v -0.10263111 0.07738902 -1.56466424
v 0.01696077 0.07511567 -1.57576680
v 0.01366103 0.07628831 -1.55918288
v -0.06582737 -0.06682035 -1.50130415
v -0.06718327 -0.06587365 -1.50210464
v 0.01034910 0.07574625 -1.54688394
v -0.13112678 0.05970632 -1.58560109
v -0.08046255 0.00837754 -1.65337121
v -0.07811584 -0.00282376 -1.65159774
v 0.04397102 0.03936381 -1.59890354
v -0.11789826 0.06132092 -1.60805416
v 0.01960440 0.06922235 -1.59701669
v 0.00106125 0.00585409 -1.45952046
v 0.02834044 0.05764709 -1.60370040
v -0.00962792 0.08473422 -1.60028172
v 0.00329341 0.08068812 -1.59408331
v 0.01824887 0.07272564 -1.58709002
v 0.00623358 0.07365795 -1.53166437
v -0.08003332 0.06375705 -1.63167858
v -0.12802762 0.06444573 -1.55093718
v -0.12755188 0.06336040 -1.54638195
v -0.12943766 0.06480714 -1.55594647
v -0.12930633 0.06127926 -1.54193664
v -0.15203871 0.02201804 -1.53898001
v -0.15408665 0.02134339 -1.53712034
v -0.15623426 0.02081141 -1.53475118
v -0.15226451 0.02452517 -1.53413153
v -0.15433197 0.02365230 -1.53130019
v -0.16126549 0.01744650 -1.53574467
v -0.15869968 0.01806896 -1.53814554
v -0.15828210 0.01995454 -1.53241181
v -0.16028000 0.01917939 -1.52933478
v -0.16368386 0.01711725 -1.53260136
v -0.15743409 0.02231903 -1.51612294
v -0.15581754 0.02375430 -1.52059746
v -0.15740722 0.02157279 -1.52526236
v -0.15332678 0.02717393 -1.52797079
v -0.15479431 0.02571064 -1.52473974
v -0.15595528 0.02265080 -1.52851677
v -0.15130506 0.02861432 -1.53125298
v -0.16285792 0.01984694 -1.52586758
v -0.16590911 0.02055337 -1.52284670
v -0.16698566 0.01752115 -1.52933192
v -0.16994825 0.01585786 -1.53187549
v -0.16679519 0.01550735 -1.53537381
v -0.15044808 0.02543457 -1.53620112
v -0.14968666 0.02999263 -1.53352034
v -0.15454239 0.02885351 -1.52063012
v -0.15459159 0.03298614 -1.51643014
v -0.15286446 0.03148947 -1.52478743
v -0.15289518 0.03547992 -1.52133524
v -0.15101054 0.03297617 -1.52854300
v -0.15084475 0.03720873 -1.52533841
v -0.15447170 0.03672587 -1.51227045
v -0.15378514 0.03980676 -1.50746691
v -0.15236852 0.04256823 -1.50176656
v -0.15202042 0.04327504 -1.51231551
v -0.15055367 0.04646619 -1.50610089
v -0.14989239 0.04574597 -1.51726079
v -0.14830279 0.04963299 -1.51150370
v -0.15033565 -0.00464677 -1.54673886
v -0.14748719 -0.00487189 -1.54848230
v -0.14657858 -0.00880652 -1.54562259
v -0.14866373 -0.00865016 -1.54370618
v -0.14769986 0.00436936 -1.59601879
v -0.14496443 0.00417405 -1.60364604
v -0.14327779 -0.00471878 -1.60412192
v -0.14640176 -0.00399781 -1.59667182
v -0.15271720 0.03976355 -1.51714587
v -0.15054139 0.04181761 -1.52138519
v -0.14887367 0.03874071 -1.52910149
v -0.14922117 0.03447664 -1.53155482
v -0.14534074 0.04787215 -1.52858651
v -0.14764738 0.04724368 -1.52301586
v -0.14830874 0.04305666 -1.52617311
v -0.14613931 0.04396288 -1.53073096
v -0.14585406 0.05184256 -1.51821399
v -0.14389923 0.05221130 -1.52622640
v -0.14210227 0.05178899 -1.53132749
v -0.14493969 0.03847811 -1.53954256
v -0.14549071 0.03366793 -1.54078436
v -0.14403303 0.04201988 -1.53890526
v -0.14363493 0.04785601 -1.53267074
v -0.14472014 0.04445121 -1.53377461
v -0.13537146 0.05629285 -1.53802848
v -0.13760452 0.05401521 -1.53748322
v -0.14155677 0.04825371 -1.53799021
v -0.14288995 0.04537646 -1.53830099
v -0.13972469 0.05131583 -1.53771210
v -0.14518379 0.02938757 -1.54280603
v -0.14490780 0.02503258 -1.54532099
v -0.04376521 0.05940607 -1.46115959
v -0.16433385 0.01547397 -1.53854430
v -0.16163521 0.01567423 -1.54147530
v -0.14658368 0.02346303 -1.56222177
v -0.14554672 0.02137966 -1.55950046
v -0.15192589 0.01526217 -1.56079555
v -0.14880276 0.02779331 -1.56616712
v -0.14468679 0.02200767 -1.54799139
v -0.14573835 -0.01353343 -1.54329884
v -0.14721397 -0.01283341 -1.54140222
v -0.14462787 0.02035018 -1.55055952
v -0.14466190 0.01982637 -1.55329227
v -0.14493629 0.01996081 -1.55645263
v -0.11998926 0.00615406 -1.63646269
v -0.11696490 -0.00465667 -1.63595319
v -0.02688888 -0.00022817 -1.65307140
v -0.03553837 -0.00089034 -1.65381312
v -0.03526082 0.01043118 -1.65581393
v -0.02255092 0.00963466 -1.65405560
v -0.14845590 0.03995201 -1.57966614
v -0.15073140 0.03594530 -1.57357800
v -0.11506850 0.07063781 -1.58805752
v -0.11240030 0.07333007 -1.57903457
v -0.13532819 0.06025640 -1.57118714
v -0.13305312 0.06302643 -1.56630015
v -0.13089323 0.06451888 -1.56099343
v -0.11076597 0.07383409 -1.56711161
v -0.11169909 0.07346008 -1.55452359
v -0.11364628 0.07321674 -1.54281902
v -0.01443263 -0.05847822 -1.52723539
v -0.02981133 -0.06215087 -1.52805889
v -0.02701653 -0.06372142 -1.53971004
v -0.00974778 -0.06040403 -1.54350042
v -0.10258254 0.06397428 -1.61883628
v -0.09344294 -0.03036946 -1.43176246
v -0.08758293 -0.02871224 -1.41866994
v 0.00289348 0.00587913 -1.44911981
v -0.09539680 0.06446335 -1.62387025
v -0.11028925 0.06291131 -1.61354685
v -0.08498028 0.05628689 -1.63687348
v -0.09401247 0.05617382 -1.63361526
v -0.08794725 0.06456247 -1.62821591
v -0.10183769 0.05615052 -1.62923110
v -0.10908642 0.05583759 -1.62418008
v -0.11654576 0.05466453 -1.61867428
v -0.12404452 0.05334560 -1.61292839
v -0.13202393 0.05048357 -1.60502768
v -0.02615245 0.04986033 -1.46298087
v -0.16261958 0.01304340 -1.52804494
v -0.16329153 0.01234157 -1.52827549
v -0.12387430 -0.04118691 -1.58879232
v -0.11865826 -0.04272209 -1.59377980
v -0.11564200 -0.04651892 -1.58643258
v -0.12108566 -0.04450967 -1.58237696
v -0.16202183 0.01195439 -1.52767706
v -0.16263206 0.01124876 -1.52791333
v -0.16228700 0.01089460 -1.52649295
v -0.16519758 0.01136618 -1.51907802
v -0.16377603 0.01008826 -1.52100694
v -0.16251966 0.01006386 -1.52456021
v -0.07712755 0.07230783 -1.49087572
v -0.15220921 0.00462480 -1.58356142
v -0.15134776 -0.00264300 -1.58410478
v -0.15253797 -0.00133179 -1.57777274
v -0.15335718 0.00471360 -1.57706594
v -0.11979093 -0.05093249 -1.55170679
v -0.11731207 -0.05373128 -1.54866922
v -0.12263736 -0.05365574 -1.54081774
v -0.12422118 -0.05054956 -1.54489839
v -0.13082233 -0.04826121 -1.54022992
v -0.13080418 -0.05119992 -1.53427863
v -0.13878924 -0.00520296 -1.61339855
v -0.14058627 0.00445337 -1.61310935
v -0.11370376 -0.04935148 -1.57720733
v -0.11931667 -0.04743765 -1.57461667
v -0.15269311 -0.00157984 -1.54977012
v -0.14907411 -0.00211639 -1.55086565
v -0.15105337 0.00088888 -1.55540872
v -0.15693556 0.00417284 -1.55516243
v -0.15514347 0.00463026 -1.55897844
v -0.15138111 0.00165505 -1.55901504
v -0.13929012 -0.02163578 -1.59696627
v -0.13490543 -0.02266838 -1.60381222
v -0.12903675 -0.03035033 -1.60261977
v -0.13388377 -0.02920377 -1.59597075
v -0.10941476 -0.00421122 -1.64126825
v -0.11230339 0.00674677 -1.64178050
v -0.15345320 0.00502306 -1.56868517
v -0.15192461 0.00091465 -1.56908560
v -0.15120053 0.00162476 -1.56517446
v -0.15346304 0.00486941 -1.56525505
v -0.14656551 -0.01781483 -1.54030585
v -0.14542249 -0.01846137 -1.54241502
v -0.06318683 -0.05884284 -1.50078321
v -0.06364653 -0.06012945 -1.49996483
v -0.07074913 -0.06301066 -1.54852176
v -0.07343367 -0.06266598 -1.53843296
v -0.08289853 -0.06261779 -1.54667139
v -0.07952134 -0.06201864 -1.55921817
v -0.07507479 -0.06391045 -1.57054663
v -0.06825311 -0.06552320 -1.57936764
v -0.06246337 -0.06635101 -1.56323481
v -0.06756004 -0.06462875 -1.55726337
v -0.02946374 -0.04478817 -1.44652426
v -0.02824418 -0.04248509 -1.45643473
v -0.15978086 0.00365913 -1.55223846
v -0.16257146 0.00338239 -1.54979539
v 0.04906566 -0.00560222 -1.55139387
v 0.04392923 -0.00627330 -1.53820276
v 0.03685205 -0.02554606 -1.54470098
v 0.03985649 -0.02377912 -1.55738521
v -0.01941632 -0.05676425 -1.51685286
v -0.03360288 -0.06003762 -1.51947713
v -0.16602217 -0.00537365 -1.52449989
v -0.16115111 -0.00159499 -1.52862418
v -0.16073440 -0.00207790 -1.52500772
v -0.16096315 -0.00147601 -1.52765083
v -0.16815679 -0.00567991 -1.52162611
v -0.16943067 -0.00803728 -1.52117193
v -0.16115846 -0.00322148 -1.52135825
v -0.16171521 -0.00231047 -1.52149558
v -0.16105211 -0.00128364 -1.52541959
v -0.16173472 -0.00269302 -1.52913368
v -0.17504719 0.00225501 -1.51755214
v -0.17778167 0.00175507 -1.51930451
v -0.17653117 -0.00187975 -1.52087796
v -0.17465484 -0.00051069 -1.51923859
v -0.16251321 0.00041040 -1.52788222
v -0.16346189 0.00113574 -1.52553988
v -0.17101362 -0.00013202 -1.52396226
v -0.16657680 -0.00149160 -1.52764034
v -0.16371164 -0.00150853 -1.52961755
v -0.17007360 -0.00184593 -1.52489328
v -0.16751447 -0.00149997 -1.51871324
v -0.16832119 -0.00353934 -1.52491319
v -0.05524129 -0.06937024 -1.51469862
v -0.07667632 -0.05151771 -1.46643305
v -0.06974920 -0.05511035 -1.48116350
v -0.06400015 -0.05423956 -1.48039424
v -0.06735288 -0.05231661 -1.46486282
v -0.04985096 -0.06878433 -1.54118323
v -0.09749074 -0.05454884 -1.59201264
v -0.08602021 -0.05500635 -1.60314107
v -0.07601196 -0.06186012 -1.59121180
v -0.08279546 -0.06153589 -1.58075726
v -0.07688269 -0.05383398 -1.61174524
v -0.06729895 -0.06077195 -1.60101151
v -0.05881279 -0.06560755 -1.58881640
v -0.04657825 -0.06807618 -1.56771600
v -0.13745660 -0.03378137 -1.55442882
v -0.13758737 -0.03406128 -1.55418932
v -0.13898480 -0.03261022 -1.55397105
v -0.13880366 -0.03258764 -1.55398583
v -0.13684615 -0.03324526 -1.55444908
v -0.13801566 -0.03199872 -1.55401874
v -0.13579077 -0.03404603 -1.55484056
v -0.13633367 -0.03463505 -1.55482972
v -0.13646086 -0.03494519 -1.55459261
v -0.14123333 -0.01654612 -1.55396748
v -0.14050671 -0.01715789 -1.55431747
v -0.14077774 -0.01988676 -1.55348563
v -0.14197403 -0.01926633 -1.55358434
v -0.14172330 -0.01638016 -1.55366731
v -0.14238393 -0.01925905 -1.55330145
v -0.13492510 -0.01994606 -1.55597878
v -0.13482121 -0.01943950 -1.55620134
v -0.13496608 -0.02081572 -1.55553961
v -0.13889146 -0.01456511 -1.55552411
v -0.13897657 -0.01451793 -1.55649602
v -0.13468377 -0.01912514 -1.55668473
v -0.13457635 -0.01917897 -1.55620646
v -0.13926372 -0.01487514 -1.55526495
v -0.13942468 -0.01334951 -1.55490708
v -0.13885722 -0.01245077 -1.55490017
v -0.13898757 -0.01235734 -1.55635643
v -0.14241266 -0.02454901 -1.55265570
v -0.14256392 -0.02483738 -1.55192363
v -0.14289933 -0.02010766 -1.55183578
v -0.14273089 -0.01961488 -1.55280197
v -0.14217570 -0.02429891 -1.55315208
v -0.14116359 -0.02766865 -1.55345893
v -0.14141127 -0.02782809 -1.55295563
v -0.14151290 -0.02801827 -1.55222178
v -0.14271247 -0.01666863 -1.55261457
v -0.14223962 -0.01650882 -1.55338359
v -0.14156491 -0.02811027 -1.55148613
v -0.14253047 -0.02513338 -1.55120862
v -0.14292982 -0.02038097 -1.55111361
v -0.14285016 -0.01672236 -1.55211437
v -0.14216724 -0.01385012 -1.55297399
v -0.14205644 -0.01495267 -1.55330026
v -0.14237244 -0.02527880 -1.55024958
v -0.14235666 -0.02525795 -1.54926693
v -0.14302823 -0.02044454 -1.54938936
v -0.14292145 -0.02046543 -1.55038285
v -0.14128612 -0.02824062 -1.55053687
v -0.14126319 -0.02828022 -1.54955876
v -0.13472241 -0.03600401 -1.55457056
v -0.13374378 -0.03641569 -1.55493021
v -0.13394184 -0.03647695 -1.55442512
v -0.13446915 -0.03625432 -1.55411792
v -0.13148472 -0.03926018 -1.55163026
v -0.13031337 -0.03999165 -1.55276465
v -0.12904549 -0.04174665 -1.55200827
v -0.13049905 -0.04079265 -1.55058861
v -0.12742560 -0.04975195 -1.54210365
v -0.13016312 -0.04342343 -1.54783952
v -0.12799141 -0.04458215 -1.54909098
v -0.13562861 -0.03559568 -1.55446315
v -0.13653457 -0.03502161 -1.55409956
v -0.13548353 -0.03543665 -1.55471158
v -0.13453867 -0.03582187 -1.55506659
v -0.13535723 -0.03583135 -1.55376565
v -0.13639110 -0.03521189 -1.55338764
v -0.13767564 -0.03418257 -1.55394351
v -0.13772050 -0.03433500 -1.55321240
v -0.13910693 -0.03280886 -1.55274463
v -0.13906211 -0.03265642 -1.55347586
v -0.14022210 -0.03062377 -1.55324149
v -0.13999180 -0.03083448 -1.55376697
v -0.14026335 -0.03080642 -1.55251265
v -0.13890308 -0.03299161 -1.55203760
v -0.14018385 -0.03097401 -1.55179346
v -0.13744169 -0.03446536 -1.55226302
v -0.13608824 -0.03536402 -1.55293322
v -0.13490468 -0.03604443 -1.55308294
v -0.13408083 -0.03661046 -1.55368423
v -0.13337977 -0.03691581 -1.55425799
v -0.13438845 -0.03644594 -1.55266356
v -0.13364196 -0.03716197 -1.55179381
v -0.13513279 -0.03604750 -1.55134308
v -0.13569251 -0.03561484 -1.55224776
v -0.13334021 -0.03718628 -1.55305064
v -0.13241285 -0.03804547 -1.55245185
v -0.13707486 -0.03464018 -1.55181587
v -0.13667172 -0.03478570 -1.55087864
v -0.13837440 -0.03317632 -1.55037725
v -0.13876680 -0.03312146 -1.55132127
v -0.13999075 -0.03106611 -1.55107975
v -0.13976517 -0.03126444 -1.55013001
v -0.14188097 -0.02420082 -1.55317223
v -0.14070204 -0.02380849 -1.55325270
v -0.14002329 -0.02729942 -1.55329180
v -0.14085810 -0.02766122 -1.55348587
v -0.13974670 -0.03083459 -1.55378890
v -0.13900094 -0.03023855 -1.55357182
v -0.13892190 -0.02711903 -1.55313313
v -0.13477555 -0.02511235 -1.55484974
v -0.13428228 -0.02643082 -1.55497849
v -0.13799575 -0.02976350 -1.55338573
v -0.13943690 -0.02397568 -1.55313110
v -0.13494976 -0.02355182 -1.55497968
v -0.13953023 -0.02058986 -1.55364251
v -0.13496944 -0.02200268 -1.55512416
v -0.13972768 -0.01787635 -1.55418766
v -0.14085937 -0.02449633 -1.56531978
v -0.14105865 -0.02453356 -1.56554997
v -0.14033544 -0.02909815 -1.56517065
v -0.13999441 -0.02870592 -1.56493032
v 0.01523589 -0.03932597 -1.52203131
v 0.02222905 -0.03879786 -1.53613484
v 0.03088424 -0.02681677 -1.52975440
v -0.13917746 -0.03185347 -1.56274891
v -0.13870281 -0.03170878 -1.56351900
v -0.13736945 -0.03419750 -1.56232417
v -0.13749975 -0.03414593 -1.56157231
v -0.13963756 -0.03195330 -1.56173146
v -0.13774340 -0.03400410 -1.56055880
v -0.14137256 -0.02917734 -1.56287193
v -0.14079171 -0.02906245 -1.56389916
v -0.14014667 -0.02880451 -1.56467736
v -0.13366130 -0.03324268 -1.55891025
v -0.13444871 -0.03243975 -1.55977082
v -0.13587427 -0.03307750 -1.55968404
v -0.13452935 -0.03409930 -1.55913305
v -0.13309467 -0.03390152 -1.55826628
v -0.13360175 -0.03479274 -1.55827808
v -0.13171723 -0.02864508 -1.55756116
v -0.13201499 -0.02827765 -1.55800223
v -0.13242483 -0.02774020 -1.55842233
v -0.13155326 -0.02882691 -1.55734181
v -0.13146886 -0.02894495 -1.55686569
v -0.13150752 -0.02896805 -1.55661798
v -0.13165107 -0.02888156 -1.55635405
v -0.12867275 -0.05402078 -1.52531564
v -0.12687394 -0.05278396 -1.53694320
v -0.12422977 -0.05587232 -1.52853453
v -0.13529597 -0.03511898 -1.55495369
v -0.13434753 -0.03553443 -1.55531096
v -0.13489914 -0.03449923 -1.55519509
v -0.13404484 -0.03489575 -1.55554271
v -0.13341723 -0.03596453 -1.55591321
v -0.13340932 -0.03638048 -1.55569494
v -0.13604359 -0.03261147 -1.55423462
v -0.13322791 -0.02799838 -1.55541909
v -0.13277325 -0.02838340 -1.55573022
v -0.13515219 -0.03323042 -1.55484545
v -0.13702120 -0.03143301 -1.55382586
v -0.13376313 -0.02735979 -1.55533028
v -0.13237387 -0.02856065 -1.55602300
v -0.13197446 -0.02873789 -1.55631578
v -0.13437618 -0.03348337 -1.55517685
v -0.13363419 -0.03387561 -1.55575979
v -0.13343793 -0.03518217 -1.55610681
v -0.13266167 -0.03431283 -1.55661190
v -0.13260737 -0.03433083 -1.55710924
v -0.13318461 -0.03532869 -1.55663013
v -0.13306995 -0.03533916 -1.55713248
v -0.13297537 -0.03417384 -1.55608356
v -0.13272554 -0.03418634 -1.55758071
v -0.13322188 -0.03516821 -1.55759919
v -0.13331190 -0.03669917 -1.55498719
v -0.13298461 -0.03660352 -1.55574727
v -0.13237306 -0.03700613 -1.55681050
v -0.13280174 -0.03712622 -1.55506027
v -0.13205650 -0.03781823 -1.55492568
v -0.13252938 -0.03755165 -1.55388367
v -0.13196264 -0.03796104 -1.55739987
v -0.13109277 -0.03935522 -1.55756712
v -0.13096431 -0.03911097 -1.55486083
v -0.13151655 -0.03861485 -1.55330563
v -0.13295388 -0.03616446 -1.55621314
v -0.13269208 -0.03629164 -1.55698180
v -0.13318011 -0.03731612 -1.55847764
v -0.13297102 -0.03803253 -1.55927932
v -0.13330960 -0.03666351 -1.55793285
v -0.13453683 -0.03611771 -1.55852497
v -0.13448074 -0.03657719 -1.55929637
v -0.13439088 -0.03706314 -1.56007266
v -0.13598630 -0.03556954 -1.56032515
v -0.13594811 -0.03587793 -1.56108534
v -0.13605955 -0.03531447 -1.55931973
v -0.13323876 -0.03605964 -1.55765486
v -0.13418712 -0.03554039 -1.55827355
v -0.13555530 -0.03474855 -1.55908287
v -0.13741213 -0.03371098 -1.55983257
v -0.13929197 -0.03178106 -1.56101441
v -0.13744122 -0.03103485 -1.56064093
v -0.14102340 -0.02903531 -1.56215715
v -0.13898054 -0.02819144 -1.56154895
v -0.14215335 -0.02510588 -1.56622565
v -0.14138000 -0.03009354 -1.56587791
v -0.13729326 -0.02778466 -1.56142831
v -0.13382831 -0.02535812 -1.55912650
v -0.13435024 -0.02379789 -1.55897963
v -0.13835502 -0.02451311 -1.56112337
v -0.13934134 -0.01504523 -1.55723417
v -0.13970098 -0.01578361 -1.55823195
v -0.13489580 -0.01964873 -1.55743635
v -0.13479450 -0.01930172 -1.55717754
v -0.14002162 -0.01360913 -1.55732679
v -0.14054194 -0.01489182 -1.55809939
v -0.13965631 -0.01888536 -1.56015444
v -0.13499729 -0.02101424 -1.55849743
v -0.13496357 -0.02018794 -1.55795622
v -0.13951772 -0.01731589 -1.55908358
v -0.14149986 -0.01830907 -1.56068933
v -0.14089748 -0.01618167 -1.55913293
v -0.14022443 -0.02475270 -1.56170821
v 0.05145914 -0.00374525 -1.58809161
v 0.05297614 -0.00497080 -1.57135594
v 0.04134478 -0.02151717 -1.57579744
v 0.03970496 -0.02017659 -1.58932126
v -0.13599263 -0.03033290 -1.56072569
v -0.13316724 -0.02672290 -1.55878186
v 0.03134113 -0.03019998 -1.59216309
v 0.02926469 -0.02870919 -1.60097063
v 0.03545339 -0.01990946 -1.60169744
v -0.01173722 -0.02878226 -1.46845710
v -0.00405684 -0.02001823 -1.45851088
v -0.14110130 -0.01156941 -1.55685353
v -0.14139694 -0.01318323 -1.55840456
v -0.14094049 -0.01053678 -1.55557346
v -0.14111474 -0.00993280 -1.55527341
v -0.14118189 -0.01088947 -1.55680275
v -0.14138542 -0.01224647 -1.55834544
v -0.14175577 -0.01512987 -1.55972552
v -0.14212492 -0.01441868 -1.56013823
v -0.14298058 -0.01767869 -1.56199026
v -0.14271635 -0.01785392 -1.56128812
v -0.14210838 -0.02503715 -1.56254041
v -0.14249718 -0.02501251 -1.56348658
v -0.14228745 -0.01714171 -1.56250918
v -0.14153978 -0.01383678 -1.56039894
v -0.14159790 -0.01657451 -1.56302583
v -0.14107767 -0.01358632 -1.56116116
v -0.14119992 -0.02455707 -1.56504750
v -0.14189819 -0.02488298 -1.56426895
v -0.14152397 -0.01357707 -1.55375099
v -0.14162245 -0.01136310 -1.55384576
v -0.14120463 -0.01402201 -1.55429935
v -0.14120564 -0.01159656 -1.55438936
v -0.14017919 -0.01508718 -1.55470526
v -0.14088710 -0.01083324 -1.55461454
v -0.14137757 -0.01014602 -1.55428100
v -0.13977879 -0.01588058 -1.55479205
v -0.14089842 -0.01017947 -1.55678248
v -0.14119330 -0.00910222 -1.55496740
v -0.14013982 -0.00899328 -1.55702007
v -0.14081436 -0.00833137 -1.55519760
v -0.14034429 -0.01101326 -1.55958784
v -0.14075601 -0.01152106 -1.55860090
v -0.14140651 -0.00921726 -1.55397308
v -0.14160047 -0.00983000 -1.55350375
v -0.14134282 -0.00855295 -1.55369055
v -0.14159538 -0.00918832 -1.55321741
v -0.14299299 -0.01656501 -1.55135453
v -0.14299154 -0.01642329 -1.55036294
v -0.14251523 -0.01316342 -1.55240738
v -0.14245772 -0.01262843 -1.55164123
v -0.14229125 -0.02513892 -1.54828262
v -0.14113382 -0.02818388 -1.54858160
v -0.14222561 -0.02485415 -1.54704189
v -0.14109989 -0.02814839 -1.54735410
v -0.14330265 -0.01988902 -1.54736388
v -0.14302498 -0.02031793 -1.54839897
v -0.08444253 -0.02909229 -1.41025484
v -0.13296945 -0.03812017 -1.55068719
v -0.13239262 -0.03930496 -1.54958653
v -0.13428490 -0.03773751 -1.54882526
v -0.13452271 -0.03673749 -1.55021369
v -0.13633898 -0.03520361 -1.54970694
v -0.13621527 -0.03575786 -1.54827976
v -0.13801490 -0.03349829 -1.54797363
v -0.13816315 -0.03325377 -1.54941845
v -0.13959976 -0.03130455 -1.54891920
v -0.13955127 -0.03122419 -1.54744434
v -0.12948379 -0.04075984 -1.55436218
v -0.12896726 -0.04170271 -1.55741680
v -0.12798667 -0.04263958 -1.55363429
v -0.12679926 -0.04389157 -1.55726004
v -0.14035439 -0.00733694 -1.55787718
v -0.14048558 -0.00713744 -1.55539608
v -0.14135993 -0.00555984 -1.55841017
v -0.14138126 -0.00560259 -1.55570877
v -0.14216326 -0.00664901 -1.56160152
v -0.14085126 -0.00860845 -1.56061649
v -0.14126018 -0.00769932 -1.55364323
v -0.14153707 -0.00847868 -1.55293143
v -0.14145285 -0.00642298 -1.55329847
v -0.14171085 -0.00754321 -1.55211890
v -0.14304227 -0.01600913 -1.54959488
v -0.14319739 -0.01558027 -1.54857087
v -0.14248233 -0.01208540 -1.55111289
v -0.14243892 -0.01126379 -1.55008149
v 0.00909197 -0.03936370 -1.51190293
v 0.02721315 -0.03818352 -1.55128109
v -0.13831052 -0.03696220 -1.57052386
v -0.13953704 -0.03510825 -1.56759286
v -0.14168140 -0.03146335 -1.56864095
v -0.14131650 -0.03292228 -1.57245207
v -0.13555092 -0.03898118 -1.57458544
v -0.13309592 -0.04159246 -1.57079661
v -0.13547909 -0.03971113 -1.56800604
v -0.13713661 -0.03782542 -1.56577134
v -0.12966084 -0.04199915 -1.56032157
v -0.13151544 -0.04021882 -1.56028688
v -0.13279399 -0.04007867 -1.56212866
v -0.13120492 -0.04176355 -1.56262469
v -0.12759799 -0.04424417 -1.56040466
v -0.12915067 -0.04408985 -1.56369495
v -0.13337502 -0.04106640 -1.56508780
v -0.13483343 -0.03920541 -1.56385517
v -0.13121557 -0.04323274 -1.56689417
v -0.14380574 -0.01423907 -1.56685448
v -0.14258194 -0.01511909 -1.56530094
v -0.14154238 -0.01204137 -1.56298566
v -0.14210311 -0.01056619 -1.56382346
v -0.14499143 -0.01281469 -1.56862211
v -0.14323641 -0.00839575 -1.56456530
v -0.14419112 -0.02639970 -1.57275879
v -0.14345741 -0.02593843 -1.56911016
v -0.14124915 -0.01623380 -1.56352663
v -0.14108397 -0.01420397 -1.56218290
v -0.14123020 -0.01604449 -1.56376171
v -0.14091408 -0.01356947 -1.56215739
v 0.01257512 -0.03702261 -1.61474848
v 0.00072410 -0.03974353 -1.62270522
v 0.00851671 -0.02293458 -1.63239670
v 0.02014833 -0.02184096 -1.62280512
v -0.13862191 -0.03169280 -1.56401658
v -0.13900539 -0.03224366 -1.56426322
v -0.13760093 -0.03481551 -1.56308007
v -0.13739859 -0.03428724 -1.56281865
v -0.13595216 -0.03617920 -1.56159568
v -0.13598436 -0.03675998 -1.56212139
v -0.13421710 -0.03799861 -1.56088519
v -0.13447475 -0.03746636 -1.56058228
v -0.13329716 -0.03811036 -1.55999207
v -0.13280416 -0.03874182 -1.55983114
v -0.14139321 -0.01381675 -1.56311297
v -0.14171241 -0.01593006 -1.56420255
v 0.03198509 -0.03310074 -1.58036971
v -0.12302105 -0.03153517 -1.60937595
v -0.11674223 -0.03867413 -1.60572886
v -0.12305464 -0.03720784 -1.59991074
v -0.13969150 -0.03332940 -1.56525409
v -0.13782832 -0.03598500 -1.56387174
v -0.13572487 -0.03773371 -1.56269836
v -0.13379440 -0.03879866 -1.56146562
v -0.13267694 -0.03928444 -1.56061423
v -0.06941776 -0.06291647 -1.51964760
v -0.06756735 -0.06325601 -1.51958942
v -0.04097788 -0.06937630 -1.52825928
v -0.04159749 -0.06699735 -1.53468382
v -0.04265665 -0.06570818 -1.53794551
v -0.05495816 -0.06684875 -1.54797125
v -0.05185401 -0.06994055 -1.55114985
v -0.04902939 -0.07441987 -1.51066589
v -0.05302619 -0.07132970 -1.50888133
v -0.04840021 -0.07428657 -1.51145053
v -0.04145066 -0.07728233 -1.54690254
v -0.04015444 -0.07773933 -1.54532838
v -0.04053132 -0.07878593 -1.54511607
v -0.00335209 -0.03430733 -1.49253130
v 0.00381423 -0.03806148 -1.50348580
v -0.03897288 -0.07818586 -1.54325199
v -0.06451713 -0.06493859 -1.52439237
v -0.04075434 -0.07062992 -1.52762270
v -0.03894966 -0.07229970 -1.52715445
v -0.03930598 -0.07352535 -1.52204251
v -0.04015149 -0.07283995 -1.52265978
v -0.04175508 -0.07319675 -1.51713467
v -0.04226873 -0.07263568 -1.51803517
v -0.04560376 -0.07567465 -1.51400101
v -0.04305780 -0.07675724 -1.51773763
v -0.05054112 -0.07116921 -1.55159187
v -0.05199592 -0.07066946 -1.55069256
v -0.05031344 -0.07201775 -1.55142117
v -0.06323691 -0.06574729 -1.52308500
v -0.05525511 -0.06506940 -1.54586530
v -0.05672319 -0.06484671 -1.54375434
v -0.05627467 -0.06440451 -1.54401183
v -0.05947123 -0.06133008 -1.52756071
v -0.05915850 -0.06127930 -1.52856803
v -0.05968895 -0.06281622 -1.52616262
v -0.06102818 -0.06558925 -1.52499223
v -0.06177971 -0.05968710 -1.51693106
v -0.05991507 -0.05909190 -1.51534033
v -0.06065260 -0.05966803 -1.51457417
v -0.04609022 -0.07376932 -1.55756176
v -0.05706764 -0.06514678 -1.54276013
v -0.05683883 -0.06645577 -1.54384720
v -0.05638524 -0.06692113 -1.54514599
v -0.05009498 -0.07300839 -1.55101287
v -0.05606742 -0.06713331 -1.54592490
v -0.05604657 -0.06621074 -1.54586768
v -0.05511501 -0.06768392 -1.54776525
v -0.05577064 -0.06550168 -1.54584694
v -0.04716537 -0.06486968 -1.52004635
v -0.04939760 -0.06378043 -1.52002215
v -0.06694525 -0.06315789 -1.54051960
v -0.06471233 -0.06373693 -1.53830016
v -0.05526819 -0.07033955 -1.50837135
v -0.04589451 -0.06513416 -1.54498827
v -0.04418270 -0.06522856 -1.54760420
v -0.04096949 -0.07784204 -1.52217042
v -0.05146410 -0.07165392 -1.51690304
v -0.05343502 -0.06952599 -1.51634431
v -0.04955734 -0.07344662 -1.51792574
v -0.04762678 -0.07474039 -1.52063823
v -0.05245956 -0.06152678 -1.53606224
v -0.04728850 -0.07215654 -1.54064643
v -0.04627451 -0.07286929 -1.53857207
v -0.04875445 -0.07046280 -1.54089785
v -0.04551762 -0.06608384 -1.55147004
v -0.04792127 -0.06587461 -1.55148697
v -0.04770371 -0.06590644 -1.54659534
v -0.04870200 -0.06560927 -1.54968035
v -0.06123348 -0.06126436 -1.52052033
v -0.05830752 -0.06114777 -1.51414216
v -0.05723199 -0.06070170 -1.51592946
v -0.05729682 -0.06220534 -1.51405489
v -0.05588633 -0.06207900 -1.51515579
v -0.05403738 -0.06238865 -1.51632380
v -0.05254041 -0.06268735 -1.51819670
v -0.05198120 -0.06245310 -1.52044261
v -0.06016137 -0.06040886 -1.52449191
v -0.05815289 -0.06640912 -1.55232441
v -0.06056057 -0.06003461 -1.52271259
v -0.05979472 -0.06176849 -1.52633154
v -0.06032984 -0.06202451 -1.52458048
v -0.06092357 -0.06187679 -1.52255261
v -0.05993316 -0.06686389 -1.51362634
v -0.05746956 -0.06742834 -1.51535714
v -0.06078615 -0.06556610 -1.51420367
v -0.05532037 -0.06818472 -1.51584375
v -0.06123930 -0.06442073 -1.51458085
v -0.04693417 -0.06560171 -1.54615343
v -0.04667472 -0.06557705 -1.54936862
v -0.07119676 -0.06302980 -1.52342606
v -0.11906280 -0.05707039 -1.53398728
v -0.11282993 -0.05737069 -1.54316270
v -0.14107248 -0.02351263 -1.48011816
v -0.14134985 -0.02295982 -1.47661877
v -0.13332215 -0.05118949 -1.52275240
v -0.13894296 -0.04705041 -1.52026391
v -0.15305604 -0.02247429 -1.48622513
v -0.15316488 -0.02175128 -1.48494065
v -0.15331578 -0.02081355 -1.48535836
v -0.15311219 -0.02156750 -1.48628473
v -0.15145198 -0.01931145 -1.48518324
v -0.15084276 -0.02013424 -1.48578191
v -0.15181804 -0.02034490 -1.48595369
v -0.15234524 -0.01961302 -1.48524547
v -0.15438335 -0.02472163 -1.50442886
v -0.15288173 -0.02801679 -1.50845957
v -0.15179786 -0.03122188 -1.50384915
v -0.15339974 -0.02793333 -1.50030112
v -0.14352445 -0.02177231 -1.48482287
v -0.14416760 -0.02139045 -1.48682880
v -0.14808676 -0.02045935 -1.48654091
v -0.14752334 -0.02083936 -1.48551035
v -0.14354847 -0.02179239 -1.48211980
v -0.14704326 -0.02078185 -1.48407567
v -0.14100841 -0.02328587 -1.48428547
v -0.14151832 -0.02254742 -1.48714030
v -0.14887777 -0.03175082 -1.48019326
v -0.15066837 -0.02805915 -1.48212981
v -0.15119956 -0.02876202 -1.48593497
v -0.14947537 -0.03238295 -1.48546183
v -0.15365034 -0.02051453 -1.51626170
v -0.15338743 -0.02453379 -1.51236701
v -0.15464702 -0.02172978 -1.50838947
v -0.15462798 -0.01767241 -1.51255262
v -0.15516967 -0.01352279 -1.51739669
v -0.15378250 -0.01621535 -1.52039587
v -0.15844120 -0.01143559 -1.52556777
v -0.15972430 -0.01221951 -1.52206397
v -0.16299671 -0.01184084 -1.52150083
v -0.16171351 -0.01195153 -1.52334249
v -0.16153581 -0.01045914 -1.51736689
v -0.15827975 -0.01239085 -1.51974773
v -0.16206859 -0.00667637 -1.51584828
v -0.16297446 -0.00642488 -1.51673365
v -0.16016303 -0.01051442 -1.51651084
v -0.15838654 -0.01070631 -1.51545393
v -0.16099526 -0.00695771 -1.51522553
v -0.16376568 -0.00575748 -1.51784825
v -0.16384694 -0.00852284 -1.51777267
v -0.16526732 -0.00993841 -1.51994717
v -0.17247905 0.00006403 -1.51816833
v -0.17432901 -0.00101041 -1.51979113
v -0.15582033 -0.00193674 -1.54779339
v -0.15302566 -0.00490610 -1.54454923
v -0.15818132 -0.00221934 -1.54538918
v -0.15535694 -0.00509005 -1.54238701
v -0.16887939 -0.00905601 -1.52202368
v -0.16711302 -0.01014144 -1.52397108
v -0.17261255 -0.00664892 -1.52325439
v -0.17198974 -0.00737743 -1.52581346
v -0.15413666 0.00481137 -1.56225049
v -0.16846657 0.00197923 -1.51447439
v -0.16800474 0.00168765 -1.51379752
v -0.17026263 0.00233626 -1.51551890
v 0.03882382 -0.00178188 -1.61213648
v 0.02834900 -0.00169688 -1.62617779
v 0.00585266 -0.00107689 -1.64377558
v -0.00665229 0.00097949 -1.64866507
v -0.16953987 -0.00307167 -1.49750638
v -0.16946584 -0.00243969 -1.50017464
v -0.15268949 -0.01010258 -1.49234259
v -0.15425545 -0.00463109 -1.49258828
v -0.15906584 -0.00456332 -1.49092484
v -0.15766922 -0.00980765 -1.49089503
v -0.15536767 -0.01373077 -1.49061596
v -0.15024561 -0.01437418 -1.49160719
v -0.14987496 -0.01022283 -1.49358499
v -0.15138569 -0.00453274 -1.49357605
v -0.16209242 -0.00954181 -1.49023616
v -0.16435474 -0.00439864 -1.49044061
v -0.16694716 -0.00419704 -1.49240637
v -0.16415769 -0.00948442 -1.49201274
v -0.15726583 -0.01387319 -1.51109004
v -0.15957908 -0.00966963 -1.51184154
v -0.16305646 -0.00564779 -1.51200902
v -0.16564989 -0.00254511 -1.51182330
v -0.16596019 -0.00178590 -1.51371205
v -0.16376302 -0.00411649 -1.51454973
v -0.16637877 -0.00151005 -1.51463950
v -0.16428354 -0.00384672 -1.51522279
v -0.16480517 -0.00373515 -1.51615143
v -0.16500750 -0.00406852 -1.51762867
v -0.16625826 -0.00230401 -1.51740348
v -0.16582699 -0.00264565 -1.51869226
v -0.16665353 -0.00141369 -1.51559138
v -0.17101949 0.00212033 -1.54027605
v -0.16809657 0.00267741 -1.54369569
v -0.16702855 -0.00678230 -1.50189984
v -0.16853520 -0.00197896 -1.50243938
v -0.16746108 -0.00080121 -1.50639057
v -0.16595481 -0.00507060 -1.50655365
v -0.16357909 -0.00963348 -1.50558519
v -0.16426754 -0.01185709 -1.50001609
v -0.16751476 0.00132632 -1.51288188
v -0.16739114 -0.00738304 -1.49969506
v -0.16728494 -0.00798488 -1.49704099
v -0.16459498 -0.01258672 -1.49757707
v -0.16428241 -0.01302954 -1.49517691
v -0.16097063 -0.01664684 -1.49717951
v -0.16069120 -0.01509405 -1.50349188
v -0.15717615 -0.02085798 -1.50098300
v -0.15781175 -0.02062111 -1.49403250
v -0.15221111 -0.02842994 -1.48950791
v -0.15293172 -0.02387238 -1.48608029
v -0.15344620 -0.02389143 -1.48787785
v -0.15449743 -0.02351741 -1.48960209
v -0.15344563 -0.02733454 -1.49313474
v -0.15059653 -0.03178325 -1.49072742
v -0.15198098 -0.03034533 -1.49566984
v -0.15503356 -0.02505980 -1.49702263
v -0.15574118 -0.02263693 -1.49139941
v -0.15363158 -0.02259265 -1.48740935
v -0.15347031 -0.02163398 -1.48699391
v -0.15457183 -0.02230269 -1.48865771
v -0.15424275 -0.02139032 -1.48776889
v -0.15573262 -0.02170289 -1.48986638
v -0.15523407 -0.02093481 -1.48863351
v -0.15675777 -0.01994180 -1.48990726
v -0.15745455 -0.02040671 -1.49159420
v -0.15217313 -0.01947303 -1.48746276
v -0.15343249 -0.01857238 -1.48790634
v -0.15472038 -0.01873002 -1.48804677
v -0.15339337 -0.01960072 -1.48748446
v -0.15129553 -0.02008691 -1.48672092
v -0.15261221 -0.02008567 -1.48697138
v -0.14904478 -0.01993542 -1.48764980
v -0.14995272 -0.01898180 -1.48824430
v -0.15051077 -0.02060208 -1.48621011
v -0.15149488 -0.02065432 -1.48624814
v -0.15298732 -0.02072100 -1.48648727
v -0.15354806 -0.02062874 -1.48716807
v -0.15440956 -0.02015086 -1.48792005
v -0.15569432 -0.01928728 -1.48873222
v -0.16322097 -0.01323805 -1.49307442
v -0.16078934 -0.01670796 -1.49277782
v -0.15948266 -0.01656861 -1.49092078
v -0.16136540 -0.01325848 -1.49078536
v -0.15805261 -0.01625465 -1.48955476
v -0.14768711 -0.01475163 -1.49259758
v -0.15963459 -0.01306507 -1.48969972
v -0.14772619 -0.01791394 -1.49034035
v -0.14516155 -0.01869224 -1.49111128
v -0.15207049 -0.01711222 -1.48940861
v -0.14521490 -0.02079803 -1.48817098
v -0.14588311 -0.01979920 -1.48878396
v -0.14267379 -0.02154565 -1.48918343
v -0.14369068 -0.02035735 -1.48999882
v -0.15621111 -0.01612882 -1.48872900
v -0.16126171 -0.01681700 -1.49495339
v -0.16618937 -0.00866268 -1.49448037
v -0.16840230 -0.00358707 -1.49493909
v -0.17777905 0.00061140 -1.53313470
v -0.17418475 0.00137212 -1.53709269
v -0.15315485 -0.02010350 -1.48532724
v -0.09525294 -0.00885212 -1.40025008
v -0.15282324 -0.02318036 -1.48444879
v -0.14350188 -0.02137435 -1.47939491
v -0.14733860 -0.02003609 -1.48277307
v -0.14925189 -0.02912389 -1.47470963
v -0.15162486 -0.02512738 -1.46969616
v -0.15353990 -0.02276162 -1.47367179
v -0.15119487 -0.02601914 -1.47789848
v -0.15594533 -0.01958392 -1.47939384
v -0.15378912 -0.02187688 -1.48219061
v -0.15441045 -0.02057497 -1.48327971
v -0.15649857 -0.01832601 -1.48122883
v -0.15686800 -0.01733327 -1.48272884
v -0.15448216 -0.01952327 -1.48406565
v -0.15539113 -0.01529146 -1.48420405
v -0.15819952 -0.01097596 -1.48404419
v -0.15328735 -0.01053180 -1.48064804
v -0.15100190 -0.01517170 -1.48090470
v -0.14851439 -0.01900176 -1.48198736
v -0.15233876 -0.01838232 -1.48479855
v -0.15617377 -0.01592570 -1.48417473
v -0.15329230 -0.01860855 -1.48472762
v -0.15931281 -0.01148896 -1.48410022
v -0.09093669 -0.01859005 -1.40420926
v -0.15409809 -0.01896350 -1.48455548
v -0.15651369 -0.01642483 -1.48380780
v -0.16001864 -0.01226814 -1.48335004
v -0.16052780 -0.01343471 -1.48153687
v -0.16071232 -0.01450390 -1.47937799
v -0.15987647 -0.01549156 -1.47669125
v -0.15703285 -0.01790871 -1.46973133
v -0.15561962 -0.01950550 -1.46467876
v -0.15999854 -0.01213965 -1.46700752
v -0.15941413 -0.01346414 -1.46186328
v -0.16329275 -0.01055951 -1.47471774
v -0.16463384 -0.00994800 -1.47812033
v -0.16421980 -0.00899910 -1.48067594
v -0.16326672 -0.00812688 -1.48279345
v -0.16711336 0.00066478 -1.51124072
v -0.16762033 -0.00115136 -1.51720750
v -0.16993108 -0.00008429 -1.51742339
v -0.17506605 -0.00303576 -1.52132893
v -0.17251869 0.00243864 -1.51653850
v -0.17445168 -0.00525765 -1.52324605
v -0.17587811 -0.00374327 -1.52252984
v -0.17669252 -0.00424968 -1.52420902
v -0.17538241 -0.00529941 -1.52488506
v -0.17716008 -0.00241404 -1.52183855
v -0.17770433 -0.00346736 -1.52406824
v -0.17896625 0.00143793 -1.52069271
v -0.18066442 0.00084275 -1.52426362
v -0.18006366 0.00035529 -1.52975309
v -0.18093893 0.00061512 -1.52646446
v -0.17698231 -0.00452968 -1.52592063
v -0.17514795 -0.00567179 -1.52787781
v -0.17278539 -0.00557005 -1.53053939
v -0.16937596 -0.00767665 -1.52827764
v -0.05144800 0.00935339 -1.65615296
v -0.16228253 -0.00727938 -1.48380983
v -0.16042861 -0.00629454 -1.48378992
v -0.14669946 -0.01090894 -1.47082186
v -0.14911273 -0.01071066 -1.47513771
v -0.15049586 -0.00602696 -1.47434485
v -0.14828682 -0.00622092 -1.47025621
v -0.16137987 -0.00248832 -1.48358333
v -0.15616664 -0.00234882 -1.47998798
v -0.15531248 -0.00602045 -1.48042285
v -0.16368909 -0.00281740 -1.48364329
v -0.16499791 -0.00342702 -1.48245978
v -0.16632342 -0.00417465 -1.48017812
v -0.15151536 -0.00242726 -1.47377694
v -0.14905405 -0.00268176 -1.46971476
v -0.14451647 -0.01991152 -1.47749066
v -0.14252567 -0.02066729 -1.47390974
v -0.14712583 -0.01558417 -1.47562826
v -0.14492396 -0.01605296 -1.47204781
v -0.16222155 -0.00710273 -1.46083522
v -0.16208559 -0.00600186 -1.46581268
v -0.16660807 -0.00476212 -1.47699678
v -0.16525677 -0.00520812 -1.47321594
v 0.01790580 -0.00161205 -1.63604593
v -0.09261353 -0.04882837 -1.61050653
v -0.10144939 -0.04783595 -1.60400140
v -0.10763395 -0.04046646 -1.61181831
v -0.09981138 -0.04172557 -1.61677587
v -0.08361661 -0.04831044 -1.61717486
v -0.09141780 -0.04142972 -1.62266743
v -0.03144597 -0.01978818 -1.64802241
v -0.04587319 -0.02072318 -1.64850974
v -0.04994639 -0.00189667 -1.65455258
v -0.01725924 -0.01449791 -1.64723396
v -0.00833669 -0.02672037 -1.63899112
v -0.02796291 -0.02930502 -1.64255786
v -0.04336487 -0.02958901 -1.64340746
v -0.00124206 -0.01935464 -1.44643772
v 0.03018991 -0.03636459 -1.56346810
v -0.05744904 -0.02859821 -1.64355636
v -0.06007792 -0.02053824 -1.64796269
v -0.07291420 -0.02084435 -1.64609563
v -0.06944434 -0.02806996 -1.64244819
v -0.06466872 -0.00234654 -1.65375412
v -0.06677949 0.00887356 -1.65530181
v 0.03720365 -0.00717261 -1.52365577
v -0.16522986 0.00319201 -1.54711294
v -0.02102772 -0.03977811 -1.48036742
v -0.03759056 -0.05006839 -1.48028111
v -0.05359869 -0.05277342 -1.42952144
v -0.05565245 -0.06163404 -1.50507629
v -0.05483434 -0.06131147 -1.50562024
v -0.05550984 -0.05440954 -1.46630347
v -0.05503344 -0.05468487 -1.47999763
v -0.00971043 -0.03041202 -1.48053455
v -0.04362738 -0.06976855 -1.51650131
v -0.04203419 -0.07004995 -1.52010131
v -0.04398590 -0.07111302 -1.51557279
v -0.04216653 -0.07153194 -1.51944757
v -0.04111772 -0.07121305 -1.52369714
v -0.04493035 -0.07183113 -1.51406038
v -0.05054671 -0.06628809 -1.55176961
v -0.05118988 -0.06752830 -1.55351114
v -0.05996711 -0.06126384 -1.50368357
v -0.05833164 -0.06108469 -1.50430977
v -0.05922648 -0.06053989 -1.50394905
v -0.06051948 -0.06035140 -1.50357556
v -0.06147381 -0.06109551 -1.50255513
v -0.06161696 -0.06029776 -1.50273681
v -0.05584819 -0.06773001 -1.56809187
v -0.05833544 -0.05876632 -1.50317812
v -0.05552425 -0.06055712 -1.50526440
v -0.05702726 -0.06065843 -1.50464487
v -0.05849054 -0.05983480 -1.50396967
v -0.06038855 -0.05953126 -1.50279760
v -0.06209682 -0.05961512 -1.50191307
v -0.06257848 -0.06063172 -1.50144386
v -0.04454439 -0.07218107 -1.51288915
v -0.05690485 -0.06573256 -1.50252485
v -0.04517058 -0.06691393 -1.54393899
v -0.04390354 -0.06708618 -1.54209828
v -0.04219257 -0.06921645 -1.54386210
v -0.04337437 -0.06893567 -1.54619479
v -0.00348941 -0.04945948 -1.51510859
v 0.00290654 -0.04964804 -1.52551973
v 0.00185119 -0.00663318 -1.44847798
v 0.00059161 -0.00682331 -1.45967758
v -0.00837353 -0.06135678 -1.55989790
v -0.04653611 -0.06681529 -1.54577565
v -0.04471765 -0.06889559 -1.54803717
v -0.04109311 -0.06994677 -1.52410936
v -0.04660065 -0.06589686 -1.54497397
v -0.04531852 -0.06606723 -1.54313445
v -0.04299901 -0.06979825 -1.54972291
v -0.04150022 -0.07003950 -1.54741609
v -0.04025728 -0.07018999 -1.54508054
v -0.04413412 -0.06618846 -1.54128313
v -0.04381207 -0.06607875 -1.54965711
v -0.02937884 -0.06382690 -1.59232104
v -0.01594283 -0.06223937 -1.58482468
v -0.02449523 -0.05795700 -1.60785818
v -0.00985080 -0.05647061 -1.60121346
v 0.00547409 -0.05178323 -1.59344172
v -0.00067613 -0.05777331 -1.57583368
v -0.04933888 -0.06597177 -1.55161190
v -0.05067798 -0.06818867 -1.55458200
v -0.07517573 -0.04735821 -1.62229156
v -0.06839423 -0.05275315 -1.61685801
v -0.08374465 -0.04065283 -1.62748098
v -0.07635927 -0.03938401 -1.63150012
v -0.06753661 -0.04546330 -1.62727594
v -0.05608830 -0.05274672 -1.61967933
v -0.04502634 -0.06658474 -1.58520079
v -0.04298377 -0.06309836 -1.59891677
v -0.05604936 -0.06110600 -1.60425150
v -0.03937992 -0.05673166 -1.61406171
v -0.04891580 -0.04699240 -1.62756789
v -0.03472609 -0.05050706 -1.62316847
v -0.04434853 -0.03962507 -1.63561094
v -0.02982712 -0.04151670 -1.63261104
v -0.01398048 -0.04107169 -1.62908864
v -0.02001064 -0.05182781 -1.61842978
v -0.06083134 -0.04255608 -1.63162041
v -0.07045232 -0.03695022 -1.63531232
v -0.05688266 -0.03695133 -1.63726461
v -0.06561358 -0.03413420 -1.63851285
v -0.06308512 -0.05894264 -1.60643041
v -0.06298395 -0.05621827 -1.49682546
v -0.06783277 -0.05809257 -1.49675703
v -0.07446620 -0.06178086 -1.50905073
v -0.10683410 -0.06045866 -1.53603685
v -0.10337890 -0.05931606 -1.54831004
v -0.09349792 -0.06264260 -1.54007363
v -0.09635721 -0.06248305 -1.52531362
v -0.10040280 -0.05703782 -1.56169581
v -0.09099893 -0.06093927 -1.55394483
v -0.08738320 -0.06021897 -1.56773353
v -0.09838938 -0.05592876 -1.57580733
v 0.02054419 -0.04347244 -1.58590603
v 0.01732070 -0.04759553 -1.56966865
v 0.01404896 -0.04967829 -1.55771780
v -0.12788495 -0.03618835 -1.59400821
v 0.04498626 -0.00227193 -1.60240245
v -0.11484345 -0.03312509 -1.61635172
v 0.02258704 -0.03362282 -1.60560083
v 0.03033161 -0.02047265 -1.61011839
v -0.00565965 -0.05035974 -1.61200571
v 0.00718744 -0.04672379 -1.60481644
v 0.02166981 -0.03915445 -1.59653878
v 0.01014910 -0.05031666 -1.54217887
v -0.07751951 -0.02948672 -1.63960493
v -0.12454397 -0.04658027 -1.56058240
v -0.12418849 -0.04639262 -1.55593479
v -0.12557000 -0.04618926 -1.56537855
v -0.12619470 -0.04531585 -1.55126429
v -0.15090024 -0.00859995 -1.54153740
v -0.15293577 -0.00834541 -1.53961921
v -0.15508929 -0.00831080 -1.53721321
v -0.15101331 -0.01186406 -1.53731489
v -0.15303397 -0.01158112 -1.53441358
v -0.16025881 -0.00517167 -1.53753150
v -0.15773585 -0.00522154 -1.53997159
v -0.15721734 -0.00797402 -1.53479016
v -0.15925604 -0.00788794 -1.53165412
v -0.16276109 -0.00547777 -1.53462481
v -0.15626043 -0.01289923 -1.51922417
v -0.15451929 -0.01354905 -1.52384365
v -0.15620887 -0.01075210 -1.52818036
v -0.15193436 -0.01557626 -1.53157485
v -0.15342544 -0.01477319 -1.52819633
v -0.15476346 -0.01116987 -1.53153014
v -0.14985761 -0.01631869 -1.53524768
v -0.16186707 -0.00917654 -1.52855515
v -0.16480529 -0.01045699 -1.52567196
v -0.16600993 -0.00655457 -1.53145504
v -0.16914561 -0.00468984 -1.53375673
v -0.16590169 -0.00357149 -1.53692341
v -0.14909968 -0.01229186 -1.53947902
v -0.14815350 -0.01721432 -1.53766859
v -0.15316710 -0.01857246 -1.52477837
v -0.15304101 -0.02332355 -1.52140951
v -0.15135558 -0.02033283 -1.52947521
v -0.15117368 -0.02485640 -1.52658820
v -0.14933923 -0.02108279 -1.53314316
v -0.14905137 -0.02580191 -1.53076947
v -0.15267295 -0.02771303 -1.51754797
v -0.15174562 -0.03148373 -1.51345110
v -0.15013811 -0.03498503 -1.50816965
v -0.14991154 -0.03393776 -1.51893163
v -0.14813572 -0.03800662 -1.51321030
v -0.14761977 -0.03543301 -1.52414584
v -0.14576638 -0.04014268 -1.51920962
v -0.15082863 -0.02973646 -1.52300167
v -0.14853281 -0.03093044 -1.52770567
v -0.14681163 -0.02653641 -1.53470206
v -0.14739123 -0.02195450 -1.53632140
v -0.14295270 -0.03548213 -1.53586721
v -0.14528799 -0.03586884 -1.53027844
v -0.14611033 -0.03129302 -1.53261340
v -0.14389381 -0.03130091 -1.53723419
v -0.14320835 -0.04109050 -1.52637780
v -0.14131060 -0.04007250 -1.53409779
v -0.13944480 -0.03865863 -1.53933299
v -0.14294443 -0.02433575 -1.54522467
v -0.14394855 -0.01946886 -1.54555953
v -0.14181414 -0.02784999 -1.54506004
v -0.14116605 -0.03462953 -1.53990293
v -0.14239299 -0.03115212 -1.54055262
v -0.13247401 -0.04160739 -1.54653347
v -0.13482550 -0.03943493 -1.54593778
v -0.13902956 -0.03394857 -1.54520941
v -0.14054593 -0.03114475 -1.54513931
v -0.13709074 -0.03686543 -1.54557014
v -0.14395022 -0.01477479 -1.54673219
v -0.14369883 -0.00996660 -1.54841149
v -0.04013086 -0.04962492 -1.46798801
v -0.16339433 -0.00295897 -1.54005659
v -0.16078340 -0.00253582 -1.54296541
v -0.14516032 -0.00559085 -1.56495011
v -0.14424926 -0.00385960 -1.56172705
v -0.15135896 0.00187247 -1.56219649
v -0.14735404 -0.00939633 -1.56966519
v -0.14367652 -0.00649501 -1.55040169
v -0.14344540 -0.00443575 -1.55274677
v -0.14354675 -0.00335798 -1.55537081
v -0.14379029 -0.00296670 -1.55851746
v -0.14674774 -0.01907028 -1.58458805
v -0.14916164 -0.01639073 -1.57830417
v -0.11117500 -0.04539700 -1.59806085
v -0.10858227 -0.04995136 -1.58949602
v -0.13192108 -0.03935893 -1.57984781
v -0.12940909 -0.04272327 -1.57537556
v -0.12728807 -0.04503828 -1.57030964
v -0.10669899 -0.05245226 -1.57778800
v -0.10744278 -0.05390665 -1.56528628
v -0.10933188 -0.05584177 -1.55394113
v -0.09957480 -0.03317623 -1.62730312
v -0.09230791 -0.03237038 -1.63232398
v -0.10731374 -0.03348894 -1.62220824
v -0.08287863 -0.02147880 -1.64352441
v -0.09159978 -0.02250373 -1.64035249
v -0.08492462 -0.03113249 -1.63634503
v -0.09943098 -0.02361349 -1.63628304
v -0.10668790 -0.02463275 -1.63127673
v -0.11433680 -0.02489119 -1.62594080
v -0.12156592 -0.02456947 -1.61986828
v -0.12944248 -0.02364674 -1.61173391
v -0.02387975 -0.03859773 -1.46812201
v -0.16214654 -0.00197093 -1.52929616
v -0.16285938 -0.00129405 -1.52943444
v -0.16161884 -0.00091821 -1.52878451
v -0.16227084 -0.00023757 -1.52892816
v -0.16198397 -0.00010066 -1.52747107
v -0.16480954 -0.00206499 -1.52046573
v -0.16349614 -0.00036261 -1.52219367
v -0.16224565 0.00034721 -1.52545369
v -0.07291615 -0.06090935 -1.50176406
v -0.04027984 -0.05093960 -1.43415868
v -0.02894958 -0.04618273 -1.43818462
v -0.04518551 0.05960594 -1.42982137
v -0.03332938 0.05578376 -1.43407631
v -0.08988351 0.02217664 -1.39616120
v -0.08564478 0.03337168 -1.40049005
v -0.08352342 0.03435187 -1.39189649
v -0.08725157 0.02260393 -1.38801718
v -0.03934678 0.06327388 -1.41315877
v -0.04409216 0.06063900 -1.42088664
v -0.03013727 0.05799201 -1.42599106
v -0.02482797 0.06251241 -1.41868412
v -0.01747849 0.05212062 -1.42958951
v -0.01183077 0.05687370 -1.42156100
v -0.00108309 0.04744088 -1.42300594
v -0.00726287 0.04349485 -1.43216324
v 0.00094811 0.03271840 -1.43346715
v 0.00699718 0.03593721 -1.42323935
v -0.07914755 0.04488489 -1.40549219
v -0.06959254 0.05431076 -1.41090202
v -0.06783020 0.05471602 -1.40157616
v -0.07734203 0.04510505 -1.39691901
v -0.05763472 0.05968488 -1.41641855
v -0.05453135 0.06094116 -1.40728104
v 0.01210695 0.02220872 -1.42470050
v 0.00491503 0.01977387 -1.43563545
v -0.08438888 0.02359876 -1.36917150
v -0.08480212 0.01078849 -1.36694705
v -0.08640425 0.01147343 -1.37627876
v -0.08514898 0.02350866 -1.37844408
v -0.07010731 0.05574792 -1.36912525
v -0.05897689 0.07153293 -1.37672484
v -0.06387644 0.07708093 -1.36720932
v -0.07517948 0.05994070 -1.35906708
v -0.09325580 0.06725291 -1.33511579
v -0.08123049 0.09362954 -1.34242308
v -0.09905540 0.08667941 -1.31977773
v -0.10345350 0.06597331 -1.31604457
v -0.11283914 0.08171118 -1.30074477
v -0.11488559 0.06349065 -1.29767704
v -0.14578344 0.07041807 -1.24894249
v -0.14718765 0.05304785 -1.24881017
v -0.13687488 0.05639286 -1.26482666
v -0.13522212 0.07389427 -1.26549470
v -0.16826719 0.07669622 -1.15098155
v -0.17308177 0.06278438 -1.15635586
v -0.17705178 0.07150301 -1.17128575
v -0.17372698 0.08404658 -1.16810739
v -0.11689500 0.14130378 -1.26431656
v -0.10923427 0.14438587 -1.28184724
v -0.10895358 0.15380611 -1.26892388
v -0.11434443 0.15015180 -1.25167918
v -0.03946052 0.11793409 -1.37868965
v -0.06021418 0.10820761 -1.36394382
v -0.05437704 0.09732297 -1.36983228
v -0.03643978 0.10622325 -1.38376474
v -0.12773442 0.13497180 -1.17869389
v -0.13420540 0.12859876 -1.16636324
v -0.14358003 0.12436988 -1.17577457
v -0.13831031 0.12921867 -1.18775773
v -0.11689764 0.09475046 -1.07771850
v -0.13221189 0.07774401 -1.07731509
v -0.13188967 0.07935103 -1.09664750
v -0.11739514 0.09551929 -1.09703135
v -0.05510026 0.13958736 -1.11697960
v -0.02887146 0.14349331 -1.11772704
v -0.02717713 0.13951369 -1.10302639
v -0.05353172 0.13614139 -1.10137355
v -0.14054784 0.10069808 -1.24669361
v -0.14346302 0.08636317 -1.24834239
v -0.13318101 0.09000224 -1.26504338
v -0.13099539 0.10463303 -1.26356363
v -0.09316112 0.28238344 -1.18980610
v -0.08967201 0.27450883 -1.17456412
v -0.08908419 0.25781792 -1.19107163
v -0.09232077 0.26549354 -1.20654857
v -0.06060028 0.13046406 -1.01193190
v -0.03520411 0.13330078 -1.01783216
v -0.03627127 0.13363278 -1.00088799
v -0.06163768 0.12978190 -0.99456418
v -0.08997177 0.19131586 -1.31848490
v -0.07382936 0.20127793 -1.33710158
v -0.07678385 0.21089053 -1.32528865
v -0.09099871 0.20075510 -1.30624151
v -0.12873402 0.13375172 -1.23484159
v -0.12324926 0.13756892 -1.24917090
v -0.11828239 0.14599384 -1.23858130
v -0.12224396 0.14181839 -1.22693503
v -0.02835554 0.15673631 -1.14566541
v -0.05119887 0.15376601 -1.14546812
v -0.04791995 0.15872076 -1.16202569
v -0.02726851 0.16179031 -1.16208160
v -0.05356215 0.14692239 -1.13021922
v -0.02890123 0.15023743 -1.13049567
v -0.13334695 0.12425705 -1.24045348
v -0.13720912 0.11322719 -1.24412382
v -0.12871343 0.11722180 -1.26099515
v -0.12610380 0.12783585 -1.25704741
v -0.15773337 0.06968670 -1.13695979
v -0.16436428 0.05324325 -1.14350080
v -0.08535458 0.11994863 -0.98803484
v -0.10547432 0.10539369 -0.98188496
v -0.10527584 0.10743023 -1.00056469
v -0.08471739 0.12137172 -1.00605631
v -0.14076802 0.06257112 -1.11461592
v -0.14649040 0.06495025 -1.12666345
v -0.13845137 0.08087131 -1.12408984
v -0.13068262 0.07885896 -1.11287761
v -0.12223259 0.08729871 -0.97663176
v -0.13718200 0.06756453 -0.97213697
v -0.13660288 0.06901575 -0.99309921
v -0.12212755 0.08901959 -0.99618316
v -0.12466468 0.07756005 -1.28294039
v -0.12637001 0.06007992 -1.28099179
v -0.15452313 0.10179517 -1.14918995
v -0.16198672 0.08993366 -1.14909816
v -0.16783121 0.09626844 -1.16643894
v -0.16022533 0.10637783 -1.16594958
v -0.10683861 0.15754868 -1.23650050
v -0.10301262 0.16427851 -1.25120449
v -0.08896758 0.16595055 -1.22986138
v -0.09304017 0.16064167 -1.22301364
v -0.03651041 0.13428211 -0.98522580
v -0.06190874 0.12999527 -0.97806728
v -0.12178831 0.08646192 -0.95731848
v -0.13638780 0.06651425 -0.95188612
v -0.03316123 0.17659792 -1.21286702
v -0.03015049 0.18118922 -1.21509910
v -0.01670774 0.18525743 -1.21357024
v -0.01874324 0.18179190 -1.21166027
v -0.17433776 0.03097953 -1.17722988
v -0.17759776 0.04713642 -1.18419218
v -0.17679501 0.05153848 -1.16761494
v -0.17052661 0.03853083 -1.15678954
v -0.14306781 0.09768528 -1.13457346
v -0.13019639 0.09540290 -1.12401974
v -0.15052974 0.08434285 -1.13445389
v -0.16709521 0.01499849 -1.16959953
v -0.16018832 0.02393549 -1.14464939
v -0.12750432 0.04141465 -1.27877128
v -0.13770542 0.03797611 -1.26379955
v -0.11768655 0.04402119 -1.29517460
v -0.11992464 0.02446955 -1.29232860
v -0.11069405 0.02544936 -1.30933642
v -0.10785834 0.04519133 -1.31213164
v -0.10272332 0.02530868 -1.32571983
v -0.09938441 0.04487071 -1.32943141
v -0.07865658 0.03869408 -1.36312795
v -0.08394341 0.04107040 -1.35384262
v -0.10960680 0.15215588 -1.22646141
v -0.11257055 0.14800933 -1.21691597
v -0.10522313 0.10464899 -0.96328545
v 0.05594744 0.13207164 -1.31177151
v 0.06286549 0.12796097 -1.29527473
v 0.05294675 0.14454557 -1.29544127
v 0.04595797 0.14789088 -1.31170452
v -0.04212609 0.12904343 -1.37736976
v -0.06473280 0.12248660 -1.36262310
v 0.02843567 0.17586558 -1.22570837
v 0.02393655 0.18320456 -1.22879577
v 0.02707411 0.18409668 -1.23739874
v 0.03300860 0.17562991 -1.23508406
v 0.00877691 0.19414225 -1.22768831
v 0.00330439 0.19112176 -1.22069788
v 0.00357002 0.20401868 -1.21967936
v 0.00894000 0.20717248 -1.22696686
v -0.01145905 0.13112210 -1.00707901
v -0.01037044 0.12965223 -1.02360678
v 0.03835876 0.12932943 -1.13650990
v 0.02225820 0.00832397 -1.41679704
v 0.01355657 0.00698827 -1.42715776
v 0.01804388 0.13766487 -1.12690890
v 0.01559249 0.14662047 -1.14177537
v 0.03413062 0.14005812 -1.15153337
v 0.07165764 0.03203231 -1.29318821
v 0.07514347 0.03120596 -1.27743232
v 0.07572597 0.05092524 -1.28102517
v 0.07170744 0.05214173 -1.29666221
v 0.06469452 0.09496050 -1.32328796
v 0.05749378 0.09617543 -1.33859408
v 0.06173587 0.07406585 -1.33246994
v 0.06709114 0.07335944 -1.31782568
v 0.06475285 0.11285800 -1.31035352
v 0.07106360 0.10988224 -1.29351461
v -0.00785597 0.16285774 -1.16534853
v -0.00700358 0.15674652 -1.14984941
v -0.02287052 0.17109606 -1.19384444
v -0.00706242 0.17274490 -1.19576859
v -0.00731969 0.17055148 -1.18827093
v -0.02418179 0.16939825 -1.18640482
v -0.03224152 0.09752887 -1.39022577
v -0.01155730 0.09714340 -1.39677048
v -0.01484022 0.10777625 -1.39088130
v 0.03569265 0.06632008 -1.38062501
v 0.04046000 0.06646399 -1.37416446
v 0.03305235 0.08004570 -1.37840259
v 0.02930724 0.07590229 -1.38373744
v 0.08504263 0.05075248 -1.21242714
v 0.08620773 0.02988553 -1.21337879
v 0.08542583 0.02887418 -1.19120324
v 0.08365280 0.05058134 -1.18885350
v 0.01328768 0.18175510 -1.21476173
v 0.01539388 0.17640379 -1.21073377
v 0.00579424 0.17633030 -1.20519590
v 0.00505138 0.18023181 -1.20910120
v 0.00675872 0.16995035 -1.19251823
v 0.00610253 0.17299747 -1.19969511
v 0.01704081 0.17202152 -1.20555842
v 0.01913528 0.16806574 -1.19878364
v 0.02862230 0.14960015 -1.16590416
v 0.01177748 0.15433863 -1.15709031
v 0.00959184 0.16155522 -1.17135513
v 0.02513122 0.15795299 -1.17930365
v 0.07308694 0.01968706 -1.12190413
v 0.07389146 0.03843980 -1.11819386
v 0.07728455 0.04189860 -1.14093745
v 0.07860666 0.02250078 -1.14377415
v -0.05582150 0.18730505 -1.22386897
v -0.07147876 0.18649091 -1.22957182
v -0.06846669 0.19457445 -1.22246194
v -0.05222355 0.19785482 -1.21584535
v 0.01563471 0.23720099 -1.25035906
v 0.01801940 0.22710611 -1.25168085
v 0.01777101 0.22482112 -1.24459291
v 0.01620775 0.23519993 -1.24411726
v -0.03572695 0.21365821 -1.19828415
v -0.05027784 0.20896222 -1.20471323
v -0.04966403 0.22279878 -1.19098365
v -0.03457293 0.22699909 -1.18531036
v -0.01673267 0.14498903 -1.37727010
v -0.04491151 0.14082165 -1.37611902
v -0.01673169 0.13411002 -1.38177574
v -0.01037538 0.22005899 -1.19587588
v -0.00019590 0.22362682 -1.20107257
v -0.00210731 0.21126702 -1.20858800
v -0.01279444 0.20838745 -1.20515943
v -0.08747709 0.27584842 -1.22196519
v -0.08863109 0.29247203 -1.20545554
v -0.02159375 0.24660221 -1.17139721
v -0.01017784 0.25241792 -1.17502511
v -0.00942244 0.23527034 -1.18515921
v -0.02099890 0.23110920 -1.18248546
v 0.03919810 0.11933246 -1.12181151
v 0.01981726 0.13005631 -1.11300075
v 0.02939553 0.10970009 -1.01677966
v 0.01094838 0.12270940 -1.01232767
v 0.01274168 0.12005120 -1.02997756
v 0.03113427 0.10691508 -1.03529251
v -0.01127544 0.13142873 -0.99110818
v 0.02819721 0.11035632 -0.99943447
v 0.01016986 0.12311395 -0.99589598
v -0.01280607 0.07734478 -1.40677226
v 0.00359040 0.06746338 -1.40850616
v 0.00576008 0.07808054 -1.40200090
v -0.01024442 0.08770031 -1.40191555
v 0.00214623 0.15605108 -0.88043165
v 0.01170856 0.15289661 -0.85274887
v -0.01593705 0.15096566 -0.84769452
v -0.02747115 0.15585518 -0.87533510
v 0.02881897 0.04971495 -1.39569116
v 0.01772612 0.06492244 -1.39949489
v 0.01505030 0.05505453 -1.40652096
v 0.02408988 0.04255560 -1.40407908
v -0.03164127 0.15407838 -0.89939541
v -0.00327621 0.15438704 -0.90633786
v -0.03074553 0.08870631 -1.39596164
v -0.03213694 0.07855803 -1.40090978
v -0.04614461 0.08150986 -1.38595486
v -0.04705241 0.07233538 -1.39162087
v -0.06035579 0.06318194 -1.38426101
v -0.04540235 0.15066075 -0.84089887
v -0.05220599 0.15015551 -0.86636138
v -0.00508977 0.06301393 -1.41427839
v 0.00674143 0.05208235 -1.41456544
v 0.01647121 0.03747655 -1.41293466
v 0.02193066 0.02225099 -1.41390896
v -0.01068527 0.13511628 -0.97520256
v -0.03609564 0.13658020 -0.96914798
v 0.09241261 0.09563906 -0.75433367
v 0.10244129 0.07025422 -0.75415814
v 0.09176797 0.06422617 -0.73909521
v 0.08252177 0.09503920 -0.73727310
v 0.10888966 0.00624879 -0.77063298
v 0.09165653 -0.00163397 -0.75559294
v 0.09452228 0.03106797 -0.74539948
v 0.10758104 0.03953420 -0.76002830
v 0.11815526 0.05499871 -0.89361954
v 0.10828636 0.05613111 -0.91452634
v 0.11312852 0.02665136 -0.91685116
v 0.12220608 0.02512601 -0.89565301
v 0.03067394 0.11448787 -0.98317802
v 0.01204626 0.12705712 -0.97972071
v -0.06129403 0.13170496 -0.96204507
v -0.00836081 0.15120204 -0.71521294
v -0.00669593 0.14378451 -0.68095487
v -0.04501145 0.13901988 -0.67635494
v -0.04855654 0.14485364 -0.71054620
v 0.05453503 0.11163957 -0.68800974
v 0.05793406 0.11933589 -0.71631646
v 0.07584191 0.08827954 -0.71598208
v 0.07085382 0.08060445 -0.69047958
v -0.14952022 0.04574343 -0.94712925
v -0.13440490 0.06595542 -0.93220150
v -0.14680365 0.04483496 -0.92655021
v -0.16679372 -0.01670718 -0.93877959
v -0.16526121 0.00540255 -0.94069207
v -0.16179556 0.00212830 -0.91984046
v -0.16340734 -0.01964809 -0.91839087
v -0.12854064 -0.01615047 -0.81467509
v -0.12892708 -0.03184902 -0.81540191
v -0.13555665 -0.02876228 -0.83598208
v -0.13512003 -0.01000855 -0.83678341
v -0.07589881 0.13767999 -0.85742438
v -0.09360234 0.11778760 -0.85023654
v -0.09673957 0.11560177 -0.87048513
v -0.07852296 0.13368690 -0.87906313
v 0.06971512 -0.00849561 -0.74375045
v 0.07752546 0.02123258 -0.73271668
v -0.08177079 0.12425513 -0.67400980
v -0.08446600 0.12635569 -0.70802534
v -0.10756049 0.09810107 -0.67337775
v -0.11800808 0.06461065 -0.67557311
v -0.12007318 0.06917115 -0.70604807
v -0.10861386 0.10087345 -0.70553201
v -0.09823884 -0.01158100 -0.75396258
v -0.07431039 -0.02730245 -0.74188364
v -0.07649868 -0.03271840 -0.74596560
v -0.10309658 -0.01695652 -0.76271594
v 0.12035137 0.01185617 -0.78726745
v 0.11839402 0.04357278 -0.77793348
v 0.12580684 0.04671972 -0.79878491
v 0.12802160 0.01554239 -0.80565071
v 0.04185953 0.09460759 -1.00203681
v 0.04564139 0.09865391 -0.98504299
v 0.05141077 0.07709218 -1.00401592
v 0.04235542 0.09421879 -1.02077603
v 0.05199845 0.07585882 -1.02367723
v 0.06710143 0.08793539 -1.14474893
v 0.05505585 0.10510798 -1.13225091
v 0.05545929 0.11588047 -1.14793205
v 0.06801698 0.09938844 -1.16295016
v 0.07667419 0.07106534 -1.28554487
v 0.07237824 0.07216685 -1.30173266
v 0.07587823 0.04592471 -0.70003265
v 0.06434920 0.00702361 -0.71770883
v 0.06449794 0.01195480 -0.67957491
v 0.07079210 0.04607734 -0.67058003
v 0.02607533 0.12736352 -0.65497351
v 0.02824344 0.13472116 -0.68564820
v 0.05109656 0.10512842 -0.65913218
v -0.00634127 0.13540511 -0.64909774
v -0.04461280 0.13285393 -0.64435977
v -0.10560600 0.09204301 -0.64200634
v -0.11474869 0.05927907 -0.64525449
v -0.07701768 -0.01946490 -0.68512911
v -0.09766416 0.00171162 -0.68192142
v -0.09028013 -0.00145205 -0.65674633
v -0.06830402 -0.02138475 -0.66294110
v -0.12343157 0.02859754 -0.81078815
v -0.11698397 0.06570724 -0.82790047
v -0.11594086 0.06841099 -0.80718541
v -0.11893172 0.03763851 -0.79022181
v -0.16942118 -0.01050122 -0.96000946
v -0.16783950 0.00775660 -0.96266472
v -0.15952057 0.02509305 -0.94313657
v -0.16190311 0.02666179 -0.96542275
v -0.15105550 0.04703803 -0.96852636
v -0.17045228 0.01359401 -1.05847573
v -0.16219020 0.03615513 -1.05739999
v -0.16398329 0.03242803 -1.03512383
v -0.17198154 0.01029582 -1.03533602
v -0.16691324 0.01742795 -1.08188403
v -0.15912285 0.04025254 -1.08013487
v -0.15389052 0.02268347 -1.12533438
v -0.15411225 0.04599776 -1.13253963
v -0.14881074 0.04395627 -1.11908162
v -0.12844500 0.02238039 -1.27625394
v -0.13716900 0.01962337 -1.26104832
v -0.06790294 0.13523601 -0.83348614
v 0.03674950 -0.02141371 -0.71362197
v 0.00690903 -0.03357363 -0.70485103
v 0.01584165 -0.03169718 -0.67900002
v 0.04378626 -0.01563134 -0.68243742
v -0.05698692 0.14661650 -0.88925177
v -0.08572719 0.11957642 -0.97046101
v -0.08444041 0.12047470 -0.95405978
v -0.07905905 0.12572643 -1.10147500
v -0.08555439 0.12820524 -1.12020230
v -0.17760676 0.06120317 -1.18853998
v -0.17835239 0.06153176 -1.17598510
v 0.02855632 0.14346570 -0.71803302
v -0.09843200 0.07849167 -0.58456099
v -0.10494617 0.04663224 -0.58749527
v -0.11054565 0.05358630 -0.61602622
v -0.10250263 0.08562457 -0.61223483
v -0.03300430 -0.03183906 -0.64073390
v -0.05874389 -0.02251612 -0.63635659
v -0.04983608 -0.02171311 -0.60762429
v -0.02445404 -0.02866567 -0.61181754
v -0.01805761 -0.02605985 -0.58274466
v -0.04398486 -0.02096924 -0.57862204
v -0.03531170 -0.02276201 -0.54954398
v -0.01091258 -0.02524665 -0.55385387
v -0.08034598 0.11842590 -0.64159364
v -0.04577087 0.11805487 -0.58673954
v -0.07651025 0.10409030 -0.58389962
v -0.07884727 0.11107138 -0.61173844
v -0.04577838 0.12585363 -0.61522585
v 0.06459665 0.07913789 -0.66348255
v -0.04269632 -0.03295510 -0.66745079
v -0.05273785 -0.03267870 -0.68913394
v 0.02558342 -0.02034113 -0.61576504
v 0.04765020 -0.00416015 -0.61522949
v 0.04661523 -0.01025391 -0.64746284
v 0.02159071 -0.02686325 -0.64726967
v 0.04316829 0.09878174 -0.60331124
v 0.01928473 0.11532033 -0.59863728
v 0.02203199 0.12086306 -0.62554979
v 0.04602587 0.10241215 -0.63084763
v -0.01121456 0.12046126 -0.59213668
v -0.00956660 0.12765732 -0.61982733
v -0.04548393 0.10365537 -0.53217095
v -0.07225161 0.08830950 -0.52928406
v -0.07464501 0.09643707 -0.55606163
v -0.04556039 0.11084519 -0.55921626
v -0.01342692 0.10815386 -0.53819269
v -0.01188305 0.11391453 -0.56498343
v 0.01831269 0.10955784 -0.57091522
v 0.01577905 0.10440975 -0.54399651
v 0.03754796 0.09118833 -0.55023354
v 0.04100721 0.09506597 -0.57682532
v 0.05672338 0.07397646 -0.58056843
v 0.05299451 0.07255507 -0.55428624
v 0.06262994 0.04957848 -0.58364522
v 0.05902932 0.02415426 -0.58642763
v 0.05663643 0.02678816 -0.55951363
v 0.05880282 0.05053680 -0.55720156
v 0.03257511 -0.01164921 -0.55835044
v 0.04843350 0.00509042 -0.55967951
v 0.04785197 0.00111022 -0.58690482
v 0.02897772 -0.01546291 -0.58578622
v 0.04587353 0.00219216 -0.45203930
v 0.04856837 0.02130649 -0.45449370
v 0.04996701 0.01550677 -0.48103040
v 0.04460741 -0.00358481 -0.47980988
v 0.05188888 0.03873318 -0.45563841
v 0.05102266 0.05648467 -0.45540464
v 0.05007668 0.05348399 -0.48106056
v 0.05053411 0.03522742 -0.48178136
v 0.02642328 0.08322596 -0.47457755
v 0.04248620 0.07004202 -0.47882718
v 0.04229319 0.07275324 -0.45357919
v 0.02544530 0.08488275 -0.44883555
v 0.00584278 0.09489015 -0.44398135
v 0.00719890 0.09537878 -0.46814567
v -0.01674698 0.09227157 -0.43819565
v -0.01650780 0.09650964 -0.46152812
v -0.04150903 0.08246443 -0.45675075
v -0.04041649 0.07867431 -0.43400013
v -0.00179627 -0.02234378 -0.44099158
v 0.01898654 -0.02189427 -0.44577199
v 0.01246020 -0.02626662 -0.47347260
v -0.00768761 -0.02520744 -0.46766967
v -0.04868409 0.00122555 -0.45886302
v -0.06968287 0.01762021 -0.45593059
v -0.05956585 0.01587654 -0.43140048
v -0.03784217 0.00065267 -0.43235749
v -0.01406928 0.10213761 -0.51149905
v -0.04489732 0.09603849 -0.50519878
v 0.03332178 0.08716553 -0.52456498
v 0.01251280 0.09952532 -0.51846921
v 0.03597895 -0.00850128 -0.53241390
v 0.04812992 0.00906994 -0.53384894
v -0.02610399 -0.02430768 -0.52148050
v -0.00318626 -0.02601458 -0.52659047
v -0.08449805 0.05381053 -0.50436091
v -0.07016105 0.07948130 -0.50350690
v -0.06827155 0.07201390 -0.47811574
v -0.08197208 0.04733069 -0.47798079
v -0.01524895 0.09902190 -0.48653650
v 0.00969009 0.09657273 -0.49334902
v 0.02928653 0.08422097 -0.49982697
v 0.04468554 0.06978893 -0.50409722
v 0.05106335 0.05201228 -0.50679141
v 0.05123117 0.03206362 -0.50759482
v 0.04887579 0.01228511 -0.50767004
v 0.04005060 -0.00615350 -0.50707990
v 0.00464708 -0.02615939 -0.50027931
v -0.01647637 -0.02463920 -0.49435943
v -0.07770313 0.04237975 -0.45362395
v -0.06499063 0.06679232 -0.45417905
v -0.05953896 0.06517695 -0.43217069
v -0.06804694 0.03922811 -0.43159938
v -0.05853552 0.03799629 -0.40993005
v -0.04987227 0.01724339 -0.40958071
v 0.05373023 0.04312169 -0.42899108
v 0.05119743 0.05968406 -0.42868435
v 0.04235284 0.07563162 -0.42686915
v 0.00680019 0.09649340 -0.41939878
v -0.01857866 0.08981054 -0.41313273
v -0.03998779 0.07588181 -0.40916091
v -0.05440760 0.06057767 -0.41032511
v 0.02415033 -0.00892119 -0.39184946
v 0.02073119 -0.01423064 -0.41939718
v 0.00264123 -0.01636245 -0.41545719
v 0.00553854 -0.00988552 -0.38827914
v 0.05072221 0.01152033 -0.39684850
v 0.05972002 0.02819474 -0.39953256
v 0.04883316 0.02589119 -0.42720127
v 0.04294490 0.00960451 -0.42477077
v 0.06228326 0.04728087 -0.40099430
v 0.05770071 0.06599141 -0.40134883
v 0.04783078 0.08268155 -0.40037680
v 0.02763809 0.08897068 -0.42420423
v 0.03060904 0.09525391 -0.39802784
v 0.00656940 0.09792492 -0.39275557
v -0.02332247 0.09010255 -0.38664967
v -0.04005252 0.07114194 -0.35246724
v -0.04130726 0.06762271 -0.38156790
v -0.02345586 0.09303118 -0.35844523
v -0.02641401 0.04524102 -0.25807095
v -0.02740894 0.06981974 -0.26033556
v -0.02095275 0.06589407 -0.22726536
v -0.02059488 0.04436386 -0.22474802
v 0.00934022 -0.00730601 -0.35946691
v 0.03060946 -0.00783731 -0.36189723
v 0.06012602 0.01165274 -0.36722106
v 0.06932700 0.03041301 -0.37028080
v 0.01006673 0.10668122 -0.33453256
v 0.00610836 0.10265265 -0.36440635
v 0.03296272 0.10033262 -0.36990821
v 0.03731968 0.10409243 -0.33910471
v 0.02048012 -0.00841586 -0.26473039
v 0.04155214 -0.00861554 -0.26613921
v 0.03965505 -0.01017441 -0.29898703
v 0.01714270 -0.00970023 -0.29694033
v 0.06655777 0.01028699 -0.33545828
v 0.07081635 0.00993825 -0.30343562
v 0.08041590 0.02877299 -0.30603498
v 0.07648637 0.02962865 -0.33854592
v 0.01646575 0.10345151 -0.26800340
v 0.01359166 0.10716098 -0.30239099
v 0.04071778 0.10534191 -0.30591983
v 0.04242279 0.10218610 -0.27090067
v -0.01897571 0.09642538 -0.32915014
v -0.01399866 0.09614145 -0.29767895
v -0.03240688 0.07348613 -0.29257053
v -0.03728931 0.07227332 -0.32365483
v -0.03209757 0.04634386 -0.29090023
v -0.03642639 0.04467285 -0.32157224
v -0.08352959 -0.04493542 -0.75398052
v -0.06350976 -0.04295223 -0.74385494
v -0.04766456 -0.04104315 -0.74416900
v 0.04039626 0.00385386 -0.19448721
v 0.04130717 -0.00271086 -0.23134685
v 0.02172571 -0.00277233 -0.22861433
v 0.02309597 0.00377017 -0.19196045
v 0.08089187 0.03022308 -0.27110159
v 0.07210394 0.01162400 -0.26954240
v 0.06863677 0.01591913 -0.23358202
v 0.07638187 0.03297754 -0.23514664
v 0.02059068 0.08990808 -0.19407129
v 0.01888786 0.09745414 -0.23175693
v 0.04260705 0.09616800 -0.23298109
v 0.04239254 0.08857865 -0.19610918
v -0.01411310 0.06237360 -0.19076419
v -0.00622683 0.08684000 -0.23018837
v -0.00083483 0.08147126 -0.19269359
v -0.01078407 0.05652587 -0.15508056
v -0.01043993 0.03831770 -0.15333164
v -0.01467977 0.04202788 -0.18907082
v 0.02373303 0.00901818 -0.15728915
v 0.03925493 0.00758034 -0.15877163
v 0.06778812 0.03308101 -0.16362178
v 0.07099739 0.03458030 -0.19918728
v 0.06394154 0.01920247 -0.19757664
v 0.06068689 0.01940304 -0.16091537
v 0.06782292 0.06792906 -0.19774628
v 0.07246184 0.05169063 -0.19822085
v 0.06900141 0.04931317 -0.16367173
v 0.06403339 0.06408812 -0.16227901
v 0.04133161 0.07968070 -0.16121066
v 0.05781636 0.08086090 -0.19700313
v 0.05471481 0.07367113 -0.16181219
v 0.02089208 0.08247977 -0.16018319
v 0.00080494 0.07511803 -0.15787363
v 0.01168050 -0.03051195 -0.73750848
v -0.01789998 -0.03554804 -0.72781253
v -0.00553070 -0.03358091 -0.71995062
v 0.02415945 -0.02378099 -0.73180729
v -0.08358394 -0.00349252 -0.62996358
v -0.07576428 -0.00609704 -0.60086113
v -0.05958299 -0.01138003 -0.54369211
v -0.06910407 -0.00804291 -0.57210386
v -0.04889573 -0.01300187 -0.51576608
v -0.03840087 -0.01403438 -0.48778498
v -0.02751342 -0.01576690 -0.46135789
v -0.01947851 -0.01434148 -0.43594670
v -0.01525716 -0.00881052 -0.41091317
v -0.01444534 -0.00323173 -0.38409728
v -0.00767547 0.00164525 -0.32690752
v 0.01347499 -0.00832716 -0.32895023
v -0.01146556 0.00101095 -0.35657859
v -0.00147552 0.00209425 -0.26208979
v -0.00455585 0.00100706 -0.29529268
v 0.00236319 0.00634382 -0.22629535
v 0.00641080 0.01100040 -0.18901968
v 0.00899650 0.01551007 -0.15457022
v -0.11801171 0.03875130 -0.73029310
v -0.10759073 0.00944353 -0.72524554
v -0.11043172 0.01288357 -0.74196631
v -0.11835474 0.04135989 -0.75171268
v -0.05662481 -0.03288581 -0.73940402
v -0.04138459 -0.03577147 -0.74046278
v -0.04455471 -0.03766086 -0.74324793
v -0.05941308 -0.03567057 -0.74228078
v -0.04359055 0.08893955 -0.48071444
v 0.04796553 0.07135134 -0.52885628
v 0.05427478 0.05105150 -0.53170615
v 0.05279098 0.03033194 -0.53388506
v -0.03260250 -0.03923045 -0.74761260
v -0.07038391 0.00299563 -0.51035875
v -0.08450668 0.02563313 -0.50665903
v -0.07791482 0.02051893 -0.48055547
v -0.06068979 -0.00092145 -0.48298228
v -0.03891708 0.04136869 -0.34809184
v -0.02457872 0.02078333 -0.32367456
v -0.02889035 0.01831834 -0.35194248
v -0.04330431 0.03997586 -0.37186247
v 0.06551435 0.07251168 -0.37313443
v 0.05343753 0.08939254 -0.37244380
v 0.07342602 0.07548809 -0.34269959
v 0.07062697 0.05199070 -0.37245220
v 0.07901853 0.05262320 -0.34122807
v -0.08872427 0.01248197 -0.56411690
v -0.09803621 0.03914216 -0.55960739
v -0.09096596 0.03239507 -0.53316009
v -0.07956585 0.00706267 -0.53728014
v 0.01411483 0.11558674 -1.04721427
v 0.03183066 0.10292087 -1.05329835
v -0.12744632 0.12184898 -1.14449430
v -0.10939378 0.12379012 -1.13358104
v -0.12006523 0.10905412 -1.12650800
v -0.13504937 0.10969897 -1.13746870
v -0.12097009 0.13162912 -1.15458012
v -0.10249572 0.13436343 -1.14371526
v -0.11446518 0.13901512 -1.16721737
v 0.04927687 0.01368029 -1.36789989
v 0.04468841 0.01350661 -1.37978280
v -0.09670076 0.14266050 -1.15647602
v -0.07530267 0.16234978 -1.21442842
v -0.07034789 0.16529471 -1.21958113
v -0.16180629 0.02085969 -1.10484433
v -0.16406900 -0.00365463 -1.10572290
v -0.15636879 -0.00096222 -1.12601507
v -0.15636574 0.02323963 -0.92241168
v -0.12629822 0.00213668 -0.81296587
v -0.13247105 0.01180517 -0.83832347
v -0.12764058 0.03713444 -0.84179866
v -0.09772971 -0.03624864 -0.76271462
v 0.07249103 0.06149665 -1.13495195
v 0.07017788 0.05754680 -1.11258221
v 0.06727912 0.05285838 -1.31203365
v 0.06761228 0.03268253 -1.30850613
v 0.05806360 0.05303121 -1.33926332
v 0.05353472 0.05222893 -1.35137606
v 0.05530777 0.03299632 -1.34767139
v -0.17075434 -0.03412587 -1.05942190
v -0.17253059 -0.03522877 -1.03747022
v 0.05937301 0.03336498 -1.33585191
v 0.03497659 0.03094723 -1.39351606
v -0.15428078 -0.02598265 -1.12578046
v -0.16104178 -0.02890052 -1.10491133
v 0.02854533 0.02656587 -1.40415275
v -0.03705237 -0.03551994 -0.73690420
v -0.01464666 -0.03582719 -0.74236983
v -0.02403162 -0.03657695 -0.74403393
v -0.08506200 -0.01686241 -0.70487666
v -0.06231289 -0.03091577 -0.70585042
v -0.06936977 -0.02876924 -0.71834606
v -0.09132883 -0.01383067 -0.72033411
v -0.05275683 0.14829336 -0.74507797
v -0.01377477 0.15675323 -0.75023758
v 0.08276277 0.05405921 -0.72125375
v -0.01466256 0.28807417 -1.15130186
v -0.00749114 0.29622298 -1.15989649
v -0.00396387 0.27755433 -1.17166615
v -0.01210309 0.26983035 -1.16369450
v 0.08246810 0.07403793 -1.21143973
v 0.07794429 0.07900228 -1.18363261
v -0.04909481 0.08943722 -1.37879503
v -0.05177967 0.16198860 -1.37009275
v -0.07508757 0.15433896 -1.35750294
v -0.07067087 0.14549093 -1.36073840
v -0.04778991 0.15163821 -1.37369347
v -0.01798664 -0.03701339 -0.75099033
v 0.02812869 0.16328920 -1.32668412
v 0.01577767 0.16490990 -1.34322250
v 0.02320059 0.15399183 -1.34532475
v 0.03617036 0.15139842 -1.32798290
v 0.12917688 0.02273761 -0.87284774
v 0.12588334 0.05276017 -0.87038112
v 0.06241389 0.03471278 -1.05193794
v 0.06028798 0.05475904 -1.04812777
v 0.06359857 0.05374520 -1.06887865
v 0.03578625 -0.02955333 -0.75188863
v 0.04720154 -0.02775621 -0.75598931
v 0.06591488 0.03434189 -1.07315588
v 0.07400341 0.10334034 -1.19476879
v 0.06409914 0.11596603 -1.17658222
v -0.16182505 0.01368378 -1.21371353
v -0.16501406 0.03060522 -1.21636498
v -0.17169961 0.02980583 -1.19814575
v -0.16718426 0.01306047 -1.19409704
v 0.00674263 0.27001476 -1.21539211
v 0.01142952 0.24939990 -1.21742606
v 0.00740597 0.24490425 -1.20324421
v 0.00503561 0.26434565 -1.19502926
v 0.02981812 0.14784242 -0.75643313
v 0.06400442 0.12374788 -0.74261653
v -0.00200411 0.12927279 -1.07449400
v 0.02140798 0.12006802 -1.08074343
v 0.01758958 0.11526391 -1.06375945
v -0.00487116 0.12531415 -1.05741823
v -0.00448624 0.14231379 -1.12096941
v -0.00239240 0.13643050 -1.10654938
v -0.00555742 0.14997792 -1.13450694
v -0.00651749 0.18547706 -1.21353221
v -0.00496481 0.18803173 -1.21556473
v 0.00253086 0.18817587 -1.21879089
v -0.10382748 0.00573991 -0.70518517
v -0.11240413 0.00990055 -0.77072263
v -0.11622721 0.00188640 -0.78293139
v -0.03039362 -0.03673783 -0.74642229
v -0.04993038 0.06524526 -1.39820492
v -0.06345273 0.05810294 -1.39253891
v -0.02527765 0.20562670 -1.20616829
v -0.02254877 0.21720318 -1.19512224
v -0.03550529 0.17151080 -1.20624328
v -0.01965800 0.17556494 -1.20400941
v -0.02140021 0.17292650 -1.19950867
v -0.03845219 0.16920023 -1.20144475
v -0.00606419 0.17837539 -1.20520020
v -0.00654346 0.17529480 -1.20102525
v -0.11919645 0.12090564 -1.27868426
v -0.10874748 0.12495559 -1.29649472
v -0.10868037 0.13499513 -1.29054439
v -0.11791293 0.13160808 -1.27307677
v -0.12055414 0.10855250 -1.28128970
v -0.12239853 0.09401188 -1.28260994
v -0.11065196 0.09852152 -1.30121338
v -0.10948063 0.11309631 -1.29976928
v -0.08499502 0.06455018 -1.35015416
v -0.07193372 0.08376657 -1.35813642
v -0.09252127 0.04344283 -1.34395576
v -0.09670781 0.02473814 -1.33986759
v 0.04105952 0.03326591 -1.38273489
v 0.04673575 0.03295262 -1.37036645
v 0.04291034 0.05279091 -1.37409425
v 0.03564104 0.05493470 -1.38503563
v -0.07138681 0.05045263 -1.38028193
v -0.07863033 0.03730480 -1.37335265
v -0.08519154 0.02338077 -1.35928738
v -0.07719508 0.28531459 -1.23335445
v -0.07890630 0.30060592 -1.21639466
v -0.01962073 0.06927698 -1.41146970
v -0.03528361 0.06951277 -1.40526152
v -0.06258476 0.29352012 -1.24080002
v -0.06488455 0.30844057 -1.22310984
v -0.06782340 0.13519244 -1.36189973
v -0.08607226 0.13812338 -1.33938086
v -0.08416255 0.12720357 -1.34031379
v -0.07438392 0.04714907 -1.38906908
v -0.08073169 0.03594966 -1.38246346
v -0.02461025 0.15545860 -0.78472447
v -0.05904257 0.14786091 -0.77893442
v -0.08286989 0.12137850 -1.02464545
v -0.05859986 0.12944461 -1.02974081
v -0.17323950 -0.00994601 -1.05899930
v -0.17479348 -0.01278404 -1.03545928
v -0.08971164 0.01138298 -1.38556886
v -0.17025134 0.00736435 -0.98679364
v -0.17142908 -0.01586587 -0.98375666
v -0.17416173 -0.01453010 -1.01069391
v -0.17208962 0.00791731 -1.01152754
v -0.16729885 -0.02711767 -0.94726312
v -0.16814889 -0.02506293 -0.95909226
v -0.12308494 -0.03356081 -0.79859340
v -0.12321597 -0.02091496 -0.79752481
v -0.09430492 0.21249281 -1.26241779
v -0.09004085 0.22021107 -1.28140426
v -0.08886011 0.23219225 -1.26833582
v -0.09370600 0.22338429 -1.25053406
v -0.16360156 0.02790744 -0.98889649
v -0.15117882 0.04875668 -0.99088252
v -0.07832566 0.15911892 -1.20733309
v -0.09597512 0.15599765 -1.21501112
v -0.15728757 -0.00014581 -1.14436603
v -0.17388648 0.04665145 -1.20149064
v -0.16661036 0.04809766 -1.21753347
v -0.16571316 0.06471039 -1.21822929
v -0.17328143 0.06282792 -1.20340884
v -0.02083252 -0.03559740 -0.74720544
v 0.01076631 0.23375854 -1.28127301
v 0.00562619 0.24410415 -1.27778459
v -0.00023966 0.24447423 -1.28709233
v 0.00470551 0.23443876 -1.29174101
v -0.03522093 -0.03595875 -0.71056563
v -0.02436488 -0.03609528 -0.69533348
v 0.04661293 -0.01473125 -0.73913348
v 0.03141893 -0.02693528 -0.74543387
v -0.10786057 0.02585198 -0.65047234
v -0.11293151 0.03075009 -0.67869121
v -0.10192496 0.02104991 -0.62134212
v -0.09546742 0.01649690 -0.59224266
v -0.03210055 0.00542843 -0.40799987
v -0.03408102 0.01492164 -0.38068277
v -0.01975361 0.02247966 -0.29255408
v 0.06515273 -0.02564036 -0.75475913
v -0.01506835 0.02333764 -0.25950956
v -0.01029572 0.02446483 -0.22498178
v -0.00534216 0.02445046 -0.18808687
v -0.00269974 0.02527547 -0.15289629
v -0.04873735 0.31458667 -1.22365224
v -0.04424626 0.29953301 -1.24267852
v -0.02671675 0.30178180 -1.23506117
v -0.03324826 0.31793067 -1.21743429
v -0.03500834 0.24202059 -1.17260838
v -0.05011708 0.23836057 -1.17729354
v -0.05082890 0.25359449 -1.16292584
v -0.03604101 0.25734475 -1.15995634
v -0.03709738 0.27316275 -1.14570451
v -0.02468432 0.27988532 -1.14669204
v -0.02292170 0.26261485 -1.16017914
v -0.00405673 0.30420515 -1.17218983
v -0.00539175 0.31070727 -1.18544054
v 0.00045929 0.29201367 -1.19978428
v 0.00073595 0.28443792 -1.18374395
v -0.02004300 0.31759709 -1.20851278
v -0.01340213 0.30080041 -1.22389567
v -0.00420745 0.29707217 -1.21219969
v -0.01037665 0.31470251 -1.19732749
v -0.08012479 0.26902387 -1.16189158
v -0.06693710 0.26743802 -1.15273404
v -0.06605665 0.25173977 -1.16886640
v -0.07957032 0.25306019 -1.17828798
v -0.07905763 0.23047231 -1.29901767
v -0.07819320 0.24259923 -1.28345501
v -0.08063347 0.17165713 -1.23691761
v -0.09420371 0.17225495 -1.24830365
v -0.08974473 0.18004842 -1.24490976
v -0.07386230 0.17402680 -1.23479271
v -0.08734210 0.25960699 -1.23860872
v -0.08835468 0.24486335 -1.25402653
v -0.07750282 0.25478369 -1.26728964
v -0.07685148 0.26934806 -1.25004697
v -0.07890907 0.23730949 -1.19406617
v 0.02356520 -0.03153929 -0.75190413
v -0.06541045 0.23645498 -1.18430626
v -0.06551278 0.22027461 -1.19884610
v -0.07968080 0.22099765 -1.20790970
v -0.00137822 0.25874770 -1.18308389
v 0.00001175 0.24028422 -1.19274509
v -0.09372725 0.20430970 -1.24437082
v -0.09144071 0.21469334 -1.23290873
v -0.09835856 0.15205383 -1.20560825
v -0.04308183 0.16553220 -1.18775439
v -0.04101431 0.16733575 -1.19540846
v -0.14724934 0.11176445 -1.15147424
v -0.15278630 0.11431102 -1.16629112
v -0.07474292 0.14789765 -1.14883327
v -0.07002150 0.15369512 -1.16448331
v -0.14053366 0.12072732 -1.15684366
v -0.14660972 0.11988796 -1.16679370
v -0.14446086 0.06232391 -1.09821069
v -0.08998753 0.02374833 -1.35017502
v -0.09286948 0.23502581 -1.23676574
v -0.08920074 0.22612488 -1.22069979
v 0.01157105 0.21872328 -1.22397423
v 0.00575928 0.21471442 -1.21584225
v 0.00748387 0.22841582 -1.21008182
v 0.08332602 -0.02304710 -0.76408142
v 0.10071503 -0.01993035 -0.77919555
v 0.01244907 0.23312725 -1.22071064
v 0.05976283 0.13733165 -1.21452725
v 0.06726744 0.12220008 -1.20465493
v 0.05727419 0.13181047 -1.18914115
v 0.05021410 0.14466529 -1.20082664
v -0.01590256 0.24657726 -1.29885066
v -0.02726870 0.25003606 -1.30049729
v -0.02497358 0.23863308 -1.31248879
v -0.01250764 0.23630498 -1.30773604
v -0.04271113 0.25149101 -1.29994202
v -0.06124270 0.25001919 -1.29481471
v -0.06090029 0.23806562 -1.31078136
v -0.04120845 0.23945889 -1.31466651
v 0.02378636 0.14919715 -0.82532632
v -0.00486519 0.15257457 -0.82033265
v -0.10375609 0.10486502 -0.94571584
v -0.12000567 0.08605561 -0.93834311
v -0.11849971 0.06358146 -0.85050130
v -0.09759853 -0.01079107 -0.74414307
v -0.07453404 -0.02777497 -0.73550689
v -0.01405334 -0.03560026 -0.67313373
v -0.03762848 0.15496692 -0.81527948
v -0.00622318 -0.03243794 -0.64464486
v 0.00048779 -0.02771171 -0.61448157
v 0.06134550 0.02105671 -0.61385578
v 0.06540714 0.04905304 -0.61094970
v 0.06793017 0.04811493 -0.63973182
v 0.06304589 0.01718764 -0.64471751
v 0.05914543 0.07600747 -0.60718584
v 0.06162845 0.07762854 -0.63481754
v -0.08792458 0.06220205 -0.53053772
v 0.08338705 0.05227638 -0.30823249
v 0.07736208 0.07344922 -0.27292562
v 0.07775050 0.07558987 -0.30917996
v 0.08293574 0.05188174 -0.27235180
v 0.06292543 0.09412724 -0.30862826
v 0.05943753 0.09298923 -0.34179795
v -0.01067655 0.09247486 -0.26480269
v 0.07798258 0.05276574 -0.23598588
v 0.07252087 0.07129353 -0.23529077
v 0.06019592 0.08683069 -0.23515546
v 0.06292642 0.09154448 -0.27243710
v -0.04486969 -0.03541630 -0.72096682
v -0.08702113 0.12750539 -0.74064052
v -0.08943627 0.12579112 -0.77099538
v -0.11699097 0.07133909 -0.78454900
v -0.11803912 0.04165334 -0.77162015
v -0.13588563 0.07085218 -1.01404917
v -0.12094961 0.09039274 -1.01597571
v -0.11739252 0.09311926 -1.05751228
v -0.09981197 0.10930049 -1.05976844
v -0.10164015 0.10832778 -1.03976905
v -0.11913316 0.09164588 -1.03644741
v -0.05397227 0.13022819 -1.06584787
v -0.02750660 0.13278840 -1.06965065
v -0.02984381 0.13047220 -1.05227125
v -0.05588676 0.12890030 -1.04782867
v -0.03274525 0.13107528 -1.03526819
v -0.00780442 0.12606336 -1.04077137
v 0.05975553 0.07261128 -1.08415163
v 0.04933211 0.08869843 -1.07764149
v 0.05352501 0.09193513 -1.09697044
v 0.06313996 0.07537533 -1.10503531
v -0.12032560 -0.00989567 -0.79216373
v -0.05499285 -0.03365949 -0.73419541
v -0.11649361 0.03529732 -0.70559382
v -0.12022685 0.07099066 -0.73392224
v -0.10991575 0.10192879 -0.73654592
v -0.03846498 0.20258152 -1.20943546
v 0.03302959 0.16884127 -1.22173405
v 0.03835282 0.16768202 -1.23240316
v -0.04241020 0.26530311 -1.28308463
v -0.06062468 0.26347539 -1.27764010
v -0.08215851 0.20702261 -1.21944678
v -0.09117538 0.21014117 -1.29358649
v -0.09571379 0.20217234 -1.27333260
v -0.09803378 0.19197673 -1.28406572
v -0.10706295 0.09426133 -0.84046829
v -0.09262569 0.12307849 -0.82713866
v -0.10603528 0.09621538 -0.81881738
v 0.01710692 -0.03167171 -0.74691242
v -0.11259254 0.01382715 -0.75718844
v 0.00599254 -0.02437964 -0.58479095
v 0.01161348 -0.02188350 -0.55712956
v 0.01763093 -0.02026143 -0.53054237
v 0.02441005 -0.01984770 -0.50410098
v 0.03120679 -0.01847169 -0.47710812
v 0.03568894 -0.01302380 -0.45013803
v 0.03478349 -0.00502774 -0.42252195
v 0.03938708 -0.00135513 -0.39469403
v 0.03553333 -0.00904195 -0.33097172
v 0.05276447 -0.00252699 -0.33307964
v 0.04697234 -0.00138815 -0.36491430
v 0.05684648 -0.00311830 -0.30056542
v 0.05816153 -0.00117201 -0.26764059
v 0.05654519 0.00397312 -0.23228276
v 0.05115577 0.01238802 -0.16051173
v 0.05357180 0.01004712 -0.19625258
v -0.00943867 -0.03533459 -0.74894601
v 0.00307041 -0.03355074 -0.74774098
v -0.08200052 0.11306199 -1.34061623
v -0.05652428 0.16539963 -1.20730138
v -0.05229787 0.16734138 -1.21173155
v -0.08497283 0.19650920 -1.23001051
v -0.00695345 0.28432989 -1.23735201
v -0.01952855 0.28630859 -1.25079203
v -0.06639297 0.20549589 -1.21193659
v -0.05810927 0.17126960 -1.22732961
v -0.06486381 0.17005709 -1.22677171
v -0.10907844 0.42899042 -1.06913722
v -0.09931722 0.43675214 -1.07504082
v -0.10436216 0.44565618 -1.05706763
v -0.11251283 0.43735933 -1.05134261
v -0.11334104 0.41874191 -1.06081498
v -0.11542862 0.42756063 -1.04360342
v -0.06956745 0.39184332 -1.02396274
v -0.08348414 0.39053762 -1.02857304
v -0.08480284 0.40437856 -1.01467013
v -0.07139012 0.40641224 -1.01070499
v -0.11526646 0.42771542 -1.01904249
v -0.10828552 0.42134959 -1.01184666
v -0.10712988 0.41032404 -1.02739680
v -0.11368529 0.41802442 -1.03528214
v -0.04498733 0.40705884 -1.03022408
v -0.04015783 0.41646069 -1.03951120
v -0.03576765 0.40158418 -1.05117631
v -0.04191617 0.39176336 -1.04167509
v -0.07212049 0.33888623 -1.08461452
v -0.05894115 0.33916292 -1.07730210
v -0.06222039 0.32878217 -1.08872879
v -0.07468738 0.32969901 -1.09768665
v -0.10142668 0.41091028 -1.10531271
v -0.08885968 0.41671333 -1.11024213
v -0.09413017 0.42712066 -1.09295058
v -0.10541046 0.41992381 -1.08712041
v -0.10358917 0.37744859 -1.07662010
v -0.09401378 0.36877018 -1.06734848
v -0.09267023 0.35797831 -1.08572543
v -0.10090087 0.36739278 -1.09611440
v -0.09596230 0.40117317 -1.12466657
v -0.08218443 0.40566748 -1.12665629
v -0.10645457 0.39900243 -1.04304564
v -0.09580679 0.39328432 -1.03539979
v -0.09513676 0.38070798 -1.05076015
v -0.10536257 0.38826913 -1.05930829
v -0.05504247 0.43515354 -1.00651777
v -0.05266594 0.44395852 -1.01500940
v -0.04602798 0.43063462 -1.02739024
v -0.04957951 0.42165568 -1.01843607
v -0.09820131 0.41842434 -1.00618207
v -0.08657219 0.41795453 -1.00123513
v -0.09679530 0.40586662 -1.02062452
v -0.08593614 0.46351188 -1.04246473
v -0.09851970 0.46003503 -1.04229760
v -0.09218858 0.45076412 -1.05991828
v -0.07831245 0.45336598 -1.05952024
v -0.06866647 0.36329123 -1.05277431
v -0.08217542 0.36388165 -1.05901897
v -0.08273809 0.37693462 -1.04326916
v -0.06878112 0.37746364 -1.03809822
v -0.10855460 0.40006828 -1.09689474
v -0.11116836 0.40947056 -1.07843173
v -0.07085685 0.44265363 -1.07586014
v -0.08582751 0.44100630 -1.07757282
v -0.07943427 0.43019804 -1.09431505
v -0.06354117 0.43065605 -1.09171724
v -0.04357801 0.41328421 -1.09805882
v -0.03581616 0.40472862 -1.08671296
v -0.04161199 0.41939333 -1.07444429
v -0.05052543 0.42674631 -1.08472013
v -0.06987362 0.35030860 -1.06897521
v -0.05537488 0.35238630 -1.06387639
v -0.04042967 0.37606150 -1.05350149
v -0.03260746 0.38605446 -1.06265020
v -0.03100540 0.37004858 -1.07352388
v -0.04062448 0.35989556 -1.06508422
v -0.09743445 0.36113471 -1.14208817
v -0.09300800 0.37194005 -1.15100348
v -0.09922735 0.38090789 -1.13574600
v -0.10233538 0.36946243 -1.12606859
v -0.08916000 0.39019343 -1.14176357
v -0.08094381 0.37970015 -1.15653002
v -0.05474849 0.36335054 -1.17325175
v -0.04336451 0.36176831 -1.16700315
v -0.04736744 0.36905965 -1.15877664
v -0.05938672 0.37230283 -1.16516876
v -0.02889338 0.38538432 -1.12032485
v -0.02492186 0.37380227 -1.10748267
v -0.03013998 0.38945323 -1.09759760
v -0.03612017 0.39953989 -1.11011016
v -0.02356428 0.34983951 -1.10134184
v -0.03174839 0.34134963 -1.08979201
v -0.03052703 0.35427442 -1.08268523
v -0.02476759 0.36397505 -1.09449303
v -0.02620052 0.30956742 -1.12407863
v -0.03760486 0.30218747 -1.11929309
v -0.03779951 0.31160015 -1.11031950
v -0.02687537 0.31973392 -1.11605775
v -0.06712144 0.29517585 -1.12508297
v -0.07941106 0.29759139 -1.13402200
v -0.07902072 0.30653608 -1.12445533
v -0.06697381 0.30410400 -1.11567998
v -0.08503656 0.33092496 -1.18324375
v -0.07173328 0.33853972 -1.19145453
v -0.07680012 0.34711441 -1.18229806
v -0.08826480 0.33814612 -1.17284942
v -0.02370369 0.37278199 -1.12816942
v -0.02047600 0.35843599 -1.11580634
v -0.06585961 0.31197631 -1.10710669
v -0.07764471 0.31394580 -1.11587381
v -0.07622851 0.32162413 -1.10752439
v -0.06449845 0.31987482 -1.09849250
v 0.06841794 0.01381489 -1.30702496
v 0.06473578 0.01391606 -1.32099819
v -0.08867373 0.32703385 -1.14027011
v -0.09215783 0.33529544 -1.15078962
v -0.09287119 0.34288046 -1.14127278
v -0.08799200 0.33397454 -1.12981403
v -0.09111418 0.34544423 -1.16288328
v -0.08209772 0.35486379 -1.17236006
v -0.08703937 0.36311164 -1.16193056
v -0.09396091 0.35295370 -1.15244317
v -0.02698337 0.36187232 -1.14570987
v -0.01905276 0.35818639 -1.13658476
v -0.16344199 -0.04095978 -0.93473989
v -0.16437480 -0.04027449 -0.94664943
v -0.02086558 0.36537820 -1.13344312
v -0.02926293 0.36899218 -1.14234686
v -0.02516533 0.33865178 -1.10590804
v -0.03440265 0.33042672 -1.09627354
v 0.09480266 -0.00712460 -0.96085739
v 0.08397012 -0.00741738 -0.97759318
v -0.08794923 0.34250262 -1.11852336
v -0.08316801 0.33463439 -1.10791063
v -0.08376623 0.32670450 -1.11819196
v -0.07415091 0.37044504 -1.16703629
v -0.01819741 0.31795099 -1.13119733
v -0.01256566 0.32590780 -1.13966632
v -0.01027135 0.31375813 -1.14826655
v -0.01665933 0.30592948 -1.13941443
v -0.02590285 0.29774168 -1.13358462
v -0.03778137 0.29069421 -1.13070047
v -0.06727504 0.28300887 -1.13733411
v -0.07996941 0.28488782 -1.14633274
v -0.08907946 0.29066810 -1.15896416
v -0.09279980 0.29874548 -1.17398822
v -0.09135269 0.31299981 -1.16122770
v -0.08773357 0.30395135 -1.14656389
v -0.06810397 0.32454196 -1.20618856
v -0.08182278 0.31626052 -1.19961083
v -0.05313555 0.33021942 -1.20562971
v -0.05819394 0.34294143 -1.19258440
v -0.05135968 0.31404042 -1.10182452
v -0.14216502 -0.04343030 -0.85770315
v -0.13440746 -0.04415786 -0.83633566
v -0.05239119 0.30591941 -1.11023688
v -0.05756473 0.43962860 -1.07036638
v -0.04820103 0.43314999 -1.06118023
v -0.05541454 0.44578353 -1.04707253
v -0.06535617 0.45159885 -1.05489826
v -0.05602641 0.45138529 -1.02405810
v -0.04860611 0.43897718 -1.03755581
v -0.11248388 0.40831351 -1.05185735
v -0.11123689 0.39839953 -1.06894112
v -0.11812393 0.43608567 -1.02672482
v -0.09399622 0.35097644 -1.12935245
v -0.09697291 0.35864046 -1.11459196
v -0.03339092 0.35842168 -1.15917552
v -0.03888887 0.35424712 -1.17470348
v -0.02872016 0.35187417 -1.16640091
v -0.04136929 0.39135748 -1.13098419
v -0.05893514 0.39252388 -1.13817966
v -0.04956045 0.37785444 -1.14800560
v -0.03453069 0.37845179 -1.13875020
v -0.01760072 0.35072714 -1.14001834
v -0.02429070 0.35538143 -1.15023649
v -0.02044484 0.34814441 -1.15614259
v -0.01495831 0.34276715 -1.14475763
v -0.09173734 0.32846019 -1.16090775
v -0.09083909 0.32131952 -1.17277706
v -0.03377609 0.34510183 -1.18274927
v -0.04555120 0.34512901 -1.18860185
v -0.03940124 0.33364519 -1.19999194
v -0.02705772 0.33337042 -1.19322348
v -0.05052389 0.35430095 -1.18068981
v -0.02337787 0.34348205 -1.17426527
v -0.01724343 0.33138910 -1.18412697
v -0.09021731 0.30776268 -1.18828821
v -0.01184475 0.33327660 -1.15135670
v -0.01593885 0.33936840 -1.16349614
v -0.01097398 0.32709762 -1.17283463
v -0.00831962 0.32103962 -1.16013420
v -0.04205572 0.42519739 -1.05057228
v -0.03656957 0.41099387 -1.06290638
v -0.04597735 0.33311310 -1.08462417
v -0.04255541 0.34465751 -1.07534647
v -0.04915971 0.32328847 -1.09344447
v -0.05556803 0.39795914 -1.02421010
v -0.05845632 0.41273195 -1.01207209
v -0.05370676 0.36731738 -1.04992533
v -0.05394895 0.38257402 -1.03676510
v -0.05637925 0.41829342 -1.10623288
v -0.02056508 0.33700043 -1.11938429
v -0.02675866 0.32915947 -1.11005914
v -0.02000000 0.34597439 -1.11652553
v -0.05250037 0.28513011 -1.13238001
v -0.05250863 0.29699501 -1.11964238
v -0.01764087 0.35851657 -1.12557423
v -0.05180261 0.26934052 -1.14758050
v -0.06542512 0.38174114 -1.15591586
v -0.06890623 0.36086437 -1.17564380
v -0.06347883 0.35201961 -1.18391347
v -0.10949136 0.45409566 -1.03960800
v -0.10923333 0.38861641 -1.08657551
v -0.09000119 0.34884652 -1.10442162
v -0.08220732 0.34231243 -1.09368598
v -0.01627045 0.34415963 -1.12919736
v -0.01475267 0.33576837 -1.13324928
v -0.01991677 0.32807866 -1.12431371
v -0.09007294 0.32100326 -1.15084910
v -0.08670340 0.31268936 -1.13651514
v -0.06258786 0.42688644 -1.00023091
v -0.08518286 0.31932628 -1.12725914
v -0.07445061 0.39374489 -1.14285314
v 0.06382860 0.03303940 -1.32257652
v -0.07955058 0.13972752 -1.13455594
v -0.11950031 0.09433040 -1.11331654
v -0.10548322 0.11015339 -1.11478519
v -0.06255291 0.16069892 -1.19190919
v -0.05962533 0.16309424 -1.20116842
v -0.04869906 0.17181812 -1.21809232
v -0.04376171 0.17450723 -1.21985126
v -0.09046692 0.14849804 -1.17026305
v -0.16814205 -0.02643739 -0.97170949
v 0.06816535 0.04160325 -0.98826361
v 0.07058930 0.01771577 -0.99050438
v 0.08148093 0.02044389 -0.97386336
v 0.07692807 0.04591827 -0.97108442
v 0.09191219 0.02375919 -0.95591515
v 0.02578011 0.14840570 -0.90883267
v 0.02144794 0.14383164 -0.93035567
v 0.04608932 0.13182944 -0.93185866
v 0.05208952 0.13592504 -0.90953308
v -0.00708767 0.14528263 -0.94392008
v 0.01801606 0.13788727 -0.94860810
v -0.00596008 0.14992711 -0.92677295
v -0.03349660 0.14958081 -0.91966140
v -0.03435345 0.14563827 -0.93752480
v -0.05886845 0.14262462 -0.90972865
v -0.06009641 0.13886814 -0.92902076
v -0.08086859 0.13025047 -0.89946282
v -0.09915204 0.11271548 -0.89010656
v -0.10958531 0.09232967 -0.86149263
v -0.12424477 0.06613508 -0.87316018
v -0.11333173 0.09054026 -0.88141561
v -0.13990337 0.01671787 -0.86141682
v -0.13371706 0.04114229 -0.86629981
v -0.14350334 -0.02574071 -0.85767674
v -0.14291623 -0.00549034 -0.85888684
v -0.09739505 0.10453261 -1.32019365
v 0.00556040 0.11599745 -1.38358307
v -0.01692190 0.12198701 -1.38560700
v 0.00590753 0.10127553 -1.38971734
v 0.04661547 0.13549314 -1.32864904
v 0.03416463 0.13926895 -1.34614575
v 0.04726154 0.11939238 -1.34306657
v 0.05667019 0.11645547 -1.32677901
v 0.02174433 0.09149363 -1.38377953
v 0.02177119 0.08460180 -1.38717186
v 0.02404957 0.10331394 -1.37831450
v 0.04494406 0.07102375 -1.36745667
v 0.03774278 0.08726524 -1.37191117
v -0.02483901 0.16562830 -1.36944711
v -0.00143607 0.16562864 -1.35870767
v -0.00807367 0.17506297 -1.35529709
v -0.03117549 0.17630853 -1.36573792
v 0.03735494 0.16120650 -1.31057107
v 0.04394638 0.15849580 -1.29518354
v 0.03749761 0.16957034 -1.29527736
v 0.03103091 0.17141737 -1.31045508
v -0.05138433 0.20627381 -1.34523976
v -0.02893104 0.20570529 -1.34323394
v -0.03420166 0.21650326 -1.33611202
v -0.05571034 0.21637514 -1.33554494
v 0.02183111 0.17249463 -1.32626653
v 0.07952408 0.09571685 -1.21592677
v 0.06661507 0.13133639 -1.22897518
v 0.07366072 0.11506756 -1.22192907
v 0.04218525 0.16664398 -1.24376118
v 0.04843439 0.15705784 -1.24081218
v 0.04422538 0.15905644 -1.22806263
v 0.03034543 0.18427105 -1.24772930
v 0.03644110 0.17573057 -1.24582160
v -0.09837618 0.18577987 -1.26272273
v -0.10248132 0.17631868 -1.26962543
v -0.09875162 0.18192834 -1.29422653
v 0.01752784 0.19178098 -1.23827410
v 0.01494789 0.19812068 -1.23978877
v 0.01719633 0.19956063 -1.24558997
v 0.02009746 0.19192645 -1.24438584
v -0.01984020 0.15503573 -1.37315369
v -0.01118787 0.20343798 -1.33422112
v 0.00142187 0.20234314 -1.32430482
v -0.00394091 0.21390362 -1.32093346
v -0.01703841 0.21495064 -1.32933521
v 0.01254155 0.20149758 -1.31184399
v 0.02044332 0.20048696 -1.29898262
v 0.01495035 0.21185975 -1.29825246
v 0.00694545 0.21290247 -1.31005836
v 0.01904887 0.20201680 -1.25242293
v 0.02205189 0.19161317 -1.25193143
v -0.07865050 0.22043842 -1.31253326
v -0.06355722 0.18191873 -1.35860872
v -0.08493377 0.17178242 -1.34266663
v -0.07981226 0.16246597 -1.35170674
v -0.05690607 0.17239688 -1.36577237
v -0.02769211 0.19371426 -1.21387100
v -0.04108270 0.18970127 -1.21770394
v -0.01513764 0.19700240 -1.21156025
v 0.00976424 0.18987711 -1.22512555
v -0.00446057 0.20130168 -1.21256316
v -0.08723898 0.18826333 -1.23871148
v -0.09495734 0.19503438 -1.25414443
v -0.09542439 0.16175874 -1.31755888
v -0.09257910 0.15360834 -1.32767141
v -0.05910516 0.22707339 -1.32411432
v -0.03835861 0.22797956 -1.32640564
v 0.01576972 0.21195208 -1.23884690
v 0.01678199 0.22338398 -1.23848009
v 0.01782054 0.21349187 -1.24464858
v 0.01967843 0.18236253 -1.22099137
v 0.01413297 0.19069067 -1.23237360
v -0.03848065 0.18670876 -1.36146867
v -0.02117890 0.22711159 -1.32216561
v -0.00789773 0.22531110 -1.31493413
v 0.01832413 0.19132815 -1.31172454
v 0.00761381 0.19179350 -1.32504487
v 0.01486353 0.18222527 -1.32569385
v 0.02509301 0.18148589 -1.31111979
v 0.00980481 0.22318672 -1.29635870
v 0.01548600 0.22204931 -1.28367519
v 0.02615217 0.18999673 -1.29798675
v 0.03191373 0.17985138 -1.29657423
v 0.01917286 0.21567890 -1.25197220
v -0.08876916 0.14575884 -1.33533311
v -0.09842215 0.13987456 -1.31150889
v -0.09726138 0.13089404 -1.31648791
v -0.10310315 0.15637895 -1.29240513
v -0.10058814 0.14775611 -1.30331671
v -0.10433821 0.16635531 -1.27943313
v -0.09728894 0.11935171 -1.31876111
v -0.01685262 0.35252276 -1.12658203
v 0.01580630 0.23505741 -1.23790300
v 0.01497408 0.22193313 -1.23183429
v 0.01470260 0.23497899 -1.23036277
v 0.00052358 0.27969578 -1.22615516
v -0.03693386 0.36416507 -1.15259397
v -0.03886076 0.36948365 -1.14765847
v -0.04909821 0.40511826 -1.11958301
v -0.07297290 0.41860744 -1.11037660
v -0.06645039 0.40616965 -1.12490118
v -0.10517666 0.39108890 -1.11650443
v -0.10674333 0.37882233 -1.10658789
v -0.08224666 0.35234043 -1.07621181
v -0.02783074 0.37993586 -1.08533382
v -0.12577552 0.46108058 -1.00060749
v -0.12087943 0.47045273 -1.00609481
v -0.12672418 0.47811270 -0.98923528
v -0.12992877 0.46867868 -0.98353493
v -0.13082138 0.46838495 -0.96124202
v -0.12789786 0.46027848 -0.97676319
v -0.13476339 0.47601050 -0.96727812
v -0.12395909 0.46414062 -0.95623314
v -0.12192952 0.45564079 -0.97120821
v -0.11518448 0.46343371 -0.95264262
v -0.10557850 0.46465746 -0.95047665
v -0.10386198 0.45402801 -0.96384060
v -0.11343526 0.45336297 -0.96683353
v -0.09414863 0.45702815 -0.96218443
v -0.08490847 0.46132389 -0.96212232
v -0.08082999 0.44765341 -0.97392768
v -0.09147413 0.44427362 -0.97527921
v -0.08057982 0.48770404 -0.95860678
v -0.08196474 0.49439436 -0.96456343
v -0.07468843 0.48238584 -0.97703993
v -0.07362857 0.47535479 -0.97033906
v -0.08021164 0.48123646 -1.00339532
v -0.07214584 0.47605118 -0.99708074
v -0.08031181 0.48861164 -0.98350656
v -0.08803308 0.49306729 -0.98940754
v -0.09483080 0.50461745 -0.97663480
v -0.10499547 0.50411487 -0.97944146
v -0.09766926 0.49414831 -0.99277407
v -0.11641487 0.44546115 -1.03401446
v -0.12113682 0.45351556 -1.01735306
v -0.12168358 0.44428501 -1.01015806
v -0.10968816 0.43188107 -0.99667466
v -0.11727067 0.43662679 -1.00293791
v -0.11960120 0.44575197 -0.98691320
v -0.11155296 0.44260940 -0.98157144
v -0.07391411 0.42047617 -0.99839944
v -0.08878607 0.43127543 -0.98839092
v -0.07719769 0.43420920 -0.98616993
v -0.10194930 0.44248739 -0.97789478
v -0.09983922 0.43048987 -0.99211884
v -0.07204203 0.45406565 -0.97651434
v -0.07743793 0.46784461 -0.96495247
v -0.11193746 0.47737485 -1.00866258
v -0.10129341 0.48212752 -1.00918818
v -0.10851910 0.49142399 -0.99332821
v -0.11884683 0.48619267 -0.99249315
v -0.06739088 0.44045743 -0.98824418
v -0.09383747 0.47315079 -1.02566242
v -0.10527225 0.46905378 -1.02526963
v -0.09008966 0.48383239 -1.00762570
v -0.08197814 0.47336489 -1.02290320
v -0.12540841 0.49463633 -0.97736144
v -0.13279438 0.48605385 -0.97319722
v -0.11507642 0.46227863 -1.02273798
v -0.06699244 0.46199411 -0.98223090
v -0.06706109 0.46970338 -0.98983681
v -0.05984222 0.45695171 -1.00235581
v -0.06101202 0.44856992 -0.99431360
v -0.06340518 0.45782033 -1.03281069
v -0.06406137 0.46372589 -1.01063263
v -0.07180012 0.46950656 -1.01779807
v -0.08703027 0.50017166 -0.97074032
v -0.07355499 0.46272746 -1.03871083
v -0.13394406 0.49768487 -0.88661456
v -0.13942760 0.50512296 -0.88269842
v -0.13322616 0.50831592 -0.88919044
v -0.12891269 0.50087816 -0.89496696
v -0.13227540 0.46912980 -0.89768505
v -0.13965321 0.47098637 -0.88806158
v -0.13467437 0.47860146 -0.88310587
v -0.12708756 0.47773400 -0.89243901
v -0.13974690 0.49552298 -0.88009214
v -0.14614746 0.50350195 -0.87827009
v -0.15290257 0.51000124 -0.87700248
v -0.15192711 0.50094658 -0.87963593
v -0.15930372 0.51049513 -0.88057363
v -0.16298792 0.51336652 -0.89185089
v -0.16569984 0.52391136 -0.88552713
v -0.16347158 0.51771629 -0.87826318
v -0.14825013 0.53062159 -0.90803152
v -0.13897651 0.53592253 -0.91146994
v -0.14308298 0.54443759 -0.89999270
v -0.15222564 0.53862572 -0.89610755
v -0.12279292 0.54716867 -0.90433693
v -0.13325131 0.54619074 -0.90125215
v -0.13011572 0.53760946 -0.91338354
v -0.12094762 0.53886235 -0.91559827
v -0.12286451 0.50501502 -0.90113902
v -0.12685570 0.51143849 -0.89447373
v -0.12181439 0.51364875 -0.89625740
v -0.11759188 0.50778133 -0.90339899
v -0.15815672 0.50157160 -0.88468796
v -0.15523604 0.49484423 -0.87580061
v -0.15868607 0.49368864 -0.87900484
v -0.16024470 0.49878767 -0.89032960
v -0.10080627 0.48674902 -0.92516702
v -0.10120741 0.49341908 -0.91610527
v -0.09537715 0.49752584 -0.91562706
v -0.09366000 0.49107471 -0.92552960
v -0.11669200 0.47442782 -0.92404330
v -0.12786090 0.47078586 -0.93261153
v -0.13233292 0.46969810 -0.92515683
v -0.12061422 0.47093704 -0.91654634
v -0.13682073 0.46844384 -0.91550040
v -0.14182469 0.46850580 -0.90448511
v -0.12594736 0.46957737 -0.90682101
v -0.14724749 0.47045988 -0.89306521
v -0.08586330 0.50407571 -0.92220032
v -0.08675589 0.49915215 -0.93029726
v -0.15868506 0.53448737 -0.83781993
v -0.16379574 0.53196061 -0.83850688
v -0.16424850 0.53448248 -0.83339143
v -0.15950009 0.53696406 -0.83267492
v -0.09431852 0.51724398 -0.94688344
v -0.08819762 0.51215291 -0.94161683
v -0.08931839 0.51709962 -0.93702298
v -0.09677918 0.52102405 -0.94199872
v -0.09036283 0.52343649 -0.93111849
v -0.09963970 0.52662545 -0.93573314
v -0.17237064 0.53750759 -0.84057653
v -0.17331868 0.54191500 -0.84168285
v -0.17366895 0.54337692 -0.83541632
v -0.17246553 0.53854728 -0.83485126
v -0.13793957 0.51368630 -0.88277364
v -0.14487517 0.51051152 -0.87768871
v -0.15042484 0.51537836 -0.87245762
v -0.15510148 0.51944590 -0.86833870
v -0.14978006 0.52241647 -0.86665952
v -0.14301953 0.51935542 -0.87433970
v -0.12915072 0.51947230 -0.88687444
v -0.13252139 0.52484560 -0.87836695
v -0.12568617 0.52695346 -0.88252872
v -0.12213262 0.52105743 -0.89034921
v -0.10702007 0.53233457 -0.88532925
v -0.10446043 0.52664077 -0.89083683
v -0.11018693 0.52452791 -0.89144218
v -0.11369815 0.53052056 -0.88484752
v -0.12470212 0.54811376 -0.86725712
v -0.12084075 0.54207337 -0.87265790
v -0.12553304 0.53994322 -0.87139165
v -0.12895310 0.54552966 -0.86581385
v -0.09261250 0.51395190 -0.95289743
v -0.08696257 0.50827485 -0.94713497
v -0.09294184 0.55023277 -0.89797044
v -0.10273375 0.55364710 -0.89982224
v -0.10292374 0.54728431 -0.90733737
v -0.09343006 0.54390591 -0.90643919
v -0.10661928 0.52250630 -0.94446152
v -0.10394433 0.51931673 -0.95031011
v -0.17137757 0.54708189 -0.84177089
v -0.17148939 0.54808289 -0.83555532
v -0.15006649 0.47600505 -0.91235507
v -0.15459535 0.47639751 -0.89841330
v -0.14468813 0.47608119 -0.92462337
v -0.13732317 0.47658783 -0.93949848
v -0.14028436 0.47672462 -0.93283749
v -0.14084482 0.52482271 -0.87148154
v -0.13108990 0.51492429 -0.88846648
v -0.11760821 0.51522768 -0.89751542
v -0.09600512 0.51695836 -0.89958489
v -0.09674432 0.52247989 -0.89547968
v -0.09013034 0.52490455 -0.89763612
v -0.08769643 0.52068532 -0.90328348
v -0.09022684 0.53955454 -0.88931799
v -0.08848834 0.54453456 -0.89382172
v -0.08769502 0.53876674 -0.90114111
v -0.08862129 0.53426898 -0.89520526
v -0.16260183 0.49092990 -0.88128769
v -0.16166946 0.49346873 -0.89398241
v -0.08521311 0.50565290 -0.93566847
v -0.08470207 0.51120234 -0.92995381
v -0.08581008 0.50212848 -0.94222808
v -0.10959231 0.48690316 -0.91478968
v -0.11297726 0.49892744 -0.90953904
v -0.10898117 0.50093430 -0.91025949
v -0.10528808 0.49051180 -0.91666329
v -0.12314319 0.49143997 -0.89805436
v -0.12007766 0.47975683 -0.90178061
v -0.12884954 0.48910731 -0.88909507
v -0.10746411 0.48201185 -0.92512023
v -0.10852752 0.47803006 -0.93289578
v -0.10089871 0.48341551 -0.93347919
v -0.09336148 0.48884439 -0.93478858
v -0.08772622 0.49567261 -0.93804884
v -0.10746696 0.47278625 -0.94020545
v -0.09966099 0.47768486 -0.94059038
v -0.09237619 0.48410013 -0.94230521
v -0.08708392 0.49084902 -0.94504845
v -0.10198421 0.51615685 -0.95768952
v -0.09927489 0.51169157 -0.96620238
v -0.09029298 0.50839269 -0.96058583
v -0.11745315 0.47351903 -0.93287706
v -0.11662479 0.47030032 -0.94126433
v -0.12646586 0.46981981 -0.94385290
v -0.13431135 0.47469580 -0.94897878
v -0.14485803 0.48675799 -0.86987913
v -0.14087945 0.48714733 -0.87536925
v -0.14035437 0.47894472 -0.87692511
v -0.14489022 0.47894001 -0.87086910
v -0.16110903 0.51986092 -0.87023056
v -0.15770650 0.51465321 -0.87430859
v -0.16598228 0.52348930 -0.87373745
v -0.09383208 0.50514859 -0.90962636
v -0.08549458 0.51049733 -0.91518873
v -0.14658618 0.52715755 -0.86565882
v -0.16942304 0.53037775 -0.85923076
v -0.17110988 0.53672880 -0.86112881
v -0.17273170 0.54053742 -0.84870213
v -0.17156520 0.53513938 -0.84718764
v -0.15137771 0.53173500 -0.85535550
v -0.15098032 0.53821796 -0.85571218
v -0.14843908 0.53548414 -0.86127388
v -0.14986464 0.52941847 -0.86153531
v -0.11736358 0.54864788 -0.86935401
v -0.11409507 0.54346001 -0.87391007
v -0.16451132 0.53866965 -0.88321292
v -0.16158211 0.53187901 -0.89324576
v -0.15394634 0.54427499 -0.88207996
v -0.11722446 0.53651136 -0.87825167
v -0.11935823 0.52881521 -0.88420433
v -0.12224700 0.53437656 -0.87744749
v -0.13936299 0.53311104 -0.86788905
v -0.13529494 0.52902246 -0.87269187
v -0.14021841 0.52820748 -0.86960095
v -0.14408913 0.53090352 -0.86564219
v -0.09269871 0.53727704 -0.91552782
v -0.08534336 0.53072172 -0.90850049
v -0.16888666 0.53341639 -0.83967710
v -0.16889811 0.53548437 -0.83438468
v -0.08555573 0.50305599 -0.95422846
v -0.08471831 0.49683371 -0.94880688
v -0.11624428 0.52282786 -0.89150000
v -0.15735069 0.52374220 -0.90299034
v -0.11261537 0.51635921 -0.89813566
v -0.11333578 0.55747592 -0.87553549
v -0.11776648 0.56110466 -0.87834501
v -0.11604223 0.55694324 -0.88589042
v -0.10962500 0.55445212 -0.88195753
v -0.15616494 0.53925407 -0.83823115
v -0.15671977 0.54516423 -0.83903062
v -0.15488788 0.54292399 -0.84572542
v -0.15467361 0.53695309 -0.84465373
v -0.15951192 0.52543318 -0.85650516
v -0.15450335 0.52743828 -0.85559678
v -0.15261108 0.52520561 -0.86229658
v -0.15736428 0.52277821 -0.86374617
v -0.16286400 0.52372897 -0.86540347
v -0.16504723 0.52685189 -0.85788357
v -0.16191867 0.54619777 -0.86109889
v -0.15528214 0.54475188 -0.85760993
v -0.15844956 0.54855061 -0.84750199
v -0.16497573 0.54937333 -0.84907562
v -0.11928935 0.53200465 -0.92674983
v -0.11013339 0.53316462 -0.92774117
v -0.11126334 0.54008818 -0.91663265
v -0.11227610 0.54753530 -0.90574670
v -0.11277821 0.55355585 -0.89475232
v -0.12457725 0.55506510 -0.89409006
v -0.10273425 0.54015207 -0.91714680
v -0.15118271 0.54835910 -0.87297630
v -0.14959535 0.54426616 -0.86846793
v -0.15765041 0.54395348 -0.87046874
v -0.10547119 0.51819474 -0.89816648
v -0.16787836 0.53105521 -0.84606028
v -0.14219394 0.49755409 -0.94410425
v -0.13513327 0.50759548 -0.94851428
v -0.13706577 0.51222157 -0.94092047
v -0.14513806 0.49960080 -0.93658531
v -0.15755600 0.53214121 -0.84421289
v -0.16240343 0.52962899 -0.84467685
v -0.11034816 0.55406654 -0.87135434
v -0.10615025 0.55088407 -0.87488234
v -0.10849585 0.54615736 -0.87472981
v -0.11254390 0.55077565 -0.87038618
v -0.10189384 0.53313756 -0.92749822
v -0.10152715 0.55779302 -0.89401424
v -0.09220865 0.55419171 -0.89041245
v -0.11709809 0.52129108 -0.94482923
v -0.10871599 0.52714849 -0.93734324
v -0.11803076 0.52553290 -0.93710393
v -0.13574773 0.55321521 -0.88706684
v -0.12753126 0.53039491 -0.92488670
v -0.12578425 0.52351171 -0.93555653
v -0.12571752 0.51776296 -0.94428355
v -0.12500340 0.51392967 -0.95122612
v -0.11565278 0.51753062 -0.95158696
v -0.16579944 0.55066657 -0.84130359
v -0.17057252 0.54629529 -0.84975445
v -0.11366039 0.51391155 -0.95936716
v -0.11027021 0.51006752 -0.96851534
v -0.12333646 0.51025176 -0.95873535
v -0.11998800 0.50589359 -0.96766710
v -0.13412470 0.52087176 -0.93325931
v -0.14206150 0.51575577 -0.93017447
v -0.13567364 0.52781624 -0.92309451
v -0.14455712 0.52352691 -0.91938055
v -0.14663044 0.55202276 -0.88837957
v -0.15783018 0.54700375 -0.83242607
v -0.16005206 0.55010355 -0.82465863
v -0.16344449 0.55220699 -0.82520247
v -0.16147664 0.55056572 -0.83309925
v -0.16007993 0.54976153 -0.83990866
v -0.16625181 0.55160683 -0.83481574
v -0.15393072 0.51557738 -0.91364658
v -0.14363563 0.53773785 -0.86401606
v -0.15137583 0.50332451 -0.92375064
v -0.16161337 0.50696409 -0.90294790
v -0.15997428 0.49770263 -0.90835625
v -0.14869168 0.48648906 -0.93170369
v -0.15478614 0.48634192 -0.91962159
v -0.14098886 0.48498380 -0.94550991
v -0.14390218 0.48661682 -0.93900287
v -0.13803029 0.48206729 -0.95455992
v -0.15921557 0.48518342 -0.90455985
v -0.16460475 0.53683358 -0.82583904
v -0.16021556 0.53976107 -0.82506180
v -0.13671765 0.49152899 -0.96033466
v -0.13973114 0.49490190 -0.95088202
v -0.13512814 0.48773941 -0.88075948
v -0.10930528 0.50981420 -0.90425646
v -0.10343704 0.51047283 -0.90375710
v -0.09499329 0.51148909 -0.90395689
v -0.08593892 0.51636350 -0.90863127
v -0.12981108 0.50012481 -0.96543777
v -0.09694304 0.46885040 -0.94999844
v -0.08921407 0.47479385 -0.95129204
v -0.11532394 0.50038284 -0.97887862
v -0.16935647 0.53731382 -0.82661098
v -0.13144240 0.55216163 -0.86614811
v -0.12959582 0.55350119 -0.86794710
v -0.14418891 0.47285289 -0.88065732
v -0.14898247 0.47423318 -0.87375236
v -0.15126517 0.47233614 -0.88496971
v -0.15824556 0.47668311 -0.88824183
v -0.16132930 0.47805724 -0.87854260
v -0.15505826 0.47420388 -0.87640357
v -0.10538612 0.50229079 -0.90951186
v -0.10068067 0.50380397 -0.90909922
v -0.08427773 0.52457035 -0.91685152
v -0.09160316 0.53065705 -0.92415720
v -0.16756824 0.52728701 -0.86770177
v -0.16788331 0.53048712 -0.87803137
v -0.16883722 0.53374499 -0.87036729
v -0.16826653 0.54309922 -0.86269438
v -0.15210152 0.54162538 -0.86349976
v -0.14834413 0.54163980 -0.86432666
v -0.11433559 0.48349282 -0.90967053
v -0.11797705 0.49606720 -0.90558994
v -0.14488304 0.49364531 -0.87631345
v -0.14900830 0.49289328 -0.87279868
v -0.12864992 0.53150582 -0.87558424
v -0.14004970 0.55725342 -0.87536806
v -0.14813569 0.55548322 -0.87770528
v -0.13221553 0.53660178 -0.87027049
v -0.17432845 0.54465407 -0.82716870
v -0.17282313 0.53986204 -0.82662833
v -0.16583619 0.54069889 -0.87289226
v -0.11040870 0.53837907 -0.87923360
v -0.13208994 0.55690193 -0.87782311
v -0.13533264 0.55594915 -0.87022412
v -0.08956987 0.54794109 -0.88834757
v -0.13300261 0.50396621 -0.95593905
v -0.15821233 0.54439020 -0.82445294
v -0.15689307 0.54166853 -0.83211529
v -0.16760027 0.55232567 -0.82678783
v -0.17195082 0.54942131 -0.82781279
v -0.08421601 0.51771176 -0.92392969
v -0.11349627 0.50881928 -0.90419054
v -0.08330397 0.48112911 -0.95411718
v -0.16456294 0.48523328 -0.88074052
v -0.16143015 0.48452047 -0.89261258
v -0.13539961 0.54081887 -0.86578435
v -0.10755540 0.55620337 -0.88890886
v -0.12573978 0.56365478 -0.87894130
v -0.13146952 0.56117588 -0.87465668
v -0.12499007 0.55935353 -0.88616264
v -0.13140243 0.55783808 -0.86947238
v -0.16847703 0.55375856 -0.82096738
v -0.17268509 0.55085367 -0.82175946
v -0.17500541 0.54560292 -0.82115149
v -0.17315954 0.54087162 -0.82088339
v -0.16947308 0.53836906 -0.82112843
v -0.16438162 0.55363232 -0.81937706
v -0.16102785 0.55150580 -0.81858552
v -0.15889102 0.54588431 -0.81913757
v -0.16542259 0.55508125 -0.81403208
v -0.17011219 0.55502367 -0.81410706
v -0.17630106 0.54963499 -0.81119627
v -0.17679569 0.54977149 -0.80721271
v -0.17676160 0.54639596 -0.80816925
v -0.17643771 0.54687506 -0.81406331
v -0.17641690 0.54752702 -0.80296886
v -0.17718035 0.55086643 -0.80268621
v -0.17486313 0.55234069 -0.81213409
v -0.17530817 0.55342811 -0.80760264
v -0.17234102 0.55639470 -0.80301070
v -0.17578879 0.55498350 -0.80279243
v -0.17189598 0.55530727 -0.80754209
v -0.17217070 0.55407530 -0.81128132
v -0.17416871 0.55172020 -0.81592095
v -0.17592114 0.55516517 -0.79883844
v -0.17378095 0.55377722 -0.79666257
v -0.17581242 0.54976320 -0.79894906
v -0.17709464 0.55163908 -0.79969651
v -0.17381957 0.54185915 -0.81535649
v -0.17424715 0.54327488 -0.80859470
v -0.17367479 0.54488844 -0.80289239
v -0.17294648 0.54763067 -0.79885125
v -0.17049775 0.54426670 -0.80272555
v -0.17048937 0.54170769 -0.80804920
v -0.16989499 0.54704815 -0.79940754
v -0.16747090 0.54507995 -0.80220747
v -0.16639569 0.54212672 -0.80716068
v -0.16526237 0.53943670 -0.81554139
v -0.16981429 0.53943288 -0.81611651
v -0.16792727 0.54682112 -0.79984403
v -0.17099404 0.55214381 -0.79677135
v -0.16891739 0.55620593 -0.80824256
v -0.16927859 0.55674005 -0.80277151
v -0.16598186 0.55555409 -0.80805594
v -0.16676572 0.55603546 -0.80255044
v -0.17313620 0.55752993 -0.79967314
v -0.17071757 0.55674046 -0.79846644
v -0.16476482 0.53792000 -0.82084197
v -0.16049331 0.54132342 -0.82002354
v -0.16095221 0.54286325 -0.81497061
v -0.16245088 0.54501706 -0.80659163
v -0.15979123 0.54787803 -0.81426156
v -0.16215399 0.55247170 -0.81350958
v -0.16337436 0.55335277 -0.80744809
v -0.16145891 0.55010217 -0.80709124
v -0.16363323 0.55095571 -0.80217427
v -0.16462433 0.55381262 -0.80239356
v -0.16481885 0.54733670 -0.80180895
v -0.16625538 0.55286264 -0.79886925
v -0.16821083 0.55505383 -0.79830790
v -0.16536677 0.55106568 -0.79980105
v -0.16660357 0.54891229 -0.79933715
v -0.16841787 0.55006659 -0.79787230
v -0.14163062 0.55629510 -0.83868539
v -0.14621174 0.55428845 -0.83889508
v -0.14606804 0.55673850 -0.83187246
v -0.14130577 0.55876768 -0.83167750
v -0.15390036 0.55900121 -0.84158897
v -0.15515375 0.56446153 -0.84407431
v -0.15507177 0.56586772 -0.83637613
v -0.15335706 0.56048316 -0.83417296
v -0.15156180 0.56994396 -0.84576392
v -0.15141404 0.57088596 -0.83834708
v -0.15068793 0.54946941 -0.86066663
v -0.15251434 0.55444074 -0.86411464
v -0.15497863 0.56208783 -0.85161191
v -0.15370351 0.55661196 -0.84888387
v -0.13397822 0.54980677 -0.85845673
v -0.13355139 0.55483973 -0.85915470
v -0.15040544 0.55583787 -0.83989406
v -0.14994425 0.55732787 -0.83271575
v -0.13827440 0.55969411 -0.83925927
v -0.13732049 0.56433868 -0.84052062
v -0.13683328 0.56147665 -0.84762621
v -0.13772681 0.55683964 -0.84636974
v -0.14425170 0.54360086 -0.85768902
v -0.13844606 0.54579675 -0.85806817
v -0.14820081 0.54567146 -0.85867643
v -0.14244470 0.56263870 -0.86547321
v -0.13690653 0.56054688 -0.86168158
v -0.13894352 0.56632119 -0.84982860
v -0.14413387 0.56932801 -0.85211873
v -0.15045318 0.55292743 -0.84720045
v -0.14140972 0.55292749 -0.84604514
v -0.14623776 0.55136245 -0.84595883
v -0.14456204 0.57116121 -0.84434748
v -0.15098882 0.56714755 -0.85360992
v -0.13750580 0.56723833 -0.83343971
v -0.13868010 0.57086802 -0.82450378
v -0.14178255 0.57408029 -0.82623070
v -0.14036366 0.57097179 -0.83515513
v -0.13957995 0.56861913 -0.84200895
v -0.14503366 0.57302558 -0.83706164
v -0.14586574 0.56044841 -0.82182640
v -0.14130327 0.56296164 -0.82182813
v -0.14987117 0.56100339 -0.82241464
v -0.14957136 0.56042433 -0.86694217
v -0.15484542 0.56859928 -0.82639498
v -0.15286440 0.56372035 -0.82393754
v -0.13835818 0.56681836 -0.82258147
v -0.13812762 0.56263518 -0.83220536
v -0.14613199 0.57566512 -0.82795036
v -0.15187359 0.57355034 -0.82855439
v -0.14636517 0.57706851 -0.82071549
v -0.15178853 0.57544750 -0.82082504
v -0.15494150 0.57047391 -0.81865084
v -0.15280586 0.56568736 -0.81718391
v -0.14969361 0.56353074 -0.81637275
v -0.14253607 0.57643670 -0.81937939
v -0.13962495 0.57372779 -0.81809431
v -0.13876209 0.56883734 -0.81725705
v -0.14277944 0.57836604 -0.81260109
v -0.14661759 0.57939601 -0.81268263
v -0.15337384 0.57749623 -0.80458403
v -0.15380967 0.58005679 -0.79995894
v -0.15346408 0.57661039 -0.79947406
v -0.15429795 0.57443702 -0.80469751
v -0.15336531 0.57680845 -0.80855942
v -0.15460572 0.57387435 -0.81084746
v -0.15122762 0.57912904 -0.80983031
v -0.15142980 0.58128291 -0.80598921
v -0.14777368 0.58480781 -0.80117744
v -0.15174007 0.58380431 -0.80064094
v -0.14766455 0.58173412 -0.80605185
v -0.14822251 0.57995784 -0.80955493
v -0.15210718 0.57990342 -0.79520822
v -0.15349323 0.58180290 -0.79643613
v -0.15152714 0.57742155 -0.81384349
v -0.15307269 0.56817758 -0.81135023
v -0.15276650 0.57115680 -0.80455387
v -0.15152076 0.57432628 -0.79881203
v -0.14978465 0.57770318 -0.79506606
v -0.14887154 0.57263917 -0.79842055
v -0.14955521 0.56903082 -0.80399519
v -0.14743367 0.57605195 -0.79562819
v -0.14559239 0.57253909 -0.79847503
v -0.14539343 0.56802297 -0.80369568
v -0.14566883 0.56463003 -0.81150389
v -0.14987233 0.56512380 -0.81158710
v -0.14569360 0.57534248 -0.79656649
v -0.14973995 0.58403248 -0.79392707
v -0.14741203 0.58136052 -0.79406130
v -0.15203649 0.58587331 -0.79581416
v -0.14531589 0.58104569 -0.80630636
v -0.14544502 0.58358961 -0.80097282
v -0.14282167 0.58084774 -0.80629677
v -0.14332461 0.58283615 -0.80071974
v -0.14833274 0.58644480 -0.79758322
v -0.14653963 0.58559567 -0.79656994
v -0.14570144 0.56301069 -0.81627238
v -0.14137509 0.56502211 -0.81653082
v -0.14121327 0.56667584 -0.81201744
v -0.14126688 0.57051837 -0.80415082
v -0.13887197 0.57045728 -0.81272149
v -0.14006212 0.57525200 -0.81279862
v -0.14077085 0.57861358 -0.80613244
v -0.13965186 0.57475471 -0.80549765
v -0.14100724 0.57765472 -0.80027711
v -0.14184740 0.58053046 -0.80050868
v -0.14236921 0.57395887 -0.79916394
v -0.14329657 0.58105689 -0.79666030
v -0.14475745 0.58381867 -0.79635227
v -0.14244121 0.57876509 -0.79762089
v -0.14393339 0.57703394 -0.79661566
v -0.14553022 0.57919669 -0.79510564
v -0.12110635 0.56281906 -0.84722906
v -0.12637496 0.56316173 -0.84698087
v -0.12597528 0.56477201 -0.84150898
v -0.12053400 0.56443262 -0.84152675
v -0.13245738 0.56905603 -0.84974277
v -0.13256738 0.57271463 -0.85269177
v -0.13157296 0.57479835 -0.84601450
v -0.13173100 0.57117945 -0.84402156
v -0.12846601 0.57631624 -0.85479331
v -0.12804040 0.57827413 -0.84733617
v -0.13109198 0.56047344 -0.86466366
v -0.13168368 0.56510806 -0.86824381
v -0.13272801 0.57022589 -0.85922408
v -0.13254744 0.56604898 -0.85582340
v -0.13009101 0.56524307 -0.84774280
v -0.12970692 0.56785101 -0.84245116
v -0.11694778 0.56535506 -0.84817582
v -0.11521151 0.56860691 -0.84935099
v -0.11498225 0.56467658 -0.85576499
v -0.11650056 0.56143367 -0.85436314
v -0.11906540 0.55295837 -0.86376631
v -0.12432613 0.55373782 -0.86275387
v -0.12832469 0.55672866 -0.86294085
v -0.11948691 0.56721097 -0.87042964
v -0.11500014 0.56264448 -0.86817652
v -0.11618681 0.56963408 -0.85804129
v -0.12103169 0.57322943 -0.86106157
v -0.12991476 0.56274152 -0.85356915
v -0.12051358 0.55938816 -0.85315228
v -0.12587276 0.55971950 -0.85289669
v -0.12152553 0.57610893 -0.85419995
v -0.12804765 0.57342732 -0.86164880
v -0.11485944 0.57117432 -0.84356773
v -0.11604146 0.57623845 -0.83404779
v -0.11835235 0.57953119 -0.83559483
v -0.11690574 0.57551789 -0.84556240
v -0.11645778 0.57305026 -0.85141087
v -0.12190168 0.57851237 -0.84737939
v -0.12561837 0.56857431 -0.83245343
v -0.12062379 0.56916058 -0.83237183
v -0.12920213 0.57118112 -0.83343917
v -0.12686563 0.56836319 -0.87116873
v -0.11282288 0.55778998 -0.86573505
v -0.13120413 0.57752943 -0.83580047
v -0.13100469 0.57400995 -0.83457017
v -0.11663666 0.57214755 -0.83302867
v -0.11631504 0.56697613 -0.84247839
v -0.12278622 0.58208680 -0.83724463
v -0.12824690 0.58147901 -0.83777720
v -0.12303977 0.58454210 -0.83092308
v -0.12842989 0.58341593 -0.83100390
v -0.13152346 0.58044893 -0.82919753
v -0.13099501 0.57647985 -0.82802558
v -0.12905475 0.57370472 -0.82739472
v -0.11881723 0.58196014 -0.82925600
v -0.11711370 0.57910061 -0.82787240
v -0.11740641 0.57462990 -0.82788736
v -0.11853158 0.58411998 -0.82472122
v -0.12308507 0.58653271 -0.82464993
v -0.13039187 0.58558214 -0.81693256
v -0.13093999 0.58814698 -0.81254280
v -0.13149396 0.58556980 -0.81192148
v -0.13163885 0.58395469 -0.81692523
v -0.13027105 0.58489013 -0.82067257
v -0.13128552 0.58298379 -0.82316053
v -0.12809777 0.58674276 -0.82222229
v -0.12825650 0.58886552 -0.81789577
v -0.12418633 0.59055251 -0.81422162
v -0.12850580 0.59097695 -0.81356186
v -0.12402760 0.58842975 -0.81854808
v -0.12490305 0.58761352 -0.82220691
v -0.13064969 0.58838135 -0.80862325
v -0.13077930 0.58992857 -0.80974066
v -0.12800002 0.58502996 -0.82553446
v -0.13093761 0.57857466 -0.82298326
v -0.13101310 0.58056152 -0.81670761
v -0.13056862 0.58317703 -0.81142092
v -0.12904152 0.58556479 -0.80796534
v -0.12824070 0.58050507 -0.81155515
v -0.12860307 0.57788152 -0.81660414
v -0.12693819 0.58290142 -0.80857027
v -0.12548092 0.57935894 -0.81163025
v -0.12546235 0.57627398 -0.81649721
v -0.12550530 0.57330930 -0.82307059
v -0.12868160 0.57538480 -0.82289863
v -0.12529176 0.58168954 -0.80953240
v -0.12728694 0.59118086 -0.80776227
v -0.12522900 0.58792973 -0.80717248
v -0.12852991 0.59266233 -0.80976677
v -0.12136012 0.58781761 -0.81931758
v -0.12178575 0.58985221 -0.81423587
v -0.11892886 0.58612156 -0.81915283
v -0.11992147 0.58806723 -0.81378043
v -0.12493979 0.59220183 -0.81110048
v -0.12337973 0.59134191 -0.81031275
v -0.12551925 0.57118332 -0.82762754
v -0.12102943 0.57172489 -0.82774925
v -0.12122142 0.57335281 -0.82345146
v -0.12133481 0.57677037 -0.81658936
v -0.11774088 0.57625836 -0.82382250
v -0.11722175 0.58075732 -0.82382601
v -0.11784901 0.58323914 -0.81845188
v -0.11826307 0.57917082 -0.81744748
v -0.11925434 0.58215278 -0.81274563
v -0.11896902 0.58518720 -0.81331348
v -0.12197890 0.57979560 -0.81191587
v -0.12085103 0.58618683 -0.80988729
v -0.12179022 0.58903193 -0.80986631
v -0.12064659 0.58377731 -0.81030583
v -0.12297254 0.58245111 -0.80944562
v -0.12395405 0.58519959 -0.80819881
v -0.11511276 0.55499631 -0.86497223
v -0.09441854 0.56475377 -0.86374319
v -0.09834063 0.56575501 -0.86357331
v -0.09704394 0.56760514 -0.85988599
v -0.09317565 0.56661546 -0.86029589
v -0.10286827 0.57184321 -0.86646211
v -0.10151143 0.57515746 -0.86907321
v -0.09965019 0.57747722 -0.86417800
v -0.10114952 0.57416350 -0.86179972
v -0.09653266 0.57688755 -0.87112772
v -0.09507920 0.57864749 -0.86598623
v -0.10600793 0.55953550 -0.87827057
v -0.10531854 0.56242210 -0.88281459
v -0.10324154 0.57089138 -0.87410504
v -0.10440399 0.56756485 -0.87102079
v -0.09198500 0.55355853 -0.87499684
v -0.08948240 0.55605263 -0.87800884
v -0.09010823 0.55094296 -0.88319367
v -0.09265766 0.54753482 -0.88121873
v -0.10149419 0.56841540 -0.86459416
v -0.09977667 0.57028145 -0.86045218
v -0.09060363 0.56479365 -0.86481929
v -0.08777847 0.56674588 -0.86666667
v -0.08874668 0.56350130 -0.87096423
v -0.09148967 0.56150448 -0.86839008
v -0.10010950 0.55298132 -0.87356925
v -0.09571894 0.55298328 -0.87322539
v -0.09636177 0.54590887 -0.87853473
v -0.10121554 0.54715657 -0.87654603
v -0.10330079 0.55563700 -0.87458700
v -0.09232763 0.56215245 -0.88497806
v -0.08949337 0.55876046 -0.88127333
v -0.08867387 0.56667370 -0.87371504
v -0.09211768 0.57038891 -0.87611616
v -0.10257673 0.56462938 -0.86842489
v -0.09533973 0.56096959 -0.86734259
v -0.09935708 0.56194061 -0.86692053
v -0.09088895 0.57406521 -0.87058598
v -0.09835366 0.57217437 -0.87691706
v -0.08623342 0.56911761 -0.86296809
v -0.08437139 0.57285458 -0.85724509
v -0.08444558 0.57589900 -0.85851705
v -0.08613101 0.57271123 -0.86471194
v -0.08764216 0.57038027 -0.86890227
v -0.08935113 0.57638121 -0.86615336
v -0.09527457 0.57082158 -0.85394239
v -0.09132449 0.56938809 -0.85487944
v -0.09777711 0.57352662 -0.85452735
v -0.10006920 0.56431389 -0.88660252
v -0.09759627 0.57967472 -0.85734266
v -0.09877301 0.57643783 -0.85547972
v -0.08721972 0.56995475 -0.85594773
v -0.08928645 0.56715524 -0.86134660
v -0.08770524 0.57950920 -0.85922176
v -0.09319321 0.58082414 -0.85913718
v -0.08640623 0.58172232 -0.85379171
v -0.09223840 0.58353978 -0.85438108
v -0.09650865 0.58189803 -0.85238433
v -0.09781094 0.57870030 -0.85124457
v -0.09666247 0.57533580 -0.85058069
v -0.08337845 0.57859212 -0.85328114
v -0.08369795 0.57504451 -0.85249746
v -0.08661125 0.57270032 -0.85214126
v -0.08283149 0.58080280 -0.84901214
v -0.08563630 0.58439666 -0.84877604
v -0.09316754 0.58598107 -0.84234983
v -0.09292306 0.58724588 -0.83909702
v -0.09384071 0.58560467 -0.83838320
v -0.09467205 0.58430320 -0.84207702
v -0.09309480 0.58526474 -0.84584141
v -0.09458347 0.58371681 -0.84728134
v -0.09046486 0.58615643 -0.84700239
v -0.09027062 0.58741498 -0.84374559
v -0.08579456 0.58817130 -0.84016746
v -0.08992069 0.58965600 -0.84019399
v -0.08607683 0.58693832 -0.84390604
v -0.08715594 0.58602357 -0.84657031
v -0.09232239 0.58753723 -0.83544731
v -0.09231146 0.58912027 -0.83682072
v -0.09081759 0.58482331 -0.84951293
v -0.09601510 0.58055782 -0.84686446
v -0.09519939 0.58223826 -0.84167099
v -0.09392054 0.58403128 -0.83724868
v -0.09148733 0.58558732 -0.83441895
v -0.09277073 0.58170313 -0.83725536
v -0.09424419 0.57941341 -0.84193778
v -0.09056306 0.58326757 -0.83489621
v -0.09109904 0.57998550 -0.83800662
v -0.09220572 0.57723260 -0.84250587
v -0.09299074 0.57455635 -0.84752035
v -0.09519596 0.57720703 -0.84690714
v -0.09003082 0.58191681 -0.83576751
v -0.08863869 0.58892304 -0.83495140
v -0.08817749 0.58645409 -0.83416843
v -0.08932102 0.59096509 -0.83697021
v -0.08392461 0.58571643 -0.84393156
v -0.08385551 0.58688629 -0.83968663
v -0.08263662 0.58244240 -0.84425700
v -0.08322830 0.58445632 -0.83916169
v -0.08629621 0.58990687 -0.83780026
v -0.08544296 0.58843160 -0.83649743
v -0.09411659 0.57267272 -0.85048819
v -0.09057479 0.57167894 -0.85136044
v -0.08955336 0.57351297 -0.84789515
v -0.08897533 0.57618165 -0.84310830
v -0.08561554 0.57453120 -0.84867382
v -0.08307369 0.57730144 -0.84872377
v -0.08301160 0.57941514 -0.84392631
v -0.08519937 0.57714313 -0.84338474
v -0.08569181 0.57969666 -0.83875507
v -0.08389456 0.58188337 -0.83877575
v -0.08848929 0.57883888 -0.83831388
v -0.08591200 0.58388406 -0.83576453
v -0.08531103 0.58592165 -0.83568764
v -0.08657908 0.58187479 -0.83632499
v -0.08826496 0.58164632 -0.83594298
v -0.08810324 0.58402836 -0.83457637
v -0.09008121 0.55405480 -0.88520736
v -0.16156521 0.49452448 -0.86837590
v -0.16533676 0.49121994 -0.86972404
v -0.14824688 0.48573217 -0.86153483
v -0.15168473 0.49186486 -0.86329007
v -0.14901134 0.47925827 -0.86188161
v -0.15898252 0.47541833 -0.86590236
v -0.15349051 0.47590205 -0.86366105
v -0.15681469 0.49487919 -0.86558509
v -0.16738477 0.48558560 -0.87014771
v -0.16453207 0.47887099 -0.86813170
v -0.17079654 0.48541027 -0.86002719
v -0.16820401 0.47917217 -0.85820293
v -0.16205680 0.47481272 -0.85608530
v -0.15568563 0.47547919 -0.85489362
v -0.15095761 0.47901267 -0.85509038
v -0.16890061 0.49115363 -0.86130250
v -0.16455179 0.49460328 -0.86097932
v -0.15870538 0.49469537 -0.85953182
v -0.17273077 0.49058169 -0.85313511
v -0.17661870 0.48487955 -0.84897661
v -0.17265746 0.47437498 -0.84067035
v -0.17518806 0.47429416 -0.83700973
v -0.17088845 0.47521126 -0.83586204
v -0.16806689 0.47440189 -0.84034282
v -0.17164406 0.47570202 -0.84362388
v -0.16727689 0.47490257 -0.84578586
v -0.17814490 0.47728989 -0.84220278
v -0.17552125 0.47829050 -0.84483016
v -0.17844316 0.48194283 -0.84556240
v -0.18101588 0.48292947 -0.84305775
v -0.18098047 0.47668037 -0.83854878
v -0.18189162 0.47774625 -0.83446825
v -0.17759657 0.47526473 -0.83402956
v -0.17486069 0.47696817 -0.83269137
v -0.17316872 0.47883976 -0.84844476
v -0.15949580 0.47543699 -0.84718543
v -0.16302752 0.47599328 -0.84044641
v 0.05698605 0.01445050 -1.34710753
v 0.05343229 0.01471257 -1.35850251
v -0.16698536 0.47758746 -0.83507657
v -0.17175812 0.48024413 -0.83202213
v -0.16452563 0.48234665 -0.83548284
v -0.15907830 0.48041099 -0.84051669
v -0.16943008 0.48406044 -0.83321410
v -0.16442856 0.48637542 -0.83646142
v -0.15850765 0.48647973 -0.84165245
v -0.15237841 0.48541224 -0.85062218
v -0.15391034 0.47916880 -0.84867454
v -0.16815943 0.48629120 -0.83465874
v -0.17994666 0.48024097 -0.83178025
v -0.17650834 0.48363194 -0.83211631
v -0.17977160 0.48710132 -0.84412992
v -0.18191341 0.48699585 -0.83952308
v -0.18326938 0.48241085 -0.83969569
v -0.17680112 0.49101600 -0.84561872
v -0.17905715 0.49029595 -0.83956718
v -0.18405819 0.48107523 -0.83627158
v -0.18262145 0.48461586 -0.83519053
v -0.14982182 0.48513362 -0.85602772
v -0.15313891 0.49128136 -0.85779285
v -0.15572029 0.49108455 -0.85266113
v -0.16181394 0.49168408 -0.84397030
v -0.16190442 0.49487561 -0.85382932
v -0.16856962 0.49460828 -0.85423213
v -0.17274034 0.49397564 -0.84579253
v -0.16715890 0.49459848 -0.84526992
v -0.17093363 0.49221709 -0.83918887
v -0.17507982 0.49222732 -0.83930814
v -0.16719586 0.49012017 -0.83818424
v -0.17529097 0.48945519 -0.83553660
v -0.17917833 0.48795259 -0.83479357
v -0.17257562 0.49033928 -0.83646005
v -0.17058578 0.48851508 -0.83528137
v -0.17322037 0.48658663 -0.83344954
v -0.09159695 0.54350710 -0.88501132
v -0.09628244 0.54124981 -0.88203424
v -0.09472769 0.53684783 -0.88663197
v -0.09239161 0.53110790 -0.89187688
v -0.08701205 0.52938312 -0.89983898
v -0.09834054 0.52882105 -0.89050817
v -0.10045397 0.53458875 -0.88528144
v -0.10322064 0.54120147 -0.87920499
v -0.10225271 0.52224714 -0.89450997
v -0.11195566 0.00750892 -1.30681229
v -0.12073269 0.00596497 -1.28926718
v -0.08823358 0.24133770 -1.20668328
v -0.09181319 0.24897337 -1.22217047
v -0.06107330 0.27809995 -1.25965011
v -0.03805496 0.28165501 -1.26409376
v -0.16448683 0.02961334 -1.01229060
v 0.03552280 0.10267085 -1.07047236
v 0.04020643 0.10717446 -1.08865857
v 0.06999049 0.03578679 -1.09590566
v 0.06703012 0.05474238 -1.09037125
v -0.08047705 0.12109443 -1.04342484
v -0.07870292 0.12225089 -1.06267071
v -0.13437170 0.07250607 -1.03459084
v -0.13282147 0.07516672 -1.05617666
v -0.10400128 0.10788366 -1.01944232
v 0.05449238 0.07449781 -1.04437721
v 0.04503458 0.09135141 -1.03999245
v 0.04638909 0.08837105 -1.05897474
v 0.05685075 0.07193366 -1.06403685
v 0.06783133 0.01710398 -1.10022712
v 0.06283227 0.01492737 -1.07781005
v -0.05342297 0.13387570 -1.08408713
v -0.02665813 0.13689990 -1.08702731
v 0.02213183 0.12488168 -1.09781814
v 0.04070570 0.11199667 -1.10620391
v 0.05417125 0.09657869 -1.11601436
v 0.06454218 0.07974590 -1.12582254
v -0.14690983 0.06030161 -1.07834589
v -0.15485445 0.04314510 -1.10133517
v -0.07851857 0.12459498 -1.08218920
v -0.16940890 -0.00658790 -1.08258700
v 0.07561030 0.06788030 -1.15809762
v 0.08074076 0.04609609 -1.16480625
v -0.00101508 0.13374238 -1.09149170
v -0.14586629 0.01675975 -1.24643540
v -0.14717409 0.03506471 -1.24812257
v -0.15651299 0.03262749 -1.23239994
v -0.15428707 0.01489664 -1.22992909
v -0.15722695 0.05019880 -1.23322392
v -0.15608990 0.06728526 -1.23328149
v -0.15348546 0.08300880 -1.23256457
v -0.14058082 0.11992272 -1.22527909
v -0.14550145 0.10923026 -1.22854698
v -0.12672043 0.13758016 -1.21526599
v -0.13440305 0.12947172 -1.22120869
v -0.11608200 0.14416431 -1.20567858
v -0.10194114 0.14856623 -1.19431853
v -0.08070938 0.15573470 -1.19717276
v -0.08520327 0.15247902 -1.18383658
v -0.10752918 0.14444043 -1.18097091
v -0.12138715 0.14008978 -1.19256794
v -0.13251996 0.13364932 -1.20156455
v -0.16061561 -0.00275499 -1.16646707
v -0.16114035 -0.00346886 -1.18989515
v -0.10316242 0.00849030 -1.32350445
v -0.03180086 0.39568302 -1.07475603
v -0.12533534 0.45222756 -0.99359953
v 0.05160891 0.03301554 -1.35894608
v 0.04940796 0.05232365 -1.36248481
v 0.02904189 0.11272351 -1.36931443
v 0.00814172 0.12744497 -1.37681568
v 0.04353373 0.09347159 -1.36331093
v 0.05100305 0.07259432 -1.35659850
v -0.10038604 0.11143612 -1.09913039
v 0.06273876 0.05347976 -1.32589650
v 0.05654971 0.07429606 -1.34501040
v 0.05041008 0.09588655 -1.35173476
v 0.03644402 0.11877768 -1.35859597
v 0.01394965 0.14088535 -1.36603332
v 0.00509942 0.15567264 -1.36189699
v 0.00877489 0.17352687 -1.34099853
v -0.00554775 0.19209416 -1.33840179
v -0.02207703 0.19521298 -1.34863555
v -0.01529112 0.18517011 -1.35191429
v 0.00151454 0.18277988 -1.33944762
v -0.02672689 0.26062024 -1.28789115
v -0.01183717 0.27343416 -1.26092005
v -0.02183726 0.27000341 -1.27375555
v -0.00173007 0.27097094 -1.24821126
v 0.00436492 0.26729777 -1.23887098
v 0.00945552 0.25951687 -1.23223186
v 0.01313636 0.24782613 -1.22993565
v 0.01345816 0.20929886 -1.23340333
v 0.01268810 0.19586380 -1.23461843
v 0.02283409 0.17618705 -1.21746325
v 0.02607083 0.17055732 -1.21286345
v 0.03866313 0.15202047 -1.18894136
v 0.04384145 0.14179727 -1.17587447
v 0.03822476 0.01228969 -1.39279294
v 0.05088989 0.12918103 -1.16245294
v 0.08570077 0.00896417 -1.19404042
v 0.08686180 0.01071720 -1.21497405
v 0.06972434 0.00140575 -1.12523222
v 0.07798866 0.00425648 -1.14593327
v 0.05814550 0.11022040 -0.95176619
v 0.05088761 0.10440049 -0.96868533
v 0.06353907 0.08654863 -0.96948969
v 0.07237037 -0.00781735 -0.99254751
v 0.06045284 -0.00789822 -1.01015508
v 0.05588137 -0.00529165 -1.05846369
v 0.05793797 -0.00343870 -1.08112931
v 0.07142986 0.09253357 -0.95212537
v 0.06108574 0.03828834 -1.00749457
v 0.08255693 0.01191234 -1.24627042
v 0.07765710 0.01187133 -1.25949872
v 0.07505264 0.01273088 -1.27650595
v 0.06180597 0.01566983 -1.00900996
v -0.00859581 0.13951799 -0.95987672
v -0.03504478 0.14011641 -0.95378464
v 0.03462718 0.11943514 -0.96724713
v 0.01492805 0.13166201 -0.96420717
v -0.06089777 0.13440529 -0.94643116
v -0.13170178 0.06587266 -0.91279656
v -0.14360169 0.04398053 -0.90674806
v -0.15735124 -0.00060109 -0.89977860
v -0.15868002 -0.02199897 -0.89882135
v -0.08344632 0.12280845 -0.93754023
v -0.15242362 0.02147789 -0.90248841
v -0.10180420 0.10650910 -0.92834371
v -0.11781338 0.08685923 -0.92006379
v 0.05781551 0.05864157 -1.00589597
v 0.06365025 0.06196638 -0.98753548
v -0.08583298 -0.00032771 -1.37463033
v -0.08321253 -0.00158466 -1.36579502
v 0.05645516 0.08081175 -0.98641908
v 0.08410276 0.07029989 -1.23344350
v 0.08585975 0.04958105 -1.23296475
v 0.08222380 0.09096787 -1.23549604
v 0.07717770 0.10777278 -1.25807858
v 0.07704047 0.10951865 -1.24043608
v 0.06964082 0.12717430 -1.24516213
v -0.08979219 0.00073252 -1.38391113
v -0.11123760 -0.00918080 -1.30610490
v -0.11947594 -0.01127371 -1.28809047
v 0.06996017 0.12551013 -1.26195979
v -0.15693416 -0.02031720 -1.18828201
v -0.15686858 -0.02210039 -1.16521859
v -0.10234037 -0.00705107 -1.32279408
v -0.15366842 -0.02377748 -1.14442503
v 0.05108546 0.15494435 -1.26603472
v 0.05092609 0.15519938 -1.25321472
v 0.04400922 0.16613416 -1.25547874
v 0.04398108 0.16630356 -1.26767910
v 0.03116691 0.18471317 -1.25893271
v 0.03785577 0.17587295 -1.25702047
v 0.02325042 0.19292395 -1.26096714
v 0.02081149 0.20497085 -1.26111209
v 0.01953968 0.20998657 -1.28570247
v 0.02446624 0.19846089 -1.28528643
v 0.04855517 0.15596300 -1.28037465
v 0.05800363 0.14161383 -1.27953124
v 0.07895357 0.04995147 -1.26411939
v 0.07793526 0.03047479 -1.26095951
v -0.06597219 0.15770449 -1.17871392
v -0.04504155 0.16267021 -1.17566395
v -0.02540974 0.16595778 -1.17530751
v -0.00794282 0.16663252 -1.17805696
v 0.00795110 0.16666232 -1.18291771
v 0.02179721 0.16378687 -1.19008446
v 0.02996219 0.16513684 -1.20672739
v 0.03386450 0.15960693 -1.19911015
v 0.11478030 -0.01718948 -0.79477310
v 0.03816948 0.16216393 -1.21658885
v 0.04374078 0.15466614 -1.20967722
v 0.05722772 0.14549519 -1.23541713
v 0.05144379 0.14982767 -1.22176266
v 0.06009397 0.14223517 -1.24991024
v 0.06050377 0.14105920 -1.26485193
v 0.06772933 0.12556820 -1.27863729
v 0.07524433 0.10835592 -1.27636123
v 0.07076647 0.09293016 -1.30793297
v 0.07572832 0.09112181 -1.29071414
v 0.07998163 0.08965407 -1.27258086
v 0.08257782 0.08888269 -1.25402617
v 0.00974312 0.08854403 -1.39468527
v 0.02413011 0.07182446 -1.39139628
v 0.01377834 0.24508184 -1.23836994
v 0.01125858 0.25229606 -1.24159467
v 0.13221389 -0.01075801 -0.85045731
v 0.13076741 -0.00931862 -0.87357265
v 0.01307735 0.24579649 -1.24739075
v 0.01451748 0.24271932 -1.24351418
v 0.00797997 0.25707093 -1.24801505
v 0.00306173 0.26086599 -1.25711894
v 0.00667952 0.25224552 -1.26301646
v 0.01107736 0.24847683 -1.25344217
v -0.00470404 0.26249358 -1.26812577
v 0.00063191 0.25352016 -1.27317119
v -0.01204012 0.26071617 -1.27906704
v -0.01616055 0.25532988 -1.28939176
v -0.00993292 0.25138801 -1.28943479
v -0.00538875 0.25302371 -1.28267419
v 0.00174688 0.22444688 -1.30621147
v -0.00305620 0.23508596 -1.30116832
v -0.00736735 0.24469082 -1.29470015
v 0.01945948 0.21808891 -1.26067150
v 0.01700498 0.23009616 -1.26031089
v 0.01402130 0.24006151 -1.25820684
v 0.01053117 0.24295522 -1.26782656
v 0.01461098 0.23240428 -1.27025056
v 0.12934372 -0.01260747 -0.82943821
v 0.01848213 0.22037974 -1.27143002
v 0.08364134 0.06910203 -1.25153470
v 0.08264967 0.04948181 -1.24826741
v -0.12215408 -0.04589905 -0.79922265
v -0.11596896 -0.04509848 -0.78572297
v 0.03083354 0.18578298 -1.27047205
v -0.10712141 -0.04398748 -0.77391565
v -0.09618117 -0.04364086 -0.76259053
v 0.03764720 0.17700574 -1.26920414
v 0.02455552 0.19512682 -1.27187443
v 0.02121460 0.20760219 -1.27258658
v 0.02942928 0.18822739 -1.28396153
v 0.03555162 0.17834949 -1.28225708
v 0.04180007 0.16754714 -1.28117597
v 0.08048496 0.06983116 -1.26794052
v 0.08210672 0.03033837 -1.24633777
v 0.11728563 -0.00772298 -0.91991985
v 0.10674158 -0.00726549 -0.94105506
v -0.15037303 -0.04287015 -0.87879539
v -0.09364364 0.00124370 -1.39176285
v 0.00606031 0.00615729 -1.43710291
v -0.08333300 -0.00247952 -1.35576987
v -0.08866216 -0.00387953 -1.34567893
v -0.00394087 -0.03514216 -0.75090003
v -0.09610721 -0.00548940 -1.33479798
v 0.00904329 -0.03337073 -0.75047535
v 0.06280378 -0.00115792 -1.10426474
v -0.09774082 0.17124213 -1.30630267
v -0.08805596 0.18137868 -1.33090115
v -0.06973977 0.19186097 -1.34808230
v -0.04528426 0.19643407 -1.35397124
v -0.03676905 0.32078463 -1.10294425
v 0.05985262 0.01415549 -1.05572951
v 0.05882894 0.01469523 -1.03263438
v 0.05962384 0.03579213 -1.03000116
v 0.08216303 0.02576926 -1.16783440
v 0.08677319 0.03032756 -1.23302269
v -0.16703172 0.09083384 -1.20128155
v -0.17091836 0.07736883 -1.20291805
v -0.16299771 0.07990740 -1.21771252
v -0.15908447 0.09368069 -1.21603560
v -0.15471622 0.11295284 -1.19734216
v -0.16133328 0.10288329 -1.19926858
v -0.15382271 0.10585340 -1.21389127
v -0.14779615 0.11628057 -1.21109068
v -0.14706124 0.12172673 -1.19374943
v -0.14079821 0.12545975 -1.20736694
v -0.16671193 0.09972990 -1.18375862
v -0.17281269 0.08816171 -1.18542826
v -0.17638704 0.07494362 -1.18739927
v -0.15182677 0.11780787 -1.18021655
v -0.15960416 0.10952236 -1.18229306
v -0.09316052 0.01150873 -1.39323568
v -0.09018156 0.00937872 -1.34745598
v -0.08554515 0.01002889 -1.35734868
v -0.15751356 -0.00312319 -1.20998836
v -0.14381237 -0.00046792 -1.24303401
v -0.13449034 0.00172046 -1.25555837
v -0.12763613 0.00396856 -1.27176535
v -0.09669118 0.00917479 -1.33620012
v -0.15131739 -0.00198785 -1.22688329
v 0.05465498 0.13832134 -0.77597284
v 0.07643560 0.11895410 -0.76098758
v 0.07017470 0.13147475 -0.78836524
v 0.08512830 0.11742365 -0.77783191
v 0.03850479 0.14703801 -0.85552466
v 0.04804146 0.14465819 -0.83000076
v 0.03130025 0.14906405 -0.88250840
v 0.10032225 0.09729166 -0.77213192
v 0.11165323 0.07247376 -0.77252793
v 0.11809025 0.07454837 -0.79336071
v 0.05739246 0.13669725 -0.88342774
v 0.06350411 0.13546671 -0.85727775
v 0.06100545 0.13559118 -0.80521274
v 0.07739847 0.12777783 -0.80988443
v 0.08030999 0.12481780 -0.79535007
v 0.10521286 0.09860967 -0.79189211
v 0.09183412 0.11434037 -0.79189563
v 0.10274399 0.02676942 -0.93654847
v 0.09766134 0.05517653 -0.93427098
v 0.08707688 0.05109965 -0.95299125
v 0.06559915 0.11606591 -0.93240643
v 0.03958175 0.12557466 -0.95083815
v 0.09318145 0.11503906 -0.81064129
v 0.10844009 0.09848064 -0.81307006
v 0.12146714 0.07631335 -0.81737846
v 0.10925717 0.08061182 -0.89093387
v 0.11691336 0.07881194 -0.86790657
v 0.10329708 0.10094881 -0.86330169
v 0.09592319 0.10262997 -0.88759023
v 0.07263013 0.11990377 -0.90994400
v 0.07895733 0.12101776 -0.88513678
v 0.10004128 0.08073346 -0.91294658
v 0.08816192 0.10171165 -0.91151953
v 0.07993839 0.09809957 -0.93312359
v 0.08526012 0.12007467 -0.85923105
v 0.13072541 0.04935857 -0.84646755
v 0.12167447 0.07709985 -0.84240341
v 0.13228697 0.01983715 -0.84972948
v 0.09025165 0.07791392 -0.93362260
v 0.08030299 0.07347461 -0.95266879
v 0.07124302 0.06719645 -0.97043854
v 0.05744027 0.05607329 -1.02653933
v -0.09345315 0.06971814 -0.55658245
v -0.02970423 -0.03595239 -0.73316824
v -0.00306898 -0.03439320 -0.73987556
v -0.06599598 0.14452632 -0.80800414
v 0.00852595 0.15490319 -0.79067576
v 0.03545167 0.14953604 -0.79981863
v -0.09539871 -0.01129636 -0.73307240
v -0.07341487 -0.02771441 -0.72774231
v -0.09069526 0.12457072 -0.80117643
v -0.11908147 0.07267848 -0.76044726
v -0.05087058 -0.03458441 -0.72971088
v 0.07046707 0.13345242 -0.83248246
v 0.09052166 0.11879299 -0.83374512
v 0.10745361 0.10036971 -0.83742607
v 0.13041836 0.04804419 -0.82195890
v 0.13206702 0.01781534 -0.82674789
v -0.11370102 -0.02213515 -0.77806592
v -0.11790203 -0.02668041 -0.78657913
v -0.11658636 -0.03608951 -0.78558099
v -0.10887410 -0.03453748 -0.77339816
v -0.12823522 0.06606910 -0.89344203
v -0.13864461 0.04279295 -0.88712454
v -0.15089700 -0.00271186 -0.87985706
v -0.15190467 -0.02371704 -0.87890339
v -0.08242603 0.12661214 -0.91920912
v -0.14665863 0.01949584 -0.88249689
v -0.10066883 0.10967726 -0.90957236
v -0.11570941 0.08839430 -0.90099269
v 0.02223244 0.01288149 -0.12644577
v 0.01816607 0.01322142 -0.09952903
v 0.03345691 0.01499360 -0.09980226
v 0.03721763 0.01229672 -0.12782538
v 0.06492373 0.03092411 -0.13107705
v 0.05720932 0.01877612 -0.12920022
v 0.06654773 0.04599262 -0.13222110
v 0.06436882 0.04286437 -0.10373068
v 0.05785029 0.05348297 -0.10443091
v 0.06121598 0.05877138 -0.13190651
v 0.05155670 0.06642239 -0.13251579
v 0.01884267 0.06807083 -0.10589719
v 0.01979506 0.07438405 -0.13112557
v 0.03906026 0.07192920 -0.13202596
v 0.03701638 0.06675608 -0.10564399
v 0.00033730 0.06636479 -0.12891471
v -0.00015491 0.06025520 -0.10567975
v -0.00998271 0.05050683 -0.12605989
v 0.00670877 0.01720172 -0.12477827
v 0.00196577 0.01495444 -0.09894955
v 0.06272537 0.02951074 -0.10247493
v 0.05370973 0.02032845 -0.10029125
v 0.04766749 0.01297461 -0.12773514
v 0.04383033 0.01731793 -0.09959948
v 0.02786798 0.01537722 -0.07176375
v 0.01353037 0.00624134 -0.07204831
v 0.06078158 0.03021442 -0.07375968
v 0.04909890 0.02396198 -0.07213187
v 0.05382294 0.05161980 -0.07765901
v 0.06331085 0.04240232 -0.07615221
v 0.03412220 0.06758420 -0.08174884
v 0.04788758 0.06085082 -0.10503125
v 0.04384421 0.05962255 -0.08018243
v 0.01717123 0.06703924 -0.08321345
v -0.00461093 0.05791866 -0.08479548
v -0.00481861 0.01034136 -0.07603753
v 0.03845710 0.02092952 -0.07235587
v -0.17205761 0.04639510 -0.05285048
v -0.17155915 0.05082364 -0.05359364
v -0.17345369 0.05331199 -0.05031645
v -0.17418155 0.04699129 -0.04770887
v -0.17668426 0.00249872 -0.04346061
v -0.17914304 0.00954964 -0.04770112
v -0.17992547 0.01464412 -0.04042590
v -0.17714664 0.00483779 -0.03344297
v -0.17883322 0.03893110 -0.04289627
v -0.17861235 0.03427380 -0.04124951
v -0.18104559 0.03144160 -0.04514372
v -0.18119988 0.03900161 -0.04759288
v -0.14429143 0.08332120 -0.05100322
v -0.14545101 0.07930088 -0.05017471
v -0.14650679 0.07725376 -0.05414188
v -0.14480892 0.08293584 -0.05491209
v -0.16045597 0.06869711 -0.04754579
v -0.16145086 0.06499220 -0.04572904
v -0.16318303 0.06281120 -0.05062699
v -0.16155681 0.06909767 -0.05135190
v -0.15591449 0.01548908 -0.04743528
v -0.16953544 0.01259938 -0.04934859
v -0.16655704 0.00214328 -0.04242516
v -0.15152979 0.00216528 -0.04278708
v -0.16454607 -0.00056875 -0.03098786
v -0.16449508 0.00861388 -0.02843809
v -0.15071166 0.01007782 -0.02368295
v -0.14887017 0.00049188 -0.02937591
v -0.16805911 0.01982025 -0.03231311
v -0.15546052 0.02203047 -0.03035188
v -0.15813258 0.02515072 -0.04170382
v -0.17204820 0.02407605 -0.04445684
v -0.16096875 0.04267779 -0.04818642
v -0.17325829 0.04406338 -0.04994464
v -0.17233187 0.03630239 -0.05347335
v -0.15941381 0.03550941 -0.05369854
v -0.17255938 0.02849898 -0.05002308
v -0.15987167 0.02515086 -0.04940903
v -0.16091430 0.02514828 -0.03948951
v -0.17385770 0.02517615 -0.04225898
v -0.17222473 0.03269249 -0.03799260
v -0.15957198 0.03201505 -0.03523886
v -0.15986528 0.04043997 -0.03958511
v -0.17197675 0.04135710 -0.04138947
v -0.16576603 0.04531605 -0.05151796
v -0.15556386 0.04334935 -0.05354047
v -0.15431499 0.05287476 -0.05697179
v -0.16570839 0.05248496 -0.05499375
v -0.15684409 0.04979479 -0.04122090
v -0.15755823 0.04310543 -0.04355133
v -0.16734271 0.04330782 -0.04364455
v -0.16715552 0.04963661 -0.04227269
v -0.16725250 0.05671311 -0.04475796
v -0.15632594 0.05824776 -0.04465556
v -0.15638258 0.05956167 -0.05242705
v -0.16741464 0.05855406 -0.05150366
v -0.15445310 0.06887708 -0.05691540
v -0.14389461 0.06979968 -0.06074977
v -0.14515686 0.07553257 -0.05535591
v -0.15502653 0.07329701 -0.05265009
v -0.14654644 0.06213509 -0.05805612
v -0.15532611 0.06243919 -0.05626762
v -0.14831287 0.06611615 -0.04486847
v -0.14950357 0.06076384 -0.05100083
v -0.15657105 0.05939193 -0.05045593
v -0.15628910 0.06414027 -0.04428077
v -0.15558374 0.07168481 -0.04680789
v -0.14587297 0.07417185 -0.04653537
v -0.13850585 0.08698419 -0.05619955
v -0.13822603 0.08333676 -0.06137168
v -0.12948227 0.08504035 -0.06204545
v -0.12865084 0.08892543 -0.05499244
v -0.13300285 0.07783122 -0.06022739
v -0.13975103 0.07686712 -0.05968487
v -0.13446227 0.08025593 -0.04716718
v -0.13560164 0.07726423 -0.05511796
v -0.14064187 0.07496799 -0.05383122
v -0.14057893 0.07846237 -0.04771698
v -0.13939574 0.08574804 -0.04932082
v -0.13097647 0.08672473 -0.04902959
v -0.13709405 0.00407617 -0.04297471
v -0.14285938 0.02144795 -0.04625714
v -0.17344627 0.00907822 -0.03153706
v -0.13474469 0.00326048 -0.02751553
v -0.17526865 0.01520358 -0.03392875
v -0.14398244 0.02785404 -0.02904105
v -0.13677141 0.01337532 -0.02177215
v -0.15191171 0.02533905 -0.03930104
v -0.17896354 0.03569723 -0.05095291
v -0.15191829 0.04240983 -0.04508364
v -0.14493857 0.04642464 -0.03660762
v -0.17896464 0.03120803 -0.05025828
v -0.14324455 0.03897398 -0.05295920
v -0.13715920 0.05732099 -0.05625784
v -0.17276648 0.05050565 -0.04466236
v -0.17273766 0.05409010 -0.04640019
v -0.14068902 0.06444366 -0.04172802
v -0.14729606 0.06111222 -0.05215883
v -0.16019741 0.06735170 -0.05551624
v -0.13573673 0.07737005 -0.05509901
v -0.13153666 0.07929737 -0.04454279
v -0.16063243 0.06342173 -0.05474675
v -0.12800466 0.07391586 -0.06092620
v -0.14284182 0.08050608 -0.05720937
v -0.12133246 0.08972006 -0.04577065
v -0.11703563 0.09255813 -0.05383444
v -0.14417425 0.07727332 -0.05729747
v -0.11867646 0.08655995 -0.06193328
v -0.00504827 0.02396604 -0.12427390
v -0.00935719 0.02136715 -0.10047185
v -0.01058001 0.03440103 -0.12507439
v -0.01156781 0.04519274 -0.10365856
v -0.01346318 0.03083817 -0.10342705
v -0.01810826 0.01789352 -0.08025849
v -0.01779463 0.04327230 -0.08455431
v -0.02160262 0.02887503 -0.08513677
v 0.03264590 0.07125941 -0.06565893
v 0.01582567 0.07232539 -0.06703198
v 0.04299062 0.06268896 -0.06320477
v 0.06241474 0.04683869 -0.05613506
v 0.05339438 0.05572052 -0.06065309
v -0.02952006 0.01588796 -0.06659102
v -0.01297946 0.01047264 -0.05859363
v -0.03556341 0.02775232 -0.07413232
v -0.03021105 0.04499124 -0.07448840
v -0.11966714 0.00173653 -0.04173779
v -0.09936769 0.00581518 -0.03936374
v -0.10169762 0.01577181 -0.05423832
v -0.12262790 0.01830211 -0.05121875
v -0.10063077 0.03376197 -0.05907547
v -0.12181400 0.03666647 -0.05404401
v -0.09600399 0.05195307 -0.05930555
v -0.11712045 0.05434928 -0.05726051
v -0.08993425 0.06934278 -0.05971622
v -0.10998827 0.07177238 -0.05972958
v -0.08400607 0.08544102 -0.05626667
v -0.10346730 0.08705993 -0.05933285
v -0.08269162 0.09662355 -0.04878867
v -0.10222244 0.09676180 -0.05194366
v -0.11784191 0.00254921 -0.02416193
v -0.09748814 0.00756640 -0.02271521
v -0.11942876 0.01649791 -0.01624668
v -0.09964722 0.02148151 -0.01278567
v -0.12084148 0.03302537 -0.02193832
v -0.10051763 0.03720614 -0.01759470
v -0.08707160 0.09649970 -0.03759551
v -0.10670680 0.09441697 -0.04088366
v -0.11918090 0.05086781 -0.02880335
v -0.09825940 0.05414179 -0.02457142
v -0.11554553 0.06817334 -0.03194928
v -0.09490947 0.07111686 -0.02869558
v -0.11131959 0.08292701 -0.03629446
v -0.09095889 0.08576307 -0.03204036
v -0.07767288 0.01395999 -0.05454099
v -0.07743140 0.03075266 -0.06527686
v 0.03018250 0.01061542 -1.40618241
v 0.06096316 0.01416580 -1.33433950
v -0.07179266 0.04898502 -0.06362963
v -0.06528013 0.06687344 -0.06011748
v -0.06005944 0.08283631 -0.05268276
v -0.05980616 0.09506362 -0.04602528
v -0.03536157 0.06827340 -0.06270730
v -0.03402938 0.08157178 -0.04723430
v -0.03686466 0.09194200 -0.04041934
v -0.00855698 0.08227348 -0.04259229
v -0.01293722 0.09021951 -0.03382933
v 0.12372812 -0.01485069 -0.81090075
v 0.07172021 0.01322355 -1.29240441
v 0.03181073 0.08125401 -0.03251648
v 0.12510303 -0.00828453 -0.89756453
v -0.12502179 -0.01324262 -1.26903498
v -0.13199657 -0.01480892 -1.25326478
v -0.14235654 -0.01603888 -1.24216545
v -0.14877655 -0.01733061 -1.22598410
v -0.16442642 -0.03959132 -0.95986640
v -0.16411519 -0.03850469 -0.97407252
v 0.05557900 -0.00679960 -1.03495049
v -0.16112474 -0.04169981 -0.91804469
v -0.16860023 -0.03800145 -0.99046588
v 0.08247357 0.00676059 -1.17037129
v -0.15396568 -0.01862612 -1.20833743
v -0.15710051 -0.04242188 -0.89855337
v 0.08812978 0.01197007 -1.23384595
v -0.17190981 -0.03685501 -1.01417017
v -0.12801951 -0.04502469 -0.81608272
v -0.16679589 -0.03151096 -1.08257735
v -0.08814372 -0.01867994 -1.39734113
v -0.08249573 -0.02951414 -1.40234971
v -0.07982020 -0.03127080 -1.39398122
v -0.08498168 -0.02001118 -1.38935757
v -0.03224989 -0.05380573 -1.41688323
v -0.03877729 -0.05181490 -1.42501450
v -0.02527690 -0.04760954 -1.42976153
v -0.01765791 -0.05130747 -1.42220604
v -0.01306815 -0.04054696 -1.43273568
v -0.00493007 -0.04432111 -1.42498589
v 0.00451361 -0.03291669 -1.42571425
v -0.00371354 -0.03069669 -1.43466115
v 0.00312280 -0.01883834 -1.43488121
v 0.01066498 -0.02046261 -1.42509782
v -0.07490645 -0.04047458 -1.40815425
v -0.06457256 -0.04875625 -1.41452420
v -0.06217094 -0.04917888 -1.40506303
v -0.07257452 -0.04116096 -1.39980924
v -0.05233372 -0.05263894 -1.42065978
v -0.04796412 -0.05378836 -1.41154432
v 0.01347886 -0.00678788 -1.42570090
v 0.00550487 -0.00615926 -1.43624651
v -0.08055512 -0.02466945 -1.37113738
v -0.08297558 -0.01294156 -1.36832583
v -0.08514857 -0.01119153 -1.37735379
v -0.08231849 -0.02245288 -1.38029492
v -0.05897435 -0.05447006 -1.37332380
v -0.04437583 -0.06803343 -1.38182700
v -0.04631260 -0.07620683 -1.37284291
v -0.06138092 -0.06206261 -1.36419892
v -0.07550383 -0.07708812 -1.34142053
v -0.05734844 -0.10049751 -1.34982991
v -0.07578938 -0.09900575 -1.32732475
v -0.08539125 -0.07973510 -1.32252634
v -0.09054041 -0.09864250 -1.30860019
v -0.09720612 -0.08153827 -1.30478716
v -0.12528506 -0.09913573 -1.25820839
v -0.13079599 -0.08314050 -1.25668871
v -0.12023169 -0.08262140 -1.27242529
v -0.11437996 -0.09893870 -1.27404225
v -0.14600748 -0.12036850 -1.16782784
v -0.15364656 -0.10744666 -1.17061365
v -0.15579045 -0.11419036 -1.18602347
v -0.14998783 -0.12590468 -1.18499160
v -0.07933448 -0.15923317 -1.27171409
v -0.07099441 -0.16050929 -1.28757393
v -0.06827158 -0.16957583 -1.27408993
v -0.07441470 -0.16733989 -1.25934029
v -0.01076303 -0.11499221 -1.38539326
v -0.03333312 -0.11058162 -1.37056053
v -0.03094210 -0.09576307 -1.37621105
v -0.01143695 -0.10040839 -1.39029312
v -0.09386355 -0.16321750 -1.19861472
v -0.10219177 -0.15997849 -1.18755841
v -0.11181970 -0.15660021 -1.19526160
v -0.10498090 -0.15856209 -1.20597970
v -0.08976865 -0.14132781 -1.09750354
v -0.10841830 -0.12890872 -1.09454525
v -0.10850589 -0.12676425 -1.11429787
v -0.09103620 -0.13853315 -1.11710882
v -0.02188813 -0.16141021 -1.14159691
v 0.00460093 -0.15886226 -1.14190209
v 0.00591000 -0.15788735 -1.12813866
v -0.02024090 -0.16108416 -1.12686133
v -0.11274272 -0.12692215 -1.25736797
v -0.11915004 -0.11391334 -1.25853896
v -0.10835865 -0.11411905 -1.27411211
v -0.10248869 -0.12763789 -1.27274144
v 0.00976438 -0.27945361 -1.17755246
v 0.01004417 -0.26940718 -1.16311491
v 0.00232770 -0.25484616 -1.18052793
v 0.00200608 -0.26501131 -1.19509220
v -0.02469837 -0.17088985 -1.03411078
v 0.00056554 -0.16695651 -1.04005170
v 0.00003857 -0.16989651 -1.02299726
v -0.02549019 -0.17304994 -1.01636851
v -0.03653552 -0.20327203 -1.31542015
v -0.01852796 -0.20851104 -1.33382797
v -0.01568155 -0.21795987 -1.31998050
v -0.03207090 -0.21258993 -1.30075729
v -0.09294209 -0.15637885 -1.24575436
v -0.08647008 -0.15776242 -1.25819504
v -0.07966785 -0.16494694 -1.24857533
v -0.08503386 -0.16323839 -1.23872697
v 0.00814851 -0.16441952 -1.16744888
v -0.01503729 -0.16726874 -1.16776597
v -0.01039045 -0.16834593 -1.18225360
v 0.01086556 -0.16623259 -1.18174946
v -0.01904337 -0.16508004 -1.15393996
v 0.00598943 -0.16200510 -1.15371239
v -0.09976100 -0.14827949 -1.25115156
v -0.10635945 -0.13842498 -1.25494671
v -0.09688220 -0.13924444 -1.27016521
v -0.09172373 -0.14892896 -1.26598227
v -0.13737786 -0.11388350 -1.15350688
v -0.14726041 -0.09877175 -1.15699530
v -0.05083071 -0.16996054 -1.00886476
v -0.07392658 -0.16181648 -1.00111508
v -0.07324774 -0.16081488 -1.02002704
v -0.05011035 -0.16863146 -1.02714539
v -0.12153621 -0.10893405 -1.13028836
v -0.12734345 -0.10906642 -1.14267361
v -0.11645056 -0.12285342 -1.14293683
v -0.10845448 -0.12235480 -1.13115406
v -0.09446935 -0.14953318 -0.99357414
v -0.11364432 -0.13465080 -0.98648024
v -0.11256155 -0.13304803 -1.00784636
v -0.09372839 -0.14809185 -1.01332319
v -0.10329714 -0.09869573 -1.29103291
v -0.10921775 -0.08234546 -1.28831756
v -0.12819426 -0.14122467 -1.16971707
v -0.13750988 -0.13173270 -1.16802824
v -0.14191389 -0.13627906 -1.18509054
v -0.13249056 -0.14447913 -1.18575430
v -0.06558490 -0.17276897 -1.24525642
v -0.05968915 -0.17767854 -1.25596070
v -0.04605530 -0.17582609 -1.23768258
v -0.05201179 -0.17321377 -1.23426390
v 0.00104000 -0.17267720 -1.00729775
v -0.02456709 -0.17549981 -1.00027227
v -0.09426533 -0.15127686 -0.97405183
v -0.11305866 -0.13635868 -0.96600723
v 0.01159490 -0.16882044 -1.22180760
v 0.01690289 -0.16768621 -1.22196460
v 0.03076557 -0.16663340 -1.22065139
v 0.02681465 -0.16847308 -1.22044623
v -0.16171837 -0.07466373 -1.18544412
v -0.16170603 -0.08927945 -1.19476581
v -0.15973406 -0.09604838 -1.17940915
v -0.15621708 -0.08398467 -1.16703594
v -0.11777450 -0.13778536 -1.15550625
v -0.10529765 -0.13488083 -1.14489162
v -0.12760803 -0.12689970 -1.15349722
v -0.15787289 -0.05900849 -1.17566431
v -0.14907546 -0.07014325 -1.15290809
v -0.11475163 -0.06489135 -1.28409219
v -0.12523878 -0.06564065 -1.26927543
v -0.10465255 -0.06343561 -1.30031812
v -0.11171682 -0.04532966 -1.29569888
v -0.10270308 -0.04217806 -1.31242514
v -0.09497084 -0.06053348 -1.31718159
v -0.09524514 -0.03841172 -1.32912612
v -0.08706257 -0.05676642 -1.33441424
v -0.07078788 -0.04006022 -1.36636674
v -0.07426522 -0.04566766 -1.35787857
v -0.07016984 -0.16979545 -1.23789954
v -0.07462691 -0.16782388 -1.23012710
v -0.07348607 -0.16364154 -0.98260182
v 0.08560837 -0.10762128 -1.32040811
v 0.09172229 -0.10173452 -1.30454910
v 0.08623291 -0.12056268 -1.30376065
v 0.07964175 -0.12650932 -1.31875169
v -0.01110385 -0.12849730 -1.38334274
v -0.03467213 -0.12747094 -1.36851478
v 0.06978133 -0.15398292 -1.23564768
v 0.06788196 -0.15869550 -1.23662436
v 0.07137898 -0.15807903 -1.24426758
v 0.07418091 -0.15161012 -1.24391937
v 0.05832977 -0.16593860 -1.23237967
v 0.05217335 -0.16590692 -1.22608411
v 0.05821420 -0.17357405 -1.22275662
v 0.06443053 -0.17392968 -1.22956967
v 0.02427206 -0.16069441 -1.02850783
v 0.02443250 -0.15647823 -1.04507911
v 0.06779636 -0.12537301 -1.15493286
v 0.04934926 -0.13966985 -1.14793360
v 0.04913931 -0.14578229 -1.16212499
v 0.06594019 -0.13321680 -1.17000914
v 0.07639534 -0.00471139 -1.29578543
v 0.07979385 -0.00481150 -1.27999043
v 0.08598187 -0.02344310 -1.28556287
v 0.08199415 -0.02367760 -1.30152619
v 0.08453063 -0.06776761 -1.33175731
v 0.07806767 -0.07107241 -1.34643674
v 0.07687538 -0.04636995 -1.33995509
v 0.08217648 -0.04467744 -1.32533634
v 0.08931709 -0.08618317 -1.31936502
v 0.09495834 -0.08118465 -1.30309069
v 0.02986456 -0.16155049 -1.18456316
v 0.02906830 -0.15848918 -1.17072308
v 0.01813068 -0.16744371 -1.20842516
v 0.03394338 -0.16505830 -1.21030247
v 0.03298287 -0.16467892 -1.20371294
v 0.01633068 -0.16777775 -1.20186758
v -0.01005917 -0.09097249 -1.39644384
v 0.00967538 -0.08549057 -1.40301847
v 0.00980447 -0.09849548 -1.39784575
v 0.04856623 -0.04301787 -1.38682687
v 0.05348362 -0.04305030 -1.38106656
v 0.04925237 -0.05823679 -1.38577652
v 0.04464301 -0.05405477 -1.39049983
v 0.09605686 -0.02818695 -1.21767914
v 0.09153106 -0.00842483 -1.21572971
v 0.08997410 -0.01049063 -1.19407439
v 0.09455267 -0.03169668 -1.19455516
v 0.05675537 -0.16214018 -1.22468686
v 0.05696232 -0.16004351 -1.22272837
v 0.04734279 -0.16290079 -1.21790469
v 0.04788394 -0.16355486 -1.21983755
v 0.04653540 -0.16056398 -1.20757997
v 0.04656673 -0.16194074 -1.21384311
v 0.05716922 -0.15782721 -1.21907353
v 0.05803528 -0.15507306 -1.21332431
v 0.06278872 -0.14091811 -1.18410039
v 0.04721142 -0.15082745 -1.17683101
v 0.04640475 -0.15537012 -1.18988574
v 0.06071228 -0.14698669 -1.19689357
v 0.07750722 -0.01605520 -1.12459290
v 0.08254512 -0.03465352 -1.12378061
v 0.08658002 -0.03342380 -1.14660192
v 0.08301295 -0.01376616 -1.14667964
v -0.00261613 -0.18003617 -1.22457063
v -0.01719211 -0.18597637 -1.22923481
v -0.00999557 -0.19101702 -1.21963954
v 0.00574689 -0.18660142 -1.21416426
v 0.08348326 -0.19772109 -1.24875450
v 0.08075894 -0.18919434 -1.25172520
v 0.07969961 -0.18662615 -1.24489427
v 0.08325843 -0.19509955 -1.24296224
v 0.02826935 -0.19259328 -1.19556236
v 0.01307914 -0.19462995 -1.20065820
v 0.02033842 -0.20539895 -1.18523324
v 0.03594070 -0.20217948 -1.18046689
v 0.01765718 -0.13828753 -1.38316894
v -0.01112428 -0.14121275 -1.38145435
v 0.01529007 -0.12673613 -1.38811159
v 0.05398577 -0.18802053 -1.19450164
v 0.06462368 -0.18722366 -1.19982505
v 0.05678939 -0.17939784 -1.20976794
v 0.04593363 -0.18118645 -1.20636177
v 0.01034369 -0.27372876 -1.21033907
v 0.01762649 -0.28823033 -1.19276047
v 0.05666067 -0.21246542 -1.16498828
v 0.06940336 -0.21286969 -1.16904199
v 0.06233075 -0.19852617 -1.18087661
v 0.05020107 -0.19970337 -1.17777765
v 0.06598575 -0.11970564 -1.14046621
v 0.04907885 -0.13565233 -1.13450921
v 0.05900370 -0.12890743 -1.03424692
v 0.04407497 -0.14661625 -1.03208065
v 0.04416358 -0.14100486 -1.04929292
v 0.05888704 -0.12327593 -1.05205369
v 0.02485385 -0.16332780 -1.01214719
v 0.05800864 -0.13246693 -1.01706743
v 0.04319525 -0.14966805 -1.01573873
v 0.00138190 -0.06598046 -1.41171002
v 0.01526618 -0.05197095 -1.41303754
v 0.02109376 -0.06077202 -1.40724576
v 0.00792967 -0.07428452 -1.40730202
v 0.04523646 -0.19821593 -0.90554333
v 0.05388301 -0.19642408 -0.87623286
v 0.02559876 -0.20636602 -0.87384605
v 0.01674212 -0.20575435 -0.90101826
v 0.03739107 -0.02669929 -1.39902711
v 0.02997684 -0.04435752 -1.40416324
v 0.02388999 -0.03620534 -1.41034198
v 0.03098140 -0.01977746 -1.40574718
v 0.01171851 -0.20062742 -0.92480493
v 0.03898381 -0.19407731 -0.93124855
v -0.01215524 -0.07990537 -1.40107346
v -0.01765484 -0.06787028 -1.40509033
v -0.02931495 -0.07502481 -1.39136243
v -0.03423883 -0.06537773 -1.39632118
v -0.04970448 -0.05841324 -1.38871634
v -0.00239844 -0.20789202 -0.86652339
v -0.00907201 -0.20435138 -0.89149225
v 0.00447505 -0.04860014 -1.41836464
v 0.01399346 -0.03552069 -1.41788673
v 0.02135549 -0.01978386 -1.41557145
v 0.02403541 -0.00432183 -1.41432822
v 0.02706439 -0.16866548 -0.99659717
v 0.00278374 -0.17722358 -0.99153239
v 0.11519273 -0.13527930 -0.76430899
v 0.12017893 -0.10846744 -0.76057905
v 0.10700508 -0.10825002 -0.74317199
v 0.10331135 -0.14012575 -0.74635994
v 0.11334608 -0.04414621 -0.77180845
v 0.09438414 -0.04331123 -0.75556290
v 0.10322211 -0.07467286 -0.74657488
v 0.11888344 -0.07746214 -0.76314151
v 0.13263160 -0.07196941 -0.90256977
v 0.12330384 -0.07246856 -0.92387533
v 0.12107515 -0.04246065 -0.92199636
v 0.12979218 -0.04181061 -0.90038085
v 0.06083294 -0.13842101 -1.00136626
v 0.04515774 -0.15541381 -1.00006986
v -0.02328438 -0.17899969 -0.98439848
v 0.02599283 -0.21897084 -0.73761457
v 0.02209121 -0.21703692 -0.70373201
v -0.01700002 -0.22307777 -0.70307493
v -0.01555313 -0.22405456 -0.73716754
v 0.07469314 -0.16973786 -0.69902194
v 0.08350279 -0.16995342 -0.72832078
v 0.09306442 -0.13816690 -0.72369885
v 0.08342766 -0.13693990 -0.69770026
v -0.13062568 -0.11988344 -0.95870954
v -0.11043207 -0.13769591 -0.94643021
v -0.12778857 -0.12094259 -0.93839657
v -0.16091613 -0.06422753 -0.94235444
v -0.15448290 -0.08519659 -0.94697797
v -0.15190250 -0.08410396 -0.92576706
v -0.15830192 -0.06358773 -0.92142123
v -0.12265210 -0.07302678 -0.82106197
v -0.12634459 -0.05792647 -0.81828868
v -0.13180867 -0.05933561 -0.83901596
v -0.12710601 -0.07742612 -0.84305423
v -0.03442364 -0.20173191 -0.88266665
v -0.05687097 -0.18984531 -0.87448925
v -0.06006224 -0.18461017 -0.89352000
v -0.03810881 -0.19557174 -0.90331340
v 0.07142702 -0.04315431 -0.74317926
v 0.08301242 -0.07272849 -0.73334002
v -0.05662643 -0.21915281 -0.70467848
v -0.05442071 -0.21696836 -0.73863626
v -0.08933087 -0.19991387 -0.70395434
v -0.10697925 -0.16983126 -0.70486563
v -0.10337239 -0.16921179 -0.73462754
v -0.08493064 -0.19817878 -0.73666358
v -0.09323002 -0.08059642 -0.76547122
v -0.07421726 -0.06089451 -0.74969697
v -0.07609666 -0.05930364 -0.75139183
v -0.09826709 -0.07295998 -0.77091724
v 0.12628973 -0.04447549 -0.78993905
v 0.13055649 -0.07753704 -0.78359854
v 0.13890532 -0.07502236 -0.80604821
v 0.13409996 -0.04350759 -0.80924618
v 0.06705076 -0.11345517 -1.01714897
v 0.07202485 -0.11895071 -1.00087404
v 0.07265390 -0.09377738 -1.01675701
v 0.06797929 -0.10990781 -1.03592002
v 0.07253277 -0.08963140 -1.03613257
v 0.08696473 -0.07960571 -1.15721428
v 0.07871097 -0.10087895 -1.14789069
v 0.08174885 -0.10696739 -1.16384542
v 0.09062933 -0.08598062 -1.17576146
v 0.09154392 -0.04228136 -1.29307318
v 0.08722655 -0.04319278 -1.30957234
v 0.08282348 -0.10257479 -0.70330256
v 0.06553650 -0.06529015 -0.71754098
v 0.06097100 -0.07530446 -0.67945230
v 0.07364383 -0.10820717 -0.67385447
v 0.04782402 -0.19521610 -0.67122787
v 0.05425299 -0.19873500 -0.70298189
v 0.06619216 -0.17158209 -0.67135686
v 0.01631454 -0.21568123 -0.67168385
v -0.02264043 -0.22396259 -0.67216533
v -0.09274496 -0.19908568 -0.67264289
v -0.10916576 -0.16832277 -0.67411184
v -0.08401556 -0.07773164 -0.69954026
v -0.09908184 -0.10290833 -0.70177120
v -0.09715755 -0.10239818 -0.67587137
v -0.07928009 -0.07728614 -0.67635292
v -0.10733227 -0.11249759 -0.82521176
v -0.09207816 -0.14434965 -0.84729111
v -0.09059413 -0.15137401 -0.82846785
v -0.10145114 -0.12505858 -0.80861151
v -0.16209857 -0.06814523 -0.96436316
v -0.15660524 -0.08495710 -0.96961844
v -0.14473131 -0.10261509 -0.95240796
v -0.14701334 -0.10172675 -0.97450113
v -0.13207909 -0.11876262 -0.98012507
v -0.15919665 -0.07938387 -1.06557119
v -0.14584178 -0.09935657 -1.06780291
v -0.14802554 -0.09910274 -1.04499078
v -0.16109124 -0.07959967 -1.04220092
v -0.15545276 -0.07856359 -1.08955956
v -0.14287108 -0.09891459 -1.09125495
v -0.14313707 -0.07245664 -1.13356757
v -0.13843602 -0.09190480 -1.14500093
v -0.13344610 -0.09265868 -1.13112545
v -0.12022381 -0.04712648 -1.27939177
v -0.12930986 -0.04817707 -1.26450491
v -0.02932149 -0.20833401 -0.86045557
v 0.03121665 -0.04413607 -0.71212751
v -0.00232910 -0.04090450 -0.70547658
v 0.00332024 -0.04443602 -0.67967832
v 0.03496117 -0.05263123 -0.68107271
v -0.01445369 -0.19890639 -0.91350687
v -0.05060679 -0.17208920 -0.99157989
v -0.04836957 -0.17464799 -0.97523987
v -0.04744123 -0.15711977 -1.12576771
v -0.05434579 -0.15731822 -1.14395463
v -0.15860483 -0.10264730 -1.20062995
v -0.15920010 -0.10452355 -1.18884420
v 0.06121373 -0.19999258 -0.73611248
v -0.09641418 -0.19334485 -0.61348015
v -0.10999061 -0.16282763 -0.61374569
v -0.10971484 -0.16667145 -0.64349556
v -0.09485108 -0.19703995 -0.64235312
v -0.05120628 -0.06319913 -0.64848506
v -0.07449199 -0.07873655 -0.64936149
v -0.06956078 -0.08160334 -0.62050843
v -0.04614215 -0.06847964 -0.61979878
v -0.04359265 -0.07417927 -0.59042287
v -0.06809431 -0.08506727 -0.59040082
v -0.06502877 -0.08633262 -0.56078660
v -0.04119013 -0.07731891 -0.56234348
v -0.06192473 -0.21711116 -0.67115521
v -0.03426593 -0.21700588 -0.61221194
v -0.06848138 -0.21267512 -0.61230886
v -0.06561505 -0.21514030 -0.64072835
v -0.02887952 -0.21927950 -0.64084488
v 0.07440634 -0.14144975 -0.67065084
v -0.05610320 -0.05935678 -0.67580462
v -0.06295251 -0.05869177 -0.69824010
v 0.00490442 -0.06313243 -0.61714935
v 0.03039615 -0.07294212 -0.61613125
v 0.03305884 -0.06272628 -0.64715821
v 0.00418735 -0.05313280 -0.64837879
v 0.04916308 -0.17478329 -0.61599296
v 0.02963819 -0.19586292 -0.61559647
v 0.03728724 -0.19673742 -0.64286840
v 0.05670558 -0.17374501 -0.64264131
v 0.00041869 -0.21030083 -0.61390567
v 0.00722141 -0.21255706 -0.64217305
v -0.04487739 -0.21180163 -0.55688363
v -0.07559607 -0.20469126 -0.55564147
v -0.07198881 -0.20927201 -0.58426303
v -0.03952637 -0.21439812 -0.58455145
v -0.01157349 -0.20691293 -0.55955285
v -0.00549438 -0.20859653 -0.58673602
v 0.02292681 -0.19544823 -0.58892936
v 0.01560108 -0.19498751 -0.56220430
v 0.03390210 -0.17587689 -0.56458265
v 0.04199237 -0.17451200 -0.58978522
v 0.05284376 -0.15052727 -0.58921844
v 0.04491102 -0.15349193 -0.56462401
v 0.05368841 -0.12596332 -0.58919227
v 0.04453671 -0.10165861 -0.58877867
v 0.03891702 -0.10894067 -0.56417704
v 0.04618447 -0.13151179 -0.56480193
v 0.00557892 -0.07801082 -0.56215489
v 0.02535536 -0.08985890 -0.56272095
v 0.02790784 -0.08238961 -0.58850980
v 0.00518965 -0.07204654 -0.58875942
v 0.00965666 -0.10111609 -0.46426642
v 0.01808721 -0.11736768 -0.46802926
v 0.01915047 -0.11038957 -0.49125969
v 0.00888760 -0.09374723 -0.48779899
v 0.02649920 -0.13301417 -0.47126031
v 0.03060840 -0.15130605 -0.47231048
v 0.02985583 -0.14606290 -0.49499828
v 0.02519834 -0.12805994 -0.49342626
v 0.01431502 -0.18239398 -0.49200654
v 0.02707084 -0.16449022 -0.49445701
v 0.02676812 -0.16949698 -0.47165954
v 0.01355443 -0.18559310 -0.46856076
v -0.00278012 -0.20010273 -0.46360677
v -0.00141079 -0.19896257 -0.48822182
v -0.02554861 -0.20442435 -0.45840561
v -0.02430566 -0.20661189 -0.48322278
v -0.05271541 -0.20208205 -0.47842246
v -0.05186913 -0.19865268 -0.45371276
v -0.04402997 -0.09238525 -0.45251095
v -0.02354210 -0.08614004 -0.45738447
v -0.02902401 -0.08129434 -0.48163939
v -0.04909989 -0.08910169 -0.47788560
v -0.08317368 -0.12461574 -0.47318161
v -0.09834017 -0.14760521 -0.47329801
v -0.08868180 -0.14568838 -0.44652677
v -0.07240498 -0.12397701 -0.44610047
v -0.01695917 -0.20580573 -0.53345132
v -0.04941221 -0.20918949 -0.52977920
v 0.02586703 -0.17625356 -0.53932172
v 0.00842188 -0.19538014 -0.53702098
v 0.00636360 -0.08392344 -0.53705633
v 0.02298208 -0.09743559 -0.53892022
v -0.06107157 -0.08666824 -0.53168398
v -0.03806127 -0.07857400 -0.53420824
v -0.09952477 -0.17900907 -0.52826792
v -0.07876115 -0.19985957 -0.52802598
v -0.08139248 -0.19676475 -0.50106102
v -0.10145006 -0.17706464 -0.50045741
v -0.02111982 -0.20683986 -0.50808823
v 0.00275511 -0.19632018 -0.51200825
v 0.01900075 -0.17837402 -0.51525992
v 0.03096043 -0.15999277 -0.51711714
v 0.03286766 -0.14042346 -0.51701516
v 0.02814177 -0.12211058 -0.51639980
v 0.02098010 -0.10386788 -0.51458812
v 0.00745840 -0.08813553 -0.51236778
v -0.03383573 -0.07949068 -0.50762349
v -0.05521664 -0.08851284 -0.50432205
v -0.09974635 -0.17539191 -0.47397196
v -0.08051149 -0.19450817 -0.47544712
v -0.07466599 -0.19241807 -0.45127106
v -0.09051614 -0.17035216 -0.44843596
v -0.07954295 -0.16740213 -0.42515534
v -0.07782778 -0.14516994 -0.42388272
v 0.02992281 -0.13772731 -0.44730383
v 0.03205433 -0.15510046 -0.44811791
v 0.02795411 -0.17264915 -0.44740248
v -0.00000515 -0.20257910 -0.44092262
v -0.02591000 -0.20305866 -0.43273753
v -0.05008765 -0.19660227 -0.42721009
v -0.06900209 -0.18706344 -0.42736065
v -0.01299675 -0.09871315 -0.40705663
v -0.01951957 -0.09436288 -0.43272412
v -0.03816327 -0.09840961 -0.42836607
v -0.03142916 -0.10369007 -0.40228587
v 0.01910814 -0.10818067 -0.41496122
v 0.03281330 -0.12140737 -0.41949373
v 0.02039903 -0.12224422 -0.44447500
v 0.00960311 -0.10927398 -0.43972814
v 0.04076514 -0.13990775 -0.42237532
v 0.04166889 -0.15915132 -0.42319942
v 0.03720942 -0.17787355 -0.42301846
v 0.01759913 -0.18978766 -0.44560927
v 0.02479738 -0.19466703 -0.42003626
v 0.00321922 -0.20324317 -0.41374069
v -0.02699304 -0.20511849 -0.40525931
v -0.04495531 -0.19292846 -0.36847693
v -0.05063713 -0.18975072 -0.39773405
v -0.02247779 -0.20842990 -0.37688887
v -0.02978665 -0.16499873 -0.27371228
v -0.02304143 -0.18794282 -0.27677089
v -0.01442537 -0.18199477 -0.24375200
v -0.02086775 -0.16196866 -0.23992503
v -0.02431952 -0.10534167 -0.37551522
v -0.00377852 -0.09732299 -0.37929714
v 0.03076196 -0.10559160 -0.38783425
v 0.04510046 -0.12107585 -0.39207697
v 0.01652890 -0.21247217 -0.35656762
v 0.00792691 -0.20980598 -0.38608736
v 0.03200907 -0.19904108 -0.39295805
v 0.04115193 -0.20118573 -0.36296201
v -0.00430500 -0.09919635 -0.28110820
v 0.01539760 -0.09198754 -0.28486693
v 0.01011444 -0.09167810 -0.31778294
v -0.01124455 -0.09879268 -0.31337851
v 0.03883206 -0.10204934 -0.35688591
v 0.04551943 -0.10138401 -0.32550704
v 0.06024654 -0.11446441 -0.32913911
v 0.05398630 -0.11754275 -0.36218494
v 0.02852844 -0.20494503 -0.28985000
v 0.02376093 -0.21128483 -0.32471269
v 0.04801053 -0.20081751 -0.33063489
v 0.05181608 -0.19565210 -0.29477876
v -0.01351753 -0.21220495 -0.34845501
v -0.00555114 -0.20987161 -0.31757498
v -0.02992704 -0.19282824 -0.30889404
v -0.03850234 -0.19364287 -0.33962208
v -0.03853583 -0.16760188 -0.30552214
v -0.04635886 -0.16923091 -0.33735240
v 0.02530380 -0.10443974 -0.21285653
v 0.02026810 -0.09765839 -0.24931002
v 0.00234000 -0.10425317 -0.24517953
v 0.00963865 -0.11035370 -0.20888495
v 0.06406283 -0.11612442 -0.29470438
v 0.05025062 -0.10145797 -0.29105258
v 0.05160940 -0.10614662 -0.25462675
v 0.06403359 -0.11966750 -0.25808084
v 0.03554691 -0.19130184 -0.21639824
v 0.03243034 -0.19903161 -0.25395453
v 0.05361252 -0.19035622 -0.25726038
v 0.05493950 -0.18291092 -0.21956205
v -0.00524414 -0.17699294 -0.20789647
v 0.00569918 -0.19742042 -0.24949181
v 0.01299730 -0.19033456 -0.21235132
v -0.00006937 -0.17039359 -0.17256236
v -0.00647286 -0.15379724 -0.16895890
v -0.01225910 -0.15808088 -0.20408976
v 0.01585267 -0.11484858 -0.17435563
v 0.02965493 -0.10844272 -0.17714608
v 0.06295675 -0.12282681 -0.18498194
v 0.06323732 -0.12345956 -0.22140455
v 0.05172866 -0.11092260 -0.21858692
v 0.05195463 -0.11213978 -0.18134570
v 0.07131287 -0.15533146 -0.22122455
v 0.07009468 -0.13890004 -0.22202659
v 0.06921974 -0.13734829 -0.18647444
v 0.07003126 -0.15248112 -0.18555260
v 0.05425775 -0.17494474 -0.18459833
v 0.06625729 -0.17093873 -0.22079039
v 0.06507861 -0.16419983 -0.18586075
v 0.03721592 -0.18383986 -0.18167734
v 0.01645432 -0.18345873 -0.17684555
v 0.00856392 -0.03730213 -0.73766488
v -0.02310424 -0.04154720 -0.73117042
v -0.01208720 -0.04139344 -0.72232109
v 0.02086332 -0.04143817 -0.73166215
v -0.09472331 -0.10347923 -0.64766276
v -0.09205949 -0.10360458 -0.61744821
v -0.08668108 -0.10373927 -0.55849010
v -0.09050037 -0.10456710 -0.58767968
v -0.08150882 -0.10328882 -0.52993715
v -0.07502916 -0.10386544 -0.50205851
v -0.06728561 -0.10373247 -0.47424757
v -0.05915609 -0.10561310 -0.44856560
v -0.05281436 -0.11083870 -0.42342937
v -0.04790695 -0.11603438 -0.39767146
v -0.03431415 -0.11839661 -0.34204853
v -0.01740663 -0.10254523 -0.34549379
v -0.04109303 -0.11940359 -0.37147582
v -0.02138368 -0.11618839 -0.27772075
v -0.02820422 -0.11660731 -0.31054580
v -0.01252587 -0.11923666 -0.24186134
v -0.00294773 -0.12270344 -0.20461953
v 0.00413216 -0.12612791 -0.17108166
v -0.10458501 -0.13599062 -0.75474238
v -0.10142909 -0.10658921 -0.74527800
v -0.10116623 -0.10798720 -0.76160443
v -0.10166740 -0.13472283 -0.77531171
v -0.05796236 -0.05175957 -0.74491674
v -0.04328873 -0.04531699 -0.74434376
v -0.04634219 -0.04511655 -0.74553138
v -0.05932926 -0.05227088 -0.74580973
v -0.05188940 -0.20633376 -0.50431728
v 0.03677956 -0.15738955 -0.54105419
v 0.03837328 -0.13700069 -0.54087156
v 0.03284913 -0.11639538 -0.54003763
v -0.09899647 -0.12584943 -0.52834421
v -0.10700090 -0.15172957 -0.52830487
v -0.10520369 -0.14880556 -0.50027364
v -0.09435838 -0.12484636 -0.50019932
v -0.05278454 -0.16451234 -0.36202234
v -0.04361244 -0.14135142 -0.33826649
v -0.05145580 -0.14030674 -0.36550164
v -0.06013442 -0.16476604 -0.38594580
v 0.05367588 -0.16249812 -0.39648485
v 0.04742590 -0.18217960 -0.39620507
v 0.06486119 -0.16235234 -0.36750740
v 0.05219439 -0.14011253 -0.39491612
v 0.06338924 -0.13938880 -0.36541116
v -0.10568810 -0.13001722 -0.58500421
v -0.10915285 -0.15871049 -0.58506060
v -0.10757621 -0.15462390 -0.55644369
v -0.10238855 -0.12684454 -0.55709153
v 0.04408612 -0.13408315 -1.06616056
v 0.05780282 -0.11705387 -1.07022715
v -0.09763964 -0.15563990 -1.16748273
v -0.07910158 -0.15585989 -1.15656734
v -0.09240964 -0.14630488 -1.14886677
v -0.10744163 -0.14715625 -1.15967357
v -0.08905515 -0.16164839 -1.17735779
v -0.06999847 -0.16227609 -1.16676068
v -0.08071536 -0.16547413 -1.18879044
v -0.06228574 -0.16640708 -1.17840242
v -0.03432191 -0.17023525 -1.22626090
v -0.02828864 -0.16992490 -1.22908437
v -0.15019906 -0.07645372 -1.11274076
v -0.15794271 -0.05344099 -1.10971105
v -0.15075506 -0.05029441 -1.13029671
v -0.14196821 -0.10306366 -0.93131220
v -0.11677127 -0.08870579 -0.82210320
v -0.11972539 -0.09553242 -0.84757900
v -0.10918254 -0.11890058 -0.85542673
v -0.09526132 -0.05687878 -0.76548737
v 0.08649755 -0.05468985 -1.14378262
v 0.08342095 -0.05530029 -1.12113023
v 0.07718769 -0.02445134 -1.31775773
v 0.07250558 -0.00440291 -1.31123126
v 0.06826770 -0.02538870 -1.34533072
v 0.06356394 -0.02514861 -1.35723817
v 0.06074418 -0.00447291 -1.35037768
v 0.06467190 -0.00492787 -1.33847594
v 0.03933976 -0.00691162 -1.39559853
v 0.03183016 -0.00531071 -1.40501797
v -0.04006585 -0.04516516 -0.74167478
v -0.01715184 -0.03870168 -0.74380374
v -0.02609403 -0.04021462 -0.74555647
v -0.08818024 -0.07942931 -0.71991116
v -0.06909380 -0.06012873 -0.71596068
v -0.07362974 -0.06208733 -0.72992808
v -0.09085806 -0.08134731 -0.73600757
v -0.01653673 -0.22321254 -0.77141714
v 0.02409582 -0.22075853 -0.77440757
v 0.09332002 -0.10390098 -0.72496277
v 0.08149526 -0.24414100 -1.14044154
v 0.09174400 -0.24897511 -1.14854789
v 0.08644917 -0.23187363 -1.16312838
v 0.07585981 -0.22803590 -1.15542400
v 0.09938795 -0.05133104 -1.21976924
v 0.09574529 -0.06103792 -1.19298220
v -0.02876346 -0.08550164 -1.38471437
v -0.01269227 -0.16390525 -1.37386465
v -0.03677520 -0.16227874 -1.36128581
v -0.03497617 -0.15230303 -1.36492181
v -0.01131444 -0.15269144 -1.37824321
v 0.06583557 -0.14565253 -1.33188570
v 0.05374094 -0.15009271 -1.34773040
v 0.05884077 -0.13738850 -1.35130262
v 0.07090225 -0.13203968 -1.33447552
v 0.13625157 -0.04108588 -0.87757564
v 0.13975257 -0.07132141 -0.87933749
v 0.07101857 -0.04253572 -1.05766404
v 0.07440703 -0.06307530 -1.05658293
v 0.07716254 -0.05932225 -1.07685554
v 0.07444830 -0.03928774 -1.07876635
v 0.09736145 -0.08310141 -1.20688653
v 0.09027902 -0.09999044 -1.19087672
v -0.15422221 -0.05134716 -1.21835124
v -0.15340286 -0.06832003 -1.22289121
v -0.15998970 -0.07043453 -1.20547140
v -0.15897015 -0.05398412 -1.19885731
v 0.09188836 -0.22461504 -1.20871890
v 0.08636860 -0.20569003 -1.21342826
v 0.08114680 -0.20184724 -1.19892669
v 0.08817668 -0.21830350 -1.18857491
v 0.06561814 -0.20117973 -0.77588785
v 0.09206266 -0.17100923 -0.75666851
v 0.03005531 -0.14797631 -1.09711623
v 0.05087754 -0.13275316 -1.10119808
v 0.04674243 -0.13154580 -1.08269453
v 0.02710386 -0.14736648 -1.07863426
v 0.02820119 -0.15157139 -1.14428508
v 0.02915093 -0.14842419 -1.13047302
v 0.02877483 -0.15549242 -1.15687072
v 0.03939012 -0.16782922 -1.22229886
v 0.04292354 -0.16560349 -1.22173560
v 0.04913962 -0.16759109 -1.22650385
v -0.10074845 -0.10494913 -0.72533572
v -0.10335110 -0.10115697 -0.78553605
v -0.10776975 -0.09229818 -0.79439825
v -0.03123572 -0.04128914 -0.74762142
v -0.04074806 -0.05796526 -1.40275514
v -0.05573154 -0.05255742 -1.39664447
v 0.03365392 -0.18336222 -1.20662975
v 0.04191656 -0.19040695 -1.19326663
v 0.00678880 -0.16700675 -1.21742237
v 0.02294687 -0.16610198 -1.21543384
v 0.02033137 -0.16710843 -1.21271539
v 0.00300678 -0.16793388 -1.21431816
v 0.03675638 -0.16474804 -1.21658373
v 0.03513899 -0.16535957 -1.21426725
v -0.08670199 -0.13966066 -1.28636491
v -0.07572020 -0.14106262 -1.30294538
v -0.07286526 -0.15104310 -1.29680955
v -0.08283183 -0.14999835 -1.28043497
v -0.09158465 -0.12791243 -1.28968787
v -0.09696929 -0.11419898 -1.29124308
v -0.08412918 -0.11454184 -1.30915034
v -0.07943785 -0.12891658 -1.30726838
v -0.06907301 -0.07084852 -1.35615134
v -0.05143237 -0.08668032 -1.36451972
v -0.08149254 -0.05184973 -1.34847724
v -0.09000985 -0.03464208 -1.34280288
v 0.04556279 -0.00861132 -1.38545609
v 0.05178688 -0.00554111 -1.37255120
v 0.05308892 -0.02493805 -1.37790406
v 0.04571592 -0.02992499 -1.38966215
v -0.06341045 -0.04709383 -1.38381481
v -0.07259136 -0.03643830 -1.37604475
v -0.08047253 -0.02696674 -1.36171162
v 0.02416874 -0.27845675 -1.22078550
v 0.03019275 -0.29211113 -1.20334697
v -0.00912136 -0.05773116 -1.41589022
v -0.02491437 -0.06002297 -1.40946400
v 0.04080284 -0.27945390 -1.22722173
v 0.04679938 -0.29311398 -1.20975041
v -0.03454742 -0.14089055 -1.36686885
v -0.05123723 -0.14863284 -1.34419167
v -0.05202008 -0.13687165 -1.34613073
v -0.06851365 -0.04367135 -1.39235020
v -0.07624814 -0.03393031 -1.38489127
v 0.01630068 -0.21881619 -0.80945039
v -0.01968093 -0.22188567 -0.80568773
v -0.04854680 -0.16604757 -1.04603505
v -0.02341415 -0.16730079 -1.05205131
v -0.16707037 -0.05794219 -1.06275356
v -0.16933596 -0.05796187 -1.03909183
v -0.08866757 -0.00971667 -1.38627887
v -0.15961653 -0.08219176 -0.99324554
v -0.16562876 -0.06066656 -0.98715007
v -0.16826215 -0.05913443 -1.01408362
v -0.16112962 -0.08041465 -1.01817560
v -0.16413762 -0.05362068 -0.94900078
v -0.16445535 -0.05415691 -0.96128947
v -0.12081657 -0.05749128 -0.80205131
v -0.11841803 -0.07029492 -0.80431581
v -0.02625795 -0.22175699 -1.25465417
v -0.01981406 -0.22875619 -1.27280712
v -0.01233040 -0.23817030 -1.25866258
v -0.01995711 -0.23061016 -1.24164593
v -0.14860559 -0.10051091 -0.99823189
v -0.13169834 -0.11749656 -1.00304675
v -0.03866204 -0.16953826 -1.22103727
v -0.05649864 -0.17087261 -1.22818470
v -0.15175353 -0.04768778 -1.14840269
v -0.15796240 -0.08682366 -1.21095717
v -0.15081675 -0.08505372 -1.22659147
v -0.14607322 -0.10050925 -1.22912860
v -0.15398502 -0.10157895 -1.21500826
v -0.02167660 -0.03948579 -0.74836189
v 0.07614993 -0.20115703 -1.28036845
v 0.07675587 -0.21036807 -1.27490294
v 0.07111728 -0.21406500 -1.28385484
v 0.07063695 -0.20501278 -1.29029369
v -0.04311171 -0.04785041 -0.71651745
v -0.03504891 -0.04745211 -0.69952691
v 0.04675794 -0.04348452 -0.73853439
v 0.03066057 -0.03459893 -0.74487495
v -0.10905808 -0.13454117 -0.67490226
v -0.10875981 -0.13599023 -0.70450050
v -0.10809965 -0.13232209 -0.64536715
v -0.10722010 -0.13135128 -0.61492246
v -0.06422207 -0.12920067 -0.42260295
v -0.06077676 -0.13899341 -0.39455247
v -0.03522851 -0.14098997 -0.30755037
v -0.02705147 -0.14012592 -0.27481824
v -0.01805646 -0.13983333 -0.23973954
v -0.00916288 -0.13871244 -0.20312452
v -0.00384483 -0.13874978 -0.16822898
v 0.06417029 -0.29029426 -1.21001983
v 0.06001452 -0.27625155 -1.22968888
v 0.07629820 -0.26916808 -1.22277045
v 0.07911705 -0.28479922 -1.20375919
v 0.04284199 -0.21384719 -1.16512895
v 0.02774770 -0.21778959 -1.16931164
v 0.03400973 -0.23079108 -1.15363348
v 0.04879446 -0.22713646 -1.15103841
v 0.05502863 -0.24110445 -1.13566542
v 0.06897488 -0.24133725 -1.13680661
v 0.06303336 -0.22614267 -1.15163577
v 0.09858977 -0.25539017 -1.16068840
v 0.10043705 -0.26260984 -1.17329276
v 0.09629480 -0.24532735 -1.19011438
v 0.09363408 -0.23707002 -1.17454565
v 0.09041583 -0.27747482 -1.19478214
v 0.08768333 -0.26102072 -1.21147609
v 0.09424093 -0.25266162 -1.20077980
v 0.09782804 -0.26973143 -1.18438613
v 0.01642776 -0.25895777 -1.15097916
v 0.02689813 -0.25036910 -1.14209259
v 0.02009958 -0.23715191 -1.15985823
v 0.00933384 -0.24540028 -1.16881943
v -0.00618551 -0.23504272 -1.29074407
v 0.00133212 -0.24400751 -1.27431297
v -0.03492049 -0.17755310 -1.24143147
v -0.04760955 -0.18231766 -1.25058413
v -0.03823723 -0.18793818 -1.24461794
v -0.02594506 -0.17658395 -1.23686087
v 0.00247965 -0.25982457 -1.22744322
v -0.00549091 -0.24820337 -1.24385524
v 0.00883312 -0.25344461 -1.25653648
v 0.01659825 -0.26498953 -1.23817432
v 0.00207842 -0.23124115 -1.18507135
v 0.01373135 -0.22363186 -1.17604637
v 0.00569226 -0.21044740 -1.19204485
v -0.00672437 -0.21832485 -1.20034313
v 0.08036814 -0.21497072 -1.17630017
v 0.07278604 -0.19968200 -1.18839705
v -0.02835889 -0.21241958 -1.23780739
v -0.02112083 -0.22003132 -1.22507977
v -0.06027256 -0.16929966 -1.22059107
v -0.00300067 -0.16912617 -1.20295560
v -0.00020093 -0.16878101 -1.20972478
v -0.11904127 -0.14900975 -1.17306292
v -0.12356132 -0.15037590 -1.18668675
v -0.03960306 -0.16719452 -1.17145669
v -0.03324911 -0.16886339 -1.18521392
v -0.11047294 -0.15509027 -1.17870367
v -0.11621288 -0.15426639 -1.18728733
v -0.12437461 -0.11313444 -1.11323059
v -0.08407831 -0.03043738 -1.35295200
v -0.01328398 -0.23986830 -1.22757626
v -0.01348546 -0.22880532 -1.21266186
v 0.07229936 -0.18076998 -1.22451043
v 0.06547510 -0.17932975 -1.21668291
v 0.07349373 -0.18895584 -1.20874512
v 0.07973617 -0.19198483 -1.21932471
v 0.09024038 -0.11498049 -1.22865248
v 0.09490418 -0.10119210 -1.21774530
v 0.08699972 -0.11443669 -1.20397675
v 0.08263370 -0.12556136 -1.21624434
v 0.05809118 -0.22360665 -1.29394019
v 0.04928044 -0.23079853 -1.29414976
v 0.04515233 -0.22151065 -1.30787742
v 0.05580290 -0.21497118 -1.30426645
v 0.03678552 -0.23887335 -1.29169095
v 0.01973559 -0.24470317 -1.28527164
v 0.01275942 -0.23532099 -1.30312932
v 0.03093182 -0.22882815 -1.30839360
v 0.06362517 -0.19601713 -0.84809202
v 0.03637912 -0.20744254 -0.84564775
v -0.07095447 -0.16551903 -0.96501619
v -0.09150867 -0.15283141 -0.95548308
v -0.09533374 -0.14560017 -0.86869735
v -0.09345021 -0.08215950 -0.75769079
v -0.07521955 -0.06165815 -0.74498874
v -0.02791150 -0.04904924 -0.67668575
v 0.00714020 -0.21624559 -0.84187412
v -0.02452101 -0.05501937 -0.64838511
v -0.02163306 -0.06272198 -0.61867666
v 0.05056284 -0.09371962 -0.61533988
v 0.06048994 -0.12014741 -0.61497647
v 0.06732898 -0.11418057 -0.64271957
v 0.05626563 -0.08501304 -0.64526200
v 0.05978115 -0.14831303 -0.61524588
v 0.06733289 -0.14484508 -0.64223051
v -0.09761223 -0.18324915 -0.55671585
v 0.07017456 -0.13727584 -0.33345687
v 0.07434040 -0.15713747 -0.29776460
v 0.07207628 -0.16120367 -0.33516216
v 0.07259913 -0.13554503 -0.29671478
v 0.06441255 -0.18334252 -0.33393073
v 0.05753751 -0.18343091 -0.36672974
v -0.00043202 -0.20329218 -0.28371102
v 0.07200473 -0.13780928 -0.25995857
v 0.07324368 -0.15720683 -0.25983989
v 0.06680514 -0.17568517 -0.25946605
v 0.06696712 -0.17916697 -0.29753476
v -0.05056757 -0.04934393 -0.72773695
v -0.05445361 -0.21317883 -0.76958835
v -0.05453838 -0.21203955 -0.80144286
v -0.09199043 -0.15805812 -0.80887353
v -0.10053380 -0.13138224 -0.79264045
v -0.11120405 -0.13187689 -1.02877355
v -0.09239411 -0.14717159 -1.03340459
v -0.08969335 -0.14279532 -1.07610965
v -0.06905833 -0.15392804 -1.08076000
v -0.07026886 -0.15625530 -1.05979741
v -0.09083539 -0.14451252 -1.05413139
v -0.02013474 -0.16273648 -1.08976018
v 0.00605953 -0.15811566 -1.09352946
v 0.00388427 -0.15854959 -1.07469261
v -0.02163528 -0.16385882 -1.07053673
v 0.00191829 -0.16180083 -1.05740643
v 0.02481502 -0.15051703 -1.06155837
v 0.07765975 -0.07689249 -1.09534585
v 0.07166863 -0.09613210 -1.09149885
v 0.07547886 -0.09550729 -1.11194372
v 0.08092373 -0.07568325 -1.11705542
v -0.11431739 -0.08014698 -0.80163026
v -0.05751036 -0.05159704 -0.74101633
v -0.10703314 -0.13662191 -0.73122644
v -0.09943403 -0.16813345 -0.76340705
v -0.08210240 -0.19646752 -0.76825094
v 0.02025194 -0.18497702 -1.20958638
v 0.07222531 -0.14892240 -1.23351526
v 0.07724967 -0.14540127 -1.24296677
v 0.04410598 -0.24871612 -1.27372098
v 0.02696473 -0.25419945 -1.26713502
v -0.01586730 -0.20829356 -1.21383500
v -0.02669680 -0.22065845 -1.28652561
v -0.03336786 -0.21343213 -1.26682556
v -0.04146707 -0.20519522 -1.27938974
v -0.07597958 -0.17156072 -0.86251563
v -0.05531935 -0.19792101 -0.85303736
v -0.07482287 -0.17601869 -0.84227020
v 0.01564459 -0.03424856 -0.74645543
v -0.10074653 -0.10869568 -0.77495283
v -0.01958970 -0.06926848 -0.58980107
v -0.01755582 -0.07402749 -0.56228387
v -0.01499583 -0.07717581 -0.53569305
v -0.01207041 -0.07968412 -0.51007658
v -0.00858184 -0.08314362 -0.48506284
v -0.00460792 -0.08979322 -0.46029723
v -0.00331850 -0.09811508 -0.43638104
v 0.00397113 -0.10009453 -0.41112149
v 0.00389322 -0.09407927 -0.34931493
v 0.02218927 -0.09476428 -0.35296279
v 0.01400346 -0.09756020 -0.38336152
v 0.02884850 -0.09347380 -0.32154131
v 0.03320491 -0.09343527 -0.28753728
v 0.03670794 -0.09880485 -0.25282121
v 0.04154346 -0.10837805 -0.18017197
v 0.03952263 -0.10558715 -0.21616888
v -0.00961228 -0.03825762 -0.74887228
v 0.00195126 -0.03578455 -0.74827540
v -0.05315858 -0.12155447 -1.34756410
v -0.01537022 -0.16872531 -1.21969342
v -0.01033909 -0.16732012 -1.22226477
v -0.02372260 -0.20046048 -1.22555649
v 0.08554334 -0.24485689 -1.22664499
v 0.07516351 -0.25374597 -1.23961234
v -0.00264531 -0.19885896 -1.20695221
v -0.01227693 -0.16883771 -1.23141599
v -0.02056545 -0.17162706 -1.23363161
v 0.08938158 -0.41040501 -1.05711377
v 0.10266667 -0.40921023 -1.06191182
v 0.10374782 -0.41954195 -1.04400158
v 0.09143888 -0.41941577 -1.03883779
v 0.07828293 -0.40641287 -1.04898524
v 0.08151744 -0.41448602 -1.03149152
v 0.08638578 -0.35812482 -1.00939655
v 0.07620164 -0.36676997 -1.01542616
v 0.08393805 -0.37780631 -1.00061381
v 0.09432258 -0.37006268 -0.99539703
v 0.07905001 -0.41514978 -1.00674772
v 0.07896345 -0.40610459 -0.99928135
v 0.07332171 -0.39696017 -1.01513958
v 0.07492854 -0.40676054 -1.02328181
v 0.11515004 -0.35127577 -1.01251614
v 0.12643752 -0.35401770 -1.02058125
v 0.12009724 -0.34008268 -1.03238487
v 0.10741798 -0.33800495 -1.02423763
v 0.05300044 -0.31891599 -1.07242894
v 0.06216166 -0.31055379 -1.06423795
v 0.05411039 -0.30399236 -1.07574713
v 0.04648704 -0.31255290 -1.08543968
v 0.08514843 -0.39163482 -1.09397554
v 0.09914570 -0.38698977 -1.09763336
v 0.10108382 -0.39843214 -1.07999408
v 0.08727390 -0.40113690 -1.07561433
v 0.05742153 -0.36941591 -1.06586981
v 0.05680964 -0.35692993 -1.05580199
v 0.05220688 -0.34719124 -1.07466304
v 0.05380570 -0.35929969 -1.08491790
v 0.08344396 -0.38059914 -1.11239886
v 0.09689883 -0.37442324 -1.11431313
v 0.06735327 -0.38832885 -1.03124726
v 0.06969204 -0.37684640 -1.02285910
v 0.06255541 -0.36688879 -1.03877699
v 0.06166568 -0.37912616 -1.04795742
v 0.12621033 -0.37908426 -0.98900557
v 0.13501608 -0.38311696 -0.99693125
v 0.13136426 -0.36860138 -1.00893831
v 0.12130917 -0.36523339 -1.00069773
v 0.08359881 -0.39717004 -0.99273634
v 0.09120203 -0.38905552 -0.98700106
v 0.07691290 -0.38698402 -1.00769734
v 0.12833485 -0.41961023 -1.02716982
v 0.11713821 -0.42625737 -1.02855873
v 0.11669265 -0.41466546 -1.04583085
v 0.12815174 -0.40679550 -1.04389572
v 0.06946837 -0.33643186 -1.03953040
v 0.06078038 -0.34578949 -1.04684508
v 0.06823064 -0.35598990 -1.03047955
v 0.07818959 -0.34691876 -1.02391124
v 0.07171423 -0.38886040 -1.08645296
v 0.07486316 -0.39778990 -1.06753254
v 0.12712428 -0.39342320 -1.05952764
v 0.11574627 -0.40289980 -1.06292415
v 0.11381216 -0.39030340 -1.07950711
v 0.12498438 -0.37945363 -1.07502151
v 0.12717545 -0.35319084 -1.07991993
v 0.12541288 -0.34171233 -1.06809413
v 0.13070670 -0.35630506 -1.05574775
v 0.13080430 -0.36779156 -1.06681085
v 0.06092428 -0.32707641 -1.05622065
v 0.07241524 -0.31904089 -1.04985595
v 0.09859122 -0.32530642 -1.03663480
v 0.11232566 -0.32656232 -1.04420972
v 0.10326218 -0.31394815 -1.05585408
v 0.08838045 -0.31377095 -1.04885983
v 0.05466919 -0.35092178 -1.12965834
v 0.06608372 -0.35705507 -1.13832092
v 0.06780199 -0.36752379 -1.12416136
v 0.05662205 -0.36113420 -1.11525774
v 0.08221481 -0.36806878 -1.13027751
v 0.08071082 -0.35535625 -1.14443505
v 0.08889470 -0.33011398 -1.15914786
v 0.09639982 -0.32136708 -1.15213490
v 0.09821888 -0.32844055 -1.14366233
v 0.09189648 -0.33844796 -1.15172184
v 0.11944091 -0.32408690 -1.10229421
v 0.11353388 -0.31314343 -1.08988583
v 0.11955265 -0.32727247 -1.07929420
v 0.12345629 -0.33845660 -1.09166145
v 0.09841590 -0.29531220 -1.08529985
v 0.08569931 -0.29417619 -1.07450747
v 0.09392891 -0.30270398 -1.06608832
v 0.10575532 -0.30588621 -1.07730067
v 0.08018606 -0.26744235 -1.11111224
v 0.06662443 -0.26595467 -1.10636294
v 0.06966539 -0.27397591 -1.09646392
v 0.08306582 -0.27589208 -1.10233164
v 0.03856217 -0.27477500 -1.11203074
v 0.02960528 -0.28382027 -1.12065244
v 0.03324997 -0.29270187 -1.11147666
v 0.04164959 -0.28327197 -1.10228920
v 0.04253326 -0.32006454 -1.16927445
v 0.05784608 -0.32063752 -1.17688537
v 0.05977841 -0.32971433 -1.16781461
v 0.04555880 -0.32834673 -1.15920651
v 0.11570560 -0.31255454 -1.11080039
v 0.10751770 -0.29983231 -1.09942472
v 0.04490469 -0.29092064 -1.09373653
v 0.03681850 -0.29980251 -1.10316265
v 0.04073065 -0.30635136 -1.09508955
v 0.04845456 -0.29751468 -1.08563387
v 0.03751997 -0.31786835 -1.12747586
v 0.04107388 -0.32698867 -1.13832831
v 0.04588865 -0.33391562 -1.13036036
v 0.04274201 -0.32453576 -1.11903644
v 0.04904220 -0.33546257 -1.15082431
v 0.06174397 -0.33876416 -1.15905201
v 0.06464849 -0.34720623 -1.15033460
v 0.05241049 -0.34292036 -1.14134824
v 0.10775206 -0.30934864 -1.13002610
v 0.11096983 -0.30150965 -1.12096786
v 0.11341176 -0.30668613 -1.11709678
v 0.10988902 -0.31505382 -1.12616169
v 0.09155022 -0.28904167 -1.09103823
v 0.07853993 -0.28806880 -1.08182681
v 0.04733839 -0.33149141 -1.10773444
v 0.04423673 -0.32189718 -1.09590948
v 0.03960035 -0.31600094 -1.10629332
v 0.07938511 -0.34539008 -1.15454721
v 0.09150784 -0.27075294 -1.11811149
v 0.10112720 -0.27492952 -1.12611926
v 0.09746606 -0.26477766 -1.13582611
v 0.08782198 -0.26014090 -1.12741816
v 0.07601237 -0.25683630 -1.12111247
v 0.06220347 -0.25598750 -1.11810172
v 0.03358974 -0.26452157 -1.12517560
v 0.02376349 -0.27269393 -1.13366342
v 0.01850505 -0.28324378 -1.14596772
v 0.01856274 -0.29372048 -1.16070867
v 0.02682174 -0.30529973 -1.14769757
v 0.02574880 -0.29469970 -1.13291919
v 0.05265095 -0.30709460 -1.19151890
v 0.03643828 -0.30626509 -1.18546903
v 0.06876715 -0.30446789 -1.19119704
v 0.07200342 -0.31739110 -1.17806792
v 0.05771845 -0.28411904 -1.08855212
v 0.05453546 -0.27674326 -1.09663749
v 0.13385895 -0.38204634 -1.05264544
v 0.13481164 -0.37061936 -1.04241717
v 0.13763863 -0.38535661 -1.02875364
v 0.13552880 -0.39625588 -1.03798461
v 0.13919806 -0.39033344 -1.00587535
v 0.13662827 -0.37562811 -1.01870418
v 0.07053144 -0.39862359 -1.04017603
v 0.06617365 -0.38994539 -1.05765319
v 0.08424325 -0.42282224 -1.01458335
v 0.04989990 -0.34145319 -1.11879754
v 0.05184638 -0.34919482 -1.10448360
v 0.10139859 -0.31251520 -1.14390814
v 0.09491768 -0.31383866 -1.15956438
v 0.10174886 -0.30576244 -1.15124452
v 0.11512380 -0.33683243 -1.11341119
v 0.10403214 -0.34957853 -1.12207901
v 0.10129566 -0.33412287 -1.13201976
v 0.11212312 -0.32400927 -1.12153184
v 0.10895056 -0.29628047 -1.12487328
v 0.10683955 -0.30438983 -1.13515353
v 0.10635016 -0.29806939 -1.14133692
v 0.10760287 -0.28988567 -1.13011527
v 0.03661498 -0.32114342 -1.14774859
v 0.03209987 -0.31345534 -1.15882671
v 0.09352355 -0.30501318 -1.16771698
v 0.08389815 -0.31160316 -1.17397177
v 0.08242264 -0.29982868 -1.18542838
v 0.09280369 -0.29294944 -1.17854726
v 0.08582561 -0.32156134 -1.16630805
v 0.10128602 -0.29755682 -1.15952015
v 0.10032006 -0.28579196 -1.17004049
v 0.02461714 -0.30182815 -1.17454505
v 0.10595117 -0.28140163 -1.13740683
v 0.10558935 -0.28968301 -1.14920580
v 0.10395467 -0.27826971 -1.15938175
v 0.10325917 -0.27063826 -1.14716125
v 0.13266972 -0.36109591 -1.03141975
v 0.12740457 -0.34674492 -1.04378426
v 0.06908935 -0.29693905 -1.07049489
v 0.07785944 -0.30401888 -1.06080294
v 0.06218814 -0.29090768 -1.07968462
v 0.10054661 -0.35237131 -1.00783932
v 0.10792426 -0.36525050 -0.99532390
v 0.08262489 -0.32880583 -1.03493798
v 0.09198215 -0.34032124 -1.02103853
v 0.12200097 -0.36519909 -1.08907044
v 0.09686377 -0.28588343 -1.10506821
v 0.08628479 -0.28336245 -1.09622085
v 0.10085077 -0.29133964 -1.10159922
v 0.04668907 -0.25813845 -1.12053502
v 0.05141085 -0.26895949 -1.10678995
v 0.11069795 -0.29942223 -1.10975516
v 0.04031695 -0.24436900 -1.13676810
v 0.09375151 -0.34757099 -1.14215577
v 0.07618897 -0.33657598 -1.16210926
v 0.07377540 -0.32716906 -1.16976476
v 0.10473908 -0.42936680 -1.02641940
v 0.06236448 -0.38088030 -1.07613719
v 0.04929168 -0.33773282 -1.09369326
v 0.04901306 -0.32799533 -1.08260334
v 0.10556398 -0.28934723 -1.11417627
v 0.10348567 -0.28308925 -1.11874735
v 0.09399880 -0.27917802 -1.11027718
v 0.03299675 -0.31224903 -1.13727343
v 0.03067509 -0.30273119 -1.12318957
v 0.11409646 -0.37845224 -0.98370391
v 0.03470194 -0.30931145 -1.11451471
v 0.09504563 -0.36099997 -1.12863946
v 0.06823174 -0.00514296 -1.32542038
v -0.04623061 -0.16375561 -1.15872824
v -0.09437540 -0.13475981 -1.13413203
v -0.07740768 -0.14671589 -1.13770843
v -0.02337785 -0.16885653 -1.20756173
v -0.01947239 -0.16905464 -1.21520174
v -0.00442373 -0.16802791 -1.22649407
v 0.00246980 -0.16675994 -1.22592473
v -0.05475679 -0.16887949 -1.19108820
v -0.16526563 -0.05120848 -0.97429311
v 0.08068853 -0.05699687 -0.99521905
v 0.07793946 -0.03242043 -0.99364191
v 0.08860856 -0.03538741 -0.97783762
v 0.09075635 -0.06179269 -0.97898692
v 0.09961729 -0.03814572 -0.96057642
v 0.06534375 -0.18127745 -0.93205130
v 0.05978941 -0.17519112 -0.95302671
v 0.08066165 -0.15797845 -0.95231795
v 0.08737152 -0.16315344 -0.93015933
v 0.03248112 -0.18141936 -0.96743929
v 0.05515071 -0.16801991 -0.97057533
v 0.03502481 -0.18777908 -0.95087928
v 0.00858203 -0.19412224 -0.94425046
v 0.00636087 -0.18829906 -0.96136510
v -0.01743275 -0.19427109 -0.93406904
v -0.01986142 -0.18850505 -0.95239705
v -0.04140471 -0.18910472 -0.92250139
v -0.06299599 -0.17734903 -0.91121554
v -0.07808283 -0.16702498 -0.88365388
v -0.09877117 -0.14375192 -0.89062548
v -0.08183532 -0.16260113 -0.90096682
v -0.12560619 -0.10146020 -0.87199807
v -0.11377715 -0.12274250 -0.88056409
v -0.13935420 -0.06108155 -0.86080682
v -0.13394561 -0.08081079 -0.86550468
v -0.06972891 -0.11672746 -1.32796037
v 0.03324974 -0.10055085 -1.39086533
v 0.01249760 -0.11367055 -1.39255059
v 0.02803217 -0.08516070 -1.39727175
v 0.07716832 -0.11404343 -1.33609319
v 0.06603223 -0.12033971 -1.35361671
v 0.07394553 -0.09637236 -1.35088408
v 0.08264331 -0.09135614 -1.33494389
v 0.04110110 -0.07173080 -1.39131653
v 0.03908442 -0.06370094 -1.39393711
v 0.04751232 -0.08334628 -1.38569617
v 0.05993824 -0.04347708 -1.37295127
v 0.05658133 -0.06481105 -1.37936223
v 0.01448300 -0.16134028 -1.37330902
v 0.03719775 -0.15586928 -1.36264825
v 0.03362905 -0.16620660 -1.35863137
v 0.01132058 -0.17352632 -1.36864877
v 0.07450745 -0.14149362 -1.31605947
v 0.08080640 -0.13690989 -1.30143678
v 0.07696743 -0.14902645 -1.30042708
v 0.07078266 -0.15287596 -1.31479788
v 0.00317503 -0.20671013 -1.34327149
v 0.02402046 -0.19876464 -1.34229517
v 0.02452424 -0.20935518 -1.33337760
v 0.00481462 -0.21677424 -1.33135140
v 0.06147336 -0.15653302 -1.33010495
v 0.10144346 -0.07221621 -1.22648263
v 0.09530149 -0.10658027 -1.24230814
v 0.09972464 -0.09113969 -1.23409855
v 0.08070458 -0.14273985 -1.25330019
v 0.08450358 -0.13375731 -1.25202012
v 0.08067221 -0.13754182 -1.24045074
v 0.07428692 -0.15833166 -1.25440884
v 0.07738689 -0.15110789 -1.25379324
v -0.04449343 -0.19751304 -1.26000559
v -0.05338762 -0.18982935 -1.26972878
v -0.04803965 -0.19590014 -1.29214573
v 0.06491412 -0.16480047 -1.24375129
v 0.06531700 -0.16769305 -1.24398828
v 0.06764434 -0.16910768 -1.24940014
v 0.06715016 -0.16461013 -1.24934375
v 0.01665696 -0.14977729 -1.37779784
v 0.03964721 -0.19137755 -1.33388591
v 0.05192036 -0.18519716 -1.32454753
v 0.05235399 -0.19548340 -1.31981111
v 0.03979632 -0.20230874 -1.32756865
v 0.06256193 -0.18123387 -1.31287158
v 0.06978579 -0.17695160 -1.30099177
v 0.06923525 -0.18675947 -1.29926860
v 0.06208061 -0.19103156 -1.30952644
v 0.07021122 -0.17164768 -1.25586534
v 0.06898811 -0.16472033 -1.25649357
v -0.01204506 -0.22687209 -1.30546308
v -0.01875302 -0.18736053 -1.35990298
v -0.04087125 -0.18253739 -1.34410155
v -0.03948342 -0.17222832 -1.35449612
v -0.01576158 -0.17603472 -1.36816502
v 0.02574115 -0.17592257 -1.21812570
v 0.01194194 -0.17706427 -1.22144628
v 0.03859206 -0.17462565 -1.21673703
v 0.05693589 -0.16655052 -1.23300040
v 0.04965387 -0.17347795 -1.21783829
v -0.03061741 -0.19383368 -1.23610568
v -0.03516217 -0.20472464 -1.24930954
v -0.05335519 -0.17499508 -1.31971514
v -0.05315023 -0.16612341 -1.33089435
v 0.00786333 -0.22615214 -1.31813157
v 0.02696613 -0.21941906 -1.32183635
v 0.07213618 -0.17657585 -1.24129987
v 0.07865330 -0.18423770 -1.23893583
v 0.07441278 -0.17822616 -1.24693727
v 0.06332968 -0.16003217 -1.23091328
v 0.06174004 -0.16442589 -1.23895979
v 0.00720496 -0.18526360 -1.36326015
v 0.04182450 -0.21168447 -1.31929326
v 0.05448605 -0.20500238 -1.31275177
v 0.06462554 -0.17151235 -1.31433654
v 0.05423144 -0.17523758 -1.32715559
v 0.05767453 -0.16571891 -1.32866502
v 0.06746159 -0.16227888 -1.31464303
v 0.06982112 -0.19645838 -1.29555225
v 0.07497466 -0.19176495 -1.28421295
v 0.07184038 -0.16792908 -1.30136466
v 0.07441343 -0.15903315 -1.30087090
v 0.07628696 -0.18082854 -1.25366676
v -0.05188471 -0.15770228 -1.33931100
v -0.06211940 -0.15358157 -1.31669664
v -0.06343675 -0.14433429 -1.32212687
v -0.06184185 -0.17113179 -1.29583061
v -0.06211624 -0.16201286 -1.30778015
v -0.05938949 -0.18104917 -1.28128695
v -0.06618481 -0.13196790 -1.32538640
v 0.10867693 -0.29560271 -1.11129427
v 0.08320623 -0.19397986 -1.23659086
v 0.07670451 -0.18272975 -1.23252320
v 0.08261358 -0.19325286 -1.22912145
v 0.09038124 -0.23691799 -1.21800184
v 0.10169605 -0.31791484 -1.13715720
v 0.10348568 -0.32158330 -1.13141143
v 0.11888074 -0.35127094 -1.10226834
v 0.11133557 -0.37711179 -1.09502077
v 0.10818181 -0.36382326 -1.10960782
v 0.06932918 -0.37929928 -1.10601532
v 0.05916191 -0.37139371 -1.09599972
v 0.05436257 -0.33635026 -1.06458020
v 0.11361248 -0.31855023 -1.06690252
v 0.09416295 -0.44683999 -0.98753393
v 0.10470640 -0.44991237 -0.99236017
v 0.10434365 -0.46010566 -0.97529441
v 0.09494662 -0.45568198 -0.97023857
v 0.09261575 -0.45616421 -0.94770610
v 0.09010146 -0.44859245 -0.96394539
v 0.09517514 -0.46431130 -0.95337105
v 0.09435409 -0.44842595 -0.94294357
v 0.09042721 -0.44083986 -0.95831847
v 0.09973138 -0.44165111 -0.93930578
v 0.10760888 -0.43596333 -0.93694425
v 0.10178346 -0.42704290 -0.95009828
v 0.09465823 -0.43354505 -0.95356202
v 0.11079896 -0.42268521 -0.94792396
v 0.12060925 -0.41983604 -0.94739151
v 0.11426764 -0.40693736 -0.95852453
v 0.10422569 -0.41142303 -0.96061510
v 0.14248219 -0.43649262 -0.94378638
v 0.14614224 -0.44229454 -0.94939947
v 0.14385912 -0.42813551 -0.96106076
v 0.13918051 -0.42202479 -0.95459968
v 0.14108339 -0.42973313 -0.98695409
v 0.14285380 -0.42066517 -0.98014390
v 0.14458215 -0.43619314 -0.96753812
v 0.14237523 -0.44486144 -0.97379231
v 0.14421183 -0.45888567 -0.96134543
v 0.13680336 -0.46593207 -0.96457303
v 0.13654047 -0.45242932 -0.97744000
v 0.09294017 -0.42794123 -1.02134073
v 0.09382673 -0.43746984 -1.00458992
v 0.08596972 -0.43177372 -0.99762505
v 0.08434502 -0.41477251 -0.98361486
v 0.08297015 -0.42330050 -0.99042583
v 0.08637399 -0.43200627 -0.97409332
v 0.08925588 -0.42419857 -0.96844614
v 0.10150351 -0.38196683 -0.98304713
v 0.09785048 -0.40009958 -0.97381133
v 0.10795682 -0.39445233 -0.97066939
v 0.09562577 -0.41737306 -0.96391135
v 0.08967920 -0.40688607 -0.97842795
v 0.12520152 -0.40525553 -0.96037853
v 0.13070861 -0.41920304 -0.94972944
v 0.11637563 -0.44908363 -0.99482608
v 0.12744522 -0.44530487 -0.99483812
v 0.12682080 -0.45792925 -0.97864187
v 0.11568005 -0.46077213 -0.97807205
v 0.11959448 -0.39200163 -0.97180015
v 0.12803099 -0.43270358 -1.01078677
v 0.11685836 -0.43766698 -1.01157844
v 0.13623455 -0.43852210 -0.99248803
v 0.13621360 -0.42461589 -1.00707030
v 0.11503138 -0.47162738 -0.96249712
v 0.10382668 -0.47001803 -0.95893383
v 0.10492667 -0.43971854 -1.00965881
v 0.13504350 -0.40739751 -0.96557355
v 0.14129025 -0.41276717 -0.97286451
v 0.13817489 -0.39795765 -0.98465514
v 0.13052940 -0.39302599 -0.97702134
v 0.13921160 -0.39976874 -1.01483417
v 0.14107198 -0.40537089 -0.99300551
v 0.14013901 -0.41477028 -1.00064898
v 0.14673758 -0.45014104 -0.95560622
v 0.13618785 -0.41065544 -1.02238560
v 0.11100546 -0.47039813 -0.86993712
v 0.11259326 -0.47873476 -0.86471844
v 0.11906799 -0.47792450 -0.87187898
v 0.11727639 -0.47025785 -0.87835073
v 0.09245887 -0.45059636 -0.88395596
v 0.08804973 -0.45538509 -0.87305939
v 0.09673876 -0.45694837 -0.86804223
v 0.10205532 -0.45259196 -0.87831074
v 0.10507800 -0.47185785 -0.86311281
v 0.10616223 -0.48107406 -0.86011636
v 0.10593117 -0.48970002 -0.85720980
v 0.10030047 -0.48362136 -0.86171997
v 0.10157261 -0.49491242 -0.86034739
v 0.10024794 -0.50095195 -0.87068802
v 0.10523618 -0.50908393 -0.86281288
v 0.10315695 -0.50215846 -0.85653234
v 0.12133897 -0.50735688 -0.88674456
v 0.13135278 -0.50562525 -0.89072382
v 0.13440821 -0.51287359 -0.87795150
v 0.12400655 -0.51391757 -0.87389332
v 0.15126869 -0.50319970 -0.88498235
v 0.14283672 -0.50846881 -0.88063467
v 0.13924173 -0.50200546 -0.89365476
v 0.14694086 -0.49763682 -0.89701194
v 0.12438916 -0.47087657 -0.88516879
v 0.12577212 -0.47717702 -0.87783587
v 0.13111457 -0.47638291 -0.87998307
v 0.13007909 -0.47024789 -0.88784897
v 0.09627613 -0.48896432 -0.86587846
v 0.09306215 -0.48100850 -0.85869324
v 0.08988249 -0.48316655 -0.86124909
v 0.09235173 -0.48899662 -0.87167037
v 0.12767664 -0.44724774 -0.91244346
v 0.13203311 -0.45109743 -0.90350008
v 0.13940421 -0.45023316 -0.90336782
v 0.13584787 -0.44570166 -0.91356742
v 0.10753215 -0.44753334 -0.91090322
v 0.09676843 -0.45340586 -0.91866815
v 0.09271061 -0.45446026 -0.91100276
v 0.10237805 -0.44674352 -0.90326691
v 0.08870737 -0.45540878 -0.90137017
v 0.08497929 -0.45741397 -0.89035606
v 0.09739547 -0.44777760 -0.89404345
v 0.08215576 -0.46113339 -0.87805903
v 0.15037435 -0.45014384 -0.91024029
v 0.14595786 -0.44788331 -0.91780639
v 0.11980525 -0.50694335 -0.81558639
v 0.11446399 -0.50857240 -0.81545818
v 0.11563865 -0.50979114 -0.81048280
v 0.12093126 -0.50845003 -0.81013381
v 0.15184343 -0.46852380 -0.93243164
v 0.15330139 -0.46004799 -0.92808807
v 0.15596712 -0.46402475 -0.92342317
v 0.15275121 -0.47249272 -0.92736316
v 0.15980524 -0.46896461 -0.91720545
v 0.15445912 -0.47773477 -0.92048275
v 0.11104134 -0.51828510 -0.81626600
v 0.11346448 -0.52287126 -0.81702292
v 0.11382956 -0.52279210 -0.81090915
v 0.11190485 -0.51835257 -0.81069762
v 0.11957697 -0.48408857 -0.86445904
v 0.11263519 -0.48558339 -0.85877448
v 0.11171719 -0.49157041 -0.85268927
v 0.11085091 -0.49677843 -0.84705007
v 0.11689153 -0.49590784 -0.84581566
v 0.11995786 -0.49041489 -0.85507286
v 0.12976483 -0.48397943 -0.86954069
v 0.13135946 -0.48917311 -0.86019045
v 0.13760933 -0.48685637 -0.86477774
v 0.13608298 -0.48121840 -0.87336862
v 0.15547144 -0.47948489 -0.86909819
v 0.15334567 -0.47434977 -0.87521100
v 0.14744622 -0.47625721 -0.87554199
v 0.14909548 -0.48205206 -0.86795485
v 0.15260360 -0.49964213 -0.84802544
v 0.15172023 -0.49361610 -0.85419244
v 0.14678255 -0.49505919 -0.85261452
v 0.14785016 -0.50057155 -0.84643108
v 0.15074661 -0.46501428 -0.93824965
v 0.15155214 -0.45690167 -0.93337959
v 0.17694780 -0.48677883 -0.88254404
v 0.17147839 -0.49576545 -0.88312197
v 0.16662982 -0.49157789 -0.89077139
v 0.17248228 -0.48322463 -0.89100528
v 0.14614594 -0.48032123 -0.92874765
v 0.14579061 -0.47668266 -0.93511510
v 0.11829508 -0.52572185 -0.81739271
v 0.11881957 -0.52560449 -0.81153643
v 0.08431382 -0.46909764 -0.89669603
v 0.08083259 -0.47083732 -0.88224781
v 0.08832420 -0.46721116 -0.90897131
v 0.09327973 -0.46444198 -0.92495942
v 0.09163401 -0.46568626 -0.91752219
v 0.12521645 -0.49297735 -0.85202336
v 0.12535807 -0.48191112 -0.87122416
v 0.13517827 -0.47480348 -0.88147396
v 0.15290380 -0.46299651 -0.88598895
v 0.15617332 -0.46689799 -0.88137329
v 0.16277507 -0.46517429 -0.88406491
v 0.16143504 -0.46114960 -0.89056504
v 0.17296886 -0.47572911 -0.87509179
v 0.17723590 -0.47909343 -0.87937462
v 0.17361665 -0.47477087 -0.88687980
v 0.17012545 -0.47091055 -0.88140637
v 0.08476988 -0.48435721 -0.86332405
v 0.08732832 -0.48659533 -0.87548828
v 0.15143022 -0.45279637 -0.92254215
v 0.15574408 -0.45586821 -0.91747552
v 0.14829823 -0.45071241 -0.92900628
v 0.12131130 -0.45129910 -0.90132439
v 0.12732276 -0.46166539 -0.89491254
v 0.13146549 -0.46058506 -0.89619684
v 0.12697816 -0.45169118 -0.90357673
v 0.11478519 -0.46033487 -0.88314110
v 0.10881890 -0.45054498 -0.88836575
v 0.10838523 -0.46130031 -0.87378627
v 0.11939598 -0.44750774 -0.91220975
v 0.11560888 -0.44590470 -0.91987437
v 0.12496463 -0.44522879 -0.92066896
v 0.13422349 -0.44475543 -0.92220485
v 0.14296436 -0.44695389 -0.92509395
v 0.11214768 -0.44258031 -0.92696643
v 0.12152130 -0.44120273 -0.92722631
v 0.13116109 -0.44119081 -0.92858016
v 0.13957447 -0.44269410 -0.93139541
v 0.14507514 -0.47326124 -0.94244683
v 0.14482060 -0.46818236 -0.95143318
v 0.14934582 -0.45941547 -0.94611728
v 0.10624778 -0.44877097 -0.91946548
v 0.10381288 -0.44718984 -0.92798960
v 0.09667166 -0.45306769 -0.92993796
v 0.09419263 -0.46214321 -0.93447423
v 0.09458641 -0.46809021 -0.85431617
v 0.09773581 -0.46655932 -0.85990447
v 0.09249812 -0.46014211 -0.86172593
v 0.08940775 -0.46270177 -0.85547197
v 0.10619079 -0.50094801 -0.84812844
v 0.10584795 -0.49613613 -0.85368478
v 0.10504813 -0.50754982 -0.85066056
v 0.14612669 -0.45435926 -0.89686495
v 0.15542406 -0.45377910 -0.90306485
v 0.12215186 -0.49706063 -0.84513247
v 0.10759375 -0.51329070 -0.83578050
v 0.11009979 -0.51909316 -0.83662283
v 0.11243484 -0.52145165 -0.82445490
v 0.10994440 -0.51664680 -0.82343233
v 0.12182393 -0.50260371 -0.83415854
v 0.12616402 -0.50753284 -0.83388090
v 0.12618962 -0.50435573 -0.84006637
v 0.12117923 -0.50049144 -0.84035236
v 0.15866250 -0.49574158 -0.85102010
v 0.15792027 -0.49075243 -0.85628366
v 0.11531813 -0.51996821 -0.85950100
v 0.11290339 -0.51403117 -0.87020397
v 0.12700710 -0.51711184 -0.85938203
v 0.15063089 -0.48808816 -0.86061859
v 0.14362517 -0.48450631 -0.86688536
v 0.14551902 -0.48978001 -0.85928667
v 0.13195705 -0.49789974 -0.84802973
v 0.13233721 -0.49324298 -0.85366076
v 0.12801775 -0.49477351 -0.84993291
v 0.12677881 -0.49870995 -0.84540701
v 0.16792122 -0.47883669 -0.90087849
v 0.16977334 -0.46819514 -0.89520299
v 0.11142739 -0.51310331 -0.81572253
v 0.11265857 -0.51359731 -0.81046009
v 0.14900199 -0.45127401 -0.94015980
v 0.14547658 -0.44590941 -0.93507814
v 0.14157018 -0.47872546 -0.87492836
v 0.11039404 -0.50659734 -0.88129377
v 0.13977152 -0.47270390 -0.88248765
v 0.16697869 -0.50118995 -0.85727322
v 0.16552180 -0.50713152 -0.85924345
v 0.16380069 -0.50451660 -0.86727381
v 0.16783002 -0.49806380 -0.86476421
v 0.12491909 -0.50924963 -0.81619239
v 0.12820619 -0.51423699 -0.81680667
v 0.12718749 -0.51188952 -0.82344317
v 0.12356677 -0.50718910 -0.82281739
v 0.11172017 -0.50280911 -0.83424944
v 0.11686336 -0.50124133 -0.83387256
v 0.11619214 -0.49905929 -0.84104210
v 0.11090953 -0.50013548 -0.84162062
v 0.10715357 -0.50443769 -0.84278846
v 0.10848763 -0.50757325 -0.83500254
v 0.12283317 -0.52073127 -0.83737707
v 0.12682080 -0.51479256 -0.83465105
v 0.12803850 -0.51837075 -0.82442653
v 0.12374777 -0.52351218 -0.82510900
v 0.14317206 -0.49300385 -0.90890557
v 0.15109366 -0.48847181 -0.91079825
v 0.15523475 -0.49279475 -0.89916372
v 0.15968466 -0.49730623 -0.88781458
v 0.16357866 -0.50039679 -0.87657017
v 0.15525329 -0.50894099 -0.87440741
v 0.16171339 -0.48746130 -0.90087575
v 0.13214135 -0.51718462 -0.85026598
v 0.13088769 -0.51218134 -0.84663928
v 0.12431949 -0.51757020 -0.84762490
v 0.14640689 -0.46940497 -0.88311595
v 0.11030025 -0.51146883 -0.82288635
v 0.10325744 -0.48357847 -0.92683494
v 0.11471524 -0.48730937 -0.93129402
v 0.11633600 -0.49099123 -0.92234051
v 0.10264856 -0.48601151 -0.91833860
v 0.11857062 -0.50535876 -0.82225251
v 0.11335319 -0.50648171 -0.82210290
v 0.16760066 -0.49667051 -0.85409111
v 0.16883266 -0.49250790 -0.85835624
v 0.16414148 -0.49014890 -0.85778475
v 0.16378516 -0.49499315 -0.85290480
v 0.15739596 -0.48321518 -0.91176248
v 0.17553994 -0.49792400 -0.87748283
v 0.18080607 -0.48931772 -0.87543714
v 0.13708311 -0.48588550 -0.92804730
v 0.14783612 -0.48439369 -0.92105371
v 0.13962954 -0.48892471 -0.91962671
v 0.14610997 -0.51362830 -0.86578256
v 0.13594729 -0.49654081 -0.90602887
v 0.13242477 -0.49193197 -0.91720915
v 0.12837404 -0.48876187 -0.92646921
v 0.12628371 -0.48596597 -0.93420923
v 0.13567173 -0.48279616 -0.93533802
v 0.12467838 -0.52496243 -0.81742442
v 0.11730409 -0.52427912 -0.82507241
v 0.13478035 -0.47907820 -0.94361758
v 0.13557610 -0.47405887 -0.95343870
v 0.12515080 -0.48227811 -0.94246912
v 0.12562293 -0.47728086 -0.95250833
v 0.12432911 -0.49484155 -0.91421413
v 0.11530445 -0.49543193 -0.91074157
v 0.12830293 -0.49963945 -0.90308642
v 0.11894637 -0.50106204 -0.89890051
v 0.13688985 -0.51940268 -0.86581850
v 0.12866589 -0.51565456 -0.81030613
v 0.12963381 -0.51811808 -0.80219859
v 0.12840167 -0.52219701 -0.80234993
v 0.12803140 -0.52064031 -0.81056917
v 0.12835050 -0.52010691 -0.81719619
v 0.12439928 -0.52443641 -0.81171560
v 0.10738378 -0.49992546 -0.89287889
v 0.13175708 -0.50319684 -0.84343851
v 0.10134970 -0.49091369 -0.90428877
v 0.09671604 -0.49702546 -0.88264823
v 0.09185048 -0.49021450 -0.88914514
v 0.09208756 -0.47794333 -0.91441858
v 0.08822506 -0.48030204 -0.90218687
v 0.09604911 -0.47359905 -0.92997098
v 0.09508315 -0.47575819 -0.92240763
v 0.09601208 -0.47017384 -0.93957412
v 0.08408041 -0.48067075 -0.88734567
v 0.11768088 -0.51063037 -0.80261290
v 0.12301601 -0.50998342 -0.80280364
v 0.10351180 -0.47676015 -0.94509017
v 0.10334077 -0.48051152 -0.93475235
v 0.10268582 -0.46385917 -0.86508769
v 0.13762537 -0.46651691 -0.88951385
v 0.14273432 -0.46344486 -0.88952863
v 0.14983234 -0.45903376 -0.89110970
v 0.15943253 -0.45775297 -0.89630914
v 0.11445232 -0.47904703 -0.94990152
v 0.11701823 -0.43318245 -0.93613470
v 0.12670761 -0.43221959 -0.93694067
v 0.12635928 -0.46965110 -0.96436751
v 0.11434852 -0.51421690 -0.80279022
v 0.14986101 -0.50652713 -0.84601057
v 0.15184087 -0.50666124 -0.84767044
v 0.08535529 -0.45898640 -0.86543381
v 0.08327311 -0.46249309 -0.85810262
v 0.08002046 -0.46379334 -0.86894917
v 0.07833903 -0.47238845 -0.87205219
v 0.07709172 -0.47376585 -0.86220264
v 0.07911988 -0.46678999 -0.85997152
v 0.13519824 -0.45917484 -0.89594942
v 0.14004955 -0.45737985 -0.89577746
v 0.16593161 -0.46403596 -0.90417260
v 0.16365990 -0.47423917 -0.90978241
v 0.10609934 -0.51085627 -0.84433413
v 0.10764652 -0.51459342 -0.85453856
v 0.10900997 -0.51651692 -0.84643185
v 0.11587686 -0.52197963 -0.83830810
v 0.12722561 -0.51153159 -0.84135646
v 0.13031766 -0.50881010 -0.84317839
v 0.11551421 -0.45089731 -0.89611197
v 0.12164857 -0.46142048 -0.89070380
v 0.09977766 -0.47371945 -0.85980970
v 0.09624159 -0.47539762 -0.85616148
v 0.13876304 -0.49122277 -0.85730022
v 0.14554065 -0.51733023 -0.85344064
v 0.13824537 -0.52105588 -0.85474586
v 0.13947144 -0.49628928 -0.85105598
v 0.11513338 -0.52326936 -0.80245864
v 0.11345019 -0.51879972 -0.80226678
v 0.11536837 -0.52076632 -0.84874785
v 0.15705553 -0.48523304 -0.86223912
v 0.15127036 -0.51218927 -0.85706317
v 0.14880720 -0.51257241 -0.84925187
v 0.17892477 -0.48224726 -0.87407815
v 0.11411574 -0.48381862 -0.93936867
v 0.12768027 -0.51264596 -0.80265522
v 0.12605989 -0.51054573 -0.81023633
v 0.12515968 -0.52498138 -0.80322075
v 0.11992360 -0.52559775 -0.80328262
v 0.16112646 -0.45987952 -0.91133654
v 0.13386261 -0.46872169 -0.88907260
v 0.13566747 -0.43316409 -0.93976903
v 0.07930357 -0.48104042 -0.86360431
v 0.08134874 -0.48068050 -0.87506455
v 0.13988620 -0.50058329 -0.84571850
v 0.17027879 -0.49947286 -0.87170660
v 0.16062075 -0.51370370 -0.85824347
v 0.15477407 -0.51425284 -0.85357893
v 0.15807298 -0.51170081 -0.86599338
v 0.15319410 -0.51134425 -0.84882903
v 0.12582839 -0.52540988 -0.79642981
v 0.12072999 -0.52597249 -0.79699188
v 0.11566267 -0.52320629 -0.79586929
v 0.11447791 -0.51888323 -0.79622281
v 0.11571526 -0.51448524 -0.79703414
v 0.12904865 -0.52260989 -0.79580164
v 0.13030946 -0.51877272 -0.79566842
v 0.12868166 -0.51345050 -0.79690075
v 0.12950355 -0.52397323 -0.79003412
v 0.12613654 -0.52642882 -0.78890747
v 0.11845637 -0.52560663 -0.78571033
v 0.11856247 -0.52588588 -0.78180724
v 0.11624514 -0.52336657 -0.78291202
v 0.11633310 -0.52418005 -0.78837645
v 0.11767746 -0.52330822 -0.77812350
v 0.11949388 -0.52658945 -0.77751398
v 0.12119503 -0.52715468 -0.78703749
v 0.12216989 -0.52788937 -0.78225887
v 0.12694865 -0.52814978 -0.77779049
v 0.12314475 -0.52862412 -0.77748024
v 0.12597379 -0.52741510 -0.78256917
v 0.12459973 -0.52729392 -0.78636873
v 0.12083355 -0.52645314 -0.79039931
v 0.12379427 -0.52883559 -0.77362144
v 0.12448645 -0.52591503 -0.77202219
v 0.12005491 -0.52432215 -0.77397966
v 0.12057991 -0.52720064 -0.77421129
v 0.11480647 -0.51899910 -0.79085529
v 0.11616800 -0.51958656 -0.78413653
v 0.11828794 -0.52000624 -0.77845764
v 0.12099595 -0.52122432 -0.77435648
v 0.12007122 -0.51729405 -0.77893466
v 0.11788011 -0.51593846 -0.78405583
v 0.12264367 -0.51873773 -0.77532721
v 0.12289827 -0.51599675 -0.77861333
v 0.12128537 -0.51383311 -0.78373444
v 0.11963848 -0.51166302 -0.79229134
v 0.11617150 -0.51481223 -0.79193723
v 0.12401202 -0.51751268 -0.77635378
v 0.12536711 -0.52282470 -0.77239412
v 0.12860703 -0.52652293 -0.78373039
v 0.12932959 -0.52634436 -0.77837920
v 0.13038725 -0.52430177 -0.78423864
v 0.13068715 -0.52417588 -0.77885300
v 0.12714592 -0.52883524 -0.77490425
v 0.12863383 -0.52676016 -0.77392179
v 0.11898937 -0.51107818 -0.79784572
v 0.12439660 -0.51070410 -0.79756910
v 0.12493188 -0.51153022 -0.79226565
v 0.12612745 -0.51351118 -0.78365624
v 0.12911484 -0.51479822 -0.79137599
v 0.13066053 -0.52011245 -0.79038137
v 0.13104120 -0.52103096 -0.78408736
v 0.13002756 -0.51695019 -0.78422612
v 0.12965408 -0.51838022 -0.77888000
v 0.13085499 -0.52145636 -0.77869356
v 0.12652969 -0.51631653 -0.77846777
v 0.12936777 -0.52137047 -0.77560699
v 0.12939066 -0.52417594 -0.77431512
v 0.12881011 -0.51940429 -0.77641356
v 0.12643278 -0.51847404 -0.77614093
v 0.12608263 -0.52038127 -0.77426672
v 0.14590219 -0.51208532 -0.81751662
v 0.14126855 -0.51366270 -0.81695712
v 0.14312485 -0.51447028 -0.80980557
v 0.14796135 -0.51288593 -0.81013709
v 0.13789070 -0.52237022 -0.81795013
v 0.14016041 -0.52788371 -0.81973541
v 0.14146250 -0.52781570 -0.81198668
v 0.13959372 -0.52223390 -0.81047869
v 0.14615342 -0.53000730 -0.82139099
v 0.14725265 -0.52994627 -0.81387025
v 0.13332030 -0.51546180 -0.83846962
v 0.13483894 -0.52099580 -0.84117150
v 0.13842008 -0.52700680 -0.82762992
v 0.13603267 -0.52101731 -0.82580358
v 0.14691231 -0.50521702 -0.83853847
v 0.15041840 -0.50895041 -0.83909202
v 0.13871807 -0.51764238 -0.81722963
v 0.14051011 -0.51774031 -0.80978119
v 0.15072334 -0.51295614 -0.81800425
v 0.15439194 -0.51616037 -0.81878406
v 0.15256870 -0.51406711 -0.82659310
v 0.14883280 -0.51064426 -0.82554758
v 0.13491157 -0.50650465 -0.83705497
v 0.14093393 -0.50475407 -0.83772767
v 0.13308257 -0.51088500 -0.83741778
v 0.14764404 -0.52132517 -0.84283090
v 0.15101308 -0.51567239 -0.84055907
v 0.15375638 -0.51977038 -0.82755661
v 0.15119880 -0.52539510 -0.82891667
v 0.13655120 -0.51610094 -0.82479763
v 0.14367804 -0.51006037 -0.82504845
v 0.13889191 -0.51190203 -0.82449234
v 0.15259859 -0.52633280 -0.82074994
v 0.14463595 -0.52859360 -0.82951665
v 0.15591460 -0.51725489 -0.81162101
v 0.15804240 -0.51919276 -0.80210972
v 0.15746656 -0.52362567 -0.80307949
v 0.15608197 -0.52210402 -0.81243837
v 0.15501061 -0.52119857 -0.81965399
v 0.15345016 -0.52728397 -0.81327188
v 0.14643252 -0.51535285 -0.79934961
v 0.15130460 -0.51423639 -0.79996002
v 0.14366838 -0.51839614 -0.79929727
v 0.14063680 -0.52456081 -0.84363914
v 0.14415079 -0.52777588 -0.80166179
v 0.14284715 -0.52214193 -0.79995537
v 0.15562794 -0.51537806 -0.80091178
v 0.15260831 -0.51400548 -0.81087077
v 0.15496165 -0.52780843 -0.80386043
v 0.14931542 -0.52996618 -0.80373877
v 0.15676063 -0.52813256 -0.79667270
v 0.15152320 -0.52978522 -0.79606396
v 0.14656144 -0.52758789 -0.79375899
v 0.14514303 -0.52285820 -0.79332852
v 0.14589214 -0.51883948 -0.79313785
v 0.15911999 -0.52444029 -0.79615581
v 0.15977007 -0.52045226 -0.79571259
v 0.15738252 -0.51633400 -0.79523456
v 0.16159394 -0.52562499 -0.78957504
v 0.15944532 -0.52887344 -0.78909969
v 0.15402529 -0.53017080 -0.78034520
v 0.15558702 -0.53086889 -0.77512544
v 0.15391481 -0.52813345 -0.77480018
v 0.15140086 -0.52800822 -0.78046274
v 0.15311733 -0.53002810 -0.78369391
v 0.15002799 -0.52872199 -0.78628129
v 0.15581867 -0.53056288 -0.78544408
v 0.15753195 -0.53165966 -0.78124607
v 0.16299489 -0.53130752 -0.77729100
v 0.15963095 -0.53327209 -0.77613312
v 0.16075513 -0.53023988 -0.78193498
v 0.15878034 -0.52970296 -0.78565419
v 0.15731871 -0.52901942 -0.77074015
v 0.15739453 -0.53188080 -0.77191305
v 0.15426347 -0.53046435 -0.78922892
v 0.14769736 -0.52350563 -0.78721184
v 0.15059397 -0.52463764 -0.78066552
v 0.15388978 -0.52515608 -0.77509826
v 0.15783709 -0.52597427 -0.77108252
v 0.15493464 -0.52208185 -0.77499461
v 0.15152422 -0.52059639 -0.78048962
v 0.15855047 -0.52335888 -0.77196121
v 0.15737596 -0.52026886 -0.77558827
v 0.15436262 -0.51799792 -0.78106844
v 0.15094471 -0.51657593 -0.78902340
v 0.14829919 -0.51943219 -0.78798705
v 0.15927157 -0.52217793 -0.77342403
v 0.16190180 -0.53101093 -0.76980442
v 0.16212136 -0.52751237 -0.77009094
v 0.16113231 -0.53397769 -0.77090847
v 0.16216999 -0.52855492 -0.78244495
v 0.16421476 -0.52919275 -0.77726460
v 0.16382945 -0.52634877 -0.78294337
v 0.16555232 -0.52755398 -0.77727926
v 0.16422513 -0.53246450 -0.77305365
v 0.16500542 -0.53044111 -0.77250242
v 0.14855248 -0.51577258 -0.79367065
v 0.15306920 -0.51492751 -0.79451233
v 0.15543279 -0.51548904 -0.78984690
v 0.15881896 -0.51716036 -0.78190517
v 0.15962923 -0.51762784 -0.79085129
v 0.16193426 -0.52211142 -0.78987145
v 0.16398555 -0.52334881 -0.78325617
v 0.16250062 -0.51960868 -0.78288329
v 0.16393238 -0.52179497 -0.77774739
v 0.16522539 -0.52461427 -0.77755272
v 0.16089490 -0.51979357 -0.77636433
v 0.16490576 -0.52543724 -0.77364635
v 0.16539997 -0.52790207 -0.77286613
v 0.16394544 -0.52299404 -0.77487755
v 0.16174406 -0.52236032 -0.77365714
v 0.16196597 -0.52444154 -0.77184528
v 0.16606924 -0.50715870 -0.82834172
v 0.16210228 -0.51040679 -0.82745779
v 0.16369268 -0.51134664 -0.82225609
v 0.16779518 -0.50787288 -0.82264638
v 0.16065177 -0.51881915 -0.82934147
v 0.16260535 -0.52233630 -0.83195293
v 0.16484392 -0.52256906 -0.82529008
v 0.16273999 -0.51948816 -0.82367569
v 0.16776052 -0.52254689 -0.83414781
v 0.16957816 -0.52337760 -0.82674855
v 0.15554464 -0.51266170 -0.84396529
v 0.15745860 -0.51686496 -0.84735423
v 0.16047981 -0.52065408 -0.83804166
v 0.15832818 -0.51719820 -0.83492506
v 0.16063556 -0.51474202 -0.82785022
v 0.16248918 -0.51566732 -0.82242548
v 0.17047215 -0.50655484 -0.82943428
v 0.17362344 -0.50831503 -0.83056641
v 0.17142889 -0.50586879 -0.83709121
v 0.16823891 -0.50413173 -0.83571148
v 0.16054118 -0.49964431 -0.84529734
v 0.15663940 -0.50293911 -0.84368533
v 0.15528822 -0.50757831 -0.84312499
v 0.16830057 -0.51161373 -0.85093629
v 0.16926268 -0.50545192 -0.84939885
v 0.17322171 -0.51046044 -0.83877468
v 0.17161232 -0.51666641 -0.84074819
v 0.15845752 -0.51263046 -0.83316970
v 0.16388252 -0.50427568 -0.83410227
v 0.15999463 -0.50802290 -0.83301187
v 0.17323482 -0.51893860 -0.83416092
v 0.16589344 -0.52079582 -0.84074652
v 0.17558783 -0.50949013 -0.82492197
v 0.17810217 -0.51315194 -0.81481892
v 0.17850238 -0.51719952 -0.81609702
v 0.17667782 -0.51418769 -0.82630360
v 0.17524514 -0.51266438 -0.83246458
v 0.17450425 -0.51978284 -0.82745045
v 0.16645598 -0.51295996 -0.81278092
v 0.17058408 -0.51021898 -0.81322050
v 0.16520211 -0.51702332 -0.81317496
v 0.16303164 -0.51696855 -0.85031658
v 0.16819748 -0.50027895 -0.84774339
v 0.16734493 -0.52353394 -0.81501281
v 0.16549638 -0.52087533 -0.81393969
v 0.17518678 -0.51009917 -0.81411636
v 0.17237923 -0.50724643 -0.82375371
v 0.17629629 -0.52183568 -0.81693387
v 0.17167038 -0.52484751 -0.81695843
v 0.17816338 -0.52358675 -0.81033504
v 0.17344150 -0.52613813 -0.81007582
v 0.16917643 -0.52481699 -0.80813515
v 0.16742998 -0.52163672 -0.80728340
v 0.16712785 -0.51822150 -0.80728292
v 0.18012795 -0.51898068 -0.80947852
v 0.17967120 -0.51565784 -0.80848753
v 0.17649084 -0.51207429 -0.80870974
v 0.18178564 -0.52013922 -0.80454260
v 0.17960915 -0.52435416 -0.80437243
v 0.17405915 -0.52713972 -0.79570174
v 0.17534670 -0.52878016 -0.79150051
v 0.17358798 -0.52756405 -0.79077363
v 0.17201239 -0.52641362 -0.79547185
v 0.17359078 -0.52690560 -0.79957527
v 0.17144445 -0.52649975 -0.80181354
v 0.17617136 -0.52745545 -0.80131555
v 0.17764312 -0.52858233 -0.79709792
v 0.18217999 -0.52729124 -0.79398227
v 0.17903757 -0.52975535 -0.79238498
v 0.18065092 -0.52568084 -0.79816377
v 0.17913917 -0.52561343 -0.80146325
v 0.17599928 -0.52850062 -0.78761053
v 0.17674848 -0.52980608 -0.78874397
v 0.17514572 -0.52683675 -0.80462325
v 0.16907075 -0.52283394 -0.80185711
v 0.17053825 -0.52361691 -0.79565167
v 0.17257994 -0.52474582 -0.79050255
v 0.17541698 -0.52513862 -0.78734273
v 0.17291719 -0.52172321 -0.79083019
v 0.17069742 -0.52012587 -0.79593337
v 0.17552963 -0.52210754 -0.78814101
v 0.17427781 -0.51906371 -0.79127276
v 0.17206112 -0.51697528 -0.79634464
v 0.17010194 -0.51548111 -0.80295169
v 0.16884899 -0.51888144 -0.80232060
v 0.17599535 -0.52050436 -0.78906250
v 0.18030968 -0.52852696 -0.78701568
v 0.18002927 -0.52512729 -0.78677249
v 0.18022436 -0.53088123 -0.78863299
v 0.18234596 -0.52394265 -0.79894102
v 0.18346331 -0.52467793 -0.79392958
v 0.18294644 -0.52090555 -0.79904568
v 0.18378055 -0.52218503 -0.79379803
v 0.18271953 -0.52846122 -0.79066646
v 0.18325830 -0.52646792 -0.79009557
v 0.16840559 -0.51434571 -0.80764002
v 0.17202583 -0.51214039 -0.80831409
v 0.17343029 -0.51304859 -0.80383074
v 0.17552197 -0.51480818 -0.79676127
v 0.17772108 -0.51323128 -0.80447239
v 0.18074510 -0.51636195 -0.80396140
v 0.18202052 -0.51809537 -0.79853678
v 0.17952472 -0.51548088 -0.79789990
v 0.18079227 -0.51765108 -0.79323953
v 0.18276945 -0.51985782 -0.79355818
v 0.17726254 -0.51718301 -0.79191077
v 0.18210140 -0.52117836 -0.79014391
v 0.18321326 -0.52402025 -0.78993452
v 0.18086264 -0.51933366 -0.79040593
v 0.17841360 -0.51971215 -0.78922820
v 0.17913547 -0.52169448 -0.78794611
v 0.16474813 -0.49927366 -0.84687865
v 0.18659687 -0.49577674 -0.84910250
v 0.18419978 -0.49882910 -0.84834659
v 0.18696338 -0.49998537 -0.84498346
v 0.18921104 -0.49670631 -0.84571141
v 0.18402725 -0.50681847 -0.85056329
v 0.18690264 -0.50897574 -0.85341573
v 0.19015020 -0.50940883 -0.84906697
v 0.18731040 -0.50771946 -0.84649336
v 0.19140112 -0.50725073 -0.85616452
v 0.19407356 -0.50800079 -0.85178459
v 0.17375585 -0.50005239 -0.86173767
v 0.17563388 -0.50220609 -0.86622018
v 0.18278554 -0.50687897 -0.85831690
v 0.18007433 -0.50473779 -0.85498881
v 0.18156597 -0.48686692 -0.86085439
v 0.18472382 -0.48727167 -0.86361969
v 0.18086824 -0.48461509 -0.86899972
v 0.17719004 -0.48325732 -0.86661792
v 0.18318743 -0.50286233 -0.84876037
v 0.18645579 -0.50397390 -0.84519386
v 0.18969756 -0.49382675 -0.85048336
v 0.19274944 -0.49403593 -0.85273534
v 0.19043159 -0.49180621 -0.85656083
v 0.18715298 -0.49141651 -0.85378563
v 0.17505962 -0.49129564 -0.85809922
v 0.17835239 -0.48839518 -0.85869932
v 0.17371413 -0.48413715 -0.86366081
v 0.17049614 -0.48719281 -0.86086643
v 0.17387614 -0.49508658 -0.85872769
v 0.18557376 -0.49433216 -0.87004447
v 0.18639857 -0.48980573 -0.86663449
v 0.19227746 -0.49458253 -0.85936081
v 0.19166896 -0.49992767 -0.86136878
v 0.17990351 -0.50075305 -0.85250700
v 0.18381077 -0.49339664 -0.85238504
v 0.18120083 -0.49672088 -0.85162759
v 0.19419450 -0.50220460 -0.85658228
v 0.18765321 -0.50533497 -0.86135602
v 0.19596049 -0.49466401 -0.84913278
v 0.20009241 -0.49655017 -0.84372807
v 0.20180538 -0.49943447 -0.84529483
v 0.19804960 -0.49795550 -0.85125059
v 0.19512182 -0.49678317 -0.85508931
v 0.19761318 -0.50287992 -0.85201871
v 0.19078952 -0.50119191 -0.83926219
v 0.19311449 -0.49786669 -0.84048539
v 0.19052345 -0.50515038 -0.83949232
v 0.18067002 -0.50102198 -0.87077141
v 0.19413364 -0.51040530 -0.84260929
v 0.19146323 -0.50841296 -0.84052277
v 0.19660613 -0.49611327 -0.84191394
v 0.19243249 -0.49474123 -0.84710217
v 0.20119089 -0.50389040 -0.84601694
v 0.19787893 -0.50852883 -0.84528089
v 0.20454612 -0.50506431 -0.84147966
v 0.20087188 -0.50974792 -0.84071410
v 0.19689816 -0.51089859 -0.83822107
v 0.19418430 -0.50887507 -0.83661997
v 0.19320107 -0.50558132 -0.83607495
v 0.20489046 -0.50039673 -0.84071976
v 0.20294979 -0.49799493 -0.83965492
v 0.19930625 -0.49776810 -0.83857703
v 0.20726484 -0.50190169 -0.83660722
v 0.20703608 -0.50687331 -0.83641434
v 0.20240721 -0.51241487 -0.82898557
v 0.20379207 -0.51347941 -0.82573873
v 0.20211545 -0.51227134 -0.82477415
v 0.20031872 -0.51220292 -0.82853925
v 0.20180422 -0.51174343 -0.83232766
v 0.19956365 -0.51142251 -0.83358037
v 0.20413077 -0.51083475 -0.83419734
v 0.20565811 -0.51189983 -0.83071762
v 0.21011594 -0.51010960 -0.82780850
v 0.20736352 -0.51343334 -0.82728392
v 0.20868763 -0.50901389 -0.83154082
v 0.20685706 -0.50902283 -0.83432531
v 0.20478520 -0.51313913 -0.82212102
v 0.20543057 -0.51442099 -0.82373500
v 0.20296744 -0.51026976 -0.83700478
v 0.19652137 -0.50936681 -0.83293033
v 0.19868383 -0.51048070 -0.82779109
v 0.20118511 -0.51098847 -0.82362586
v 0.20444307 -0.51078337 -0.82120228
v 0.20087683 -0.50855535 -0.82368779
v 0.19803327 -0.50756299 -0.82828259
v 0.20384982 -0.50834918 -0.82173002
v 0.20122793 -0.50598514 -0.82453704
v 0.19846955 -0.50450981 -0.82886279
v 0.19581020 -0.50300384 -0.83344108
v 0.19552335 -0.50628370 -0.83288884
v 0.20334947 -0.50686646 -0.82257271
v 0.20873466 -0.51217431 -0.82216722
v 0.20763931 -0.50966710 -0.82117128
v 0.20891085 -0.51396871 -0.82426333
v 0.20959386 -0.50665641 -0.83196205
v 0.21095967 -0.50758767 -0.82723105
v 0.20907888 -0.50351304 -0.83195996
v 0.21020487 -0.50501972 -0.82650733
v 0.21071106 -0.51121783 -0.82523072
v 0.21088928 -0.50981504 -0.82392842
v 0.19362348 -0.50207579 -0.83613354
v 0.19566521 -0.49929482 -0.83712065
v 0.19791538 -0.49972427 -0.83440185
v 0.20038357 -0.50151771 -0.82957923
v 0.20162851 -0.49847046 -0.83539093
v 0.20510960 -0.49922648 -0.83624256
v 0.20723724 -0.50108063 -0.83114767
v 0.20396903 -0.50005275 -0.83029771
v 0.20565617 -0.50266129 -0.82570302
v 0.20830673 -0.50331211 -0.82598215
v 0.20288739 -0.50377905 -0.82503545
v 0.20788100 -0.50581074 -0.82291079
v 0.20968011 -0.50754905 -0.82318342
v 0.20637286 -0.50496268 -0.82345831
v 0.20480472 -0.50570369 -0.82262838
v 0.20635018 -0.50756502 -0.82165796
v 0.18280101 -0.48745367 -0.87082881
v 0.08782484 -0.48469985 -0.85060000
v 0.08276030 -0.48518509 -0.85214275
v 0.09128813 -0.46910474 -0.84597921
v 0.09311845 -0.47550040 -0.84655344
v 0.08616697 -0.46499065 -0.84648490
v 0.07707150 -0.46951222 -0.84989083
v 0.08088956 -0.46574777 -0.84802604
v 0.09153234 -0.48147640 -0.84826869
v 0.07748745 -0.48254362 -0.85297495
v 0.07534137 -0.47573322 -0.85185456
v 0.07485660 -0.48377508 -0.84397477
v 0.07266850 -0.47727010 -0.84213322
v 0.07433622 -0.47030261 -0.84036171
v 0.07888097 -0.46661976 -0.83954990
v 0.08438877 -0.46596956 -0.83951014
v 0.08003794 -0.48709086 -0.84416020
v 0.08534767 -0.48650190 -0.84361541
v 0.08952475 -0.48239252 -0.84249759
v 0.07637952 -0.48832250 -0.83678758
v 0.06966279 -0.48620838 -0.83285689
v 0.06512196 -0.47551063 -0.82488561
v 0.06305008 -0.47700623 -0.82135677
v 0.06619813 -0.47451541 -0.82000500
v 0.06815598 -0.47247025 -0.82447100
v 0.06675013 -0.47584251 -0.82775486
v 0.06956843 -0.47240090 -0.82975173
v 0.06319020 -0.48128441 -0.82655686
v 0.06582557 -0.48056421 -0.82871199
v 0.06608658 -0.48491105 -0.82950544
v 0.06453546 -0.48698628 -0.82728875
v 0.06032983 -0.48236936 -0.82317674
v 0.05976114 -0.48322344 -0.81925011
v 0.06143828 -0.47888026 -0.81863046
v 0.06421811 -0.47820753 -0.81662536
v 0.06854346 -0.47947872 -0.83232486
v 0.07572364 -0.46788034 -0.83099568
v 0.07273018 -0.47023743 -0.82400048
v 0.07037545 -0.47385889 -0.81886309
v 0.06836603 -0.47876304 -0.81580424
v 0.07515844 -0.47575235 -0.81892169
v 0.07843163 -0.47105333 -0.82382643
v 0.07259878 -0.47991598 -0.81674862
v 0.07811094 -0.47902757 -0.81988752
v 0.08272807 -0.47516057 -0.82472038
v 0.08740544 -0.47120234 -0.83397460
v 0.08211061 -0.46704736 -0.83200562
v 0.07518802 -0.48123732 -0.81804788
v 0.06273004 -0.48410878 -0.81588805
v 0.06729581 -0.48455733 -0.81583440
v 0.06820866 -0.48945394 -0.82802176
v 0.06604562 -0.49054337 -0.82347608
v 0.06232417 -0.48799032 -0.82396162
v 0.07298329 -0.49078467 -0.82902604
v 0.07024065 -0.49105644 -0.82314777
v 0.06064225 -0.48768342 -0.82084346
v 0.06376391 -0.48915774 -0.81925237
v 0.08928207 -0.46977532 -0.84019256
v 0.09112933 -0.47613233 -0.84125710
v 0.08896465 -0.47804934 -0.83553612
v 0.08403864 -0.48102072 -0.82668763
v 0.08678647 -0.48438105 -0.83672988
v 0.08183926 -0.48837769 -0.83728009
v 0.07763221 -0.48999622 -0.82890052
v 0.08193391 -0.48658898 -0.82808459
v 0.07728269 -0.48708048 -0.82229519
v 0.07432567 -0.48986593 -0.82270026
v 0.07857155 -0.48306763 -0.82117057
v 0.07221491 -0.48793176 -0.81894803
v 0.06816488 -0.48917276 -0.81866491
v 0.07464653 -0.48659238 -0.81981683
v 0.07482579 -0.48394454 -0.81868041
v 0.07162017 -0.48445395 -0.81695205
v 0.17503387 -0.47929013 -0.87034643
v 0.17022270 -0.48010942 -0.86702025
v 0.16792923 -0.47582263 -0.87194419
v 0.16528484 -0.47027981 -0.87773883
v 0.16795969 -0.46683487 -0.88660097
v 0.15934247 -0.47186643 -0.87583447
v 0.16221836 -0.47764400 -0.86983001
v 0.16480410 -0.48373961 -0.86332864
v 0.15188062 -0.46999624 -0.87971365
v -0.10812283 -0.02535172 -1.30889511
v -0.11678571 -0.02799146 -1.29124629
v -0.00512847 -0.24068922 -1.19706905
v -0.00549477 -0.25086680 -1.21153796
v 0.03451641 -0.26610470 -1.24758887
v 0.05654613 -0.25937164 -1.25324464
v -0.14889468 -0.09900077 -1.02218330
v 0.06154273 -0.11410216 -1.08646321
v 0.06625102 -0.11461294 -1.10595584
v 0.07840999 -0.03637858 -1.10067499
v 0.08009543 -0.05653488 -1.09794283
v -0.04679298 -0.16290359 -1.06552005
v -0.04567552 -0.16114257 -1.08565080
v -0.10994628 -0.13123360 -1.05021679
v -0.10875085 -0.13021833 -1.07261336
v -0.07180502 -0.15918165 -1.03958106
v 0.07416619 -0.08444455 -1.05510724
v 0.06926593 -0.10405828 -1.05359280
v 0.06908064 -0.09826697 -1.07199728
v 0.07533372 -0.07911352 -1.07427645
v 0.07232795 -0.01799686 -1.10251307
v 0.06761195 -0.02024226 -1.07975733
v -0.01958521 -0.16269575 -1.10921359
v 0.00705518 -0.15859222 -1.11195040
v 0.05149678 -0.13394484 -1.11889422
v 0.06683373 -0.11599966 -1.12439835
v 0.07651856 -0.09643246 -1.13088882
v 0.08292644 -0.07600152 -1.13764453
v -0.12661269 -0.11548281 -1.09279144
v -0.13869180 -0.09672344 -1.11310637
v -0.04601263 -0.16002615 -1.10606122
v -0.16344815 -0.05601158 -1.08653700
v 0.09099532 -0.05628961 -1.16676557
v 0.09074222 -0.03265382 -1.17007828
v 0.03109874 -0.14886977 -1.11483121
v -0.13824609 -0.04858330 -1.25058043
v -0.13515711 -0.06628512 -1.25413442
v -0.14477414 -0.06721882 -1.23876834
v -0.14673983 -0.04965201 -1.23451173
v -0.14136535 -0.08398781 -1.24151587
v -0.13618982 -0.09988606 -1.24321616
v -0.12982735 -0.11413022 -1.24372673
v -0.10813715 -0.14713152 -1.23858011
v -0.11578072 -0.13765915 -1.24139488
v -0.09089193 -0.16131157 -1.22928119
v -0.10006829 -0.15484765 -1.23467731
v -0.07950775 -0.16622701 -1.22131193
v -0.06532964 -0.16846876 -1.21170187
v -0.04248194 -0.16895694 -1.21344173
v -0.04832080 -0.16910575 -1.20258009
v -0.07231924 -0.16778432 -1.20062232
v -0.08604804 -0.16474371 -1.21031356
v -0.09773672 -0.16002545 -1.21777689
v -0.15581301 -0.04149953 -1.16981256
v -0.15705362 -0.03693512 -1.19243872
v -0.09986261 -0.02207389 -1.32520795
v 0.12098526 -0.33231083 -1.05579436
v 0.08752506 -0.44048291 -0.98088157
v 0.05669206 -0.00453298 -1.36156440
v 0.05958072 -0.02430854 -1.36696076
v 0.05510247 -0.09241705 -1.37762296
v 0.03833891 -0.11309725 -1.38395798
v 0.06391310 -0.06890763 -1.37063968
v 0.06642930 -0.04562194 -1.36322987
v -0.07114286 -0.14900407 -1.12189603
v 0.07318571 -0.02485118 -1.33112025
v 0.07213066 -0.04651078 -1.35219038
v 0.07069287 -0.07234234 -1.36010575
v 0.06301560 -0.09887496 -1.36689305
v 0.04652835 -0.12651068 -1.37290072
v 0.04155690 -0.14352487 -1.36752844
v 0.04944549 -0.16030657 -1.34486878
v 0.04178657 -0.18036821 -1.33926702
v 0.02599731 -0.18777484 -1.34932101
v 0.02943569 -0.17687628 -1.35445714
v 0.04528189 -0.16985869 -1.34240651
v 0.05538577 -0.23921412 -1.27906168
v 0.07582373 -0.24079743 -1.25184524
v 0.06498981 -0.24373800 -1.26431739
v 0.08426631 -0.23264785 -1.24030244
v 0.08820521 -0.22570254 -1.23133540
v 0.08899499 -0.21631114 -1.22546077
v 0.08675330 -0.20502746 -1.22662413
v 0.06943552 -0.17388017 -1.23548055
v 0.06288851 -0.16515963 -1.23886406
v 0.06404828 -0.15701991 -1.22884989
v 0.06562474 -0.15335819 -1.22586977
v 0.07320555 -0.13659109 -1.20566714
v 0.07613144 -0.12844709 -1.19290912
v 0.08005736 -0.11762565 -1.17893267
v 0.08751545 -0.13137905 -0.96915829
v 0.07822513 -0.12573792 -0.98516023
v 0.08647268 -0.10505190 -0.98334360
v 0.09584945 -0.11108682 -0.96688342
v 0.07386436 -0.05256119 -1.01385283
v 0.06840549 -0.02968404 -1.01177359
v 0.02965867 -0.17411838 -0.98219442
v 0.00458167 -0.18205807 -0.97677290
v 0.06605392 -0.14433722 -0.98649150
v 0.05072974 -0.16067292 -0.98518431
v -0.02144007 -0.18326992 -0.96887004
v -0.10709594 -0.13931914 -0.92767203
v -0.12414269 -0.12209139 -0.91889876
v -0.14823595 -0.08337305 -0.90541351
v -0.15418684 -0.06284100 -0.90159822
v -0.04635828 -0.17823452 -0.95869994
v -0.13868798 -0.10320891 -0.91098034
v -0.06846554 -0.16857363 -0.94823921
v -0.08854985 -0.15487617 -0.93745506
v 0.07451707 -0.07374385 -1.01551580
v 0.08147510 -0.07826132 -0.99763626
v 0.07880851 -0.09865600 -0.99944270
v 0.10008124 -0.04503824 -1.24101460
v 0.09633631 -0.02476988 -1.23779762
v 0.10311804 -0.06514120 -1.24509418
v 0.10219786 -0.07995928 -1.26843596
v 0.10230213 -0.08328160 -1.25103641
v 0.09806148 -0.10071535 -1.25702596
v 0.09815904 -0.09781420 -1.27259350
v 0.08687691 -0.13026986 -1.27511597
v 0.08675899 -0.13092943 -1.26318550
v 0.08249863 -0.14173949 -1.26383317
v 0.08233248 -0.14266089 -1.27485132
v 0.07515720 -0.15907241 -1.26455045
v 0.07882351 -0.15130408 -1.26372612
v 0.07057328 -0.16584805 -1.26527131
v 0.07281774 -0.17466752 -1.26409197
v 0.07346123 -0.18194209 -1.28776157
v 0.07323647 -0.17240040 -1.28880286
v 0.08456796 -0.13253970 -1.28798234
v 0.09099879 -0.11642228 -1.28893685
v 0.08922205 -0.02368827 -1.26890326
v 0.08271261 -0.00544912 -1.26333106
v -0.02790039 -0.16908884 -1.19679260
v -0.00622758 -0.16850363 -1.19332254
v 0.01389479 -0.16677696 -1.19274163
v 0.03131408 -0.16381408 -1.19484866
v 0.04672268 -0.15830660 -1.19956028
v 0.05967572 -0.15160061 -1.20606303
v 0.06776319 -0.14891857 -1.22086334
v 0.07034817 -0.14355849 -1.21427190
v 0.07542043 -0.14290573 -1.22979212
v 0.07881834 -0.13566528 -1.22398186
v 0.09014345 -0.12181377 -1.24785936
v 0.08544681 -0.12836784 -1.23523867
v 0.09271482 -0.11694357 -1.26111174
v 0.09294189 -0.11490051 -1.27488816
v 0.09614415 -0.09803051 -1.28855562
v 0.09957779 -0.07921709 -1.28581393
v 0.09023837 -0.06381223 -1.31626213
v 0.09590017 -0.06112423 -1.29872537
v 0.09987883 -0.06073597 -1.28112400
v 0.10235714 -0.06131226 -1.26371706
v 0.02787852 -0.06982438 -1.40069592
v 0.03821857 -0.04917378 -1.39673531
v 0.08610658 -0.20298259 -1.23521721
v 0.08702751 -0.21062005 -1.23711002
v 0.08551406 -0.20498233 -1.24402857
v 0.08534359 -0.20154186 -1.24086010
v 0.08611757 -0.21678644 -1.24179983
v 0.08313707 -0.22327396 -1.25042415
v 0.08200445 -0.21486613 -1.25752151
v 0.08483101 -0.20848049 -1.24942732
v 0.07664791 -0.22943713 -1.26070940
v 0.07719009 -0.21971005 -1.26795840
v 0.06893022 -0.23201114 -1.27149272
v 0.06227173 -0.23015207 -1.28219080
v 0.06603406 -0.22428210 -1.28384769
v 0.07122875 -0.22293644 -1.27712178
v 0.06291020 -0.20091414 -1.30461538
v 0.06363849 -0.21043409 -1.29812121
v 0.06456203 -0.21867406 -1.29030359
v 0.07741138 -0.18389481 -1.26197481
v 0.08095264 -0.19301027 -1.25972545
v 0.08307163 -0.20127039 -1.25468755
v 0.08081355 -0.20651814 -1.26391113
v 0.07960368 -0.19738230 -1.26932883
v 0.07723670 -0.18782035 -1.27239025
v 0.09901927 -0.04220186 -1.25879121
v 0.09287757 -0.02385233 -1.25308180
v 0.07517081 -0.16122875 -1.27525127
v 0.07894268 -0.15277979 -1.27512002
v 0.07226384 -0.16942491 -1.27574313
v 0.07399723 -0.17850575 -1.27517593
v 0.07456366 -0.16428226 -1.28812468
v 0.07737093 -0.15562302 -1.28739071
v 0.08063837 -0.14513537 -1.28730226
v 0.09543412 -0.04229080 -1.27565062
v 0.08729427 -0.00578209 -1.24852073
v -0.05196033 -0.18506528 -1.30645299
v -0.03994298 -0.19269550 -1.33040404
v -0.02005125 -0.19829533 -1.34759128
v 0.00430926 -0.19590546 -1.35410297
v 0.07318500 -0.28150934 -1.08903301
v 0.06492834 -0.02264558 -1.05805349
v 0.06441623 -0.02598885 -1.03537619
v 0.07070758 -0.04670962 -1.03530371
v 0.08716858 -0.01203265 -1.17027783
v 0.09211022 -0.00597817 -1.23516953
v -0.14203528 -0.12694065 -1.21621621
v -0.14868113 -0.11483548 -1.21639514
v -0.14009281 -0.11440177 -1.23000264
v -0.13314924 -0.12679364 -1.22963846
v -0.12492739 -0.14552285 -1.21419621
v -0.13372874 -0.13710812 -1.21541691
v -0.12527339 -0.13716945 -1.22838402
v -0.11675555 -0.14623436 -1.22633529
v -0.11527463 -0.15273045 -1.21128559
v -0.10772820 -0.15366317 -1.22310650
v -0.14024492 -0.13713372 -1.20150805
v -0.14847971 -0.12718359 -1.20175970
v -0.15466031 -0.11533277 -1.20191991
v -0.12139357 -0.15176295 -1.19931400
v -0.13092990 -0.14513204 -1.20092094
v -0.09235272 -0.00884459 -1.39399958
v -0.08759618 -0.01661801 -1.34904814
v -0.08338504 -0.01457351 -1.35899758
v -0.15362920 -0.03457786 -1.21193957
v -0.14025268 -0.03172027 -1.24563026
v -0.13114856 -0.03096880 -1.25772440
v -0.12373663 -0.02983184 -1.27333093
v -0.09356138 -0.01938236 -1.33843517
v -0.14736871 -0.03297222 -1.22884083
v 0.08900831 -0.18364432 -0.79528201
v 0.10408976 -0.16184603 -0.77607334
v 0.10340961 -0.16729282 -0.80485773
v 0.11438600 -0.15245517 -0.79137802
v 0.07824641 -0.18502669 -0.87792945
v 0.08619108 -0.18072282 -0.85036027
v 0.07143359 -0.18440551 -0.90528405
v 0.12453984 -0.13125248 -0.78355765
v 0.13018030 -0.10632817 -0.78074431
v 0.13705400 -0.10444563 -0.80408508
v 0.09289143 -0.16627945 -0.90432358
v 0.09856657 -0.16711031 -0.87761748
v 0.09439106 -0.17679934 -0.82554054
v 0.10904399 -0.16219153 -0.82788110
v 0.11138595 -0.15949392 -0.81244147
v 0.13027278 -0.12840700 -0.80427790
v 0.12042985 -0.14664286 -0.80677706
v 0.11089990 -0.04204051 -0.94169307
v 0.11230015 -0.07126239 -0.94344747
v 0.10146166 -0.06664347 -0.96183276
v 0.09541839 -0.13811199 -0.95064569
v 0.07391333 -0.15099716 -0.97067249
v 0.12207735 -0.14536126 -0.82624912
v 0.13295448 -0.12647690 -0.82748580
v 0.14091879 -0.10076156 -0.82826906
v 0.12952590 -0.09936119 -0.90380317
v 0.13690987 -0.09886439 -0.88060415
v 0.12900946 -0.12374966 -0.87928200
v 0.12150969 -0.12410816 -0.90369010
v 0.10268167 -0.14295436 -0.92876089
v 0.10937265 -0.14612484 -0.90376979
v 0.12057198 -0.09834823 -0.92578214
v 0.11354271 -0.12174018 -0.92739016
v 0.10490266 -0.11718566 -0.94843304
v 0.11551603 -0.14710608 -0.87760657
v 0.14336887 -0.07041688 -0.85479224
v 0.14103749 -0.09936748 -0.85496664
v 0.13895693 -0.04057153 -0.85420203
v 0.11030056 -0.09486756 -0.94576526
v 0.09995870 -0.08995377 -0.96442181
v 0.09073701 -0.08349496 -0.98136002
v 0.07319252 -0.06838682 -1.03568864
v -0.09729003 -0.18854618 -0.58508921
v -0.03379236 -0.04330338 -0.73720413
v -0.00623445 -0.03717320 -0.74124432
v -0.02587845 -0.21606180 -0.83571160
v 0.04929857 -0.20715895 -0.81411457
v 0.07558601 -0.19054961 -0.81982529
v -0.09298690 -0.08279640 -0.74843824
v -0.07541680 -0.06268881 -0.73914146
v -0.05410492 -0.20182389 -0.82858533
v -0.09586773 -0.16553575 -0.78837097
v -0.05625735 -0.05090589 -0.73518848
v 0.10421746 -0.16617204 -0.85153264
v 0.12013141 -0.14589769 -0.85018343
v 0.13225847 -0.12580952 -0.85317445
v 0.14336109 -0.07185316 -0.82982683
v 0.13839182 -0.04158134 -0.83087903
v -0.10982030 -0.06894618 -0.78460991
v -0.11480556 -0.06361919 -0.79143703
v -0.11468647 -0.05434019 -0.78790456
v -0.10748593 -0.05551285 -0.77707893
v -0.10326985 -0.14110833 -0.90921414
v -0.11953530 -0.12289973 -0.89995658
v -0.14172560 -0.08232471 -0.88603133
v -0.14757909 -0.06211134 -0.88150817
v -0.04408076 -0.18322858 -0.94104582
v -0.13251892 -0.10271854 -0.89209461
v -0.06564260 -0.17292292 -0.93010128
v -0.08535109 -0.15809290 -0.91903251
v 0.01857159 -0.11900792 -0.14243948
v 0.01789825 -0.12085624 -0.11301923
v 0.03254684 -0.11719680 -0.11606169
v 0.03215151 -0.11318176 -0.14524722
v 0.06283787 -0.12078922 -0.15143156
v 0.05246468 -0.11241573 -0.14800012
v 0.06926199 -0.13417484 -0.15384817
v 0.06987990 -0.13153823 -0.12425578
v 0.06792546 -0.14369929 -0.12584352
v 0.06917681 -0.14780125 -0.15471470
v 0.06327409 -0.15828912 -0.15485883
v 0.03747755 -0.17238502 -0.12593937
v 0.03712794 -0.17770331 -0.15179729
v 0.05373663 -0.16812621 -0.15463567
v 0.05362976 -0.16362442 -0.12682402
v 0.01699624 -0.17669165 -0.14698148
v 0.01720239 -0.17070481 -0.12205040
v 0.00193436 -0.16572532 -0.14198112
v 0.00560417 -0.12819231 -0.13990200
v 0.00339848 -0.12827615 -0.11219656
v 0.06398013 -0.11992719 -0.12199986
v 0.05252372 -0.11420340 -0.11864150
v 0.04194860 -0.11067217 -0.14596379
v 0.04275145 -0.11575925 -0.11786604
v 0.03040443 -0.12060828 -0.08661008
v 0.01396450 -0.11938871 -0.08407676
v 0.06592697 -0.12246078 -0.09285820
v 0.05290269 -0.12014065 -0.09056032
v 0.06668593 -0.14355886 -0.09919274
v 0.07221879 -0.13209805 -0.09698784
v 0.05428593 -0.16448845 -0.10433793
v 0.06154039 -0.15374485 -0.12689865
v 0.06046057 -0.15411292 -0.10226011
v 0.03862274 -0.17111456 -0.10237753
v 0.01510739 -0.16985254 -0.10215569
v -0.00169247 -0.12888017 -0.08623123
v 0.04245382 -0.12084200 -0.08868682
v -0.13188413 -0.24271730 -0.06713414
v -0.13003871 -0.24582510 -0.07044661
v -0.12992331 -0.24995536 -0.06777406
v -0.13296923 -0.24535306 -0.06327558
v -0.15314138 -0.21087781 -0.04451799
v -0.15316126 -0.21644032 -0.05175138
v -0.15032297 -0.22328350 -0.04556620
v -0.15099099 -0.21574503 -0.03617918
v -0.13935471 -0.24261320 -0.05564952
v -0.14108849 -0.23905036 -0.05330050
v -0.14501700 -0.23686755 -0.05575645
v -0.14220440 -0.24260291 -0.06030679
v -0.09120512 -0.26080739 -0.07881629
v -0.09361134 -0.25813752 -0.07548165
v -0.09628408 -0.25584766 -0.07902586
v -0.09260383 -0.25929046 -0.08154154
v -0.11105514 -0.25783336 -0.07095194
v -0.11341838 -0.25552613 -0.06764436
v -0.11655983 -0.25341737 -0.07115829
v -0.11292350 -0.25716051 -0.07467198
v -0.12982918 -0.21064839 -0.05346954
v -0.14366104 -0.21418950 -0.05442309
v -0.14435676 -0.20574629 -0.04399288
v -0.13086553 -0.19860546 -0.04474318
v -0.14180136 -0.20581447 -0.03243470
v -0.13725345 -0.21420191 -0.03338015
v -0.12371752 -0.20992397 -0.03038752
v -0.12703609 -0.19944656 -0.03236604
v -0.13625300 -0.22423713 -0.04099178
v -0.12368409 -0.22074263 -0.03894556
v -0.12661508 -0.22164127 -0.05053210
v -0.14010802 -0.22628185 -0.05355179
v -0.12288186 -0.23570451 -0.06257737
v -0.13339999 -0.24238969 -0.06402946
v -0.13645157 -0.23452808 -0.06521714
v -0.12541133 -0.22738622 -0.06574774
v -0.13966745 -0.22885479 -0.05965197
v -0.12963440 -0.22014479 -0.05802655
v -0.12889218 -0.22347030 -0.04946291
v -0.14086957 -0.22885369 -0.05168331
v -0.13545203 -0.23532809 -0.04963601
v -0.12399349 -0.22970274 -0.04735351
v -0.12128307 -0.23591793 -0.05389071
v -0.13224426 -0.24160393 -0.05622160
v -0.12691459 -0.23915368 -0.06735063
v -0.11863748 -0.23247902 -0.06766379
v -0.11415959 -0.23876870 -0.07534659
v -0.12420228 -0.24404290 -0.07183766
v -0.11501759 -0.24183607 -0.05876207
v -0.11913867 -0.23565292 -0.05897892
v -0.12771758 -0.24045213 -0.05950105
v -0.12451345 -0.24613629 -0.05917001
v -0.12187893 -0.25140318 -0.06367433
v -0.11152436 -0.24778144 -0.06436932
v -0.11234947 -0.24685822 -0.07307982
v -0.12243907 -0.25101072 -0.07145989
v -0.10770077 -0.25185040 -0.07971215
v -0.09808380 -0.24711993 -0.08321786
v -0.09571193 -0.25410855 -0.07994819
v -0.10539439 -0.25725254 -0.07633483
v -0.10346713 -0.24244110 -0.07850516
v -0.11087751 -0.24748617 -0.07718241
v -0.10094652 -0.25048682 -0.06745553
v -0.10555644 -0.24493079 -0.07159936
v -0.11215221 -0.24754366 -0.07019365
v -0.10874468 -0.25293118 -0.06691396
v -0.10532735 -0.25792825 -0.07048845
v -0.09562664 -0.25566423 -0.07219458
v -0.08481982 -0.26013625 -0.08425820
v -0.08714666 -0.25559530 -0.08768904
v -0.07888892 -0.25252986 -0.08921456
v -0.07540787 -0.25719580 -0.08392990
v -0.08508464 -0.24854209 -0.08643866
v -0.09109615 -0.25127789 -0.08411038
v -0.08303998 -0.25500298 -0.07426214
v -0.08652197 -0.25100002 -0.08057177
v -0.09185489 -0.25186077 -0.07916677
v -0.08912706 -0.25637531 -0.07380497
v -0.08537611 -0.26108548 -0.07739091
v -0.07737941 -0.25824839 -0.07792521
v -0.11719520 -0.19297563 -0.04560637
v -0.11549366 -0.20959686 -0.05468595
v -0.14548835 -0.21807598 -0.03583896
v -0.11293510 -0.19507457 -0.03138328
v -0.14492822 -0.22341755 -0.04016232
v -0.11095519 -0.22024764 -0.04103637
v -0.10967997 -0.20605054 -0.02943110
v -0.12061106 -0.21926023 -0.04895186
v -0.14252652 -0.23776245 -0.06291521
v -0.11441065 -0.23211943 -0.05917561
v -0.10501966 -0.23428160 -0.05327713
v -0.14426030 -0.23419961 -0.06056619
v -0.10946509 -0.22271103 -0.06589341
v -0.09682053 -0.23447181 -0.07564127
v -0.12960248 -0.24863678 -0.06182241
v -0.12822483 -0.25126269 -0.06407952
v -0.09425189 -0.24638729 -0.06386173
v -0.10358430 -0.24363044 -0.07267523
v -0.11308801 -0.25364971 -0.07737982
v -0.08662840 -0.25113595 -0.08057106
v -0.08038661 -0.25366485 -0.07146609
v -0.11488618 -0.25124842 -0.07608211
v -0.08209748 -0.24309082 -0.08537376
v -0.09215543 -0.25614434 -0.08334517
v -0.06711002 -0.25706458 -0.07582116
v -0.06330238 -0.25526881 -0.08390796
v -0.09473640 -0.25401288 -0.08297729
v -0.06865510 -0.24892318 -0.08989978
v -0.00355781 -0.13846616 -0.13777530
v -0.00495947 -0.13762885 -0.11204791
v -0.00451517 -0.14925738 -0.13838184
v 0.00121239 -0.16033308 -0.11798763
v -0.00573143 -0.14693205 -0.11454082
v -0.01182769 -0.13987930 -0.08995950
v -0.00240285 -0.16138767 -0.09807909
v -0.01161235 -0.15022001 -0.09555531
v 0.05709799 -0.16849706 -0.08912504
v 0.04191361 -0.17607075 -0.09021616
v 0.06378385 -0.15722272 -0.08507013
v 0.07649987 -0.13681042 -0.07703853
v 0.07129122 -0.14750192 -0.08118832
v -0.02064231 -0.14642985 -0.07485104
v -0.00652749 -0.13556433 -0.06755722
v -0.02183480 -0.15843225 -0.08435774
v -0.01031229 -0.16977859 -0.08906543
v -0.10256197 -0.18239224 -0.04525542
v -0.08241491 -0.17666483 -0.04374456
v -0.08256392 -0.18267754 -0.06082153
v -0.09946317 -0.19590947 -0.05819154
v -0.07465753 -0.19648933 -0.07125926
v -0.09180350 -0.21007048 -0.06764698
v -0.06297834 -0.20982830 -0.07709146
v -0.08049965 -0.22225557 -0.07631934
v -0.05038230 -0.22196077 -0.08194578
v -0.06719927 -0.23303819 -0.08409798
v -0.03798095 -0.23353955 -0.08379924
v -0.05478138 -0.24299668 -0.08781433
v -0.03094570 -0.24389555 -0.07919800
v -0.04835811 -0.25232500 -0.08309233
v -0.09781907 -0.18655168 -0.02825987
v -0.07739042 -0.18144022 -0.02877903
v -0.09197802 -0.20146072 -0.02482641
v -0.07205909 -0.19654728 -0.02432990
v -0.08702195 -0.21483128 -0.03595412
v -0.06653735 -0.20957601 -0.03253865
v -0.03306194 -0.24864371 -0.06850421
v -0.05150285 -0.25511611 -0.07218087
v -0.07872762 -0.22741759 -0.04733062
v -0.05853664 -0.22138983 -0.04482186
v -0.06910919 -0.23949438 -0.05682778
v -0.04892035 -0.23329468 -0.05332518
v -0.05952574 -0.24890049 -0.06418526
v -0.03985165 -0.24301031 -0.06065631
v -0.06178732 -0.17016283 -0.06089687
v -0.05624248 -0.18187949 -0.07590187
v -0.04349096 -0.19516967 -0.07986164
v -0.02987903 -0.20801994 -0.08092260
v -0.01769395 -0.22077684 -0.07890177
v -0.01108630 -0.23300254 -0.07634735
v -0.00377455 -0.19475597 -0.08339226
v 0.00568972 -0.20917310 -0.07337344
v 0.00891399 -0.22164847 -0.06954932
v 0.02919636 -0.19943175 -0.06994069
v 0.03030053 -0.21102975 -0.06390524
v 0.06648275 -0.18368833 -0.06146145
v 0.06988706 -0.19734193 -0.05478132
v 0.05198675 -0.20244716 -0.05940127
v 0.05014114 -0.19002162 -0.06531727
v 0.02345764 -0.18811914 -0.07950985
v 0.04537318 -0.17955750 -0.07601035
v 0.06046531 -0.17114845 -0.07387471
v 0.08134360 -0.19064823 -0.04948223
v 0.07799580 -0.17757732 -0.05817008
v 0.08763502 -0.16828893 -0.05254185
v 0.08859736 -0.18001311 -0.04257131
v 0.09045187 -0.15461202 -0.04307318
v 0.08965128 -0.16743825 -0.03105021
v 0.07778353 -0.14665680 -0.03356731
v 0.07787519 -0.15789980 -0.02152264
v 0.07861652 -0.15579301 -0.06665444
v 0.07001591 -0.16388330 -0.06935096
v 0.08296641 -0.14452687 -0.06042552
v 0.07228891 -0.13631870 -0.05402958
v 0.05486998 -0.13607985 -0.05147159
v 0.05752198 -0.14623928 -0.03172588
v 0.05881667 -0.15513611 -0.01865590
v -0.05866035 -0.17102779 -0.04354537
v -0.05363348 -0.17747304 -0.03261757
v -0.02533577 -0.18162310 -0.08553183
v -0.03772517 -0.16849534 -0.07964957
v -0.03553248 -0.15646257 -0.06236947
v -0.03392966 -0.16142869 -0.04121399
v -0.02818224 -0.17255621 -0.03163385
v -0.00541439 -0.16810845 -0.02945709
v -0.00957787 -0.15540814 -0.03613055
v -0.04829806 -0.18951297 -0.02797210
v -0.02346870 -0.18358387 -0.03079820
v -0.00124119 -0.17871282 -0.02854598
v 0.01434200 -0.16301711 -0.02500427
v 0.01135251 -0.15174147 -0.03383946
v 0.03053002 -0.15914446 -0.02227521
v 0.02893864 -0.14963356 -0.03331399
v 0.04267148 -0.14745411 -0.03243887
v 0.04395107 -0.15635282 -0.01936769
v 0.02904955 -0.13819546 -0.04929471
v 0.04153310 -0.13653508 -0.05128896
v 0.01093937 -0.14038052 -0.04879558
v -0.01103938 -0.14517809 -0.05204785
v -0.01220876 -0.23853499 -0.06677556
v 0.00844257 -0.22781216 -0.06204152
v 0.02882525 -0.21663216 -0.05725420
v 0.04999425 -0.20893496 -0.05079544
v 0.06653998 -0.20248891 -0.04400289
v 0.07618686 -0.19589819 -0.03854835
v 0.08235957 -0.17626876 -0.02506793
v 0.08272860 -0.18718003 -0.03267920
v 0.07432619 -0.16832533 -0.01794314
v 0.05938987 -0.16824871 -0.01463532
v 0.04640030 -0.16924329 -0.01451826
v 0.01830932 -0.17416139 -0.02214408
v 0.03375003 -0.17127596 -0.01646352
v 0.01193175 -0.12624948 -0.06271720
v 0.02925871 -0.12551847 -0.06520474
v 0.04168529 -0.12624536 -0.06832957
v 0.06806338 -0.12823790 -0.07278514
v 0.05304632 -0.12681025 -0.07036602
v -0.04251970 -0.20217708 -0.03323245
v -0.03452632 -0.21413805 -0.04355931
v -0.02572771 -0.22534753 -0.05194473
v -0.01800988 -0.23400496 -0.05908704
v 0.00400877 -0.22463314 -0.05554485
v -0.00209715 -0.21680559 -0.04958272
v -0.00990931 -0.20652755 -0.04036272
v -0.01785937 -0.19451401 -0.03396690
v 0.02454539 -0.21485639 -0.04987860
v 0.01899517 -0.20861551 -0.04406810
v 0.01245568 -0.19914830 -0.03599679
v 0.00448464 -0.18928401 -0.02973688
v 0.02406125 -0.18417734 -0.02330172
v 0.03171964 -0.19217931 -0.02941406
v 0.03794751 -0.20082673 -0.03740489
v 0.04422690 -0.20624070 -0.04322767
v 0.05935329 -0.19934651 -0.03726196
v 0.05246623 -0.19393520 -0.03236747
v 0.04632765 -0.18668729 -0.02447438
v 0.03938033 -0.18005684 -0.01949632
v 0.06775337 -0.19386899 -0.03373241
v 0.07495076 -0.18076164 -0.02371001
v 0.07353453 -0.18774851 -0.02894437
v 0.07036316 -0.17561559 -0.01903856
v 0.06006761 -0.17597938 -0.01813972
v 0.04995503 -0.17759652 -0.01832044
v 0.05486351 -0.18343855 -0.02306521
v 0.06188411 -0.18129875 -0.02159154
v 0.06058578 -0.18990330 -0.02890551
v 0.06646392 -0.18594331 -0.02721274
v 0.06749346 -0.17974065 -0.02199399
v 0.06983037 -0.18243097 -0.02434111
v 0.01292898 -0.17697448 -0.08866072
v -0.06802135 -0.16589464 -0.40643811
v -0.06824003 -0.15225896 -0.40947431
v -0.06359401 -0.18132675 -0.40978986
v -0.07738324 -0.18292637 -0.81988370
v -0.13066256 -0.11668517 -1.02544200
v -0.12786457 -0.11628722 -1.07000780
v -0.12946934 -0.11643357 -1.04751885
v -0.07980832 -0.18811047 -0.79395968
v -0.06947265 -0.15227574 -1.10186613
v -0.12306382 -0.12692809 -1.24316323
v 0.02838784 0.09145425 -0.02271199
v 0.01028528 0.09051799 -0.02901173
v 0.01451986 0.08149936 -0.03684783
v -0.16111167 -0.00125687 -1.52762341
v -0.09413831 -0.06145848 -1.50088120
v -0.08733688 -0.06075957 -1.49284756
v -0.09436677 -0.05838342 -1.48137951
v -0.10205767 -0.05965383 -1.49059844
v -0.10202774 -0.05432619 -1.47072971
v -0.10819009 -0.05735095 -1.48167193
v -0.11043704 -0.04909051 -1.46177971
v -0.11522380 -0.05363364 -1.47331107
v -0.12008774 -0.04476893 -1.45658481
v -0.12318573 -0.04961631 -1.46755004
v -0.14119720 -0.03178493 -1.45189607
v -0.13710661 -0.02978783 -1.44636142
v -0.14446697 -0.02407757 -1.44312501
v -0.14859760 -0.02489842 -1.44735229
v -0.15080774 -0.01748296 -1.44041443
v -0.15468025 -0.01807819 -1.44415915
v -0.15445834 -0.00987561 -1.43873966
v -0.15861098 -0.00992370 -1.44205570
v -0.15626653 -0.00073977 -1.43786883
v -0.16050540 -0.00066106 -1.44129181
v -0.16410841 -0.00015058 -1.45063972
v -0.16276184 -0.00884284 -1.45119512
v -0.16135031 -0.00955908 -1.44633150
v -0.16296637 -0.00049321 -1.44548237
v -0.15896231 -0.01615563 -1.45286429
v -0.15721649 -0.01754082 -1.44795084
v -0.15390110 -0.02227996 -1.45616710
v -0.15149876 -0.02411846 -1.45146418
v -0.14750713 -0.02961750 -1.46163225
v -0.14439550 -0.03150231 -1.45662737
v -0.14410427 -0.03538749 -1.46808004
v -0.13972284 -0.03838751 -1.46510291
v -0.14812201 -0.00869127 -1.43566918
v -0.15065803 -0.00073576 -1.43493176
v -0.14466624 -0.01552088 -1.43703103
v -0.13922147 -0.02154164 -1.43925595
v -0.13281983 -0.02641430 -1.44161582
v -0.12927513 -0.03881706 -1.45267797
v -0.12441991 -0.03168798 -1.44430327
v -0.11648721 -0.03866469 -1.44926894
v -0.10605236 -0.04348943 -1.45432067
v -0.09646283 -0.05006230 -1.46370780
v -0.08725114 -0.05603624 -1.47511077
v -0.07996698 -0.05872776 -1.48772728
v -0.08178902 -0.06142068 -1.50075650
v -0.15929505 -0.01490061 -1.45729864
v -0.16281566 -0.00804075 -1.45592916
v -0.15494794 -0.02078402 -1.45990777
v -0.14984661 -0.02728933 -1.46557224
v -0.14712229 -0.03216851 -1.47141087
v -0.14703661 -0.03617839 -1.48481834
v -0.14651476 -0.03536787 -1.47793472
v -0.15006965 -0.03385536 -1.49803150
v -0.14830257 -0.03544725 -1.49165916
v -0.14549789 -0.04128626 -1.50555038
v -0.14226200 -0.04343569 -1.49639750
v -0.14552987 -0.03951804 -1.49339700
v -0.14801034 -0.03773382 -1.50141263
v -0.14246690 -0.04435180 -1.51166844
v -0.13839015 -0.04707045 -1.50139928
v -0.14264843 -0.00753519 -1.43338311
v -0.14395115 -0.00051223 -1.43257022
v -0.13929462 -0.01342067 -1.43455231
v -0.13364299 -0.01828040 -1.43549311
v -0.12679285 -0.02187903 -1.43646026
v -0.11909031 -0.02594195 -1.43790209
v -0.11059779 -0.03105370 -1.44034171
v -0.10095361 -0.03756253 -1.44555354
v -0.09053091 -0.04543301 -1.45522141
v -0.08085767 -0.05330733 -1.46973538
v -0.07379197 -0.05681751 -1.48287618
v -0.11211750 -0.01850872 -1.42920625
v -0.11918701 -0.01500880 -1.42994523
v -0.12520579 -0.01219347 -1.43057668
v -0.12989846 -0.00954981 -1.43072379
v -0.12923303 -0.00553714 -1.42929769
v -0.12898245 0.00008903 -1.42822230
v -0.12071150 -0.00461905 -1.42594874
v -0.12117172 0.00038153 -1.42546391
v -0.11529054 -0.00673518 -1.42325366
v -0.11550633 0.00040871 -1.42179346
v -0.11067260 -0.00871968 -1.41998696
v -0.10881753 0.00175683 -1.41604185
v -0.14317527 -0.03920373 -1.47614622
v -0.13856927 -0.04302321 -1.47545266
v -0.13960505 -0.04424931 -1.48624730
v -0.13468567 -0.04831075 -1.48965061
v -0.13282180 -0.04730839 -1.47661078
v -0.14374942 -0.04023014 -1.48475850
v -0.12549362 -0.05221649 -1.48052979
v -0.12895501 -0.05238514 -1.49447858
v -0.13411123 -0.05050760 -1.50716174
v -0.12384690 -0.05515452 -1.50002682
v -0.11850294 -0.05569590 -1.48678350
v -0.12928717 -0.05356953 -1.51172066
v -0.12464812 -0.05593682 -1.51597285
v -0.11932187 -0.05697225 -1.50521612
v -0.11372235 -0.05774920 -1.49336195
v -0.13314141 -0.04220481 -1.46212959
v -0.10831673 -0.05922153 -1.49971342
v -0.11994790 -0.05769554 -1.52043712
v -0.11416490 -0.05843518 -1.51043940
v -0.11397475 -0.05914280 -1.52622366
v -0.10610327 -0.06009440 -1.51667213
v -0.09960945 -0.06104027 -1.50773394
v -0.08518460 -0.06271929 -1.50937927
v -0.16421729 0.00008212 -1.45540535
v -0.00783183 0.07337865 -0.05600190
v 0.01563065 0.07346173 -0.05121958
v 0.03273844 0.07125450 -0.04896295
v 0.04130743 0.08894654 -0.01813424
v 0.04460987 0.07917239 -0.02888322
v 0.05699884 0.07360502 -0.02543688
v 0.05239107 0.08098485 -0.01275933
v 0.06506056 0.06009101 -0.01818228
v 0.05853361 0.06740376 -0.00435460
v 0.05722710 0.04542772 -0.01252568
v 0.05210084 0.05181113 0.00111699
v 0.05509308 0.06283466 -0.04266167
v 0.04400833 0.06763288 -0.04529154
v 0.06363104 0.05278870 -0.03817511
v 0.05744322 0.03976483 -0.03452587
v 0.04172701 0.03228524 -0.03359818
v 0.03906143 0.03686897 -0.01341295
v 0.03608266 0.04105506 0.00087905
v -0.07556528 0.01099348 -0.03625035
v -0.07443042 0.01582696 -0.02326787
v -0.04925328 0.04725452 -0.07067251
v -0.05465177 0.02797408 -0.06946051
v -0.04769112 0.01373781 -0.05429268
v -0.04885962 0.01302606 -0.03261602
v -0.04898856 0.02268167 -0.02019370
v -0.02658937 0.02760009 -0.01500595
v -0.02482626 0.01738867 -0.02564514
v -0.07516581 0.02724455 -0.01559126
v -0.04962332 0.03366831 -0.01648414
v -0.02738685 0.03789178 -0.01132643
v -0.00682028 0.03041192 -0.00971782
v -0.00457055 0.02203982 -0.02028263
v 0.00931129 0.03351796 -0.00506771
v 0.01210929 0.02807089 -0.01844180
v 0.02522622 0.03236971 -0.01639295
v 0.02243121 0.03639472 -0.00212777
v 0.01744126 0.02298694 -0.03594995
v 0.02947541 0.02728520 -0.03478682
v 0.00028069 0.01726392 -0.03772795
v -0.02125732 0.01257555 -0.04297805
v -0.06363658 0.09598961 -0.03481412
v -0.04003176 0.09420092 -0.03114724
v -0.01694690 0.09178363 -0.02649152
v 0.00522902 0.09217336 -0.01960909
v 0.02270737 0.09148669 -0.01237500
v 0.03410420 0.08817578 -0.00771236
v 0.04809424 0.07027503 0.00167775
v 0.04361994 0.08193168 -0.00306952
v 0.04432806 0.05839998 0.00616634
v 0.03106830 0.05098136 0.00687802
v 0.01886055 0.04666145 0.00572896
v -0.00803188 0.04062839 -0.00404084
v 0.00684741 0.04349337 0.00267124
v 0.00742661 0.00832285 -0.05269825
v 0.02371585 0.01529832 -0.05174446
v 0.03441940 0.02166222 -0.05229485
v 0.05814840 0.03425020 -0.05361259
v 0.04463028 0.02710602 -0.05286014
v -0.07538568 0.04171515 -0.01660848
v -0.07327294 0.05811842 -0.02164114
v -0.07023104 0.07407376 -0.02580309
v -0.06695385 0.08716403 -0.02918744
v -0.04294062 0.08746203 -0.02640593
v -0.04500315 0.07616740 -0.02203262
v -0.04741771 0.06163960 -0.01783526
v -0.04931939 0.04609534 -0.01571417
v -0.02018385 0.08615734 -0.02066684
v -0.02250367 0.07662106 -0.01714027
v -0.02418967 0.06333763 -0.01194572
v -0.02697956 0.04996371 -0.01058853
v -0.00742000 0.05216205 -0.00237310
v -0.00417001 0.06382649 -0.00486386
v -0.00217759 0.07597103 -0.00917625
v 0.00106285 0.08508191 -0.01379514
v 0.01769571 0.08374961 -0.00750935
v 0.01370863 0.07481454 -0.00477755
v 0.01140689 0.06385808 -0.00036120
v 0.00788315 0.05424481 0.00228560
v 0.02741703 0.08152954 -0.00360930
v 0.03944364 0.07071790 0.00346351
v 0.03503085 0.07764784 -0.00060987
v 0.03756166 0.06314931 0.00609434
v 0.02821220 0.05874468 0.00566661
v 0.01842807 0.05607629 0.00440645
v 0.02031466 0.06438144 0.00182235
v 0.02749249 0.06513021 0.00319278
v 0.02279976 0.07381567 -0.00172544
v -0.05807266 -0.05578722 -1.49809742
v -0.15758151 -0.01769095 -1.50565660
v -0.16009213 -0.01247939 -1.50804532
v 0.02964465 0.07248717 0.00052416
v 0.03320454 0.06613733 0.00372839
v -0.16330606 -0.00756487 -1.50891614
v -0.16577888 -0.00374743 -1.50918674
v -0.16726549 0.00000685 -1.50881267
v 0.03413304 0.07007930 0.00193298
v -0.01154194 0.06142795 -0.07019293
v -0.04893677 0.03903048 -0.39205360
v -0.04396918 0.02488059 -0.39438885
v -0.10107106 0.00139244 -1.40447628
v -0.15378377 0.00968185 -1.57621765
v -0.10568300 0.00157895 -1.41117525
v -0.14942124 0.00161787 -1.46916044
v -0.06833480 0.01943814 -1.65595877
v -0.16398597 0.00046220 -1.46031475
v -0.15185887 0.00185392 -1.47371721
v -0.17586005 0.00569820 -1.53740215
v -0.16305943 0.00083115 -1.46504152
v -0.16738278 0.00159253 -1.47602844
v -0.16557217 0.00210267 -1.48180795
v -0.14200065 0.01345236 -1.61215973
v -0.16699725 0.00184567 -1.47924018
v -0.16738182 0.00378211 -1.51052535
v -0.17933321 0.00529861 -1.53367758
v -0.16403487 0.00225160 -1.48316431
v 0.00532112 0.00693364 -1.47678292
v -0.16589043 0.00133957 -1.47249353
v -0.15653734 0.00224565 -1.47978294
v -0.16193664 0.00229275 -1.48310399
v -0.15207624 0.00284406 -1.49304092
v -0.16740486 0.00358589 -1.50807929
v -0.16117355 0.00751476 -1.55358589
v 0.03235317 0.01005856 -1.50835931
v -0.16375703 0.00720914 -1.55091763
v -0.12133633 0.01622668 -1.63569593
v -0.13501675 0.01449287 -1.62180781
v -0.17256823 0.00607710 -1.54111183
v 0.05852027 0.01556921 -1.56734133
v 0.05995153 0.01762767 -1.58600736
v -0.14850697 0.01169569 -1.59547651
v -0.00356072 0.02075013 -1.64865637
v -0.18170321 0.00489666 -1.53005183
v -0.17261101 0.00407002 -1.51593423
v -0.09425169 0.01818451 -1.65052450
v 0.04519638 0.01332648 -1.53509378
v 0.02097227 0.02060581 -1.63563228
v -0.16786268 0.00214396 -1.49167204
v -0.08183822 0.01882829 -1.65356016
v -0.16498213 0.00209616 -1.48972213
v -0.17961687 0.00416094 -1.51996839
v 0.03898008 0.01158131 -1.52089226
v 0.05123419 0.01378384 -1.54739666
v -0.16872239 0.00303735 -1.50160956
v -0.16749027 0.00339914 -1.50562716
v 0.00927320 0.02090618 -1.64316308
v -0.15248001 0.01034655 -1.58267879
v -0.16992387 0.00279393 -1.49930668
v -0.15536529 0.00845694 -1.56190658
v -0.17040350 0.00248224 -1.49658144
v -0.09694433 0.00108712 -1.39823270
v 0.04306620 0.01948452 -1.61238050
v -0.16930354 0.00228414 -1.49399042
v -0.15978470 0.00236776 -1.49066150
v -0.16946092 0.00646174 -1.54480457
v -0.15521789 0.00262261 -1.49179113
v -0.14592549 0.01244997 -1.60278332
v -0.16862182 0.00395995 -1.51335073
v -0.16917720 0.00400687 -1.51403499
v -0.15670446 0.00815979 -1.55910349
v -0.12821156 0.01561674 -1.62897789
v -0.15478092 0.00875110 -1.56488800
v -0.16804382 0.00388990 -1.51242447
v 0.05198064 0.01903863 -1.60289001
v -0.02138524 0.02049135 -1.65420043
v -0.03482273 0.02028011 -1.65620399
v -0.15865135 0.00782040 -1.55624878
v -0.16640928 0.00696682 -1.54823899
v 0.00218615 0.00619659 -1.46942544
v -0.18183714 0.00435188 -1.52344215
v -0.18240646 0.00455776 -1.52632582
v -0.10508551 0.01749104 -1.64640510
v 0.02573734 0.00886035 -1.49973702
v -0.05250236 0.01982711 -1.65686059
v -0.11392470 0.01685913 -1.64147782
v 0.01282855 0.00741356 -1.48540831
v 0.01997431 0.00826267 -1.49336350
v -0.17808390 0.00412357 -1.51863420
v -0.15435851 0.00904245 -1.56834626
v -0.17516190 0.00407526 -1.51693368
v 0.03173325 0.02025689 -1.62605524
v -0.17054719 0.00403854 -1.51489282
v -0.04931467 0.05545580 -0.39391398
v -0.10753561 0.09824816 -0.79398710
v -0.15110904 0.05136070 -1.01405895
v -0.14826420 0.05693853 -1.05694544
v -0.15000579 0.05382468 -1.03537166
v -0.10941201 0.10064629 -0.76639748
v -0.09955992 0.11082180 -1.07971430
v -0.15006129 0.09683678 -1.23074663
v -0.16155249 0.01210256 -1.52623558
v -0.09818072 0.07104378 -1.49005389
v -0.09132056 0.06961253 -1.48228502
v -0.09816094 0.06518879 -1.47188425
v -0.10589255 0.06731135 -1.48039055
v -0.10547532 0.05935014 -1.46226883
v -0.11183728 0.06325582 -1.47225726
v -0.11342084 0.05292592 -1.45447683
v -0.11854117 0.05807801 -1.46474218
v -0.17719841 -0.00005029 -1.52020955
v -0.17488235 0.00087807 -1.51839209
v -0.12282247 0.04756652 -1.45004809
v -0.12615192 0.05293602 -1.45996869
v -0.14081150 -0.00733554 -1.55439699
v -0.16499001 -0.00388057 -1.51712680
v -0.16877155 -0.00067991 -1.53893745
v -0.14142063 -0.00598257 -1.55450130
v -0.14273417 0.03252679 -1.44738722
v -0.13860786 0.03052022 -1.44223535
v -0.14559913 0.02372783 -1.43995690
v -0.14973117 0.02455364 -1.44395566
v -0.16357014 -0.00603798 -1.51739240
v -0.15162238 0.01627092 -1.43817616
v -0.15559928 0.01707332 -1.44182181
v -0.15496546 0.00844406 -1.43739629
v -0.15909499 0.00863416 -1.44082189
v -0.16315778 0.00049243 -1.54550648
v -0.15025391 -0.00021094 -1.55333996
v -0.16323555 0.00851030 -1.45016229
v -0.16187513 0.00874217 -1.44523335
v -0.16616070 -0.00007454 -1.54232597
v -0.16393998 -0.01096593 -1.52037764
v -0.16278520 -0.00955872 -1.51768863
v -0.17905286 -0.00203822 -1.52631235
v -0.17789021 -0.00266876 -1.52891350
v -0.15971774 0.01606467 -1.45072973
v -0.17755216 -0.00304618 -1.52307224
v -0.17816037 -0.00052733 -1.52138221
v -0.15811709 0.01693834 -1.44565833
v -0.14129031 -0.00898221 -1.55445981
v -0.13457865 -0.01906898 -1.55644488
v -0.17914528 -0.00146767 -1.52430224
v -0.17990974 0.00115446 -1.52210033
v -0.13872206 -0.01202641 -1.55562210
v -0.14099967 -0.00833265 -1.55444407
v -0.17250356 -0.00702397 -1.52476215
v -0.15451863 0.00095336 -1.55239201
v -0.15494335 0.02278290 -1.45306015
v -0.15267557 0.02414756 -1.44813979
v -0.14905483 0.03116628 -1.45734870
v -0.14601368 0.03254481 -1.45200539
v -0.16815668 -0.00962109 -1.52310729
v -0.14604717 0.03777006 -1.46259880
v -0.14186683 0.04060220 -1.45922959
v -0.14851527 0.00763397 -1.43446398
v -0.14108920 -0.00981284 -1.55477667
v -0.14086172 -0.01034886 -1.55507708
v -0.17188239 -0.00171945 -1.53553200
v -0.14526904 0.01481095 -1.43515408
v -0.14027610 0.02147417 -1.43640208
v -0.13426670 0.02714777 -1.43805027
v -0.13137394 0.04057370 -1.44715142
v -0.13881952 -0.01447358 -1.55601597
v -0.17013878 0.00113733 -1.51658952
v -0.17495003 -0.00534250 -1.52418959
v -0.17640775 -0.00408118 -1.52348673
v -0.16817781 0.00060443 -1.51606226
v -0.12636492 0.03357246 -1.43994260
v -0.11898833 0.04145170 -1.44378257
v -0.14355633 -0.00382152 -1.55392575
v -0.10887471 0.04743359 -1.44798946
v -0.15805289 0.00092903 -1.55035734
v -0.16093075 0.00070377 -1.54814887
v -0.09967180 0.05514601 -1.45617998
v -0.09100956 0.06267954 -1.46654439
v -0.17249855 0.00124874 -1.51735353
v -0.08388007 0.06766330 -1.47779489
v -0.08599225 0.07202457 -1.48960865
v -0.15999776 0.01540815 -1.45516860
v -0.16322875 0.00836782 -1.45483947
v -0.15592891 0.02177804 -1.45684397
v -0.17544767 -0.00254349 -1.53207207
v -0.15118924 0.02926360 -1.46145570
v -0.14877862 0.03495286 -1.46634257
v -0.14910004 0.04074845 -1.47883892
v -0.16651431 -0.00170845 -1.51660538
v -0.14852610 0.03896798 -1.47224903
v -0.15206590 0.04000409 -1.49213195
v -0.15034744 0.04089011 -1.48559642
v -0.14802432 0.04875427 -1.49807405
v -0.14493400 0.04973292 -1.48895311
v -0.14788103 0.04525737 -1.48651981
v -0.18086764 0.00423452 -1.52157128
v -0.17875934 -0.00096486 -1.52258492
v -0.15023819 0.04445035 -1.49471271
v -0.14527711 0.05290295 -1.50345826
v -0.14131448 0.05424868 -1.49291813
v -0.14295179 0.00683006 -1.43255723
v -0.14478204 -0.02007240 -1.57033467
v -0.14346084 -0.02041835 -1.56752741
v -0.13992108 0.01297527 -1.43292570
v -0.13453016 0.01858620 -1.43317151
v -0.12806430 0.02288219 -1.43359780
v -0.12082191 0.02778690 -1.43454599
v -0.11279850 0.03395401 -1.43609726
v -0.10368471 0.04122482 -1.44037759
v -0.14844233 -0.01272015 -1.57371140
v -0.15338460 0.00486220 -1.57263207
v -0.15224569 -0.00009404 -1.57305205
v -0.09383819 0.05036355 -1.44890261
v -0.14219962 -0.02097052 -1.56349969
v -0.14094540 -0.02125465 -1.56141925
v -0.14205593 -0.02042303 -1.56544256
v -0.14244154 -0.02137398 -1.56178427
v -0.14281219 -0.02133469 -1.56248546
v -0.08459558 0.05998898 -1.46200991
v -0.14114162 -0.02022882 -1.56452942
v -0.07770425 0.06539655 -1.47394872
v -0.14111094 -0.02031994 -1.56429243
v -0.11332231 0.02008777 -1.42662239
v -0.14627029 -0.01779997 -1.57300353
v -0.12012153 0.01622170 -1.42773533
v -0.12592910 0.01286113 -1.42878187
v -0.14143537 -0.02051667 -1.56403029
v -0.13921237 -0.02141540 -1.56084788
v -0.13035259 0.00978992 -1.42944252
v -0.13474423 -0.02228305 -1.55884719
v -0.12951878 0.00574541 -1.42842555
v -0.15401877 0.00934656 -1.57204199
v -0.14989740 -0.01057631 -1.58449793
v -0.12816112 -0.03999586 -1.58391023
v -0.12091658 0.00546608 -1.42516053
v -0.12585184 -0.04330527 -1.57843363
v -0.11569160 0.00758811 -1.42217612
v -0.13584866 -0.04086109 -1.54249859
v -0.13314381 -0.04333921 -1.54339099
v -0.15139434 -0.00839575 -1.57832837
v -0.11126222 0.00952070 -1.41864109
v -0.14527196 0.04265622 -1.46984732
v -0.14102517 0.04651982 -1.46862864
v -0.14225617 0.04917637 -1.47891116
v -0.13765585 0.05391940 -1.48147547
v -0.14014348 -0.01385865 -1.60425186
v -0.08677399 -0.01330016 -1.64658129
v -0.14403930 -0.01290603 -1.59720922
v -0.13830552 -0.02784495 -1.58983755
v -0.13553855 0.05123951 -1.46906292
v -0.09654251 -0.01417970 -1.64330626
v -0.14609417 0.04484035 -1.47810864
v -0.12858483 0.05707007 -1.47213674
v -0.13212200 0.05891005 -1.48545861
v -0.13723509 0.05869852 -1.49815679
v -0.12726705 0.06275451 -1.49043703
v -0.13221660 -0.03514973 -1.58839488
v -0.12191771 0.06174143 -1.47747016
v -0.12530023 -0.04739871 -1.54877579
v -0.15028158 0.00466463 -1.58938158
v -0.12231331 -0.04820635 -1.55425382
v -0.13266614 0.06260905 -1.50199997
v -0.14932521 -0.00340399 -1.58998489
v -0.02252212 -0.00697455 -1.65070176
v -0.12825993 0.06582465 -1.50587308
v -0.12293265 0.06555600 -1.49506736
v -0.11727145 0.06486635 -1.48345876
v -0.13537660 0.04444921 -1.45587921
v -0.14987218 -0.00382713 -1.56932807
v -0.11209559 0.06765864 -1.48951602
v -0.14130288 -0.03117071 -1.54310799
v -0.13992444 -0.03419401 -1.54293406
v -0.12363111 0.06845467 -1.50980377
v -0.03377690 -0.01107714 -1.65118527
v -0.12778033 -0.04667651 -1.54629636
v -0.12709114 -0.01554492 -1.62198806
v -0.14820224 -0.00064544 -1.56214952
v -0.14823692 -0.00184870 -1.56517148
v -0.12002112 -0.01563525 -1.62852275
v -0.11793585 0.06802904 -1.50002372
v -0.11779691 0.07144906 -1.51504731
v -0.11017460 0.07152732 -1.50565314
v -0.11275493 -0.01532664 -1.63431251
v -0.10375189 0.07114286 -1.49691820
v -0.08951821 0.07412604 -1.49775600
v -0.07558880 -0.01282015 -1.64927185
v -0.14457896 -0.01415022 -1.54516184
v -0.06226955 0.06749269 -1.48821640
v -0.15877593 0.02459032 -1.50185466
v -0.16109949 0.01978498 -1.50514841
v -0.12392563 -0.04598130 -1.57214522
v -0.12270914 -0.04758051 -1.56572402
v -0.04803527 -0.01214442 -1.65169632
v -0.14355347 -0.02387739 -1.54366684
v -0.12203473 -0.04821115 -1.55992913
v -0.01444812 0.00495527 -1.65115094
v -0.16409734 0.01495455 -1.50690937
v -0.13044330 -0.04543160 -1.54450417
v -0.16629303 0.01109694 -1.50794268
v -0.16754489 0.00718424 -1.50808167
v -0.14325318 -0.02036071 -1.59063387
v -0.14249355 -0.02766401 -1.54326773
v -0.14759132 -0.00034986 -1.55874610
v -0.14469880 -0.00931166 -1.54680598
v -0.14511380 -0.00575542 -1.54948854
v -0.10506821 -0.01479339 -1.63914287
v -0.14589337 -0.00309091 -1.55194998
v -0.14711985 -0.00094566 -1.55538738
v -0.14449722 -0.01900297 -1.54400659
v -0.13480993 -0.01493335 -1.61315084
v -0.06235567 -0.01223751 -1.65091097
v -0.13802354 -0.03748949 -1.54282439
v -0.01161098 0.02066925 -1.65137959
v -0.15075977 0.01093462 -1.58869088
v -0.14673036 -0.00185600 -1.55351543
v -0.15061736 -0.00607790 -1.57358181
v -0.14731210 -0.01194945 -1.59046769
v -0.16397789 0.00116009 -1.46899152
v -0.15569979 -0.02362961 -1.49392343
v -0.15418389 -0.02510127 -1.49120569
v -0.15214303 -0.02514664 -1.48365331
v -0.16085368 -0.01619528 -1.50035453
v -0.15780050 -0.02066100 -1.49698400
v -0.15848981 -0.01657124 -1.47344553
v -0.15301710 -0.02577933 -1.48852873
v -0.16157135 -0.01119406 -1.47122777
v -0.15231502 -0.02588993 -1.48614216
v -0.16352257 -0.00551761 -1.46982908
v -0.16810420 0.00320030 -1.50361967
v -0.16653296 -0.00592054 -1.50434542
v -0.16803864 -0.00130697 -1.50440598
v -0.16394287 -0.01092258 -1.50293314
v -0.15281630 -0.02357313 -1.48042130
v -0.15463410 -0.02104749 -1.47690296
v -0.17738125 0.00854780 -1.51915026
v -0.17497572 0.00751996 -1.51771212
v -0.14202979 0.02360689 -1.55156600
v -0.16555466 0.01259137 -1.51552832
v -0.16947651 0.01267253 -1.53777218
v -0.14245076 0.02233836 -1.55185533
v -0.16429411 0.01487985 -1.51549435
v -0.16381297 0.01290809 -1.54440558
v -0.15115777 0.01585365 -1.55198276
v -0.16686200 0.01273019 -1.54119611
v -0.16506170 0.02019553 -1.51754117
v -0.16377413 0.01841468 -1.51506853
v -0.17955449 0.01131745 -1.52491927
v -0.17850327 0.01249294 -1.52764034
v -0.17802432 0.01196059 -1.52182162
v -0.17842898 0.00914399 -1.52049208
v -0.14258191 0.02516335 -1.55141664
v -0.13641551 0.03577904 -1.55153370
v -0.17947319 0.01042236 -1.52301884
v -0.18008244 0.00743163 -1.52143645
v -0.14016157 0.02844566 -1.55191422
v -0.14232376 0.02453621 -1.55148005
v -0.17329407 0.01652286 -1.52268958
v -0.15521866 0.01426425 -1.55122972
v -0.16916850 0.01906244 -1.52043962
v -0.14243710 0.02600939 -1.55137539
v -0.14221781 0.02657634 -1.55160427
v -0.17263046 0.01303059 -1.53427315
v -0.14038107 0.03090520 -1.55198240
v -0.17035094 0.00723062 -1.51593399
v -0.17560029 0.01460409 -1.52211475
v -0.17699978 0.01313866 -1.52183783
v -0.16845608 0.00777238 -1.51533198
v -0.14468277 0.01997475 -1.55180705
v -0.15870750 0.01368887 -1.54948020
v -0.16160026 0.01324030 -1.54703903
v -0.17262316 0.00712008 -1.51672018
v -0.17611712 0.01309417 -1.53076327
v -0.16693461 0.01027650 -1.51555324
v -0.17902431 0.00970932 -1.52163076
v -0.14661738 0.03863975 -1.56517565
v -0.14538881 0.03855824 -1.56234312
v -0.14994246 0.03162364 -1.56974971
v -0.15375355 0.01382911 -1.57177818
v -0.15310986 0.01890501 -1.57126462
v -0.14418131 0.03845936 -1.55828142
v -0.14290074 0.03846985 -1.55618453
v -0.14386776 0.03825843 -1.56004202
v -0.14435978 0.03855447 -1.55653977
v -0.14475396 0.03862445 -1.55748260
v -0.14304221 0.03799987 -1.55939555
v -0.14299923 0.03806361 -1.55914974
v -0.14796823 0.03665138 -1.56813014
v -0.14338969 0.03816531 -1.55886257
v -0.14117870 0.03866039 -1.55558968
v -0.13678324 0.03943966 -1.55347681
v -0.15131566 0.03135801 -1.58094394
v -0.13153650 0.06167806 -1.57512033
v -0.12937641 0.06418902 -1.56901133
v -0.13865504 0.05471988 -1.53415036
v -0.13613646 0.05743179 -1.53469336
v -0.15268239 0.02795528 -1.57489848
v -0.14203331 0.03885147 -1.59947300
v -0.08867410 0.04862386 -1.64121044
v -0.14554000 0.03643037 -1.59243596
v -0.14083603 0.05008193 -1.58313799
v -0.09838159 0.04828564 -1.63766050
v -0.13537347 0.05744359 -1.58020711
v -0.12849863 0.06293926 -1.53895462
v -0.15102983 0.01734851 -1.58825529
v -0.12578443 0.06494956 -1.54422748
v -0.15060565 0.02531033 -1.58753681
v -0.02414609 0.04729259 -1.64633822
v -0.15092660 0.02211414 -1.56683254
v -0.14363770 0.04501431 -1.53629208
v -0.14245164 0.04800826 -1.53571486
v -0.03573452 0.05056666 -1.64607286
v -0.13091500 0.06166371 -1.53685474
v -0.12911020 0.04436802 -1.61648989
v -0.14902344 0.01799098 -1.56038904
v -0.14921188 0.01963583 -1.56321454
v -0.12165616 0.04569022 -1.62296832
v -0.11407223 0.04658749 -1.62850308
v -0.07740532 0.04937790 -1.64413655
v -0.14575419 0.02848611 -1.54133892
v -0.12762544 0.06592534 -1.56266975
v -0.12665251 0.06638107 -1.55609500
v -0.04992663 0.05074963 -1.64650965
v -0.14552981 0.03774285 -1.53806293
v -0.12561201 0.06593113 -1.55007565
v -0.01528677 0.03597776 -1.64884019
v -0.13349864 0.05991323 -1.53526175
v -0.14533901 0.04244186 -1.58494437
v -0.14463006 0.04151081 -1.53716481
v -0.14860988 0.01719924 -1.55728340
v -0.14571613 0.02407078 -1.54383636
v -0.14616051 0.02098707 -1.54718792
v -0.10680200 0.04762375 -1.63350964
v -0.14698896 0.01872652 -1.55020666
v -0.14812525 0.01717712 -1.55364347
v -0.14603677 0.03291045 -1.53955579
v -0.13651864 0.04184433 -1.60788155
v -0.06418995 0.05000727 -1.64601672
v -0.14073628 0.05135660 -1.53491676
v -0.14768790 0.01776301 -1.55192542
v -0.15190858 0.02496276 -1.57073796
v -0.14875698 0.03399586 -1.58640826
v -0.15709835 0.02899433 -1.48968530
v -0.15564516 0.03028719 -1.48653901
v -0.15361311 0.02954749 -1.47939885
v -0.16214579 0.02209015 -1.49704576
v -0.15931776 0.02624423 -1.49310219
v -0.15948753 0.01932798 -1.47093034
v -0.15464707 0.03078083 -1.48414016
v -0.16230784 0.01371323 -1.46944118
v -0.15386300 0.03057932 -1.48164403
v -0.16374908 0.00784996 -1.46882844
v -0.16715220 0.01239517 -1.50286937
v -0.16838193 0.00779258 -1.50379157
v -0.16490838 0.01720235 -1.50055110
v -0.15411967 0.02756298 -1.47653294
v -0.15581466 0.02440003 -1.47339046
v -0.13151866 0.03960663 -1.55148101
v -0.12949705 -0.02248623 -1.55687356
v -0.14378396 0.03741380 -1.55273402
v -0.14323542 0.03588755 -1.55288112
v -0.14242950 0.03451607 -1.55304122
v -0.14138362 0.03335555 -1.55296373
v -0.14377239 0.03749780 -1.55322099
v -0.14319059 0.03603999 -1.55361223
v -0.14232609 0.03469114 -1.55377626
v -0.14127710 0.03359529 -1.55394053
v -0.14374629 0.03762667 -1.55346072
v -0.14313656 0.03628261 -1.55409288
v -0.14226587 0.03506310 -1.55474043
v -0.14118721 0.03406589 -1.55514669
v -0.14372554 0.03780087 -1.55369711
v -0.14309508 0.03663101 -1.55456555
v -0.14220364 0.03558569 -1.55544949
v -0.14113083 0.03472871 -1.55609179
v -0.14371195 0.03803550 -1.55392885
v -0.14306611 0.03708518 -1.55503035
v -0.14216599 0.03622494 -1.55590308
v -0.14107245 0.03554215 -1.55678177
v -0.14370196 0.03830036 -1.55415845
v -0.14307810 0.03762623 -1.55548584
v -0.14216439 0.03700063 -1.55659044
v -0.14106214 0.03650293 -1.55745804
v -0.14367560 0.03859498 -1.55414188
v -0.14307374 0.03819705 -1.55569530
v -0.14216207 0.03784719 -1.55678201
v -0.14104445 0.03756901 -1.55788255
v -0.14373314 0.03891274 -1.55436206
v -0.14308499 0.03880897 -1.55565500
v -0.14216512 0.03873908 -1.55697012
v -0.14107615 0.03870266 -1.55805266
v -0.14371037 0.03923758 -1.55434322
v -0.14311977 0.03945157 -1.55585635
v -0.14223213 0.03965366 -1.55715108
v -0.14114164 0.03986276 -1.55821800
v -0.14374799 0.03955488 -1.55431950
v -0.14313948 0.04004415 -1.55557084
v -0.14228767 0.04054844 -1.55684304
v -0.14122224 0.04096907 -1.55789423
v -0.14376029 0.03982640 -1.55405533
v -0.14321113 0.04064855 -1.55552578
v -0.14236623 0.04137901 -1.55653715
v -0.14132589 0.04201118 -1.55757236
v -0.14379254 0.04009837 -1.55403495
v -0.14325875 0.04112737 -1.55499935
v -0.14244610 0.04212981 -1.55599046
v -0.14143082 0.04297352 -1.55700994
v -0.14385983 0.04031703 -1.55376935
v -0.14335471 0.04158778 -1.55471563
v -0.14254183 0.04275597 -1.55545044
v -0.14155650 0.04376166 -1.55621123
v -0.14386319 0.04051299 -1.55351079
v -0.14341462 0.04191175 -1.55419815
v -0.14266190 0.04323815 -1.55467176
v -0.14167276 0.04437936 -1.55517852
v -0.14391616 0.04061077 -1.55325413
v -0.14349398 0.04214128 -1.55368507
v -0.14276403 0.04356923 -1.55390453
v -0.14182788 0.04480822 -1.55415452
v -0.14394385 0.04066276 -1.55275702
v -0.14354086 0.04226460 -1.55293596
v -0.14287846 0.04374545 -1.55314589
v -0.14195435 0.04499533 -1.55314851
v -0.14398608 0.04066988 -1.55250704
v -0.14362174 0.04224861 -1.55243850
v -0.14294967 0.04372478 -1.55215824
v -0.14206779 0.04498178 -1.55191100
v -0.14401756 0.04058634 -1.55226398
v -0.14366660 0.04209618 -1.55170727
v -0.14305130 0.04353460 -1.55142438
v -0.14217430 0.04474204 -1.55093420
v -0.14404547 0.04047258 -1.55202317
v -0.14372241 0.04186866 -1.55122554
v -0.14311330 0.04317775 -1.55045915
v -0.14228594 0.04428700 -1.54997075
v -0.14406621 0.04029838 -1.55178678
v -0.14376390 0.04152027 -1.55075288
v -0.14317554 0.04265516 -1.54975009
v -0.14234230 0.04362420 -1.54902554
v -0.14407980 0.04006374 -1.55155492
v -0.14379105 0.04105099 -1.55028915
v -0.14318967 0.04198523 -1.54905486
v -0.14238077 0.04281029 -1.54809177
v -0.14408979 0.03979889 -1.55132532
v -0.14381105 0.04052128 -1.54983008
v -0.14321479 0.04124021 -1.54860902
v -0.14238927 0.04183440 -1.54741669
v -0.14403225 0.03948112 -1.55110526
v -0.14378524 0.03995423 -1.54962313
v -0.14322557 0.04037432 -1.54817235
v -0.14237499 0.04075697 -1.54699576
v -0.14405681 0.03917139 -1.55112290
v -0.14377397 0.03934231 -1.54966331
v -0.14316034 0.03947485 -1.54799020
v -0.14234507 0.03963844 -1.54682446
v -0.14401920 0.03885409 -1.55114663
v -0.14373919 0.03869971 -1.54946208
v -0.14311506 0.03857585 -1.54805195
v -0.14230311 0.03850902 -1.54690075
v -0.14404377 0.03854436 -1.55116439
v -0.14368749 0.03809578 -1.54975104
v -0.14306977 0.03767684 -1.54811370
v -0.14222917 0.03736826 -1.54698050
v -0.14400795 0.03824217 -1.55118692
v -0.14361766 0.03750649 -1.54979515
v -0.14301294 0.03686184 -1.54866242
v -0.14212374 0.03631103 -1.54730344
v -0.14393705 0.03799329 -1.55145490
v -0.14359842 0.03700880 -1.55032015
v -0.14288294 0.03611434 -1.54896760
v -0.14201212 0.03538314 -1.54810989
v -0.14393012 0.03776711 -1.55171561
v -0.14350425 0.03656349 -1.55060279
v -0.14280716 0.03548864 -1.54975152
v -0.14186472 0.03457943 -1.54866600
v -0.14386819 0.03759378 -1.55197799
v -0.14344254 0.03622442 -1.55112135
v -0.14272575 0.03498336 -1.55028248
v -0.14174849 0.03396173 -1.54969859
v -0.14403597 0.03902302 -1.55260825
v -0.14387380 0.03747337 -1.55223083
v -0.14339338 0.03599112 -1.55163205
v -0.14261335 0.03465651 -1.55129623
v -0.14162534 0.03354421 -1.55071902
v -0.14382619 0.03742092 -1.55248415
v -0.14331810 0.03588668 -1.55238247
v -0.14250071 0.03449540 -1.55205357
v -0.14149529 0.03332689 -1.55172729
v -0.14046568 0.03224042 -1.55287182
v -0.13898408 0.03050558 -1.55287015
v -0.13704813 0.02907272 -1.55288982
v -0.13489549 0.02804726 -1.55265713
v -0.13260339 0.02748680 -1.55265260
v -0.13022253 0.02737911 -1.55238152
v -0.12789899 0.02775494 -1.55207419
v -0.12566115 0.02859541 -1.55172944
v -0.12367991 0.02988216 -1.55157864
v -0.12193662 0.03153495 -1.55113745
v -0.12052796 0.03351695 -1.55089080
v -0.11954580 0.03573710 -1.55059075
v -0.11900956 0.03810098 -1.55024147
v -0.14037421 0.03253017 -1.55433536
v -0.13882917 0.03086752 -1.55458045
v -0.13685992 0.02950310 -1.55484426
v -0.13470238 0.02852719 -1.55485451
v -0.13238189 0.02798560 -1.55485141
v -0.13000283 0.02789303 -1.55457914
v -0.12764910 0.02827263 -1.55427432
v -0.12546806 0.02907534 -1.55392683
v -0.12349170 0.03031253 -1.55353308
v -0.12175150 0.03190066 -1.55285013
v -0.12041477 0.03379113 -1.55211163
v -0.11944237 0.03591217 -1.55132568
v -0.11896961 0.03820386 -1.55072975
v -0.14026308 0.03308009 -1.55553830
v -0.13868523 0.03158076 -1.55626714
v -0.13671827 0.03032633 -1.55676937
v -0.13452926 0.02943396 -1.55702269
v -0.13218394 0.02894147 -1.55701876
v -0.12982839 0.02887958 -1.55698800
v -0.12750305 0.02924030 -1.55668187
v -0.12529671 0.02999723 -1.55609393
v -0.12329813 0.03112396 -1.55521798
v -0.12161603 0.03259456 -1.55429173
v -0.12030363 0.03434106 -1.55331457
v -0.11938395 0.03629924 -1.55228877
v -0.11891022 0.03840116 -1.55121374
v -0.14018059 0.03387177 -1.55672312
v -0.13858378 0.03256175 -1.55768716
v -0.13659787 0.03149662 -1.55842471
v -0.13438275 0.03073313 -1.55891776
v -0.13206811 0.03033175 -1.55915082
v -0.12966244 0.03027316 -1.55887866
v -0.12733352 0.03060366 -1.55857480
v -0.12512848 0.03128082 -1.55774617
v -0.12317774 0.03229425 -1.55687332
v -0.12151459 0.03357555 -1.55571175
v -0.12021935 0.03511762 -1.55450058
v -0.11932351 0.03683695 -1.55299664
v -0.11886823 0.03865467 -1.55144680
v -0.14013164 0.03485565 -1.55764711
v -0.13852485 0.03381048 -1.55884063
v -0.13652176 0.03294978 -1.55981219
v -0.13431787 0.03237182 -1.56053805
v -0.13195181 0.03205353 -1.56077027
v -0.12957324 0.03205584 -1.56073761
v -0.12724921 0.03233678 -1.56019068
v -0.12506181 0.03290441 -1.55936766
v -0.12310163 0.03374741 -1.55826080
v -0.12147737 0.03483985 -1.55710793
v -0.12017041 0.03610150 -1.55542445
v -0.11927918 0.03751064 -1.55369425
v -0.11888891 0.03901065 -1.55191350
v -0.14008424 0.03602038 -1.55831361
v -0.13847104 0.03527029 -1.55973446
v -0.13648814 0.03467068 -1.56093311
v -0.13424358 0.03426646 -1.56165135
v -0.13191357 0.03408462 -1.56211734
v -0.12953857 0.03411715 -1.56208229
v -0.12721096 0.03436787 -1.56153774
v -0.12504122 0.03482596 -1.56072009
v -0.12306800 0.03546831 -1.55938172
v -0.12142356 0.03629966 -1.55800176
v -0.12012122 0.03725113 -1.55609202
v -0.11925945 0.03830099 -1.55413675
v -0.11886484 0.03941526 -1.55213523
v -0.14011157 0.03729847 -1.55896616
v -0.13847737 0.03688832 -1.56036699
v -0.13648807 0.03658378 -1.56179309
v -0.13426676 0.03637600 -1.56249666
v -0.13192090 0.03631879 -1.56295609
v -0.12955129 0.03639665 -1.56291759
v -0.12721829 0.03660205 -1.56237638
v -0.12503423 0.03693926 -1.56156778
v -0.12306792 0.03738141 -1.56024158
v -0.12142990 0.03791769 -1.55863428
v -0.12014853 0.03852921 -1.55674458
v -0.11928064 0.03917823 -1.55456984
v -0.11887634 0.03986143 -1.55235124
v -0.14013815 0.03864741 -1.55912280
v -0.13853489 0.03858902 -1.56074405
v -0.13655122 0.03859044 -1.56215000
v -0.13434654 0.03861352 -1.56308293
v -0.13198659 0.03869607 -1.56353462
v -0.12962234 0.03881926 -1.56349277
v -0.12728399 0.03897933 -1.56295502
v -0.12511399 0.03917678 -1.56215405
v -0.12312929 0.03937296 -1.56059968
v -0.12148742 0.03961839 -1.55901134
v -0.12017333 0.03986305 -1.55690241
v -0.11931746 0.04009657 -1.55475330
v -0.11889141 0.04033783 -1.55256510
v -0.14020029 0.04003792 -1.55927372
v -0.13863823 0.04032705 -1.56086898
v -0.13666019 0.04063443 -1.56225467
v -0.13445218 0.04088793 -1.56317317
v -0.13210836 0.04110647 -1.56361473
v -0.12974948 0.04127498 -1.56356955
v -0.12740575 0.04138972 -1.56303513
v -0.12519792 0.04143562 -1.56200171
v -0.12324005 0.04143206 -1.56070328
v -0.12159076 0.04135642 -1.55913627
v -0.12026388 0.04123468 -1.55705202
v -0.11933614 0.04102956 -1.55469179
v -0.11891674 0.04080999 -1.55253243
v -0.14030778 0.04137088 -1.55893290
v -0.13872653 0.04201506 -1.56050718
v -0.13678430 0.04262464 -1.56187034
v -0.13460314 0.04310479 -1.56277180
v -0.13227725 0.04347442 -1.56320202
v -0.12992373 0.04368827 -1.56315351
v -0.12757283 0.04374257 -1.56262350
v -0.12534888 0.04365248 -1.56160021
v -0.12336416 0.04342228 -1.56031883
v -0.12167905 0.04304444 -1.55877447
v -0.12033938 0.04255630 -1.55671477
v -0.11941519 0.04195502 -1.55462527
v -0.11892034 0.04126659 -1.55225718
v -0.14041835 0.04263918 -1.55835032
v -0.13890669 0.04361201 -1.55989718
v -0.13694477 0.04448176 -1.56099987
v -0.13478871 0.04517344 -1.56188548
v -0.13247712 0.04566395 -1.56230676
v -0.13013078 0.04593824 -1.56225359
v -0.12777272 0.04593210 -1.56172824
v -0.12558636 0.04573294 -1.56095421
v -0.12357655 0.04529120 -1.55968857
v -0.12182902 0.04464515 -1.55816698
v -0.12046809 0.04380995 -1.55637717
v -0.11949734 0.04281581 -1.55431700
v -0.11897407 0.04171988 -1.55222332
v -0.14054477 0.04378284 -1.55777431
v -0.13907740 0.04503853 -1.55905342
v -0.13715619 0.04616091 -1.55989051
v -0.13502520 0.04706413 -1.56076038
v -0.13273281 0.04762597 -1.56092966
v -0.13035987 0.04793424 -1.56087685
v -0.12800181 0.04792810 -1.56035137
v -0.12576735 0.04758160 -1.55959117
v -0.12375778 0.04697412 -1.55858183
v -0.12200820 0.04605233 -1.55707812
v -0.12060299 0.04493427 -1.55555606
v -0.11958079 0.04359683 -1.55376816
v -0.11903089 0.04210851 -1.55194759
v -0.14070041 0.04473296 -1.55671680
v -0.13924354 0.04624505 -1.55773294
v -0.13737760 0.04757521 -1.55855167
v -0.13527298 0.04861019 -1.55916512
v -0.13299851 0.04932312 -1.55932307
v -0.13062558 0.04963139 -1.55927014
v -0.12826392 0.04959504 -1.55874705
v -0.12604043 0.04917345 -1.55823636
v -0.12397919 0.04838842 -1.55724299
v -0.12219607 0.04727443 -1.55600023
v -0.12074658 0.04587350 -1.55474591
v -0.11971030 0.04424945 -1.55322337
v -0.11908234 0.04245181 -1.55167532
v -0.14086117 0.04546778 -1.55567265
v -0.13944143 0.04720229 -1.55642557
v -0.13760543 0.04869443 -1.55698562
v -0.13552718 0.04986117 -1.55734253
v -0.13325988 0.05063454 -1.55749595
v -0.13089898 0.05095370 -1.55719566
v -0.12855548 0.05090269 -1.55691743
v -0.12629105 0.05039421 -1.55641592
v -0.12421548 0.04948830 -1.55543172
v -0.12239395 0.04823167 -1.55469275
v -0.12088919 0.04662297 -1.55345690
v -0.11980374 0.04476561 -1.55244493
v -0.11913151 0.04268511 -1.55116463
v -0.14100531 0.04597172 -1.55439913
v -0.13964212 0.04783424 -1.55489302
v -0.13786271 0.04945437 -1.55519414
v -0.13580367 0.05069244 -1.55529916
v -0.13352180 0.05151068 -1.55520535
v -0.13118622 0.05187562 -1.55514550
v -0.12881741 0.05177882 -1.55462694
v -0.12656754 0.05122548 -1.55437255
v -0.12443899 0.05022179 -1.55364501
v -0.12259465 0.04886361 -1.55316043
v -0.12108167 0.04710850 -1.55242586
v -0.11990589 0.04509669 -1.55167758
v -0.11919523 0.04287355 -1.55090117
v -0.14118119 0.04622638 -1.55313885
v -0.13984567 0.04814088 -1.55313563
v -0.13808188 0.04980212 -1.55318701
v -0.13603845 0.05108129 -1.55304229
v -0.13382056 0.05192222 -1.55294132
v -0.13146684 0.05230181 -1.55263650
v -0.12908597 0.05219413 -1.55236530
v -0.12680592 0.05164455 -1.55211353
v -0.12468346 0.05061533 -1.55187833
v -0.12279820 0.04917026 -1.55140293
v -0.12120563 0.04735136 -1.55092525
v -0.12002878 0.04525357 -1.55067396
v -0.11925668 0.04295199 -1.55039942
v -0.14132482 0.04620907 -1.55189872
v -0.14000982 0.04811512 -1.55140293
v -0.13828468 0.04975326 -1.55120671
v -0.13628349 0.05103954 -1.55081213
v -0.13406560 0.05188047 -1.55071115
v -0.13171186 0.05226006 -1.55040634
v -0.12936118 0.05214862 -1.55013275
v -0.12704736 0.05157258 -1.54988563
v -0.12491645 0.05056269 -1.54989552
v -0.12295876 0.04911427 -1.54967248
v -0.12134926 0.04733404 -1.54968524
v -0.12009998 0.04523290 -1.54968619
v -0.11927719 0.04294354 -1.54990673
v -0.14144468 0.04590044 -1.55043387
v -0.14021309 0.04773476 -1.54993522
v -0.13847467 0.04933799 -1.54925108
v -0.13647480 0.05054450 -1.54861593
v -0.13426536 0.05136609 -1.54826975
v -0.13194183 0.05174192 -1.54796243
v -0.12956096 0.05163424 -1.54769135
v -0.12724225 0.05110776 -1.54768705
v -0.12510645 0.05014743 -1.54794002
v -0.12311370 0.04875232 -1.54796231
v -0.12149084 0.04704099 -1.54846311
v -0.12020162 0.04504272 -1.54895234
v -0.11934733 0.04283690 -1.54941607
v -0.14155760 0.04536563 -1.54922986
v -0.14032862 0.04704039 -1.54824984
v -0.13864473 0.04849588 -1.54732466
v -0.13666788 0.04963819 -1.54669142
v -0.13446331 0.05041023 -1.54610240
v -0.13213620 0.05075584 -1.54579735
v -0.12975892 0.05067837 -1.54552400
v -0.12743533 0.05020145 -1.54576266
v -0.12524632 0.04930909 -1.54601598
v -0.12328114 0.04806976 -1.54651713
v -0.12160378 0.04650617 -1.54725897
v -0.12026361 0.04468587 -1.54798710
v -0.11937653 0.04264336 -1.54893446
v -0.14164189 0.04458906 -1.54804385
v -0.14043006 0.04605941 -1.54682970
v -0.13876691 0.04734070 -1.54566824
v -0.13678420 0.04834279 -1.54479897
v -0.13463286 0.04904686 -1.54420948
v -0.13228041 0.04934668 -1.54366398
v -0.12989827 0.04931877 -1.54363346
v -0.12758183 0.04890229 -1.54386759
v -0.12536851 0.04815390 -1.54435956
v -0.12338258 0.04708878 -1.54509711
v -0.12168805 0.04572961 -1.54607296
v -0.12032226 0.04413306 -1.54728031
v -0.11942030 0.04240496 -1.54870021
v -0.14168905 0.04359007 -1.54712105
v -0.14048722 0.04479556 -1.54567742
v -0.13884124 0.04587243 -1.54428184
v -0.13688284 0.04673055 -1.54317391
v -0.13469544 0.04729817 -1.54235077
v -0.13239135 0.04757958 -1.54204774
v -0.13001278 0.04758189 -1.54201508
v -0.12764671 0.04726359 -1.54224741
v -0.12544282 0.04668564 -1.54297316
v -0.12343974 0.04582493 -1.54394472
v -0.12173522 0.04473062 -1.54515028
v -0.12036659 0.04345937 -1.54658258
v -0.11942981 0.04204522 -1.54823112
v -0.14170626 0.04242910 -1.54645705
v -0.14054102 0.04333575 -1.54478359
v -0.13887486 0.04415153 -1.54316092
v -0.13692516 0.04482456 -1.54206419
v -0.13473190 0.04525197 -1.54100490
v -0.13242780 0.04553337 -1.54070187
v -0.13005280 0.04556591 -1.54066682
v -0.12770107 0.04536849 -1.54089022
v -0.12547643 0.04496473 -1.54185224
v -0.12347183 0.04434955 -1.54280829
v -0.12173428 0.04358429 -1.54424119
v -0.12038812 0.04268413 -1.54613912
v -0.11942369 0.04164438 -1.54801178
v -0.11893205 0.04054861 -1.55009139
v -0.14170912 0.04114725 -1.54580212
v -0.14051655 0.04173237 -1.54390609
v -0.13884833 0.04227241 -1.54230130
v -0.13690862 0.04268058 -1.54097486
v -0.13472635 0.04303290 -1.54016519
v -0.13239336 0.04323830 -1.53962398
v -0.13002196 0.04330105 -1.53958666
v -0.12767608 0.04324385 -1.54004610
v -0.12547651 0.04305163 -1.54099238
v -0.12346549 0.04273152 -1.54217565
v -0.12172869 0.04232178 -1.54383135
v -0.12036514 0.04179179 -1.54570711
v -0.11941220 0.04119820 -1.54779577
v -0.14168075 0.03978320 -1.54564643
v -0.14047895 0.04003214 -1.54377294
v -0.13881357 0.04024688 -1.54194307
v -0.13685238 0.04047374 -1.54063022
v -0.13466066 0.04065562 -1.53958654
v -0.13234223 0.04081615 -1.53929257
v -0.12997799 0.04093934 -1.53925073
v -0.12761983 0.04103700 -1.53970134
v -0.12541515 0.04106009 -1.54063427
v -0.12340797 0.04103083 -1.54179859
v -0.12168216 0.04097238 -1.54343081
v -0.12035850 0.04086968 -1.54552126
v -0.11941885 0.04073738 -1.54782474
v -0.14159021 0.03841157 -1.54549694
v -0.14037383 0.03827899 -1.54364908
v -0.13870460 0.03820289 -1.54183817
v -0.13674673 0.03819933 -1.54053986
v -0.13456061 0.03826080 -1.53974915
v -0.13221689 0.03837554 -1.53921473
v -0.12982783 0.03854782 -1.53917193
v -0.12751418 0.03876260 -1.53961110
v -0.12530619 0.03901609 -1.54052949
v -0.12332635 0.03930837 -1.54191637
v -0.12164353 0.03961255 -1.54352152
v -0.12030964 0.03994045 -1.54558516
v -0.11937001 0.04023453 -1.54761577
v -0.14151111 0.03705973 -1.54583633
v -0.14025533 0.03659474 -1.54401338
v -0.13855030 0.03621644 -1.54222512
v -0.13656557 0.03598624 -1.54094374
v -0.13439354 0.03590795 -1.54016066
v -0.13204443 0.03597736 -1.53962970
v -0.12965894 0.03617987 -1.53958464
v -0.12736322 0.03654573 -1.54001248
v -0.12518208 0.03702588 -1.54091394
v -0.12318614 0.03760854 -1.54203796
v -0.12156803 0.03829093 -1.54385877
v -0.12023058 0.03901499 -1.54565167
v -0.11936640 0.03977793 -1.54789102
v -0.14138061 0.03579097 -1.54617500
v -0.14010537 0.03499403 -1.54462087
v -0.13838804 0.03434421 -1.54309678
v -0.13637823 0.03390247 -1.54183114
v -0.13417014 0.03368774 -1.54081440
v -0.13183738 0.03372739 -1.54052949
v -0.12945727 0.03397522 -1.54048109
v -0.12717587 0.03446197 -1.54089987
v -0.12499808 0.03513808 -1.54154289
v -0.12303618 0.03600783 -1.54264545
v -0.12140734 0.03702594 -1.54419994
v -0.12014844 0.03815420 -1.54595983
v -0.11931447 0.03933975 -1.54792380
v -0.14124572 0.03466665 -1.54699624
v -0.13993466 0.03356751 -1.54546463
v -0.13820860 0.03267640 -1.54420245
v -0.13614532 0.03204200 -1.54295397
v -0.13394284 0.03170685 -1.54219007
v -0.13158476 0.03170071 -1.54166472
v -0.12921004 0.03199387 -1.54161298
v -0.12694296 0.03260150 -1.54202271
v -0.12478846 0.03347404 -1.54265094
v -0.12288719 0.03459689 -1.54373193
v -0.12130442 0.03591296 -1.54501748
v -0.12006678 0.03738829 -1.54650760
v -0.11925764 0.03895112 -1.54819942
v -0.14112027 0.03371276 -1.54805136
v -0.13974679 0.03234542 -1.54654241
v -0.13798539 0.03124700 -1.54554236
v -0.13592416 0.03046196 -1.54454911
v -0.13368073 0.03003992 -1.54379439
v -0.13133901 0.03000402 -1.54351521
v -0.12894793 0.03032694 -1.54321730
v -0.12669161 0.03102522 -1.54362023
v -0.12456525 0.03204463 -1.54399097
v -0.12269931 0.03337479 -1.54480970
v -0.12112885 0.03496238 -1.54583120
v -0.11996567 0.03671680 -1.54705107
v -0.11920620 0.03860782 -1.54847169
v -0.14095773 0.03296284 -1.54909658
v -0.13954224 0.03142262 -1.54809391
v -0.13772917 0.03014665 -1.54710984
v -0.13567352 0.02924120 -1.54636943
v -0.13341090 0.02874783 -1.54586673
v -0.13104388 0.02866614 -1.54534698
v -0.12870829 0.02903109 -1.54528713
v -0.12644099 0.02980446 -1.54544067
v -0.12433075 0.03095986 -1.54580116
v -0.12249476 0.03245199 -1.54636121
v -0.12096810 0.03422756 -1.54687536
v -0.11984383 0.03621951 -1.54783082
v -0.11915524 0.03835941 -1.54898357
v -0.14078340 0.03246265 -1.55037260
v -0.13937172 0.03078692 -1.54962385
v -0.13750386 0.02939805 -1.54889762
v -0.13539705 0.02840994 -1.54841280
v -0.13312724 0.02785613 -1.54791462
v -0.13078016 0.02777490 -1.54763865
v -0.12839445 0.02814315 -1.54733753
v -0.12616450 0.02897320 -1.54748392
v -0.12410546 0.03021126 -1.54758894
v -0.12229405 0.03182005 -1.54789364
v -0.12082395 0.03372362 -1.54814887
v -0.11976162 0.03588889 -1.54884207
v -0.11909152 0.03817097 -1.54924703
v -0.14063950 0.03221934 -1.55162930
v -0.13914645 0.03046470 -1.55113864
v -0.13728291 0.02903520 -1.55090594
v -0.13514052 0.02800551 -1.55042696
v -0.13285689 0.02742571 -1.55017734
v -0.13047782 0.02733314 -1.54990506
v -0.12814581 0.02772830 -1.54984283
v -0.12590618 0.02855366 -1.54949927
v -0.12386277 0.02983283 -1.54935455
v -0.12209897 0.03149407 -1.54940593
v -0.12068006 0.03348030 -1.54940557
v -0.11964719 0.03571267 -1.54960060
v -0.11906026 0.03808877 -1.54974627
v -0.14275703 -0.02360122 -1.55845976
v -0.14224356 -0.02518079 -1.55836141
v -0.14151749 -0.02665422 -1.55852091
v -0.14055322 -0.02790158 -1.55844164
v -0.14272197 -0.02354790 -1.55870509
v -0.14219157 -0.02508879 -1.55909705
v -0.14141226 -0.02649426 -1.55925703
v -0.14043465 -0.02767273 -1.55966592
v -0.14263010 -0.02345683 -1.55895317
v -0.14213577 -0.02486128 -1.55957878
v -0.14128631 -0.02616011 -1.56022954
v -0.14025548 -0.02727060 -1.56063879
v -0.14260936 -0.02328264 -1.55918944
v -0.14203030 -0.02453557 -1.56005871
v -0.14122050 -0.02566773 -1.56094074
v -0.14016175 -0.02666447 -1.56159091
v -0.14259577 -0.02304800 -1.55942130
v -0.14199957 -0.02409652 -1.56052458
v -0.14110863 -0.02504695 -1.56164789
v -0.14001101 -0.02585484 -1.56228936
v -0.14258577 -0.02278314 -1.55965090
v -0.14191920 -0.02355927 -1.56098866
v -0.14105332 -0.02429817 -1.56209612
v -0.13993496 -0.02493186 -1.56297398
v -0.14251897 -0.02248054 -1.55988312
v -0.14188462 -0.02298469 -1.56120050
v -0.14100876 -0.02345873 -1.56253767
v -0.13985509 -0.02387336 -1.56340456
v -0.14255479 -0.02217834 -1.55986047
v -0.14185545 -0.02236478 -1.56140900
v -0.14094964 -0.02257442 -1.56273186
v -0.13984635 -0.02273173 -1.56382334
v -0.14253023 -0.02186862 -1.55984282
v -0.14186670 -0.02175286 -1.56136870
v -0.14093456 -0.02166789 -1.56267500
v -0.13979775 -0.02159102 -1.56375456
v -0.14250746 -0.02154378 -1.55982399
v -0.14187975 -0.02112583 -1.56132734
v -0.14092125 -0.02074625 -1.56261706
v -0.13978779 -0.02047341 -1.56343818
v -0.14252156 -0.02125716 -1.55955875
v -0.14186749 -0.02054459 -1.56104553
v -0.14091772 -0.01992371 -1.56207335
v -0.13983464 -0.01939354 -1.56311893
v -0.14255559 -0.02097007 -1.55953729
v -0.14191024 -0.02001621 -1.56076217
v -0.14099091 -0.01913847 -1.56177080
v -0.13990939 -0.01842744 -1.56255901
v -0.14256251 -0.02074389 -1.55927646
v -0.14192410 -0.01956384 -1.56024051
v -0.14106849 -0.01849766 -1.56098580
v -0.13994987 -0.01758268 -1.56176424
v -0.14256407 -0.02056303 -1.55901909
v -0.14198759 -0.01920966 -1.55972087
v -0.14113174 -0.01797773 -1.56020975
v -0.14006969 -0.01693476 -1.56072927
v -0.14262062 -0.02043504 -1.55876017
v -0.14210072 -0.01895367 -1.55920291
v -0.14123926 -0.01760132 -1.55943906
v -0.14016801 -0.01646815 -1.55970788
v -0.14267004 -0.02036748 -1.55850577
v -0.14211741 -0.01882659 -1.55845642
v -0.14132708 -0.01739112 -1.55868077
v -0.14030164 -0.01622061 -1.55869746
v -0.14269233 -0.02036082 -1.55801201
v -0.14220366 -0.01879724 -1.55795550
v -0.14143206 -0.01738533 -1.55768836
v -0.14044887 -0.01620770 -1.55745518
v -0.14272740 -0.02041414 -1.55776668
v -0.14231247 -0.01892699 -1.55721712
v -0.14153907 -0.01753018 -1.55695105
v -0.14059274 -0.01639076 -1.55647147
v -0.14275531 -0.02052790 -1.55752575
v -0.14237007 -0.01913939 -1.55673420
v -0.14166324 -0.01787945 -1.55597973
v -0.14068802 -0.01681604 -1.55526185
v -0.14283644 -0.02070963 -1.55728447
v -0.14241335 -0.01947268 -1.55626035
v -0.14173084 -0.01835672 -1.55526733
v -0.14084032 -0.01744482 -1.55430603
v -0.14285180 -0.02092915 -1.55705154
v -0.14250448 -0.01991927 -1.55578959
v -0.14184092 -0.01899261 -1.55456138
v -0.14093250 -0.01823181 -1.55361128
v -0.14286181 -0.02119401 -1.55682194
v -0.14252627 -0.02043387 -1.55532932
v -0.14189622 -0.01974139 -1.55411303
v -0.14106713 -0.01917742 -1.55292284
v -0.14286822 -0.02148909 -1.55659461
v -0.14256082 -0.02100845 -1.55511749
v -0.14200115 -0.02058836 -1.55366671
v -0.14114699 -0.02023593 -1.55249238
v -0.14289278 -0.02179881 -1.55661237
v -0.14261174 -0.02161279 -1.55515170
v -0.14199990 -0.02146513 -1.55347741
v -0.14117926 -0.02134688 -1.55231500
v -0.14291734 -0.02210854 -1.55663002
v -0.14263734 -0.02226292 -1.55494547
v -0.14201500 -0.02237167 -1.55353427
v -0.14120615 -0.02250316 -1.55214119
v -0.14287972 -0.02242584 -1.55665374
v -0.14264780 -0.02285927 -1.55522835
v -0.14203009 -0.02327820 -1.55359101
v -0.14121610 -0.02362077 -1.55245757
v -0.14292602 -0.02271999 -1.55691409
v -0.14257796 -0.02344855 -1.55527246
v -0.14203183 -0.02411585 -1.55413592
v -0.14116925 -0.02470063 -1.55277669
v -0.14289200 -0.02300708 -1.55693555
v -0.14255694 -0.02396136 -1.55579853
v -0.14196044 -0.02488598 -1.55443740
v -0.14111623 -0.02565116 -1.55357945
v -0.14288685 -0.02321815 -1.55719519
v -0.14252135 -0.02442930 -1.55607736
v -0.14193964 -0.02556454 -1.55521965
v -0.14099543 -0.02648886 -1.55413532
v -0.14282313 -0.02340659 -1.55745864
v -0.14245787 -0.02478348 -1.55659711
v -0.14181602 -0.02607694 -1.55600059
v -0.14093599 -0.02714431 -1.55516529
v -0.14288828 -0.02197695 -1.55834377
v -0.14282694 -0.02354212 -1.55771267
v -0.14240512 -0.02504700 -1.55711007
v -0.14171028 -0.02643824 -1.55677021
v -0.14083765 -0.02761092 -1.55618668
v -0.14277755 -0.02360968 -1.55796719
v -0.14232805 -0.02516655 -1.55786157
v -0.14162245 -0.02664844 -1.55752850
v -0.14072216 -0.02787311 -1.55744207
v -0.13973862 -0.02908799 -1.55859077
v -0.13831154 -0.03097057 -1.55834794
v -0.13644823 -0.03256582 -1.55837154
v -0.13430430 -0.03377636 -1.55814993
v -0.13199559 -0.03456770 -1.55791616
v -0.12959325 -0.03485670 -1.55765855
v -0.12715405 -0.03468111 -1.55737448
v -0.12483256 -0.03402954 -1.55704927
v -0.12270727 -0.03292416 -1.55692303
v -0.12079512 -0.03140365 -1.55650544
v -0.11922786 -0.02955815 -1.55603611
v -0.11808041 -0.02744005 -1.55575728
v -0.11735768 -0.02509891 -1.55542624
v -0.13955967 -0.02885161 -1.55981994
v -0.13811925 -0.03066530 -1.56006527
v -0.13622087 -0.03220723 -1.56033421
v -0.13403828 -0.03339467 -1.56036019
v -0.13172469 -0.03413645 -1.56036925
v -0.12929216 -0.03442168 -1.56011415
v -0.12688316 -0.03424986 -1.55982757
v -0.12457012 -0.03361763 -1.55925727
v -0.12244973 -0.03256181 -1.55888808
v -0.12060284 -0.03109838 -1.55822265
v -0.11910084 -0.02930996 -1.55750549
v -0.11796674 -0.02726075 -1.55673862
v -0.11728396 -0.02502249 -1.55591929
v -0.13941297 -0.02834325 -1.56102872
v -0.13790599 -0.03002008 -1.56176257
v -0.13597971 -0.03144825 -1.56227231
v -0.13376562 -0.03255215 -1.56254148
v -0.13142543 -0.03325995 -1.56255078
v -0.12899289 -0.03354518 -1.56229568
v -0.12661408 -0.03337713 -1.56200659
v -0.12429388 -0.03280533 -1.56144071
v -0.12221701 -0.03182217 -1.56058109
v -0.12039804 -0.03047250 -1.55967474
v -0.11892036 -0.02882806 -1.55871904
v -0.11787455 -0.02690014 -1.55770636
v -0.11725474 -0.02482896 -1.55640078
v -0.13923095 -0.02761583 -1.56222653
v -0.13770682 -0.02908824 -1.56319451
v -0.13575621 -0.03037243 -1.56394291
v -0.13351780 -0.03133235 -1.56445062
v -0.13115816 -0.03194573 -1.56445563
v -0.12874734 -0.03221539 -1.56444323
v -0.12631303 -0.03208936 -1.56391621
v -0.12404606 -0.03158553 -1.56334996
v -0.12196691 -0.03071236 -1.56225181
v -0.12019887 -0.02954066 -1.56110680
v -0.11877212 -0.02807418 -1.55991220
v -0.11774836 -0.02640023 -1.55842257
v -0.11720251 -0.02457122 -1.55688024
v -0.13911626 -0.02666975 -1.56315875
v -0.13752174 -0.02786978 -1.56436121
v -0.13552378 -0.02894579 -1.56534612
v -0.13332501 -0.02973904 -1.56608522
v -0.13093387 -0.03026887 -1.56633341
v -0.12847473 -0.03052012 -1.56607842
v -0.12611894 -0.03041627 -1.56579149
v -0.12385326 -0.02999222 -1.56498456
v -0.12178281 -0.02930413 -1.56389761
v -0.12003193 -0.02833684 -1.56251848
v -0.11865742 -0.02712810 -1.56084442
v -0.11767026 -0.02575300 -1.55912507
v -0.11713929 -0.02423840 -1.55711019
v -0.13902663 -0.02551213 -1.56407523
v -0.13740039 -0.02646288 -1.56526446
v -0.13536224 -0.02727026 -1.56648135
v -0.13312098 -0.02790489 -1.56721413
v -0.13073573 -0.02829451 -1.56769848
v -0.12828374 -0.02848532 -1.56743896
v -0.12589419 -0.02840792 -1.56715667
v -0.12364925 -0.02815807 -1.56611347
v -0.12162127 -0.02762861 -1.56503284
v -0.11988397 -0.02689596 -1.56342185
v -0.11851230 -0.02601251 -1.56152284
v -0.11758476 -0.02500045 -1.55957580
v -0.11707966 -0.02387535 -1.55733788
v -0.13890788 -0.02426478 -1.56449711
v -0.13730410 -0.02484444 -1.56615186
v -0.13523424 -0.02540254 -1.56735563
v -0.13295767 -0.02581810 -1.56807756
v -0.13055655 -0.02608308 -1.56855524
v -0.12812987 -0.02622810 -1.56853628
v -0.12574163 -0.02623048 -1.56801331
v -0.12348594 -0.02607128 -1.56697679
v -0.12147512 -0.02574624 -1.56566215
v -0.11976238 -0.02532331 -1.56406879
v -0.11844546 -0.02475335 -1.56218505
v -0.11754379 -0.02413080 -1.56001496
v -0.11706097 -0.02342541 -1.55755639
v -0.13886383 -0.02290408 -1.56490505
v -0.13723908 -0.02314380 -1.56653988
v -0.13514465 -0.02339217 -1.56772602
v -0.13288471 -0.02357686 -1.56867719
v -0.13046771 -0.02371719 -1.56914830
v -0.12804462 -0.02383200 -1.56912708
v -0.12565279 -0.02386459 -1.56860650
v -0.12341296 -0.02383004 -1.56757653
v -0.12140368 -0.02375052 -1.56627750
v -0.11969735 -0.02362267 -1.56445694
v -0.11837611 -0.02343845 -1.56235254
v -0.11748825 -0.02321627 -1.56020689
v -0.11704585 -0.02294526 -1.55777264
v -0.13884208 -0.02153673 -1.56481934
v -0.13713777 -0.02141386 -1.56643796
v -0.13510087 -0.02134447 -1.56784427
v -0.13283581 -0.02131385 -1.56878209
v -0.13041501 -0.02131866 -1.56899929
v -0.12796889 -0.02136926 -1.56897593
v -0.12556988 -0.02146230 -1.56845975
v -0.12336408 -0.02156703 -1.56768143
v -0.12133818 -0.02171838 -1.56615305
v -0.11965642 -0.02190026 -1.56435013
v -0.11834411 -0.02206687 -1.56251311
v -0.11747853 -0.02226441 -1.56014669
v -0.11704278 -0.02245421 -1.55774140
v -0.13880040 -0.02016983 -1.56448972
v -0.13713549 -0.01971455 -1.56608355
v -0.13510422 -0.01933920 -1.56746960
v -0.13281411 -0.01909374 -1.56815028
v -0.13039917 -0.01895834 -1.56860352
v -0.12796021 -0.01894850 -1.56857574
v -0.12558782 -0.01907552 -1.56805944
v -0.12336589 -0.01931624 -1.56729126
v -0.12134332 -0.01969800 -1.56577730
v -0.11967945 -0.02015515 -1.56423604
v -0.11836280 -0.02070750 -1.56217849
v -0.11746523 -0.02134276 -1.56008875
v -0.11703613 -0.02199339 -1.55771232
v -0.13887233 -0.01887843 -1.56415474
v -0.13719667 -0.01808743 -1.56548238
v -0.13514753 -0.01743680 -1.56660676
v -0.13290422 -0.01696424 -1.56751430
v -0.13048366 -0.01670842 -1.56771469
v -0.12805009 -0.01665325 -1.56768346
v -0.12564033 -0.01683694 -1.56717420
v -0.12343427 -0.01720231 -1.56641257
v -0.12140835 -0.01778004 -1.56515718
v -0.11968693 -0.01855496 -1.56339574
v -0.11837922 -0.01945813 -1.56160557
v -0.11746886 -0.02045979 -1.55954051
v -0.11703794 -0.02155190 -1.55743825
v -0.13889003 -0.01770884 -1.56334114
v -0.13731059 -0.01662317 -1.56464124
v -0.13524178 -0.01571237 -1.56550503
v -0.13300180 -0.01504384 -1.56615412
v -0.13061550 -0.01466668 -1.56658936
v -0.12816557 -0.01458175 -1.56631196
v -0.12577397 -0.01478010 -1.56604755
v -0.12353006 -0.01529702 -1.56505346
v -0.12150259 -0.01605561 -1.56405544
v -0.11980085 -0.01709069 -1.56255460
v -0.11844706 -0.01829183 -1.56103337
v -0.11754384 -0.01965943 -1.55923676
v -0.11706636 -0.02114440 -1.55716395
v -0.13898888 -0.01672097 -1.56228638
v -0.13739154 -0.01536002 -1.56332469
v -0.13540997 -0.01423011 -1.56416667
v -0.13313778 -0.01340718 -1.56456304
v -0.13074410 -0.01292471 -1.56474650
v -0.12831768 -0.01280910 -1.56471074
v -0.12593096 -0.01305700 -1.56420338
v -0.12366604 -0.01366036 -1.56346238
v -0.12164727 -0.01460402 -1.56247544
v -0.11993372 -0.01581574 -1.56147838
v -0.11854411 -0.01731908 -1.55997968
v -0.11759482 -0.01898465 -1.55845189
v -0.11711781 -0.02080110 -1.55689168
v -0.13912660 -0.01592195 -1.56124008
v -0.13759300 -0.01437256 -1.56201506
v -0.13558277 -0.01305803 -1.56260204
v -0.13333698 -0.01210334 -1.56274199
v -0.13098422 -0.01153397 -1.56291616
v -0.12853965 -0.01140372 -1.56263542
v -0.12614089 -0.01166250 -1.56237555
v -0.12386523 -0.01235652 -1.56164122
v -0.12182188 -0.01341683 -1.56090975
v -0.12005307 -0.01483632 -1.55993092
v -0.11868184 -0.01652005 -1.55893350
v -0.11769005 -0.01845337 -1.55767238
v -0.11716209 -0.02051824 -1.55662382
v -0.13927612 -0.01537267 -1.55996323
v -0.13774228 -0.01365754 -1.56048191
v -0.13576511 -0.01224569 -1.56056833
v -0.13356203 -0.01118900 -1.56069791
v -0.13119471 -0.01057477 -1.56062484
v -0.12880565 -0.01040248 -1.56058216
v -0.12638158 -0.01070706 -1.56008184
v -0.12409029 -0.01144218 -1.55959725
v -0.12202594 -0.01258892 -1.55911875
v -0.12023254 -0.01412507 -1.55839527
v -0.11879938 -0.01598212 -1.55766010
v -0.11776738 -0.01807320 -1.55690408
v -0.11720768 -0.02031516 -1.55611539
v -0.13945737 -0.01507268 -1.55869949
v -0.13795300 -0.01329046 -1.55871987
v -0.13599503 -0.01180728 -1.55855441
v -0.13380757 -0.01070949 -1.55843425
v -0.13147582 -0.01005369 -1.55835533
v -0.12906682 -0.00988187 -1.55806875
v -0.12666269 -0.01018598 -1.55781233
v -0.12435757 -0.01094709 -1.55757630
v -0.12225585 -0.01215052 -1.55710483
v -0.12041306 -0.01375422 -1.55663574
v -0.11895043 -0.01567837 -1.55639887
v -0.11786545 -0.01786722 -1.55589950
v -0.11724072 -0.02021784 -1.55561495
v -0.13958645 -0.01504513 -1.55721223
v -0.13812430 -0.01325579 -1.55698276
v -0.13624056 -0.01175415 -1.55656385
v -0.13409355 -0.01066434 -1.55619490
v -0.13177204 -0.01001277 -1.55586970
v -0.12933287 -0.00983719 -1.55558562
v -0.12692872 -0.01014130 -1.55532908
v -0.12464353 -0.01090195 -1.55533695
v -0.12249959 -0.01211249 -1.55511522
v -0.12061456 -0.01372331 -1.55489612
v -0.11910970 -0.01565458 -1.55490911
v -0.11797044 -0.01786143 -1.55490708
v -0.11732340 -0.02021872 -1.55511630
v -0.13976538 -0.01528151 -1.55598307
v -0.13831660 -0.01356106 -1.55526543
v -0.13649811 -0.01211650 -1.55459869
v -0.13437949 -0.01104557 -1.55422843
v -0.13206467 -0.01042845 -1.55365920
v -0.12965566 -0.01025663 -1.55337262
v -0.12722313 -0.01054186 -1.55311751
v -0.12490775 -0.01129875 -1.55312777
v -0.12275714 -0.01247485 -1.55315018
v -0.12085876 -0.01401677 -1.55341911
v -0.11928864 -0.01589096 -1.55367994
v -0.11810763 -0.01801005 -1.55416739
v -0.11736514 -0.02030648 -1.55462682
v -0.13991387 -0.01577476 -1.55477309
v -0.13855159 -0.01419070 -1.55381083
v -0.13673261 -0.01284103 -1.55290461
v -0.13462377 -0.01186921 -1.55204856
v -0.13233376 -0.01130118 -1.55148029
v -0.12993321 -0.01114870 -1.55094850
v -0.12752241 -0.01141836 -1.55093598
v -0.12515202 -0.01212239 -1.55094790
v -0.12296991 -0.01321495 -1.55121338
v -0.12104183 -0.01465823 -1.55172431
v -0.11943713 -0.01638421 -1.55247009
v -0.11820161 -0.01835555 -1.55319846
v -0.11742634 -0.02048867 -1.55414176
v -0.14009230 -0.01653240 -1.55357742
v -0.13875076 -0.01512254 -1.55237889
v -0.13693079 -0.01396264 -1.55099356
v -0.13487157 -0.01308901 -1.55013931
v -0.13258287 -0.01260076 -1.54933035
v -0.13020048 -0.01246292 -1.54904366
v -0.12776974 -0.01273305 -1.54878736
v -0.12539984 -0.01334219 -1.54903865
v -0.12322181 -0.01430964 -1.54954147
v -0.12124101 -0.01559007 -1.55029225
v -0.11958716 -0.01712298 -1.55127573
v -0.11832780 -0.01885546 -1.55248237
v -0.11747010 -0.02072707 -1.55390739
v -0.14020699 -0.01747848 -1.55264521
v -0.13891590 -0.01634147 -1.55096841
v -0.13713482 -0.01537042 -1.54959166
v -0.13509636 -0.01467098 -1.54850113
v -0.13282889 -0.01426204 -1.54769540
v -0.13044959 -0.01418887 -1.54716682
v -0.12801576 -0.01439433 -1.54715228
v -0.12562463 -0.01492416 -1.54740047
v -0.12342405 -0.01573252 -1.54814076
v -0.12142788 -0.01679342 -1.54912448
v -0.11973205 -0.01807282 -1.55034113
v -0.11840411 -0.01951781 -1.55178094
v -0.11751159 -0.02107547 -1.55343485
v -0.14029843 -0.01862098 -1.55172777
v -0.13903546 -0.01776348 -1.55006623
v -0.13732657 -0.01704970 -1.54845393
v -0.13529858 -0.01652024 -1.54737329
v -0.13302524 -0.01625151 -1.54633141
v -0.13064414 -0.01619345 -1.54580402
v -0.12821390 -0.01636869 -1.54578733
v -0.12582684 -0.01677342 -1.54627275
v -0.12358559 -0.01740805 -1.54700541
v -0.12155770 -0.01821966 -1.54797614
v -0.11982526 -0.01920021 -1.54942250
v -0.11848781 -0.02028546 -1.55133140
v -0.11756764 -0.02146873 -1.55320930
v -0.11709365 -0.02267403 -1.55529428
v -0.14041539 -0.01988344 -1.55130696
v -0.13915527 -0.01935124 -1.54942048
v -0.13747451 -0.01891696 -1.54782355
v -0.13544017 -0.01862260 -1.54626727
v -0.13320622 -0.01844783 -1.54547358
v -0.13081795 -0.01845021 -1.54495060
v -0.12836288 -0.01857636 -1.54493296
v -0.12599015 -0.01886021 -1.54540932
v -0.12371360 -0.01927577 -1.54613113
v -0.12167570 -0.01982252 -1.54733133
v -0.11991382 -0.02044380 -1.54900301
v -0.11856077 -0.02114377 -1.55088866
v -0.11758992 -0.02188845 -1.55298853
v -0.14045943 -0.02124414 -1.55089903
v -0.13922028 -0.02105188 -1.54903245
v -0.13754416 -0.02092779 -1.54720926
v -0.13553667 -0.02083316 -1.54590917
v -0.13329504 -0.02081372 -1.54488039
v -0.13090321 -0.02084631 -1.54435968
v -0.12848191 -0.02094601 -1.54433727
v -0.12606493 -0.02108634 -1.54480839
v -0.12380497 -0.02127103 -1.54575968
v -0.12174252 -0.02150806 -1.54694223
v -0.11998139 -0.02177382 -1.54883659
v -0.11858612 -0.02205453 -1.55069911
v -0.11762676 -0.02235304 -1.55301511
v -0.14048117 -0.02261150 -1.55098474
v -0.13929987 -0.02279739 -1.54889154
v -0.13760965 -0.02295993 -1.54733384
v -0.13561395 -0.02311504 -1.54580295
v -0.13335621 -0.02323159 -1.54478431
v -0.13097894 -0.02330905 -1.54451096
v -0.12851468 -0.02334500 -1.54424262
v -0.12611201 -0.02336446 -1.54470468
v -0.12384695 -0.02333384 -1.54564261
v -0.12177987 -0.02326069 -1.54705131
v -0.12001339 -0.02314540 -1.54867601
v -0.11862603 -0.02301016 -1.55075693
v -0.11762983 -0.02284408 -1.55304635
v -0.14052466 -0.02396328 -1.55131328
v -0.13924177 -0.02448917 -1.54925096
v -0.13757610 -0.02496143 -1.54771090
v -0.13555175 -0.02535830 -1.54619813
v -0.13336179 -0.02558769 -1.54542625
v -0.13095921 -0.02571094 -1.54491246
v -0.12851667 -0.02573132 -1.54488683
v -0.12611377 -0.02558503 -1.54509270
v -0.12384360 -0.02533911 -1.54601717
v -0.12178215 -0.02496000 -1.54740572
v -0.12002846 -0.02447831 -1.54900587
v -0.11860914 -0.02392804 -1.55081725
v -0.11763649 -0.02330490 -1.55307531
v -0.14045274 -0.02525468 -1.55164814
v -0.13920897 -0.02613516 -1.54985082
v -0.13751107 -0.02687940 -1.54833102
v -0.13554376 -0.02747976 -1.54707181
v -0.13330570 -0.02785648 -1.54631376
v -0.13089955 -0.02800995 -1.54580224
v -0.12846416 -0.02796989 -1.54577208
v -0.12604541 -0.02769896 -1.54597139
v -0.12380030 -0.02724151 -1.54688001
v -0.12175294 -0.02657577 -1.54800332
v -0.11995655 -0.02576971 -1.54934072
v -0.11858379 -0.02482658 -1.55112290
v -0.11761294 -0.02376196 -1.55310678
v -0.14037463 -0.02641675 -1.55246663
v -0.13917717 -0.02759138 -1.55092967
v -0.13744703 -0.02860760 -1.54943025
v -0.13541956 -0.02936618 -1.54843223
v -0.13317564 -0.02988311 -1.54743814
v -0.13076231 -0.03009702 -1.54693103
v -0.12833411 -0.02999652 -1.54689646
v -0.12594782 -0.02961935 -1.54733157
v -0.12370607 -0.02896594 -1.54798174
v -0.12163903 -0.02804003 -1.54884446
v -0.11991222 -0.02690532 -1.55015457
v -0.11853053 -0.02561137 -1.55166924
v -0.11758453 -0.02416946 -1.55338109
v -0.14033617 -0.02741215 -1.55351663
v -0.13904609 -0.02885123 -1.55200481
v -0.13730901 -0.03009363 -1.55076623
v -0.13526006 -0.03103352 -1.54978180
v -0.13301867 -0.03160620 -1.54928231
v -0.13063195 -0.03185410 -1.54877496
v -0.12818201 -0.03176917 -1.54849768
v -0.12581006 -0.03127113 -1.54892373
v -0.12353787 -0.03044820 -1.54932022
v -0.12152609 -0.02931452 -1.55016458
v -0.11981338 -0.02789319 -1.55120945
v -0.11847956 -0.02628616 -1.55245411
v -0.11755481 -0.02449719 -1.55389607
v -0.14019844 -0.02821117 -1.55456281
v -0.13886279 -0.02985333 -1.55355954
v -0.13712594 -0.03126148 -1.55257714
v -0.13508439 -0.03230668 -1.55184436
v -0.13280693 -0.03301581 -1.55111122
v -0.13040817 -0.03327459 -1.55085135
v -0.12796539 -0.03312923 -1.55056953
v -0.12561265 -0.03255986 -1.55074370
v -0.12336683 -0.03160517 -1.55088365
v -0.12138502 -0.03030951 -1.55146933
v -0.11970584 -0.02869598 -1.55225325
v -0.11841629 -0.02680609 -1.55323005
v -0.11751052 -0.02478005 -1.55416381
v -0.14004713 -0.02877555 -1.55584085
v -0.13871528 -0.03055324 -1.55509162
v -0.13692188 -0.03208939 -1.55436814
v -0.13482735 -0.03323237 -1.55389202
v -0.13256803 -0.03395614 -1.55340385
v -0.13014397 -0.03426072 -1.55290353
v -0.12772292 -0.03409978 -1.55286443
v -0.12538579 -0.03348931 -1.55278897
v -0.12318450 -0.03241751 -1.55291724
v -0.12120733 -0.03100566 -1.55300379
v -0.11955811 -0.02923014 -1.55352890
v -0.11830699 -0.02719761 -1.55400193
v -0.11746494 -0.02498313 -1.55467224
v -0.13986768 -0.02906043 -1.55710340
v -0.13850458 -0.03092033 -1.55685353
v -0.13666178 -0.03252403 -1.55638456
v -0.13456008 -0.03372745 -1.55591297
v -0.13228515 -0.03449233 -1.55567455
v -0.12988278 -0.03478133 -1.55541682
v -0.12747380 -0.03460951 -1.55513024
v -0.12511852 -0.03398440 -1.55480981
v -0.12293286 -0.03287149 -1.55468857
v -0.12102681 -0.03137651 -1.55476332
v -0.11940885 -0.02951879 -1.55478907
v -0.11821070 -0.02738847 -1.55500543
v -0.11743368 -0.02506534 -1.55517161
f 4 2 1
f 8 6 5
f 13 15 14
f 17 19 18
f 32 30 29
f 36 34 33
f 37 39 38
f 21 23 20
f 25 27 24
f 41 43 42
f 48 46 45
f 52 50 49
f 53 55 54
f 60 58 57
f 29 62 61
f 66 64 63
f 67 6 68
f 72 70 69
f 76 74 73
f 77 79 78
f 81 83 82
f 59 86 85
f 88 90 89
f 96 94 93
f 100 98 97
f 101 103 102
f 106 34 87
f 108 115 107
f 117 36 118
f 124 126 125
f 131 129 128
f 132 134 133
f 142 140 139
f 148 60 147
f 144 127 124
f 149 151 150
f 156 154 153
f 159 158 157
f 116 164 105
f 171 169 168
f 174 173 172
f 179 181 180
f 186 188 187
f 194 196 195
f 199 139 198
f 206 208 207
f 213 211 210
f 202 214 201
f 96 216 54
f 92 43 44
f 97 246 100
f 250 229 228
f 252 58 253
f 258 256 255
f 260 229 259
f 110 112 113
f 114 263 109
f 265 267 266
f 56 270 269
f 274 249 250
f 185 63 64
f 280 278 276
f 285 283 157
f 288 211 212
f 141 92 46
f 289 175 176
f 148 105 106
f 312 170 171
f 238 42 43
f 318 160 317
f 310 308 307
f 241 325 324
f 160 240 317
f 47 307 308
f 108 315 164
f 345 86 119
f 348 350 349
f 356 358 357
f 355 353 352
f 363 32 362
f 149 150 176
f 364 253 365
f 366 368 367
f 183 371 63
f 163 161 160
f 209 101 208
f 378 165 166
f 379 381 380
f 383 3 4
f 284 386 385
f 387 389 388
f 391 229 249
f 73 397 396
f 405 407 406
f 203 411 410
f 414 413 412
f 1 357 4
f 277 131 275
f 254 57 58
f 358 415 351
f 417 386 408
f 401 192 420
f 419 127 143
f 421 182 422
f 103 302 409
f 428 368 174
f 380 359 356
f 62 266 323
f 140 431 430
f 357 351 348
f 356 379 380
f 415 403 434
f 437 436 435
f 438 440 439
f 188 450 449
f 452 454 453
f 265 181 421
f 224 64 225
f 237 213 427
f 275 128 458
f 281 460 459
f 50 79 461
f 73 282 281
f 468 466 465
f 390 352 359
f 482 484 483
f 489 487 486
f 493 495 494
f 472 470 469
f 502 500 499
f 220 222 223
f 512 143 66
f 518 511 80
f 513 230 286
f 205 31 244
f 189 451 188
f 163 532 8
f 533 225 251
f 446 447 412
f 335 540 334
f 544 546 545
f 329 291 292
f 199 262 238
f 385 416 550
f 532 191 247
f 363 118 243
f 236 237 250
f 578 580 579
f 573 571 570
f 561 562 272
f 241 259 240
f 590 592 591
f 545 595 594
f 503 155 504
f 606 624 623
f 478 480 479
f 646 648 647
f 590 689 684
f 564 651 650
f 728 184 727
f 714 716 715
f 692 575 693
f 541 581 578
f 346 248 400
f 161 230 160
f 128 94 95
f 698 704 703
f 574 576 575
f 290 401 328
f 630 725 726
f 733 735 734
f 755 496 493
f 759 481 760
f 757 762 761
f 764 466 467
f 768 9260 9261
f 759 488 489
f 492 475 771
f 474 769 473
f 773 465 772
f 771 486 483
f 484 775 491
f 774 489 486
f 495 764 756
f 495 761 494
f 137 784 136
f 325 797 547
f 165 51 52
f 369 29 370
f 730 568 569
f 90 301 89
f 243 516 242
f 800 806 805
f 817 808 816
f 816 823 822
f 306 447 807
f 815 809 808
f 829 828 825
f 726 501 502
f 274 424 423
f 879 881 880
f 884 879 885
f 219 217 211
f 906 904 897
f 455 205 542
f 898 830 829
f 903 880 881
f 906 897 898
f 377 519 165
f 923 948 946
f 946 951 950
f 8963 739 8961
f 900 886 880
f 225 65 144
f 182 442 422
f 809 947 824
f 954 962 961
f 927 965 966
f 885 880 886
f 925 966 967
f 343 341 340
f 965 971 968
f 968 970 969
f 972 969 973
f 963 981 978
f 336 338 339
f 992 827 828
f 810 996 959
f 1007 1002 1008
f 1012 827 1009
f 1011 1007 1008
f 294 292 291
f 907 920 919
f 1017 1019 1018
f 1020 1022 1021
f 1035 1020 1044
f 1061 1047 1046
f 1063 1046 1062
f 1044 1021 1045
f 1102 1097 1109
f 1116 1118 1117
f 1016 1014 1013
f 881 904 903
f 816 1127 817
f 1094 949 1097
f 514 167 515
f 146 81 82
f 1133 1130 1129
f 1102 1126 822
f 822 1116 816
f 1145 1148 1136
f 1076 1151 1069
f 1148 1086 1087
f 1109 1114 1136
f 1154 1156 1155
f 1153 967 1156
f 8815 463 9166
f 1144 1152 1151
f 1156 1163 1162
f 1164 1169 1165
f 1145 1176 1147
f 1114 1154 1171
f 1183 1164 1177
f 1184 1177 1185
f 1069 1062 1064
f 1023 1194 1022
f 1162 1170 1169
f 1195 1185 1191
f 1183 1176 1155
f 1201 1152 1196
f 1061 1201 1202
f 9277 843 9288
f 1203 1195 1034
f 1202 1184 1195
f 1218 1203 1217
f 1060 1202 1203
f 1225 1217 1219
f 671 694 670
f 1219 1024 1035
f 1217 1034 1024
f 1226 1015 1227
f 1243 1234 1233
f 1231 1229 1228
f 847 1233 843
f 843 1244 878
f 1233 1245 1244
f 1923 233 216
f 2100 499 500
f 9366 2135 9352
f 61 323 505
f 210 217 457
f 1299 1309 1300
f 9315 1231 9314
f 1066 1321 1322
f 1322 1228 1229
f 1060 1321 1047
f 1325 1323 1310
f 1244 1332 1330
f 1290 1242 1288
f 1337 1339 1338
f 1330 1340 1339
f 1341 1245 1294
f 1342 1332 1341
f 1343 1341 1344
f 1344 1294 1293
f 9309 1345 1346
f 1347 1342 1343
f 9308 1295 1345
f 1349 1348 1347
f 9313 1347 9305
f 9305 1343 9309
f 906 829 1353
f 905 1353 1354
f 865 1355 1357
f 1355 829 825
f 1357 825 826
f 1356 1353 1355
f 9286 1338 9285
f 866 1356 865
f 1358 1354 1356
f 9280 1337 9286
f 838 1012 841
f 1363 1338 1339
f 1368 1339 1340
f 1348 1340 1342
f 1371 9276 9281
f 524 526 523
f 528 530 527
f 1372 1369 1371
f 535 537 538
f 1367 1348 1350
f 1370 1359 1369
f 1369 9285 9276
f 1373 903 904
f 555 557 558
f 1374 910 1373
f 1373 905 1375
f 1374 1375 1376
f 1375 1354 1370
f 1378 908 1377
f 376 651 1387
f 1388 973 969
f 586 588 585
f 1390 1388 1391
f 1391 969 970
f 597 599 596
f 600 602 603
f 1392 970 979
f 608 610 607
f 612 523 611
f 614 616 613
f 617 25 24
f 620 622 619
f 1397 1391 1392
f 1398 1392 1399
f 1400 920 1378
f 1402 1165 1169
f 636 638 635
f 930 1402 929
f 641 643 644
f 929 1169 1170
f 1404 1403 1402
f 1411 1365 1406
f 1412 1415 1414
f 652 654 655
f 609 657 658
f 659 661 662
f 558 586 585
f 665 667 664
f 1413 1406 1412
f 1418 9262 9265
f 1417 1371 1416
f 1416 9281 9262
f 1419 1416 1418
f 1386 1374 1420
f 677 679 676
f 1385 1420 1421
f 1420 1376 1422
f 685 687 688
f 1421 1422 1423
f 528 691 658
f 1422 1372 1417
f 1018 747 1425
f 699 701 702
f 1424 579 1017
f 9115 1767 9112
f 700 711 712
f 1093 9206 1571
f 717 530 719
f 721 723 720
f 704 8987 8998
f 19 1426 1430
f 1429 1427 1426
f 1658 8986 8988
f 1439 1434 1438
f 1437 1435 1434
f 1426 1433 1432
f 1442 1432 1440
f 742 744 745
f 1432 1441 1440
f 751 753 750
f 1438 1403 1405
f 1446 1444 1443
f 1447 1446 1443
f 9312 1443 9300
f 1415 1445 1446
f 1414 1446 1448
f 2173 469 470
f 777 779 686
f 780 782 783
f 1676 1806 1675
f 9311 1349 9313
f 789 791 788
f 745 793 742
f 652 795 653
f 1455 1457 1456
f 1454 1350 1452
f 610 802 801
f 9283 698 703
f 1352 1045 1351
f 1015 1459 1460
f 811 813 814
f 2118 9269 2117
f 819 821 818
f 1466 1194 1190
f 1467 1465 1466
f 1182 1468 1467
f 832 833 831
f 835 837 834
f 1467 1190 1182
f 1469 1444 1445
f 840 712 690
f 1453 1469 1454
f 599 845 846
f 1226 9301 9307
f 851 853 850
f 855 856 854
f 858 860 857
f 861 863 864
f 1014 9307 9310
f 867 868 869
f 870 872 873
f 874 876 877
f 1310 1471 1309
f 1476 1427 1475
f 1461 1475 1460
f 887 889 890
f 788 892 891
f 894 896 893
f 1460 1227 1015
f 901 524 612
f 1465 1477 1464
f 1865 8944 1864
f 911 913 914
f 916 918 915
f 1850 8951 1851
f 921 895 894
f 1479 1436 1478
f 926 667 601
f 1481 563 1480
f 269 84 1482
f 931 933 916
f 934 614 869
f 936 688 937
f 938 662 939
f 1484 122 123
f 941 835 834
f 320 509 510
f 1849 8949 1850
f 84 1484 83
f 1487 1488 539
f 1757 8946 8953
f 365 1491 364
f 461 80 511
f 117 362 1496
f 1494 541 1495
f 926 957 958
f 1477 1433 1476
f 1709 1585 1700
f 119 1496 345
f 271 504 156
f 511 189 186
f 345 1492 365
f 255 344 254
f 57 299 132
f 1501 268 1500
f 267 1499 145
f 974 976 977
f 1678 1693 1676
f 9298 1807 9292
f 557 663 558
f 983 984 985
f 1443 9301 9300
f 421 268 265
f 989 991 988
f 1490 418 1504
f 279 309 310
f 997 676 679
f 998 999 875
f 1504 38 1505
f 1506 1507 1486
f 360 1508 1506
f 1506 207 360
f 939 1006 938
f 270 1483 269
f 66 546 512
f 1010 793 935
f 367 437 1509
f 244 363 243
f 1670 8978 1669
f 209 1510 226
f 235 1512 1511
f 1511 234 235
f 388 426 425
f 427 250 237
f 161 521 231
f 100 45 44
f 1025 608 1027
f 1029 1031 1028
f 939 1033 1032
f 41 594 99
f 1036 783 1037
f 702 1038 1039
f 1040 1042 1043
f 362 369 1493
f 187 477 186
f 70 539 198
f 1511 1521 234
f 1049 603 1048
f 613 869 614
f 860 1051 857
f 1005 1053 1006
f 753 1056 1054
f 1057 1059 1055
f 293 1522 292
f 288 1521 1522
f 292 1523 329
f 331 1508 1524
f 306 453 305
f 100 41 99
f 462 78 79
f 330 1524 462
f 635 1068 636
f 1485 1526 1528
f 206 1528 1510
f 1070 1072 831
f 942 1073 1074
f 916 1075 917
f 440 1530 439
f 157 1514 285
f 1529 5 1530
f 371 546 63
f 790 663 791
f 1077 857 1078
f 1403 1435 1165
f 1080 1082 1079
f 531 1529 440
f 21 1084 1085
f 272 1531 561
f 137 396 397
f 690 802 691
f 335 9011 581
f 1090 1029 1091
f 1092 794 1042
f 1533 137 138
f 661 1095 1096
f 69 445 72
f 1099 1101 1098
f 38 1536 1505
f 1104 1106 1103
f 852 1108 853
f 1377 909 1386
f 291 411 294
f 316 516 33
f 539 1533 534
f 1505 316 313
f 1110 1112 1113
f 1539 460 264
f 522 1537 1539
f 834 1120 1119
f 1122 1124 1121
f 612 1041 901
f 935 615 614
f 276 130 131
f 1686 8966 1685
f 193 1541 273
f 231 1540 287
f 556 982 557
f 365 85 345
f 190 318 1541
f 1810 9018 8972
f 9376 8956 9243
f 1132 985 1131
f 208 102 132
f 1134 662 661
f 1491 80 77
f 429 1542 147
f 1137 915 918
f 172 428 174
f 1139 1141 1142
f 549 54 55
f 1517 1518 296
f 976 1146 938
f 834 984 941
f 1543 286 115
f 1544 239 513
f 133 1544 1542
f 506 257 258
f 420 328 401
f 1158 1160 1157
f 587 1103 588
f 1513 1514 151
f 607 1027 608
f 304 1545 303
f 364 77 506
f 69 198 139
f 1006 976 938
f 700 1112 701
f 9329 8969 9239
f 1166 657 656
f 1167 858 1077
f 1300 8968 1299
f 1172 1174 1175
f 218 200 217
f 1179 1181 1178
f 372 97 98
f 89 227 88
f 1186 1188 1189
f 172 1517 1549
f 1482 81 1498
f 1090 1193 1030
f 394 353 1551
f 526 1198 1197
f 811 858 812
f 1199 1026 1025
f 606 697 696
f 1204 1206 743
f 1207 523 526
f 1209 867 613
f 914 685 936
f 1478 1441 1477
f 1029 1161 1091
f 1211 1213 1214
f 9310 1451 9311
f 844 1216 845
f 423 273 274
f 1220 1222 1083
f 22 1224 23
f 882 897 881
f 1519 173 387
f 1189 1232 1178
f 349 550 416
f 1071 1236 1072
f 1237 1239 745
f 1221 1189 1240
f 1510 1512 333
f 939 1241 1005
f 1556 5 67
f 1553 394 1551
f 404 67 347
f 1247 1249 1246
f 142 238 92
f 1251 635 1250
f 850 1253 851
f 1254 1077 1255
f 57 133 429
f 443 552 551
f 1187 1175 1188
f 1256 831 833
f 432 382 383
f 741 747 746
f 434 351 415
f 349 383 348
f 251 1481 1480
f 395 352 353
f 1518 1550 1551
f 1558 378 340
f 109 314 315
f 285 1513 407
f 395 393 392
f 202 410 1558
f 417 405 432
f 1246 1258 1247
f 3 297 2
f 1259 1261 1262
f 403 347 284
f 955 953 952
f 462 51 330
f 1096 687 1263
f 429 60 57
f 896 1265 932
f 1267 1268 1266
f 423 327 420
f 37 180 40
f 20 1187 1186
f 1256 1071 1070
f 155 156 504
f 1188 1269 1232
f 1236 1271 1262
f 1272 535 621
f 565 463 464
f 1273 745 1239
f 876 1255 1274
f 316 164 315
f 437 503 1509
f 194 1495 197
f 1275 864 863
f 624 631 630
f 1277 1137 1278
f 569 567 566
f 1481 125 366
f 324 547 326
f 1279 1107 1280
f 1525 329 1523
f 1281 1137 918
f 171 1553 1552
f 1488 396 1533
f 1557 1562 1559
f 1282 1206 1205
f 1053 1278 1281
f 778 607 1283
f 713 9010 9013
f 251 144 124
f 4 348 383
f 709 707 706
f 728 45 246
f 261 1563 544
f 789 1287 790
f 74 263 282
f 403 385 434
f 1178 1240 1189
f 1223 1289 1224
f 158 150 151
f 1220 1186 1221
f 296 354 433
f 784 1538 1566
f 1181 1291 1222
f 1269 1257 1246
f 1566 438 399
f 136 1566 1564
f 1563 169 1565
f 107 109 108
f 1297 1298 1296
f 1464 1476 1461
f 1520 507 508
f 1301 1303 1304
f 1306 1308 1305
f 175 1532 272
f 1532 200 201
f 1311 1312 1313
f 872 1315 1316
f 1317 1318 1319
f 9288 878 9280
f 1305 864 1276
f 1040 863 1320
f 1564 399 169
f 592 1575 591
f 591 1088 689
f 1581 1583 1582
f 1196 1147 1176
f 710 583 713
f 285 408 386
f 953 961 963
f 1594 1589 1593
f 1585 1587 1586
f 1592 1590 1589
f 9337 944 9351
f 1600 1598 1597
f 1604 1602 1601
f 1399 979 980
f 1589 1596 1595
f 1610 1608 1607
f 298 361 360
f 551 276 277
f 1627 9266 9271
f 859 818 860
f 1078 1328 1329
f 1555 1530 1556
f 572 680 681
f 772 776 774
f 977 918 917
f 404 392 393
f 1054 750 753
f 1644 1643 1642
f 932 1082 933
f 1067 1334 1068
f 1540 264 114
f 597 643 1336
f 471 762 470
f 1642 9283 9294
f 1644 9294 9295
f 923 950 927
f 96 548 95
f 520 522 521
f 445 443 442
f 849 848 842
f 480 755 493
f 1646 481 1639
f 311 1567 170
f 464 8941 8939
f 8941 1361 8939
f 234 236 235
f 190 192 191
f 153 152 149
f 231 286 230
f 1552 1551 1550
f 760 1648 488
f 9284 1649 9282
f 828 826 825
f 52 166 165
f 1663 1661 1660
f 287 115 286
f 668 670 669
f 634 640 639
f 553 559 554
f 118 33 516
f 492 491 490
f 8996 1651 8997
f 582 584 583
f 384 392 415
f 1381 1383 1380
f 1562 435 436
f 952 951 947
f 8973 583 584
f 1660 1667 1666
f 1394 1396 1393
f 1660 1664 1663
f 1671 1669 1668
f 1624 1673 1672
f 1407 1409 1410
f 1677 1675 1674
f 1613 1677 1625
f 1679 1676 1677
f 1626 9263 9266
f 534 198 539
f 176 150 159
f 803 734 800
f 400 191 192
f 65 143 144
f 8970 1656 8984
f 402 157 283
f 629 627 626
f 461 49 50
f 758 495 756
f 796 786 785
f 406 1513 1560
f 342 166 167
f 1694 1658 1695
f 1692 1694 1696
f 9001 1652 8996
f 9373 1703 9375
f 326 302 90
f 9368 1702 1706
f 9371 1698 1701
f 1699 9379 9370
f 1557 1560 1561
f 1127 1117 1128
f 400 289 346
f 1706 1707 1708
f 1707 1599 1600
f 1709 1708 1588
f 1714 1711 1713
f 9371 1709 1700
f 1704 1577 1703
f 1716 1713 1715
f 1559 1549 297
f 1722 1720 1719
f 1335 596 1489
f 410 377 378
f 973 1163 972
f 168 399 398
f 1571 1089 1093
f 1572 682 1571
f 749 647 754
f 1730 1723 1729
f 1594 1729 1592
f 1729 1591 1592
f 1731 1730 1583
f 1384 1377 1379
f 1732 1712 1714
f 1724 1731 1732
f 1712 1731 1580
f 1722 1732 1733
f 1721 1733 1734
f 1734 1716 1717
f 1735 1736 1697
f 1733 1714 1716
f 1663 1741 1668
f 1742 1740 1743
f 1738 1737 1735
f 1665 1666 1740
f 1665 1744 1664
f 1725 1746 1745
f 1591 1745 1590
f 1590 1747 1596
f 1745 1748 1747
f 1659 8982 8986
f 5650 8989 5617
f 1185 1182 1190
f 1664 1749 1741
f 1741 1739 1738
f 1746 1743 1748
f 1726 1742 1746
f 1153 924 925
f 1115 1153 1154
f 1654 9019 1655
f 1896 8993 1686
f 1720 1744 1726
f 1721 1749 1720
f 1750 1701 1698
f 1697 1750 1696
f 1151 1063 1062
f 1751 1670 1671
f 1695 1752 1751
f 961 986 981
f 1770 1768 1767
f 1766 1593 1765
f 1731 1579 1580
f 1579 1774 1578
f 9380 1771 9381
f 1764 9380 9369
f 1777 1775 1774
f 9214 1699 1700
f 1004 1128 1003
f 1774 1771 1772
f 987 1399 980
f 1578 1772 1764
f 1783 1781 1778
f 1597 1770 1767
f 639 9347 9336
f 9380 1769 1770
f 1793 1789 1788
f 9381 1798 1769
f 8952 9225 1806
f 1802 9376 9374
f 1788 1794 1793
f 1793 1795 1776
f 9225 1675 1806
f 1584 1783 1789
f 1771 9372 9381
f 1801 1798 1800
f 1768 1798 1799
f 1775 1797 1771
f 508 515 1520
f 1796 1802 1797
f 1800 9372 9374
f 1794 1804 1795
f 8976 1752 8991
f 485 1807 775
f 9261 1640 768
f 9289 1810 1653
f 485 1640 1808
f 1690 9222 9224
f 487 1648 1811
f 9291 1816 9274
f 9290 1648 9282
f 9291 1811 9290
f 1812 487 1811
f 1641 767 768
f 465 755 776
f 767 9275 9260
f 9274 9278 9299
f 1809 1815 767
f 9289 1651 9292
f 675 8985 8940
f 1814 1822 1821
f 1821 9273 9272
f 1824 1649 1825
f 1827 1850 1805
f 1668 1662 1663
f 1779 1848 1828
f 1790 1805 1794
f 1833 1853 1852
f 8965 693 575
f 1614 1616 1617
f 1852 8942 8945
f 1620 1622 1623
f 1855 1574 1861
f 1847 8945 8957
f 1766 1855 1782
f 1629 1631 1628
f 1633 1634 1632
f 1635 1637 1638
f 1848 1852 1847
f 1855 1863 1862
f 1803 1867 1802
f 1862 1831 1832
f 1782 1862 1781
f 9374 1865 1800
f 1873 1870 1869
f 1874 799 804
f 2045 9349 2044
f 1219 1295 1225
f 1615 1396 1395
f 9336 1877 1876
f 645 9238 9003
f 1345 1035 1346
f 634 9336 9332
f 15 1327 14
f 9362 1878 1893
f 1894 605 1893
f 8950 627 693
f 9004 645 9003
f 340 454 1558
f 1897 195 1898
f 1889 1877 1890
f 1901 129 1900
f 196 754 232
f 1705 9373 9368
f 340 166 343
f 1570 563 561
f 1904 194 1897
f 1781 1832 1780
f 1905 55 1906
f 1000 995 996
f 986 920 987
f 1191 1190 1194
f 2094 2075 2093
f 1920 1919 1915
f 453 1912 1911
f 1915 1918 1916
f 9334 2106 9353
f 1655 8975 1868
f 1916 1926 1925
f 704 9005 703
f 278 1925 1900
f 9009 1818 1820
f 1097 1115 1114
f 1927 727 1923
f 9030 9106 9210
f 1920 307 1929
f 1929 48 728
f 503 1497 1509
f 1902 787 796
f 1816 9272 9278
f 1925 1923 1924
f 1535 1568 1534
f 254 258 255
f 1509 366 367
f 119 35 36
f 219 293 294
f 141 47 431
f 542 244 245
f 1940 430 431
f 1779 1827 1790
f 1701 9367 9371
f 1661 8959 1667
f 270 754 647
f 197 749 196
f 1727 1212 1211
f 53 232 754
f 1465 1479 1478
f 1284 9306 1293
f 1951 412 413
f 168 1554 1553
f 1486 206 207
f 506 78 361
f 994 1007 993
f 951 963 964
f 1013 9313 1351
f 9278 1820 1818
f 1498 1954 1482
f 299 543 132
f 1754 1756 1753
f 1681 1683 1682
f 1696 1695 1697
f 13 738 737
f 473 475 474
f 482 768 1640
f 204 30 205
f 1761 820 819
f 611 1125 612
f 1501 1908 1909
f 1074 711 699
f 1960 82 83
f 120 1960 123
f 35 87 34
f 1773 1025 1031
f 1965 1569 1535
f 494 471 479
f 1966 1969 1968
f 446 1971 1967
f 174 125 126
f 1580 1578 1577
f 1785 1787 1784
f 1972 304 305
f 1254 875 999
f 1973 342 514
f 321 1973 509
f 1910 275 1907
f 509 514 508
f 1486 1527 1485
f 1974 804 1975
f 1977 1974 1978
f 1980 1966 1981
f 379 2 295
f 1718 1710 1701
f 884 992 883
f 1680 1678 1679
f 902 525 524
f 344 256 299
f 135 137 136
f 236 228 333
f 448 1967 1966
f 589 604 584
f 910 908 907
f 1981 1968 1987
f 1982 1987 1979
f 1988 1987 1989
f 1990 1989 1991
f 1991 1993 1992
f 322 320 319
f 992 830 883
f 1144 1086 1143
f 1995 1978 1994
f 1133 1118 1126
f 1997 1994 1996
f 870 1335 1489
f 805 1982 1998
f 727 2000 1999
f 1996 1988 1990
f 1994 1979 1988
f 1829 792 1273
f 1830 941 983
f 798 800 799
f 729 731 730
f 2011 2023 2022
f 1834 846 1159
f 402 284 347
f 2022 2024 2025
f 1838 989 988
f 810 952 809
f 1823 1840 644
f 1430 1432 1431
f 1215 1841 1079
f 149 176 177
f 1316 873 872
f 2112 1384 2106
f 1842 1844 1845
f 1159 845 1160
f 837 1846 1120
f 1971 2030 2027
f 517 370 189
f 858 833 812
f 1471 2027 1888
f 8995 626 627
f 2174 770 490
f 935 1854 1010
f 1613 1611 1618
f 1231 1225 1295
f 1856 891 892
f 1300 748 741
f 1150 1858 1859
f 1643 696 1642
f 1215 1264 1216
f 1320 902 901
f 1956 1944 1960
f 2031 669 1474
f 2034 1310 1299
f 1879 1656 1657
f 40 242 39
f 1992 2039 1456
f 888 957 889
f 1882 1996 1990
f 1078 1255 1077
f 1871 1192 1090
f 294 218 219
f 1323 2026 1471
f 123 83 1484
f 1324 2041 1323
f 384 359 352
f 1324 2038 2036
f 1883 1885 1829
f 287 114 107
f 1096 1134 661
f 915 931 916
f 806 1981 1982
f 8977 584 604
f 1425 2042 1018
f 1018 1948 1017
f 9006 740 8963
f 1948 649 646
f 1881 1990 1991
f 1900 130 278
f 992 994 993
f 923 925 924
f 9330 2047 9328
f 1643 625 606
f 2050 2051 2049
f 2045 1404 2047
f 9328 945 9337
f 1139 1079 1841
f 1037 892 982
f 2055 2057 2056
f 1198 718 717
f 1619 1612 1611
f 2058 1606 2059
f 2059 1607 2058
f 2058 1624 1605
f 71 179 37
f 405 1557 382
f 976 1006 977
f 322 1972 1911
f 2061 2063 2062
f 2066 2067 1825
f 2052 2064 2051
f 1609 2066 1647
f 1515 152 1516
f 1009 993 1007
f 1644 9267 2118
f 279 1916 278
f 1285 9314 1284
f 1647 1825 1649
f 2056 2067 2065
f 319 1953 1952
f 667 1913 1914
f 2070 625 2048
f 2052 2055 2063
f 2038 1655 1458
f 1606 2073 2072
f 1235 1270 1236
f 2072 2075 2074
f 2059 2072 2062
f 2074 2077 2076
f 1601 2078 2073
f 2049 1643 1645
f 1000 1001 994
f 1089 684 689
f 1931 1306 1930
f 1462 1021 1022
f 1932 1934 1935
f 875 1846 998
f 1936 1937 1938
f 44 46 92
f 1534 1956 120
f 1541 317 391
f 2081 2084 2083
f 146 1959 300
f 1360 1942 1361
f 985 1032 1033
f 1995 1892 2043
f 2079 2082 2081
f 2095 2076 2077
f 2081 2078 2079
f 2055 2054 2053
f 501 2095 500
f 2097 2099 2098
f 2098 2094 2083
f 2140 9345 9318
f 2141 9346 9345
f 2051 2048 2049
f 592 2101 1576
f 2071 2076 2096
f 2102 2098 2101
f 593 2102 592
f 1019 746 747
f 1950 12 1327
f 725 2096 501
f 1385 2104 1379
f 1379 2106 1384
f 2107 2100 2097
f 9360 502 9348
f 9348 499 9353
f 940 2109 944
f 928 1170 973
f 9320 684 9351
f 1962 1964 1961
f 9330 573 9349
f 2039 1968 1969
f 1389 2110 2109
f 1398 2113 1397
f 9209 9205 9195
f 9363 2107 2103
f 949 924 1115
f 260 324 326
f 1390 2113 2110
f 2070 2064 2071
f 9319 2103 593
f 2105 1421 2114
f 2114 1423 2115
f 9344 2115 9355
f 9360 2114 9344
f 554 1902 553
f 972 967 966
f 1765 1573 1574
f 1984 1986 1983
f 2053 2069 2057
f 9017 724 714
f 1625 1674 1673
f 9333 2119 2122
f 9355 2123 9356
f 56 1906 55
f 626 9331 629
f 2001 2003 2004
f 9364 2127 9359
f 2006 2008 2009
f 2127 1412 2128
f 2014 2016 2017
f 2018 2020 2021
f 1495 1947 197
f 1379 1386 1385
f 9266 1680 1618
f 2029 1884 2028
f 9354 2120 9339
f 629 9366 9324
f 682 943 1089
f 724 2121 716
f 1757 9273 9297
f 765 9296 9261
f 9303 715 9304
f 706 9322 9324
f 981 987 980
f 1457 1656 1880
f 2017 2032 2033
f 1458 1868 1457
f 1776 1792 1793
f 1959 1946 1958
f 9115 9177 9113
f 9365 2122 9302
f 1093 689 1088
f 966 968 972
f 9304 9333 9365
f 2172 2170 2171
f 670 2137 669
f 9213 1903 233
f 1429 28 1449
f 964 978 971
f 9293 1413 2127
f 1473 669 2137
f 9286 1359 1358
f 2138 1870 2137
f 1872 2137 1870
f 715 9340 9333
f 1881 1992 1880
f 9295 739 740
f 1837 8957 8958
f 253 59 85
f 1808 9292 1807
f 1647 9270 1609
f 9317 671 668
f 2112 9335 2111
f 1405 2044 1438
f 9281 1364 1366
f 273 391 249
f 576 8964 8999
f 9327 668 2031
f 1430 2140 2139
f 2136 9312 28
f 1430 18 19
f 9345 570 695
f 1442 2046 2141
f 1431 2141 2140
f 9321 9302 2136
f 9260 1817 766
f 9318 695 671
f 2142 798 2138
f 571 2142 694
f 9271 1618 1611
f 2143 2025 2142
f 694 2138 670
f 681 2144 572
f 2144 2022 2143
f 328 457 290
f 1572 2011 2144
f 630 9355 624
f 2085 2087 2088
f 2090 2092 2089
f 572 2143 571
f 1875 2153 2149
f 1873 2149 2154
f 2103 2097 2102
f 2157 2155 2156
f 2128 1414 2120
f 9326 589 582
f 9324 628 629
f 2149 2158 2159
f 2159 9357 9342
f 698 9354 705
f 9275 9279 1817
f 2158 9326 9357
f 1438 2046 1439
f 2035 2160 2161
f 2161 9341 9338
f 9323 605 589
f 9325 18 9327
f 370 61 451
f 649 413 648
f 2153 2156 2158
f 1428 1449 1450
f 1490 73 1488
f 9342 710 633
f 2155 9343 9323
f 1456 1880 1992
f 2125 2087 2124
f 2160 9342 9341
f 300 505 323
f 1064 1046 1065
f 2043 1891 2155
f 2129 2004 2003
f 2131 2133 2134
f 9300 1450 1449
f 1998 804 805
f 9331 9316 9366
f 474 490 770
f 1164 1182 1177
f 707 9361 9322
f 708 2162 707
f 2162 9338 9361
f 548 1905 458
f 1145 1114 1171
f 705 1650 704
f 2043 1977 1995
f 737 554 559
f 1034 1191 1023
f 458 1907 275
f 195 232 233
f 2040 1969 1970
f 2145 2147 2148
f 2054 2049 1645
f 9284 1639 9270
f 9 11 10
f 252 506 258
f 472 479 471
f 1865 9243 8947
f 900 910 907
f 1941 2151 1942
f 1921 1927 1919
f 2163 1898 2116
f 271 153 178
f 1904 12 9
f 282 264 460
f 1872 2154 2035
f 1326 1897 2163
f 628 693 627
f 1724 1719 1723
f 1549 436 172
f 1582 1730 1729
f 1921 1929 1928
f 9007 10 11
f 2152 1950 1949
f 475 774 771
f 769 2171 473
f 2171 476 473
f 476 772 475
f 1791 464 1760
f 2166 2168 2169
f 595 372 98
f 483 1641 482
f 762 2173 470
f 771 484 492
f 486 1809 483
f 297 1517 296
f 763 2174 762
f 776 759 489
f 184 2176 2000
f 412 303 414
f 2005 185 224
f 9263 1682 9298
f 2164 756 764
f 1472 2161 2162
f 950 964 965
f 2177 2179 2180
f 227 1510 333
f 764 467 2164
f 2182 2184 2181
f 2186 2018 2185
f 1985 2181 1986
f 214 729 1531
f 1545 1546 1569
f 865 842 866
f 849 1357 1362
f 452 1558 454
f 559 3188 737
f 16 737 3188
f 560 498 374
f 3193 3195 3194
f 3200 3198 3199
f 3211 3213 3212
f 3215 3217 3216
f 2187 2002 2001
f 3233 3235 3234
f 3223 3222 3224
f 3229 3231 3230
f 3245 3247 3246
f 2169 2189 2190
f 2192 2085 2191
f 2193 2195 2196
f 2198 2200 2197
f 1998 1979 1975
f 9116 9120 9123
f 3253 3255 3254
f 2116 1903 1902
f 1859 2009 1150
f 9356 2126 9358
f 1135 1087 1130
f 2201 2015 2014
f 1149 110 1858
f 3261 3263 3262
f 3269 3271 3270
f 3265 3267 3266
f 3229 3284 3283
f 3289 3291 3290
f 3299 3301 3300
f 3307 3264 3308
f 3293 3295 3294
f 3297 3224 3298
f 3319 3291 3320
f 3322 3318 3315
f 3314 3312 3311
f 3285 3287 3286
f 3332 3218 3215
f 3329 3330 3328
f 3324 3227 3298
f 3298 3326 3324
f 2203 2205 2206
f 579 1895 1019
f 1755 2208 1756
f 3337 3339 3338
f 9343 1893 605
f 1211 2150 1727
f 868 2210 2209
f 3347 3349 3348
f 944 930 940
f 2130 2202 2201
f 233 1898 195
f 665 750 666
f 1167 999 618
f 2211 2213 2214
f 2215 2217 2218
f 9319 590 9320
f 2220 220 2219
f 823 948 1094
f 3375 3377 3376
f 3393 3391 3390
f 3353 3357 3356
f 3363 3365 3364
f 3402 3404 3403
f 266 455 265
f 9334 2107 9335
f 2221 8963 8961
f 2223 2225 2226
f 2207 2124 2208
f 3293 3336 3286
f 673 9321 9316
f 817 996 815
f 2227 2146 2145
f 1947 646 749
f 9352 17 9325
f 2229 1638 1381
f 1679 1618 1680
f 1637 2232 2230
f 2233 1617 1616
f 2231 2236 2237
f 3406 3408 3407
f 1381 2238 1382
f 9038 2242 9039
f 3414 3341 3415
f 1630 2233 1631
f 1681 472 469
f 1408 2243 2244
f 3423 3425 3424
f 3433 3263 3307
f 3434 3430 3435
f 3440 3442 3441
f 3444 3446 3445
f 3436 3450 3439
f 3442 3456 3455
f 1637 2238 1638
f 3445 3437 3438
f 3448 3440 3449
f 1409 1634 2245
f 1380 2247 2246
f 1628 2245 1621
f 3463 3465 3464
f 3308 3462 3307
f 2249 1622 1633
f 1632 1408 2244
f 2248 1631 2250
f 3478 3480 3479
f 3509 3511 3510
f 2235 1637 1636
f 3505 3507 3506
f 3457 3199 3198
f 631 2071 725
f 515 52 49
f 782 2251 1251
f 2253 2255 2252
f 397 459 784
f 1456 2040 1455
f 2040 2036 1455
f 3434 3518 3517
f 1401 2111 1398
f 2041 1970 2026
f 3367 3338 3368
f 1535 414 1965
f 1586 2080 2079
f 2256 1132 1886
f 3528 3530 3529
f 3519 3520 3517
f 3537 3506 3538
f 3543 3545 3544
f 1700 9370 9371
f 3486 3550 3549
f 3455 3497 3563
f 3558 3559 3323
f 3456 3500 3497
f 3572 3252 3249
f 3308 3285 3569
f 3316 3574 3573
f 3575 3479 3533
f 3576 3578 3577
f 3580 3582 3581
f 3584 3586 3585
f 3505 3588 3503
f 3589 3591 3590
f 3600 3602 3601
f 3542 3595 3594
f 3604 3592 3589
f 3611 3613 3612
f 3622 3624 3623
f 3618 3620 3619
f 3626 3628 3627
f 3644 3646 3645
f 3634 3636 3635
f 3638 3641 3640
f 9267 1686 9269
f 1263 1886 1096
f 3613 3654 3614
f 598 844 599
f 2257 2259 2260
f 2258 2262 2259
f 2259 2263 2216
f 2260 2216 2215
f 1967 1970 1969
f 2212 1963 2213
f 922 2218 2217
f 1312 1101 2264
f 1307 1286 789
f 1548 1546 1972
f 2266 2268 2265
f 2265 2270 2269
f 2272 2269 2271
f 2273 2265 2272
f 2275 2277 2274
f 2278 2277 2279
f 2284 9069 9091
f 2287 2286 2281
f 2288 2283 2287
f 2290 9091 9072
f 2291 2293 2294
f 2295 2294 2279
f 2296 2291 2295
f 2297 2292 2291
f 2294 2299 2300
f 2279 2300 2278
f 2298 2302 2292
f 2292 2303 2293
f 2293 2304 2299
f 2304 2306 2299
f 2306 2300 2299
f 2308 2310 2307
f 2302 2310 2303
f 2301 2307 2302
f 2312 2307 2311
f 2313 2315 2316
f 2318 2320 2317
f 9200 2322 2323
f 2324 2273 2326
f 2313 2326 2327
f 2328 2313 2316
f 2329 2324 2328
f 2331 2333 2330
f 2330 2267 2266
f 2325 2266 2273
f 2329 2330 2325
f 2333 2335 2267
f 2336 2333 2332
f 2338 2332 2337
f 2331 2337 2332
f 2329 2339 2331
f 2328 2340 2329
f 2316 2341 2328
f 2342 2315 2343
f 2344 2346 2347
f 2341 2347 2340
f 2342 2344 2341
f 2348 2345 2344
f 2350 2352 2353
f 2339 2353 2337
f 2340 2350 2339
f 2347 2351 2350
f 2337 2354 2338
f 2353 2355 2354
f 2356 2276 2357
f 2356 2358 2359
f 2356 2296 2295
f 2279 2356 2295
f 2360 2270 2268
f 2267 2360 2268
f 2362 2364 2365
f 2362 2361 2358
f 2366 2358 2357
f 2366 2363 2362
f 2357 2368 2366
f 2366 2369 2367
f 2276 2370 2368
f 2368 2282 2369
f 2372 2374 2371
f 2375 2377 2007
f 2378 2380 2381
f 2382 2381 2383
f 2384 2378 2382
f 2385 2379 2378
f 2388 2390 2387
f 2387 2392 2391
f 2393 2387 2391
f 2394 2388 2387
f 2186 2402 2400
f 2403 2327 2326
f 2272 2326 2273
f 2271 2403 2272
f 2405 2404 2403
f 2404 2408 2327
f 2409 2411 2412
f 2409 2271 2269
f 2413 2269 2270
f 2413 2410 2409
f 2417 2416 2418
f 2417 2406 2405
f 2412 2405 2271
f 2411 2417 2412
f 2406 2407 2404
f 9013 632 713
f 2420 2397 2421
f 2420 2423 2422
f 2424 2422 2419
f 2424 2398 2420
f 2425 2392 2426
f 2421 2426 2423
f 2397 2425 2421
f 2396 2391 2425
f 2427 2315 2314
f 2427 2408 2428
f 2430 2428 2429
f 2343 2427 2430
f 2432 2430 2431
f 2431 2429 2433
f 2435 2433 2434
f 2436 2431 2435
f 2428 2407 2437
f 2422 2407 2419
f 2438 2422 2423
f 2429 2437 2438
f 2440 2433 2439
f 2441 2433 2429
f 2442 2439 2441
f 2443 2440 2439
f 2445 2444 2443
f 2447 2443 2442
f 2383 2445 2447
f 2381 2446 2445
f 2448 2423 2426
f 2449 2426 2392
f 2441 2449 2442
f 2441 2438 2448
f 2449 2390 2450
f 2450 2389 2451
f 2447 2451 2383
f 2442 2450 2447
f 2451 2453 2452
f 2452 2455 2454
f 2382 2454 2384
f 2383 2452 2382
f 2456 2373 2372
f 2459 2461 2458
f 2463 2465 2462
f 2462 2285 2284
f 2466 2284 2290
f 2467 2462 2466
f 2461 9155 9153
f 2468 2470 2471
f 2472 2471 2473
f 2474 9153 9140
f 2475 2477 2478
f 2458 2453 2479
f 2479 2389 2388
f 2395 2479 2388
f 2480 2458 2479
f 2481 2483 2478
f 2484 2485 221
f 2471 2464 2463
f 2473 2463 2467
f 2487 2466 2486
f 2486 2290 2488
f 2490 2488 2489
f 2491 2486 2490
f 2492 2467 2487
f 2493 2487 2491
f 2494 2492 2493
f 2495 2473 2492
f 9142 2474 9140
f 9143 2496 9142
f 2498 2493 2499
f 2500 2499 2501
f 9152 2498 2500
f 9139 2494 2498
f 2306 2278 2300
f 2305 2504 2306
f 2504 2507 2506
f 2506 2288 2508
f 2274 2508 2275
f 2278 2506 2274
f 9085 2489 2488
f 9072 2488 2290
f 2507 2289 2288
f 2505 2509 2507
f 2508 2287 2511
f 2511 2281 2280
f 2370 2280 2282
f 2275 2511 2370
f 2512 2489 2513
f 2514 2513 2515
f 2517 2514 2516
f 2517 2490 2512
f 2499 2491 2517
f 2499 2516 2501
f 2510 2519 2518
f 2518 2521 2520
f 9068 2520 9073
f 9084 2518 9068
f 2522 2303 2310
f 2523 2310 2309
f 2305 2522 2524
f 2524 2523 2525
f 2519 2525 2521
f 2505 2524 2519
f 2308 2527 2526
f 2526 2529 2528
f 2531 2528 2530
f 2309 2526 2531
f 1214 2151 1211
f 2419 2418 2424
f 2533 2349 2317
f 2534 2317 2320
f 2535 2533 2534
f 2536 2345 2533
f 2537 2346 2536
f 2538 2536 2535
f 2539 2537 2538
f 2540 2351 2537
f 2312 2541 2527
f 2527 2542 2529
f 2543 2434 2544
f 2545 2544 2546
f 2319 2543 2545
f 2318 2435 2543
f 2514 2548 2547
f 2547 2550 2549
f 2552 2549 2551
f 2552 2514 2547
f 2520 2554 2553
f 2553 2556 2555
f 9042 2555 9045
f 9073 2553 9042
f 2523 2531 2557
f 2557 2530 2558
f 2525 2557 2559
f 2559 2558 2560
f 2554 2560 2556
f 2521 2559 2554
f 2561 2007 2006
f 2376 2225 2377
f 2564 2566 2563
f 2563 338 2567
f 2569 2567 2568
f 2570 2563 2569
f 2572 2574 2571
f 2571 2576 2575
f 2544 2575 2546
f 2544 2572 2571
f 2578 2569 2577
f 2579 2569 2568
f 2574 2579 2576
f 2573 2577 2574
f 2581 2583 2580
f 2584 2583 2585
f 9149 2580 2584
f 9128 2580 9127
f 2582 2552 2583
f 2583 2551 2585
f 2500 2589 2588
f 2590 2589 2591
f 9145 2588 2590
f 9147 2500 2588
f 2501 2591 2589
f 2592 2594 2595
f 2386 2503 2502
f 2596 2386 2374
f 2596 2373 2597
f 2599 2597 2598
f 2599 2379 2596
f 2600 2380 2599
f 2600 2598 2601
f 2603 2601 2602
f 2603 2446 2600
f 2604 2602 2605
f 2440 2605 2434
f 2444 2604 2440
f 2606 2581 2607
f 2606 2590 2591
f 2591 2582 2606
f 9128 2456 9141
f 9141 2372 9145
f 2478 2608 2481
f 2609 2611 2199
f 2564 2613 2612
f 2612 2598 2597
f 2457 2597 2373
f 2565 2612 2457
f 2614 2570 2578
f 2615 2578 2573
f 2602 2614 2615
f 2601 2613 2614
f 2572 2605 2616
f 2616 2602 2615
f 2573 2616 2615
f 1459 1045 1021
f 1265 1079 1082
f 1612 1609 1611
f 2067 2069 2068
f 1135 1136 1148
f 1938 2618 2617
f 95 458 128
f 2058 1608 1612
f 1454 1445 1367
f 655 1048 2619
f 722 2621 723
f 3665 3634 3666
f 1131 1033 1134
f 562 366 1497
f 1723 1725 1591
f 1786 1122 1787
f 267 323 266
f 1325 1654 2038
f 1468 1435 1479
f 658 529 528
f 8 247 7
f 382 1559 3
f 3631 3680 3630
f 788 1307 789
f 940 929 928
f 911 2623 912
f 2621 655 654
f 2624 2625 2626
f 998 27 26
f 635 2626 2625
f 2627 644 1840
f 2628 1840 2629
f 1200 2627 2628
f 1199 641 2627
f 1520 49 477
f 1452 1349 1451
f 2630 1859 1858
f 644 1335 1823
f 3683 3699 3698
f 1197 717 2632
f 2632 719 1166
f 2628 1166 1200
f 2629 2632 2628
f 1762 1050 821
f 1823 873 1839
f 2634 794 652
f 1028 1027 1161
f 1042 2635 1043
f 93 1901 1924
f 2036 1458 1455
f 1527 1525 1526
f 877 1274 1277
f 134 797 1544
f 1328 931 1329
f 607 1091 1161
f 1043 2637 2636
f 2636 2639 2638
f 1275 2638 1276
f 1275 1043 2636
f 1272 2626 2640
f 2640 638 637
f 1110 2640 637
f 536 2640 2641
f 1472 1474 1473
f 2042 1951 649
f 3668 3633 3669
f 1058 1105 1059
f 2642 2643 2644
f 1192 2644 1193
f 912 2642 1192
f 9350 8970 9238
f 1049 2620 2621
f 616 1885 613
f 1331 666 750
f 990 1198 525
f 1911 321 322
f 1298 1205 2645
f 76 1504 75
f 1502 421 422
f 610 658 691
f 1146 659 938
f 2646 914 936
f 1280 1238 1279
f 975 2647 2648
f 2647 975 974
f 1453 1452 1451
f 1514 158 151
f 835 1843 1842
f 1271 1173 1289
f 2649 813 2650
f 1893 1826 1894
f 1050 1937 1051
f 2651 814 813
f 1006 1281 977
f 2653 2654 2655
f 1001 1003 1002
f 585 679 558
f 2624 621 620
f 555 2028 556
f 1207 1197 2629
f 1626 478 472
f 3729 3731 3730
f 3746 3748 3747
f 3770 3750 3753
f 426 419 1567
f 1030 1773 1031
f 9350 634 9332
f 534 138 262
f 1125 1042 1041
f 333 88 227
f 569 561 730
f 3691 3693 3692
f 1489 871 870
f 1857 620 891
f 1673 9222 9215
f 622 864 1308
f 2647 974 2657
f 619 891 620
f 261 545 262
f 393 1556 404
f 2658 2647 2657
f 1075 2657 917
f 1081 2658 1075
f 1080 2659 2658
f 2644 1141 2660
f 2660 1140 1336
f 642 1336 643
f 1193 2660 642
f 679 555 558
f 3762 3764 3763
f 1503 1500 1502
f 1318 1101 1100
f 2661 1139 1142
f 2661 2663 2662
f 2662 2659 2661
f 2662 2622 2664
f 2664 911 2646
f 2648 2646 1146
f 2648 2662 2664
f 3586 3779 3777
f 2083 2093 2081
f 1442 1437 1439
f 3732 3733 3731
f 519 330 51
f 1885 1209 613
f 799 805 804
f 1946 1952 1953
f 1302 1253 1252
f 3741 3757 3756
f 3660 3662 3661
f 566 224 533
f 1389 928 1388
f 683 681 680
f 836 1842 2665
f 2665 1845 1303
f 2666 1303 1302
f 24 2665 2666
f 831 2650 832
f 1845 1304 1303
f 2010 2012 2011
f 1051 2667 2668
f 1522 1511 1523
f 531 441 522
f 782 1251 1250
f 1250 2625 2669
f 2669 1857 1856
f 783 1856 1037
f 782 2669 783
f 720 2671 721
f 1055 1930 1056
f 1333 1251 2251
f 619 1308 1307
f 652 2619 2634
f 521 1539 1540
f 1838 537 2672
f 2672 536 2641
f 1113 2641 1110
f 1113 1838 2672
f 1016 1351 1045
f 9349 570 9346
f 226 104 101
f 9008 9279 1818
f 1036 1884 1883
f 2674 1304 2673
f 2673 1844 2675
f 1334 2675 1039
f 1333 2673 1334
f 2676 1039 2675
f 1843 2675 1844
f 942 2676 1843
f 1074 702 2676
f 811 859 858
f 752 1055 753
f 1200 656 1026
f 1120 874 2677
f 2677 877 1052
f 1241 1052 1005
f 1119 2677 1241
f 1560 151 1515
f 1208 611 523
f 215 736 214
f 1460 1462 1461
f 3717 3719 3718
f 1208 1839 873
f 854 1282 1297
f 3682 3696 3681
f 72 182 179
f 544 1565 512
f 217 456 457
f 3673 3781 3780
f 2047 930 945
f 1204 1937 2633
f 913 686 685
f 3705 3707 3706
f 840 1113 1112
f 1531 730 561
f 2678 1283 801
f 601 1914 602
f 1537 459 460
f 1819 8953 8971
f 991 862 538
f 2679 1073 1830
f 3776 3581 3582
f 2680 983 2256
f 779 2256 1263
f 778 2680 779
f 2678 1830 2680
f 180 245 40
f 1886 1131 1134
f 3766 3767 3749
f 1138 1274 1255
f 3777 3585 3586
f 1841 1140 1139
f 75 314 74
f 193 420 192
f 2681 1099 1098
f 3658 3587 3659
f 170 1565 169
f 349 417 432
f 1121 2684 2683
f 547 409 302
f 123 121 120
f 2643 1142 1141
f 1542 513 1543
f 899 907 919
f 1210 676 867
f 791 982 892
f 24 837 836
f 893 932 931
f 1860 863 862
f 535 862 861
f 3640 3683 3638
f 832 813 812
f 2650 813 832
f 1569 1547 1568
f 181 542 180
f 660 937 688
f 2013 568 2012
f 3781 3644 3782
f 887 2631 2630
f 1524 361 78
f 520 162 1529
f 2653 854 2685
f 1238 2655 2686
f 718 527 530
f 1492 518 1491
f 792 615 793
f 599 1835 596
f 290 456 175
f 312 1552 425
f 1248 1179 1249
f 153 177 178
f 1240 1222 1221
f 1257 1235 1071
f 1291 1083 1222
f 1052 1277 1053
f 743 2618 1204
f 444 430 443
f 23 1172 1187
f 2687 1180 1179
f 102 409 134
f 1283 610 801
f 373 650 651
f 1180 1084 1291
f 855 2655 1237
f 1173 1917 1174
f 2689 853 2688
f 2688 1108 1279
f 2686 1279 1238
f 2687 2688 2686
f 2691 1252 2690
f 2690 850 2689
f 1248 2689 2687
f 1248 2691 2690
f 2692 24 2666
f 2691 2666 1302
f 1247 2692 2691
f 1258 617 2692
f 394 1555 393
f 2693 1259 1223
f 1072 1262 1261
f 1257 1168 1258
f 398 1555 1554
f 871 1314 872
f 1178 1249 1179
f 1224 1173 1172
f 1010 2618 742
f 1175 1292 1269
f 2654 2686 2655
f 2694 1216 1264
f 71 1487 70
f 701 1111 1038
f 1072 2649 2650
f 1085 22 21
f 895 1264 896
f 1601 1605 1604
f 1259 1271 1289
f 21 1220 1083
f 988 538 537
f 3533 3535 3532
f 598 1336 1140
f 820 1762 821
f 1050 818 821
f 1298 1761 2652
f 1168 618 617
f 3629 3670 3628
f 858 1256 833
f 39 516 1536
f 2652 819 814
f 313 315 314
f 2026 1971 2027
f 2656 596 1835
f 814 818 811
f 2696 813 2649
f 1260 2649 1261
f 2693 2696 1260
f 2697 2651 2696
f 381 390 380
f 9270 1611 1609
f 1475 1428 1227
f 1292 1917 1235
f 1551 354 1518
f 1526 1523 1511
f 1593 1595 1573
f 1232 1246 1249
f 2695 1223 22
f 2698 1296 2697
f 2698 2693 2695
f 2685 2695 1085
f 2685 1297 2698
f 562 271 272
f 2652 1296 1298
f 1365 1364 1363
f 1958 1953 1957
f 585 2210 997
f 1561 1515 435
f 975 1146 976
f 347 68 346
f 1038 636 1068
f 2700 780 2699
f 2699 1036 1883
f 2701 1883 1829
f 851 2699 2701
f 2674 2251 2702
f 2702 781 2700
f 1253 2700 851
f 1301 2702 1253
f 1519 388 1550
f 1273 1280 2703
f 2703 1107 852
f 2701 852 851
f 1829 2703 2701
f 91 326 90
f 1784 2656 1785
f 2683 2705 2704
f 604 8943 8977
f 1669 8992 1662
f 2062 2060 2059
f 621 861 622
f 2023 732 2024
f 686 1263 687
f 857 2668 1328
f 883 882 879
f 3648 3650 3649
f 637 1111 1110
f 2668 893 1328
f 3692 3711 3691
f 2667 894 2668
f 1039 1068 1334
f 313 1504 1505
f 1911 305 453
f 1936 1964 2212
f 2707 2401 2183
f 2708 2183 2182
f 738 2116 554
f 3785 3709 3786
f 2349 2432 2436
f 2711 2020 2019
f 2400 2019 2186
f 2714 2716 2713
f 2717 2719 2720
f 2721 2723 2724
f 2726 2728 2725
f 2725 2730 2729
f 2731 2729 2709
f 2732 2725 2731
f 2734 2736 2733
f 2738 2740 2737
f 2737 2741 2742
f 2744 2746 2743
f 2745 2748 2747
f 2749 2747 2751
f 2753 2751 2752
f 2250 2246 2248
f 3417 3419 3418
f 2754 1614 2755
f 9050 2755 9061
f 9060 2747 9061
f 1617 2755 1614
f 2242 1620 2757
f 3429 3431 3430
f 2191 2760 2759
f 2761 2760 2762
f 9100 2761 9101
f 9075 2759 9100
f 3209 3354 3355
f 1395 2236 2235
f 1395 1636 1615
f 3741 3790 3740
f 1616 2229 2233
f 3410 3412 3411
f 1617 2763 2756
f 2756 9080 9060
f 2765 2234 1630
f 2766 9080 9074
f 3202 3458 3459
f 1516 435 1515
f 2768 8996 8997
f 1495 578 1424
f 2135 28 17
f 8970 2773 2774
f 1690 9378 9377
f 2778 2780 2777
f 2777 2781 2782
f 2784 2777 2783
f 8999 575 576
f 1494 9 540
f 8973 2015 9010
f 451 505 450
f 2786 2788 2785
f 2779 2785 2780
f 2789 2741 2740
f 2790 2752 2789
f 2792 2794 2791
f 2793 2796 2794
f 2796 2750 2749
f 2794 2749 2753
f 2798 1396 2754
f 9043 2754 9050
f 2798 2800 1393
f 9043 2799 2798
f 2797 2795 2801
f 2791 2753 2790
f 216 232 54
f 9256 2807 9255
f 9257 2804 9255
f 2769 9001 8996
f 183 184 97
f 2811 2775 2776
f 2804 2776 2805
f 2809 2811 2804
f 2812 2813 2814
f 9257 2816 9247
f 9248 2815 9247
f 9250 2820 2821
f 9245 2819 9250
f 2824 2735 2819
f 2823 2824 2819
f 2825 2826 2724
f 9245 2827 9244
f 9248 2826 9244
f 2713 2829 2828
f 2828 2831 2830
f 2822 2828 2830
f 2821 2713 2828
f 2832 2822 2830
f 2833 2830 2831
f 2834 2832 2833
f 2835 2827 2832
f 2837 2839 2836
f 2836 2841 2840
f 2842 2840 2727
f 2843 2836 2842
f 2840 2845 2844
f 2718 2845 2719
f 2730 2844 2718
f 2727 2844 2728
f 2846 2719 2845
f 2846 2841 2847
f 2829 2847 2831
f 2829 2716 2846
f 2847 2839 2848
f 2848 2838 2849
f 2833 2849 2834
f 2831 2848 2833
f 2850 2851 2852
f 2853 2852 2854
f 2783 2782 2855
f 2785 2853 2856
f 2780 2856 2781
f 2857 2855 2782
f 2859 2782 2781
f 2861 2842 2860
f 2860 2727 2726
f 2862 2726 2732
f 2863 2860 2862
f 2861 2858 2857
f 2843 2857 2859
f 2856 2854 2864
f 2781 2864 2859
f 2837 2859 2864
f 2838 2864 2854
f 2852 2834 2849
f 2854 2849 2838
f 2865 2818 2835
f 2851 2835 2834
f 2813 2815 2865
f 2814 2865 2851
f 2866 2814 2850
f 2788 2850 2853
f 2866 2787 2867
f 2812 2867 2775
f 1892 1890 1891
f 2720 2846 2870
f 298 256 257
f 2872 2713 2820
f 9246 2735 2734
f 2729 2874 2873
f 2846 2715 2870
f 2876 2878 2875
f 2733 2878 2734
f 9258 2879 2880
f 9258 2872 9246
f 2882 2884 2881
f 2881 2715 2714
f 2880 2714 2872
f 2879 2881 2880
f 2885 2887 2888
f 2888 2890 2885
f 2885 2892 2891
f 2893 2885 2891
f 1942 2532 2894
f 2895 2720 2870
f 2884 2870 2715
f 2883 2895 2884
f 2896 2892 2895
f 2889 2717 2890
f 2890 2720 2892
f 2897 2891 2896
f 2898 2896 2883
f 2899 2883 2882
f 2900 2882 2879
f 9249 2879 9259
f 2876 2901 2877
f 2901 2904 2903
f 1785 1835 1834
f 2905 2899 2900
f 2907 2897 2898
f 9249 2903 9251
f 632 577 633
f 8976 2867 2787
f 434 550 350
f 2768 9092 9095
f 2910 1623 2249
f 2241 2758 2242
f 9092 2913 9104
f 1623 2757 1620
f 9039 2757 9104
f 2229 1380 2250
f 2765 1629 2914
f 2915 1629 2912
f 9094 2914 2915
f 9093 2765 2914
f 2919 9094 9065
f 2918 2912 2241
f 9066 2241 9038
f 9070 9065 9122
f 8985 2180 8940
f 8965 2188 8950
f 3694 3627 3693
f 9157 714 9303
f 2925 2917 2924
f 2924 2916 2919
f 9062 2919 9070
f 9063 2924 9062
f 2926 2766 2925
f 9110 2925 9063
f 1715 1705 1710
f 785 498 796
f 1387 565 1791
f 374 1899 560
f 9017 2206 9000
f 2929 2886 2893
f 2932 2934 2931
f 1905 1908 1907
f 2930 2936 2937
f 2938 2930 2929
f 1493 517 518
f 1603 1586 1602
f 2939 2929 2908
f 2940 2908 2907
f 9117 1600 9113
f 2886 2937 2887
f 2906 2898 2899
f 2908 2893 2897
f 2942 2933 2941
f 2941 2937 2936
f 8945 2936 8957
f 8942 2941 8945
f 2943 2710 2873
f 2943 2874 2889
f 2945 2889 2888
f 2946 2943 2945
f 2932 2888 2887
f 2931 2945 2932
f 727 1929 728
f 2903 2947 2948
f 545 42 262
f 1480 533 251
f 2907 2949 2940
f 2906 2950 2949
f 1558 215 202
f 9251 2948 9253
f 2054 1644 2118
f 9157 2203 9017
f 1828 1849 1827
f 2953 2955 2952
f 2952 2957 2956
f 2956 2258 2952
f 2953 2258 2257
f 2454 2474 2496
f 9199 2959 9218
f 9199 2131 9189
f 2961 2963 2958
f 2958 2964 2959
f 222 2485 2965
f 2477 2966 2608
f 2631 2006 1859
f 2384 2496 2497
f 2967 2959 2964
f 2968 2970 2969
f 9211 2971 9236
f 9236 2960 9218
f 2972 2033 2032
f 2007 2973 2008
f 9004 2134 2133
f 1836 1832 1831
f 8950 2090 8995
f 955 959 956
f 672 674 673
f 633 713 632
f 2024 733 803
f 2025 803 798
f 425 1550 388
f 2975 888 887
f 1319 1157 2694
f 1212 2977 1213
f 889 2228 2227
f 1978 1975 1979
f 1138 1329 915
f 751 2979 2978
f 1619 1625 1624
f 2252 1728 1727
f 1157 845 1216
f 2706 1938 2617
f 2980 2254 2981
f 2982 887 2630
f 802 711 2679
f 678 2029 2028
f 527 690 528
f 1839 2629 1840
f 2983 602 1914
f 2983 1913 1331
f 2985 1331 1054
f 2986 2983 2985
f 2987 2635 2634
f 2985 2639 2986
f 2990 1318 2989
f 2991 2993 2994
f 2995 2994 2996
f 1106 2991 2995
f 1058 2992 2991
f 1415 1365 1367
f 1317 2217 2997
f 1932 2255 2980
f 926 2999 664
f 3001 2992 3000
f 3000 1057 2978
f 2999 2978 2979
f 2998 3000 2999
f 3002 2209 3003
f 3002 2996 2994
f 2993 3002 2994
f 3001 2998 3002
f 1103 2995 3004
f 3004 2996 3003
f 2209 3004 3003
f 588 3004 2210
f 295 433 381
f 2638 2988 3005
f 3005 1056 1930
f 1305 1930 1306
f 1276 3005 1305
f 1987 1993 1989
f 2633 1761 2645
f 1423 1417 1419
f 9005 739 703
f 2671 2704 2705
f 1473 2035 1472
f 922 2694 895
f 1401 1378 1384
f 556 1884 1037
f 842 9277 9288
f 1854 2617 1010
f 933 1081 1075
f 1440 1436 1437
f 529 719 530
f 1031 1027 1028
f 777 912 1871
f 2645 1204 2633
f 441 1538 1537
f 3771 3773 3772
f 790 587 586
f 2065 1610 1607
f 1860 990 902
f 60 87 59
f 1424 1948 1947
f 332 1507 331
f 261 138 135
f 187 449 507
f 1719 1726 1725
f 1931 1059 3006
f 3006 1105 1104
f 1287 1104 587
f 1286 3006 1287
f 3007 3009 3010
f 3009 653 795
f 618 26 25
f 2029 1210 1209
f 957 600 2228
f 1049 2228 600
f 2631 3011 2561
f 890 2227 3011
f 3011 2145 3012
f 2561 3012 2375
f 1026 609 608
f 2706 1961 1964
f 3013 2485 3014
f 2148 1267 3015
f 3015 1266 1311
f 2997 1101 1317
f 642 1773 1193
f 186 461 511
f 1041 1320 901
f 1121 3017 1122
f 2984 2987 3018
f 3018 2634 2619
f 1048 3018 2619
f 603 2984 3018
f 2679 801 802
f 2062 2074 2061
f 2061 2076 2064
f 414 1545 1965
f 3016 2683 3019
f 3019 2704 2670
f 3020 2670 720
f 3007 3019 3020
f 1871 1091 777
f 3021 1122 3017
f 3022 3017 3010
f 1314 3022 1315
f 1784 3021 1314
f 1316 1763 611
f 3023 3010 3009
f 3023 795 1092
f 1763 1092 1125
f 1315 3023 1763
f 3016 3010 3017
f 752 2978 1057
f 2986 2637 2987
f 3024 653 3008
f 3020 3008 3007
f 720 3024 3020
f 723 654 3024
f 2681 1268 3025
f 2671 1268 721
f 2705 3025 2671
f 1313 3027 1311
f 3026 3029 3027
f 3027 3030 3031
f 1311 3031 3015
f 2012 731 2023
f 917 974 977
f 3742 3744 3743
f 743 856 744
f 1888 2030 1425
f 2682 2684 3032
f 3032 1124 2989
f 1100 2989 1318
f 1099 3032 1100
f 1123 2989 1124
f 3033 1159 1158
f 2990 1158 1319
f 1123 3033 2990
f 1786 1834 3033
f 1054 2988 2985
f 2979 664 2999
f 2623 2663 2643
f 1095 688 687
f 3034 2261 2956
f 3036 2956 2957
f 3037 3034 3036
f 3038 3035 3034
f 3040 3026 1313
f 2263 3041 3040
f 3042 3043 3041
f 3041 3028 3026
f 3044 3043 3039
f 3046 3045 3044
f 3047 3049 3045
f 3043 3049 3028
f 3038 3051 3050
f 3050 3053 3052
f 3052 3044 3050
f 3039 3050 3044
f 3054 3039 3042
f 3042 2262 3054
f 2261 3054 2262
f 2216 2997 2217
f 2212 2667 1936
f 3056 2209 3055
f 934 1961 1854
f 2013 9209 567
f 3058 3060 3061
f 3059 3063 3060
f 3060 2213 1963
f 3061 1963 1962
f 3063 2214 2213
f 3062 3064 3063
f 3065 2260 3064
f 3064 2215 2214
f 3066 3031 3030
f 2608 3067 3066
f 2966 3068 3067
f 3031 3068 3015
f 2455 2461 2474
f 2476 2226 2477
f 8995 2089 8969
f 8970 9221 9238
f 433 355 381
f 2115 1419 2123
f 8953 2922 8971
f 9221 2131 2134
f 3069 2167 2166
f 2971 2928 2960
f 2961 2773 2962
f 3070 2478 2483
f 2610 3071 2954
f 2502 2374 2386
f 3072 2595 3073
f 2964 3052 2967
f 3048 3074 3049
f 2593 3075 3074
f 3075 3029 3074
f 3074 3028 3049
f 3072 3075 2592
f 3076 2482 2481
f 2481 3066 3076
f 3076 3030 3075
f 2967 3053 2970
f 2482 3073 2483
f 479 493 494
f 706 9325 709
f 9005 2221 8961
f 2013 9206 9207
f 8977 2016 8973
f 9006 2222 2974
f 1171 1155 1176
f 3782 3689 3783
f 2586 2565 2587
f 2982 113 2484
f 2562 3077 3068
f 2376 3012 3077
f 3012 2148 3077
f 3077 3015 3068
f 2963 3046 2964
f 3051 2970 3053
f 1683 491 775
f 9302 1447 9312
f 1986 9186 9220
f 3079 2546 2575
f 3081 2575 2576
f 1983 9220 9217
f 3082 2319 2545
f 3080 2545 2546
f 9186 3082 3080
f 9184 2323 3082
f 1309 1888 748
f 3073 2772 2771
f 2760 3084 2762
f 2760 2088 3083
f 3085 3086 3087
f 3089 3090 3088
f 3089 3084 3085
f 3092 3090 3091
f 3093 2744 2743
f 2751 2748 3093
f 3093 2752 2751
f 2742 3093 3094
f 3094 2743 3095
f 3096 3098 3087
f 3099 3087 3086
f 3097 3095 3098
f 3100 2746 3101
f 3101 3102 3100
f 2764 2927 3101
f 2745 3101 2746
f 3102 3091 3100
f 3100 3095 2743
f 2869 9044 9086
f 3102 3104 3092
f 9110 2869 9086
f 2927 3103 3102
f 3098 3091 3090
f 3087 3090 3085
f 2088 3105 3083
f 3083 3086 3084
f 2483 2771 3070
f 2401 2185 2321
f 3099 3105 3106
f 2125 3106 3105
f 3108 2742 3107
f 3107 3094 3097
f 3110 3107 3109
f 3109 3097 3096
f 3111 3096 3099
f 3112 3109 3111
f 3113 2737 3108
f 3115 2722 3114
f 3117 3114 3116
f 3119 3116 3118
f 3118 3120 3121
f 3116 3113 3120
f 3122 3111 3123
f 3122 1755 1754
f 3124 3126 3127
f 3125 3121 3126
f 3128 3118 3125
f 3129 3125 3124
f 2020 3128 3129
f 9305 1346 1352
f 1065 1047 1066
f 1814 9282 1649
f 2021 3129 3130
f 3111 3106 3123
f 3123 2207 1755
f 2377 2224 2973
f 3014 113 112
f 1756 9234 9219
f 3131 2530 2528
f 3133 2528 2529
f 1753 9219 9227
f 3134 3127 3135
f 2327 2314 2313
f 2436 2317 2349
f 2018 9163 9164
f 2534 3137 2535
f 2320 3136 2534
f 2185 9164 9223
f 3138 2542 2539
f 3134 9196 9197
f 9237 3134 9197
f 3140 2539 2538
f 2535 3140 2538
f 9163 3130 9237
f 2558 3132 3141
f 9234 3141 3132
f 2560 3141 3142
f 9212 3142 3141
f 958 2976 2981
f 1933 2980 3143
f 3714 3729 3713
f 2399 2418 2416
f 2348 2343 2432
f 2322 2319 2323
f 2718 2874 2730
f 2709 2873 2710
f 2894 1361 1942
f 3788 3720 3717
f 346 176 347
f 1876 1882 1881
f 2802 9059 9044
f 3104 3088 3092
f 2974 9101 9055
f 3089 2761 2762
f 3088 3145 3089
f 2803 9055 9059
f 9322 692 628
f 2123 1418 2126
f 1365 1368 1367
f 3346 3344 3343
f 1581 1782 1783
f 9013 2129 8964
f 8999 2002 8965
f 3146 2551 3147
f 9203 3147 9202
f 9194 3146 9203
f 3149 2585 3146
f 3196 3197 3195
f 9056 2191 9075
f 3142 2556 2560
f 9229 3150 3142
f 9098 2550 9045
f 3150 2555 2556
f 9230 3151 3150
f 9240 3152 9098
f 3153 2551 2549
f 3152 2549 2550
f 9233 3153 3152
f 9228 3147 3153
f 3148 2206 2205
f 2183 2321 2184
f 2132 2928 2133
f 3299 3321 3319
f 9136 2204 2203
f 9171 2197 9173
f 2594 2773 2951
f 2595 2951 2772
f 1870 799 1869
f 3257 3259 3258
f 9165 2178 9158
f 9158 9188 9242
f 336 9226 9174
f 339 3154 336
f 9241 3149 9194
f 9135 2584 3149
f 2963 3048 3047
f 9174 337 336
f 339 2566 2586
f 3156 2168 2167
f 2610 2167 2611
f 2954 3156 2610
f 3157 2953 2257
f 9159 2169 9161
f 2567 3159 2568
f 337 2567 338
f 9182 2166 9159
f 9216 1983 9217
f 2579 3081 2576
f 2568 3160 2579
f 9161 2190 9216
f 3065 3162 3161
f 3161 1984 2189
f 3157 2189 2168
f 2257 3161 3157
f 734 1922 806
f 3059 2708 3163
f 3163 2182 1985
f 3162 1985 1984
f 3062 3163 3162
f 3203 3205 3204
f 3806 3808 3807
f 2122 1448 1447
f 9269 1685 9264
f 139 444 69
f 1570 566 533
f 2957 3165 3036
f 2955 3164 2957
f 1912 341 1973
f 3130 3124 3134
f 1548 319 1547
f 1949 1327 1887
f 2969 3078 3167
f 3167 3169 3168
f 9176 2017 9172
f 9172 2033 9211
f 3168 3165 3170
f 3170 3164 3171
f 9231 3171 9208
f 9176 3170 9231
f 3171 3166 3172
f 3172 3071 3173
f 9204 3173 9201
f 9208 3172 9204
f 3169 3036 3165
f 2593 2962 2594
f 3173 2609 3174
f 3174 2199 2198
f 9235 2198 9171
f 9201 3174 9235
f 2190 1984 1983
f 2196 2767 3148
f 3326 3328 3327
f 2119 1414 1448
f 1464 1466 1465
f 2199 3069 2200
f 2457 2587 2565
f 2226 2562 2966
f 481 1627 1639
f 333 235 236
f 3078 3037 3169
f 3040 2997 2263
f 3351 3262 3263
f 2219 1933 2220
f 2385 2497 2503
f 221 3175 2484
f 2220 3143 3175
f 3175 2976 2975
f 2484 2975 2982
f 2954 3166 2955
f 2630 110 2982
f 1547 1952 1955
f 2091 2188 2187
f 9185 2178 2177
f 1918 1927 1926
f 9007 111 8955
f 3398 3400 3399
f 955 960 954
f 2037 112 9007
f 3143 2981 2976
f 2218 2214 2215
f 672 9239 8985
f 2152 3014 2037
f 1147 1143 1145
f 2248 1409 2245
f 1615 1635 1616
f 1410 2246 2247
f 3486 3487 3310
f 3468 3502 3501
f 3451 3452 3450
f 3177 1383 1382
f 2238 3176 1382
f 3176 2230 3178
f 1410 3179 1407
f 3179 2243 1407
f 1633 2800 2249
f 3816 3817 3814
f 1621 2758 2912
f 3642 3662 3675
f 3422 3260 3257
f 1622 2245 1634
f 2236 3181 3182
f 3793 3795 3794
f 3493 3495 3494
f 2237 3182 3183
f 3513 3515 3514
f 2250 2233 2229
f 3654 3667 3802
f 2912 1628 1621
f 3819 3821 3820
f 3432 3823 3431
f 135 1564 1563
f 1567 512 1565
f 1085 2653 2685
f 3184 868 3056
f 869 3057 934
f 3389 3387 3386
f 1266 1098 1312
f 1267 722 721
f 937 2646 936
f 2146 722 2147
f 2211 921 2667
f 1957 507 449
f 1313 2264 3040
f 1496 1493 1492
f 2681 2705 2682
f 2887 2933 2932
f 1687 1659 1694
f 145 1498 81
f 1317 1319 2694
f 3831 3830 3834
f 37 418 71
f 1935 3185 2977
f 104 301 103
f 2101 2083 2084
f 543 360 207
f 1934 3186 3185
f 234 212 237
f 9297 1822 1824
f 3825 3827 3826
f 1976 1874 1974
f 223 2219 220
f 9107 9057 9064
f 468 773 2165
f 3673 3659 3672
f 1935 1728 1932
f 3490 3840 3549
f 3362 3848 3847
f 3862 3864 3863
f 3465 3484 3868
f 3893 3525 3874
f 3352 3430 3431
f 3869 3871 3870
f 3529 3567 3564
f 3420 3922 3921
f 3304 3236 3303
f 3929 3931 3930
f 3324 3327 3561
f 3219 3939 3331
f 3220 3937 3219
f 3450 3376 3439
f 3942 3833 3941
f 3215 3454 3945
f 3946 3215 3945
f 3422 3948 3421
f 3950 3198 3196
f 3205 3957 3920
f 3261 3961 3288
f 3852 3964 3963
f 3214 3946 3958
f 3965 3214 3192
f 3797 3799 3798
f 3988 3990 3989
f 3777 3806 3822
f 3855 3447 3444
f 3737 3800 3736
f 3949 3952 3948
f 3651 3783 4000
f 4001 3787 3812
f 4019 4021 4020
f 4027 4029 4028
f 3258 4030 4027
f 4033 4035 4034
f 3424 4047 4046
f 3242 4058 4057
f 3970 3547 3971
f 3829 4057 3825
f 3333 3947 4060
f 4063 4065 4064
f 4073 4075 4074
f 3568 3443 3448
f 3981 3335 4050
f 3540 3862 3539
f 4078 4031 4032
f 3565 4088 3993
f 3442 4089 4082
f 4092 4094 4093
f 4093 4097 4096
f 3619 3623 3624
f 3660 3821 3807
f 3809 3649 3808
f 3610 3655 3613
f 3656 3623 3657
f 3621 3804 3620
f 3503 3481 3504
f 3436 3438 3437
f 3356 3427 3353
f 3628 3669 3633
f 3734 4002 3733
f 3276 3370 3369
f 3763 4107 3762
f 4006 3754 3755
f 3747 3752 3746
f 3863 4110 3992
f 3994 4003 3501
f 3653 3664 3652
f 3296 4115 3295
f 4117 4119 4118
f 3249 3251 3250
f 4127 4129 4128
f 3478 3903 3867
f 3410 3921 3922
f 3977 4038 3976
f 3216 3453 3454
f 3967 3548 3966
f 4140 4032 4039
f 3509 4149 3916
f 4151 3659 3587
f 4153 3656 3671
f 4153 3646 3672
f 4156 3645 4155
f 4139 4078 4140
f 3743 4163 4162
f 3861 3987 4166
f 3468 4067 3467
f 3306 3980 3835
f 4172 4010 4024
f 4169 3836 3835
f 4187 4189 4188
f 4213 4215 4214
f 4220 4222 4221
f 4225 4211 4204
f 4230 4232 4231
f 4240 4242 4241
f 3606 3608 3607
f 4250 4252 4251
f 4258 4260 4259
f 4077 4079 4078
f 4276 4278 4277
f 4308 4263 4309
f 4017 3872 3869
f 3196 3951 3950
f 4316 4270 4271
f 3870 4307 3869
f 4324 4326 4325
f 4333 4247 4244
f 4338 4340 4339
f 4348 4350 4349
f 4283 4289 4286
f 4356 4358 4357
f 4359 4020 4358
f 4362 4196 4197
f 4320 4279 4276
f 4370 4296 4371
f 4377 4303 4249
f 4231 4201 4178
f 4203 4331 4381
f 4037 4039 4038
f 4371 4386 4370
f 4387 4347 4314
f 3309 3294 3310
f 4099 3724 3818
f 4355 3257 4313
f 3630 3693 3627
f 4277 4302 4390
f 4350 4319 4349
f 4353 4351 4348
f 3637 3639 3638
f 4394 3827 3320
f 3311 4399 4398
f 3755 4005 4006
f 4363 4259 4260
f 3454 3919 3920
f 3446 3459 3458
f 4298 4404 4406
f 3749 3769 3766
f 3791 3756 3792
f 3643 3684 3640
f 3845 3399 3400
f 4313 3258 4312
f 4411 4408 4412
f 3843 4423 3842
f 4214 4329 4328
f 4431 4433 4432
f 3918 3798 3799
f 3927 3388 3389
f 4453 3874 3873
f 4138 4457 4456
f 3346 4459 3345
f 4100 4108 4107
f 3974 3976 3975
f 3665 3652 3664
f 3773 3993 3992
f 3945 3920 3957
f 4144 4462 4461
f 4464 4466 4465
f 3268 4479 3267
f 4484 4136 4485
f 3348 4487 3347
f 3313 3912 3913
f 3803 3617 3802
f 4086 3510 4087
f 4034 3305 4033
f 3403 4171 4489
f 4481 4492 4491
f 4177 4179 4178
f 4398 3923 3311
f 4451 4494 4450
f 4501 4076 4502
f 4509 4506 4503
f 3304 4462 4517
f 4485 3312 4484
f 3419 3349 4064
f 4356 4385 4305
f 4026 4358 4020
f 4354 4357 4358
f 3599 4091 4090
f 4341 4254 4274
f 4251 4524 4335
f 3482 3484 3483
f 3843 3544 4085
f 4295 4274 4294
f 4381 4206 4203
f 4204 4531 4225
f 4533 4535 4534
f 4542 4544 4543
f 4546 4548 4547
f 4573 4547 4548
f 4575 4577 4576
f 4221 4580 4220
f 4587 4589 4588
f 4328 4589 4214
f 4187 4563 4332
f 4595 4593 4591
f 4597 4604 4596
f 4609 4611 4610
f 4620 4622 4621
f 4612 4614 4613
f 4636 4600 4637
f 4649 4650 4648
f 4652 4654 4653
f 4662 4664 4663
f 4666 4668 4667
f 4637 4685 4684
f 4627 4700 4626
f 4684 4636 4637
f 4663 4661 4662
f 4699 4697 4696
f 4647 4703 4702
f 4709 4603 4710
f 4724 4726 4725
f 4742 4744 4743
f 3311 3924 3314
f 4698 4758 4679
f 4749 4609 4610
f 4342 4344 4343
f 4797 4799 4798
f 4490 3974 4143
f 4019 4306 3870
f 4512 4514 4513
f 3991 4508 4507
f 4692 4694 4693
f 4680 4818 4810
f 4821 4824 4823
f 4367 4243 4240
f 4833 4831 4830
f 4837 4757 4754
f 4332 4562 4561
f 4683 4819 4682
f 4845 4850 4849
f 4751 4752 4669
f 4854 4695 4692
f 4858 4718 4857
f 4822 4859 4824
f 4674 4647 4675
f 4771 4773 4772
f 4726 4537 4540
f 4714 4719 4715
f 4633 4688 4687
f 4616 4618 4617
f 4686 4842 4841
f 4869 4708 4629
f 3502 3528 3529
f 4777 4737 4745
f 4734 4779 4873
f 4883 4663 4664
f 4375 4274 4275
f 4290 4335 4524
f 4799 4826 4825
f 4816 4812 4810
f 4778 4732 4659
f 4158 4160 4159
f 4195 4197 4196
f 3860 4166 4167
f 3758 3763 3764
f 3694 4157 4156
f 4249 4391 4377
f 3467 3469 3468
f 4209 4211 4210
f 4142 4144 4143
f 3615 3617 3616
f 3479 3536 3535
f 4883 4672 4886
f 4802 4642 4643
f 3698 3638 3683
f 4105 3726 3730
f 4848 4896 4895
f 4878 4744 4837
f 4610 4748 4749
f 4036 4489 4035
f 4355 4314 4347
f 4171 4049 4048
f 3875 3216 3217
f 4868 4863 4864
f 4623 4691 4622
f 3629 4155 4154
f 4654 4898 4683
f 4012 4014 4013
f 4902 4866 4867
f 4768 4908 4906
f 4370 4385 4384
f 4888 4914 4913
f 3546 3917 3916
f 4932 4931 4919
f 3625 4151 4150
f 3804 3670 3657
f 3816 4103 4101
f 4911 4887 4912
f 4928 4927 4929
f 4925 4927 4921
f 3655 3666 3654
f 4932 4910 4911
f 4937 4912 4913
f 4939 4942 4941
f 4228 4530 4381
f 4946 4942 4947
f 4938 4923 4937
f 4942 4937 4947
f 4951 4930 4928
f 4955 4928 4954
f 4748 4615 4749
f 4914 4847 4956
f 4824 4584 4856
f 4940 4941 4943
f 4916 4960 4917
f 4909 4891 4862
f 4971 4968 4949
f 4966 4948 4944
f 4962 4953 4965
f 4940 4924 4939
f 4831 4917 4895
f 4935 4925 4924
f 4275 4261 4258
f 4679 4791 4678
f 4016 4373 4376
f 4668 4766 4795
f 4539 4727 4845
f 4929 4936 4933
f 4607 4882 4881
f 4775 4801 4802
f 4801 4742 4774
f 4732 4611 4733
f 4985 4983 4982
f 4534 4562 4533
f 4847 4645 4848
f 4788 4619 4616
f 4787 4678 4791
f 4657 4605 4597
f 4994 4878 4837
f 5006 5008 5007
f 5001 4973 4988
f 4814 4619 4785
f 5014 4974 5012
f 5003 4972 4973
f 5019 5007 5018
f 5024 5017 5025
f 5036 5035 5032
f 4990 4975 4972
f 5045 5034 5044
f 5048 5034 5035
f 5025 5014 5026
f 5046 5043 5031
f 5051 5055 5054
f 5044 5060 5059
f 5011 5021 5020
f 5013 5068 5012
f 5028 5072 5029
f 5077 5064 5065
f 5065 5079 5077
f 5083 5080 5060
f 5063 5080 5065
f 5054 5071 5078
f 4602 4711 4851
f 5058 5083 5053
f 4982 4792 4793
f 5041 5045 5061
f 3909 3278 3250
f 3471 3473 3472
f 5002 4994 4995
f 5060 5067 5059
f 4892 4862 4891
f 4891 4884 4892
f 4996 5003 5001
f 4997 5005 5000
f 4813 4614 4829
f 4618 4827 4613
f 5089 5093 5092
f 3303 3305 3304
f 5100 5102 5101
f 5107 5109 5108
f 5110 5092 5114
f 4610 4734 4874
f 5112 5100 5084
f 5088 5090 5089
f 5119 5117 5116
f 5092 5096 5089
f 3826 3829 3825
f 5108 5102 5126
f 5100 5087 5084
f 5118 5133 5138
f 3783 3690 3784
f 4444 4446 4445
f 5151 5150 5152
f 4790 4617 4813
f 4332 4190 4187
f 3266 4451 4448
f 3211 3332 3946
f 4741 4760 4652
f 4775 4777 4776
f 4764 4691 4766
f 4489 4048 4490
f 4466 4511 4497
f 4518 3930 4514
f 4786 4791 4807
f 4980 4984 4977
f 5144 5150 5143
f 5159 5148 5158
f 5121 5120 5114
f 5169 5162 5165
f 5016 4979 5017
f 5123 5179 5122
f 5181 5140 5183
f 5175 5184 5141
f 4575 4586 4534
f 4984 4976 4977
f 4596 4598 4597
f 5182 5183 5186
f 4785 4787 4786
f 5137 5122 5179
f 5167 5180 5181
f 4835 4898 4897
f 4687 4726 4633
f 4176 4170 4398
f 4760 4655 4652
f 4681 4649 4646
f 5121 5132 5131
f 5171 5178 5170
f 5174 5191 5176
f 5169 5194 5164
f 4909 5095 4907
f 5105 5112 5113
f 4767 5126 4803
f 5201 5205 5204
f 5219 5217 5216
f 5229 5200 5209
f 5234 5236 5235
f 4069 4071 4070
f 4724 4717 4713
f 5108 4768 5107
f 5103 5126 5102
f 5227 5211 5226
f 5015 4884 4885
f 4997 4892 4884
f 5197 5215 5214
f 5241 5247 5246
f 5013 5019 5018
f 5205 5232 5204
f 4969 4971 4970
f 5239 5249 5248
f 4808 5225 4809
f 5216 5199 5196
f 5253 5242 5254
f 5235 5255 5256
f 5135 5157 5134
f 5264 5267 5266
f 5245 5215 5242
f 5260 5269 5267
f 5264 5274 5265
f 5154 5173 5142
f 5287 5278 5288
f 5256 5300 5257
f 5173 5176 5175
f 4631 4629 4628
f 4781 4783 4782
f 5309 5311 5310
f 5155 5144 5145
f 4826 4827 4825
f 5291 5308 5293
f 5310 5281 5286
f 5311 5308 5288
f 4036 4176 4175
f 4641 4704 4702
f 5220 4804 5223
f 4770 5207 4905
f 5188 5175 5176
f 5180 5129 5140
f 4626 5314 5313
f 4731 5315 5317
f 5222 5210 5221
f 4728 5316 5315
f 5230 5216 5196
f 5297 5240 5241
f 5204 5208 5201
f 5318 4864 5319
f 5273 5287 5289
f 5221 5219 5230
f 4700 5321 5314
f 5313 5328 5329
f 5157 5154 5142
f 5275 5263 5265
f 5324 5318 5325
f 5323 5331 5328
f 5343 5345 5344
f 5306 5286 5282
f 5278 5311 5288
f 4882 5320 5316
f 5109 5114 5120
f 5123 5130 5129
f 5299 5284 5298
f 5240 5199 5241
f 5229 5197 5214
f 5305 5292 5293
f 5233 5225 5243
f 5192 5194 5193
f 5104 4670 4746
f 5146 5160 5145
f 5337 5347 5338
f 5347 5341 5332
f 5353 5335 5352
f 5349 5354 5352
f 5355 5357 5354
f 5358 5360 5359
f 5355 5348 5360
f 5342 5365 5364
f 5345 5362 5344
f 5332 5367 5331
f 5372 5315 5316
f 5370 5366 5369
f 5361 5354 5357
f 5364 5368 5367
f 5369 5362 5370
f 5316 5330 5372
f 5373 5371 5372
f 5341 5364 5332
f 5374 5359 5373
f 5329 5375 5330
f 5377 5379 5378
f 5377 5331 5367
f 5380 5367 5368
f 5363 5370 5362
f 5357 5374 5381
f 5381 5361 5357
f 4814 4825 4827
f 4825 4816 4799
f 4806 4747 4805
f 5119 5131 5118
f 4696 4893 5387
f 4696 5390 4699
f 5213 5388 5387
f 5393 5388 5394
f 5380 5384 5379
f 5213 4893 5212
f 4813 4908 4790
f 5390 4693 4694
f 5294 5287 5295
f 5184 5186 5183
f 5285 5253 5254
f 4769 4790 4908
f 5327 5359 5360
f 4598 4690 4656
f 4608 4733 4611
f 4627 4609 4839
f 4596 4851 4711
f 4900 4706 4707
f 4668 5395 4667
f 4863 4639 4601
f 5392 4666 4667
f 4872 4651 4807
f 4807 4758 4872
f 5348 5325 5326
f 5176 5190 5188
f 5046 5022 5023
f 4853 4869 4870
f 5346 5363 5362
f 4709 4620 4599
f 4672 4904 4886
f 4680 4651 4649
f 4841 4688 4686
f 4823 4818 4821
f 4729 4602 4851
f 4881 4851 4604
f 5360 5326 5327
f 4852 4707 4869
f 4890 4669 4666
f 5392 5389 5393
f 5189 5186 5187
f 4881 4605 4607
f 5343 5369 5366
f 4607 4625 4882
f 5056 5052 5057
f 4850 4798 4894
f 3260 5398 3259
f 4855 4899 4871
f 5339 5366 5342
f 4789 4808 4677
f 5400 3948 3952
f 3872 4046 3871
f 4018 3424 3872
f 4025 4172 4024
f 4011 4024 4010
f 4065 3900 3901
f 3413 4013 3412
f 5056 5069 5070
f 5055 5070 5071
f 4062 5399 4061
f 5269 5294 5268
f 4685 4903 4846
f 5254 5240 5296
f 4606 4658 4733
f 4729 4882 4728
f 4030 4043 4029
f 4664 4753 4883
f 3575 3904 3903
f 3413 3922 3426
f 4949 4955 4934
f 4947 4913 4914
f 4849 4894 4856
f 4143 3975 4142
f 4912 4932 4911
f 3774 3995 3994
f 3956 3342 4168
f 4871 4758 4759
f 4270 4272 4271
f 4039 5400 4140
f 3555 5402 3554
f 5403 3906 3907
f 3908 3823 3907
f 4124 5408 5407
f 3901 4046 4047
f 4120 5410 5409
f 4124 4125 4123
f 5420 5404 5421
f 5424 5425 3557
f 3400 5428 3845
f 5432 5435 3226
f 4941 4945 4944
f 4935 4949 4934
f 3895 3897 3896
f 5426 4121 5418
f 5430 3906 5420
f 4045 5398 4062
f 5395 5392 4667
f 4846 4701 4840
f 4880 4710 4879
f 4624 4608 4609
f 4656 4662 4661
f 5305 5309 5304
f 5220 5222 5221
f 4230 4327 4324
f 5030 5028 5027
f 5213 5211 5210
f 5440 3269 5441
f 4396 3980 5444
f 5447 3244 3241
f 3328 5451 5396
f 4208 4248 4207
f 4599 4621 4598
f 4528 4391 4208
f 4529 4199 4207
f 4526 4339 4528
f 4256 5452 4532
f 4532 4241 4242
f 3834 5446 3831
f 5443 5444 4050
f 4530 4334 4206
f 4754 4904 4837
f 4229 4381 4331
f 4205 4383 4531
f 4892 4987 4861
f 4039 3976 4038
f 4738 4796 4741
f 4833 4897 4832
f 4232 4200 4201
f 4194 4241 4193
f 4889 4750 4748
f 4194 4365 4368
f 4531 4195 4238
f 5043 5062 5031
f 4182 4561 4180
f 5446 3241 3831
f 5237 5248 5236
f 4206 4382 4205
f 5210 5218 5219
f 3426 3417 3425
f 4216 4192 4215
f 4219 4184 4185
f 4180 4380 4179
f 4327 4591 4326
f 4223 4231 4222
f 4215 4360 4329
f 4186 4218 4185
f 4190 4209 4189
f 4223 4595 4327
f 4326 4328 4329
f 4366 4568 4186
f 4570 4549 4569
f 4579 4548 4570
f 4563 4533 4562
f 4583 4220 4580
f 4586 4561 4562
f 4239 4363 4243
f 4572 4567 4564
f 4536 4585 4535
f 4538 4566 4541
f 4536 5453 4538
f 3573 3983 3316
f 5427 3552 3556
f 4553 4588 4552
f 4593 4555 4592
f 4368 4183 4227
f 4361 4235 4236
f 4233 4527 4232
f 4233 4324 4237
f 4212 4330 4331
f 4237 4325 4236
f 4193 5452 4361
f 4983 4885 4792
f 5002 4986 4993
f 5074 5076 5075
f 4698 5391 4759
f 5391 5390 4694
f 4871 4650 4872
f 4546 4543 4544
f 4553 4901 4574
f 4552 4555 4556
f 5223 4805 5394
f 5386 5383 5363
f 5317 5371 5327
f 3240 4429 3377
f 5384 5381 5379
f 3938 3218 3937
f 3942 5455 5454
f 5361 5386 5356
f 4542 4541 4545
f 3910 5420 3428
f 3939 4060 3940
f 3851 5351 5454
f 3838 3556 3837
f 4547 4857 4546
f 5442 4050 3335
f 3385 5428 5429
f 4257 4235 4256
f 5312 4893 4809
f 4212 4204 4211
f 3854 5461 4392
f 4226 4210 4211
f 4202 4178 4201
f 3316 3897 3315
f 5464 4432 4433
f 5465 3883 4432
f 4472 4449 4450
f 4501 4450 4494
f 4074 4080 4077
f 5473 5401 4173
f 4173 5475 5473
f 3432 3520 5413
f 3462 5504 3461
f 4075 4494 4080
f 5482 3387 3392
f 5468 5470 5469
f 3427 5422 3523
f 4498 4487 3386
f 5403 5414 4128
f 3382 5522 3873
f 3492 5511 3491
f 3429 3517 3520
f 3873 5524 4453
f 5480 3350 3347
f 3477 5505 3462
f 4507 5544 4475
f 4396 5551 4051
f 3374 5553 3373
f 3373 5554 3390
f 5479 4063 3350
f 3390 5555 3393
f 5531 5566 5565
f 3368 5567 3367
f 5556 5560 5559
f 3393 5557 5556
f 4433 5463 5464
f 5464 5458 5456
f 4435 4439 3380
f 4055 3277 3274
f 3273 3911 3370
f 3395 3358 3394
f 5486 4071 5484
f 5526 4453 5524
f 5525 5569 5566
f 5568 3527 5567
f 3527 3847 3366
f 3365 3849 5462
f 5462 3850 5459
f 4435 5571 4430
f 3378 3943 3944
f 5573 5577 5574
f 4438 3943 3379
f 5477 5579 5476
f 5582 5580 5579
f 5583 5581 5584
f 5586 5588 5587
f 4074 5586 4073
f 5583 5474 5473
f 4507 5590 3991
f 5573 4522 4520
f 3989 5596 3988
f 5594 3407 5593
f 4436 5572 5571
f 5591 3991 5590
f 4507 4476 5589
f 3990 5587 5588
f 5578 3406 5577
f 5595 5584 5581
f 5484 3358 5486
f 4441 5467 3882
f 5472 4077 4139
f 5522 5570 5524
f 5486 3353 3524
f 5481 3386 3387
f 3475 5492 3518
f 5476 3899 5477
f 5540 5606 5603
f 5542 5603 5607
f 5608 5542 5607
f 5608 5545 5544
f 5607 5609 5545
f 5599 5548 5612
f 5598 5543 5608
f 5595 5593 5596
f 5588 3989 3990
f 5626 3266 5627
f 5627 4448 5628
f 5469 4469 5468
f 4515 5625 4491
f 4503 4474 4509
f 4481 5627 4480
f 4500 5469 5470
f 3414 5466 5465
f 5594 5581 5582
f 3376 4430 5571
f 3444 3941 3855
f 5572 3444 3445
f 4273 4287 4272
f 4345 4357 4344
f 4386 4305 4385
f 4517 4463 5625
f 4352 4319 4379
f 4352 4251 4336
f 4268 4390 4388
f 4264 4320 4323
f 4346 4282 4283
f 4337 4343 4344
f 4289 4245 4288
f 4303 4287 4288
f 4343 4291 4342
f 4284 4244 4289
f 4375 4291 4294
f 4379 4271 4272
f 4337 4348 4336
f 4524 4295 4290
f 4364 4197 4279
f 4285 4390 4302
f 5206 5208 5207
f 4297 4371 4296
f 4346 4286 4273
f 4285 4333 4284
f 3571 4395 5460
f 5341 5339 5342
f 5346 5334 5335
f 5269 5273 5289
f 4510 5609 5610
f 4509 5545 5609
f 4445 5611 5546
f 5566 5568 3368
f 5349 5338 5348
f 5489 3401 3398
f 5565 3368 3338
f 5496 5417 5630
f 5523 3383 5634
f 5325 5347 5324
f 5523 5599 5522
f 5429 3401 5633
f 3887 5631 5630
f 5634 5600 5523
f 5276 5279 5277
f 5298 5257 5300
f 5087 5085 5084
f 3361 5612 5548
f 5041 5066 5040
f 5487 3383 3384
f 5101 5130 5100
f 5299 5300 5303
f 5333 5335 5334
f 5302 5304 5303
f 5234 5216 5217
f 5301 5255 5258
f 4868 5322 4867
f 5281 5277 5279
f 5323 5322 5324
f 5298 5296 5297
f 4885 4750 4792
f 5231 5196 5197
f 4625 5313 5320
f 5111 5085 5098
f 5600 5549 5548
f 5531 5563 5527
f 5165 5182 5189
f 5283 5285 5284
f 4269 4277 4268
f 5610 5603 5606
f 5127 5091 5128
f 4907 5125 4906
f 5277 5272 5262
f 5596 5592 5598
f 5212 5226 5211
f 5273 5262 5272
f 5302 5258 5292
f 5635 5645 5640
f 4250 4379 4378
f 4485 3405 3402
f 4354 4023 4351
f 4265 4304 4386
f 4388 4282 4387
f 4345 4384 4385
f 4362 4297 4259
f 4836 4612 4828
f 4360 4236 4325
f 4369 4237 4234
f 5647 3986 3573
f 5650 3192 3189
f 5337 5336 5333
f 4467 4477 4466
f 4253 4340 4252
f 4429 5457 4428
f 3997 3915 3540
f 5535 3839 3982
f 5538 4460 4456
f 3439 5571 3438
f 5570 5526 5524
f 3438 5572 3445
f 4440 3879 3876
f 3440 4407 3449
f 3886 5695 5694
f 5534 5396 5451
f 5685 3471 5684
f 4278 4301 4302
f 5628 4449 5469
f 3579 3538 3578
f 4480 5628 4500
f 4402 5517 5518
f 4279 4198 4278
f 3603 3532 3602
f 3580 4088 4090
f 4095 3531 4094
f 5248 5251 5250
f 3778 3999 3776
f 4617 4613 4614
f 4375 4372 4519
f 3411 4136 3410
f 5094 5111 5097
f 3602 3535 3605
f 4023 4350 4351
f 4349 4336 4348
f 3605 3536 3592
f 4469 4471 4470
f 4094 3593 4097
f 4248 4245 4246
f 3519 5518 5517
f 5254 5284 5285
f 4852 4795 4766
f 4265 5629 4264
f 5632 5503 5631
f 3604 3612 3601
f 5549 5502 3360
f 3653 3607 3661
f 4780 4873 4779
f 4988 4979 4976
f 4491 5626 4481
f 4837 4995 4994
f 4615 4765 4749
f 5468 4470 4504
f 3514 3467 3513
f 5491 4409 5679
f 4093 3619 4092
f 4364 5629 4297
f 3488 5509 3487
f 5606 5611 5610
f 4210 4189 4209
f 4600 4602 4601
f 5242 5198 5240
f 5073 5075 5072
f 5651 3940 4060
f 3996 3775 3998
f 5200 5202 5201
f 5525 5527 5526
f 3364 4434 3363
f 3775 3542 3581
f 3941 5485 3855
f 3731 4105 3730
f 4997 4999 4998
f 4508 5608 5544
f 4101 3818 3816
f 3728 4103 3727
f 4591 4592 4328
f 4539 4538 4537
f 4550 4552 4551
f 4541 4567 4545
f 4389 4570 4568
f 4582 4580 4576
f 4976 4978 4977
f 4705 4707 4706
f 4797 4843 4844
f 3713 3730 3726
f 4675 4702 4704
f 4977 4981 4980
f 4810 4817 4816
f 4786 4812 4785
f 4715 4628 4714
f 4978 5021 4981
f 5010 5006 4991
f 3722 4162 4161
f 4558 4560 4559
f 4568 4569 4218
f 4584 4535 4585
f 4641 4715 4716
f 5026 5012 5068
f 4776 4745 4742
f 4714 4712 4713
f 4982 5001 4985
f 4576 4560 4582
f 4564 4566 4565
f 5069 5018 5029
f 5057 5048 5047
f 4810 4811 4680
f 3710 3786 3709
f 4991 4999 5010
f 5011 5010 5004
f 5008 5022 5027
f 5066 5063 5040
f 5047 5024 5025
f 5050 5051 5053
f 5023 5016 5024
f 5045 5059 5061
f 5047 5026 5057
f 3711 3724 3721
f 5048 5037 5047
f 5042 5063 5062
f 5058 5051 5054
f 5036 5046 5037
f 3715 3700 3714
f 5235 5257 5246
f 3732 3704 3702
f 5030 5062 5064
f 5020 5023 5022
f 5263 5261 5260
f 5049 5044 5034
f 5236 5250 5255
f 5031 5027 5022
f 5043 5039 5042
f 5320 5329 5330
f 5049 5052 5051
f 5326 5317 5327
f 3264 3288 3285
f 5264 5263 5260
f 4998 4992 4987
f 5009 5020 5008
f 5036 5039 5038
f 5032 5034 5033
f 4355 3949 3422
f 4269 4374 4323
f 4253 4378 4303
f 4525 4252 4340
f 3960 4111 3866
f 4372 4258 4296
f 5681 5673 5675
f 4378 4272 4287
f 4270 4346 4273
f 3244 5644 5643
f 4899 4648 4650
f 3734 3702 3810
f 4138 3343 4137
f 4192 4361 4360
f 3813 3812 3810
f 3817 3696 3814
f 5668 5682 5674
f 5690 5687 5684
f 5499 5700 5517
f 3999 3820 3577
f 3745 4102 4106
f 5684 3472 5690
f 5702 3860 5703
f 5712 5693 5670
f 3249 4393 3572
f 5695 5715 5694
f 5694 5716 5696
f 5719 5601 5602
f 4918 4950 4952
f 4774 4743 4773
f 3844 5605 3735
f 5505 4411 5504
f 3583 3585 3582
f 3710 4157 4160
f 5513 4417 5508
f 5704 4146 5709
f 4141 4062 4049
f 5669 5688 4410
f 3898 5653 5450
f 5718 3972 5719
f 5684 5686 5685
f 3917 5717 3512
f 3463 5662 5660
f 5492 5680 5491
f 4931 4950 4919
f 5665 3441 5663
f 3788 3740 3790
f 3501 3529 3994
f 3569 3477 3308
f 5516 5727 5515
f 3564 3566 3565
f 3892 5406 3889
f 3962 5407 3961
f 4126 4123 4125
f 4116 3287 5411
f 3892 5630 5417
f 3824 5413 5414
f 4408 5680 4412
f 3969 3978 5402
f 4408 3449 4407
f 4414 3449 4413
f 3962 3262 4125
f 4425 5616 4321
f 4418 5727 4419
f 5716 5575 5696
f 5719 5717 5718
f 5698 5692 5697
f 3880 4166 3987
f 5652 5520 5619
f 5621 4167 4166
f 5679 4410 5688
f 3210 3355 5618
f 5622 5451 5657
f 5416 5497 5624
f 5729 5731 5730
f 5733 3761 3758
f 5735 5737 5736
f 5750 5751 5734
f 5744 5740 5741
f 5744 3753 5746
f 5753 5730 5731
f 5757 5736 5737
f 5731 5765 5753
f 5774 5776 5775
f 5790 5792 5791
f 5796 5787 5797
f 5817 5819 5818
f 5828 5830 5829
f 3725 3751 3747
f 4874 4873 4875
f 4700 4903 4902
f 4740 4876 4739
f 3199 3201 3200
f 4100 4099 4101
f 3749 4108 3748
f 3695 3712 3692
f 3378 3380 3379
f 5504 4412 5507
f 4405 5518 5699
f 5838 5835 5836
f 4705 4712 4708
f 5832 5828 5833
f 5697 5678 5698
f 3791 4005 3790
f 5848 5794 5850
f 3714 3701 3704
f 3995 4042 3890
f 3329 3224 3222
f 4005 3705 4004
f 4551 4763 4550
f 5855 5808 5856
f 5851 5792 5852
f 5803 5858 5847
f 5844 5840 5845
f 5762 5743 5740
f 5808 5806 5807
f 4012 3426 3423
f 5558 3467 4067
f 4550 4720 4901
f 4950 4953 4952
f 3885 5694 5696
f 5705 4081 4082
f 5508 4415 5505
f 3745 3760 3744
f 5507 5680 5506
f 3592 3588 3591
f 3895 5658 5653
f 5613 5501 5549
f 3834 4393 4055
f 5527 4455 5526
f 5775 5809 5774
f 5766 5813 5810
f 5858 5812 5859
f 5855 5811 5858
f 5863 5819 5862
f 5826 5863 5829
f 5862 5833 5828
f 5870 5837 5845
f 5782 5831 5832
f 5868 5836 5873
f 5778 5843 5844
f 5866 5845 5840
f 5785 5867 5784
f 5790 5789 5793
f 5796 5794 5795
f 5821 5819 5820
f 5657 5620 5622
f 5793 5852 5792
f 5855 5801 5798
f 5853 5786 5796
f 5804 5802 5803
f 5827 5864 5822
f 5767 5821 5813
f 5854 5776 5777
f 5860 5818 5861
f 5782 5825 5785
f 5781 5844 5834
f 5810 5815 5816
f 5867 5830 5784
f 5809 5798 5799
f 5828 5863 5862
f 5865 5838 5868
f 5801 5802 5800
f 4086 3795 4149
f 5779 5842 5843
f 5827 5829 5830
f 5839 5869 5835
f 5814 5855 5856
f 5711 3859 5702
f 4958 4917 4960
f 5861 5821 5768
f 5863 5812 5820
f 5865 5823 5824
f 5873 5837 5871
f 5872 5842 5780
f 4089 3563 5704
f 3812 3785 3811
f 5770 5787 5788
f 5789 5847 5846
f 5793 5846 5849
f 4145 4146 3498
f 5848 5790 5791
f 3953 4009 3952
f 5748 5874 5747
f 4624 4626 4625
f 4665 4752 4664
f 4775 4779 4778
f 4746 4671 4747
f 4637 4601 4639
f 4828 4613 4827
f 4704 4762 4675
f 4843 4727 4687
f 4543 4725 4542
f 4731 4863 4730
f 4723 4558 4722
f 4842 4840 4838
f 4717 4857 4718
f 4865 4867 4866
f 5841 5866 5840
f 4725 4540 4542
f 4798 4816 4817
f 4632 4634 4633
f 4720 4715 4719
f 4642 4644 4643
f 3754 5874 5876
f 4860 4644 4847
f 4674 4722 4721
f 4808 4676 4677
f 4721 4822 4821
f 5876 5877 5746
f 4836 4840 4839
f 4658 4660 4659
f 4826 4800 4838
f 4877 4743 4744
f 4948 4971 4943
f 4875 4876 4889
f 4954 4934 4955
f 5773 5788 5790
f 5825 5833 5824
f 5834 5836 5835
f 5834 5845 5837
f 3359 3361 3360
f 5732 3756 3757
f 3394 3396 3395
f 3766 5741 5742
f 5774 5799 5777
f 5805 5857 5802
f 5813 5820 5812
f 3969 3964 3968
f 5667 5674 5666
f 5729 3792 3756
f 3770 5741 3769
f 4741 4739 4738
f 4689 4660 4661
f 5772 5787 5771
f 5735 3758 3764
f 5850 5773 5848
f 5617 3965 5650
f 5799 5854 5777
f 5875 5764 5879
f 5840 5842 5841
f 5861 5769 5860
f 5807 5853 5851
f 5869 5834 5835
f 3765 5739 5738
f 5882 5761 5759
f 5881 5887 5889
f 5895 5898 5897
f 5907 5906 5908
f 5909 5908 5910
f 4234 4526 4369
f 3912 3389 3914
f 5934 8730 8729
f 8730 5930 5931
f 4920 4922 4921
f 8845 8853 8851
f 4141 3404 4174
f 3733 3706 3731
f 8849 8848 8850
f 4234 4236 4235
f 8863 5919 8862
f 3733 4004 3705
f 5908 8859 8867
f 8865 8871 8870
f 8859 8863 8864
f 5927 5925 5928
f 5911 5904 5912
f 8878 8866 8879
f 5635 5637 5636
f 5745 5746 5877
f 3552 3554 3553
f 8857 8890 8875
f 5924 8860 5923
f 3553 3556 3552
f 5919 8861 8862
f 8869 8870 8891
f 8873 8878 8876
f 8856 8875 8874
f 8862 5889 5887
f 8846 8844 8843
f 8864 8866 8865
f 8729 8883 8884
f 8848 8887 8886
f 8878 5888 8893
f 8896 8855 8897
f 8853 8896 5885
f 8841 5882 5883
f 3489 3491 3490
f 8867 8864 8868
f 5910 8867 8898
f 5914 8898 8899
f 5916 8899 8900
f 5889 8860 5890
f 8876 8893 8894
f 5918 8900 8901
f 4424 5726 4423
f 8904 8900 8899
f 8909 8904 8905
f 8908 8903 8904
f 8869 8905 8868
f 3632 3667 3635
f 3687 3689 3688
f 3636 3681 3631
f 3664 3639 3665
f 4304 4306 4305
f 8909 8891 8910
f 3681 3695 3680
f 3758 3760 3759
f 3684 3700 3683
f 3721 3723 3722
f 3941 3943 3942
f 3738 3740 3739
f 3687 3709 3690
f 3238 3938 3220
f 4249 4288 4245
f 4499 3344 4464
f 4240 4368 4367
f 3453 3951 3919
f 4401 3547 3967
f 3950 3451 3436
f 3702 3701 3703
f 3725 3727 3726
f 3194 3208 3193
f 4034 4461 4462
f 3914 3913 3912
f 3483 3533 3482
f 3191 3957 3206
f 4292 3970 4293
f 3909 3428 3356
f 3959 3866 3867
f 4017 4309 4016
f 4316 4008 3953
f 4448 4450 4449
f 4414 4417 4416
f 3435 3351 3433
f 4413 4415 4414
f 3899 3901 3900
f 3780 3648 3809
f 3474 3886 3885
f 3958 3192 3214
f 3221 3935 4427
f 3905 3907 3906
f 3913 4486 3313
f 4420 4421 4085
f 3881 3883 3882
f 4004 3790 4005
f 4271 4318 4316
f 4259 4296 4258
f 3501 4066 3468
f 5897 5900 5899
f 5901 5904 5903
f 8854 8856 8855
f 3789 3786 3720
f 3651 3781 3782
f 5924 5901 5925
f 8870 8873 8872
f 8876 8874 8873
f 5912 5918 5911
f 3805 3799 3737
f 3369 3395 3396
f 3923 3925 3924
f 3916 3512 3509
f 3641 3801 3642
f 4276 4323 4320
f 4181 4331 4330
f 4428 3377 4429
f 3495 4321 4322
f 4436 3380 3381
f 4430 4437 4435
f 3945 3958 3946
f 4065 4047 3418
f 4495 3408 4496
f 8913 8915 8914
f 8911 8917 8916
f 8889 8923 8890
f 8919 8931 8921
f 8884 8918 8885
f 8922 8931 8925
f 5852 5909 5851
f 5866 5915 5917
f 8926 8914 8915
f 8914 8883 8913
f 8886 8921 8888
f 5846 5894 5891
f 5873 5900 5868
f 8893 5764 5754
f 8894 5754 5753
f 5890 5927 8936
f 5885 5755 5758
f 5871 5902 5873
f 5763 5883 5762
f 5880 8936 5763
f 4175 4398 4399
f 4274 4255 4275
f 8883 5931 8882
f 8868 8898 8867
f 3289 3247 3292
f 3858 5485 5921
f 8850 8886 8888
f 4116 5409 4115
f 3889 4127 5415
f 3678 8938 8937
f 8857 8888 8889
f 3979 3294 3295
f 4126 3431 3823
f 3651 3679 3650
f 3460 5921 3354
f 4084 3310 3487
f 8905 8899 8898
f 3561 5397 5656
f 3213 5528 5519
f 4191 4193 4192
f 5449 5532 5533
f 4142 4031 4479
f 4060 5652 5651
f 4480 4482 4481
f 5519 3212 3213
f 5657 3330 3940
f 4473 4475 4474
f 3514 5668 5667
f 5663 5669 5665
f 8881 5926 8880
f 5734 5749 5750
f 4788 4677 4678
f 3997 3538 3506
f 3551 3310 3294
f 3577 3998 3999
f 4893 4676 4809
f 4753 4671 4672
f 8729 8885 8843
f 3813 9021 8937
f 8938 3813 8937
f 8882 5929 8881
f 4098 3820 3821
f 3399 5416 3398
f 5494 5503 4403
f 5880 5878 5881
f 4986 4861 4987
f 4999 5004 5010
f 4985 4988 4976
f 5816 5766 5810
f 4372 4384 4519
f 5688 5692 5679
f 8903 8901 8900
f 8879 5887 5888
f 8902 8880 8901
f 5919 5895 5920
f 4519 4342 4291
f 8847 8854 8853
f 5925 5903 5926
f 4021 4523 4025
f 5678 5676 4406
f 4424 4085 4421
f 5701 3577 3820
f 5928 5926 5929
f 5000 4980 5004
f 9022 3545 4113
f 9024 5409 5410
f 4008 4010 4009
f 3931 4516 4513
f 3822 3807 3821
f 8851 8844 8845
f 5728 5509 5721
f 9025 4115 5409
f 5209 5201 5208
f 4820 4653 4682
f 3988 5598 4508
f 3370 3357 3395
f 5639 5641 5640
f 5592 4477 5543
f 3378 5572 3381
f 5625 3265 5626
f 5594 5577 3406
f 3302 5645 3301
f 3274 3278 3273
f 5207 5233 5243
f 5071 5072 5075
f 4815 4785 4812
f 4796 4643 4760
f 3243 5643 5648
f 5301 5303 5300
f 5431 5655 5654
f 5251 5244 5252
f 3353 3523 3524
f 4174 3405 3411
f 3546 4113 3545
f 4002 3788 4004
f 4196 4238 4195
f 3232 5647 3231
f 4373 4266 4310
f 4867 5321 4902
f 5648 4058 3243
f 4455 3893 4453
f 5593 4511 5592
f 5275 5252 5253
f 5252 5274 5251
f 4092 3624 3597
f 3723 3743 3722
f 4780 4802 4796
f 4059 3560 5425
f 4317 4347 4270
f 5188 5192 5187
f 5570 5612 5569
f 3385 5633 3384
f 3526 5569 5612
f 3576 3608 3590
f 3581 3594 3580
f 5239 5238 5232
f 5081 5083 5082
f 4369 4528 4527
f 4325 4329 4360
f 3569 3286 3336
f 9022 4112 5709
f 3661 3801 3653
f 5074 5030 5064
f 5064 5063 5065
f 3563 3498 4146
f 3961 4119 5411
f 4854 4870 4735
f 5018 5028 5029
f 5007 5027 5028
f 5040 5039 5041
f 3240 3875 3239
f 5070 5029 5072
f 3504 3866 4111
f 3537 3591 3588
f 5033 5039 5032
f 4710 4635 4879
f 5017 4989 5014
f 5024 5046 5023
f 4991 5019 4990
f 4587 4574 4573
f 4996 4793 4878
f 5066 5059 5067
f 5221 5231 5220
f 5068 5057 5026
f 3675 3643 3642
f 3663 3675 3662
f 4722 4559 4822
f 3579 3590 3591
f 3686 3677 3678
f 4422 3499 4419
f 5142 5138 5133
f 5078 5075 5076
f 3609 3590 3608
f 3288 5411 3287
f 5424 5410 3246
f 5152 5156 5172
f 3960 5709 4112
f 4946 4957 4958
f 3867 5705 3959
f 9026 4113 5710
f 5192 5189 5187
f 5161 5194 5171
f 3637 3682 3636
f 4392 3847 3848
f 3796 4149 3795
f 4104 3727 4103
f 3594 3993 4088
f 3796 4134 5710
f 3687 4156 4157
f 3760 4164 4165
f 4464 3345 4467
f 3485 3868 3484
f 3846 5423 4130
f 3409 4496 3408
f 3767 3765 3762
f 3711 4159 4160
f 3797 4087 3510
f 4072 5562 5560
f 4502 5590 5589
f 5408 9027 4118
f 5683 5714 5682
f 5702 4110 5711
f 5623 4148 4167
f 5428 3525 3522
f 3668 3802 3667
f 4000 8938 3679
f 4221 4179 4380
f 4267 4388 4315
f 3721 4161 4159
f 3903 5706 5705
f 3583 4090 4091
f 3894 3524 3525
f 4635 4636 4634
f 4173 4009 4010
f 4890 5393 5394
f 5290 5293 5292
f 5339 5337 5333
f 5458 4438 4439
f 3251 5430 3910
f 3252 5419 3251
f 3428 5421 3427
f 3571 5418 3252
f 4583 4554 4593
f 4239 4224 4238
f 3322 5450 5449
f 5309 5306 5304
f 4109 3748 4108
f 5707 3794 3795
f 5139 5183 5140
f 5271 5290 5259
f 5280 5282 5279
f 5110 5125 5115
f 5319 4731 5317
f 5334 5339 5333
f 5423 3523 5422
f 5376 5378 5375
f 4721 4646 4674
f 3719 4159 4161
f 4853 4692 4795
f 5373 5330 5375
f 4428 5456 4437
f 5376 5328 5331
f 3337 4434 4431
f 4692 5395 4795
f 5475 4523 5476
f 5478 4068 4522
f 5421 4129 5422
f 5374 5375 5378
f 5283 5306 5282
f 5246 5234 5235
f 5154 5150 5153
f 4458 5561 4457
f 5163 5158 5168
f 5381 5378 5379
f 3397 5484 5483
f 4457 5563 5537
f 5147 5150 5149
f 4474 5544 5545
f 5325 5319 5326
f 5223 5388 5222
f 5517 3521 3519
f 4499 3347 4487
f 5404 4128 4129
f 3476 5506 3475
f 4084 5515 4083
f 3900 5477 3899
f 5536 5547 5546
f 5491 5493 5492
f 5474 4139 5401
f 4063 4522 4068
f 4459 5541 5540
f 5548 3360 3361
f 5444 5550 4396
f 3888 5415 5412
f 5546 3339 4445
f 5536 5538 5537
f 3570 5508 3477
f 4471 5589 4476
f 4280 3359 5933
f 5499 4403 5503
f 5189 5169 5165
f 5543 4478 5542
f 4051 5552 3374
f 3461 5507 3476
f 4629 4870 4869
f 5106 4909 4862
f 5286 5279 5282
f 5462 3364 3365
f 3491 5514 3840
f 5224 5231 5229
f 4478 5540 5542
f 4099 3742 3723
f 4803 4805 4804
f 4130 5422 4129
f 4470 4476 4473
f 4924 4921 4922
f 4920 4927 4926
f 4993 4987 4992
f 4887 4913 4912
f 3894 4070 4071
f 5472 5585 5586
f 3508 4134 3507
f 3603 4096 4097
f 3772 3992 4110
f 5712 5671 5672
f 3739 4162 4163
f 5683 3515 5715
f 5480 4495 5479
f 5698 5493 5498
f 3578 3996 3998
f 3645 4154 4155
f 5660 3466 3463
f 4135 5710 4134
f 5587 4073 5586
f 5687 5693 5686
f 3584 4091 4150
f 5585 5584 5588
f 4128 5415 4127
f 4257 4338 4526
f 4222 4178 4179
f 4366 4191 4216
f 5098 5091 5088
f 5761 5737 5760
f 5760 5738 5739
f 8852 5934 8844
f 8874 8855 8856
f 8895 8855 8877
f 5884 8842 8852
f 4557 4582 4560
f 8890 8917 8892
f 8918 8930 8920
f 8924 8915 8916
f 4182 4330 4190
f 3864 5711 4110
f 3574 3230 3231
f 3342 3415 3341
f 3488 3549 3840
f 4317 3953 3949
f 3672 4152 4153
f 5708 3865 5707
f 9021 3685 3686
f 3621 3616 3617
f 5728 4419 5727
f 4311 4028 4310
f 4131 3543 3841
f 4426 3842 4423
f 4518 4168 4427
f 5457 5464 5456
f 5425 3558 3837
f 5458 4437 5456
f 3416 5465 5457
f 5638 5437 5637
f 3985 5636 5637
f 5646 5636 5647
f 9023 3554 5402
f 5722 5514 5726
f 3256 3934 3255
f 4164 5734 5751
f 8885 8920 8887
f 3282 3929 3281
f 3292 3320 3291
f 3232 3300 3301
f 3303 3271 3334
f 3562 5432 3325
f 3392 3388 3391
f 3854 5350 3851
f 5463 5459 5458
f 5935 3885 5576
f 3879 3954 3878
f 3928 3391 3388
f 4137 4458 4138
f 5454 3850 3851
f 3548 3549 3550
f 4443 5470 4442
f 4452 4506 4447
f 4468 3415 3879
f 4443 3876 4483
f 3234 4515 4516
f 5434 3896 5433
f 5448 5441 5644
f 5447 5443 5442
f 4442 5471 5467
f 5550 3275 5551
f 5578 4520 3409
f 3464 5666 3463
f 4701 4839 4840
f 3259 4041 4030
f 4015 3423 4018
f 3558 3982 3839
f 4856 4823 4824
f 4741 4653 4740
f 3759 4106 3763
f 3560 3290 3559
f 9024 3557 3553
f 5438 3280 5439
f 3321 3290 3291
f 5557 4072 5560
f 5553 3396 5554
f 4045 4174 4044
f 4539 4849 4585
f 3536 3503 3588
f 5478 5574 5477
f 3800 3510 3511
f 4755 4886 4754
f 5561 5527 5563
f 5752 5732 5751
f 5752 5756 5765
f 3518 5493 5521
f 3767 4107 4108
f 3534 4097 3593
f 4395 3826 3827
f 3926 3371 3925
f 4446 5610 5611
f 4050 3980 3981
f 8887 8843 8885
f 5649 5640 5645
f 4643 4761 4760
f 3709 3784 3690
f 4778 4660 4777
f 5649 4054 5648
f 5646 3301 5645
f 3250 3910 3909
f 5884 5757 5761
f 5655 5936 5937
f 4224 4226 4225
f 4043 3412 4013
f 4286 4288 4287
f 4267 4310 4266
f 4493 4080 4494
f 3325 3226 3227
f 3925 3372 3928
f 4312 4314 4313
f 3996 3540 3541
f 8908 8912 8907
f 4023 4025 4024
f 3995 3891 3994
f 5482 5559 4137
f 4486 3921 4484
f 4300 4302 4301
f 5438 5644 5441
f 3233 3282 3270
f 3225 3227 3226
f 5446 5445 5443
f 5554 3397 5555
f 4834 4830 4772
f 4064 3350 4063
f 3596 3598 3597
f 5639 5648 5643
f 5434 5654 5658
f 4895 4830 4831
f 3674 3676 3675
f 3551 3978 3550
f 3835 3305 3306
f 3813 3702 3703
f 3691 4160 4157
f 4109 4101 4103
f 4565 4188 4564
f 3490 3547 3489
f 3672 3647 3673
f 8906 8912 8913
f 3810 3811 3734
f 4051 4397 4396
f 3566 4090 4088
f 5580 5476 5579
f 4456 5537 5538
f 5539 5546 5611
f 8844 8729 8843
f 8872 8874 8875
f 4383 4198 4195
f 4931 4927 4930
f 5529 5397 5396
f 5314 5323 5328
f 5347 5323 5324
f 4711 4599 4596
f 5387 5389 4696
f 5259 5292 5258
f 5195 4803 5126
f 5195 4746 4806
f 4639 4866 4685
f 4821 4681 4721
f 3421 5399 3260
f 4730 4601 4602
f 4807 4811 4786
f 4040 3421 3948
f 4844 4800 4797
f 3936 3929 3930
f 4894 4817 4823
f 5365 5383 5368
f 4657 4661 4658
f 5224 4770 4804
f 5368 5382 5380
f 5336 5352 5335
f 5353 5386 5363
f 4070 4454 4069
f 5396 3327 3328
f 5225 5312 4809
f 5384 5386 5385
f 5391 4695 4759
f 4735 4870 4630
f 4407 4409 4408
f 4623 4880 4706
f 5356 5352 5354
f 4578 4859 4577
f 3239 3217 3938
f 3937 3333 3939
f 4578 4534 4535
f 5467 4505 4452
f 4836 4826 4838
f 4422 5721 4421
f 3392 5556 5482
f 5564 5565 5547
f 3807 3663 3660
f 5922 4392 4281
f 3680 3692 3693
f 3630 3632 3631
f 4416 5725 4418
f 4033 3836 4176
f 3238 4168 3342
f 3466 3483 3484
f 3678 3650 3679
f 3677 3649 3650
f 3340 4431 3884
f 3562 5656 5655
f 5658 5938 5939
f 3642 3640 3641
f 3306 3334 3981
f 3256 3280 3281
f 8910 8892 8917
f 5868 5898 5859
f 8924 8922 8925
f 8935 8925 8931
f 8882 8913 8883
f 8925 8926 8924
f 8840 8936 5927
f 5852 5905 5907
f 5136 5124 5137
f 4243 4260 4242
f 5238 5228 5232
f 5642 5643 5644
f 3924 3928 3927
f 5412 5700 3888
f 3750 3751 3707
f 3746 3770 3769
f 3859 3861 3860
f 3972 3493 3494
f 5923 8861 5920
f 4945 4958 4959
f 3296 3286 3287
f 3824 3907 3823
f 3671 4154 4153
f 4137 5481 5482
f 3614 3802 3617
f 3283 3559 3290
f 4936 4934 4933
f 5511 5726 5514
f 4170 3926 3923
f 3572 3830 3826
f 3459 3858 3460
f 3496 4425 3495
f 3457 3436 3437
f 3984 3986 3985
f 3914 3386 4487
f 5512 5723 5511
f 4500 4483 4480
f 4501 4471 4472
f 4503 4505 4504
f 4143 4461 4490
f 3331 3222 3219
f 4016 4018 4017
f 3998 3776 3999
f 4114 5710 4113
f 4405 4406 4404
f 5602 5720 5719
f 4767 4804 4770
f 4929 4954 4928
f 4410 5665 5669
f 3888 5632 3887
f 4048 3977 3974
f 3947 3212 5652
f 5676 3472 3473
f 5782 5784 5783
f 4315 4311 4267
f 5699 5521 5493
f 5864 5825 5822
f 5826 5822 5823
f 5775 5805 5806
f 3236 3270 3271
f 5823 5859 5826
f 4957 4895 4917
f 8868 8865 8869
f 4281 3848 4280
f 4940 4971 4949
f 4013 4029 4043
f 3685 3701 3684
f 4339 4377 4391
f 8891 8872 8892
f 3753 3755 3754
f 4427 3220 3221
f 3809 3779 3780
f 3568 4418 3500
f 3880 3918 3805
f 3543 3842 3841
f 4646 4648 4647
f 4656 4597 4598
f 4781 4820 4784
f 4972 4974 4973
f 5101 5109 5120
f 5095 5115 5125
f 5090 5132 5093
f 5131 5134 5133
f 5134 5127 5135
f 5117 5140 5129
f 3539 3863 3595
f 4006 3792 4007
f 5128 5099 5124
f 5097 5089 5096
f 5274 5271 5259
f 4571 4569 4549
f 4225 4238 4224
f 5156 5170 5172
f 4538 4540 4537
f 4622 4665 4662
f 4981 5004 4980
f 5012 4975 5013
f 5148 5149 5157
f 5157 5133 5134
f 5161 5145 5160
f 4261 4242 4260
f 5294 5291 5268
f 4255 4532 4261
f 5274 5250 5251
f 4246 4207 4248
f 3314 3927 3912
f 4670 4672 4671
f 4995 4673 4986
f 4638 4603 4600
f 4341 4525 4340
f 5163 5165 5162
f 4834 4784 4819
f 4784 4682 4819
f 4844 4687 4688
f 5280 5275 5285
f 4217 4564 4188
f 4554 4556 4555
f 4551 4556 4594
f 4549 4544 4571
f 5141 5173 5175
f 4653 4683 4682
f 4973 4989 4988
f 4984 5015 4983
f 5177 5170 5178
f 5166 5181 5182
f 5141 5139 5138
f 5178 5151 5177
f 5244 5203 5245
f 5252 5245 5253
f 4479 4079 4493
f 4402 4404 4403
f 3500 4419 3499
f 5856 5909 5913
f 4488 3348 3349
f 8851 5885 5886
f 3607 5701 4098
f 3508 3503 3504
f 5847 5896 5894
f 4374 4309 4263
f 3380 4438 3379
f 9025 3553 3554
f 5718 4131 3973
f 3300 3283 3321
f 5551 3276 5552
f 5552 3369 5553
f 5555 5483 5557
f 5859 5896 5858
f 4133 3794 3915
f 3606 3652 3610
f 4900 4766 4691
f 4616 4789 4788
f 3738 4164 3757
f 4774 4642 4801
f 4399 3402 4175
f 5853 5795 5851
f 3936 4427 3935
f 3418 4064 4065
f 5510 3840 5514
f 3270 3279 3269
f 3274 4056 4055
f 4359 4305 4306
f 4135 3504 4111
f 3610 3609 3606
f 3837 3557 5425
f 5940 4401 5941
f 5853 5803 5847
f 5725 5515 5727
f 3246 4117 3245
f 5713 5672 5681
f 4918 4916 4915
f 4148 3771 5703
f 5106 5113 5111
f 4147 5709 4146
f 5152 5177 5151
f 9026 4111 4112
f 5104 5103 5112
f 3531 3485 3593
f 3713 3715 3714
f 3699 3815 3697
f 4467 4459 4478
f 4703 4736 4640
f 5405 3846 5406
f 3555 3963 3964
f 4120 5411 4119
f 4217 4185 4218
f 3279 5441 3269
f 4944 4959 4966
f 4353 4344 4357
f 3815 3716 4104
f 3374 4052 4051
f 4491 4516 4515
f 5865 5833 5866
f 5819 5856 5862
f 5807 5856 5808
f 3933 3281 3929
f 3208 3920 3919
f 8907 8902 8903
f 5288 5295 5287
f 3728 3747 3748
f 3309 4083 3336
f 5119 5101 5120
f 3811 3789 4002
f 3595 3992 3993
f 4106 4100 4107
f 5696 5576 3885
f 3708 3750 3707
f 3744 4165 4163
f 5905 5892 5906
f 3403 4175 3402
f 4133 3506 3507
f 4147 3544 3545
f 3561 3325 3324
f 3237 3239 3238
f 4877 4793 4794
f 3241 3243 3242
f 3597 3625 3596
f 3279 3281 3280
f 3371 3373 3372
f 3599 3567 3598
f 3975 4032 4031
f 3277 3250 3278
f 3774 3565 3773
f 3658 3780 3779
f 4961 4963 4960
f 3600 3616 4096
f 4228 4202 4199
f 4011 4318 4350
f 4307 4262 4308
f 4838 4841 4842
f 4782 4773 4743
f 4914 4946 4947
f 4839 4765 4836
f 4771 4645 4642
f 4962 4964 4963
f 4966 4963 4964
f 3601 3615 3600
f 5878 5879 5881
f 5890 5881 5889
f 3720 4158 3719
f 4755 4689 4663
f 3740 3718 3739
f 5695 5686 5714
f 5740 5742 5741
f 5733 5736 5749
f 5755 5750 5749
f 5745 5762 5740
f 5798 5800 5799
f 4706 4879 4705
f 5651 5619 5620
f 5850 5797 5772
f 5804 5806 5805
f 4087 5707 4086
f 5915 5914 5916
f 5703 4167 4148
f 5893 5896 5895
f 5892 5919 8858
f 5706 5664 4081
f 5786 5788 5787
f 3973 3841 3493
f 4831 4915 4916
f 5906 8858 8859
f 4965 4969 4964
f 4684 4846 4842
f 3589 3611 3604
f 3596 4150 4091
f 5877 5763 5745
f 4121 4123 4122
f 3469 3868 3502
f 3204 3208 3207
f 3716 3726 3727
f 5460 5426 3571
f 3465 3470 3464
f 5738 3764 3765
f 4887 4655 4888
f 4203 4205 4204
f 3959 4082 4089
f 5758 5886 5885
f 5781 5872 5780
f 4675 4723 4674
f 3757 5751 5732
f 3334 3272 3335
f 8880 5903 5911
f 5615 3473 5614
f 5759 5760 5743
f 8845 8848 8847
f 5778 5780 5779
f 8857 8849 8850
f 4132 3798 3859
f 5839 5841 5842
f 560 3187 559
f 5747 4007 3792
f 5928 8840 5927
f 5766 5768 5767
f 4848 4956 4847
f 4953 4967 4965
f 4832 4910 4915
f 5879 5888 5887
f 3598 3530 4095
f 5747 5730 5748
f 5754 5748 5730
f 5810 5812 5811
f 5758 5749 5736
f 4315 4387 4314
f 5917 5916 5918
f 5913 5910 5914
f 5930 8841 8840
f 4951 4968 4953
f 3209 3201 3202
f 4059 3246 3247
f 8731 8842 8841
f 3776 3585 3778
f 5770 5772 5771
f 5891 5893 5892
f 9028 5641 5439
f 5814 5816 5815
f 5662 5673 5661
f 3522 3524 3523
f 5630 5942 5496
f 5791 5795 5794
f 5746 3754 5876
f 5928 5931 5930
f 5743 5739 5742
f 5876 5875 5878
f 3678 9021 3686
f 4200 4207 4199
f 4114 3916 4149
f 3601 3605 3604
f 3818 3712 3817
f 3315 3317 3316
f 5899 5902 5901
f 8840 5883 8936
f 5562 5559 5560
f 4416 3448 4414
f 3189 3191 3190
f 4751 4747 4671
f 4181 4180 4177
f 3832 5454 5351
f 3362 3526 3361
f 5678 5699 5698
f 3497 3499 3498
f 448 807 447
f 647 122 270
f 5690 5677 5697
f 4183 4185 4184
f 1833 1780 1832
f 5920 5897 5923
f 510 508 507
f 4401 5944 5941
f 5656 5530 5936
f 3970 5940 4293
f 5653 5939 5946
f 5450 5946 5532
f 3384 5945 5487
f 4403 4299 5494
f 5944 3968 5949
f 3963 5951 3852
f 5614 3474 5935
f 5427 3857 5951
f 3210 1887 3201
f 1887 3200 3201
f 15 3197 3200
f 16 3195 3197
f 3195 3187 3194
f 3194 1899 3207
f 3207 375 3204
f 387 126 127
f 3189 1760 5650
f 9029 757 758
f 763 2172 2175
f 9035 9032 9033
f 9033 9031 9030
f 9046 9048 9047
f 8751 9054 8752
f 9078 9077 9079
f 9083 9051 9053
f 9088 9047 9048
f 9099 9040 9097
f 9102 9036 9099
f 9105 9032 9103
f 9105 9106 9031
f 1801 9108 9107
f 9103 9034 9102
f 9096 9047 9089
f 1767 9111 9112
f 1597 9113 1600
f 1708 9117 9116
f 9123 9119 9118
f 9118 9125 9124
f 1588 9116 1587
f 2080 9118 2082
f 2082 9124 2084
f 9126 9087 9083
f 9129 9088 9087
f 5512 5943 5947
f 5634 5488 5948
f 5724 5947 5616
f 9134 9097 9133
f 9144 9102 9138
f 9133 9096 9132
f 786 9144 785
f 9146 9103 9144
f 785 9138 497
f 497 9134 650
f 650 9133 564
f 9148 9133 9132
f 8756 9057 8753
f 9154 9130 9129
f 9151 9131 9130
f 9097 9090 9096
f 1799 9111 1768
f 5949 3964 3853
f 9160 8809 8811
f 8813 9160 8811
f 9166 564 9148
f 9067 9054 9052
f 9162 9148 9150
f 9087 9048 9051
f 9081 9079 9082
f 9049 9051 9048
f 9082 9167 9081
f 9079 9049 9046
f 9169 9175 9170
f 9167 9112 9081
f 9168 9177 9167
f 9120 9113 9177
f 9120 9169 9119
f 9119 9170 9125
f 9179 9125 9170
f 9180 9124 9125
f 9178 9170 9175
f 1576 2084 9124
f 9179 9183 9181
f 3203 1387 3190
f 3190 1791 3189
f 5618 1949 3210
f 317 259 391
f 2000 9105 9146
f 9053 9052 9054
f 9041 9036 9037
f 9029 756 2170
f 9037 9034 9035
f 9130 9089 9088
f 3204 376 3203
f 1801 9109 1799
f 9181 9180 9179
f 1575 9190 1088
f 9187 1576 9180
f 1776 1796 1775
f 1293 1290 1284
f 1326 1327 12
f 1294 1234 1290
f 878 1330 1337
f 5633 5490 5945
f 5933 3360 5502
f 5613 5948 5500
f 5604 3844 5720
f 3972 5950 5601
f 3494 4322 5950
f 4406 5615 4298
f 3492 4292 5943
f 5631 5495 5942
f 497 374 498
f 122 413 121
f 5624 3398 5416
f 9151 9156 9160
f 9058 8752 9054
f 9160 9150 9151
f 8815 9162 8813
f 9156 8794 8809
f 439 399 438
f 1512 1526 1511
f 1668 1738 1671
f 839 1362 838
f 1362 826 1012
f 3425 3418 4047
f 4905 5243 4808
f 4621 4662 4690
f 5582 5574 5577
f 4754 4756 4755
f 3902 4021 4022
f 9295 1896 9267
f 2053 2118 2117
f 9340 2120 2119
f 696 9268 9283
f 4922 4939 4924
f 4365 4186 4183
f 5105 4862 4670
f 5228 5226 5225
f 4781 4877 4794
f 5218 5238 5217
f 4990 4992 4991
f 4335 4336 4251
f 4993 4972 5002
f 4794 4792 4750
f 5886 8852 8851
f 5405 5417 5416
f 4669 4764 4668
f 4676 4698 4679
f 1826 639 640
f 9192 9181 9183
f 5232 5233 5204
f 5418 4122 5419
f 956 886 960
f 5720 3512 5717
f 4728 4730 4729
f 8879 8863 8862
f 1980 1922 807
f 4969 4966 4964
f 33 105 164
f 9028 3254 5437
f 3837 3839 3838
f 4382 4301 4383
f 3908 4122 4123
f 4290 4294 4291
f 4400 4055 4056
f 3219 3221 3220
f 8894 8877 8876
f 4640 4735 4630
f 4389 4216 4213
f 3267 4493 4451
f 3268 4463 4144
f 5097 5098 5088
f 5094 5096 5095
f 5654 5937 5938
f 4089 3960 3959
f 5159 5162 5160
f 5202 5249 5205
f 5412 5414 5413
f 5715 3516 5716
f 5723 4423 5726
f 4263 4323 4374
f 3994 3564 3774
f 1343 9308 9309
f 3470 5667 3464
f 5659 5671 5706
f 3319 4053 3299
f 9359 2128 9354
f 1766 1582 1594
f 14 2163 738
f 595 99 594
f 5703 3772 5702
f 5206 5229 5209
f 3437 3458 3457
f 5516 3487 5509
f 5122 5087 5123
f 3223 3934 3935
f 3979 5402 3978
f 3828 3320 3827
f 5663 4081 5664
f 4035 4490 4461
f 4426 5724 4425
f 3881 4447 4444
f 5407 4118 4119
f 5691 5689 5687
f 5661 5672 5671
f 5911 8901 8880
f 3902 3871 4046
f 5541 5539 5606
f 4069 5561 5562
f 3248 3292 3247
f 1346 1044 1352
f 748 1425 747
f 3297 3255 3934
f 5445 4056 5550
f 5783 5830 5831
f 4310 4376 4373
f 5857 5800 5802
f 3882 4452 3881
f 3193 3919 3951
f 3190 3206 3203
f 4266 4268 4267
f 4488 3420 4486
f 3331 3940 3330
f 4282 4284 4283
f 4606 4607 4605
f 4628 4708 4712
f 4659 4733 4658
f 4615 4829 4614
f 4718 4713 4717
f 5722 4421 5721
f 3307 3461 3433
f 4686 4634 4636
f 3966 3550 3978
f 4738 4875 4873
f 3416 3237 3341
f 4527 4208 4200
f 5093 5114 5092
f 5124 5086 5122
f 5117 5138 5139
f 4631 4640 4630
f 5166 5168 5167
f 5185 5187 5186
f 5194 5191 5171
f 3245 4118 9027
f 5214 5203 5200
f 3230 3318 3284
f 5237 5217 5238
f 5250 5258 5255
f 5113 5084 5085
f 5270 5269 5268
f 4906 5107 4768
f 5271 5267 5270
f 5276 5262 5263
f 5153 5174 5173
f 5290 5268 5291
f 5306 5303 5304
f 5147 5146 5143
f 4585 4856 4584
f 3226 5436 3225
f 4473 4504 4470
f 5765 8897 8895
f 4529 4247 4530
f 8923 8916 8917
f 5713 5682 5714
f 3315 3898 3322
f 5564 5537 5563
f 4468 4441 5466
f 3738 4163 4165
f 4577 4559 4560
f 5567 3366 3363
f 3587 4150 4151
f 5471 4504 4505
f 5860 5816 5817
f 3516 5558 5932
f 5436 5637 5437
f 5050 5083 5060
f 5547 3338 3339
f 9023 3295 4115
f 5708 4132 5711
f 4104 3814 3815
f 3718 4161 4162
f 5498 5679 5692
f 3884 4432 3883
f 3955 3877 3878
f 4049 4061 3977
f 8892 8875 8890
f 4572 4218 4569
f 4440 4442 4441
f 4497 3407 3408
f 4632 4633 4724
f 8906 8881 8902
f 5664 5670 5663
f 3751 3706 3707
f 3511 3736 3800
f 5129 5116 5117
f 5086 5098 5085
f 5135 5128 5136
f 5143 5145 5144
f 5168 5136 5137
f 5297 5246 5257
f 5164 5160 5162
f 5155 5171 5170
f 5137 5167 5168
f 5293 5307 5305
f 5513 4083 5515
f 4053 3825 4057
f 3228 3298 3227
f 3631 3635 3636
f 5689 5670 5693
f 5759 5883 5882
f 3793 3507 4134
f 4906 4891 4907
f 4719 4901 4720
f 3597 4095 4092
f 3352 4125 3262
f 9064 9058 9067
f 9076 9067 9077
f 9083 8794 9126
f 9131 9096 9089
f 9138 9099 9134
f 9154 9126 9156
f 9077 9052 9049
f 9053 8766 9083
f 9191 9187 9181
f 9082 9046 9193
f 9193 9168 9082
f 1284 1288 1285
f 9150 9132 9131
f 3841 3496 3493
f 3570 3336 4083
f 4027 4312 3258
f 4889 4781 4794
f 4041 4044 4043
f 4885 4813 4829
f 5419 3905 5430
f 4367 4227 4224
f 1778 1780 1779
f 1792 1584 1789
f 4308 3869 4307
f 4594 4762 4551
f 4767 4769 4768
f 5461 3366 3847
f 4763 4716 4720
f 4919 4915 4910
f 4300 4334 4333
f 5196 5198 5197
f 5158 5135 5136
f 5431 5433 5432
f 4545 4571 4544
f 4557 4594 4556
f 695 571 694
f 4156 3626 3694
f 4861 4670 4862
f 5681 5674 5682
f 5473 5580 5583
f 3622 4152 4151
f 5647 3574 3231
f 3674 3808 3649
f 4420 3498 3499
f 5675 5666 5674
f 3253 5439 3280
f 5870 5917 5912
f 8887 8919 8886
f 5862 5913 5915
f 3534 3485 3482
f 3313 4484 3312
f 9090 9046 9047
f 4871 4695 4855
f 3778 3822 3819
f 4889 4874 4875
f 4000 3784 4001
f 4897 4911 4910
f 3856 3838 3839
f 4772 4896 4771
f 4015 4376 4014
f 3433 3476 3435
f 4053 3302 3299
f 3367 3363 4434
f 3242 3831 3241
f 3441 4082 4081
f 4735 4855 4854
f 4756 4737 4689
f 3382 3384 3383
f 3698 3697 3682
f 4676 4678 4677
f 4948 4941 4944
f 4890 4805 4747
f 4757 4745 4737
f 4581 4380 4586
f 5716 5932 5597
f 4923 4926 4932
f 5077 5081 5076
f 5078 5058 5054
f 4009 5400 3952
f 5081 5078 5076
f 3930 4513 4514
f 4014 4028 4029
f 4025 4020 4021
f 3618 4096 3616
f 4581 4576 4580
f 4219 4188 4189
f 5440 3335 3272
f 5449 3323 3322
f 4229 4177 4202
f 4590 4214 4589
f 4227 4184 4226
f 4574 4858 4547
f 4565 5453 4563
f 4592 4588 4589
f 4590 4573 4579
f 3517 5521 3519
f 3845 3522 5423
f 4444 3884 3881
f 3982 5533 5535
f 4465 4497 4495
f 4520 4521 4496
f 4076 5591 5590
f 3635 3666 3634
f 3343 4498 5481
f 4022 3870 3871
f 3661 4098 3660
f 5691 5697 5692
f 3768 5742 5739
f 4514 3956 4518
f 3697 3814 3696
f 4394 5460 4395
f 4054 4057 4058
f 3284 3323 3559
f 4052 4169 4397
f 4447 4510 4446
f 4456 3346 4138
f 4483 3877 4482
f 4482 4512 4492
f 4492 4513 4516
f 5642 5439 5641
f 5448 5442 5440
f 5466 3882 3883
f 3340 4445 3339
f 8908 8910 8911
f 4397 3835 3980
f 5413 3521 5412
f 3234 3932 3233
f 5753 8895 8894
f 8896 5756 5755
f 8921 8889 8888
f 8915 8911 8916
f 3933 3935 3934
f 3620 3657 3623
f 3966 3968 3967
f 4905 4769 4770
f 3225 5437 3254
f 5433 3984 5435
f 5714 5693 5713
f 5435 3985 5436
f 3954 3955 3878
f 4713 4632 4724
f 4879 4632 4705
f 3983 3896 3897
f 9027 3248 3245
f 5871 5912 5904
f 5849 5891 5905
f 4702 4640 4641
f 4213 4579 4389
f 3644 3688 3689
f 9193 9040 9041
f 8920 8935 8919
f 5406 4130 4127
f 4140 5401 4139
f 5659 3904 5660
f 4772 4783 4834
f 4244 4246 4245
f 4061 4037 4038
f 3669 3803 3668
f 3459 3209 3202
f 4072 5484 4071
f 4835 4834 4819
f 5660 5661 5659
f 4262 4264 4263
f 3633 3627 3628
f 3685 3676 3686
f 4517 3235 3304
f 4145 4085 3544
f 5455 5459 3850
f 5638 5640 5641
f 3228 3254 3255
f 4044 3411 3412
f 3614 3612 3613
f 3273 3275 3274
f 4952 4961 4918
f 4959 4960 4963
f 4888 4761 4860
f 4254 4256 4255
f 4199 4201 4200
f 4499 4465 5480
f 5479 4496 4521
f 5952 5954 5955
f 5956 5958 5959
f 5959 5960 5961
f 5962 5964 5965
f 5966 5968 5969
f 5967 5971 5968
f 5963 5961 5960
f 5972 5964 5973
f 5974 5976 5977
f 5978 5980 5981
f 5982 5984 5985
f 5986 5985 5984
f 5988 5990 5991
f 5992 5994 5995
f 5996 5998 5999
f 6000 6002 6003
f 6004 6006 6007
f 6008 6010 6011
f 6012 6014 6015
f 6016 6018 6019
f 6020 6022 6023
f 6024 6026 6027
f 6028 6030 6031
f 6032 6034 6035
f 6036 6038 6039
f 6040 6013 6012
f 6042 6044 6045
f 5992 6047 5993
f 6048 6050 6051
f 6052 6054 6055
f 6056 6058 6059
f 6060 5987 5986
f 6062 6064 6065
f 6066 6068 6069
f 6070 6027 6026
f 6072 6057 6056
f 6075 6077 6074
f 6078 6080 6081
f 6082 6054 6084
f 6085 6081 6086
f 6087 5990 6088
f 6061 6089 5987
f 6089 6091 6092
f 6092 6093 6094
f 6095 5981 6096
f 6062 6084 6063
f 6097 6035 6034
f 6056 6099 6072
f 6100 6102 6103
f 6001 6104 6105
f 6107 6109 6106
f 6110 6112 6113
f 6114 6025 6115
f 6116 6118 6119
f 6120 6122 6123
f 6124 6126 6127
f 6128 6101 6100
f 6039 6131 6036
f 6132 6134 6135
f 6136 6138 6003
f 6139 6141 6142
f 6143 6145 6146
f 6148 6150 6147
f 6152 6154 6151
f 6155 6157 6158
f 6159 6161 6162
f 6163 6165 6166
f 6167 6169 6170
f 6171 6173 6174
f 6175 6104 6177
f 6178 6180 6181
f 6023 6183 6020
f 6184 6186 6187
f 6117 6188 6189
f 6190 6192 6193
f 6194 6026 6114
f 6195 6191 6190
f 6197 6199 6200
f 6201 6203 6204
f 6205 6207 6208
f 6209 6201 6204
f 6197 6211 6212
f 6212 6213 6214
f 5979 6214 6213
f 6203 6217 6204
f 6206 6198 6207
f 6218 5962 6219
f 5965 6219 5962
f 5972 3354 6221
f 6070 6222 6223
f 6224 6226 6227
f 6228 6230 6231
f 6232 6234 6235
f 6196 6236 6237
f 6071 6223 6238
f 6239 6241 6242
f 6243 6245 6246
f 6247 6248 6249
f 6250 6252 6253
f 6254 6256 6257
f 6258 6260 6261
f 6229 6263 6230
f 6264 6242 6241
f 6266 6268 6269
f 6270 6272 6273
f 6274 6276 6277
f 6195 6279 6236
f 6280 6281 6282
f 6283 6285 6286
f 6123 6287 6288
f 6289 6291 6292
f 6293 6243 6295
f 6240 6297 6241
f 6298 6267 6266
f 6300 6302 6303
f 6304 6306 6307
f 6251 6308 6309
f 6247 6311 6312
f 6313 6315 6316
f 6314 6317 6318
f 6319 6320 6321
f 6322 6088 6323
f 6216 6258 6217
f 6325 6327 6328
f 6217 6261 6329
f 6330 6238 6331
f 6071 6048 6027
f 6015 6333 6012
f 6079 6335 6080
f 6336 6240 6239
f 6294 6296 6240
f 6337 6339 6340
f 6341 6343 6344
f 6345 6347 6348
f 6266 6349 6298
f 6350 6352 6353
f 6295 6246 6354
f 6303 6356 6300
f 6357 6359 6360
f 6361 6363 6364
f 6365 6353 6366
f 6367 6369 6370
f 6371 6370 6372
f 6372 6374 6371
f 6375 6373 6376
f 6376 6378 6375
f 6379 6381 6382
f 6383 6385 6386
f 6387 6389 6390
f 6391 6393 6394
f 6395 6397 6398
f 6398 6400 6395
f 6399 6402 6400
f 6403 6401 6404
f 6405 6407 6408
f 6409 6411 6412
f 6367 6413 6414
f 6374 6415 6416
f 6417 6384 6383
f 6419 6348 6347
f 6421 6423 6424
f 6425 6400 6402
f 6426 6395 6400
f 6393 6428 6429
f 6429 6394 6393
f 6390 6431 6432
f 6433 6408 6407
f 6435 6437 6438
f 6439 6411 6438
f 6392 6441 6442
f 6397 6442 6443
f 6401 6444 6445
f 6446 6437 6404
f 6448 6450 6451
f 6452 6454 6455
f 6442 6456 6457
f 6443 6457 6458
f 6444 6460 6461
f 6445 6461 6462
f 6463 6462 6465
f 6446 6462 6464
f 6466 6468 6469
f 6448 6470 6471
f 6453 6472 6473
f 6474 6476 6477
f 6478 6480 6481
f 6482 6484 6485
f 6486 6488 6489
f 6490 6492 6493
f 6493 6494 6495
f 6496 6498 6499
f 6500 6502 6503
f 6504 6506 6507
f 6508 6509 6510
f 6511 6513 6508
f 6499 6515 6496
f 6516 6518 6519
f 6520 6522 6523
f 6524 6525 6526
f 6507 6527 6504
f 6504 6528 6510
f 6528 6508 6510
f 6529 6531 6532
f 6342 6534 6343
f 6535 6346 6536
f 6347 6537 6419
f 6434 6539 6408
f 6539 6405 6408
f 6541 6451 6450
f 6543 6470 6545
f 6546 6481 6547
f 6499 6548 6549
f 6549 6514 6499
f 6551 6553 6554
f 6555 6557 6558
f 6403 6423 6559
f 6426 6413 6416
f 6415 6428 6427
f 6430 6561 6562
f 6434 6420 6419
f 6563 6565 6566
f 6404 6445 6446
f 6459 6399 6398
f 6455 6388 6387
f 6405 6449 6406
f 6540 6450 6405
f 6567 6568 6569
f 6570 6463 6567
f 6475 6490 6465
f 6458 6571 6572
f 6573 6574 6575
f 6576 6578 6579
f 6193 6580 6581
f 6582 6584 6585
f 6583 6586 6587
f 6588 6587 6586
f 6590 6068 6591
f 6592 6594 6319
f 6251 6595 6252
f 6304 6597 6598
f 6272 6599 6273
f 3737 6558 6557
f 6600 6160 6601
f 6123 6603 6120
f 6604 6606 6607
f 6608 6208 6609
f 5972 6220 5965
f 6610 6612 6556
f 6613 6615 6616
f 6242 6618 6239
f 6226 6245 6227
f 6620 6622 6623
f 6624 6146 6625
f 6626 6211 6136
f 6627 6629 6630
f 6631 6633 6634
f 6235 6636 6232
f 6637 6639 6640
f 6641 6286 6642
f 6643 6645 6646
f 6647 6649 6650
f 6244 6294 6336
f 6336 6652 6244
f 6194 6237 6222
f 6196 6114 6191
f 6115 6191 6114
f 6653 6655 6656
f 6657 6189 6658
f 6117 6659 6118
f 6130 6156 6131
f 6133 6151 6134
f 6661 6662 6660
f 6663 6616 6552
f 6664 6273 6665
f 6418 6432 6431
f 6290 6328 6291
f 6666 6556 6612
f 6557 3805 3737
f 5971 6668 5968
f 6181 6670 6178
f 6671 6673 6674
f 6676 6672 6675
f 6675 6149 6676
f 6067 5999 5998
f 6677 6679 6680
f 6681 6683 6684
f 6087 6090 6089
f 5983 6685 6686
f 5982 6687 6685
f 6094 6688 6687
f 6211 6137 6136
f 6689 6691 6692
f 6690 3833 3832
f 6001 6686 6002
f 5978 6215 5979
f 6694 5978 6095
f 5974 6095 6695
f 6183 6696 6697
f 6698 5961 6218
f 5959 6699 5956
f 6697 6700 6701
f 6702 6703 6704
f 5968 6705 5969
f 6706 5955 5954
f 6707 6617 6708
f 6024 6709 6710
f 6402 6559 6425
f 3852 6712 3853
f 3856 6593 3857
f 5977 6694 5974
f 6713 5977 5976
f 6714 6716 6717
f 6718 6308 6250
f 6720 6254 6721
f 6722 6724 6725
f 6312 6726 6727
f 6069 6728 6729
f 6319 6730 6086
f 6731 6644 6732
f 6732 6734 6731
f 6046 6320 6047
f 3880 6666 6735
f 6736 6738 6739
f 6531 6741 6326
f 6300 6614 6613
f 6742 6325 6290
f 6743 3891 3890
f 6744 6301 6745
f 6746 6534 6533
f 6536 6579 6535
f 6535 6563 6537
f 6566 6537 6563
f 6538 6409 6539
f 6412 6539 6409
f 6412 6541 6540
f 6748 6542 6541
f 6749 6545 6542
f 6568 6547 6543
f 6751 6548 6546
f 6753 6550 6549
f 6755 6757 6758
f 6759 6761 6762
f 6763 6765 6762
f 6764 6623 6765
f 6766 6768 6769
f 6770 6772 6773
f 6774 6776 6777
f 6021 6777 6022
f 6723 6779 6724
f 6780 6782 6783
f 6784 6786 6787
f 6788 6790 6791
f 6185 6793 6186
f 6794 6725 6795
f 6729 6098 6097
f 6135 6798 6132
f 6799 6065 6800
f 6037 6802 6038
f 6005 6588 6586
f 6005 6804 6006
f 6052 6010 6805
f 6586 6803 6005
f 6092 5987 6089
f 6094 5985 6092
f 6096 6695 6095
f 6082 6799 6585
f 6657 6041 6659
f 6013 6658 6014
f 6795 6807 6808
f 6809 6811 6812
f 6813 6815 6816
f 6817 6819 6820
f 6821 6823 6824
f 6329 6204 6217
f 6202 6826 6203
f 6072 6827 6828
f 6598 6305 6304
f 6301 6613 6663
f 6830 6271 6270
f 6822 6778 6823
f 6326 6832 6327
f 6203 6833 6216
f 6027 6051 6024
f 6360 6835 6357
f 6836 6838 6839
f 6837 6841 6838
f 6362 6366 6363
f 6380 6384 6381
f 6421 6578 6842
f 6566 6410 6409
f 6394 6388 6391
f 6414 6368 6367
f 6371 6416 6413
f 6561 6378 6382
f 6382 6562 6561
f 6381 6418 6562
f 6389 6430 6431
f 6391 6454 6441
f 6441 6453 6456
f 6456 6473 6574
f 6495 6750 6568
f 6843 6485 6484
f 6844 6843 6846
f 6573 6847 6848
f 6849 6487 6486
f 6513 6752 6469
f 6517 6850 6503
f 6521 6851 6850
f 6844 6852 6853
f 6505 6510 6509
f 6753 6512 6754
f 6516 6521 6517
f 6614 6854 6615
f 6742 4003 3891
f 6708 6855 6856
f 6307 6857 6858
f 6307 6665 6304
f 6414 6425 6559
f 6416 6427 6426
f 6562 6431 6430
f 6419 6538 6434
f 6358 6839 6359
f 6059 6859 6860
f 6861 6863 6864
f 6865 6867 6868
f 6115 6869 6870
f 6871 6873 6874
f 6721 6596 6875
f 6876 6556 6555
f 6877 6552 6551
f 6551 6268 6877
f 6879 6265 6269
f 6239 6651 6336
f 6230 6619 6226
f 6171 6669 6880
f 6106 6882 6881
f 6883 6822 6821
f 6759 6187 6174
f 6725 6785 6807
f 6885 6808 6791
f 6886 6888 6031
f 6701 6756 6755
f 6884 6779 6822
f 6715 6309 6308
f 6889 6890 6891
f 6743 4042 6892
f 6270 6893 6830
f 6386 6895 6383
f 6895 6420 6896
f 6897 6417 6896
f 6897 6407 6898
f 6390 6899 6387
f 6900 6406 6449
f 6455 6901 6452
f 6902 6904 6471
f 6482 6905 6483
f 6501 6907 6502
f 6496 6908 6909
f 6532 6326 6325
f 6532 6743 6529
f 6612 6735 6666
f 6611 6910 6612
f 6626 5979 6213
f 6704 6105 6702
f 6913 6591 6914
f 6915 6795 6885
f 6229 4067 4066
f 6263 6289 6619
f 6745 6663 6877
f 6916 6757 6917
f 6885 6165 6915
f 6920 6783 6919
f 6921 6923 6924
f 6925 6924 6926
f 6927 6929 6930
f 6931 6933 6934
f 6935 6937 6938
f 6939 6941 6942
f 6943 6945 6946
f 6947 6949 6950
f 6944 6951 6952
f 6953 6955 6956
f 6957 6959 6960
f 6961 6929 6963
f 6964 6966 6967
f 6968 6970 6971
f 6969 6955 6970
f 6972 6946 6973
f 6974 6976 6977
f 6978 6980 6981
f 6940 6982 6983
f 6984 6986 6987
f 6988 6990 6991
f 6992 6989 6993
f 6994 6996 6997
f 6998 7000 7001
f 7002 7004 7005
f 7006 7008 7009
f 7010 7012 7013
f 7014 7016 7017
f 7018 6999 6998
f 7020 7022 7023
f 7024 7026 7027
f 7028 7030 7031
f 7032 7034 7035
f 7003 7036 7037
f 7038 7040 7027
f 6993 7030 7041
f 7042 7044 7045
f 7046 7007 7006
f 7011 7048 7049
f 7050 7052 7053
f 7054 7014 7055
f 7015 7056 7057
f 6621 7045 7044
f 7049 6775 6774
f 7051 6021 6020
f 7055 6701 7054
f 7054 6755 7056
f 6764 7047 7046
f 7020 7059 7013
f 7060 7062 7063
f 6958 7065 6959
f 6925 7067 6973
f 7068 6934 6926
f 7069 6991 7070
f 7071 7072 7073
f 7074 7076 7077
f 7078 7080 7081
f 7014 7082 7083
f 7084 7086 7087
f 7025 7031 7026
f 7085 7072 7088
f 7089 7087 7090
f 7055 7083 7091
f 7090 6770 6773
f 7092 7094 7095
f 7091 6697 7055
f 6770 7086 6758
f 7095 6767 6766
f 7096 6980 7097
f 7098 6940 7099
f 7058 7023 7100
f 7101 6930 7102
f 6974 7063 6967
f 7103 6971 7104
f 7105 6981 6977
f 7106 7036 7108
f 7109 7010 7110
f 7111 7018 7034
f 7098 7037 7100
f 7048 7112 6775
f 7113 7041 6997
f 6994 7115 7088
f 6965 6923 6966
f 6975 6945 6976
f 7061 7065 7062
f 6954 6933 6963
f 6763 7109 7047
f 7046 6620 6764
f 6947 7067 6956
f 6758 7056 6755
f 7118 7039 7038
f 7038 7070 7118
f 7106 7121 7122
f 7123 7053 7052
f 7123 7083 7082
f 7045 7006 7042
f 7107 7122 7009
f 7091 7052 7051
f 7091 6020 6183
f 6936 7097 6937
f 7125 6960 7102
f 6774 7050 7049
f 7119 6942 7039
f 7019 7005 6999
f 7011 7124 7012
f 7021 7040 7022
f 7114 7016 7115
f 7053 7049 7050
f 7086 7057 7056
f 6993 7127 6992
f 7075 7113 7076
f 4281 6603 7128
f 6012 7129 6040
f 7130 6584 7131
f 6797 7133 6798
f 6074 7135 6075
f 6789 6173 6790
f 6760 6776 6761
f 7136 6801 6589
f 6914 6674 6913
f 7007 7059 7008
f 7099 7003 7098
f 6984 7104 6938
f 7110 7047 7109
f 6333 6587 7129
f 5956 6667 5971
f 5957 5971 5970
f 7137 6308 6719
f 4292 6718 6250
f 6693 6668 6215
f 6215 6667 6214
f 6214 6699 6212
f 6698 6212 6699
f 6219 6198 6218
f 6207 6220 6208
f 6220 6609 6208
f 6262 4066 4003
f 7138 7140 7141
f 4298 7140 4299
f 7143 7145 7146
f 7147 7144 7149
f 7149 7151 7147
f 7150 7153 7151
f 6329 7154 7152
f 6261 7155 7154
f 7156 7157 7158
f 6598 7159 7160
f 6257 7161 7162
f 6256 4321 7161
f 6693 6706 6705
f 5954 6705 6706
f 5953 5969 5954
f 7163 5983 6912
f 7164 6138 7166
f 7167 7169 7170
f 6141 7172 6142
f 7166 7173 7164
f 6141 7174 7175
f 7176 7178 7179
f 7180 7182 7183
f 7184 7186 7187
f 6631 7183 7188
f 6218 6197 6698
f 6625 7189 6624
f 6814 7190 7191
f 6882 7193 7194
f 7195 6109 6108
f 6888 7198 7199
f 7200 7202 7203
f 7176 6630 7204
f 6029 7187 6030
f 7205 7207 7208
f 7209 7211 7212
f 7203 7213 7214
f 6886 6778 6723
f 6031 7215 6886
f 7216 7218 7219
f 7220 6880 6669
f 6076 7220 7222
f 6074 6672 6671
f 6147 6662 7223
f 7223 6111 6110
f 6810 6113 6112
f 6920 6914 6591
f 6077 6675 6672
f 6660 6076 6661
f 7222 6669 6181
f 7224 6181 6180
f 6660 6150 6675
f 7225 6794 6915
f 6783 7225 6164
f 6781 6068 6067
f 7217 7228 7218
f 6031 7199 6028
f 6887 6723 6722
f 6164 6915 6165
f 6780 6591 6068
f 7134 6671 6914
f 7229 6824 6823
f 7187 7230 7229
f 7226 6722 6794
f 7231 6169 7233
f 7201 7233 7202
f 6107 7235 7200
f 7215 6823 6778
f 6030 7229 7215
f 7236 7219 7179
f 7237 6820 6819
f 7237 7207 7238
f 7239 7241 7242
f 6739 7244 6736
f 7245 7242 7246
f 7233 6168 7247
f 7247 7202 7233
f 7195 7203 7214
f 7248 7250 6703
f 7227 7252 7228
f 7253 5998 7251
f 6067 7198 6781
f 6781 7197 6782
f 5984 6683 5986
f 7254 6678 6684
f 6679 7252 5997
f 6887 7197 6888
f 6782 7226 7225
f 7135 6163 7221
f 7221 6075 7135
f 6661 7222 7224
f 7224 6111 6661
f 6180 6112 7224
f 6179 6810 6180
f 6811 6793 6649
f 6650 6622 6769
f 6766 7044 7095
f 7095 7043 7092
f 7092 7121 7081
f 7078 7255 7033
f 7256 7257 7258
f 6768 7259 6647
f 6773 7094 7090
f 7090 7093 7089
f 7089 7080 7073
f 7071 7032 7260
f 7077 6998 7074
f 6995 7260 6996
f 7077 7261 7035
f 7035 7018 7077
f 7108 7111 7255
f 6978 7262 7001
f 7105 7264 7262
f 7263 6952 7264
f 6990 6951 7265
f 6972 7266 7265
f 7117 6950 7266
f 6948 7267 6949
f 6969 6982 7267
f 7103 6987 6983
f 7005 6986 7268
f 6999 7268 7000
f 7269 7271 7272
f 7274 7275 7273
f 7274 7276 7277
f 7278 7280 7281
f 7282 7284 7285
f 7286 7288 7289
f 7290 7292 7293
f 7294 7296 7293
f 7068 7298 7299
f 7300 7302 7303
f 7304 7305 7306
f 7307 7305 7308
f 7309 7283 7310
f 7311 7313 7314
f 7125 7306 7315
f 7285 7280 7282
f 7277 7303 7302
f 6965 7316 7317
f 7318 7316 7319
f 7320 7271 7314
f 7312 7296 7313
f 7270 7298 7322
f 7311 7322 7317
f 6961 7300 7308
f 7323 7325 7326
f 7327 7328 7329
f 7064 7325 7328
f 7287 7292 7288
f 6931 7299 7301
f 7331 7329 7319
f 7332 7334 7335
f 7336 7338 7339
f 7340 7333 7332
f 7342 7343 7344
f 7345 7347 7344
f 7348 7350 7351
f 7352 7354 7355
f 7356 7358 7359
f 7360 7362 7363
f 7365 7367 7364
f 7368 7370 7371
f 7372 7336 7374
f 7373 7337 7336
f 7367 7376 7377
f 7378 7380 7381
f 7382 7384 7385
f 7386 7385 7384
f 7388 7390 7391
f 7392 7333 7393
f 7394 7396 7397
f 7398 7400 7401
f 7402 7404 7405
f 7406 7408 7409
f 7410 7383 7382
f 7412 7414 7415
f 7385 7417 7382
f 7389 7419 7390
f 7373 7421 7375
f 7420 7372 7422
f 7369 7424 7370
f 7399 7397 7425
f 7393 7341 7342
f 7398 7357 7426
f 7358 7401 7427
f 7428 7430 7431
f 7433 7435 7432
f 7363 7436 7437
f 7383 7439 7384
f 7411 7438 7383
f 7441 7443 7444
f 7445 7339 7447
f 7374 7339 7446
f 7444 7364 7448
f 7448 7450 7449
f 7364 7451 7450
f 7451 7377 7452
f 7449 7454 7453
f 7455 7450 7451
f 7456 7451 7452
f 7410 7458 7459
f 7460 7462 7369
f 7423 7462 7463
f 7464 7466 7467
f 7468 7347 7470
f 7376 7471 7472
f 7425 7396 7473
f 7475 7477 7474
f 7478 7480 7481
f 7482 7407 7406
f 7484 7351 7486
f 7487 7488 7489
f 7490 7492 7493
f 7412 7434 7433
f 7494 7434 7415
f 7496 7391 7497
f 7440 7498 7499
f 7401 7488 7500
f 7485 7345 7501
f 7500 7427 7401
f 7395 7469 7468
f 7503 7505 7506
f 7507 7509 7510
f 7511 7513 7514
f 7511 7515 7516
f 7517 7519 7520
f 7521 7523 7355
f 7352 7525 7526
f 7415 7527 7494
f 7528 7530 7486
f 7404 7502 7500
f 7477 7496 7532
f 7512 7481 7513
f 7405 7500 7488
f 7533 7535 7536
f 7378 7510 7537
f 7532 7379 7538
f 7539 7541 7542
f 7524 7355 7523
f 7351 7501 7348
f 7414 7523 7527
f 7522 7527 7523
f 7544 7412 7545
f 7546 7547 7548
f 7526 7353 7352
f 7550 7355 7354
f 7521 7551 7548
f 7552 7548 7551
f 7546 7553 7554
f 7522 7548 7547
f 7418 7520 7555
f 7416 7554 7417
f 7457 7558 7458
f 7557 7560 7558
f 7535 7561 7562
f 7562 7563 7564
f 7564 7349 7348
f 7351 7565 7486
f 7567 7569 7566
f 7570 7520 7519
f 7419 7555 7571
f 7572 7348 7501
f 7389 7556 7418
f 7573 7493 7480
f 7552 7534 7553
f 7562 7536 7535
f 7572 7576 7574
f 7422 7578 7420
f 7423 7580 7424
f 7579 7463 7581
f 7578 7576 7582
f 7583 7381 7380
f 7586 7581 7585
f 7533 7579 7586
f 7447 7338 7587
f 7588 7531 7589
f 7590 7431 7591
f 7321 7592 7585
f 7275 7463 7273
f 7461 7276 7462
f 7279 7461 7453
f 7453 7593 7279
f 7594 7454 7455
f 7330 7498 7459
f 7459 7294 7330
f 7558 7595 7295
f 7560 7320 7595
f 7275 7585 7581
f 7462 7273 7463
f 7596 7380 7497
f 7597 7406 7409
f 7467 7599 7600
f 7601 7603 7604
f 7605 7444 7443
f 7365 7606 7366
f 7607 7494 7608
f 7513 7473 7396
f 7396 7514 7513
f 7514 7468 7515
f 7470 7515 7468
f 7610 7609 7470
f 7612 7476 7475
f 7613 7529 7614
f 7442 7615 7616
f 7343 7617 7618
f 7574 7577 7536
f 7619 7399 7491
f 7518 7509 7519
f 7491 7425 7492
f 7549 7621 7565
f 7491 7622 7619
f 7377 7440 7452
f 7379 7497 7380
f 7453 7460 7449
f 7411 7459 7498
f 7623 7391 7390
f 7625 7610 7484
f 7487 7483 7626
f 7619 7408 7489
f 7627 7620 7549
f 7538 7378 7537
f 7389 7477 7476
f 7629 7412 7433
f 7489 7407 7487
f 7628 7598 7597
f 7413 7524 7414
f 7592 7559 7630
f 7584 7632 7381
f 7569 7633 7571
f 7570 7566 7569
f 7631 7566 7632
f 7508 7519 7509
f 7614 7480 7613
f 7346 7470 7347
f 7572 7562 7564
f 7571 7634 7419
f 7346 7484 7610
f 7607 7431 7495
f 7585 7630 7586
f 7624 7497 7391
f 7635 7384 7439
f 7636 7502 7588
f 7323 7310 7289
f 7420 7582 7421
f 7637 7455 7456
f 7287 7499 7498
f 7458 7295 7294
f 7439 7472 7635
f 7599 7604 7600
f 7359 7427 7636
f 7436 7639 7437
f 7490 7640 7622
f 7481 7493 7473
f 7641 7505 7525
f 7642 7627 7644
f 7492 7473 7493
f 7517 7625 7530
f 7625 7486 7530
f 7634 7390 7419
f 7474 7532 7516
f 7448 7441 7444
f 7368 7449 7460
f 7615 7368 7371
f 7638 7602 7639
f 7575 7501 7345
f 7571 7570 7569
f 7400 7489 7488
f 7508 7632 7566
f 7503 7540 7539
f 6957 7315 7326
f 7376 7438 7377
f 7507 7381 7632
f 7499 7452 7440
f 7286 7456 7499
f 7504 7644 7505
f 7368 7460 7369
f 7645 7627 7643
f 7647 7633 7646
f 7647 7623 7634
f 7649 7623 7648
f 7650 7624 7649
f 7646 7568 7651
f 7651 7567 7652
f 7653 7567 7631
f 7651 7655 7646
f 7656 7658 7659
f 7660 7657 7661
f 7663 7656 7662
f 7664 7663 7666
f 7667 7663 7662
f 7667 7668 7655
f 7663 7661 7657
f 7670 7672 7669
f 7661 7671 7660
f 7659 7662 7656
f 7648 7668 7659
f 7648 7673 7649
f 7659 7674 7673
f 7658 7675 7674
f 7668 7646 7655
f 7660 7676 7675
f 7675 7678 7674
f 7677 7676 7679
f 7677 7681 7678
f 7682 7678 7681
f 7677 7684 7680
f 7673 7678 7683
f 7683 7649 7673
f 7685 7671 7670
f 7667 7686 7666
f 7666 7687 7664
f 7654 7686 7655
f 7689 7686 7688
f 7664 7691 7690
f 7650 7583 7596
f 7693 7631 7584
f 7584 7692 7693
f 7693 7682 7694
f 7694 7681 7695
f 7694 7653 7693
f 7650 7682 7692
f 7696 7652 7653
f 7654 7652 7697
f 7688 7697 7698
f 7699 7697 7696
f 7700 7698 7699
f 7695 7696 7694
f 7699 7702 7700
f 7689 7698 7701
f 7689 7703 7704
f 7705 7707 7703
f 7701 7705 7703
f 7704 7707 7685
f 7685 7691 7704
f 7687 7704 7691
f 7680 7695 7681
f 7684 7702 7680
f 7702 7705 7700
f 7684 7707 7706
f 7676 7707 7679
f 7665 7672 7661
f 7670 7690 7691
f 7665 7690 7669
f 7611 7474 7609
f 7510 7479 7478
f 7511 7537 7512
f 7516 7538 7511
f 7517 7613 7518
f 7537 7478 7512
f 7611 7612 7475
f 7613 7479 7518
f 7556 7517 7520
f 7516 7609 7474
f 7708 7710 7711
f 7712 7714 7715
f 7713 7717 7714
f 7719 7721 7718
f 7722 7597 7409
f 7724 7715 7725
f 7726 7728 7729
f 7731 7573 7730
f 7730 7614 7732
f 7733 7735 7736
f 7721 7724 7737
f 7731 7409 7640
f 7708 7729 7738
f 7737 7709 7739
f 7716 7736 7740
f 7742 7744 7745
f 7740 7735 7746
f 7717 7740 7747
f 7716 7720 7741
f 7748 7711 7710
f 7750 7710 7725
f 7720 7751 7741
f 7734 7728 7735
f 7709 7725 7710
f 7752 7715 7714
f 7739 7708 7738
f 7720 7712 7721
f 7749 7755 7711
f 7745 7756 7747
f 7746 7742 7745
f 7743 7755 7754
f 7727 7735 7728
f 7747 7757 7717
f 7753 7725 7715
f 7751 7620 7733
f 7757 7714 7717
f 7718 7737 7732
f 7747 7746 7745
f 7727 7755 7742
f 7726 7711 7755
f 7759 7756 7758
f 7759 7752 7757
f 7760 7753 7752
f 7761 7750 7753
f 7758 7744 7763
f 7763 7743 7764
f 7754 7764 7743
f 7763 7767 7758
f 7768 7770 7771
f 7772 7771 7773
f 7775 7772 7774
f 7776 7775 7778
f 7779 7775 7774
f 7775 7769 7768
f 7770 7781 7780
f 7782 7772 7773
f 7760 7782 7773
f 7760 7783 7761
f 7773 7784 7783
f 7770 7784 7771
f 7779 7782 7767
f 7782 7758 7767
f 7785 7780 7786
f 7785 7788 7784
f 7787 7786 7789
f 7787 7791 7788
f 7792 7788 7791
f 7787 7794 7790
f 7793 7784 7788
f 7762 7783 7793
f 7796 7780 7795
f 7795 7781 7797
f 7779 7798 7778
f 7799 7778 7798
f 7766 7798 7767
f 7800 7799 7798
f 7802 7799 7803
f 7795 7802 7803
f 7762 7748 7750
f 7805 7754 7749
f 7749 7804 7805
f 7805 7792 7806
f 7806 7791 7807
f 7806 7765 7805
f 7793 7804 7762
f 7808 7764 7765
f 7766 7764 7809
f 7766 7810 7800
f 7811 7809 7808
f 7812 7810 7811
f 7807 7808 7806
f 7811 7814 7812
f 7813 7800 7810
f 7801 7815 7816
f 7817 7819 7815
f 7813 7817 7815
f 7816 7819 7796
f 7796 7803 7816
f 7799 7816 7803
f 7790 7807 7791
f 7794 7814 7790
f 7814 7817 7812
f 7794 7819 7818
f 7786 7819 7789
f 7777 7781 7769
f 7777 7802 7797
f 7528 7718 7529
f 7729 7723 7722
f 7738 7730 7739
f 7732 7739 7730
f 7733 7628 7734
f 7722 7738 7729
f 7621 7719 7528
f 7628 7723 7734
f 7733 7741 7751
f 7732 7529 7718
f 7486 7621 7528
f 7549 7350 7353
f 7353 7349 7354
f 7354 7563 7550
f 7821 7823 7820
f 7824 7826 7827
f 7825 7829 7826
f 7830 7832 7833
f 7834 7827 7835
f 7836 7838 7839
f 7840 7406 7841
f 7841 7598 7842
f 7843 7845 7846
f 7833 7834 7847
f 7848 7836 7839
f 7847 7821 7849
f 7828 7846 7850
f 7853 7855 7852
f 7850 7845 7856
f 7829 7850 7857
f 7828 7832 7851
f 7858 7823 7822
f 7860 7822 7835
f 7831 7851 7832
f 7844 7838 7845
f 7834 7822 7821
f 7863 7827 7826
f 7849 7820 7848
f 7825 7833 7832
f 7859 7866 7823
f 7855 7867 7857
f 7837 7855 7856
f 7865 7852 7866
f 7837 7845 7838
f 7857 7868 7829
f 7864 7835 7827
f 7843 7642 7504
f 7868 7826 7829
f 7830 7847 7842
f 7857 7856 7855
f 7837 7866 7852
f 7836 7823 7866
f 7870 7867 7869
f 7870 7863 7868
f 7871 7864 7863
f 7872 7860 7864
f 7869 7854 7874
f 7874 7853 7875
f 7876 7853 7865
f 7874 7878 7869
f 7879 7881 7882
f 7883 7882 7884
f 7886 7883 7885
f 7887 7886 7889
f 7890 7886 7885
f 7886 7880 7879
f 7891 7880 7892
f 7884 7885 7883
f 7871 7893 7884
f 7871 7894 7872
f 7884 7895 7894
f 7882 7896 7895
f 7890 7893 7878
f 7893 7869 7878
f 7881 7897 7896
f 7898 7895 7896
f 7900 7896 7897
f 7901 7899 7898
f 7904 7902 7903
f 7898 7905 7901
f 7894 7899 7904
f 7904 7872 7894
f 7907 7891 7906
f 7906 7892 7908
f 7890 7909 7889
f 7910 7889 7909
f 7877 7909 7878
f 7912 7909 7911
f 7887 7914 7913
f 7906 7913 7914
f 7873 7858 7860
f 7916 7865 7859
f 7859 7915 7916
f 7916 7903 7917
f 7917 7902 7918
f 7917 7876 7916
f 7873 7903 7915
f 7919 7875 7876
f 7877 7875 7920
f 7911 7920 7921
f 7922 7920 7919
f 7923 7921 7922
f 7918 7919 7917
f 7922 7925 7923
f 7924 7911 7921
f 7912 7926 7927
f 7928 7930 7926
f 7924 7928 7926
f 7927 7930 7907
f 7907 7914 7927
f 7910 7927 7914
f 7901 7918 7902
f 7905 7925 7901
f 7925 7928 7923
f 7905 7930 7929
f 7897 7930 7900
f 7888 7892 7880
f 7888 7913 7908
f 7645 7831 7830
f 7839 7862 7931
f 7841 7848 7840
f 7842 7849 7841
f 7504 7844 7843
f 7839 7840 7848
f 7643 7861 7831
f 7503 7862 7844
f 7846 7861 7843
f 7842 7645 7830
f 7932 7934 7935
f 7936 7938 7939
f 7937 7941 7938
f 7942 7944 7945
f 7947 7949 7946
f 7950 7939 7951
f 7953 7955 7952
f 7956 7958 7959
f 7956 7540 7960
f 7962 7964 7961
f 7936 7965 7945
f 7946 7958 7957
f 7966 7952 7955
f 7965 7933 7967
f 7968 7969 7964
f 7970 7972 7973
f 7974 7964 7963
f 7941 7968 7975
f 7940 7944 7969
f 7976 7935 7934
f 7978 7934 7951
f 7943 7969 7944
f 7947 7963 7962
f 7933 7951 7934
f 7980 7939 7938
f 7967 7932 7966
f 7937 7945 7944
f 7977 7983 7935
f 7973 7984 7975
f 7953 7973 7974
f 7982 7970 7983
f 7974 7954 7953
f 7975 7985 7941
f 7981 7951 7939
f 7961 7544 7545
f 7985 7938 7941
f 7942 7965 7960
f 7975 7974 7973
f 7952 7970 7953
f 7952 7935 7983
f 7987 7984 7986
f 7987 7980 7985
f 7988 7981 7980
f 7989 7978 7981
f 7986 7972 7991
f 7991 7971 7992
f 7993 7971 7982
f 7986 7994 7995
f 7997 7999 7996
f 8000 7999 8001
f 8003 8000 8002
f 8005 8006 8004
f 8007 8003 8002
f 7996 8005 7997
f 7998 8009 8008
f 8010 8000 8001
f 7988 8010 8001
f 7988 8011 7989
f 8011 7999 8012
f 7998 8012 7999
f 8007 8010 7995
f 8010 7986 7995
f 8013 8008 8014
f 8015 8012 8013
f 8017 8013 8014
f 8018 8016 8015
f 8021 8019 8020
f 8015 8022 8018
f 8011 8016 8021
f 8021 7989 8011
f 8023 8014 8008
f 8023 8009 8025
f 8007 8026 8006
f 8026 8004 8006
f 8028 7995 7994
f 8029 8026 8028
f 8030 8027 8031
f 8023 8030 8031
f 7990 7976 7978
f 8033 7982 7977
f 7976 8033 7977
f 8034 8032 8020
f 8035 8020 8019
f 8034 7993 8033
f 7990 8020 8032
f 8036 7992 7993
f 7991 8037 7994
f 7994 8038 8028
f 8039 8037 8036
f 8040 8038 8039
f 8035 8036 8034
f 8039 8042 8040
f 8041 8028 8038
f 8029 8043 8044
f 8045 8047 8043
f 8041 8045 8043
f 8044 8047 8024
f 8024 8031 8044
f 8027 8044 8031
f 8042 8019 8018
f 8022 8042 8018
f 8042 8045 8040
f 8017 8046 8022
f 8014 8047 8017
f 8005 8009 7997
f 8005 8030 8025
f 7506 7943 7942
f 7954 7946 7955
f 7967 7957 7956
f 7960 7967 7956
f 7948 7962 8048
f 7955 7957 7966
f 7641 7979 7943
f 7969 7961 7964
f 7960 7506 7942
f 7362 8050 7436
f 8052 7464 8051
f 8051 7467 8053
f 8054 7600 7604
f 8056 7618 8052
f 7436 8057 7638
f 8049 7361 8056
f 8057 7603 7638
f 8055 7467 7600
f 8058 7604 7603
f 8059 8058 8057
f 8060 8054 8058
f 8061 8055 8054
f 8062 8053 8055
f 8059 8050 8064
f 8064 8049 8065
f 8056 8065 8049
f 8059 8067 8068
f 8069 8071 8072
f 8073 8072 8074
f 8075 8073 8076
f 8077 8075 8076
f 8075 8070 8069
f 8079 8081 8070
f 8082 8070 8081
f 8083 8073 8074
f 8061 8083 8074
f 8061 8084 8062
f 8074 8085 8084
f 8072 8086 8085
f 8077 8083 8068
f 8083 8059 8068
f 8071 8087 8086
f 8088 8085 8086
f 8090 8086 8087
f 8091 8089 8088
f 8094 8092 8093
f 8088 8095 8091
f 8084 8089 8094
f 8094 8062 8084
f 8097 8082 8096
f 8096 8081 8080
f 8077 8098 8078
f 8099 8078 8098
f 8101 8068 8067
f 8102 8098 8101
f 8100 8104 8103
f 8096 8103 8104
f 8075 8100 8079
f 8079 8103 8080
f 8105 8053 8063
f 8066 8052 8106
f 8051 8106 8052
f 8107 8105 8093
f 8108 8093 8092
f 8107 8066 8106
f 8063 8093 8105
f 8109 8065 8066
f 8064 8110 8067
f 8067 8111 8101
f 8112 8110 8109
f 8113 8111 8112
f 8108 8109 8107
f 8112 8115 8113
f 8114 8101 8111
f 8102 8116 8117
f 8118 8120 8116
f 8114 8118 8116
f 8117 8120 8097
f 8097 8104 8117
f 8099 8117 8104
f 8091 8108 8092
f 8095 8115 8091
f 8115 8118 8113
f 8095 8120 8119
f 8087 8120 8090
f 7550 7561 7551
f 7552 7561 7535
f 7931 7539 7542
f 7640 7408 7622
f 7549 7644 7627
f 7525 7544 7641
f 7931 7482 7840
f 7483 7542 7541
f 7626 7405 7487
f 7629 7432 8121
f 7629 7949 7948
f 8122 7949 8121
f 8123 8121 7432
f 8124 7432 7435
f 7434 8125 7435
f 8125 8124 7435
f 8124 7429 8126
f 8123 8126 8127
f 8122 8127 8128
f 7541 7959 8128
f 7404 8129 7531
f 8125 7431 7430
f 7526 7505 7644
f 7626 7541 8128
f 7959 8122 8128
f 7961 8048 7962
f 7629 8048 7545
f 8127 7626 8128
f 7402 8126 7403
f 8129 8126 7429
f 7428 8129 7429
f 7589 7428 7590
f 7471 7366 7606
f 7334 7426 7357
f 7335 7357 7356
f 7616 7446 7445
f 7392 7398 7426
f 7393 7397 7392
f 7342 7394 7393
f 7344 7469 7342
f 7343 7361 7360
f 7360 7344 7343
f 7363 7345 7360
f 7437 7575 7363
f 7582 7437 7639
f 7421 7639 7602
f 7375 7602 7601
f 7599 7375 7601
f 7465 7618 7617
f 7332 7587 7340
f 7447 7335 7445
f 7445 7356 7616
f 7359 7616 7356
f 7636 7442 7359
f 7588 7443 7636
f 7589 7605 7588
f 7590 7606 7589
f 7471 7591 7472
f 7446 7371 7374
f 7371 7372 7374
f 7422 7370 7424
f 7577 7424 7580
f 7536 7580 7533
f 7591 7635 7472
f 7607 7386 7635
f 7543 7494 7527
f 7547 7543 7522
f 7608 7387 7386
f 7387 7416 7385
f 7457 7382 7417
f 7557 7417 7554
f 7559 7554 7553
f 7630 7553 7534
f 7534 7586 7630
f 7466 7337 7599
f 7465 7338 7466
f 7617 7587 7465
f 7341 7617 7343
f 8130 6090 8131
f 6023 8132 8133
f 6182 8133 6784
f 6623 6792 6185
f 6787 6182 6784
f 8134 6696 6787
f 6917 6756 8135
f 6762 7112 6763
f 6762 6184 6759
f 6765 6185 6184
f 6650 6768 6647
f 6772 6916 7259
f 6777 6789 6788
f 6022 6788 8132
f 6756 8134 8135
f 6758 6771 6770
f 6761 6775 7112
f 6769 6621 6766
f 6772 6767 6773
f 6174 6760 6759
f 6187 6178 6670
f 6811 6648 6812
f 6786 6724 6779
f 6791 6918 6885
f 6186 6179 6178
f 6808 8133 8132
f 6884 8135 8134
f 6174 6670 6171
f 6807 6784 8133
f 6791 8132 6788
f 6786 8134 6787
f 6790 6172 6918
f 6649 6792 6650
f 6316 8136 6717
f 8137 6654 8138
f 8139 6601 6160
f 6656 6580 6870
f 6868 8142 6865
f 6316 6711 6313
f 6864 8144 6861
f 6864 8145 6860
f 6868 6869 6710
f 6656 6866 6653
f 8146 8148 8149
f 8139 8151 6640
f 8152 6866 6865
f 8154 8138 6654
f 6874 8156 8157
f 8158 8159 6805
f 8160 6865 8142
f 8161 6313 6711
f 6161 8162 8163
f 8164 6654 6653
f 8153 6653 6866
f 8165 8167 8168
f 8166 8169 8167
f 5989 8170 8169
f 5988 8171 8170
f 8172 6043 6042
f 8174 6032 6035
f 8174 6098 8176
f 8176 6796 8177
f 8177 8178 8179
f 7132 6728 7133
f 6589 8180 7136
f 8180 6004 8181
f 8181 6007 8182
f 6334 6731 6734
f 6079 6645 6731
f 6078 6646 6645
f 6085 8184 6646
f 6091 8185 6093
f 6086 8183 6085
f 6950 7118 7070
f 6952 6992 7127
f 6983 6968 7103
f 6987 7004 7099
f 7001 6979 6978
f 7001 7074 6998
f 7262 7075 7074
f 7264 7127 7075
f 7265 6943 6972
f 7265 6991 6990
f 7266 7070 6991
f 6949 7119 7118
f 7267 6939 7119
f 6983 7099 6940
f 7268 6985 8186
f 7000 8186 6979
f 6938 6985 6984
f 6946 6922 6921
f 6956 6948 6947
f 6971 6928 6927
f 6970 6954 6928
f 6973 6921 6925
f 6977 7263 7105
f 6981 7061 7060
f 6973 7117 6972
f 7097 6979 8186
f 7104 6927 7101
f 6977 7060 6974
f 6976 6944 7263
f 6956 7066 6953
f 6937 8186 6985
f 6938 7101 6935
f 6924 7116 7297
f 6926 7297 7068
f 6930 6962 7304
f 6934 6953 7066
f 6960 6936 6935
f 6963 6928 6954
f 6967 6975 6974
f 7063 7327 7331
f 6959 7096 6936
f 6926 7066 6925
f 7102 7304 7125
f 6967 7331 6964
f 6966 6922 6975
f 7062 7064 7327
f 6963 6932 6961
f 7102 6935 7101
f 7299 7269 8187
f 7301 6932 6931
f 7306 7285 7284
f 7308 6962 6961
f 7315 7284 7309
f 7317 7312 7311
f 7319 6964 7331
f 7322 7297 7116
f 7317 7116 6965
f 7308 7303 7307
f 7326 6958 6957
f 7329 7291 7290
f 7328 7324 7291
f 7301 8187 7302
f 7319 7290 7318
f 7326 7309 7323
f 7272 7321 7275
f 7272 8187 7269
f 7274 7302 8187
f 7281 7307 7303
f 7283 7593 7594
f 7289 7324 7323
f 7293 7330 7294
f 7293 7318 7290
f 7310 7594 7637
f 7314 7595 7320
f 7282 7279 7593
f 7278 7277 7276
f 7314 7270 7311
f 7313 7295 7595
f 7288 7291 7324
f 7289 7637 7286
f 6003 6626 6136
f 6003 7165 6000
f 6690 8189 6691
f 6686 5981 5980
f 6685 6096 5981
f 6687 6806 6096
f 6002 5980 6626
f 6606 5351 5350
f 7164 8190 8191
f 8192 7174 8193
f 6015 8153 8152
f 6189 8155 8154
f 8157 6284 6283
f 6332 8152 8160
f 6593 6317 8161
f 6658 8154 8164
f 6014 8164 8153
f 6332 7131 6333
f 6805 6321 6052
f 6146 8162 6625
f 6607 8195 6604
f 8196 6125 8197
f 8198 7168 8199
f 8199 6633 8200
f 7177 8201 7178
f 8202 8204 8205
f 7208 7185 7205
f 7237 7186 7208
f 6819 7230 7237
f 6818 6824 6819
f 8206 6821 6818
f 8207 8135 8208
f 6917 8209 6916
f 8209 7259 6916
f 8210 6647 7259
f 6812 8212 7258
f 6809 7258 7257
f 6809 8213 6113
f 6113 8214 6110
f 7235 6110 8214
f 7223 7234 6147
f 6147 8215 6148
f 6148 8216 6153
f 8218 6158 8217
f 8219 6116 6119
f 6284 6116 6285
f 6188 8156 8155
f 8155 6873 8138
f 8138 6872 8137
f 8137 8148 6581
f 6193 6281 6190
f 6190 6278 6195
f 8220 8222 8223
f 8224 7139 7138
f 6223 8226 8227
f 6237 8228 8229
f 6238 8227 8230
f 6249 8231 8232
f 6253 8233 8234
f 6236 8221 8228
f 6331 8230 8235
f 6252 8236 8233
f 6222 8229 8226
f 6828 8237 8238
f 6280 8240 8241
f 8208 6883 8206
f 6648 8211 8212
f 6143 8242 8243
f 6624 8244 8242
f 8245 8247 8248
f 8249 8251 8252
f 7195 8254 7196
f 7214 8253 7195
f 8256 7214 7213
f 7243 8257 7244
f 7210 8257 7211
f 8259 6102 8260
f 8261 6121 8262
f 8178 8263 8179
f 7132 8264 8263
f 6797 8265 8264
f 6135 8266 8265
f 6134 8267 8266
f 6151 8268 8267
f 6154 8270 8268
f 8269 8272 8270
f 7194 8273 8274
f 7193 8275 8273
f 8249 8260 8276
f 8248 8278 8245
f 6129 8279 8280
f 7169 8197 6125
f 8198 8192 8197
f 7171 7175 7173
f 6589 7129 6587
f 6801 6040 7129
f 6037 6041 6040
f 6036 6659 6041
f 6131 6118 6659
f 6156 6119 6118
f 8218 6119 6155
f 8219 6815 6642
f 7191 6641 6814
f 8246 7189 7191
f 8245 8281 8282
f 8280 6288 6287
f 6125 7170 7169
f 6288 6602 6123
f 6126 6604 8195
f 8196 6605 6604
f 7174 6691 8189
f 6691 6139 6692
f 7171 8283 7172
f 7172 8284 6142
f 6139 8284 6692
f 8285 8287 8288
f 8211 8289 8286
f 8290 8292 8289
f 8293 8291 8290
f 8293 8208 8295
f 8296 8298 8295
f 6818 8296 8206
f 8285 7258 8212
f 7243 7212 7211
f 7243 8300 8299
f 8301 6739 6738
f 8302 7213 7247
f 8303 7247 6168
f 8304 6168 6167
f 6738 8297 8301
f 8288 6167 6170
f 8304 8291 8305
f 8305 8294 6737
f 6737 8306 8305
f 6736 8307 8306
f 8243 8308 8309
f 8242 8282 8308
f 8247 7191 7190
f 7196 8251 7192
f 8253 8311 8254
f 8255 8310 8253
f 8313 8255 8256
f 7244 8313 8307
f 8313 8258 8312
f 8312 8314 8310
f 8315 8310 8314
f 8311 8316 8252
f 8282 8317 8308
f 8308 8261 8309
f 8309 8262 8318
f 8248 8275 8276
f 8282 8246 8245
f 8307 8256 8302
f 8306 8302 8303
f 8305 8303 8304
f 8298 6737 8294
f 8287 8304 6167
f 7253 7199 7198
f 8319 6028 7199
f 8320 6029 6028
f 8321 7184 6029
f 8322 7185 7184
f 8203 7205 7185
f 8202 7206 7205
f 7239 7210 7209
f 7251 8319 7253
f 7227 8320 8319
f 7217 8321 8320
f 7216 8322 8321
f 7236 8203 8322
f 6175 8200 7204
f 7165 8191 6177
f 6137 7166 6138
f 6200 8283 6137
f 6199 8284 8283
f 8284 6205 6692
f 6205 6689 6692
f 6689 5485 3833
f 7009 8323 7107
f 7013 7021 7020
f 7017 7029 7028
f 7013 7110 7010
f 7073 7084 7089
f 7081 7093 7092
f 7082 7028 7025
f 7088 6995 6994
f 7088 7057 7085
f 7122 7043 7042
f 7124 7024 7126
f 7082 7024 7123
f 7009 7042 7006
f 7012 7126 7021
f 7115 7015 7057
f 7008 7058 8323
f 7081 7120 7078
f 7073 7079 7071
f 6997 7076 7113
f 7023 6942 6941
f 7027 7069 7038
f 7031 6989 6988
f 7079 7033 7032
f 7037 7107 8323
f 7027 7126 7024
f 7041 7029 7114
f 7026 6988 7069
f 7100 6941 7098
f 7108 7002 7019
f 7100 8323 7058
f 6997 7114 6994
f 7022 7039 6942
f 7111 7033 7255
f 7035 7260 7032
f 7261 6996 7260
f 7108 7120 7106
f 7245 8258 7210
f 7246 8314 7245
f 7181 8316 7182
f 8277 6129 8278
f 8278 8280 8281
f 6287 8281 8280
f 6122 8317 6287
f 5487 6144 5488
f 5489 6162 5490
f 6637 8325 8326
f 8326 8225 8224
f 5494 8225 5495
f 6160 8150 8139
f 5496 8151 5497
f 8163 6162 6161
f 6146 8327 8163
f 8243 6144 6143
f 8328 8309 8318
f 8318 5501 5500
f 8262 5502 5501
f 8329 8331 8332
f 8333 8335 8336
f 8338 6007 8337
f 8329 8339 8340
f 8341 6734 8330
f 6006 8337 6007
f 8342 6804 6800
f 6065 8339 8343
f 5995 8341 8340
f 6918 6166 6165
f 7221 6166 6880
f 6172 6880 6166
f 8344 5955 6713
f 5519 5975 5520
f 6806 8346 6695
f 6646 8347 6643
f 8165 8349 6323
f 6322 8131 6090
f 8345 6688 8351
f 6695 5975 5974
f 5976 5528 6713
f 5529 8131 5530
f 6643 8352 8168
f 8183 5532 8184
f 5534 8130 5529
f 6730 5533 8183
f 8351 6093 8185
f 5535 6594 3856
f 8353 6652 6651
f 8354 8355 8356
f 8357 6825 6202
f 8359 6202 6201
f 6224 8356 8360
f 6275 8362 6276
f 6201 7143 8359
f 7146 8359 7143
f 8357 8363 8364
f 8355 8366 8367
f 8361 8368 8362
f 8356 8367 8369
f 8370 8372 7142
f 8220 7145 8374
f 6275 6228 6231
f 5558 6228 6274
f 8375 8367 8366
f 8362 8376 8377
f 8378 8380 8381
f 8363 8382 8383
f 8384 8381 8385
f 8382 8386 8385
f 8383 8364 8363
f 6226 6231 6230
f 6231 8361 6275
f 6636 8389 8379
f 6635 8388 6636
f 8390 5576 5575
f 8379 6232 6636
f 8378 6233 6232
f 8384 8371 6233
f 8372 8393 7141
f 7138 8239 8224
f 8224 8394 8326
f 8146 8394 6282
f 6638 8326 8394
f 6340 6299 6298
f 6747 6577 6576
f 6344 6346 6345
f 6342 6355 6303
f 6353 6349 6297
f 6337 6369 8395
f 6360 6328 6327
f 6358 6386 6385
f 6364 6293 6295
f 6362 6376 6373
f 6366 6297 6296
f 6350 6372 6370
f 6533 6303 6302
f 6534 6346 6343
f 6744 6533 6302
f 6536 6747 6576
f 6357 6894 6386
f 6341 6832 6355
f 6839 6292 6291
f 6837 6380 6379
f 6838 6354 6292
f 6361 6377 6376
f 6363 6296 6293
f 6365 6373 6372
f 6359 6291 6328
f 6836 6385 6380
f 6481 6902 6544
f 6484 6501 6500
f 6477 6487 6474
f 6849 6492 6491
f 6494 6467 6466
f 6547 6544 6543
f 6750 6546 6547
f 6494 6751 6750
f 6843 6500 6846
f 6845 6575 6843
f 6489 6847 6853
f 6474 6491 6490
f 6483 6906 6501
f 6493 6465 6490
f 6471 6544 6902
f 6472 6485 6473
f 6476 6461 6460
f 6470 6542 6545
f 6570 6569 6749
f 6495 6463 6493
f 6475 6462 6461
f 6572 6477 6476
f 6574 6457 6456
f 6569 6543 6545
f 6575 6473 6485
f 6471 6901 6448
f 6469 6508 6513
f 6498 6479 6478
f 6503 6518 6517
f 6489 6505 6486
f 6467 6509 6468
f 6546 6498 6478
f 6549 6752 6753
f 6752 6466 6469
f 6503 6846 6500
f 6850 6844 6846
f 6507 6852 6525
f 6486 6509 6849
f 6502 6909 6518
f 6858 6664 6307
f 8396 6611 6610
f 6833 6324 6216
f 8399 6825 8400
f 6831 8401 8402
f 6707 6826 8399
f 8398 6890 6324
f 6858 8404 6554
f 8405 6610 6876
f 6830 6553 8401
f 8397 6911 6611
f 8400 8358 8365
f 8358 8364 8406
f 8406 8387 8407
f 8389 8380 8379
f 8389 8409 8377
f 8388 8410 8409
f 5575 8410 8390
f 6665 8411 6875
f 8412 6720 6721
f 8413 5601 6720
f 8411 8413 8412
f 6262 6290 6263
f 5602 8414 5604
f 6599 3735 5605
f 7141 7142 8372
f 8393 8241 8240
f 8227 7147 7151
f 8229 8374 7148
f 8230 7151 7153
f 8232 8415 8416
f 8234 8417 8418
f 8221 8374 8228
f 8235 7153 8419
f 8233 8420 8417
f 8226 7148 7147
f 8238 8421 8422
f 7141 8240 7138
f 6581 6655 8137
f 6640 8140 8139
f 6710 8141 6868
f 6717 6712 6316
f 6860 8143 6864
f 6870 6867 6656
f 6717 6726 6714
f 6870 6192 6115
f 6860 6050 6059
f 6710 6025 6024
f 6639 6871 8140
f 6640 8324 6637
f 6581 8147 6193
f 5615 6234 8370
f 7144 8374 7145
f 7144 6210 7149
f 7150 6210 6209
f 7152 6209 6329
f 7152 8419 7153
f 7154 8421 8419
f 7158 8415 8422
f 7160 8420 8416
f 7162 8418 8417
f 7161 5616 8418
f 8370 6233 8371
f 8373 7146 7145
f 8392 8386 8223
f 8391 8372 8371
f 5617 6713 5528
f 5973 3355 5972
f 8345 5619 8346
f 3880 6910 5621
f 8351 5620 8345
f 8346 5520 5975
f 5621 6911 5623
f 5622 8185 5534
f 8150 5497 8151
f 8423 8425 8426
f 8427 6519 8428
f 8429 8431 8432
f 6523 8433 6526
f 8434 8436 8437
f 8438 8434 8439
f 8438 6511 6528
f 8441 8424 8423
f 8427 8430 8429
f 8444 8445 8446
f 8447 8424 8448
f 8449 8444 8450
f 8451 8430 8452
f 8453 8454 8455
f 8456 8437 8453
f 8439 8456 8457
f 8448 8442 8458
f 8452 8443 8449
f 8425 8459 8446
f 8460 8462 8463
f 8464 8466 8467
f 8468 8470 8471
f 8472 8474 8475
f 8476 8478 8479
f 8480 8482 8483
f 8484 8486 8487
f 8485 8489 8486
f 8490 8481 8480
f 8492 8494 8495
f 8495 8496 8497
f 8498 8500 8501
f 8502 8500 8503
f 8504 8506 8507
f 8508 8510 8511
f 8513 8511 8512
f 8507 8514 8515
f 8516 8518 8519
f 8520 8516 8521
f 8522 8524 8525
f 8526 8522 8525
f 8528 8530 8531
f 8532 8529 8533
f 8534 8536 8537
f 8538 8534 8537
f 8464 8481 8465
f 8483 8541 8480
f 8542 8484 8467
f 8487 8540 8483
f 8488 8542 8544
f 8545 8486 8489
f 8481 8466 8465
f 8547 8489 8490
f 8548 8493 8471
f 8549 8502 8492
f 8551 8494 8548
f 8497 8552 8495
f 8469 8499 8470
f 8547 8497 8498
f 8469 8503 8500
f 8501 8550 8545
f 8460 8507 8461
f 8552 8506 8505
f 8554 8510 8463
f 8549 8505 8509
f 8554 8512 8511
f 8513 8550 8508
f 8461 8515 8462
f 8557 8513 8514
f 8558 8519 8479
f 8559 8527 8518
f 8521 8558 8561
f 8553 8517 8520
f 8477 8524 8478
f 8520 8557 8553
f 8476 8525 8477
f 8527 8556 8522
f 8563 8528 8475
f 8564 8531 8565
f 8533 8563 8566
f 8562 8530 8532
f 8473 8536 8474
f 8559 8532 8535
f 8472 8537 8473
f 8560 8539 8564
f 8463 8555 8554
f 8544 8467 8466
f 8470 8548 8471
f 8475 8566 8563
f 8479 8561 8558
f 8484 8483 8482
f 8490 8488 8491
f 8503 8492 8502
f 8498 8496 8499
f 8504 8509 8505
f 8515 8513 8512
f 8519 8527 8526
f 8521 8523 8520
f 8528 8539 8538
f 8533 8535 8532
f 8467 8482 8464
f 8487 8546 8543
f 8544 8491 8488
f 8480 8547 8490
f 8493 8468 8471
f 8495 8549 8492
f 8551 8499 8496
f 8501 8547 8498
f 8460 8510 8504
f 8508 8549 8509
f 8555 8515 8512
f 8506 8557 8514
f 8519 8476 8479
f 8517 8559 8518
f 8561 8524 8521
f 8522 8557 8523
f 8475 8538 8472
f 8567 8531 8530
f 8566 8536 8533
f 8560 8535 8534
f 8442 8568 8569
f 6512 8568 6754
f 8570 8571 8572
f 8426 6514 8423
f 8428 8443 8427
f 6522 8432 6523
f 8437 8433 8454
f 6524 8435 6527
f 6528 8435 8438
f 8423 6550 8441
f 8429 6516 8427
f 6515 8445 6908
f 8441 6754 8568
f 8570 8569 8568
f 8440 6512 6511
f 8569 8458 8442
f 8574 8572 8571
f 8572 8573 8569
f 8453 8577 8456
f 8576 8455 8578
f 8452 8580 8451
f 8573 8582 8458
f 8575 8581 8573
f 8584 8575 8574
f 8571 8457 8574
f 8439 8440 8438
f 8585 8587 8588
f 8587 8590 8588
f 8589 8592 8590
f 8591 8594 8592
f 8593 8596 8594
f 8595 8598 8596
f 8599 8586 8585
f 8601 8600 8599
f 8603 8602 8601
f 8605 8598 8597
f 8607 8604 8603
f 8609 8608 8607
f 8611 8610 8609
f 8606 8612 8611
f 8613 8589 8587
f 8614 8591 8589
f 8615 8593 8591
f 8616 8595 8593
f 8617 8597 8595
f 8619 8617 8616
f 8620 8618 8617
f 8620 8623 8621
f 8624 8626 8627
f 8626 8622 8627
f 8620 8628 8622
f 8622 8629 8627
f 8627 8630 8624
f 8632 8634 8631
f 8636 8633 8635
f 8637 8636 8635
f 8639 8632 8640
f 8633 8641 8635
f 8635 8642 8637
f 8642 8644 8637
f 8645 8637 8644
f 8586 8613 8587
f 8600 8646 8586
f 8616 8648 8619
f 8615 8649 8648
f 8613 8649 8614
f 8651 8613 8646
f 8647 8651 8646
f 8652 8654 8651
f 8602 8647 8600
f 8655 8652 8647
f 8656 8653 8652
f 8653 8659 8654
f 8658 8661 8659
f 8644 8663 8645
f 8664 8662 8665
f 8661 8666 8659
f 8666 8654 8659
f 8667 8651 8654
f 8668 8597 8618
f 8669 8618 8621
f 8670 8621 8623
f 8671 8623 8626
f 8671 8625 8672
f 8625 8673 8672
f 8636 8675 8634
f 8638 8674 8636
f 8645 8676 8638
f 8645 8678 8677
f 8679 8660 8658
f 8657 8658 8653
f 8583 8648 8649
f 8650 8583 8649
f 8667 8581 8650
f 8666 8582 8667
f 8664 8681 8666
f 8682 8665 8683
f 8684 8643 8642
f 8684 8641 8579
f 8639 8579 8641
f 8580 8640 8578
f 8629 8576 8630
f 8604 8655 8602
f 8608 8686 8604
f 8610 8687 8608
f 8612 8688 8610
f 8605 8689 8612
f 8690 8668 8669
f 8691 8689 8690
f 8692 8688 8691
f 8693 8687 8692
f 8656 8686 8693
f 8694 8669 8670
f 8695 8690 8694
f 8696 8691 8695
f 8697 8692 8696
f 8657 8693 8697
f 8697 8679 8657
f 8696 8698 8697
f 8696 8700 8699
f 8694 8700 8695
f 8670 8701 8694
f 8702 8671 8672
f 8701 8703 8700
f 8703 8699 8700
f 8699 8705 8698
f 8698 8680 8679
f 8672 8706 8702
f 8675 8707 8708
f 8674 8709 8707
f 8709 8677 8710
f 8677 8711 8710
f 8712 8710 8711
f 8702 8714 8703
f 8713 8714 8715
f 8707 8716 8717
f 8717 8713 8715
f 8710 8716 8709
f 8708 8717 8715
f 8546 8599 8543
f 8546 8603 8601
f 8550 8603 8545
f 8556 8607 8550
f 8560 8609 8556
f 8564 8611 8560
f 8565 8606 8564
f 8565 8596 8598
f 8567 8594 8596
f 8562 8592 8594
f 8553 8590 8592
f 8590 8541 8588
f 8540 8588 8541
f 8543 8585 8540
f 8684 8450 8685
f 8579 8449 8684
f 8682 8448 8681
f 8447 8683 8459
f 8681 8458 8582
f 8628 8619 8718
f 8584 8619 8648
f 8628 8577 8629
f 8457 8577 8718
f 8574 8718 8584
f 7134 6919 7135
f 6164 6919 6783
f 5485 6609 5921
f 3832 8188 6690
f 5921 6221 3354
f 5922 7128 6607
f 6439 8720 6440
f 8720 6570 6749
f 6570 8721 6464
f 6439 8721 8719
f 6727 6057 6312
f 6312 6073 6247
f 6828 6073 6072
f 6877 6267 6745
f 6745 6299 6744
f 6891 6305 6889
f 6338 6746 6339
f 6438 6410 6435
f 6412 6440 6748
f 6564 6424 6565
f 6842 6577 8395
f 6889 6829 7156
f 6579 6564 6563
f 6435 6565 6424
f 8722 6306 6891
f 8723 6058 6727
f 6269 6878 6879
f 7160 6829 6598
f 8724 8143 8725
f 8238 6248 6828
f 6339 6744 6299
f 8395 6338 6337
f 6879 8404 8726
f 8422 8231 8238
f 8725 6859 8723
f 8416 7157 7160
f 6059 6049 6056
f 6330 6049 6048
f 7156 6259 6889
f 6269 6264 6266
f 6297 6264 6241
f 6340 6351 6337
f 6368 8395 6369
f 6422 6559 6423
f 6436 6404 6437
f 6447 6438 6437
f 6424 6436 6435
f 6331 6099 6330
f 6422 6842 6368
f 8722 6856 8726
f 8141 6862 8142
f 6265 6617 6242
f 6324 6259 6258
f 7158 6260 7156
f 6709 6863 8141
f 8235 6827 6331
f 6298 6352 6340
f 6370 6351 6350
f 6891 8403 8722
f 8419 8237 8235
f 6051 8145 6709
f 8422 7155 7158
f 8721 6446 6464
f 6748 8720 6749
f 8727 6011 8194
f 8158 8144 8724
f 6009 6861 8144
f 6008 6862 6861
f 8142 8727 8160
f 6554 6893 6858
f 6833 6708 8398
f 6708 8403 8398
f 5623 6892 4042
f 8406 8365 8358
f 8407 8366 8406
f 8377 8408 8389
f 8397 6530 6529
f 6651 8400 8353
f 8402 6616 6615
f 6618 8399 6651
f 6554 6878 6551
f 8396 6854 6530
f 8401 6552 6616
f 6892 6529 6743
f 8353 8365 8355
f 8377 6276 8362
f 8409 6277 6276
f 8410 5932 6277
f 8726 6857 8722
f 8726 6855 6879
f 7234 6106 8215
f 8279 6127 6288
f 8354 6227 6652
f 6246 6619 6289
f 8239 6282 8394
f 8162 6286 6625
f 6292 6246 6289
f 6382 6377 6379
f 6392 6396 6393
f 6396 6427 6428
f 6398 6443 6459
f 6459 6458 6460
f 6525 6523 6526
f 6558 6271 6555
f 6429 6560 6561
f 6460 6572 6476
f 6272 3736 3735
f 7128 6602 8195
f 6227 6244 6652
f 7180 6634 6103
f 6642 6285 8219
f 6356 6740 6614
f 6816 8218 8217
f 6820 8301 6817
f 6355 6741 6356
f 6344 6834 6341
f 6364 6840 6361
f 6375 6560 6415
f 6848 6488 6477
f 6853 6506 6489
f 6530 6740 6531
f 8140 6874 6601
f 6555 6831 6876
f 8215 6881 8216
f 6348 6894 6345
f 6383 6896 6417
f 6433 6896 6420
f 6432 6898 6390
f 6406 6898 6407
f 6900 6387 6899
f 6900 6448 6901
f 6472 6903 6482
f 6480 6903 6902
f 6497 6906 6479
f 6908 6518 6909
f 4280 6120 6603
f 6100 7170 6128
f 6632 7188 8201
f 7235 7201 7200
f 7206 7212 7207
f 8213 7232 7231
f 8214 7231 7201
f 6108 7200 7203
f 7238 8300 6820
f 7207 8299 7238
f 8205 7240 8202
f 6170 7232 7256
f 6638 8149 6639
f 6601 8157 6600
f 6600 6283 8162
f 8392 8222 8393
f 6278 8241 6279
f 6816 8274 6813
f 6642 6814 6641
f 6128 6124 8279
f 8195 6127 6126
f 8212 8286 8285
f 8292 8286 8289
f 8290 8210 8209
f 8207 8290 8209
f 8294 8295 8298
f 8206 8295 8208
f 6817 8297 8296
f 8288 7256 8285
f 7209 7240 7239
f 6225 8360 8361
f 8369 8360 8356
f 8375 8368 8369
f 8381 8387 8383
f 8385 8383 8382
f 8385 8391 8384
f 8147 6282 6281
f 6345 6835 6344
f 6327 6834 6360
f 6295 6841 6364
f 6379 6840 6837
f 6853 6845 6844
f 6479 6905 6480
f 6848 6571 6573
f 6452 6904 6472
f 6525 6851 6520
f 6496 6907 6497
f 8402 6876 6831
f 8408 8387 8380
f 6279 8222 8221
f 6872 8149 8148
f 8223 8373 8220
f 6526 8436 6524
f 8446 8426 8425
f 8455 8431 8451
f 8446 8450 8444
f 8454 8432 8431
f 6908 8428 6519
f 8578 8451 8580
f 8632 8625 8624
f 8640 8624 8630
f 8660 8662 8661
f 8662 8643 8665
f 8675 8631 8634
f 8680 8663 8660
f 8683 8643 8685
f 8578 8630 8576
f 8673 8708 8706
f 8678 8705 8711
f 8711 8704 8712
f 8706 8715 8714
f 8703 8712 8704
f 8459 8685 8450
f 8407 8376 8375
f 6615 8405 8402
f 5993 6335 5994
f 6060 6018 5991
f 5993 6081 6080
f 6105 6176 6702
f 6177 6000 7165
f 6309 6310 6251
f 8725 6314 8724
f 8724 6318 8158
f 6321 6053 6052
f 6249 6310 6247
f 6596 6257 6597
f 8188 6605 8189
f 5986 6682 6060
f 6714 6311 6309
f 6047 6086 6081
f 6875 6304 6665
f 6001 6912 5983
f 7162 6597 6257
f 7254 6912 6704
f 6684 7163 7254
f 8723 6315 8725
f 6592 6318 6317
f 8332 8171 8728
f 6607 5350 5922
f 8191 8198 8199
f 8197 8193 8196
f 8159 6319 6321
f 8232 6595 6249
f 8192 7173 7175
f 8189 8193 7174
f 6177 8199 6175
f 6733 8330 6734
f 8340 8330 8329
f 8341 6335 6334
f 8412 6875 8411
f 8414 6273 6599
f 8416 8236 8232
f 6727 8136 8723
f 8417 7159 7162
f 6277 5558 6274
f 5935 6635 6235
f 5991 6061 6060
f 6019 6682 6681
f 5999 6033 5996
f 6045 6677 6680
f 6055 6083 7130
f 5995 6063 5992
f 6084 6053 6046
f 6088 5989 8166
f 6063 6046 5992
f 6066 6034 5999
f 6103 7181 7180
f 6673 6133 6132
f 6149 6153 6152
f 6323 8166 8165
f 6585 6083 6082
f 6630 6702 6176
f 6634 7168 7167
f 6676 6152 6133
f 6703 6628 7248
f 6796 6728 8178
f 6069 6097 6066
f 6132 6674 6673
f 6803 6800 6804
f 6011 6055 7130
f 6799 6582 6585
f 7194 6881 6882
f 7131 6583 6333
f 6798 6913 6674
f 7179 8204 7236
f 7183 7246 7242
f 7188 7242 7241
f 6109 7192 6882
f 7204 6176 6175
f 7219 6628 6627
f 7218 7248 6628
f 7179 6627 7176
f 7250 6704 6703
f 7228 7249 7248
f 6678 7249 6679
f 5997 7251 5998
f 8168 6644 6643
f 8167 6732 6644
f 8169 6733 6732
f 8170 8331 6733
f 8336 8173 8172
f 8182 8175 8174
f 8182 8176 8181
f 8181 8177 8180
f 8180 8179 7136
f 7133 6590 6913
f 7130 8194 6011
f 8200 6632 7177
f 7178 8205 8204
f 8269 6153 8216
f 8254 8252 8251
f 8260 6101 8277
f 8179 6802 7136
f 8263 6038 6802
f 8264 6039 6038
f 8265 6130 6039
f 8266 6157 6130
f 8267 6158 6157
f 8268 8217 6158
f 8270 6816 8217
f 6813 8273 7190
f 8273 8247 7190
f 8276 8277 8248
f 7192 8250 7193
f 8252 8259 8249
f 8276 8250 8249
f 7204 7177 7176
f 7182 8315 7246
f 8343 8334 8333
f 8333 8342 8343
f 8343 6800 6065
f 8340 6064 5995
f 6323 8350 6322
f 8168 8348 8165
f 8349 5936 8350
f 8352 5938 8348
f 6103 7167 6100
f 8271 8216 6881
f 8201 7241 8205
f 8274 8271 7194
f 5991 6017 5988
f 8728 6017 6016
f 5997 6680 6679
f 5996 6045 6680
f 6033 6042 6045
f 6042 8175 8172
f 8172 8338 8336
f 8336 8337 8333
f 6684 6677 6681
f 6681 6044 6019
f 6019 6043 6016
f 6016 8173 8728
f 8728 8335 8332
f 8332 8334 8329
f 8194 8160 8727
f 6805 6009 8158
f 5940 7137 6719
f 8324 5942 8325
f 8325 5495 8225
f 6253 4292 6250
f 7137 5944 6715
f 8348 5937 8349
f 8350 5530 8131
f 5624 6159 5489
f 6718 5940 6719
f 8327 5490 6162
f 8347 5939 8352
f 5933 6121 6120
f 8184 5946 8347
f 7142 5615 8370
f 6145 5945 8327
f 8234 5943 6253
f 8328 5488 6144
f 8318 5948 8328
f 7139 4299 7140
f 8418 5947 8234
f 5604 6599 5605
f 5949 6712 6716
f 5944 6716 6715
f 6720 5950 6255
f 6255 4322 6256
f 5614 6235 6234
f 6711 5951 8161
f 8161 3857 6593
f 5973 2965 3013
f 2965 5963 222
f 222 5960 223
f 223 5958 3186
f 5958 3185 3186
f 5957 2977 3185
f 5970 1213 2977
f 5967 1214 1213
f 2532 5966 5953
f 2894 5953 5952
f 2871 5952 8344
f 5510 5721 5509
f 5822 5824 5823
f 3511 3844 3735
f 3887 3889 3888
f 3876 3878 3877
f 3356 3911 3909
f 3372 3390 3391
f 3849 3851 3850
f 3481 3867 3866
f 3873 3385 3382
f 3875 3450 3452
f 3915 3865 3862
f 3657 3671 3656
f 5618 3013 2152
f 1997 1889 1892
f 1237 744 855
f 1535 120 121
f 1531 201 214
f 1119 1032 984
f 946 824 947
f 163 5 162
f 9041 9175 9193
f 1155 1162 1164
f 427 327 424
f 553 796 498
f 8732 2231 2237
f 8732 2230 2232
f 2237 3180 8732
f 8734 8736 8733
f 8735 8738 8736
f 8737 8740 8738
f 8739 8742 8740
f 8743 8745 8746
f 8746 8747 8748
f 8749 8748 8747
f 8751 8750 8749
f 8754 8756 8753
f 8757 8755 8754
f 8759 8758 8757
f 8761 8760 8759
f 8763 8762 8761
f 8766 8749 8765
f 8765 8747 8767
f 8767 8745 8768
f 8768 8744 8769
f 8744 8771 8769
f 8770 8772 8771
f 8741 8773 8772
f 8739 8774 8773
f 8737 8775 8774
f 8735 8776 8775
f 8776 8777 3184
f 2904 8779 2947
f 8780 2904 2902
f 8781 2902 2876
f 2875 8781 2876
f 8783 2733 2736
f 2825 8786 2824
f 8788 8790 8787
f 8792 8787 8791
f 2724 8785 2825
f 8787 3115 3117
f 8791 3117 3119
f 8794 8765 8793
f 8793 8767 8795
f 8795 8768 8796
f 8796 8769 8797
f 8797 8771 8798
f 8771 8799 8798
f 8772 8800 8799
f 8773 8801 8800
f 8774 8802 8801
f 8775 8803 8802
f 8776 3056 8803
f 8802 2253 2252
f 8801 2252 1727
f 8800 1727 2150
f 8799 2150 1941
f 8804 8799 1941
f 8805 8798 8804
f 8806 8797 8805
f 8807 8796 8806
f 8793 8807 8808
f 8794 8808 8809
f 8810 8809 8808
f 8808 8806 8810
f 8810 8805 8812
f 8813 8810 8812
f 8812 8804 8814
f 8815 8812 8814
f 8814 1941 1360
f 8755 8752 8756
f 8758 8750 8755
f 8760 8748 8758
f 8762 8746 8760
f 8816 8764 8763
f 8818 8820 8817
f 8816 8782 8784
f 8821 8817 8816
f 8789 8783 8786
f 8818 8789 8788
f 8819 8788 8792
f 8822 8819 8823
f 8823 8792 8824
f 8824 8791 2712
f 2712 3119 3128
f 8826 8823 8825
f 8825 8824 8827
f 8827 2712 2711
f 8828 2711 2400
f 8829 8827 8828
f 8830 8825 8829
f 8743 8764 8831
f 8817 8831 8764
f 8770 8743 8831
f 8741 8831 8742
f 8820 8742 8831
f 8740 8822 8826
f 8738 8826 8830
f 8736 8830 8832
f 8833 2400 2402
f 8834 8828 8833
f 8832 8829 8834
f 8835 2402 2707
f 3058 2707 2708
f 3061 8835 3058
f 8836 8833 8835
f 8733 8832 8837
f 8837 8834 8836
f 8777 8733 8838
f 8838 8837 1962
f 8837 3061 1962
f 1961 8838 1962
f 3057 8777 8838
f 8779 8753 8839
f 8778 8754 8779
f 8780 8757 8778
f 8781 8759 8780
f 8782 8761 8781
f 8821 8784 8783
f 8785 8789 8786
f 2723 8790 8785
f 2875 8784 8782
f 2736 8786 8783
f 2947 8839 8944
f 8815 1360 8941
f 1900 1924 1901
f 1736 1718 1750
f 1955 1943 1956
f 1671 1735 1751
f 1696 1698 1692
f 1800 1864 1801
f 2063 2056 2060
f 1737 1717 1736
f 1751 1697 1695
f 943 9351 684
f 9108 8753 9057
f 1577 1764 1703
f 9369 1599 9375
f 1945 82 1944
f 68 7 248
f 147 1543 148
f 1109 1133 1102
f 1503 1907 1908
f 1499 1909 1498
f 452 735 215
f 1824 9287 9297
f 1825 2068 1824
f 1463 1022 1194
f 841 1009 1011
f 1568 1955 1534
f 1926 1927 1923
f 1910 1502 1939
f 1939 422 442
f 309 1940 308
f 1804 1866 1803
f 269 1954 56
f 2065 2060 2056
f 9264 1758 9287
f 280 552 1940
f 1875 1869 1874
f 1739 1734 1737
f 5923 5899 5924
f 1778 1790 1788
f 310 1915 279
f 1909 1906 1954
f 1789 1778 1788
f 978 980 979
f 1584 1731 1583
f 425 311 312
f 148 115 116
f 2044 9346 2046
f 277 1939 551
f 1943 1945 1944
f 1461 1463 1464
f 2253 3056 3055
f 2981 8927 958
f 2209 8927 3055
f 2254 3055 8927
f 2998 958 8927
f 2826 2721 2724
f 8928 2721 2817
f 2816 8928 2817
f 2334 2296 2335
f 2298 2334 2336
f 2301 2336 2338
f 2311 2338 2354
f 2312 2354 2355
f 2359 2361 2360
f 2335 2359 2360
f 2414 2365 2364
f 2413 2361 2365
f 2355 2540 2541
f 2541 2539 2542
f 2722 2739 2738
f 3114 2738 3113
f 3110 3121 3120
f 3108 3120 3113
f 3122 3127 3126
f 3112 3126 3121
f 3127 1753 3135
f 3139 2529 2542
f 9196 3133 3139
f 8928 2740 2739
f 8929 2789 8928
f 228 91 88
f 245 243 242
f 248 247 191
f 2 296 295
f 145 300 267
f 327 210 328
f 329 331 330
f 250 228 236
f 239 240 230
f 373 375 374
f 178 176 175
f 1218 1228 1321
f 9314 1295 9306
f 808 824 823
f 9310 1013 1014
f 9265 1411 1413
f 2154 2159 2160
f 9297 1758 1757
f 306 1922 452
f 2157 1976 1977
f 708 2031 1474
f 1450 1227 1428
f 1672 1605 1624
f 1813 1821 1816
f 1717 1715 1718
f 176 402 347
f 1710 9368 9367
f 1712 1577 1711
f 1705 1711 1704
f 3435 3475 3434
f 971 979 970
f 822 1094 1102
f 2909 2793 2792
f 2810 2795 2793
f 2799 2249 2800
f 9114 2910 2799
f 2769 2801 2795
f 3177 3178 3179
f 3178 3180 3179
f 3181 1393 2800
f 3181 1632 3182
f 3182 2244 3183
f 3183 2243 3180
f 8932 2790 8929
f 2808 8929 2816
f 2239 9016 2240
f 1149 9015 9014
f 1150 9011 9015
f 2202 9010 2015
f 2921 9009 2923
f 9012 2133 2928
f 1777 1759 1792
f 1201 1183 1184
f 9005 2195 2194
f 8997 2770 2768
f 9379 1687 1692
f 1516 154 503
f 8993 2974 2803
f 8994 2779 2778
f 2771 9019 8990
f 3070 8990 9002
f 8991 2775 2867
f 1376 1370 1372
f 2767 9000 2206
f 2195 8987 2767
f 2775 8986 2776
f 8344 8989 2871
f 9256 8983 2806
f 2776 8982 2805
f 2240 8979 2920
f 2920 9121 9071
f 8992 2786 2779
f 1805 1851 1804
f 8978 2787 2786
f 2951 8984 8975
f 2772 8975 9019
f 2973 8974 8980
f 2224 8981 8974
f 1957 320 510
f 306 304 303
f 2770 8972 2913
f 2913 9018 2239
f 2923 8971 2922
f 308 431 47
f 207 132 543
f 1879 1881 1880
f 9185 8969 2089
f 2475 9002 8968
f 2476 8968 8967
f 2223 8967 8981
f 8966 2803 2802
f 2037 11 1950
f 1959 450 505
f 2003 8964 2129
f 9 334 540
f 2009 8962 9011
f 2008 8980 8962
f 9329 673 9331
f 8959 2778 2784
f 2935 8957 2936
f 111 9014 8955
f 3238 3341 3237
f 8954 2935 2938
f 683 9337 943
f 8952 2810 2909
f 736 732 729
f 1795 1803 1796
f 8949 2938 2939
f 8951 2939 2940
f 2950 8948 2949
f 2940 8948 8951
f 9253 8956 2950
f 2868 8946 2869
f 2869 8966 2802
f 1024 1023 1020
f 8944 2948 2947
f 551 442 443
f 2972 9012 2928
f 2032 8943 2972
f 216 1924 1923
f 3532 3482 3533
f 203 201 200
f 3539 3541 3540
f 1828 1847 1837
f 1958 449 450
f 272 178 175
f 2871 8939 1361
f 9071 9008 2921
f 2801 9095 9114
f 2005 9106 2176
f 960 899 962
f 9109 9064 9076
f 9232 9098 3151
f 3151 9045 2555
f 2193 9075 2194
f 9059 3145 3144
f 9055 2761 3145
f 9044 3144 3104
f 2926 9086 3103
f 9086 3104 3103
f 9207 9198 9205
f 566 9210 2005
f 8839 1864 8944
f 1602 2079 2078
f 2868 9063 2922
f 2922 9062 2923
f 2923 9070 2921
f 9122 2918 9066
f 9071 9066 2920
f 2921 9122 9071
f 2920 9038 2240
f 9065 2915 2918
f 2917 9074 9093
f 2916 9093 9094
f 2239 9104 2913
f 2911 9104 2757
f 9095 2911 2910
f 2797 9114 9043
f 2797 9050 2750
f 9074 2763 2765
f 9060 2764 2745
f 2194 9100 2221
f 2221 9101 2222
f 2756 9061 2755
f 2750 9061 2747
f 9121 1817 9279
f 9215 1691 1699
f 2515 9042 2548
f 2548 9045 2550
f 2513 9084 9068
f 2513 9073 2515
f 2509 9072 2289
f 2510 9085 2509
f 2289 9091 2283
f 2283 9069 2286
f 2240 9039 2239
f 9111 9076 9078
f 716 9339 9340
f 727 9213 1923
f 2165 2170 2164
f 9112 9078 9081
f 9195 9030 9209
f 2175 769 770
f 2100 2095 2099
f 9210 9209 9030
f 640 9012 1826
f 1653 8997 1651
f 1895 8974 746
f 746 8981 741
f 1653 8972 9020
f 9214 1604 1672
f 2093 2073 2078
f 959 995 884
f 962 919 986
f 1400 1398 1399
f 1000 1127 1004
f 956 884 885
f 1662 8994 1661
f 2034 8990 1654
f 9378 8983 9254
f 8979 766 1817
f 9016 765 766
f 334 9015 335
f 1868 8984 1656
f 1684 1652 1678
f 1682 775 1807
f 1585 9214 1700
f 9215 1672 1673
f 2173 490 491
f 1658 8991 1752
f 9000 1650 724
f 1571 2010 1572
f 1587 9123 2080
f 2099 2077 2094
f 787 1999 786
f 2000 786 1999
f 3155 9149 9135
f 9165 9135 9241
f 2180 9137 9136
f 8940 9136 9157
f 1684 9292 1651
f 1760 8939 8989
f 2607 9145 2590
f 2581 9141 2607
f 2371 9152 9147
f 2371 9145 2372
f 2587 9127 2586
f 2586 9149 339
f 2497 9139 2503
f 2502 9139 9152
f 2494 9142 2495
f 9142 2472 2495
f 9140 2468 2472
f 9153 2469 2468
f 726 9344 630
f 581 8962 580
f 10 9014 334
f 1837 8954 1849
f 741 8967 1300
f 1299 9002 2034
f 1851 8948 1866
f 8971 1820 1819
f 580 8980 1895
f 1758 8966 8946
f 1693 8952 1806
f 8948 1867 1866
f 1894 9012 8943
f 2126 9265 9293
f 9358 9293 9364
f 2113 9319 2110
f 2179 9241 9137
f 624 9356 623
f 2192 9240 9232
f 2177 9239 9185
f 1364 9285 1338
f 9310 1470 1453
f 3135 9227 9196
f 2069 9287 2068
f 1351 9305 1352
f 2108 9353 499
f 2089 9188 9185
f 9280 1358 866
f 2001 9235 2187
f 2187 9171 2091
f 2130 9204 2004
f 2004 9201 2001
f 2014 9231 2201
f 2201 9208 2130
f 3167 9211 2969
f 3168 9172 3167
f 3159 9216 3160
f 3160 9217 3081
f 9182 3158 337
f 3158 9161 3159
f 2200 9182 9174
f 9137 9194 2204
f 9174 2197 2200
f 9242 2092 9173
f 9226 9173 2197
f 3154 9242 9226
f 3155 9158 3154
f 2091 9173 2092
f 2196 9202 9228
f 2193 9228 9233
f 9056 9233 9240
f 2086 9232 9230
f 2087 9230 9229
f 2204 9203 2205
f 2205 9202 3148
f 9361 574 692
f 2124 9229 9212
f 2208 9212 9234
f 9163 3140 3137
f 9237 3138 3140
f 9197 3139 3138
f 9223 3136 2322
f 9164 3137 3136
f 9227 3131 3133
f 9219 3132 3131
f 1813 9290 1814
f 1293 9308 1344
f 2184 9200 9184
f 2181 9184 9186
f 9217 3079 3081
f 9220 3080 3079
f 709 9327 2031
f 2774 9189 9221
f 9238 2134 9003
f 9261 766 765
f 2968 9218 2959
f 2969 9236 2968
f 2958 9189 2961
f 2132 9218 2960
f 2321 9223 9200
f 9312 1449 28
f 9357 582 710
f 9338 577 574
f 9299 1818 9279
f 705 9339 2121
f 9268 9359 698
f 2111 9363 2113
f 9262 1366 1411
f 1812 9274 1815
f 675 9304 674
f 8940 9303 675
f 2110 9320 2109
f 2104 9353 2106
f 2109 9351 944
f 9294 703 739
f 1680 9298 1684
f 1639 9271 9270
f 623 9358 697
f 2139 9318 9317
f 1808 9296 9289
f 9272 1819 1820
f 9324 9352 706
f 1646 9282 1648
f 9341 633 577
f 2139 9327 18
f 2156 9323 9326
f 674 9365 9321
f 2117 9264 2069
f 1815 9299 9275
f 9307 1444 1470
f 697 9364 9268
f 866 9288 9280
f 9316 2136 2135
f 9037 9178 9041
f 9035 9183 9037
f 9205 9190 9191
f 9192 9033 9195
f 1088 9198 1093
f 9191 9195 9205
f 2791 8933 2792
f 8932 2807 8933
f 2792 8934 2909
f 8933 2806 8934
f 8952 8934 8960
f 8960 2806 8983
f 2948 9243 9253
f 2105 9348 2104
f 8982 9256 2805
f 680 9328 683
f 1891 9362 9343
f 2905 9253 2950
f 2900 9251 2905
f 2901 9259 2877
f 2734 9258 9246
f 2877 9258 2878
f 2820 9246 2872
f 2818 9244 2827
f 2823 9244 2826
f 2822 9250 2821
f 2819 9252 9250
f 2817 9247 2816
f 2809 9247 2815
f 2808 9255 2807
f 2805 9255 2804
f 1702 9375 1599
f 9374 1797 1802
f 9367 1706 1709
f 9370 1692 1698
f 1657 9332 1879
f 1890 9347 9362
f 9224 1674 1675
f 1689 9224 9225
f 9378 8982 1688
f 8960 1689 9225
f 9369 1703 1764
f 1598 9380 1770
f 9332 1876 1879
f 1691 9377 9379
f 9377 1688 1687
f 1117 1118 9382
f 1066 1322 9382
f 1243 847 9382
f 9277 848 9382
f 1128 1117 9382
f 1129 1130 9382
f 841 1011 9382
f 1230 9315 9382
f 1242 1243 9382
f 1322 1229 9382
f 1064 1065 9382
f 1003 1128 9382
f 1229 1230 9382
f 9315 1285 9382
f 1285 1288 9382
f 848 839 9382
f 847 9277 9382
f 1118 1129 9382
f 1065 1066 9382
f 1087 1086 9382
f 1008 1002 9382
f 1011 1008 9382
f 1002 1003 9382
f 1076 1069 9382
f 838 841 9382
f 839 838 9382
f 1288 1242 9382
f 1130 1087 9382
f 1086 1076 9382
f 1069 1064 9382
f 2410 2414 9383
f 2411 2410 9383
f 9069 2285 9383
f 2394 2393 9383
f 2393 2396 9383
f 2281 2286 9383
f 2282 2280 9383
f 2398 2399 9383
f 2465 2464 9383
f 2396 2397 9383
f 2470 2469 9383
f 2399 2416 9383
f 2480 2395 9383
f 2459 2480 9383
f 2369 2282 9383
f 2460 2459 9383
f 2415 2411 9383
f 2416 2415 9383
f 2364 2363 9383
f 2286 9069 9383
f 2464 2470 9383
f 2469 9155 9383
f 2285 2465 9383
f 2414 2364 9383
f 2395 2394 9383
f 2363 2367 9383
f 2397 2398 9383
f 2280 2281 9383
f 9155 2460 9383
f 2367 2369 9383
f 9386 9389 9390
f 9386 9391 9387
f 9384 9389 9385
f 9390 9395 9391
f 9389 9392 9393
f 9389 9394 9390
f 9394 9399 9395
f 9393 9396 9397
f 9394 9397 9398
f 9399 9402 9403
f 9396 9401 9397
f 9397 9402 9398
f 9402 9407 9403
f 9401 9404 9405
f 9402 9405 9406
f 9407 9410 9411
f 9405 9408 9409
f 9405 9410 9406
f 9411 9414 9415
f 9409 9412 9413
f 9410 9413 9414
f 9414 9419 9415
f 9412 9417 9413
f 9413 9418 9414
f 9418 9423 9419
f 9417 9420 9421
f 9418 9421 9422
f 9422 9427 9423
f 9420 9425 9421
f 9421 9426 9422
f 9426 9431 9427
f 9425 9428 9429
f 9426 9429 9430
f 9431 9434 9435
f 9428 9433 9429
f 9429 9434 9430
f 9434 9439 9435
f 9433 9436 9437
f 9434 9437 9438
f 9439 9442 9443
f 9436 9441 9437
f 9437 9442 9438
f 9443 9446 9447
f 9441 9444 9445
f 9442 9445 9446
f 9447 9450 9451
f 9444 9449 9445
f 9445 9450 9446
f 9450 9455 9451
f 9449 9452 9453
f 9450 9453 9454
f 9454 9459 9455
f 9452 9457 9453
f 9453 9458 9454
f 9458 9463 9459
f 9457 9460 9461
f 9458 9461 9462
f 9463 9466 9467
f 9460 9465 9461
f 9461 9466 9462
f 9466 9471 9467
f 9465 9468 9469
f 9466 9469 9470
f 9471 9474 9475
f 9468 9473 9469
f 9469 9474 9470
f 9475 9478 9479
f 9473 9476 9477
f 9474 9477 9478
f 9479 9482 9483
f 9476 9481 9477
f 9477 9482 9478
f 9483 9486 9487
f 9481 9484 9485
f 9482 9485 9486
f 9486 9491 9487
f 9484 9489 9485
f 9485 9490 9486
f 9490 9495 9491
f 9489 9492 9493
f 9490 9493 9494
f 9495 9498 9499
f 9492 9497 9493
f 9493 9498 9494
f 9498 9503 9499
f 9497 9500 9501
f 9498 9501 9502
f 9503 9507 9508
f 9500 9506 9501
f 9501 9507 9502
f 9508 9511 9512
f 9505 9510 9506
f 9507 9510 9511
f 9384 9504 9388
f 9388 9504 9392
f 9392 9504 9396
f 9396 9504 9400
f 9400 9504 9404
f 9404 9504 9408
f 9408 9504 9412
f 9412 9504 9416
f 9416 9504 9420
f 9420 9504 9424
f 9424 9504 9428
f 9428 9504 9432
f 9432 9504 9436
f 9436 9504 9440
f 9440 9504 9444
f 9444 9504 9448
f 9448 9504 9452
f 9452 9504 9456
f 9456 9504 9460
f 9460 9504 9464
f 9464 9504 9468
f 9468 9504 9472
f 9472 9504 9476
f 9476 9504 9480
f 9480 9504 9484
f 9484 9504 9488
f 9488 9504 9492
f 9492 9504 9496
f 9496 9504 9500
f 9500 9504 9505
f 9505 9504 9509
f 9512 9386 9387
f 9510 9384 9385
f 9510 9386 9511
f 9509 9504 9384
f 9521 9533 9534
f 9518 9532 9519
f 9517 9529 9530
f 9515 9527 9528
f 9523 9537 9524
f 9521 9535 9522
f 9519 9533 9520
f 9518 9530 9531
f 9515 9529 9516
f 9513 9527 9514
f 9524 9538 9525
f 9523 9535 9536
f 9528 9542 9529
f 9526 9540 9527
f 9538 9550 9551
f 9535 9549 9536
f 9534 9546 9547
f 9531 9545 9532
f 9530 9542 9543
f 9528 9540 9541
f 9537 9549 9550
f 9534 9548 9535
f 9532 9546 9533
f 9531 9543 9544
f 9541 9555 9542
f 9540 9552 9553
f 9550 9564 9551
f 9548 9562 9549
f 9547 9559 9560
f 9544 9558 9545
f 9542 9556 9543
f 9541 9553 9554
f 9549 9563 9550
f 9547 9561 9548
f 9546 9558 9559
f 9544 9556 9557
f 9555 9567 9568
f 9552 9566 9553
f 9564 9576 9577
f 9562 9574 9575
f 9559 9573 9560
f 9557 9571 9558
f 9555 9569 9556
f 9553 9567 9554
f 9562 9576 9563
f 9561 9573 9574
f 9559 9571 9572
f 9557 9569 9570
f 9567 9581 9568
f 9566 9578 9579
f 9576 9590 9577
f 9575 9587 9588
f 9572 9586 9573
f 9571 9583 9584
f 9569 9581 9582
f 9566 9580 9567
f 9576 9588 9589
f 9574 9586 9587
f 9571 9585 9572
f 9569 9583 9570
f 9581 9593 9594
f 9578 9592 9579
f 9590 9602 9603
f 9588 9600 9601
f 9585 9599 9586
f 9583 9597 9584
f 9582 9594 9595
f 9579 9593 9580
f 9589 9601 9602
f 9587 9599 9600
f 9584 9598 9585
f 9583 9595 9596
f 9594 9606 9607
f 9592 9604 9605
f 9602 9616 9603
f 9601 9613 9614
f 9598 9612 9599
f 9596 9610 9597
f 9594 9608 9595
f 9592 9606 9593
f 9601 9615 9602
f 9600 9612 9613
f 9598 9610 9611
f 9596 9608 9609
f 9607 9619 9620
f 9605 9617 9618
f 9615 9629 9616
f 9613 9627 9614
f 9611 9625 9612
f 9610 9622 9623
f 9607 9621 9608
f 9605 9619 9606
f 9615 9627 9628
f 9613 9625 9626
f 9611 9623 9624
f 9608 9622 9609
f 9619 9633 9620
f 9617 9631 9618
f 9628 9642 9629
f 9627 9639 9640
f 9625 9637 9638
f 9622 9636 9623
f 9621 9633 9634
f 9619 9631 9632
f 9627 9641 9628
f 9625 9639 9626
f 9623 9637 9624
f 9622 9634 9635
f 9632 9646 9633
f 9630 9644 9631
f 9642 9654 9655
f 9639 9653 9640
f 9638 9650 9651
f 9635 9649 9636
f 9634 9646 9647
f 9632 9644 9645
f 9641 9653 9654
f 9638 9652 9639
f 9636 9650 9637
f 9635 9647 9648
f 9645 9659 9646
f 9644 9656 9657
f 9654 9668 9655
f 9652 9666 9653
f 9651 9663 9664
f 9648 9662 9649
f 9646 9660 9647
f 9645 9657 9658
f 9653 9667 9654
f 9651 9665 9652
f 9650 9662 9663
f 9648 9660 9661
f 9659 9671 9672
f 9656 9670 9657
f 9668 9680 9681
f 9665 9679 9666
f 9663 9677 9664
f 9661 9675 9662
f 9659 9673 9660
f 9657 9671 9658
f 9666 9680 9667
f 9665 9677 9678
f 9663 9675 9676
f 9661 9673 9674
f 9671 9685 9672
f 9670 9682 9683
f 9680 9694 9681
f 9678 9692 9679
f 9677 9689 9690
f 9675 9687 9688
f 9673 9685 9686
f 9670 9684 9671
f 9680 9692 9693
f 9678 9690 9691
f 9675 9689 9676
f 9673 9687 9674
f 9685 9697 9698
f 9682 9696 9683
f 9694 9706 9707
f 9692 9704 9705
f 9689 9703 9690
f 9687 9701 9688
f 9686 9698 9699
f 9683 9697 9684
f 9693 9705 9706
f 9691 9703 9704
f 9688 9702 9689
f 9687 9699 9700
f 9698 9710 9711
f 9696 9708 9709
f 9706 9720 9707
f 9705 9717 9718
f 9702 9716 9703
f 9700 9714 9701
f 9698 9712 9699
f 9696 9710 9697
f 9705 9719 9706
f 9704 9716 9717
f 9702 9714 9715
f 9700 9712 9713
f 9711 9723 9724
f 9709 9721 9722
f 9719 9733 9720
f 9717 9731 9718
f 9715 9729 9716
f 9714 9726 9727
f 9711 9725 9712
f 9709 9723 9710
f 9718 9732 9719
f 9717 9729 9730
f 9715 9727 9728
f 9712 9726 9713
f 9723 9737 9724
f 9721 9735 9722
f 9733 9745 9746
f 9731 9743 9744
f 9729 9741 9742
f 9726 9740 9727
f 9725 9737 9738
f 9723 9735 9736
f 9732 9744 9745
f 9729 9743 9730
f 9727 9741 9728
f 9726 9738 9739
f 9736 9750 9737
f 9734 9748 9735
f 9746 9758 9759
f 9743 9757 9744
f 9742 9754 9755
f 9739 9753 9740
f 9738 9750 9751
f 9736 9748 9749
f 9745 9757 9758
f 9742 9756 9743
f 9740 9754 9741
f 9739 9751 9752
f 9749 9763 9750
f 9748 9760 9761
f 9758 9772 9759
f 9756 9770 9757
f 9755 9767 9768
f 9752 9766 9753
f 9750 9764 9751
f 9749 9761 9762
f 9757 9771 9758
f 9756 9768 9769
f 9754 9766 9767
f 9752 9764 9765
f 9762 9776 9763
f 9760 9774 9761
f 9772 9784 9785
f 9770 9782 9783
f 9768 9780 9781
f 9765 9779 9766
f 9763 9777 9764
f 9762 9774 9775
f 9770 9784 9771
f 9768 9782 9769
f 9767 9779 9780
f 9764 9778 9765
f 9775 9789 9776
f 9774 9786 9787
f 9784 9798 9785
f 9782 9796 9783
f 9781 9793 9794
f 9779 9791 9792
f 9777 9789 9790
f 9774 9788 9775
f 9784 9796 9797
f 9782 9794 9795
f 9779 9793 9780
f 9777 9791 9778
f 9789 9802 9803
f 9786 9801 9787
f 9798 9811 9812
f 9796 9809 9810
f 9793 9808 9794
f 9792 9805 9806
f 9790 9803 9804
f 9787 9802 9788
f 9797 9810 9811
f 9795 9808 9809
f 9792 9807 9793
f 9790 9805 9791
f 9803 9815 9816
f 9801 9813 9814
f 9811 9825 9812
f 9810 9822 9823
f 9807 9821 9808
f 9806 9818 9819
f 9803 9817 9804
f 9801 9815 9802
f 9810 9824 9811
f 9809 9821 9822
f 9807 9819 9820
f 9804 9818 9805
f 9816 9828 9829
f 9814 9826 9827
f 9825 9837 9838
f 9822 9836 9823
f 9820 9834 9821
f 9819 9831 9832
f 9816 9830 9817
f 9814 9828 9815
f 9824 9836 9837
f 9822 9834 9835
f 9820 9832 9833
f 9817 9831 9818
f 9828 9842 9829
f 9826 9840 9827
f 9837 9851 9838
f 9836 9848 9849
f 9834 9846 9847
f 9831 9845 9832
f 9830 9842 9843
f 9828 9840 9841
f 9836 9850 9837
f 9834 9848 9835
f 9832 9846 9833
f 9831 9843 9844
f 9841 9855 9842
f 9839 9853 9840
f 9851 9863 9864
f 9848 9862 9849
f 9847 9859 9860
f 9845 9857 9858
f 9843 9855 9856
f 9841 9853 9854
f 9850 9862 9863
f 9847 9861 9848
f 9845 9859 9846
f 9843 9857 9844
f 9854 9868 9855
f 9853 9865 9866
f 9863 9877 9864
f 9861 9875 9862
f 9860 9872 9873
f 9858 9870 9871
f 9855 9869 9856
f 9854 9866 9867
f 9862 9876 9863
f 9860 9874 9861
f 9859 9871 9872
f 9856 9870 9857
f 9868 9880 9881
f 9865 9879 9866
f 9877 9889 9890
f 9875 9887 9888
f 9873 9885 9886
f 9870 9884 9871
f 9868 9882 9869
f 9867 9879 9880
f 9875 9889 9876
f 9873 9887 9874
f 9872 9884 9885
f 9870 9882 9883
f 9880 9894 9881
f 9878 9892 9879
f 9889 9903 9890
f 9887 9901 9888
f 9886 9898 9899
f 9884 9896 9897
f 9882 9894 9895
f 9879 9893 9880
f 9889 9901 9902
f 9887 9899 9900
f 9884 9898 9885
f 9882 9896 9883
f 9894 9906 9907
f 9891 9905 9892
f 9903 9915 9916
f 9901 9913 9914
f 9898 9912 9899
f 9896 9910 9897
f 9895 9907 9908
f 9892 9906 9893
f 9902 9914 9915
f 9899 9913 9900
f 9897 9911 9898
f 9896 9908 9909
f 9907 9919 9920
f 9905 9917 9918
f 9915 9929 9916
f 9914 9926 9927
f 9911 9925 9912
f 9909 9923 9910
f 9907 9921 9908
f 9905 9919 9906
f 9914 9928 9915
f 9913 9925 9926
f 9911 9923 9924
f 9909 9921 9922
f 9799 9525 9538
f 9799 9538 9551
f 9799 9551 9564
f 9799 9564 9577
f 9799 9577 9590
f 9799 9590 9603
f 9799 9603 9616
f 9799 9616 9629
f 9799 9629 9642
f 9799 9642 9655
f 9799 9655 9668
f 9799 9668 9681
f 9799 9681 9694
f 9799 9694 9707
f 9799 9707 9720
f 9799 9720 9733
f 9799 9733 9746
f 9799 9746 9759
f 9799 9759 9772
f 9799 9772 9785
f 9799 9785 9798
f 9799 9798 9812
f 9799 9812 9825
f 9799 9825 9838
f 9799 9838 9851
f 9799 9851 9864
f 9799 9864 9877
f 9799 9877 9890
f 9799 9890 9903
f 9799 9903 9916
f 9799 9916 9929
f 9920 9515 9516
f 9918 9513 9514
f 9929 9524 9525
f 9926 9523 9927
f 9924 9521 9925
f 9923 9518 9519
f 9920 9517 9921
f 9918 9515 9919
f 9799 9929 9525
f 9928 9523 9524
f 9926 9521 9522
f 9924 9519 9520
f 9921 9518 9922
f 9387 9917 9512
f 9917 9508 9512
f 9904 9503 9508
f 9891 9499 9503
f 9499 9865 9495
f 9495 9852 9491
f 9491 9839 9487
f 9839 9483 9487
f 9483 9813 9479
f 9813 9475 9479
f 9800 9471 9475
f 9786 9467 9471
f 9467 9760 9463
f 9463 9747 9459
f 9459 9734 9455
f 9734 9451 9455
f 9451 9708 9447
f 9708 9443 9447
f 9695 9439 9443
f 9682 9435 9439
f 9435 9656 9431
f 9431 9643 9427
f 9427 9630 9423
f 9630 9419 9423
f 9419 9604 9415
f 9604 9411 9415
f 9591 9407 9411
f 9578 9403 9407
f 9403 9552 9399
f 9399 9539 9395
f 9395 9526 9391
f 9526 9387 9391
f 9932 9935 9936
f 9932 9937 9933
f 9931 9934 9935
f 9936 9941 9937
f 9934 9939 9935
f 9935 9940 9936
f 9940 9945 9941
f 9939 9942 9943
f 9940 9943 9944
f 9945 9948 9949
f 9942 9947 9943
f 9943 9948 9944
f 9948 9953 9949
f 9947 9950 9951
f 9948 9951 9952
f 9953 9956 9957
f 9950 9955 9951
f 9951 9956 9952
f 9957 9960 9961
f 9955 9958 9959
f 9956 9959 9960
f 9961 9964 9965
f 9958 9963 9959
f 9959 9964 9960
f 9965 9968 9969
f 9963 9966 9967
f 9964 9967 9968
f 9968 9973 9969
f 9966 9971 9967
f 9967 9972 9968
f 9972 9977 9973
f 9970 9975 9971
f 9972 9975 9976
f 9977 9980 9981
f 9974 9979 9975
f 9975 9980 9976
f 9980 9985 9981
f 9979 9982 9983
f 9980 9983 9984
f 9985 9988 9989
f 9982 9987 9983
f 9983 9988 9984
f 9989 9992 9993
f 9986 9991 9987
f 9988 9991 9992
f 9993 9996 9997
f 9991 9994 9995
f 9991 9996 9992
f 9996 10001 9997
f 9994 9999 9995
f 9996 9999 10000
f 10000 10005 10001
f 9999 10002 10003
f 9999 10004 10000
f 10004 10009 10005
f 10003 10006 10007
f 10004 10007 10008
f 10009 10012 10013
f 10006 10011 10007
f 10007 10012 10008
f 10012 10017 10013
f 10011 10014 10015
f 10012 10015 10016
f 10017 10020 10021
f 10014 10019 10015
f 10015 10020 10016
f 10021 10024 10025
f 10019 10022 10023
f 10020 10023 10024
f 10024 10029 10025
f 10022 10027 10023
f 10023 10028 10024
f 10028 10033 10029
f 10027 10030 10031
f 10028 10031 10032
f 10032 10037 10033
f 10030 10035 10031
f 10031 10036 10032
f 10036 10041 10037
f 10035 10038 10039
f 10036 10039 10040
f 10041 10044 10045
f 10038 10043 10039
f 10039 10044 10040
f 10044 10049 10045
f 10043 10046 10047
f 10044 10047 10048
f 10049 10053 10054
f 10046 10052 10047
f 10047 10053 10048
f 10054 10057 10058
f 10052 10055 10056
f 10053 10056 10057
f 9930 10050 9934
f 9934 10050 9938
f 9938 10050 9942
f 9942 10050 9946
f 9946 10050 9950
f 9950 10050 9954
f 9954 10050 9958
f 9958 10050 9962
f 9962 10050 9966
f 9966 10050 9970
f 9970 10050 9974
f 9974 10050 9978
f 9978 10050 9982
f 9982 10050 9986
f 9986 10050 9990
f 9990 10050 9994
f 9994 10050 9998
f 9998 10050 10002
f 10002 10050 10006
f 10006 10050 10010
f 10010 10050 10014
f 10014 10050 10018
f 10018 10050 10022
f 10022 10050 10026
f 10026 10050 10030
f 10030 10050 10034
f 10034 10050 10038
f 10038 10050 10042
f 10042 10050 10046
f 10046 10050 10051
f 10051 10050 10055
f 10058 9932 9933
f 10055 9931 10056
f 10056 9932 10057
f 10055 10050 9930
f 10067 10079 10080
f 10064 10078 10065
f 10063 10075 10076
f 10061 10073 10074
f 10070 10082 10083
f 10067 10081 10068
f 10065 10079 10066
f 10064 10076 10077
f 10061 10075 10062
f 10059 10073 10060
f 10071 10083 10084
f 10069 10081 10082
f 10074 10088 10075
f 10072 10086 10073
f 10084 10096 10097
f 10081 10095 10082
f 10080 10092 10093
f 10078 10090 10091
f 10076 10088 10089
f 10074 10086 10087
f 10083 10095 10096
f 10080 10094 10081
f 10078 10092 10079
f 10076 10090 10077
f 10087 10101 10088
f 10086 10098 10099
f 10096 10110 10097
f 10094 10108 10095
f 10093 10105 10106
f 10091 10103 10104
f 10088 10102 10089
f 10087 10099 10100
f 10095 10109 10096
f 10094 10106 10107
f 10092 10104 10105
f 10089 10103 10090
f 10100 10114 10101
f 10098 10112 10099
f 10110 10122 10123
f 10108 10120 10121
f 10105 10119 10106
f 10103 10117 10104
f 10101 10115 10102
f 10100 10112 10113
f 10108 10122 10109
f 10106 10120 10107
f 10105 10117 10118
f 10103 10115 10116
f 10113 10127 10114
f 10112 10124 10125
f 10122 10136 10123
f 10120 10134 10121
f 10119 10131 10132
f 10117 10129 10130
f 10115 10127 10128
f 10113 10125 10126
f 10122 10134 10135
f 10119 10133 10120
f 10117 10131 10118
f 10115 10129 10116
f 10127 10139 10140
f 10124 10138 10125
f 10136 10148 10149
f 10134 10146 10147
f 10131 10145 10132
f 10130 10142 10143
f 10128 10140 10141
f 10125 10139 10126
f 10135 10147 10148
f 10133 10145 10146
f 10130 10144 10131
f 10128 10142 10129
f 10140 10152 10153
f 10138 10150 10151
f 10148 10162 10149
f 10147 10159 10160
f 10144 10158 10145
f 10143 10155 10156
f 10140 10154 10141
f 10138 10152 10139
f 10147 10161 10148
f 10146 10158 10159
f 10144 10156 10157
f 10141 10155 10142
f 10153 10165 10166
f 10151 10163 10164
f 10162 10174 10175
f 10159 10173 10160
f 10157 10171 10158
f 10156 10168 10169
f 10153 10167 10154
f 10151 10165 10152
f 10161 10173 10174
f 10159 10171 10172
f 10157 10169 10170
f 10154 10168 10155
f 10165 10179 10166
f 10163 10177 10164
f 10175 10187 10188
f 10173 10185 10186
f 10171 10183 10184
f 10168 10182 10169
f 10167 10179 10180
f 10165 10177 10178
f 10173 10187 10174
f 10171 10185 10172
f 10169 10183 10170
f 10168 10180 10181
f 10178 10192 10179
f 10176 10190 10177
f 10188 10200 10201
f 10185 10199 10186
f 10184 10196 10197
f 10182 10194 10195
f 10180 10192 10193
f 10178 10190 10191
f 10187 10199 10200
f 10184 10198 10185
f 10182 10196 10183
f 10180 10194 10181
f 10191 10205 10192
f 10190 10202 10203
f 10200 10214 10201
f 10198 10212 10199
f 10197 10209 10210
f 10195 10207 10208
f 10192 10206 10193
f 10191 10203 10204
f 10199 10213 10200
f 10197 10211 10198
f 10196 10208 10209
f 10193 10207 10194
f 10205 10217 10218
f 10202 10216 10203
f 10214 10226 10227
f 10211 10225 10212
f 10210 10222 10223
f 10207 10221 10208
f 10205 10219 10206
f 10204 10216 10217
f 10212 10226 10213
f 10210 10224 10211
f 10209 10221 10222
f 10207 10219 10220
f 10217 10231 10218
f 10216 10228 10229
f 10226 10240 10227
f 10224 10238 10225
f 10223 10235 10236
f 10221 10233 10234
f 10219 10231 10232
f 10217 10229 10230
f 10226 10238 10239
f 10223 10237 10224
f 10221 10235 10222
f 10219 10233 10220
f 10231 10243 10244
f 10228 10242 10229
f 10240 10252 10253
f 10238 10250 10251
f 10235 10249 10236
f 10234 10246 10247
f 10232 10244 10245
f 10229 10243 10230
f 10239 10251 10252
f 10237 10249 10250
f 10234 10248 10235
f 10232 10246 10233
f 10244 10256 10257
f 10242 10254 10255
f 10252 10266 10253
f 10251 10263 10264
f 10248 10262 10249
f 10247 10259 10260
f 10244 10258 10245
f 10242 10256 10243
f 10251 10265 10252
f 10250 10262 10263
f 10248 10260 10261
f 10245 10259 10246
f 10257 10269 10270
f 10255 10267 10268
f 10266 10278 10279
f 10263 10277 10264
f 10261 10275 10262
f 10260 10272 10273
f 10257 10271 10258
f 10255 10269 10256
f 10265 10277 10278
f 10263 10275 10276
f 10261 10273 10274
f 10258 10272 10259
f 10269 10283 10270
f 10267 10281 10268
f 10278 10292 10279
f 10277 10289 10290
f 10275 10287 10288
f 10272 10286 10273
f 10271 10283 10284
f 10269 10281 10282
f 10277 10291 10278
f 10275 10289 10276
f 10273 10287 10274
f 10272 10284 10285
f 10282 10296 10283
f 10280 10294 10281
f 10292 10304 10305
f 10289 10303 10290
f 10288 10300 10301
f 10286 10298 10299
f 10284 10296 10297
f 10282 10294 10295
f 10291 10303 10304
f 10288 10302 10289
f 10286 10300 10287
f 10284 10298 10285
f 10295 10309 10296
f 10294 10306 10307
f 10304 10318 10305
f 10302 10316 10303
f 10301 10313 10314
f 10299 10311 10312
f 10296 10310 10297
f 10295 10307 10308
f 10303 10317 10304
f 10301 10315 10302
f 10300 10312 10313
f 10297 10311 10298
f 10309 10321 10322
f 10307 10319 10320
f 10318 10330 10331
f 10316 10328 10329
f 10314 10326 10327
f 10311 10325 10312
f 10309 10323 10310
f 10308 10320 10321
f 10316 10330 10317
f 10314 10328 10315
f 10313 10325 10326
f 10311 10323 10324
f 10321 10335 10322
f 10320 10332 10333
f 10330 10344 10331
f 10329 10341 10342
f 10326 10340 10327
f 10325 10337 10338
f 10323 10335 10336
f 10320 10334 10321
f 10330 10342 10343
f 10328 10340 10341
f 10325 10339 10326
f 10323 10337 10324
f 10335 10348 10349
f 10332 10347 10333
f 10344 10357 10358
f 10342 10355 10356
f 10339 10354 10340
f 10337 10352 10338
f 10336 10349 10350
f 10333 10348 10334
f 10343 10356 10357
f 10341 10354 10355
f 10338 10353 10339
f 10337 10350 10351
f 10349 10361 10362
f 10347 10359 10360
f 10357 10371 10358
f 10356 10368 10369
f 10353 10367 10354
f 10351 10365 10352
f 10349 10363 10350
f 10347 10361 10348
f 10356 10370 10357
f 10355 10367 10368
f 10353 10365 10366
f 10351 10363 10364
f 10362 10374 10375
f 10360 10372 10373
f 10371 10383 10384
f 10368 10382 10369
f 10366 10380 10367
f 10365 10377 10378
f 10362 10376 10363
f 10360 10374 10361
f 10370 10382 10383
f 10368 10380 10381
f 10366 10378 10379
f 10363 10377 10364
f 10374 10388 10375
f 10372 10386 10373
f 10383 10397 10384
f 10382 10394 10395
f 10380 10392 10393
f 10377 10391 10378
f 10376 10388 10389
f 10374 10386 10387
f 10382 10396 10383
f 10380 10394 10381
f 10378 10392 10379
f 10377 10389 10390
f 10387 10401 10388
f 10385 10399 10386
f 10397 10409 10410
f 10394 10408 10395
f 10393 10405 10406
f 10390 10404 10391
f 10389 10401 10402
f 10387 10399 10400
f 10396 10408 10409
f 10393 10407 10394
f 10391 10405 10392
f 10390 10402 10403
f 10400 10414 10401
f 10399 10411 10412
f 10409 10423 10410
f 10407 10421 10408
f 10406 10418 10419
f 10403 10417 10404
f 10401 10415 10402
f 10400 10412 10413
f 10408 10422 10409
f 10406 10420 10407
f 10405 10417 10418
f 10403 10415 10416
f 10414 10426 10427
f 10411 10425 10412
f 10423 10435 10436
f 10420 10434 10421
f 10418 10432 10419
f 10416 10430 10417
f 10414 10428 10415
f 10412 10426 10413
f 10421 10435 10422
f 10419 10433 10420
f 10418 10430 10431
f 10416 10428 10429
f 10427 10439 10440
f 10425 10437 10438
f 10435 10449 10436
f 10433 10447 10434
f 10431 10445 10432
f 10430 10442 10443
f 10428 10440 10441
f 10425 10439 10426
f 10435 10447 10448
f 10433 10445 10446
f 10430 10444 10431
f 10428 10442 10429
f 10440 10452 10453
f 10437 10451 10438
f 10449 10461 10462
f 10447 10459 10460
f 10444 10458 10445
f 10443 10455 10456
f 10441 10453 10454
f 10438 10452 10439
f 10448 10460 10461
f 10446 10458 10459
f 10443 10457 10444
f 10441 10455 10442
f 10453 10465 10466
f 10451 10463 10464
f 10461 10475 10462
f 10460 10472 10473
f 10457 10471 10458
f 10456 10468 10469
f 10453 10467 10454
f 10451 10465 10452
f 10460 10474 10461
f 10459 10471 10472
f 10457 10469 10470
f 10454 10468 10455
f 10345 10071 10084
f 10345 10084 10097
f 10345 10097 10110
f 10345 10110 10123
f 10345 10123 10136
f 10345 10136 10149
f 10345 10149 10162
f 10345 10162 10175
f 10345 10175 10188
f 10345 10188 10201
f 10345 10201 10214
f 10345 10214 10227
f 10345 10227 10240
f 10345 10240 10253
f 10345 10253 10266
f 10345 10266 10279
f 10345 10279 10292
f 10345 10292 10305
f 10345 10305 10318
f 10345 10318 10331
f 10345 10331 10344
f 10345 10344 10358
f 10345 10358 10371
f 10345 10371 10384
f 10345 10384 10397
f 10345 10397 10410
f 10345 10410 10423
f 10345 10423 10436
f 10345 10436 10449
f 10345 10449 10462
f 10345 10462 10475
f 10466 10061 10062
f 10464 10059 10060
f 10474 10071 10475
f 10472 10069 10473
f 10470 10067 10471
f 10469 10064 10065
f 10466 10063 10467
f 10464 10061 10465
f 10345 10475 10071
f 10473 10070 10474
f 10472 10067 10068
f 10470 10065 10066
f 10467 10064 10468
f 9933 10463 10058
f 10463 10054 10058
f 10450 10049 10054
f 10437 10045 10049
f 10045 10411 10041
f 10041 10398 10037
f 10037 10385 10033
f 10385 10029 10033
f 10029 10359 10025
f 10359 10021 10025
f 10346 10017 10021
f 10332 10013 10017
f 10013 10306 10009
f 10009 10293 10005
f 10005 10280 10001
f 10280 9997 10001
f 9997 10254 9993
f 10254 9989 9993
f 10241 9985 9989
f 10228 9981 9985
f 9981 10202 9977
f 9977 10189 9973
f 9973 10176 9969
f 10176 9965 9969
f 9965 10150 9961
f 10150 9957 9961
f 10137 9953 9957
f 10124 9949 9953
f 9949 10098 9945
f 9945 10085 9941
f 9941 10072 9937
f 10072 9933 9937
f 4 3 2
f 8 7 6
f 13 16 15
f 17 28 19
f 32 31 30
f 36 35 34
f 37 40 39
f 21 22 23
f 25 26 27
f 41 44 43
f 48 47 46
f 52 51 50
f 53 56 55
f 60 59 58
f 29 30 62
f 66 65 64
f 67 5 6
f 72 71 70
f 76 75 74
f 77 80 79
f 81 84 83
f 59 87 86
f 88 91 90
f 96 95 94
f 100 99 98
f 101 104 103
f 106 105 34
f 108 116 115
f 117 119 36
f 124 127 126
f 131 130 129
f 132 102 134
f 142 141 140
f 148 106 60
f 144 143 127
f 149 152 151
f 156 155 154
f 159 150 158
f 116 108 164
f 171 170 169
f 174 126 173
f 179 182 181
f 186 189 188
f 194 197 196
f 199 142 139
f 206 209 208
f 213 212 211
f 202 215 214
f 96 93 216
f 92 238 43
f 97 184 246
f 250 249 229
f 252 254 58
f 258 257 256
f 260 91 229
f 110 111 112
f 114 264 263
f 265 268 267
f 56 53 270
f 274 273 249
f 185 183 63
f 280 279 278
f 285 284 283
f 288 219 211
f 141 142 92
f 289 290 175
f 148 116 105
f 312 311 170
f 238 262 42
f 318 163 160
f 310 309 308
f 241 239 325
f 160 230 240
f 47 48 307
f 108 109 315
f 345 85 86
f 348 351 350
f 356 359 358
f 355 354 353
f 363 31 32
f 364 252 253
f 366 125 368
f 183 372 371
f 163 162 161
f 209 226 101
f 378 377 165
f 379 295 381
f 383 382 3
f 284 285 386
f 387 127 389
f 391 259 229
f 73 281 397
f 405 408 407
f 203 218 411
f 414 121 413
f 1 356 357
f 277 276 131
f 254 344 57
f 358 384 415
f 417 416 386
f 401 400 192
f 419 389 127
f 421 181 182
f 103 301 302
f 428 367 368
f 380 390 359
f 62 204 266
f 140 141 431
f 357 358 351
f 356 1 379
f 415 392 403
f 437 428 436
f 438 441 440
f 188 451 450
f 265 455 181
f 224 185 64
f 237 212 213
f 275 131 128
f 281 282 460
f 50 462 79
f 73 74 282
f 468 467 466
f 390 355 352
f 482 485 484
f 489 488 487
f 493 496 495
f 472 471 470
f 502 501 500
f 220 221 222
f 512 419 143
f 518 517 511
f 513 239 230
f 205 30 31
f 189 370 451
f 163 318 532
f 533 224 225
f 446 448 447
f 335 541 540
f 544 512 546
f 329 519 291
f 199 534 262
f 385 386 416
f 532 190 191
f 363 117 118
f 578 581 580
f 573 572 571
f 561 563 562
f 241 260 259
f 590 593 592
f 545 546 595
f 503 154 155
f 606 625 624
f 478 481 480
f 646 649 648
f 590 591 689
f 564 565 651
f 728 246 184
f 714 724 716
f 692 574 575
f 541 335 581
f 346 68 248
f 161 231 230
f 128 129 94
f 698 705 704
f 574 577 576
f 290 289 401
f 630 631 725
f 733 736 735
f 755 466 496
f 759 480 481
f 757 763 762
f 764 496 466
f 768 767 9260
f 759 760 488
f 492 474 475
f 474 770 769
f 773 468 465
f 771 774 486
f 484 485 775
f 774 776 489
f 495 496 764
f 495 757 761
f 137 397 784
f 325 239 797
f 165 519 51
f 369 32 29
f 730 731 568
f 90 302 301
f 243 118 516
f 800 734 806
f 817 815 808
f 816 808 823
f 306 303 447
f 815 810 809
f 829 830 828
f 726 725 501
f 274 427 424
f 879 882 881
f 884 883 879
f 219 218 217
f 906 905 904
f 455 204 205
f 898 882 830
f 903 900 880
f 377 291 519
f 923 949 948
f 946 947 951
f 8963 740 739
f 900 899 886
f 225 64 65
f 182 445 442
f 809 952 947
f 954 960 962
f 927 950 965
f 885 879 880
f 925 927 966
f 343 342 341
f 965 964 971
f 968 971 970
f 972 968 969
f 963 961 981
f 336 337 338
f 992 993 827
f 810 815 996
f 1007 1001 1002
f 1012 826 827
f 1011 1009 1007
f 294 293 292
f 907 908 920
f 1017 579 1019
f 1020 1023 1022
f 1035 1024 1020
f 1061 1060 1047
f 1063 1061 1046
f 1044 1020 1021
f 1102 1094 1097
f 1116 1126 1118
f 1016 1015 1014
f 881 897 904
f 816 1116 1127
f 1094 948 949
f 514 342 167
f 146 145 81
f 1133 1135 1130
f 1102 1133 1126
f 822 1126 1116
f 1145 1143 1148
f 1076 1144 1151
f 1148 1143 1086
f 1109 1097 1114
f 1154 1153 1156
f 1153 925 967
f 8815 8941 463
f 1144 1147 1152
f 1156 967 1163
f 1164 1162 1169
f 1145 1171 1176
f 1114 1115 1154
f 1183 1155 1164
f 1184 1183 1177
f 1069 1151 1062
f 1023 1191 1194
f 1162 1163 1170
f 1195 1184 1185
f 1183 1196 1176
f 1201 1063 1152
f 1061 1063 1201
f 9277 847 843
f 1203 1202 1195
f 1202 1201 1184
f 1218 1060 1203
f 1060 1061 1202
f 1225 1218 1217
f 671 695 694
f 1219 1217 1024
f 1217 1203 1034
f 1226 1014 1015
f 1243 1242 1234
f 1231 1230 1229
f 847 1243 1233
f 843 1233 1244
f 1233 1234 1245
f 1923 9213 233
f 2100 2108 499
f 9366 9316 2135
f 61 62 323
f 210 211 217
f 1299 1310 1309
f 9315 1230 1231
f 1066 1047 1321
f 1322 1321 1228
f 1060 1218 1321
f 1325 1324 1323
f 1244 1245 1332
f 1290 1234 1242
f 1337 1330 1339
f 1330 1332 1340
f 1341 1332 1245
f 1342 1340 1332
f 1343 1342 1341
f 1344 1341 1294
f 9309 9308 1345
f 1347 1348 1342
f 9308 9306 1295
f 1349 1350 1348
f 9313 1349 1347
f 9305 1347 1343
f 906 898 829
f 905 906 1353
f 865 1356 1355
f 1355 1353 829
f 1357 1355 825
f 1356 1354 1353
f 9286 1337 1338
f 866 1358 1356
f 1358 1359 1354
f 9280 878 1337
f 838 1362 1012
f 1363 1364 1338
f 1368 1363 1339
f 1348 1368 1340
f 1371 1369 9276
f 524 525 526
f 528 529 530
f 1372 1370 1369
f 535 536 537
f 1367 1368 1348
f 1370 1354 1359
f 1369 1359 9285
f 1373 910 903
f 555 556 557
f 1374 909 910
f 1373 904 905
f 1374 1373 1375
f 1375 905 1354
f 1378 920 908
f 376 373 651
f 1388 928 973
f 586 587 588
f 1390 1389 1388
f 1391 1388 969
f 597 598 599
f 600 601 602
f 1392 1391 970
f 608 609 610
f 612 524 523
f 614 615 616
f 617 618 25
f 620 621 622
f 1397 1390 1391
f 1398 1397 1392
f 1400 987 920
f 1402 1403 1165
f 636 637 638
f 930 1404 1402
f 641 642 643
f 929 1402 1169
f 1404 1405 1403
f 1411 1366 1365
f 1412 1406 1415
f 652 653 654
f 609 656 657
f 659 660 661
f 558 663 586
f 665 666 667
f 1413 1411 1406
f 1418 1416 9262
f 1417 1372 1371
f 1416 1371 9281
f 1419 1417 1416
f 1386 909 1374
f 677 678 679
f 1385 1386 1420
f 1420 1374 1376
f 685 686 687
f 1421 1420 1422
f 528 690 691
f 1422 1376 1372
f 1018 1019 747
f 699 700 701
f 1424 578 579
f 9115 1597 1767
f 700 699 711
f 1093 9198 9206
f 717 718 530
f 721 722 723
f 704 1650 8987
f 19 1429 1426
f 1429 1428 1427
f 1658 1659 8986
f 1439 1437 1434
f 1437 1436 1435
f 1426 1427 1433
f 1442 1431 1432
f 742 743 744
f 1432 1433 1441
f 751 752 753
f 1438 1434 1403
f 1446 1445 1444
f 1447 1448 1446
f 9312 1447 1443
f 1415 1367 1445
f 1414 1415 1446
f 2173 1683 469
f 777 778 779
f 780 781 782
f 1676 1693 1806
f 9311 1451 1349
f 789 790 791
f 745 792 793
f 652 794 795
f 1455 1458 1457
f 1454 1367 1350
f 610 691 802
f 9283 9268 698
f 1352 1044 1045
f 1015 1016 1459
f 811 812 813
f 2118 9267 9269
f 819 820 821
f 1466 1463 1194
f 1467 1468 1465
f 1182 1165 1468
f 832 812 833
f 835 836 837
f 1467 1466 1190
f 1469 1470 1444
f 840 700 712
f 1453 1470 1469
f 599 844 845
f 1226 1450 9301
f 851 852 853
f 855 744 856
f 858 859 860
f 861 862 863
f 1014 1226 9307
f 867 676 868
f 870 871 872
f 874 875 876
f 1310 1323 1471
f 1476 1433 1427
f 1461 1476 1475
f 887 888 889
f 788 791 892
f 894 895 896
f 1460 1475 1227
f 901 902 524
f 1465 1478 1477
f 1865 8947 8944
f 911 912 913
f 916 917 918
f 1850 8949 8951
f 921 922 895
f 1479 1435 1436
f 926 664 667
f 1481 562 563
f 269 1483 84
f 931 932 933
f 934 935 614
f 936 685 688
f 938 659 662
f 1484 270 122
f 941 942 835
f 320 321 509
f 1849 8954 8949
f 84 1483 1484
f 1487 1490 1488
f 1757 1758 8946
f 365 1492 1491
f 461 79 80
f 117 363 362
f 1494 540 541
f 926 601 957
f 1477 1441 1433
f 1709 1588 1585
f 119 117 1496
f 271 1497 504
f 511 517 189
f 345 1496 1492
f 57 344 299
f 1501 1499 268
f 267 268 1499
f 974 975 976
f 1678 1652 1693
f 9298 1682 1807
f 557 982 663
f 983 941 984
f 1443 1444 9301
f 421 1500 268
f 989 990 991
f 1490 1487 418
f 279 280 309
f 997 868 676
f 998 26 999
f 1504 418 38
f 1506 1508 1507
f 360 361 1508
f 1506 1486 207
f 939 1005 1006
f 270 1484 1483
f 66 63 546
f 1010 742 793
f 367 428 437
f 244 31 363
f 1670 8976 8978
f 209 206 1510
f 388 389 426
f 427 274 250
f 161 520 521
f 100 246 45
f 1025 1026 608
f 1029 1030 1031
f 939 662 1033
f 41 42 594
f 1036 780 783
f 702 701 1038
f 1040 1041 1042
f 362 32 369
f 187 1520 477
f 70 1487 539
f 1049 600 603
f 613 867 869
f 860 1050 1051
f 1005 1052 1053
f 753 1055 1056
f 1057 1058 1059
f 293 288 1522
f 288 212 1521
f 292 1522 1523
f 331 1507 1508
f 306 452 453
f 100 44 41
f 462 1524 78
f 330 331 1524
f 635 1067 1068
f 1485 1527 1526
f 206 1485 1528
f 1070 1071 1072
f 942 941 1073
f 916 933 1075
f 440 1529 1530
f 157 158 1514
f 1529 162 5
f 371 595 546
f 790 586 663
f 1077 858 857
f 1403 1434 1435
f 1080 1081 1082
f 531 520 1529
f 21 1083 1084
f 272 1532 1531
f 690 712 802
f 335 9015 9011
f 1090 1030 1029
f 1092 795 794
f 1533 396 137
f 661 660 1095
f 69 444 445
f 1099 1100 1101
f 38 39 1536
f 1104 1105 1106
f 852 1107 1108
f 1377 908 909
f 291 377 411
f 316 1536 516
f 539 1488 1533
f 1505 1536 316
f 1110 1111 1112
f 1539 1537 460
f 522 441 1537
f 834 837 1120
f 1122 1123 1124
f 612 1125 1041
f 935 793 615
f 276 278 130
f 1686 8993 8966
f 193 190 1541
f 231 521 1540
f 556 1037 982
f 365 253 85
f 190 532 318
f 1810 765 9018
f 9376 1867 8956
f 1132 983 985
f 208 101 102
f 1134 1033 662
f 1491 518 80
f 429 133 1542
f 1137 1138 915
f 172 436 428
f 1139 1140 1141
f 549 96 54
f 1517 1519 1518
f 834 1119 984
f 1543 513 286
f 1544 797 239
f 133 134 1544
f 506 361 257
f 420 327 328
f 1158 1159 1160
f 587 1104 1103
f 607 1161 1027
f 304 1546 1545
f 364 1491 77
f 69 70 198
f 700 840 1112
f 9329 626 8969
f 1166 719 657
f 1167 1168 858
f 1300 8967 8968
f 1172 1173 1174
f 218 203 200
f 1179 1180 1181
f 372 183 97
f 89 104 227
f 1186 1187 1188
f 172 173 1517
f 1482 84 81
f 1090 1192 1193
f 394 395 353
f 526 525 1198
f 1199 1200 1026
f 606 623 697
f 1204 1205 1206
f 1207 1208 523
f 1209 1210 867
f 914 913 685
f 1478 1436 1441
f 1029 1028 1161
f 1211 1212 1213
f 9310 1453 1451
f 844 1215 1216
f 423 193 273
f 1220 1221 1222
f 22 1223 1224
f 882 898 897
f 1519 1517 173
f 1189 1188 1232
f 349 350 550
f 1071 1235 1236
f 1237 1238 1239
f 1221 1186 1189
f 1510 1528 1512
f 939 1032 1241
f 1556 1530 5
f 1553 1554 394
f 404 1556 67
f 1247 1248 1249
f 142 199 238
f 1251 1067 635
f 850 1252 1253
f 1254 1167 1077
f 57 132 133
f 443 430 552
f 1187 1172 1175
f 1256 1070 831
f 432 405 382
f 741 748 747
f 434 350 351
f 349 432 383
f 251 124 1481
f 395 384 352
f 1518 1519 1550
f 1558 410 378
f 109 263 314
f 285 1514 1513
f 395 394 393
f 202 203 410
f 417 408 405
f 1246 1257 1258
f 3 1559 297
f 1259 1260 1261
f 403 404 347
f 955 954 953
f 462 50 51
f 1096 1095 687
f 429 147 60
f 896 1264 1265
f 1267 721 1268
f 423 424 327
f 37 179 180
f 20 23 1187
f 1256 1168 1071
f 1188 1175 1269
f 1236 1270 1271
f 1272 536 535
f 565 564 463
f 1273 792 745
f 876 1254 1255
f 316 33 164
f 437 1516 503
f 194 1494 1495
f 1275 1276 864
f 624 625 631
f 1277 1274 1137
f 569 568 567
f 1481 124 125
f 324 325 547
f 1279 1108 1107
f 1525 332 329
f 1281 1278 1137
f 171 168 1553
f 1488 73 396
f 1557 1561 1562
f 1282 856 1206
f 1053 1277 1278
f 778 777 607
f 713 583 9010
f 251 225 144
f 4 357 348
f 709 708 707
f 728 48 45
f 261 135 1563
f 789 1286 1287
f 74 314 263
f 403 284 385
f 1178 1181 1240
f 1223 1259 1289
f 1220 20 1186
f 296 1518 354
f 784 459 1538
f 1181 1180 1291
f 1269 1292 1257
f 1566 1538 438
f 136 784 1566
f 1563 1564 169
f 107 114 109
f 1297 1282 1298
f 1464 1477 1476
f 1520 187 507
f 1301 1302 1303
f 1306 1307 1308
f 175 456 1532
f 1532 456 200
f 1311 1266 1312
f 872 1314 1315
f 9288 843 878
f 1305 1308 864
f 1040 1275 863
f 1564 1566 399
f 592 1576 1575
f 591 1575 1088
f 1581 1584 1583
f 1196 1152 1147
f 710 582 583
f 285 407 408
f 953 954 961
f 1594 1592 1589
f 1585 1588 1587
f 1592 1591 1590
f 9337 945 944
f 1600 1599 1598
f 1604 1603 1602
f 1399 1392 979
f 1589 1590 1596
f 1610 1609 1608
f 298 257 361
f 551 552 276
f 1627 1626 9266
f 859 811 818
f 1078 857 1328
f 1555 439 1530
f 572 573 680
f 772 465 776
f 977 1281 918
f 404 403 392
f 1054 1331 750
f 1644 1645 1643
f 932 1265 1082
f 1067 1333 1334
f 1540 1539 264
f 597 1335 643
f 471 761 762
f 1642 696 9283
f 1644 1642 9294
f 923 946 950
f 96 549 548
f 520 531 522
f 445 444 443
f 849 839 848
f 480 759 755
f 1646 760 481
f 311 426 1567
f 464 463 8941
f 8941 1360 1361
f 234 237 236
f 190 193 192
f 153 154 152
f 231 287 286
f 1552 1553 1551
f 760 1646 1648
f 9284 1647 1649
f 828 827 826
f 52 167 166
f 1663 1662 1661
f 287 107 115
f 668 671 670
f 634 645 640
f 553 560 559
f 118 36 33
f 492 484 491
f 8996 1652 1651
f 582 589 584
f 384 395 392
f 1381 1382 1383
f 1562 1561 435
f 952 953 951
f 8973 9010 583
f 1660 1661 1667
f 1394 1395 1396
f 1660 1665 1664
f 1671 1670 1669
f 1624 1625 1673
f 1407 1408 1409
f 1677 1676 1675
f 1613 1679 1677
f 1679 1678 1676
f 1626 1681 9263
f 534 199 198
f 803 733 734
f 400 248 191
f 65 66 143
f 8970 1657 1656
f 402 159 157
f 629 628 627
f 461 477 49
f 758 757 495
f 796 787 786
f 406 407 1513
f 342 343 166
f 1694 1659 1658
f 1692 1687 1694
f 9001 1693 1652
f 9373 1704 1703
f 326 547 302
f 9368 9373 1702
f 9371 9370 1698
f 1699 1691 9379
f 1557 406 1560
f 1127 1116 1117
f 400 401 289
f 1706 1702 1707
f 1707 1702 1599
f 1709 1706 1708
f 1714 1712 1711
f 9371 9367 1709
f 1704 1711 1577
f 1716 1714 1713
f 1559 1562 1549
f 1722 1721 1720
f 1335 597 596
f 410 411 377
f 973 1170 1163
f 168 169 399
f 1571 682 1089
f 1572 681 682
f 749 646 647
f 1730 1724 1723
f 1594 1582 1729
f 1729 1723 1591
f 1384 1378 1377
f 1732 1731 1712
f 1724 1730 1731
f 1722 1724 1732
f 1721 1722 1733
f 1734 1733 1716
f 1735 1737 1736
f 1733 1732 1714
f 1663 1664 1741
f 1742 1665 1740
f 1738 1739 1737
f 1665 1660 1666
f 1665 1742 1744
f 1725 1726 1746
f 1591 1725 1745
f 1590 1745 1747
f 1745 1746 1748
f 1659 1688 8982
f 5650 1760 8989
f 1185 1177 1182
f 1664 1744 1749
f 1741 1749 1739
f 1746 1742 1743
f 1726 1744 1742
f 1115 924 1153
f 1654 8990 9019
f 1896 9006 8993
f 1720 1749 1744
f 1721 1739 1749
f 1750 1718 1701
f 1697 1736 1750
f 1151 1152 1063
f 1751 1752 1670
f 1695 1658 1752
f 961 962 986
f 1770 1769 1768
f 1766 1594 1593
f 1731 1759 1579
f 1579 1777 1774
f 9380 1772 1771
f 1764 1772 9380
f 1777 1776 1775
f 9214 9215 1699
f 1004 1127 1128
f 1774 1775 1771
f 987 1400 1399
f 1578 1774 1772
f 1783 1782 1781
f 1597 1598 1770
f 639 1878 9347
f 9380 9381 1769
f 1793 1792 1789
f 9381 9372 1798
f 8952 8960 9225
f 1802 1867 9376
f 1788 1790 1794
f 1793 1794 1795
f 9225 9224 1675
f 1584 1581 1783
f 1771 1797 9372
f 1801 1799 1798
f 1768 1769 1798
f 1775 1796 1797
f 508 514 515
f 1796 1803 1802
f 1800 1798 9372
f 1794 1805 1804
f 8976 1670 1752
f 485 1808 1807
f 9261 9296 1640
f 9289 9296 1810
f 485 482 1640
f 1690 1691 9222
f 487 488 1648
f 9291 1813 1816
f 9290 1811 1648
f 9291 1812 1811
f 1812 1809 487
f 1641 1809 767
f 465 466 755
f 767 1815 9275
f 9274 1816 9278
f 1809 1812 1815
f 9289 1653 1651
f 675 672 8985
f 1814 1649 1822
f 1821 1822 9273
f 1824 1822 1649
f 1827 1849 1850
f 1668 1669 1662
f 1779 1780 1848
f 1790 1827 1805
f 1833 1836 1853
f 8965 8950 693
f 1614 1615 1616
f 1852 1853 8942
f 1620 1621 1622
f 1855 1765 1574
f 1847 1852 8945
f 1766 1765 1855
f 1629 1630 1631
f 1633 1622 1634
f 1635 1636 1637
f 1848 1833 1852
f 1855 1861 1863
f 1803 1866 1867
f 1862 1863 1831
f 1782 1855 1862
f 9374 9376 1865
f 1873 1872 1870
f 1874 1869 799
f 2045 9330 9349
f 1219 1345 1295
f 1615 1614 1396
f 9336 9347 1877
f 645 9350 9238
f 1345 1219 1035
f 634 639 9336
f 15 1887 1327
f 9362 9347 1878
f 1894 604 605
f 8950 8995 627
f 9004 640 645
f 340 341 454
f 1897 194 195
f 1889 1882 1877
f 1901 94 129
f 196 749 754
f 1705 1704 9373
f 340 378 166
f 1570 1480 563
f 1904 1494 194
f 1781 1862 1832
f 1905 549 55
f 1000 994 995
f 986 919 920
f 1191 1185 1190
f 2094 2077 2075
f 1920 1921 1919
f 453 454 1912
f 1915 1919 1918
f 9334 2112 2106
f 1655 9019 8975
f 1916 1918 1926
f 704 8998 9005
f 278 1916 1925
f 9009 9008 1818
f 1097 949 1115
f 1927 1928 727
f 9030 9031 9106
f 1920 310 307
f 1929 307 48
f 503 504 1497
f 1902 1903 787
f 1816 1821 9272
f 1925 1926 1923
f 1535 1569 1568
f 254 252 258
f 1509 1497 366
f 119 86 35
f 219 288 293
f 141 46 47
f 542 205 244
f 1940 552 430
f 1779 1828 1827
f 1701 1710 9367
f 1661 8994 8959
f 270 53 754
f 197 1947 749
f 1727 1728 1212
f 53 54 232
f 1465 1468 1479
f 1284 9314 9306
f 1951 446 412
f 168 398 1554
f 1486 1485 206
f 506 77 78
f 994 1001 1007
f 951 953 963
f 1013 9311 9313
f 9278 9272 1820
f 1498 1909 1954
f 299 298 543
f 1754 1755 1756
f 1681 469 1683
f 1696 1694 1695
f 13 14 738
f 473 476 475
f 482 1641 768
f 204 62 30
f 1761 1762 820
f 611 1763 1125
f 1501 1503 1908
f 1074 1073 711
f 1960 1944 82
f 120 1956 1960
f 35 86 87
f 1773 1199 1025
f 1965 1545 1569
f 494 761 471
f 1966 1967 1969
f 446 1951 1971
f 174 368 125
f 1580 1579 1578
f 1785 1786 1787
f 1972 1546 304
f 1254 876 875
f 1973 341 342
f 321 1912 1973
f 1910 277 275
f 509 1973 514
f 1486 1507 1527
f 1974 1874 804
f 1977 1976 1974
f 1980 448 1966
f 379 1 2
f 1718 1715 1710
f 884 995 992
f 1680 1684 1678
f 902 990 525
f 344 255 256
f 135 138 137
f 448 446 1967
f 589 605 604
f 910 909 908
f 1981 1966 1968
f 1982 1981 1987
f 1988 1979 1987
f 1990 1988 1989
f 1991 1989 1993
f 322 321 320
f 992 828 830
f 1144 1076 1086
f 1995 1977 1978
f 1133 1129 1118
f 1997 1995 1994
f 870 1823 1335
f 805 806 1982
f 727 184 2000
f 1996 1994 1988
f 1994 1978 1979
f 1829 616 792
f 1830 1073 941
f 798 803 800
f 729 732 731
f 2011 2012 2023
f 1834 1835 846
f 402 283 284
f 2022 2023 2024
f 1838 718 989
f 810 955 952
f 1823 1839 1840
f 1430 1426 1432
f 1215 844 1841
f 1316 1208 873
f 2112 1401 1384
f 1842 1843 1844
f 1159 846 845
f 837 27 1846
f 1971 1951 2030
f 517 369 370
f 1471 2026 2027
f 8995 8969 626
f 2174 2175 770
f 935 934 1854
f 1613 1619 1611
f 1231 1228 1225
f 1856 1857 891
f 1300 1309 748
f 1150 1149 1858
f 1643 606 696
f 1215 1265 1264
f 1320 1860 902
f 1956 1943 1944
f 2031 668 669
f 2034 1325 1310
f 1879 1880 1656
f 40 245 242
f 1992 1993 2039
f 888 958 957
f 1882 1889 1996
f 1078 1138 1255
f 1871 912 1192
f 294 411 218
f 1323 2041 2026
f 123 1960 83
f 1324 2036 2041
f 384 358 359
f 1324 1325 2038
f 1883 1884 1885
f 287 1540 114
f 1096 1886 1134
f 915 1329 931
f 806 1980 1981
f 8977 8973 584
f 1425 2030 2042
f 1018 2042 1948
f 9006 1896 740
f 1948 2042 649
f 1881 1882 1990
f 1900 129 130
f 992 995 994
f 923 927 925
f 9330 2045 2047
f 1643 2048 625
f 2050 2052 2051
f 2045 1405 1404
f 9328 2047 945
f 1139 1080 1079
f 1037 1856 892
f 2055 2053 2057
f 1198 989 718
f 1619 2058 1612
f 2058 1605 1606
f 2059 2060 1607
f 2058 1619 1624
f 71 72 179
f 405 406 1557
f 322 1548 1972
f 2061 2052 2063
f 2066 2065 2067
f 2052 2061 2064
f 1609 1610 2066
f 1515 151 152
f 1009 827 993
f 1644 9295 9267
f 279 1915 1916
f 1285 9315 9314
f 1647 2066 1825
f 2056 2057 2067
f 319 320 1953
f 667 666 1913
f 2070 631 625
f 2052 2050 2055
f 2038 1654 1655
f 1606 1601 2073
f 1235 1917 1270
f 2072 2073 2075
f 2059 1606 2072
f 2074 2075 2077
f 1601 1602 2078
f 2049 2048 1643
f 1000 1004 1001
f 1089 943 684
f 1931 1286 1306
f 1462 1459 1021
f 1932 1933 1934
f 875 874 1846
f 1936 1051 1937
f 44 45 46
f 1534 1955 1956
f 1541 318 317
f 2081 2082 2084
f 146 1945 1959
f 1360 1941 1942
f 985 984 1032
f 1995 1997 1892
f 2079 2080 2082
f 2095 2096 2076
f 2081 2093 2078
f 2055 2050 2054
f 501 2096 2095
f 2097 2100 2099
f 2098 2099 2094
f 2140 2141 9345
f 2141 2046 9346
f 2051 2070 2048
f 592 2102 2101
f 2071 2064 2076
f 2102 2097 2098
f 593 2103 2102
f 1019 1895 746
f 1950 11 12
f 725 2071 2096
f 1385 2105 2104
f 1379 2104 2106
f 2107 2108 2100
f 9360 726 502
f 9348 502 499
f 940 1389 2109
f 928 929 1170
f 9320 590 684
f 1962 1963 1964
f 9330 680 573
f 2039 1993 1968
f 1389 1390 2110
f 1398 2111 2113
f 9209 9207 9205
f 9363 9335 2107
f 949 923 924
f 260 241 324
f 1390 1397 2113
f 2070 2051 2064
f 9319 9363 2103
f 2105 1385 1421
f 2114 1421 1423
f 9344 2114 2115
f 9360 2105 2114
f 554 2116 1902
f 972 1163 967
f 1765 1593 1573
f 1984 1985 1986
f 2053 2117 2069
f 9017 9000 724
f 1625 1677 1674
f 9333 9340 2119
f 9355 2115 2123
f 56 1954 1906
f 626 9329 9331
f 2001 2002 2003
f 9364 9293 2127
f 2006 2007 2008
f 2127 1413 1412
f 2014 2015 2016
f 2018 2019 2020
f 1495 1424 1947
f 1379 1377 1386
f 9266 9263 1680
f 2029 1885 1884
f 9354 2128 2120
f 629 9331 9366
f 682 683 943
f 724 1650 2121
f 1757 1819 9273
f 765 1810 9296
f 9303 714 715
f 706 707 9322
f 981 986 987
f 1457 1868 1656
f 2017 2016 2032
f 1458 1655 1868
f 1776 1777 1792
f 1959 1945 1946
f 9115 9167 9177
f 9365 9333 2122
f 1093 1089 689
f 966 965 968
f 9304 715 9333
f 2172 9029 2170
f 670 2138 2137
f 9213 787 1903
f 1429 19 28
f 964 963 978
f 9293 9265 1413
f 1473 1474 669
f 9286 9285 1359
f 2138 798 1870
f 1872 1473 2137
f 715 716 9340
f 1881 1991 1992
f 9295 9294 739
f 1837 1847 8957
f 253 58 59
f 1808 9289 9292
f 1647 9284 9270
f 9317 9318 671
f 2112 9334 9335
f 1405 2045 2044
f 9281 9276 1364
f 273 1541 391
f 576 632 8964
f 9327 9317 668
f 1430 1431 2140
f 2136 9302 9312
f 1430 2139 18
f 9345 9346 570
f 1442 1439 2046
f 1431 1442 2141
f 9321 9365 9302
f 9260 9275 1817
f 9318 9345 695
f 2142 2025 798
f 571 2143 2142
f 9271 9266 1618
f 2143 2022 2025
f 694 2142 2138
f 681 1572 2144
f 2144 2011 2022
f 328 210 457
f 1572 2010 2011
f 630 9344 9355
f 2085 2086 2087
f 2090 2091 2092
f 572 2144 2143
f 1875 1976 2153
f 1873 1875 2149
f 2103 2107 2097
f 2157 2043 2155
f 2128 1412 1414
f 9326 9323 589
f 9324 9322 628
f 2149 2153 2158
f 2159 2158 9357
f 698 9359 9354
f 9275 9299 9279
f 2158 2156 9326
f 1438 2044 2046
f 2035 2154 2160
f 2161 2160 9341
f 9323 9343 605
f 9325 17 18
f 370 29 61
f 649 1951 413
f 2153 2157 2156
f 1428 1429 1449
f 1490 76 73
f 9342 9357 710
f 2155 1891 9343
f 1456 1457 1880
f 2125 2088 2087
f 2160 2159 9342
f 300 1959 505
f 1064 1062 1046
f 2043 1892 1891
f 2129 2130 2004
f 2131 2132 2133
f 9300 9301 1450
f 1998 1975 804
f 9331 673 9316
f 474 492 490
f 1164 1165 1182
f 707 2162 9361
f 708 1472 2162
f 2162 2161 9338
f 548 549 1905
f 1145 1136 1114
f 705 2121 1650
f 2043 2157 1977
f 737 738 554
f 1034 1195 1191
f 458 1905 1907
f 195 196 232
f 2040 2039 1969
f 2145 2146 2147
f 2054 2050 2049
f 9284 1646 1639
f 9 12 11
f 252 364 506
f 472 478 479
f 1865 9376 9243
f 900 903 910
f 1941 2150 2151
f 1921 1928 1927
f 2163 1897 1898
f 271 156 153
f 1904 1326 12
f 282 263 264
f 1872 1873 2154
f 1326 1904 1897
f 628 692 693
f 1724 1722 1719
f 1549 1562 436
f 1582 1583 1730
f 1921 1920 1929
f 9007 8955 10
f 2152 2037 1950
f 475 772 774
f 769 2172 2171
f 2171 2165 476
f 476 773 772
f 1791 565 464
f 2166 2167 2168
f 595 371 372
f 483 1809 1641
f 762 2174 2173
f 771 483 484
f 486 487 1809
f 297 1549 1517
f 763 2175 2174
f 776 755 759
f 184 185 2176
f 412 447 303
f 2005 2176 185
f 9263 1681 1682
f 2164 2170 756
f 1472 2035 2161
f 950 951 964
f 2177 2178 2179
f 227 226 1510
f 2182 2183 2184
f 2186 2019 2018
f 1985 2182 2181
f 214 736 729
f 865 849 842
f 849 865 1357
f 559 3187 3188
f 16 13 737
f 560 553 498
f 3193 3196 3195
f 3200 3197 3198
f 3211 3214 3213
f 3215 3218 3217
f 2187 2188 2002
f 3233 3236 3235
f 3223 3221 3222
f 3229 3232 3231
f 3245 3248 3247
f 2169 2168 2189
f 2192 2086 2085
f 2193 2194 2195
f 2198 2199 2200
f 1998 1982 1979
f 9116 9117 9120
f 3253 3256 3255
f 2116 1898 1903
f 1859 2006 2009
f 9356 2123 2126
f 1135 1148 1087
f 2201 2202 2015
f 1149 111 110
f 3261 3264 3263
f 3269 3272 3271
f 3265 3268 3267
f 3229 3230 3284
f 3289 3292 3291
f 3299 3302 3301
f 3307 3263 3264
f 3293 3296 3295
f 3297 3223 3224
f 3319 3321 3291
f 3322 3323 3318
f 3314 3313 3312
f 3285 3288 3287
f 3332 3333 3218
f 3329 3331 3330
f 3324 3325 3227
f 3298 3224 3326
f 2203 2204 2205
f 579 580 1895
f 1755 2207 2208
f 3337 3340 3339
f 9343 9362 1893
f 1211 2151 2150
f 868 997 2210
f 3347 3350 3349
f 944 945 930
f 2130 2129 2202
f 233 1903 1898
f 665 751 750
f 1167 1254 999
f 2211 2212 2213
f 2215 2216 2217
f 9319 593 590
f 2220 221 220
f 823 824 948
f 3375 3240 3377
f 3393 3392 3391
f 3353 3358 3357
f 3363 3366 3365
f 3402 3405 3404
f 266 204 455
f 9334 2108 2107
f 2221 2222 8963
f 2223 2224 2225
f 2207 2125 2124
f 3293 3309 3336
f 673 674 9321
f 817 1000 996
f 2227 2228 2146
f 1947 1948 646
f 9352 2135 17
f 2229 1635 1638
f 1679 1613 1618
f 1637 2231 2232
f 2233 2234 1617
f 2231 2235 2236
f 3406 3409 3408
f 1381 1638 2238
f 9038 2241 2242
f 3414 3416 3341
f 1630 2234 2233
f 1681 1626 472
f 1408 1407 2243
f 3423 3426 3425
f 3433 3351 3263
f 3434 3429 3430
f 3440 3443 3442
f 3444 3447 3446
f 3436 3451 3450
f 3442 3443 3456
f 1637 2230 2238
f 3445 3446 3437
f 3448 3443 3440
f 1409 1408 1634
f 1380 1383 2247
f 1628 2248 2245
f 3463 3466 3465
f 3308 3477 3462
f 2249 1623 1622
f 1632 1634 1408
f 2248 1628 1631
f 3478 3481 3480
f 3509 3512 3511
f 2235 2231 1637
f 3505 3508 3507
f 3457 3458 3199
f 631 2070 2071
f 515 167 52
f 782 781 2251
f 2253 2254 2255
f 397 281 459
f 1456 2039 2040
f 2040 2041 2036
f 3434 3475 3518
f 1401 2112 2111
f 2041 2040 1970
f 3367 3337 3338
f 1535 121 414
f 1586 1587 2080
f 2256 983 1132
f 3528 3531 3530
f 3519 3521 3520
f 3537 3505 3506
f 3543 3546 3545
f 1700 1699 9370
f 3486 3551 3550
f 3455 3456 3497
f 3558 3560 3559
f 3456 3568 3500
f 3572 3571 3252
f 3308 3264 3285
f 3316 3317 3574
f 3575 3478 3479
f 3576 3579 3578
f 3580 3583 3582
f 3584 3587 3586
f 3505 3537 3588
f 3589 3592 3591
f 3600 3603 3602
f 3542 3539 3595
f 3604 3605 3592
f 3611 3610 3613
f 3622 3625 3624
f 3618 3621 3620
f 3626 3629 3628
f 3644 3647 3646
f 3634 3637 3636
f 3638 3639 3641
f 9267 1896 1686
f 1263 2256 1886
f 3613 3655 3654
f 598 1841 844
f 2257 2258 2259
f 2258 2261 2262
f 2259 2262 2263
f 2260 2259 2216
f 1967 1971 1970
f 2212 1964 1963
f 922 921 2218
f 1312 1098 1101
f 1307 1306 1286
f 1548 1569 1546
f 2266 2267 2268
f 2265 2268 2270
f 2272 2265 2269
f 2273 2266 2265
f 2275 2276 2277
f 2278 2274 2277
f 2284 2285 9069
f 2287 2283 2286
f 2288 2289 2283
f 2290 2284 9091
f 2291 2292 2293
f 2295 2291 2294
f 2296 2297 2291
f 2297 2298 2292
f 2294 2293 2299
f 2279 2294 2300
f 2298 2301 2302
f 2292 2302 2303
f 2293 2303 2304
f 2304 2305 2306
f 2308 2309 2310
f 2302 2307 2310
f 2301 2311 2307
f 2312 2308 2307
f 2313 2314 2315
f 2318 2319 2320
f 9200 9223 2322
f 2324 2325 2273
f 2313 2324 2326
f 2328 2324 2313
f 2329 2325 2324
f 2331 2332 2333
f 2330 2333 2267
f 2325 2330 2266
f 2329 2331 2330
f 2333 2334 2335
f 2336 2334 2333
f 2338 2336 2332
f 2331 2339 2337
f 2329 2340 2339
f 2328 2341 2340
f 2316 2342 2341
f 2342 2316 2315
f 2344 2345 2346
f 2341 2344 2347
f 2342 2348 2344
f 2348 2349 2345
f 2350 2351 2352
f 2339 2350 2353
f 2340 2347 2350
f 2347 2346 2351
f 2337 2353 2354
f 2353 2352 2355
f 2356 2277 2276
f 2356 2357 2358
f 2356 2359 2296
f 2279 2277 2356
f 2360 2361 2270
f 2267 2335 2360
f 2362 2363 2364
f 2362 2365 2361
f 2366 2362 2358
f 2366 2367 2363
f 2357 2276 2368
f 2366 2368 2369
f 2276 2275 2370
f 2368 2370 2282
f 2372 2373 2374
f 2375 2376 2377
f 2378 2379 2380
f 2382 2378 2381
f 2384 2385 2378
f 2385 2386 2379
f 2388 2389 2390
f 2387 2390 2392
f 2393 2394 2387
f 2394 2395 2388
f 2186 2401 2402
f 2403 2404 2327
f 2272 2403 2326
f 2271 2405 2403
f 2405 2406 2404
f 2404 2407 2408
f 2409 2410 2411
f 2409 2412 2271
f 2413 2409 2269
f 2413 2414 2410
f 2417 2415 2416
f 2417 2418 2406
f 2412 2417 2405
f 2411 2415 2417
f 2406 2419 2407
f 9013 8964 632
f 2420 2398 2397
f 2420 2421 2423
f 2424 2420 2422
f 2424 2399 2398
f 2425 2391 2392
f 2421 2425 2426
f 2397 2396 2425
f 2396 2393 2391
f 2427 2314 2408
f 2430 2427 2428
f 2343 2315 2427
f 2432 2343 2430
f 2431 2430 2429
f 2435 2431 2433
f 2436 2432 2431
f 2428 2408 2407
f 2422 2437 2407
f 2438 2437 2422
f 2429 2428 2437
f 2440 2434 2433
f 2441 2439 2433
f 2442 2443 2439
f 2443 2444 2440
f 2445 2446 2444
f 2447 2445 2443
f 2383 2381 2445
f 2381 2380 2446
f 2448 2438 2423
f 2449 2448 2426
f 2441 2448 2449
f 2441 2429 2438
f 2449 2392 2390
f 2450 2390 2389
f 2447 2450 2451
f 2442 2449 2450
f 2451 2389 2453
f 2452 2453 2455
f 2382 2452 2454
f 2383 2451 2452
f 2456 2457 2373
f 2459 2460 2461
f 2463 2464 2465
f 2462 2465 2285
f 2466 2462 2284
f 2467 2463 2462
f 2461 2460 9155
f 2468 2469 2470
f 2472 2468 2471
f 2474 2461 9153
f 2475 2476 2477
f 2458 2455 2453
f 2479 2453 2389
f 2395 2480 2479
f 2480 2459 2458
f 2481 2482 2483
f 2484 113 2485
f 2471 2470 2464
f 2473 2471 2463
f 2487 2467 2466
f 2486 2466 2290
f 2490 2486 2488
f 2491 2487 2486
f 2492 2473 2467
f 2493 2492 2487
f 2494 2495 2492
f 2495 2472 2473
f 9142 2496 2474
f 9143 2497 2496
f 2498 2494 2493
f 2500 2498 2499
f 9152 9139 2498
f 9139 9143 2494
f 2306 2504 2278
f 2305 2505 2504
f 2504 2505 2507
f 2506 2507 2288
f 2274 2506 2508
f 2278 2504 2506
f 9085 9084 2489
f 9072 9085 2488
f 2507 2509 2289
f 2505 2510 2509
f 2508 2288 2287
f 2511 2287 2281
f 2370 2511 2280
f 2275 2508 2511
f 2512 2490 2489
f 2514 2512 2513
f 2517 2512 2514
f 2517 2491 2490
f 2499 2493 2491
f 2499 2517 2516
f 2510 2505 2519
f 2518 2519 2521
f 9068 2518 2520
f 9084 2510 2518
f 2522 2304 2303
f 2523 2522 2310
f 2305 2304 2522
f 2524 2522 2523
f 2519 2524 2525
f 2505 2305 2524
f 2308 2312 2527
f 2526 2527 2529
f 2531 2526 2528
f 2309 2308 2526
f 1214 2532 2151
f 2419 2406 2418
f 2533 2345 2349
f 2534 2533 2317
f 2535 2536 2533
f 2536 2346 2345
f 2537 2351 2346
f 2538 2537 2536
f 2539 2540 2537
f 2540 2352 2351
f 2312 2355 2541
f 2527 2541 2542
f 2543 2435 2434
f 2545 2543 2544
f 2319 2318 2543
f 2318 2436 2435
f 2514 2515 2548
f 2547 2548 2550
f 2552 2547 2549
f 2552 2516 2514
f 2520 2521 2554
f 2553 2554 2556
f 9042 2553 2555
f 9073 2520 2553
f 2523 2309 2531
f 2557 2531 2530
f 2525 2523 2557
f 2559 2557 2558
f 2554 2559 2560
f 2521 2525 2559
f 2561 2375 2007
f 2376 2562 2225
f 2564 2565 2566
f 2563 2566 338
f 2569 2563 2567
f 2570 2564 2563
f 2572 2573 2574
f 2571 2574 2576
f 2544 2571 2575
f 2544 2434 2572
f 2578 2570 2569
f 2579 2577 2569
f 2574 2577 2579
f 2573 2578 2577
f 2581 2582 2583
f 2584 2580 2583
f 9149 9127 2580
f 9128 2581 2580
f 2582 2516 2552
f 2583 2552 2551
f 2500 2501 2589
f 2590 2588 2589
f 9145 9147 2588
f 9147 9152 2500
f 2501 2516 2591
f 2592 2593 2594
f 2386 2385 2503
f 2596 2379 2386
f 2596 2374 2373
f 2599 2596 2597
f 2599 2380 2379
f 2600 2446 2380
f 2600 2599 2598
f 2603 2600 2601
f 2603 2444 2446
f 2604 2603 2602
f 2440 2604 2605
f 2444 2603 2604
f 2606 2582 2581
f 2606 2607 2590
f 2591 2516 2582
f 9128 2587 2456
f 9141 2456 2372
f 2478 2477 2608
f 2609 2610 2611
f 2564 2570 2613
f 2612 2613 2598
f 2457 2612 2597
f 2565 2564 2612
f 2614 2613 2570
f 2615 2614 2578
f 2602 2601 2614
f 2601 2598 2613
f 2572 2434 2605
f 2616 2605 2602
f 2573 2572 2616
f 1459 1016 1045
f 1265 1215 1079
f 1612 1608 1609
f 2067 2057 2069
f 1135 1109 1136
f 1938 1937 2618
f 95 548 458
f 2058 1607 1608
f 1454 1469 1445
f 655 2620 1048
f 722 1049 2621
f 3665 3639 3634
f 1131 985 1033
f 562 1481 366
f 1723 1719 1725
f 1786 1123 1122
f 267 300 323
f 1325 2034 1654
f 1468 1165 1435
f 658 657 529
f 8 532 247
f 382 1557 1559
f 3631 3681 3680
f 788 619 1307
f 940 930 929
f 911 2622 2623
f 2621 2620 655
f 2624 1857 2625
f 998 1846 27
f 635 638 2626
f 2627 641 644
f 2628 2627 1840
f 1200 1199 2627
f 1199 1773 641
f 1520 515 49
f 1452 1350 1349
f 2630 2631 1859
f 644 643 1335
f 3683 3700 3699
f 1197 1198 717
f 2632 717 719
f 2628 2632 1166
f 2629 1197 2632
f 1762 2633 1050
f 1823 870 873
f 2634 2635 794
f 1042 794 2635
f 93 94 1901
f 2036 2038 1458
f 1527 332 1525
f 877 876 1274
f 134 409 797
f 1328 893 931
f 607 777 1091
f 1043 2635 2637
f 2636 2637 2639
f 1275 2636 2638
f 1275 1040 1043
f 1272 2624 2626
f 2640 2626 638
f 1110 2641 2640
f 536 1272 2640
f 1472 708 1474
f 2042 2030 1951
f 3668 3632 3633
f 1058 1106 1105
f 2642 2623 2643
f 1192 2642 2644
f 912 2623 2642
f 9350 1657 8970
f 1049 1048 2620
f 616 1829 1885
f 1331 1913 666
f 990 989 1198
f 1911 1912 321
f 1298 1282 1205
f 76 1490 1504
f 1502 1500 421
f 610 609 658
f 1146 937 659
f 2646 911 914
f 1280 1239 1238
f 1453 1454 1452
f 835 942 1843
f 1271 1270 1173
f 1893 1878 1826
f 1050 2633 1937
f 2651 2652 814
f 1006 1053 1281
f 2653 1084 2654
f 1001 1004 1003
f 585 997 679
f 2624 1272 621
f 555 678 2028
f 1207 526 1197
f 1626 1627 478
f 3729 3732 3731
f 3746 3749 3748
f 3770 3752 3750
f 426 389 419
f 1030 1193 1773
f 9350 645 634
f 534 1533 138
f 1125 1092 1042
f 333 228 88
f 569 1570 561
f 3691 3694 3693
f 1489 2656 871
f 1857 2624 620
f 1673 1674 9222
f 622 861 864
f 619 788 891
f 261 544 545
f 393 1555 1556
f 2658 2659 2647
f 1075 2658 2657
f 1081 1080 2658
f 1080 1139 2659
f 2644 2643 1141
f 2660 1141 1140
f 642 2660 1336
f 1193 2644 2660
f 679 678 555
f 3762 3765 3764
f 1503 1501 1500
f 1318 1317 1101
f 2661 2659 1139
f 2661 1142 2663
f 2662 2647 2659
f 2662 2663 2622
f 2664 2622 911
f 2648 2664 2646
f 2648 2647 2662
f 3586 3658 3779
f 2083 2094 2093
f 1442 1440 1437
f 3732 3734 3733
f 519 329 330
f 1885 2029 1209
f 799 800 805
f 1946 1943 1952
f 1302 1301 1253
f 3741 3738 3757
f 3660 3663 3662
f 566 2005 224
f 1389 940 928
f 683 682 681
f 836 835 1842
f 2665 1842 1845
f 2666 2665 1303
f 24 836 2665
f 831 1072 2650
f 1845 1844 1304
f 2010 2013 2012
f 1051 1936 2667
f 1522 1521 1511
f 531 440 441
f 1250 635 2625
f 2669 2625 1857
f 783 2669 1856
f 782 1250 2669
f 720 2670 2671
f 1055 1931 1930
f 1333 1067 1251
f 619 622 1308
f 652 655 2619
f 521 522 1539
f 1838 988 537
f 2672 537 536
f 1113 2672 2641
f 1113 527 1838
f 1016 1013 1351
f 9349 573 570
f 226 227 104
f 9008 9121 9279
f 1036 1037 1884
f 2674 1301 1304
f 2673 1304 1844
f 1334 2673 2675
f 1333 2674 2673
f 2676 702 1039
f 1843 2676 2675
f 942 1074 2676
f 1074 699 702
f 752 1057 1055
f 1200 1166 656
f 1120 1846 874
f 2677 874 877
f 1241 2677 1052
f 1119 1120 2677
f 1560 1513 151
f 1208 1316 611
f 215 735 736
f 1460 1459 1462
f 3717 3720 3719
f 1208 1207 1839
f 854 856 1282
f 3682 3697 3696
f 72 445 182
f 544 1563 1565
f 217 200 456
f 3673 3647 3781
f 2047 1404 930
f 1204 2618 1937
f 913 777 686
f 3705 3708 3707
f 840 527 1113
f 1531 729 730
f 2678 778 1283
f 601 667 1914
f 1537 1538 459
f 1819 1757 8953
f 991 1860 862
f 2679 711 1073
f 3776 3775 3581
f 2680 1830 983
f 779 2680 2256
f 778 2678 2680
f 2678 2679 1830
f 180 542 245
f 1886 1132 1131
f 3766 3768 3767
f 1138 1137 1274
f 3777 3778 3585
f 1841 598 1140
f 75 313 314
f 193 423 420
f 2681 2682 1099
f 3658 3586 3587
f 170 1567 1565
f 349 416 417
f 1121 1124 2684
f 547 797 409
f 123 122 121
f 2643 2663 1142
f 1542 1544 513
f 899 900 907
f 1210 677 676
f 791 663 982
f 24 27 837
f 893 896 932
f 1860 1320 863
f 535 538 862
f 3640 3684 3683
f 1569 1548 1547
f 181 455 542
f 660 659 937
f 2013 567 568
f 3781 3647 3644
f 887 890 2631
f 1524 1508 361
f 520 161 162
f 2653 855 854
f 1238 1237 2655
f 718 1838 527
f 1492 1493 518
f 792 616 615
f 599 846 1835
f 290 457 456
f 312 171 1552
f 1248 2687 1179
f 153 149 177
f 1240 1181 1222
f 1257 1292 1235
f 1291 1084 1083
f 1052 877 1277
f 743 742 2618
f 444 140 430
f 23 1224 1172
f 2687 2654 1180
f 102 103 409
f 1283 607 610
f 373 497 650
f 1180 2654 1084
f 855 2653 2655
f 1173 1270 1917
f 2689 850 853
f 2688 853 1108
f 2686 2688 1279
f 2687 2689 2688
f 2691 1302 1252
f 2690 1252 850
f 1248 2690 2689
f 1248 1247 2691
f 2692 617 24
f 2691 2692 2666
f 1247 1258 2692
f 1258 1168 617
f 394 1554 1555
f 2693 1260 1259
f 1072 1236 1262
f 1257 1071 1168
f 398 439 1555
f 871 1784 1314
f 1178 1232 1249
f 1224 1289 1173
f 1010 2617 2618
f 1175 1174 1292
f 2654 2687 2686
f 2694 1157 1216
f 71 418 1487
f 701 1112 1111
f 1072 1261 2649
f 1085 2695 22
f 895 2694 1264
f 1601 1606 1605
f 1259 1262 1271
f 21 20 1220
f 988 991 538
f 3533 3479 3535
f 598 597 1336
f 1050 860 818
f 1298 2645 1761
f 1168 1167 618
f 3629 3671 3670
f 858 1168 1256
f 39 242 516
f 2652 1761 819
f 313 316 315
f 2026 1970 1971
f 2656 1489 596
f 814 819 818
f 2696 2651 813
f 1260 2696 2649
f 2693 2697 2696
f 2697 1296 2651
f 381 355 390
f 9270 9271 1611
f 1475 1427 1428
f 1292 1174 1917
f 1551 353 354
f 1526 1525 1523
f 1593 1589 1595
f 1232 1269 1246
f 2695 2693 1223
f 2698 1297 1296
f 2698 2697 2693
f 2685 2698 2695
f 2685 854 1297
f 562 1497 271
f 2652 2651 1296
f 1365 1366 1364
f 1958 1946 1953
f 585 588 2210
f 1561 1560 1515
f 975 2648 1146
f 347 67 68
f 1038 1111 636
f 2700 781 780
f 2699 780 1036
f 2701 2699 1883
f 851 2700 2699
f 2674 1333 2251
f 2702 2251 781
f 1253 2702 2700
f 1301 2674 2702
f 1519 387 388
f 1273 1239 1280
f 2703 1280 1107
f 2701 2703 852
f 1829 1273 2703
f 91 260 326
f 1784 871 2656
f 2683 2684 2705
f 604 1894 8943
f 1669 8978 8992
f 2062 2063 2060
f 621 535 861
f 2023 731 732
f 686 779 1263
f 857 1051 2668
f 883 830 882
f 3648 3651 3650
f 637 636 1111
f 2668 894 893
f 3692 3712 3711
f 2667 921 894
f 1039 1038 1068
f 313 75 1504
f 1911 1972 305
f 1936 2706 1964
f 2707 2402 2401
f 2708 2707 2183
f 738 2163 2116
f 3785 3787 3709
f 2349 2348 2432
f 2711 2712 2020
f 2400 2711 2019
f 2714 2715 2716
f 2717 2718 2719
f 2721 2722 2723
f 2726 2727 2728
f 2725 2728 2730
f 2731 2725 2729
f 2732 2726 2725
f 2734 2735 2736
f 2738 2739 2740
f 2737 2740 2741
f 2744 2745 2746
f 2745 2744 2748
f 2749 2750 2747
f 2753 2749 2751
f 2250 1380 2246
f 3417 3420 3419
f 2754 1396 1614
f 9050 2754 2755
f 9060 2745 2747
f 1617 2756 2755
f 2242 2758 1620
f 3429 3432 3431
f 2191 2085 2760
f 2761 2759 2760
f 9100 2759 2761
f 9075 2191 2759
f 3209 3460 3354
f 1395 1394 2236
f 1395 2235 1636
f 3741 3791 3790
f 1616 1635 2229
f 3410 3413 3412
f 1617 2234 2763
f 2756 2763 9080
f 2765 2763 2234
f 2766 2764 9080
f 3202 3199 3458
f 1516 437 435
f 2768 2769 8996
f 1495 541 578
f 2135 2136 28
f 8970 8984 2773
f 1690 1689 9378
f 2778 2779 2780
f 2777 2780 2781
f 2784 2778 2777
f 8999 8965 575
f 1494 1904 9
f 8973 2016 2015
f 451 61 505
f 2786 2787 2788
f 2779 2786 2785
f 2789 2752 2741
f 2790 2753 2752
f 2792 2793 2794
f 2793 2795 2796
f 2796 2797 2750
f 2794 2796 2749
f 2798 1393 1396
f 9043 2798 2754
f 2798 2799 2800
f 9043 9114 2799
f 2797 2796 2795
f 2791 2794 2753
f 216 233 232
f 9256 2806 2807
f 9257 2809 2804
f 2769 2810 9001
f 183 185 184
f 2811 2812 2775
f 2804 2811 2776
f 2809 2813 2811
f 2812 2811 2813
f 9257 2808 2816
f 9248 2818 2815
f 9250 9252 2820
f 9245 2823 2819
f 2824 2736 2735
f 2823 2825 2824
f 2825 2823 2826
f 9245 2822 2827
f 9248 2817 2826
f 2713 2716 2829
f 2828 2829 2831
f 2822 2821 2828
f 2821 2820 2713
f 2832 2827 2822
f 2833 2832 2830
f 2834 2835 2832
f 2835 2818 2827
f 2837 2838 2839
f 2836 2839 2841
f 2842 2836 2840
f 2843 2837 2836
f 2840 2841 2845
f 2718 2844 2845
f 2730 2728 2844
f 2727 2840 2844
f 2846 2845 2841
f 2829 2846 2847
f 2847 2841 2839
f 2848 2839 2838
f 2833 2848 2849
f 2831 2847 2848
f 2850 2814 2851
f 2853 2850 2852
f 2783 2777 2782
f 2785 2788 2853
f 2780 2785 2856
f 2857 2858 2855
f 2859 2857 2782
f 2861 2843 2842
f 2860 2842 2727
f 2862 2860 2726
f 2863 2861 2860
f 2861 2863 2858
f 2843 2861 2857
f 2856 2853 2854
f 2781 2856 2864
f 2837 2843 2859
f 2838 2837 2864
f 2852 2851 2834
f 2854 2852 2849
f 2865 2815 2818
f 2851 2865 2835
f 2813 2809 2815
f 2814 2813 2865
f 2866 2812 2814
f 2788 2866 2850
f 2866 2788 2787
f 2812 2866 2867
f 1892 1889 1890
f 2720 2719 2846
f 298 299 256
f 2872 2714 2713
f 9246 9252 2735
f 2729 2730 2874
f 2846 2716 2715
f 2876 2877 2878
f 2733 2875 2878
f 9258 9259 2879
f 9258 2880 2872
f 2882 2883 2884
f 2881 2884 2715
f 2880 2881 2714
f 2879 2882 2881
f 2885 2886 2887
f 2888 2889 2890
f 2885 2890 2892
f 2893 2886 2885
f 1942 2151 2532
f 2895 2892 2720
f 2884 2895 2870
f 2883 2896 2895
f 2896 2891 2892
f 2889 2874 2717
f 2890 2717 2720
f 2897 2893 2891
f 2898 2897 2896
f 2899 2898 2883
f 2900 2899 2882
f 9249 2900 2879
f 2876 2902 2901
f 2901 2902 2904
f 1785 2656 1835
f 2905 2906 2899
f 2907 2908 2897
f 9249 2901 2903
f 632 576 577
f 8976 8991 2867
f 434 385 550
f 2768 2770 9092
f 2910 2911 1623
f 2241 2912 2758
f 9092 2770 2913
f 1623 2911 2757
f 9039 2242 2757
f 2229 1381 1380
f 2765 1630 1629
f 2915 2914 1629
f 9094 9093 2914
f 9093 9074 2765
f 2919 2916 9094
f 2918 2915 2912
f 9066 2918 2241
f 9070 2919 9065
f 8985 2177 2180
f 8965 2002 2188
f 3694 3626 3627
f 9157 9017 714
f 2925 2766 2917
f 2924 2917 2916
f 9062 2924 2919
f 9063 2925 2924
f 2926 2927 2766
f 9110 2926 2925
f 1715 1713 1705
f 785 497 498
f 1387 651 565
f 374 375 1899
f 9017 2203 2206
f 2929 2930 2886
f 2932 2933 2934
f 1905 1906 1908
f 2930 2935 2936
f 2938 2935 2930
f 1493 369 517
f 1603 1585 1586
f 2939 2938 2929
f 2940 2939 2908
f 9117 1707 1600
f 2886 2930 2937
f 2906 2907 2898
f 2908 2929 2893
f 2942 2934 2933
f 2941 2933 2937
f 8945 2941 2936
f 8942 2942 2941
f 2943 2944 2710
f 2943 2873 2874
f 2945 2943 2889
f 2946 2944 2943
f 2932 2945 2888
f 2931 2946 2945
f 727 1928 1929
f 2903 2904 2947
f 545 594 42
f 1480 1570 533
f 2907 2906 2949
f 2906 2905 2950
f 1558 452 215
f 9251 2903 2948
f 2054 1645 1644
f 9157 9136 2203
f 1828 1837 1849
f 2953 2954 2955
f 2952 2955 2957
f 2956 2261 2258
f 2953 2952 2258
f 2454 2455 2474
f 9199 2958 2959
f 9199 2132 2131
f 2961 2962 2963
f 2958 2963 2964
f 222 221 2485
f 2477 2226 2966
f 2631 2561 2006
f 2384 2454 2496
f 2967 2968 2959
f 2968 2967 2970
f 9211 2033 2971
f 9236 2971 2960
f 2972 2971 2033
f 2007 2377 2973
f 9004 9003 2134
f 1836 1833 1832
f 8950 2188 2090
f 955 810 959
f 672 675 674
f 633 710 713
f 2024 732 733
f 2025 2024 803
f 425 1552 1550
f 2975 2976 888
f 1319 1158 1157
f 1212 1935 2977
f 889 957 2228
f 1978 1974 1975
f 1138 1078 1329
f 751 665 2979
f 1619 1613 1625
f 2252 2255 1728
f 1157 1160 845
f 2706 1936 1938
f 2980 2255 2254
f 2982 2975 887
f 802 712 711
f 678 677 2029
f 527 840 690
f 1839 1207 2629
f 2983 2984 602
f 2983 1914 1913
f 2985 2983 1331
f 2986 2984 2983
f 2987 2637 2635
f 2985 2988 2639
f 2990 1319 1318
f 2991 2992 2993
f 2995 2991 2994
f 1106 1058 2991
f 1058 1057 2992
f 1415 1406 1365
f 1317 922 2217
f 1932 1728 2255
f 926 2998 2999
f 3001 2993 2992
f 3000 2992 1057
f 2999 3000 2978
f 2998 3001 3000
f 3002 2998 2209
f 3002 3003 2996
f 2993 3001 3002
f 1103 1106 2995
f 3004 2995 2996
f 2209 2210 3004
f 588 1103 3004
f 295 296 433
f 2638 2639 2988
f 3005 2988 1056
f 1305 3005 1930
f 1276 2638 3005
f 1987 1968 1993
f 2633 1762 1761
f 1423 1422 1417
f 9005 8961 739
f 2671 2670 2704
f 1473 1872 2035
f 922 1317 2694
f 1401 1400 1378
f 556 2028 1884
f 842 848 9277
f 1854 2706 2617
f 933 1082 1081
f 1440 1441 1436
f 529 657 719
f 1031 1025 1027
f 777 913 912
f 2645 1205 1204
f 441 438 1538
f 3771 3774 3773
f 790 1287 587
f 2065 2066 1610
f 1860 991 990
f 60 106 87
f 1424 1017 1948
f 332 1527 1507
f 261 262 138
f 187 188 449
f 1719 1720 1726
f 1931 1055 1059
f 3006 1059 1105
f 1287 3006 1104
f 1286 1931 3006
f 3007 3008 3009
f 3009 3008 653
f 618 999 26
f 2029 677 1210
f 957 601 600
f 1049 2146 2228
f 2631 890 3011
f 890 889 2227
f 3011 2227 2145
f 2561 3011 3012
f 1026 656 609
f 2706 1854 1961
f 3013 2965 2485
f 2148 2147 1267
f 3015 1267 1266
f 2997 2264 1101
f 642 641 1773
f 186 477 461
f 1041 1040 1320
f 1121 3016 3017
f 2984 2986 2987
f 3018 2987 2634
f 1048 603 3018
f 603 602 2984
f 2679 2678 801
f 2062 2072 2074
f 2061 2074 2076
f 414 303 1545
f 3016 1121 2683
f 3019 2683 2704
f 3020 3019 2670
f 3007 3016 3019
f 1871 1090 1091
f 3021 1787 1122
f 3022 3021 3017
f 1314 3021 3022
f 1784 1787 3021
f 1316 1315 1763
f 3023 3022 3010
f 3023 3009 795
f 1763 3023 1092
f 1315 3022 3023
f 3016 3007 3010
f 752 751 2978
f 2986 2639 2637
f 3024 654 653
f 3020 3024 3008
f 720 723 3024
f 723 2621 654
f 2681 1098 1268
f 2671 3025 1268
f 2705 2681 3025
f 1313 3026 3027
f 3026 3028 3029
f 3027 3029 3030
f 1311 3027 3031
f 2012 568 731
f 917 2657 974
f 3742 3745 3744
f 743 1206 856
f 1888 2027 2030
f 2682 2705 2684
f 3032 2684 1124
f 1100 3032 2989
f 1099 2682 3032
f 1123 2990 2989
f 3033 1834 1159
f 2990 3033 1158
f 1123 1786 3033
f 1786 1785 1834
f 1054 1056 2988
f 2979 665 664
f 2623 2622 2663
f 1095 660 688
f 3034 3035 2261
f 3036 3034 2956
f 3037 3038 3034
f 3038 3039 3035
f 3040 3041 3026
f 2263 3042 3041
f 3042 3039 3043
f 3041 3043 3028
f 3044 3045 3043
f 3046 3047 3045
f 3047 3048 3049
f 3043 3045 3049
f 3038 3037 3051
f 3050 3051 3053
f 3052 3046 3044
f 3039 3038 3050
f 3054 3035 3039
f 3042 2263 2262
f 2261 3035 3054
f 2216 2263 2997
f 2212 2211 2667
f 3056 868 2209
f 934 3057 1961
f 2013 9207 9209
f 3058 3059 3060
f 3059 3062 3063
f 3060 3063 2213
f 3061 3060 1963
f 3063 3064 2214
f 3062 3065 3064
f 3065 2257 2260
f 3064 2260 2215
f 3066 3067 3031
f 2608 2966 3067
f 2966 2562 3068
f 3031 3067 3068
f 2455 2458 2461
f 2476 2223 2226
f 8995 2090 2089
f 8970 2774 9221
f 433 354 355
f 2115 1423 1419
f 8953 2868 2922
f 9221 9189 2131
f 3069 2611 2167
f 2971 2972 2928
f 2961 2774 2773
f 3070 2475 2478
f 2610 2609 3071
f 2502 2371 2374
f 3072 2592 2595
f 2964 3046 3052
f 3048 2593 3074
f 2593 2592 3075
f 3075 3030 3029
f 3074 3029 3028
f 3072 3076 3075
f 3076 3072 2482
f 2481 2608 3066
f 3076 3066 3030
f 2967 3052 3053
f 2482 3072 3073
f 479 480 493
f 706 9352 9325
f 9005 2194 2221
f 2013 2010 9206
f 8977 2032 2016
f 9006 8963 2222
f 1171 1154 1155
f 3782 3644 3689
f 2586 2566 2565
f 2982 110 113
f 2562 2376 3077
f 2376 2375 3012
f 3012 2145 2148
f 3077 2148 3015
f 2963 3047 3046
f 3051 3078 2970
f 1683 2173 491
f 9302 2122 1447
f 1986 2181 9186
f 3079 3080 2546
f 3081 3079 2575
f 1983 1986 9220
f 3082 2323 2319
f 3080 3082 2545
f 9186 9184 3082
f 9184 9200 2323
f 1309 1471 1888
f 3073 2595 2772
f 2760 3083 3084
f 2760 2085 2088
f 3085 3084 3086
f 3089 3085 3090
f 3089 2762 3084
f 3092 3088 3090
f 3093 2748 2744
f 2751 2747 2748
f 3093 2741 2752
f 2742 2741 3093
f 3094 3093 2743
f 3096 3097 3098
f 3099 3096 3087
f 3097 3094 3095
f 3100 2743 2746
f 3101 2927 3102
f 2764 2766 2927
f 2745 2764 3101
f 3102 3092 3091
f 3100 3091 3095
f 2869 2802 9044
f 3102 3103 3104
f 9110 2868 2869
f 2927 2926 3103
f 3098 3095 3091
f 3087 3098 3090
f 2088 2125 3105
f 3083 3105 3086
f 2483 3073 2771
f 2401 2186 2185
f 3099 3086 3105
f 2125 2207 3106
f 3108 2737 2742
f 3107 2742 3094
f 3110 3108 3107
f 3109 3107 3097
f 3111 3109 3096
f 3112 3110 3109
f 3113 2738 2737
f 3115 2723 2722
f 3117 3115 3114
f 3119 3117 3116
f 3118 3116 3120
f 3116 3114 3113
f 3122 3112 3111
f 3122 3123 1755
f 3124 3125 3126
f 3125 3118 3121
f 3128 3119 3118
f 3129 3128 3125
f 2020 2712 3128
f 9305 9309 1346
f 1065 1046 1047
f 1814 9290 9282
f 2021 2020 3129
f 3111 3099 3106
f 3123 3106 2207
f 2377 2225 2224
f 3014 2485 113
f 1756 2208 9234
f 3131 3132 2530
f 3133 3131 2528
f 1753 1756 9219
f 3134 3124 3127
f 2327 2408 2314
f 2436 2318 2317
f 2018 2021 9163
f 2534 3136 3137
f 2320 2322 3136
f 2185 2018 9164
f 3138 3139 2542
f 3134 3135 9196
f 9237 3130 3134
f 3140 3138 2539
f 2535 3137 3140
f 9163 2021 3130
f 2558 2530 3132
f 9234 9212 3141
f 2560 2558 3141
f 9212 9229 3142
f 958 888 2976
f 1933 1932 2980
f 3714 3704 3729
f 2399 2424 2418
f 2348 2342 2343
f 2322 2320 2319
f 2718 2717 2874
f 2709 2729 2873
f 2894 2871 1361
f 3788 3789 3720
f 346 289 176
f 1876 1877 1882
f 2802 2803 9059
f 3104 3144 3088
f 2974 2222 9101
f 3089 3145 2761
f 3088 3144 3145
f 2803 2974 9055
f 9322 9361 692
f 2123 1419 1418
f 1365 1363 1368
f 3346 3345 3344
f 1581 1766 1782
f 9013 2202 2129
f 8999 2003 2002
f 3146 2585 2551
f 9203 3146 3147
f 9194 3149 3146
f 3149 2584 2585
f 3196 3198 3197
f 9056 2192 2191
f 3142 3150 2556
f 9229 9230 3150
f 9098 3152 2550
f 3150 3151 2555
f 9230 9232 3151
f 9240 9233 3152
f 3153 3147 2551
f 3152 3153 2549
f 9233 9228 3153
f 9228 9202 3147
f 3148 2767 2206
f 2183 2401 2321
f 2132 2960 2928
f 3299 3300 3321
f 9136 9137 2204
f 9171 2198 2197
f 2594 2962 2773
f 2595 2594 2951
f 1870 798 799
f 3257 3260 3259
f 9165 2179 2178
f 9158 2178 9188
f 336 3154 9226
f 339 3155 3154
f 9241 9135 3149
f 9135 9149 2584
f 2963 2962 3048
f 9174 9182 337
f 339 338 2566
f 3156 3157 2168
f 2610 3156 2167
f 2954 2953 3156
f 3157 3156 2953
f 9159 2166 2169
f 2567 3158 3159
f 337 3158 2567
f 9182 3069 2166
f 9216 2190 1983
f 2579 3160 3081
f 2568 3159 3160
f 9161 2169 2190
f 3065 3062 3162
f 3161 3162 1984
f 3157 3161 2189
f 2257 3065 3161
f 734 735 1922
f 3059 3058 2708
f 3163 2708 2182
f 3162 3163 1985
f 3062 3059 3163
f 3203 3206 3205
f 3806 3809 3808
f 2122 2119 1448
f 9269 1686 1685
f 139 140 444
f 1570 569 566
f 2957 3164 3165
f 2955 3166 3164
f 1912 454 341
f 3130 3129 3124
f 1548 322 319
f 1949 1950 1327
f 2969 2970 3078
f 3167 3078 3169
f 9176 2014 2017
f 9172 2017 2033
f 3168 3169 3165
f 3170 3165 3164
f 9231 3170 3171
f 9176 3168 3170
f 3171 3164 3166
f 3172 3166 3071
f 9204 3172 3173
f 9208 3171 3172
f 3169 3037 3036
f 2593 3048 2962
f 3173 3071 2609
f 3174 2609 2199
f 9235 3174 2198
f 9201 3173 3174
f 2190 2189 1984
f 2196 2195 2767
f 3326 3329 3328
f 2119 2120 1414
f 1464 1463 1466
f 2199 2611 3069
f 2457 2456 2587
f 2226 2225 2562
f 481 478 1627
f 333 1512 235
f 3078 3051 3037
f 3040 2264 2997
f 3351 3352 3262
f 2219 1934 1933
f 2385 2384 2497
f 221 2220 3175
f 2220 1933 3143
f 3175 3143 2976
f 2484 3175 2975
f 2954 3071 3166
f 2630 1858 110
f 1547 319 1952
f 2091 2090 2188
f 9185 9188 2178
f 1918 1919 1927
f 9007 112 111
f 3398 3401 3400
f 955 956 960
f 2037 3014 112
f 3143 2980 2981
f 2218 2211 2214
f 672 9329 9239
f 2152 3013 3014
f 1147 1144 1143
f 2248 2246 1409
f 1615 1636 1635
f 1410 1409 2246
f 3486 3488 3487
f 3468 3469 3502
f 3451 3453 3452
f 1382 3176 3177
f 3177 1410 2247
f 2247 1383 3177
f 3176 2238 2230
f 1410 3177 3179
f 3179 3180 2243
f 1633 3181 2800
f 3816 3818 3817
f 1621 1620 2758
f 3642 3801 3662
f 3422 3421 3260
f 1622 1621 2245
f 2236 1394 3181
f 3793 3796 3795
f 3493 3496 3495
f 2237 2236 3182
f 3513 3516 3515
f 2250 1631 2233
f 3654 3666 3667
f 2912 1629 1628
f 3819 3822 3821
f 3432 3824 3823
f 135 136 1564
f 1567 419 512
f 1085 1084 2653
f 3184 869 868
f 869 3184 3057
f 3389 3388 3387
f 1266 1268 1098
f 1267 2147 722
f 937 1146 2646
f 2146 1049 722
f 2211 2218 921
f 1957 510 507
f 1313 1312 2264
f 1496 362 1493
f 2887 2937 2933
f 1687 1688 1659
f 145 1499 1498
f 3831 3829 3830
f 37 38 418
f 1935 1934 3185
f 104 89 301
f 2101 2098 2083
f 543 298 360
f 1934 2219 3186
f 234 1521 212
f 9297 9273 1822
f 3825 3828 3827
f 1976 1875 1874
f 223 3186 2219
f 9107 9108 9057
f 2165 2164 467
f 467 468 2165
f 773 476 2165
f 3673 3658 3659
f 1935 1212 1728
f 3490 3491 3840
f 3362 3359 3848
f 3862 3865 3864
f 3465 3466 3484
f 3893 3894 3525
f 3352 3351 3430
f 3869 3872 3871
f 3529 3530 3567
f 3420 3417 3922
f 3304 3235 3236
f 3929 3932 3931
f 3324 3326 3327
f 3219 3937 3939
f 3220 3938 3937
f 3450 3375 3376
f 3942 3832 3833
f 3215 3216 3454
f 3946 3332 3215
f 3422 3949 3948
f 3950 3457 3198
f 3205 3206 3957
f 3261 3962 3961
f 3852 3853 3964
f 3214 3211 3946
f 3965 3213 3214
f 3797 3800 3799
f 3988 3991 3990
f 3777 3779 3806
f 3855 3858 3447
f 3737 3799 3800
f 3949 3953 3952
f 3651 3782 3783
f 4001 3784 3787
f 4019 4022 4021
f 4027 4030 4029
f 3258 3259 4030
f 4033 4036 4035
f 3424 3425 4047
f 3242 3243 4058
f 3970 3489 3547
f 3829 3242 4057
f 3333 3332 3947
f 4063 4068 4065
f 4073 4076 4075
f 3568 3456 3443
f 3981 3334 3335
f 3540 3915 3862
f 4078 4079 4031
f 3565 3566 4088
f 3442 3455 4089
f 4092 4095 4094
f 4093 4094 4097
f 3619 3620 3623
f 3660 4098 3821
f 3809 3648 3649
f 3610 3652 3655
f 3656 3622 3623
f 3621 3803 3804
f 3503 3480 3481
f 3436 3439 3438
f 3356 3428 3427
f 3628 3670 3669
f 3734 3811 4002
f 3276 3273 3370
f 3763 4106 4107
f 4006 4007 3754
f 3747 3751 3752
f 3863 3864 4110
f 3994 3891 4003
f 3653 3801 3664
f 3296 4116 4115
f 4117 4120 4119
f 3249 3252 3251
f 4127 4130 4129
f 3478 3575 3903
f 3410 4136 3921
f 3977 4061 4038
f 3216 3452 3453
f 3967 3547 3548
f 4140 4078 4032
f 3509 4086 4149
f 4151 4152 3659
f 4153 4152 3656
f 4153 4154 3646
f 4156 3688 3645
f 4139 4077 4078
f 3743 3744 4163
f 3861 3918 3987
f 3468 4066 4067
f 3306 3981 3980
f 4172 4173 4010
f 4169 4170 3836
f 4187 4190 4189
f 4213 4216 4215
f 4220 4223 4222
f 4225 4226 4211
f 4230 4233 4232
f 4240 4243 4242
f 3606 3609 3608
f 4250 4253 4252
f 4258 4261 4260
f 4077 4080 4079
f 4276 4279 4278
f 4308 4262 4263
f 4017 4018 3872
f 3196 3193 3951
f 4316 4317 4270
f 3870 4306 4307
f 4324 4327 4326
f 4333 4334 4247
f 4338 4341 4340
f 4348 4351 4350
f 4283 4284 4289
f 4356 4359 4358
f 4359 4019 4020
f 4362 4363 4196
f 4320 4364 4279
f 4370 4372 4296
f 4377 4253 4303
f 4231 4232 4201
f 4203 4212 4331
f 4037 4040 4039
f 4371 4265 4386
f 4387 4346 4347
f 3309 3293 3294
f 4099 3723 3724
f 4355 3422 3257
f 3630 3680 3693
f 4277 4278 4302
f 4350 4318 4319
f 4353 4354 4351
f 3637 3634 3639
f 4394 4395 3827
f 3311 3312 4399
f 3755 3708 4005
f 4363 4362 4259
f 3454 3453 3919
f 3446 3447 3459
f 4298 4299 4404
f 3749 3746 3769
f 3791 3741 3756
f 3643 3685 3684
f 3845 3846 3399
f 4313 3257 3258
f 4411 4413 4408
f 3843 4424 4423
f 4214 4215 4329
f 4431 4434 4433
f 3918 3861 3798
f 3927 3928 3388
f 4453 3893 3874
f 4138 4458 4457
f 3346 4460 4459
f 4100 4109 4108
f 3974 3977 3976
f 3665 3655 3652
f 3773 3565 3993
f 3945 3454 3920
f 4144 4463 4462
f 4464 4467 4466
f 3268 4142 4479
f 4484 3921 4136
f 3348 3914 4487
f 3313 3314 3912
f 3803 3621 3617
f 4086 3509 3510
f 4034 3304 3305
f 3403 3404 4171
f 4481 4482 4492
f 4177 4180 4179
f 4398 4170 3923
f 4451 4493 4494
f 4501 4075 4076
f 4509 4510 4506
f 3304 4034 4462
f 4485 4399 3312
f 3419 4488 3349
f 4356 4345 4385
f 4026 4354 4358
f 4354 4353 4357
f 3599 3596 4091
f 4341 4338 4254
f 4251 4252 4524
f 3482 3485 3484
f 3843 3543 3544
f 4295 4341 4274
f 4381 4530 4206
f 4204 4205 4531
f 4533 4536 4535
f 4542 4545 4544
f 4546 4549 4548
f 4573 4574 4547
f 4575 4578 4577
f 4221 4581 4580
f 4587 4590 4589
f 4328 4592 4589
f 4187 4565 4563
f 4595 4583 4593
f 4597 4605 4604
f 4609 4608 4611
f 4620 4623 4622
f 4612 4615 4614
f 4636 4638 4600
f 4649 4651 4650
f 4652 4655 4654
f 4662 4665 4664
f 4666 4669 4668
f 4637 4639 4685
f 4627 4701 4700
f 4684 4686 4636
f 4663 4689 4661
f 4699 4698 4697
f 4647 4648 4703
f 4709 4711 4603
f 4724 4633 4726
f 4742 4745 4744
f 3311 3923 3924
f 4698 4759 4758
f 4749 4765 4609
f 4342 4345 4344
f 4797 4800 4799
f 4490 4048 3974
f 4019 4359 4306
f 4512 3955 4514
f 3991 3988 4508
f 4692 4695 4694
f 4680 4681 4818
f 4821 4822 4824
f 4367 4239 4243
f 4833 4832 4831
f 4837 4744 4757
f 4332 4563 4562
f 4683 4835 4819
f 4845 4843 4850
f 4751 4753 4752
f 4854 4855 4695
f 4858 4719 4718
f 4822 4559 4859
f 4674 4646 4647
f 4771 4774 4773
f 4726 4727 4537
f 4714 4718 4719
f 4633 4634 4688
f 4616 4619 4618
f 4686 4684 4842
f 4869 4707 4708
f 3502 3868 3528
f 4777 4660 4737
f 4734 4732 4779
f 4883 4755 4663
f 4375 4294 4274
f 4290 4343 4335
f 4816 4815 4812
f 4778 4779 4732
f 4158 3710 4160
f 4195 4198 4197
f 3860 3861 4166
f 3758 3759 3763
f 3694 3691 4157
f 4249 4248 4391
f 3467 3470 3469
f 4209 4212 4211
f 4142 3268 4144
f 3615 3614 3617
f 3479 3480 3536
f 4883 4753 4672
f 4802 4801 4642
f 3698 3637 3638
f 4105 3725 3726
f 4848 4645 4896
f 4878 4877 4744
f 4610 4874 4748
f 4036 3403 4489
f 4355 4313 4314
f 4171 4141 4049
f 3875 3452 3216
f 4868 4865 4863
f 4623 4900 4691
f 3629 3626 4155
f 4654 4887 4898
f 4012 4015 4014
f 4902 4903 4866
f 4768 4769 4908
f 4370 4386 4385
f 4888 4860 4914
f 3546 3543 3917
f 4932 4926 4931
f 3625 3622 4151
f 3804 3669 3670
f 3816 4104 4103
f 4911 4898 4887
f 4928 4930 4927
f 4925 4929 4927
f 3655 3665 3666
f 4932 4919 4910
f 4937 4923 4912
f 4939 4938 4942
f 4228 4529 4530
f 4946 4945 4942
f 4938 4922 4923
f 4942 4938 4937
f 4951 4950 4930
f 4955 4951 4928
f 4748 4750 4615
f 4914 4860 4847
f 4824 4859 4584
f 4940 4939 4941
f 4916 4961 4960
f 4909 4907 4891
f 4971 4967 4968
f 4966 4970 4948
f 4962 4952 4953
f 4940 4935 4924
f 4831 4916 4917
f 4935 4936 4925
f 4275 4255 4261
f 4679 4758 4791
f 4016 4309 4373
f 4668 4764 4766
f 4539 4537 4727
f 4929 4925 4936
f 4775 4776 4801
f 4801 4776 4742
f 4732 4734 4611
f 4985 4984 4983
f 4534 4586 4562
f 4847 4644 4645
f 4788 4787 4619
f 4787 4788 4678
f 4657 4606 4605
f 4994 4996 4878
f 5006 5009 5008
f 5001 5003 4973
f 4814 4618 4619
f 5014 4989 4974
f 5003 5002 4972
f 5019 5006 5007
f 5024 5016 5017
f 5036 5037 5035
f 4990 5019 4975
f 5045 5033 5034
f 5048 5049 5034
f 5025 5017 5014
f 5046 5038 5043
f 5051 5052 5055
f 5044 5050 5060
f 5011 4981 5021
f 5013 5069 5068
f 5028 5073 5072
f 5077 5074 5064
f 5065 5080 5079
f 5083 5079 5080
f 5063 5067 5080
f 5054 5055 5071
f 4602 4603 4711
f 5058 5082 5083
f 4982 4983 4792
f 5041 5033 5045
f 3909 3911 3278
f 3471 3474 3473
f 5002 5003 4994
f 5060 5080 5067
f 4892 4861 4862
f 4891 4813 4884
f 4996 4994 5003
f 4997 5015 5005
f 4813 4617 4614
f 4618 4814 4827
f 5089 5090 5093
f 3303 3306 3305
f 5100 5103 5102
f 5107 5110 5109
f 5110 5115 5092
f 4610 4611 4734
f 5112 5103 5100
f 5088 5091 5090
f 5119 5118 5117
f 5092 5115 5096
f 3826 3830 3829
f 5108 5109 5102
f 5100 5130 5087
f 5118 5131 5133
f 3783 3689 3690
f 4444 4447 4446
f 5151 5153 5150
f 4790 4616 4617
f 4332 4182 4190
f 3266 3267 4451
f 3211 3947 3332
f 4741 4796 4760
f 4775 4778 4777
f 4764 4665 4691
f 4489 4171 4048
f 4466 4477 4511
f 4518 3936 3930
f 4786 4787 4791
f 4980 5005 4984
f 5144 5152 5150
f 5159 5146 5148
f 5121 5119 5120
f 5169 5164 5162
f 5016 4978 4979
f 5123 5180 5179
f 5181 5180 5140
f 5175 5185 5184
f 4575 4581 4586
f 4984 4985 4976
f 4596 4599 4598
f 5182 5181 5183
f 4785 4619 4787
f 5137 5124 5122
f 5167 5179 5180
f 4835 4683 4898
f 4687 4727 4726
f 4176 3836 4170
f 4760 4761 4655
f 4681 4680 4649
f 5121 5093 5132
f 5171 5191 5178
f 5174 5178 5191
f 5169 5193 5194
f 4909 5094 5095
f 5105 5104 5112
f 4767 5108 5126
f 5201 5202 5205
f 5219 5218 5217
f 5229 5214 5200
f 5234 5237 5236
f 4069 4072 4071
f 4724 4725 4717
f 5108 4767 4768
f 5103 5195 5126
f 5227 5218 5211
f 5015 4997 4884
f 4997 4998 4892
f 5197 5198 5215
f 5241 5199 5247
f 5013 4975 5019
f 5205 5239 5232
f 4969 4967 4971
f 5239 5205 5249
f 4808 5243 5225
f 5216 5247 5199
f 5253 5245 5242
f 5235 5236 5255
f 5135 5148 5157
f 5264 5260 5267
f 5245 5203 5215
f 5260 5261 5269
f 5264 5266 5274
f 5154 5153 5173
f 5287 5272 5278
f 5256 5301 5300
f 5173 5174 5176
f 4631 4630 4629
f 4781 4784 4783
f 5309 5307 5311
f 5155 5156 5144
f 4826 4828 4827
f 5291 5295 5308
f 5310 5311 5281
f 5311 5307 5308
f 4036 4033 4176
f 4641 4716 4704
f 5220 5224 4804
f 4770 5206 5207
f 5188 5185 5175
f 5180 5123 5129
f 4626 4700 5314
f 4731 4728 5315
f 5222 5213 5210
f 4728 4882 5316
f 5230 5219 5216
f 5297 5296 5240
f 5204 5233 5208
f 5318 4868 4864
f 5273 5272 5287
f 5221 5210 5219
f 4700 4902 5321
f 5313 5314 5328
f 5157 5149 5154
f 5275 5276 5263
f 5324 5322 5318
f 5323 5332 5331
f 5343 5334 5345
f 5306 5310 5286
f 5278 5281 5311
f 4882 4625 5320
f 5109 5110 5114
f 5123 5087 5130
f 5299 5283 5284
f 5240 5198 5199
f 5229 5231 5197
f 5305 5302 5292
f 5233 5228 5225
f 5192 5190 5194
f 5104 5105 4670
f 5146 5159 5160
f 5337 5340 5347
f 5347 5340 5341
f 5353 5346 5335
f 5349 5355 5354
f 5355 5358 5357
f 5358 5355 5360
f 5355 5349 5348
f 5342 5366 5365
f 5345 5346 5362
f 5332 5364 5367
f 5372 5371 5315
f 5370 5365 5366
f 5361 5356 5354
f 5364 5365 5368
f 5369 5344 5362
f 5316 5320 5330
f 5373 5359 5371
f 5341 5342 5364
f 5374 5358 5359
f 5329 5376 5375
f 5377 5380 5379
f 5377 5376 5331
f 5380 5377 5367
f 5363 5383 5370
f 5357 5358 5374
f 5381 5385 5361
f 4814 4815 4825
f 4825 4815 4816
f 4806 4746 4747
f 5119 5121 5131
f 4696 4697 4893
f 4696 5389 5390
f 5213 5222 5388
f 5393 5389 5388
f 5380 5382 5384
f 5213 5387 4893
f 4813 4891 4908
f 5390 5392 4693
f 5294 5289 5287
f 5184 5185 5186
f 5285 5275 5253
f 4769 4789 4790
f 5327 5371 5359
f 4598 4621 4690
f 4608 4606 4733
f 4627 4624 4609
f 4596 4604 4851
f 4900 4623 4706
f 4668 4795 5395
f 4863 4865 4639
f 5392 5393 4666
f 4872 4650 4651
f 4807 4791 4758
f 5348 5338 5325
f 5176 5191 5190
f 5046 5031 5022
f 4853 4852 4869
f 5346 5353 5363
f 4709 4880 4620
f 4672 4673 4904
f 4680 4811 4651
f 4841 4844 4688
f 4823 4817 4818
f 4729 4730 4602
f 4881 4729 4851
f 5360 5348 5326
f 4852 4900 4707
f 4890 4751 4669
f 5392 5390 5389
f 5189 5182 5186
f 4881 4604 4605
f 5343 5344 5369
f 4607 4624 4625
f 5056 5055 5052
f 4850 4797 4798
f 3260 5399 5398
f 4855 4736 4899
f 5339 5343 5366
f 4789 4905 4808
f 5400 4040 3948
f 3872 3424 4046
f 4018 3423 3424
f 4025 4523 4172
f 4011 4023 4024
f 4065 4068 3900
f 3413 4012 4013
f 5056 5068 5069
f 5055 5056 5070
f 4062 5398 5399
f 5269 5289 5294
f 4685 4866 4903
f 5254 5242 5240
f 4606 4657 4658
f 4729 4881 4882
f 4030 4041 4043
f 4664 4752 4753
f 3575 3483 3904
f 3413 3410 3922
f 4949 4968 4955
f 4947 4937 4913
f 4849 4850 4894
f 4143 3974 3975
f 4912 4923 4932
f 3774 3771 3995
f 3956 3954 3342
f 4871 4872 4758
f 4270 4273 4272
f 4039 4040 5400
f 3555 3969 5402
f 5403 5404 3906
f 3908 4126 3823
f 4124 4121 5408
f 3901 3902 4046
f 4120 4117 5410
f 4124 3962 4125
f 5420 3906 5404
f 5424 4059 5425
f 3400 5429 5428
f 5432 5433 5435
f 4941 4942 4945
f 4935 4940 4949
f 3895 3898 3897
f 5426 5408 4121
f 5430 3905 3906
f 4045 4041 5398
f 5395 4693 5392
f 4846 4903 4701
f 4880 4709 4710
f 4624 4607 4608
f 4656 4690 4662
f 5305 5307 5309
f 5220 5223 5222
f 4230 4223 4327
f 5030 5073 5028
f 5213 5212 5211
f 5440 3272 3269
f 4396 4397 3980
f 5447 5448 3244
f 3328 3330 5451
f 4208 4391 4248
f 4599 4620 4621
f 4528 4339 4391
f 4529 4228 4199
f 4526 4338 4339
f 4256 4235 5452
f 4532 5452 4241
f 3834 4400 5446
f 5443 5445 5444
f 4530 4247 4334
f 4754 4886 4904
f 4229 4228 4381
f 4205 4382 4383
f 4892 4998 4987
f 4039 4032 3976
f 4738 4780 4796
f 4833 4835 4897
f 4232 4527 4200
f 4194 4240 4241
f 4889 4794 4750
f 4194 4191 4365
f 4531 4383 4195
f 5043 5042 5062
f 4182 4332 4561
f 5446 5447 3241
f 5237 5239 5248
f 4206 4334 4382
f 5210 5211 5218
f 3426 3922 3417
f 4216 4191 4192
f 4219 4210 4184
f 4180 4561 4380
f 4327 4595 4591
f 4223 4230 4231
f 4215 4192 4360
f 4186 4568 4218
f 4190 4330 4209
f 4223 4220 4595
f 4326 4591 4328
f 4366 4389 4568
f 4570 4548 4549
f 4579 4573 4548
f 4563 5453 4533
f 4583 4595 4220
f 4586 4380 4561
f 4239 4196 4363
f 4572 4571 4567
f 4536 4539 4585
f 4538 5453 4566
f 4536 4533 5453
f 3573 3986 3983
f 5427 3963 3552
f 4553 4587 4588
f 4593 4554 4555
f 4368 4365 4183
f 4361 5452 4235
f 4233 4369 4527
f 4233 4230 4324
f 4212 4209 4330
f 4237 4324 4325
f 4193 4241 5452
f 4983 5015 4885
f 5002 4995 4986
f 5074 5077 5076
f 4698 4699 5391
f 5391 4699 5390
f 4871 4899 4650
f 4546 4857 4543
f 4553 4550 4901
f 4552 4588 4555
f 5223 4804 4805
f 5386 5382 5383
f 5317 5315 5371
f 3240 3237 4429
f 5384 5385 5381
f 3938 3217 3218
f 3942 3943 5455
f 5361 5385 5386
f 4542 4540 4541
f 3910 5430 5420
f 3939 3333 4060
f 3851 5350 5351
f 3838 5427 3556
f 4547 4858 4857
f 5442 5443 4050
f 3385 3874 5428
f 4257 4234 4235
f 5312 5212 4893
f 4212 4203 4204
f 3854 3849 5461
f 4226 4184 4210
f 4202 4177 4178
f 3316 3983 3897
f 5464 5465 4432
f 5465 5466 3883
f 4472 4469 4449
f 4501 4472 4450
f 4074 4075 4080
f 5473 5474 5401
f 4173 4172 5475
f 3432 3429 3520
f 3462 5505 5504
f 4075 4501 4494
f 5482 5481 3387
f 5468 5471 5470
f 3427 5421 5422
f 4498 4499 4487
f 5403 3824 5414
f 3382 5523 5522
f 3492 5512 5511
f 3429 3434 3517
f 3873 5522 5524
f 5480 5479 3350
f 3477 5508 5505
f 4507 4508 5544
f 4396 5550 5551
f 3374 5552 5553
f 3373 5553 5554
f 5479 4521 4063
f 3390 5554 5555
f 5531 5525 5566
f 3368 5568 5567
f 5556 5557 5560
f 3393 5555 5557
f 4433 3364 5463
f 5464 5463 5458
f 4435 4437 4439
f 4055 4393 3277
f 3273 3278 3911
f 3395 3357 3358
f 5486 3894 4071
f 5526 4455 4453
f 5525 5570 5569
f 5568 3526 3527
f 3527 3362 3847
f 3365 5461 3849
f 5462 3849 3850
f 4435 4436 5571
f 3378 3379 3943
f 5573 5578 5577
f 4438 5455 3943
f 5477 5574 5579
f 5582 5581 5580
f 5583 5580 5581
f 5586 5585 5588
f 4074 5472 5586
f 5583 5585 5474
f 4507 5589 5590
f 5573 5478 4522
f 3989 5595 5596
f 5594 3406 3407
f 4436 3381 5572
f 5591 3990 3991
f 4507 4475 4476
f 3990 5591 5587
f 5578 3409 3406
f 5595 3989 5584
f 5484 3394 3358
f 4441 4442 5467
f 5472 4074 4077
f 5522 5599 5570
f 5486 3358 3353
f 5481 4498 3386
f 3475 5506 5492
f 5476 4523 3899
f 5540 5541 5606
f 5542 5540 5603
f 5608 5543 5542
f 5608 5607 5545
f 5607 5603 5609
f 5599 5600 5548
f 5598 5592 5543
f 5595 5594 5593
f 5588 5584 3989
f 5626 3265 3266
f 5627 3266 4448
f 5469 4449 4469
f 4515 4517 5625
f 4503 4473 4474
f 4481 5626 5627
f 4500 5628 5469
f 3414 4468 5466
f 5594 5595 5581
f 3376 3377 4430
f 3444 3944 3941
f 5572 3944 3444
f 4273 4286 4287
f 4345 4356 4357
f 4386 4304 4305
f 4517 4462 4463
f 4352 4349 4319
f 4352 4250 4251
f 4268 4277 4390
f 4264 5629 4320
f 4346 4387 4282
f 4337 4335 4343
f 4289 4244 4245
f 4303 4378 4287
f 4343 4290 4291
f 4284 4333 4244
f 4375 4519 4291
f 4379 4319 4271
f 4337 4353 4348
f 4524 4525 4295
f 4364 4362 4197
f 4285 4282 4390
f 5206 5209 5208
f 4297 5629 4371
f 4346 4283 4286
f 4285 4300 4333
f 3571 3572 4395
f 5341 5340 5339
f 5346 5345 5334
f 5269 5261 5273
f 4510 4509 5609
f 4509 4474 5545
f 4445 4446 5611
f 5566 5569 5568
f 5349 5336 5338
f 5489 5490 3401
f 5565 5566 3368
f 5496 5497 5417
f 5523 3382 3383
f 5325 5338 5347
f 5523 5600 5599
f 5429 3400 3401
f 3887 5632 5631
f 5634 5613 5600
f 5276 5280 5279
f 5298 5297 5257
f 5087 5086 5085
f 3361 3526 5612
f 5041 5061 5066
f 5487 5488 3383
f 5101 5116 5130
f 5299 5298 5300
f 5333 5336 5335
f 5302 5305 5304
f 5234 5247 5216
f 5301 5256 5255
f 4868 5318 5322
f 5281 5278 5277
f 5323 5321 5322
f 5298 5284 5296
f 4885 4829 4750
f 5231 5230 5196
f 4625 4626 5313
f 5111 5113 5085
f 5600 5613 5549
f 5531 5564 5563
f 5165 5166 5182
f 5283 5280 5285
f 4269 4276 4277
f 5610 5609 5603
f 5127 5090 5091
f 4907 5095 5125
f 5277 5278 5272
f 5596 5593 5592
f 5212 5312 5226
f 5273 5261 5262
f 5302 5301 5258
f 5635 5646 5645
f 4250 4352 4379
f 4485 4136 3405
f 4354 4026 4023
f 4265 4262 4304
f 4388 4390 4282
f 4345 4342 4384
f 4362 4364 4297
f 4836 4765 4612
f 4360 4361 4236
f 4369 4233 4237
f 5647 5636 3986
f 5650 3965 3192
f 5337 5338 5336
f 4467 4478 4477
f 4253 4377 4340
f 4429 3416 5457
f 3997 4133 3915
f 5535 3856 3839
f 5538 5541 4460
f 3439 3376 5571
f 5570 5525 5526
f 3438 5571 5572
f 4440 4468 3879
f 3440 5665 4407
f 3886 5685 5695
f 5534 5529 5396
f 5685 3886 3471
f 4278 4198 4301
f 5628 4448 4449
f 3579 3537 3538
f 4480 5627 5628
f 4402 5499 5517
f 4279 4197 4198
f 3603 3534 3532
f 3580 3594 4088
f 4095 3530 3531
f 5248 5249 5251
f 3778 3819 3999
f 4617 4618 4613
f 4375 4275 4372
f 3411 3405 4136
f 5094 5106 5111
f 3602 3532 3535
f 4023 4011 4350
f 4349 4352 4336
f 3605 3535 3536
f 4469 4472 4471
f 4094 3531 3593
f 4248 4249 4245
f 3519 5521 5518
f 5254 5296 5284
f 4852 4853 4795
f 4265 4371 5629
f 5632 5499 5503
f 3604 3611 3612
f 5549 5501 5502
f 3653 3606 3607
f 4780 4738 4873
f 4988 4989 4979
f 4491 5625 5626
f 4837 4904 4995
f 4615 4612 4765
f 5468 4469 4470
f 3514 3470 3467
f 5491 5680 4409
f 4093 3618 3619
f 4364 4320 5629
f 3488 5510 5509
f 5606 5539 5611
f 4210 4219 4189
f 4600 4603 4602
f 5242 5215 5198
f 5073 5074 5075
f 5651 5657 3940
f 3996 3541 3775
f 5200 5203 5202
f 5525 5531 5527
f 3364 4433 4434
f 3775 3541 3542
f 3941 3833 5485
f 3731 3706 4105
f 4997 5000 4999
f 4508 5598 5608
f 4101 4099 3818
f 3728 4109 4103
f 4591 4593 4592
f 4539 4536 4538
f 4550 4553 4552
f 4541 4566 4567
f 4389 4579 4570
f 4582 4583 4580
f 4976 4979 4978
f 4705 4708 4707
f 4797 4850 4843
f 3713 3729 3730
f 4675 4647 4702
f 4977 4978 4981
f 4810 4818 4817
f 4786 4811 4812
f 4715 4631 4628
f 4978 5016 5021
f 5010 5009 5006
f 3722 3743 4162
f 4558 4557 4560
f 4568 4570 4569
f 4584 4578 4535
f 4641 4631 4715
f 5026 5014 5012
f 4776 4777 4745
f 4714 4628 4712
f 4982 4996 5001
f 4576 4577 4560
f 4564 4567 4566
f 5069 5013 5018
f 5057 5052 5048
f 4810 4812 4811
f 3710 4158 3786
f 4991 4992 4999
f 5011 5009 5010
f 5008 5020 5022
f 5066 5067 5063
f 5047 5037 5024
f 5050 5049 5051
f 5023 5021 5016
f 5045 5044 5059
f 5047 5025 5026
f 3711 3712 3724
f 5048 5035 5037
f 5042 5040 5063
f 5058 5053 5051
f 5036 5038 5046
f 3715 3699 3700
f 5235 5256 5257
f 3732 3729 3704
f 5030 5031 5062
f 5020 5021 5023
f 5263 5262 5261
f 5049 5050 5044
f 5236 5248 5250
f 5031 5030 5027
f 5043 5038 5039
f 5320 5313 5329
f 5049 5048 5052
f 5326 5319 5317
f 3264 3261 3288
f 5264 5265 5263
f 4998 4999 4992
f 5009 5011 5020
f 5036 5032 5039
f 5032 5035 5034
f 4355 4317 3949
f 4269 4266 4374
f 4253 4250 4378
f 4525 4524 4252
f 3960 4112 4111
f 4372 4275 4258
f 5681 5672 5673
f 4378 4379 4272
f 4270 4347 4346
f 3244 5448 5644
f 4899 4703 4648
f 3734 3732 3702
f 4138 3346 3343
f 4192 4193 4361
f 3813 4001 3812
f 3817 3695 3696
f 5668 5683 5682
f 5690 5691 5687
f 5499 5632 5700
f 3999 3819 3820
f 3745 3742 4102
f 5684 3471 3472
f 5702 3859 3860
f 5712 5713 5693
f 3249 3277 4393
f 5695 5683 5715
f 5694 5715 5716
f 5719 3972 5601
f 4918 4919 4950
f 4774 4742 4743
f 5505 4415 4411
f 3583 3584 3585
f 3710 3687 4157
f 5513 5725 4417
f 5704 3563 4146
f 4141 4045 4062
f 5669 5689 5688
f 3898 3895 5653
f 5718 3973 3972
f 5684 5687 5686
f 3917 4131 5717
f 3463 5666 5662
f 5492 5506 5680
f 4931 4930 4950
f 5665 3440 3441
f 3788 3717 3740
f 3501 3502 3529
f 3569 3570 3477
f 5516 5728 5727
f 3564 3567 3566
f 3892 5405 5406
f 3962 4124 5407
f 4126 3908 4123
f 4116 3296 3287
f 3892 3887 5630
f 3824 3432 5413
f 4408 4409 5680
f 3969 3966 3978
f 4408 4413 3449
f 4414 3448 3449
f 3962 3261 3262
f 4425 5724 5616
f 4418 5725 5727
f 5716 5597 5575
f 5719 5720 5717
f 5698 5498 5692
f 3880 5621 4166
f 5652 3212 5520
f 5621 5623 4167
f 5679 4409 4410
f 3210 3209 3355
f 5622 5534 5451
f 5416 5417 5497
f 5729 5732 5731
f 5733 5734 3761
f 5735 5738 5737
f 5750 5752 5751
f 5744 5745 5740
f 5744 3770 3753
f 5753 5754 5730
f 5757 5758 5736
f 5731 5752 5765
f 5774 5777 5776
f 5790 5793 5792
f 5796 5786 5787
f 5817 5814 5819
f 5828 5831 5830
f 3725 4105 3751
f 4874 4734 4873
f 4700 4701 4903
f 4740 4820 4876
f 3199 3202 3201
f 4100 4102 4099
f 3749 3767 4108
f 3695 3817 3712
f 3378 3381 3380
f 5504 4411 4412
f 4405 4402 5518
f 5838 5839 5835
f 4705 4632 4712
f 5832 5831 5828
f 5697 5677 5678
f 3791 4006 4005
f 5848 5791 5794
f 3714 3700 3701
f 3995 4148 4042
f 3329 3326 3224
f 4005 3708 3705
f 4551 4762 4763
f 5855 5798 5808
f 5851 5795 5792
f 5803 5801 5858
f 5844 5843 5840
f 5762 5759 5743
f 5808 5809 5806
f 4012 3413 3426
f 5558 3513 3467
f 4550 4763 4720
f 4950 4951 4953
f 3885 3886 5694
f 5705 5706 4081
f 5508 4417 4415
f 3745 3759 3760
f 5507 4412 5680
f 3592 3536 3588
f 3895 5434 5658
f 5613 5500 5501
f 3834 3830 4393
f 5527 4454 4455
f 5775 5806 5809
f 5766 5767 5813
f 5858 5811 5812
f 5855 5815 5811
f 5863 5820 5819
f 5826 5859 5863
f 5862 5866 5833
f 5870 5871 5837
f 5782 5783 5831
f 5868 5838 5836
f 5778 5779 5843
f 5866 5870 5845
f 5785 5864 5867
f 5790 5788 5789
f 5796 5797 5794
f 5821 5818 5819
f 5657 5651 5620
f 5793 5849 5852
f 5855 5858 5801
f 5853 5847 5786
f 5804 5805 5802
f 5827 5867 5864
f 5767 5768 5821
f 5854 5857 5776
f 5860 5817 5818
f 5782 5832 5825
f 5781 5778 5844
f 5810 5811 5815
f 5867 5827 5830
f 5809 5808 5798
f 5828 5829 5863
f 5865 5841 5838
f 5801 5803 5802
f 4086 5707 3795
f 5779 5780 5842
f 5827 5826 5829
f 5839 5872 5869
f 5814 5815 5855
f 5711 4132 3859
f 4958 4957 4917
f 5861 5818 5821
f 5863 5859 5812
f 5865 5868 5823
f 5873 5836 5837
f 5872 5839 5842
f 4089 3455 3563
f 3812 3787 3785
f 5770 5771 5787
f 5789 5786 5847
f 5793 5789 5846
f 4145 4147 4146
f 5848 5773 5790
f 3953 4008 4009
f 5748 5875 5874
f 4624 4627 4626
f 4665 4764 4752
f 4775 4780 4779
f 4746 4670 4671
f 4637 4600 4601
f 4828 4612 4613
f 4704 4763 4762
f 4843 4845 4727
f 4543 4717 4725
f 4731 4864 4863
f 4723 4594 4558
f 4842 4846 4840
f 4717 4543 4857
f 4865 4868 4867
f 5841 5865 5866
f 4725 4726 4540
f 4798 4799 4816
f 4632 4635 4634
f 4720 4716 4715
f 4642 4645 4644
f 3754 4007 5874
f 4860 4761 4644
f 4674 4723 4722
f 4808 4809 4676
f 4721 4722 4822
f 5876 5878 5877
f 4836 4838 4840
f 4658 4661 4660
f 4826 4799 4800
f 4877 4782 4743
f 4948 4970 4971
f 4875 4739 4876
f 4954 4933 4934
f 5773 5770 5788
f 5825 5832 5833
f 5834 5837 5836
f 5834 5844 5845
f 3359 3362 3361
f 5732 5729 3756
f 3394 3397 3396
f 3766 3769 5741
f 5774 5809 5799
f 5805 5776 5857
f 5813 5821 5820
f 3969 3555 3964
f 5667 5668 5674
f 5729 5747 3792
f 3770 5744 5741
f 4741 4740 4739
f 4689 4737 4660
f 5772 5797 5787
f 5735 5733 3758
f 5850 5772 5773
f 5617 5528 3965
f 5799 5800 5854
f 5875 5748 5764
f 5840 5843 5842
f 5861 5768 5769
f 5807 5804 5853
f 5869 5781 5834
f 3765 3768 5739
f 5882 5884 5761
f 5881 5879 5887
f 5895 5896 5898
f 5907 5905 5906
f 5909 5907 5908
f 4234 4257 4526
f 3912 3927 3389
f 5934 8731 8730
f 8730 8731 5930
f 4920 4923 4922
f 8845 8847 8853
f 4141 4171 3404
f 3733 3705 3706
f 8849 8847 8848
f 4234 4237 4236
f 8863 8858 5919
f 3733 4002 4004
f 5908 5906 8859
f 8865 8866 8871
f 8859 8858 8863
f 5927 5924 5925
f 5911 5903 5904
f 8878 8871 8866
f 5635 5638 5637
f 5745 5744 5746
f 3552 3555 3554
f 8857 8889 8890
f 5924 5927 8860
f 3553 3557 3556
f 5919 5920 8861
f 8869 8865 8870
f 8873 8871 8878
f 8856 8857 8875
f 8862 8861 5889
f 8846 8845 8844
f 8864 8863 8866
f 8729 8730 8883
f 8848 8846 8887
f 8878 8879 5888
f 8896 8854 8855
f 8853 8854 8896
f 8841 8842 5882
f 3489 3492 3491
f 8867 8859 8864
f 5910 5908 8867
f 5914 5910 8898
f 5916 5914 8899
f 5889 8861 8860
f 8876 8878 8893
f 5918 5916 8900
f 4424 5722 5726
f 8904 8903 8900
f 8909 8908 8904
f 8908 8907 8903
f 8869 8909 8905
f 3632 3668 3667
f 3687 3690 3689
f 3636 3682 3681
f 3664 3641 3639
f 4304 4307 4306
f 8909 8869 8891
f 3681 3696 3695
f 3758 3761 3760
f 3684 3701 3700
f 3721 3724 3723
f 3941 3944 3943
f 3738 3741 3740
f 3687 3710 3709
f 3238 3239 3938
f 4249 4303 4288
f 4499 4498 3344
f 4240 4194 4368
f 3453 3451 3951
f 4401 3971 3547
f 3950 3951 3451
f 3702 3704 3701
f 3725 3728 3727
f 3194 3207 3208
f 4034 4035 4461
f 3914 3348 3913
f 3483 3575 3533
f 3191 3958 3957
f 4292 3489 3970
f 3909 3910 3428
f 3959 3960 3866
f 4017 4308 4309
f 4316 4318 4008
f 4448 4451 4450
f 4414 4415 4417
f 3435 3430 3351
f 4413 4411 4415
f 3899 3902 3901
f 3780 3781 3648
f 3474 3471 3886
f 3958 3191 3192
f 3221 3223 3935
f 3905 3908 3907
f 3913 4488 4486
f 4420 4422 4421
f 3881 3884 3883
f 4004 3788 3790
f 4271 4319 4318
f 4259 4297 4296
f 3501 4003 4066
f 5897 5898 5900
f 5901 5902 5904
f 8854 8849 8856
f 3789 3785 3786
f 3651 3648 3781
f 5924 5899 5901
f 8870 8871 8873
f 8876 8877 8874
f 5912 5917 5918
f 3805 3918 3799
f 3369 3370 3395
f 3923 3926 3925
f 3916 3917 3512
f 3641 3664 3801
f 4276 4269 4323
f 4181 4229 4331
f 4428 4430 3377
f 3495 4425 4321
f 4436 4435 3380
f 4430 4428 4437
f 3945 3957 3958
f 4065 3901 4047
f 4495 4497 3408
f 8913 8912 8915
f 8911 8910 8917
f 8889 8922 8923
f 8919 8935 8931
f 8884 8914 8918
f 8922 8921 8931
f 5852 5907 5909
f 5866 5862 5915
f 8926 8918 8914
f 8914 8884 8883
f 8886 8919 8921
f 5846 5847 5894
f 5873 5902 5900
f 8893 5888 5764
f 8894 8893 5754
f 5890 8860 5927
f 5885 8896 5755
f 5871 5904 5902
f 5763 8936 5883
f 5880 5890 8936
f 4175 4176 4398
f 4274 4254 4255
f 8883 8730 5931
f 8868 8905 8898
f 3289 4059 3247
f 3858 3855 5485
f 8850 8848 8886
f 4116 4120 5409
f 3889 5406 4127
f 3678 3679 8938
f 8857 8850 8888
f 3979 3551 3294
f 4126 3352 3431
f 3651 4000 3679
f 3460 3858 5921
f 4084 3309 3310
f 8905 8904 8899
f 3561 3327 5397
f 3213 3965 5528
f 4191 4194 4193
f 5449 5450 5532
f 4142 3975 4031
f 4060 3947 5652
f 4480 4483 4482
f 5519 5520 3212
f 5657 5451 3330
f 4473 4476 4475
f 3514 3515 5668
f 5663 5670 5669
f 8881 5929 5926
f 5734 5733 5749
f 4788 4789 4677
f 3997 3996 3538
f 3551 3486 3310
f 3577 3578 3998
f 4893 4697 4676
f 4753 4751 4671
f 8729 8884 8885
f 3813 3703 9021
f 8938 4001 3813
f 8882 5931 5929
f 4098 5701 3820
f 3399 5405 5416
f 5494 5495 5503
f 5880 5877 5878
f 4986 4673 4861
f 4999 5000 5004
f 4985 5001 4988
f 5816 5769 5766
f 4372 4370 4384
f 5688 5691 5692
f 8903 8902 8901
f 8879 8862 5887
f 8902 8881 8880
f 5919 5893 5895
f 4519 4384 4342
f 8847 8849 8854
f 5925 5901 5903
f 4021 3899 4523
f 5678 5677 5676
f 4424 3843 4085
f 5701 3576 3577
f 5928 5925 5926
f 5000 5005 4980
f 9022 4147 3545
f 9024 9025 5409
f 4008 4011 4010
f 3931 3234 4516
f 3822 3806 3807
f 8851 8852 8844
f 5728 5516 5509
f 9025 9023 4115
f 5209 5200 5201
f 4820 4740 4653
f 3988 5596 5598
f 3370 3911 3357
f 5639 5642 5641
f 5592 4511 4477
f 3378 3944 5572
f 5625 4463 3265
f 5594 5582 5577
f 3302 5649 5645
f 3274 3277 3278
f 5207 5208 5233
f 5071 5070 5072
f 4815 4814 4785
f 4796 4802 4643
f 3243 3244 5643
f 5301 5302 5303
f 5431 3562 5655
f 5251 5249 5244
f 3353 3427 3523
f 4174 3404 3405
f 3546 4114 4113
f 4002 3789 3788
f 4196 4239 4238
f 3232 5646 5647
f 4373 4374 4266
f 4867 5322 5321
f 5648 4054 4058
f 4455 4070 3893
f 5593 3407 4511
f 5275 5265 5252
f 5252 5265 5274
f 4092 3619 3624
f 3723 3742 3743
f 4780 4775 4802
f 4059 3289 3560
f 4317 4355 4347
f 5188 5190 5192
f 5570 5599 5612
f 3385 5429 5633
f 3526 5568 5569
f 3576 5701 3608
f 3581 3542 3594
f 5239 5237 5238
f 5081 5079 5083
f 4369 4526 4528
f 4325 4326 4329
f 3569 3285 3286
f 9022 9026 4112
f 3661 3662 3801
f 5074 5073 5030
f 5064 5062 5063
f 3563 3497 3498
f 3961 5407 4119
f 4854 4853 4870
f 5018 5007 5028
f 5007 5008 5027
f 5040 5042 5039
f 3240 3375 3875
f 5070 5069 5029
f 3504 3481 3866
f 3537 3579 3591
f 5033 5041 5039
f 4710 4638 4635
f 5017 4979 4989
f 5024 5037 5046
f 4991 5006 5019
f 4587 4553 4574
f 4996 4982 4793
f 5066 5061 5059
f 5221 5230 5231
f 5068 5056 5057
f 3675 3676 3643
f 3663 3674 3675
f 4722 4558 4559
f 3579 3576 3590
f 3686 3676 3677
f 4422 4420 3499
f 5142 5141 5138
f 5078 5071 5075
f 3609 3589 3590
f 3288 3961 5411
f 5424 9024 5410
f 5152 5144 5156
f 3960 5704 5709
f 4946 4956 4957
f 3867 3903 5705
f 9026 9022 4113
f 5192 5193 5189
f 5161 5164 5194
f 3637 3698 3682
f 4392 5461 3847
f 3796 4114 4149
f 4104 3716 3727
f 3594 3595 3993
f 3796 3793 4134
f 3687 3688 4156
f 3760 3761 4164
f 4464 3344 3345
f 3485 3528 3868
f 3846 3845 5423
f 3409 4520 4496
f 3767 3768 3765
f 3711 3721 4159
f 3797 4132 4087
f 4072 4069 5562
f 4502 4076 5590
f 5408 5426 9027
f 5683 5695 5714
f 5702 3772 4110
f 5623 4042 4148
f 5428 3874 3525
f 3668 3803 3802
f 4000 4001 8938
f 4221 4222 4179
f 4267 4268 4388
f 3721 3722 4161
f 3903 5659 5706
f 3583 3580 4090
f 3894 5486 3524
f 4635 4638 4636
f 4173 5401 4009
f 4890 4666 5393
f 5290 5291 5293
f 5339 5340 5337
f 5458 5459 4438
f 3251 5419 5430
f 3252 5418 5419
f 3428 5420 5421
f 3571 5426 5418
f 4583 4582 4554
f 4239 4367 4224
f 3322 3898 5450
f 5309 5310 5306
f 4109 3728 3748
f 5707 3865 3794
f 5139 5184 5183
f 5271 5270 5290
f 5280 5283 5282
f 5110 5107 5125
f 5319 4864 4731
f 5334 5343 5339
f 5423 3522 3523
f 5376 5377 5378
f 4721 4681 4646
f 3719 4158 4159
f 4853 4854 4692
f 5373 5372 5330
f 4428 5457 5456
f 5376 5329 5328
f 3337 3367 4434
f 4692 4693 5395
f 5475 4172 4523
f 5478 3900 4068
f 5421 5404 4129
f 5374 5373 5375
f 5283 5299 5306
f 5246 5247 5234
f 5154 5149 5150
f 4458 5562 5561
f 5163 5159 5158
f 5381 5374 5378
f 3397 3394 5484
f 4457 5561 5563
f 5147 5143 5150
f 4474 4475 5544
f 5325 5318 5319
f 5223 5394 5388
f 5517 5700 3521
f 4499 5480 3347
f 5404 5403 4128
f 3476 5507 5506
f 4084 5516 5515
f 3900 5478 5477
f 5536 5564 5547
f 5491 5498 5493
f 5474 5472 4139
f 4063 4521 4522
f 4459 4460 5541
f 5548 5549 3360
f 5444 5445 5550
f 3888 3889 5415
f 5546 5547 3339
f 5536 5539 5538
f 3570 5513 5508
f 4471 4502 5589
f 4280 3848 3359
f 5499 4402 4403
f 5189 5193 5169
f 5543 4477 4478
f 4051 5551 5552
f 3461 5504 5507
f 4629 4630 4870
f 5106 5094 4909
f 5286 5281 5279
f 5462 5463 3364
f 3491 5511 5514
f 5224 5220 5231
f 4478 4459 5540
f 4099 4102 3742
f 4803 4806 4805
f 4130 5423 5422
f 4470 4471 4476
f 4924 4925 4921
f 4920 4921 4927
f 4993 4986 4987
f 4887 4888 4913
f 3894 3893 4070
f 5472 5474 5585
f 3508 4135 4134
f 3603 3600 4096
f 3772 3773 3992
f 5712 5664 5671
f 3739 3718 4162
f 5683 5668 3515
f 5480 4465 4495
f 5698 5699 5493
f 3578 3538 3996
f 3645 3646 4154
f 5660 3904 3466
f 4135 9026 5710
f 5587 5591 4073
f 5687 5689 5693
f 3584 3583 4091
f 5585 5583 5584
f 4128 5414 5415
f 4257 4254 4338
f 4222 4231 4178
f 4366 4365 4191
f 5098 5099 5091
f 5761 5757 5737
f 5760 5737 5738
f 8852 8842 5934
f 8874 8877 8855
f 8895 8897 8855
f 5884 5882 8842
f 4557 4554 4582
f 8890 8923 8917
f 8918 8926 8930
f 8924 8926 8915
f 4182 4181 4330
f 3864 5708 5711
f 3574 3317 3230
f 3342 3954 3415
f 3488 3486 3549
f 4317 4316 3953
f 3672 3659 4152
f 5708 3864 3865
f 9021 3703 3685
f 3621 3618 3616
f 5728 4422 4419
f 4311 4027 4028
f 4131 3917 3543
f 4426 3496 3842
f 4518 3956 4168
f 5457 5465 5464
f 5425 3560 3558
f 5458 4439 4437
f 3416 3414 5465
f 5638 9028 5437
f 3985 3986 5636
f 5646 5635 5636
f 9023 9025 3554
f 5722 5510 5514
f 3256 3933 3934
f 4164 3761 5734
f 8885 8918 8920
f 3282 3932 3929
f 3292 4394 3320
f 3232 3229 3300
f 3303 3236 3271
f 3562 5431 5432
f 3392 3387 3388
f 3854 5922 5350
f 5463 5462 5459
f 5935 3474 3885
f 3879 3415 3954
f 3928 3372 3391
f 4137 5559 4458
f 5454 5455 3850
f 3548 3490 3549
f 4443 4500 5470
f 4452 4505 4506
f 4468 3414 3415
f 4443 4440 3876
f 3234 3235 4515
f 5434 3895 3896
f 5448 5440 5441
f 5447 5446 5443
f 4442 5470 5471
f 5550 4056 3275
f 5578 5573 4520
f 3464 5667 5666
f 4701 4627 4839
f 3259 5398 4041
f 4015 4012 3423
f 3558 3323 3982
f 4856 4894 4823
f 4741 4652 4653
f 3759 3745 4106
f 3560 3289 3290
f 9024 5424 3557
f 5438 3279 3280
f 3321 3283 3290
f 5557 5483 4072
f 5553 3369 3396
f 4045 4141 4174
f 4539 4845 4849
f 3536 3480 3503
f 5478 5573 5574
f 3800 3797 3510
f 4755 4883 4886
f 5561 4454 5527
f 5752 5731 5732
f 5752 5750 5756
f 3518 5492 5493
f 3767 3762 4107
f 3534 3603 4097
f 4395 3572 3826
f 3926 4052 3371
f 4446 4510 5610
f 4050 5444 3980
f 8887 8846 8843
f 5649 5639 5640
f 4643 4644 4761
f 3709 3787 3784
f 4778 4659 4660
f 5649 3302 4054
f 5646 3232 3301
f 3250 3251 3910
f 5884 5886 5757
f 5655 5656 5936
f 4224 4227 4226
f 4043 4044 3412
f 4286 4289 4288
f 4267 4311 4310
f 4493 4079 4080
f 3325 5432 3226
f 3925 3371 3372
f 4312 4315 4314
f 3996 3997 3540
f 8908 8911 8912
f 4023 4026 4025
f 3995 3890 3891
f 5482 5556 5559
f 4486 3420 3921
f 4300 4285 4302
f 5438 5642 5644
f 3233 3932 3282
f 3225 3228 3227
f 5446 4400 5445
f 5554 3396 3397
f 4834 4833 4830
f 4064 3349 3350
f 3596 3599 3598
f 5639 5649 5648
f 5434 5431 5654
f 4895 4896 4830
f 3674 3677 3676
f 3551 3979 3978
f 3835 3836 3305
f 3813 3810 3702
f 3691 3711 4160
f 4109 4100 4101
f 4565 4187 4188
f 3490 3548 3547
f 3672 3646 3647
f 8906 8907 8912
f 3810 3812 3811
f 4051 4052 4397
f 3566 3599 4090
f 5580 5475 5476
f 4456 4457 5537
f 5539 5536 5546
f 8844 5934 8729
f 8872 8873 8874
f 4383 4301 4198
f 4931 4926 4927
f 5529 5530 5397
f 5314 5321 5323
f 5347 5332 5323
f 4711 4709 4599
f 5387 5388 5389
f 5259 5290 5292
f 5195 4806 4803
f 5195 5104 4746
f 4639 4865 4866
f 4821 4818 4681
f 3421 4037 5399
f 4730 4863 4601
f 4807 4651 4811
f 4040 4037 3421
f 4844 4841 4800
f 3936 3933 3929
f 4894 4798 4817
f 5365 5370 5383
f 4657 4656 4661
f 5224 5206 4770
f 5368 5383 5382
f 5336 5349 5352
f 5353 5356 5386
f 4070 4455 4454
f 5396 5397 3327
f 5225 5226 5312
f 5384 5382 5386
f 5391 4694 4695
f 4407 4410 4409
f 4623 4620 4880
f 5356 5353 5352
f 4578 4584 4859
f 3239 3875 3217
f 3937 3218 3333
f 4578 4575 4534
f 5467 5471 4505
f 4836 4828 4826
f 4422 5728 5721
f 3392 3393 5556
f 5564 5531 5565
f 3807 3808 3663
f 5922 3854 4392
f 3680 3695 3692
f 3630 3633 3632
f 4416 4417 5725
f 4033 3305 3836
f 3238 3220 4168
f 3466 3904 3483
f 3678 3677 3650
f 3677 3674 3649
f 3340 3337 4431
f 3562 3561 5656
f 5658 5654 5938
f 3642 3643 3640
f 3306 3303 3334
f 3256 3253 3280
f 8910 8891 8892
f 5868 5900 5898
f 8924 8923 8922
f 8935 8930 8925
f 8882 8906 8913
f 8925 8930 8926
f 5852 5849 5905
f 5136 5128 5124
f 4243 4363 4260
f 5238 5227 5228
f 5642 5639 5643
f 3924 3925 3928
f 5412 3521 5700
f 3750 3752 3751
f 3746 3752 3770
f 3859 3798 3861
f 3972 3973 3493
f 5923 8860 8861
f 4945 4946 4958
f 3296 3293 3286
f 3824 5403 3907
f 3671 3629 4154
f 4137 3343 5481
f 3614 3654 3802
f 3283 3284 3559
f 4936 4935 4934
f 5511 5723 5726
f 4170 4169 3926
f 3572 4393 3830
f 3459 3447 3858
f 3496 4426 4425
f 3457 3950 3436
f 3984 3983 3986
f 3914 3389 3386
f 5512 5724 5723
f 4500 4443 4483
f 4501 4502 4471
f 4503 4506 4505
f 4143 4144 4461
f 3331 3329 3222
f 4016 4015 4018
f 3998 3775 3776
f 4114 3796 5710
f 4405 5678 4406
f 5602 5604 5720
f 4767 4803 4804
f 4929 4933 4954
f 4410 4407 5665
f 3888 5700 5632
f 4048 4049 3977
f 3947 3211 3212
f 5676 5677 3472
f 5782 5785 5784
f 4315 4312 4311
f 5699 5518 5521
f 5864 5785 5825
f 5826 5827 5822
f 5775 5776 5805
f 3236 3233 3270
f 5823 5868 5859
f 4957 4848 4895
f 8868 8864 8865
f 4281 4392 3848
f 4940 4943 4971
f 4013 4014 4029
f 3685 3703 3701
f 4339 4340 4377
f 8891 8870 8872
f 3753 3750 3755
f 4427 4168 3220
f 3809 3806 3779
f 3568 4416 4418
f 3880 3987 3918
f 3543 3843 3842
f 4646 4649 4648
f 4656 4657 4597
f 4781 4876 4820
f 4972 4975 4974
f 5101 5102 5109
f 5095 5096 5115
f 5090 5127 5132
f 5131 5132 5134
f 5134 5132 5127
f 5117 5139 5140
f 3539 3862 3863
f 4006 3791 3792
f 5128 5091 5099
f 5097 5088 5089
f 5274 5266 5271
f 4571 4572 4569
f 4225 4531 4238
f 5156 5155 5170
f 4538 4541 4540
f 4622 4691 4665
f 4981 5011 5004
f 5012 4974 4975
f 5148 5147 5149
f 5157 5142 5133
f 5161 5155 5145
f 4261 4532 4242
f 5294 5295 5291
f 4255 4256 4532
f 5274 5259 5250
f 4246 4529 4207
f 3314 3924 3927
f 4670 4673 4672
f 4995 4904 4673
f 4638 4710 4603
f 4341 4295 4525
f 5163 5166 5165
f 4834 4783 4784
f 4784 4820 4682
f 4844 4843 4687
f 5280 5276 5275
f 4217 4572 4564
f 4554 4557 4556
f 4551 4552 4556
f 4549 4546 4544
f 5141 5142 5173
f 4653 4654 4683
f 4973 4974 4989
f 4984 5005 5015
f 5177 5172 5170
f 5166 5167 5181
f 5141 5184 5139
f 5178 5174 5151
f 5244 5202 5203
f 5252 5244 5245
f 4479 4031 4079
f 4402 4405 4404
f 3500 4418 4419
f 5856 5851 5909
f 4488 3913 3348
f 8851 8853 5885
f 3607 3608 5701
f 3508 3505 3503
f 5847 5858 5896
f 4374 4373 4309
f 3380 4439 4438
f 9025 9024 3553
f 5718 5717 4131
f 3300 3229 3283
f 5551 3275 3276
f 5552 3276 3369
f 5555 3397 5483
f 5859 5898 5896
f 4133 3793 3794
f 3606 3653 3652
f 4900 4852 4766
f 4616 4790 4789
f 3738 4165 4164
f 4774 4771 4642
f 4399 4485 3402
f 5853 5796 5795
f 3936 4518 4427
f 3418 3419 4064
f 5510 3488 3840
f 3270 3282 3279
f 3274 3275 4056
f 4359 4356 4305
f 4135 3508 3504
f 3610 3611 3609
f 3837 3556 3557
f 5940 3971 4401
f 5853 5804 5803
f 5725 5513 5515
f 3246 5410 4117
f 5713 5712 5672
f 4918 4961 4916
f 4148 3995 3771
f 5106 5105 5113
f 4147 9022 5709
f 5152 5172 5177
f 9026 4135 4111
f 5104 5195 5103
f 3531 3528 3485
f 3713 3716 3715
f 3699 3715 3815
f 4467 3345 4459
f 4703 4899 4736
f 5405 3399 3846
f 3555 3552 3963
f 4120 4116 5411
f 4217 4219 4185
f 3279 5438 5441
f 4944 4945 4959
f 4353 4337 4344
f 3815 3715 3716
f 3374 3371 4052
f 4491 4492 4516
f 5865 5824 5833
f 5819 5814 5856
f 5807 5851 5856
f 3933 3256 3281
f 3208 3205 3920
f 8907 8906 8902
f 5288 5308 5295
f 3728 3725 3747
f 3309 4084 4083
f 5119 5116 5101
f 3811 3785 3789
f 3595 3863 3992
f 4106 4102 4100
f 5696 5575 5576
f 3708 3755 3750
f 3744 3760 4165
f 5905 5891 5892
f 3403 4036 4175
f 4133 3997 3506
f 4147 4145 3544
f 3561 3562 3325
f 3237 3240 3239
f 4877 4878 4793
f 3241 3244 3243
f 3597 3624 3625
f 3279 3282 3281
f 3371 3374 3373
f 3599 3566 3567
f 3975 3976 4032
f 3277 3249 3250
f 3774 3564 3565
f 3658 3673 3780
f 4961 4962 4963
f 3600 3615 3616
f 4228 4229 4202
f 4011 4008 4318
f 4307 4304 4262
f 4838 4800 4841
f 4782 4783 4773
f 4914 4956 4946
f 4839 4609 4765
f 4771 4896 4645
f 4962 4965 4964
f 4966 4959 4963
f 3601 3612 3615
f 5878 5875 5879
f 5890 5880 5881
f 3720 3786 4158
f 4755 4756 4689
f 3740 3717 3718
f 5695 5685 5686
f 5740 5743 5742
f 5733 5735 5736
f 5755 5756 5750
f 5745 5763 5762
f 5798 5801 5800
f 4706 4880 4879
f 5651 5652 5619
f 5850 5794 5797
f 5804 5807 5806
f 4087 5708 5707
f 5915 5913 5914
f 5703 3860 4167
f 5893 5894 5896
f 5892 5893 5919
f 5706 5671 5664
f 5786 5789 5788
f 3973 4131 3841
f 4831 4832 4915
f 5906 5892 8858
f 4965 4967 4969
f 4684 4685 4846
f 3589 3609 3611
f 3596 3625 4150
f 5877 5880 5763
f 4121 4124 4123
f 3469 3465 3868
f 3204 3205 3208
f 3716 3713 3726
f 5460 9027 5426
f 3465 3469 3470
f 5738 5735 3764
f 4887 4654 4655
f 4203 4206 4205
f 3959 5705 4082
f 5758 5757 5886
f 5781 5869 5872
f 4675 4762 4723
f 3757 4164 5751
f 3334 3271 3272
f 8880 5926 5903
f 5615 5676 3473
f 5759 5761 5760
f 8845 8846 8848
f 5778 5781 5780
f 8857 8856 8849
f 4132 3797 3798
f 5839 5838 5841
f 560 1899 3187
f 5747 5874 4007
f 5928 5930 8840
f 5766 5769 5768
f 4848 4957 4956
f 4953 4968 4967
f 4832 4897 4910
f 5879 5764 5888
f 3598 3567 3530
f 5747 5729 5730
f 5754 5764 5748
f 5810 5813 5812
f 5758 5755 5749
f 4315 4388 4387
f 5917 5915 5916
f 5913 5909 5910
f 5930 8731 8841
f 4951 4955 4968
f 3209 3210 3201
f 4059 5424 3246
f 8731 5934 8842
f 3776 3582 3585
f 5770 5773 5772
f 5891 5894 5893
f 9028 5638 5641
f 5814 5817 5816
f 5662 5675 5673
f 3522 3525 3524
f 5630 5631 5942
f 5791 5792 5795
f 5746 3753 3754
f 5928 5929 5931
f 5743 5760 5739
f 5876 5874 5875
f 3678 8937 9021
f 4200 4208 4207
f 4114 3546 3916
f 3601 3602 3605
f 3818 3724 3712
f 3315 3318 3317
f 5899 5900 5902
f 8840 8841 5883
f 5562 4458 5559
f 4416 3568 3448
f 3189 3192 3191
f 4751 4890 4747
f 4181 4182 4180
f 3832 3942 5454
f 3362 3527 3526
f 5678 4405 5699
f 3497 3500 3499
f 448 1980 807
f 647 648 122
f 5690 3472 5677
f 4183 4186 4185
f 1833 1848 1780
f 5920 5895 5897
f 510 509 508
f 4401 3967 5944
f 5656 5397 5530
f 3970 3971 5940
f 5653 5658 5939
f 5450 5653 5946
f 3384 5633 5945
f 4403 4404 4299
f 5944 3967 3968
f 3963 5427 5951
f 5614 3473 3474
f 5427 3838 3857
f 3210 1949 1887
f 1887 15 3200
f 15 16 3197
f 16 3188 3195
f 3195 3188 3187
f 3194 3187 1899
f 3207 1899 375
f 387 173 126
f 3189 1791 1760
f 9029 763 757
f 763 9029 2172
f 9035 9034 9032
f 9033 9032 9031
f 9046 9049 9048
f 8751 9053 9054
f 9078 9076 9077
f 9083 9087 9051
f 9088 9089 9047
f 9099 9036 9040
f 9102 9034 9036
f 9105 9031 9032
f 9105 2176 9106
f 1801 1864 9108
f 9103 9032 9034
f 9096 9090 9047
f 1767 1768 9111
f 1597 9115 9113
f 1708 1707 9117
f 9123 9120 9119
f 9118 9119 9125
f 1588 1708 9116
f 2080 9123 9118
f 2082 9118 9124
f 9126 9129 9087
f 9129 9130 9088
f 5512 3492 5943
f 5634 3383 5488
f 5724 5512 5947
f 9134 9099 9097
f 9144 9103 9102
f 9133 9097 9096
f 786 9146 9144
f 9146 9105 9103
f 785 9144 9138
f 497 9138 9134
f 650 9134 9133
f 9148 564 9133
f 8756 9058 9057
f 9154 9151 9130
f 9151 9150 9131
f 9097 9040 9090
f 1799 9109 9111
f 5949 3968 3964
f 9160 9156 8809
f 8813 9162 9160
f 9166 463 564
f 9067 9058 9054
f 9162 9166 9148
f 9087 9088 9048
f 9081 9078 9079
f 9049 9052 9051
f 9082 9168 9167
f 9079 9077 9049
f 9169 9168 9175
f 9167 9115 9112
f 9168 9169 9177
f 9120 9117 9113
f 9120 9177 9169
f 9119 9169 9170
f 9179 9180 9125
f 9180 1576 9124
f 9178 9179 9170
f 1576 2101 2084
f 9179 9178 9183
f 3203 376 1387
f 3190 1387 1791
f 5618 2152 1949
f 317 240 259
f 2000 2176 9105
f 9053 9051 9052
f 9041 9040 9036
f 9029 758 756
f 9037 9036 9034
f 9130 9131 9089
f 3204 375 376
f 1801 9107 9109
f 9181 9187 9180
f 1575 9187 9190
f 9187 1575 1576
f 1776 1795 1796
f 1293 1294 1290
f 1326 14 1327
f 1294 1245 1234
f 878 1244 1330
f 5633 3401 5490
f 5933 3359 3360
f 5613 5634 5948
f 5604 5605 3844
f 3972 3494 5950
f 3494 3495 4322
f 4406 5676 5615
f 3492 3489 4292
f 5631 5503 5495
f 497 373 374
f 122 648 413
f 5624 5489 3398
f 9151 9154 9156
f 9058 8756 8752
f 9160 9162 9150
f 8815 9166 9162
f 9156 9126 8794
f 439 398 399
f 1512 1528 1526
f 1668 1741 1738
f 839 849 1362
f 1362 1357 826
f 3425 3417 3418
f 4905 5207 5243
f 4621 4622 4662
f 5582 5579 5574
f 4754 4757 4756
f 3902 3899 4021
f 9295 740 1896
f 2053 2054 2118
f 9340 9339 2120
f 696 697 9268
f 4922 4938 4939
f 4365 4366 4186
f 5105 5106 4862
f 5228 5227 5226
f 4781 4782 4877
f 5218 5227 5238
f 4990 4993 4992
f 4335 4337 4336
f 4993 4990 4972
f 4794 4793 4792
f 5886 5884 8852
f 5405 3892 5417
f 4669 4752 4764
f 4676 4697 4698
f 1826 1878 639
f 9192 9191 9181
f 5232 5228 5233
f 5418 4121 4122
f 956 885 886
f 5720 3844 3512
f 4728 4731 4730
f 8879 8866 8863
f 1980 806 1922
f 4969 4970 4966
f 33 34 105
f 9028 3253 3254
f 3837 3558 3839
f 4382 4300 4301
f 3908 3905 4122
f 4290 4295 4294
f 4400 3834 4055
f 3219 3222 3221
f 8894 8895 8877
f 4640 4736 4735
f 4389 4366 4216
f 3267 4479 4493
f 3268 3265 4463
f 5097 5111 5098
f 5094 5097 5096
f 5654 5655 5937
f 4089 5704 3960
f 5159 5163 5162
f 5202 5244 5249
f 5412 5415 5414
f 5715 3515 3516
f 5723 4426 4423
f 4263 4264 4323
f 3994 3529 3564
f 1343 1344 9308
f 3470 3514 5667
f 5659 5661 5671
f 3319 3828 4053
f 9359 2127 2128
f 1766 1581 1582
f 14 1326 2163
f 595 98 99
f 5703 3771 3772
f 5206 5224 5229
f 3437 3446 3458
f 5516 4084 3487
f 5122 5086 5087
f 3223 3297 3934
f 3979 9023 5402
f 3828 3319 3320
f 5663 3441 4081
f 4035 4489 4490
f 4426 5723 5724
f 3881 4452 4447
f 5407 5408 4118
f 5691 5688 5689
f 5661 5673 5672
f 5911 5918 8901
f 3902 4022 3871
f 5541 5538 5539
f 4069 4454 5561
f 3248 4394 3292
f 1346 1035 1044
f 748 1888 1425
f 3297 3228 3255
f 5445 4400 4056
f 5783 5784 5830
f 4310 4028 4376
f 5857 5854 5800
f 3882 5467 4452
f 3193 3208 3919
f 3190 3191 3206
f 4266 4269 4268
f 4488 3419 3420
f 3331 3939 3940
f 4282 4285 4284
f 4606 4608 4607
f 4628 4629 4708
f 4659 4732 4733
f 4615 4750 4829
f 4718 4714 4713
f 5722 4424 4421
f 3307 3462 3461
f 4686 4688 4634
f 3966 3548 3550
f 4738 4739 4875
f 3416 4429 3237
f 4527 4528 4208
f 5093 5121 5114
f 5124 5099 5086
f 5117 5118 5138
f 4631 4641 4640
f 5166 5163 5168
f 5185 5188 5187
f 5194 5190 5191
f 3245 4117 4118
f 5214 5215 5203
f 3230 3317 3318
f 5237 5234 5217
f 5250 5259 5258
f 5113 5112 5084
f 5270 5267 5269
f 4906 5125 5107
f 5271 5266 5267
f 5276 5277 5262
f 5153 5151 5174
f 5290 5270 5268
f 5306 5299 5303
f 5147 5148 5146
f 4585 4849 4856
f 3226 5435 5436
f 4473 4503 4504
f 5765 5756 8897
f 4529 4246 4247
f 8923 8924 8916
f 5713 5681 5682
f 3315 3897 3898
f 5564 5536 5537
f 4468 4440 4441
f 3738 3739 4163
f 4577 4859 4559
f 5567 3527 3366
f 3587 3584 4150
f 5471 5468 4504
f 5860 5769 5816
f 3516 3513 5558
f 5436 3985 5637
f 5050 5053 5083
f 5547 5565 3338
f 9023 3979 3295
f 5708 4087 4132
f 4104 3816 3814
f 3718 3719 4161
f 5498 5491 5679
f 3884 4431 4432
f 3955 4512 3877
f 4049 4062 4061
f 8892 8872 8875
f 4572 4217 4218
f 4440 4443 4442
f 4497 4511 3407
f 8906 8882 8881
f 5664 5712 5670
f 3751 4105 3706
f 3511 3735 3736
f 5129 5130 5116
f 5086 5099 5098
f 5135 5127 5128
f 5143 5146 5145
f 5168 5158 5136
f 5297 5241 5246
f 5164 5161 5160
f 5155 5161 5171
f 5137 5179 5167
f 5293 5308 5307
f 5513 3570 4083
f 4053 3828 3825
f 3228 3297 3298
f 3631 3632 3635
f 5689 5669 5670
f 5759 5762 5883
f 3793 4133 3507
f 4906 4908 4891
f 4719 4858 4901
f 3597 3598 4095
f 3352 4126 4125
f 9064 9057 9058
f 9076 9064 9067
f 9083 8766 8794
f 9131 9132 9096
f 9138 9102 9099
f 9154 9129 9126
f 9077 9067 9052
f 9053 8751 8766
f 9191 9190 9187
f 9082 9079 9046
f 9193 9175 9168
f 1284 1290 1288
f 9150 9148 9132
f 3841 3842 3496
f 3570 3569 3336
f 4027 4311 4312
f 4889 4876 4781
f 4041 4045 4044
f 4885 4884 4813
f 5419 4122 3905
f 4367 4368 4227
f 1778 1781 1780
f 1792 1759 1584
f 4308 4017 3869
f 4594 4723 4762
f 4767 4770 4769
f 5461 3365 3366
f 4763 4704 4716
f 4919 4918 4915
f 4300 4382 4334
f 5196 5199 5198
f 5158 5148 5135
f 5431 5434 5433
f 4545 4567 4571
f 4557 4558 4594
f 695 570 571
f 4156 4155 3626
f 4861 4673 4670
f 5681 5675 5674
f 5473 5475 5580
f 3622 3656 4152
f 5647 3573 3574
f 3674 3663 3808
f 4420 4145 3498
f 5675 5662 5666
f 3253 9028 5439
f 5870 5866 5917
f 8887 8920 8919
f 5862 5856 5913
f 3534 3593 3485
f 3313 4486 4484
f 9090 9193 9046
f 4871 4759 4695
f 3778 3777 3822
f 4889 4748 4874
f 4000 3783 3784
f 4897 4898 4911
f 3856 3857 3838
f 4772 4830 4896
f 4015 4016 4376
f 3433 3461 3476
f 4053 4054 3302
f 3367 5567 3363
f 3242 3829 3831
f 3441 3442 4082
f 4735 4736 4855
f 4756 4757 4737
f 3382 3385 3384
f 3698 3699 3697
f 4676 4679 4678
f 4948 4943 4941
f 4890 5394 4805
f 4757 4744 4745
f 4581 4221 4380
f 5716 3516 5932
f 4923 4920 4926
f 5077 5079 5081
f 5078 5082 5058
f 4009 5401 5400
f 5081 5082 5078
f 3930 3931 4513
f 4014 4376 4028
f 4025 4026 4020
f 3618 4093 4096
f 4581 4575 4576
f 4219 4217 4188
f 5440 5442 3335
f 5449 3982 3323
f 4229 4181 4177
f 4590 4213 4214
f 4227 4183 4184
f 4574 4901 4858
f 4565 4566 5453
f 4592 4555 4588
f 4590 4587 4573
f 3517 3518 5521
f 3845 5428 3522
f 4444 3340 3884
f 3982 5449 5533
f 4465 4466 4497
f 4520 4522 4521
f 4076 4073 5591
f 3635 3667 3666
f 3343 3344 4498
f 4022 4019 3870
f 3661 3607 4098
f 5691 5690 5697
f 3768 3766 5742
f 4514 3955 3956
f 3697 3815 3814
f 4394 3248 5460
f 4054 4053 4057
f 3284 3318 3323
f 4052 3926 4169
f 4447 4506 4510
f 4456 4460 3346
f 4483 3876 3877
f 4482 3877 4512
f 4492 4512 4513
f 5642 5438 5439
f 5448 5447 5442
f 5466 4441 3882
f 3340 4444 4445
f 8908 8909 8910
f 4397 4169 3835
f 5413 3520 3521
f 3234 3931 3932
f 5753 5765 8895
f 8896 8897 5756
f 8921 8922 8889
f 8915 8912 8911
f 3933 3936 3935
f 3620 3804 3657
f 3966 3969 3968
f 4905 4789 4769
f 3225 5436 5437
f 5433 3896 3984
f 5714 5686 5693
f 5435 3984 3985
f 3954 3956 3955
f 4713 4712 4632
f 4879 4635 4632
f 3983 3984 3896
f 9027 5460 3248
f 5871 5870 5912
f 5849 5846 5891
f 4702 4703 4640
f 4213 4590 4579
f 3644 3645 3688
f 9193 9090 9040
f 8920 8930 8935
f 5406 3846 4130
f 4140 5400 5401
f 5659 3903 3904
f 4772 4773 4783
f 4244 4247 4246
f 4061 5399 4037
f 3669 3804 3803
f 3459 3460 3209
f 4072 5483 5484
f 4835 4833 4834
f 5660 5662 5661
f 4262 4265 4264
f 3633 3630 3627
f 3685 3643 3676
f 4517 4515 3235
f 4145 4420 4085
f 5455 4438 5459
f 5638 5635 5640
f 3228 3225 3254
f 4044 4174 3411
f 3614 3615 3612
f 3273 3276 3275
f 4952 4962 4961
f 4959 4958 4960
f 4888 4655 4761
f 4254 4257 4256
f 4199 4202 4201
f 4499 4464 4465
f 5479 4495 4496
f 5952 5953 5954
f 5956 5957 5958
f 5959 5958 5960
f 5962 5963 5964
f 5966 5967 5968
f 5967 5970 5971
f 5963 5962 5961
f 5972 5965 5964
f 5974 5975 5976
f 5978 5979 5980
f 5982 5983 5984
f 5986 5987 5985
f 5988 5989 5990
f 5992 5993 5994
f 5996 5997 5998
f 6000 6001 6002
f 6004 6005 6006
f 6008 6009 6010
f 6012 6013 6014
f 6016 6017 6018
f 6020 6021 6022
f 6024 6025 6026
f 6028 6029 6030
f 6032 6033 6034
f 6036 6037 6038
f 6040 6041 6013
f 6042 6043 6044
f 5992 6046 6047
f 6048 6049 6050
f 6052 6053 6054
f 6056 6057 6058
f 6060 6061 5987
f 6062 6063 6064
f 6066 6067 6068
f 6070 6071 6027
f 6072 6073 6057
f 6075 6076 6077
f 6078 6079 6080
f 6082 6083 6054
f 6085 6078 6081
f 6087 6061 5990
f 6061 6087 6089
f 6089 6090 6091
f 6092 6091 6093
f 6095 5978 5981
f 6062 6082 6084
f 6097 6098 6035
f 6056 6049 6099
f 6100 6101 6102
f 6001 6000 6104
f 6107 6108 6109
f 6110 6111 6112
f 6114 6026 6025
f 6116 6117 6118
f 6120 6121 6122
f 6124 6125 6126
f 6128 6129 6101
f 6039 6130 6131
f 6132 6133 6134
f 6136 6137 6138
f 6139 6140 6141
f 6143 6144 6145
f 6148 6149 6150
f 6152 6153 6154
f 6155 6156 6157
f 6159 6160 6161
f 6163 6164 6165
f 6167 6168 6169
f 6171 6172 6173
f 6175 6176 6104
f 6178 6179 6180
f 6023 6182 6183
f 6184 6185 6186
f 6117 6116 6188
f 6190 6191 6192
f 6194 6070 6026
f 6195 6196 6191
f 6197 6198 6199
f 6201 6202 6203
f 6205 6206 6207
f 6209 6210 6201
f 6197 6200 6211
f 6212 6211 6213
f 5979 6215 6214
f 6203 6216 6217
f 6206 6199 6198
f 6218 5961 5962
f 5965 6220 6219
f 5972 3355 3354
f 6070 6194 6222
f 6224 6225 6226
f 6228 6229 6230
f 6232 6233 6234
f 6196 6195 6236
f 6071 6070 6223
f 6239 6240 6241
f 6243 6244 6245
f 6247 6073 6248
f 6250 6251 6252
f 6254 6255 6256
f 6258 6259 6260
f 6229 6262 6263
f 6264 6265 6242
f 6266 6267 6268
f 6270 6271 6272
f 6274 6275 6276
f 6195 6278 6279
f 6280 6278 6281
f 6283 6284 6285
f 6123 6122 6287
f 6289 6290 6291
f 6293 6294 6243
f 6240 6296 6297
f 6298 6299 6267
f 6300 6301 6302
f 6304 6305 6306
f 6251 6250 6308
f 6247 6310 6311
f 6313 6314 6315
f 6314 6313 6317
f 6319 6086 6320
f 6322 6087 6088
f 6216 6324 6258
f 6325 6326 6327
f 6217 6258 6261
f 6330 6071 6238
f 6071 6330 6048
f 6015 6332 6333
f 6079 6334 6335
f 6336 6294 6240
f 6294 6293 6296
f 6337 6338 6339
f 6341 6342 6343
f 6345 6346 6347
f 6266 6264 6349
f 6350 6351 6352
f 6295 6243 6246
f 6303 6355 6356
f 6357 6358 6359
f 6361 6362 6363
f 6365 6350 6353
f 6367 6368 6369
f 6371 6367 6370
f 6372 6373 6374
f 6375 6374 6373
f 6376 6377 6378
f 6379 6380 6381
f 6383 6384 6385
f 6387 6388 6389
f 6391 6392 6393
f 6395 6396 6397
f 6398 6399 6400
f 6399 6401 6402
f 6403 6402 6401
f 6405 6406 6407
f 6409 6410 6411
f 6367 6371 6413
f 6374 6375 6415
f 6417 6418 6384
f 6419 6420 6348
f 6421 6422 6423
f 6425 6426 6400
f 6426 6427 6395
f 6393 6396 6428
f 6429 6430 6394
f 6390 6389 6431
f 6433 6434 6408
f 6435 6436 6437
f 6439 6440 6411
f 6392 6391 6441
f 6397 6392 6442
f 6401 6399 6444
f 6446 6447 6437
f 6448 6449 6450
f 6452 6453 6454
f 6442 6441 6456
f 6443 6442 6457
f 6444 6459 6460
f 6445 6444 6461
f 6463 6464 6462
f 6446 6445 6462
f 6466 6467 6468
f 6448 6451 6470
f 6453 6452 6472
f 6474 6475 6476
f 6478 6479 6480
f 6482 6483 6484
f 6486 6487 6488
f 6490 6491 6492
f 6493 6492 6494
f 6496 6497 6498
f 6500 6501 6502
f 6504 6505 6506
f 6508 6468 6509
f 6511 6512 6513
f 6499 6514 6515
f 6516 6517 6518
f 6520 6521 6522
f 6524 6507 6525
f 6507 6524 6527
f 6504 6527 6528
f 6528 6511 6508
f 6529 6530 6531
f 6342 6533 6534
f 6535 6347 6346
f 6347 6535 6537
f 6434 6538 6539
f 6539 6540 6405
f 6541 6542 6451
f 6543 6544 6470
f 6546 6478 6481
f 6499 6498 6548
f 6549 6550 6514
f 6551 6552 6553
f 6555 6556 6557
f 6403 6436 6423
f 6426 6425 6413
f 6415 6560 6428
f 6430 6429 6561
f 6434 6433 6420
f 6563 6564 6565
f 6404 6401 6445
f 6459 6444 6399
f 6455 6454 6388
f 6405 6450 6449
f 6540 6541 6450
f 6567 6495 6568
f 6570 6464 6463
f 6475 6474 6490
f 6458 6457 6571
f 6573 6571 6574
f 6576 6577 6578
f 6193 6192 6580
f 6582 6583 6584
f 6583 6582 6586
f 6588 6589 6587
f 6590 6069 6068
f 6592 6593 6594
f 6251 6310 6595
f 6304 6596 6597
f 6272 3735 6599
f 3737 3736 6558
f 6600 6161 6160
f 6123 6602 6603
f 6604 6605 6606
f 6608 6205 6208
f 5972 6221 6220
f 6610 6611 6612
f 6613 6614 6615
f 6242 6617 6618
f 6226 6619 6245
f 6620 6621 6622
f 6624 6143 6146
f 6626 6213 6211
f 6627 6628 6629
f 6631 6632 6633
f 6235 6635 6636
f 6637 6638 6639
f 6641 6625 6286
f 6643 6644 6645
f 6647 6648 6649
f 6244 6243 6294
f 6336 6651 6652
f 6194 6196 6237
f 6196 6194 6114
f 6115 6192 6191
f 6653 6654 6655
f 6657 6117 6189
f 6117 6657 6659
f 6130 6157 6156
f 6133 6152 6151
f 6661 6111 6662
f 6663 6613 6616
f 6664 6270 6273
f 6418 6417 6432
f 6290 6325 6328
f 6666 6557 6556
f 6557 6666 3805
f 5971 6667 6668
f 6181 6669 6670
f 6671 6672 6673
f 6676 6673 6672
f 6675 6150 6149
f 6067 6066 5999
f 6677 6678 6679
f 6681 6682 6683
f 6087 6322 6090
f 5983 5982 6685
f 5982 6094 6687
f 6094 6093 6688
f 6211 6200 6137
f 6689 6690 6691
f 6690 6689 3833
f 6001 5983 6686
f 5978 6693 6215
f 6694 6693 5978
f 5974 6694 6095
f 6183 6182 6696
f 6698 5959 5961
f 5959 6698 6699
f 6697 6696 6700
f 6702 6629 6703
f 5968 6668 6705
f 6706 5977 5955
f 6707 6618 6617
f 6024 6051 6709
f 6402 6403 6559
f 3852 6711 6712
f 3856 6594 6593
f 5977 6706 6694
f 6713 5955 5977
f 6714 6715 6716
f 6718 6719 6308
f 6720 6255 6254
f 6722 6723 6724
f 6312 6311 6726
f 6069 6590 6728
f 6319 6594 6730
f 6731 6645 6644
f 6732 6733 6734
f 6046 6053 6320
f 3880 3805 6666
f 6736 6737 6738
f 6531 6740 6741
f 6300 6356 6614
f 6742 6532 6325
f 6743 6742 3891
f 6744 6302 6301
f 6746 6747 6534
f 6536 6576 6579
f 6535 6579 6563
f 6566 6538 6537
f 6538 6566 6409
f 6412 6540 6539
f 6412 6748 6541
f 6748 6749 6542
f 6749 6569 6545
f 6568 6750 6547
f 6751 6752 6548
f 6753 6754 6550
f 6755 6756 6757
f 6759 6760 6761
f 6763 6764 6765
f 6764 6620 6623
f 6766 6767 6768
f 6770 6771 6772
f 6774 6775 6776
f 6021 6774 6777
f 6723 6778 6779
f 6780 6781 6782
f 6784 6785 6786
f 6788 6789 6790
f 6185 6792 6793
f 6794 6722 6725
f 6729 6796 6098
f 6135 6797 6798
f 6799 6062 6065
f 6037 6801 6802
f 6005 6004 6588
f 6005 6803 6804
f 6052 6055 6010
f 6586 6582 6803
f 6092 5985 5987
f 6094 5982 5985
f 6096 6806 6695
f 6082 6062 6799
f 6657 6013 6041
f 6013 6657 6658
f 6795 6725 6807
f 6809 6810 6811
f 6813 6814 6815
f 6817 6818 6819
f 6821 6822 6823
f 6329 6209 6204
f 6202 6825 6826
f 6072 6099 6827
f 6598 6829 6305
f 6301 6300 6613
f 6830 6831 6271
f 6822 6779 6778
f 6326 6741 6832
f 6203 6826 6833
f 6027 6048 6051
f 6360 6834 6835
f 6836 6837 6838
f 6837 6840 6841
f 6362 6365 6366
f 6380 6385 6384
f 6421 6564 6578
f 6566 6565 6410
f 6394 6389 6388
f 6414 6422 6368
f 6371 6374 6416
f 6561 6560 6378
f 6382 6381 6562
f 6381 6384 6418
f 6389 6394 6430
f 6391 6388 6454
f 6441 6454 6453
f 6456 6453 6473
f 6495 6494 6750
f 6843 6575 6485
f 6844 6845 6843
f 6573 6845 6847
f 6849 6491 6487
f 6513 6753 6752
f 6517 6521 6850
f 6521 6520 6851
f 6844 6851 6852
f 6505 6504 6510
f 6753 6513 6512
f 6516 6522 6521
f 6614 6740 6854
f 6742 6262 4003
f 6708 6617 6855
f 6307 6306 6857
f 6307 6664 6665
f 6414 6413 6425
f 6416 6415 6427
f 6562 6418 6431
f 6419 6537 6538
f 6358 6836 6839
f 6059 6058 6859
f 6861 6862 6863
f 6865 6866 6867
f 6115 6025 6869
f 6871 6872 6873
f 6721 6254 6596
f 6876 6610 6556
f 6877 6663 6552
f 6551 6878 6268
f 6879 6855 6265
f 6239 6618 6651
f 6230 6263 6619
f 6171 6670 6669
f 6106 6109 6882
f 6883 6884 6822
f 6759 6184 6187
f 6725 6724 6785
f 6885 6795 6808
f 6886 6887 6888
f 6701 6700 6756
f 6884 6786 6779
f 6715 6714 6309
f 6889 6259 6890
f 6743 3890 4042
f 6270 6664 6893
f 6386 6894 6895
f 6895 6348 6420
f 6897 6432 6417
f 6897 6433 6407
f 6390 6898 6899
f 6900 6899 6406
f 6455 6900 6901
f 6902 6903 6904
f 6482 6903 6905
f 6501 6906 6907
f 6496 6515 6908
f 6532 6531 6326
f 6532 6742 6743
f 6612 6910 6735
f 6611 6911 6910
f 6626 5980 5979
f 6704 6912 6105
f 6913 6590 6591
f 6915 6794 6795
f 6229 6228 4067
f 6263 6290 6289
f 6745 6301 6663
f 6916 6771 6757
f 6885 6918 6165
f 6920 6780 6783
f 6921 6922 6923
f 6925 6921 6924
f 6927 6928 6929
f 6931 6932 6933
f 6935 6936 6937
f 6939 6940 6941
f 6943 6944 6945
f 6947 6948 6949
f 6944 6943 6951
f 6953 6954 6955
f 6957 6958 6959
f 6961 6962 6929
f 6964 6965 6966
f 6968 6969 6970
f 6969 6948 6955
f 6972 6943 6946
f 6974 6975 6976
f 6978 6979 6980
f 6940 6939 6982
f 6984 6985 6986
f 6988 6989 6990
f 6992 6990 6989
f 6994 6995 6996
f 6998 6999 7000
f 7002 7003 7004
f 7006 7007 7008
f 7010 7011 7012
f 7014 7015 7016
f 7018 7019 6999
f 7020 7021 7022
f 7024 7025 7026
f 7028 7029 7030
f 7032 7033 7034
f 7003 7002 7036
f 7038 7039 7040
f 6993 6989 7030
f 7042 7043 7044
f 7046 7047 7007
f 7011 7010 7048
f 7050 7051 7052
f 7054 7015 7014
f 7015 7054 7056
f 6621 6620 7045
f 7049 7048 6775
f 7051 7050 6021
f 7055 6697 6701
f 7054 6701 6755
f 6764 6763 7047
f 7020 7058 7059
f 7060 7061 7062
f 6958 7064 7065
f 6925 7066 7067
f 7068 6931 6934
f 7069 6988 6991
f 7071 6995 7072
f 7074 7075 7076
f 7078 7079 7080
f 7014 7017 7082
f 7084 7085 7086
f 7025 7028 7031
f 7085 7084 7072
f 7089 7084 7087
f 7055 7014 7083
f 7090 7087 6770
f 7092 7093 7094
f 7091 6183 6697
f 6770 7087 7086
f 7095 7094 6767
f 7096 7061 6980
f 7098 6941 6940
f 7058 7020 7023
f 7101 6927 6930
f 6974 7060 7063
f 7103 6968 6971
f 7105 6978 6981
f 7106 7107 7036
f 7109 7048 7010
f 7111 7019 7018
f 7098 7003 7037
f 7048 7109 7112
f 7113 6993 7041
f 6994 7114 7115
f 6965 7116 6923
f 6975 6922 6945
f 7061 7096 7065
f 6954 6953 6933
f 6763 7112 7109
f 7046 7045 6620
f 6947 7117 7067
f 6758 7086 7056
f 7118 7119 7039
f 7038 7069 7070
f 7106 7120 7121
f 7123 7124 7053
f 7123 7052 7083
f 7045 7046 7006
f 7107 7106 7122
f 7091 7083 7052
f 7091 7051 6020
f 6936 7096 7097
f 7125 6957 6960
f 6774 6021 7050
f 7119 6939 6942
f 7019 7002 7005
f 7011 7053 7124
f 7021 7126 7040
f 7114 7029 7016
f 7053 7011 7049
f 7086 7085 7057
f 6993 7113 7127
f 7075 7127 7113
f 4281 4280 6603
f 6012 6333 7129
f 7130 6083 6584
f 6797 7132 7133
f 6074 7134 7135
f 6789 6760 6173
f 6760 6789 6776
f 7136 6802 6801
f 6914 6671 6674
f 7007 7110 7059
f 7099 7004 7003
f 6984 7103 7104
f 7110 7007 7047
f 6333 6583 6587
f 5956 6699 6667
f 5957 5956 5971
f 7137 6715 6308
f 4292 4293 6718
f 6693 6705 6668
f 6215 6668 6667
f 6214 6667 6699
f 6698 6197 6212
f 6219 6207 6198
f 6207 6219 6220
f 6220 6221 6609
f 6262 6229 4066
f 7138 7139 7140
f 4298 7142 7140
f 7143 7144 7145
f 7147 7148 7144
f 7149 7150 7151
f 7150 7152 7153
f 6329 6261 7154
f 6261 6260 7155
f 7156 6829 7157
f 6598 6597 7159
f 6257 6256 7161
f 6256 4322 4321
f 6693 6694 6706
f 5954 5969 6705
f 5953 5966 5969
f 7163 5984 5983
f 7164 7165 6138
f 7167 7168 7169
f 6141 7171 7172
f 7166 7171 7173
f 6141 6140 7174
f 7176 7177 7178
f 7180 7181 7182
f 7184 7185 7186
f 6631 7180 7183
f 6218 6198 6197
f 6625 6641 7189
f 6814 6813 7190
f 6882 7192 7193
f 7195 7196 6109
f 6888 7197 7198
f 7200 7201 7202
f 7176 6627 6630
f 6029 7184 7187
f 7205 7206 7207
f 7209 7210 7211
f 7203 7202 7213
f 6886 7215 6778
f 6031 6030 7215
f 7216 7217 7218
f 7220 7221 6880
f 6076 6075 7220
f 6074 6077 6672
f 6147 6150 6662
f 7223 6662 6111
f 6810 6809 6113
f 6920 7134 6914
f 6077 6660 6675
f 6660 6077 6076
f 7222 7220 6669
f 7224 7222 6181
f 6660 6662 6150
f 7225 7226 6794
f 6783 6782 7225
f 6781 6780 6068
f 7217 7227 7228
f 6031 6888 7199
f 6887 6886 6723
f 6164 7225 6915
f 6780 6920 6591
f 7134 6074 6671
f 7229 7230 6824
f 7187 7186 7230
f 7226 6887 6722
f 7231 7232 6169
f 7201 7231 7233
f 6107 7234 7235
f 7215 7229 6823
f 6030 7187 7229
f 7236 7216 7219
f 7237 7238 6820
f 7237 7208 7207
f 7239 7240 7241
f 6739 7243 7244
f 7245 7239 7242
f 7233 6169 6168
f 7247 7213 7202
f 7195 6108 7203
f 7248 7249 7250
f 7227 7251 7252
f 7253 6067 5998
f 6067 7253 7198
f 6781 7198 7197
f 5984 7163 6683
f 7254 7250 6678
f 6679 7249 7252
f 6887 7226 7197
f 6782 7197 7226
f 7135 6919 6163
f 7221 7220 6075
f 6661 6076 7222
f 7224 6112 6111
f 6180 6810 6112
f 6179 6811 6810
f 6811 6179 6793
f 6650 6792 6622
f 6766 6621 7044
f 7095 7044 7043
f 7092 7043 7121
f 7078 7120 7255
f 7256 7232 7257
f 6768 6772 7259
f 6773 6767 7094
f 7090 7094 7093
f 7089 7093 7080
f 7071 7079 7032
f 7077 7018 6998
f 6995 7071 7260
f 7077 7076 7261
f 7035 7034 7018
f 7108 7019 7111
f 6978 7105 7262
f 7105 7263 7264
f 7263 6944 6952
f 6990 6992 6951
f 6972 7117 7266
f 7117 6947 6950
f 6948 6969 7267
f 6969 6968 6982
f 7103 6984 6987
f 7005 7004 6986
f 6999 7005 7268
f 7269 7270 7271
f 7274 7272 7275
f 7274 7273 7276
f 7278 7279 7280
f 7282 7283 7284
f 7286 7287 7288
f 7290 7291 7292
f 7294 7295 7296
f 7068 7297 7298
f 7300 7301 7302
f 7304 6962 7305
f 7307 7285 7305
f 7309 7284 7283
f 7311 7312 7313
f 7125 7304 7306
f 7285 7307 7280
f 7277 7281 7303
f 6965 6964 7316
f 7318 7312 7316
f 7320 7321 7271
f 7312 7318 7296
f 7270 7269 7298
f 7311 7270 7322
f 6961 6932 7300
f 7323 7324 7325
f 7327 7064 7328
f 7064 6958 7325
f 7287 7330 7292
f 6931 7068 7299
f 7331 7327 7329
f 7332 7333 7334
f 7336 7337 7338
f 7340 7341 7333
f 7342 7341 7343
f 7345 7346 7347
f 7348 7349 7350
f 7352 7353 7354
f 7356 7357 7358
f 7360 7361 7362
f 7365 7366 7367
f 7368 7369 7370
f 7372 7373 7336
f 7373 7375 7337
f 7367 7366 7376
f 7378 7379 7380
f 7382 7383 7384
f 7386 7387 7385
f 7388 7389 7390
f 7392 7334 7333
f 7394 7395 7396
f 7398 7399 7400
f 7402 7403 7404
f 7406 7407 7408
f 7410 7411 7383
f 7412 7413 7414
f 7385 7416 7417
f 7389 7418 7419
f 7373 7420 7421
f 7420 7373 7372
f 7369 7423 7424
f 7399 7398 7397
f 7393 7333 7341
f 7398 7358 7357
f 7358 7398 7401
f 7428 7429 7430
f 7433 7434 7435
f 7363 7362 7436
f 7383 7438 7439
f 7411 7440 7438
f 7441 7442 7443
f 7445 7446 7339
f 7374 7336 7339
f 7444 7365 7364
f 7448 7364 7450
f 7364 7367 7451
f 7451 7367 7377
f 7449 7450 7454
f 7455 7454 7450
f 7456 7455 7451
f 7410 7457 7458
f 7460 7461 7462
f 7423 7369 7462
f 7464 7465 7466
f 7468 7469 7347
f 7376 7366 7471
f 7425 7397 7396
f 7475 7476 7477
f 7478 7479 7480
f 7482 7483 7407
f 7484 7485 7351
f 7487 7405 7488
f 7490 7491 7492
f 7412 7415 7434
f 7494 7495 7434
f 7496 7388 7391
f 7440 7411 7498
f 7401 7400 7488
f 7485 7346 7345
f 7500 7502 7427
f 7395 7394 7469
f 7503 7504 7505
f 7507 7508 7509
f 7511 7512 7513
f 7511 7514 7515
f 7517 7518 7519
f 7521 7522 7523
f 7352 7524 7525
f 7415 7414 7527
f 7528 7529 7530
f 7404 7531 7502
f 7477 7388 7496
f 7512 7478 7481
f 7405 7404 7500
f 7533 7534 7535
f 7378 7507 7510
f 7532 7496 7379
f 7539 7540 7541
f 7524 7352 7355
f 7351 7485 7501
f 7414 7524 7523
f 7522 7543 7527
f 7544 7413 7412
f 7546 7416 7547
f 7526 7549 7353
f 7550 7521 7355
f 7521 7550 7551
f 7552 7546 7548
f 7546 7552 7553
f 7522 7521 7548
f 7418 7556 7520
f 7416 7546 7554
f 7457 7557 7558
f 7557 7559 7560
f 7562 7561 7563
f 7564 7563 7349
f 7351 7350 7565
f 7567 7568 7569
f 7570 7555 7520
f 7419 7418 7555
f 7572 7564 7348
f 7389 7476 7556
f 7573 7490 7493
f 7552 7535 7534
f 7562 7574 7536
f 7572 7575 7576
f 7422 7577 7578
f 7423 7579 7580
f 7579 7423 7463
f 7578 7574 7576
f 7583 7584 7381
f 7586 7579 7581
f 7533 7580 7579
f 7447 7339 7338
f 7588 7502 7531
f 7590 7428 7431
f 7321 7320 7592
f 7275 7581 7463
f 7461 7278 7276
f 7279 7278 7461
f 7453 7454 7593
f 7594 7593 7454
f 7330 7287 7498
f 7459 7458 7294
f 7558 7560 7595
f 7560 7592 7320
f 7275 7321 7585
f 7462 7276 7273
f 7596 7583 7380
f 7597 7598 7406
f 7467 7466 7599
f 7601 7602 7603
f 7605 7365 7444
f 7365 7605 7606
f 7607 7495 7494
f 7513 7481 7473
f 7396 7395 7514
f 7514 7395 7468
f 7470 7609 7515
f 7610 7611 7609
f 7612 7556 7476
f 7613 7530 7529
f 7442 7441 7615
f 7574 7578 7577
f 7619 7400 7399
f 7518 7479 7509
f 7491 7399 7425
f 7549 7620 7621
f 7491 7490 7622
f 7377 7438 7440
f 7379 7496 7497
f 7453 7461 7460
f 7411 7410 7459
f 7623 7624 7391
f 7625 7611 7610
f 7487 7407 7483
f 7619 7622 7408
f 7627 7628 7620
f 7538 7379 7378
f 7389 7388 7477
f 7629 7545 7412
f 7489 7408 7407
f 7628 7627 7598
f 7413 7525 7524
f 7592 7560 7559
f 7584 7631 7632
f 7569 7568 7633
f 7570 7508 7566
f 7631 7567 7566
f 7508 7570 7519
f 7614 7573 7480
f 7346 7610 7470
f 7572 7574 7562
f 7571 7633 7634
f 7346 7485 7484
f 7607 7591 7431
f 7585 7592 7630
f 7624 7596 7497
f 7635 7386 7384
f 7636 7427 7502
f 7323 7309 7310
f 7420 7578 7582
f 7637 7594 7455
f 7287 7286 7499
f 7458 7558 7295
f 7439 7376 7472
f 7599 7601 7604
f 7359 7358 7427
f 7436 7638 7639
f 7490 7573 7640
f 7481 7480 7493
f 7641 7506 7505
f 7642 7643 7627
f 7492 7425 7473
f 7517 7612 7625
f 7625 7484 7486
f 7634 7623 7390
f 7474 7477 7532
f 7448 7368 7441
f 7368 7448 7449
f 7615 7441 7368
f 7638 7603 7602
f 7575 7572 7501
f 7571 7555 7570
f 7400 7619 7489
f 7508 7507 7632
f 7503 7506 7540
f 6957 7125 7315
f 7376 7439 7438
f 7507 7378 7381
f 7499 7456 7452
f 7286 7637 7456
f 7504 7642 7644
f 7645 7598 7627
f 7647 7634 7633
f 7647 7648 7623
f 7649 7624 7623
f 7650 7596 7624
f 7646 7633 7568
f 7651 7568 7567
f 7653 7652 7567
f 7651 7654 7655
f 7656 7657 7658
f 7660 7658 7657
f 7663 7657 7656
f 7664 7665 7663
f 7667 7666 7663
f 7667 7662 7668
f 7663 7665 7661
f 7670 7671 7672
f 7661 7672 7671
f 7659 7668 7662
f 7648 7647 7668
f 7648 7659 7673
f 7659 7658 7674
f 7658 7660 7675
f 7668 7647 7646
f 7660 7671 7676
f 7675 7677 7678
f 7677 7675 7676
f 7677 7680 7681
f 7682 7683 7678
f 7677 7679 7684
f 7673 7674 7678
f 7683 7650 7649
f 7685 7676 7671
f 7667 7655 7686
f 7666 7686 7687
f 7654 7688 7686
f 7689 7687 7686
f 7664 7687 7691
f 7650 7692 7583
f 7693 7653 7631
f 7584 7583 7692
f 7693 7692 7682
f 7694 7682 7681
f 7694 7696 7653
f 7650 7683 7682
f 7696 7697 7652
f 7654 7651 7652
f 7688 7654 7697
f 7699 7698 7697
f 7700 7701 7698
f 7695 7699 7696
f 7699 7695 7702
f 7689 7688 7698
f 7689 7701 7703
f 7705 7706 7707
f 7701 7700 7705
f 7704 7703 7707
f 7685 7670 7691
f 7687 7689 7704
f 7680 7702 7695
f 7684 7706 7702
f 7702 7706 7705
f 7684 7679 7707
f 7676 7685 7707
f 7665 7669 7672
f 7670 7669 7690
f 7665 7664 7690
f 7611 7475 7474
f 7510 7509 7479
f 7511 7538 7537
f 7516 7532 7538
f 7517 7530 7613
f 7537 7510 7478
f 7611 7625 7612
f 7613 7480 7479
f 7556 7612 7517
f 7516 7515 7609
f 7708 7709 7710
f 7712 7713 7714
f 7713 7716 7717
f 7719 7720 7721
f 7722 7723 7597
f 7724 7712 7715
f 7726 7727 7728
f 7731 7640 7573
f 7730 7573 7614
f 7733 7734 7735
f 7721 7712 7724
f 7731 7722 7409
f 7708 7726 7729
f 7737 7724 7709
f 7716 7741 7736
f 7742 7743 7744
f 7740 7736 7735
f 7717 7716 7740
f 7716 7713 7720
f 7748 7749 7711
f 7750 7748 7710
f 7720 7719 7751
f 7734 7723 7728
f 7709 7724 7725
f 7752 7753 7715
f 7739 7709 7708
f 7720 7713 7712
f 7749 7754 7755
f 7745 7744 7756
f 7746 7727 7742
f 7743 7742 7755
f 7727 7746 7735
f 7747 7756 7757
f 7753 7750 7725
f 7751 7621 7620
f 7757 7752 7714
f 7718 7721 7737
f 7747 7740 7746
f 7727 7726 7755
f 7726 7708 7711
f 7759 7757 7756
f 7759 7760 7752
f 7760 7761 7753
f 7761 7762 7750
f 7758 7756 7744
f 7763 7744 7743
f 7754 7765 7764
f 7763 7766 7767
f 7768 7769 7770
f 7772 7768 7771
f 7775 7768 7772
f 7776 7777 7775
f 7779 7778 7775
f 7775 7777 7769
f 7770 7769 7781
f 7782 7774 7772
f 7760 7759 7782
f 7760 7773 7783
f 7773 7771 7784
f 7770 7785 7784
f 7779 7774 7782
f 7782 7759 7758
f 7785 7770 7780
f 7785 7787 7788
f 7787 7785 7786
f 7787 7790 7791
f 7792 7793 7788
f 7787 7789 7794
f 7793 7783 7784
f 7762 7761 7783
f 7796 7786 7780
f 7795 7780 7781
f 7779 7767 7798
f 7799 7776 7778
f 7766 7800 7798
f 7800 7801 7799
f 7802 7776 7799
f 7795 7797 7802
f 7762 7804 7748
f 7805 7765 7754
f 7749 7748 7804
f 7805 7804 7792
f 7806 7792 7791
f 7806 7808 7765
f 7793 7792 7804
f 7808 7809 7764
f 7766 7763 7764
f 7766 7809 7810
f 7811 7810 7809
f 7812 7813 7810
f 7807 7811 7808
f 7811 7807 7814
f 7813 7801 7800
f 7801 7813 7815
f 7817 7818 7819
f 7813 7812 7817
f 7816 7815 7819
f 7796 7795 7803
f 7799 7801 7816
f 7790 7814 7807
f 7794 7818 7814
f 7814 7818 7817
f 7794 7789 7819
f 7786 7796 7819
f 7777 7797 7781
f 7777 7776 7802
f 7528 7719 7718
f 7729 7728 7723
f 7738 7731 7730
f 7732 7737 7739
f 7733 7620 7628
f 7722 7731 7738
f 7621 7751 7719
f 7628 7597 7723
f 7733 7736 7741
f 7732 7614 7529
f 7486 7565 7621
f 7549 7565 7350
f 7353 7350 7349
f 7354 7349 7563
f 7821 7822 7823
f 7824 7825 7826
f 7825 7828 7829
f 7830 7831 7832
f 7834 7824 7827
f 7836 7837 7838
f 7840 7482 7406
f 7841 7406 7598
f 7843 7844 7845
f 7833 7824 7834
f 7848 7820 7836
f 7847 7834 7821
f 7828 7851 7846
f 7853 7854 7855
f 7850 7846 7845
f 7829 7828 7850
f 7828 7825 7832
f 7858 7859 7823
f 7860 7858 7822
f 7831 7861 7851
f 7844 7862 7838
f 7834 7835 7822
f 7863 7864 7827
f 7849 7821 7820
f 7825 7824 7833
f 7859 7865 7866
f 7855 7854 7867
f 7837 7852 7855
f 7865 7853 7852
f 7837 7856 7845
f 7857 7867 7868
f 7864 7860 7835
f 7843 7861 7642
f 7868 7863 7826
f 7830 7833 7847
f 7857 7850 7856
f 7837 7836 7866
f 7836 7820 7823
f 7870 7868 7867
f 7870 7871 7863
f 7871 7872 7864
f 7872 7873 7860
f 7869 7867 7854
f 7874 7854 7853
f 7876 7875 7853
f 7874 7877 7878
f 7879 7880 7881
f 7883 7879 7882
f 7886 7879 7883
f 7887 7888 7886
f 7890 7889 7886
f 7886 7888 7880
f 7891 7881 7880
f 7884 7893 7885
f 7871 7870 7893
f 7871 7884 7894
f 7884 7882 7895
f 7882 7881 7896
f 7890 7885 7893
f 7893 7870 7869
f 7881 7891 7897
f 7898 7899 7895
f 7900 7898 7896
f 7901 7902 7899
f 7904 7899 7902
f 7898 7900 7905
f 7894 7895 7899
f 7904 7873 7872
f 7907 7897 7891
f 7906 7891 7892
f 7890 7878 7909
f 7910 7887 7889
f 7877 7911 7909
f 7912 7910 7909
f 7887 7910 7914
f 7906 7908 7913
f 7873 7915 7858
f 7916 7876 7865
f 7859 7858 7915
f 7916 7915 7903
f 7917 7903 7902
f 7917 7919 7876
f 7873 7904 7903
f 7919 7920 7875
f 7877 7874 7875
f 7911 7877 7920
f 7922 7921 7920
f 7923 7924 7921
f 7918 7922 7919
f 7922 7918 7925
f 7924 7912 7911
f 7912 7924 7926
f 7928 7929 7930
f 7924 7923 7928
f 7927 7926 7930
f 7907 7906 7914
f 7910 7912 7927
f 7901 7925 7918
f 7905 7929 7925
f 7925 7929 7928
f 7905 7900 7930
f 7897 7907 7930
f 7888 7908 7892
f 7888 7887 7913
f 7645 7643 7831
f 7839 7838 7862
f 7841 7849 7848
f 7842 7847 7849
f 7504 7503 7844
f 7839 7931 7840
f 7643 7642 7861
f 7503 7539 7862
f 7846 7851 7861
f 7842 7598 7645
f 7932 7933 7934
f 7936 7937 7938
f 7937 7940 7941
f 7942 7943 7944
f 7947 7948 7949
f 7950 7936 7939
f 7953 7954 7955
f 7956 7957 7958
f 7956 7959 7540
f 7962 7963 7964
f 7936 7950 7965
f 7946 7949 7958
f 7966 7932 7952
f 7965 7950 7933
f 7968 7940 7969
f 7970 7971 7972
f 7974 7968 7964
f 7941 7940 7968
f 7940 7937 7944
f 7976 7977 7935
f 7978 7976 7934
f 7943 7979 7969
f 7947 7954 7963
f 7933 7950 7951
f 7980 7981 7939
f 7967 7933 7932
f 7937 7936 7945
f 7977 7982 7983
f 7973 7972 7984
f 7953 7970 7973
f 7982 7971 7970
f 7974 7963 7954
f 7975 7984 7985
f 7981 7978 7951
f 7961 7979 7544
f 7985 7980 7938
f 7942 7945 7965
f 7975 7968 7974
f 7952 7983 7970
f 7952 7932 7935
f 7987 7985 7984
f 7987 7988 7980
f 7988 7989 7981
f 7989 7990 7978
f 7986 7984 7972
f 7991 7972 7971
f 7993 7992 7971
f 7986 7991 7994
f 7997 7998 7999
f 8000 7996 7999
f 8003 7996 8000
f 8005 8003 8006
f 8007 8006 8003
f 7996 8003 8005
f 7998 7997 8009
f 8010 8002 8000
f 7988 7987 8010
f 7988 8001 8011
f 8011 8001 7999
f 7998 8013 8012
f 8007 8002 8010
f 8010 7987 7986
f 8013 7998 8008
f 8015 8016 8012
f 8017 8015 8013
f 8018 8019 8016
f 8021 8016 8019
f 8015 8017 8022
f 8011 8012 8016
f 8021 7990 7989
f 8023 8024 8014
f 8023 8008 8009
f 8007 7995 8026
f 8026 8027 8004
f 8028 8026 7995
f 8029 8027 8026
f 8030 8004 8027
f 8023 8025 8030
f 7990 8032 7976
f 8033 7993 7982
f 7976 8032 8033
f 8034 8033 8032
f 8035 8034 8020
f 8034 8036 7993
f 7990 8021 8020
f 8036 8037 7992
f 7991 7992 8037
f 7994 8037 8038
f 8039 8038 8037
f 8040 8041 8038
f 8035 8039 8036
f 8039 8035 8042
f 8041 8029 8028
f 8029 8041 8043
f 8045 8046 8047
f 8041 8040 8045
f 8044 8043 8047
f 8024 8023 8031
f 8027 8029 8044
f 8042 8035 8019
f 8022 8046 8042
f 8042 8046 8045
f 8017 8047 8046
f 8014 8024 8047
f 8005 8025 8009
f 8005 8004 8030
f 7506 7641 7943
f 7954 7947 7946
f 7967 7966 7957
f 7960 7965 7967
f 7948 7947 7962
f 7955 7946 7957
f 7641 7544 7979
f 7969 7979 7961
f 7960 7540 7506
f 7362 8049 8050
f 8052 7618 7464
f 8051 7464 7467
f 8054 8055 7600
f 8056 7361 7618
f 7436 8050 8057
f 8049 7362 7361
f 8057 8058 7603
f 8055 8053 7467
f 8058 8054 7604
f 8059 8060 8058
f 8060 8061 8054
f 8061 8062 8055
f 8062 8063 8053
f 8059 8057 8050
f 8064 8050 8049
f 8056 8066 8065
f 8059 8064 8067
f 8069 8070 8071
f 8073 8069 8072
f 8075 8069 8073
f 8077 8078 8075
f 8075 8079 8070
f 8079 8080 8081
f 8082 8071 8070
f 8083 8076 8073
f 8061 8060 8083
f 8061 8074 8084
f 8074 8072 8085
f 8072 8071 8086
f 8077 8076 8083
f 8083 8060 8059
f 8071 8082 8087
f 8088 8089 8085
f 8090 8088 8086
f 8091 8092 8089
f 8094 8089 8092
f 8088 8090 8095
f 8084 8085 8089
f 8094 8063 8062
f 8097 8087 8082
f 8096 8082 8081
f 8077 8068 8098
f 8099 8100 8078
f 8101 8098 8068
f 8102 8099 8098
f 8100 8099 8104
f 8096 8080 8103
f 8075 8078 8100
f 8079 8100 8103
f 8105 8051 8053
f 8066 8056 8052
f 8051 8105 8106
f 8107 8106 8105
f 8108 8107 8093
f 8107 8109 8066
f 8063 8094 8093
f 8109 8110 8065
f 8064 8065 8110
f 8067 8110 8111
f 8112 8111 8110
f 8113 8114 8111
f 8108 8112 8109
f 8112 8108 8115
f 8114 8102 8101
f 8102 8114 8116
f 8118 8119 8120
f 8114 8113 8118
f 8117 8116 8120
f 8097 8096 8104
f 8099 8102 8117
f 8091 8115 8108
f 8095 8119 8115
f 8115 8119 8118
f 8095 8090 8120
f 8087 8097 8120
f 7550 7563 7561
f 7552 7551 7561
f 7931 7862 7539
f 7640 7409 7408
f 7549 7526 7644
f 7525 7413 7544
f 7931 7542 7482
f 7483 7482 7542
f 7626 7402 7405
f 7629 7433 7432
f 7629 8121 7949
f 8122 7958 7949
f 8123 8122 8121
f 8124 8123 7432
f 7434 7495 8125
f 8125 7430 8124
f 8124 7430 7429
f 8123 8124 8126
f 8122 8123 8127
f 7541 7540 7959
f 7404 7403 8129
f 8125 7495 7431
f 7526 7525 7505
f 7626 7483 7541
f 7959 7958 8122
f 7961 7545 8048
f 7629 7948 8048
f 8127 7402 7626
f 7402 8127 8126
f 8129 7403 8126
f 7428 7531 8129
f 7589 7531 7428
f 7334 7392 7426
f 7335 7334 7357
f 7616 7615 7446
f 7392 7397 7398
f 7393 7394 7397
f 7342 7469 7394
f 7344 7347 7469
f 7343 7618 7361
f 7360 7345 7344
f 7363 7575 7345
f 7437 7576 7575
f 7582 7576 7437
f 7421 7582 7639
f 7375 7421 7602
f 7599 7337 7375
f 7465 7464 7618
f 7332 7447 7587
f 7447 7332 7335
f 7445 7335 7356
f 7359 7442 7616
f 7636 7443 7442
f 7588 7605 7443
f 7589 7606 7605
f 7590 7471 7606
f 7471 7590 7591
f 7446 7615 7371
f 7371 7370 7372
f 7422 7372 7370
f 7577 7422 7424
f 7536 7577 7580
f 7591 7607 7635
f 7607 7608 7386
f 7543 7608 7494
f 7547 7387 7543
f 7608 7543 7387
f 7387 7547 7416
f 7457 7410 7382
f 7557 7457 7417
f 7559 7557 7554
f 7630 7559 7553
f 7534 7533 7586
f 7466 7338 7337
f 7465 7587 7338
f 7617 7340 7587
f 7341 7340 7617
f 8130 6091 6090
f 6023 6022 8132
f 6182 6023 8133
f 6623 6622 6792
f 6787 6696 6182
f 8134 6700 6696
f 6917 6757 6756
f 6762 6761 7112
f 6762 6765 6184
f 6765 6623 6185
f 6650 6769 6768
f 6772 6771 6916
f 6777 6776 6789
f 6022 6777 6788
f 6756 6700 8134
f 6758 6757 6771
f 6761 6776 6775
f 6769 6622 6621
f 6772 6768 6767
f 6174 6173 6760
f 6187 6186 6178
f 6811 6649 6648
f 6786 6785 6724
f 6791 6790 6918
f 6186 6793 6179
f 6808 6807 8133
f 6884 6883 8135
f 6174 6187 6670
f 6807 6785 6784
f 6791 6808 8132
f 6786 6884 8134
f 6790 6173 6172
f 6649 6793 6792
f 6316 6315 8136
f 8137 6655 6654
f 8139 8140 6601
f 6656 6655 6580
f 6868 8141 8142
f 6316 6712 6711
f 6864 8143 8144
f 6864 6863 8145
f 6868 6867 6869
f 6656 6867 6866
f 8146 8147 8148
f 8139 8150 8151
f 8152 8153 6866
f 8154 8155 8138
f 6874 6873 8156
f 8158 6318 8159
f 8160 8152 6865
f 8161 6317 6313
f 6161 6600 8162
f 8164 8154 6654
f 8153 8164 6653
f 8165 8166 8167
f 8166 5989 8169
f 5989 5988 8170
f 5988 6017 8171
f 8172 8173 6043
f 8174 8175 6032
f 8174 6035 6098
f 8176 6098 6796
f 8177 6796 8178
f 7132 8178 6728
f 6589 6588 8180
f 8180 6588 6004
f 8181 6004 6007
f 6334 6079 6731
f 6079 6078 6645
f 6078 6085 6646
f 6085 8183 8184
f 6091 8130 8185
f 6086 6730 8183
f 6950 6949 7118
f 6952 6951 6992
f 6983 6982 6968
f 6987 6986 7004
f 7001 7000 6979
f 7001 7262 7074
f 7262 7264 7075
f 7264 6952 7127
f 7265 6951 6943
f 7265 7266 6991
f 7266 6950 7070
f 6949 7267 7119
f 7267 6982 6939
f 6983 6987 7099
f 7268 6986 6985
f 7000 7268 8186
f 6938 6937 6985
f 6946 6945 6922
f 6956 6955 6948
f 6971 6970 6928
f 6970 6955 6954
f 6973 6946 6921
f 6977 6976 7263
f 6981 6980 7061
f 6973 7067 7117
f 7097 6980 6979
f 7104 6971 6927
f 6977 6981 7060
f 6976 6945 6944
f 6956 7067 7066
f 6937 7097 8186
f 6938 7104 7101
f 6924 6923 7116
f 6926 6924 7297
f 6930 6929 6962
f 6934 6933 6953
f 6960 6959 6936
f 6963 6929 6928
f 6967 6966 6975
f 7063 7062 7327
f 6959 7065 7096
f 6926 6934 7066
f 7102 6930 7304
f 6967 7063 7331
f 6966 6923 6922
f 7062 7065 7064
f 6963 6933 6932
f 7102 6960 6935
f 7299 7298 7269
f 7301 7300 6932
f 7306 7305 7285
f 7308 7305 6962
f 7315 7306 7284
f 7317 7316 7312
f 7319 7316 6964
f 7322 7298 7297
f 7317 7322 7116
f 7308 7300 7303
f 7326 7325 6958
f 7329 7328 7291
f 7328 7325 7324
f 7301 7299 8187
f 7319 7329 7290
f 7326 7315 7309
f 7272 7271 7321
f 7272 7274 8187
f 7274 7277 7302
f 7281 7280 7307
f 7283 7282 7593
f 7289 7288 7324
f 7293 7292 7330
f 7293 7296 7318
f 7310 7283 7594
f 7314 7313 7595
f 7282 7280 7279
f 7278 7281 7277
f 7314 7271 7270
f 7313 7296 7295
f 7288 7292 7291
f 7289 7310 7637
f 6003 6002 6626
f 6003 6138 7165
f 6690 8188 8189
f 6686 6685 5981
f 6685 6687 6096
f 6687 6688 6806
f 6002 6686 5980
f 6606 8188 5351
f 7164 7173 8190
f 8192 7175 7174
f 6015 6014 8153
f 6189 6188 8155
f 8157 8156 6284
f 6332 6015 8152
f 6593 6592 6317
f 6658 6189 8154
f 6014 6658 8164
f 6332 8194 7131
f 6805 8159 6321
f 6146 8163 8162
f 6607 7128 8195
f 8196 6126 6125
f 8198 7169 7168
f 8199 7168 6633
f 7177 6632 8201
f 8202 8203 8204
f 7208 7186 7185
f 7237 7230 7186
f 6819 6824 7230
f 6818 6821 6824
f 8206 6883 6821
f 8207 6917 8135
f 6917 8207 8209
f 8209 8210 7259
f 8210 8211 6647
f 6812 6648 8212
f 6809 6812 7258
f 6809 7257 8213
f 6113 8213 8214
f 7235 7223 6110
f 7223 7235 7234
f 6147 7234 8215
f 6148 8215 8216
f 8218 6155 6158
f 8219 6285 6116
f 6284 6188 6116
f 6188 6284 8156
f 8155 8156 6873
f 8138 6873 6872
f 8137 6872 8148
f 6193 8147 6281
f 6190 6281 6278
f 8220 8221 8222
f 8224 8225 7139
f 6223 6222 8226
f 6237 6236 8228
f 6238 6223 8227
f 6249 6248 8231
f 6253 6252 8233
f 6236 6279 8221
f 6331 6238 8230
f 6252 6595 8236
f 6222 6237 8229
f 6828 6827 8237
f 6280 8239 8240
f 8208 8135 6883
f 6648 6647 8211
f 6143 6624 8242
f 6624 7189 8244
f 8245 8246 8247
f 8249 8250 8251
f 7195 8253 8254
f 7214 8255 8253
f 8256 8255 7214
f 7243 7211 8257
f 7210 8258 8257
f 8259 7181 6102
f 8261 6122 6121
f 8178 7132 8263
f 7132 6797 8264
f 6797 6135 8265
f 6135 6134 8266
f 6134 6151 8267
f 6151 6154 8268
f 6154 8269 8270
f 8269 8271 8272
f 7194 7193 8273
f 7193 8250 8275
f 8249 8259 8260
f 8248 8277 8278
f 6129 6128 8279
f 7169 8198 8197
f 8198 8190 8192
f 7171 6141 7175
f 6589 6801 7129
f 6801 6037 6040
f 6037 6036 6041
f 6036 6131 6659
f 6131 6156 6118
f 6156 6155 6119
f 8218 8219 6119
f 8219 8218 6815
f 7191 7189 6641
f 8246 8244 7189
f 8245 8278 8281
f 8280 8279 6288
f 6125 6124 7170
f 6288 6127 6602
f 6126 8196 6604
f 8196 8193 6605
f 7174 6140 6691
f 6691 6140 6139
f 7171 7166 8283
f 7172 8283 8284
f 6139 6142 8284
f 8285 8286 8287
f 8211 8210 8289
f 8290 8291 8292
f 8293 8294 8291
f 8293 8207 8208
f 8296 8297 8298
f 6818 6817 8296
f 8285 7256 7258
f 7243 8299 7212
f 7243 6739 8300
f 8301 8300 6739
f 8302 8256 7213
f 8303 8302 7247
f 8304 8303 6168
f 6738 8298 8297
f 8288 8287 6167
f 8304 8292 8291
f 8305 8291 8294
f 6737 6736 8306
f 6736 7244 8307
f 8243 8242 8308
f 8242 8244 8282
f 8247 8246 7191
f 7196 8254 8251
f 8253 8310 8311
f 8255 8312 8310
f 8313 8312 8255
f 7244 8257 8313
f 8313 8257 8258
f 8312 8258 8314
f 8315 8311 8310
f 8311 8315 8316
f 8282 8281 8317
f 8308 8317 8261
f 8309 8261 8262
f 8248 8247 8275
f 8282 8244 8246
f 8307 8313 8256
f 8306 8307 8302
f 8305 8306 8303
f 8298 6738 6737
f 8287 8292 8304
f 7253 8319 7199
f 8319 8320 6028
f 8320 8321 6029
f 8321 8322 7184
f 8322 8203 7185
f 8203 8202 7205
f 8202 7240 7206
f 7239 7245 7210
f 7251 7227 8319
f 7227 7217 8320
f 7217 7216 8321
f 7216 7236 8322
f 7236 8204 8203
f 6175 8199 8200
f 7165 7164 8191
f 6137 8283 7166
f 6200 6199 8283
f 6199 6206 8284
f 8284 6206 6205
f 6205 6608 6689
f 6689 6608 5485
f 7009 7008 8323
f 7013 7012 7021
f 7017 7016 7029
f 7013 7059 7110
f 7073 7072 7084
f 7081 7080 7093
f 7082 7017 7028
f 7088 7072 6995
f 7088 7115 7057
f 7122 7121 7043
f 7124 7123 7024
f 7082 7025 7024
f 7009 7122 7042
f 7012 7124 7126
f 7115 7016 7015
f 7008 7059 7058
f 7081 7121 7120
f 7073 7080 7079
f 6997 6996 7076
f 7023 7022 6942
f 7027 7026 7069
f 7031 7030 6989
f 7079 7078 7033
f 7037 7036 7107
f 7027 7040 7126
f 7041 7030 7029
f 7026 7031 6988
f 7100 7023 6941
f 7108 7036 7002
f 7100 7037 8323
f 6997 7041 7114
f 7022 7040 7039
f 7111 7034 7033
f 7035 7261 7260
f 7261 7076 6996
f 7108 7255 7120
f 7245 8314 8258
f 7246 8315 8314
f 7181 8259 8316
f 8277 6101 6129
f 8278 6129 8280
f 6287 8317 8281
f 6122 8261 8317
f 5487 6145 6144
f 5489 6159 6162
f 6637 8324 8325
f 8326 8325 8225
f 5494 7139 8225
f 6160 6159 8150
f 5496 8324 8151
f 8163 8327 6162
f 6146 6145 8327
f 8243 8328 6144
f 8328 8243 8309
f 8318 8262 5501
f 8262 6121 5502
f 8329 8330 8331
f 8333 8334 8335
f 8338 8182 6007
f 8329 8334 8339
f 8341 6334 6734
f 6006 8342 8337
f 8342 6006 6804
f 6065 6064 8339
f 5995 5994 8341
f 6918 6172 6166
f 7221 6163 6166
f 6172 6171 6880
f 8344 5952 5955
f 5519 5976 5975
f 6806 8345 8346
f 6646 8184 8347
f 8165 8348 8349
f 6322 8350 8131
f 8345 6806 6688
f 6695 8346 5975
f 5976 5519 5528
f 5529 8130 8131
f 6643 8347 8352
f 8183 5533 5532
f 5534 8185 8130
f 6730 5535 5533
f 8351 6688 6093
f 5535 6730 6594
f 8353 8354 6652
f 8354 8353 8355
f 8357 8358 6825
f 8359 8357 6202
f 6224 8354 8356
f 6275 8361 8362
f 6201 6210 7143
f 7146 8363 8359
f 8357 8359 8363
f 8355 8365 8366
f 8361 8360 8368
f 8356 8355 8367
f 8370 8371 8372
f 8220 8373 7145
f 6275 6274 6228
f 5558 4067 6228
f 8375 8369 8367
f 8362 8368 8376
f 8378 8379 8380
f 8363 7146 8382
f 8384 8378 8381
f 8382 8373 8386
f 8383 8387 8364
f 6226 6225 6231
f 6231 6225 8361
f 6636 8388 8389
f 6635 8390 8388
f 8390 6635 5576
f 8379 8378 6232
f 8378 8384 6233
f 8384 8391 8371
f 8372 8392 8393
f 7138 8240 8239
f 8224 8239 8394
f 8146 6638 8394
f 6638 6637 8326
f 6340 6339 6299
f 6747 6338 6577
f 6344 6343 6346
f 6342 6341 6355
f 6353 6352 6349
f 6337 6351 6369
f 6360 6359 6328
f 6358 6357 6386
f 6364 6363 6293
f 6362 6361 6376
f 6366 6353 6297
f 6350 6365 6372
f 6533 6342 6303
f 6534 6536 6346
f 6744 6746 6533
f 6536 6534 6747
f 6357 6835 6894
f 6341 6834 6832
f 6839 6838 6292
f 6837 6836 6380
f 6838 6841 6354
f 6361 6840 6377
f 6363 6366 6296
f 6365 6362 6373
f 6359 6839 6291
f 6836 6358 6385
f 6481 6480 6902
f 6484 6483 6501
f 6477 6488 6487
f 6849 6467 6492
f 6494 6492 6467
f 6547 6481 6544
f 6750 6751 6546
f 6494 6466 6751
f 6843 6484 6500
f 6845 6573 6575
f 6489 6488 6847
f 6474 6487 6491
f 6483 6905 6906
f 6493 6463 6465
f 6471 6470 6544
f 6472 6482 6485
f 6476 6475 6461
f 6470 6451 6542
f 6570 6567 6569
f 6495 6567 6463
f 6475 6465 6462
f 6572 6848 6477
f 6574 6571 6457
f 6569 6568 6543
f 6575 6574 6473
f 6471 6904 6901
f 6469 6468 6508
f 6498 6497 6479
f 6503 6502 6518
f 6489 6506 6505
f 6467 6849 6509
f 6546 6548 6498
f 6549 6548 6752
f 6752 6751 6466
f 6503 6850 6846
f 6850 6851 6844
f 6507 6506 6852
f 6486 6505 6509
f 6502 6907 6909
f 6858 6893 6664
f 8396 8397 6611
f 6833 8398 6324
f 8399 6826 6825
f 6831 6830 8401
f 6707 6833 6826
f 8398 8403 6890
f 6858 6857 8404
f 8405 8396 6610
f 6830 6893 6553
f 8397 6892 6911
f 8400 6825 8358
f 8358 8357 8364
f 8406 8364 8387
f 8389 8408 8380
f 8389 8388 8409
f 8388 8390 8410
f 5575 5597 8410
f 6665 6273 8411
f 8412 8413 6720
f 8413 5602 5601
f 8411 8414 8413
f 6262 6742 6290
f 5602 8413 8414
f 7141 7140 7142
f 8393 8222 8241
f 8227 8226 7147
f 8229 8228 8374
f 8230 8227 7151
f 8232 8231 8415
f 8234 8233 8417
f 8221 8220 8374
f 8235 8230 7153
f 8233 8236 8420
f 8226 8229 7148
f 8238 8237 8421
f 7141 8393 8240
f 6581 6580 6655
f 6640 6639 8140
f 6710 6709 8141
f 6717 6716 6712
f 6860 6859 8143
f 6870 6869 6867
f 6717 8136 6726
f 6870 6580 6192
f 6860 8145 6050
f 6710 6869 6025
f 6639 8149 6871
f 6640 8151 8324
f 6581 8148 8147
f 5615 5614 6234
f 7144 7148 8374
f 7144 7143 6210
f 7150 7149 6210
f 7152 7150 6209
f 7152 7154 8419
f 7154 7155 8421
f 7158 7157 8415
f 7160 7159 8420
f 7162 7161 8418
f 7161 4321 5616
f 8370 6234 6233
f 8373 8382 7146
f 8392 8391 8386
f 8391 8392 8372
f 5617 8344 6713
f 5973 5618 3355
f 8345 5620 5619
f 3880 6735 6910
f 8351 5622 5620
f 8346 5619 5520
f 5621 6910 6911
f 5622 8351 8185
f 8150 5624 5497
f 8423 8424 8425
f 8427 6516 6519
f 8429 8430 8431
f 6523 8432 8433
f 8434 8435 8436
f 8438 8435 8434
f 8438 8440 6511
f 8441 8442 8424
f 8427 8443 8430
f 8444 8428 8445
f 8447 8425 8424
f 8449 8443 8444
f 8451 8431 8430
f 8453 8437 8454
f 8456 8434 8437
f 8439 8434 8456
f 8448 8424 8442
f 8452 8430 8443
f 8425 8447 8459
f 8460 8461 8462
f 8464 8465 8466
f 8468 8469 8470
f 8472 8473 8474
f 8476 8477 8478
f 8480 8481 8482
f 8484 8485 8486
f 8485 8488 8489
f 8490 8491 8481
f 8492 8493 8494
f 8495 8494 8496
f 8498 8499 8500
f 8502 8501 8500
f 8504 8505 8506
f 8508 8509 8510
f 8513 8508 8511
f 8507 8506 8514
f 8516 8517 8518
f 8520 8517 8516
f 8522 8523 8524
f 8526 8527 8522
f 8528 8529 8530
f 8532 8530 8529
f 8534 8535 8536
f 8538 8539 8534
f 8464 8482 8481
f 8483 8540 8541
f 8542 8485 8484
f 8487 8543 8540
f 8488 8485 8542
f 8545 8546 8486
f 8481 8491 8466
f 8547 8545 8489
f 8548 8494 8493
f 8549 8550 8502
f 8551 8496 8494
f 8497 8541 8552
f 8469 8500 8499
f 8547 8541 8497
f 8469 8468 8503
f 8501 8502 8550
f 8460 8504 8507
f 8552 8553 8506
f 8554 8511 8510
f 8549 8552 8505
f 8554 8555 8512
f 8513 8556 8550
f 8461 8507 8515
f 8557 8556 8513
f 8558 8516 8519
f 8559 8560 8527
f 8521 8516 8558
f 8553 8562 8517
f 8477 8525 8524
f 8520 8523 8557
f 8476 8526 8525
f 8527 8560 8556
f 8563 8529 8528
f 8564 8539 8531
f 8533 8529 8563
f 8562 8567 8530
f 8473 8537 8536
f 8559 8562 8532
f 8472 8538 8537
f 8560 8534 8539
f 8463 8462 8555
f 8544 8542 8467
f 8470 8551 8548
f 8475 8474 8566
f 8479 8478 8561
f 8484 8487 8483
f 8490 8489 8488
f 8503 8493 8492
f 8498 8497 8496
f 8504 8510 8509
f 8515 8514 8513
f 8519 8518 8527
f 8521 8524 8523
f 8528 8531 8539
f 8533 8536 8535
f 8467 8484 8482
f 8487 8486 8546
f 8544 8466 8491
f 8480 8541 8547
f 8493 8503 8468
f 8495 8552 8549
f 8551 8470 8499
f 8501 8545 8547
f 8460 8463 8510
f 8508 8550 8549
f 8555 8462 8515
f 8506 8553 8557
f 8519 8526 8476
f 8517 8562 8559
f 8561 8478 8524
f 8522 8556 8557
f 8475 8528 8538
f 8567 8565 8531
f 8566 8474 8536
f 8560 8559 8535
f 8442 8441 8568
f 6512 8570 8568
f 8570 8440 8571
f 8426 6515 6514
f 8428 8444 8443
f 6522 8429 8432
f 8437 8436 8433
f 6524 8436 8435
f 6528 6527 8435
f 8423 6514 6550
f 8429 6522 6516
f 6515 8426 8445
f 8441 6550 6754
f 8570 8572 8569
f 8440 8570 6512
f 8569 8573 8458
f 8574 8575 8572
f 8572 8575 8573
f 8453 8576 8577
f 8576 8453 8455
f 8452 8579 8580
f 8573 8581 8582
f 8575 8583 8581
f 8584 8583 8575
f 8571 8439 8457
f 8439 8571 8440
f 8585 8586 8587
f 8587 8589 8590
f 8589 8591 8592
f 8591 8593 8594
f 8593 8595 8596
f 8595 8597 8598
f 8599 8600 8586
f 8601 8602 8600
f 8603 8604 8602
f 8605 8606 8598
f 8607 8608 8604
f 8609 8610 8608
f 8611 8612 8610
f 8606 8605 8612
f 8613 8614 8589
f 8614 8615 8591
f 8615 8616 8593
f 8616 8617 8595
f 8617 8618 8597
f 8619 8620 8617
f 8620 8621 8618
f 8620 8622 8623
f 8624 8625 8626
f 8626 8623 8622
f 8620 8619 8628
f 8622 8628 8629
f 8627 8629 8630
f 8632 8633 8634
f 8636 8634 8633
f 8637 8638 8636
f 8639 8633 8632
f 8633 8639 8641
f 8635 8641 8642
f 8642 8643 8644
f 8645 8638 8637
f 8586 8646 8613
f 8600 8647 8646
f 8616 8615 8648
f 8615 8614 8649
f 8613 8650 8649
f 8651 8650 8613
f 8647 8652 8651
f 8652 8653 8654
f 8602 8655 8647
f 8655 8656 8652
f 8656 8657 8653
f 8653 8658 8659
f 8658 8660 8661
f 8644 8662 8663
f 8664 8661 8662
f 8661 8664 8666
f 8666 8667 8654
f 8667 8650 8651
f 8668 8605 8597
f 8669 8668 8618
f 8670 8669 8621
f 8671 8670 8623
f 8671 8626 8625
f 8625 8631 8673
f 8636 8674 8675
f 8638 8676 8674
f 8645 8677 8676
f 8645 8663 8678
f 8679 8680 8660
f 8657 8679 8658
f 8583 8584 8648
f 8650 8581 8583
f 8667 8582 8581
f 8666 8681 8582
f 8664 8682 8681
f 8682 8664 8665
f 8684 8685 8643
f 8684 8642 8641
f 8639 8580 8579
f 8580 8639 8640
f 8629 8577 8576
f 8604 8686 8655
f 8608 8687 8686
f 8610 8688 8687
f 8612 8689 8688
f 8605 8668 8689
f 8690 8689 8668
f 8691 8688 8689
f 8692 8687 8688
f 8693 8686 8687
f 8656 8655 8686
f 8694 8690 8669
f 8695 8691 8690
f 8696 8692 8691
f 8697 8693 8692
f 8657 8656 8693
f 8697 8698 8679
f 8696 8699 8698
f 8696 8695 8700
f 8694 8701 8700
f 8670 8671 8701
f 8702 8701 8671
f 8701 8702 8703
f 8703 8704 8699
f 8699 8704 8705
f 8698 8705 8680
f 8672 8673 8706
f 8675 8674 8707
f 8674 8676 8709
f 8709 8676 8677
f 8677 8678 8711
f 8712 8713 8710
f 8702 8706 8714
f 8713 8712 8714
f 8707 8709 8716
f 8717 8716 8713
f 8710 8713 8716
f 8708 8707 8717
f 8546 8601 8599
f 8546 8545 8603
f 8550 8607 8603
f 8556 8609 8607
f 8560 8611 8609
f 8564 8606 8611
f 8565 8598 8606
f 8565 8567 8596
f 8567 8562 8594
f 8562 8553 8592
f 8553 8552 8590
f 8590 8552 8541
f 8540 8585 8588
f 8543 8599 8585
f 8684 8449 8450
f 8579 8452 8449
f 8682 8447 8448
f 8447 8682 8683
f 8681 8448 8458
f 8584 8718 8619
f 8628 8718 8577
f 8457 8456 8577
f 8574 8457 8718
f 7134 6920 6919
f 6164 6163 6919
f 5485 6608 6609
f 3832 5351 8188
f 5921 6609 6221
f 5922 4281 7128
f 6439 8719 8720
f 8720 8719 6570
f 6570 8719 8721
f 6439 6447 8721
f 6727 6058 6057
f 6312 6057 6073
f 6828 6248 6073
f 6877 6268 6267
f 6745 6267 6299
f 6891 6306 6305
f 6338 6747 6746
f 6438 6411 6410
f 6412 6411 6440
f 6564 6421 6424
f 6842 6578 6577
f 6889 6305 6829
f 6579 6578 6564
f 6435 6410 6565
f 8722 6857 6306
f 8723 6859 6058
f 6269 6268 6878
f 7160 7157 6829
f 8724 8144 8143
f 8238 8231 6248
f 6339 6746 6744
f 8395 6577 6338
f 6879 6878 8404
f 8422 8415 8231
f 8725 8143 6859
f 8416 8415 7157
f 6059 6050 6049
f 6330 6099 6049
f 7156 6260 6259
f 6269 6265 6264
f 6297 6349 6264
f 6340 6352 6351
f 6368 6842 8395
f 6422 6414 6559
f 6436 6403 6404
f 6447 6439 6438
f 6424 6423 6436
f 6331 6827 6099
f 6422 6421 6842
f 8722 8403 6856
f 8141 6863 6862
f 6265 6855 6617
f 6324 6890 6259
f 7158 7155 6260
f 6709 8145 6863
f 8235 8237 6827
f 6298 6349 6352
f 6370 6369 6351
f 6891 6890 8403
f 8419 8421 8237
f 6051 6050 8145
f 8422 8421 7155
f 8721 6447 6446
f 6748 6440 8720
f 8727 6008 6011
f 8158 6009 8144
f 6009 6008 6861
f 6008 8727 6862
f 8142 6862 8727
f 6554 6553 6893
f 6833 6707 6708
f 6708 6856 8403
f 5623 6911 6892
f 8406 8366 8365
f 8407 8375 8366
f 8377 8376 8408
f 8397 8396 6530
f 6651 8399 8400
f 8402 8401 6616
f 6618 6707 8399
f 6554 8404 6878
f 8396 8405 6854
f 8401 6553 6552
f 6892 8397 6529
f 8353 8400 8365
f 8377 8409 6276
f 8409 8410 6277
f 8410 5597 5932
f 8726 8404 6857
f 8726 6856 6855
f 7234 6107 6106
f 8279 6124 6127
f 8354 6224 6227
f 6246 6245 6619
f 8239 6280 6282
f 8162 6283 6286
f 6292 6354 6246
f 6382 6378 6377
f 6392 6397 6396
f 6396 6395 6427
f 6398 6397 6443
f 6459 6443 6458
f 6525 6520 6523
f 6558 6272 6271
f 6429 6428 6560
f 6460 6458 6572
f 6272 6558 3736
f 7128 6603 6602
f 6227 6245 6244
f 7180 6631 6634
f 6642 6286 6285
f 6356 6741 6740
f 6816 6815 8218
f 6820 8300 8301
f 6355 6832 6741
f 6344 6835 6834
f 6364 6841 6840
f 6375 6378 6560
f 6848 6847 6488
f 6853 6852 6506
f 6530 6854 6740
f 8140 6871 6874
f 6555 6271 6831
f 8215 6106 6881
f 6348 6895 6894
f 6383 6895 6896
f 6433 6897 6896
f 6432 6897 6898
f 6406 6899 6898
f 6900 6455 6387
f 6900 6449 6448
f 6472 6904 6903
f 6480 6905 6903
f 6497 6907 6906
f 6908 6519 6518
f 4280 5933 6120
f 6100 7167 7170
f 6632 6631 7188
f 7235 8214 7201
f 7206 7209 7212
f 8213 7257 7232
f 8214 8213 7231
f 6108 6107 7200
f 7238 8299 8300
f 7207 7212 8299
f 8205 7241 7240
f 6170 6169 7232
f 6638 8146 8149
f 6601 6874 8157
f 6600 8157 6283
f 8392 8223 8222
f 6278 6280 8241
f 6816 8272 8274
f 6642 6815 6814
f 6128 7170 6124
f 8195 6602 6127
f 8212 8211 8286
f 8292 8287 8286
f 8290 8289 8210
f 8207 8293 8290
f 8294 8293 8295
f 8206 8296 8295
f 6817 8301 8297
f 8288 6170 7256
f 7209 7206 7240
f 6225 6224 8360
f 8369 8368 8360
f 8375 8376 8368
f 8381 8380 8387
f 8385 8381 8383
f 8385 8386 8391
f 8147 8146 6282
f 6345 6894 6835
f 6327 6832 6834
f 6295 6354 6841
f 6379 6377 6840
f 6853 6847 6845
f 6479 6906 6905
f 6848 6572 6571
f 6452 6901 6904
f 6525 6852 6851
f 6496 6909 6907
f 8402 8405 6876
f 8408 8407 8387
f 6279 8241 8222
f 6872 6871 8149
f 8223 8386 8373
f 6526 8433 8436
f 8446 8445 8426
f 8455 8454 8431
f 8446 8459 8450
f 8454 8433 8432
f 6908 8445 8428
f 8578 8455 8451
f 8632 8631 8625
f 8640 8632 8624
f 8660 8663 8662
f 8662 8644 8643
f 8675 8673 8631
f 8680 8678 8663
f 8683 8665 8643
f 8578 8640 8630
f 8673 8675 8708
f 8678 8680 8705
f 8711 8705 8704
f 8706 8708 8715
f 8703 8714 8712
f 8459 8683 8685
f 8407 8408 8376
f 6615 6854 8405
f 5993 6080 6335
f 6060 6682 6018
f 5993 6047 6081
f 6105 6104 6176
f 6177 6104 6000
f 6309 6311 6310
f 8725 6315 6314
f 8724 6314 6318
f 6321 6320 6053
f 6249 6595 6310
f 6596 6254 6257
f 8188 6606 6605
f 5986 6683 6682
f 6714 6726 6311
f 6047 6320 6086
f 6875 6596 6304
f 6001 6105 6912
f 7162 7159 6597
f 7254 7163 6912
f 6684 6683 7163
f 8723 8136 6315
f 6592 8159 6318
f 8332 8331 8171
f 6607 6606 5350
f 8191 8190 8198
f 8197 8192 8193
f 8159 6592 6319
f 8232 8236 6595
f 8192 8190 7173
f 8189 6605 8193
f 6177 8191 8199
f 6733 8331 8330
f 8340 8341 8330
f 8341 5994 6335
f 8412 6721 6875
f 8414 8411 6273
f 8416 8420 8236
f 6727 6726 8136
f 8417 8420 7159
f 6277 5932 5558
f 5935 5576 6635
f 5991 5990 6061
f 6019 6018 6682
f 5999 6034 6033
f 6045 6044 6677
f 6055 6054 6083
f 5995 6064 6063
f 6084 6054 6053
f 6088 5990 5989
f 6063 6084 6046
f 6066 6097 6034
f 6103 6102 7181
f 6673 6676 6133
f 6149 6148 6153
f 6323 6088 8166
f 6585 6584 6083
f 6630 6629 6702
f 6634 6633 7168
f 6676 6149 6152
f 6703 6629 6628
f 6796 6729 6728
f 6069 6729 6097
f 6132 6798 6674
f 6803 6799 6800
f 6011 6010 6055
f 6799 6803 6582
f 7194 8271 6881
f 7131 6584 6583
f 6798 7133 6913
f 7179 7178 8204
f 7183 7182 7246
f 7188 7183 7242
f 6109 7196 7192
f 7204 6630 6176
f 7219 7218 6628
f 7218 7228 7248
f 7179 7219 6627
f 7250 7254 6704
f 7228 7252 7249
f 6678 7250 7249
f 5997 7252 7251
f 8168 8167 6644
f 8167 8169 6732
f 8169 8170 6733
f 8170 8171 8331
f 8336 8335 8173
f 8182 8338 8175
f 8182 8174 8176
f 8181 8176 8177
f 8180 8177 8179
f 7133 6728 6590
f 7130 7131 8194
f 8200 6633 6632
f 7178 8201 8205
f 8269 6154 6153
f 8254 8311 8252
f 8260 6102 6101
f 8179 8263 6802
f 8263 8264 6038
f 8264 8265 6039
f 8265 8266 6130
f 8266 8267 6157
f 8267 8268 6158
f 8268 8270 8217
f 8270 8272 6816
f 6813 8274 8273
f 8273 8275 8247
f 8276 8260 8277
f 7192 8251 8250
f 8252 8316 8259
f 8276 8275 8250
f 7204 8200 7177
f 7182 8316 8315
f 8343 8339 8334
f 8333 8337 8342
f 8343 8342 6800
f 8340 8339 6064
f 6323 8349 8350
f 8168 8352 8348
f 8349 5937 5936
f 8352 5939 5938
f 6103 6634 7167
f 8271 8269 8216
f 8201 7188 7241
f 8274 8272 8271
f 5991 6018 6017
f 8728 8171 6017
f 5997 5996 6680
f 5996 6033 6045
f 6033 6032 6042
f 6042 6032 8175
f 8172 8175 8338
f 8336 8338 8337
f 6684 6678 6677
f 6681 6677 6044
f 6019 6044 6043
f 6016 6043 8173
f 8728 8173 8335
f 8332 8335 8334
f 8194 6332 8160
f 6805 6010 6009
f 5940 5941 7137
f 8324 5496 5942
f 8325 5942 5495
f 6253 5943 4292
f 7137 5941 5944
f 8348 5938 5937
f 8350 5936 5530
f 5624 8150 6159
f 6718 4293 5940
f 8327 5945 5490
f 8347 5946 5939
f 5933 5502 6121
f 8184 5532 5946
f 7142 4298 5615
f 6145 5487 5945
f 8234 5947 5943
f 8328 5948 5488
f 8318 5500 5948
f 7139 5494 4299
f 8418 5616 5947
f 5604 8414 6599
f 5949 3853 6712
f 5944 5949 6716
f 6720 5601 5950
f 6255 5950 4322
f 5614 5935 6235
f 6711 3852 5951
f 8161 5951 3857
f 5973 5964 2965
f 2965 5964 5963
f 222 5963 5960
f 223 5960 5958
f 5958 5957 3185
f 5957 5970 2977
f 5970 5967 1213
f 5967 5966 1214
f 2532 1214 5966
f 2894 2532 5953
f 2871 2894 5952
f 5510 5722 5721
f 5822 5825 5824
f 3511 3512 3844
f 3887 3892 3889
f 3876 3879 3878
f 3356 3357 3911
f 3372 3373 3390
f 3849 3854 3851
f 3481 3478 3867
f 3873 3874 3385
f 3875 3375 3450
f 3915 3794 3865
f 3657 3670 3671
f 5618 5973 3013
f 1997 1996 1889
f 1237 745 744
f 1535 1534 120
f 1531 1532 201
f 1119 1241 1032
f 946 948 824
f 163 8 5
f 9041 9178 9175
f 1155 1156 1162
f 427 213 327
f 553 1902 796
f 8732 2232 2231
f 8732 3178 2230
f 2237 3183 3180
f 8734 8735 8736
f 8735 8737 8738
f 8737 8739 8740
f 8739 8741 8742
f 8743 8744 8745
f 8746 8745 8747
f 8749 8750 8748
f 8751 8752 8750
f 8754 8755 8756
f 8757 8758 8755
f 8759 8760 8758
f 8761 8762 8760
f 8763 8764 8762
f 8766 8751 8749
f 8765 8749 8747
f 8767 8747 8745
f 8768 8745 8744
f 8744 8770 8771
f 8770 8741 8772
f 8741 8739 8773
f 8739 8737 8774
f 8737 8735 8775
f 8735 8734 8776
f 8776 8734 8777
f 2904 8778 8779
f 8780 8778 2904
f 8781 8780 2902
f 2875 8782 8781
f 8783 8784 2733
f 2825 8785 8786
f 8788 8789 8790
f 8792 8788 8787
f 2724 2723 8785
f 8787 8790 3115
f 8791 8787 3117
f 8794 8766 8765
f 8793 8765 8767
f 8795 8767 8768
f 8796 8768 8769
f 8797 8769 8771
f 8771 8772 8799
f 8772 8773 8800
f 8773 8774 8801
f 8774 8775 8802
f 8775 8776 8803
f 8776 3184 3056
f 8802 8803 2253
f 8801 8802 2252
f 8800 8801 1727
f 8799 8800 2150
f 8804 8798 8799
f 8805 8797 8798
f 8806 8796 8797
f 8807 8795 8796
f 8793 8795 8807
f 8794 8793 8808
f 8810 8811 8809
f 8808 8807 8806
f 8810 8806 8805
f 8813 8811 8810
f 8812 8805 8804
f 8815 8813 8812
f 8814 8804 1941
f 8755 8750 8752
f 8758 8748 8750
f 8760 8746 8748
f 8762 8743 8746
f 8816 8817 8764
f 8818 8819 8820
f 8816 8763 8782
f 8821 8818 8817
f 8789 8821 8783
f 8818 8821 8789
f 8819 8818 8788
f 8822 8820 8819
f 8823 8819 8792
f 8824 8792 8791
f 2712 8791 3119
f 8826 8822 8823
f 8825 8823 8824
f 8827 8824 2712
f 8828 8827 2711
f 8829 8825 8827
f 8830 8826 8825
f 8743 8762 8764
f 8817 8820 8831
f 8770 8744 8743
f 8741 8770 8831
f 8820 8822 8742
f 8740 8742 8822
f 8738 8740 8826
f 8736 8738 8830
f 8833 8828 2400
f 8834 8829 8828
f 8832 8830 8829
f 8835 8833 2402
f 3058 8835 2707
f 3061 8836 8835
f 8836 8834 8833
f 8733 8736 8832
f 8837 8832 8834
f 8777 8734 8733
f 8838 8733 8837
f 8837 8836 3061
f 1961 3057 8838
f 3057 3184 8777
f 8779 8754 8753
f 8778 8757 8754
f 8780 8759 8757
f 8781 8761 8759
f 8782 8763 8761
f 8821 8816 8784
f 8785 8790 8789
f 2723 3115 8790
f 2875 2733 8784
f 2736 2824 8786
f 2947 8779 8839
f 8815 8814 1360
f 1900 1925 1924
f 1736 1717 1718
f 1955 1952 1943
f 1671 1738 1735
f 1696 1750 1698
f 1800 1865 1864
f 2063 2055 2056
f 1737 1734 1717
f 1751 1735 1697
f 943 9337 9351
f 9108 8839 8753
f 1577 1578 1764
f 9369 1598 1599
f 1945 146 82
f 68 6 7
f 147 1542 1543
f 1109 1135 1133
f 1503 1910 1907
f 1499 1501 1909
f 452 1922 735
f 1824 2068 9287
f 1825 2067 2068
f 1463 1462 1022
f 841 1012 1009
f 1568 1547 1955
f 1910 1503 1502
f 1939 1502 422
f 309 280 1940
f 1804 1851 1866
f 269 1482 1954
f 2065 1607 2060
f 9264 1685 1758
f 280 276 552
f 1875 1873 1869
f 1739 1721 1734
f 5923 5897 5899
f 1778 1779 1790
f 310 1920 1915
f 1909 1908 1906
f 1789 1783 1778
f 978 981 980
f 1584 1759 1731
f 425 426 311
f 148 1543 115
f 2044 9349 9346
f 277 1910 1939
f 1943 1946 1945
f 1461 1462 1463
f 2253 8803 3056
f 2981 2254 8927
f 2209 2998 8927
f 2254 2253 3055
f 2998 926 958
f 2826 2817 2721
f 8928 2739 2721
f 2816 8929 8928
f 2334 2297 2296
f 2298 2297 2334
f 2301 2298 2336
f 2311 2301 2338
f 2312 2311 2354
f 2359 2358 2361
f 2335 2296 2359
f 2414 2413 2365
f 2413 2270 2361
f 2355 2352 2540
f 2541 2540 2539
f 2722 2721 2739
f 3114 2722 2738
f 3110 3112 3121
f 3108 3110 3120
f 3122 1754 3127
f 3112 3122 3126
f 3127 1754 1753
f 3139 3133 2529
f 9196 9227 3133
f 8928 2789 2740
f 8929 2790 2789
f 228 229 91
f 245 244 243
f 248 7 247
f 2 297 296
f 145 146 300
f 327 213 210
f 329 332 331
f 239 241 240
f 373 376 375
f 178 177 176
f 1218 1225 1228
f 9314 1231 1295
f 808 809 824
f 9310 9311 1013
f 9265 9262 1411
f 2154 2149 2159
f 9297 9287 1758
f 306 807 1922
f 2157 2153 1976
f 708 709 2031
f 1450 1226 1227
f 1672 1604 1605
f 1813 1814 1821
f 1717 1716 1715
f 176 159 402
f 1710 1705 9368
f 1712 1580 1577
f 1705 1713 1711
f 3435 3476 3475
f 971 978 979
f 822 823 1094
f 2909 2810 2793
f 2810 2769 2795
f 2799 2910 2249
f 9114 9095 2910
f 2769 2768 2801
f 3177 3176 3178
f 3178 8732 3180
f 3181 1394 1393
f 3181 1633 1632
f 3182 1632 2244
f 3183 2244 2243
f 8932 2791 2790
f 2808 8932 8929
f 2239 9018 9016
f 1149 1150 9015
f 1150 2009 9011
f 2202 9013 9010
f 2921 9008 9009
f 9012 9004 2133
f 1777 1579 1759
f 1201 1196 1183
f 9005 8998 2195
f 8997 9020 2770
f 9379 9377 1687
f 1516 152 154
f 8993 9006 2974
f 8994 8992 2779
f 2771 2772 9019
f 3070 2771 8990
f 8991 8988 2775
f 1376 1375 1370
f 2767 8987 9000
f 2195 8998 8987
f 2775 8988 8986
f 8344 5617 8989
f 9256 9254 8983
f 2776 8986 8982
f 2240 9016 8979
f 2920 8979 9121
f 8992 8978 2786
f 1805 1850 1851
f 8978 8976 2787
f 2951 2773 8984
f 2772 2951 8975
f 2973 2224 8974
f 2224 2223 8981
f 1957 1953 320
f 306 305 304
f 2770 9020 8972
f 2913 8972 9018
f 2923 9009 8971
f 308 1940 431
f 207 208 132
f 1879 1876 1881
f 9185 9239 8969
f 2475 3070 9002
f 2476 2475 8968
f 2223 2476 8967
f 8966 8993 2803
f 2037 9007 11
f 1959 1958 450
f 2003 8999 8964
f 9 10 334
f 2009 2008 8962
f 2008 2973 8980
f 9329 672 673
f 8959 8994 2778
f 2935 8958 8957
f 111 1149 9014
f 3238 3342 3341
f 8954 8958 2935
f 683 9328 9337
f 8952 9001 2810
f 736 733 732
f 1795 1804 1803
f 8949 8954 2938
f 8951 8949 2939
f 2950 8956 8948
f 2940 2949 8948
f 9253 9243 8956
f 2868 8953 8946
f 2869 8946 8966
f 1024 1034 1023
f 8944 8947 2948
f 551 1939 442
f 2972 8943 9012
f 2032 8977 8943
f 216 93 1924
f 3532 3534 3482
f 203 202 201
f 3539 3542 3541
f 1828 1848 1847
f 1958 1957 449
f 272 271 178
f 2871 8989 8939
f 9071 9121 9008
f 2801 2768 9095
f 2005 9210 9106
f 960 886 899
f 9109 9107 9064
f 9232 9240 9098
f 3151 9098 9045
f 2193 9056 9075
f 9059 9055 3145
f 9055 9101 2761
f 9044 9059 3144
f 2926 9110 9086
f 9086 9044 3104
f 9207 9206 9198
f 566 567 9210
f 8839 9108 1864
f 1602 1586 2079
f 2868 9110 9063
f 2922 9063 9062
f 2923 9062 9070
f 9122 9065 2918
f 9071 9122 9066
f 2921 9070 9122
f 2920 9066 9038
f 9065 9094 2915
f 2917 2766 9074
f 2916 2917 9093
f 2239 9039 9104
f 2911 9092 9104
f 9095 9092 2911
f 2797 2801 9114
f 2797 9043 9050
f 9074 9080 2763
f 9060 9080 2764
f 2194 9075 9100
f 2221 9100 9101
f 2756 9060 9061
f 2750 9050 9061
f 9121 8979 1817
f 9215 9222 1691
f 2515 9073 9042
f 2548 9042 9045
f 2513 2489 9084
f 2513 9068 9073
f 2509 9085 9072
f 2510 9084 9085
f 2289 9072 9091
f 2283 9091 9069
f 2240 9038 9039
f 9111 9109 9076
f 716 2121 9339
f 727 1999 9213
f 2165 2171 2170
f 9112 9111 9078
f 9195 9033 9030
f 2175 2172 769
f 2100 500 2095
f 9210 567 9209
f 640 9004 9012
f 1653 9020 8997
f 1895 8980 8974
f 746 8974 8981
f 1653 1810 8972
f 9214 1603 1604
f 2093 2075 2073
f 959 996 995
f 962 899 919
f 1400 1401 1398
f 1000 817 1127
f 956 959 884
f 1662 8992 8994
f 2034 9002 8990
f 9378 1689 8983
f 8979 9016 766
f 9016 9018 765
f 334 9014 9015
f 1868 8975 8984
f 1684 1651 1652
f 1682 1683 775
f 1585 1603 9214
f 9215 9214 1672
f 2173 2174 490
f 1658 8988 8991
f 9000 8987 1650
f 1571 9206 2010
f 1587 9116 9123
f 2099 2095 2077
f 787 9213 1999
f 2000 9146 786
f 3155 339 9149
f 9165 3155 9135
f 2180 2179 9137
f 8940 2180 9136
f 1684 9298 9292
f 1760 464 8939
f 2607 9141 9145
f 2581 9128 9141
f 2371 2502 9152
f 2371 9147 9145
f 2587 9128 9127
f 2586 9127 9149
f 2497 9143 9139
f 2502 2503 9139
f 2494 9143 9142
f 9142 9140 2472
f 9140 9153 2468
f 9153 9155 2469
f 726 9360 9344
f 581 9011 8962
f 10 8955 9014
f 1837 8958 8954
f 741 8981 8967
f 1299 8968 9002
f 1851 8951 8948
f 8971 9009 1820
f 580 8962 8980
f 1758 1685 8966
f 1693 9001 8952
f 8948 8956 1867
f 1894 1826 9012
f 2126 1418 9265
f 9358 2126 9293
f 2113 9363 9319
f 2179 9165 9241
f 624 9355 9356
f 2192 9056 9240
f 2177 8985 9239
f 1364 9276 9285
f 9310 9307 1470
f 3135 1753 9227
f 2069 9264 9287
f 1351 9313 9305
f 2108 9334 9353
f 2089 2092 9188
f 9280 9286 1358
f 2001 9201 9235
f 2187 9235 9171
f 2130 9208 9204
f 2004 9204 9201
f 2014 9176 9231
f 2201 9231 9208
f 3167 9172 9211
f 3168 9176 9172
f 3159 9161 9216
f 3160 9216 9217
f 9182 9159 3158
f 3158 9159 9161
f 2200 3069 9182
f 9137 9241 9194
f 9174 9226 2197
f 9242 9188 2092
f 9226 9242 9173
f 3154 9158 9242
f 3155 9165 9158
f 2091 9171 9173
f 2196 3148 9202
f 2193 2196 9228
f 9056 2193 9233
f 2086 2192 9232
f 2087 2086 9230
f 2204 9194 9203
f 2205 9203 9202
f 9361 9338 574
f 2124 2087 9229
f 2208 2124 9212
f 9163 9237 3140
f 9237 9197 3138
f 9197 9196 3139
f 9223 9164 3136
f 9164 9163 3137
f 9227 9219 3131
f 9219 9234 3132
f 1813 9291 9290
f 1293 9306 9308
f 2184 2321 9200
f 2181 2184 9184
f 9217 9220 3079
f 9220 9186 3080
f 709 9325 9327
f 2774 2961 9189
f 9238 9221 2134
f 9261 9260 766
f 2968 9236 9218
f 2969 9211 9236
f 2958 9199 9189
f 2132 9199 9218
f 2321 2185 9223
f 9312 9300 1449
f 9357 9326 582
f 9338 9341 577
f 9299 9278 1818
f 705 9354 9339
f 9268 9364 9359
f 2111 9335 9363
f 9262 9281 1366
f 1812 9291 9274
f 675 9303 9304
f 8940 9157 9303
f 2110 9319 9320
f 2104 9348 9353
f 2109 9320 9351
f 9294 9283 703
f 1680 9263 9298
f 1639 1627 9271
f 623 9356 9358
f 2139 2140 9318
f 1808 1640 9296
f 9272 9273 1819
f 9324 9366 9352
f 1646 9284 9282
f 9341 9342 633
f 2139 9317 9327
f 2156 2155 9323
f 674 9304 9365
f 2117 9269 9264
f 1815 9274 9299
f 9307 9301 1444
f 697 9358 9364
f 866 842 9288
f 9316 9321 2136
f 9037 9183 9178
f 9035 9192 9183
f 9205 9198 9190
f 9192 9035 9033
f 1088 9190 9198
f 9191 9192 9195
f 2791 8932 8933
f 8932 2808 2807
f 2792 8933 8934
f 8933 2807 2806
f 8952 2909 8934
f 8960 8934 2806
f 2948 8947 9243
f 2105 9360 9348
f 8982 9254 9256
f 680 9330 9328
f 1891 1890 9362
f 2905 9251 9253
f 2900 9249 9251
f 2901 9249 9259
f 2734 2878 9258
f 2877 9259 9258
f 2820 9252 9246
f 2818 9248 9244
f 2823 9245 9244
f 2822 9245 9250
f 2819 2735 9252
f 2817 9248 9247
f 2809 9257 9247
f 2808 9257 9255
f 2805 9256 9255
f 1702 9373 9375
f 9374 9372 1797
f 9367 9368 1706
f 9370 9379 1692
f 1657 9350 9332
f 1890 1877 9347
f 9224 9222 1674
f 1689 1690 9224
f 9378 9254 8982
f 8960 8983 1689
f 9369 9375 1703
f 1598 9369 9380
f 9332 9336 1876
f 1691 1690 9377
f 9377 9378 1688
f 9386 9385 9389
f 9386 9390 9391
f 9384 9388 9389
f 9390 9394 9395
f 9389 9388 9392
f 9389 9393 9394
f 9394 9398 9399
f 9393 9392 9396
f 9394 9393 9397
f 9399 9398 9402
f 9396 9400 9401
f 9397 9401 9402
f 9402 9406 9407
f 9401 9400 9404
f 9402 9401 9405
f 9407 9406 9410
f 9405 9404 9408
f 9405 9409 9410
f 9411 9410 9414
f 9409 9408 9412
f 9410 9409 9413
f 9414 9418 9419
f 9412 9416 9417
f 9413 9417 9418
f 9418 9422 9423
f 9417 9416 9420
f 9418 9417 9421
f 9422 9426 9427
f 9420 9424 9425
f 9421 9425 9426
f 9426 9430 9431
f 9425 9424 9428
f 9426 9425 9429
f 9431 9430 9434
f 9428 9432 9433
f 9429 9433 9434
f 9434 9438 9439
f 9433 9432 9436
f 9434 9433 9437
f 9439 9438 9442
f 9436 9440 9441
f 9437 9441 9442
f 9443 9442 9446
f 9441 9440 9444
f 9442 9441 9445
f 9447 9446 9450
f 9444 9448 9449
f 9445 9449 9450
f 9450 9454 9455
f 9449 9448 9452
f 9450 9449 9453
f 9454 9458 9459
f 9452 9456 9457
f 9453 9457 9458
f 9458 9462 9463
f 9457 9456 9460
f 9458 9457 9461
f 9463 9462 9466
f 9460 9464 9465
f 9461 9465 9466
f 9466 9470 9471
f 9465 9464 9468
f 9466 9465 9469
f 9471 9470 9474
f 9468 9472 9473
f 9469 9473 9474
f 9475 9474 9478
f 9473 9472 9476
f 9474 9473 9477
f 9479 9478 9482
f 9476 9480 9481
f 9477 9481 9482
f 9483 9482 9486
f 9481 9480 9484
f 9482 9481 9485
f 9486 9490 9491
f 9484 9488 9489
f 9485 9489 9490
f 9490 9494 9495
f 9489 9488 9492
f 9490 9489 9493
f 9495 9494 9498
f 9492 9496 9497
f 9493 9497 9498
f 9498 9502 9503
f 9497 9496 9500
f 9498 9497 9501
f 9503 9502 9507
f 9500 9505 9506
f 9501 9506 9507
f 9508 9507 9511
f 9505 9509 9510
f 9507 9506 9510
f 9512 9511 9386
f 9510 9509 9384
f 9510 9385 9386
f 9521 9520 9533
f 9518 9531 9532
f 9517 9516 9529
f 9515 9514 9527
f 9523 9536 9537
f 9521 9534 9535
f 9519 9532 9533
f 9518 9517 9530
f 9515 9528 9529
f 9513 9526 9527
f 9524 9537 9538
f 9523 9522 9535
f 9528 9541 9542
f 9526 9539 9540
f 9538 9537 9550
f 9535 9548 9549
f 9534 9533 9546
f 9531 9544 9545
f 9530 9529 9542
f 9528 9527 9540
f 9537 9536 9549
f 9534 9547 9548
f 9532 9545 9546
f 9531 9530 9543
f 9541 9554 9555
f 9540 9539 9552
f 9550 9563 9564
f 9548 9561 9562
f 9547 9546 9559
f 9544 9557 9558
f 9542 9555 9556
f 9541 9540 9553
f 9549 9562 9563
f 9547 9560 9561
f 9546 9545 9558
f 9544 9543 9556
f 9555 9554 9567
f 9552 9565 9566
f 9564 9563 9576
f 9562 9561 9574
f 9559 9572 9573
f 9557 9570 9571
f 9555 9568 9569
f 9553 9566 9567
f 9562 9575 9576
f 9561 9560 9573
f 9559 9558 9571
f 9557 9556 9569
f 9567 9580 9581
f 9566 9565 9578
f 9576 9589 9590
f 9575 9574 9587
f 9572 9585 9586
f 9571 9570 9583
f 9569 9568 9581
f 9566 9579 9580
f 9576 9575 9588
f 9574 9573 9586
f 9571 9584 9585
f 9569 9582 9583
f 9581 9580 9593
f 9578 9591 9592
f 9590 9589 9602
f 9588 9587 9600
f 9585 9598 9599
f 9583 9596 9597
f 9582 9581 9594
f 9579 9592 9593
f 9589 9588 9601
f 9587 9586 9599
f 9584 9597 9598
f 9583 9582 9595
f 9594 9593 9606
f 9592 9591 9604
f 9602 9615 9616
f 9601 9600 9613
f 9598 9611 9612
f 9596 9609 9610
f 9594 9607 9608
f 9592 9605 9606
f 9601 9614 9615
f 9600 9599 9612
f 9598 9597 9610
f 9596 9595 9608
f 9607 9606 9619
f 9605 9604 9617
f 9615 9628 9629
f 9613 9626 9627
f 9611 9624 9625
f 9610 9609 9622
f 9607 9620 9621
f 9605 9618 9619
f 9615 9614 9627
f 9613 9612 9625
f 9611 9610 9623
f 9608 9621 9622
f 9619 9632 9633
f 9617 9630 9631
f 9628 9641 9642
f 9627 9626 9639
f 9625 9624 9637
f 9622 9635 9636
f 9621 9620 9633
f 9619 9618 9631
f 9627 9640 9641
f 9625 9638 9639
f 9623 9636 9637
f 9622 9621 9634
f 9632 9645 9646
f 9630 9643 9644
f 9642 9641 9654
f 9639 9652 9653
f 9638 9637 9650
f 9635 9648 9649
f 9634 9633 9646
f 9632 9631 9644
f 9641 9640 9653
f 9638 9651 9652
f 9636 9649 9650
f 9635 9634 9647
f 9645 9658 9659
f 9644 9643 9656
f 9654 9667 9668
f 9652 9665 9666
f 9651 9650 9663
f 9648 9661 9662
f 9646 9659 9660
f 9645 9644 9657
f 9653 9666 9667
f 9651 9664 9665
f 9650 9649 9662
f 9648 9647 9660
f 9659 9658 9671
f 9656 9669 9670
f 9668 9667 9680
f 9665 9678 9679
f 9663 9676 9677
f 9661 9674 9675
f 9659 9672 9673
f 9657 9670 9671
f 9666 9679 9680
f 9665 9664 9677
f 9663 9662 9675
f 9661 9660 9673
f 9671 9684 9685
f 9670 9669 9682
f 9680 9693 9694
f 9678 9691 9692
f 9677 9676 9689
f 9675 9674 9687
f 9673 9672 9685
f 9670 9683 9684
f 9680 9679 9692
f 9678 9677 9690
f 9675 9688 9689
f 9673 9686 9687
f 9685 9684 9697
f 9682 9695 9696
f 9694 9693 9706
f 9692 9691 9704
f 9689 9702 9703
f 9687 9700 9701
f 9686 9685 9698
f 9683 9696 9697
f 9693 9692 9705
f 9691 9690 9703
f 9688 9701 9702
f 9687 9686 9699
f 9698 9697 9710
f 9696 9695 9708
f 9706 9719 9720
f 9705 9704 9717
f 9702 9715 9716
f 9700 9713 9714
f 9698 9711 9712
f 9696 9709 9710
f 9705 9718 9719
f 9704 9703 9716
f 9702 9701 9714
f 9700 9699 9712
f 9711 9710 9723
f 9709 9708 9721
f 9719 9732 9733
f 9717 9730 9731
f 9715 9728 9729
f 9714 9713 9726
f 9711 9724 9725
f 9709 9722 9723
f 9718 9731 9732
f 9717 9716 9729
f 9715 9714 9727
f 9712 9725 9726
f 9723 9736 9737
f 9721 9734 9735
f 9733 9732 9745
f 9731 9730 9743
f 9729 9728 9741
f 9726 9739 9740
f 9725 9724 9737
f 9723 9722 9735
f 9732 9731 9744
f 9729 9742 9743
f 9727 9740 9741
f 9726 9725 9738
f 9736 9749 9750
f 9734 9747 9748
f 9746 9745 9758
f 9743 9756 9757
f 9742 9741 9754
f 9739 9752 9753
f 9738 9737 9750
f 9736 9735 9748
f 9745 9744 9757
f 9742 9755 9756
f 9740 9753 9754
f 9739 9738 9751
f 9749 9762 9763
f 9748 9747 9760
f 9758 9771 9772
f 9756 9769 9770
f 9755 9754 9767
f 9752 9765 9766
f 9750 9763 9764
f 9749 9748 9761
f 9757 9770 9771
f 9756 9755 9768
f 9754 9753 9766
f 9752 9751 9764
f 9762 9775 9776
f 9760 9773 9774
f 9772 9771 9784
f 9770 9769 9782
f 9768 9767 9780
f 9765 9778 9779
f 9763 9776 9777
f 9762 9761 9774
f 9770 9783 9784
f 9768 9781 9782
f 9767 9766 9779
f 9764 9777 9778
f 9775 9788 9789
f 9774 9773 9786
f 9784 9797 9798
f 9782 9795 9796
f 9781 9780 9793
f 9779 9778 9791
f 9777 9776 9789
f 9774 9787 9788
f 9784 9783 9796
f 9782 9781 9794
f 9779 9792 9793
f 9777 9790 9791
f 9789 9788 9802
f 9786 9800 9801
f 9798 9797 9811
f 9796 9795 9809
f 9793 9807 9808
f 9792 9791 9805
f 9790 9789 9803
f 9787 9801 9802
f 9797 9796 9810
f 9795 9794 9808
f 9792 9806 9807
f 9790 9804 9805
f 9803 9802 9815
f 9801 9800 9813
f 9811 9824 9825
f 9810 9809 9822
f 9807 9820 9821
f 9806 9805 9818
f 9803 9816 9817
f 9801 9814 9815
f 9810 9823 9824
f 9809 9808 9821
f 9807 9806 9819
f 9804 9817 9818
f 9816 9815 9828
f 9814 9813 9826
f 9825 9824 9837
f 9822 9835 9836
f 9820 9833 9834
f 9819 9818 9831
f 9816 9829 9830
f 9814 9827 9828
f 9824 9823 9836
f 9822 9821 9834
f 9820 9819 9832
f 9817 9830 9831
f 9828 9841 9842
f 9826 9839 9840
f 9837 9850 9851
f 9836 9835 9848
f 9834 9833 9846
f 9831 9844 9845
f 9830 9829 9842
f 9828 9827 9840
f 9836 9849 9850
f 9834 9847 9848
f 9832 9845 9846
f 9831 9830 9843
f 9841 9854 9855
f 9839 9852 9853
f 9851 9850 9863
f 9848 9861 9862
f 9847 9846 9859
f 9845 9844 9857
f 9843 9842 9855
f 9841 9840 9853
f 9850 9849 9862
f 9847 9860 9861
f 9845 9858 9859
f 9843 9856 9857
f 9854 9867 9868
f 9853 9852 9865
f 9863 9876 9877
f 9861 9874 9875
f 9860 9859 9872
f 9858 9857 9870
f 9855 9868 9869
f 9854 9853 9866
f 9862 9875 9876
f 9860 9873 9874
f 9859 9858 9871
f 9856 9869 9870
f 9868 9867 9880
f 9865 9878 9879
f 9877 9876 9889
f 9875 9874 9887
f 9873 9872 9885
f 9870 9883 9884
f 9868 9881 9882
f 9867 9866 9879
f 9875 9888 9889
f 9873 9886 9887
f 9872 9871 9884
f 9870 9869 9882
f 9880 9893 9894
f 9878 9891 9892
f 9889 9902 9903
f 9887 9900 9901
f 9886 9885 9898
f 9884 9883 9896
f 9882 9881 9894
f 9879 9892 9893
f 9889 9888 9901
f 9887 9886 9899
f 9884 9897 9898
f 9882 9895 9896
f 9894 9893 9906
f 9891 9904 9905
f 9903 9902 9915
f 9901 9900 9913
f 9898 9911 9912
f 9896 9909 9910
f 9895 9894 9907
f 9892 9905 9906
f 9902 9901 9914
f 9899 9912 9913
f 9897 9910 9911
f 9896 9895 9908
f 9907 9906 9919
f 9905 9904 9917
f 9915 9928 9929
f 9914 9913 9926
f 9911 9924 9925
f 9909 9922 9923
f 9907 9920 9921
f 9905 9918 9919
f 9914 9927 9928
f 9913 9912 9925
f 9911 9910 9923
f 9909 9908 9921
f 9920 9919 9515
f 9918 9917 9513
f 9929 9928 9524
f 9926 9522 9523
f 9924 9520 9521
f 9923 9922 9518
f 9920 9516 9517
f 9918 9514 9515
f 9928 9927 9523
f 9926 9925 9521
f 9924 9923 9519
f 9921 9517 9518
f 9387 9513 9917
f 9917 9904 9508
f 9904 9891 9503
f 9891 9878 9499
f 9499 9878 9865
f 9495 9865 9852
f 9491 9852 9839
f 9839 9826 9483
f 9483 9826 9813
f 9813 9800 9475
f 9800 9786 9471
f 9786 9773 9467
f 9467 9773 9760
f 9463 9760 9747
f 9459 9747 9734
f 9734 9721 9451
f 9451 9721 9708
f 9708 9695 9443
f 9695 9682 9439
f 9682 9669 9435
f 9435 9669 9656
f 9431 9656 9643
f 9427 9643 9630
f 9630 9617 9419
f 9419 9617 9604
f 9604 9591 9411
f 9591 9578 9407
f 9578 9565 9403
f 9403 9565 9552
f 9399 9552 9539
f 9395 9539 9526
f 9526 9513 9387
f 9932 9931 9935
f 9932 9936 9937
f 9931 9930 9934
f 9936 9940 9941
f 9934 9938 9939
f 9935 9939 9940
f 9940 9944 9945
f 9939 9938 9942
f 9940 9939 9943
f 9945 9944 9948
f 9942 9946 9947
f 9943 9947 9948
f 9948 9952 9953
f 9947 9946 9950
f 9948 9947 9951
f 9953 9952 9956
f 9950 9954 9955
f 9951 9955 9956
f 9957 9956 9960
f 9955 9954 9958
f 9956 9955 9959
f 9961 9960 9964
f 9958 9962 9963
f 9959 9963 9964
f 9965 9964 9968
f 9963 9962 9966
f 9964 9963 9967
f 9968 9972 9973
f 9966 9970 9971
f 9967 9971 9972
f 9972 9976 9977
f 9970 9974 9975
f 9972 9971 9975
f 9977 9976 9980
f 9974 9978 9979
f 9975 9979 9980
f 9980 9984 9985
f 9979 9978 9982
f 9980 9979 9983
f 9985 9984 9988
f 9982 9986 9987
f 9983 9987 9988
f 9989 9988 9992
f 9986 9990 9991
f 9988 9987 9991
f 9993 9992 9996
f 9991 9990 9994
f 9991 9995 9996
f 9996 10000 10001
f 9994 9998 9999
f 9996 9995 9999
f 10000 10004 10005
f 9999 9998 10002
f 9999 10003 10004
f 10004 10008 10009
f 10003 10002 10006
f 10004 10003 10007
f 10009 10008 10012
f 10006 10010 10011
f 10007 10011 10012
f 10012 10016 10017
f 10011 10010 10014
f 10012 10011 10015
f 10017 10016 10020
f 10014 10018 10019
f 10015 10019 10020
f 10021 10020 10024
f 10019 10018 10022
f 10020 10019 10023
f 10024 10028 10029
f 10022 10026 10027
f 10023 10027 10028
f 10028 10032 10033
f 10027 10026 10030
f 10028 10027 10031
f 10032 10036 10037
f 10030 10034 10035
f 10031 10035 10036
f 10036 10040 10041
f 10035 10034 10038
f 10036 10035 10039
f 10041 10040 10044
f 10038 10042 10043
f 10039 10043 10044
f 10044 10048 10049
f 10043 10042 10046
f 10044 10043 10047
f 10049 10048 10053
f 10046 10051 10052
f 10047 10052 10053
f 10054 10053 10057
f 10052 10051 10055
f 10053 10052 10056
f 10058 10057 9932
f 10055 9930 9931
f 10056 9931 9932
f 10067 10066 10079
f 10064 10077 10078
f 10063 10062 10075
f 10061 10060 10073
f 10070 10069 10082
f 10067 10080 10081
f 10065 10078 10079
f 10064 10063 10076
f 10061 10074 10075
f 10059 10072 10073
f 10071 10070 10083
f 10069 10068 10081
f 10074 10087 10088
f 10072 10085 10086
f 10084 10083 10096
f 10081 10094 10095
f 10080 10079 10092
f 10078 10077 10090
f 10076 10075 10088
f 10074 10073 10086
f 10083 10082 10095
f 10080 10093 10094
f 10078 10091 10092
f 10076 10089 10090
f 10087 10100 10101
f 10086 10085 10098
f 10096 10109 10110
f 10094 10107 10108
f 10093 10092 10105
f 10091 10090 10103
f 10088 10101 10102
f 10087 10086 10099
f 10095 10108 10109
f 10094 10093 10106
f 10092 10091 10104
f 10089 10102 10103
f 10100 10113 10114
f 10098 10111 10112
f 10110 10109 10122
f 10108 10107 10120
f 10105 10118 10119
f 10103 10116 10117
f 10101 10114 10115
f 10100 10099 10112
f 10108 10121 10122
f 10106 10119 10120
f 10105 10104 10117
f 10103 10102 10115
f 10113 10126 10127
f 10112 10111 10124
f 10122 10135 10136
f 10120 10133 10134
f 10119 10118 10131
f 10117 10116 10129
f 10115 10114 10127
f 10113 10112 10125
f 10122 10121 10134
f 10119 10132 10133
f 10117 10130 10131
f 10115 10128 10129
f 10127 10126 10139
f 10124 10137 10138
f 10136 10135 10148
f 10134 10133 10146
f 10131 10144 10145
f 10130 10129 10142
f 10128 10127 10140
f 10125 10138 10139
f 10135 10134 10147
f 10133 10132 10145
f 10130 10143 10144
f 10128 10141 10142
f 10140 10139 10152
f 10138 10137 10150
f 10148 10161 10162
f 10147 10146 10159
f 10144 10157 10158
f 10143 10142 10155
f 10140 10153 10154
f 10138 10151 10152
f 10147 10160 10161
f 10146 10145 10158
f 10144 10143 10156
f 10141 10154 10155
f 10153 10152 10165
f 10151 10150 10163
f 10162 10161 10174
f 10159 10172 10173
f 10157 10170 10171
f 10156 10155 10168
f 10153 10166 10167
f 10151 10164 10165
f 10161 10160 10173
f 10159 10158 10171
f 10157 10156 10169
f 10154 10167 10168
f 10165 10178 10179
f 10163 10176 10177
f 10175 10174 10187
f 10173 10172 10185
f 10171 10170 10183
f 10168 10181 10182
f 10167 10166 10179
f 10165 10164 10177
f 10173 10186 10187
f 10171 10184 10185
f 10169 10182 10183
f 10168 10167 10180
f 10178 10191 10192
f 10176 10189 10190
f 10188 10187 10200
f 10185 10198 10199
f 10184 10183 10196
f 10182 10181 10194
f 10180 10179 10192
f 10178 10177 10190
f 10187 10186 10199
f 10184 10197 10198
f 10182 10195 10196
f 10180 10193 10194
f 10191 10204 10205
f 10190 10189 10202
f 10200 10213 10214
f 10198 10211 10212
f 10197 10196 10209
f 10195 10194 10207
f 10192 10205 10206
f 10191 10190 10203
f 10199 10212 10213
f 10197 10210 10211
f 10196 10195 10208
f 10193 10206 10207
f 10205 10204 10217
f 10202 10215 10216
f 10214 10213 10226
f 10211 10224 10225
f 10210 10209 10222
f 10207 10220 10221
f 10205 10218 10219
f 10204 10203 10216
f 10212 10225 10226
f 10210 10223 10224
f 10209 10208 10221
f 10207 10206 10219
f 10217 10230 10231
f 10216 10215 10228
f 10226 10239 10240
f 10224 10237 10238
f 10223 10222 10235
f 10221 10220 10233
f 10219 10218 10231
f 10217 10216 10229
f 10226 10225 10238
f 10223 10236 10237
f 10221 10234 10235
f 10219 10232 10233
f 10231 10230 10243
f 10228 10241 10242
f 10240 10239 10252
f 10238 10237 10250
f 10235 10248 10249
f 10234 10233 10246
f 10232 10231 10244
f 10229 10242 10243
f 10239 10238 10251
f 10237 10236 10249
f 10234 10247 10248
f 10232 10245 10246
f 10244 10243 10256
f 10242 10241 10254
f 10252 10265 10266
f 10251 10250 10263
f 10248 10261 10262
f 10247 10246 10259
f 10244 10257 10258
f 10242 10255 10256
f 10251 10264 10265
f 10250 10249 10262
f 10248 10247 10260
f 10245 10258 10259
f 10257 10256 10269
f 10255 10254 10267
f 10266 10265 10278
f 10263 10276 10277
f 10261 10274 10275
f 10260 10259 10272
f 10257 10270 10271
f 10255 10268 10269
f 10265 10264 10277
f 10263 10262 10275
f 10261 10260 10273
f 10258 10271 10272
f 10269 10282 10283
f 10267 10280 10281
f 10278 10291 10292
f 10277 10276 10289
f 10275 10274 10287
f 10272 10285 10286
f 10271 10270 10283
f 10269 10268 10281
f 10277 10290 10291
f 10275 10288 10289
f 10273 10286 10287
f 10272 10271 10284
f 10282 10295 10296
f 10280 10293 10294
f 10292 10291 10304
f 10289 10302 10303
f 10288 10287 10300
f 10286 10285 10298
f 10284 10283 10296
f 10282 10281 10294
f 10291 10290 10303
f 10288 10301 10302
f 10286 10299 10300
f 10284 10297 10298
f 10295 10308 10309
f 10294 10293 10306
f 10304 10317 10318
f 10302 10315 10316
f 10301 10300 10313
f 10299 10298 10311
f 10296 10309 10310
f 10295 10294 10307
f 10303 10316 10317
f 10301 10314 10315
f 10300 10299 10312
f 10297 10310 10311
f 10309 10308 10321
f 10307 10306 10319
f 10318 10317 10330
f 10316 10315 10328
f 10314 10313 10326
f 10311 10324 10325
f 10309 10322 10323
f 10308 10307 10320
f 10316 10329 10330
f 10314 10327 10328
f 10313 10312 10325
f 10311 10310 10323
f 10321 10334 10335
f 10320 10319 10332
f 10330 10343 10344
f 10329 10328 10341
f 10326 10339 10340
f 10325 10324 10337
f 10323 10322 10335
f 10320 10333 10334
f 10330 10329 10342
f 10328 10327 10340
f 10325 10338 10339
f 10323 10336 10337
f 10335 10334 10348
f 10332 10346 10347
f 10344 10343 10357
f 10342 10341 10355
f 10339 10353 10354
f 10337 10351 10352
f 10336 10335 10349
f 10333 10347 10348
f 10343 10342 10356
f 10341 10340 10354
f 10338 10352 10353
f 10337 10336 10350
f 10349 10348 10361
f 10347 10346 10359
f 10357 10370 10371
f 10356 10355 10368
f 10353 10366 10367
f 10351 10364 10365
f 10349 10362 10363
f 10347 10360 10361
f 10356 10369 10370
f 10355 10354 10367
f 10353 10352 10365
f 10351 10350 10363
f 10362 10361 10374
f 10360 10359 10372
f 10371 10370 10383
f 10368 10381 10382
f 10366 10379 10380
f 10365 10364 10377
f 10362 10375 10376
f 10360 10373 10374
f 10370 10369 10382
f 10368 10367 10380
f 10366 10365 10378
f 10363 10376 10377
f 10374 10387 10388
f 10372 10385 10386
f 10383 10396 10397
f 10382 10381 10394
f 10380 10379 10392
f 10377 10390 10391
f 10376 10375 10388
f 10374 10373 10386
f 10382 10395 10396
f 10380 10393 10394
f 10378 10391 10392
f 10377 10376 10389
f 10387 10400 10401
f 10385 10398 10399
f 10397 10396 10409
f 10394 10407 10408
f 10393 10392 10405
f 10390 10403 10404
f 10389 10388 10401
f 10387 10386 10399
f 10396 10395 10408
f 10393 10406 10407
f 10391 10404 10405
f 10390 10389 10402
f 10400 10413 10414
f 10399 10398 10411
f 10409 10422 10423
f 10407 10420 10421
f 10406 10405 10418
f 10403 10416 10417
f 10401 10414 10415
f 10400 10399 10412
f 10408 10421 10422
f 10406 10419 10420
f 10405 10404 10417
f 10403 10402 10415
f 10414 10413 10426
f 10411 10424 10425
f 10423 10422 10435
f 10420 10433 10434
f 10418 10431 10432
f 10416 10429 10430
f 10414 10427 10428
f 10412 10425 10426
f 10421 10434 10435
f 10419 10432 10433
f 10418 10417 10430
f 10416 10415 10428
f 10427 10426 10439
f 10425 10424 10437
f 10435 10448 10449
f 10433 10446 10447
f 10431 10444 10445
f 10430 10429 10442
f 10428 10427 10440
f 10425 10438 10439
f 10435 10434 10447
f 10433 10432 10445
f 10430 10443 10444
f 10428 10441 10442
f 10440 10439 10452
f 10437 10450 10451
f 10449 10448 10461
f 10447 10446 10459
f 10444 10457 10458
f 10443 10442 10455
f 10441 10440 10453
f 10438 10451 10452
f 10448 10447 10460
f 10446 10445 10458
f 10443 10456 10457
f 10441 10454 10455
f 10453 10452 10465
f 10451 10450 10463
f 10461 10474 10475
f 10460 10459 10472
f 10457 10470 10471
f 10456 10455 10468
f 10453 10466 10467
f 10451 10464 10465
f 10460 10473 10474
f 10459 10458 10471
f 10457 10456 10469
f 10454 10467 10468
f 10466 10465 10061
f 10464 10463 10059
f 10474 10070 10071
f 10472 10068 10069
f 10470 10066 10067
f 10469 10468 10064
f 10466 10062 10063
f 10464 10060 10061
f 10473 10069 10070
f 10472 10471 10067
f 10470 10469 10065
f 10467 10063 10064
f 9933 10059 10463
f 10463 10450 10054
f 10450 10437 10049
f 10437 10424 10045
f 10045 10424 10411
f 10041 10411 10398
f 10037 10398 10385
f 10385 10372 10029
f 10029 10372 10359
f 10359 10346 10021
f 10346 10332 10017
f 10332 10319 10013
f 10013 10319 10306
f 10009 10306 10293
f 10005 10293 10280
f 10280 10267 9997
f 9997 10267 10254
f 10254 10241 9989
f 10241 10228 9985
f 10228 10215 9981
f 9981 10215 10202
f 9977 10202 10189
f 9973 10189 10176
f 10176 10163 9965
f 9965 10163 10150
f 10150 10137 9957
f 10137 10124 9953
f 10124 10111 9949
f 9949 10111 10098
f 9945 10098 10085
f 9941 10085 10072
f 10072 10059 9933