# https://github.com/mikedh/trimesh
v -0.05207397 -0.07599976 -1.51803172
v -0.05145994 -0.08012071 -1.51698446
v -0.05141661 -0.08081788 -1.51819348
v -0.05197079 -0.07648686 -1.51924455
v -0.06277708 -0.08759376 -1.51853263
v -0.05901675 -0.08820981 -1.52195108
v -0.05856987 -0.08774088 -1.52489114
v -0.06153689 -0.08741710 -1.52464449
v -0.11303829 -0.03742300 -1.48544943
v -0.11613820 -0.02292187 -1.48471773
v -0.11383296 -0.02296152 -1.47580934
v -0.11054854 -0.03612314 -1.47436702
v -0.09595268 -0.05559758 -1.45098758
v -0.09889629 -0.04978047 -1.45914042
v -0.10482841 -0.04865469 -1.44888687
v -0.09659152 -0.05824532 -1.44397938
v 0.03666598 -0.06511821 -1.57609820
v 0.03071275 -0.07190879 -1.57425368
v 0.03423064 -0.07065867 -1.56817973
v -0.04314052 0.03987328 -1.52203584
v -0.04182000 0.04383905 -1.52113199
v -0.04154407 0.04434523 -1.52260685
v -0.04276745 0.03976576 -1.52325606
v -0.05167909 0.05271130 -1.52345824
v -0.04782807 0.05270511 -1.52664351
v -0.04755111 0.05257377 -1.52957249
v -0.05047158 0.05233974 -1.52956057
v 0.03894591 -0.06410925 -1.56928384
v -0.07492907 -0.10649112 -1.53966022
v -0.07621846 -0.10617451 -1.53697586
v -0.07433904 -0.10645698 -1.53551078
v -0.07329491 -0.10656519 -1.53770971
v -0.07311615 -0.10164018 -1.52143371
v -0.07465261 -0.10185529 -1.52899647
v -0.07549447 -0.10318792 -1.53141308
v -0.07467802 -0.10326450 -1.52921605
v -0.07010780 -0.10122645 -1.51094782
v -0.06947718 -0.10024166 -1.51169944
v -0.07148577 -0.10189821 -1.51606083
v -0.07231411 -0.10287850 -1.51579726
v -0.04652030 -0.08783460 -1.49183071
v -0.04867987 -0.09036177 -1.49410081
v -0.05003280 -0.09053451 -1.49165189
v -0.04802801 -0.08617748 -1.49026823
v -0.04864633 -0.08325739 -1.49178290
v -0.05347063 -0.08718067 -1.49133492
v -0.05421424 -0.08678985 -1.49451447
v -0.05034542 -0.08368120 -1.49445724
v -0.06002121 -0.10318993 -1.54952717
v -0.05962873 -0.10334338 -1.54635072
v -0.05722522 -0.10171232 -1.54540884
v -0.05721858 -0.10152854 -1.54883122
v -0.06759620 -0.08719945 -1.51779377
v -0.06563984 -0.08556175 -1.51123381
v -0.06947133 -0.09156585 -1.51575851
v -0.06976197 -0.09220555 -1.51843297
v -0.06724378 -0.10020489 -1.53930259
v -0.07062916 -0.10085338 -1.54025900
v -0.07190336 -0.10115798 -1.53805220
v -0.06922509 -0.10027041 -1.53660965
v -0.07561275 -0.10293318 -1.54167438
v -0.07704611 -0.10278186 -1.53849828
v -0.04453815 -0.08677836 -1.50076854
v -0.04348397 -0.08624041 -1.50444400
v -0.04481298 -0.08664097 -1.50614297
v -0.04623801 -0.08671249 -1.50516093
v -0.05931328 -0.08666196 -1.51855826
v -0.05743675 -0.08857235 -1.52268171
v -0.06479729 -0.09730069 -1.50077367
v -0.06377174 -0.09746450 -1.50272739
v -0.06734698 -0.09931411 -1.50659275
v -0.06858941 -0.09938912 -1.50512290
v -0.06164702 -0.09453422 -1.50547075
v -0.06528144 -0.09647630 -1.50786912
v -0.06709005 -0.09753104 -1.50857842
v -0.06498078 -0.09653156 -1.50640368
v -0.06703838 -0.10327125 -1.54242444
v -0.06223280 -0.10179473 -1.54466116
v -0.06209459 -0.10277377 -1.54415607
v -0.06695657 -0.10424222 -1.54167497
v -0.06966528 -0.09474298 -1.53011131
v -0.06765120 -0.09380114 -1.53501761
v -0.06735451 -0.09277259 -1.53454792
v -0.06919514 -0.09367342 -1.53013134
v -0.07374771 -0.10288735 -1.53899384
v -0.07483021 -0.10301690 -1.53654647
v -0.07322136 -0.10132872 -1.53535926
v -0.05497312 -0.09070729 -1.53730404
v -0.05621919 -0.09149361 -1.53801954
v -0.05679499 -0.09179640 -1.53654742
v -0.05573170 -0.09135623 -1.53533697
v -0.05336566 -0.08986770 -1.49067760
v -0.05994968 -0.08376208 -1.50224471
v -0.06166931 -0.08540368 -1.50294399
v -0.06469231 -0.08811559 -1.50679588
v -0.06477804 -0.08684719 -1.50803888
v -0.04426355 -0.08397849 -1.49361384
v -0.04436914 -0.08693966 -1.49368382
v -0.04545857 -0.08748783 -1.49245024
v -0.04565402 -0.08446744 -1.49189198
v -0.05656998 -0.09403808 -1.54139316
v -0.05894142 -0.09625694 -1.54085946
v -0.05809713 -0.09427765 -1.53991950
v -0.05626123 -0.09287506 -1.54019332
v -0.07288766 -0.10065380 -1.52706861
v -0.07088913 -0.10016921 -1.53367639
v -0.06739198 -0.09988083 -1.51806092
v -0.07038157 -0.09955987 -1.51805854
v -0.06891662 -0.09879316 -1.51416838
v -0.10652123 0.01546722 -1.48663616
v -0.11335503 0.00235107 -1.48516715
v -0.11025463 0.00186582 -1.47674155
v -0.10351304 0.01443479 -1.47490382
v -0.06607689 -0.09922647 -1.51416850
v -0.06738243 -0.10008501 -1.52611661
v -0.07081968 -0.10010123 -1.52610707
v -0.07278971 -0.10410076 -1.53482354
v -0.07330869 -0.10383610 -1.52872133
v -0.07364009 -0.10368596 -1.53531694
v -0.06537463 -0.09205154 -1.53822923
v -0.06958163 -0.09225617 -1.54138899
v -0.07075099 -0.09108780 -1.53505659
v -0.06663954 -0.09210780 -1.53578258
v -0.04508664 -0.08767031 -1.51003170
v -0.04641693 -0.08899675 -1.51220286
v -0.04787826 -0.08757655 -1.51002574
v -0.04740947 -0.08655980 -1.50784683
v -0.06351346 -0.08877096 -1.50483382
v -0.06103515 -0.08612753 -1.50171196
v -0.06038504 -0.08665136 -1.50121617
v -0.06225844 -0.08925223 -1.50311935
v -0.06137834 -0.09861964 -1.54178846
v -0.06222351 -0.09835057 -1.53666234
v -0.06061139 -0.09674965 -1.53693891
v -0.05325992 -0.09144375 -1.50676870
v -0.05520725 -0.09195180 -1.50821984
v -0.05709029 -0.09287138 -1.50502384
v -0.05538515 -0.09233862 -1.50308394
v -0.05883445 -0.09372760 -1.49425852
v -0.05931534 -0.09130843 -1.49417746
v -0.05596710 -0.08929265 -1.49214590
v -0.05586622 -0.09180240 -1.49185812
v -0.04666426 -0.08664891 -1.50662625
v -0.04508089 -0.08695483 -1.50760198
v -0.07186813 -0.09631328 -1.53032207
v -0.06941733 -0.09584580 -1.53619814
v -0.06687579 -0.09954444 -1.53516340
v -0.06836242 -0.09976514 -1.53246915
v -0.05064903 -0.09006734 -1.52291822
v -0.05162381 -0.08747324 -1.52344930
v -0.05163293 -0.08739854 -1.52271795
v -0.05065028 -0.09058745 -1.52119958
v -0.04931489 -0.09070207 -1.52266645
v -0.04931208 -0.09116130 -1.52094889
v -0.04807410 -0.09093778 -1.52095616
v -0.04788439 -0.09059639 -1.52169538
v -0.05200783 -0.08656961 -1.52395248
v -0.05175477 -0.08691414 -1.52345872
v -0.05208151 -0.08721115 -1.52418530
v -0.06468122 -0.08975437 -1.52679300
v -0.06636789 -0.09042157 -1.51896179
v -0.06521866 -0.08878127 -1.51874948
v -0.06329663 -0.08799015 -1.52560651
v -0.07211564 -0.10044472 -1.51925945
v -0.05279237 -0.09851669 -1.54523253
v -0.05264036 -0.09709789 -1.54745579
v -0.05709790 -0.09955294 -1.55081975
v -0.05699685 -0.08641595 -1.50977707
v -0.05431658 -0.08954243 -1.51046228
v -0.05260969 -0.08836728 -1.51024330
v -0.05513747 -0.08628623 -1.50929594
v -0.05035955 -0.08684722 -1.51442766
v -0.04950151 -0.08483000 -1.51129043
v -0.04919366 -0.08912665 -1.51268148
v -0.04910602 -0.09063603 -1.52852941
v -0.05162440 -0.08881825 -1.52513528
v -0.05033112 -0.08986109 -1.52389956
v -0.04903995 -0.09044045 -1.52413702
v -0.07158557 -0.10111532 -1.51021314
v -0.07394096 -0.10263945 -1.51530862
v -0.07536129 -0.10089388 -1.51533532
v -0.07291701 -0.09936702 -1.50975156
v -0.04279317 -0.08499709 -1.49726319
v -0.04569327 -0.08176678 -1.49499178
v -0.04201429 -0.08470526 -1.50032318
v -0.06944817 -0.10636024 -1.54627132
v -0.06955593 -0.10308951 -1.54852617
v -0.07198632 -0.10319929 -1.54656386
v -0.07169341 -0.10660462 -1.54430723
v -0.05741753 -0.08671984 -1.53028488
v -0.05698770 -0.08686246 -1.52808559
v -0.05558885 -0.08728707 -1.52954721
v -0.05572829 -0.08703712 -1.53150499
v -0.09812352 -0.06318367 -1.49725032
v -0.08005349 -0.07343106 -1.49687588
v -0.08844029 -0.07749918 -1.50935924
v -0.10352324 -0.06844640 -1.50898814
v -0.05816164 -0.09480257 -1.49717212
v -0.05556387 -0.09395787 -1.49499607
v -0.04808187 -0.09206094 -1.53607798
v -0.04671235 -0.09188068 -1.53803861
v -0.04833703 -0.09296413 -1.54314375
v -0.04854323 -0.09338358 -1.53996110
v -0.07852793 -0.10284679 -1.53043401
v -0.07718992 -0.10567476 -1.52965546
v -0.05498632 -0.09366269 -1.54189253
v -0.05843510 -0.09704095 -1.54524302
v -0.05713718 -0.09494361 -1.54284108
v -0.05522702 -0.09327114 -1.54141021
v -0.05328576 -0.09289512 -1.53360713
v -0.05298366 -0.09360948 -1.53481650
v -0.05291046 -0.09179693 -1.53582525
v -0.05300558 -0.09072940 -1.53462267
v -0.04560200 -0.09185298 -1.54268217
v -0.04913403 -0.09335145 -1.54728651
v -0.05911183 -0.08207913 -1.50252068
v -0.05065752 -0.09334028 -1.53507173
v -0.05043594 -0.09431547 -1.53749752
v -0.05281686 -0.09450695 -1.53651083
v -0.08500323 0.03006089 -1.45056140
v -0.08979307 0.02583143 -1.45865571
v -0.09526870 0.02509005 -1.44849288
v -0.08479112 0.03191916 -1.44326794
v -0.04143184 -0.08593537 -1.50543177
v -0.04348131 -0.08659384 -1.50712419
v -0.05502411 -0.09253781 -1.54069090
v -0.05496801 -0.09172495 -1.53948426
v -0.05410653 -0.09012742 -1.53585124
v -0.05565920 -0.09041783 -1.53388822
v -0.06361615 -0.09601480 -1.52741909
v -0.06504522 -0.09748118 -1.51884198
v -0.07393078 -0.08121959 -1.50957775
v -0.05975186 -0.07795148 -1.49636352
v -0.05295659 -0.09064054 -1.53633380
v -0.05315110 -0.09057079 -1.53657877
v -0.05343480 -0.08968282 -1.53586078
v -0.05315115 -0.08968872 -1.53512883
v -0.05314118 -0.09286338 -1.49319017
v -0.06089626 -0.09514143 -1.53354716
v -0.05866791 -0.09214036 -1.53189611
v -0.05796143 -0.09307800 -1.53383541
v -0.07243963 -0.10332339 -1.52067351
v -0.07321659 -0.10475524 -1.52846134
v -0.07493988 -0.10605593 -1.52892232
v -0.07382549 -0.10451125 -1.52040482
v -0.04686287 -0.08215027 -1.49339449
v -0.05794307 -0.08687776 -1.52735007
v -0.05732948 -0.08814633 -1.52586424
v -0.05604163 -0.08792463 -1.53270972
v -0.05409125 -0.08844703 -1.53417110
v -0.04297801 -0.08722945 -1.51004505
v -0.07086972 -0.10235690 -1.54316258
v -0.07236175 -0.10271250 -1.54119861
v -0.06936152 -0.10084118 -1.54172790
v -0.06771170 -0.10072777 -1.54295540
v -0.06450272 -0.10023732 -1.54468226
v -0.06408111 -0.10041353 -1.54614568
v -0.06876953 -0.10179278 -1.54488778
v -0.05706031 -0.09116365 -1.53289449
v -0.05669189 -0.09225366 -1.53434181
v -0.05183131 -0.09102786 -1.50555873
v -0.05278802 -0.09153345 -1.49968612
v -0.06662863 -0.09772283 -1.51077425
v -0.06378186 -0.09780262 -1.51151323
v -0.07573596 -0.09846085 -1.52099383
v -0.07622263 -0.09865361 -1.53026938
v -0.07382671 -0.09746309 -1.53005242
v -0.07422569 -0.09740788 -1.52150476
v -0.06986185 -0.09236361 -1.52429116
v -0.06926046 -0.08917528 -1.52508116
v -0.04733074 -0.09028782 -1.52292335
v -0.04538254 -0.08987044 -1.52659917
v -0.05599193 -0.08742574 -1.53198588
v -0.05416806 -0.08800521 -1.53369021
v -0.06652030 -0.09271172 -1.50719893
v -0.05898680 -0.08886744 -1.50020432
v -0.06487355 -0.09265999 -1.50500631
v -0.05644636 -0.08505251 -1.49978948
v -0.05413945 -0.08487844 -1.49857771
v -0.05607859 -0.08725482 -1.49840879
v -0.06077394 -0.09474905 -1.50742316
v -0.06352086 -0.09642276 -1.50860751
v -0.05257039 -0.08606924 -1.52371550
v -0.05381291 -0.08433586 -1.52203298
v -0.05191121 -0.08513024 -1.52348948
v -0.06522787 -0.09894821 -1.52638650
v -0.06565562 -0.09939328 -1.51856267
v -0.05320192 -0.09338918 -1.53701770
v -0.05365444 -0.09123388 -1.52752972
v -0.05176865 -0.09245491 -1.53068829
v -0.05323683 -0.09705113 -1.54012847
v -0.05367434 -0.09516151 -1.53869498
v -0.05337605 -0.09437336 -1.53797698
v -0.05279516 -0.09551707 -1.53820276
v -0.05202860 -0.07884726 -1.51456308
v -0.05078988 -0.08210571 -1.51255560
v -0.05077323 -0.08384468 -1.51570010
v -0.06236336 -0.09954056 -1.54567719
v -0.06356924 -0.09973170 -1.54371679
v -0.07141933 -0.09713230 -1.53690290
v -0.05728192 -0.09228779 -1.53849125
v -0.05827969 -0.09261939 -1.53677320
v -0.06471149 -0.09492806 -1.54965889
v -0.06105724 -0.09434134 -1.54772532
v -0.05971843 -0.09443460 -1.54797149
v -0.06023208 -0.09550916 -1.55185890
v -0.05129962 -0.08419624 -1.49603307
v -0.05404669 -0.08664556 -1.49610496
v -0.05443371 -0.08645794 -1.49732816
v -0.05248893 -0.08457120 -1.49748862
v -0.05184190 -0.08786358 -1.51001000
v -0.05407839 -0.08622998 -1.50905561
v -0.06941715 -0.09896569 -1.51196611
v -0.06834085 -0.09816809 -1.51125026
v -0.07057457 -0.09937297 -1.51513064
v -0.07149790 -0.10042967 -1.51608658
v -0.05995540 -0.08738974 -1.53099895
v -0.05963257 -0.08681296 -1.53003299
v -0.06194266 -0.09399980 -1.54211187
v -0.06356741 -0.09613228 -1.54426813
v -0.06004742 -0.09549630 -1.54697526
v -0.05964381 -0.09395970 -1.54504943
v -0.07380875 -0.09827074 -1.53760910
v -0.05799823 -0.09255536 -1.53555405
v -0.05914706 -0.09315605 -1.53578460
v -0.05741140 -0.09223174 -1.53580546
v -0.05321298 -0.08996449 -1.53365850
v -0.05372079 -0.09211078 -1.53239858
v -0.05454004 -0.09629615 -1.54038239
v -0.05788681 -0.09986465 -1.54372990
v -0.05795964 -0.09888564 -1.54399109
v -0.05467305 -0.09574986 -1.54112411
v -0.05389967 -0.09097934 -1.53827906
v -0.12246397 -0.02447698 -1.49383152
v -0.12925784 -0.02664239 -1.50256705
v 0.04265239 0.01105965 -1.57866752
v 0.03784577 0.01874358 -1.57732356
v 0.04125229 0.01740198 -1.57120395
v 0.04473971 0.01009386 -1.57181823
v -0.05247616 -0.09509067 -1.54749131
v -0.05641513 -0.09565416 -1.54918027
v -0.05680997 -0.09662367 -1.55013907
v -0.05341276 -0.09559178 -1.54821265
v -0.06716193 -0.10043694 -1.54174089
v -0.07265893 -0.10367198 -1.53776205
v -0.05584961 -0.08949873 -1.52413511
v -0.05561764 -0.08619486 -1.52150702
v -0.05336598 -0.07617110 -1.52046740
v -0.05332724 -0.07659276 -1.52168119
v -0.05462035 -0.07696119 -1.52142704
v -0.05491717 -0.07651807 -1.51996875
v -0.05546780 -0.07915581 -1.51552510
v -0.05445188 -0.08195373 -1.51425791
v -0.05301465 -0.08131143 -1.51231933
v -0.05477083 -0.07849489 -1.51358485
v -0.05384037 -0.07544567 -1.51754820
v -0.05351666 -0.07582942 -1.51900768
v -0.05516526 -0.07626165 -1.51850724
v -0.05558925 -0.07589750 -1.51680291
v -0.06019586 -0.09913418 -1.54569006
v -0.06209457 -0.10084268 -1.54565513
v -0.07168011 -0.10512634 -1.53676236
v -0.07267477 -0.10502142 -1.53456354
v -0.06974690 -0.10351074 -1.54192448
v -0.07124042 -0.10368276 -1.53996360
v -0.04631987 -0.08953990 -1.51487994
v -0.04819272 -0.09033710 -1.51510513
v -0.04817141 -0.08982340 -1.51364887
v -0.07182547 -0.10645704 -1.53991354
v -0.07340234 -0.10663570 -1.54210401
v -0.04433708 -0.08728388 -1.49746323
v -0.04341370 -0.08631028 -1.49601746
v -0.03584995 -0.06302979 -1.42757595
v -0.04753340 -0.07047953 -1.43437409
v -0.04945884 -0.07002181 -1.42436397
v -0.03831589 -0.06287682 -1.41780317
v -0.05159943 -0.09696276 -1.54282081
v -0.05119032 -0.09581000 -1.54528427
v -0.05277126 -0.07561313 -1.51608288
v -0.05425232 -0.07525715 -1.51535237
v -0.05340297 -0.07815769 -1.51359451
v -0.05146228 -0.08123824 -1.51965129
v -0.05183987 -0.07701068 -1.52070105
v -0.05560227 -0.07941739 -1.51698554
v -0.05431000 -0.08066408 -1.52209580
v -0.05273236 -0.08127972 -1.52331042
v -0.05062827 -0.08367234 -1.50886548
v -0.05287195 -0.08489063 -1.50834966
v -0.04979382 -0.08677262 -1.50808084
v -0.05563503 -0.07582936 -1.51485026
v -0.05775912 -0.08767524 -1.53197670
v -0.05540968 -0.08259264 -1.51766324
v -0.05738292 -0.08507863 -1.51517212
v -0.05640669 -0.08470716 -1.51298332
v -0.05529821 -0.08222917 -1.51571608
v -0.05877289 -0.09324020 -1.50452435
v -0.05872607 -0.09352244 -1.50647330
v -0.05917756 -0.08677323 -1.51049757
v -0.05746023 -0.09037320 -1.51043928
v -0.05632364 -0.08896860 -1.52707362
v -0.05471787 -0.09072143 -1.53022218
v -0.05280272 -0.08657363 -1.52370608
v -0.05485156 -0.08334126 -1.51984954
v -0.05722735 -0.08543789 -1.51760852
v -0.05166727 -0.08152571 -1.52111101
v -0.05126741 -0.08540076 -1.52080011
v -0.05139161 -0.08516945 -1.52202487
v -0.05188311 -0.08152863 -1.52208722
v -0.05969048 -0.09509417 -1.53672612
v -0.04970985 -0.09452412 -1.54311275
v -0.05081778 -0.09562182 -1.54015994
v -0.07702433 -0.09473367 -1.55378056
v -0.08156150 -0.09245946 -1.54599309
v -0.06836800 -0.09396061 -1.54673529
v -0.05529871 -0.07974727 -1.51893425
v -0.05313863 -0.07729526 -1.52264631
v -0.05214629 -0.07790297 -1.52214992
v -0.06697971 -0.09850390 -1.50782907
v -0.04954985 -0.08748350 -1.50758064
v -0.05376950 -0.08849074 -1.53197336
v -0.07431397 -0.09760855 -1.51588404
v -0.07215935 -0.09631570 -1.51078391
v -0.05411292 -0.08787794 -1.53320420
v -0.05358993 -0.08872497 -1.53416765
v -0.05368843 -0.08566628 -1.50857806
v -0.05089750 -0.08748099 -1.50904238
v -0.05340201 -0.08899070 -1.53465199
v -0.04952886 -0.08975045 -1.51462340
v -0.06550258 -0.09972273 -1.53662944
v -0.05954811 -0.08980723 -1.49664521
v -0.05642055 -0.08821781 -1.49533832
v -0.05185981 -0.07751586 -1.52166903
v -0.05229051 -0.08075662 -1.51281941
v -0.05490972 -0.08029257 -1.52063537
v -0.05095251 -0.08807369 -1.51855636
v -0.05048773 -0.08757649 -1.51636827
v -0.04968921 -0.09026787 -1.51681185
v -0.05939613 -0.09153746 -1.51090205
v -0.06168827 -0.08712585 -1.51219404
v -0.06391481 -0.08845857 -1.51289737
v -0.06116370 -0.09326762 -1.51159966
v -0.06950334 -0.09499931 -1.50592971
v -0.06593511 -0.09344639 -1.50157070
v -0.06605980 -0.09561381 -1.50006711
v -0.06992897 -0.09769714 -1.50441611
v -0.08575867 -0.09454311 -1.56890166
v -0.07030258 -0.09675159 -1.55962467
v -0.07469953 -0.09740826 -1.57523119
v -0.06888256 -0.09831236 -1.54568088
v -0.07061885 -0.09821500 -1.54323578
v -0.07389618 -0.10303356 -1.54436374
v -0.05437776 -0.09476715 -1.55017817
v -0.05802479 -0.09448600 -1.54797530
v -0.05603786 -0.09493674 -1.54870534
v -0.07727942 -0.10190099 -1.52068520
v -0.04831219 -0.09124705 -1.53242838
v -0.05096904 -0.09279150 -1.53288257
v -0.06721259 -0.09176996 -1.50843465
v -0.05895378 -0.09387350 -1.50988555
v -0.06122041 -0.09587196 -1.51033282
v -0.06244973 -0.10455820 -1.54607761
v -0.05986343 -0.10151976 -1.54442823
v -0.00748191 -0.03456954 -1.41361964
v -0.01321438 -0.03357310 -1.40690553
v 0.05665286 -0.03450734 -1.52051771
v 0.05503728 -0.03581563 -1.52024627
v 0.05420186 -0.03453713 -1.52222013
v 0.05497417 -0.03395969 -1.52223229
v 0.05508053 -0.03446300 -1.51147819
v 0.05402330 -0.03377269 -1.51295269
v 0.05298773 -0.03463601 -1.51269054
v 0.05402770 -0.03557985 -1.51145577
v 0.05428275 -0.03149069 -1.52202928
v 0.05700532 -0.03016142 -1.51937354
v 0.05823293 -0.03190714 -1.52032328
v 0.05493693 -0.03267583 -1.52249885
v -0.06334931 -0.10461567 -1.54924893
v 0.05449568 -0.03774849 -1.51093078
v 0.05346318 -0.03667475 -1.51290047
v 0.05523899 -0.03754671 -1.51337838
v 0.05616839 -0.03924475 -1.51164174
v 0.06329229 -0.03144064 -1.51204181
v 0.06333794 -0.03254423 -1.51397634
v 0.06110337 -0.03122025 -1.51326072
v 0.06062018 -0.03117132 -1.51155078
v 0.06261694 -0.03417657 -1.51443422
v 0.06420089 -0.03611741 -1.51391625
v 0.06250791 -0.03766376 -1.51388454
v 0.06094376 -0.03543134 -1.51416349
v 0.05625618 -0.03048074 -1.51570272
v 0.05744782 -0.03192004 -1.51372695
v 0.05995084 -0.03009416 -1.51596367
v 0.05338810 -0.03773060 -1.51581240
v 0.05208190 -0.03624674 -1.51485789
v 0.05165410 -0.03523383 -1.51853776
v 0.05248010 -0.03658783 -1.51924896
v -0.03200188 -0.06544627 -1.44427299
v -0.04621112 -0.07141624 -1.44779325
v 0.03481201 -0.05913152 -1.53248286
v 0.03596310 -0.05844197 -1.52981174
v 0.03702884 -0.05434521 -1.53110731
v 0.03604792 -0.05524051 -1.53353119
v -0.04891492 -0.09121433 -1.51899529
v -0.04765160 -0.09082197 -1.51973832
v -0.07211611 -0.09800690 -1.54054892
v -0.06758974 -0.10294609 -1.54340541
v -0.06671827 -0.09848636 -1.54739332
v -0.06182225 -0.09786773 -1.54937112
v -0.06091481 -0.09643872 -1.54817748
v -0.06497585 -0.09704307 -1.54571366
v -0.06813158 -0.10609017 -1.54334903
v -0.04939039 -0.08856900 -1.50609684
v -0.06286339 -0.09732169 -1.53277111
v -0.05924820 -0.09731352 -1.54987621
v -0.06012687 -0.10071005 -1.55152392
v -0.07236716 -0.10234971 -1.52069068
v -0.07010968 -0.10636094 -1.54187357
v -0.06880956 -0.10464793 -1.54044175
v -0.05389228 -0.09857529 -1.54229796
v -0.06593990 -0.08996151 -1.51555204
v -0.06421335 -0.09661555 -1.51519608
v -0.06274667 -0.09514098 -1.51278377
v -0.06029657 0.07288912 -1.54601145
v -0.06145565 0.07295243 -1.54332304
v -0.05966157 0.07298143 -1.54186320
v -0.05856488 0.07280856 -1.54406106
v -0.05925522 0.06892811 -1.52738452
v -0.06077547 0.06895652 -1.53495169
v -0.06149466 0.07018428 -1.53741336
v -0.06049051 0.07040100 -1.53522193
v -0.06504340 -0.08937502 -1.51361096
v -0.05903704 -0.08673923 -1.52881479
v -0.04062072 -0.08739902 -1.51078117
v -0.05627375 -0.09301850 -1.49989486
v -0.05633520 0.06879729 -1.51688886
v -0.05590791 0.06772064 -1.51735961
v -0.05748676 0.06932929 -1.52226782
v -0.05819771 0.07048595 -1.52179766
v -0.05865214 -0.09392169 -1.50109375
v -0.11838296 -0.04121771 -1.49525928
v -0.12442409 -0.04492478 -1.50445843
v -0.07584872 -0.10407104 -1.52040696
v -0.06111153 -0.09888555 -1.54544783
v -0.05081224 -0.09018256 -1.50582051
v -0.04995263 -0.08958572 -1.49997211
v -0.04812552 -0.08830918 -1.50048780
v -0.05879666 -0.09293902 -1.53603351
v -0.06727561 -0.09123695 -1.50966489
v -0.06823190 -0.09133886 -1.51210260
v -0.05420461 -0.07736437 -1.52190959
v -0.06518438 -0.09285808 -1.50353670
v -0.05928097 -0.08942710 -1.49836206
v -0.05993913 -0.07312184 -1.45224416
v -0.07419468 -0.06899593 -1.45581877
v -0.03543078 0.05192928 -1.49625850
v -0.03710445 0.05463133 -1.49849916
v -0.03827515 0.05536167 -1.49618876
v -0.03702921 0.05084258 -1.49452567
v -0.07453508 -0.06988858 -1.44530094
v -0.06110663 -0.07292458 -1.44027781
v -0.04186167 -0.08915685 -1.52491164
v -0.04444100 -0.08903949 -1.51758027
v -0.04257046 -0.08853066 -1.51637316
v -0.01221320 -0.04660200 -1.42340934
v -0.01839107 -0.04323240 -1.41172910
v -0.03664517 -0.08806932 -1.51126862
v -0.02607329 -0.08866711 -1.51055431
v -0.02596393 -0.09078085 -1.52590334
v -0.03609127 -0.08916116 -1.52077556
v 0.01089536 -0.08338587 -1.55739248
v 0.00627627 -0.08477366 -1.55808830
v 0.00639834 -0.08501102 -1.54856002
v 0.01024881 -0.08317858 -1.54982364
v 0.03005193 -0.04771436 -1.61741304
v 0.03320872 -0.03793482 -1.61856937
v 0.02714983 -0.03780456 -1.62661445
v 0.02373448 -0.04779959 -1.62520933
v -0.12888879 -0.04656361 -1.51272094
v -0.13413019 -0.04787957 -1.52294087
v -0.14024036 -0.02857827 -1.52033114
v -0.13401936 -0.02723998 -1.51035857
v 0.00148826 -0.04713425 -1.64347684
v 0.00523640 -0.03671561 -1.64562297
v -0.00521392 -0.03602725 -1.65049100
v -0.03795411 0.04800599 -1.49581671
v -0.04149674 0.05265321 -1.49539995
v -0.04218852 0.05221500 -1.49856520
v -0.03945135 0.04854726 -1.49850857
v -0.00863080 -0.04652856 -1.64810014
v 0.02397109 -0.07690480 -1.52921212
v 0.02379624 -0.07876855 -1.52282941
v 0.02776093 -0.07526231 -1.52241302
v 0.02717812 -0.07375003 -1.52903175
v -0.04738277 -0.08967666 -1.49545944
v -0.04614015 -0.08867353 -1.49633515
v -0.04611428 0.06651911 -1.55546308
v -0.04577646 0.06680170 -1.55204988
v -0.04375314 0.06478870 -1.55104327
v -0.04376487 0.06435782 -1.55469894
v -0.05649249 0.05341533 -1.52248073
v -0.05483087 0.05152128 -1.51610243
v -0.05747085 0.05834183 -1.52085459
v -0.05794924 0.05857078 -1.52354372
v -0.01728022 -0.03528737 -1.65462279
v -0.02028112 -0.04597636 -1.65198565
v 0.04344719 -0.03763197 -1.54045308
v -0.05402824 0.06514689 -1.54516053
v -0.05725372 0.06638360 -1.54615021
v -0.05839694 0.06698763 -1.54395974
v -0.05595808 0.06568952 -1.54247832
v -0.06168400 0.06934293 -1.54765522
v -0.06293869 0.06960039 -1.54472578
v -0.03331512 0.05040379 -1.50539565
v -0.03247287 0.04936578 -1.50904310
v -0.03373906 0.04990895 -1.51075864
v -0.03516854 0.05045359 -1.50954318
v -0.04823426 0.05145140 -1.52295721
v -0.04627100 0.05326141 -1.52739000
v -0.05183449 0.06452951 -1.50608087
v -0.05091954 0.06431189 -1.50803328
v -0.05394702 0.06676361 -1.51221967
v -0.05514493 0.06699140 -1.51075506
v 0.04079644 -0.03790649 -1.54215050
v 0.03916124 -0.04141872 -1.53890991
v 0.04126471 -0.04110352 -1.53696740
v 0.04522584 -0.03540155 -1.59080553
v 0.04287469 -0.03653769 -1.59859431
v 0.04045577 -0.04532046 -1.59818995
v 0.04345935 -0.04357024 -1.59041381
v 0.03783561 -0.04577477 -1.53638792
v 0.03930327 -0.04490515 -1.53445339
v 0.02098458 -0.03745887 -1.63368607
v 0.01724047 -0.04779899 -1.63227391
v -0.07149787 -0.04088030 -1.65779686
v -0.04936427 0.06104216 -1.51066673
v -0.05248185 0.06359123 -1.51314497
v -0.05407745 0.06484626 -1.51389527
v -0.05218068 0.06365825 -1.51168168
v -0.06284145 -0.04201353 -1.65780056
v -0.06233265 -0.03088806 -1.66068292
v -0.05303010 0.06827004 -1.54814839
v -0.04861477 0.06580169 -1.55007100
v -0.04813707 0.06687939 -1.54960263
v -0.05265066 0.06935857 -1.54743576
v -0.07520202 -0.03089960 -1.66015935
v -0.09629871 -0.08166028 -1.52684879
v -0.08090696 -0.08657537 -1.52558351
v -0.08304410 -0.08945362 -1.53724980
v -0.09973577 -0.08581407 -1.54288507
v -0.02055396 -0.05502713 -1.43129849
v -0.02642860 -0.05308876 -1.41898346
v -0.05738878 0.06034457 -1.53529871
v -0.05555796 0.05884804 -1.54040599
v -0.05540600 0.05781124 -1.53965569
v -0.05709330 0.05921982 -1.53552401
v -0.05985350 0.06908530 -1.54496932
v -0.06088335 0.06950265 -1.54253173
v -0.05959874 0.06772651 -1.54128301
v -0.04378143 0.05393360 -1.54230583
v -0.04498675 0.05491376 -1.54329658
v -0.04539621 0.05527264 -1.54183650
v -0.04440893 0.05480051 -1.54060972
v -0.04157615 0.05535580 -1.49508071
v -0.04883659 0.04993720 -1.50705492
v -0.05034507 0.05186347 -1.50757301
v -0.05305447 0.05484446 -1.51176941
v -0.05347812 0.05350562 -1.51296592
v 0.01830263 -0.07812887 -1.57997251
v 0.01333574 -0.08003420 -1.58529842
v 0.00986978 -0.08267108 -1.57791638
v 0.01503281 -0.08055142 -1.57357156
v 0.04879396 -0.03356478 -1.57790387
v 0.04769980 -0.04081449 -1.57777417
v 0.04858170 -0.03874660 -1.57146311
v 0.04954004 -0.03262437 -1.57132852
v -0.03313672 0.04783916 -1.49753642
v -0.03311469 0.05070553 -1.49795294
v -0.03441058 0.05142261 -1.49686301
v -0.03490345 0.04859399 -1.49607956
v 0.01088425 -0.08299963 -1.54250193
v 0.00787138 -0.08515899 -1.53928113
v 0.01258206 -0.08441228 -1.53124785
v 0.01464032 -0.08187039 -1.53544962
v 0.02063473 -0.07921638 -1.53062797
v -0.04492553 0.05729550 -1.54675746
v -0.04689354 0.05975882 -1.54630673
v -0.04643498 0.05766631 -1.54529452
v -0.04479363 0.05614636 -1.54551661
v 0.01995793 -0.08126514 -1.52448487
v -0.05921380 0.06766416 -1.53297961
v -0.05747220 0.06626999 -1.53955376
v 0.03641132 -0.04704701 -1.60767317
v 0.03942904 -0.03752528 -1.60858059
v 0.00717092 -0.08394410 -1.56836236
v 0.01253420 -0.08244893 -1.56571674
v 0.04617564 -0.03515176 -1.54367864
v 0.04277966 -0.03560893 -1.54488254
v 0.04517627 -0.03348420 -1.54956627
v -0.05403241 0.06656650 -1.52369416
v -0.05689615 0.06687479 -1.52393603
v -0.05562387 0.06619088 -1.51977587
v -0.05293156 0.06601198 -1.51978004
v 0.05100565 -0.03043965 -1.54939115
v 0.04959839 -0.03035402 -1.55329633
v 0.04592269 -0.03320578 -1.55323648
v 0.03491540 -0.06078150 -1.58911276
v 0.03117292 -0.06261924 -1.59639692
v 0.02490614 -0.06952658 -1.59454966
v 0.02894560 -0.06780894 -1.58775258
v 0.00979090 -0.04748398 -1.63812041
v -0.05394534 0.06623487 -1.53174782
v -0.05725143 0.06688264 -1.53175020
v 0.01371858 -0.03713030 -1.64002168
v 0.04873060 -0.03120139 -1.56329203
v 0.04717561 -0.03527430 -1.56297231
v 0.04610185 -0.03403935 -1.55932784
v -0.05862180 0.07042222 -1.54084432
v -0.05902021 0.07067887 -1.53474236
v -0.05954176 0.07004663 -1.54132366
v -0.05346069 0.05657763 -1.54330266
v -0.05732794 0.05708427 -1.54647589
v -0.05896263 0.05626975 -1.53986335
v -0.05474383 0.05688518 -1.54110658
v 0.04838813 -0.03092376 -1.55963266
v 0.03819836 -0.04960224 -1.53265882
v 0.03722116 -0.05044760 -1.53483927
v -0.05018905 -0.08174071 -1.49656749
v -0.04956112 -0.08267604 -1.49520957
v -0.03906595 -0.09129584 -1.54197705
v -0.03707921 -0.08995806 -1.53150451
v -0.02704666 -0.09155777 -1.53931868
v -0.02946216 -0.09169142 -1.55249763
v -0.03306731 -0.09458579 -1.56367111
v -0.03930172 -0.09683855 -1.57265091
v -0.04634114 -0.09548312 -1.55702555
v -0.04164145 -0.09348163 -1.55072367
v -0.08615466 -0.06348945 -1.44880033
v -0.08688116 -0.06015632 -1.45850325
v 0.05350719 -0.03060520 -1.54622018
v 0.05595159 -0.03070438 -1.54329443
v -0.15445417 -0.02979581 -1.56129980
v -0.03416678 0.05047558 -1.51491916
v -0.03527104 0.05185554 -1.51713824
v -0.03685289 0.05077637 -1.51491714
v -0.03646444 0.05012100 -1.51246452
v -0.15153967 -0.03044017 -1.54786444
v -0.14443401 -0.05036861 -1.55193114
v -0.14677104 -0.05025421 -1.56462622
v -0.09210701 -0.07912359 -1.51640320
v -0.05176387 0.05546593 -1.50983000
v -0.04957423 0.05262453 -1.50661159
v -0.04882503 0.05307262 -1.50613296
v -0.05027681 0.05588656 -1.50813198
v -0.07785828 -0.08393610 -1.51709032
v 0.05681879 -0.03669205 -1.51706100
v 0.05245595 -0.03320994 -1.52199435
v 0.05178898 -0.03321366 -1.51832914
v 0.05222730 -0.03299402 -1.52102065
v 0.05865932 -0.03668181 -1.51389122
v 0.05984583 -0.03908690 -1.51311982
v 0.05187348 -0.03387742 -1.51441038
v 0.05253898 -0.03306118 -1.51467061
v 0.05214292 -0.03248421 -1.51858711
v 0.05298845 -0.03439152 -1.52221930
v 0.06567232 -0.02880225 -1.51038480
v 0.06855073 -0.02962331 -1.51184356
v 0.06707845 -0.03334250 -1.51275146
v 0.06511005 -0.03170663 -1.51155353
v 0.05387518 -0.03120055 -1.52130067
v 0.05473839 -0.03023008 -1.51912200
v 0.06180388 -0.03163728 -1.51667440
v 0.05777633 -0.03324804 -1.52054286
v 0.05507503 -0.03335724 -1.52248728
v 0.06094939 -0.03343146 -1.51737332
v 0.05804842 -0.03213850 -1.51152682
v 0.05919147 -0.03503465 -1.51734054
v -0.04865581 0.06248402 -1.54757071
v -0.04955139 0.06269097 -1.54268754
v -0.04835919 0.06084256 -1.54241419
v -0.04182635 0.05636546 -1.51158226
v -0.04360484 0.05713045 -1.51305616
v -0.04520112 0.05857256 -1.51014638
v -0.04373311 0.05771882 -1.50793755
v -0.05709637 -0.09251624 -1.50918174
v -0.03871740 -0.07305512 -1.46390331
v -0.04489059 -0.07678286 -1.47823012
v -0.05033560 -0.07544041 -1.47811675
v -0.04646671 0.06019407 -1.49930370
v -0.04735878 0.05781144 -1.49901533
v -0.04447030 0.05533228 -1.49690402
v -0.04397973 0.05787253 -1.49670553
v -0.03577912 0.05028050 -1.51124811
v -0.03394410 0.05008015 -1.51222646
v -0.05921023 0.06241393 -1.53581834
v -0.05692449 0.06123686 -1.54190946
v -0.04807586 -0.07309520 -1.46326661
v -0.06039873 -0.09520470 -1.53525698
v -0.00904287 -0.08963399 -1.58433723
v -0.01959055 -0.09069970 -1.59601235
v -0.03098419 -0.09539673 -1.58442104
v -0.05372846 0.06477655 -1.54075885
v -0.05506270 0.06545876 -1.53832507
v -0.02461534 -0.09415802 -1.57347023
v -0.02799037 -0.09033610 -1.60527611
v -0.03868008 -0.09568244 -1.59489655
v -0.04819291 -0.09808449 -1.58310628
v -0.06210401 -0.09747043 -1.56256497
v 0.02943720 -0.06697287 -1.54551888
v 0.02960365 -0.06722856 -1.54551494
v 0.03104178 -0.06584775 -1.54505455
v -0.03958794 0.05317997 -1.52765107
v -0.04095461 0.05081161 -1.52833855
v -0.04094476 0.05070591 -1.52735984
v -0.03942559 0.05374547 -1.52619600
v 0.03085844 -0.06583989 -1.54529834
v 0.02892299 -0.06642319 -1.54577136
v 0.03010340 -0.06523931 -1.54530680
v -0.03814396 0.05351211 -1.52766073
v -0.03801948 0.05396212 -1.52595937
v -0.03685584 0.05352219 -1.52571070
v -0.03671545 0.05312867 -1.52668107
v 0.02788868 -0.06724985 -1.54624248
v 0.02833997 -0.06782593 -1.54598951
v 0.02838601 -0.06806497 -1.54549694
v 0.03428643 -0.05014295 -1.54680324
v 0.03356972 -0.05079195 -1.54727840
v 0.03358387 -0.05335945 -1.54625666
v 0.03472238 -0.05279297 -1.54626966
v 0.03479042 -0.04992750 -1.54656422
v 0.03515603 -0.05272142 -1.54578364
v -0.04147274 0.04992439 -1.52856588
v -0.04117780 0.05021489 -1.52832747
v -0.04144406 0.05059088 -1.52882171
v -0.05331963 0.05548677 -1.53180575
v -0.05494821 0.05677701 -1.52376473
v -0.05394322 0.05475757 -1.52348793
v -0.05217141 0.05323477 -1.53030419
v 0.02764405 -0.05340974 -1.54892612
v 0.02761491 -0.05292288 -1.54917872
v -0.05846763 0.06781812 -1.52492511
v 0.02770944 -0.05427692 -1.54842257
v 0.03221370 -0.04815921 -1.54878604
v 0.03238957 -0.04824931 -1.54976177
v -0.04003686 0.06100337 -1.55049872
v -0.04004896 0.05949761 -1.55267036
v -0.04398663 0.06244653 -1.55637455
v 0.02781375 -0.05267384 -1.54991627
v 0.02763247 -0.05265316 -1.54942775
v 0.03231657 -0.04846319 -1.54829264
v -0.04608478 0.05183083 -1.51417780
v -0.04315763 0.05437107 -1.51520705
v -0.04162957 0.05274496 -1.51493859
v -0.04441121 0.05135700 -1.51392984
v -0.03948864 0.05032776 -1.51905382
v -0.03897016 0.04839243 -1.51584649
v -0.03790781 0.05245021 -1.51762986
v -0.03796347 0.05315194 -1.53351617
v -0.04071021 0.05199260 -1.52982521
v -0.03932646 0.05277408 -1.52886569
v -0.03797450 0.05310803 -1.52911949
v -0.05764861 0.06895867 -1.51615548
v -0.05971901 0.07053021 -1.52155018
v -0.06137155 0.06905428 -1.52127564
v -0.05921627 0.06748141 -1.51563692
v 0.03254271 -0.04690346 -1.54832053
v 0.03229891 -0.04596660 -1.54858041
v -0.03156164 0.04839933 -1.50145793
v -0.03479639 0.04590758 -1.49884129
v -0.03105160 0.04787695 -1.50486922
v -0.05484658 0.07149316 -1.55259573
v -0.05565120 0.06807877 -1.55497599
v -0.05811337 0.06870930 -1.55278242
v -0.05713806 0.07235695 -1.55040669
v -0.04675724 0.05108069 -1.53492141
v -0.04623730 0.05126412 -1.53297222
v -0.04489668 0.05133693 -1.53419828
v -0.04514717 0.05095213 -1.53614450
v 0.03259536 -0.04607667 -1.54980040
v 0.03475303 -0.05788657 -1.54447114
v 0.03474393 -0.05804120 -1.54373574
v 0.03548390 -0.05334416 -1.54430842
v 0.03538472 -0.05297261 -1.54529142
v 0.03457845 -0.05773503 -1.54520607
v 0.03337932 -0.06104948 -1.54514480
v 0.03349910 -0.06110565 -1.54441142
v 0.03343621 -0.06114968 -1.54367793
v -0.08744645 0.03658098 -1.49926805
v -0.06853458 0.04256049 -1.50003445
v -0.07648714 0.04788361 -1.51256096
v -0.09296227 0.04244763 -1.51168859
v -0.04572119 0.06101225 -1.50212848
v -0.04341393 0.05967466 -1.49991345
v -0.03646465 0.05426402 -1.54111040
v -0.03536736 0.05379397 -1.54281461
v -0.03671288 0.05507272 -1.54820609
v -0.03673246 0.05561936 -1.54504085
v 0.03558028 -0.05003485 -1.54534340
v 0.03521528 -0.04998199 -1.54632020
v 0.03343826 -0.06113688 -1.54294550
v 0.03461205 -0.05820296 -1.54299998
v -0.06418823 0.07049851 -1.53667891
v -0.06246666 0.07308790 -1.53599620
v 0.03541493 -0.05347953 -1.54357314
v 0.03564153 -0.05004558 -1.54485488
v 0.03521670 -0.04721049 -1.54612446
v 0.03513800 -0.04838682 -1.54634786
v 0.03443313 -0.05815853 -1.54202342
v 0.03432119 -0.05802681 -1.54104853
v 0.03537066 -0.05327389 -1.54162288
v 0.03535779 -0.05344318 -1.54259682
v -0.04331470 0.05669491 -1.54699552
v -0.04597435 0.06035394 -1.55071557
v -0.04521941 0.05808417 -1.54823565
v -0.04368014 0.05636090 -1.54650021
v -0.04155583 0.05604772 -1.53892982
v -0.04109962 0.05672969 -1.54016399
v -0.04137548 0.05490042 -1.54086399
v -0.04170379 0.05384301 -1.53962350
v 0.03313689 -0.06108862 -1.54221284
v 0.03302190 -0.06100256 -1.54123712
v -0.03405201 0.05368575 -1.54745650
v -0.03713655 0.05570024 -1.55236769
v 0.02660824 -0.06904764 -1.54547501
v 0.02566116 -0.06948259 -1.54595327
v 0.02578430 -0.06948215 -1.54546511
v -0.04778693 0.04767017 -1.50677395
v 0.02629302 -0.06920154 -1.54498303
v 0.02300619 -0.07178372 -1.54248679
v 0.02191097 -0.07258870 -1.54369080
v 0.02040320 -0.07412677 -1.54292715
v -0.03871588 0.05602090 -1.54015815
v -0.03821238 0.05698394 -1.54261851
v -0.04061672 0.05758905 -1.54164565
v -0.03041961 0.04853937 -1.51001108
v -0.03241207 0.04943227 -1.51197505
v -0.04359735 0.05563447 -1.54575515
v -0.04365423 0.05486481 -1.54452038
v -0.04298068 0.05329472 -1.54083157
v -0.04445684 0.05403888 -1.53888679
v 0.02176089 -0.07305972 -1.54148412
v -0.05134948 0.06139300 -1.53289127
v -0.05253586 0.06345750 -1.52437651
v 0.01746811 -0.08080967 -1.53230095
v 0.02100215 -0.07534260 -1.53851163
v 0.01889964 -0.07657419 -1.53994966
v 0.02743016 -0.06864360 -1.54548430
v 0.02838670 -0.06806071 -1.54525280
v 0.02743556 -0.06855653 -1.54572999
v 0.02643030 -0.06895272 -1.54596460
v 0.02717853 -0.06876682 -1.54474878
v 0.02820069 -0.06812282 -1.54427433
v 0.02959893 -0.06731135 -1.54502499
v 0.02953875 -0.06732066 -1.54404783
v 0.03098229 -0.06585281 -1.54383326
v 0.03104518 -0.06580877 -1.54456675
v 0.03221399 -0.06386830 -1.54460382
v -0.06327829 0.04808084 -1.51406562
v -0.04897750 0.04352158 -1.50022638
v 0.03207058 -0.06417318 -1.54508662
v 0.03215179 -0.06390807 -1.54362619
v 0.03073471 -0.06591514 -1.54309881
v 0.03208687 -0.06398255 -1.54289198
v 0.02917548 -0.06728359 -1.54331481
v 0.02782863 -0.06821178 -1.54378343
v 0.02668066 -0.06890857 -1.54425657
v 0.02578703 -0.06946507 -1.54448855
v 0.02514775 -0.06986362 -1.54521251
v 0.02611244 -0.06919423 -1.54351735
v 0.02521750 -0.06979454 -1.54277182
v 0.02670030 -0.06866132 -1.54230714
v 0.02733143 -0.06834927 -1.54304695
v 0.02508420 -0.06992956 -1.54399014
v 0.02399376 -0.07070465 -1.54348516
v -0.04165579 0.05368731 -1.54133046
v -0.04189290 0.05357644 -1.54157209
v -0.04237380 0.05276516 -1.54082394
v -0.04204873 0.05281334 -1.54033720
v 0.02868166 -0.06736445 -1.54282367
v 0.02824940 -0.06744510 -1.54208839
v 0.03000817 -0.06584097 -1.54163277
v 0.03043030 -0.06591254 -1.54236531
v -0.04124875 0.05827889 -1.49806333
v -0.04875489 0.05952268 -1.53897095
v -0.04718994 0.05645660 -1.53696799
v -0.04624177 0.05708863 -1.53917956
v 0.03172360 -0.06394546 -1.54215908
v 0.03141717 -0.06397331 -1.54142511
v -0.05821404 0.07046190 -1.52668154
v -0.05877057 0.07157961 -1.53475881
v -0.06015351 0.07325292 -1.53527272
v -0.05937947 0.07182361 -1.52670217
v 0.03433997 -0.05764274 -1.54520702
v 0.03320272 -0.05726571 -1.54545474
v 0.03224242 -0.06067913 -1.54490399
v 0.03307388 -0.06104447 -1.54514408
v 0.03188793 -0.06416105 -1.54508638
v -0.03614434 0.04651659 -1.49713886
v -0.04706028 0.05151521 -1.53224170
v -0.04629708 0.05271782 -1.53055525
v 0.03113357 -0.06355621 -1.54485059
v 0.03115762 -0.06043888 -1.54490519
v 0.02718794 -0.05846003 -1.54737115
v 0.02667561 -0.05972554 -1.54734766
v 0.03012890 -0.06303078 -1.54485703
v -0.04525080 0.05172815 -1.53762317
v -0.04325988 0.05181459 -1.53909540
v 0.03197385 -0.05735223 -1.54544985
v 0.02759606 -0.05691671 -1.54764354
v 0.03231447 -0.05405484 -1.54624104
v -0.03213719 0.04972916 -1.51491165
v 0.02775557 -0.05543331 -1.54791415
v 0.03272957 -0.05146999 -1.54726434
v 0.03443757 -0.05955770 -1.55714035
v 0.03467808 -0.05961955 -1.55713999
v 0.03377166 -0.06406091 -1.55657136
v 0.03337249 -0.06363256 -1.55633354
v -0.12544124 -0.06150854 -1.52590096
v -0.13142186 -0.06280287 -1.54027092
v -0.13970214 -0.04948956 -1.53632951
v 0.03215376 -0.06638274 -1.55384004
v 0.03178774 -0.06634510 -1.55481648
v 0.03011161 -0.06859291 -1.55330741
v 0.03018873 -0.06837104 -1.55257881
v 0.03246092 -0.06638590 -1.55286396
v -0.05708854 0.06778859 -1.54910588
v -0.05852855 0.06846918 -1.54716015
v -0.05592833 0.06614734 -1.54761505
v -0.05432902 0.06571372 -1.54883289
v -0.05131536 0.06457025 -1.55028629
v -0.05082451 0.06457290 -1.55175304
v -0.05515131 0.06683895 -1.55055976
v -0.04583174 0.05506483 -1.53792417
v -0.04515115 0.05602905 -1.53965235
v 0.03033148 -0.06808807 -1.55160725
v 0.03452129 -0.06388411 -1.55413437
v -0.04057369 0.05563108 -1.51035178
v -0.04133804 0.05640129 -1.50425768
v -0.05363831 0.06495740 -1.51634061
v -0.05095886 0.06428148 -1.51682448
v -0.06221915 0.06625505 -1.52708554
v -0.06258336 0.06605846 -1.53611720
v -0.06073498 0.06410529 -1.53584385
v -0.06095098 0.06469874 -1.52730608
v 0.03409370 -0.06384669 -1.55535495
v 0.03355381 -0.06367087 -1.55608916
v 0.02606466 -0.06698796 -1.55039382
v 0.02684121 -0.06632295 -1.55138445
v -0.05810931 0.05835555 -1.52940071
v -0.05780201 0.05495864 -1.53007483
v -0.03622497 0.05271189 -1.52765191
v -0.03424080 0.05183830 -1.53154957
v -0.04525429 0.05131323 -1.53688323
v -0.04337822 0.05140300 -1.53859937
v -0.05401088 0.05978750 -1.51258588
v -0.04705461 0.05517815 -1.50495350
v -0.05229587 0.05977353 -1.51039243
v -0.04530844 0.05085103 -1.50439405
v -0.04314505 0.05036192 -1.50317037
v -0.04461114 0.05302786 -1.50321293
v 0.02826262 -0.06702463 -1.55113184
v 0.02692121 -0.06790105 -1.55038023
v 0.02535643 -0.06753951 -1.54964972
v 0.02590653 -0.06846282 -1.54963493
v 0.02430867 -0.06214936 -1.54974103
v 0.02463403 -0.06184326 -1.55023575
v 0.02509198 -0.06138876 -1.55048919
v -0.04848214 0.06101449 -1.51237822
v -0.05092898 0.06310816 -1.51387346
v 0.02405568 -0.06228113 -1.54949379
v -0.04207885 0.04954090 -1.52831328
v -0.04339479 0.04788071 -1.52681541
v -0.04165592 0.04853862 -1.52805269
v -0.05211895 0.06451485 -1.53221107
v -0.05251391 0.06572743 -1.52392781
v -0.04130464 0.05645986 -1.54235673
v 0.02399211 -0.06232943 -1.54900444
v -0.04236598 0.05474600 -1.53255522
v -0.04028316 0.05534222 -1.53599036
v -0.04051357 0.06014716 -1.54535389
v -0.04140737 0.05839778 -1.54385567
v -0.04123779 0.05748212 -1.54310739
v -0.04024412 0.05863489 -1.54337454
v -0.04262724 0.04290051 -1.51842690
v -0.04083983 0.04605318 -1.51677740
v -0.04044295 0.04749961 -1.51997864
v 0.02399482 -0.06229472 -1.54876077
v 0.02412336 -0.06220721 -1.54851842
v 0.01699319 -0.08283921 -1.51565742
v 0.01628729 -0.08305624 -1.52712989
v -0.04925641 0.06343338 -1.55149317
v -0.05044435 0.06391376 -1.54954457
v -0.05861631 0.06280838 -1.54242074
v 0.01287607 -0.08488880 -1.51902950
v 0.02726977 -0.06827895 -1.54622293
v -0.04590487 0.05582663 -1.54355431
v -0.04671720 0.05633458 -1.54209566
v 0.02632337 -0.06870963 -1.54645693
v -0.05189106 0.05884339 -1.55458045
v -0.04856740 0.05785772 -1.55286276
v -0.04727376 0.05788976 -1.55311108
v -0.04740200 0.05893004 -1.55703640
v 0.02694228 -0.06768052 -1.54647660
v -0.04027171 0.04912413 -1.50010383
v -0.04284919 0.05222007 -1.50076151
v -0.04318442 0.05203730 -1.50197840
v -0.04125952 0.04971212 -1.50169873
v -0.04098445 0.05209486 -1.51468468
v -0.04342212 0.05105098 -1.51368296
v 0.02611765 -0.06811929 -1.54671097
v -0.05611002 0.06638433 -1.51757991
v -0.05519887 0.06560718 -1.51659191
v -0.05711013 0.06688394 -1.52076077
v -0.05782547 0.06788838 -1.52199745
v 0.02543515 -0.06917906 -1.54693484
v 0.02535063 -0.06953606 -1.54668415
v 0.02817200 -0.06576174 -1.54578090
v 0.02565930 -0.06120650 -1.54756331
v 0.02520404 -0.06160865 -1.54779923
v -0.04919907 0.05220417 -1.53591120
v -0.04885564 0.05159136 -1.53468037
v -0.04973541 0.05797341 -1.54724467
v -0.05090133 0.06027049 -1.54972386
v -0.04751079 0.05901925 -1.55239749
v -0.04747303 0.05746553 -1.55017257
v -0.06065904 0.06445573 -1.54342091
v 0.02727162 -0.06641383 -1.54625547
v 0.02916570 -0.06462660 -1.54531503
v 0.02618659 -0.06064096 -1.54733038
v 0.02476195 -0.06181293 -1.54803860
v 0.02437975 -0.06203647 -1.54827785
v -0.04638246 0.05639507 -1.54087651
v -0.04742622 0.05713714 -1.54088664
v 0.02645645 -0.06670465 -1.54673660
v -0.04589399 0.05593021 -1.54111385
v 0.02569473 -0.06711702 -1.54697156
v 0.02548242 -0.06845696 -1.54743600
v -0.04203485 0.05320955 -1.53863466
v -0.04219469 0.05537787 -1.53769529
v -0.04205460 0.05951138 -1.54558289
v -0.04470614 0.06329218 -1.54930508
v -0.04502620 0.06227380 -1.54928637
v -0.04239044 0.05884804 -1.54630303
v 0.02486197 -0.06765991 -1.54793668
v 0.02479364 -0.06775574 -1.54842329
v 0.02534307 -0.06870095 -1.54791975
v -0.04258878 0.05395940 -1.54328632
v 0.02521385 -0.06879273 -1.54840624
v 0.02511702 -0.06751534 -1.54745150
v -0.11988644 0.00368701 -1.49469733
v -0.12675613 0.00543844 -1.50362313
v 0.02497830 -0.06771980 -1.54915702
v 0.02546413 -0.06869568 -1.54889703
v 0.02521401 -0.06976297 -1.54619133
v 0.02496639 -0.06979004 -1.54692280
v 0.02443806 -0.07035317 -1.54788840
v 0.02463632 -0.07017894 -1.54593825
v -0.04018982 0.05761116 -1.55263698
v -0.04395847 0.05868754 -1.55435514
v -0.04418556 0.05966386 -1.55534840
v -0.04100780 0.05820296 -1.55337775
v -0.05387044 0.06533788 -1.54760647
v 0.02391591 -0.07089551 -1.54592383
v 0.02425415 -0.07043774 -1.54471159
v 0.02400045 -0.07140294 -1.54835725
v 0.02317591 -0.07275905 -1.54857564
v -0.05856565 0.06975517 -1.54376340
v -0.04462937 0.05373369 -1.52911234
v -0.04477235 0.05012995 -1.52587414
v 0.02279235 -0.07216196 -1.54565442
v 0.02320973 -0.07143426 -1.54444718
v 0.02498934 -0.06943326 -1.54741764
v -0.04424430 0.03965885 -1.52447128
v -0.04417841 0.03999552 -1.52594268
v -0.04539990 0.04069687 -1.52546322
v -0.04568650 0.04037486 -1.52399147
v 0.02478842 -0.06967747 -1.54814541
v 0.02537369 -0.07096104 -1.54934561
v -0.04606874 0.04359685 -1.51965094
v -0.04455461 0.04633097 -1.51848173
v -0.04317476 0.04565793 -1.51676416
v -0.04553182 0.04311077 -1.51744592
v 0.02513629 -0.07175323 -1.55006385
v 0.02548187 -0.07026063 -1.54911399
v 0.02679154 -0.06986704 -1.54961288
v 0.02681795 -0.07037099 -1.55033672
v -0.04482342 0.03926418 -1.52128804
v -0.04442385 0.03945205 -1.52300191
v -0.04602875 0.04024434 -1.52227879
v -0.04673146 0.04056154 -1.52081704
v 0.02671651 -0.07095817 -1.55105889
v 0.02846108 -0.06954952 -1.55133247
v -0.04724541 0.06263137 -1.55124032
v -0.04873325 0.06462604 -1.55127120
v 0.02843066 -0.06998852 -1.55205727
v 0.02842454 -0.06919779 -1.55060589
v 0.02540536 -0.06957853 -1.54888153
v -0.05724479 0.07114807 -1.54305875
v -0.05825645 0.07131527 -1.54086101
v -0.05569838 0.06888406 -1.54766345
v -0.05717621 0.06937939 -1.54595864
v 0.02646675 -0.06923391 -1.54962301
v 0.02785149 -0.06863126 -1.55012572
v 0.02980784 -0.06770398 -1.55087996
v -0.03510914 0.05228657 -1.51983261
v -0.03685634 0.05337683 -1.52009106
v -0.03680382 0.05297546 -1.51837468
v -0.05714124 0.07237367 -1.54601109
v -0.05883909 0.07263114 -1.54820895
v -0.03286552 0.05086672 -1.50174177
v -0.03212324 0.04980580 -1.50013781
v -0.02606912 0.02228688 -1.42665219
v -0.03548770 0.03322753 -1.43316758
v -0.03710051 0.03286947 -1.42314398
v -0.02829014 0.02221169 -1.41675401
v -0.03897759 0.05963071 -1.54803550
v -0.03882599 0.05829323 -1.55045462
v 0.03205501 -0.06607078 -1.55213571
v 0.03015529 -0.06521069 -1.55214560
v 0.03411335 -0.06359944 -1.55340552
v -0.04394922 0.03984353 -1.51983523
v -0.04544699 0.03983369 -1.51909828
v -0.04416387 0.04253063 -1.51743948
v -0.04158069 0.04474986 -1.52407908
v -0.04265798 0.04052762 -1.52473497
v 0.03198090 -0.06256667 -1.55317366
v 0.03591479 -0.06032191 -1.55761945
v 0.03479464 -0.06521204 -1.55728674
v 0.03017661 -0.06211043 -1.55317664
v 0.02663858 -0.05926132 -1.55150747
v 0.02729194 -0.05771469 -1.55153620
v 0.03142750 -0.05893702 -1.55323553
v -0.04592824 0.04356163 -1.52111602
v 0.03283408 -0.04890334 -1.55048430
v 0.03313858 -0.04982327 -1.55120158
v -0.04462669 0.04429756 -1.52650511
v -0.04303293 0.04484279 -1.52774000
v -0.04017217 0.04772473 -1.51314521
v -0.04222283 0.04952082 -1.51268268
v -0.03885292 0.05076463 -1.51271355
v -0.04667965 0.04059693 -1.51861989
v -0.04705250 0.05186081 -1.53688788
v 0.02807426 -0.05334191 -1.55039370
v 0.02791864 -0.05292974 -1.55015635
v 0.03360009 -0.04750180 -1.55051088
v 0.03411267 -0.04897067 -1.55121922
v -0.04513418 0.04667169 -1.52214932
v -0.04673506 0.05012361 -1.51976323
v -0.04585616 0.04949248 -1.51755667
v -0.04505765 0.04639534 -1.52019095
v -0.04682598 0.05930071 -1.50966632
v -0.04667399 0.05944388 -1.51137877
v -0.04808310 0.05249675 -1.51516092
v -0.04580191 0.05576557 -1.51546848
v -0.04531335 0.05317696 -1.53203130
v -0.04351303 0.05434666 -1.53523147
v -0.04216077 0.05015358 -1.52856803
v -0.04452899 0.04720420 -1.52435827
v -0.04635068 0.04987146 -1.52220201
v -0.04185778 0.04498700 -1.52554786
v -0.04081497 0.04870935 -1.52561569
v -0.04107340 0.04852580 -1.52658868
v -0.04216494 0.04499016 -1.52652395
v -0.04777654 0.05903034 -1.54238415
v -0.03769534 0.05685036 -1.54823458
v -0.03832861 0.05828963 -1.54532743
v -0.06398842 0.06055235 -1.55872929
v -0.06899261 0.05919258 -1.55063272
v -0.05581845 0.05848341 -1.55163300
v -0.04567394 0.04375483 -1.52307379
v -0.04397318 0.04057618 -1.52693033
v -0.04293683 0.04143328 -1.52645969
v -0.05377150 0.06581305 -1.51342463
v -0.03852488 0.05154648 -1.51223969
v -0.04286509 0.05194950 -1.53690088
v -0.06082691 0.06570706 -1.52170694
v -0.05872920 0.06437401 -1.51656079
v -0.04329363 0.05128369 -1.53810906
v -0.04262364 0.05195579 -1.53909957
v -0.04289403 0.05047412 -1.51318586
v -0.04005519 0.05156112 -1.51370108
v -0.04242209 0.05223954 -1.53959346
v -0.03820761 0.05304716 -1.51959324
v -0.05245040 0.06460458 -1.54222465
v 0.03296872 -0.05325161 -1.55285072
v 0.02809266 -0.05488496 -1.55109942
v -0.04763828 0.05631698 -1.50155282
v -0.04492828 0.05426914 -1.49993694
v 0.02815516 -0.05395218 -1.55087173
v -0.04265872 0.04099965 -1.52572012
v 0.03296451 -0.05149545 -1.55214882
v -0.04256482 0.04494469 -1.51675332
v -0.04518254 0.04405892 -1.52478993
v 0.03489131 -0.05283758 -1.55335164
v 0.03437595 -0.05050373 -1.55217004
v 0.03342322 -0.05926172 -1.55372381
v -0.03994484 0.05138553 -1.52322268
v -0.03955676 0.05096616 -1.52126276
v -0.03833761 0.05344506 -1.52179778
v -0.15491986 -0.03311251 -1.59885001
v -0.15724349 -0.03169622 -1.58152902
v -0.04747931 0.05733613 -1.51597977
v -0.05030676 0.05347048 -1.51688147
v -0.05236275 0.05493526 -1.51787829
v -0.04900724 0.05932053 -1.51674306
v -0.05646239 0.06284197 -1.51165581
v -0.05335995 0.06087882 -1.50723398
v -0.05326995 0.06298664 -1.50531733
v -0.05667979 0.06557745 -1.50999355
v -0.14673439 -0.05016078 -1.58343256
v -0.14392933 -0.04994665 -1.59712005
v -0.07266756 0.06104932 -1.57361162
v -0.05729266 0.06141910 -1.56413531
v -0.06108845 0.06126424 -1.58024073
v -0.05582624 0.06344184 -1.55147541
v -0.05758556 0.06372419 -1.54903340
v -0.06008258 0.06900559 -1.55034006
v -0.04196709 0.05762063 -1.55531871
v -0.04564031 0.05784669 -1.55287051
v -0.04368915 0.05812788 -1.55385756
v -0.06305626 0.06992316 -1.52690315
v 0.02855527 -0.06443597 -1.55239892
v 0.02582521 -0.06046762 -1.55099571
v -0.13594823 -0.06048883 -1.59769011
v -0.13312951 -0.06018932 -1.60649478
v -0.13897240 -0.05144632 -1.60882974
v -0.10255554 -0.04655534 -1.47213042
v -0.10978066 -0.03680345 -1.46324527
v -0.03695969 0.05362776 -1.53743458
v -0.03929418 0.05554776 -1.53795028
v 0.03483453 -0.04550022 -1.55030501
v -0.05493916 0.05884912 -1.51378810
v 0.03513876 -0.04733081 -1.55149484
v -0.04688045 0.05964181 -1.51480067
v -0.04868444 0.06207265 -1.51557088
v -0.04820547 0.06855313 -1.55207396
v -0.04625741 0.06515582 -1.55006599
v 0.03467293 -0.04428302 -1.54910469
v 0.03489934 -0.04364398 -1.54887223
v 0.03500292 -0.04480812 -1.55031753
v 0.03526179 -0.04639539 -1.55175579
v 0.03535780 -0.04952266 -1.55267823
v 0.03583094 -0.04883984 -1.55293572
v 0.03656999 -0.05240070 -1.55434072
v 0.03619793 -0.05248966 -1.55384970
v 0.03540779 -0.05975386 -1.55420899
v 0.03588606 -0.05989463 -1.55518472
v 0.03605239 -0.05189000 -1.55508089
v 0.03531808 -0.04826399 -1.55343270
v 0.03541403 -0.05135600 -1.55582118
v 0.03502274 -0.04808914 -1.55416775
v 0.03480357 -0.05957771 -1.55689681
v 0.03546119 -0.05982250 -1.55616164
v 0.03473499 -0.04707343 -1.54710233
v 0.03476098 -0.04483965 -1.54738569
v 0.03439543 -0.04757500 -1.54733694
v 0.03443357 -0.04515857 -1.54762340
v 0.03322110 -0.04866755 -1.54780304
v 0.03442249 -0.04439437 -1.54812527
v 0.03477523 -0.04369492 -1.54789424
v -0.00549294 -0.01572723 -1.41346610
v -0.01129305 -0.01482235 -1.40699446
v 0.03267930 -0.04945715 -1.54778779
v 0.03480649 -0.04408414 -1.55032969
v 0.03502001 -0.04274995 -1.54888821
v 0.03415251 -0.04287207 -1.55083752
v 0.03470485 -0.04197221 -1.54890108
v 0.03429525 -0.04526723 -1.55299401
v 0.03469785 -0.04567423 -1.55201101
v 0.03484026 -0.04272408 -1.54766715
v 0.03486603 -0.04326756 -1.54716921
v 0.03488755 -0.04201962 -1.54743540
v 0.03491231 -0.04257832 -1.54693723
v 0.03572068 -0.04979328 -1.54412687
v 0.03574064 -0.04951743 -1.54315495
v 0.03532878 -0.04646348 -1.54540515
v 0.03537119 -0.04583847 -1.54492772
v 0.03427824 -0.05777736 -1.54007590
v 0.03285380 -0.06080164 -1.54001915
v 0.03424711 -0.05735621 -1.53886211
v 0.05790170 -0.01849737 -1.52104521
v 0.05653821 -0.01693140 -1.52106893
v 0.05547363 -0.01818277 -1.52275372
v 0.05610082 -0.01886658 -1.52274346
v 0.03274862 -0.06057433 -1.53880167
v 0.03549241 -0.05241755 -1.53944027
v 0.03539062 -0.05299805 -1.54065084
v -0.02954845 -0.05283513 -1.41116452
v 0.02448968 -0.07064624 -1.54177809
v 0.02369559 -0.07158098 -1.54053843
v 0.02563163 -0.07007605 -1.53983736
v 0.02611048 -0.06927758 -1.54131794
v 0.02780432 -0.06773031 -1.54086113
v 0.05632104 -0.01765937 -1.51201963
v 0.05517843 -0.01825147 -1.51347136
v 0.05427131 -0.01718546 -1.51324344
v 0.05549134 -0.01634291 -1.51204038
v 0.02759941 -0.06808831 -1.53938901
v 0.02958341 -0.06585702 -1.53894496
v 0.02964830 -0.06576492 -1.54041207
v 0.03111818 -0.06390129 -1.54020441
v 0.03114051 -0.06360169 -1.53874445
v 0.02117024 -0.07357444 -1.54513681
v 0.02094637 -0.07502222 -1.54828572
v 0.01952786 -0.07529134 -1.54461396
v 0.01867215 -0.07703781 -1.54800010
v 0.03443698 -0.04133681 -1.55159783
v 0.05503165 -0.02115335 -1.52245641
v 0.05749810 -0.02275280 -1.51974869
v 0.05912036 -0.02132603 -1.52075493
v 0.05589324 -0.02014137 -1.52296484
v 0.03441365 -0.04082247 -1.54940879
v 0.03552108 -0.03973237 -1.55236149
v 0.03517949 -0.03941759 -1.54967964
v 0.03651206 -0.04131008 -1.55526710
v 0.03505168 -0.04306102 -1.55425572
v 0.03482303 -0.04115151 -1.54745042
v 0.03490194 -0.04182750 -1.54646194
v 0.03509080 -0.03988504 -1.54747319
v 0.03509144 -0.04083004 -1.54599142
v 0.03578187 -0.04892194 -1.54218853
v 0.03570065 -0.04832262 -1.54146624
v 0.03541529 -0.04519397 -1.54420650
v 0.03553902 -0.04427192 -1.54349029
v -0.12053025 -0.06057480 -1.51518512
v -0.13484743 -0.06334494 -1.55612624
v 0.03160347 -0.07262605 -1.56130004
v 0.03249430 -0.07034014 -1.55841184
v 0.03509849 -0.06701832 -1.55969810
v 0.03508032 -0.06903879 -1.56332600
v 0.02928724 -0.07517086 -1.56515670
v 0.02657815 -0.07737236 -1.56144762
v 0.02863863 -0.07495874 -1.55905330
v 0.03007741 -0.07269160 -1.55689883
v 0.02192865 -0.07581198 -1.55120516
v 0.02369417 -0.07409462 -1.55123997
v 0.02520952 -0.07425609 -1.55295086
v 0.02386612 -0.07604502 -1.55364859
v 0.01976945 -0.07793126 -1.55116224
v 0.02175157 -0.07839425 -1.55433440
v 0.02620539 -0.07575436 -1.55610216
v 0.02750750 -0.07367887 -1.55492091
v 0.02414359 -0.07821177 -1.55751896
v 0.03827336 -0.04965374 -1.55952191
v 0.03676824 -0.05025739 -1.55779779
v 0.03571176 -0.04687753 -1.55614448
v 0.03641433 -0.04549235 -1.55690324
v 0.03962757 -0.04855512 -1.56149852
v 0.03788872 -0.04352497 -1.55816269
v 0.03825487 -0.06267318 -1.56417859
v 0.03729016 -0.06163134 -1.56077516
v 0.03512716 -0.05106605 -1.55606961
v 0.03503023 -0.04887133 -1.55513096
v 0.03513661 -0.05091811 -1.55631649
v 0.03482924 -0.04821585 -1.55514181
v -0.11586158 -0.07105348 -1.61807418
v -0.10363889 -0.07515790 -1.62438512
v -0.11005811 -0.05966254 -1.63709378
v -0.12236924 -0.05692862 -1.62904906
v 0.03172211 -0.06640621 -1.55505955
v 0.03204756 -0.06701744 -1.55553818
v 0.03036467 -0.06936084 -1.55427146
v 0.03022189 -0.06876175 -1.55379319
v 0.02852472 -0.07040091 -1.55253887
v 0.02848080 -0.07104875 -1.55301583
v 0.02658197 -0.07203670 -1.55201650
v 0.02686469 -0.07147020 -1.55178297
v 0.02554829 -0.07197702 -1.55079365
v 0.02501864 -0.07258396 -1.55078161
v 0.03535186 -0.04861516 -1.55586886
v 0.03562739 -0.05088290 -1.55680680
v -0.13762343 -0.06206192 -1.58569145
v 0.01955427 -0.07165489 -1.60182440
v 0.01244215 -0.07753460 -1.59779477
v 0.01850570 -0.07571547 -1.59149337
v 0.03269711 -0.06826608 -1.55625069
v 0.03052308 -0.07063800 -1.55498230
v 0.02822516 -0.07211493 -1.55372906
v 0.02621942 -0.07287742 -1.55248928
v 0.02497403 -0.07323608 -1.55150270
v -0.04243851 -0.08799841 -1.51345217
v -0.04420994 -0.08819079 -1.51368821
v -0.07006038 -0.09410667 -1.52328324
v -0.06901205 -0.09264594 -1.53014970
v -0.06760562 -0.09176016 -1.53358805
v -0.05464632 -0.09429684 -1.54188228
v -0.05786965 -0.09762461 -1.54499018
v -0.06379731 -0.09682462 -1.50469232
v -0.05973022 -0.09376226 -1.50304735
v -0.04898322 0.06866673 -1.55549288
v -0.06437011 -0.09662034 -1.50567114
v -0.06906623 -0.10378332 -1.54094458
v -0.07046381 -0.10396172 -1.53898394
v -0.07020023 -0.10495341 -1.53872311
v -0.10876869 -0.05292530 -1.49679017
v -0.11532386 -0.05789974 -1.50694251
v -0.07181357 -0.10408214 -1.53702450
v -0.04690272 -0.09017313 -1.51828635
v -0.07053083 -0.09522875 -1.52277398
v -0.07260556 -0.09648451 -1.52201366
v -0.07303013 -0.09685062 -1.51663339
v -0.07185980 -0.09639093 -1.51737726
v -0.07090743 -0.09598805 -1.51176989
v -0.07013713 -0.09568956 -1.51275408
v -0.06705759 -0.09814042 -1.50832367
v -0.06944375 -0.09951432 -1.51195645
v -0.05928040 -0.09882377 -1.54545379
v -0.05781748 -0.09823100 -1.54449129
v -0.05959878 -0.09959331 -1.54519534
v -0.04835949 -0.09072748 -1.51705170
v -0.05432156 -0.09233125 -1.54020798
v -0.05314494 -0.09182020 -1.53802216
v -0.05352467 -0.09143235 -1.53827214
v -0.05145913 -0.08663702 -1.52224326
v -0.05166176 -0.08667138 -1.52321899
v -0.05151780 -0.08801380 -1.52075374
v -0.05034781 -0.09069103 -1.51900053
v -0.04999919 -0.08379650 -1.51179564
v -0.05184983 -0.08291809 -1.51058483
v -0.05124225 -0.08346103 -1.50960016
v -0.06343447 -0.10177022 -1.55125225
v -0.05289154 -0.09194209 -1.53704393
v -0.05313971 -0.09334943 -1.53799546
v -0.05343837 -0.09390156 -1.53920615
v -0.05995503 -0.10047835 -1.54469037
v -0.05373941 -0.09426574 -1.54017580
v -0.05366744 -0.09341435 -1.54019094
v -0.05462983 -0.09508865 -1.54162431
v -0.05384763 -0.09279081 -1.54020131
v -0.06477834 -0.08856665 -1.51533532
v -0.06253439 -0.08730486 -1.51511931
v -0.04327338 -0.09014866 -1.53441501
v -0.04557952 -0.09038898 -1.53245080
v -0.05749494 -0.09292367 -1.50257969
v -0.06395092 -0.09211949 -1.54018557
v -0.06567094 -0.09254190 -1.54285991
v -0.07140903 -0.10111260 -1.51631904
v -0.06086859 -0.09481180 -1.51132929
v -0.05888643 -0.09272897 -1.51063836
v -0.06273677 -0.09678420 -1.51226652
v -0.06454711 -0.09836258 -1.51492047
v -0.05765412 -0.08714946 -1.53125358
v -0.06329547 -0.09836714 -1.53470540
v -0.06469954 -0.09878542 -1.53249621
v -0.06166431 -0.09676749 -1.53498197
v -0.06392515 -0.09370111 -1.54650760
v -0.06148111 -0.09361888 -1.54651570
v -0.06212717 -0.09305726 -1.54139519
v -0.06075893 -0.09314743 -1.54481637
v -0.05039925 -0.08581787 -1.51517820
v -0.05374893 -0.08460499 -1.50932908
v -0.05460428 -0.08442979 -1.51128364
v -0.05471319 -0.08554567 -1.50906587
v -0.05619291 -0.08558692 -1.51003790
v -0.05792970 -0.08580318 -1.51149476
v -0.05932028 -0.08620396 -1.51343775
v -0.05992071 -0.08666588 -1.51587021
v -0.05104819 -0.08535886 -1.51933622
v -0.05116379 -0.09423897 -1.54628873
v -0.05089969 -0.08478381 -1.51739287
v -0.05133830 -0.08692493 -1.52077329
v -0.05103719 -0.08703704 -1.51906264
v -0.05058120 -0.08666590 -1.51711655
v -0.05229182 -0.09030655 -1.50801229
v -0.05473857 -0.09084688 -1.50970578
v -0.05136850 -0.08928004 -1.50876534
v -0.05704898 -0.09143585 -1.51017761
v -0.05088525 -0.08821566 -1.50902951
v -0.06283398 -0.09276567 -1.54139841
v -0.06282077 -0.09300612 -1.54456902
v -0.04044794 -0.08855802 -1.51686680
v 0.00798088 -0.08664168 -1.52411413
v 0.00281286 -0.08778572 -1.53384876
v 0.02725883 -0.04909353 -1.47402585
v 0.02744184 -0.04826556 -1.47062182
v 0.02152628 -0.08003518 -1.51303244
v 0.02693938 -0.07594852 -1.51067638
v 0.03983431 -0.04930332 -1.47930694
v 0.03982818 -0.04850376 -1.47822189
v 0.04012609 -0.04769130 -1.47872543
v 0.03995464 -0.04841143 -1.47944498
v 0.03832304 -0.04629154 -1.47898924
v 0.03772541 -0.04699217 -1.47934163
v 0.03868642 -0.04725478 -1.47933972
v 0.03921810 -0.04662621 -1.47898579
v 0.04237109 -0.05303258 -1.49646592
v 0.04102474 -0.05663130 -1.50006258
v 0.03925912 -0.05938276 -1.49536955
v 0.04090245 -0.05590413 -1.49226010
v 0.03019667 -0.04802530 -1.47869265
v 0.03094042 -0.04783188 -1.48052967
v 0.03490908 -0.04701889 -1.48018837
v 0.03427931 -0.04731359 -1.47932673
v 0.03009558 -0.04777237 -1.47601032
v 0.03368164 -0.04714096 -1.47786283
v 0.02754287 -0.04932120 -1.47805214
v 0.02817934 -0.04887800 -1.48087025
v 0.03446823 -0.05749905 -1.47255516
v 0.03652137 -0.05416002 -1.47493923
v 0.03747088 -0.05543019 -1.47833872
v 0.03547890 -0.05872703 -1.47766507
v 0.04286362 -0.04993943 -1.50824380
v 0.04207934 -0.05354877 -1.50427103
v 0.04309356 -0.05035176 -1.50042224
v 0.04363395 -0.04671955 -1.50488317
v 0.04484102 -0.04315988 -1.51007724
v 0.04366225 -0.04610270 -1.51270890
v 0.04903997 -0.04236149 -1.51791751
v 0.04998944 -0.04288733 -1.51424766
v 0.05318916 -0.04261637 -1.51328421
v 0.05218806 -0.04290210 -1.51547444
v 0.05149695 -0.04056632 -1.50965226
v 0.04835572 -0.04267878 -1.51204896
v 0.05206655 -0.03662710 -1.50874579
v 0.05636249 -0.01428662 -1.51183450
v 0.05507311 -0.01524021 -1.51352382
v 0.05706165 -0.01475413 -1.51402617
v 0.05826911 -0.01318785 -1.51259148
v 0.05298666 -0.03656740 -1.50948191
v 0.05003672 -0.04047164 -1.50891733
v 0.06403535 -0.02210983 -1.51245117
v 0.06434063 -0.02114459 -1.51466680
v 0.06184154 -0.02196270 -1.51366878
v 0.06148354 -0.02187049 -1.51196003
v 0.04814370 -0.04044758 -1.50817990
v 0.05095492 -0.03680784 -1.50800693
v 0.05405547 -0.03610528 -1.51046979
v 0.05393364 -0.03886015 -1.51017714
v 0.06384236 -0.01943069 -1.51518393
v 0.06578652 -0.01780400 -1.51448488
v 0.06419519 -0.01598591 -1.51451242
v 0.06247450 -0.01793656 -1.51496208
v 0.05687710 -0.02206584 -1.51609576
v 0.05831731 -0.02068987 -1.51416993
v 0.06053829 -0.02310080 -1.51633179
v 0.05524445 -0.01443191 -1.51646900
v 0.05364092 -0.01557707 -1.51546776
v 0.05312442 -0.01681529 -1.51910794
v 0.05411604 -0.01567533 -1.52010751
v 0.05546562 -0.04060895 -1.51186013
v 0.06296370 -0.03089461 -1.51082933
v 0.06482907 -0.03224067 -1.51203191
v 0.04910166 -0.03534749 -1.54148519
v 0.04583035 -0.03772043 -1.53801584
v 0.05117900 -0.03543664 -1.53904712
v 0.04797157 -0.03776272 -1.53582287
v 0.05928222 -0.04018613 -1.51383173
v 0.05766340 -0.04148908 -1.51575828
v 0.06320675 -0.03815985 -1.51509881
v 0.06276848 -0.03917148 -1.51752210
v 0.04872154 -0.03058072 -1.55670893
v 0.05879990 -0.02828908 -1.50793302
v 0.05824004 -0.02844916 -1.50719595
v 0.06070035 -0.02819564 -1.50891662
v -0.14069375 -0.03472758 -1.62206101
v -0.12899928 -0.03695308 -1.63524151
v -0.10507699 -0.03917374 -1.65065336
v -0.09199084 -0.03816396 -1.65510237
v 0.05818929 -0.03145646 -1.49053657
v 0.05832621 -0.03116807 -1.49335039
v 0.04063874 -0.03706037 -1.48599505
v 0.04276449 -0.03175690 -1.48658192
v 0.04729713 -0.03169771 -1.48464155
v 0.04548756 -0.03684184 -1.48418033
v 0.04290926 -0.04067522 -1.48361790
v 0.03809896 -0.04123981 -1.48518240
v 0.03806130 -0.03716128 -1.48732948
v 0.04001881 -0.03162614 -1.48804212
v 0.04996014 -0.03674503 -1.48309517
v 0.05261342 -0.03178526 -1.48367763
v 0.05529454 -0.03188946 -1.48539257
v 0.05220427 -0.03698884 -1.48456240
v 0.04639935 -0.04287938 -1.50349247
v 0.04915716 -0.03909332 -1.50454307
v 0.05277412 -0.03528068 -1.50486374
v 0.05560077 -0.03232186 -1.50492322
v 0.05606115 -0.03178888 -1.50688744
v 0.05370793 -0.03404859 -1.50757420
v 0.05649862 -0.03162382 -1.50786841
v 0.05439070 -0.03387948 -1.50831175
v 0.05499771 -0.03392369 -1.50928950
v 0.05538858 -0.03445284 -1.51050234
v 0.05672763 -0.03271717 -1.51029205
v 0.05638786 -0.03319776 -1.51150393
v 0.05686106 -0.03167339 -1.50860119
v 0.06364331 -0.03116422 -1.53305018
v 0.06108847 -0.03086282 -1.53695607
v 0.05594866 -0.03561261 -1.49473155
v 0.05784950 -0.03092273 -1.49567354
v 0.05709966 -0.03014525 -1.49971461
v 0.05541282 -0.03436134 -1.49939215
v 0.05268563 -0.03860619 -1.49833357
v 0.05288747 -0.04030534 -1.49268746
v 0.05773448 -0.02871222 -1.50645733
v 0.05599485 -0.03589742 -1.49228454
v 0.05561627 -0.03613822 -1.48959291
v 0.05268057 -0.04072025 -1.49011540
v 0.05212270 -0.04089230 -1.48766863
v 0.04912066 -0.04459758 -1.48967159
v 0.04930203 -0.04355770 -1.49591780
v 0.04534302 -0.04889093 -1.49324954
v 0.04521935 -0.04816348 -1.48630166
v 0.03880553 -0.05550499 -1.48188210
v 0.03949925 -0.05066802 -1.47903800
v 0.04022139 -0.05080521 -1.48062491
v 0.04133316 -0.05060135 -1.48221898
v 0.04038297 -0.05469172 -1.48531961
v 0.03705942 -0.05875017 -1.48255324
v 0.03894800 -0.05781744 -1.48758113
v 0.04246294 -0.05275420 -1.48902249
v 0.04284436 -0.04990637 -1.48394477
v 0.04055072 -0.04953851 -1.48040378
v 0.04037306 -0.04854175 -1.48005438
v 0.04159927 -0.04938082 -1.48138630
v 0.04124098 -0.04835029 -1.48067069
v 0.04285378 -0.04888517 -1.48237514
v 0.04236630 -0.04796406 -1.48141313
v 0.04395057 -0.04710810 -1.48240924
v 0.04475901 -0.04778612 -1.48398697
v 0.03923900 -0.04627343 -1.48057938
v 0.04058041 -0.04540583 -1.48096454
v 0.04191180 -0.04561661 -1.48096442
v 0.04051254 -0.04643449 -1.48058009
v 0.03828046 -0.04690439 -1.48007739
v 0.03956278 -0.04693060 -1.48020244
v 0.03597824 -0.04655463 -1.48105407
v 0.03701438 -0.04567656 -1.48156071
v -0.02204061 0.02533398 -1.44332314
v -0.03440448 0.03468313 -1.44711637
v 0.03733272 -0.04737006 -1.47970033
v 0.03836373 -0.04749972 -1.47970080
v 0.03988454 -0.04761822 -1.47982502
v 0.04050216 -0.04751500 -1.48031688
v 0.04150943 -0.04707073 -1.48081589
v 0.04290700 -0.04627234 -1.48144412
v 0.05090962 -0.04079580 -1.48546910
v 0.04836002 -0.04419202 -1.48515856
v 0.04692329 -0.04376822 -1.48345256
v 0.04891580 -0.04048140 -1.48339331
v 0.04537002 -0.04324593 -1.48223639
v 0.03556612 -0.04159546 -1.48626828
v 0.04710969 -0.04007657 -1.48241866
v 0.03500228 -0.04461633 -1.48364961
v 0.03238119 -0.04537892 -1.48472810
v 0.03944945 -0.04398273 -1.48257375
v 0.03212896 -0.04739947 -1.48188365
v 0.03293321 -0.04633017 -1.48239291
v 0.02951024 -0.04812948 -1.48284066
v 0.03080900 -0.04697504 -1.48359704
v 0.04355122 -0.04302255 -1.48162484
v 0.04894281 -0.04457320 -1.48722935
v 0.05425304 -0.03646865 -1.48701918
v 0.05695977 -0.03161571 -1.48796618
v 0.04017922 0.00866332 -1.53490400
v 0.04129966 0.00796794 -1.53196430
v 0.04162747 0.00373543 -1.53311229
v 0.04076409 0.00460583 -1.53556728
v 0.06957715 -0.03224222 -1.52547669
v 0.06642439 -0.03173007 -1.52962875
v 0.03998463 -0.04705721 -1.47885823
v -0.01763487 -0.03350552 -1.40152192
v -0.03751882 0.05408568 -1.52400923
v -0.03644618 0.05345107 -1.52473366
v -0.05918632 0.06375571 -1.54634321
v 0.03931553 -0.04978904 -1.47758758
v 0.02996062 -0.04710654 -1.47345734
v 0.03397724 -0.04640517 -1.47665536
v 0.03462061 -0.05441098 -1.46772528
v 0.03687209 -0.05010383 -1.46304452
v 0.03918309 -0.04835847 -1.46723294
v 0.03686897 -0.05179018 -1.47107410
v 0.04213803 -0.04608768 -1.47301984
v 0.04014485 -0.04840305 -1.47566032
v -0.05374236 0.06787202 -1.54911637
v 0.04094739 -0.04734442 -1.47677994
v 0.04299112 -0.04516433 -1.47511411
v 0.04352478 -0.04446124 -1.47659314
v 0.04118609 -0.04649078 -1.47777247
v 0.04223986 -0.04258884 -1.47845411
v 0.04531877 -0.03859663 -1.47853220
v 0.04050556 -0.03748137 -1.47548592
v 0.03777018 -0.04182512 -1.47540259
v 0.03514329 -0.04543986 -1.47606492
v 0.03917114 -0.04549721 -1.47888327
v -0.05360537 0.06314175 -1.55318570
v -0.04894634 0.06163571 -1.55512571
v -0.04821805 0.06002316 -1.55363429
v -0.05214981 0.06142404 -1.55145013
v 0.04293081 -0.04323651 -1.47832251
v 0.04006992 -0.04578194 -1.47863650
v 0.04644251 -0.03917367 -1.47840309
v -0.02269622 -0.04283416 -1.40537465
v 0.04090630 -0.04608547 -1.47838926
v 0.04326963 -0.04367083 -1.47782731
v 0.04700816 -0.03988416 -1.47753739
v 0.04731764 -0.04079518 -1.47556853
v 0.04727211 -0.04153306 -1.47335756
v 0.04625833 -0.04212917 -1.47065806
v 0.04281709 -0.04346696 -1.46366513
v 0.04087472 -0.04428909 -1.45863903
v 0.04607247 -0.03779645 -1.46157515
v 0.04488032 -0.03837578 -1.45643330
v 0.05006007 -0.03743189 -1.46879673
v 0.05147572 -0.03721178 -1.47222352
v 0.05126788 -0.03659017 -1.47504234
v 0.05051075 -0.03596714 -1.47724915
v 0.05715697 -0.02916155 -1.50473845
v 0.05808424 -0.03163031 -1.51031482
v 0.06040437 -0.03076848 -1.51033616
v 0.06553587 -0.03444882 -1.51346052
v 0.06301323 -0.02834315 -1.50965297
v 0.06500749 -0.03683804 -1.51488268
v 0.06657500 -0.03535117 -1.51442444
v 0.06750277 -0.03607702 -1.51587963
v 0.06620752 -0.03714291 -1.51659012
v 0.06788736 -0.03402841 -1.51371849
v 0.06853337 -0.03530029 -1.51565170
v 0.06985996 -0.03013703 -1.51305926
v 0.07174452 -0.03114681 -1.51622152
v 0.07154232 -0.03220918 -1.52181935
v 0.07219950 -0.03160765 -1.51841259
v 0.06795443 -0.03659971 -1.51758122
v 0.06627523 -0.03789101 -1.51950777
v -0.05356174 0.07128040 -1.54942071
v 0.06406627 -0.03792978 -1.52243173
v 0.06028981 -0.03959317 -1.52019441
v -0.04613049 -0.03286138 -1.65995967
v 0.04969876 -0.03527351 -1.47848010
v 0.04799469 -0.03422433 -1.47873807
v -0.03838694 0.05266400 -1.51079428
v -0.05009409 0.06200968 -1.53827822
v 0.03333242 -0.03614132 -1.46620965
v 0.03592329 -0.03662546 -1.47023773
v 0.03769299 -0.03209832 -1.46995544
v -0.04651504 0.06061367 -1.55535865
v -0.04677994 0.06402577 -1.55712724
v 0.03528500 -0.03161989 -1.46604979
v 0.04916117 -0.03048464 -1.47868443
v -0.05828802 0.06948403 -1.52690852
v -0.05554257 0.07180485 -1.54795921
v -0.05446848 0.07004702 -1.54646611
v -0.04095925 0.06154453 -1.54757512
v -0.05449110 0.05644010 -1.52034104
v -0.05165647 0.06273423 -1.52045882
v -0.05034628 0.06128375 -1.51799488
v -0.05353701 0.05573852 -1.51837766
v -0.04822864 0.05144896 -1.53345847
v 0.04360544 -0.02950230 -1.47551179
v 0.04263549 -0.03304579 -1.47556925
v 0.05133269 -0.03093938 -1.47856033
v 0.05252182 -0.03147971 -1.47733307
v 0.05371211 -0.03203261 -1.47488439
v 0.03866629 -0.02850751 -1.46977663
v 0.03618676 -0.02819105 -1.46562374
v -0.02968857 0.04955352 -1.51564789
v 0.03098307 -0.04556952 -1.47177744
v -0.04431085 0.05860833 -1.50477672
v -0.04634850 0.06006757 -1.50601780
v -0.11180569 0.01854849 -1.49656653
v -0.11815196 0.02220035 -1.50589335
v -0.06136567 0.07177211 -1.52669597
v 0.02859106 -0.04576082 -1.46822655
v 0.03365710 -0.04126461 -1.47039473
v 0.03122295 -0.04117027 -1.46684861
v 0.04821673 -0.03237676 -1.45557034
v 0.04860564 -0.03192083 -1.46070790
v 0.05376570 -0.03222732 -1.47158420
v 0.05231299 -0.03209449 -1.46779728
v -0.11746646 -0.03848726 -1.64452624
v -0.01195748 -0.08610322 -1.60319567
v -0.00337043 -0.08542593 -1.59663701
v -0.04824223 0.06257960 -1.55099249
v 0.00378017 -0.07979695 -1.60432553
v -0.00398623 -0.08057268 -1.60990787
v -0.02033829 -0.08595529 -1.61074626
v -0.01184881 -0.08047251 -1.61648226
v -0.06838086 -0.05968153 -1.64941740
v -0.05410564 -0.06128984 -1.64869535
v -0.04848883 -0.04377986 -1.65707600
v -0.08233338 -0.05396002 -1.65070069
v -0.09267080 -0.06477890 -1.64144742
v -0.07282683 -0.06820263 -1.64290667
v -0.05753053 -0.06924528 -1.64268577
v -0.03957708 0.05452522 -1.51033521
v -0.03884014 0.05396825 -1.50446618
v -0.03687982 0.05242279 -1.50493288
v -0.04713581 0.05680343 -1.54137003
v -0.11221886 -0.03606094 -1.45116293
v -0.13712424 -0.06325649 -1.56833243
v -0.04376257 -0.06891975 -1.64175200
v -0.04026452 -0.06172066 -1.64701593
v -0.02768303 -0.06226458 -1.64435410
v -0.03183874 -0.06876019 -1.63983333
v -0.03362034 -0.04509592 -1.65489531
v -0.03067570 -0.03432724 -1.65777802
v -0.14614397 -0.02970029 -1.53201795
v 0.05840258 -0.03070462 -1.54037058
v -0.09259245 -0.05831031 -1.48281956
v -0.07661600 -0.06997195 -1.48033893
v -0.06275500 -0.07288925 -1.43062735
v -0.05722767 -0.08403073 -1.50029373
v -0.05799539 -0.08371747 -1.50102973
v -0.06007896 -0.07386535 -1.46541858
v -0.05942518 -0.07532784 -1.47821617
v -0.10374701 -0.04854851 -1.48381472
v -0.06865441 -0.09288788 -1.51134181
v -0.06976259 -0.09355599 -1.51523459
v -0.06853128 -0.09404077 -1.51034510
v -0.06987372 -0.09481993 -1.51447952
v -0.07055442 -0.09515382 -1.51862347
v -0.06793317 -0.09447838 -1.50862956
v -0.05883711 -0.09397805 -1.54651666
v -0.05815003 -0.09533384 -1.54796004
v -0.05513797 0.05804574 -1.51499462
v -0.05626100 0.05808153 -1.51719010
v -0.05304530 -0.08382408 -1.49884331
v -0.05449983 -0.08361375 -1.49933147
v -0.04506203 0.04096725 -1.52620149
v -0.05373406 -0.08314051 -1.49909759
v -0.05243432 -0.08303477 -1.49861455
v -0.05163562 -0.08368646 -1.49787271
v -0.05145438 -0.08302794 -1.49800682
v -0.05286499 -0.09758647 -1.56209970
v -0.05460199 -0.08160648 -1.49863362
v -0.05725483 -0.08305477 -1.50055492
v -0.05578593 -0.08317000 -1.49982417
v -0.05443246 -0.08248685 -1.49935138
v -0.05284570 -0.08233042 -1.49838161
v -0.05119938 -0.08242470 -1.49752963
v -0.05057993 -0.08324578 -1.49666214
v -0.05262091 0.06013111 -1.50868821
v -0.04732490 0.05589903 -1.50325584
v -0.04702134 0.04002616 -1.45181561
v -0.06159685 0.03909311 -1.45554507
v -0.06129077 0.03896547 -1.44430971
v -0.04761875 0.03912611 -1.43922114
v -0.03036798 0.05094277 -1.52959061
v -0.03323147 0.05138479 -1.52226412
v -0.03124719 0.05084642 -1.52103901
v -0.06847680 -0.09454301 -1.50740588
v -0.05641219 -0.08782047 -1.49705482
v -0.00707303 -0.00158186 -1.42250097
v -0.01388529 -0.00359315 -1.41133547
v -0.06481066 -0.09375314 -1.53893363
v -0.06614537 -0.09363426 -1.53722250
v -0.06799688 -0.09586102 -1.53864384
v -0.06661166 -0.09586959 -1.54084539
v -0.10801867 -0.07055283 -1.51699829
v -0.11337876 -0.07227370 -1.52721071
v -0.11502636 -0.02304862 -1.45406926
v -0.11397818 -0.02310103 -1.46542728
v -0.10016726 -0.08845523 -1.55895615
v -0.06335324 -0.09381472 -1.54040182
v -0.06516089 -0.09599619 -1.54255676
v -0.07035438 -0.09414043 -1.51937437
v -0.06327204 -0.09289415 -1.53992963
v -0.06469478 -0.09289172 -1.53821635
v -0.06682523 -0.09695545 -1.54424489
v -0.06847800 -0.09686795 -1.54204404
v -0.06981300 -0.09667926 -1.53984571
v -0.06602164 -0.09271221 -1.53650641
v -0.02558151 0.04970439 -1.51590586
v -0.01492974 0.04846348 -1.51493621
v -0.01462521 0.04975284 -1.53083372
v -0.02476936 0.05020740 -1.52592969
v -0.06571314 -0.09349526 -1.54504108
v -0.07731238 -0.09613085 -1.58892262
v -0.09110971 -0.09327585 -1.58307385
v -0.08066295 -0.09253660 -1.60582733
v -0.09558299 -0.08930984 -1.60047054
v -0.11120604 -0.08299625 -1.59443307
v -0.10671921 -0.08678870 -1.57581842
v -0.06009121 -0.09364577 -1.54627478
v -0.05862049 -0.09617603 -1.54892087
v -0.02839234 -0.08552800 -1.61683738
v -0.03614386 -0.09002450 -1.61136484
v -0.01915668 -0.07987212 -1.62208986
v -0.02606677 -0.07882655 -1.62697375
v -0.03553997 -0.08389862 -1.62246346
v -0.04809312 -0.09028235 -1.61547971
v -0.06227126 -0.09856930 -1.58037317
v -0.06319865 -0.09698874 -1.59480715
v -0.04961256 -0.09582439 -1.59901607
v 0.02014115 0.03442339 -1.56143129
v 0.01557247 0.03654869 -1.56218874
v 0.01581825 0.03725102 -1.55267715
v 0.01950880 0.03484378 -1.55386627
v -0.06532457 -0.09272905 -1.61099422
v -0.05432942 -0.08532295 -1.62482965
v -0.06900933 -0.08761577 -1.62108648
v -0.05776327 -0.07858416 -1.63373005
v -0.07244709 -0.07941294 -1.63196611
v -0.08854419 -0.07771923 -1.62950993
v -0.08407895 -0.08742787 -1.61689723
v -0.04180214 -0.08137584 -1.62786329
v -0.03158337 -0.07661125 -1.63139343
v -0.04489681 -0.07648600 -1.63453424
v -0.03598103 -0.07412964 -1.63557649
v -0.04251717 -0.09461370 -1.60076594
v -0.05045746 -0.07896948 -1.49307406
v -0.04599428 -0.08130181 -1.49231267
v 0.03301045 -0.00784080 -1.61909509
v 0.03456575 -0.01845622 -1.61940217
v 0.02890225 -0.01790455 -1.62721133
v 0.02718911 -0.00690406 -1.62691069
v -0.03832828 -0.08600239 -1.50275266
v -0.12261803 0.02421565 -1.51421988
v -0.12762398 0.02598337 -1.52473855
v -0.13607605 0.00733044 -1.52072620
v -0.13098529 0.00638935 -1.51071060
v -0.00407026 -0.08937857 -1.52696419
v -0.00642351 -0.08950771 -1.53965473
v -0.01690019 -0.09136435 -1.53177893
v -0.01522085 -0.08946982 -1.51691937
v 0.00507134 -0.00523387 -1.64495182
v 0.00690351 -0.01625953 -1.64622939
v -0.00338268 -0.01540243 -1.65110075
v -0.00486815 -0.00422732 -1.64958262
v 0.03276831 0.02772900 -1.53277516
v 0.03298882 0.02996697 -1.52646518
v 0.03632712 0.02590099 -1.52591479
v 0.03534549 0.02417226 -1.53223157
v -0.00804558 -0.08872853 -1.55358434
v -0.01850663 -0.09126323 -1.54594088
v -0.02062449 -0.09149507 -1.56009567
v -0.00894027 -0.08941288 -1.56797874
v -0.12623075 -0.07318834 -1.58919096
v -0.12476808 -0.07552146 -1.57205892
v -0.03596651 0.05361466 -1.49982762
v -0.03461814 0.05253148 -1.50066710
v -0.12250882 -0.07587963 -1.55960381
v 0.02284078 -0.07412645 -1.58567178
v -0.01546500 -0.01444362 -1.65523648
v -0.01669440 -0.00310871 -1.65323329
v -0.14752513 -0.03376570 -1.61277902
v 0.01173580 -0.07316495 -1.60934746
v -0.12627602 -0.06600369 -1.61031914
v -0.11251372 -0.01026760 -1.46651042
v -0.13343218 -0.05344848 -1.61735737
v -0.09875830 -0.08459267 -1.61202264
v -0.11167012 -0.07956865 -1.60645843
v -0.12625369 -0.07004800 -1.60023570
v -0.11931132 -0.07462342 -1.54400456
v -0.02412833 -0.07015571 -1.63616669
v 0.01650010 -0.08019082 -1.55111384
v 0.01577559 -0.07923941 -1.54673266
v 0.01817706 -0.08060259 -1.55599558
v 0.01730447 -0.07751609 -1.54212677
v 0.04323947 -0.04089013 -1.53477848
v 0.04509939 -0.04055876 -1.53283560
v 0.04707350 -0.04036727 -1.53015792
v 0.04269917 -0.04360834 -1.53008938
v 0.04451074 -0.04311458 -1.52692807
v 0.05239522 -0.03758715 -1.53046525
v 0.05005403 -0.03778100 -1.53314185
v 0.04894441 -0.03988275 -1.52772927
v 0.05068715 -0.03951006 -1.52432156
v 0.05459550 -0.03768491 -1.52729464
v 0.04626043 -0.04292511 -1.51179469
v 0.04490045 -0.04394872 -1.51641321
v 0.04723863 -0.04178904 -1.52085328
v 0.04287283 -0.04666152 -1.52393103
v 0.04417460 -0.04556388 -1.52053475
v 0.04602613 -0.04246452 -1.52425718
v 0.04108431 -0.04771584 -1.52757096
v 0.05287723 -0.04069166 -1.52064347
v 0.05555286 -0.04191082 -1.51769888
v 0.05747255 -0.03865225 -1.52362227
v 0.06080686 -0.03720028 -1.52585471
v 0.05804575 -0.03632855 -1.52952576
v 0.04106490 -0.04421893 -1.53227222
v 0.03966300 -0.04879592 -1.52999043
v 0.04322419 -0.04890658 -1.51681042
v 0.04238856 -0.05328127 -1.51306844
v 0.04166459 -0.05109750 -1.52116382
v 0.04096287 -0.05527998 -1.51815820
v 0.04005855 -0.05216062 -1.52504826
v 0.03915930 -0.05654833 -1.52228284
v 0.04146089 -0.05721312 -1.50884545
v 0.03996591 -0.06048043 -1.50463259
v 0.03769904 -0.06343025 -1.49920201
v 0.03829271 -0.06344119 -1.50970483
v 0.03587738 -0.06678963 -1.50402272
v 0.03644317 -0.06537019 -1.51503885
v 0.03392169 -0.06938860 -1.50958896
v 0.04499834 -0.01432446 -1.54110909
v 0.04240416 -0.01374323 -1.54306591
v 0.04156770 -0.00984423 -1.54020119
v 0.04349991 -0.01027014 -1.53800106
v 0.04626006 -0.02077816 -1.59130836
v 0.04422279 -0.01995526 -1.59913206
v 0.04348905 -0.01076043 -1.59953511
v 0.04590794 -0.01228140 -1.59170020
v 0.03981368 -0.05977143 -1.51441324
v 0.03792828 -0.06134443 -1.51877654
v 0.03748731 -0.05768351 -1.52616584
v 0.03856722 -0.05335601 -1.52819824
v 0.03310640 -0.06651752 -1.52673221
v 0.03471800 -0.06633759 -1.52087843
v 0.03615712 -0.06210806 -1.52364266
v 0.03453070 -0.06254064 -1.52827084
v 0.03203080 -0.07097812 -1.51663828
v 0.03092852 -0.07080264 -1.52469754
v 0.02975319 -0.06995897 -1.52983761
v 0.03484919 -0.05662784 -1.53692269
v 0.03602582 -0.05179595 -1.53774309
v 0.03345897 -0.06006287 -1.53661466
v 0.03184252 -0.06610937 -1.53088760
v 0.03346783 -0.06280561 -1.53168237
v 0.02333325 -0.07342720 -1.53733039
v 0.02573400 -0.07137218 -1.53664017
v 0.03030737 -0.06607172 -1.53625679
v 0.03196116 -0.06327672 -1.53631020
v 0.02816378 -0.06886905 -1.53644633
v 0.03625806 -0.04734666 -1.53953099
v 0.03667817 -0.04281910 -1.54180932
v -0.07475986 -0.06874602 -1.46803248
v 0.05586843 -0.03587402 -1.53319097
v 0.05349517 -0.03562476 -1.53611946
v 0.04002367 -0.04083937 -1.55870390
v 0.03888778 -0.03868252 -1.55580795
v 0.04596469 -0.03341564 -1.55640769
v 0.04222214 -0.04537790 -1.56278229
v 0.03700691 -0.03965814 -1.54430759
v 0.04102509 -0.00519366 -1.53783882
v 0.04225242 -0.00609687 -1.53587270
v 0.03730383 -0.03789399 -1.54678142
v 0.03758545 -0.03727217 -1.54947948
v 0.03806982 -0.03726155 -1.55289996
v 0.02255788 -0.01749345 -1.63428366
v 0.02060746 -0.00638879 -1.63373983
v -0.06791317 0.00012557 -1.65925634
v -0.05919481 -0.00016325 -1.65927494
v -0.06055062 -0.01133500 -1.66176224
v -0.07323796 -0.00919809 -1.66078830
v 0.04185332 -0.05700149 -1.57674265
v 0.04417022 -0.05358798 -1.57045889
v 0.00615612 -0.08303756 -1.59011078
v 0.00244057 -0.08578485 -1.58126080
v 0.02598242 -0.07599410 -1.57050622
v 0.02298725 -0.07883635 -1.56605244
v 0.02020843 -0.08027777 -1.56113529
v -0.00016087 -0.08656685 -1.56951773
v -0.00040942 -0.08693753 -1.55681121
v 0.00056107 -0.08734532 -1.54508436
v -0.08502197 0.05308935 -1.53045666
v -0.06961155 0.05421445 -1.53002977
v -0.07121549 0.05704939 -1.54179740
v -0.08784139 0.05592307 -1.54686117
v -0.00286424 -0.07354194 -1.62151217
v -0.01325265 0.01050898 -1.43051052
v -0.01932348 0.00904666 -1.41837978
v -0.11424125 -0.00984066 -1.45576763
v -0.00982439 -0.07277687 -1.62687945
v 0.00429475 -0.07363456 -1.61542451
v -0.01788430 -0.06306499 -1.64070344
v -0.00925928 -0.06405399 -1.63655794
v -0.01677170 -0.07182488 -1.63200569
v -0.00188577 -0.06503430 -1.63143229
v 0.00491271 -0.06593721 -1.62581789
v 0.01195804 -0.06589997 -1.61973226
v 0.01888905 -0.06575477 -1.61315978
v 0.02645455 -0.06439410 -1.60465646
v -0.09062767 -0.05666135 -1.47039866
v 0.05346071 -0.03372202 -1.52247655
v 0.05423618 -0.03309701 -1.52248955
v 0.02680487 0.02667310 -1.58378184
v 0.02230436 0.02901767 -1.58918345
v 0.01901637 0.03272913 -1.58191288
v 0.02385921 0.03003879 -1.57748306
v 0.05298565 -0.03259633 -1.52225065
v 0.05370118 -0.03195292 -1.52226388
v 0.05329629 -0.03164043 -1.52080297
v 0.05549419 -0.03279450 -1.51346231
v 0.05437005 -0.03125983 -1.51543975
v 0.05340803 -0.03092856 -1.51886201
v -0.04066624 -0.08453801 -1.49617803
v 0.04961824 -0.02209511 -1.57835090
v 0.04979949 -0.01477281 -1.57872367
v 0.05018478 -0.01649032 -1.57234502
v 0.05008610 -0.02257206 -1.57199419
v 0.02025587 0.03486243 -1.54654205
v 0.01776005 0.03771404 -1.54341030
v 0.02234914 0.03663416 -1.53534472
v 0.02391273 0.03358261 -1.53944731
v 0.02982114 0.03034516 -1.53427815
v 0.02963908 0.03297250 -1.52821827
v 0.03978305 -0.00923432 -1.60932040
v 0.04058518 -0.01923303 -1.60914779
v 0.01644500 0.03520870 -1.57242477
v 0.02159559 0.03259001 -1.56970656
v 0.04723256 -0.01743722 -1.54399133
v 0.04386375 -0.01655558 -1.54570699
v 0.04605325 -0.01938548 -1.55005944
v 0.05148549 -0.02323131 -1.54951847
v 0.05006691 -0.02330977 -1.55366492
v 0.04673918 -0.02001559 -1.55371356
v 0.04046264 0.00604915 -1.59176171
v 0.03678272 0.00790716 -1.59911072
v 0.03194764 0.01608222 -1.59777522
v 0.03580277 0.01411221 -1.59091318
v 0.01360873 -0.00572583 -1.63983786
v 0.01536568 -0.01697484 -1.64062285
v 0.04926157 -0.02321911 -1.56367731
v 0.04819718 -0.01899746 -1.56374812
v 0.04699081 -0.01975463 -1.56006837
v 0.04896638 -0.02315007 -1.56001437
v 0.04203449 -0.00114447 -1.53424907
v 0.04116876 -0.00031546 -1.53645921
v -0.03865357 0.04632793 -1.49993718
v -0.03873449 0.04738805 -1.49910069
v -0.02738077 0.05190999 -1.54671085
v -0.02566537 0.05032603 -1.53643072
v -0.01547735 0.05013119 -1.54378152
v -0.01780696 0.05036309 -1.55672264
v -0.02095944 0.05336208 -1.56848907
v -0.02659057 0.05626744 -1.57756054
v -0.03375474 0.05689730 -1.56192219
v -0.02948080 0.05434043 -1.55553949
v -0.07353345 0.03509484 -1.44799423
v -0.07534119 0.03322750 -1.45833588
v 0.05406629 -0.02312501 -1.54635251
v 0.05644735 -0.02325105 -1.54367042
v -0.15146896 0.00863549 -1.56271255
v -0.14755155 0.00834593 -1.54879773
v -0.13747823 0.02657907 -1.55402827
v -0.13991737 0.02608438 -1.56695652
v -0.08103879 0.05019705 -1.51991558
v -0.06643607 0.05134562 -1.52119637
v 0.05843059 -0.01614821 -1.51766872
v 0.05351286 -0.01916426 -1.52248704
v 0.05293097 -0.01880861 -1.51882839
v 0.05325939 -0.01932127 -1.52150667
v 0.06032390 -0.01626379 -1.51449704
v 0.06187663 -0.01408029 -1.51405096
v 0.05306156 -0.01786150 -1.51493788
v 0.05354755 -0.01882308 -1.51516652
v 0.05312216 -0.01960536 -1.51905918
v 0.05425438 -0.01812469 -1.52275133
v 0.06592052 -0.02506773 -1.51069498
v 0.06887282 -0.02478476 -1.51192904
v 0.06814634 -0.02096310 -1.51345921
v 0.06598861 -0.02217748 -1.51196682
v 0.05459180 -0.02134816 -1.52171910
v 0.05532833 -0.02228658 -1.51926255
v 0.06269199 -0.02196494 -1.51709008
v 0.05884607 -0.01992848 -1.52102280
v 0.05612049 -0.01948376 -1.52297688
v 0.06208090 -0.02010262 -1.51785374
v 0.05895005 -0.02042552 -1.51197839
v 0.06049363 -0.01822364 -1.51788223
v -0.04528658 0.05795881 -1.51404297
v -0.02759815 0.03654344 -1.46511722
v -0.03362267 0.04126506 -1.48020279
v -0.03943247 0.04079924 -1.47993469
v -0.03665978 0.03820030 -1.46426690
v -0.04833752 0.05940359 -1.54067957
v 0.00209302 0.04278814 -1.58863676
v -0.00775821 0.04530628 -1.60086489
v -0.01804962 0.05256168 -1.58899713
v -0.01241924 0.05097515 -1.57799494
v -0.01622974 0.04551744 -1.61037004
v -0.02606792 0.05272116 -1.59972370
v -0.03505009 0.05805491 -1.58782601
v -0.04846968 0.06083359 -1.56756806
v 0.03614879 0.01642999 -1.54846084
v 0.03635037 0.01669611 -1.54822183
v 0.03752630 0.01506283 -1.54795229
v 0.03728276 0.01507901 -1.54795194
v 0.03544661 0.01598741 -1.54845119
v 0.03639387 0.01458767 -1.54794085
v 0.03452984 0.01692645 -1.54895353
v 0.03511497 0.01744228 -1.54872000
v 0.03525567 0.01771245 -1.54848087
v 0.03804065 -0.00107249 -1.54864836
v 0.03741480 -0.00036251 -1.54890323
v 0.03789556 0.00224817 -1.54821754
v 0.03894964 0.00154031 -1.54796386
v 0.03851423 -0.00131369 -1.54840124
v 0.03937247 0.00145538 -1.54771936
v 0.03214034 0.00313352 -1.55090380
v 0.03198546 0.00265026 -1.55113924
v 0.03225528 0.00392954 -1.55042958
v 0.03554206 -0.00272978 -1.55056632
v 0.03572097 -0.00277422 -1.55154300
v 0.03196517 0.00236346 -1.55186677
v 0.03184679 0.00241053 -1.55137885
v 0.03586508 -0.00248271 -1.55008316
v 0.03588419 -0.00403913 -1.54981172
v 0.03527878 -0.00485939 -1.55004001
v 0.03551790 -0.00491214 -1.55126071
v 0.03990440 0.00666608 -1.54683495
v 0.03998221 0.00689222 -1.54586232
v 0.03978715 0.00213074 -1.54602277
v 0.03963630 0.00172599 -1.54699206
v 0.03970822 0.00648702 -1.54731977
v 0.03908008 0.00991857 -1.54762232
v 0.03921200 0.01004506 -1.54689217
v 0.03921811 0.01011876 -1.54616094
v 0.03925808 -0.00119963 -1.54693997
v 0.03888395 -0.00128376 -1.54791427
v 0.03922015 0.01013156 -1.54542851
v 0.03987464 0.00709577 -1.54513288
v 0.03980339 0.00235664 -1.54529405
v 0.03938122 -0.00119918 -1.54645181
v 0.03852161 -0.00397679 -1.54762197
v 0.03859794 -0.00282422 -1.54788661
v 0.03969809 0.00718160 -1.54440129
v 0.03963588 0.00714184 -1.54342353
v 0.03980209 0.00229520 -1.54358351
v 0.03974658 0.00240394 -1.54456210
v 0.03892183 0.01022549 -1.54469657
v 0.03880076 0.01022021 -1.54371929
v 0.03368673 0.01894807 -1.54849815
v 0.03280450 0.01948731 -1.54899371
v 0.03298852 0.01948371 -1.54850566
v 0.03345671 0.01915545 -1.54801273
v 0.03054411 0.02220097 -1.54586017
v 0.02956034 0.02307036 -1.54709375
v 0.02839119 0.02478161 -1.54638791
v 0.02960297 0.02365676 -1.54490614
v 0.02670422 0.03226068 -1.53625703
v 0.02921721 0.02605807 -1.54201651
v 0.02735392 0.02750142 -1.54350197
v 0.03444785 0.01843883 -1.54849136
v 0.03531995 0.01774738 -1.54799318
v 0.03437817 0.01831684 -1.54873323
v 0.03349460 0.01882990 -1.54898405
v 0.03415763 0.01865453 -1.54776168
v 0.03514744 0.01789410 -1.54726267
v 0.03641667 0.01676149 -1.54773474
v 0.03630506 0.01690416 -1.54700422
v 0.03753648 0.01517977 -1.54648900
v 0.03758856 0.01506732 -1.54746413
v 0.03848650 0.01293268 -1.54718494
v 0.03825983 0.01321432 -1.54767776
v 0.03843374 0.01304087 -1.54645407
v 0.03730241 0.01532627 -1.54600251
v 0.03826124 0.01318758 -1.54572344
v 0.03600267 0.01693720 -1.54627132
v 0.03479160 0.01804869 -1.54677594
v 0.03374495 0.01887405 -1.54727602
v 0.03299328 0.01953123 -1.54752970
v 0.03240871 0.01995464 -1.54826808
v 0.03322131 0.01925814 -1.54654860
v 0.03247643 0.01999329 -1.54582679
v 0.03373623 0.01869510 -1.54531908
v 0.03438164 0.01830291 -1.54604661
v 0.03229980 0.02013202 -1.54729402
v 0.03144328 0.02102748 -1.54657471
v 0.03552709 0.01713032 -1.54578495
v 0.03510969 0.01726704 -1.54480946
v 0.03657859 0.01543514 -1.54429293
v 0.03700206 0.01538974 -1.54527020
v 0.03801975 0.01321657 -1.54499078
v 0.03772412 0.01334521 -1.54401529
v 0.03939568 0.00638548 -1.54731715
v 0.03815904 0.00618814 -1.54755449
v 0.03784480 0.00972977 -1.54737139
v 0.03871476 0.00994285 -1.54762173
v 0.03807717 0.01322645 -1.54767740
v 0.03718897 0.01273939 -1.54742229
v 0.03667580 0.00962398 -1.54736638
v 0.03241725 0.00818202 -1.54977179
v 0.03220402 0.00957219 -1.54979551
v 0.03612756 0.01241240 -1.54741371
v 0.03695550 0.00648215 -1.54755640
v 0.03249656 0.00661729 -1.54974461
v 0.03666964 0.00312465 -1.54822958
v 0.03239657 0.00512131 -1.54996240
v 0.03667191 0.00042072 -1.54891503
v 0.03968479 0.00734739 -1.55930138
v 0.03999056 0.00735333 -1.55954659
v 0.03968705 0.01196879 -1.55913806
v 0.03923518 0.01160562 -1.55888617
v -0.11655749 0.03705180 -1.52838111
v -0.12252547 0.03779672 -1.54327524
v -0.13262179 0.02656740 -1.53816712
v 0.03852665 0.01468815 -1.55674028
v 0.03815725 0.01466917 -1.55747151
v 0.03692038 0.01718857 -1.55629110
v 0.03703813 0.01710195 -1.55555725
v 0.03883380 0.01468499 -1.55576420
v 0.03708553 0.01687144 -1.55457652
v 0.04041439 0.01181072 -1.55669498
v 0.03998476 0.01181769 -1.55791509
v 0.03936169 0.01166268 -1.55864334
v 0.03272550 0.01657117 -1.55333841
v 0.03346228 0.01571425 -1.55405807
v 0.03496002 0.01616513 -1.55407000
v 0.03375305 0.01730223 -1.55310977
v 0.03216124 0.01726374 -1.55261636
v 0.03282685 0.01807569 -1.55263233
v 0.03011058 0.01217552 -1.55227757
v 0.03039135 0.01181188 -1.55276036
v 0.03078039 0.01123131 -1.55299544
v 0.02994076 0.01237458 -1.55203629
v 0.02982372 0.01244783 -1.55179310
v 0.02982509 0.01245637 -1.55130482
v 0.03000235 0.01235717 -1.55105937
v 0.02706902 0.03549587 -1.51970780
v 0.02609930 0.03499059 -1.53117442
v 0.02313005 0.03795995 -1.52315915
v 0.03417457 0.01802028 -1.54897177
v 0.03329436 0.01858995 -1.54946780
v 0.03371120 0.01749635 -1.54920554
v 0.03294872 0.01799705 -1.54970062
v 0.03247301 0.01912514 -1.54996324
v 0.03250004 0.01952517 -1.54972613
v 0.03455570 0.01546563 -1.54843962
v 0.03127770 0.01128062 -1.55006707
v 0.03087716 0.01170043 -1.55031753
v 0.03380875 0.01620561 -1.54918325
v 0.03538727 0.01416532 -1.54793072
v 0.03172089 0.01058278 -1.54981184
v 0.03052738 0.01196398 -1.55056548
v 0.03023645 0.01219304 -1.55081284
v 0.03309972 0.01658476 -1.54943216
v 0.03239812 0.01708141 -1.54992735
v 0.03242300 0.01838597 -1.55043864
v 0.03163832 0.01763446 -1.55091190
v 0.03164101 0.01768681 -1.55140114
v 0.03231203 0.01856818 -1.55093002
v 0.03225181 0.01859413 -1.55141878
v 0.03187107 0.01744416 -1.55042076
v 0.03181621 0.01757481 -1.55188811
v 0.03242296 0.01842124 -1.55190456
v 0.03245673 0.01978130 -1.54924202
v 0.03214823 0.01975828 -1.54997349
v 0.03175374 0.02028706 -1.55095851
v 0.03200004 0.02027031 -1.54924941
v 0.03137759 0.02101928 -1.54901659
v 0.03165840 0.02062036 -1.54803348
v 0.03151280 0.02127292 -1.55146360
v 0.03087199 0.02268287 -1.55197489
v 0.03042562 0.02233622 -1.54903698
v 0.03075247 0.02169826 -1.54756141
v 0.03212254 0.01938443 -1.55045533
v 0.03194999 0.01956641 -1.55119061
v 0.03274814 0.02056203 -1.55243134
v 0.03273721 0.02134052 -1.55342174
v 0.03276783 0.01992721 -1.55193186
v 0.03400589 0.01925103 -1.55265605
v 0.03409512 0.01969082 -1.55339670
v 0.03412955 0.02022599 -1.55413878
v 0.03548881 0.01860247 -1.55435824
v 0.03557196 0.01895094 -1.55509722
v 0.03546925 0.01828467 -1.55337572
v 0.03260553 0.01932644 -1.55192089
v 0.03354389 0.01873564 -1.55240154
v 0.03482662 0.01781187 -1.55312157
v 0.03663909 0.01657769 -1.55383754
v 0.03839615 0.01451729 -1.55478311
v 0.03640524 0.01400745 -1.55476880
v 0.03997605 0.01163874 -1.55595815
v 0.03773416 0.01102758 -1.55569720
v 0.04124137 0.00778141 -1.56004584
v 0.04096555 0.01281880 -1.55988896
v 0.03588731 0.01084452 -1.55568898
v 0.03190091 0.00878943 -1.55368853
v 0.03228193 0.00716976 -1.55390549
v 0.03657971 0.00746554 -1.55563176
v 0.03618229 -0.00226310 -1.55204153
v 0.03665744 -0.00153220 -1.55303252
v 0.03230403 0.00287840 -1.55260932
v 0.03209842 0.00253376 -1.55211437
v 0.03675307 -0.00378836 -1.55226064
v 0.03750892 -0.00252140 -1.55301750
v 0.03711405 0.00169436 -1.55479968
v 0.03257989 0.00428428 -1.55336738
v 0.03246160 0.00341402 -1.55286336
v 0.03676178 0.00005325 -1.55379319
v 0.03895558 0.00089066 -1.55527902
v 0.03808143 -0.00124657 -1.55401826
v 0.03859772 0.00747571 -1.55612588
v -0.15129861 0.00935533 -1.60009074
v -0.15364157 0.00956841 -1.58299303
v -0.14019924 0.02506760 -1.58574271
v -0.13782232 0.02436227 -1.59941292
v 0.03483984 0.01346501 -1.55499935
v 0.03144278 0.01016961 -1.55346715
v -0.12798747 0.03341093 -1.60081887
v -0.12521526 0.03209291 -1.60959530
v -0.13234766 0.02421517 -1.61139178
v -0.09358938 0.02243715 -1.47287273
v -0.10284133 0.01505376 -1.46331620
v 0.03764967 -0.00594917 -1.55173683
v 0.03818323 -0.00432874 -1.55323195
v 0.03727569 -0.00700355 -1.55049634
v 0.03741749 -0.00763550 -1.55024147
v 0.03766496 -0.00663819 -1.55172491
v 0.03812142 -0.00525725 -1.55321550
v 0.03880066 -0.00237321 -1.55448890
v 0.03917956 -0.00310599 -1.55472136
v 0.04055624 0.00015549 -1.55624747
v 0.04020040 0.00031007 -1.55576074
v 0.04062384 0.00760765 -1.55662215
v 0.04117179 0.00758887 -1.55735588
v 0.03997581 -0.00027755 -1.55697095
v 0.03859747 -0.00357616 -1.55495572
v 0.03927058 -0.00074817 -1.55769348
v 0.03827916 -0.00374044 -1.55592883
v 0.03992902 0.00733547 -1.55905771
v 0.04061703 0.00754732 -1.55833054
v 0.03796078 -0.00410967 -1.54859507
v 0.03775025 -0.00634746 -1.54879951
v 0.03774828 -0.00361494 -1.54909158
v 0.03740485 -0.00601207 -1.54929292
v 0.03678785 -0.00241308 -1.54959846
v 0.03711300 -0.00671557 -1.54952407
v 0.03748922 -0.00750070 -1.54926705
v 0.03641637 -0.00156280 -1.54961228
v 0.03731392 -0.00731815 -1.55171204
v 0.03736041 -0.00849886 -1.54998195
v 0.03650592 -0.00841976 -1.55217898
v 0.03688490 -0.00920544 -1.55021250
v 0.03713277 -0.00629864 -1.55441570
v 0.03746831 -0.00587559 -1.55344725
v 0.03742505 -0.00847061 -1.54900575
v 0.03764657 -0.00791101 -1.54852772
v 0.03726039 -0.00911277 -1.54874992
v 0.03754178 -0.00857244 -1.54827166
v 0.03949086 -0.00140757 -1.54571581
v 0.03941581 -0.00163426 -1.54497910
v 0.03871789 -0.00471507 -1.54712117
v 0.03861953 -0.00529185 -1.54637814
v 0.03950536 0.00698862 -1.54219937
v 0.03861138 0.01010148 -1.54249573
v 0.03935998 0.00661803 -1.54121566
v 0.03842404 0.01001319 -1.54127252
v 0.03975757 0.00157255 -1.54137278
v 0.03979132 0.00210344 -1.54235899
v -0.02247344 0.00930445 -1.41043866
v 0.03186616 0.02090727 -1.54486430
v 0.03126670 0.02197774 -1.54366028
v 0.03298996 0.02028614 -1.54290271
v 0.03323152 0.01935745 -1.54435241
v 0.03476535 0.01758238 -1.54383707
v 0.03455833 0.01811127 -1.54238057
v 0.03610846 0.01566241 -1.54185343
v 0.03627688 0.01547245 -1.54331589
v 0.03742108 0.01335634 -1.54279351
v 0.03729530 0.01326827 -1.54132640
v 0.02907109 0.02402489 -1.54857445
v 0.02901947 0.02516476 -1.55176902
v 0.02779367 0.02595307 -1.54811621
v 0.02709594 0.02749849 -1.55156040
v 0.03658013 -0.01004296 -1.55288339
v 0.03650176 -0.01036154 -1.55043554
v 0.03743269 -0.01191664 -1.55358565
v 0.03712633 -0.01199740 -1.55065274
v 0.03872734 -0.01077018 -1.55653977
v 0.03758116 -0.00871978 -1.55559564
v 0.03708086 -0.00997231 -1.54873443
v 0.03737375 -0.00927122 -1.54777050
v 0.03711618 -0.01128518 -1.54846728
v 0.03737014 -0.01025613 -1.54726481
v 0.03944700 -0.00210832 -1.54399395
v 0.03935338 -0.00261995 -1.54300785
v 0.03852118 -0.00586864 -1.54563522
v 0.03834337 -0.00672632 -1.54464293
v -0.11103746 0.03611041 -1.51763415
v -0.12623866 0.03844002 -1.55890632
v 0.03919291 0.02028931 -1.56441069
v 0.03972495 0.01810414 -1.56144333
v 0.04161005 0.01429230 -1.56235862
v 0.04171666 0.01598969 -1.56629610
v 0.03709267 0.02283232 -1.56860113
v 0.03452314 0.02548341 -1.56497729
v 0.03639264 0.02317879 -1.56201148
v 0.03747667 0.02103573 -1.55977893
v 0.03008080 0.02556229 -1.55470943
v 0.03172963 0.02368354 -1.55443692
v 0.03312252 0.02352589 -1.55639172
v 0.03183629 0.02534566 -1.55690837
v 0.02828443 0.02797498 -1.55474687
v 0.03004733 0.02789349 -1.55792499
v 0.03410463 0.02457081 -1.55934322
v 0.03513181 0.02251032 -1.55784464
v 0.03236639 0.02698002 -1.56109011
v 0.04172949 -0.00322374 -1.56132007
v 0.04045355 -0.00222200 -1.55962455
v 0.03891009 -0.00523875 -1.55785811
v 0.03929786 -0.00674519 -1.55856550
v 0.04291617 -0.00464763 -1.56300783
v 0.04036897 -0.00900463 -1.55950570
v 0.04395115 0.00914038 -1.56642663
v 0.04287904 0.00856873 -1.56299472
v 0.03900642 -0.00102973 -1.55817628
v 0.03850570 -0.00306946 -1.55691814
v 0.03899629 -0.00118195 -1.55817354
v 0.03828117 -0.00369236 -1.55666232
v -0.10656768 0.03920420 -1.62173688
v -0.09374753 0.04086553 -1.62839460
v -0.10240026 0.02554700 -1.63982558
v -0.11505545 0.02540321 -1.63148534
v 0.03809702 0.01469512 -1.55796027
v 0.03855699 0.01518006 -1.55821419
v 0.03732824 0.01782123 -1.55703592
v 0.03705093 0.01732415 -1.55678236
v 0.03571466 0.01926918 -1.55559158
v 0.03581472 0.01986546 -1.55609071
v 0.03413281 0.02121758 -1.55513299
v 0.03427967 0.02066174 -1.55487943
v 0.03316947 0.02142116 -1.55415702
v 0.03272291 0.02206239 -1.55416703
v 0.03884667 -0.00344142 -1.55764520
v 0.03953478 -0.00134867 -1.55866051
v -0.12916785 0.03559659 -1.58888733
v 0.02693767 0.01817719 -1.60536897
v 0.02096820 0.02579374 -1.60182273
v 0.02663100 0.02342410 -1.59520280
v 0.03948031 0.01620657 -1.55896735
v 0.03776985 0.01896716 -1.55803406
v 0.03576183 0.02092625 -1.55684185
v 0.03388578 0.02211212 -1.55563641
v 0.03276139 0.02265844 -1.55491018
v -0.03130659 0.05034744 -1.51834369
v -0.03317380 0.05077728 -1.51834619
v -0.05788363 0.06024932 -1.52870178
v -0.05701906 0.05811840 -1.53526080
v -0.05580275 0.05693753 -1.53866243
v -0.04279825 0.05733331 -1.54700804
v -0.04532477 0.06080433 -1.55048096
v -0.05107209 0.06367595 -1.50997543
v -0.04763731 0.06005322 -1.50821197
v -0.05160402 0.06363288 -1.51095021
v -0.05490098 0.06915410 -1.54669344
v -0.05630461 0.06964451 -1.54498875
v -0.05585283 0.07059729 -1.54476237
v -0.10051546 0.02878686 -1.49787509
v -0.10663629 0.03357960 -1.50929844
v -0.05762503 0.07007253 -1.54303885
v -0.03567587 0.05281422 -1.52325928
v -0.05805448 0.06155356 -1.52823567
v -0.05974055 0.06345205 -1.52753174
v -0.05972534 0.06445897 -1.52242088
v -0.05890629 0.06366205 -1.52289748
v -0.05777039 0.06356351 -1.51728189
v -0.05726495 0.06296226 -1.51824963
v -0.05395657 0.06539294 -1.51366091
v -0.05604476 0.06699154 -1.51759076
v -0.04643118 0.06221896 -1.55074692
v -0.04508450 0.06153086 -1.55000591
v -0.04653426 0.06308198 -1.55076170
v -0.03697853 0.05365622 -1.52204943
v -0.04289678 0.05535193 -1.54526365
v -0.04161400 0.05481628 -1.54305983
v -0.04208517 0.05441087 -1.54353988
v -0.04087500 0.04991056 -1.52710187
v -0.04111654 0.04997483 -1.52783501
v -0.04056390 0.05132667 -1.52541804
v -0.03901963 0.05381848 -1.52400041
v -0.03970207 0.04751510 -1.51631761
v -0.04174437 0.04712198 -1.51508415
v -0.04100902 0.04757961 -1.51411724
v -0.04972409 0.06562366 -1.55739141
v -0.04131396 0.05493591 -1.54208589
v -0.04126508 0.05638314 -1.54308820
v -0.04154762 0.05699189 -1.54431915
v -0.04662787 0.06407532 -1.55029035
v -0.04175367 0.05735957 -1.54505765
v -0.04192507 0.05639247 -1.54504025
v -0.04253178 0.05811494 -1.54677820
v -0.04228999 0.05573970 -1.54527211
v -0.05335574 0.05465663 -1.52006876
v -0.05130247 0.05317478 -1.52004838
v -0.03185193 0.05185160 -1.53912699
v -0.03437225 0.05229820 -1.53717422
v -0.04564214 0.05877164 -1.50746226
v -0.05208554 0.05626826 -1.54525471
v -0.05346219 0.05667490 -1.54818869
v -0.05759154 0.06848007 -1.52225268
v -0.04854753 0.06082318 -1.51652634
v -0.04699469 0.05840904 -1.51575565
v -0.05013298 0.06286824 -1.51753473
v -0.05162552 0.06457116 -1.52024674
v -0.04697159 0.05144460 -1.53590393
v -0.05046447 0.06303941 -1.54024899
v -0.05160575 0.06376132 -1.53830481
v -0.04926603 0.06118196 -1.54046392
v -0.05159505 0.05759123 -1.55162883
v -0.04922909 0.05718939 -1.55162823
v -0.05006171 0.05696408 -1.54673767
v -0.04868948 0.05675566 -1.54991257
v -0.03972298 0.04935190 -1.51976871
v -0.04312462 0.04931886 -1.51365352
v -0.04412521 0.04904074 -1.51584387
v -0.04410551 0.05054599 -1.51367235
v -0.04540276 0.05061061 -1.51489103
v -0.04706807 0.05112347 -1.51636076
v -0.04843388 0.05166895 -1.51832032
v -0.04889717 0.05153859 -1.52051473
v -0.04054737 0.04878293 -1.52390826
v -0.03912725 0.05677142 -1.55115986
v -0.04036596 0.04825068 -1.52218986
v -0.04062231 0.05022544 -1.52564275
v -0.04020961 0.05041168 -1.52393770
v -0.03978704 0.05005119 -1.52197874
v -0.04111219 0.05495101 -1.51278055
v -0.04338133 0.05580976 -1.51425481
v -0.04037028 0.05348219 -1.51348960
v -0.04534704 0.05684477 -1.51500010
v -0.03998727 0.05235163 -1.51371503
v -0.05084998 0.05671499 -1.54648697
v -0.05069805 0.05689343 -1.54966533
v -0.02921054 0.05045353 -1.52177024
v 0.01854838 0.04000413 -1.52855527
v 0.01318731 0.04147204 -1.53833508
v 0.03202385 0.00229698 -1.47579217
v 0.03204229 0.00157427 -1.47248268
v 0.03106760 0.03210187 -1.51672864
v 0.03576583 0.02728107 -1.51397073
v 0.04409082 -0.00004572 -1.48079038
v 0.04403883 -0.00085061 -1.47979927
v 0.04416271 -0.00173678 -1.48015046
v 0.04403070 -0.00094593 -1.48089659
v 0.04230513 -0.00299366 -1.48036766
v 0.04181659 -0.00205249 -1.48087120
v 0.04274002 -0.00196096 -1.48087537
v 0.04317375 -0.00280675 -1.48037326
v 0.04701424 0.00295484 -1.49819016
v 0.04639003 0.00653546 -1.50215864
v 0.04525401 0.00956723 -1.49756837
v 0.04618297 0.00598615 -1.49421144
v 0.03464369 0.00042246 -1.48028445
v 0.03528669 0.00002415 -1.48223305
v 0.03910878 -0.00136785 -1.48173058
v 0.03852460 -0.00097758 -1.48088109
v 0.03445943 0.00034456 -1.47759628
v 0.03797464 -0.00100688 -1.47941375
v 0.03225579 0.00220822 -1.47994292
v 0.03281660 0.00151194 -1.48261869
v 0.04050358 0.00930564 -1.47483873
v 0.04190054 0.00553740 -1.47685254
v 0.04280788 0.00639303 -1.48041105
v 0.04146771 0.01013162 -1.47986221
v 0.04695233 -0.00044351 -1.50985301
v 0.04677923 0.00329106 -1.50601041
v 0.04731409 0.00020562 -1.50205040
v 0.04724126 -0.00353653 -1.50638068
v 0.04783580 -0.00734694 -1.51119995
v 0.04704967 -0.00439141 -1.51393592
v 0.05173921 -0.00915095 -1.51899409
v 0.05281796 -0.00865338 -1.51534235
v 0.05588669 -0.00942532 -1.51460457
v 0.05492833 -0.00907509 -1.51656187
v 0.05396160 -0.01087957 -1.51066637
v 0.05118558 -0.00841866 -1.51338828
v 0.05382165 -0.01484340 -1.50961995
v 0.05478129 -0.01511455 -1.51010621
v 0.05250272 -0.01075871 -1.51017618
v 0.05062710 -0.01047922 -1.50919914
v 0.05268307 -0.01451018 -1.50888991
v 0.05565131 -0.01580117 -1.51107335
v 0.05607826 -0.01306226 -1.51112247
v 0.05787759 -0.01171371 -1.51286042
v 0.06364033 -0.02255557 -1.51146543
v 0.06578019 -0.02162186 -1.51246440
v 0.05029196 -0.01746074 -1.54204535
v 0.04744366 -0.01439793 -1.53867221
v 0.05237112 -0.01752850 -1.53936350
v 0.04957981 -0.01451633 -1.53647804
v 0.06146146 -0.01294956 -1.51480234
v 0.06002301 -0.01154308 -1.51677668
v 0.06506579 -0.01573329 -1.51598454
v 0.06463469 -0.01479988 -1.51844180
v 0.04926786 -0.02328650 -1.55708218
v 0.05907045 -0.02422493 -1.50800478
v 0.05854174 -0.02391694 -1.50727606
v 0.06105416 -0.02471800 -1.50897837
v -0.13668379 0.00714875 -1.62329257
v -0.12500824 0.00647632 -1.63650012
v -0.10109423 0.00413723 -1.65215409
v -0.08849983 0.00097525 -1.65652895
v 0.05917930 -0.02025317 -1.49097931
v 0.05932506 -0.02075369 -1.49365735
v 0.04293765 -0.01170081 -1.48693311
v 0.04397611 -0.01722461 -1.48708355
v 0.04858072 -0.01791865 -1.48525226
v 0.04765035 -0.01260844 -1.48509836
v 0.04578280 -0.00851806 -1.48479855
v 0.04103152 -0.00728033 -1.48627257
v 0.04027618 -0.01122663 -1.48827732
v 0.04123822 -0.01697684 -1.48854578
v 0.05200277 -0.01339805 -1.48399746
v 0.05372719 -0.01872280 -1.48415327
v 0.05638874 -0.01912097 -1.48586297
v 0.05418754 -0.01361497 -1.48546481
v 0.04936323 -0.00753069 -1.50460708
v 0.05133734 -0.01184867 -1.50526953
v 0.05428751 -0.01621523 -1.50544548
v 0.05650966 -0.01958119 -1.50539267
v 0.05688885 -0.02026774 -1.50733542
v 0.05498032 -0.01768472 -1.50810802
v 0.05735851 -0.02053790 -1.50830889
v 0.05563484 -0.01793991 -1.50883794
v 0.05623641 -0.01806594 -1.50981426
v 0.05662922 -0.01764730 -1.51104379
v 0.05766362 -0.01956932 -1.51076877
v 0.05738668 -0.01910618 -1.51199722
v 0.05771975 -0.02060542 -1.50904131
v 0.06404010 -0.02336031 -1.53343201
v 0.06146047 -0.02343709 -1.53708684
v 0.05755296 -0.01610026 -1.49532127
v 0.05863363 -0.02097807 -1.49597168
v 0.05771675 -0.02179100 -1.49998450
v 0.05672423 -0.01741144 -1.49993634
v 0.05471439 -0.01271435 -1.49915814
v 0.05527318 -0.01089187 -1.49345255
v 0.05807748 -0.02355973 -1.50654840
v 0.05776896 -0.01566847 -1.49300945
v 0.05743547 -0.01523192 -1.49032974
v 0.05537535 -0.01033569 -1.49102032
v 0.05478817 -0.01002635 -1.48870409
v 0.05217809 -0.00600623 -1.49084318
v 0.05227645 -0.00713185 -1.49705124
v 0.04912376 -0.00126820 -1.49470305
v 0.04909020 -0.00194019 -1.48785317
v 0.04413376 0.00618337 -1.48382998
v 0.04399869 0.00132327 -1.48069203
v 0.04473501 0.00139919 -1.48228276
v 0.04586917 0.00102058 -1.48386657
v 0.04558556 0.00510917 -1.48723423
v 0.04295965 0.00969942 -1.48486519
v 0.04463265 0.00830943 -1.48972976
v 0.04714468 0.00289430 -1.49074090
v 0.04715221 0.00012539 -1.48556399
v 0.04483256 0.00009962 -1.48189390
v 0.04446533 -0.00083270 -1.48151028
v 0.04572860 -0.00019338 -1.48299026
v 0.04530251 -0.00110003 -1.48224056
v 0.04690610 -0.00085456 -1.48395872
v 0.04630614 -0.00162304 -1.48296678
v 0.04764096 -0.00267690 -1.48392880
v 0.04852541 -0.00221331 -1.48552680
v 0.04311552 -0.00272391 -1.48196197
v 0.04427142 -0.00372452 -1.48231399
v 0.04555678 -0.00370506 -1.48243988
v 0.04427540 -0.00275511 -1.48196459
v 0.04230299 -0.00208031 -1.48148263
v 0.04351733 -0.00220902 -1.48160577
v 0.04004915 -0.00191939 -1.48257828
v 0.04096218 -0.00289073 -1.48305225
v 0.04148504 -0.00151496 -1.48112392
v 0.04252011 -0.00158373 -1.48112559
v 0.04391812 -0.00170936 -1.48124933
v 0.04452258 -0.00180402 -1.48173773
v 0.04534525 -0.00229540 -1.48221970
v 0.04656608 -0.00323035 -1.48293936
v 0.05358436 -0.00978738 -1.48662913
v 0.05150104 -0.00617622 -1.48656452
v 0.05009227 -0.00625117 -1.48484993
v 0.05157789 -0.00966325 -1.48455000
v 0.04855361 -0.00643098 -1.48349929
v 0.03863150 -0.00655930 -1.48737764
v 0.04980377 -0.00969629 -1.48356771
v 0.03877165 -0.00359216 -1.48510981
v 0.03633507 -0.00250176 -1.48622131
v 0.04290529 -0.00491547 -1.48387682
v 0.03640465 -0.00060682 -1.48344612
v 0.03701021 -0.00160359 -1.48391879
v 0.03402895 0.00047953 -1.48455763
v 0.03498631 -0.00074153 -1.48514938
v 0.04678456 -0.00637909 -1.48288488
v 0.05212066 -0.00600729 -1.48852289
v 0.05613793 -0.01456960 -1.48801780
v 0.05792965 -0.01979612 -1.48841965
v 0.07019448 -0.02296278 -1.52588487
v 0.06699771 -0.02311753 -1.52978098
v 0.04399297 -0.00244623 -1.48025966
v -0.01553626 -0.01347248 -1.40151167
v 0.04364398 0.00054928 -1.47909009
v 0.03424644 -0.00016167 -1.47502255
v 0.03810498 -0.00183485 -1.47817862
v 0.04013632 0.00642188 -1.46978092
v 0.04168677 0.00203253 -1.46482396
v 0.04359870 -0.00038258 -1.46881652
v 0.04187517 0.00322305 -1.47290444
v 0.04600316 -0.00362507 -1.47450542
v 0.04434065 -0.00097609 -1.47711158
v 0.04498714 -0.00226157 -1.47818983
v 0.04671559 -0.00482086 -1.47631812
v 0.04707791 -0.00577286 -1.47776771
v 0.04510459 -0.00323239 -1.47902787
v 0.04561540 -0.00748371 -1.47968757
v 0.04793899 -0.01208501 -1.47949135
v 0.04287168 -0.01203072 -1.47642589
v 0.04099356 -0.00716854 -1.47662783
v 0.03906678 -0.00301935 -1.47754991
v 0.04303148 -0.00403138 -1.48010731
v 0.04644577 -0.00695575 -1.47957695
v 0.04395626 -0.00392250 -1.47998953
v 0.04912353 -0.01174876 -1.47937834
v -0.01819995 -0.00287537 -1.40510869
v 0.04476602 -0.00370992 -1.47962916
v 0.04677792 -0.00657168 -1.47909617
v 0.04977835 -0.01111975 -1.47853637
v 0.05027588 -0.01012451 -1.47660136
v 0.05034384 -0.00915758 -1.47442055
v 0.04937404 -0.00817421 -1.47174871
v 0.04636997 -0.00569806 -1.46494579
v 0.04470541 -0.00418417 -1.45996118
v 0.04847896 -0.01174242 -1.46240354
v 0.04752648 -0.01056201 -1.45717096
v 0.05232184 -0.01354907 -1.46970892
v 0.05380200 -0.01419707 -1.47312069
v 0.05344074 -0.01496752 -1.47567046
v 0.05253625 -0.01563641 -1.47797644
v 0.05757026 -0.02295307 -1.50484812
v 0.05886015 -0.02088722 -1.51074898
v 0.06109784 -0.02218257 -1.51073241
v 0.06676579 -0.01964159 -1.51396704
v 0.06323489 -0.02501344 -1.50971174
v 0.06655174 -0.01730309 -1.51571679
v 0.06790797 -0.01898991 -1.51520264
v 0.06879275 -0.01852418 -1.51667845
v 0.06765050 -0.01729163 -1.51742959
v 0.06891123 -0.02047313 -1.51444674
v 0.06971391 -0.01939139 -1.51642156
v 0.07023423 -0.02451457 -1.51315856
v 0.07234596 -0.02394321 -1.51659334
v 0.07226928 -0.02312002 -1.52222455
v 0.07285225 -0.02363346 -1.51879811
v 0.06930191 -0.01818306 -1.51839530
v 0.06780631 -0.01672260 -1.52012634
v 0.06561870 -0.01643458 -1.52330017
v 0.06235302 -0.01409947 -1.52113426
v -0.04430206 -0.01204909 -1.66057277
v 0.05163382 -0.01630130 -1.47918344
v 0.04962838 -0.01702638 -1.47928739
v 0.03548136 -0.01120322 -1.46689582
v 0.03826748 -0.01150756 -1.47104967
v 0.03910802 -0.01634784 -1.47047889
v 0.03656663 -0.01603898 -1.46644783
v 0.05010857 -0.02084013 -1.47909987
v 0.04457732 -0.02040886 -1.47591758
v 0.04421349 -0.01668145 -1.47622609
v 0.05243288 -0.02083404 -1.47910631
v 0.05368409 -0.02044791 -1.47765112
v 0.05488069 -0.01998739 -1.47522032
v 0.03947623 -0.02001223 -1.47004950
v 0.03688089 -0.01959825 -1.46589804
v 0.03499623 -0.00180191 -1.47328639
v 0.03279895 -0.00090535 -1.46975493
v 0.03682972 -0.00645177 -1.47162259
v 0.03442986 -0.00584537 -1.46796346
v 0.04953317 -0.01718566 -1.45620584
v 0.04983280 -0.01807375 -1.46119761
v 0.05503718 -0.01955183 -1.47205353
v 0.05348854 -0.01902276 -1.46827316
v -0.11376520 0.00564175 -1.64579630
v -0.00138305 0.03882115 -1.60809529
v 0.00644123 0.03629025 -1.60074568
v 0.01259796 0.02883253 -1.60844696
v 0.00566468 0.03139127 -1.61433411
v -0.00956504 0.03965915 -1.61565852
v -0.00214047 0.03234811 -1.62067938
v -0.06178863 0.01880193 -1.65251720
v -0.04731570 0.01812840 -1.65181208
v -0.04467721 -0.00073704 -1.65881586
v -0.07648598 0.01508287 -1.65338922
v -0.08470452 0.02783191 -1.64479792
v -0.06476412 0.02833766 -1.64681470
v -0.04933188 0.02686221 -1.64634228
v -0.10538764 0.01461956 -1.45072448
v -0.12845181 0.03765943 -1.57158589
v -0.03543679 0.02427442 -1.64535785
v -0.03325577 0.01627646 -1.65010834
v -0.02061365 0.01502955 -1.64719021
v -0.02370385 0.02224937 -1.64315641
v -0.02999171 -0.00205191 -1.65639055
v -0.02891350 -0.01336148 -1.65839362
v -0.14145097 0.00774940 -1.53366244
v 0.05882149 -0.02348699 -1.54074216
v -0.08283145 0.03204475 -1.48418188
v -0.06526281 0.03977728 -1.48253310
v -0.04918925 0.03848787 -1.42931485
v -0.04617447 0.04991714 -1.50510812
v -0.04696835 0.04971664 -1.50559092
v -0.04802718 0.04135869 -1.46673346
v -0.04811525 0.04197911 -1.48042023
v -0.09524870 0.02400482 -1.48559499
v -0.05637828 0.05981031 -1.51673162
v -0.05752931 0.06049478 -1.52040362
v -0.05591344 0.06114210 -1.51577926
v -0.05730917 0.06196083 -1.51969731
v -0.05800739 0.06192956 -1.52409077
v -0.05505949 0.06172711 -1.51408231
v -0.04659784 0.05744265 -1.55163980
v -0.04569842 0.05870241 -1.55312955
v -0.04195156 0.04899835 -1.50314975
v -0.04372336 0.04904198 -1.50387836
v -0.04268180 0.04836985 -1.50338101
v -0.04147487 0.04811482 -1.50289130
v -0.04053759 0.04862019 -1.50192595
v -0.04040425 0.04787315 -1.50215745
v -0.03948820 0.05932379 -1.56732190
v -0.04360302 0.04647409 -1.50334537
v -0.04633944 0.04882299 -1.50533271
v -0.04494462 0.04874325 -1.50460243
v -0.04345770 0.04774438 -1.50361216
v -0.04121802 0.04713221 -1.50214219
v -0.03960180 0.04704207 -1.50116825
v -0.03961135 0.04803198 -1.50057495
v -0.05551719 0.06208487 -1.51286626
v -0.04486284 0.05380434 -1.50176060
v -0.05271468 0.05816199 -1.54430926
v -0.05411004 0.05834607 -1.54259920
v -0.05536786 0.06078882 -1.54410374
v -0.05407399 0.06047623 -1.54654396
v -0.09716518 0.04472927 -1.51953197
v -0.10280159 0.04576581 -1.53052461
v -0.11070192 0.00285151 -1.45380116
v -0.10957348 0.00264156 -1.46576726
v -0.08772365 0.05763999 -1.56349826
v -0.05122352 0.05797587 -1.54577541
v -0.05257540 0.06040761 -1.54825640
v -0.05805819 0.06064004 -1.52455652
v -0.05132530 0.05695162 -1.54526877
v -0.05274324 0.05719835 -1.54355967
v -0.05401747 0.06169634 -1.54998446
v -0.05567949 0.06196792 -1.54778683
v -0.05708255 0.06210429 -1.54534316
v -0.05406560 0.05738189 -1.54160559
v -0.05344062 0.05767859 -1.55016005
v -0.06402763 0.05950557 -1.59387815
v -0.07811164 0.05908154 -1.58772707
v -0.06810991 0.05520255 -1.61039853
v -0.08329143 0.05496081 -1.60498035
v -0.09964348 0.05169517 -1.59852922
v -0.09435374 0.05583017 -1.58005536
v -0.04784681 0.05716302 -1.55138731
v -0.04606773 0.05950041 -1.55436361
v -0.01775976 0.03979865 -1.62125564
v -0.02436831 0.04558774 -1.61621034
v -0.00950918 0.03249388 -1.62627888
v -0.01663562 0.03212098 -1.63089311
v -0.02511010 0.03884240 -1.62683594
v -0.03627546 0.04710491 -1.62011206
v -0.04878286 0.06035597 -1.58538675
v -0.05001917 0.05786397 -1.59950447
v -0.03678649 0.05464429 -1.60387993
v -0.05291228 0.05251639 -1.61527717
v -0.04340193 0.04246953 -1.62880349
v -0.05746337 0.04738252 -1.62518799
v -0.04800403 0.03613752 -1.63747215
v -0.06239462 0.03957014 -1.63578355
v -0.07841054 0.04079548 -1.63356352
v -0.07222648 0.05025855 -1.62177920
v -0.03167151 0.03686387 -1.63191211
v -0.02237711 0.03049843 -1.63524508
v -0.03563490 0.03214887 -1.63841271
v -0.02716941 0.02842392 -1.63910329
v -0.02988723 0.05176628 -1.60580206
v -0.03938179 0.04356673 -1.49622369
v -0.03447859 0.04508853 -1.49553096
v -0.02713235 0.04824610 -1.50732851
v 0.00692679 0.04463852 -1.53153539
v 0.00432663 0.04446894 -1.54398036
v -0.00563176 0.04856678 -1.53645432
v -0.00422678 0.04726456 -1.52178240
v 0.00234623 0.04307465 -1.55762684
v -0.00699052 0.04779526 -1.55060172
v -0.00915849 0.04818263 -1.56452298
v 0.00193854 0.04327526 -1.57203805
v -0.11608856 0.04475345 -1.59274626
v -0.11385858 0.04752835 -1.57619405
v -0.11134984 0.04862134 -1.56376481
v 0.03061599 0.02158540 -1.58907604
v -0.14370948 0.00794771 -1.61400723
v 0.01960178 0.02116056 -1.61297202
v -0.11765042 0.03650539 -1.61360037
v -0.12640345 0.02459515 -1.61947381
v -0.08714162 0.04999911 -1.61636138
v -0.10094503 0.04759514 -1.61042058
v -0.11689088 0.04124474 -1.60391665
v -0.10847008 0.04785426 -1.54788518
v -0.01571626 0.02272694 -1.63976741
v 0.02539751 0.03054756 -1.55502820
v 0.02458180 0.03012902 -1.55062270
v 0.02685188 0.03046067 -1.55967069
v 0.02595744 0.02862560 -1.54571581
v 0.04543516 -0.01065039 -1.53580165
v 0.04724054 -0.01114432 -1.53359997
v 0.04917546 -0.01153552 -1.53115618
v 0.04546408 -0.00757372 -1.53121543
v 0.04720252 -0.00817257 -1.52827907
v 0.05401351 -0.01510255 -1.53135121
v 0.05177011 -0.01475200 -1.53379345
v 0.05103531 -0.01213578 -1.52870858
v 0.05272537 -0.01255460 -1.52528679
v 0.05621430 -0.01519269 -1.52818084
v 0.04914620 -0.00783115 -1.51290464
v 0.04785991 -0.00682290 -1.51780307
v 0.04975327 -0.00951414 -1.52191281
v 0.04630315 -0.00429997 -1.52541375
v 0.04733672 -0.00539375 -1.52197838
v 0.04862943 -0.00885774 -1.52534032
v 0.04459915 -0.00316596 -1.52909219
v 0.05511346 -0.01167439 -1.52188969
v 0.05792503 -0.01085721 -1.51873672
v 0.05925153 -0.01467237 -1.52453482
v 0.06228987 -0.01674775 -1.52670479
v 0.05931047 -0.01731778 -1.53034997
v 0.04391576 -0.00688714 -1.53366542
v 0.04338666 -0.00202774 -1.53155100
v 0.04709090 -0.00182684 -1.51837683
v 0.04715044 0.00265240 -1.51479208
v 0.04594016 0.00029280 -1.52305090
v 0.04598448 0.00456135 -1.52019501
v 0.04448071 0.00142585 -1.52673006
v 0.04435722 0.00594155 -1.52436650
v 0.04693976 0.00674112 -1.51095557
v 0.04602151 0.01030019 -1.50686359
v 0.04448092 0.01367324 -1.50178981
v 0.04491837 0.01315287 -1.51228321
v 0.04323094 0.01706414 -1.50673008
v 0.04326735 0.01512463 -1.51768601
v 0.04156022 0.01967071 -1.51263237
v 0.04574465 0.00913693 -1.51661110
v 0.04401521 0.01082538 -1.52103186
v 0.04271848 0.00714336 -1.52829051
v 0.04302803 0.00265450 -1.53016663
v 0.03996891 0.01639039 -1.52942157
v 0.04161504 0.01617051 -1.52356100
v 0.04223305 0.01173995 -1.52617157
v 0.04061059 0.01228560 -1.53081679
v 0.03988212 0.02127771 -1.51973820
v 0.03868247 0.02090926 -1.52778757
v 0.03721100 0.02006025 -1.53289735
v 0.03974301 0.00589323 -1.53925037
v 0.04015005 0.00099569 -1.53965425
v 0.03900731 0.00952834 -1.53882349
v 0.03852854 0.01598466 -1.53356230
v 0.03945635 0.01248536 -1.53423619
v 0.03122194 0.02398947 -1.54076469
v 0.03333155 0.02166495 -1.53975296
v 0.03685945 0.01584775 -1.53892815
v 0.03807136 0.01292350 -1.53888035
v 0.03528896 0.01890952 -1.53946590
v 0.03977939 -0.00361183 -1.54128218
v 0.03922505 -0.00822243 -1.54290962
v -0.06292757 0.03927627 -1.46922088
v 0.05708994 -0.01752446 -1.53351521
v 0.05469738 -0.01755917 -1.53668284
v 0.04194381 -0.01197692 -1.55994654
v 0.04048383 -0.01376982 -1.55698061
v 0.04684988 -0.02010629 -1.55713129
v 0.04487769 -0.00822425 -1.56417179
v 0.03905822 -0.01158747 -1.54529238
v 0.03874105 -0.01353594 -1.54769969
v 0.03897616 -0.01453164 -1.55036926
v 0.03950309 -0.01480621 -1.55354071
v 0.04664262 0.00210613 -1.57876599
v 0.04839360 -0.00115025 -1.57211995
v 0.01537777 0.03257171 -1.59411108
v 0.01205733 0.03667815 -1.58538210
v 0.03383977 0.02371367 -1.57422471
v 0.03131890 0.02707776 -1.56988084
v 0.02897269 0.02937297 -1.56478608
v 0.00977695 0.03887575 -1.57344770
v 0.00942206 0.03966977 -1.56100559
v 0.01037211 0.04079223 -1.54930532
v 0.00574155 0.02363499 -1.62543273
v -0.00122936 0.02378490 -1.63103342
v 0.01291009 0.02277297 -1.61957586
v -0.01072837 0.01461658 -1.64379084
v -0.00210818 0.01447976 -1.63990426
v -0.00841466 0.02344650 -1.63564813
v 0.00536468 0.01453249 -1.63479698
v 0.01209002 0.01436831 -1.62919533
v 0.01939115 0.01365469 -1.62309730
v 0.02583592 0.01200185 -1.61624777
v 0.03243235 0.00982304 -1.60743582
v -0.08061803 0.03007332 -1.47145414
v 0.05457139 -0.01886865 -1.52298343
v 0.05525541 -0.01961739 -1.52297223
v 0.05395486 -0.01987398 -1.52247572
v 0.05451694 -0.02061129 -1.52270865
v 0.05407913 -0.02079329 -1.52123892
v 0.05650298 -0.01947184 -1.51394212
v 0.05511978 -0.02091609 -1.51562262
v 0.05410545 -0.02136443 -1.51927531
v -0.02913352 0.04740555 -1.50010395
v -0.06231968 0.03892475 -1.43490386
v -0.07380985 0.03636285 -1.43959010
v -0.07599007 -0.07072875 -1.43600202
v -0.08687270 -0.06528691 -1.44070780
v -0.02548623 -0.04356095 -1.39900470
v -0.03157803 -0.05364321 -1.40394044
v -0.03418358 -0.05485658 -1.39585304
v -0.02838918 -0.04418006 -1.39129317
v -0.08339598 -0.07444035 -1.41943240
v -0.07745736 -0.07209224 -1.42693818
v -0.09092794 -0.06738029 -1.43247890
v -0.09758282 -0.07152195 -1.42530608
v -0.10250420 -0.05952062 -1.43624818
v -0.10931740 -0.06330246 -1.42834854
v -0.11816928 -0.05202502 -1.42925441
v -0.11069849 -0.04889374 -1.43860972
v -0.11612158 -0.03663632 -1.43954194
v -0.12379535 -0.03916900 -1.42909765
v -0.04012054 -0.06331566 -1.40960932
v -0.05135684 -0.07026450 -1.41580701
v -0.05354029 -0.07090553 -1.40663171
v -0.04226614 -0.06382357 -1.40141344
v -0.06412432 -0.07322823 -1.42207015
v -0.06803986 -0.07437220 -1.41324770
v -0.12576112 -0.02458424 -1.43007994
v -0.11764239 -0.02314616 -1.44172752
v -0.03179049 -0.04608405 -1.37421656
v -0.02918385 -0.03364351 -1.37138844
v -0.02788283 -0.03364291 -1.37987852
v -0.03089123 -0.04523448 -1.38247609
v -0.05287537 -0.07497510 -1.37652361
v -0.06709509 -0.08824055 -1.38443434
v -0.06323311 -0.09593157 -1.37588489
v -0.04879921 -0.08126085 -1.36726665
v -0.03313147 -0.09314032 -1.34365666
v -0.05021409 -0.11691019 -1.35094845
v -0.03054156 -0.11384746 -1.32870960
v -0.02200578 -0.09458809 -1.32491779
v -0.01562127 -0.11249176 -1.31015217
v -0.00969004 -0.09514397 -1.30662525
v 0.01887802 -0.11043958 -1.25821769
v 0.02365800 -0.09379125 -1.25705647
v 0.01320446 -0.09424433 -1.27352011
v 0.00805455 -0.11093275 -1.27487803
v 0.04416244 -0.12615149 -1.16262960
v 0.05083326 -0.11310129 -1.16757703
v 0.05191924 -0.12121308 -1.18288493
v 0.04678477 -0.13318002 -1.18009746
v -0.02356524 -0.17026411 -1.27212155
v -0.03191095 -0.17169373 -1.28745961
v -0.03472526 -0.17936218 -1.27503061
v -0.02794696 -0.17758742 -1.25990045
v -0.09546965 -0.13417366 -1.38672900
v -0.07321455 -0.12787035 -1.37218547
v -0.07684375 -0.11538044 -1.37831628
v -0.09678109 -0.12138268 -1.39134502
v -0.00770001 -0.17416404 -1.19086373
v 0.00061042 -0.16997339 -1.17865705
v 0.00971685 -0.16707419 -1.18807375
v 0.00307974 -0.17002359 -1.19990981
v -0.00411277 -0.13840708 -1.08908010
v 0.01356036 -0.12465084 -1.08888018
v 0.01190817 -0.12512006 -1.10779440
v -0.00481485 -0.13838688 -1.10788333
v -0.07456848 -0.16845573 -1.12609494
v -0.10071998 -0.16707529 -1.12549865
v -0.10054646 -0.16437633 -1.11058807
v -0.07431778 -0.16611266 -1.11026251
v 0.00814220 -0.13851979 -1.25709462
v 0.01372333 -0.12539323 -1.25835431
v 0.00283138 -0.12600091 -1.27482939
v -0.00209585 -0.13941327 -1.27343667
v -0.08912891 -0.24442875 -1.15281200
v -0.09564789 -0.23121743 -1.14282918
v -0.08994297 -0.22253560 -1.16320550
v -0.08386710 -0.23584732 -1.17361259
v -0.06120175 -0.16814119 -1.02344346
v -0.08671323 -0.16566105 -1.02744722
v -0.08395104 -0.16775280 -1.01081133
v -0.05816820 -0.16926600 -1.00645900
v -0.05929688 -0.21361758 -1.31186759
v -0.07421201 -0.22465637 -1.32793558
v -0.07350970 -0.23126769 -1.31170344
v -0.06094745 -0.21860158 -1.29547441
v -0.00936614 -0.16754839 -1.24508798
v -0.01603819 -0.16868810 -1.25850105
v -0.02237402 -0.17591792 -1.24833393
v -0.01691075 -0.17449923 -1.23752403
v -0.10584640 -0.17766178 -1.15533829
v -0.08332649 -0.17904122 -1.15568066
v -0.08851637 -0.18193710 -1.17289424
v -0.10881543 -0.18095307 -1.17273426
v -0.07854457 -0.17454979 -1.13971484
v -0.10307288 -0.17291242 -1.13924956
v -0.00320430 -0.15936998 -1.25069499
v 0.00250375 -0.14978416 -1.25452411
v -0.00681603 -0.15067169 -1.27054060
v -0.01149408 -0.15995222 -1.26633608
v 0.03632493 -0.11839473 -1.14778566
v 0.04505073 -0.10292980 -1.15375781
v -0.03279679 -0.16400750 -1.00124693
v -0.01029567 -0.15317661 -0.99612468
v -0.01306608 -0.15392552 -1.01429820
v -0.03566941 -0.16400713 -1.01894498
v 0.02251804 -0.10955285 -1.12512946
v 0.02690528 -0.11225630 -1.13699973
v 0.01665123 -0.12670484 -1.13464344
v 0.01012669 -0.12393455 -1.12356222
v 0.00913776 -0.13835457 -0.99130809
v 0.02694670 -0.12172948 -0.98749542
v 0.02356222 -0.12155260 -1.00751519
v 0.00626751 -0.13874501 -1.01034236
v -0.00296642 -0.11161324 -1.29249620
v 0.00243040 -0.09491992 -1.28993320
v 0.02652656 -0.14856946 -1.16127384
v 0.03595221 -0.13836156 -1.16092849
v 0.03913778 -0.14427094 -1.17872262
v 0.02995314 -0.15271059 -1.17848909
v -0.03654072 -0.18300612 -1.24573803
v -0.04357244 -0.18520693 -1.25823665
v -0.05682772 -0.18473598 -1.23986590
v -0.04995972 -0.18483829 -1.23368955
v -0.08157658 -0.16922016 -0.99491799
v -0.05572139 -0.17011799 -0.99008811
v 0.01159002 -0.13873138 -0.97225916
v 0.02940642 -0.12202404 -0.96722692
v -0.11454559 -0.17838216 -1.22879624
v -0.12189642 -0.17621778 -1.23087466
v -0.13562703 -0.17809971 -1.22973609
v -0.12928498 -0.18117663 -1.22769988
v 0.05655945 -0.08083934 -1.18628991
v 0.05615690 -0.09679423 -1.19406891
v 0.05560531 -0.10179658 -1.17804480
v 0.05276760 -0.08867735 -1.16636086
v 0.01719285 -0.14308973 -1.14589763
v 0.00596835 -0.13927005 -1.13463891
v 0.02684144 -0.13136882 -1.14564037
v 0.05295233 -0.06450902 -1.17752957
v 0.04628824 -0.07333653 -1.15342391
v 0.00717548 -0.07700948 -1.28671813
v 0.01776143 -0.07637355 -1.27152491
v -0.00310770 -0.07674029 -1.30321014
v 0.00290798 -0.05813581 -1.29921687
v -0.00663963 -0.05645423 -1.31610191
v -0.01348758 -0.07515737 -1.32015216
v -0.01498543 -0.05373607 -1.33212304
v -0.02236956 -0.07220465 -1.33703065
v -0.04083829 -0.06038612 -1.36942387
v -0.03640448 -0.06450267 -1.36069417
v -0.03153748 -0.18110144 -1.23685002
v -0.02697079 -0.17978102 -1.22804785
v -0.00811540 -0.15348713 -0.97780889
v -0.18881083 -0.13296133 -1.31585693
v -0.19370118 -0.12690286 -1.29949546
v -0.18796739 -0.14550440 -1.29897213
v -0.18285714 -0.15102223 -1.31506884
v -0.09460846 -0.14746709 -1.38454509
v -0.07119865 -0.14459759 -1.36957836
v -0.16889791 -0.17748992 -1.23719656
v -0.16767515 -0.18290450 -1.24129128
v -0.17082876 -0.18416750 -1.24845743
v -0.17333168 -0.17684188 -1.24488401
v -0.16122457 -0.18614356 -1.24109948
v -0.15587252 -0.18212493 -1.23589933
v -0.16197187 -0.18934394 -1.23115456
v -0.16687053 -0.19388996 -1.23680091
v -0.10773604 -0.16036400 -1.01441717
v -0.11035662 -0.15706071 -1.03119659
v -0.16457808 -0.14070921 -1.14050043
v -0.13380668 -0.00878627 -1.42117620
v -0.12448383 -0.00902656 -1.43218708
v -0.14573205 -0.15270151 -1.13209951
v -0.14594819 -0.16105306 -1.14855969
v -0.16339538 -0.15099914 -1.15754104
v -0.18533248 -0.02982952 -1.29459131
v -0.18826288 -0.02922881 -1.27853656
v -0.19202217 -0.04882500 -1.28343439
v -0.18870863 -0.05009653 -1.29966164
v -0.19128257 -0.09355678 -1.32813966
v -0.18510148 -0.09676394 -1.34446287
v -0.18498552 -0.07315635 -1.33742738
v -0.18907169 -0.07151869 -1.32242560
v -0.19333988 -0.11191036 -1.31517482
v -0.19779807 -0.10764332 -1.29817271
v -0.12788168 -0.17790653 -1.17584956
v -0.12644014 -0.17366512 -1.15889347
v -0.11782371 -0.18451366 -1.20729578
v -0.13337731 -0.18339130 -1.20916593
v -0.13181451 -0.18309627 -1.20044458
v -0.11518921 -0.18465623 -1.19853914
v -0.09924109 -0.11063352 -1.39812016
v -0.11938302 -0.10666181 -1.40485084
v -0.11844364 -0.11933887 -1.39864838
v -0.15943050 -0.06748866 -1.38625610
v -0.16468889 -0.06671698 -1.37966144
v -0.15972729 -0.08300711 -1.38451862
v -0.15512565 -0.07805669 -1.38999045
v -0.19891435 -0.05122763 -1.21163487
v -0.19666198 -0.03026841 -1.21142745
v -0.19483039 -0.03087399 -1.18861806
v -0.19702703 -0.05287639 -1.18706739
v -0.15740180 -0.18228158 -1.22974122
v -0.15678596 -0.18051387 -1.22432470
v -0.14746897 -0.18214855 -1.21949804
v -0.14918020 -0.18200421 -1.22468555
v -0.14553899 -0.18017246 -1.20427430
v -0.14613062 -0.18150458 -1.21264434
v -0.15657745 -0.17845750 -1.21795046
v -0.15733048 -0.17618634 -1.20995951
v -0.16038370 -0.15955979 -1.17370105
v -0.14448436 -0.16805066 -1.16517019
v -0.14500029 -0.17356375 -1.18137383
v -0.15987737 -0.16719958 -1.18871021
v -0.17626694 -0.02754756 -1.11668253
v -0.18054669 -0.04597301 -1.11354029
v -0.18627805 -0.04789896 -1.13675272
v -0.18406257 -0.02835482 -1.13887107
v -0.10201581 -0.17977206 -1.23265994
v -0.08635224 -0.18109550 -1.23483145
v -0.09341807 -0.18152548 -1.22341061
v -0.11048934 -0.18241921 -1.22044849
v -0.17572784 -0.22652775 -1.24766135
v -0.17564139 -0.21867321 -1.25288939
v -0.17630844 -0.21412909 -1.24749887
v -0.17710716 -0.22256036 -1.24296665
v -0.13310519 -0.18778279 -1.20048118
v -0.11737085 -0.18559222 -1.20431709
v -0.12323591 -0.19147617 -1.18545461
v -0.13972518 -0.19350666 -1.18232155
v -0.12200341 -0.16030900 -1.38339138
v -0.09372998 -0.16118978 -1.38235378
v -0.12046329 -0.14852194 -1.38909662
v -0.15910628 -0.19205643 -1.20079386
v -0.16848862 -0.19690639 -1.20587313
v -0.16169448 -0.19010207 -1.21762609
v -0.15162298 -0.18679774 -1.21433806
v -0.08635043 -0.25191000 -1.18492532
v -0.09098353 -0.26028967 -1.16419089
v -0.15875813 -0.20515171 -1.16509318
v -0.17032015 -0.21154436 -1.16873538
v -0.16560073 -0.20088848 -1.18496132
v -0.15397841 -0.19633935 -1.18156183
v -0.16247524 -0.13157001 -1.12430346
v -0.14506102 -0.14575042 -1.11702037
v -0.14379120 -0.13090371 -1.01984084
v -0.12804076 -0.14744706 -1.01751852
v -0.13089417 -0.14303614 -1.03480518
v -0.14644814 -0.12627631 -1.03798664
v -0.10567179 -0.16144167 -0.99840766
v -0.14060447 -0.13306971 -1.00235009
v -0.12531547 -0.14917158 -1.00101101
v -0.11377622 -0.08421034 -1.41490531
v -0.12761748 -0.07162721 -1.41606462
v -0.13186257 -0.08364752 -1.40949321
v -0.11830379 -0.09630108 -1.40991926
v -0.11272749 -0.18701892 -0.88682246
v -0.11925259 -0.18376094 -0.85853255
v -0.09245461 -0.18756478 -0.85536397
v -0.08407862 -0.19229546 -0.88387740
v -0.14866045 -0.05140511 -1.40146387
v -0.14082327 -0.06859175 -1.40643525
v -0.13569687 -0.05847545 -1.41358626
v -0.14191997 -0.04456929 -1.40990508
v -0.08134654 -0.19095579 -0.90857410
v -0.10949262 -0.18599612 -0.91371298
v -0.09839112 -0.10118136 -1.40353835
v -0.09458259 -0.09001917 -1.40838408
v -0.08204985 -0.09536965 -1.39403784
v -0.07900397 -0.08532305 -1.39910603
v -0.06371983 -0.07904322 -1.39132035
v -0.06378853 -0.19194745 -0.85023654
v -0.05831553 -0.19142735 -0.87639177
v -0.11824834 -0.06809437 -1.42152452
v -0.12747175 -0.05508458 -1.42099440
v -0.13421060 -0.03879379 -1.41845250
v -0.13622305 -0.02309385 -1.41859937
v -0.10505258 -0.16585018 -0.98245811
v -0.08016632 -0.17208688 -0.97875339
v -0.18485942 -0.12047537 -0.75371504
v -0.18969357 -0.09393647 -0.75172383
v -0.17830370 -0.09131548 -0.73714757
v -0.17551479 -0.12289080 -0.73757988
v -0.18338296 -0.03004350 -0.76629019
v -0.16644071 -0.02670163 -0.75149739
v -0.17491364 -0.05865561 -0.74212378
v -0.18868327 -0.06304055 -0.75641853
v -0.20692936 -0.06748669 -0.88792431
v -0.19913104 -0.06924072 -0.90940589
v -0.19802985 -0.03983696 -0.90992308
v -0.20519838 -0.03781469 -0.88820362
v -0.14204419 -0.13764071 -0.98602581
v -0.12605128 -0.15373036 -0.98481107
v -0.05433594 -0.17175564 -0.97370070
v -0.09728961 -0.19384234 -0.72336382
v -0.09865776 -0.18813263 -0.68926954
v -0.06024654 -0.18963739 -0.68544000
v -0.05702204 -0.19375809 -0.71956706
v -0.15307544 -0.14701910 -0.69277138
v -0.15693997 -0.15202430 -0.72051412
v -0.16866836 -0.11883336 -0.71764362
v -0.16317081 -0.11400570 -0.69380969
v 0.04588119 -0.10432319 -0.96294105
v 0.03037514 -0.12265627 -0.94743693
v 0.04645412 -0.10448807 -0.94242549
v 0.07451590 -0.04740088 -0.95400119
v 0.06858893 -0.06837583 -0.95679319
v 0.06902907 -0.06597236 -0.93510109
v 0.07480655 -0.04539363 -0.93279022
v 0.04956429 -0.04697106 -0.82181954
v 0.05263826 -0.03203502 -0.82184482
v 0.05774730 -0.03559125 -0.84377611
v 0.05391861 -0.05356080 -0.84516096
v -0.03215645 -0.18383689 -0.86780369
v -0.01105277 -0.16786388 -0.86081374
v -0.00889418 -0.16569184 -0.88210446
v -0.03052778 -0.17994317 -0.89058834
v -0.14448214 -0.02505931 -0.74132860
v -0.15672663 -0.05306081 -0.73103702
v -0.02181302 -0.18089542 -0.68325502
v -0.01900846 -0.18156350 -0.71744132
v 0.00758196 -0.16009015 -0.68321019
v 0.02344985 -0.12934369 -0.68379086
v 0.02490240 -0.13249122 -0.71451116
v 0.00855667 -0.16120505 -0.71494156
v 0.02023381 -0.04728389 -0.75677270
v -0.00050648 -0.02847417 -0.74263650
v 0.00290292 -0.02401491 -0.74663121
v 0.02605789 -0.04317839 -0.76565212
v -0.19596052 -0.03208498 -0.78282708
v -0.20012552 -0.06362623 -0.77371669
v -0.20812240 -0.06382422 -0.79420573
v -0.20448294 -0.03289956 -0.80037332
v -0.15119396 -0.11482525 -1.00325096
v -0.15378001 -0.11918268 -0.98607254
v -0.15760276 -0.09532969 -1.00418496
v -0.15413821 -0.11264655 -1.02257419
v -0.15983741 -0.09259090 -1.02376413
v -0.18525624 -0.09481005 -1.14448285
v -0.17596167 -0.11438054 -1.13348126
v -0.17946704 -0.12435791 -1.15045357
v -0.18947601 -0.10534212 -1.16437399
v -0.19638434 -0.06827229 -1.28909636
v -0.19318348 -0.06938992 -1.30569220
v -0.16138169 -0.07870543 -0.70078146
v -0.14237779 -0.04272543 -0.71709210
v -0.14531156 -0.04820427 -0.67986733
v -0.15775594 -0.08096187 -0.67291111
v -0.12884742 -0.16827525 -0.66218251
v -0.13122094 -0.17378961 -0.69236255
v -0.14906742 -0.14262636 -0.66452986
v -0.09838484 -0.18159664 -0.65763634
v -0.06024893 -0.18528470 -0.65376788
v 0.00615636 -0.15564290 -0.65153581
v 0.02066717 -0.12505950 -0.65259850
v -0.00185698 -0.03956301 -0.68675745
v 0.01453791 -0.06386557 -0.68491167
v 0.00755677 -0.06094349 -0.66003370
v -0.01063152 -0.03735129 -0.66381586
v 0.03593439 -0.08826107 -0.81837416
v 0.02235147 -0.12188098 -0.83679831
v 0.02144519 -0.12499240 -0.81549454
v 0.03057448 -0.09671150 -0.79745340
v 0.07243415 -0.05241668 -0.97564316
v 0.06713123 -0.06952345 -0.97874868
v 0.05932108 -0.08625446 -0.95963025
v 0.05815960 -0.08662675 -0.98160011
v 0.04401544 -0.10426880 -0.98418379
v 0.06155523 -0.07019209 -1.07042539
v 0.04986886 -0.09050342 -1.06942797
v 0.05315508 -0.08851175 -1.04822481
v 0.06438758 -0.06861167 -1.04823697
v 0.05646368 -0.07171629 -1.09273076
v 0.04506249 -0.09234588 -1.09136224
v 0.04113335 -0.07223153 -1.13450241
v 0.03706980 -0.09448896 -1.14228344
v 0.03301111 -0.09239517 -1.12906027
v 0.01195603 -0.05857511 -1.28314602
v 0.02116128 -0.05846329 -1.26818407
v -0.03776701 -0.18096629 -0.84414959
v -0.11196586 -0.01870607 -0.71222186
v -0.08123790 -0.01161221 -0.70363754
v -0.09109528 -0.01354242 -0.67866689
v -0.12068766 -0.02460912 -0.68181205
v -0.05446173 -0.18854629 -0.89965320
v -0.03019305 -0.16436343 -0.98390841
v -0.02932179 -0.16546904 -0.96704048
v -0.04770036 -0.16080236 -1.11128235
v -0.04309516 -0.16327633 -1.13011742
v 0.05328148 -0.11045861 -1.19922554
v 0.05462711 -0.11167610 -1.18690538
v -0.13272914 -0.18049678 -0.72447783
v -0.00001689 -0.14416772 -0.59310764
v 0.01161064 -0.11370714 -0.59464872
v 0.01690476 -0.11982740 -0.62337369
v 0.00356568 -0.15028793 -0.62133956
v -0.04421366 -0.02264375 -0.64102548
v -0.02065573 -0.03608165 -0.63743544
v -0.03025821 -0.03679306 -0.60906774
v -0.05405203 -0.02541779 -0.61213267
v -0.06160561 -0.02840381 -0.58275390
v -0.03724828 -0.03823511 -0.58020592
v -0.04607229 -0.03648694 -0.54992962
v -0.06955917 -0.02949136 -0.55389565
v -0.02321963 -0.17706960 -0.65205830
v -0.05835725 -0.17364606 -0.59731817
v -0.02575196 -0.16510248 -0.59364855
v -0.02416379 -0.17085420 -0.62236995
v -0.05903869 -0.17997220 -0.62553489
v -0.15770656 -0.11433089 -0.66744334
v -0.03386542 -0.02203146 -0.66743976
v -0.02353776 -0.02252503 -0.68943870
v -0.10455672 -0.02507309 -0.61542064
v -0.12866053 -0.03759173 -0.61562479
v -0.12541553 -0.03078496 -0.64750081
v -0.09848119 -0.01847635 -0.64681232
v -0.14222521 -0.14040218 -0.60988271
v -0.12179127 -0.16055268 -0.60714364
v -0.12442803 -0.16414584 -0.63344908
v -0.14474787 -0.14180997 -0.63671511
v -0.09257549 -0.17034926 -0.60167885
v -0.09458360 -0.17595842 -0.62892765
v -0.05742974 -0.16257216 -0.54183280
v -0.02873093 -0.15242359 -0.53818071
v -0.02708112 -0.15865138 -0.56591702
v -0.05799831 -0.16767406 -0.56958282
v -0.08954471 -0.16152027 -0.54762524
v -0.09133142 -0.16542317 -0.57441604
v -0.12013745 -0.15661506 -0.57888776
v -0.11744042 -0.15350652 -0.55208558
v -0.13644665 -0.13666549 -0.55672437
v -0.14003681 -0.13849159 -0.58354658
v -0.15155467 -0.11488001 -0.58539349
v -0.14806443 -0.11544959 -0.55950600
v -0.15300083 -0.08972743 -0.58680630
v -0.14548050 -0.06492603 -0.58823723
v -0.14408973 -0.06949744 -0.56129724
v -0.14990953 -0.09260306 -0.56136584
v -0.11443822 -0.03526439 -0.55855727
v -0.13282578 -0.04915194 -0.56021827
v -0.13092205 -0.04376843 -0.58766985
v -0.10958046 -0.03052054 -0.58600575
v -0.13092801 -0.05360885 -0.45220149
v -0.13689117 -0.07142287 -0.45626974
v -0.13686693 -0.06399278 -0.48228675
v -0.12863886 -0.04611051 -0.47969115
v -0.14301881 -0.08806871 -0.45889264
v -0.14537686 -0.10507007 -0.46054262
v -0.14366913 -0.10085350 -0.48553115
v -0.14075644 -0.08285798 -0.48438841
v -0.12580258 -0.13433151 -0.48157519
v -0.13927820 -0.11850479 -0.48474598
v -0.14006859 -0.12272115 -0.45975995
v -0.12590158 -0.13827941 -0.45610732
v -0.10843344 -0.15111291 -0.45202285
v -0.10923455 -0.15014571 -0.47645932
v -0.08568931 -0.15203138 -0.44620734
v -0.08630604 -0.15473714 -0.47009158
v -0.05952265 -0.14516065 -0.46447057
v -0.06013709 -0.14348251 -0.44105339
v -0.08076961 -0.03673676 -0.44091022
v -0.10096037 -0.03402704 -0.44481027
v -0.09371696 -0.02858554 -0.47227740
v -0.07415736 -0.03309464 -0.46785575
v -0.03827238 -0.06666123 -0.46003968
v -0.02045453 -0.08703072 -0.45875502
v -0.03072333 -0.08572485 -0.43383980
v -0.04974587 -0.06693982 -0.43411666
v -0.08828028 -0.15720712 -0.52035183
v -0.05697335 -0.15697357 -0.51409119
v -0.13192162 -0.13455184 -0.53088659
v -0.11390993 -0.15071523 -0.52625698
v -0.11905158 -0.03905658 -0.53259140
v -0.13376079 -0.05463433 -0.53472126
v -0.05531426 -0.03488311 -0.52160341
v -0.07750072 -0.02883875 -0.52604479
v -0.01210110 -0.12239784 -0.51091015
v -0.03002305 -0.14490867 -0.51242155
v -0.03146188 -0.13823155 -0.48615897
v -0.01394097 -0.11671646 -0.48365211
v -0.08739990 -0.15584704 -0.49546784
v -0.11122628 -0.14959729 -0.50137365
v -0.12789175 -0.13340966 -0.50649583
v -0.14052795 -0.11646815 -0.50919992
v -0.14375132 -0.09780227 -0.51049447
v -0.14062096 -0.07836211 -0.50986600
v -0.13518974 -0.05928025 -0.50874913
v -0.12378877 -0.04241246 -0.50663286
v -0.08572820 -0.02848351 -0.49965322
v -0.06532998 -0.03372771 -0.49473256
v -0.01729748 -0.11262864 -0.45880437
v -0.03407018 -0.13394019 -0.46082836
v -0.03925838 -0.13343450 -0.43786669
v -0.02603013 -0.10979952 -0.43538529
v -0.03573612 -0.10914184 -0.41387933
v -0.04066449 -0.08768122 -0.41228747
v -0.14594403 -0.09407431 -0.43240416
v -0.14656891 -0.11076275 -0.43406445
v -0.14087102 -0.12807278 -0.43328875
v -0.10943975 -0.15441485 -0.42802912
v -0.08329383 -0.15284264 -0.42080104
v -0.05996760 -0.14316738 -0.41566074
v -0.04351128 -0.13032602 -0.41641843
v -0.10834800 -0.05123937 -0.39076149
v -0.10411391 -0.04390947 -0.41874194
v -0.08617742 -0.04510204 -0.41535074
v -0.08978566 -0.05358295 -0.38784033
v -0.13770850 -0.06677742 -0.39724815
v -0.14920381 -0.08132760 -0.40184689
v -0.13834420 -0.07830407 -0.42879313
v -0.12991497 -0.06291196 -0.42615455
v -0.15495110 -0.09959738 -0.40493083
v -0.15378162 -0.11872895 -0.40655321
v -0.14710140 -0.13686402 -0.40723109
v -0.12885804 -0.14377567 -0.43206990
v -0.13215581 -0.15215021 -0.40602750
v -0.10885069 -0.15862721 -0.40109318
v -0.07807805 -0.15653212 -0.39535213
v -0.05832095 -0.14437234 -0.35996264
v -0.05690357 -0.13811761 -0.38840508
v -0.07782806 -0.16241704 -0.36740917
v -0.06578209 -0.12645106 -0.26354581
v -0.06873904 -0.15025264 -0.26800591
v -0.07374913 -0.14871278 -0.23431730
v -0.07055935 -0.12804559 -0.22980309
v -0.09344227 -0.05822117 -0.35942006
v -0.11445306 -0.05408565 -0.36187756
v -0.14652237 -0.06853971 -0.36739898
v -0.15857089 -0.08495757 -0.37245190
v -0.11244535 -0.17267624 -0.34417939
v -0.10847911 -0.16611888 -0.37361085
v -0.13450041 -0.15957507 -0.37805057
v -0.13870549 -0.16561007 -0.34765071
v -0.10276382 -0.06552914 -0.26451075
v -0.12334832 -0.06191588 -0.26549488
v -0.12186612 -0.05723279 -0.29781753
v -0.09966607 -0.06138148 -0.29682833
v -0.15220946 -0.06931327 -0.33562177
v -0.15578841 -0.07150257 -0.30333710
v -0.16828066 -0.08817947 -0.30740750
v -0.16509679 -0.08640064 -0.34017235
v -0.11719771 -0.17496991 -0.27721089
v -0.11552901 -0.17569345 -0.31188160
v -0.14160907 -0.16960911 -0.31484777
v -0.14217632 -0.16980630 -0.27967554
v -0.08232209 -0.16771623 -0.33799821
v -0.08666265 -0.16994195 -0.30717617
v -0.06503814 -0.15131271 -0.30023408
v -0.06066355 -0.14787476 -0.33156586
v -0.06112916 -0.12519793 -0.29630542
v -0.05726114 -0.12122847 -0.32715672
v 0.01113516 -0.01227291 -0.75320852
v -0.00897405 -0.01144161 -0.74291134
v -0.02442518 -0.01067577 -0.74239433
v -0.12321790 -0.08142228 -0.19530809
v -0.12355071 -0.07131925 -0.23065114
v -0.10421644 -0.07442135 -0.22967255
v -0.10603426 -0.08424190 -0.19335175
v -0.16819665 -0.09326847 -0.27312833
v -0.15650269 -0.07661693 -0.27003223
v -0.15327933 -0.08508599 -0.23521411
v -0.16365419 -0.10033154 -0.23687303
v -0.11758582 -0.16885373 -0.20258641
v -0.11784226 -0.17268986 -0.24061644
v -0.14066955 -0.16739868 -0.24162388
v -0.13871640 -0.16379762 -0.20359433
v -0.07911114 -0.14784025 -0.19817388
v -0.09151038 -0.16669941 -0.23883891
v -0.09530269 -0.16442892 -0.20077050
v -0.08094434 -0.14548984 -0.16206586
v -0.07832007 -0.12798242 -0.15847170
v -0.07534601 -0.12843440 -0.19363916
v -0.10692000 -0.09287463 -0.15900791
v -0.12209789 -0.08888677 -0.16001332
v -0.15414503 -0.10895528 -0.16641355
v -0.15812013 -0.10625467 -0.20161724
v -0.14863944 -0.09252247 -0.19895256
v -0.14489555 -0.09685892 -0.16371953
v -0.16035074 -0.13971531 -0.20297980
v -0.16229798 -0.12305669 -0.20228899
v -0.15801723 -0.12481639 -0.16807938
v -0.15549101 -0.14015080 -0.16781819
v -0.13558906 -0.15899818 -0.16949630
v -0.15262365 -0.15406714 -0.20372677
v -0.14777237 -0.15095504 -0.16862702
v -0.11611447 -0.16504507 -0.16846657
v -0.09540039 -0.16147722 -0.16565454
v -0.08491457 -0.01252704 -0.73633665
v -0.05590719 -0.01228673 -0.72713929
v -0.06855656 -0.01256089 -0.71928525
v -0.09849130 -0.01749740 -0.73035163
v 0.00043915 -0.05920092 -0.63318092
v -0.00781772 -0.05670601 -0.60438454
v -0.02467506 -0.05229628 -0.54629219
v -0.01513548 -0.05527394 -0.57508367
v -0.03532671 -0.05040669 -0.51747870
v -0.04575509 -0.04883771 -0.48866022
v -0.05647964 -0.04591619 -0.46230674
v -0.06497224 -0.04845019 -0.43684083
v -0.07006295 -0.05570516 -0.41130155
v -0.07136856 -0.06391961 -0.38429052
v -0.07755651 -0.07321830 -0.32794118
v -0.09681022 -0.05996112 -0.32860917
v -0.07444993 -0.07027315 -0.35730714
v -0.08276990 -0.07962190 -0.26334172
v -0.08014878 -0.07549040 -0.29663461
v -0.08653869 -0.08681406 -0.22755003
v -0.09064297 -0.09446456 -0.19126105
v -0.09347586 -0.10200667 -0.15790796
v 0.02867230 -0.10106730 -0.73607355
v 0.02390967 -0.07083006 -0.72877443
v 0.02669460 -0.07356657 -0.74680620
v 0.02885309 -0.10239358 -0.75851882
v -0.01714412 -0.02034036 -0.73931456
v -0.03163539 -0.01523708 -0.73985291
v -0.02784553 -0.01383782 -0.74184138
v -0.01364515 -0.01824622 -0.74180287
v -0.05771007 -0.15109421 -0.48879343
v -0.14343631 -0.11635667 -0.53459257
v -0.14600644 -0.09522684 -0.53593194
v -0.14140952 -0.07486174 -0.53630054
v -0.03886811 -0.01006886 -0.74529636
v -0.01723213 -0.07035391 -0.51375997
v -0.00750014 -0.09506993 -0.51188892
v -0.01295317 -0.08993484 -0.48412317
v -0.02608589 -0.06580120 -0.48499793
v -0.05478556 -0.11567360 -0.35314757
v -0.06461362 -0.09535177 -0.32710081
v -0.06062941 -0.09084037 -0.35454285
v -0.05082086 -0.11249845 -0.37665868
v -0.16215387 -0.12667064 -0.37855089
v -0.15294617 -0.14541036 -0.37971348
v -0.16964284 -0.13150895 -0.34816301
v -0.16351292 -0.10580549 -0.37646985
v -0.17132816 -0.10821979 -0.34514666
v 0.00068108 -0.07918522 -0.56884724
v 0.00530577 -0.10715279 -0.56592858
v -0.00158764 -0.10113561 -0.53866279
v -0.00818356 -0.07431269 -0.54106766
v -0.13260379 -0.13661331 -1.05164170
v -0.14755328 -0.12039798 -1.05567002
v -0.00300028 -0.16321775 -1.15611434
v -0.02016238 -0.16224153 -1.14460659
v -0.00668333 -0.15102234 -1.13757384
v 0.00694687 -0.15360285 -1.14928818
v -0.01182880 -0.17064346 -1.16640079
v -0.02956518 -0.17048527 -1.15487719
v -0.02054817 -0.17591476 -1.17898417
v -0.16221163 -0.01138585 -1.37019539
v -0.15769824 -0.01126974 -1.38235950
v -0.03781684 -0.17652906 -1.16787577
v -0.06747326 -0.18232191 -1.22635186
v -0.07489961 -0.17997947 -1.23248577
v 0.04981645 -0.07273313 -1.11467457
v 0.05631848 -0.04947841 -1.11485457
v 0.04753195 -0.04962088 -1.13430452
v 0.05990476 -0.08536316 -0.93815625
v 0.04375516 -0.06444049 -0.82052147
v 0.04725149 -0.07373543 -0.84698808
v 0.03757752 -0.09677199 -0.85071063
v 0.02413324 -0.02346054 -0.76354951
v -0.18506023 -0.06829756 -1.13200343
v -0.18049830 -0.06556220 -1.10892403
v -0.18523161 -0.05075983 -1.31547248
v -0.18179271 -0.03046749 -1.31046391
v -0.17756733 -0.05161130 -1.34350228
v -0.17370114 -0.05110759 -1.35585463
v -0.17136714 -0.03087836 -1.35078084
v 0.06997804 -0.02453798 -1.07002544
v 0.07304090 -0.02498318 -1.04877913
v -0.17442730 -0.03121060 -1.33867800
v -0.15168424 -0.02986070 -1.39792490
v 0.05033109 -0.02507046 -1.13297093
v 0.05802274 -0.02484942 -1.11309195
v -0.14398341 -0.02597871 -1.40936971
v -0.03642226 -0.01488345 -0.73642701
v -0.05792366 -0.01105303 -0.74132001
v -0.04842028 -0.01169769 -0.74231136
v 0.00610623 -0.04210379 -0.70627201
v -0.01376909 -0.02464575 -0.70652330
v -0.00696219 -0.02725742 -0.71968383
v 0.01184929 -0.04545433 -0.72283578
v -0.05280621 -0.19526245 -0.75423104
v -0.09267507 -0.19807264 -0.75846958
v -0.16829158 -0.08461058 -0.72166210
v -0.17748116 -0.23549616 -1.13172567
v -0.18389073 -0.24618936 -1.13780987
v -0.18191171 -0.23344782 -1.15708697
v -0.17419541 -0.22333285 -1.15111828
v -0.20011264 -0.07471281 -1.21235049
v -0.19628230 -0.08217403 -1.18399274
v -0.08068836 -0.10574004 -1.38726628
v -0.09005182 -0.18478411 -1.37438047
v -0.06620784 -0.18026671 -1.36145854
v -0.06922409 -0.17059292 -1.36540484
v -0.09253804 -0.17344613 -1.37909007
v -0.05242532 -0.01015437 -0.74867713
v -0.16876350 -0.17044730 -1.32972574
v -0.15648645 -0.17485993 -1.34634972
v -0.16199912 -0.16206430 -1.34918392
v -0.17440781 -0.15689395 -1.33171797
v -0.21002144 -0.03549860 -0.86527461
v -0.21236399 -0.06518249 -0.86450499
v -0.16334236 -0.04817872 -1.04907513
v -0.16517636 -0.06843963 -1.04627371
v -0.16952887 -0.06535256 -1.06621957
v -0.10770184 -0.01065690 -0.75120473
v -0.11851363 -0.01037588 -0.75484353
v -0.16805167 -0.04584317 -1.06961739
v -0.19701627 -0.10572720 -1.19719398
v -0.18906787 -0.12087417 -1.17979455
v 0.04627471 -0.05995959 -1.22039008
v 0.04581413 -0.07688151 -1.22425985
v 0.05315603 -0.07818711 -1.20650542
v 0.05215077 -0.06126772 -1.20136476
v -0.18128215 -0.24309368 -1.20206964
v -0.18108624 -0.22519183 -1.21297610
v -0.17982790 -0.21576895 -1.20120823
v -0.18341979 -0.22968736 -1.18535566
v -0.13394299 -0.18266198 -0.76155770
v -0.16315088 -0.15376405 -0.74537700
v -0.12094800 -0.15098202 -1.08011758
v -0.14263117 -0.13762166 -1.08407772
v -0.13689387 -0.13452725 -1.06741858
v -0.11668369 -0.14888838 -1.06331480
v -0.12440854 -0.16137722 -1.12748778
v -0.12444761 -0.15682516 -1.11236477
v -0.12580968 -0.16827656 -1.14238262
v -0.14170834 -0.18356250 -1.22939503
v -0.14762031 -0.17953594 -1.23146427
v -0.15094705 -0.18535236 -1.23385668
v 0.02022770 -0.06782460 -0.70927960
v 0.02973030 -0.07042892 -0.77593112
v 0.03465355 -0.06323561 -0.78828114
v -0.04150927 -0.01232021 -0.74476141
v -0.07429269 -0.07820890 -1.40461612
v -0.05927553 -0.07389419 -1.39826047
v -0.13893494 -0.18544193 -1.21454883
v -0.14689575 -0.18965480 -1.19900680
v -0.10890488 -0.17924960 -1.22206509
v -0.12449669 -0.18062852 -1.22022808
v -0.12066869 -0.18298146 -1.21436667
v -0.10400397 -0.18179427 -1.21609640
v -0.13807738 -0.18158129 -1.22133458
v -0.13530560 -0.18325762 -1.21577215
v -0.01717212 -0.15149818 -1.28699791
v -0.02846095 -0.15348122 -1.30317307
v -0.03033166 -0.16290677 -1.29662299
v -0.02046813 -0.16119973 -1.28065288
v -0.01349656 -0.14030182 -1.29040909
v -0.00863533 -0.12695298 -1.29218209
v -0.02147973 -0.12837468 -1.31013334
v -0.02557205 -0.14213076 -1.30774474
v -0.04049818 -0.08838204 -1.35825074
v -0.05690485 -0.10506536 -1.36701155
v -0.02881216 -0.06896579 -1.35105121
v -0.02086171 -0.05118580 -1.34576678
v -0.15829033 -0.03198723 -1.38688004
v -0.16392499 -0.03150862 -1.37405169
v -0.16362524 -0.05442563 -1.37939084
v -0.15670770 -0.05679826 -1.39072418
v -0.05006841 -0.06885387 -1.38652909
v -0.04005962 -0.05809983 -1.37905145
v -0.03133385 -0.04680445 -1.36480284
v -0.09552501 -0.26505703 -1.19486654
v -0.09953322 -0.27225727 -1.17427659
v -0.10513971 -0.07702319 -1.41883969
v -0.08964618 -0.07985826 -1.41199422
v -0.10945825 -0.27551544 -1.20209455
v -0.11289772 -0.28200337 -1.18060279
v -0.07027182 -0.15918289 -1.36755526
v -0.05280472 -0.16446237 -1.34449291
v -0.05272359 -0.15239674 -1.34684110
v -0.04598789 -0.06570959 -1.39404380
v -0.03753155 -0.05644890 -1.38690209
v -0.08161516 -0.19610918 -0.79272437
v -0.04674888 -0.19369613 -0.78822106
v -0.03906621 -0.16177247 -1.03680265
v -0.06427205 -0.16481233 -1.04046643
v 0.06804553 -0.04803522 -1.07046413
v 0.07096320 -0.04701968 -1.04789972
v -0.02419104 -0.03355214 -1.38855982
v 0.06646033 -0.06801704 -1.00160754
v 0.07221133 -0.04602585 -0.99822235
v 0.07202389 -0.04636587 -1.02422500
v 0.06596338 -0.06754851 -1.02542555
v 0.07556476 -0.03695329 -0.96249014
v 0.07386837 -0.03826313 -0.97418505
v 0.04779968 -0.02983810 -0.80355382
v 0.04552627 -0.04194107 -0.80333602
v -0.06482548 -0.21247421 -1.24717879
v -0.06691524 -0.22593082 -1.26185703
v -0.07122462 -0.23120762 -1.24433160
v -0.06853310 -0.21621439 -1.23044229
v 0.05642030 -0.08648004 -1.00406587
v 0.04103684 -0.10438941 -1.00566471
v -0.06266522 -0.18336785 -1.21900487
v -0.04494797 -0.18369173 -1.22612953
v 0.04762295 -0.04966130 -1.15182662
v 0.05195380 -0.09521830 -1.21069181
v 0.04391424 -0.09434490 -1.22610152
v 0.03985136 -0.11031511 -1.22773445
v 0.04817184 -0.11061558 -1.21346509
v -0.05142792 -0.01211202 -0.74620342
v -0.16577715 -0.23527756 -1.27613938
v -0.16294867 -0.24351606 -1.26783693
v -0.15600334 -0.24740858 -1.27506840
v -0.15886679 -0.23967317 -1.28427780
v -0.03952597 -0.01529009 -0.71052444
v -0.05067540 -0.01435339 -0.69488072
v -0.12086324 -0.02314828 -0.73654175
v -0.10364632 -0.01330955 -0.74359864
v 0.02002650 -0.09055114 -0.65466547
v 0.02464258 -0.09491400 -0.68341929
v 0.01441733 -0.08641945 -0.62541646
v 0.00774473 -0.08264518 -0.59615827
v -0.05616055 -0.07339884 -0.41005301
v -0.05537942 -0.08563532 -0.38297725
v -0.06892244 -0.09946680 -0.29575735
v -0.13652118 -0.00991741 -0.75309312
v -0.07295615 -0.10290150 -0.26296127
v -0.07711387 -0.10678269 -0.22820330
v -0.08139008 -0.10989626 -0.19199312
v -0.08362115 -0.11395799 -0.15674877
v -0.12984262 -0.28800333 -1.18225288
v -0.12808338 -0.28167906 -1.20547736
v -0.14831883 -0.28075308 -1.20143950
v -0.14760423 -0.28895622 -1.17831111
v -0.14447010 -0.20181698 -1.16500711
v -0.12826726 -0.19998834 -1.16679263
v -0.13333818 -0.20862666 -1.14849472
v -0.14897609 -0.21112597 -1.14792013
v -0.15383402 -0.22025582 -1.12894261
v -0.16691759 -0.22661468 -1.12946749
v -0.16274649 -0.21585345 -1.14871585
v -0.18518594 -0.25898761 -1.14686275
v -0.18111643 -0.27019286 -1.15638554
v -0.18212438 -0.25815755 -1.17838967
v -0.18492913 -0.24454804 -1.16653121
v -0.16302878 -0.28562617 -1.17246628
v -0.16437322 -0.27589133 -1.19436812
v -0.17563231 -0.26791164 -1.18669271
v -0.17429174 -0.27862418 -1.16474319
v -0.10782932 -0.22146896 -1.13545692
v -0.12257465 -0.21686126 -1.13091838
v -0.11727136 -0.20838010 -1.15031314
v -0.10213181 -0.21302369 -1.15540171
v -0.07622346 -0.24086061 -1.27625430
v -0.08076155 -0.24583818 -1.25650311
v -0.06837405 -0.18299730 -1.24718595
v -0.05594698 -0.18628801 -1.25514662
v -0.06450232 -0.18598625 -1.24945641
v -0.07868851 -0.17700663 -1.24466193
v -0.08127063 -0.24345551 -1.20666969
v -0.07546926 -0.23635718 -1.22628582
v -0.08465174 -0.25061420 -1.23675716
v -0.09035035 -0.25732574 -1.21563697
v -0.09702434 -0.20516050 -1.17588413
v -0.09503421 -0.01054208 -0.75075269
v -0.11193185 -0.20027044 -1.16982365
v -0.10620235 -0.19181760 -1.18921912
v -0.09108497 -0.19633633 -1.19424868
v -0.17845315 -0.22054702 -1.17563820
v -0.17392509 -0.20816877 -1.19204640
v -0.06708220 -0.19801836 -1.23383236
v -0.07311179 -0.20125096 -1.21787012
v -0.04113280 -0.18195148 -1.21716487
v -0.09656224 -0.18408461 -1.20003450
v -0.10010805 -0.18339223 -1.20879829
v 0.01735552 -0.15674631 -1.16342604
v 0.02113228 -0.15934837 -1.17877650
v -0.05973232 -0.17774363 -1.15973592
v -0.06651951 -0.18124242 -1.17553043
v 0.00885286 -0.16398723 -1.16895437
v 0.01405641 -0.16365695 -1.17917037
v 0.02658930 -0.11033687 -1.10919166
v -0.02712267 -0.04853104 -1.35580909
v -0.07358563 -0.22020882 -1.21237814
v -0.07979131 -0.20554411 -1.20205545
v -0.17356560 -0.20091525 -1.23025680
v -0.16865247 -0.19525430 -1.22377527
v -0.17489505 -0.20383726 -1.21367157
v -0.15417591 -0.00849448 -0.76186192
v -0.17101690 -0.00665868 -0.77601290
v -0.17819408 -0.21184294 -1.22214663
v -0.19080105 -0.13943179 -1.22215748
v -0.19460681 -0.12433814 -1.20969653
v -0.18599162 -0.13584100 -1.19474363
v -0.18258947 -0.14868040 -1.20924246
v -0.13951261 -0.25400010 -1.28145444
v -0.12809676 -0.25802651 -1.27946126
v -0.12717684 -0.25115821 -1.29582429
v -0.14015815 -0.24684559 -1.29442978
v -0.11314718 -0.25955483 -1.27514029
v -0.09573402 -0.25677866 -1.26722276
v -0.09238690 -0.25124443 -1.28764439
v -0.11104213 -0.25318453 -1.29445899
v -0.12912512 -0.17979562 -0.83049011
v -0.10198809 -0.18838780 -0.82699448
v -0.00733007 -0.15407622 -0.95972866
v 0.01232935 -0.13911667 -0.95320553
v 0.02351760 -0.12030631 -0.86100650
v 0.01842924 -0.04799615 -0.74674243
v -0.00123646 -0.02810043 -0.73677987
v -0.06153253 -0.01471521 -0.67286539
v -0.06957415 -0.19574055 -0.82353485
v -0.07040171 -0.01749250 -0.64397514
v -0.07875715 -0.02201430 -0.61407888
v -0.14632127 -0.06036060 -0.61517870
v -0.15508685 -0.08732006 -0.61419505
v -0.15666825 -0.08465770 -0.64256650
v -0.14619750 -0.05500233 -0.64555562
v -0.15368374 -0.11496852 -0.61225003
v -0.15579253 -0.11475261 -0.63911200
v -0.00937415 -0.12991169 -0.53813845
v -0.17480150 -0.11069599 -0.31139195
v -0.17153326 -0.13589798 -0.27823502
v -0.17301060 -0.13423677 -0.31440419
v -0.17368659 -0.11411524 -0.27567953
v -0.16129154 -0.15474203 -0.31603122
v -0.15858817 -0.15098293 -0.34931779
v -0.08866271 -0.16922228 -0.27396983
v -0.16834876 -0.11933535 -0.23945856
v -0.16589257 -0.13843012 -0.24108505
v -0.15657002 -0.15545648 -0.24178958
v -0.16033785 -0.15600151 -0.27986765
v -0.02988013 -0.01688531 -0.72126830
v -0.01630951 -0.18109788 -0.75018191
v -0.01383260 -0.17850371 -0.78100538
v 0.02223101 -0.12935665 -0.79295242
v 0.02899585 -0.10159491 -0.77855897
v 0.02081099 -0.12196821 -1.02752614
v 0.00331635 -0.13851635 -1.02926517
v -0.00256340 -0.13766915 -1.06919360
v -0.02224288 -0.15028478 -1.07123959
v -0.01953588 -0.15097782 -1.05181956
v 0.00003059 -0.13778701 -1.04880643
v -0.07033923 -0.16208640 -1.07517648
v -0.09658299 -0.15940078 -1.07722807
v -0.09306303 -0.15884556 -1.06027424
v -0.06743468 -0.16258030 -1.05759203
v -0.08959555 -0.16135757 -1.04399920
v -0.11291315 -0.15142915 -1.04752862
v -0.17058393 -0.08355339 -1.08238304
v -0.16321826 -0.10163477 -1.07744670
v -0.16972089 -0.10331057 -1.09632659
v -0.17657557 -0.08486311 -1.10285807
v 0.04072458 -0.05264641 -0.79800725
v -0.01919161 -0.01951127 -0.73492759
v 0.02765395 -0.09860258 -0.71120375
v 0.02497604 -0.13255125 -0.74186260
v 0.00977749 -0.16048439 -0.74572885
v -0.12513530 -0.18480118 -1.21642911
v -0.17138180 -0.17173891 -1.23265028
v -0.17612463 -0.16926374 -1.24195719
v -0.11786070 -0.26609662 -1.25455987
v -0.10049830 -0.26270518 -1.24663389
v -0.08381325 -0.18902798 -1.21030092
v -0.06345072 -0.22205257 -1.27861738
v -0.06041598 -0.20912762 -1.26277912
v -0.05586050 -0.20578198 -1.27788460
v 0.00702720 -0.14686373 -0.85072869
v -0.01099544 -0.17308410 -0.83752197
v 0.00673388 -0.14999001 -0.82796103
v -0.08933479 -0.01072982 -0.74514788
v 0.02889556 -0.07411125 -0.76243258
v -0.08562945 -0.02560364 -0.58469141
v -0.09226693 -0.02861526 -0.55677998
v -0.09909128 -0.03049370 -0.53035313
v -0.10634058 -0.03118860 -0.50345743
v -0.11335634 -0.03342791 -0.47653538
v -0.11850448 -0.04022509 -0.44953865
v -0.11938623 -0.05045526 -0.42249346
v -0.12466028 -0.05596449 -0.39405364
v -0.11860777 -0.05572549 -0.33008933
v -0.13654917 -0.05922430 -0.33242166
v -0.13162118 -0.05791105 -0.36420619
v -0.13993330 -0.06124307 -0.30014050
v -0.14083567 -0.06641473 -0.26732254
v -0.13947943 -0.07537127 -0.23249078
v -0.13475516 -0.09156612 -0.16188586
v -0.13714756 -0.08530134 -0.19715619
v -0.06205154 -0.01085004 -0.74717355
v -0.07488158 -0.01085700 -0.74616176
v -0.05256531 -0.13689643 -1.34839463
v -0.08642188 -0.18121524 -1.22109962
v -0.09261500 -0.17833605 -1.22684169
v -0.07672333 -0.18610075 -1.22571123
v -0.16514286 -0.26492953 -1.21391189
v -0.14966470 -0.27198073 -1.22242403
v -0.10010432 -0.18496634 -1.20785499
v -0.09308846 -0.17156936 -1.24034488
v -0.08324050 -0.17821021 -1.23987401
v -0.04034144 -0.28955293 -1.04433346
v -0.04589496 -0.30185249 -1.04117274
v -0.03196710 -0.29691002 -1.02762079
v -0.02796678 -0.28498790 -1.03028226
v -0.03962968 -0.27612877 -1.04359329
v -0.02850613 -0.27245259 -1.02915680
v -0.07932033 -0.24768640 -1.00258803
v -0.06979101 -0.24570060 -1.01363838
v -0.05764081 -0.24784341 -0.99922514
v -0.06621192 -0.25076202 -0.98889375
v -0.02189133 -0.25898340 -1.01060557
v -0.02897175 -0.25251904 -1.00373924
v -0.03997009 -0.25339252 -1.01834714
v -0.03259894 -0.26146409 -1.02506399
v -0.09301622 -0.27017096 -0.99019110
v -0.09472172 -0.28427160 -0.99140519
v -0.11000419 -0.28101701 -1.00314307
v -0.10736823 -0.26625082 -1.00230944
v -0.11898017 -0.24258709 -1.06386805
v -0.12951306 -0.24305142 -1.05357432
v -0.13351303 -0.24176532 -1.06506407
v -0.12251554 -0.24304636 -1.07545078
v -0.06557554 -0.29792127 -1.07269204
v -0.07458626 -0.30923998 -1.06856215
v -0.06020009 -0.30579570 -1.05498528
v -0.05294411 -0.29386252 -1.05863273
v -0.07154361 -0.25588009 -1.06315386
v -0.08179176 -0.24733175 -1.05411744
v -0.09163070 -0.24879095 -1.06981719
v -0.08264930 -0.25871855 -1.07858181
v -0.07934581 -0.30191082 -1.08711576
v -0.09032328 -0.31135413 -1.08118176
v -0.05051725 -0.25368661 -1.03308845
v -0.06019160 -0.24811400 -1.02412367
v -0.07104291 -0.24705108 -1.03937626
v -0.06097574 -0.25448012 -1.04806554
v -0.06275980 -0.27496883 -0.96796560
v -0.06282973 -0.28698951 -0.96995312
v -0.07891402 -0.28610629 -0.98042625
v -0.07793033 -0.27292755 -0.97870564
v -0.03701510 -0.24999675 -0.99509180
v -0.04510519 -0.25002912 -0.98578900
v -0.04881255 -0.24910048 -1.00948429
v -0.03394678 -0.30755648 -1.00056529
v -0.02509585 -0.30118647 -1.00839365
v -0.04024041 -0.30604163 -1.02157736
v -0.05036626 -0.31182688 -1.01314545
v -0.10259795 -0.24276505 -1.03313804
v -0.09222674 -0.24242093 -1.04391778
v -0.08141273 -0.24384615 -1.02853656
v -0.09142760 -0.24518813 -1.01749611
v -0.06215083 -0.28298661 -1.07320666
v -0.05087370 -0.27931201 -1.05828226
v -0.06688830 -0.31535012 -1.02537191
v -0.05568876 -0.31063411 -1.03488708
v -0.07141969 -0.31373578 -1.04797792
v -0.08397959 -0.31761891 -1.03798509
v -0.11237210 -0.31477326 -1.03905678
v -0.12025009 -0.30428803 -1.02920580
v -0.10341868 -0.30666706 -1.01748753
v -0.09508371 -0.31522569 -1.02737343
v -0.11207129 -0.24205342 -1.04924309
v -0.12282005 -0.24531008 -1.03853357
v -0.12079981 -0.26144138 -1.01603317
v -0.12509550 -0.27681607 -1.01599693
v -0.13873717 -0.27149695 -1.02936280
v -0.13273197 -0.25613511 -1.03062451
v -0.09356306 -0.27910897 -1.11031020
v -0.09642813 -0.29314980 -1.11249912
v -0.08706414 -0.29186982 -1.10180140
v -0.08611234 -0.27671903 -1.09938252
v -0.09425452 -0.30480310 -1.09911346
v -0.10747302 -0.30582482 -1.10968328
v -0.13656843 -0.30827662 -1.12238276
v -0.14912699 -0.30782783 -1.11649537
v -0.14372259 -0.30999291 -1.10792446
v -0.13017362 -0.31026286 -1.11381781
v -0.14825749 -0.31082231 -1.06113017
v -0.15498009 -0.29627469 -1.05245233
v -0.13750342 -0.30090034 -1.04081857
v -0.13022661 -0.31353858 -1.05014181
v -0.16762766 -0.27396798 -1.05622709
v -0.15911582 -0.25918430 -1.05308974
v -0.15088181 -0.26529020 -1.04225969
v -0.15585880 -0.28116924 -1.04563177
v -0.17418961 -0.24572384 -1.09577799
v -0.16287109 -0.23652558 -1.09352732
v -0.16405755 -0.24175659 -1.08244288
v -0.17449641 -0.25246376 -1.08369255
v -0.13300428 -0.23101099 -1.09846711
v -0.11985365 -0.23589583 -1.10391223
v -0.12304960 -0.23908810 -1.09578860
v -0.13568228 -0.23471183 -1.08948112
v -0.10493343 -0.28422159 -1.13772547
v -0.11747980 -0.29476136 -1.14434516
v -0.11484475 -0.29625964 -1.13614488
v -0.10451639 -0.28363818 -1.13083768
v -0.16308379 -0.30731457 -1.07067573
v -0.17126055 -0.28976509 -1.06375599
v -0.13649634 -0.23746806 -1.08234847
v -0.12489006 -0.24069692 -1.08989418
v -0.12416314 -0.24234109 -1.08327353
v -0.13541819 -0.23984355 -1.07425070
v -0.17953208 -0.01128122 -1.30778337
v -0.17601269 -0.01134030 -1.32229221
v -0.10879767 -0.25920039 -1.10719800
v -0.10274117 -0.26929408 -1.11558557
v -0.10124494 -0.26879209 -1.10924876
v -0.10804977 -0.25754356 -1.10063517
v -0.10202922 -0.28319231 -1.12395310
v -0.10970682 -0.29597586 -1.12847090
v -0.10435155 -0.29544145 -1.11964190
v -0.09871507 -0.28205457 -1.11635017
v -0.16735414 -0.30474988 -1.09390962
v -0.17644233 -0.29909608 -1.08506989
v 0.07708036 -0.02371434 -0.94880539
v 0.07570820 -0.02380429 -0.96149939
v -0.17120850 -0.30422625 -1.07876682
v -0.16149697 -0.30968764 -1.08822215
v -0.17191602 -0.26650617 -1.06550407
v -0.16283411 -0.25324321 -1.06319642
v -0.17811430 -0.00786465 -0.95351839
v -0.16863927 -0.00841311 -0.97111815
v -0.10674690 -0.25747696 -1.09197009
v -0.11307301 -0.24750490 -1.08455658
v -0.11513716 -0.24847567 -1.09186053
v -0.11600679 -0.30541524 -1.11858118
v -0.18194753 -0.25652570 -1.09923124
v -0.18583854 -0.26798591 -1.10463727
v -0.18594770 -0.25917575 -1.11883354
v -0.18077639 -0.24778979 -1.11281908
v -0.17112787 -0.23797622 -1.10971999
v -0.15897210 -0.22995381 -1.10855007
v -0.12819055 -0.22496767 -1.11226201
v -0.11435293 -0.22964706 -1.11734629
v -0.10285544 -0.23934361 -1.12435126
v -0.09583905 -0.25245166 -1.13354349
v -0.10208838 -0.25962162 -1.11966395
v -0.10923305 -0.24590212 -1.11097050
v -0.11614807 -0.28951260 -1.16080308
v -0.10285686 -0.27902883 -1.15455079
v -0.13172938 -0.29483205 -1.16036248
v -0.13115898 -0.29997227 -1.14446115
v -0.15012862 -0.23938338 -1.07580614
v 0.06537236 -0.02155666 -0.86626595
v 0.05944138 -0.02027211 -0.84307170
v -0.14987692 -0.23539254 -1.08442426
v -0.07803636 -0.31443033 -1.01522267
v -0.08653880 -0.30733910 -1.00592124
v -0.06950110 -0.30655605 -0.99450302
v -0.06066443 -0.31219527 -1.00346446
v -0.05909628 -0.29713032 -0.97589135
v -0.07576181 -0.29768053 -0.98658204
v -0.04309215 -0.26347411 -1.03977561
v -0.05369458 -0.26597041 -1.05472255
v -0.01693411 -0.26845223 -1.01545990
v -0.09871742 -0.26709452 -1.10061550
v -0.09279990 -0.26352781 -1.09116948
v -0.16087772 -0.30446923 -1.10907352
v -0.15367734 -0.30523244 -1.12519801
v -0.16498601 -0.30166072 -1.11790323
v -0.13595486 -0.31772211 -1.07300949
v -0.12029730 -0.31555569 -1.08542287
v -0.13811603 -0.31333625 -1.09603679
v -0.15123807 -0.31466249 -1.08193541
v -0.17940418 -0.29290023 -1.09176397
v -0.17126638 -0.29996291 -1.10082078
v -0.17469698 -0.29524246 -1.10968578
v -0.18193048 -0.28653184 -1.10090458
v -0.10239437 -0.27014917 -1.12112749
v -0.10025771 -0.27140123 -1.12855995
v -0.15714568 -0.30103216 -1.13594663
v -0.14446440 -0.30195999 -1.14078808
v -0.14716277 -0.29665896 -1.15558755
v -0.16070738 -0.29445496 -1.15101027
v -0.14101073 -0.30544055 -1.13090682
v -0.16878910 -0.29696083 -1.12933123
v -0.17192133 -0.28943801 -1.14465678
v -0.09584986 -0.26634824 -1.14453435
v -0.18409532 -0.27925858 -1.11287034
v -0.17775065 -0.28937790 -1.12162459
v -0.18004185 -0.28117171 -1.13665915
v -0.18519625 -0.27063575 -1.12754905
v -0.09217259 -0.29703319 -0.99778283
v -0.10831109 -0.29469806 -1.00938010
v -0.14706102 -0.24706778 -1.05602074
v -0.14196657 -0.25074837 -1.04436982
v -0.14929785 -0.24367350 -1.06620896
v -0.08763365 -0.25652325 -0.99386340
v -0.07362425 -0.25992063 -0.98114270
v -0.11275685 -0.24887407 -1.02238023
v -0.10072638 -0.25271267 -1.00744855
v -0.10104558 -0.31890228 -1.05012727
v -0.17886600 -0.27139500 -1.07748842
v -0.17341608 -0.25945053 -1.07343841
v -0.17708012 -0.27872935 -1.07040489
v -0.14376262 -0.22560433 -1.10988855
v -0.14796072 -0.23116910 -1.09439409
v -0.17614944 -0.29499018 -1.07317579
v -0.13851902 -0.21711165 -1.12885594
v -0.12152201 -0.31189689 -1.10453248
v -0.12240538 -0.30440617 -1.12706792
v -0.12782429 -0.30247396 -1.13502407
v -0.01819213 -0.29196173 -1.01431274
v -0.06433456 -0.26834193 -1.06967151
v -0.10141347 -0.25314406 -1.08290219
v -0.10983946 -0.24605572 -1.07347882
v -0.18189752 -0.28279650 -1.08326423
v -0.18419217 -0.27570748 -1.09229589
v -0.18103990 -0.26432049 -1.08688653
v -0.10619819 -0.26068252 -1.11206341
v -0.11328015 -0.24831477 -1.10346866
v -0.05935008 -0.26274991 -0.96989799
v -0.11571679 -0.24830256 -1.09808946
v -0.10632867 -0.31198490 -1.09394872
v -0.17860132 -0.03085981 -1.32499659
v -0.05239080 -0.17209625 -1.14489627
v -0.00359686 -0.13715713 -1.12372112
v -0.02023438 -0.15002526 -1.12516046
v -0.07703877 -0.18360654 -1.20345390
v -0.08163443 -0.18262729 -1.21377671
v -0.09894502 -0.17680626 -1.23330021
v -0.10768422 -0.17209019 -1.23467159
v -0.04596868 -0.17990373 -1.18177605
v 0.07240335 -0.03609151 -0.98618567
v -0.16507480 -0.05829478 -0.98588550
v -0.16287342 -0.03440030 -0.98679769
v -0.17121950 -0.03619104 -0.96891594
v -0.17152444 -0.06191957 -0.96773255
v -0.18033907 -0.03860111 -0.95004427
v -0.13653922 -0.17429177 -0.91384423
v -0.13293117 -0.16916691 -0.93567896
v -0.15439698 -0.15267044 -0.93444389
v -0.15971261 -0.15681705 -0.91213322
v -0.10696656 -0.17606504 -0.95150298
v -0.13037027 -0.16378541 -0.95385212
v -0.10750274 -0.18086445 -0.93432236
v -0.08025292 -0.18625383 -0.92917359
v -0.08026493 -0.18192019 -0.94707716
v -0.05368848 -0.18444754 -0.92097384
v -0.05342760 -0.18052052 -0.94009221
v -0.02927784 -0.17672795 -0.91165066
v -0.00753929 -0.16320883 -0.90266579
v 0.00860205 -0.14564002 -0.87248969
v 0.02665280 -0.12314337 -0.88514292
v 0.01096977 -0.14446037 -0.89376366
v 0.05192596 -0.07914257 -0.87230480
v 0.04109097 -0.10121053 -0.87750649
v 0.06346650 -0.03912649 -0.86741889
v 0.05917487 -0.05852635 -0.86926591
v -0.03589870 -0.13092621 -1.32870162
v -0.13890821 -0.12561421 -1.39103448
v -0.11810841 -0.13554652 -1.39372575
v -0.13708729 -0.11097798 -1.39715660
v -0.18151496 -0.13869958 -1.33274949
v -0.17039056 -0.14477386 -1.35080659
v -0.17937961 -0.12186529 -1.34831333
v -0.18735749 -0.11718361 -1.33146143
v -0.15052179 -0.09798235 -1.39075351
v -0.14899345 -0.08964154 -1.39420044
v -0.15440299 -0.10955916 -1.38541198
v -0.16880605 -0.07266946 -1.37368500
v -0.16555905 -0.08899638 -1.37841475
v -0.11691011 -0.18371393 -1.37322736
v -0.13966884 -0.17906883 -1.36207378
v -0.13425979 -0.19024165 -1.35780251
v -0.11209020 -0.19593976 -1.36844754
v -0.17757055 -0.16626847 -1.31329024
v -0.18286964 -0.16173060 -1.29796958
v -0.17912218 -0.17433463 -1.29785097
v -0.17321759 -0.17805170 -1.31291294
v -0.09562548 -0.22865038 -1.33672154
v -0.11734155 -0.22550693 -1.33738911
v -0.11356190 -0.23607403 -1.32573640
v -0.09299581 -0.23738125 -1.32241142
v -0.16384844 -0.18115413 -1.32863605
v -0.20178047 -0.09593566 -1.21835494
v -0.19624275 -0.13172896 -1.23597646
v -0.20051739 -0.11535802 -1.22569633
v -0.17972314 -0.16796830 -1.25141048
v -0.18371022 -0.15811273 -1.24871969
v -0.18005331 -0.16133468 -1.23728859
v -0.17339295 -0.18573473 -1.25677598
v -0.17644811 -0.17751701 -1.25325966
v -0.05679374 -0.19563848 -1.26126945
v -0.04930783 -0.19362950 -1.27176523
v -0.05180824 -0.20176466 -1.29148936
v -0.16554338 -0.19017126 -1.24985301
v -0.16670650 -0.19292280 -1.25068903
v -0.16841519 -0.19643427 -1.25503790
v -0.16749601 -0.19183311 -1.25430429
v -0.12028516 -0.17182980 -1.37806606
v -0.13500874 -0.22005686 -1.33078158
v -0.14762431 -0.21686168 -1.32201135
v -0.14399217 -0.22860608 -1.31522202
v -0.13118863 -0.23178031 -1.32210040
v -0.15925851 -0.21273273 -1.31210017
v -0.16697308 -0.20945960 -1.30126870
v -0.16409466 -0.22048853 -1.29836679
v -0.15591297 -0.22413214 -1.30763602
v -0.16980925 -0.20071341 -1.26010311
v -0.16882777 -0.19331820 -1.26026559
v -0.07381753 -0.23632042 -1.29415274
v -0.08089040 -0.20676468 -1.35833001
v -0.05884681 -0.19852993 -1.34259868
v -0.06266896 -0.18917988 -1.35404682
v -0.08661100 -0.19628412 -1.36832750
v -0.13047227 -0.18157457 -1.22698760
v -0.11690611 -0.17983019 -1.22960401
v -0.14311701 -0.18278104 -1.22508526
v -0.15754534 -0.18696353 -1.23905361
v -0.15371659 -0.18673587 -1.22562850
v -0.07081489 -0.18587171 -1.23900676
v -0.06274046 -0.19697504 -1.24847913
v -0.04849993 -0.18815140 -1.31875288
v -0.04932294 -0.18071407 -1.33023679
v -0.09145950 -0.24514069 -1.30570364
v -0.11126938 -0.24563113 -1.31098354
v -0.17190205 -0.20216878 -1.24647379
v -0.17605895 -0.21050768 -1.24241328
v -0.17320180 -0.20595869 -1.25119507
v -0.16338319 -0.18197609 -1.23493516
v -0.16244619 -0.18785159 -1.24541640
v -0.10584770 -0.20797776 -1.36153805
v -0.12893191 -0.24272791 -1.31000948
v -0.14231682 -0.23858024 -1.30561924
v -0.16286322 -0.20162803 -1.31344450
v -0.15183991 -0.20477566 -1.32550812
v -0.15761390 -0.19317068 -1.32746601
v -0.16820556 -0.19001721 -1.31344986
v -0.16201164 -0.23067789 -1.29248571
v -0.16804844 -0.22606470 -1.28259814
v -0.17073196 -0.19795130 -1.30112398
v -0.17514792 -0.18624844 -1.29936290
v -0.17386740 -0.21029998 -1.25703967
v -0.05155240 -0.17264874 -1.33916354
v -0.04114287 -0.16681714 -1.31621528
v -0.04082511 -0.15776740 -1.32217455
v -0.04115631 -0.18175077 -1.29589784
v -0.04098320 -0.17474279 -1.30716324
v -0.04302101 -0.18849170 -1.28280079
v -0.03876183 -0.14597952 -1.32586634
v -0.17977718 -0.28967893 -1.07704425
v -0.17795581 -0.21983321 -1.23722529
v -0.17571424 -0.20639122 -1.23664987
v -0.17848882 -0.21698520 -1.23038220
v -0.17452878 -0.25635338 -1.20698464
v -0.15636423 -0.30757946 -1.10194910
v -0.15240040 -0.31066397 -1.09543419
v -0.11828232 -0.31894037 -1.06168008
v -0.08747041 -0.31607804 -1.06083691
v -0.10371730 -0.31667978 -1.07287097
v -0.07414387 -0.28759426 -1.08823502
v -0.07539337 -0.27204612 -1.08545077
v -0.10179698 -0.24340656 -1.05950451
v -0.14041051 -0.28687677 -1.03360724
v 0.01063818 -0.27009964 -0.99120635
v 0.00999396 -0.28165048 -0.98953730
v 0.02433305 -0.27601874 -0.97697544
v 0.02373865 -0.26473096 -0.97741544
v 0.03128974 -0.25184771 -0.96081018
v 0.01951306 -0.25571001 -0.97438687
v 0.03695141 -0.25950068 -0.96411079
v 0.02445948 -0.24800518 -0.95597452
v 0.01317454 -0.25091735 -0.96932489
v 0.01724336 -0.24815170 -0.94984692
v 0.01062953 -0.25028658 -0.94319779
v -0.00043777 -0.25087205 -0.95561260
v 0.00611794 -0.24959810 -0.96273494
v -0.00653053 -0.25437835 -0.94845247
v -0.01220707 -0.25988221 -0.94199115
v -0.02596980 -0.25781646 -0.95297968
v -0.01940969 -0.25324905 -0.96064806
v -0.00206940 -0.27879179 -0.92850029
v 0.00075234 -0.28685895 -0.93129748
v -0.01453155 -0.28747508 -0.94052547
v -0.01710510 -0.27844161 -0.93750161
v -0.01829841 -0.30033776 -0.96251404
v -0.02556778 -0.29533073 -0.95574379
v -0.00875771 -0.29431382 -0.94579434
v -0.00179010 -0.29880723 -0.95232856
v 0.01357361 -0.29793453 -0.94212836
v 0.02134427 -0.29587653 -0.94877934
v 0.00612683 -0.29822668 -0.95895404
v -0.01539497 -0.28020209 -1.01684606
v -0.00244401 -0.27521199 -1.00426912
v -0.00488181 -0.26412117 -1.00201428
v -0.01740283 -0.25132731 -0.98974895
v -0.01044470 -0.25595105 -0.99676931
v 0.00131248 -0.25330624 -0.98292708
v -0.00569083 -0.25027388 -0.97612298
v -0.05300348 -0.25361690 -0.97618037
v -0.03234230 -0.25199822 -0.97308993
v -0.03947612 -0.25602099 -0.96445262
v -0.01257065 -0.25091040 -0.96876669
v -0.02486118 -0.25056705 -0.98168290
v -0.03066650 -0.26647341 -0.94817543
v -0.01607575 -0.26848483 -0.93792272
v 0.00522023 -0.29102325 -0.98398769
v -0.00170162 -0.29778546 -0.97725677
v 0.01390938 -0.29323399 -0.96565628
v 0.02060390 -0.28621203 -0.97239113
v -0.04487096 -0.26461864 -0.95891488
v -0.01763258 -0.30255601 -0.98860836
v -0.00999835 -0.29609868 -0.99606848
v -0.01000924 -0.30150291 -0.96959853
v -0.02646663 -0.30500671 -0.98048234
v 0.03505875 -0.28157941 -0.96054476
v 0.03840359 -0.27074039 -0.96465087
v -0.00431201 -0.28679088 -1.00186372
v -0.03242839 -0.27734706 -0.94700360
v -0.03066653 -0.28754973 -0.95000482
v -0.04666422 -0.28739318 -0.95973283
v -0.04749398 -0.27603799 -0.95724273
v -0.05241895 -0.30480608 -0.98359025
v -0.04233119 -0.29610610 -0.96569765
v -0.03531267 -0.30257282 -0.97293013
v 0.00642266 -0.29343325 -0.93583798
v -0.04339757 -0.30872801 -0.99160528
v 0.05837761 -0.23446132 -0.88596892
v 0.06761353 -0.23547797 -0.88109183
v 0.06348201 -0.24234925 -0.88389111
v 0.05617813 -0.24163507 -0.89169872
v 0.04200382 -0.21632448 -0.90431368
v 0.04845885 -0.21145238 -0.89513612
v 0.04786168 -0.21787079 -0.88671887
v 0.04183699 -0.22362766 -0.89588213
v 0.06186589 -0.22812003 -0.88096070
v 0.07236894 -0.23024681 -0.87875402
v 0.08230095 -0.23174137 -0.87753379
v 0.07550352 -0.22719584 -0.88125807
v 0.08752554 -0.23216186 -0.88169229
v 0.09137183 -0.23845664 -0.89111716
v 0.09941823 -0.24274559 -0.88202798
v 0.09504464 -0.23504730 -0.87824321
v 0.08408429 -0.26517722 -0.89356077
v 0.07716653 -0.27360740 -0.89119661
v 0.08610833 -0.27372828 -0.87827522
v 0.09249019 -0.26416165 -0.88065779
v 0.06816911 -0.28422204 -0.87486821
v 0.07758353 -0.27874500 -0.87572217
v 0.06984120 -0.27896139 -0.88937354
v 0.06193874 -0.28379211 -0.88780236
v 0.05261093 -0.24925183 -0.89302111
v 0.05863274 -0.24902034 -0.88498235
v 0.05481362 -0.25314388 -0.88343453
v 0.04852394 -0.25372452 -0.89146650
v 0.08108190 -0.22778374 -0.88663572
v 0.07418635 -0.21948190 -0.87894726
v 0.07669193 -0.21849431 -0.88287878
v 0.08090099 -0.22666511 -0.89324868
v 0.02269487 -0.25350168 -0.91362405
v 0.02657492 -0.25333798 -0.90362453
v 0.02280124 -0.25777540 -0.89889657
v 0.01753169 -0.25858927 -0.90936935
v 0.03217642 -0.23852617 -0.92368031
v 0.03874279 -0.23697230 -0.93569195
v 0.04313212 -0.22995700 -0.93069804
v 0.03472486 -0.23066764 -0.91942877
v 0.04687265 -0.22174171 -0.92254841
v 0.05011069 -0.21468593 -0.91266769
v 0.03795936 -0.22268060 -0.91225070
v 0.05516753 -0.21066059 -0.90127361
v 0.01624765 -0.26895514 -0.89843905
v 0.01413603 -0.26921910 -0.90746474
v 0.09436721 -0.22782084 -0.83880460
v 0.09838729 -0.22433516 -0.84107435
v 0.09897584 -0.22295119 -0.83670425
v 0.09498008 -0.22607155 -0.83444095
v 0.02628390 -0.29047659 -0.91542935
v 0.01972409 -0.28531525 -0.91110599
v 0.02316031 -0.28618681 -0.90597147
v 0.03060822 -0.28994375 -0.91056609
v 0.02705734 -0.28753942 -0.89863193
v 0.03592376 -0.29018047 -0.90398252
v 0.10860337 -0.22523703 -0.83986527
v 0.11107706 -0.22854696 -0.83786035
v 0.11081509 -0.22525887 -0.83278859
v 0.10831638 -0.22231852 -0.83503115
v 0.07041834 -0.24121730 -0.87684739
v 0.07575469 -0.23457858 -0.87575686
v 0.08317062 -0.23352595 -0.87139952
v 0.08919702 -0.23312348 -0.86751544
v 0.08581490 -0.23625442 -0.86354399
v 0.07800748 -0.23949559 -0.86859477
v 0.06431919 -0.25019976 -0.87496424
v 0.07027803 -0.24909496 -0.86620796
v 0.06439091 -0.25483230 -0.86682427
v 0.05833668 -0.25555086 -0.87485445
v 0.04945215 -0.26622909 -0.86170006
v 0.04436927 -0.26526535 -0.86780858
v 0.04872831 -0.26218206 -0.87080491
v 0.05482863 -0.26258460 -0.86373216
v 0.07264914 -0.26357603 -0.84593534
v 0.06666658 -0.26327777 -0.85154128
v 0.07045465 -0.25963277 -0.85259223
v 0.07584319 -0.25965559 -0.84747785
v 0.02235266 -0.29152909 -0.92052889
v 0.01612972 -0.28590086 -0.91621447
v 0.04261915 -0.29082289 -0.85978615
v 0.05304971 -0.29301822 -0.86172986
v 0.04972625 -0.29125762 -0.87152028
v 0.04011034 -0.29059279 -0.87004054
v 0.03963882 -0.29013655 -0.91522741
v 0.03508251 -0.29139215 -0.92032158
v 0.11151596 -0.23304985 -0.83485222
v 0.11065460 -0.22959100 -0.82929337
v 0.06167667 -0.22083463 -0.91942966
v 0.06473421 -0.21382445 -0.90588439
v 0.05740033 -0.22967765 -0.93049741
v 0.04821966 -0.24236199 -0.94197309
v 0.05273163 -0.23718520 -0.93670309
v 0.07840440 -0.24285175 -0.86316431
v 0.06438036 -0.24734172 -0.87916607
v 0.05132584 -0.25595266 -0.88239908
v 0.03206121 -0.26436254 -0.87682700
v 0.03522696 -0.26655293 -0.87118030
v 0.03006302 -0.27157423 -0.87010157
v 0.02570750 -0.27163300 -0.87594998
v 0.03599023 -0.27836576 -0.85827649
v 0.03649357 -0.28549755 -0.85839736
v 0.03313850 -0.28517237 -0.86645311
v 0.03232067 -0.27822548 -0.86413020
v 0.07823194 -0.21548128 -0.88659889
v 0.07940880 -0.22323185 -0.89843321
v 0.01508870 -0.27785710 -0.90804899
v 0.01752242 -0.27912542 -0.90143955
v 0.01284525 -0.27831808 -0.91487288
v 0.03245356 -0.24574667 -0.90890181
v 0.04088098 -0.25165531 -0.90002954
v 0.03747304 -0.25420752 -0.89802194
v 0.02945510 -0.25040969 -0.90710258
v 0.04669297 -0.23791966 -0.89711070
v 0.03798071 -0.23084383 -0.90331620
v 0.04906367 -0.23097171 -0.88966787
v 0.02715104 -0.24800451 -0.91812813
v 0.02493937 -0.24886474 -0.92665470
v 0.01999283 -0.25530350 -0.92188859
v 0.01490694 -0.26198626 -0.91760623
v 0.01243454 -0.27070752 -0.91500485
v 0.01939117 -0.24935508 -0.93371344
v 0.01472197 -0.25531438 -0.92846799
v 0.01050141 -0.26278418 -0.92392993
v 0.00800124 -0.27101004 -0.92109299
v 0.03077858 -0.29341993 -0.92662412
v 0.02423206 -0.29604551 -0.93364275
v 0.01619300 -0.29294863 -0.92708123
v 0.03082767 -0.24297781 -0.93141377
v 0.02602790 -0.24598135 -0.93940741
v 0.03392981 -0.24380112 -0.94557238
v 0.04151174 -0.24830084 -0.95015442
v 0.06062824 -0.21566863 -0.87336010
v 0.05766135 -0.21970773 -0.87767732
v 0.05314431 -0.21397263 -0.88167286
v 0.05660845 -0.20983131 -0.87662607
v 0.09436069 -0.23265788 -0.87022400
v 0.08922517 -0.23252092 -0.87485254
v 0.10026550 -0.23577559 -0.87213922
v 0.02492943 -0.26093724 -0.88981104
v 0.01911371 -0.27021337 -0.88963306
v 0.08445358 -0.24025783 -0.85980707
v 0.10546783 -0.23146783 -0.85806406
v 0.10967758 -0.23624717 -0.85652661
v 0.11123749 -0.23148727 -0.84440327
v 0.10783016 -0.22750375 -0.84641743
v 0.08942185 -0.23749717 -0.85107702
v 0.09163938 -0.24284779 -0.84781468
v 0.08944073 -0.24450897 -0.85315239
v 0.08818927 -0.23934485 -0.85641414
v 0.06579918 -0.26727083 -0.84536374
v 0.06080029 -0.26690698 -0.85048509
v 0.10533018 -0.25337523 -0.87282211
v 0.09839913 -0.25433195 -0.88377631
v 0.09787933 -0.26072249 -0.86656797
v 0.06081391 -0.26286578 -0.85714960
v 0.05933717 -0.25912273 -0.86551446
v 0.06472307 -0.25923318 -0.85844481
v 0.08063149 -0.24814260 -0.85648400
v 0.07497040 -0.24856934 -0.86036861
v 0.07926586 -0.24468756 -0.85995972
v 0.08395747 -0.24409567 -0.85729647
v 0.03589603 -0.29025367 -0.88053632
v 0.02736611 -0.28347641 -0.87525892
v 0.10370388 -0.22346963 -0.84134817
v 0.10370789 -0.22167988 -0.83698356
v 0.01066066 -0.28613889 -0.92254514
v 0.00810956 -0.27858758 -0.92022812
v 0.05345334 -0.25911877 -0.87355769
v 0.08996541 -0.25397003 -0.89499378
v 0.04712569 -0.25845650 -0.88063443
v 0.06424496 -0.27778703 -0.84395450
v 0.06987721 -0.28135431 -0.84464002
v 0.06710290 -0.28424782 -0.85264111
v 0.06012177 -0.28079239 -0.84950775
v 0.09418914 -0.23240505 -0.83579332
v 0.09709591 -0.23658268 -0.83279753
v 0.09568346 -0.23928322 -0.83860767
v 0.09282737 -0.23436216 -0.84088397
v 0.09408139 -0.22983348 -0.85684067
v 0.09057409 -0.23297769 -0.85408974
v 0.08868264 -0.23552409 -0.85990131
v 0.09192952 -0.23261152 -0.86289167
v 0.09709456 -0.23213737 -0.86511195
v 0.09972004 -0.22961818 -0.85808086
v 0.10491555 -0.24731147 -0.84972638
v 0.09797462 -0.24692081 -0.84678376
v 0.10097412 -0.24253571 -0.83661145
v 0.10755434 -0.24103755 -0.83787656
v 0.05637551 -0.28437635 -0.90023208
v 0.04864688 -0.28846318 -0.89745325
v 0.05358435 -0.28808627 -0.88526237
v 0.05862875 -0.28795248 -0.87257910
v 0.06257514 -0.28775865 -0.86062658
v 0.07422636 -0.28539160 -0.86289757
v 0.04584538 -0.29047298 -0.88324594
v 0.09701558 -0.25925645 -0.85608995
v 0.09417785 -0.25414959 -0.85470617
v 0.10148323 -0.25273409 -0.85792565
v 0.04127228 -0.26193407 -0.87787133
v 0.10258361 -0.22545572 -0.84717160
v 0.06087963 -0.25989509 -0.93803763
v 0.05795843 -0.27261418 -0.93487668
v 0.06306212 -0.27146980 -0.92709559
v 0.06615823 -0.25609308 -0.93152457
v 0.09340387 -0.22931086 -0.84366024
v 0.09681440 -0.22578898 -0.84617329
v 0.06094669 -0.27410433 -0.84181201
v 0.05547153 -0.27356926 -0.84595817
v 0.05630054 -0.27024278 -0.84846079
v 0.06180205 -0.27039975 -0.84358859
v 0.04129080 -0.29062209 -0.89495337
v 0.05299775 -0.29214716 -0.85417420
v 0.04260768 -0.28846091 -0.85079145
v 0.04813866 -0.28637150 -0.91946799
v 0.04404708 -0.28932154 -0.90792710
v 0.05175813 -0.28548682 -0.91118991
v 0.08399703 -0.27646604 -0.86112642
v 0.06339314 -0.27997610 -0.90179336
v 0.05816485 -0.28105891 -0.91348267
v 0.05471101 -0.28125092 -0.92348284
v 0.05123293 -0.28187880 -0.93054473
v 0.04438598 -0.28746173 -0.92603260
v 0.10766109 -0.23775238 -0.83158469
v 0.11138353 -0.23670888 -0.84162593
v 0.03967001 -0.28923047 -0.93307114
v 0.03234286 -0.29254669 -0.94056404
v 0.04659406 -0.28340805 -0.93758768
v 0.03917619 -0.28623763 -0.94557726
v 0.06467020 -0.27516121 -0.91531301
v 0.07047581 -0.26690170 -0.91767108
v 0.06998716 -0.27457783 -0.90385938
v 0.07663911 -0.26648396 -0.90548432
v 0.09401833 -0.27280641 -0.86561352
v 0.09695571 -0.23330268 -0.82772601
v 0.09654687 -0.22861195 -0.81999195
v 0.10115262 -0.22926766 -0.81901610
v 0.10140999 -0.23442031 -0.82576478
v 0.10160645 -0.23868686 -0.83106351
v 0.10563738 -0.23336872 -0.82652730
v 0.08286104 -0.25383168 -0.90694356
v 0.08672225 -0.24860491 -0.85282922
v 0.07493291 -0.24950162 -0.92018545
v 0.08667996 -0.23883690 -0.90257597
v 0.08086131 -0.23418514 -0.91045642
v 0.06472992 -0.24074814 -0.93398696
v 0.07124407 -0.23133720 -0.92391205
v 0.05398566 -0.25122774 -0.94427586
v 0.05878188 -0.24729292 -0.93898493
v 0.04671270 -0.25554329 -0.95272827
v 0.07362821 -0.22158712 -0.91016865
v 0.09787162 -0.21947187 -0.83090091
v 0.09458285 -0.22300184 -0.82838809
v 0.04868576 -0.26631975 -0.95278943
v 0.05593577 -0.26236099 -0.94384229
v 0.05329821 -0.22451022 -0.88197744
v 0.04129256 -0.25770912 -0.88795817
v 0.03621359 -0.25965241 -0.88546824
v 0.02879335 -0.26278120 -0.88270700
v 0.02217592 -0.27125725 -0.88180816
v 0.04547016 -0.27793142 -0.95037973
v 0.00547993 -0.25521824 -0.93699217
v 0.00117139 -0.26218432 -0.93197429
v 0.02849551 -0.28936121 -0.95477390
v 0.10274369 -0.21795231 -0.83045226
v 0.07975519 -0.26341939 -0.84498048
v 0.07895247 -0.26629722 -0.84468377
v 0.05322414 -0.20894873 -0.88786632
v 0.05764830 -0.20510289 -0.88208437
v 0.05909386 -0.20699178 -0.89353347
v 0.06778704 -0.20860830 -0.89694786
v 0.07042592 -0.20409849 -0.88799787
v 0.06303639 -0.20307942 -0.88579762
v 0.03438364 -0.25566712 -0.89530164
v 0.03057723 -0.25780433 -0.89207911
v 0.02329320 -0.28288051 -0.88453853
v 0.03145713 -0.28963774 -0.89005953
v 0.10304262 -0.23462914 -0.86606139
v 0.10518301 -0.24272439 -0.87300795
v 0.10683569 -0.24013191 -0.86548698
v 0.10948143 -0.24292240 -0.85421145
v 0.09498792 -0.24939013 -0.85234946
v 0.09224271 -0.25019485 -0.85281634
v 0.03527874 -0.23917709 -0.90731484
v 0.04444426 -0.24589884 -0.90013987
v 0.06489354 -0.22313237 -0.87812555
v 0.06756552 -0.21982481 -0.87477160
v 0.06958932 -0.25407842 -0.86001348
v 0.08908338 -0.27013600 -0.85074961
v 0.09606799 -0.26799124 -0.85544616
v 0.07522208 -0.25411314 -0.85465539
v 0.10969856 -0.22016281 -0.82554817
v 0.10678386 -0.21794163 -0.82850969
v 0.10717476 -0.24794783 -0.86339754
v 0.05507075 -0.26649454 -0.85560524
v 0.08231331 -0.27445629 -0.85065567
v 0.08437070 -0.26754361 -0.84638619
v 0.03835864 -0.28332928 -0.85331178
v 0.05306116 -0.27436224 -0.94142663
v 0.09412327 -0.22632697 -0.82442123
v 0.09447791 -0.23001836 -0.83119571
v 0.10505589 -0.22757867 -0.81954467
v 0.10903271 -0.22471891 -0.82278025
v 0.02027690 -0.28112304 -0.89335287
v 0.04494818 -0.25602955 -0.88995117
v -0.00176241 -0.27049935 -0.92889035
v 0.07681399 -0.20917940 -0.88841474
v 0.07417119 -0.21554950 -0.89879751
v 0.08034677 -0.25438893 -0.85100126
v 0.05850607 -0.28661203 -0.85257643
v 0.07846475 -0.28095505 -0.84515882
v 0.08337701 -0.27515727 -0.84478509
v 0.07620860 -0.28340238 -0.85365748
v 0.08238208 -0.26992822 -0.84340847
v 0.10374660 -0.22348711 -0.81448412
v 0.10723702 -0.22059073 -0.81747484
v 0.10799894 -0.21641657 -0.82072473
v 0.10515601 -0.21494265 -0.82416177
v 0.10109017 -0.21532719 -0.82658625
v 0.09949491 -0.22490402 -0.81371510
v 0.09570033 -0.22491807 -0.81492567
v 0.09295750 -0.22372994 -0.82031178
v 0.09838589 -0.22145458 -0.80962074
v 0.10271396 -0.21892038 -0.80918837
v 0.10555718 -0.21107130 -0.81128705
v 0.10427297 -0.20837429 -0.80888855
v 0.10361385 -0.20716779 -0.81232691
v 0.10636622 -0.21168333 -0.81518602
v 0.10111601 -0.20436426 -0.80846167
v 0.10251252 -0.20550607 -0.80551493
v 0.10560959 -0.21398868 -0.81001508
v 0.10408594 -0.21124987 -0.80615139
v 0.09995124 -0.21101116 -0.80125999
v 0.10233495 -0.20825134 -0.80229163
v 0.10146747 -0.21386746 -0.80487740
v 0.10329414 -0.21575296 -0.80778003
v 0.10654401 -0.21642213 -0.81266153
v 0.10067869 -0.20564330 -0.79940212
v 0.09745433 -0.20445919 -0.79990250
v 0.09913855 -0.20293641 -0.80432963
v 0.10127781 -0.20390885 -0.80285311
v 0.10355992 -0.21146084 -0.82006669
v 0.10091112 -0.20728029 -0.81500399
v 0.09827667 -0.20470367 -0.81064600
v 0.09617003 -0.20338523 -0.80626744
v 0.09514926 -0.20573191 -0.81135219
v 0.09705912 -0.20815103 -0.81644368
v 0.09373134 -0.20507942 -0.80745232
v 0.09247182 -0.20738004 -0.81082767
v 0.09326952 -0.20996988 -0.81591308
v 0.09562945 -0.21477300 -0.82267362
v 0.09968086 -0.21271397 -0.82247639
v 0.09228442 -0.20658627 -0.80815464
v 0.09471381 -0.20516346 -0.80159223
v 0.09946255 -0.21642508 -0.80482727
v 0.09750719 -0.21281004 -0.80146611
v 0.09657935 -0.21746524 -0.80528969
v 0.09500483 -0.21363521 -0.80217755
v 0.09925226 -0.20871565 -0.79861188
v 0.09654085 -0.20902473 -0.79859912
v 0.09643800 -0.21722397 -0.82678461
v 0.09328047 -0.22063172 -0.82378590
v 0.09210593 -0.21816073 -0.81991839
v 0.09037038 -0.21315880 -0.81340730
v 0.09218343 -0.22077906 -0.81547689
v 0.09507031 -0.22162278 -0.81082988
v 0.09351473 -0.21753211 -0.80674553
v 0.09089240 -0.21643116 -0.80968821
v 0.09068307 -0.21231627 -0.80609637
v 0.09232917 -0.21336530 -0.80388451
v 0.09072400 -0.20979792 -0.80882692
v 0.09195138 -0.20988961 -0.80247903
v 0.09393831 -0.20949356 -0.80029333
v 0.09108473 -0.20999317 -0.80467278
v 0.09158375 -0.20797293 -0.80617476
v 0.09265324 -0.20665973 -0.80400264
v 0.08840526 -0.24603622 -0.82577056
v 0.09258109 -0.24389768 -0.82752883
v 0.09161415 -0.24018717 -0.82197410
v 0.08754388 -0.24257736 -0.82021177
v 0.10145784 -0.24654521 -0.82628554
v 0.10420904 -0.25121039 -0.82376927
v 0.10310600 -0.24588785 -0.81750965
v 0.09983391 -0.24168594 -0.82050490
v 0.10212333 -0.25689095 -0.82073367
v 0.10091337 -0.25132531 -0.81496644
v 0.09698614 -0.25259513 -0.84619343
v 0.09994232 -0.25780198 -0.84586620
v 0.10418823 -0.25501209 -0.83127344
v 0.10122726 -0.24983510 -0.83330965
v 0.08123546 -0.25598344 -0.84096289
v 0.08181978 -0.26013339 -0.83820546
v 0.09696489 -0.24418896 -0.82753563
v 0.09566575 -0.23996283 -0.82174480
v 0.08622123 -0.24951297 -0.82301748
v 0.08657009 -0.25352496 -0.82026184
v 0.08611424 -0.25654230 -0.82655752
v 0.08555425 -0.25202706 -0.82932132
v 0.08920857 -0.24816437 -0.84624982
v 0.08456477 -0.25184461 -0.84348643
v 0.09354236 -0.24919483 -0.84673196
v 0.09260394 -0.26712233 -0.84006631
v 0.08663701 -0.26496172 -0.83715725
v 0.08951142 -0.26066041 -0.82527363
v 0.09548587 -0.26277405 -0.82549715
v 0.09712531 -0.24712926 -0.83407855
v 0.08812792 -0.24820925 -0.83208144
v 0.09254660 -0.24609116 -0.83408427
v 0.09566831 -0.25837585 -0.81824803
v 0.10184140 -0.26092854 -0.82872146
v 0.08587239 -0.24945678 -0.81422567
v 0.08560964 -0.24440882 -0.80649829
v 0.08941386 -0.24609911 -0.80476952
v 0.08952310 -0.25162181 -0.81224400
v 0.08993604 -0.25628695 -0.81851315
v 0.09481692 -0.25294775 -0.81199098
v 0.08990771 -0.23479003 -0.81376046
v 0.08593559 -0.23754935 -0.81174767
v 0.09386996 -0.23407051 -0.81353956
v 0.09899794 -0.26468074 -0.84403384
v 0.10087108 -0.23923680 -0.80956078
v 0.09755983 -0.23563522 -0.81205690
v 0.08411824 -0.24104184 -0.80850685
v 0.08536259 -0.24603702 -0.81648207
v 0.09414745 -0.24665396 -0.80452847
v 0.09942596 -0.24447499 -0.80677885
v 0.09277313 -0.24170190 -0.79948276
v 0.09795018 -0.23924570 -0.80027246
v 0.09939393 -0.23401603 -0.80354261
v 0.09613686 -0.23141380 -0.80699831
v 0.09248634 -0.23108344 -0.80894792
v 0.08862612 -0.24154003 -0.79898596
v 0.08526172 -0.24060419 -0.80021423
v 0.08346457 -0.23810759 -0.80416048
v 0.08684664 -0.23716830 -0.79368472
v 0.09082852 -0.23618388 -0.79224747
v 0.09348690 -0.22568928 -0.79072869
v 0.09236977 -0.22236161 -0.78663218
v 0.09137169 -0.22075272 -0.78934395
v 0.09383642 -0.22404760 -0.79344475
v 0.09487667 -0.22863792 -0.79312307
v 0.09644135 -0.22892891 -0.79678547
v 0.09359700 -0.23134878 -0.79209530
v 0.09266599 -0.22889398 -0.78822827
v 0.08820719 -0.22801785 -0.78310287
v 0.09144605 -0.22529760 -0.78315926
v 0.08935400 -0.23087551 -0.78818464
v 0.09079846 -0.23298454 -0.79132646
v 0.08903839 -0.21917027 -0.78472519
v 0.09105588 -0.22013462 -0.78324848
v 0.09535814 -0.23421273 -0.79522485
v 0.09443725 -0.22766756 -0.80217487
v 0.09180536 -0.22323918 -0.79687238
v 0.08895441 -0.22026399 -0.79154390
v 0.08647502 -0.21903878 -0.78691846
v 0.08612456 -0.22047310 -0.79324210
v 0.08824418 -0.22340401 -0.79881358
v 0.08431838 -0.22015311 -0.78884685
v 0.08320963 -0.22199607 -0.79345179
v 0.08424004 -0.22474094 -0.79951197
v 0.08708843 -0.22956789 -0.80578494
v 0.09098700 -0.22797932 -0.80509067
v 0.08300806 -0.22143303 -0.79004204
v 0.08723170 -0.22068924 -0.78054202
v 0.08465145 -0.22080556 -0.78297514
v 0.09032825 -0.22197421 -0.77930689
v 0.08720077 -0.23196848 -0.78889227
v 0.08585837 -0.22836828 -0.78406727
v 0.08481277 -0.23291923 -0.78935766
v 0.08375376 -0.22873063 -0.78478789
v 0.08765636 -0.22535232 -0.77972901
v 0.08560038 -0.22498403 -0.78046250
v 0.08874332 -0.23218447 -0.80916274
v 0.08513514 -0.23497660 -0.80763882
v 0.08346335 -0.23260783 -0.80450082
v 0.08120897 -0.22805634 -0.79773629
v 0.08202753 -0.23588105 -0.80126488
v 0.08377656 -0.23726933 -0.79709369
v 0.08248485 -0.23292570 -0.79154915
v 0.08074666 -0.23139855 -0.79474592
v 0.08052588 -0.22749732 -0.78944081
v 0.08205158 -0.22852974 -0.78674054
v 0.08082659 -0.22475162 -0.79217601
v 0.08204927 -0.22494373 -0.78460526
v 0.08353358 -0.22475459 -0.78217041
v 0.08105948 -0.22504774 -0.78728712
v 0.08168907 -0.22290954 -0.78854728
v 0.08299605 -0.22172150 -0.78564101
v 0.07194046 -0.26007423 -0.82352668
v 0.07693090 -0.25858411 -0.82429892
v 0.07664392 -0.25566560 -0.81946480
v 0.07142615 -0.25689599 -0.81869650
v 0.08451024 -0.26235992 -0.82254398
v 0.08595028 -0.26647460 -0.82149905
v 0.08486294 -0.26274750 -0.81545579
v 0.08386809 -0.25928256 -0.81697905
v 0.08321226 -0.27090597 -0.81946039
v 0.08253957 -0.26646823 -0.81318653
v 0.08251060 -0.26812950 -0.83806753
v 0.08436339 -0.27338102 -0.83749229
v 0.08621695 -0.26966229 -0.82779372
v 0.08458269 -0.26479653 -0.82860696
v 0.08114634 -0.25958514 -0.82356024
v 0.08097439 -0.25678796 -0.81823587
v 0.06856977 -0.26299152 -0.82126856
v 0.06810541 -0.26634654 -0.81901067
v 0.06755073 -0.26899901 -0.82580090
v 0.06766667 -0.26537192 -0.82781833
v 0.06846940 -0.26588130 -0.83977824
v 0.07359850 -0.26415145 -0.84031087
v 0.07843160 -0.26506689 -0.83933109
v 0.07307786 -0.27944174 -0.83515775
v 0.06706066 -0.27611509 -0.83568799
v 0.06996631 -0.27316990 -0.82426918
v 0.07601457 -0.27601799 -0.82423580
v 0.08074049 -0.26186332 -0.82938051
v 0.07082830 -0.26193854 -0.82935226
v 0.07604607 -0.26070815 -0.83012056
v 0.07662531 -0.27251738 -0.81770480
v 0.08271451 -0.27454072 -0.82623357
v 0.06805318 -0.26357025 -0.81441891
v 0.06926525 -0.25846347 -0.80474281
v 0.07241129 -0.26084822 -0.80324441
v 0.07126560 -0.26680696 -0.81241739
v 0.07066571 -0.27016872 -0.81797391
v 0.07679554 -0.26826659 -0.81191838
v 0.07600910 -0.25070661 -0.81124645
v 0.07139278 -0.25209495 -0.81023276
v 0.08010346 -0.25169528 -0.81026340
v 0.08059984 -0.27849537 -0.83641577
v 0.06355860 -0.27174106 -0.83673185
v 0.08419757 -0.25642809 -0.80652851
v 0.08279552 -0.25355628 -0.80852866
v 0.06849501 -0.25527534 -0.80723870
v 0.06828211 -0.26007727 -0.81667864
v 0.07734790 -0.26202810 -0.80299294
v 0.08234508 -0.26042473 -0.80425560
v 0.07690185 -0.25785434 -0.79695928
v 0.08202822 -0.25614157 -0.79846847
v 0.08386520 -0.25238419 -0.80049288
v 0.08232378 -0.24975638 -0.80297685
v 0.07959861 -0.24838671 -0.80494714
v 0.07220878 -0.25669062 -0.79721111
v 0.06976906 -0.25471973 -0.79870427
v 0.06905165 -0.25253952 -0.80264795
v 0.07141577 -0.25400037 -0.79334855
v 0.07632319 -0.25381133 -0.79189986
v 0.08193202 -0.24495891 -0.78913927
v 0.08188585 -0.24207366 -0.78528214
v 0.08198645 -0.24052051 -0.78701907
v 0.08274703 -0.24369785 -0.79087305
v 0.08246938 -0.24785091 -0.79153234
v 0.08340225 -0.24845824 -0.79469907
v 0.08096170 -0.25030634 -0.79075265
v 0.08076944 -0.24777830 -0.78688884
v 0.07643709 -0.24680984 -0.78298652
v 0.08047230 -0.24499436 -0.78278506
v 0.07662057 -0.24946390 -0.78709233
v 0.07793584 -0.25168237 -0.78998768
v 0.08086950 -0.23902752 -0.78289044
v 0.08149681 -0.24064630 -0.78213120
v 0.08105855 -0.25244814 -0.79389030
v 0.08217410 -0.24660668 -0.79839134
v 0.08148920 -0.24231631 -0.79358017
v 0.08035723 -0.23922366 -0.78899109
v 0.07874442 -0.23782435 -0.78510368
v 0.07780265 -0.23896612 -0.79094237
v 0.07859362 -0.24166918 -0.79553735
v 0.07640838 -0.23795258 -0.78729308
v 0.07483754 -0.23939359 -0.79165947
v 0.07514816 -0.24195106 -0.79674423
v 0.07561111 -0.24587701 -0.80253804
v 0.07928527 -0.24584632 -0.80083901
v 0.07476450 -0.23872541 -0.78874040
v 0.07819889 -0.24063295 -0.77992451
v 0.07557861 -0.23951919 -0.78213483
v 0.08002634 -0.24258474 -0.77965117
v 0.07397213 -0.25064629 -0.78779709
v 0.07384541 -0.24713981 -0.78370643
v 0.07105497 -0.25034741 -0.78877127
v 0.07155331 -0.24663784 -0.78468585
v 0.07694774 -0.24471702 -0.78033817
v 0.07514479 -0.24423461 -0.78058589
v 0.07592582 -0.24840885 -0.80615783
v 0.07190078 -0.25008976 -0.80562913
v 0.07182959 -0.24757409 -0.80200958
v 0.07137545 -0.24352209 -0.79597378
v 0.06909209 -0.25016651 -0.79975891
v 0.06920133 -0.25230202 -0.79557014
v 0.06941629 -0.24918087 -0.79122943
v 0.06910001 -0.24651647 -0.79396152
v 0.06967355 -0.24353282 -0.78913093
v 0.07004520 -0.24535336 -0.78690219
v 0.07168110 -0.24088758 -0.79113638
v 0.07146361 -0.24247330 -0.78475845
v 0.07287497 -0.24338011 -0.78230423
v 0.07089724 -0.24174064 -0.78696764
v 0.07273849 -0.23979233 -0.78749514
v 0.07387371 -0.23933537 -0.78506404
v 0.06533209 -0.26894933 -0.83825076
v 0.04918473 -0.27477196 -0.82687116
v 0.05347987 -0.27456379 -0.82664227
v 0.05247523 -0.27320921 -0.82299995
v 0.04842295 -0.27343783 -0.82347333
v 0.05937147 -0.27981320 -0.82461274
v 0.05875085 -0.28366002 -0.82307845
v 0.05709937 -0.28102210 -0.81847996
v 0.05782555 -0.27742690 -0.82001007
v 0.05403725 -0.28650963 -0.82203895
v 0.05290460 -0.28342125 -0.81769395
v 0.05927433 -0.28084695 -0.84193379
v 0.05856583 -0.28595418 -0.84281945
v 0.05985218 -0.28532174 -0.82989043
v 0.06050658 -0.28097928 -0.83094501
v 0.04267579 -0.27578261 -0.83929086
v 0.04090717 -0.28030860 -0.83896267
v 0.03951339 -0.28084329 -0.84676456
v 0.04051143 -0.27680281 -0.84976852
v 0.05726515 -0.27651474 -0.82588577
v 0.05580720 -0.27463216 -0.82176304
v 0.04541944 -0.27622551 -0.82634711
v 0.04285306 -0.27897316 -0.82531518
v 0.04286458 -0.28052366 -0.82992828
v 0.04535782 -0.27703723 -0.83097285
v 0.05014138 -0.27289712 -0.84180379
v 0.04644572 -0.27334660 -0.83958793
v 0.04393759 -0.27311221 -0.84959817
v 0.04918118 -0.27246058 -0.84840268
v 0.05472974 -0.27563959 -0.84127986
v 0.04547852 -0.28968924 -0.84027636
v 0.04187705 -0.28502518 -0.83912706
v 0.04371543 -0.28521505 -0.82911587
v 0.04849870 -0.28870434 -0.82857943
v 0.05793279 -0.27738357 -0.83100092
v 0.04938219 -0.27536061 -0.83174574
v 0.05381668 -0.27490845 -0.83103299
v 0.04796349 -0.28587008 -0.82252204
v 0.05531590 -0.28917027 -0.82932240
v 0.04203176 -0.27762645 -0.82142901
v 0.04053462 -0.27546215 -0.81535739
v 0.04145770 -0.27817979 -0.81335866
v 0.04278444 -0.28106666 -0.81941718
v 0.04357194 -0.28290901 -0.82378304
v 0.04679977 -0.28326023 -0.81768024
v 0.05072024 -0.27030686 -0.81767315
v 0.04640752 -0.27076709 -0.81838608
v 0.05382556 -0.27146578 -0.81619596
v 0.05371979 -0.29076925 -0.84272206
v 0.05529019 -0.27712038 -0.81219363
v 0.05563416 -0.27374873 -0.81396306
v 0.04279383 -0.27271131 -0.81736541
v 0.04464214 -0.27513063 -0.82270086
v 0.04542768 -0.28013006 -0.81186998
v 0.05118409 -0.28001899 -0.81164336
v 0.04475174 -0.27754831 -0.80678475
v 0.05075169 -0.27745342 -0.80655849
v 0.05475087 -0.27431172 -0.80760115
v 0.05518214 -0.27144805 -0.81009459
v 0.05323556 -0.26940057 -0.81232303
v 0.04070330 -0.27584609 -0.80875731
v 0.04037219 -0.27341670 -0.81099677
v 0.04278027 -0.27117366 -0.81348473
v 0.04049550 -0.27355734 -0.80464506
v 0.04425915 -0.27497444 -0.80145562
v 0.05210405 -0.26835421 -0.79890633
v 0.05200651 -0.26621667 -0.79601288
v 0.05260435 -0.26456130 -0.79702032
v 0.05340753 -0.26711699 -0.80015254
v 0.05216311 -0.27108783 -0.80105662
v 0.05349646 -0.27121523 -0.80325598
v 0.04958311 -0.27310935 -0.80052584
v 0.04961614 -0.27085385 -0.79739058
v 0.04485140 -0.26901343 -0.79423499
v 0.04939819 -0.26869968 -0.79400861
v 0.04504571 -0.27152866 -0.79736638
v 0.04612759 -0.27359635 -0.79953110
v 0.05123371 -0.26318672 -0.79362154
v 0.05147001 -0.26515508 -0.79334354
v 0.04984501 -0.27463332 -0.80269790
v 0.05425113 -0.26899326 -0.80622751
v 0.05350744 -0.26556811 -0.80213368
v 0.05224423 -0.26259765 -0.79803050
v 0.04988183 -0.26141042 -0.79511428
v 0.05058191 -0.26179218 -0.80023801
v 0.05210488 -0.26453525 -0.80434585
v 0.04856051 -0.26099452 -0.79731590
v 0.04861256 -0.26193613 -0.80193967
v 0.04954962 -0.26428199 -0.80654132
v 0.04996716 -0.26708254 -0.81113362
v 0.05274975 -0.26759553 -0.80893421
v 0.04769521 -0.26108953 -0.79902136
v 0.04774849 -0.26414374 -0.79164159
v 0.04676056 -0.26240024 -0.79362315
v 0.04879735 -0.26677331 -0.79111004
v 0.04248576 -0.27137581 -0.79833895
v 0.04258431 -0.26814187 -0.79497671
v 0.04065699 -0.27031463 -0.80055046
v 0.04151997 -0.26663363 -0.79670972
v 0.04557179 -0.26743242 -0.79206663
v 0.04439720 -0.26577297 -0.79258090
v 0.05023511 -0.26849753 -0.81404018
v 0.04640137 -0.26911193 -0.81475174
v 0.04602044 -0.26756278 -0.81160295
v 0.04590665 -0.26478672 -0.80725527
v 0.04223289 -0.26936883 -0.81033999
v 0.04006903 -0.27162382 -0.80760831
v 0.04047543 -0.26838875 -0.80302584
v 0.04214409 -0.26622319 -0.80575466
v 0.04312693 -0.26351568 -0.80116451
v 0.04174098 -0.26509711 -0.79893517
v 0.04583078 -0.26237148 -0.80241299
v 0.04391107 -0.26287425 -0.79653776
v 0.04378337 -0.26392773 -0.79432106
v 0.04431145 -0.26232380 -0.79850221
v 0.04602022 -0.26145887 -0.79852194
v 0.04614072 -0.26154605 -0.79607856
v 0.04062796 -0.28432912 -0.84597397
v 0.07805889 -0.21290426 -0.87296730
v 0.07964148 -0.20926955 -0.87596577
v 0.06246530 -0.21028821 -0.86662108
v 0.06857792 -0.21400107 -0.86681700
v 0.05929929 -0.20449899 -0.86940014
v 0.06632670 -0.19798841 -0.87612689
v 0.06177344 -0.20032060 -0.87289894
v 0.07452982 -0.21456201 -0.86926550
v 0.07900836 -0.20401557 -0.87874234
v 0.07309859 -0.19909307 -0.87856817
v 0.08041244 -0.19783799 -0.87006235
v 0.07533144 -0.19333318 -0.86963892
v 0.06769631 -0.19231072 -0.86817074
v 0.06280830 -0.19597904 -0.86565113
v 0.06062982 -0.20118578 -0.86384463
v 0.08173089 -0.20377927 -0.86898518
v 0.08019439 -0.20853509 -0.86694407
v 0.07573653 -0.21125351 -0.86444229
v 0.08420720 -0.19796503 -0.86298811
v 0.08403326 -0.18960181 -0.86118019
v 0.07436117 -0.18067801 -0.85642564
v 0.07614762 -0.17780516 -0.85330588
v 0.07279988 -0.18036567 -0.85154247
v 0.07041062 -0.18308909 -0.85539585
v 0.07443712 -0.18316379 -0.85833609
v 0.07070639 -0.18588156 -0.85998797
v 0.08063298 -0.18013783 -0.85767317
v 0.07917539 -0.18361820 -0.85931790
v 0.08361612 -0.18489176 -0.85930765
v 0.08607375 -0.18293694 -0.85715055
v 0.08222318 -0.17652671 -0.85505426
v 0.08327382 -0.17554468 -0.85092258
v 0.07822510 -0.17606108 -0.85065562
v 0.07697316 -0.17838527 -0.84841359
v 0.07786927 -0.18663664 -0.86194789
v 0.06460210 -0.19122456 -0.85987794
v 0.06720846 -0.18713132 -0.85385120
v -0.16917136 -0.01172278 -1.34910691
v -0.16597098 -0.01204448 -1.36101556
v 0.07107726 -0.18424863 -0.84927195
v 0.07633702 -0.18247138 -0.84663093
v 0.07172319 -0.18928041 -0.84772038
v 0.06646762 -0.19279619 -0.85179639
v 0.07675288 -0.18726051 -0.84605986
v 0.07428213 -0.19311114 -0.84717190
v 0.06966870 -0.19801068 -0.85098124
v 0.06484152 -0.20418817 -0.85867500
v 0.06197450 -0.19764182 -0.85902596
v 0.07716719 -0.19022350 -0.84600914
v 0.08324372 -0.17792419 -0.84721762
v 0.08244321 -0.18262386 -0.84615636
v 0.08760177 -0.18755534 -0.85658550
v 0.08891941 -0.18439378 -0.85273689
v 0.08737987 -0.17991850 -0.85452044
v 0.08749744 -0.19280347 -0.85624921
v 0.08851802 -0.18862210 -0.85119653
v 0.08728976 -0.17766345 -0.85187328
v 0.08793754 -0.18084775 -0.84962142
v 0.06316667 -0.20720369 -0.86252522
v 0.06916630 -0.21078242 -0.86247897
v 0.07109817 -0.20755662 -0.85960996
v 0.07546190 -0.20098573 -0.85216600
v 0.07807767 -0.20742178 -0.86036396
v 0.08285476 -0.20360652 -0.86190891
v 0.08584521 -0.19744223 -0.85494256
v 0.08159506 -0.20068528 -0.85365319
v 0.08310119 -0.19471014 -0.84912169
v 0.08631367 -0.19236802 -0.84990400
v 0.07869580 -0.19476709 -0.84813184
v 0.08483525 -0.18891992 -0.84727389
v 0.08691987 -0.18515311 -0.84783387
v 0.08308940 -0.19125445 -0.84747255
v 0.08043677 -0.19069831 -0.84674239
v 0.08140454 -0.18720266 -0.84607351
v 0.03865306 -0.27797580 -0.85389465
v 0.04244782 -0.27333552 -0.85398608
v 0.03941900 -0.27370548 -0.85861152
v 0.03472038 -0.27250537 -0.86374831
v 0.02883910 -0.27711058 -0.86951303
v 0.03945279 -0.26844254 -0.86529750
v 0.04420555 -0.26975989 -0.85967040
v 0.04921666 -0.26997638 -0.85308635
v 0.04026536 -0.26433644 -0.87220955
v -0.00177356 -0.03903794 -1.31226802
v 0.00753116 -0.04024921 -1.29478002
v -0.08555353 -0.21363972 -1.18333769
v -0.07930817 -0.22684257 -1.19386935
v -0.10500218 -0.26911551 -1.22474754
v -0.12783232 -0.27359402 -1.23165905
v 0.05511947 -0.08709632 -1.02651954
v -0.15221846 -0.11842009 -1.07205451
v -0.15910387 -0.12127632 -1.08993578
v -0.17434256 -0.04517565 -1.09183574
v -0.17476100 -0.06442805 -1.08722413
v -0.04236457 -0.15966667 -1.05465841
v -0.04506073 -0.15883479 -1.07310402
v 0.01760580 -0.12186010 -1.04730093
v 0.01505183 -0.12297231 -1.06791091
v -0.01613334 -0.15269989 -1.03262758
v -0.16325805 -0.08928838 -1.04359424
v -0.15716487 -0.10805790 -1.04084039
v -0.15876751 -0.10320127 -1.05935931
v -0.16617377 -0.08484669 -1.06283498
v -0.16856296 -0.02717740 -1.09534097
v -0.16137645 -0.02724035 -1.07362401
v -0.07270563 -0.16457018 -1.09307659
v -0.09932949 -0.16233777 -1.09450865
v -0.14537384 -0.14165539 -1.10109496
v -0.16178365 -0.12526602 -1.10768664
v -0.17269805 -0.10712941 -1.11591125
v -0.18025184 -0.08811636 -1.12422132
v 0.03019932 -0.10986680 -1.08979440
v 0.03958634 -0.09326176 -1.11184561
v -0.04663336 -0.16016980 -1.09224737
v 0.06279630 -0.04916888 -1.09289801
v -0.19128960 -0.07308415 -1.15626347
v -0.19241157 -0.05031548 -1.16154289
v -0.12393966 -0.15462795 -1.09689677
v 0.03001634 -0.05810820 -1.25288785
v 0.02734116 -0.07617539 -1.25546277
v 0.03682677 -0.07646535 -1.23968184
v 0.03843437 -0.05883474 -1.23639989
v 0.03402358 -0.09371665 -1.24157059
v 0.02974716 -0.11015221 -1.24264526
v 0.02430019 -0.12490302 -1.24278843
v 0.00525840 -0.15845498 -1.23634613
v 0.01182477 -0.14885338 -1.23951590
v -0.01111197 -0.17309871 -1.22648299
v -0.00235275 -0.16631941 -1.23226523
v -0.02216933 -0.17819706 -1.21729720
v -0.03623325 -0.18073691 -1.20617914
v -0.05878121 -0.18222593 -1.20902240
v -0.05283453 -0.18164881 -1.19555569
v -0.02924715 -0.17900954 -1.19294894
v -0.01556600 -0.17669667 -1.20450473
v -0.00403665 -0.17186731 -1.21329021
v 0.05012967 -0.04640404 -1.17270994
v 0.04950218 -0.04423536 -1.19600785
v -0.01103339 -0.03762721 -1.32911849
v -0.12442450 -0.29139689 -1.02160501
v 0.00753615 -0.25981227 -0.98844719
v -0.16818319 -0.03053257 -1.36251795
v -0.17000079 -0.05127997 -1.36727881
v -0.16120797 -0.11738466 -1.37609851
v -0.14323920 -0.13755903 -1.38397586
v -0.17200312 -0.09507343 -1.36919391
v -0.17537531 -0.07242337 -1.36194909
v -0.02428227 -0.15058205 -1.10957098
v -0.18145955 -0.05162657 -1.32957113
v -0.18081364 -0.07356510 -1.35006976
v -0.17896101 -0.09698008 -1.35784662
v -0.16934261 -0.12318821 -1.36467993
v -0.15105818 -0.15058480 -1.37157702
v -0.14464194 -0.16731560 -1.36647856
v -0.15065730 -0.18474005 -1.34350646
v -0.13863057 -0.20817684 -1.33677959
v -0.12294545 -0.21392146 -1.34673464
v -0.12821335 -0.20242237 -1.35278261
v -0.14421892 -0.19649424 -1.34057093
v -0.13228476 -0.26345697 -1.26325190
v -0.15331119 -0.26392642 -1.23729956
v -0.14068258 -0.26642114 -1.24792516
v -0.16568130 -0.25611022 -1.22920620
v -0.17268023 -0.24930781 -1.22367382
v -0.17754604 -0.23977342 -1.22169042
v -0.17941850 -0.22832614 -1.22483146
v -0.17063558 -0.19703555 -1.24202061
v -0.16534396 -0.18817165 -1.24672568
v -0.16371459 -0.17880839 -1.23001373
v -0.16509156 -0.17482629 -1.22447789
v -0.17245790 -0.15844916 -1.19777358
v -0.17425728 -0.14912099 -1.18208826
v -0.15099934 -0.01043905 -1.39606845
v -0.17799456 -0.13673776 -1.16697001
v -0.19166246 -0.01081184 -1.19035125
v -0.19416466 -0.01111677 -1.21219647
v -0.16996752 -0.01002057 -1.11969256
v -0.18071505 -0.01018626 -1.14066315
v -0.16366257 -0.12882058 -0.95241940
v -0.15780970 -0.12407298 -0.96985775
v -0.16644858 -0.10414363 -0.96847326
v -0.15863147 -0.00925012 -0.98773742
v -0.14880574 -0.01001830 -1.00631118
v -0.14865270 -0.01020444 -1.05478549
v -0.15326121 -0.00999640 -1.07663405
v -0.17304355 -0.10902108 -0.95078647
v -0.15980874 -0.05495576 -1.00561762
v -0.19162875 -0.01079947 -1.24510956
v -0.18737368 -0.01084838 -1.25891852
v -0.18514991 -0.01100720 -1.27631462
v -0.15557225 -0.03265560 -1.00601912
v -0.10595755 -0.17017037 -0.96723866
v -0.07996178 -0.17610954 -0.96329796
v -0.14482915 -0.14219429 -0.97030878
v -0.12771735 -0.15799998 -0.96959043
v -0.05350777 -0.17532186 -0.95776647
v 0.03013424 -0.12308580 -0.92764717
v 0.04602037 -0.10415798 -0.92191583
v 0.06749243 -0.06384800 -0.91413140
v 0.07276898 -0.04343906 -0.91206038
v -0.02886844 -0.16825922 -0.95014191
v 0.05879848 -0.08412358 -0.91717231
v -0.00725967 -0.15621215 -0.94186366
v 0.01226509 -0.14054938 -0.93413138
v -0.16058096 -0.07575199 -1.00488555
v -0.16457555 -0.07925607 -0.98625296
v -0.02643132 -0.02199166 -1.37813246
v -0.02835802 -0.02127681 -1.37001956
v -0.16119716 -0.09923808 -0.98615694
v -0.20163602 -0.06947881 -1.23518062
v -0.19976234 -0.04873876 -1.23322058
v -0.20419061 -0.08939721 -1.23820627
v -0.20264122 -0.10591491 -1.26357198
v -0.20302916 -0.10850774 -1.24559093
v -0.19860902 -0.12646779 -1.25178349
v -0.02243417 -0.02328214 -1.38691258
v 0.00071463 -0.02283476 -1.31072640
v 0.00963393 -0.02341565 -1.29282105
v -0.19843856 -0.12351793 -1.26768672
v 0.04874197 -0.02725326 -1.19315851
v 0.05007957 -0.02700569 -1.17060685
v -0.00871779 -0.02218690 -1.32725787
v 0.04842028 -0.02577530 -1.15084231
v -0.18680346 -0.15535590 -1.27050436
v -0.18599732 -0.15545939 -1.25948441
v -0.18178827 -0.16751502 -1.26121593
v -0.18273512 -0.16861761 -1.27177930
v -0.17429525 -0.18803899 -1.26593721
v -0.17830552 -0.17854176 -1.26284122
v -0.17001155 -0.19619898 -1.26849258
v -0.17144874 -0.20587057 -1.26731217
v -0.16935515 -0.21616507 -1.28810990
v -0.17120287 -0.20530319 -1.28966856
v -0.18568298 -0.15749584 -1.28353560
v -0.19111019 -0.14073694 -1.28332543
v -0.19465008 -0.04830997 -1.26589835
v -0.19068161 -0.02923801 -1.26132023
v -0.07216721 -0.18295853 -1.19001591
v -0.09299991 -0.18372032 -1.18680179
v -0.11234049 -0.18304136 -1.18645585
v -0.12959629 -0.18083605 -1.18882871
v -0.14524919 -0.17792150 -1.19350791
v -0.15860644 -0.17262657 -1.20024967
v -0.16758448 -0.17110974 -1.21739280
v -0.16980135 -0.16603941 -1.20882094
v -0.18474543 -0.00490217 -0.79090357
v -0.17494103 -0.16564403 -1.22653496
v -0.17886558 -0.15864258 -1.21895385
v -0.18998751 -0.14597875 -1.24340463
v -0.18540950 -0.15193075 -1.23068428
v -0.19209155 -0.14142820 -1.25689709
v -0.19213709 -0.13994810 -1.27024031
v -0.19652274 -0.12374409 -1.28366899
v -0.20086062 -0.10628811 -1.28145921
v -0.19551459 -0.09135687 -1.31302512
v -0.19910762 -0.08879581 -1.29584289
v -0.20240080 -0.08727276 -1.27742219
v -0.20476434 -0.08651918 -1.25750995
v -0.13808778 -0.09558015 -1.40194118
v -0.14866310 -0.07541136 -1.39774716
v -0.17781506 -0.22883061 -1.23350430
v -0.17595050 -0.23665564 -1.23312068
v -0.20578349 -0.00365258 -0.84215391
v -0.20572224 -0.00400632 -0.86510432
v -0.17540905 -0.23291910 -1.24119318
v -0.17702323 -0.22873904 -1.23919368
v -0.17230967 -0.24343640 -1.23620212
v -0.16660422 -0.25038907 -1.24125123
v -0.16736332 -0.24501099 -1.25132561
v -0.17284927 -0.23755579 -1.24470794
v -0.15732594 -0.25689074 -1.24889183
v -0.16033980 -0.25049302 -1.25820518
v -0.14817382 -0.25974017 -1.25803840
v -0.14174400 -0.25888953 -1.26881623
v -0.14745408 -0.25501838 -1.27199745
v -0.15305883 -0.25392628 -1.26588070
v -0.15304995 -0.23458828 -1.30007339
v -0.15044239 -0.24340937 -1.29095125
v -0.14844808 -0.25045255 -1.28045428
v -0.17354955 -0.21545921 -1.26393342
v -0.17396256 -0.22452743 -1.25937784
v -0.17341277 -0.23203789 -1.25305855
v -0.16896719 -0.23857516 -1.26010728
v -0.17062730 -0.23027042 -1.26719296
v -0.20195869 -0.00364562 -0.82213867
v -0.17197478 -0.22098124 -1.27278554
v -0.20163950 -0.06723809 -1.25378788
v -0.19767925 -0.04827986 -1.24961782
v 0.04937208 -0.01727138 -0.80255675
v 0.04354031 -0.01704878 -0.78764760
v -0.17454588 -0.19064303 -1.27576649
v 0.03477973 -0.01669043 -0.77419811
v 0.02355736 -0.01559910 -0.76270854
v -0.17903058 -0.18089204 -1.27394056
v -0.17103547 -0.20033008 -1.27763677
v -0.17119910 -0.21107152 -1.27682269
v -0.17391926 -0.19469984 -1.28835082
v -0.17794786 -0.18362349 -1.28596926
v -0.18205553 -0.17096318 -1.28425634
v -0.19922823 -0.06733759 -1.27112448
v -0.19420969 -0.02932056 -1.24636614
v -0.19550487 -0.00556946 -0.91101754
v -0.18736452 -0.00677338 -0.93275392
v 0.07087115 -0.02290286 -0.88945794
v -0.01832734 -0.02388559 -1.39399540
v -0.11706838 -0.00945255 -1.44270110
v -0.02813782 -0.02096763 -1.36013472
v -0.02301913 -0.02103755 -1.34982920
v -0.06705422 -0.01039114 -0.74912179
v -0.01520164 -0.02146496 -1.33879209
v -0.08042292 -0.01065715 -0.74908078
v -0.16057035 -0.00992033 -1.09908342
v -0.04977351 -0.19518593 -1.30620182
v -0.05829120 -0.20662296 -1.32768357
v -0.07601006 -0.21649265 -1.34352016
v -0.10005137 -0.21856086 -1.35013473
v -0.16374215 -0.24735789 -1.07282126
v -0.15647745 -0.02858179 -1.05236697
v -0.15383753 -0.03081961 -1.02974498
v -0.15965179 -0.05113693 -1.02778649
v -0.19019300 -0.02979845 -1.16398358
v -0.19810191 -0.02934451 -1.23206079
v 0.03701337 -0.13677391 -1.21248889
v 0.04322779 -0.12423968 -1.21373236
v 0.03444433 -0.12446074 -1.22809815
v 0.02821369 -0.13723852 -1.22685051
v 0.02134363 -0.15634985 -1.20908189
v 0.02950117 -0.14768493 -1.21081245
v 0.02105901 -0.14829370 -1.22506559
v 0.01348392 -0.15741302 -1.22262657
v 0.01258976 -0.16390693 -1.20575118
v 0.00520178 -0.16524068 -1.21898711
v 0.03633034 -0.14652470 -1.19564879
v 0.04406245 -0.13599092 -1.19707501
v 0.04971579 -0.12360880 -1.19865012
v 0.01874802 -0.16175601 -1.19243455
v 0.02770038 -0.15492332 -1.19447100
v -0.02034155 -0.03388719 -1.39564669
v -0.02401233 -0.03450894 -1.35246050
v -0.02822328 -0.03367658 -1.36229336
v 0.04521859 -0.04287565 -1.21564901
v 0.03183123 -0.04105817 -1.24879444
v 0.02258849 -0.04085971 -1.26191723
v 0.01517273 -0.04070910 -1.27780437
v -0.01749133 -0.03604332 -1.34121740
v 0.03914769 -0.04179148 -1.23250246
v -0.15627182 -0.16717859 -0.77935147
v -0.17363870 -0.14553697 -0.76234329
v -0.17001507 -0.15655236 -0.79048973
v -0.18172458 -0.14075466 -0.77827913
v -0.14434743 -0.17257050 -0.85963696
v -0.15199412 -0.17049563 -0.83327705
v -0.13957390 -0.17459834 -0.88721097
v -0.19267711 -0.11897798 -0.77105945
v -0.19902322 -0.09308542 -0.76978546
v -0.20574567 -0.09251192 -0.79029149
v -0.16271955 -0.15761901 -0.88573557
v -0.16651815 -0.15653370 -0.85936880
v -0.16199780 -0.16154999 -0.80776352
v -0.17666163 -0.15023960 -0.81134051
v -0.17872751 -0.14764187 -0.79672730
v -0.19764742 -0.11783093 -0.79060340
v -0.18787700 -0.13545471 -0.79227543
v -0.18955234 -0.04060548 -0.93020260
v -0.18992096 -0.06911001 -0.92970324
v -0.18051159 -0.06600924 -0.94907612
v -0.17020336 -0.13385057 -0.93277633
v -0.14859021 -0.14764853 -0.95384061
v -0.18944573 -0.13469127 -0.81035662
v -0.20135006 -0.11599036 -0.81113976
v -0.21002463 -0.09190793 -0.81373525
v -0.20293945 -0.09391771 -0.88698447
v -0.20828876 -0.09216958 -0.86355567
v -0.19898912 -0.11604892 -0.86096543
v -0.19406536 -0.11772919 -0.88561535
v -0.17652974 -0.13756309 -0.91047049
v -0.18083489 -0.13854498 -0.88528728
v -0.19579744 -0.09448344 -0.90946198
v -0.18824747 -0.11701402 -0.90982115
v -0.18085214 -0.11379199 -0.93163288
v -0.18483305 -0.13769534 -0.85916007
v -0.21544775 -0.06249743 -0.84012187
v -0.21146908 -0.09095915 -0.83816969
v -0.21155360 -0.03335531 -0.84235156
v -0.18700773 -0.09238076 -0.93052530
v -0.17811997 -0.08884783 -0.94990432
v -0.17028570 -0.08370306 -0.96857607
v -0.16121514 -0.07191370 -1.02546525
v -0.00412866 -0.13591579 -0.56393468
v -0.04408928 -0.01348128 -0.73252326
v -0.06982694 -0.01085126 -0.73836064
v -0.04059719 -0.19059069 -0.81784236
v -0.11457483 -0.19032747 -0.79713190
v -0.14002362 -0.17971060 -0.80433077
v 0.01589195 -0.04779061 -0.73599362
v -0.00284005 -0.02848364 -0.72944230
v -0.01296712 -0.17578951 -0.81109387
v 0.02379201 -0.13221763 -0.76897335
v -0.02344417 -0.01831102 -0.72907579
v -0.17164278 -0.15513292 -0.83398080
v -0.18841450 -0.13700435 -0.83351958
v -0.20152730 -0.11622225 -0.83531272
v -0.21371517 -0.06277502 -0.81643260
v -0.20977211 -0.03285604 -0.82038558
v 0.03718669 -0.04003739 -0.78234398
v 0.04188982 -0.03622865 -0.79145944
v 0.04245672 -0.02684777 -0.78942704
v 0.03499392 -0.02721108 -0.77572429
v 0.02891378 -0.12355530 -0.90687716
v 0.04362400 -0.10301183 -0.90068245
v 0.06375851 -0.06166507 -0.89291251
v 0.06864136 -0.04165805 -0.89083350
v -0.02863203 -0.17296608 -0.93174398
v 0.05553948 -0.08215567 -0.89595097
v -0.00706458 -0.16017377 -0.92299020
v 0.01209405 -0.14269158 -0.91406763
v -0.10560669 -0.10007133 -0.12860274
v -0.10174131 -0.10420424 -0.10216558
v -0.11670714 -0.10302635 -0.10214555
v -0.12031567 -0.09684847 -0.12959611
v -0.15051924 -0.11040018 -0.13416147
v -0.14100575 -0.09985025 -0.13144112
v -0.15473525 -0.12497143 -0.13682580
v -0.15168607 -0.12490092 -0.10752928
v -0.14694133 -0.13625869 -0.10929728
v -0.15141231 -0.13841908 -0.13757658
v -0.14319867 -0.14729923 -0.13842046
v -0.11146735 -0.15725884 -0.11195695
v -0.11352371 -0.16040131 -0.13827193
v -0.13197944 -0.15466675 -0.13929892
v -0.12898868 -0.15266989 -0.11198962
v -0.09341650 -0.15630391 -0.13546753
v -0.09199242 -0.15317120 -0.11208129
v -0.08052669 -0.14292057 -0.13280594
v -0.09143075 -0.10737343 -0.12851357
v -0.08641965 -0.10897005 -0.10310066
v -0.14782709 -0.11201829 -0.10483444
v -0.13769092 -0.10495169 -0.10303175
v -0.13070288 -0.09579135 -0.12958634
v -0.12722611 -0.10348934 -0.10210884
v -0.11146570 -0.10761762 -0.07570398
v -0.09544864 -0.10083672 -0.07488918
v -0.14557180 -0.11558160 -0.07644904
v -0.13340038 -0.11190875 -0.07556939
v -0.14251205 -0.13743244 -0.08291328
v -0.15029958 -0.12681647 -0.07917035
v -0.12619634 -0.15633793 -0.08751142
v -0.13848688 -0.14517210 -0.11111808
v -0.13421452 -0.14684194 -0.08570194
v -0.10966906 -0.15881604 -0.08946669
v -0.08704817 -0.15360928 -0.09059596
v -0.07852168 -0.10791868 -0.07969558
v -0.12288216 -0.11097370 -0.07659113
v 0.07976869 -0.17598830 -0.05842078
v 0.07862984 -0.18021077 -0.05932069
v 0.08003464 -0.18306549 -0.05634391
v 0.08190130 -0.17714451 -0.05352199
v 0.09284595 -0.13419099 -0.04648781
v 0.09406694 -0.14145245 -0.05124855
v 0.09397294 -0.14670707 -0.04431832
v 0.09292228 -0.13695894 -0.03667092
v 0.08824103 -0.17024587 -0.04779851
v 0.08891986 -0.16560864 -0.04592776
v 0.09175814 -0.16329774 -0.04988337
v 0.09054104 -0.17048499 -0.05268502
v 0.04557963 -0.20724700 -0.05875814
v 0.04737476 -0.20329551 -0.05687845
v 0.04883302 -0.20150447 -0.06082118
v 0.04614910 -0.20686464 -0.06267393
v 0.06427597 -0.19568269 -0.05412686
v 0.06597779 -0.19221424 -0.05223835
v 0.06805029 -0.19035895 -0.05716074
v 0.06521491 -0.19618104 -0.05802810
v 0.06987514 -0.14290276 -0.05115747
v 0.08384088 -0.14251983 -0.05315578
v 0.08295657 -0.13211004 -0.04552042
v 0.06810150 -0.12924442 -0.04650712
v 0.08156035 -0.12948626 -0.03384018
v 0.07976038 -0.13819969 -0.03172910
v 0.06600294 -0.13733883 -0.02779937
v 0.06590714 -0.12763388 -0.03285325
v 0.08118475 -0.14975554 -0.03641522
v 0.06846914 -0.14973229 -0.03442752
v 0.07045265 -0.15274477 -0.04512572
v 0.08429135 -0.15422258 -0.04904485
v 0.06987774 -0.17035235 -0.05360806
v 0.08162761 -0.17385845 -0.05553234
v 0.08214094 -0.16609918 -0.05762315
v 0.06963065 -0.16294400 -0.05764449
v 0.08385324 -0.15882252 -0.05482447
v 0.07212477 -0.15313351 -0.05391526
v 0.07321563 -0.15352266 -0.04414272
v 0.08588813 -0.15600652 -0.04706430
v 0.08285547 -0.16307463 -0.04302502
v 0.07058070 -0.16012795 -0.04011261
v 0.06929328 -0.16832353 -0.04485023
v 0.08107559 -0.17134254 -0.04678309
v 0.07403984 -0.17387803 -0.05746520
v 0.06427065 -0.16994376 -0.05848432
v 0.06122442 -0.17886139 -0.06222761
v 0.07235724 -0.18068467 -0.06124914
v 0.06444488 -0.17682502 -0.04566514
v 0.06646556 -0.17028396 -0.04871571
v 0.07598556 -0.17240152 -0.04968131
v 0.07460343 -0.17851302 -0.04761696
v 0.07341065 -0.18533495 -0.05042505
v 0.06231316 -0.18484218 -0.05040359
v 0.06211279 -0.18582311 -0.05820084
v 0.07305070 -0.18689957 -0.05723488
v 0.05823300 -0.19435294 -0.06390226
v 0.04777943 -0.19332592 -0.06584573
v 0.04800475 -0.19924784 -0.06085837
v 0.05793052 -0.19901668 -0.05893564
v 0.05185819 -0.18632881 -0.06304848
v 0.06034859 -0.18834345 -0.06205940
v 0.05297522 -0.19096607 -0.05124807
v 0.05502030 -0.18582383 -0.05720472
v 0.06224813 -0.18567528 -0.05624998
v 0.06107976 -0.19050884 -0.05030107
v 0.05875861 -0.19774504 -0.05309892
v 0.04911842 -0.19832759 -0.05306256
v 0.03930986 -0.20946796 -0.06260979
v 0.03967737 -0.20566472 -0.06756163
v 0.03081372 -0.20558228 -0.06851590
v 0.02927862 -0.20951803 -0.06160486
v 0.03570161 -0.19926775 -0.06668591
v 0.04240181 -0.19969569 -0.06571972
v 0.03674409 -0.20229274 -0.05393648
v 0.03827522 -0.19933520 -0.06083047
v 0.04367232 -0.19820884 -0.05988789
v 0.04301122 -0.20185299 -0.05396116
v 0.04034907 -0.20869960 -0.05676484
v 0.03208750 -0.20788877 -0.05577970
v 0.05354566 -0.12833840 -0.04648352
v 0.05593945 -0.14648503 -0.05008018
v 0.08854429 -0.14030285 -0.03464687
v 0.05141369 -0.12767598 -0.03085935
v 0.08921590 -0.14665437 -0.03844500
v 0.05600283 -0.15328988 -0.03335452
v 0.05164757 -0.13806280 -0.02579403
v 0.06427205 -0.15193264 -0.04316938
v 0.08894672 -0.16677876 -0.05665290
v 0.06095858 -0.16846757 -0.04970932
v 0.05338898 -0.17123397 -0.04084861
v 0.08973109 -0.16239317 -0.05477798
v 0.05296424 -0.16342662 -0.05759072
v 0.04353792 -0.17999284 -0.06118298
v 0.07985594 -0.18038154 -0.05052912
v 0.07912830 -0.18391472 -0.05241919
v 0.04571205 -0.18809052 -0.04737103
v 0.05282840 -0.18567818 -0.05720127
v 0.06412406 -0.19409831 -0.06196904
v 0.03838889 -0.19946507 -0.06082857
v 0.03403259 -0.20083769 -0.05102396
v 0.06536037 -0.19024925 -0.06106281
v 0.03137419 -0.19445470 -0.06675828
v 0.04487965 -0.20386209 -0.06369984
v 0.02203345 -0.20924823 -0.05279803
v 0.01719365 -0.21102168 -0.06056893
v 0.04665724 -0.20104474 -0.06375396
v 0.01995977 -0.20510569 -0.06849480
v -0.08107525 -0.11625636 -0.12838638
v -0.07643245 -0.11725146 -0.10493672
v -0.07754114 -0.12765600 -0.13015032
v -0.07828684 -0.14071548 -0.11038256
v -0.07425512 -0.12747739 -0.10769439
v -0.06690206 -0.11764459 -0.08444142
v -0.07181188 -0.14200640 -0.08986330
v -0.06551477 -0.12895337 -0.08913171
v -0.12519751 -0.16149259 -0.07081711
v -0.10918561 -0.16528188 -0.07274806
v -0.13336658 -0.15109588 -0.06706929
v -0.14999133 -0.13274689 -0.06050694
v -0.14239870 -0.14261606 -0.06426251
v -0.05483308 -0.11886036 -0.06979990
v -0.07018030 -0.11091428 -0.06208229
v -0.05084191 -0.13094433 -0.07741439
v -0.05970470 -0.14690191 -0.07906497
v 0.03680426 -0.12262207 -0.04556108
v 0.01629400 -0.12304212 -0.04256749
v 0.01648661 -0.13262668 -0.05803037
v 0.03653499 -0.13928874 -0.05503762
v 0.01201507 -0.15004589 -0.06357479
v 0.03240991 -0.15706336 -0.05862308
v 0.00404201 -0.16690151 -0.06423533
v 0.02440019 -0.17347910 -0.06222177
v -0.00515292 -0.18281977 -0.06490886
v 0.01411732 -0.18913221 -0.06582761
v -0.01395954 -0.19759400 -0.06169593
v 0.00482749 -0.20282532 -0.06556296
v -0.01735094 -0.20874508 -0.05465364
v 0.00175457 -0.21240751 -0.05854905
v 0.03492421 -0.12375928 -0.02697563
v 0.01417314 -0.12499288 -0.02592087
v 0.03399491 -0.13788711 -0.01988792
v 0.01385412 -0.13918789 -0.01687992
v 0.03223601 -0.15403607 -0.02643895
v 0.01166223 -0.15453970 -0.02148986
v -0.01290787 -0.20981169 -0.04292464
v 0.00680020 -0.21131256 -0.04685938
v 0.02718530 -0.17094481 -0.03296757
v 0.00624743 -0.17046301 -0.02901173
v 0.02058133 -0.18734889 -0.03754723
v -0.00033222 -0.18650177 -0.03359771
v 0.01343317 -0.20090365 -0.04217505
v -0.00705144 -0.20006779 -0.03724968
v -0.00668845 -0.12617709 -0.05710328
v -0.01018816 -0.14217438 -0.06853652
v -0.14205989 -0.00993023 -1.41026616
v -0.17255339 -0.01140375 -1.33597672
v -0.01917122 -0.15906794 -0.06821668
v -0.02894100 -0.17547327 -0.06399584
v -0.03683423 -0.19037873 -0.05785263
v -0.03944279 -0.20306681 -0.05176246
v -0.05840057 -0.17112134 -0.06692255
v -0.06204640 -0.18456365 -0.05202460
v -0.06125089 -0.19574831 -0.04499304
v -0.08708657 -0.18073425 -0.04713929
v -0.08420606 -0.18969902 -0.03819847
v -0.19472140 -0.00374471 -0.80530560
v -0.18241617 -0.01087954 -1.29270208
v -0.12608780 -0.17246619 -0.03740942
v -0.20202252 -0.00481207 -0.88854516
v 0.01601512 -0.02354662 -1.27462661
v 0.02326424 -0.02435600 -1.25902522
v 0.03347897 -0.02554999 -1.24672580
v 0.03969627 -0.02625293 -1.23066926
v 0.07301677 -0.02349561 -0.97444093
v 0.07054525 -0.02355195 -0.98762101
v -0.14618105 -0.01039154 -1.03158832
v 0.07673915 -0.02375918 -0.93122005
v 0.07342812 -0.02395866 -1.00325155
v -0.18750308 -0.01048266 -1.16585493
v 0.04481652 -0.02693837 -1.21302652
v 0.07507596 -0.02352418 -0.91070545
v -0.19636923 -0.01068082 -1.23178136
v 0.07409293 -0.02443242 -1.02620149
v 0.05443042 -0.01891723 -0.82110220
v 0.06478146 -0.02489585 -1.09186256
v -0.02050971 -0.00282161 -1.39863169
v -0.02379852 0.00943020 -1.40311074
v -0.02605326 0.01119013 -1.39507627
v -0.02330463 -0.00135548 -1.39107895
v -0.06924066 0.04222459 -1.41784763
v -0.06332371 0.03955077 -1.42575395
v -0.07747190 0.03822061 -1.43130922
v -0.08385732 0.04247856 -1.42379570
v -0.09054846 0.03342474 -1.43509734
v -0.09752516 0.03797523 -1.42709887
v -0.10853307 0.02835413 -1.42787766
v -0.10117026 0.02527884 -1.43749034
v -0.10936551 0.01473483 -1.43838274
v -0.11630136 0.01730977 -1.42778552
v -0.02929146 0.02212130 -1.40832424
v -0.03817385 0.03260687 -1.41434467
v -0.04036312 0.03279398 -1.40506172
v -0.03142296 0.02274382 -1.40014803
v -0.04997186 0.03811422 -1.42051435
v -0.05382454 0.03956518 -1.41173744
v -0.12125351 0.00405837 -1.42949414
v -0.11371870 0.00222787 -1.44071651
v -0.02675639 0.00241498 -1.37416244
v -0.02653088 -0.00986430 -1.37193358
v -0.02509039 -0.01098690 -1.38028228
v -0.02554690 0.00103910 -1.38256717
v -0.04218128 0.03528446 -1.37481749
v -0.05370390 0.05111131 -1.38275576
v -0.05021414 0.05812987 -1.37403512
v -0.03834599 0.04145877 -1.36583877
v -0.02198726 0.05119536 -1.34187591
v -0.03505383 0.07670966 -1.34918571
v -0.01763441 0.07118225 -1.32648516
v -0.01134676 0.05118642 -1.32316101
v -0.00386025 0.06772223 -1.30781007
v 0.00047000 0.05004079 -1.30549777
v 0.02963960 0.06032449 -1.25781393
v 0.03249170 0.04344581 -1.25717163
v 0.02233608 0.04561442 -1.27301419
v 0.01870921 0.06279251 -1.27347255
v 0.05808664 0.07297757 -1.16877472
v 0.06295199 0.05888643 -1.17244899
v 0.06499223 0.06601195 -1.18735433
v 0.06161951 0.07868621 -1.18555200
v -0.00604018 0.12447561 -1.26847017
v -0.01271792 0.12697196 -1.28385079
v -0.01545507 0.13422975 -1.27114892
v -0.01031561 0.13206832 -1.25644529
v -0.07591573 0.10202315 -1.38578367
v -0.05527864 0.09192522 -1.37076592
v -0.06106460 0.07971531 -1.37725270
v -0.07938644 0.08882912 -1.39079428
v 0.01260617 0.12625091 -1.19485927
v 0.02083467 0.12099293 -1.18453252
v 0.02901547 0.11639032 -1.19268608
v 0.02197666 0.12022544 -1.20289958
v 0.01189637 0.09757064 -1.09654689
v 0.02728412 0.08158019 -1.09545434
v 0.02612273 0.08113736 -1.11449230
v 0.01159118 0.09621258 -1.11569333
v -0.05253400 0.13347206 -1.13491452
v -0.07864990 0.13559479 -1.13372064
v -0.07874778 0.13401255 -1.11977243
v -0.05285189 0.13216524 -1.12005460
v 0.02155166 0.08941486 -1.25521553
v 0.02578045 0.07582454 -1.25717390
v 0.01492037 0.07841855 -1.27236176
v 0.01125252 0.09216015 -1.27011943
v -0.07194234 0.20947680 -1.14406681
v -0.07878431 0.19603394 -1.13428879
v -0.07196610 0.18641640 -1.15440917
v -0.06550553 0.19987920 -1.16449177
v -0.03995167 0.13583560 -1.03003764
v -0.06533230 0.13695730 -1.03426218
v -0.06256004 0.13914794 -1.01757920
v -0.03702846 0.13729313 -1.01273167
v -0.03157484 0.17239231 -1.30461967
v -0.04468739 0.18506765 -1.32205355
v -0.04583386 0.19206575 -1.30422282
v -0.03485032 0.17855500 -1.28667700
v 0.00656062 0.12019251 -1.24193192
v 0.00007683 0.12186490 -1.25474584
v -0.00550437 0.13011290 -1.24516356
v 0.00015632 0.12808238 -1.23493969
v -0.08456635 0.14383368 -1.16052938
v -0.06159878 0.14241587 -1.16136074
v -0.06737670 0.14522097 -1.17665768
v -0.08828655 0.14711577 -1.17571819
v -0.05650701 0.13889767 -1.14745367
v -0.08137418 0.14044927 -1.14619219
v 0.01196811 0.11153583 -1.24759924
v 0.01690037 0.10122091 -1.25196183
v 0.00743731 0.10366538 -1.26689887
v 0.00383442 0.11328010 -1.26254678
v 0.04958645 0.06712560 -1.15454578
v 0.05617881 0.05051954 -1.15903556
v -0.01286972 0.12893121 -1.00740039
v 0.00800402 0.11577499 -1.00185418
v 0.00493961 0.11565933 -1.01991594
v -0.01586644 0.12844844 -1.02521157
v 0.03467725 0.06307900 -1.13147819
v 0.03956668 0.06333341 -1.14370668
v 0.03144200 0.07905923 -1.14286065
v 0.02453437 0.07881123 -1.13093197
v 0.02548137 0.09892187 -0.99672258
v 0.04115604 0.07979915 -0.99179065
v 0.03717425 0.07927753 -1.01204073
v 0.02218188 0.09850526 -1.01538897
v 0.00819344 0.06508882 -1.29036570
v 0.01194849 0.04797820 -1.28906929
v 0.04427186 0.09695436 -1.16897333
v 0.05184885 0.08582063 -1.16818869
v 0.05548754 0.09036137 -1.18488467
v 0.04776678 0.10023440 -1.18485320
v -0.01855010 0.13848467 -1.24278653
v -0.02423370 0.14135045 -1.25429559
v -0.03847029 0.14296234 -1.23736167
v -0.03143811 0.14259012 -1.23199379
v -0.06096070 0.14153019 -1.00138474
v -0.03544515 0.13931382 -0.99628663
v 0.02819061 0.09963742 -0.97720510
v 0.04367724 0.08042213 -0.97129416
v -0.09652498 0.14222138 -1.22747588
v -0.10290353 0.13784838 -1.22889316
v -0.11608291 0.14057548 -1.22795868
v -0.11048516 0.14561595 -1.22632205
v 0.06407810 0.02567989 -1.18835604
v 0.06579455 0.04064577 -1.19698679
v 0.06611743 0.04695268 -1.18159020
v 0.06172062 0.03482118 -1.16976583
v 0.03452961 0.09448947 -1.15467811
v 0.02259003 0.09308974 -1.14375353
v 0.04224966 0.08182274 -1.15356183
v 0.05821675 0.00998899 -1.17921293
v 0.05270752 0.02128368 -1.15619481
v 0.01476447 0.02958256 -1.28612995
v 0.02493381 0.02764196 -1.27118051
v 0.00466902 0.03082478 -1.30224252
v 0.00823381 0.01171855 -1.29862118
v -0.00130092 0.01129265 -1.31528628
v -0.00534115 0.03061070 -1.31909323
v -0.00970063 0.00999900 -1.33178651
v -0.01422948 0.02933982 -1.33614206
v -0.03336209 0.01902498 -1.36863482
v -0.02912356 0.02299608 -1.35992396
v -0.01376164 0.13672139 -1.23456454
v -0.00868468 0.13469608 -1.22623944
v 0.01043446 0.11691989 -0.98332036
v -0.17098515 0.11377595 -1.32382214
v -0.17799698 0.10817401 -1.30715942
v -0.16935191 0.12595269 -1.30712748
v -0.16188252 0.13105331 -1.32274473
v -0.07156663 0.11492789 -1.38345683
v -0.04926764 0.10736541 -1.36757207
v -0.14992198 0.14884408 -1.24033678
v -0.14768496 0.15219633 -1.24301159
v -0.15029564 0.15358344 -1.25048876
v -0.15391964 0.14871448 -1.24884844
v -0.13999811 0.15089925 -1.23905647
v -0.13513954 0.14749596 -1.23337030
v -0.14056823 0.15308866 -1.22808051
v -0.14507383 0.15720168 -1.23381829
v -0.08755077 0.13462822 -1.02109551
v -0.09011321 0.13144948 -1.03751767
v -0.14751238 0.11658794 -1.14571750
v -0.12654847 0.12633023 -1.13874042
v -0.12687908 0.13367228 -1.15376508
v -0.14602828 0.12549911 -1.16205680
v -0.18341315 0.00819802 -1.29559731
v -0.18643111 0.00747819 -1.27930558
v -0.18876413 0.02767804 -1.28478098
v -0.18532294 0.02834205 -1.30177498
v -0.17900141 0.07539657 -1.33448529
v -0.17232257 0.07780205 -1.34980905
v -0.17621042 0.05322653 -1.34271383
v -0.18179744 0.05160468 -1.32740676
v -0.17912576 0.09342651 -1.32203996
v -0.18547449 0.08858523 -1.30484283
v -0.10759157 0.14613113 -1.17937291
v -0.10599387 0.14263824 -1.16331995
v -0.09936935 0.15046059 -1.20810533
v -0.11501539 0.15158206 -1.21037209
v -0.11287055 0.15097901 -1.20181966
v -0.09633166 0.15040921 -1.19959569
v -0.08261956 0.08105350 -1.39638853
v -0.10271843 0.08061914 -1.40304244
v -0.10028577 0.09314829 -1.39801741
v -0.14901324 0.04671694 -1.38730454
v -0.15409642 0.04739424 -1.38192987
v -0.14684308 0.06182634 -1.38610935
v -0.14309686 0.05666416 -1.39066935
v -0.19545227 0.03016400 -1.21251798
v -0.19527125 0.00898552 -1.21165979
v -0.19262409 0.00960893 -1.18893516
v -0.19270533 0.03224652 -1.18820119
v -0.13800098 0.15128785 -1.23033035
v -0.13802943 0.15075450 -1.22600126
v -0.12863341 0.15120709 -1.22046351
v -0.13001382 0.14987357 -1.22495449
v -0.12659560 0.15022759 -1.20592105
v -0.12708539 0.15133871 -1.21412039
v -0.13784206 0.14974724 -1.21998560
v -0.13881877 0.14774698 -1.21222460
v -0.14254443 0.13319279 -1.17746437
v -0.12530011 0.13940462 -1.16962171
v -0.12484417 0.14387371 -1.18502569
v -0.14062586 0.13940908 -1.19235337
v -0.17438947 0.00892707 -1.11744761
v -0.17572501 0.02830764 -1.11534071
v -0.18182534 0.02910136 -1.13835549
v -0.18219852 0.00883821 -1.13970971
v -0.08247171 0.14042924 -1.22760475
v -0.06651220 0.14251383 -1.22966886
v -0.07318196 0.14329936 -1.21720934
v -0.09006728 0.14336745 -1.21450889
v -0.15303630 0.18938085 -1.24289167
v -0.15223739 0.18224464 -1.24907482
v -0.15339124 0.17764398 -1.24373865
v -0.15463108 0.18552768 -1.23845458
v -0.11265101 0.14950381 -1.19446802
v -0.09702595 0.14682107 -1.19754672
v -0.10371484 0.15335391 -1.17841077
v -0.12050948 0.15548609 -1.17626548
v -0.09668934 0.13076155 -1.38500881
v -0.06809386 0.12684691 -1.38135469
v -0.09750965 0.11947715 -1.38969350
v -0.13901228 0.15453678 -1.19567502
v -0.14824951 0.15921691 -1.20095193
v -0.14092529 0.15288013 -1.21352971
v -0.13058913 0.15005267 -1.21005881
v -0.06762657 0.21584009 -1.17624331
v -0.07342340 0.22539946 -1.15557528
v -0.14132427 0.16758056 -1.15859270
v -0.15288788 0.17402850 -1.16258144
v -0.14709511 0.16222745 -1.17857027
v -0.13537866 0.15808572 -1.17504954
v -0.14487416 0.10898319 -1.12996185
v -0.12511553 0.12086219 -1.12430096
v -0.12691653 0.10975999 -1.02543819
v -0.10924310 0.12440044 -1.02366626
v -0.11204087 0.12000129 -1.04079914
v -0.12966970 0.10558955 -1.04330778
v -0.08589980 0.13651994 -1.00477052
v -0.12380026 0.11205654 -1.00839162
v -0.10653275 0.12658870 -1.00734937
v -0.09842322 0.05992949 -1.41185045
v -0.11442471 0.04927536 -1.41369653
v -0.11866210 0.05896257 -1.40762687
v -0.10336723 0.06914636 -1.40735805
v -0.09146524 0.16366689 -0.89496613
v -0.09936908 0.16042894 -0.86558199
v -0.07062737 0.16540740 -0.86354911
v -0.06251556 0.16621552 -0.89118183
v -0.14116776 0.02893085 -1.40020251
v -0.13021168 0.04479222 -1.40478349
v -0.12574504 0.03581070 -1.41159868
v -0.13628912 0.01972555 -1.40774775
v -0.05953592 0.16289093 -0.91579771
v -0.08780047 0.16148968 -0.92131341
v -0.08287130 0.07003926 -1.40095758
v -0.08000140 0.05654838 -1.40585804
v -0.06741971 0.06078743 -1.39216805
v -0.06442706 0.05120450 -1.39701498
v -0.05057103 0.04167018 -1.38943720
v -0.04485897 0.16211227 -0.85623491
v -0.03761627 0.15958363 -0.88209736
v -0.10600109 0.04322178 -1.41996312
v -0.11731631 0.03217280 -1.41961718
v -0.12705356 0.01814427 -1.41751385
v -0.13290364 0.00377060 -1.41773498
v -0.08576952 0.14083447 -0.98860592
v -0.06036169 0.14495954 -0.98508376
v -0.17411888 0.10519554 -0.75842297
v -0.18075424 0.07987197 -0.75551999
v -0.17046028 0.07522281 -0.74105787
v -0.16550314 0.10562873 -0.74306834
v -0.18003897 0.01837053 -0.76787847
v -0.16239864 0.01198817 -0.75291753
v -0.16844326 0.04225374 -0.74537116
v -0.18207401 0.05004245 -0.75914651
v -0.19887367 0.05905045 -0.89064729
v -0.19060868 0.05879430 -0.91215634
v -0.19307977 0.02902290 -0.91162902
v -0.20064518 0.02875195 -0.88962418
v -0.12483907 0.11718261 -0.99223793
v -0.10671405 0.13128440 -0.99155688
v -0.03423907 0.14209560 -0.97973180
v -0.09122178 0.17197062 -0.72880012
v -0.09458065 0.16801046 -0.69550818
v -0.05638739 0.16997077 -0.69027340
v -0.05145892 0.17234164 -0.72451866
v -0.14661172 0.12650198 -0.69903708
v -0.14924444 0.12987164 -0.72595274
v -0.15993568 0.09967189 -0.72344190
v -0.15575372 0.09485461 -0.69992417
v 0.05752473 0.06049918 -0.96658742
v 0.04426830 0.08146621 -0.95153236
v 0.05802589 0.06108155 -0.94559634
v 0.07790027 -0.00022362 -0.95532382
v 0.07482029 0.02156300 -0.95862699
v 0.07509441 0.01963546 -0.93685871
v 0.07783441 -0.00174635 -0.93356168
v 0.05343950 0.01032971 -0.82307625
v 0.05463915 -0.00564611 -0.82255590
v 0.05956679 -0.00458402 -0.84432322
v 0.05808131 0.01447757 -0.84611779
v -0.01437069 0.15269038 -0.87324810
v 0.00566714 0.13792913 -0.86474097
v 0.00830666 0.13356946 -0.88689566
v -0.01131512 0.14816783 -0.89613372
v -0.14126185 0.00677982 -0.74189401
v -0.15070355 0.03561660 -0.73406929
v -0.01800795 0.16283318 -0.68683368
v -0.01333213 0.16179614 -0.72101867
v 0.01287404 0.14250359 -0.68265456
v 0.02955160 0.11191849 -0.68216503
v 0.03168572 0.11257847 -0.71295369
v 0.01497304 0.14177734 -0.71586108
v 0.02378872 0.02357312 -0.75802135
v 0.00252546 0.00605968 -0.74373698
v 0.00509802 0.00347188 -0.74809468
v 0.02844303 0.01469966 -0.76667064
v -0.19253129 0.02311596 -0.78429008
v -0.19236133 0.05487539 -0.77703094
v -0.20073721 0.05632752 -0.79730362
v -0.20048267 0.02536707 -0.80189151
v -0.13624908 0.09501770 -1.00854826
v -0.13888846 0.09996161 -0.99141026
v -0.14510855 0.07676834 -1.00832725
v -0.13932925 0.09330226 -1.02719259
v -0.14737889 0.07437459 -1.02769446
v -0.17382662 0.07505205 -1.14760613
v -0.16125709 0.09366311 -1.13764763
v -0.16471499 0.10184900 -1.15475440
v -0.17767772 0.08382817 -1.16740870
v -0.19021493 0.04833641 -1.29301429
v -0.18648937 0.04961288 -1.31063032
v -0.15425558 0.06148800 -0.70618284
v -0.13707954 0.02405198 -0.72022790
v -0.13880250 0.03035488 -0.68418926
v -0.15118229 0.06379378 -0.67839074
v -0.12567490 0.14718978 -0.66819584
v -0.12618375 0.15316243 -0.69907027
v -0.14393866 0.12557586 -0.67216426
v -0.09568885 0.16436411 -0.66369325
v -0.05784757 0.16903003 -0.65899318
v 0.01040661 0.14003971 -0.65134501
v 0.02600385 0.10840835 -0.65181106
v 0.00450858 0.02063165 -0.68538511
v 0.02046988 0.04446529 -0.68389142
v 0.01334032 0.04330846 -0.65845329
v -0.00468978 0.01923278 -0.66237926
v 0.04359359 0.05338981 -0.81891811
v 0.03379454 0.08764134 -0.83878362
v 0.03189074 0.09525019 -0.81693196
v 0.03908791 0.06787707 -0.79840076
v 0.07623259 0.00465554 -0.97713995
v 0.07348145 0.02220725 -0.98085839
v 0.06837595 0.04058753 -0.96211702
v 0.06710822 0.04046261 -0.98433518
v 0.05575237 0.06011927 -0.98782289
v 0.06718462 0.02173724 -1.07265878
v 0.05812506 0.04365404 -1.07289529
v 0.06114884 0.04169453 -1.05125594
v 0.07006156 0.02031592 -1.05053997
v 0.06235320 0.02321432 -1.09550571
v 0.05397826 0.04530400 -1.09550297
v 0.04770748 0.02288957 -1.13777089
v 0.04686388 0.04443286 -1.14730346
v 0.04265960 0.04433689 -1.13391948
v 0.01707759 0.01096079 -1.28230000
v 0.02605939 0.00955641 -1.26743305
v -0.01984522 0.15874065 -0.84916151
v -0.10688251 -0.00157446 -0.71351206
v -0.07585339 -0.00880159 -0.70418966
v -0.08562079 -0.00617671 -0.67881048
v -0.11502976 0.00529922 -0.68381566
v -0.03387264 0.15610753 -0.90549159
v -0.01054015 0.13042818 -0.99009347
v -0.00991953 0.13289487 -0.97279882
v -0.02750600 0.12337412 -1.12070227
v -0.02225518 0.12392473 -1.13904250
v 0.06469973 0.05463629 -1.20214343
v 0.06645716 0.05594757 -1.19057083
v -0.12558299 0.15745406 -0.73089516
v 0.00274301 0.13095202 -0.59206474
v 0.01495495 0.09991252 -0.59253198
v 0.02105436 0.10498272 -0.62194324
v 0.00717479 0.13624671 -0.62196386
v -0.03843579 0.00577951 -0.64007288
v -0.01508159 0.01958560 -0.63647020
v -0.02588141 0.02112280 -0.60911548
v -0.04905808 0.00984483 -0.61178595
v -0.05730890 0.01439470 -0.58351392
v -0.03343064 0.02367105 -0.57983345
v -0.04225695 0.02405473 -0.55148703
v -0.06538676 0.01635396 -0.55666238
v -0.02009810 0.15977584 -0.65307260
v -0.05758877 0.15772080 -0.59871870
v -0.02422771 0.15142317 -0.59430319
v -0.02174514 0.15565017 -0.62271309
v -0.05788500 0.16224612 -0.62761468
v -0.15255189 0.09638347 -0.67407256
v -0.02828515 0.00342359 -0.66643471
v -0.01737622 0.00338163 -0.68795466
v -0.09943449 0.00873128 -0.61749095
v -0.12350485 0.02062477 -0.61909890
v -0.11978355 0.01299777 -0.65072387
v -0.09292414 0.00071836 -0.64813989
v -0.13978304 0.12323430 -0.61596465
v -0.12075866 0.14248241 -0.61146849
v -0.12255792 0.14553481 -0.63935775
v -0.14152798 0.12433475 -0.64333147
v -0.09183348 0.15424913 -0.60540313
v -0.09341506 0.15874617 -0.63380671
v -0.05779889 0.14979842 -0.54240966
v -0.02822797 0.14093949 -0.53793907
v -0.02627084 0.14667775 -0.56588548
v -0.05778137 0.15345533 -0.57080287
v -0.09039228 0.14743151 -0.54960632
v -0.09110171 0.15077843 -0.57750368
v -0.11913946 0.14041184 -0.58408439
v -0.11709406 0.13831295 -0.55670094
v -0.13516745 0.12051328 -0.56220180
v -0.13828155 0.12123270 -0.58858138
v -0.14888299 0.09802610 -0.59156585
v -0.14608565 0.09897891 -0.56521469
v -0.14972225 0.07352401 -0.59308887
v -0.14154083 0.04851820 -0.59267384
v -0.14076126 0.05406943 -0.56639755
v -0.14747718 0.07720436 -0.56678385
v -0.11001499 0.02067687 -0.56198961
v -0.12859224 0.03380872 -0.56461102
v -0.12645873 0.02793298 -0.59137791
v -0.10493471 0.01588960 -0.58878356
v -0.12845248 0.03977406 -0.46019077
v -0.13597018 0.05643664 -0.46290386
v -0.13438532 0.05057541 -0.48918116
v -0.12525205 0.03337740 -0.48646301
v -0.14402629 0.07234859 -0.46511400
v -0.14777051 0.09051594 -0.46542150
v -0.14443158 0.08617604 -0.49075323
v -0.14012723 0.06815495 -0.49044985
v -0.12821484 0.12110029 -0.48554677
v -0.14116168 0.10402551 -0.48960894
v -0.14359000 0.10825238 -0.46378928
v -0.12996919 0.12350887 -0.45969713
v -0.11371385 0.13696501 -0.45411533
v -0.11303607 0.13720511 -0.47951990
v -0.09156570 0.13926621 -0.44835448
v -0.09117711 0.14295888 -0.47333026
v -0.06382328 0.13549624 -0.46741283
v -0.06569110 0.13188462 -0.44341129
v -0.07692347 0.02576528 -0.44738638
v -0.09730879 0.02146640 -0.45311707
v -0.08977920 0.01712521 -0.47748333
v -0.07009491 0.02285999 -0.47275269
v -0.03681885 0.05697769 -0.46464777
v -0.02094088 0.07884657 -0.46214265
v -0.03099255 0.07676584 -0.43765730
v -0.04859945 0.05624358 -0.43969280
v -0.09020250 0.14458248 -0.52318156
v -0.05860971 0.14580140 -0.51547372
v -0.13188273 0.11868170 -0.53580326
v -0.11494997 0.13680179 -0.53030485
v -0.11527224 0.02560956 -0.53715146
v -0.13056891 0.04025107 -0.53980815
v -0.05134075 0.02345311 -0.52361113
v -0.07336164 0.01686256 -0.52929729
v -0.01134863 0.11295602 -0.51063168
v -0.03067017 0.13484064 -0.51145035
v -0.03300260 0.13018496 -0.48596406
v -0.01439115 0.10933465 -0.48467308
v -0.09097099 0.14482901 -0.49827367
v -0.11381126 0.13582942 -0.50489235
v -0.12922195 0.11852553 -0.51040918
v -0.14121488 0.10108158 -0.51446748
v -0.14334811 0.08193347 -0.51559216
v -0.13874069 0.06388362 -0.51577747
v -0.13225996 0.04545997 -0.51449603
v -0.12036255 0.02890389 -0.51179665
v -0.08171588 0.01646178 -0.50289220
v -0.06096393 0.02373958 -0.49770302
v -0.01876584 0.10643137 -0.46116561
v -0.03693814 0.12608190 -0.46292520
v -0.04334062 0.12409112 -0.44040501
v -0.02834029 0.10099064 -0.43808806
v -0.03889010 0.09851567 -0.41701347
v -0.04145179 0.07691455 -0.41662884
v -0.14794022 0.07630725 -0.43928558
v -0.15002421 0.09369156 -0.43958390
v -0.14562042 0.11110739 -0.43794668
v -0.11668050 0.13867712 -0.43069237
v -0.09070493 0.13733383 -0.42292440
v -0.06674076 0.12972087 -0.41748357
v -0.04854058 0.11920728 -0.41783756
v -0.10583660 0.03446222 -0.40057027
v -0.10073064 0.03004880 -0.42688239
v -0.08246507 0.03285731 -0.42258519
v -0.08746928 0.03809819 -0.39579940
v -0.13716972 0.04622551 -0.40655214
v -0.15020272 0.05997412 -0.40968776
v -0.13875978 0.06074867 -0.43708473
v -0.12872504 0.04696330 -0.43345183
v -0.15768144 0.07907169 -0.41293204
v -0.15801476 0.09793834 -0.41277260
v -0.15306446 0.11622657 -0.41164052
v -0.13474503 0.12742913 -0.43581939
v -0.14020279 0.13205801 -0.40902168
v -0.11795834 0.13900927 -0.40285397
v -0.08718853 0.13941807 -0.39561808
v -0.06710292 0.12622041 -0.36076301
v -0.06431942 0.12270455 -0.39001518
v -0.08884887 0.14271973 -0.36734211
v -0.07380489 0.09843476 -0.26550269
v -0.08022628 0.12169044 -0.26833409
v -0.08560944 0.11603013 -0.23500693
v -0.07941122 0.09561107 -0.23173618
v -0.09203137 0.03986305 -0.36846554
v -0.11287544 0.03366553 -0.37171960
v -0.14673048 0.04430351 -0.37816340
v -0.16040909 0.06029661 -0.38133651
v -0.12543434 0.14836942 -0.34438521
v -0.11987403 0.14537704 -0.37511933
v -0.14453876 0.13603532 -0.38026184
v -0.15052113 0.13819958 -0.34951210
v -0.10343002 0.03487274 -0.27310264
v -0.12344736 0.02866813 -0.27538198
v -0.12116778 0.02835797 -0.30859625
v -0.09931093 0.03415183 -0.30533785
v -0.15206821 0.04051011 -0.34633434
v -0.15610191 0.03975761 -0.31407356
v -0.17018345 0.05334852 -0.31622672
v -0.16672641 0.05649851 -0.34999317
v -0.13107511 0.14099772 -0.27732551
v -0.12961411 0.14725970 -0.31211782
v -0.15422334 0.13780925 -0.31628168
v -0.15474814 0.13272543 -0.28053564
v -0.09513994 0.14671327 -0.33808887
v -0.10036959 0.14455526 -0.30677712
v -0.07631165 0.12593670 -0.30065566
v -0.07053088 0.12695730 -0.33194900
v -0.06823942 0.10085036 -0.29828513
v -0.06357817 0.10241733 -0.33056188
v -0.12591834 0.04027850 -0.20231318
v -0.12462936 0.03391073 -0.23932636
v -0.10619567 0.03973996 -0.23654771
v -0.10955469 0.04532794 -0.19951522
v -0.17076707 0.05474247 -0.28108227
v -0.15753168 0.03946485 -0.27889729
v -0.15524375 0.04353761 -0.24234211
v -0.16721666 0.05756938 -0.24450874
v -0.13210806 0.12733375 -0.20284176
v -0.13207339 0.13522014 -0.24107766
v -0.15346116 0.12724997 -0.24283397
v -0.15183437 0.11954170 -0.20558262
v -0.09138869 0.11144365 -0.19779015
v -0.10525692 0.13238925 -0.23817039
v -0.10932100 0.12554836 -0.20091867
v -0.09320752 0.10484715 -0.16250253
v -0.08727346 0.08780919 -0.15929019
v -0.08461082 0.09194730 -0.19551384
v -0.11200579 0.04990374 -0.16442132
v -0.12633103 0.04421629 -0.16623676
v -0.15961419 0.05973459 -0.17130220
v -0.16296270 0.06084742 -0.20745671
v -0.15189709 0.04788500 -0.20530629
v -0.14884843 0.04867459 -0.16820741
v -0.16938451 0.09296991 -0.20702410
v -0.16913399 0.07654634 -0.20771432
v -0.16511159 0.07453257 -0.17154598
v -0.16515091 0.08953552 -0.17083132
v -0.14848250 0.11117780 -0.17125511
v -0.16359912 0.10819739 -0.20632911
v -0.15922990 0.10131203 -0.17105329
v -0.13048814 0.11961806 -0.16949773
v -0.10954256 0.11860111 -0.16562927
v -0.08154127 -0.00869393 -0.73690122
v -0.05134425 -0.00833675 -0.72722071
v -0.06376028 -0.00807697 -0.71937662
v -0.09422225 -0.00341150 -0.73158640
v 0.00543273 0.04327748 -0.63107896
v -0.00362411 0.04247062 -0.60173422
v -0.02138134 0.04075951 -0.54548615
v -0.01180089 0.04204670 -0.57337540
v -0.03229555 0.03900660 -0.51953888
v -0.04295601 0.03820669 -0.49409735
v -0.05289992 0.03622779 -0.46863717
v -0.06188516 0.03834376 -0.44325125
v -0.06748240 0.04443239 -0.41745549
v -0.07031485 0.04958150 -0.39116240
v -0.07854170 0.05221267 -0.33550459
v -0.09609070 0.03785463 -0.33813643
v -0.07451098 0.05307829 -0.36483669
v -0.08546611 0.05064036 -0.27049655
v -0.08194689 0.05082018 -0.30421114
v -0.09033419 0.05378203 -0.23390567
v -0.09583951 0.05696135 -0.19584846
v -0.09937699 0.06039956 -0.16170859
v 0.03539146 0.07969774 -0.73534518
v 0.02983633 0.05028265 -0.72797769
v 0.03256059 0.05215878 -0.74657840
v 0.03591584 0.07895155 -0.75828999
v -0.01425506 -0.00081450 -0.74015224
v -0.02889267 -0.00525895 -0.74052322
v -0.02542505 -0.00594432 -0.74247438
v -0.01204613 -0.00110380 -0.74259531
v -0.06110640 0.14198692 -0.49146694
v -0.14268225 0.10079153 -0.53985703
v -0.14427689 0.08055936 -0.54145265
v -0.13935733 0.05983712 -0.54110366
v -0.01471070 0.06118077 -0.51411313
v -0.00563495 0.08582555 -0.51163810
v -0.01217357 0.08114359 -0.48613989
v -0.02339950 0.05909653 -0.48816609
v -0.05979132 0.09744474 -0.35539538
v -0.06773081 0.07464954 -0.33201879
v -0.06286586 0.07341497 -0.35936272
v -0.05520298 0.09738974 -0.37934011
v -0.16751787 0.10146397 -0.38399082
v -0.16068560 0.12047470 -0.38336492
v -0.17597333 0.10139887 -0.35368383
v -0.16668895 0.07898210 -0.38262308
v -0.17522694 0.07860807 -0.35279888
v 0.00351847 0.06668200 -0.56700975
v 0.00805181 0.09474753 -0.56458217
v 0.00055804 0.08947358 -0.53809416
v -0.00585206 0.06262492 -0.54102629
v -0.11475155 0.11413939 -1.05729604
v -0.13199319 0.10053006 -1.06140709
v 0.01724479 0.11619495 -1.16490149
v 0.00008336 0.11901116 -1.15312076
v 0.01188996 0.10696501 -1.14653146
v 0.02586184 0.10583492 -1.15796673
v 0.00912905 0.12403554 -1.17405272
v -0.00860984 0.12737291 -1.16264570
v 0.00069668 0.12991323 -1.18469501
v -0.01647128 0.13357095 -1.17378354
v -0.04973109 0.14171728 -1.22551823
v -0.05682288 0.13915706 -1.23088801
v 0.05593279 0.02377028 -1.11759973
v 0.05947836 -0.00016108 -1.11621404
v 0.05109877 -0.00061226 -1.13602602
v 0.06863908 0.04033818 -0.94062221
v 0.05014125 0.02778101 -0.82068610
v 0.05428748 0.03467965 -0.84743762
v 0.04765645 0.06011634 -0.85226035
v 0.02454448 -0.00167732 -0.76344311
v -0.17731999 0.04982324 -1.13445628
v -0.17229158 0.04854820 -1.11155224
v -0.18047117 0.02998364 -1.31872892
v -0.17988732 0.00827524 -1.31172657
v -0.17207947 0.03088145 -1.34715760
v -0.16761160 0.03031092 -1.35918748
v -0.16912600 0.00831548 -1.35208273
v -0.17255728 0.00883565 -1.33987176
v -0.14790037 0.00858929 -1.39787483
v -0.14050987 0.00593593 -1.40773928
v -0.03249556 -0.00527540 -0.73660570
v -0.05483483 -0.00915103 -0.74136162
v -0.04558305 -0.00833827 -0.74286622
v 0.01203258 0.02298858 -0.70547253
v -0.00809282 0.00500737 -0.70559192
v -0.00126002 0.00737814 -0.71883965
v 0.01719092 0.02554115 -0.72164953
v -0.04414269 0.17247890 -0.75848705
v -0.08254418 0.17504498 -0.76453316
v -0.16051701 0.06620669 -0.72578573
v -0.16173565 0.19817564 -1.12408817
v -0.16841301 0.20916329 -1.12975705
v -0.16554677 0.19576669 -1.15010583
v -0.15801236 0.18570489 -1.14421129
v -0.19386002 0.05410615 -1.21388733
v -0.18795764 0.06124139 -1.18603480
v -0.06546280 0.07123794 -1.38539588
v -0.06073197 0.14730592 -1.37294054
v -0.03873970 0.13936776 -1.35869682
v -0.04269333 0.13049963 -1.36304903
v -0.06483721 0.13721181 -1.37800360
v -0.14378437 0.14784749 -1.33596992
v -0.12963545 0.14945947 -1.35081172
v -0.13766176 0.13830529 -1.35444129
v -0.15183553 0.13537113 -1.33835530
v -0.20566654 0.02811320 -0.86761987
v -0.20475182 0.05837887 -0.86766315
v -0.15749307 0.02958713 -1.05057287
v -0.15629321 0.05031068 -1.04861844
v -0.16147462 0.04828950 -1.06822860
v -0.16311701 0.02828572 -1.07092702
v -0.18607943 0.08428997 -1.20054638
v -0.17575526 0.09840091 -1.18366492
v 0.05127955 0.00603338 -1.22142029
v 0.05289479 0.02302488 -1.22485077
v 0.06043649 0.02290997 -1.20820141
v 0.05709282 0.00653539 -1.20231950
v -0.16248830 0.20515847 -1.19564176
v -0.16088900 0.18722370 -1.20754325
v -0.16084895 0.17741266 -1.19485569
v -0.16560338 0.19195463 -1.17910087
v -0.12177166 0.16142881 -0.76858449
v -0.15229735 0.13426064 -0.75215244
v -0.10136149 0.12678042 -1.08783627
v -0.12444980 0.11626768 -1.09100890
v -0.11943571 0.11306724 -1.07326078
v -0.09731150 0.12425558 -1.07009745
v -0.10318446 0.13316394 -1.13501585
v -0.10335231 0.12938370 -1.12108994
v -0.10485028 0.13878594 -1.14854157
v -0.12227033 0.14868817 -1.22831273
v -0.12744823 0.14350854 -1.22932231
v -0.13100940 0.15164037 -1.23256862
v 0.02628549 0.04788439 -0.70741189
v 0.03695786 0.04362601 -0.77672404
v 0.04049188 0.03363089 -0.78901398
v -0.03997580 -0.00765795 -0.74484712
v -0.06015368 0.04408127 -1.40325165
v -0.04623973 0.03641519 -1.39704990
v -0.11818802 0.14800879 -1.20987356
v -0.12689823 0.15181047 -1.19364548
v -0.09073442 0.14316489 -1.22155523
v -0.10615133 0.14580251 -1.22024691
v -0.10221701 0.14918680 -1.21473026
v -0.08565085 0.14635374 -1.21585524
v -0.11949955 0.14788803 -1.22163606
v -0.11679428 0.15073462 -1.21654940
v -0.00160480 0.10557188 -1.28300309
v -0.01065730 0.10870151 -1.29916680
v -0.01168153 0.11842254 -1.29295385
v -0.00357320 0.11535294 -1.27694130
v 0.00094631 0.09438463 -1.28682876
v 0.00414675 0.08097608 -1.28928936
v -0.00787346 0.08366194 -1.30710101
v -0.00992588 0.09730862 -1.30415916
v -0.02953838 0.04769373 -1.35724092
v -0.04335729 0.06663705 -1.36534965
v -0.02105173 0.02688155 -1.35030615
v -0.01591020 0.00845979 -1.34529686
v -0.15362740 0.01232447 -1.38717914
v -0.16077346 0.00847081 -1.37420988
v -0.15806356 0.02816182 -1.37914062
v -0.14884058 0.03377400 -1.39037561
v -0.03900709 0.02856059 -1.38508773
v -0.03195376 0.01607121 -1.37817252
v -0.02681835 0.00400815 -1.36472678
v -0.07692213 0.22890800 -1.18481112
v -0.08207027 0.23743393 -1.16479826
v -0.09098923 0.04955358 -1.41718411
v -0.07507007 0.04898139 -1.41050124
v -0.09080066 0.23876791 -1.19135654
v -0.09622176 0.24731846 -1.17097712
v -0.04599424 0.11990815 -1.36554134
v -0.02932985 0.12228902 -1.34126747
v -0.03146153 0.11100613 -1.34387290
v -0.03509376 0.02553065 -1.39298236
v -0.02924573 0.01400380 -1.38632500
v -0.06834679 0.17349757 -0.79873502
v -0.03422636 0.17121595 -0.79268229
v -0.01944787 0.12653463 -1.04311836
v -0.04344368 0.13295031 -1.04719508
v 0.07070466 -0.00073117 -1.07166481
v 0.07393039 -0.00243125 -1.04929805
v -0.02187131 -0.01249415 -1.38856804
v 0.07282307 0.02022696 -1.00365627
v 0.07502333 -0.00194046 -0.99924505
v 0.07469656 -0.00253329 -1.02536500
v 0.07163789 0.01954653 -1.02757442
v 0.07755622 -0.01071232 -0.96295440
v 0.07590929 -0.00944163 -0.97469461
v 0.04998627 -0.00524699 -0.80447823
v 0.04924554 0.00841795 -0.80422676
v -0.04304811 0.17385544 -1.23725605
v -0.04408789 0.18700570 -1.25167441
v -0.04977793 0.19295751 -1.23396957
v -0.04788619 0.17862859 -1.22073483
v 0.06540144 0.04017908 -1.00679350
v 0.05247306 0.06007763 -1.00942647
v -0.04423807 0.14221129 -1.21845949
v -0.02650877 0.14067481 -1.22492194
v 0.05103415 -0.00207626 -1.15333962
v 0.06094497 0.03983570 -1.21258938
v 0.05286962 0.04016539 -1.22774529
v 0.05069668 0.05624708 -1.22939432
v 0.05915327 0.05525246 -1.21581531
v -0.04987516 -0.00842308 -0.74627215
v -0.14110954 0.19931702 -1.27275491
v -0.13935791 0.20609936 -1.26316309
v -0.13200721 0.21013162 -1.27045023
v -0.13385880 0.20370705 -1.28094113
v -0.03417494 -0.00475037 -0.70974642
v -0.04488279 -0.00544833 -0.69407523
v -0.11707585 0.00299432 -0.73798603
v -0.10196491 -0.00734347 -0.74370748
v 0.02548073 0.07488677 -0.65366566
v 0.03068333 0.07750919 -0.68303168
v 0.01852877 0.07082582 -0.62573504
v 0.01129389 0.06889747 -0.59588718
v -0.05566412 0.06208079 -0.41633081
v -0.05646193 0.07199109 -0.38817281
v -0.07319608 0.07446416 -0.30074090
v -0.07812817 0.07397208 -0.26750535
v -0.08334434 0.07373412 -0.23134291
v -0.08829255 0.07292797 -0.19517136
v -0.09044820 0.07273127 -0.15901780
v -0.11334645 0.25284010 -1.17212605
v -0.10994072 0.24486150 -1.19541013
v -0.12995803 0.24356328 -1.19179201
v -0.13091937 0.25334293 -1.16817975
v -0.12731753 0.16299671 -1.15763474
v -0.11070980 0.16125575 -1.15911460
v -0.11661123 0.17090556 -1.14064586
v -0.13248113 0.17319071 -1.14021528
v -0.13799042 0.18367389 -1.12157893
v -0.15116028 0.18979755 -1.12226081
v -0.14654115 0.17789717 -1.14135838
v -0.16929159 0.22190684 -1.13889146
v -0.16512820 0.23321779 -1.14783120
v -0.16441947 0.22053728 -1.17038465
v -0.16823453 0.20704688 -1.15884340
v -0.14623901 0.24907412 -1.16269076
v -0.14600876 0.23838668 -1.18503356
v -0.15724424 0.23020519 -1.17789972
v -0.15775889 0.24213354 -1.15563893
v -0.09138954 0.18610880 -1.12712085
v -0.10658056 0.18058676 -1.12283134
v -0.09981909 0.17195255 -1.14290762
v -0.08455365 0.17722072 -1.14743710
v -0.05199293 0.20218329 -1.26717818
v -0.05821600 0.20771761 -1.24740779
v -0.04931242 0.14162789 -1.24284959
v -0.03531950 0.14351374 -1.24970329
v -0.04365334 0.14504567 -1.24280262
v -0.05935146 0.13709530 -1.23936212
v -0.06174478 0.20652130 -1.19682431
v -0.05536929 0.19902325 -1.21636999
v -0.06452415 0.21315375 -1.22658980
v -0.07090118 0.21995121 -1.20515454
v -0.07858567 0.16791184 -1.16713321
v -0.09389507 0.16265738 -1.16199327
v -0.08717942 0.15378699 -1.18176007
v -0.07145797 0.15878239 -1.18616390
v -0.16166466 0.18196802 -1.16861880
v -0.15562660 0.16927940 -1.18544745
v -0.04666736 0.16024373 -1.22491944
v -0.05288489 0.16387467 -1.20898509
v -0.02181847 0.13904214 -1.21660280
v -0.07751739 0.14780286 -1.20021164
v -0.08129425 0.14777835 -1.20887065
v 0.03640172 0.10648516 -1.17156076
v 0.03994815 0.10772456 -1.18502402
v -0.03790733 0.13806991 -1.16592813
v -0.04524633 0.14161727 -1.17970741
v 0.02872397 0.11437108 -1.17650115
v 0.03338433 0.11293192 -1.18503618
v 0.03846958 0.06452374 -1.11509013
v -0.02269260 0.00604938 -1.35573757
v -0.05342362 0.18370391 -1.20359123
v -0.05945990 0.16935457 -1.19361627
v -0.15228213 0.16356489 -1.22623241
v -0.14769721 0.15786950 -1.21973455
v -0.15445383 0.16634159 -1.20881355
v -0.15717039 0.17443930 -1.21773958
v -0.17590016 0.11655791 -1.22641480
v -0.18170097 0.10257205 -1.21229517
v -0.17120141 0.11295401 -1.19806588
v -0.16642258 0.12447883 -1.21336079
v -0.11542144 0.21688457 -1.27600145
v -0.10446824 0.22012302 -1.27312660
v -0.10208380 0.21365827 -1.29074109
v -0.11492846 0.21085484 -1.28995502
v -0.09047394 0.22211458 -1.26707113
v -0.07357737 0.21894693 -1.25819349
v -0.06768367 0.21315886 -1.27971387
v -0.08609783 0.21533544 -1.28806639
v -0.10986226 0.16014168 -0.83819616
v -0.08330309 0.16675447 -0.83496487
v 0.01096382 0.11891635 -0.96528459
v 0.02874778 0.10110320 -0.95793909
v 0.03702943 0.08906992 -0.86348331
v 0.02309667 0.02668757 -0.74708414
v 0.00269703 0.00753843 -0.73643684
v -0.05574630 -0.00444902 -0.67208368
v -0.05419392 0.17089979 -0.83023202
v -0.06489632 0.00009846 -0.64429766
v -0.07356517 0.00615346 -0.61507392
v -0.14169803 0.04315298 -0.61993188
v -0.15085512 0.07001439 -0.61939985
v -0.15154433 0.06679906 -0.64815938
v -0.14086282 0.03715022 -0.65011209
v -0.15016776 0.09775917 -0.61842161
v -0.15166491 0.09706965 -0.64575779
v -0.00746544 0.11865334 -0.53711730
v -0.17910758 0.07645608 -0.31953716
v -0.17898121 0.09581707 -0.28275508
v -0.18003672 0.10017636 -0.32043791
v -0.17839462 0.07431254 -0.28238064
v -0.17123060 0.12126614 -0.31936526
v -0.16778004 0.12155089 -0.35259312
v -0.10239078 0.13818230 -0.27344668
v -0.17448619 0.07606269 -0.24481237
v -0.17466667 0.09539981 -0.24515009
v -0.16722950 0.11339185 -0.24450803
v -0.17053503 0.11703584 -0.28266060
v -0.02459790 -0.00324501 -0.72054428
v -0.00878735 0.15920797 -0.75346661
v -0.00378611 0.15842412 -0.78594732
v 0.03137857 0.10260467 -0.79385853
v 0.03668277 0.07535808 -0.77874351
v 0.03374646 0.07971053 -1.03157640
v 0.01894251 0.09899768 -1.03431559
v 0.01309135 0.09755436 -1.07566929
v -0.00445850 0.11280209 -1.07845259
v -0.00181181 0.11347574 -1.05807936
v 0.01564340 0.09770115 -1.05430984
v -0.04998111 0.13115178 -1.08353424
v -0.07621948 0.13188007 -1.08555150
v -0.07269626 0.13061982 -1.06746697
v -0.04713247 0.13068101 -1.06485105
v -0.06894274 0.13286109 -1.05115390
v -0.09314124 0.12633823 -1.05427098
v -0.16045639 0.06675787 -1.08552742
v -0.15036681 0.08408582 -1.08133972
v -0.15598425 0.08563201 -1.10149944
v -0.16550046 0.06775731 -1.10677803
v 0.04620877 0.01961992 -0.79879737
v -0.01534206 -0.00073908 -0.73477781
v 0.03382000 0.07937744 -0.71091366
v 0.03241821 0.11237036 -0.74274653
v 0.01719518 0.14105153 -0.74857950
v -0.10462010 0.14609262 -1.21192217
v -0.15323862 0.14485544 -1.23619032
v -0.15818229 0.14341530 -1.24626005
v -0.09672440 0.22828990 -1.24574733
v -0.07949547 0.22460757 -1.23705244
v -0.06344546 0.15244398 -1.20317006
v -0.03892667 0.18256660 -1.26884723
v -0.03762878 0.16929984 -1.25312805
v -0.03182583 0.16521506 -1.26860881
v 0.02105263 0.11705060 -0.85293949
v 0.00291509 0.14514391 -0.84068215
v 0.01934405 0.12112536 -0.82956123
v -0.08701465 -0.00962602 -0.74566191
v 0.03437994 0.05231216 -0.76221591
v -0.08096585 0.01140464 -0.58632803
v -0.08801228 0.01512336 -0.55902165
v -0.09524059 0.01730606 -0.53364158
v -0.10256589 0.01870881 -0.50775921
v -0.10944922 0.02125081 -0.48238641
v -0.11524506 0.02726756 -0.45707732
v -0.11702224 0.03484529 -0.43131799
v -0.12290055 0.03727858 -0.40399224
v -0.11771673 0.03092268 -0.34088713
v -0.13589507 0.03259196 -0.34330916
v -0.13044325 0.03533148 -0.37463170
v -0.13965814 0.03132361 -0.31152856
v -0.14075233 0.03057183 -0.27683359
v -0.14054039 0.03563673 -0.24126709
v -0.13812198 0.04444542 -0.16816247
v -0.13963342 0.04191974 -0.20425832
v -0.06100194 -0.00837273 -0.74673128
v -0.07312994 -0.00956565 -0.74667752
v -0.03413815 0.09658366 -1.34617770
v -0.06818850 0.14340125 -1.22036898
v -0.07451914 0.14018293 -1.22550046
v -0.05638967 0.14828132 -1.21834946
v -0.14579135 0.22652337 -1.20473039
v -0.13014628 0.23390587 -1.21280837
v -0.07994527 0.14648567 -1.20079255
v -0.07440390 0.13276586 -1.23629975
v -0.06480619 0.13847305 -1.23728800
v -0.03909639 0.27670231 -1.01052368
v -0.04800431 0.28666750 -1.00627780
v -0.03460093 0.28261322 -0.99146819
v -0.02720154 0.27202302 -0.99521059
v -0.03494935 0.26295099 -1.01151562
v -0.02463838 0.25911081 -0.99621284
v -0.06961140 0.21956213 -0.98001355
v -0.05883446 0.22184922 -0.99009567
v -0.04920230 0.22369556 -0.97403574
v -0.05936992 0.22258677 -0.96422011
v -0.01605153 0.24391605 -0.97911942
v -0.02198315 0.23485191 -0.97430474
v -0.03152145 0.23594774 -0.98968369
v -0.02587173 0.24650697 -0.99403536
v -0.09000695 0.23597150 -0.96583629
v -0.09510369 0.24941470 -0.96508068
v -0.10808652 0.24489437 -0.97888672
v -0.10165907 0.23123614 -0.97988647
v -0.10155810 0.21606928 -1.04849076
v -0.11313768 0.21321748 -1.03876281
v -0.11592963 0.21293187 -1.05157173
v -0.10458051 0.21690623 -1.06095219
v -0.06334687 0.28437266 -1.04148543
v -0.07578415 0.29286864 -1.03671598
v -0.06223300 0.29027876 -1.02156591
v -0.05146709 0.28067288 -1.02618945
v -0.05884775 0.23983170 -1.03876507
v -0.06672327 0.22725329 -1.03241837
v -0.07618496 0.22953910 -1.04940569
v -0.06914160 0.24291961 -1.05503154
v -0.07716835 0.28771871 -1.05640364
v -0.09010532 0.29354626 -1.05219674
v -0.04035434 0.23698159 -1.00591826
v -0.04905958 0.22777149 -0.99901760
v -0.05774905 0.22695252 -1.01570857
v -0.04911874 0.23801090 -1.02215290
v -0.06399953 0.24314885 -0.93965697
v -0.06694962 0.25533131 -0.93986201
v -0.08133604 0.25288710 -0.95223522
v -0.07720133 0.24013238 -0.95226765
v -0.03019419 0.22915813 -0.96734482
v -0.03908362 0.22586356 -0.95871544
v -0.03993370 0.22867298 -0.98293978
v -0.04180830 0.28749794 -0.96369332
v -0.03095856 0.28469062 -0.97100019
v -0.04574896 0.28859890 -0.98543721
v -0.05774938 0.29051715 -0.97737896
v -0.08778672 0.21539564 -1.01408172
v -0.07656172 0.21912502 -1.02394605
v -0.06790844 0.22007732 -1.00676894
v -0.07920554 0.21709308 -0.99655104
v -0.05644469 0.27041453 -1.04382443
v -0.04549903 0.26654515 -1.02779019
v -0.07331724 0.29228845 -0.99104393
v -0.06058253 0.29202512 -0.99962145
v -0.07547311 0.29422772 -1.01402831
v -0.08895928 0.29307538 -1.00530183
v -0.11516748 0.28396502 -1.01007783
v -0.12100288 0.27053878 -1.00250077
v -0.10662295 0.27399209 -0.98843563
v -0.09989512 0.28613162 -0.99623686
v -0.09556334 0.21522832 -1.03200769
v -0.10773438 0.21450374 -1.02182698
v -0.11195551 0.22624955 -0.99613386
v -0.12010057 0.23979886 -0.99390650
v -0.13064185 0.23434360 -1.00990081
v -0.12064086 0.22114080 -1.01323819
v -0.08273866 0.26405719 -1.08699036
v -0.08903386 0.27743828 -1.08732939
v -0.08066885 0.27784282 -1.07453775
v -0.07524923 0.26280108 -1.07453370
v -0.09068481 0.28809175 -1.07224762
v -0.10214482 0.28714603 -1.08575404
v -0.12719455 0.28111374 -1.10585058
v -0.14017469 0.27890185 -1.09979331
v -0.13713762 0.28380606 -1.08779860
v -0.12302777 0.28644076 -1.09337783
v -0.14620915 0.27674234 -1.03697538
v -0.14981046 0.26018903 -1.03179181
v -0.13523722 0.26560372 -1.01678467
v -0.13083485 0.28135270 -1.02293324
v -0.15622212 0.23670338 -1.04174304
v -0.14514740 0.22388677 -1.03996158
v -0.13952334 0.22902052 -1.02602410
v -0.14747615 0.24371330 -1.02760267
v -0.15914309 0.21050824 -1.08804464
v -0.14750248 0.20158093 -1.08560002
v -0.14825264 0.20747064 -1.07361221
v -0.15945154 0.21749099 -1.07485604
v -0.11752880 0.19719633 -1.08951223
v -0.10370943 0.20279875 -1.09440994
v -0.10585053 0.20810030 -1.08631551
v -0.11902983 0.20198338 -1.08043361
v -0.09022909 0.25357318 -1.12683833
v -0.10354122 0.26365411 -1.13259554
v -0.10235605 0.26742592 -1.12240756
v -0.09060458 0.25644431 -1.11809576
v -0.15888618 0.27221033 -1.05029368
v -0.16335727 0.25274482 -1.04701054
v -0.11870634 0.20663624 -1.07209039
v -0.10602184 0.21178383 -1.07929718
v -0.10498487 0.21566188 -1.07057595
v -0.11736970 0.21086995 -1.06288779
v -0.09145701 0.23206662 -1.09532130
v -0.08706116 0.24498563 -1.10239720
v -0.08604003 0.24774019 -1.09499955
v -0.09042975 0.23445387 -1.08791721
v -0.08906523 0.25916877 -1.11045468
v -0.09857891 0.27200612 -1.11211872
v -0.09523222 0.27515799 -1.10119307
v -0.08652497 0.26261452 -1.09977627
v -0.16019627 0.27157167 -1.07750916
v -0.16865808 0.26370376 -1.06990004
v -0.16553660 0.26903552 -1.06108785
v -0.15625051 0.27734005 -1.06858468
v -0.15854838 0.23053099 -1.05359542
v -0.14738518 0.21904960 -1.05208170
v -0.09052537 0.23686676 -1.07635880
v -0.09547465 0.22435580 -1.06904435
v -0.09653969 0.22376043 -1.07904387
v -0.10885406 0.28270027 -1.09945631
v -0.16776696 0.22068343 -1.09161818
v -0.17252979 0.23192807 -1.09631991
v -0.17108634 0.22275394 -1.11154902
v -0.16581783 0.21173543 -1.10599792
v -0.15649921 0.20188533 -1.10218763
v -0.14411658 0.19400519 -1.10000765
v -0.11278254 0.19075765 -1.10369921
v -0.09850912 0.19536002 -1.10809219
v -0.08667076 0.20570520 -1.11514330
v -0.07955411 0.21913412 -1.12467766
v -0.08596845 0.22715355 -1.11039174
v -0.09295891 0.21333852 -1.10146141
v -0.10062145 0.25557265 -1.14967942
v -0.08686726 0.24570484 -1.14404929
v -0.11679916 0.26105189 -1.14967024
v -0.11788009 0.26827729 -1.13257635
v -0.13335194 0.20697476 -1.06643963
v -0.13383237 0.20182583 -1.07575059
v -0.08449003 0.28707060 -0.98213053
v -0.09169969 0.27642649 -0.97459829
v -0.07626621 0.27735066 -0.96122444
v -0.06846954 0.28648371 -0.96897602
v -0.06555554 0.26692876 -0.94299912
v -0.08075896 0.26576194 -0.95539260
v -0.03550473 0.24906604 -1.01005018
v -0.04510502 0.25162074 -1.02618718
v -0.01374073 0.25547412 -0.98103738
v -0.08472234 0.24932964 -1.08318639
v -0.07864026 0.24669285 -1.07106805
v -0.15155587 0.27315468 -1.09392285
v -0.14277294 0.27323678 -1.11165392
v -0.15402634 0.26847255 -1.10506833
v -0.13498586 0.28756586 -1.04696381
v -0.11913361 0.29170221 -1.05794692
v -0.13415982 0.28681764 -1.07235157
v -0.14798012 0.28283188 -1.05905664
v -0.16960320 0.25798708 -1.07846725
v -0.16199087 0.26688346 -1.08645833
v -0.16330880 0.26114410 -1.09771049
v -0.17030036 0.25147045 -1.08982956
v -0.08730535 0.24242188 -1.10992241
v -0.08477963 0.24014823 -1.11831498
v -0.14447755 0.26724613 -1.12473226
v -0.13193437 0.26927695 -1.12883139
v -0.13249463 0.26217785 -1.14494610
v -0.14625931 0.25925079 -1.14076698
v -0.12999034 0.27522579 -1.11721826
v -0.15574886 0.26222768 -1.11875272
v -0.15718272 0.25395706 -1.13521087
v -0.07949420 0.23314132 -1.13493574
v -0.17102557 0.24368300 -1.10397816
v -0.16469911 0.25438359 -1.11163104
v -0.16563365 0.24534594 -1.12807727
v -0.17087832 0.23434176 -1.11968923
v -0.09540686 0.26331785 -0.96874201
v -0.10932878 0.25984275 -0.98231959
v -0.13110362 0.21445376 -1.04325378
v -0.12784237 0.21717167 -1.02951181
v -0.13248105 0.21151640 -1.05540943
v -0.08093129 0.22451882 -0.97054505
v -0.06958588 0.22854502 -0.95623744
v -0.10038113 0.21702957 -1.00357473
v -0.09124542 0.22063851 -0.98656750
v -0.10448579 0.29214665 -1.01928592
v -0.16639510 0.23608090 -1.06673670
v -0.15870675 0.22473185 -1.06387281
v -0.16607749 0.24246161 -1.05756891
v -0.12825008 0.18986295 -1.10168779
v -0.13263951 0.19703554 -1.08617139
v -0.16879693 0.25855350 -1.05723238
v -0.12238099 0.18020342 -1.12082803
v -0.11690468 0.28992328 -1.08100033
v -0.11261505 0.27883989 -1.11049056
v -0.11622977 0.27350208 -1.12149930
v -0.02153923 0.27808595 -0.97701567
v -0.05497660 0.25443381 -1.04257202
v -0.08487517 0.23326941 -1.06483305
v -0.09226006 0.22275494 -1.05754685
v -0.17124245 0.24696855 -1.07118773
v -0.17222303 0.23986350 -1.08229482
v -0.16733876 0.22860865 -1.07771540
v -0.09032388 0.23041143 -1.10164499
v -0.09620734 0.21761717 -1.09310198
v -0.05765767 0.23239292 -0.94290513
v -0.09709874 0.22060388 -1.08668005
v -0.10438368 0.29253456 -1.06618273
v -0.17600897 0.00902387 -1.32661688
v -0.03054064 0.13278680 -1.15333951
v 0.01297678 0.09355789 -1.13262379
v -0.00146160 0.10867406 -1.13461947
v -0.05764766 0.14396626 -1.20416701
v -0.06258637 0.14413047 -1.21343672
v -0.08119790 0.13807289 -1.23153555
v -0.08926389 0.13382551 -1.23218727
v -0.02438956 0.13779531 -1.18604684
v 0.07429177 -0.01139219 -0.98686695
v -0.15829974 0.04072439 -0.98763537
v -0.15921873 0.01589518 -0.98719871
v -0.16749400 0.01976760 -0.96966028
v -0.16447693 0.04579185 -0.96987933
v -0.17659116 0.02321833 -0.95137966
v -0.11546750 0.15330288 -0.92085099
v -0.11275211 0.14822157 -0.94201636
v -0.13592187 0.13498738 -0.94025677
v -0.14009708 0.13969801 -0.91785979
v -0.08631226 0.15168397 -0.95826697
v -0.11109057 0.14240158 -0.96047962
v -0.08613907 0.15662229 -0.94125867
v -0.05872712 0.15819818 -0.93598783
v -0.05918099 0.15399943 -0.95374107
v -0.03285451 0.15333198 -0.92718112
v -0.03286245 0.14932233 -0.94640416
v -0.00960169 0.14364666 -0.91706198
v 0.01068792 0.12803839 -0.90707546
v 0.02406209 0.11324342 -0.87705857
v 0.04024227 0.08742923 -0.88886189
v 0.02673064 0.10975526 -0.89825165
v 0.05935056 0.03973955 -0.87440372
v 0.05125907 0.06347820 -0.88041389
v 0.06560010 -0.00340058 -0.86804938
v 0.06391927 0.01733184 -0.87036103
v -0.02054590 0.08851542 -1.32586455
v -0.12147707 0.09850840 -1.39243662
v -0.09825712 0.10697560 -1.39374673
v -0.12147886 0.08391760 -1.39767635
v -0.16150028 0.11885311 -1.34011602
v -0.14874582 0.12345545 -1.35714316
v -0.16251746 0.10117352 -1.35433507
v -0.17209616 0.09744586 -1.33818650
v -0.13693956 0.07293321 -1.39194751
v -0.13681132 0.06481117 -1.39412582
v -0.13904254 0.08532485 -1.38751829
v -0.16105312 0.04745531 -1.37519598
v -0.15243156 0.06870529 -1.38133013
v -0.08711930 0.15160514 -1.37422633
v -0.11084737 0.15138553 -1.36506093
v -0.10462122 0.16072714 -1.35999048
v -0.08089209 0.16255075 -1.36839020
v -0.15420598 0.14526045 -1.32075500
v -0.16142190 0.14123030 -1.30592024
v -0.15545821 0.15271114 -1.30540454
v -0.14794013 0.15575352 -1.31961226
v -0.06451711 0.19120046 -1.33340204
v -0.08667190 0.19043215 -1.33552647
v -0.08445670 0.19994558 -1.32196152
v -0.06401143 0.19965401 -1.31700552
v -0.13653004 0.15755396 -1.33408356
v -0.19296053 0.07514194 -1.22135520
v -0.18211244 0.10993557 -1.24025595
v -0.18863721 0.09434642 -1.22957873
v -0.16124360 0.14270006 -1.25669849
v -0.16674347 0.13442852 -1.25387454
v -0.16296291 0.13671760 -1.24167681
v -0.15171003 0.15644933 -1.25979245
v -0.15608507 0.15040562 -1.25821722
v -0.03353596 0.15385363 -1.25330508
v -0.02636601 0.15023227 -1.26511812
v -0.02645867 0.15919173 -1.28465164
v -0.14395331 0.15696898 -1.24969709
v -0.14444268 0.15786944 -1.24904561
v -0.14529233 0.16175711 -1.25379431
v -0.14517725 0.15891802 -1.25478005
v -0.09225364 0.14121141 -1.37934232
v -0.10461447 0.18718946 -1.33029246
v -0.11877571 0.18509488 -1.32203615
v -0.11632779 0.19500121 -1.31305778
v -0.10186380 0.19747065 -1.31973410
v -0.13125977 0.18290666 -1.31277525
v -0.14008361 0.17963739 -1.30246758
v -0.13702619 0.18869600 -1.29762781
v -0.12811920 0.19224265 -1.30577314
v -0.14576612 0.16671093 -1.25911033
v -0.14595509 0.16117628 -1.26145899
v -0.04745869 0.19727282 -1.28568792
v -0.04858983 0.16772710 -1.35562491
v -0.03023369 0.15640651 -1.33874786
v -0.03368188 0.14785707 -1.35086095
v -0.05453586 0.15790392 -1.36612153
v -0.11028862 0.14392588 -1.22429347
v -0.09704266 0.14177813 -1.22681034
v -0.12265359 0.14648005 -1.22315979
v -0.13786340 0.15357001 -1.23913956
v -0.13331887 0.14888895 -1.22385979
v -0.05038049 0.14616649 -1.23235595
v -0.04098568 0.15702842 -1.24011934
v -0.02299913 0.14460786 -1.31456685
v -0.02411943 0.13749485 -1.32665026
v -0.06455855 0.20661227 -1.29917574
v -0.08421096 0.20828977 -1.30580664
v -0.14959550 0.16576819 -1.24377024
v -0.15421695 0.17338464 -1.23862505
v -0.15011670 0.16999917 -1.24862802
v -0.14380386 0.15155533 -1.23700464
v -0.14187509 0.15409280 -1.24540341
v -0.07388728 0.17273781 -1.36101663
v -0.10121446 0.20597979 -1.30657482
v -0.11589251 0.20311289 -1.30242479
v -0.13615820 0.17373708 -1.31696701
v -0.12402448 0.17530306 -1.32813919
v -0.13019970 0.16622964 -1.33168817
v -0.14189434 0.16478699 -1.31880975
v -0.13511440 0.19701932 -1.29023838
v -0.14228846 0.19191270 -1.28077304
v -0.14480694 0.17121969 -1.30499399
v -0.15021065 0.16263765 -1.30553138
v -0.14993015 0.17477861 -1.25440633
v -0.02662479 0.13040334 -1.33579969
v -0.01983086 0.12326398 -1.31270647
v -0.02024057 0.11450088 -1.31856596
v -0.01906801 0.13741302 -1.29152584
v -0.01896934 0.13046525 -1.30352390
v -0.02090361 0.14439462 -1.27721894
v -0.02071767 0.10284078 -1.32245135
v -0.17066005 0.25367916 -1.06312537
v -0.15618999 0.18218322 -1.23279023
v -0.15408303 0.16882743 -1.23291337
v -0.15735623 0.17919873 -1.22604942
v -0.15540147 0.21892783 -1.19987023
v -0.14887735 0.27731434 -1.08386791
v -0.14683127 0.28027132 -1.07501125
v -0.11980386 0.29022121 -1.03349745
v -0.09018834 0.29494232 -1.02889812
v -0.10486519 0.29393983 -1.04386008
v -0.06776237 0.27454680 -1.06022847
v -0.06529830 0.25849345 -1.05934393
v -0.08500619 0.22061153 -1.04080009
v -0.13548687 0.24979971 -1.01198959
v 0.01067670 0.25801718 -0.95306313
v 0.00690895 0.26885098 -0.94957912
v 0.02152781 0.26396266 -0.93585718
v 0.02365102 0.25275752 -0.93884182
v 0.03190219 0.23853333 -0.92347401
v 0.02126597 0.24264620 -0.93841434
v 0.03624579 0.24776770 -0.92462415
v 0.02535557 0.23290454 -0.92042720
v 0.01546162 0.23575364 -0.93485898
v 0.01738126 0.23058525 -0.91548061
v 0.00952378 0.23046841 -0.91008449
v 0.00045074 0.23046704 -0.92349178
v 0.00802191 0.23181306 -0.92964131
v -0.00706318 0.23181234 -0.91714525
v -0.01440886 0.23522578 -0.91083539
v -0.02596803 0.23161523 -0.92319596
v -0.01777385 0.22971821 -0.93051153
v -0.01003527 0.25456661 -0.89384604
v -0.00823595 0.26324049 -0.89473522
v -0.02250637 0.26180160 -0.90517271
v -0.02368588 0.25186774 -0.90401888
v -0.02715601 0.27694055 -0.92447376
v -0.03382953 0.26890421 -0.91967499
v -0.01771357 0.27048236 -0.90826809
v -0.01092156 0.27753666 -0.91280580
v 0.00359316 0.27848735 -0.90138364
v 0.01265611 0.27925798 -0.90679449
v -0.00249128 0.27982137 -0.91799718
v -0.01522682 0.26757661 -0.98026812
v -0.00255533 0.26306230 -0.96654737
v -0.00199608 0.25127032 -0.96707535
v -0.01233997 0.23350017 -0.95916581
v -0.00592888 0.24081577 -0.96419549
v 0.00498591 0.23814349 -0.94976956
v -0.00201931 0.23246171 -0.94452262
v -0.04882232 0.22605443 -0.94990057
v -0.02871321 0.22787526 -0.94437003
v -0.03744967 0.22884277 -0.93630397
v -0.00969252 0.23003028 -0.93786544
v -0.02020920 0.22949603 -0.95223635
v -0.03306545 0.23854624 -0.91768086
v -0.02054839 0.24232481 -0.90605855
v -0.00038437 0.27628425 -0.94407231
v -0.00931723 0.28065932 -0.93777490
v 0.00695349 0.27761820 -0.92408973
v 0.01550283 0.27253476 -0.93037367
v -0.04516654 0.23545663 -0.93029332
v -0.02544723 0.28395295 -0.95048797
v -0.01588936 0.28025728 -0.95753163
v -0.01879801 0.28116116 -0.93116409
v -0.03532934 0.28277773 -0.94335830
v 0.02989560 0.26886731 -0.91764933
v 0.03509472 0.25889531 -0.92237341
v -0.00766592 0.27348745 -0.96354103
v -0.03735050 0.24841435 -0.91539967
v -0.03766498 0.25943458 -0.91607988
v -0.05234898 0.25726771 -0.92772460
v -0.05073191 0.24566738 -0.92728198
v -0.06016899 0.27723929 -0.94856685
v -0.04984045 0.26804861 -0.93133897
v -0.04374187 0.27685273 -0.93639386
v -0.00347419 0.27144271 -0.89733374
v -0.05192817 0.28464341 -0.95555675
v 0.04226978 0.21142600 -0.84683239
v 0.04977030 0.21276510 -0.83979386
v 0.04577205 0.21983272 -0.84259295
v 0.04041793 0.21954392 -0.85136521
v 0.03406109 0.19622955 -0.87218720
v 0.03857021 0.19023159 -0.86232585
v 0.03491282 0.19478852 -0.85360378
v 0.03052270 0.20164336 -0.86299199
v 0.04535952 0.20444895 -0.84232283
v 0.05436777 0.20736139 -0.83751392
v 0.06320354 0.20953847 -0.83342427
v 0.05831940 0.20522532 -0.83968520
v 0.06924789 0.21129099 -0.83615768
v 0.07447701 0.21926649 -0.84290522
v 0.07909558 0.22222015 -0.83149123
v 0.07511314 0.21381795 -0.83035660
v 0.06584489 0.24576996 -0.84334522
v 0.05765711 0.25318930 -0.84198749
v 0.06256106 0.25116536 -0.82731235
v 0.07019485 0.24279140 -0.82938457
v 0.04364165 0.26001006 -0.82717144
v 0.05341430 0.25521508 -0.82638144
v 0.04963804 0.25764903 -0.84131098
v 0.04115898 0.26164144 -0.84111357
v 0.03695814 0.22732688 -0.85320145
v 0.04083218 0.22649956 -0.84391725
v 0.03641832 0.22999018 -0.84298944
v 0.03246304 0.23143445 -0.85228419
v 0.06505439 0.20727730 -0.84364688
v 0.05727229 0.19685113 -0.83978021
v 0.06092469 0.19667466 -0.84296179
v 0.06706209 0.20727634 -0.85000193
v 0.01408276 0.23253082 -0.88009423
v 0.01544698 0.23164292 -0.86982530
v 0.00983109 0.23490687 -0.86547124
v 0.00744795 0.23658343 -0.87648380
v 0.02706993 0.22024269 -0.88968331
v 0.03630454 0.22140917 -0.89974165
v 0.04017165 0.21414879 -0.89449668
v 0.02918827 0.21246539 -0.88564557
v 0.04279820 0.20565993 -0.88727307
v 0.04450883 0.19714414 -0.87809277
v 0.03124791 0.20375232 -0.87939334
v 0.04699727 0.19106603 -0.86651504
v 0.00221604 0.24497037 -0.86464965
v 0.00257763 0.24601845 -0.87321657
v 0.06650632 0.20026331 -0.79199839
v 0.07139365 0.19746645 -0.79342800
v 0.07087646 0.19511932 -0.78972232
v 0.06616504 0.19779080 -0.78780246
v 0.01340281 0.26949081 -0.87512171
v 0.00677370 0.26311210 -0.87328267
v 0.00831621 0.26409164 -0.86744273
v 0.01624972 0.26940089 -0.86951089
v 0.00977422 0.26511994 -0.85916126
v 0.01961964 0.26931071 -0.86194766
v 0.08127470 0.19882727 -0.79005957
v 0.08310912 0.20242648 -0.78719687
v 0.08208274 0.19792452 -0.78271949
v 0.07982471 0.19532332 -0.78608692
v 0.05075965 0.21830259 -0.83427644
v 0.05633271 0.21196061 -0.83295953
v 0.06257241 0.21092001 -0.82685286
v 0.06726361 0.20960242 -0.82146978
v 0.06295819 0.21190588 -0.81807935
v 0.05625001 0.21602675 -0.82472706
v 0.04367178 0.22662733 -0.83293742
v 0.04727536 0.22448120 -0.82314098
v 0.04119504 0.22963376 -0.82443571
v 0.03730944 0.23120002 -0.83348852
v 0.02408127 0.23889519 -0.82162058
v 0.02092315 0.23848636 -0.82893133
v 0.02622239 0.23638307 -0.83110690
v 0.03024857 0.23602192 -0.82256389
v 0.04315306 0.23457430 -0.80059409
v 0.03866079 0.23524122 -0.80743164
v 0.04292509 0.23225410 -0.80812359
v 0.04673140 0.23138811 -0.80128074
v 0.01085006 0.27078432 -0.88075435
v 0.00467561 0.26388612 -0.87890744
v 0.01449022 0.26284057 -0.81810576
v 0.02479856 0.26608685 -0.81721365
v 0.02422258 0.26594821 -0.82722259
v 0.01445460 0.26438272 -0.82790130
v 0.02608592 0.27115038 -0.87201035
v 0.02286205 0.27247983 -0.87813020
v 0.08229093 0.20658183 -0.78360409
v 0.08089923 0.20210415 -0.77912611
v 0.05644358 0.20560792 -0.88047111
v 0.05709974 0.19587286 -0.86809182
v 0.05373897 0.21575822 -0.89089835
v 0.04609347 0.22889747 -0.90307403
v 0.04996176 0.22348030 -0.89737278
v 0.05495037 0.21841395 -0.81914824
v 0.04505194 0.22450100 -0.83729988
v 0.03247812 0.23233990 -0.84253138
v 0.01183187 0.23863442 -0.84087586
v 0.01305709 0.23988830 -0.83455151
v 0.00727727 0.24444817 -0.83363867
v 0.00456690 0.24524133 -0.84048331
v 0.00925660 0.24994858 -0.81957567
v 0.00892108 0.25683320 -0.81896245
v 0.00754611 0.25751173 -0.82727396
v 0.00706179 0.25021821 -0.82641244
v 0.06411795 0.19420049 -0.84634626
v 0.06767509 0.20468584 -0.85581952
v 0.00273780 0.25483143 -0.87239420
v 0.00277513 0.25568363 -0.86557114
v 0.00199269 0.25574294 -0.87900198
v 0.02301288 0.22506498 -0.87437093
v 0.02795260 0.23008090 -0.86274964
v 0.02405980 0.23220010 -0.86131084
v 0.01944934 0.22936822 -0.87272698
v 0.03308062 0.21609312 -0.85958838
v 0.02789008 0.21002325 -0.86948103
v 0.03461660 0.20778178 -0.85334176
v 0.01990036 0.22815698 -0.88418519
v 0.01938108 0.22975282 -0.89275932
v 0.01290518 0.23479061 -0.88818967
v 0.00653002 0.24042894 -0.88387513
v 0.00250684 0.24834426 -0.88033932
v 0.01607471 0.23033233 -0.90008700
v 0.00961243 0.23464395 -0.89501631
v 0.00369925 0.24123870 -0.89023125
v -0.00037326 0.24841912 -0.88692665
v 0.01976187 0.27476662 -0.88499987
v 0.01378376 0.27747631 -0.89260179
v 0.00524623 0.27176109 -0.88808274
v 0.02691902 0.22550496 -0.89710140
v 0.02400409 0.22874931 -0.90447676
v 0.03278440 0.22845946 -0.90864718
v 0.04059874 0.23474650 -0.91122055
v 0.04352012 0.19142632 -0.83842689
v 0.04175866 0.19538397 -0.84264302
v 0.03896636 0.19032890 -0.84840822
v 0.04126973 0.18622588 -0.84345841
v 0.07301455 0.20967934 -0.82319623
v 0.06908987 0.21057475 -0.82881820
v 0.07877871 0.21358152 -0.82303590
v 0.00908974 0.23684539 -0.85549021
v 0.00225821 0.24537615 -0.85537660
v 0.06054488 0.21506642 -0.81446481
v 0.08148233 0.20790783 -0.80853522
v 0.08486044 0.21263620 -0.80520803
v 0.08411313 0.20664647 -0.79386723
v 0.08162931 0.20247886 -0.79671824
v 0.06402754 0.21109796 -0.80439198
v 0.06502572 0.21587941 -0.80008233
v 0.06345854 0.21820390 -0.80597997
v 0.06350420 0.21347971 -0.81004918
v 0.03608321 0.23771764 -0.80160677
v 0.03224721 0.23811360 -0.80746448
v 0.08232599 0.23187517 -0.81994641
v 0.07799304 0.23414893 -0.83218527
v 0.07217594 0.23728801 -0.81488490
v 0.03445604 0.23564012 -0.81450951
v 0.03544101 0.23320912 -0.82374990
v 0.03902409 0.23262848 -0.81544614
v 0.05479869 0.22236235 -0.81091350
v 0.05044849 0.22329035 -0.81629074
v 0.05479813 0.21971188 -0.81550729
v 0.05888447 0.21853091 -0.81159025
v 0.01330075 0.26523942 -0.83914715
v 0.00450157 0.25704357 -0.83751464
v 0.07687546 0.19711515 -0.79270411
v 0.07577922 0.19432588 -0.78850067
v -0.00000329 0.26358697 -0.88572764
v -0.00154155 0.25562531 -0.88509578
v 0.03187140 0.23401622 -0.83303463
v 0.07272527 0.23525308 -0.84488952
v 0.02782901 0.23413379 -0.84157324
v 0.03315023 0.24871902 -0.79934895
v 0.03819390 0.25280434 -0.79845726
v 0.03725702 0.25638923 -0.80682075
v 0.02990583 0.25249606 -0.80551165
v 0.06482693 0.20434925 -0.78864622
v 0.06668908 0.20833512 -0.78456926
v 0.06664733 0.21153243 -0.79073048
v 0.06492124 0.20681658 -0.79406238
v 0.07034452 0.20507498 -0.80992079
v 0.06591391 0.20736519 -0.80775082
v 0.06536885 0.21035132 -0.81390703
v 0.06953835 0.20782521 -0.81656051
v 0.07520267 0.20841438 -0.81731886
v 0.07625376 0.20565651 -0.81019115
v 0.07801216 0.22166014 -0.79802072
v 0.07057074 0.22009256 -0.79699624
v 0.07130010 0.21519762 -0.78738821
v 0.07817212 0.21461868 -0.78739667
v 0.03892656 0.26425195 -0.85409665
v 0.03038538 0.26728728 -0.85290551
v 0.03198048 0.26520836 -0.83992994
v 0.03345381 0.26313755 -0.82695425
v 0.03416136 0.26061112 -0.81494534
v 0.04636841 0.25931937 -0.81446743
v 0.02366062 0.26699293 -0.83945012
v 0.06923573 0.23422696 -0.80529892
v 0.06680083 0.22888476 -0.80519891
v 0.07519902 0.22830084 -0.80667681
v 0.02109957 0.23681276 -0.83989233
v 0.07707723 0.20029627 -0.79886568
v 0.05513221 0.24682905 -0.89291072
v 0.05028670 0.25846830 -0.88943791
v 0.05345529 0.25622445 -0.87988281
v 0.05918379 0.24228607 -0.88551581
v 0.06671498 0.20260505 -0.79716843
v 0.07106040 0.19995357 -0.79933178
v 0.02972215 0.24406300 -0.79876983
v 0.02523534 0.24476410 -0.80365425
v 0.02720896 0.24140541 -0.80628729
v 0.03156053 0.24048595 -0.80042177
v 0.02240046 0.26857328 -0.85168523
v 0.02299939 0.26461485 -0.81034493
v 0.01259520 0.25943956 -0.80998200
v 0.03581226 0.26849967 -0.87467676
v 0.02855287 0.26942080 -0.86368334
v 0.03735108 0.26659575 -0.86585581
v 0.05631401 0.25063777 -0.81141210
v 0.04662962 0.26055139 -0.85454130
v 0.04444392 0.26292711 -0.86678779
v 0.04361406 0.26450479 -0.87755871
v 0.04175733 0.26620245 -0.88539827
v 0.03360847 0.27047795 -0.88178766
v 0.07733525 0.21014729 -0.78047812
v 0.08344913 0.21128081 -0.79028326
v 0.03007936 0.27277598 -0.88963318
v 0.02308301 0.27627856 -0.89773464
v 0.03827152 0.26824433 -0.89372790
v 0.03137936 0.27148676 -0.90231347
v 0.05192590 0.25776058 -0.86793888
v 0.05883370 0.25041765 -0.86978292
v 0.05394584 0.25564483 -0.85545230
v 0.06160323 0.24851398 -0.85632527
v 0.06700296 0.24866129 -0.81384867
v 0.06624448 0.20429239 -0.77961302
v 0.06567081 0.19918762 -0.77292836
v 0.06956141 0.19970180 -0.77074993
v 0.07042053 0.20540778 -0.77695751
v 0.07100035 0.21055096 -0.78144491
v 0.07623646 0.20550627 -0.77721918
v 0.06882875 0.23675106 -0.85784864
v 0.05951748 0.22238404 -0.80579811
v 0.06541284 0.23450463 -0.87318575
v 0.07319581 0.22145548 -0.85539508
v 0.07043708 0.21791919 -0.86509442
v 0.06010038 0.22770187 -0.89039183
v 0.06474387 0.21729180 -0.88045371
v 0.05085582 0.23886807 -0.90252864
v 0.05492020 0.23454730 -0.89635873
v 0.04532129 0.24323045 -0.91187012
v 0.06525276 0.20535630 -0.86852396
v 0.06884275 0.19107281 -0.78402901
v 0.06451356 0.19396782 -0.78186995
v 0.04508214 0.25428882 -0.91010916
v 0.05112133 0.25014618 -0.90028441
v 0.03823683 0.20044570 -0.84638524
v 0.02433391 0.23421071 -0.85035694
v 0.01861935 0.23559912 -0.84865618
v 0.01051663 0.23787145 -0.84745288
v 0.00296808 0.24572460 -0.84683704
v 0.03998912 0.26496607 -0.90661871
v 0.00279035 0.23345695 -0.90474570
v -0.00350695 0.23886274 -0.89945036
v 0.02156126 0.27490202 -0.91211522
v 0.07384228 0.18990168 -0.78304529
v 0.04955827 0.23517896 -0.79769146
v 0.04888420 0.23791458 -0.79773748
v 0.04170436 0.18660577 -0.85494447
v 0.04438458 0.18262158 -0.84877664
v 0.04876501 0.18619420 -0.85861969
v 0.05765062 0.18925154 -0.85991836
v 0.05786929 0.18314585 -0.85150874
v 0.05049618 0.18169174 -0.85073066
v 0.02008731 0.23311014 -0.85936224
v 0.01531854 0.23444866 -0.85693049
v 0.00312182 0.25769222 -0.84753513
v 0.01170653 0.26589367 -0.84965563
v 0.08098855 0.21171220 -0.81665957
v 0.08305965 0.22090192 -0.82195443
v 0.08393358 0.21730827 -0.81432325
v 0.08379783 0.21863814 -0.80189109
v 0.06838987 0.22330970 -0.80315202
v 0.06486782 0.22462726 -0.80414236
v 0.02588262 0.21853569 -0.87304342
v 0.03144053 0.22459409 -0.86241889
v 0.04821561 0.19952789 -0.84004664
v 0.05000539 0.19603172 -0.83730394
v 0.04459824 0.22820027 -0.81660485
v 0.05966507 0.24375556 -0.80055523
v 0.06759984 0.24268298 -0.80373287
v 0.04866432 0.22756167 -0.80976665
v 0.07976236 0.19231565 -0.77650964
v 0.07752729 0.19007123 -0.78037184
v 0.08321180 0.22475529 -0.81103247
v 0.02812093 0.23876052 -0.81405842
v 0.05261006 0.24713393 -0.80206048
v 0.05429874 0.24024566 -0.79779291
v 0.00976369 0.25466624 -0.81379831
v 0.04640985 0.26104268 -0.89679885
v 0.06301490 0.19707622 -0.77776855
v 0.06421105 0.20141438 -0.78395307
v 0.07398111 0.19903688 -0.77099454
v 0.07845571 0.19649482 -0.77340436
v 0.00266767 0.25706920 -0.85680330
v 0.02854457 0.23317982 -0.85132724
v -0.00820119 0.24633773 -0.89566088
v 0.06347574 0.18831183 -0.84966063
v 0.06387991 0.19644247 -0.85883987
v 0.05229940 0.22692148 -0.80463684
v 0.02818882 0.25892285 -0.80830574
v 0.04660425 0.25324988 -0.79702258
v 0.05191135 0.24752419 -0.79644841
v 0.04654825 0.25628698 -0.80537891
v 0.05147963 0.24193953 -0.79561692
v 0.07160645 0.19449790 -0.76675701
v 0.07602895 0.19208592 -0.76892483
v 0.07752433 0.18800357 -0.77276492
v 0.07545965 0.18648168 -0.77664018
v 0.07173809 0.18668151 -0.77932000
v 0.06730785 0.19515045 -0.76675677
v 0.06366888 0.19474186 -0.76893771
v 0.06150336 0.19357204 -0.77403992
v 0.06567868 0.19079792 -0.76301295
v 0.06989826 0.18894045 -0.76225930
v 0.07394237 0.18177485 -0.76483136
v 0.07258024 0.17871980 -0.76282048
v 0.07288667 0.17790085 -0.76647031
v 0.07546703 0.18271394 -0.76827097
v 0.07022434 0.17458251 -0.76347440
v 0.07078584 0.17558409 -0.76007438
v 0.07327377 0.18454464 -0.76292419
v 0.07154094 0.18140917 -0.75993407
v 0.06664527 0.18034008 -0.75575042
v 0.06948816 0.17805463 -0.75669503
v 0.06839431 0.18371910 -0.75874484
v 0.07049797 0.18598239 -0.76123232
v 0.07448912 0.18723820 -0.76517260
v 0.06782227 0.17502408 -0.75443959
v 0.06497429 0.17360601 -0.75538391
v 0.06765323 0.17261648 -0.75976980
v 0.06925448 0.17364971 -0.75759423
v 0.07367819 0.18261558 -0.77363718
v 0.07080766 0.17798291 -0.76964092
v 0.06772118 0.17470570 -0.76591194
v 0.06522784 0.17298342 -0.76196754
v 0.06483575 0.17548740 -0.76713884
v 0.06728701 0.17842695 -0.77159286
v 0.06281658 0.17446318 -0.76345217
v 0.06198686 0.17678182 -0.76690954
v 0.06327248 0.17967218 -0.77160370
v 0.06576068 0.18503392 -0.77732122
v 0.07024745 0.18352132 -0.77681851
v 0.06143434 0.17576519 -0.76420391
v 0.06248801 0.17397700 -0.75758159
v 0.06614945 0.18582524 -0.75877559
v 0.06399388 0.18185736 -0.75601399
v 0.06344738 0.18659908 -0.75975865
v 0.06164023 0.18235911 -0.75723743
v 0.06594133 0.17797947 -0.75350928
v 0.06336652 0.17789730 -0.75398928
v 0.06713561 0.18831117 -0.78055704
v 0.06298975 0.19119833 -0.77815413
v 0.06172038 0.18766944 -0.77491415
v 0.05971860 0.18227106 -0.76944155
v 0.06047821 0.19003123 -0.77055615
v 0.06237588 0.19085193 -0.76544714
v 0.06079070 0.18624753 -0.76194322
v 0.05893438 0.18508737 -0.76533699
v 0.05866764 0.18100260 -0.76208997
v 0.05972229 0.18208079 -0.75942528
v 0.05954928 0.17869496 -0.76473844
v 0.05966450 0.17843255 -0.75838447
v 0.06117727 0.17813057 -0.75594115
v 0.05918747 0.17867005 -0.76058531
v 0.06016515 0.17686252 -0.76226592
v 0.06105631 0.17549673 -0.76004648
v 0.05640827 0.21634677 -0.77833182
v 0.06112569 0.21466632 -0.77953631
v 0.05970895 0.21070112 -0.77384615
v 0.05493876 0.21250738 -0.77264369
v 0.06991734 0.21804787 -0.77668869
v 0.07196408 0.22298703 -0.77336156
v 0.07032018 0.21744688 -0.76764321
v 0.06774912 0.21290518 -0.77122009
v 0.06877392 0.22826983 -0.77027047
v 0.06742566 0.22258341 -0.76479459
v 0.06816856 0.22625405 -0.79660904
v 0.07066845 0.23161779 -0.79524434
v 0.07254862 0.22734857 -0.78052175
v 0.07047894 0.22205263 -0.78335410
v 0.05077679 0.22768880 -0.79463315
v 0.05050589 0.23180346 -0.79128540
v 0.06575904 0.21534988 -0.77882820
v 0.06387489 0.21079987 -0.77337074
v 0.05338269 0.21952641 -0.77593702
v 0.05310367 0.22351931 -0.77258706
v 0.05309298 0.22719516 -0.77924514
v 0.05334025 0.22271945 -0.78234237
v 0.06061307 0.22121325 -0.79869831
v 0.05498768 0.22394115 -0.79702127
v 0.06505962 0.22276540 -0.79800487
v 0.06138476 0.23992150 -0.78950310
v 0.05482700 0.23694117 -0.78894472
v 0.05608010 0.23157395 -0.77639925
v 0.06199256 0.23401149 -0.77548105
v 0.06660955 0.21909514 -0.78524566
v 0.05682792 0.21913785 -0.78497565
v 0.06186598 0.21768072 -0.78618491
v 0.06149668 0.22915052 -0.76855659
v 0.06907768 0.23301263 -0.77768075
v 0.05203740 0.21929483 -0.76640487
v 0.05082519 0.21376051 -0.75873405
v 0.05428131 0.21601592 -0.75658488
v 0.05521547 0.22194858 -0.76352930
v 0.05607062 0.22667633 -0.76971972
v 0.06058411 0.22356609 -0.76259530
v 0.05687384 0.20466740 -0.76591802
v 0.05238029 0.20694885 -0.76448035
v 0.06107704 0.20440106 -0.76519203
v 0.06880071 0.23839848 -0.79242718
v 0.06716789 0.21032912 -0.75993949
v 0.06445538 0.20641269 -0.76328266
v 0.04991890 0.21033563 -0.76209074
v 0.05209651 0.21567917 -0.77000505
v 0.05912233 0.21705693 -0.75563943
v 0.06506490 0.21541306 -0.75709212
v 0.05729027 0.21237683 -0.75042403
v 0.06247114 0.21030296 -0.75137866
v 0.06453689 0.20558411 -0.75447661
v 0.06204619 0.20225587 -0.75831914
v 0.05890658 0.20108023 -0.76048797
v 0.05297013 0.21179909 -0.75089061
v 0.04980551 0.21025386 -0.75329715
v 0.04874694 0.20731539 -0.75739461
v 0.05127124 0.20820662 -0.74593884
v 0.05522619 0.20785603 -0.74398971
v 0.05860975 0.19800316 -0.74187285
v 0.05737486 0.19497417 -0.73790908
v 0.05669846 0.19314130 -0.74031740
v 0.05922680 0.19632034 -0.74477571
v 0.05995431 0.20080614 -0.74436772
v 0.06174286 0.20111613 -0.74779701
v 0.05853749 0.20337239 -0.74294341
v 0.05735797 0.20118725 -0.73948300
v 0.05259423 0.20024467 -0.73456925
v 0.05592693 0.19794393 -0.73453808
v 0.05397800 0.20276590 -0.73901296
v 0.05575016 0.20466702 -0.74247009
v 0.05416182 0.19167516 -0.73588896
v 0.05595990 0.19292699 -0.73445040
v 0.06024600 0.20614254 -0.74592710
v 0.06002320 0.19930081 -0.75313342
v 0.05749362 0.19516063 -0.74768138
v 0.05449576 0.19226603 -0.74273825
v 0.05168038 0.19119397 -0.73782754
v 0.05178025 0.19193134 -0.74419034
v 0.05427344 0.19460621 -0.74961668
v 0.04968999 0.19165865 -0.73978400
v 0.04879131 0.19297749 -0.74468893
v 0.05028465 0.19534324 -0.75059557
v 0.05301779 0.19981526 -0.75727510
v 0.05693017 0.19884300 -0.75604761
v 0.04834225 0.19257848 -0.74126172
v 0.05169659 0.19313110 -0.73200023
v 0.04947354 0.19286874 -0.73443174
v 0.05456216 0.19480126 -0.73057193
v 0.05182389 0.20350333 -0.73999691
v 0.05020883 0.20026359 -0.73553997
v 0.04935862 0.20414774 -0.74048990
v 0.04802231 0.20051393 -0.73651528
v 0.05188559 0.19778362 -0.73110521
v 0.04988586 0.19716537 -0.73206586
v 0.05503956 0.20180917 -0.76146710
v 0.05098774 0.20430157 -0.76027858
v 0.04927851 0.20240921 -0.75608921
v 0.04668403 0.19817691 -0.74917006
v 0.04742060 0.20565084 -0.75272179
v 0.04859766 0.20760725 -0.74836326
v 0.04717214 0.20351602 -0.74291509
v 0.04575426 0.20159285 -0.74629664
v 0.04535829 0.19828075 -0.74135333
v 0.04637706 0.19973256 -0.73845088
v 0.04607831 0.19537660 -0.74374664
v 0.04639235 0.19622767 -0.73594743
v 0.04770211 0.19655073 -0.73351449
v 0.04570630 0.19609918 -0.73887396
v 0.04666171 0.19393915 -0.73981565
v 0.04770911 0.19306515 -0.73687255
v 0.03880350 0.23024119 -0.77828276
v 0.04396398 0.22966230 -0.77779818
v 0.04320132 0.22636594 -0.77334261
v 0.03772831 0.22684328 -0.77382451
v 0.05059338 0.23454158 -0.77448249
v 0.05113285 0.23893480 -0.77309549
v 0.04945567 0.23473798 -0.76764476
v 0.04933758 0.23116861 -0.76929152
v 0.04756120 0.24311627 -0.77144939
v 0.04626227 0.23816477 -0.76574230
v 0.05069453 0.24012531 -0.79045451
v 0.05178525 0.24545611 -0.78932965
v 0.05217893 0.24193750 -0.77925622
v 0.05148596 0.23706956 -0.78039032
v 0.04793429 0.23138566 -0.77612960
v 0.04699776 0.22822748 -0.77143168
v 0.03505611 0.23271336 -0.77709472
v 0.03375898 0.23614077 -0.77495319
v 0.03390334 0.23846520 -0.78134388
v 0.03514838 0.23516788 -0.78324330
v 0.03789117 0.23624195 -0.79523623
v 0.04301922 0.23517598 -0.79474306
v 0.04746178 0.23663197 -0.79258263
v 0.03952037 0.25044256 -0.78865087
v 0.03459505 0.24632783 -0.79076350
v 0.03555839 0.24305053 -0.77874219
v 0.04090786 0.24712415 -0.77736259
v 0.04842101 0.23332904 -0.78202611
v 0.03866447 0.23197721 -0.78441817
v 0.04412938 0.23137809 -0.78393412
v 0.04074332 0.24357794 -0.77095056
v 0.04801328 0.24639444 -0.77810180
v 0.03276294 0.23299517 -0.76976693
v 0.03291999 0.22777133 -0.76015151
v 0.03526792 0.23083423 -0.75801349
v 0.03498700 0.23693542 -0.76691127
v 0.03525983 0.24024709 -0.77234268
v 0.04022367 0.23930849 -0.76525748
v 0.04180712 0.22084802 -0.76542735
v 0.03685499 0.22178863 -0.76543039
v 0.04546558 0.22247411 -0.76351202
v 0.04726981 0.25017658 -0.78842306
v 0.03196719 0.24181579 -0.79287541
v 0.04798109 0.22800662 -0.75946391
v 0.04765120 0.22493625 -0.76136303
v 0.03330921 0.22450928 -0.76327038
v 0.03381585 0.22957967 -0.77215219
v 0.03992350 0.23275237 -0.75659442
v 0.04542088 0.23175825 -0.75756884
v 0.03910820 0.22862920 -0.75065887
v 0.04452848 0.22739561 -0.75162888
v 0.04728083 0.22376214 -0.75303811
v 0.04653890 0.22095083 -0.75567329
v 0.04445332 0.21908496 -0.75832140
v 0.03470427 0.22681665 -0.75208050
v 0.03276219 0.22433834 -0.75422990
v 0.03337997 0.22177772 -0.75833845
v 0.03360872 0.22403166 -0.74763292
v 0.03805473 0.22462693 -0.74570167
v 0.04413878 0.21670842 -0.74167222
v 0.04385771 0.21422760 -0.73772061
v 0.04447076 0.21244863 -0.73915648
v 0.04540122 0.21549785 -0.74311984
v 0.04469182 0.21956399 -0.74416584
v 0.04607175 0.22015439 -0.74711055
v 0.04264719 0.22191007 -0.74371290
v 0.04219157 0.21956316 -0.73976314
v 0.03751982 0.21821301 -0.73679626
v 0.04165884 0.21697675 -0.73580897
v 0.03797545 0.22055991 -0.74074602
v 0.03940935 0.22286771 -0.74323243
v 0.04291367 0.21102245 -0.73570830
v 0.04322065 0.21285397 -0.73476428
v 0.04320300 0.22390065 -0.74667978
v 0.04572551 0.21779308 -0.75048733
v 0.04485334 0.21377012 -0.74601871
v 0.04342904 0.21064003 -0.74156421
v 0.04127120 0.20937608 -0.73811722
v 0.04116546 0.20976880 -0.74398500
v 0.04243556 0.21241990 -0.74843073
v 0.03933637 0.20884995 -0.74054492
v 0.03841338 0.20980348 -0.74544340
v 0.03923158 0.21210903 -0.75037026
v 0.04021401 0.21598078 -0.75605768
v 0.04342677 0.21641769 -0.75387609
v 0.03783306 0.20928225 -0.74250215
v 0.03939307 0.21227801 -0.73327851
v 0.03739338 0.21077770 -0.73568898
v 0.04107872 0.21462086 -0.73283565
v 0.03538703 0.22120389 -0.74172711
v 0.03493555 0.21800053 -0.73776239
v 0.03294215 0.22035334 -0.74365932
v 0.03303191 0.21700034 -0.73920506
v 0.03782452 0.21628755 -0.73383278
v 0.03611301 0.21540554 -0.73478961
v 0.04109447 0.21829084 -0.76049638
v 0.03677552 0.21955630 -0.76050675
v 0.03606893 0.21710807 -0.75631034
v 0.03501819 0.21312286 -0.75037658
v 0.03274169 0.21944295 -0.75438845
v 0.03210701 0.22175576 -0.75051963
v 0.03176382 0.21831784 -0.74557430
v 0.03208059 0.21579880 -0.74846166
v 0.03247063 0.21328200 -0.74402285
v 0.03218906 0.21542315 -0.74161732
v 0.03493198 0.21077730 -0.74496257
v 0.03341794 0.21269380 -0.73913080
v 0.03430682 0.21403193 -0.73622596
v 0.03329484 0.21181129 -0.74106872
v 0.03550177 0.21006598 -0.74153262
v 0.03617971 0.21007270 -0.73860401
v 0.03423642 0.23919289 -0.79430103
v 0.01509834 0.24501444 -0.78604746
v 0.01898424 0.24502243 -0.78483707
v 0.01710107 0.24374457 -0.78114641
v 0.01345735 0.24371184 -0.78284538
v 0.02340276 0.25066879 -0.78104031
v 0.02208322 0.25469631 -0.77964187
v 0.01946551 0.25201243 -0.77519190
v 0.02093925 0.24846394 -0.77659917
v 0.01722025 0.25697640 -0.77966857
v 0.01505646 0.25424513 -0.77619588
v 0.02698689 0.25257051 -0.79842269
v 0.02604669 0.25775710 -0.79924357
v 0.02422061 0.25664368 -0.78603137
v 0.02550840 0.25213337 -0.78717709
v 0.01115242 0.24625380 -0.79997879
v 0.00897638 0.25031233 -0.80004388
v 0.00946315 0.25137368 -0.80739027
v 0.01177096 0.24798848 -0.81026793
v 0.02213525 0.24729379 -0.78293163
v 0.01970281 0.24556749 -0.77898735
v 0.01121846 0.24599747 -0.78654253
v 0.00830651 0.24864151 -0.78633666
v 0.00837664 0.24979092 -0.79026443
v 0.01128592 0.24665351 -0.79070592
v 0.01933293 0.24422525 -0.80094242
v 0.01505811 0.24428625 -0.79971075
v 0.01518429 0.24459021 -0.80972934
v 0.02004512 0.24406146 -0.80753535
v 0.02314144 0.24718679 -0.79905081
v 0.01250212 0.25962695 -0.79972792
v 0.00920936 0.25471300 -0.79938877
v 0.00842766 0.25420797 -0.78936493
v 0.01225771 0.25839981 -0.78700650
v 0.02346504 0.24809764 -0.78783363
v 0.01557512 0.24539433 -0.79045129
v 0.01985746 0.24538030 -0.78899741
v 0.01166546 0.25582600 -0.78256392
v 0.01911738 0.25991392 -0.78631890
v 0.00663713 0.24735375 -0.78240216
v 0.00397749 0.24493454 -0.77697986
v 0.00400908 0.24765779 -0.77507383
v 0.00642784 0.25058654 -0.78026021
v 0.00788610 0.25237760 -0.78420293
v 0.00952268 0.25336814 -0.77738661
v 0.01440832 0.24083401 -0.77595961
v 0.01064215 0.24080510 -0.77790260
v 0.01675098 0.24243383 -0.77355176
v 0.02072009 0.26226529 -0.79955208
v 0.01664771 0.24813603 -0.76974368
v 0.01777235 0.24485533 -0.77115470
v 0.00673517 0.24228783 -0.77791792
v 0.00977702 0.24493055 -0.78310096
v 0.00688815 0.24996017 -0.77243555
v 0.01237801 0.25061271 -0.77026385
v 0.00489689 0.24748795 -0.76750255
v 0.01078183 0.24810989 -0.76557565
v 0.01489597 0.24514569 -0.76553500
v 0.01618896 0.24257474 -0.76769149
v 0.01521426 0.24039476 -0.77009290
v 0.00223023 0.24516712 -0.77038532
v 0.00262615 0.24290039 -0.77254474
v 0.00573553 0.24095555 -0.77398443
v 0.00105821 0.24262320 -0.76643014
v 0.00378581 0.24446367 -0.76280653
v 0.01107047 0.23893316 -0.75760102
v 0.01059788 0.23681475 -0.75463212
v 0.01151672 0.23502408 -0.75558013
v 0.01273814 0.23782660 -0.75856304
v 0.01130354 0.24156968 -0.75984573
v 0.01309620 0.24190529 -0.76181018
v 0.00858445 0.24345408 -0.76035970
v 0.00817412 0.24134015 -0.75690258
v 0.00337390 0.23900278 -0.75489497
v 0.00758044 0.23923410 -0.75368929
v 0.00387824 0.24160402 -0.75811660
v 0.00515862 0.24343710 -0.76035011
v 0.00981417 0.23372124 -0.75262213
v 0.00979301 0.23568825 -0.75216800
v 0.00920933 0.24508609 -0.76258790
v 0.01460291 0.23980074 -0.76446384
v 0.01335050 0.23604335 -0.76024306
v 0.01157506 0.23316829 -0.75652468
v 0.00891929 0.23179786 -0.75405133
v 0.01052988 0.23222040 -0.75870323
v 0.01242574 0.23507886 -0.76291007
v 0.00807298 0.23108138 -0.75623453
v 0.00883315 0.23204969 -0.76089358
v 0.01036913 0.23456080 -0.76533759
v 0.01159456 0.23745950 -0.76978755
v 0.01385813 0.23833074 -0.76736677
v 0.00754999 0.23108162 -0.75818682
v 0.00597631 0.23436908 -0.75115770
v 0.00546772 0.23228906 -0.75307369
v 0.00677298 0.23713793 -0.75071985
v 0.00172492 0.24098735 -0.75956529
v 0.00137220 0.23789541 -0.75584698
v 0.00055463 0.23954992 -0.76222336
v 0.00082704 0.23618479 -0.75776935
v 0.00363325 0.23732068 -0.75217986
v 0.00272688 0.23565991 -0.75263679
v 0.01288781 0.23903845 -0.77250504
v 0.00959517 0.23922704 -0.77420890
v 0.00807329 0.23742296 -0.77124262
v 0.00706907 0.23463188 -0.76679516
v 0.00419743 0.23890792 -0.77101386
v 0.00146829 0.24058719 -0.76932633
v 0.00111897 0.23751663 -0.76438731
v 0.00328325 0.23562594 -0.76631385
v 0.00336212 0.23301615 -0.76138413
v 0.00153005 0.23439120 -0.75969362
v 0.00617377 0.23208682 -0.76186395
v 0.00330412 0.23249044 -0.75673461
v 0.00262215 0.23367538 -0.75455558
v 0.00405844 0.23192085 -0.75843620
v 0.00575384 0.23120098 -0.75818402
v 0.00549480 0.23138364 -0.75574434
v 0.00975579 0.25480914 -0.80574161
v 0.06073145 0.18987542 -0.83380640
v 0.06338898 0.18670297 -0.83717716
v 0.04387062 0.18551765 -0.83221912
v 0.04939602 0.18946591 -0.83034945
v 0.04222304 0.18016779 -0.83651698
v 0.05113363 0.17544022 -0.84207547
v 0.04577766 0.17669111 -0.83988488
v 0.05582340 0.19049363 -0.83111751
v 0.06347395 0.18162648 -0.84026343
v 0.05814210 0.17692287 -0.84260893
v 0.06305534 0.17517032 -0.83331132
v 0.05861520 0.17005779 -0.83467519
v 0.05088215 0.16873264 -0.83487523
v 0.04544685 0.17156591 -0.83344471
v 0.04264706 0.17631195 -0.83156633
v 0.06406892 0.18114367 -0.83073211
v 0.06181449 0.18488362 -0.82834923
v 0.05638335 0.18686044 -0.82690376
v 0.06569066 0.17415048 -0.82572991
v 0.06543645 0.16573223 -0.82533777
v 0.05604894 0.15512928 -0.82366157
v 0.05725486 0.15204315 -0.82068032
v 0.05364218 0.15377682 -0.81923556
v 0.05182467 0.15688632 -0.82319248
v 0.05622249 0.15777838 -0.82541794
v 0.05261232 0.16055228 -0.82741034
v 0.06224776 0.15545557 -0.82343996
v 0.06098437 0.15856709 -0.82520044
v 0.06496952 0.16052546 -0.82402444
v 0.06703854 0.15847415 -0.82155198
v 0.06341178 0.15175204 -0.82093614
v 0.06359676 0.14984749 -0.81724012
v 0.05877660 0.15003252 -0.81796288
v 0.05674159 0.15155631 -0.81554186
v 0.05983655 0.16251417 -0.82770848
v 0.04626687 0.16537279 -0.82772166
v 0.04801225 0.16021900 -0.82201928
v 0.05115578 0.15679401 -0.81708360
v 0.05570421 0.15521109 -0.81340498
v 0.05099167 0.16161819 -0.81472528
v 0.04652554 0.16537999 -0.81941915
v 0.05557324 0.15964456 -0.81226110
v 0.05333340 0.16552474 -0.81333470
v 0.04914182 0.17063098 -0.81707585
v 0.04533014 0.17785315 -0.82427406
v 0.04324234 0.17134826 -0.82635260
v 0.05602823 0.16279872 -0.81207323
v 0.06241893 0.15134452 -0.81311142
v 0.06124617 0.15573354 -0.81147540
v 0.06819498 0.16294870 -0.82016802
v 0.06905799 0.15928675 -0.81644309
v 0.06793868 0.15539971 -0.81905848
v 0.06787654 0.16824649 -0.81928301
v 0.06808893 0.16305499 -0.81455266
v 0.06749862 0.15241002 -0.81680703
v 0.06755529 0.15502656 -0.81392241
v 0.04437574 0.18199748 -0.82873988
v 0.04964948 0.18584014 -0.82686764
v 0.05123571 0.18201214 -0.82289755
v 0.05483025 0.17430221 -0.81642282
v 0.05808806 0.18205039 -0.82267261
v 0.06396509 0.17942809 -0.82435226
v 0.06557471 0.17221697 -0.81788087
v 0.06101960 0.17449819 -0.81668729
v 0.06171238 0.16827901 -0.81291711
v 0.06538057 0.16643660 -0.81338334
v 0.05739360 0.16770980 -0.81289548
v 0.06346650 0.16243973 -0.81135452
v 0.06597803 0.15883951 -0.81178677
v 0.06147260 0.16464719 -0.81163192
v 0.05877344 0.16360343 -0.81160629
v 0.05994821 0.16010930 -0.81105995
v 0.01071334 0.24920420 -0.81468225
v 0.01489931 0.24501641 -0.81437612
v 0.01305968 0.24553297 -0.81975299
v 0.01000918 0.24488531 -0.82632720
v 0.00497260 0.24975993 -0.83250427
v 0.01522878 0.24109654 -0.82725203
v 0.01823597 0.24200033 -0.82019365
v 0.02168299 0.24214967 -0.81263494
v 0.01825691 0.23807503 -0.83453393
v 0.00046182 -0.00638098 -1.31266189
v 0.00984086 -0.00647895 -1.29507148
v -0.06620514 0.17699249 -1.17446887
v -0.05985025 0.19046772 -1.18424630
v -0.08558025 0.23140474 -1.21453416
v -0.10805599 0.23617996 -1.22264636
v 0.06358878 0.04014505 -1.02937806
v -0.13722767 0.09944411 -1.07675958
v -0.14289422 0.10205694 -1.09559464
v -0.16923121 0.02791479 -1.09239507
v -0.16686389 0.04776320 -1.08884108
v -0.02316769 0.12485953 -1.06188369
v -0.02561924 0.12479958 -1.08141339
v 0.03102181 0.08062778 -1.05222130
v 0.02857826 0.08120117 -1.07396007
v 0.00136208 0.11520004 -1.03858078
v -0.15180786 0.07078317 -1.04679072
v -0.14332411 0.08884954 -1.04493165
v -0.14572549 0.08446363 -1.06328690
v -0.15557010 0.06709276 -1.06552064
v -0.16653693 0.00876088 -1.09560859
v -0.15943663 0.00831262 -1.07351840
v -0.05194377 0.13241771 -1.10235572
v -0.07845233 0.13391507 -1.10340893
v -0.12621553 0.11864720 -1.10838509
v -0.14482847 0.10467933 -1.11370730
v -0.15830241 0.08802019 -1.12046170
v -0.16889158 0.06969301 -1.12768328
v 0.04169100 0.06465918 -1.09531963
v 0.04871133 0.04570884 -1.11662054
v -0.02681519 0.12477419 -1.10119128
v 0.06592985 -0.00024731 -1.09425044
v -0.18314613 0.05383027 -1.15807748
v -0.18787569 0.03066952 -1.16236079
v -0.10341743 0.12893461 -1.10520780
v 0.03468321 0.00739313 -1.25358415
v 0.03424986 0.02573469 -1.25582111
v 0.04383381 0.02417682 -1.24045336
v 0.04307798 0.00632565 -1.23743749
v 0.04321295 0.04152895 -1.24226618
v 0.04070926 0.05813548 -1.24315262
v 0.03688963 0.07332011 -1.24290419
v 0.02088416 0.10920492 -1.23521531
v 0.02702768 0.09869763 -1.23898625
v 0.00665096 0.12573765 -1.22551394
v 0.01431530 0.11791012 -1.23116755
v -0.00293627 0.13263693 -1.21730518
v -0.01577241 0.13708767 -1.20754898
v -0.03904867 0.14140755 -1.20982027
v -0.03191272 0.13991521 -1.19821322
v -0.00807087 0.13445212 -1.19619823
v 0.00426042 0.12978059 -1.20649862
v 0.01408618 0.12323941 -1.21431756
v 0.05278622 -0.00739501 -1.17425406
v 0.05205465 -0.01048167 -1.19675767
v -0.00850976 -0.00708299 -1.32898784
v -0.12261809 0.25532985 -0.99685764
v 0.01006823 0.24704532 -0.95311385
v -0.16548939 0.00810255 -1.36344504
v -0.16445020 0.02843105 -1.36887085
v -0.14476675 0.09378269 -1.38044620
v -0.12312070 0.11132783 -1.38630676
v -0.15866831 0.07311594 -1.37327015
v -0.16651645 0.05058679 -1.36565042
v -0.00595486 0.11060172 -1.11858368
v -0.17701343 0.02990438 -1.33271837
v -0.17208344 0.05212826 -1.35473359
v -0.16441683 0.07838379 -1.36333370
v -0.15013206 0.10295196 -1.36984646
v -0.12738584 0.12599345 -1.37556183
v -0.11839681 0.14054072 -1.37016249
v -0.12266110 0.15859886 -1.34744930
v -0.10943336 0.17746334 -1.33798528
v -0.09146208 0.18028755 -1.34602046
v -0.09766747 0.17040677 -1.35382903
v -0.11576213 0.16750942 -1.34347212
v -0.10928227 0.22590381 -1.25488412
v -0.13216285 0.22605249 -1.22861600
v -0.11897136 0.22878733 -1.23890340
v -0.14513053 0.21848209 -1.22110665
v -0.15289630 0.21101834 -1.21570444
v -0.15770486 0.20121464 -1.21390200
v -0.15849608 0.19039652 -1.21978557
v -0.14886685 0.16005772 -1.23877275
v -0.14375290 0.15251386 -1.24488235
v -0.14452255 0.14984284 -1.23276007
v -0.14645991 0.14725173 -1.22742832
v -0.15519279 0.13212703 -1.20222998
v -0.15786415 0.12377159 -1.18659937
v -0.16257779 0.11322308 -1.17119956
v -0.14834145 0.11146356 -0.95763958
v -0.14285630 0.10608810 -0.97465563
v -0.15364742 0.08726127 -0.97283185
v -0.15989101 0.09318069 -0.95557898
v -0.15306471 0.03624190 -1.00698638
v -0.15211463 0.01283914 -1.00621343
v -0.08596847 0.14575438 -0.97403836
v -0.05986917 0.14923057 -0.97001833
v -0.12750594 0.12265933 -0.97620821
v -0.10906561 0.13599767 -0.97600305
v -0.03363381 0.14551592 -0.96391916
v 0.04378910 0.08295695 -0.93128717
v 0.05718350 0.06169205 -0.92460203
v 0.07296009 0.01828740 -0.91558242
v 0.07534456 -0.00291124 -0.91277611
v -0.00930572 0.13572463 -0.95575476
v 0.06741188 0.03975544 -0.91936183
v 0.01129827 0.12165962 -0.94726139
v 0.02886178 0.10326682 -0.93892825
v -0.15061074 0.05750304 -1.00797546
v -0.15488952 0.06166659 -0.98923188
v -0.14887865 0.08124776 -0.99056745
v -0.19655347 0.04911320 -1.23653543
v -0.19674230 0.02785055 -1.23404145
v -0.19639584 0.06994940 -1.24077713
v -0.19279775 0.08606237 -1.26742887
v -0.19285738 0.08836584 -1.24808049
v -0.18527859 0.10502923 -1.25631797
v -0.18554917 0.10321847 -1.27325869
v -0.16866273 0.13375737 -1.27829552
v -0.16892806 0.13313967 -1.26578307
v -0.16263327 0.14321560 -1.26736534
v -0.16202414 0.14529707 -1.27883589
v -0.15174083 0.15897496 -1.26930368
v -0.15703383 0.15200931 -1.26796174
v -0.14599435 0.16446027 -1.26962900
v -0.14663979 0.17214198 -1.26661718
v -0.14322460 0.18353398 -1.28762996
v -0.14515825 0.17478974 -1.29122663
v -0.16586334 0.13663645 -1.29178536
v -0.17482516 0.12144789 -1.29183125
v -0.19146082 0.02715881 -1.26718092
v -0.18883702 0.00765552 -1.26187110
v -0.05202313 0.14318700 -1.19250727
v -0.07311583 0.14635967 -1.18917811
v -0.09269302 0.14876670 -1.18886173
v -0.11058988 0.15005015 -1.19042301
v -0.12626839 0.14756043 -1.19638133
v -0.14033237 0.14408785 -1.20342577
v -0.14930266 0.14388832 -1.22073734
v -0.15223852 0.13908979 -1.21252525
v -0.15752925 0.13997932 -1.23053741
v -0.16209576 0.13367942 -1.22340894
v -0.17477165 0.12393162 -1.24801123
v -0.16941839 0.12869790 -1.23511589
v -0.17748213 0.12031238 -1.26222336
v -0.17721510 0.11917607 -1.27705574
v -0.18306883 0.10415497 -1.29056013
v -0.19036674 0.08629951 -1.28641224
v -0.18518636 0.07120094 -1.31821585
v -0.19112480 0.06788987 -1.29942858
v -0.19430664 0.06739739 -1.28040826
v -0.19647035 0.06750590 -1.26163006
v -0.12399177 0.06922239 -1.40095377
v -0.13795093 0.05052259 -1.39692557
v -0.15652236 0.19085227 -1.22811759
v -0.15485099 0.19847107 -1.22688162
v -0.15356368 0.19505337 -1.23543406
v -0.15511397 0.19102262 -1.23395503
v -0.15105367 0.20503420 -1.22892988
v -0.14452167 0.21233638 -1.23426497
v -0.14473182 0.20666932 -1.24418581
v -0.15064606 0.19945338 -1.23857152
v -0.13480820 0.21878420 -1.24137187
v -0.13731337 0.21264726 -1.25189078
v -0.12531929 0.22190858 -1.25045586
v -0.11829556 0.22112402 -1.26152921
v -0.12360433 0.21773140 -1.26575983
v -0.12956166 0.21628043 -1.25948310
v -0.12614299 0.20058382 -1.29713261
v -0.12447041 0.20799686 -1.28676546
v -0.12344773 0.21388489 -1.27513349
v -0.14902860 0.18022300 -1.26140976
v -0.15016067 0.18786888 -1.25533199
v -0.15027043 0.19427063 -1.24657929
v -0.14525372 0.20090562 -1.25382364
v -0.14639601 0.19408578 -1.26324677
v -0.14668374 0.18626934 -1.27046633
v -0.19661275 0.04685360 -1.25557899
v -0.19448707 0.02722497 -1.25057995
v -0.15097030 0.16253392 -1.27964044
v -0.15649016 0.15494859 -1.27959967
v -0.14607456 0.16992202 -1.27934027
v -0.14569785 0.17826563 -1.27657187
v -0.14917460 0.16684453 -1.29205370
v -0.15436929 0.15862848 -1.29186535
v -0.15986826 0.14859797 -1.29164457
v -0.19364065 0.04785797 -1.27411556
v -0.19260719 0.00759856 -1.24637878
v -0.02359941 0.15199904 -1.30013299
v -0.02958508 0.16460162 -1.32259142
v -0.04489555 0.17681308 -1.33991969
v -0.06811923 0.18212561 -1.34813082
v -0.14769582 0.21373688 -1.06309986
v -0.15448368 0.00870622 -1.05253601
v -0.15110740 0.01018053 -1.02998090
v -0.15321036 0.03183132 -1.02864420
v -0.18844785 0.00926537 -1.16412187
v -0.19696432 0.00794085 -1.23213589
v 0.05178136 0.08229618 -1.21556604
v 0.05628435 0.06913005 -1.21672177
v 0.04726937 0.07090724 -1.22965658
v 0.04260843 0.08445321 -1.22836971
v 0.03872318 0.10377517 -1.21233451
v 0.04576485 0.09385267 -1.21425593
v 0.03690582 0.09611979 -1.22657394
v 0.03019926 0.10646269 -1.22383654
v 0.03069168 0.11256893 -1.20877266
v 0.02266356 0.11534958 -1.22006404
v 0.05275974 0.09203461 -1.20084178
v 0.05922341 0.08075848 -1.20191371
v 0.06314235 0.06800134 -1.20289183
v 0.03720662 0.11001652 -1.19717598
v 0.04533501 0.10172823 -1.19946468
v -0.01840228 -0.01349191 -1.39564228
v -0.02204050 -0.00811387 -1.35250008
v -0.02648132 -0.00889117 -1.36254835
v 0.04777624 -0.01089429 -1.21584880
v 0.03410469 -0.00965682 -1.24956489
v 0.02520796 -0.00795424 -1.26195025
v 0.01761363 -0.00682129 -1.27744198
v -0.01546865 -0.00749140 -1.34190536
v 0.04128595 -0.01060380 -1.23245835
v -0.14128295 0.14991301 -0.78737903
v -0.16013478 0.12994957 -0.76939517
v -0.15477023 0.13768891 -0.79592049
v -0.16834745 0.12450504 -0.78295386
v -0.12486204 0.15415539 -0.86637998
v -0.13337940 0.14956965 -0.83941281
v -0.11924785 0.15464453 -0.89375603
v -0.18057121 0.10514310 -0.77525556
v -0.18871948 0.08192094 -0.77336204
v -0.19496378 0.08417070 -0.79414290
v -0.14353521 0.14161123 -0.89175272
v -0.14755356 0.14123911 -0.86560404
v -0.14317220 0.14611335 -0.81563669
v -0.15884729 0.13575409 -0.81687832
v -0.16223109 0.13232818 -0.80191195
v -0.18496642 0.10571879 -0.79381418
v -0.17292750 0.12126537 -0.79656088
v -0.18512857 0.02770406 -0.93214178
v -0.18149379 0.05657685 -0.93241227
v -0.17289945 0.05110886 -0.95163316
v -0.15372387 0.11833444 -0.93869615
v -0.13209549 0.12863936 -0.95969355
v -0.17388669 0.12199262 -0.81439888
v -0.18763256 0.10661706 -0.81531382
v -0.19921148 0.08338329 -0.81658560
v -0.19163081 0.08517182 -0.89112365
v -0.19737366 0.08468334 -0.86765468
v -0.18511946 0.10702468 -0.86588067
v -0.17957555 0.10731703 -0.89081097
v -0.15899436 0.12312217 -0.91605341
v -0.16349132 0.12569572 -0.89117599
v -0.18394887 0.08353058 -0.91358382
v -0.17348066 0.10483801 -0.91471744
v -0.16663182 0.09984468 -0.93613982
v -0.16776410 0.12608299 -0.86455154
v -0.20738462 0.05683189 -0.84393990
v -0.20028731 0.08439970 -0.84273171
v -0.20766553 0.02691298 -0.84439278
v -0.17551504 0.07936220 -0.93429226
v -0.16724336 0.07364044 -0.95350778
v -0.16043825 0.06699374 -0.97172636
v -0.15169370 0.05367203 -1.02805340
v -0.00211631 0.12479503 -0.56410313
v -0.03944726 -0.00690783 -0.73265076
v -0.06624809 -0.01000469 -0.73936200
v -0.02607822 0.16621695 -0.82338834
v -0.09919952 0.16699600 -0.80488718
v -0.12478407 0.15488499 -0.81095564
v 0.02121555 0.02753948 -0.73537153
v 0.00203791 0.00846944 -0.72863638
v -0.00025052 0.14838876 -0.81435490
v 0.03247108 0.11016694 -0.77030468
v -0.01778144 -0.00171086 -0.72840458
v -0.15309128 0.14010312 -0.83992636
v -0.17194667 0.12414467 -0.83764243
v -0.18746629 0.10788259 -0.84000230
v -0.20604300 0.05616945 -0.81926596
v -0.20608449 0.02622638 -0.82191712
v 0.04026479 0.00894001 -0.78247619
v 0.04476159 0.00229390 -0.79116392
v 0.04376659 -0.00719491 -0.78879738
v 0.03667927 -0.00464968 -0.77612334
v 0.04248248 0.08487393 -0.91080284
v 0.05491634 0.06294762 -0.90361512
v 0.06941924 0.01784077 -0.89358550
v 0.07143941 -0.00331837 -0.89077884
v -0.00917026 0.13959487 -0.93701816
v 0.06433641 0.03988082 -0.89786458
v 0.01119836 0.12519151 -0.92778552
v 0.02834186 0.10598339 -0.91870439
v -0.11169472 0.05378557 -0.13225341
v -0.10841098 0.05556617 -0.10396433
v -0.12346237 0.05272681 -0.10485065
v -0.12585159 0.04879022 -0.13408136
v -0.15642393 0.05723509 -0.13805354
v -0.14622739 0.04867245 -0.13597775
v -0.16236506 0.07092723 -0.14023066
v -0.16049272 0.06801817 -0.11087871
v -0.15779735 0.08005291 -0.11207330
v -0.16145717 0.08456573 -0.14047158
v -0.15490685 0.09477153 -0.14066780
v -0.12641953 0.10768951 -0.11264181
v -0.12805256 0.11320297 -0.13910925
v -0.14516605 0.10421494 -0.14085937
v -0.14275101 0.09940064 -0.11342943
v -0.10755138 0.11148170 -0.13522732
v -0.10611929 0.10531825 -0.11167860
v -0.09294367 0.09979947 -0.13213205
v -0.09797861 0.06226548 -0.13048518
v -0.09359945 0.06215196 -0.10314286
v -0.15503074 0.05631484 -0.10873520
v -0.14367287 0.05047487 -0.10573328
v -0.13560596 0.04651622 -0.13499200
v -0.13392113 0.05181446 -0.10578322
v -0.11874521 0.05580543 -0.07561123
v -0.10227467 0.05332170 -0.07463562
v -0.15426907 0.05876954 -0.07947409
v -0.14133802 0.05639869 -0.07849097
v -0.15400943 0.07934986 -0.08569598
v -0.16041620 0.06849632 -0.08353496
v -0.14133379 0.09990413 -0.08999717
v -0.15091282 0.08979116 -0.11323917
v -0.14751330 0.08970821 -0.08784842
v -0.12570298 0.10595956 -0.09014559
v -0.10242891 0.10421236 -0.09115505
v -0.08627890 0.06217540 -0.07776451
v -0.13090156 0.05697617 -0.07755244
v 0.05094545 0.17009257 -0.06537092
v 0.04895885 0.17337014 -0.06737661
v 0.04917093 0.17742682 -0.06549442
v 0.05233085 0.17241071 -0.06053090
v 0.07269236 0.13612561 -0.04334497
v 0.07246157 0.14201337 -0.05028534
v 0.07041126 0.14873563 -0.04453611
v 0.07142573 0.14076829 -0.03463089
v 0.05925480 0.16876905 -0.05364799
v 0.06091538 0.16516347 -0.05065882
v 0.06480407 0.16301864 -0.05356252
v 0.06177799 0.16912666 -0.05854535
v 0.01015729 0.19005013 -0.07244730
v 0.01265531 0.18710551 -0.07044888
v 0.01504146 0.18492095 -0.07432461
v 0.01122214 0.18868724 -0.07633388
v 0.03023189 0.18600665 -0.06656992
v 0.03277317 0.18368797 -0.06360567
v 0.03560785 0.18135129 -0.06747997
v 0.03181625 0.18509847 -0.07046580
v 0.04864893 0.13709590 -0.05111158
v 0.06266313 0.14004414 -0.05315495
v 0.06356808 0.13135020 -0.04323661
v 0.04980042 0.12480405 -0.04308486
v 0.06191915 0.13107257 -0.03052807
v 0.05766847 0.13979447 -0.03066897
v 0.04415634 0.13609625 -0.02763712
v 0.04681058 0.12548895 -0.02941251
v 0.05663893 0.15024355 -0.03866386
v 0.04395612 0.14708453 -0.03662050
v 0.04615435 0.14821635 -0.04739177
v 0.05970428 0.15250635 -0.05141103
v 0.04204076 0.16295990 -0.05936086
v 0.05273433 0.16930887 -0.06145465
v 0.05544513 0.16138864 -0.06327724
v 0.04405477 0.15470178 -0.06215250
v 0.05878375 0.15538217 -0.05829692
v 0.04832580 0.14706057 -0.05616939
v 0.04836502 0.15016600 -0.04645503
v 0.06055783 0.15517499 -0.04950631
v 0.05548885 0.16166186 -0.04765224
v 0.04388869 0.15636888 -0.04459763
v 0.04101408 0.16293882 -0.05056584
v 0.05200811 0.16828933 -0.05264306
v 0.04570422 0.16666645 -0.06431997
v 0.03715242 0.16038527 -0.06418693
v 0.03245659 0.16718127 -0.07113111
v 0.04292583 0.17190182 -0.06928825
v 0.03452832 0.16941629 -0.05456901
v 0.03832953 0.16315322 -0.05544662
v 0.04713853 0.16781001 -0.05652893
v 0.04414921 0.17340757 -0.05564177
v 0.04150069 0.17875664 -0.06061256
v 0.03095964 0.17566541 -0.06052983
v 0.03127605 0.17512213 -0.06931293
v 0.04144499 0.17900646 -0.06745481
v 0.02605947 0.18050227 -0.07525408
v 0.01604613 0.17622340 -0.07808280
v 0.01412561 0.18312989 -0.07526767
v 0.02417429 0.18607824 -0.07143903
v 0.02165771 0.17128901 -0.07312739
v 0.02930724 0.17593504 -0.07225251
v 0.02016490 0.17891669 -0.06251121
v 0.02432445 0.17353927 -0.06731272
v 0.03095135 0.17568472 -0.06639135
v 0.02807041 0.18097720 -0.06159174
v 0.02469399 0.18639188 -0.06558478
v 0.01471835 0.18446894 -0.06650090
v 0.00312080 0.18968026 -0.07828295
v 0.00501806 0.18520428 -0.08211732
v -0.00340696 0.18268907 -0.08302736
v -0.00633381 0.18726797 -0.07723832
v 0.00297032 0.17828083 -0.08003688
v 0.00914867 0.18057840 -0.07911706
v 0.00196138 0.18442589 -0.06841922
v 0.00493687 0.18057762 -0.07422125
v 0.01025490 0.18097538 -0.07326579
v 0.00811683 0.18548462 -0.06845450
v 0.00427641 0.19033584 -0.07145953
v -0.00378668 0.18818076 -0.07139993
v 0.03577282 0.11986521 -0.04296041
v 0.03402419 0.13696685 -0.05106962
v 0.06591734 0.14345820 -0.03466296
v 0.03257045 0.12192690 -0.02833474
v 0.06535790 0.14893034 -0.03866458
v 0.03088595 0.14734145 -0.03658950
v 0.02987427 0.13279888 -0.02558684
v 0.03996997 0.14621559 -0.04538631
v 0.06169719 0.16431013 -0.06139159
v 0.03351177 0.15968171 -0.05537295
v 0.02462513 0.16198304 -0.04855096
v 0.06353233 0.16057064 -0.05840063
v 0.02770936 0.15077312 -0.06203949
v 0.01483257 0.16333757 -0.07101595
v 0.04918213 0.17558990 -0.05862427
v 0.04771107 0.17834398 -0.06062222
v 0.01366551 0.17489208 -0.05851567
v 0.02228693 0.17232923 -0.06728601
v 0.03160002 0.18189824 -0.07236302
v 0.00497269 0.18068029 -0.07519996
v -0.00057124 0.18305591 -0.06545782
v 0.03351887 0.17946409 -0.07134879
v -0.00023104 0.17288451 -0.07895708
v 0.01045794 0.18552341 -0.07823014
v -0.01399907 0.18719876 -0.06842434
v -0.01844112 0.18588813 -0.07620442
v 0.01297142 0.18329437 -0.07722116
v -0.01377346 0.17946394 -0.08294284
v -0.08826689 0.07214285 -0.12873054
v -0.08465517 0.07088384 -0.10331976
v -0.08693657 0.08294013 -0.12892294
v -0.09044409 0.09405436 -0.10859358
v -0.08382510 0.08043948 -0.10641968
v -0.07618310 0.07243021 -0.08090186
v -0.08504775 0.09471366 -0.08908236
v -0.07637710 0.08298059 -0.08694696
v -0.14244321 0.10398448 -0.07443571
v -0.12788826 0.11140503 -0.07753551
v -0.14899191 0.09276405 -0.06933737
v -0.16251054 0.07327878 -0.06309867
v -0.15681547 0.08359469 -0.06720209
v -0.06576695 0.07870680 -0.06736362
v -0.07972293 0.06833613 -0.05932951
v -0.06469204 0.09091187 -0.07539499
v -0.07577672 0.10283197 -0.07948089
v 0.02068903 0.11006021 -0.04177117
v 0.00032257 0.10539362 -0.03968048
v -0.00068247 0.11183295 -0.05639708
v 0.01719786 0.12407243 -0.05470598
v -0.00897270 0.12623309 -0.06541824
v 0.00928444 0.13903244 -0.06178415
v -0.02041701 0.14023912 -0.07051647
v -0.00216491 0.15188622 -0.06979275
v -0.03289860 0.15310822 -0.07461512
v -0.01574038 0.16355313 -0.07679808
v -0.04493842 0.16528314 -0.07479525
v -0.02786284 0.17421404 -0.07988214
v -0.05089995 0.17591736 -0.07008076
v -0.03347493 0.18372424 -0.07514894
v 0.01725518 0.11408488 -0.02424848
v -0.00322973 0.10995930 -0.02314389
v 0.01237758 0.12891071 -0.02058709
v -0.00771497 0.12514324 -0.01851296
v 0.00710865 0.14278705 -0.03058410
v -0.01323207 0.13845904 -0.02654576
v -0.04771549 0.18017648 -0.05941832
v -0.02929296 0.18585506 -0.06347501
v -0.00143861 0.15613011 -0.04153979
v -0.02174474 0.15094361 -0.03748655
v -0.01133537 0.16888073 -0.04955077
v -0.03139084 0.16355528 -0.04549575
v -0.02105763 0.17894618 -0.05653846
v -0.04058424 0.17384747 -0.05151200
v -0.02215706 0.10018985 -0.05515838
v -0.02851243 0.11254045 -0.06903327
v -0.04091783 0.12664486 -0.07217681
v -0.05396981 0.14012741 -0.07140028
v -0.06529678 0.15340753 -0.06867123
v -0.07094537 0.16583836 -0.06496572
v -0.08072760 0.12794466 -0.07209158
v -0.08851060 0.14259510 -0.06158102
v -0.09094372 0.15507416 -0.05690837
v -0.11223947 0.13373935 -0.05647743
v -0.11231077 0.14536212 -0.04984236
v -0.14938483 0.11933500 -0.04537916
v -0.15180786 0.13327174 -0.03780138
v -0.13409345 0.13772248 -0.04476535
v -0.13311414 0.12501699 -0.05040705
v -0.10776693 0.12218319 -0.06703305
v -0.12968628 0.11435190 -0.06292915
v -0.14468902 0.10661143 -0.05884564
v -0.16292886 0.12683673 -0.03179741
v -0.16081986 0.11374253 -0.04134285
v -0.17021826 0.10472959 -0.03627539
v -0.17004451 0.11623891 -0.02475464
v -0.17288885 0.09101386 -0.02625966
v -0.17070320 0.10332409 -0.01378155
v -0.15988122 0.08227625 -0.01832724
v -0.15871152 0.09308121 -0.00484324
v -0.16276777 0.09209424 -0.05170465
v -0.15400511 0.09977736 -0.05479336
v -0.16704476 0.08098476 -0.04563749
v -0.15641716 0.07237077 -0.03965449
v -0.13916337 0.07154736 -0.03871012
v -0.13973196 0.08087626 -0.01835740
v -0.13974860 0.08945338 -0.00385439
v -0.02359181 0.10091886 -0.03660667
v -0.02742352 0.10717309 -0.02596021
v -0.05985433 0.11405686 -0.07678974
v -0.04790639 0.10006127 -0.07266986
v -0.04929969 0.08791037 -0.05584681
v -0.04896222 0.09219883 -0.03345478
v -0.05333399 0.10325906 -0.02289069
v -0.07608485 0.09970275 -0.01885939
v -0.07303146 0.08699113 -0.02743721
v -0.03197847 0.11924273 -0.02127457
v -0.05753397 0.11444105 -0.02209806
v -0.07971907 0.11054137 -0.01806211
v -0.09551260 0.09551479 -0.01384914
v -0.09367099 0.08435142 -0.02245069
v -0.11153662 0.09218422 -0.00983989
v -0.11130875 0.08303328 -0.02140296
v -0.12502748 0.08133242 -0.02035904
v -0.12479652 0.08995424 -0.00585735
v -0.11334179 0.07221666 -0.03879189
v -0.12597144 0.07128236 -0.03874123
v -0.09502749 0.07356827 -0.03886521
v -0.07344332 0.07730716 -0.04387355
v -0.06882711 0.17100726 -0.05529320
v -0.08965264 0.16098011 -0.05017698
v -0.11008877 0.15057740 -0.04407847
v -0.13116720 0.14379892 -0.03608775
v -0.14738503 0.13792056 -0.02812600
v -0.15684994 0.13155898 -0.02212787
v -0.16280088 0.11164778 -0.00808740
v -0.16323380 0.12279110 -0.01609600
v -0.15460873 0.10319564 -0.00210059
v -0.13948728 0.10247001 -0.00017524
v -0.12650919 0.10269120 -0.00119114
v -0.09873377 0.10674469 -0.01012933
v -0.11374778 0.10429884 -0.00418448
v -0.09809317 0.05956966 -0.05326509
v -0.11555594 0.06000945 -0.05420232
v -0.12804994 0.06164404 -0.05712759
v -0.15434615 0.06445761 -0.05905914
v -0.13935116 0.06277521 -0.05809355
v -0.03763072 0.13226961 -0.02539444
v -0.04585253 0.14476937 -0.03438246
v -0.05475574 0.15659779 -0.04238009
v -0.06262503 0.16582352 -0.04838133
v -0.08479883 0.15747599 -0.04329085
v -0.07858416 0.14919914 -0.03827858
v -0.07076582 0.13829896 -0.03029430
v -0.06288327 0.12576996 -0.02423537
v -0.10532846 0.14842492 -0.03721559
v -0.09964497 0.14179066 -0.03125381
v -0.09292945 0.13180269 -0.02425933
v -0.08501789 0.12145610 -0.01921558
v -0.10426794 0.11688003 -0.01126838
v -0.11202711 0.12538183 -0.01628029
v -0.11843406 0.13449313 -0.02326024
v -0.12489408 0.14046238 -0.02823150
v -0.13986306 0.13409960 -0.02221835
v -0.13284695 0.12821570 -0.01725018
v -0.12637722 0.12050681 -0.01029491
v -0.11944897 0.11332723 -0.00628066
v -0.14827546 0.12887394 -0.01721978
v -0.15519187 0.11568496 -0.00720167
v -0.15393038 0.12283625 -0.01319134
v -0.15046380 0.11036393 -0.00321412
v -0.14013484 0.11024526 -0.00226319
v -0.12997249 0.11137016 -0.00426412
v -0.13500914 0.11756787 -0.00826633
v -0.14198372 0.11566350 -0.00723720
v -0.14079140 0.12453173 -0.01325667
v -0.14679295 0.12068415 -0.01121938
v -0.14769195 0.11440885 -0.00622296
v -0.15001136 0.11728045 -0.00822055
v -0.09861635 0.11062196 -0.07760131
v -0.04923837 0.09829082 -0.39939785
v -0.04998029 0.08470319 -0.40257728
v -0.05310600 0.11361869 -0.40160912
v 0.01992113 0.12825851 -0.80453318
v 0.04936957 0.06082797 -1.03055596
v 0.04398138 0.06361319 -1.07320595
v 0.04678663 0.06203944 -1.05132854
v 0.01908258 0.13334022 -0.77629054
v -0.00561994 0.11239453 -1.09895658
v 0.03230238 0.08704869 -1.24139166
v -0.12472528 -0.18349718 -0.02647460
v -0.10688640 -0.18590412 -0.03331900
v -0.10930407 -0.17609666 -0.04129887
v 0.05336766 -0.01953819 -1.52125895
v -0.00830155 0.04563640 -1.49768746
v -0.01560491 0.04552157 -1.49009490
v -0.00955015 0.04202396 -1.47832775
v -0.00142119 0.04261923 -1.48678565
v -0.00307986 0.03652450 -1.46750355
v 0.00372086 0.03925711 -1.47770476
v 0.00424254 0.03008420 -1.45825267
v 0.00964914 0.03439697 -1.46908832
v 0.01299117 0.02449133 -1.45280588
v 0.01683839 0.02925270 -1.46315670
v 0.03147537 0.00898004 -1.44757831
v 0.02732735 0.00717524 -1.44240701
v 0.03338721 0.00074587 -1.43901408
v 0.03763924 0.00132692 -1.44294322
v 0.03872057 -0.00647378 -1.43633795
v 0.04270913 -0.00618766 -1.43977284
v 0.04131495 -0.01439251 -1.43461919
v 0.04551025 -0.01468150 -1.43780029
v 0.04186308 -0.02362253 -1.43409288
v 0.04604866 -0.02405445 -1.43739367
v 0.05003183 -0.02463331 -1.44630826
v 0.04975808 -0.01587803 -1.44670486
v 0.04827762 -0.01526744 -1.44194925
v 0.04859242 -0.02433073 -1.44130325
v 0.04690073 -0.00823780 -1.44829607
v 0.04516043 -0.00693723 -1.44355178
v 0.04269414 -0.00153190 -1.45157671
v 0.04049882 0.00028599 -1.44696236
v 0.03766166 0.00659878 -1.45695591
v 0.03474248 0.00856082 -1.45209789
v 0.03550889 0.01299413 -1.46316731
v 0.03138670 0.01622469 -1.46028197
v 0.03496996 -0.01514323 -1.43214667
v 0.03626964 -0.02318861 -1.43164313
v 0.03238700 -0.00798656 -1.43324161
v 0.02792844 -0.00141483 -1.43554235
v 0.02254552 0.00414162 -1.43818927
v 0.02101369 0.01721062 -1.44867074
v 0.01543440 0.01037860 -1.44084334
v 0.00881349 0.01852740 -1.44597423
v -0.00066176 0.02468838 -1.45142901
v -0.00907114 0.03272332 -1.46107113
v -0.01693796 0.04022902 -1.47265935
v -0.02317681 0.04420653 -1.48565543
v -0.02053602 0.04698463 -1.49853253
v 0.04725385 -0.00925626 -1.45267510
v 0.04989330 -0.01648881 -1.45133471
v 0.04381514 -0.00297282 -1.45533991
v 0.03982052 0.00421528 -1.46082747
v 0.03820942 0.00954578 -1.46641123
v 0.03959612 0.01415230 -1.47919488
v 0.03849844 0.01311862 -1.47257996
v 0.04341248 0.01208216 -1.49199045
v 0.04126020 0.01358888 -1.48578334
v 0.04027214 0.02020548 -1.49932837
v 0.03657237 0.02228842 -1.49056292
v 0.03915884 0.01788961 -1.48744023
v 0.04197271 0.01625188 -1.49511218
v 0.03811795 0.02382051 -1.50536895
v 0.03354478 0.02653345 -1.49539113
v 0.02941984 -0.01588110 -1.43028700
v 0.02968497 -0.02293443 -1.42967606
v 0.02671605 -0.00962393 -1.43124390
v 0.02211152 -0.00435323 -1.43242252
v 0.01616388 0.00003040 -1.43345988
v 0.00952003 0.00499774 -1.43523824
v 0.00209030 0.01104184 -1.43788803
v -0.00638896 0.01884683 -1.44349647
v -0.01544188 0.02869804 -1.45316851
v -0.02346558 0.03805605 -1.46784139
v -0.02950089 0.04280644 -1.48133993
v 0.00146139 -0.00232912 -1.42751753
v 0.00773165 -0.00642371 -1.42795134
v 0.01308178 -0.00964470 -1.42827594
v 0.01728082 -0.01270844 -1.42835581
v 0.01616331 -0.01666416 -1.42706251
v 0.01523387 -0.02237630 -1.42622745
v 0.00769980 -0.01708849 -1.42446792
v 0.00754547 -0.02216893 -1.42413437
v 0.00260029 -0.01474404 -1.42217493
v 0.00199902 -0.02196599 -1.42094803
v -0.00168939 -0.01265449 -1.41914713
v -0.00223449 -0.02550233 -1.41623461
v 0.03553600 0.01726177 -1.47081268
v 0.03153507 0.02145235 -1.47026455
v 0.03333042 0.02295377 -1.48067498
v 0.02917204 0.02763403 -1.48416448
v 0.02641069 0.02626620 -1.47155595
v 0.03682979 0.01852741 -1.47914171
v 0.01999976 0.03203325 -1.47566891
v 0.02435198 0.03251583 -1.48912120
v 0.03019955 0.03062728 -1.50131488
v 0.02005091 0.03603104 -1.49503219
v 0.01393322 0.03660290 -1.48220420
v 0.02622253 0.03438716 -1.50600994
v 0.02238157 0.03743471 -1.51069283
v 0.01623704 0.03857892 -1.50019491
v 0.00994880 0.03938084 -1.48883581
v 0.02544154 0.02055272 -1.45753300
v 0.00532275 0.04171002 -1.49557996
v 0.01831404 0.03982892 -1.51511967
v 0.01184950 0.04078935 -1.50583863
v 0.01301185 0.04209149 -1.52125025
v 0.00444330 0.04361119 -1.51246166
v -0.00250296 0.04470868 -1.50415874
v -0.01643065 0.04822066 -1.50662446
v 0.05032860 -0.02465474 -1.45094883
v -0.08631973 -0.17138152 -0.06195796
v -0.10887507 -0.16745535 -0.05610418
v -0.12505823 -0.16215242 -0.05224550
v -0.13678166 -0.17869583 -0.02164149
v -0.13805483 -0.16816002 -0.03256786
v -0.14899188 -0.16075948 -0.02876008
v -0.14598429 -0.16917442 -0.01592183
v -0.15419540 -0.14633220 -0.02118325
v -0.14917585 -0.15486358 -0.00737154
v -0.14391086 -0.13345784 -0.01557505
v -0.14003606 -0.14081234 -0.00178087
v -0.14536464 -0.14993623 -0.04654276
v -0.13541129 -0.15652029 -0.04938531
v -0.15164492 -0.13877434 -0.04085970
v -0.14348856 -0.12750541 -0.03717148
v -0.12710461 -0.12345700 -0.03728676
v -0.12486628 -0.12848543 -0.01571369
v -0.12240157 -0.13316044 -0.00098562
v -0.00790316 -0.12375034 -0.03858197
v -0.00990274 -0.12883595 -0.02578831
v -0.04104826 -0.15270309 -0.07412982
v -0.03200572 -0.13494004 -0.07348812
v -0.03603461 -0.12051392 -0.05809951
v -0.03445291 -0.12075521 -0.03465474
v -0.03611377 -0.13083419 -0.02275157
v -0.05893372 -0.13143319 -0.01779485
v -0.05887178 -0.12084652 -0.02774882
v -0.01127067 -0.14036609 -0.01874495
v -0.03750488 -0.14169796 -0.01962721
v -0.05999509 -0.14170732 -0.01468170
v -0.07878342 -0.13049994 -0.01189613
v -0.07953788 -0.12158865 -0.02279544
v -0.09504975 -0.13069549 -0.00794113
v -0.09715669 -0.12480387 -0.02171457
v -0.11077556 -0.12666032 -0.01871455
v -0.10831696 -0.13096800 -0.00399280
v -0.10186123 -0.11856407 -0.03939450
v -0.11429927 -0.12077811 -0.03834522
v -0.08397803 -0.11585565 -0.04046726
v -0.06194067 -0.11516075 -0.04640043
v -0.03579520 -0.20505905 -0.04001510
v -0.05845413 -0.19908121 -0.03615057
v -0.08053275 -0.19239083 -0.03132331
v -0.10221930 -0.18861017 -0.02351570
v -0.11907806 -0.18480062 -0.01669848
v -0.12954669 -0.17959829 -0.01089978
v -0.13975143 -0.15952756 -0.00047743
v -0.13751793 -0.17176598 -0.00613081
v -0.13375852 -0.14860412 0.00322270
v -0.11937909 -0.14391604 0.00407863
v -0.10667517 -0.14184196 0.00303102
v -0.07936745 -0.14077127 -0.00683057
v -0.09435410 -0.14087777 0.00005007
v -0.08972303 -0.10533635 -0.05528867
v -0.10682339 -0.10958178 -0.05516803
v -0.11840008 -0.11396687 -0.05603683
v -0.14354789 -0.12148647 -0.05681396
v -0.12929627 -0.11734027 -0.05594826
v -0.01376905 -0.15442267 -0.02044606
v -0.01897141 -0.16995865 -0.02602148
v -0.02507424 -0.18480597 -0.03062963
v -0.03076056 -0.19709520 -0.03430676
v -0.05432499 -0.19289187 -0.03040886
v -0.05004599 -0.18222149 -0.02669954
v -0.04490707 -0.16853321 -0.02206850
v -0.04013497 -0.15387659 -0.01940715
v -0.07624840 -0.18753995 -0.02458179
v -0.07213139 -0.17844884 -0.02084434
v -0.06788456 -0.16592440 -0.01619053
v -0.06267325 -0.15325394 -0.01349568
v -0.08212023 -0.15194601 -0.00565088
v -0.08756955 -0.16276599 -0.00837743
v -0.09178626 -0.17431395 -0.01304841
v -0.09677349 -0.18250830 -0.01777589
v -0.11266321 -0.17815159 -0.01097083
v -0.10708879 -0.17027539 -0.00819314
v -0.10274716 -0.15983653 -0.00350320
v -0.09743565 -0.15108669 -0.00073993
v -0.12166577 -0.17430429 -0.00710630
v -0.13129959 -0.16166194 0.00051379
v -0.12834871 -0.16914339 -0.00327086
v -0.12800425 -0.15449047 0.00330997
v -0.11808214 -0.15196967 0.00323904
v -0.10805506 -0.15106316 0.00221908
v -0.11148225 -0.15883741 -0.00056624
v -0.11859509 -0.15822522 0.00041914
v -0.11567995 -0.16757348 -0.00528646
v -0.04418369 0.04336419 -1.49803877
v 0.04959544 -0.00417723 -1.49917150
v 0.05175123 -0.00939581 -1.50165033
v -0.12207921 -0.16501722 -0.00238323
v -0.12437041 -0.15819114 0.00141108
v 0.05452810 -0.01451628 -1.50230098
v 0.05652012 -0.01857122 -1.50272393
v 0.05760901 -0.02243090 -1.50241518
v -0.12604989 -0.16178340 -0.00047529
v -0.08072553 -0.15937957 -0.07488227
v -0.04534730 -0.11063878 -0.39624345
v -0.04790194 -0.09569530 -0.39796311
v -0.01065527 -0.02455781 -1.40584898
v 0.04987536 -0.02758711 -1.57141745
v -0.00565555 -0.02509606 -1.41183650
v 0.03672140 -0.02383747 -1.46557927
v -0.02852054 -0.02397661 -1.65894175
v 0.05042987 -0.02485096 -1.45582998
v 0.03943978 -0.02423169 -1.47009778
v 0.06804832 -0.02753419 -1.53019500
v 0.05004363 -0.02502410 -1.46058822
v 0.05503875 -0.02597394 -1.47133064
v 0.05349682 -0.02602305 -1.47730899
v 0.04095326 -0.02841453 -1.60849977
v 0.05478396 -0.02604583 -1.47462571
v 0.05754512 -0.02609277 -1.50454891
v 0.07122179 -0.02772953 -1.52629280
v 0.05215314 -0.02595799 -1.47889388
v -0.11604102 -0.01044972 -1.48444760
v 0.05341604 -0.02562989 -1.46791327
v 0.04444577 -0.02513800 -1.47595668
v 0.05008782 -0.02574814 -1.47889197
v 0.04105332 -0.02435074 -1.48829424
v 0.05724921 -0.02601036 -1.50186324
v 0.05508570 -0.02706761 -1.54775167
v -0.14023533 -0.01017118 -1.51894355
v 0.05734719 -0.02715846 -1.54482555
v 0.02279979 -0.02764555 -1.63386250
v 0.03496338 -0.02810649 -1.61899030
v 0.06523620 -0.02741686 -1.53434110
v -0.16170689 -0.01058855 -1.58042061
v -0.16146943 -0.01114726 -1.59946048
v 0.04607558 -0.02814278 -1.59117901
v -0.09349146 -0.01839906 -1.65739763
v 0.07342393 -0.02781114 -1.52263403
v 0.06324665 -0.02668022 -1.50943851
v -0.00306972 -0.02584739 -1.65140736
v -0.15153527 -0.01110572 -1.54722571
v -0.11927970 -0.01607524 -1.64662266
v 0.05651191 -0.02554782 -1.48538458
v -0.01521867 -0.02496491 -1.65578580
v 0.05359787 -0.02526500 -1.48379421
v 0.07065726 -0.02735867 -1.51262152
v -0.14548436 -0.01061676 -1.53186500
v -0.15704018 -0.00988310 -1.56017566
v 0.05817723 -0.02600571 -1.49551618
v 0.05719499 -0.02596910 -1.49929953
v -0.10671979 -0.01740469 -1.65322745
v 0.04911683 -0.02780178 -1.57776129
v 0.05909947 -0.02599493 -1.49295461
v 0.05006093 -0.02699657 -1.55677533
v 0.05935213 -0.02594299 -1.49014771
v -0.01509915 -0.02393180 -1.40010881
v -0.14349876 -0.01340975 -1.62511253
v 0.05808526 -0.02574471 -1.48758340
v 0.04854377 -0.02490154 -1.48525214
v 0.06242374 -0.02731048 -1.53824282
v 0.04403865 -0.02455928 -1.48671126
v 0.04410047 -0.02822938 -1.59874296
v 0.05893841 -0.02623232 -1.50699246
v 0.05954371 -0.02630841 -1.50772548
v 0.05110925 -0.02693801 -1.55384851
v 0.02889327 -0.02815082 -1.62678790
v 0.04974145 -0.02713032 -1.55970263
v 0.05833337 -0.02615242 -1.50625956
v -0.15277335 -0.01239687 -1.61606896
v -0.07548709 -0.01987895 -1.66157234
v -0.06195519 -0.02107056 -1.66256511
v 0.05282548 -0.02695773 -1.55067801
v 0.05966653 -0.02729901 -1.54189885
v -0.11344181 -0.01063392 -1.47688067
v 0.07308162 -0.02760310 -1.51604295
v 0.07392474 -0.02773334 -1.51872933
v 0.00737841 -0.02658049 -1.64605021
v -0.13365826 -0.00989052 -1.50993025
v -0.04426894 -0.02254573 -1.66161036
v 0.01578831 -0.02716237 -1.64044583
v -0.12300664 -0.01013339 -1.49359238
v -0.12915885 -0.01046854 -1.50236166
v 0.06895687 -0.02720883 -1.51139843
v 0.04966551 -0.02726261 -1.56336343
v 0.06579826 -0.02691622 -1.51017392
v -0.13107789 -0.01483450 -1.63806474
v 0.06106254 -0.02644139 -1.50845981
v -0.04764399 -0.12621100 -0.39987236
v 0.00786607 -0.15379235 -0.80347592
v 0.03921854 -0.10544762 -1.02737665
v 0.03330659 -0.10780424 -1.06871414
v 0.03655496 -0.10636908 -1.04798961
v 0.00935625 -0.15780701 -0.77581322
v -0.02364410 -0.15065269 -1.09040046
v 0.01836595 -0.13782234 -1.24151230
v 0.05236452 -0.03276999 -1.52102494
v -0.01967197 -0.08570640 -1.49377251
v -0.02709762 -0.08398061 -1.48633385
v -0.02078342 -0.08080971 -1.47529459
v -0.01259392 -0.08345108 -1.48320770
v -0.01363896 -0.07617590 -1.46489358
v -0.00697014 -0.08048935 -1.47448289
v -0.00558807 -0.07120442 -1.45621061
v -0.00042000 -0.07646427 -1.46614552
v 0.06850933 -0.02287773 -1.51269412
v 0.06589220 -0.02363782 -1.51145267
v 0.00394743 -0.06727660 -1.45081031
v 0.00725476 -0.07247180 -1.46061921
v 0.03669526 -0.01023483 -1.54946136
v 0.05649310 -0.01786661 -1.51055110
v 0.06203773 -0.02040351 -1.53201294
v 0.03708844 -0.01167184 -1.54968154
v 0.02503920 -0.05464402 -1.44595993
v 0.02102204 -0.05263960 -1.44109964
v 0.02840157 -0.04659138 -1.43805063
v 0.03248902 -0.04756983 -1.44170785
v 0.05548555 -0.01554122 -1.51083326
v 0.03527144 -0.03991617 -1.43562174
v 0.03916865 -0.04100545 -1.43891025
v 0.03949168 -0.03259506 -1.43429589
v 0.04361124 -0.03310619 -1.43735087
v 0.05693094 -0.02069383 -1.53907633
v 0.04508343 -0.01838448 -1.54812050
v 0.04812033 -0.03313687 -1.44615436
v 0.04652013 -0.03340340 -1.44150531
v 0.05969608 -0.02058019 -1.53566670
v 0.05667260 -0.01051090 -1.51336670
v 0.05511683 -0.01189326 -1.51089609
v 0.07120367 -0.02084405 -1.51859820
v 0.07027972 -0.01995865 -1.52129745
v 0.04386008 -0.04014355 -1.44736350
v 0.06944170 -0.01983000 -1.51543629
v 0.06963582 -0.02246198 -1.51392555
v 0.04179171 -0.04101513 -1.44258046
v 0.03735064 -0.00865776 -1.54949069
v 0.03184003 0.00231494 -1.55162144
v 0.07104024 -0.02150961 -1.51663232
v 0.07134838 -0.02427814 -1.51463103
v 0.03519153 -0.00523347 -1.55076587
v 0.03706656 -0.00925044 -1.54947960
v 0.06497303 -0.01525946 -1.51721358
v 0.04913845 -0.01997012 -1.54688275
v 0.03838913 -0.04600301 -1.45029891
v 0.03561267 -0.04740304 -1.44562674
v 0.03195173 -0.05347417 -1.45503521
v 0.02838273 -0.05483682 -1.45036149
v 0.06089547 -0.01224121 -1.51578999
v 0.02866195 -0.05956857 -1.46090293
v 0.02390812 -0.06215167 -1.45791435
v 0.03321660 -0.03137983 -1.43173587
v 0.03728695 -0.00777109 -1.54975033
v 0.03708123 -0.00718075 -1.55000424
v 0.06488978 -0.01990910 -1.52836609
v 0.02921947 -0.03811135 -1.43282843
v 0.02337362 -0.04411760 -1.43466127
v 0.01697766 -0.04919172 -1.43687522
v 0.01288976 -0.06165563 -1.44702542
v 0.03553665 -0.00279921 -1.55105352
v 0.06101376 -0.02346360 -1.50997710
v 0.06716647 -0.01723124 -1.51669669
v 0.06853911 -0.01867785 -1.51594245
v 0.05904286 -0.02276596 -1.50949550
v 0.00852515 -0.05482798 -1.43968427
v 0.00055908 -0.06137413 -1.44455469
v 0.03888212 -0.01413688 -1.54915488
v -0.00982675 -0.06567355 -1.44994617
v 0.05241776 -0.02037087 -1.54468668
v 0.05498046 -0.02052427 -1.54200459
v -0.01928370 -0.07154086 -1.45922029
v -0.02805639 -0.07764322 -1.47056794
v 0.06343601 -0.02380567 -1.51071036
v -0.03477275 -0.08132230 -1.48245203
v -0.03187252 -0.08523855 -1.49411380
v 0.04439601 -0.03933733 -1.45165288
v 0.04838168 -0.03277181 -1.45080161
v 0.03966905 -0.04505963 -1.45398211
v 0.06821676 -0.01962971 -1.52471673
v 0.03451101 -0.05167984 -1.45898092
v 0.03201640 -0.05686837 -1.46425617
v 0.03267784 -0.06224101 -1.47674131
v 0.05774066 -0.02026145 -1.51026845
v 0.03169660 -0.06060687 -1.47017336
v 0.03699791 -0.06133487 -1.48971236
v 0.03449814 -0.06229499 -1.48333907
v 0.03242832 -0.06917870 -1.49640083
v 0.02834323 -0.07012793 -1.48758137
v 0.03166527 -0.06623006 -1.48472786
v 0.07199291 -0.02746949 -1.51408851
v 0.07039595 -0.02203717 -1.51515603
v 0.03477114 -0.06531865 -1.49244511
v 0.02980431 -0.07262433 -1.50219464
v 0.02471806 -0.07394414 -1.49214494
v 0.02791615 -0.03020145 -1.43003261
v 0.04370559 0.00264757 -1.56435871
v 0.04220513 0.00300878 -1.56167459
v 0.02411067 -0.03590055 -1.43077731
v 0.01820049 -0.04105967 -1.43164790
v 0.01140394 -0.04483192 -1.43266249
v 0.00378681 -0.04897323 -1.43427896
v -0.00484974 -0.05416485 -1.43685114
v -0.01461172 -0.05965454 -1.44234562
v 0.04680631 -0.00488539 -1.56789863
v 0.04964400 -0.02289644 -1.56734717
v 0.04912107 -0.01787851 -1.56792188
v -0.02500384 -0.06669362 -1.45220721
v 0.04029405 0.00360231 -1.55777228
v 0.03885244 0.00394666 -1.55582070
v 0.04056465 0.00312172 -1.55971837
v 0.04037796 0.00390213 -1.55606818
v 0.04086097 0.00382652 -1.55680084
v -0.03453313 -0.07444651 -1.46633244
v 0.03951947 0.00302065 -1.55898106
v -0.04098328 -0.07846632 -1.47918820
v 0.03934155 0.00309794 -1.55873775
v -0.00259607 -0.04123507 -1.42670405
v 0.04513723 0.00033397 -1.56700850
v 0.00447953 -0.03782832 -1.42714918
v 0.01055266 -0.03478471 -1.42746305
v 0.03965680 0.00323420 -1.55849671
v 0.03704140 0.00428967 -1.55533326
v 0.01526207 -0.03201909 -1.42764640
v 0.03254458 0.00559716 -1.55363441
v 0.01504153 -0.02801253 -1.42649472
v 0.04977154 -0.02741131 -1.56726861
v 0.04899197 -0.00669250 -1.57886279
v 0.03054561 0.02486395 -1.57863188
v 0.00659002 -0.02733805 -1.42391932
v 0.02808093 0.02812358 -1.57306516
v 0.00120803 -0.02923994 -1.42142928
v 0.03420559 0.02276808 -1.53635550
v 0.03181385 0.02544769 -1.53737283
v 0.04974469 -0.00932118 -1.57246923
v -0.00337497 -0.03109122 -1.41857600
v 0.02792207 -0.06406948 -1.46827090
v 0.02317299 -0.06744304 -1.46758842
v 0.02495688 -0.06979150 -1.47780931
v 0.02010153 -0.07374685 -1.48102391
v 0.04142986 -0.00127779 -1.59945118
v -0.00738366 0.00614341 -1.64682651
v 0.04438287 -0.00303732 -1.59185767
v 0.03964303 0.01192482 -1.58429146
v 0.01733711 -0.07148004 -1.46872306
v 0.00213633 0.00573708 -1.64269352
v 0.02912688 -0.06597801 -1.47654414
v 0.01015802 -0.07633357 -1.47264838
v 0.01449524 -0.07792281 -1.48569798
v 0.02072618 -0.07772696 -1.49792910
v 0.00975914 -0.08094859 -1.49124920
v 0.03430262 0.01985826 -1.58295035
v 0.00349053 -0.07988177 -1.47867358
v 0.02505282 0.03059409 -1.54330564
v 0.04816826 -0.02167854 -1.58445966
v 0.02281666 0.03205002 -1.54894209
v 0.01622691 -0.08089979 -1.50225735
v 0.04822259 -0.01350692 -1.58484697
v -0.07172896 0.00727599 -1.65668464
v 0.01201577 -0.08341905 -1.50659776
v 0.00569811 -0.08303210 -1.49633026
v -0.00083435 -0.08221826 -1.48521483
v 0.01697429 -0.06531712 -1.45539796
v 0.04669062 -0.01406274 -1.56407464
v -0.00567681 -0.08406170 -1.49176335
v 0.03861264 0.01273858 -1.53692484
v 0.03753603 0.01584594 -1.53648782
v 0.00766181 -0.08532159 -1.51119280
v -0.06007446 0.01005723 -1.65627646
v 0.02705751 0.02940755 -1.54060388
v 0.03027941 0.00255560 -1.61829257
v 0.04391763 -0.01730803 -1.55692804
v 0.04454944 -0.01600717 -1.56012726
v 0.02423584 0.00381054 -1.62538052
v 0.00105321 -0.08468795 -1.50190568
v 0.00225721 -0.08735935 -1.51700377
v -0.00634979 -0.08687675 -1.50819695
v 0.01736360 0.00454819 -1.63196850
v -0.01346516 -0.08601695 -1.50013351
v -0.02772250 -0.08746292 -1.50226748
v -0.01837575 0.00693139 -1.65047371
v 0.04009781 -0.00438252 -1.53956008
v -0.05517350 -0.07834780 -1.49465954
v 0.04606885 -0.04614467 -1.49781752
v 0.04918939 -0.04146117 -1.50059426
v 0.02587410 0.03064514 -1.56675363
v 0.02414229 0.03203435 -1.56042361
v -0.04579637 0.00946212 -1.65532792
v 0.04019637 0.00531233 -1.53753185
v 0.02300995 0.03233545 -1.55456448
v -0.08094453 -0.00375475 -1.65866470
v 0.05279293 -0.03691335 -1.50166047
v 0.02945932 0.02777985 -1.53887248
v 0.05541925 -0.03327714 -1.50221956
v 0.05707294 -0.02957100 -1.50204468
v 0.04370891 0.00411959 -1.58489871
v 0.03941397 0.00916458 -1.53710866
v 0.04303711 -0.01775147 -1.55374300
v 0.03996596 -0.00907138 -1.54143143
v 0.04021888 -0.01254937 -1.54430187
v 0.01023839 0.00513644 -1.63757646
v 0.04095443 -0.01521424 -1.54694366
v 0.04227795 -0.01729663 -1.55032992
v 0.04053982 0.00038413 -1.53817928
v 0.03672156 0.00079750 -1.60875487
v -0.03148292 0.00784658 -1.65314054
v 0.03599326 0.01931201 -1.53654420
v -0.08532896 -0.01906053 -1.65960622
v 0.04787452 -0.02793461 -1.58410525
v 0.04178814 -0.01643454 -1.54838991
v 0.04824625 -0.01172777 -1.56802714
v 0.04691472 -0.00467479 -1.58499789
v 0.05136358 -0.02531079 -1.46449423
v 0.04740640 0.00124476 -1.48790431
v 0.04585679 0.00270787 -1.48536134
v 0.04304307 0.00252855 -1.47839046
v 0.05234039 -0.00625225 -1.49376988
v 0.04940602 -0.00172030 -1.49066639
v 0.04798955 -0.00700177 -1.46859062
v 0.04455857 0.00335710 -1.48292696
v 0.05042121 -0.01278355 -1.46642029
v 0.04358683 0.00340150 -1.48060513
v 0.05156527 -0.01859426 -1.46510065
v 0.05768746 -0.02596564 -1.49746931
v 0.05713825 -0.01675798 -1.49775088
v 0.05823109 -0.02146195 -1.49803793
v 0.05503672 -0.01161593 -1.49636984
v 0.04335520 0.00071179 -1.47530675
v 0.04476304 -0.00210608 -1.47196436
v 0.06781378 -0.03149503 -1.51229727
v 0.06545203 -0.03026206 -1.51084709
v 0.03459550 -0.04087081 -1.54843152
v 0.05528287 -0.03421549 -1.51001775
v 0.06127118 -0.03375613 -1.53177738
v 0.03510732 -0.03961291 -1.54845488
v 0.05373399 -0.03634716 -1.51022053
v 0.05616815 -0.03307109 -1.53885782
v 0.04421613 -0.03417517 -1.54759789
v 0.05890688 -0.03336035 -1.53519690
v 0.05411219 -0.04163609 -1.51232696
v 0.05282959 -0.03983359 -1.50991285
v 0.07019127 -0.03422093 -1.51811731
v 0.06926916 -0.03514548 -1.52078509
v 0.06832429 -0.03478421 -1.51492763
v 0.06887049 -0.03212719 -1.51351023
v 0.03497232 -0.04256566 -1.54815865
v 0.02769875 -0.05257015 -1.54967356
v 0.07012654 -0.03340382 -1.51617765
v 0.07080678 -0.03058271 -1.51427507
v 0.03232016 -0.04562932 -1.54931903
v 0.03483424 -0.04188378 -1.54817021
v 0.06317049 -0.03866875 -1.51655519
v 0.04832251 -0.03315175 -1.54640579
v 0.05862452 -0.04085533 -1.51479506
v 0.03479210 -0.04342947 -1.54838729
v 0.03451039 -0.04398075 -1.54862118
v 0.06391131 -0.03461359 -1.52786207
v 0.03221537 -0.04812208 -1.54927516
v 0.06061267 -0.02949467 -1.50962639
v 0.06560222 -0.03706682 -1.51585710
v 0.06715465 -0.03580637 -1.51539493
v 0.05857516 -0.02979785 -1.50912714
v 0.03751355 -0.03746368 -1.54825485
v 0.05163558 -0.03304543 -1.54421878
v 0.05420741 -0.03306184 -1.54153907
v 0.06304809 -0.02963886 -1.51036310
v 0.06717288 -0.03531694 -1.52419543
v 0.05689215 -0.03209513 -1.50981498
v 0.06956401 -0.03270338 -1.51472306
v 0.03912934 -0.05601553 -1.56234360
v 0.03767356 -0.05590192 -1.55965531
v 0.04342610 -0.04925643 -1.56613672
v 0.04904827 -0.03185147 -1.56694472
v 0.04792102 -0.03683624 -1.56709874
v 0.03585049 -0.05582974 -1.55549991
v 0.03426480 -0.05581218 -1.55354214
v 0.03586832 -0.05551380 -1.55745912
v 0.03577749 -0.05604363 -1.55403066
v 0.03626151 -0.05610402 -1.55476356
v 0.03491241 -0.05519272 -1.55672956
v 0.03478658 -0.05524551 -1.55672836
v 0.04090255 -0.05411682 -1.56506801
v 0.03514314 -0.05541347 -1.55623794
v 0.03249236 -0.05580809 -1.55304897
v 0.02776331 -0.05615165 -1.55132055
v 0.04570825 -0.04868921 -1.57738686
v 0.02238199 -0.07668871 -1.57488012
v 0.01952416 -0.07933503 -1.56920910
v 0.02634643 -0.07236154 -1.53320551
v 0.02361423 -0.07479636 -1.53413236
v 0.04701652 -0.04572850 -1.57109249
v 0.03699884 -0.05409060 -1.59729457
v -0.01303049 -0.05574664 -1.64450788
v 0.04011928 -0.05241029 -1.59000587
v 0.03342408 -0.06591505 -1.58144820
v -0.00366841 -0.05669954 -1.63987648
v 0.02686198 -0.07266517 -1.57960284
v 0.01609647 -0.07919246 -1.53940785
v 0.04732735 -0.03431671 -1.58399224
v 0.01372461 -0.08069356 -1.54499221
v 0.04600444 -0.04224686 -1.58384991
v -0.07644566 -0.04706633 -1.65474463
v 0.04503199 -0.03991537 -1.56288540
v 0.03258765 -0.06310037 -1.53436124
v 0.03098800 -0.06601264 -1.53381753
v -0.06532366 -0.05162990 -1.65396237
v 0.01830118 -0.07828674 -1.53698754
v 0.02543879 -0.05733500 -1.61576700
v 0.04275153 -0.03575584 -1.55611384
v 0.04313120 -0.03732400 -1.55926228
v 0.01850642 -0.05748874 -1.62282777
v 0.01129530 -0.05724839 -1.62940621
v -0.02388726 -0.05521659 -1.64839518
v 0.03674206 -0.04654262 -1.53808105
v 0.01696394 -0.08119750 -1.56306422
v 0.01522217 -0.08179519 -1.55669940
v -0.05124693 -0.05337791 -1.65323734
v 0.03532306 -0.05597601 -1.53547013
v 0.01391394 -0.08138634 -1.55059755
v -0.08369927 -0.03481352 -1.65762568
v 0.02090228 -0.07692675 -1.53506458
v 0.03884558 -0.05886216 -1.58256316
v 0.03397787 -0.05966533 -1.53466928
v 0.04207563 -0.03496302 -1.55295110
v 0.03746863 -0.04200485 -1.54036033
v 0.03840969 -0.03882058 -1.54334915
v 0.00444210 -0.05716745 -1.63500595
v 0.03972037 -0.03652038 -1.54607940
v 0.04128138 -0.03503522 -1.54952860
v 0.03649901 -0.05114840 -1.53653455
v 0.03213975 -0.05611799 -1.60652614
v -0.03692307 -0.05437161 -1.65130520
v 0.02881943 -0.06919721 -1.53351176
v 0.04063411 -0.03561369 -1.54780722
v 0.04611931 -0.04277807 -1.56674576
v 0.04305367 -0.05075682 -1.58320475
v 0.04294488 -0.05109854 -1.48612213
v 0.04109414 -0.05232155 -1.48353148
v 0.03834224 -0.05157235 -1.47657681
v 0.04924995 -0.04442097 -1.49260569
v 0.04568405 -0.04846017 -1.48922837
v 0.04475680 -0.04271482 -1.46746886
v 0.03971756 -0.05284651 -1.48119843
v 0.04816105 -0.03756088 -1.46549237
v 0.03869709 -0.05261541 -1.47887969
v 0.05031183 -0.03192048 -1.46449792
v 0.05574122 -0.03499410 -1.49718404
v 0.05756650 -0.03052971 -1.49775541
v 0.05280293 -0.03966899 -1.49550688
v 0.03883430 -0.04976448 -1.47367918
v 0.04067086 -0.04706098 -1.47043455
v 0.02222272 -0.05581877 -1.54984605
v 0.02703033 0.00632580 -1.55216694
v 0.03484461 -0.05543631 -1.55086386
v 0.03452278 -0.05384017 -1.55089092
v 0.03388942 -0.05233036 -1.55091560
v 0.03299630 -0.05104790 -1.55093563
v 0.03484122 -0.05547529 -1.55135167
v 0.03445478 -0.05392504 -1.55162191
v 0.03381769 -0.05246516 -1.55188990
v 0.03292255 -0.05121315 -1.55190945
v 0.03477256 -0.05558207 -1.55159378
v 0.03437935 -0.05412741 -1.55210662
v 0.03373551 -0.05276313 -1.55261719
v 0.03283393 -0.05159577 -1.55312359
v 0.03476174 -0.05573855 -1.55183530
v 0.03435772 -0.05444038 -1.55258954
v 0.03364217 -0.05322854 -1.55334139
v 0.03267194 -0.05216795 -1.55409002
v 0.03474687 -0.05595592 -1.55207562
v 0.03426810 -0.05485586 -1.55307043
v 0.03353972 -0.05383094 -1.55406332
v 0.03255935 -0.05292257 -1.55480909
v 0.03466808 -0.05621491 -1.55231512
v 0.03423330 -0.05536671 -1.55354989
v 0.03342916 -0.05455511 -1.55478299
v 0.03243562 -0.05384462 -1.55552530
v 0.03464984 -0.05648890 -1.55231023
v 0.03413424 -0.05593013 -1.55378389
v 0.03331389 -0.05536208 -1.55501270
v 0.03230547 -0.05486896 -1.55599546
v 0.03462788 -0.05681282 -1.55254877
v 0.03409404 -0.05652804 -1.55401754
v 0.03325544 -0.05623398 -1.55524158
v 0.03223115 -0.05597344 -1.55646443
v 0.03460761 -0.05711725 -1.55254340
v 0.03405250 -0.05715212 -1.55400658
v 0.03319397 -0.05715154 -1.55546951
v 0.03209427 -0.05711101 -1.55644417
v 0.03458633 -0.05743690 -1.55253768
v 0.03395007 -0.05777216 -1.55399549
v 0.03307398 -0.05804129 -1.55520940
v 0.03201929 -0.05823741 -1.55642426
v 0.03456675 -0.05773706 -1.55228829
v 0.03391224 -0.05834631 -1.55374110
v 0.03301792 -0.05888943 -1.55495024
v 0.03194871 -0.05930960 -1.55591691
v 0.03454851 -0.05801105 -1.55228341
v 0.03393734 -0.05889406 -1.55348730
v 0.03302748 -0.05967646 -1.55444813
v 0.03188422 -0.06029046 -1.55541110
v 0.03453298 -0.05825033 -1.55203497
v 0.03390729 -0.05935739 -1.55299079
v 0.03298426 -0.06033767 -1.55394793
v 0.03188939 -0.06114933 -1.55466342
v 0.03452049 -0.05844394 -1.55178738
v 0.03388333 -0.05972939 -1.55249572
v 0.03300971 -0.06089210 -1.55320573
v 0.03190640 -0.06183648 -1.55367458
v 0.03451206 -0.05857666 -1.55154073
v 0.03392734 -0.05999888 -1.55200267
v 0.03298541 -0.06127505 -1.55246627
v 0.03193759 -0.06231054 -1.55268955
v 0.03456924 -0.05864828 -1.55105114
v 0.03391824 -0.06015351 -1.55126739
v 0.03303282 -0.06150557 -1.55148554
v 0.03198095 -0.06260194 -1.55170774
v 0.03456790 -0.05867445 -1.55080652
v 0.03397847 -0.06017946 -1.55077863
v 0.03309170 -0.06155769 -1.55075216
v 0.03203917 -0.06267597 -1.55048549
v 0.03457162 -0.05862452 -1.55056322
v 0.03404647 -0.06009459 -1.55004764
v 0.03316342 -0.06142289 -1.54977775
v 0.03211292 -0.06251073 -1.54951167
v 0.03464028 -0.05851774 -1.55032110
v 0.03406101 -0.05988817 -1.54956281
v 0.03324561 -0.06112492 -1.54905057
v 0.03220154 -0.06212811 -1.54829752
v 0.03465178 -0.05835699 -1.54983544
v 0.03414352 -0.05957925 -1.54908001
v 0.03333861 -0.06067046 -1.54808187
v 0.03236353 -0.06155593 -1.54733109
v 0.03466665 -0.05813962 -1.54959512
v 0.03423314 -0.05916378 -1.54859912
v 0.03344140 -0.06005711 -1.54760444
v 0.03247713 -0.06078609 -1.54661226
v 0.03474375 -0.05790012 -1.54959941
v 0.03426794 -0.05865293 -1.54811966
v 0.03355196 -0.05933293 -1.54688478
v 0.03259985 -0.05987925 -1.54589581
v 0.03476369 -0.05760664 -1.54936039
v 0.03436599 -0.05810473 -1.54788542
v 0.03366723 -0.05852597 -1.54665494
v 0.03273000 -0.05885492 -1.54542565
v 0.03478395 -0.05730221 -1.54936576
v 0.03440721 -0.05749160 -1.54765201
v 0.03372567 -0.05765407 -1.54642618
v 0.03280533 -0.05773521 -1.54495692
v 0.03480523 -0.05698256 -1.54937148
v 0.03444875 -0.05686751 -1.54766297
v 0.03378715 -0.05673651 -1.54619813
v 0.03294120 -0.05661286 -1.54497695
v 0.03482651 -0.05666291 -1.54937708
v 0.03448928 -0.05625865 -1.54767370
v 0.03390714 -0.05584675 -1.54645824
v 0.03301651 -0.05547551 -1.54524124
v 0.03484678 -0.05635848 -1.54938245
v 0.03452811 -0.05566928 -1.54792833
v 0.03390231 -0.05499457 -1.54671741
v 0.03308778 -0.05439905 -1.54550457
v 0.03486433 -0.05608876 -1.54963148
v 0.03456391 -0.05512558 -1.54818225
v 0.03395331 -0.05422254 -1.54697526
v 0.03309138 -0.05341415 -1.54601014
v 0.03487884 -0.05586470 -1.54987967
v 0.03459294 -0.05467747 -1.54867852
v 0.03399686 -0.05355038 -1.54771972
v 0.03314608 -0.05257455 -1.54675770
v 0.03489134 -0.05567109 -1.55012727
v 0.03455602 -0.05430142 -1.54917347
v 0.03397141 -0.05299595 -1.54846203
v 0.03312907 -0.05188739 -1.54774642
v 0.03485898 -0.05705788 -1.55083561
v 0.03489977 -0.05553837 -1.55037379
v 0.03457391 -0.05402075 -1.54966688
v 0.03399570 -0.05261299 -1.54920149
v 0.03309889 -0.05139811 -1.54873180
v 0.03484428 -0.05544726 -1.55061948
v 0.03452110 -0.05387730 -1.55040193
v 0.03394898 -0.05237821 -1.54993808
v 0.03305554 -0.05110671 -1.54971361
v 0.03228382 -0.04980803 -1.55095541
v 0.03100672 -0.04786890 -1.55074155
v 0.02928603 -0.04615688 -1.55076683
v 0.02723455 -0.04482039 -1.55078471
v 0.02497172 -0.04390892 -1.55055022
v 0.02261660 -0.04346528 -1.55030739
v 0.02022937 -0.04349776 -1.55030036
v 0.01787230 -0.04400190 -1.55004096
v 0.01566731 -0.04497147 -1.55001795
v 0.01368021 -0.04634872 -1.54974425
v 0.01197355 -0.04810056 -1.54970908
v 0.01067554 -0.05015044 -1.54942536
v 0.00978988 -0.05243078 -1.54938316
v 0.03214748 -0.04998872 -1.55217290
v 0.03086599 -0.04810380 -1.55244660
v 0.02908068 -0.04643767 -1.55271518
v 0.02708738 -0.04513993 -1.55297661
v 0.02482235 -0.04425557 -1.55298591
v 0.02246722 -0.04381192 -1.55274308
v 0.02001961 -0.04383275 -1.55273604
v 0.01766424 -0.04431739 -1.55223274
v 0.01546197 -0.04525225 -1.55196619
v 0.01353846 -0.04659883 -1.55144906
v 0.01189709 -0.04830052 -1.55092645
v 0.01060382 -0.05028524 -1.55039978
v 0.00972357 -0.05249616 -1.54987025
v 0.03205311 -0.05045171 -1.55362988
v 0.03070296 -0.04867357 -1.55414581
v 0.02891038 -0.04711064 -1.55465662
v 0.02685113 -0.04588497 -1.55491674
v 0.02458288 -0.04504293 -1.55516946
v 0.02222605 -0.04461877 -1.55517054
v 0.01984052 -0.04463177 -1.55491960
v 0.01748819 -0.04507075 -1.55441713
v 0.01529115 -0.04593284 -1.55390763
v 0.01337542 -0.04716860 -1.55314815
v 0.01174353 -0.04873997 -1.55213940
v 0.01051993 -0.05060270 -1.55137086
v 0.00971207 -0.05265692 -1.55035591
v 0.03188301 -0.05114567 -1.55459416
v 0.03051933 -0.04955872 -1.55559504
v 0.02871594 -0.04815228 -1.55634737
v 0.02664942 -0.04702982 -1.55684984
v 0.02437660 -0.04625627 -1.55710149
v 0.02195686 -0.04585851 -1.55710185
v 0.01957336 -0.04584106 -1.55685139
v 0.01722559 -0.04621154 -1.55635023
v 0.01509773 -0.04695925 -1.55559862
v 0.01319281 -0.04803853 -1.55459774
v 0.01163465 -0.04942702 -1.55334818
v 0.01042660 -0.05106811 -1.55209517
v 0.00963462 -0.05288973 -1.55084002
v 0.03175893 -0.05206104 -1.55579889
v 0.03031746 -0.05071786 -1.55703950
v 0.02850123 -0.04949835 -1.55803275
v 0.02636267 -0.04853928 -1.55853224
v 0.02408310 -0.04786133 -1.55902636
v 0.02172273 -0.04749044 -1.55902636
v 0.01934075 -0.04745017 -1.55877638
v 0.01699974 -0.04772505 -1.55803263
v 0.01488268 -0.04831627 -1.55703962
v 0.01299163 -0.04919340 -1.55579805
v 0.01145036 -0.05033408 -1.55430865
v 0.01032313 -0.05168573 -1.55281663
v 0.00961266 -0.05321365 -1.55107856
v 0.03162304 -0.05316575 -1.55651188
v 0.03016265 -0.05210083 -1.55799186
v 0.02826863 -0.05112508 -1.55922484
v 0.02611825 -0.05033772 -1.55996537
v 0.02383057 -0.04978154 -1.56045735
v 0.02146817 -0.04944110 -1.56045687
v 0.01902834 -0.04935111 -1.56020761
v 0.01675531 -0.04952349 -1.55946577
v 0.01465110 -0.04992779 -1.55823195
v 0.01283613 -0.05058064 -1.55699444
v 0.01131479 -0.05142784 -1.55526602
v 0.01021123 -0.05243608 -1.55329168
v 0.00952575 -0.05359441 -1.55131578
v 0.03147904 -0.05439224 -1.55722260
v 0.02999737 -0.05364696 -1.55869699
v 0.02808342 -0.05296470 -1.56016898
v 0.02591986 -0.05237522 -1.56090617
v 0.02356319 -0.05193676 -1.56139588
v 0.02119707 -0.05164626 -1.56163871
v 0.01882185 -0.05151038 -1.56114614
v 0.01655693 -0.05156099 -1.56040645
v 0.01446589 -0.05176741 -1.55917621
v 0.01266984 -0.05214200 -1.55769944
v 0.01117250 -0.05263483 -1.55573297
v 0.01009324 -0.05327776 -1.55376506
v 0.00949670 -0.05402489 -1.55155241
v 0.03132931 -0.05571673 -1.55744338
v 0.02982365 -0.05532582 -1.55915558
v 0.02789146 -0.05491755 -1.56062281
v 0.02571203 -0.05456066 -1.56159997
v 0.02334624 -0.05425920 -1.56208730
v 0.02091619 -0.05401031 -1.56232929
v 0.01854401 -0.05382877 -1.56183755
v 0.01628821 -0.05374238 -1.56110024
v 0.01427293 -0.05373548 -1.55962968
v 0.01249714 -0.05380564 -1.55815828
v 0.01102209 -0.05396360 -1.55619776
v 0.01003278 -0.05418010 -1.55399334
v 0.00946562 -0.05448580 -1.55178857
v 0.03117654 -0.05708690 -1.55766320
v 0.02964759 -0.05704608 -1.55936933
v 0.02769411 -0.05695746 -1.56083083
v 0.02550050 -0.05681367 -1.56180429
v 0.02312558 -0.05664920 -1.56228912
v 0.02075406 -0.05644576 -1.56228626
v 0.01832335 -0.05621878 -1.56203938
v 0.01607735 -0.05599112 -1.56106043
v 0.01407659 -0.05576016 -1.55983794
v 0.01232176 -0.05552163 -1.55812776
v 0.01093292 -0.05530309 -1.55617404
v 0.00990907 -0.05511979 -1.55397654
v 0.00943421 -0.05495767 -1.55178022
v 0.03108604 -0.05845257 -1.55739486
v 0.02953478 -0.05874662 -1.55909503
v 0.02750016 -0.05895839 -1.56055105
v 0.02529134 -0.05904292 -1.56152046
v 0.02296820 -0.05901949 -1.56200302
v 0.02053275 -0.05885767 -1.56199920
v 0.01816597 -0.05858907 -1.56175327
v 0.01592908 -0.05822442 -1.56077671
v 0.01388264 -0.05776109 -1.55955815
v 0.01220725 -0.05724166 -1.55809736
v 0.01084274 -0.05665781 -1.55615020
v 0.00984726 -0.05604830 -1.55396020
v 0.00934191 -0.05542549 -1.55177176
v 0.03100127 -0.05973786 -1.55688369
v 0.02942672 -0.06038201 -1.55857766
v 0.02743542 -0.06086754 -1.55978489
v 0.02515052 -0.06117635 -1.56075013
v 0.02281927 -0.06127470 -1.56123054
v 0.02038078 -0.06115853 -1.56122589
v 0.01801603 -0.06085949 -1.56098056
v 0.01578859 -0.06034690 -1.56025076
v 0.01381620 -0.05968973 -1.55903578
v 0.01210020 -0.05886183 -1.55758035
v 0.01075899 -0.05792788 -1.55563927
v 0.00978917 -0.05692688 -1.55370045
v 0.00931220 -0.05587787 -1.55151951
v 0.03092360 -0.06091660 -1.55637443
v 0.02933014 -0.06185665 -1.55757475
v 0.02731960 -0.06263138 -1.55877686
v 0.02508444 -0.06311168 -1.55973923
v 0.02268488 -0.06332348 -1.55997324
v 0.02030355 -0.06326130 -1.56021214
v 0.01794252 -0.06291232 -1.55972338
v 0.01572218 -0.06229318 -1.55899549
v 0.01370139 -0.06143836 -1.55802810
v 0.01200262 -0.06035168 -1.55657721
v 0.01068132 -0.05910662 -1.55513000
v 0.00979772 -0.05772913 -1.55319798
v 0.00934640 -0.05628863 -1.55126822
v 0.03091832 -0.06193863 -1.55537963
v 0.02930662 -0.06315267 -1.55657518
v 0.02728257 -0.06413624 -1.55752933
v 0.02503593 -0.06479491 -1.55824435
v 0.02269118 -0.06510210 -1.55847681
v 0.02024560 -0.06509249 -1.55847037
v 0.01788794 -0.06468689 -1.55822682
v 0.01567367 -0.06397642 -1.55750060
v 0.01366436 -0.06294321 -1.55678058
v 0.01197910 -0.06164770 -1.55557752
v 0.01067705 -0.06011343 -1.55413556
v 0.00975247 -0.05842078 -1.55269742
v 0.00932378 -0.05663445 -1.55101788
v 0.03092621 -0.06276278 -1.55438840
v 0.02930000 -0.06420088 -1.55533576
v 0.02726448 -0.06536283 -1.55604255
v 0.02507129 -0.06614307 -1.55651140
v 0.02265957 -0.06653753 -1.55674219
v 0.02027354 -0.06655814 -1.55649114
v 0.01791790 -0.06612210 -1.55624807
v 0.01564815 -0.06532052 -1.55576754
v 0.01364695 -0.06416553 -1.55504966
v 0.01197518 -0.06266120 -1.55409455
v 0.01068494 -0.06093759 -1.55314434
v 0.00977691 -0.05899044 -1.55195475
v 0.00930488 -0.05693034 -1.55052423
v 0.03094998 -0.06335434 -1.55315709
v 0.02937588 -0.06494015 -1.55361342
v 0.02733294 -0.06621961 -1.55407405
v 0.02507145 -0.06711331 -1.55429649
v 0.02271657 -0.06757270 -1.55452621
v 0.02032985 -0.06759758 -1.55451930
v 0.01791332 -0.06715749 -1.55427623
v 0.01570851 -0.06629908 -1.55379677
v 0.01371473 -0.06502660 -1.55332518
v 0.01198950 -0.06340070 -1.55261636
v 0.01071073 -0.06149871 -1.55191350
v 0.00975228 -0.05938434 -1.55097103
v 0.00929138 -0.05713918 -1.55027628
v 0.03098996 -0.06370236 -1.55192995
v 0.02941047 -0.06537524 -1.55214071
v 0.02742370 -0.06674153 -1.55211139
v 0.02521905 -0.06770015 -1.55233288
v 0.02280193 -0.06818168 -1.55231786
v 0.02041589 -0.06820229 -1.55206680
v 0.01806025 -0.06776625 -1.55182385
v 0.01579793 -0.06684716 -1.55158949
v 0.01380549 -0.06554851 -1.55136263
v 0.01208565 -0.06383556 -1.55089951
v 0.01075072 -0.06184672 -1.55068636
v 0.00979900 -0.05961912 -1.55023432
v 0.00934552 -0.05725646 -1.54978597
v 0.03110975 -0.06377617 -1.55046368
v 0.02952892 -0.06547521 -1.55042970
v 0.02754283 -0.06683724 -1.55015635
v 0.02533683 -0.06782204 -1.55013311
v 0.02298129 -0.06830333 -1.54987407
v 0.02053233 -0.06835034 -1.54962230
v 0.01817804 -0.06788813 -1.54962409
v 0.01597660 -0.06697309 -1.54938984
v 0.01392462 -0.06564422 -1.54940748
v 0.01220410 -0.06393553 -1.54918849
v 0.01080962 -0.06191648 -1.54922009
v 0.00985857 -0.05966698 -1.54925680
v 0.00934487 -0.05727836 -1.54929721
v 0.03118622 -0.06357621 -1.54924631
v 0.02967168 -0.06520988 -1.54872525
v 0.02768628 -0.06656763 -1.54820764
v 0.02548502 -0.06748727 -1.54794145
v 0.02313016 -0.06796430 -1.54743814
v 0.02074344 -0.06798919 -1.54743135
v 0.01838779 -0.06755315 -1.54718828
v 0.01612276 -0.06666878 -1.54719758
v 0.01406807 -0.06537461 -1.54745889
v 0.01234484 -0.06370065 -1.54748344
v 0.01094697 -0.06172057 -1.54800272
v 0.00993030 -0.05953218 -1.54828250
v 0.00941117 -0.05721298 -1.54881001
v 0.03134046 -0.06313248 -1.54778922
v 0.02983472 -0.06464010 -1.54702616
v 0.02785810 -0.06587182 -1.54626656
v 0.02572246 -0.06673035 -1.54575729
v 0.02336963 -0.06717694 -1.54525471
v 0.02098358 -0.06719755 -1.54500365
v 0.01856638 -0.06676173 -1.54500473
v 0.01629931 -0.06590781 -1.54501343
v 0.01423989 -0.06467880 -1.54551780
v 0.01250719 -0.06313515 -1.54602849
v 0.01104032 -0.06127280 -1.54654551
v 0.01001249 -0.05923421 -1.54755521
v 0.00942267 -0.05705223 -1.54832447
v 0.03145137 -0.06241499 -1.54658103
v 0.03001733 -0.06377017 -1.54557657
v 0.02811242 -0.06484945 -1.54457557
v 0.02592266 -0.06560834 -1.54382372
v 0.02363678 -0.06596765 -1.54332280
v 0.02119257 -0.06594950 -1.54282808
v 0.01883423 -0.06554817 -1.54282868
v 0.01656242 -0.06475940 -1.54308057
v 0.01449421 -0.06365643 -1.54382682
v 0.01263095 -0.06223072 -1.54457939
v 0.01120941 -0.06059406 -1.54558098
v 0.01010751 -0.05874931 -1.54658711
v 0.00950114 -0.05680419 -1.54784060
v 0.03163566 -0.06150794 -1.54562044
v 0.03015662 -0.06262648 -1.54437578
v 0.02832746 -0.06349243 -1.54313469
v 0.02614851 -0.06409484 -1.54214132
v 0.02386940 -0.06435855 -1.54139781
v 0.02148741 -0.06431827 -1.54114795
v 0.01906615 -0.06394334 -1.54114783
v 0.01678625 -0.06327634 -1.54139757
v 0.01470993 -0.06229514 -1.54214168
v 0.01283180 -0.06108681 -1.54313469
v 0.01133350 -0.05967869 -1.54437625
v 0.01021098 -0.05813168 -1.54586554
v 0.00952209 -0.05649549 -1.54760182
v 0.03177053 -0.06041845 -1.54490721
v 0.03037401 -0.06122807 -1.54317975
v 0.02849815 -0.06187687 -1.54194224
v 0.02639395 -0.06228117 -1.54070830
v 0.02412092 -0.06245355 -1.53996658
v 0.02174299 -0.06235239 -1.53971767
v 0.01931768 -0.06203834 -1.53971648
v 0.01703101 -0.06146694 -1.54020882
v 0.01488063 -0.06067958 -1.54094934
v 0.01304750 -0.05970788 -1.54218245
v 0.01146737 -0.05860442 -1.54366279
v 0.01032288 -0.05738134 -1.54539061
v 0.00960898 -0.05611473 -1.54736447
v 0.00932433 -0.05483078 -1.54933989
v 0.03191555 -0.05917674 -1.54419672
v 0.03053929 -0.05968193 -1.54247463
v 0.02874425 -0.06004130 -1.54099810
v 0.02665322 -0.06024772 -1.53976774
v 0.02438830 -0.06029833 -1.53902805
v 0.02201308 -0.06016245 -1.53853559
v 0.01958675 -0.05986363 -1.53853416
v 0.01729028 -0.05943349 -1.53926814
v 0.01512673 -0.05884401 -1.54000521
v 0.01321278 -0.05816175 -1.54147732
v 0.01161136 -0.05737794 -1.54295194
v 0.01044086 -0.05653966 -1.54491711
v 0.00963804 -0.05568426 -1.54712796
v 0.03206527 -0.05785224 -1.54397607
v 0.03071300 -0.05800307 -1.54201603
v 0.02893790 -0.05806896 -1.54030049
v 0.02686106 -0.05806228 -1.53907394
v 0.02460525 -0.05797589 -1.53833663
v 0.02223307 -0.05779435 -1.53784490
v 0.01986390 -0.05754951 -1.53808701
v 0.01749811 -0.05724805 -1.53857422
v 0.01531969 -0.05687594 -1.53955173
v 0.01338649 -0.05648289 -1.54101872
v 0.01176007 -0.05606866 -1.54273105
v 0.01050133 -0.05563732 -1.54468894
v 0.00966913 -0.05522334 -1.54689181
v 0.03215715 -0.05647803 -1.54375613
v 0.03088907 -0.05628281 -1.54180229
v 0.02913355 -0.05604855 -1.54033637
v 0.02707191 -0.05581354 -1.53911376
v 0.02482590 -0.05558589 -1.53813481
v 0.02245608 -0.05536295 -1.53788805
v 0.02002367 -0.05515546 -1.53788507
v 0.01770965 -0.05499504 -1.53837001
v 0.01551603 -0.05485125 -1.53934348
v 0.01356256 -0.05476263 -1.54080498
v 0.01191182 -0.05471372 -1.54251087
v 0.01062403 -0.05471285 -1.54470539
v 0.00976244 -0.05474030 -1.54690051
v 0.03224665 -0.05512759 -1.54402423
v 0.03100289 -0.05456705 -1.54207683
v 0.02926663 -0.05404357 -1.54061604
v 0.02728175 -0.05358002 -1.53915346
v 0.02504418 -0.05321964 -1.53842092
v 0.02261651 -0.05294700 -1.53817499
v 0.02024195 -0.05278921 -1.53817129
v 0.01785792 -0.05276174 -1.53865373
v 0.01564910 -0.05284628 -1.53962302
v 0.01367638 -0.05304686 -1.54107952
v 0.01200132 -0.05336327 -1.54277897
v 0.01068584 -0.05378434 -1.54472184
v 0.00979385 -0.05426843 -1.54690886
v 0.03233209 -0.05383803 -1.54429114
v 0.03110994 -0.05294688 -1.54259396
v 0.02939394 -0.05211898 -1.54113841
v 0.02736067 -0.05145777 -1.53992343
v 0.02513324 -0.05094517 -1.53919363
v 0.02276848 -0.05064613 -1.53894830
v 0.02039088 -0.05053401 -1.53894377
v 0.01799874 -0.05062832 -1.53942406
v 0.01577472 -0.05094117 -1.54038942
v 0.01378343 -0.05142670 -1.54159665
v 0.01208507 -0.05209320 -1.54328990
v 0.01074494 -0.05289054 -1.54498184
v 0.00982255 -0.05383128 -1.54716086
v 0.03241009 -0.05264833 -1.54504490
v 0.03114664 -0.05145298 -1.54359698
v 0.02950773 -0.05038558 -1.54214597
v 0.02748796 -0.04951553 -1.54117882
v 0.02526762 -0.04889639 -1.54045093
v 0.02290659 -0.04854741 -1.53996217
v 0.02046438 -0.04848118 -1.54020095
v 0.01812571 -0.04869704 -1.54043508
v 0.01588953 -0.04919255 -1.54139709
v 0.01381980 -0.04994375 -1.54235530
v 0.01210085 -0.05092564 -1.54379869
v 0.01073639 -0.05208829 -1.54548430
v 0.00985023 -0.05340934 -1.54741240
v 0.03241538 -0.05162630 -1.54603958
v 0.03123004 -0.05017623 -1.54459643
v 0.02954578 -0.04886550 -1.54339373
v 0.02753647 -0.04783229 -1.54267359
v 0.02532322 -0.04710660 -1.54194772
v 0.02296353 -0.04673145 -1.54170358
v 0.02051998 -0.04669139 -1.54169774
v 0.01817421 -0.04701379 -1.54192996
v 0.01592757 -0.04767248 -1.54264498
v 0.01390352 -0.04865604 -1.54359913
v 0.01216701 -0.04990765 -1.54479361
v 0.01078095 -0.05140090 -1.54622900
v 0.00981198 -0.05305947 -1.54766273
v 0.03240749 -0.05080215 -1.54703093
v 0.03123598 -0.04913229 -1.54607999
v 0.02950130 -0.04765435 -1.54512429
v 0.02750111 -0.04648415 -1.54440665
v 0.02529275 -0.04567900 -1.54392624
v 0.02293628 -0.04526153 -1.54343879
v 0.02049070 -0.04525192 -1.54343224
v 0.01813885 -0.04566565 -1.54366291
v 0.01588377 -0.04645706 -1.54413140
v 0.01384825 -0.04761901 -1.54483819
v 0.01215811 -0.04909872 -1.54578459
v 0.01075551 -0.05084647 -1.54697132
v 0.00982986 -0.05277880 -1.54815602
v 0.03238270 -0.05022581 -1.54826188
v 0.03116077 -0.04838874 -1.54755807
v 0.02949642 -0.04676690 -1.54684925
v 0.02750164 -0.04550963 -1.54637742
v 0.02523644 -0.04463956 -1.54589808
v 0.02288081 -0.04420352 -1.54565501
v 0.02049460 -0.04422079 -1.54564834
v 0.01807900 -0.04467948 -1.54563367
v 0.01587720 -0.04558909 -1.54610026
v 0.01383426 -0.04686855 -1.54656076
v 0.01213434 -0.04850716 -1.54701591
v 0.01078183 -0.05043307 -1.54771125
v 0.00984336 -0.05256997 -1.54840398
v 0.03234272 -0.04987779 -1.54948902
v 0.03112550 -0.04795793 -1.54927504
v 0.02940415 -0.04626781 -1.54881144
v 0.02735235 -0.04494228 -1.54858494
v 0.02515007 -0.04404581 -1.54810619
v 0.02279476 -0.04359882 -1.54810762
v 0.02034733 -0.04362299 -1.54785633
v 0.01799009 -0.04412378 -1.54784107
v 0.01578543 -0.04508240 -1.54806256
v 0.01373778 -0.04644465 -1.54803324
v 0.01203246 -0.04817032 -1.54824269
v 0.01073442 -0.05020256 -1.54869199
v 0.00978921 -0.05245269 -1.54889429
v 0.04018028 0.00636074 -1.55269170
v 0.03985946 0.00797210 -1.55271888
v 0.03928901 0.00950831 -1.55274427
v 0.03845881 0.01081716 -1.55276489
v 0.04017757 0.00632602 -1.55293524
v 0.03985403 0.00790267 -1.55320621
v 0.03921729 0.00937350 -1.55371857
v 0.03838708 0.01068236 -1.55373919
v 0.04010789 0.00620403 -1.55317712
v 0.03977894 0.00771125 -1.55393529
v 0.03913611 0.00909076 -1.55444598
v 0.03830048 0.01033018 -1.55495393
v 0.04009639 0.00604327 -1.55366278
v 0.03975731 0.00739828 -1.55441809
v 0.03910569 0.00865174 -1.55517101
v 0.03820039 0.00976918 -1.55592072
v 0.04008355 0.00585635 -1.55390358
v 0.03966668 0.00696759 -1.55489874
v 0.03900425 0.00806456 -1.55589306
v 0.03808611 0.00899507 -1.55688369
v 0.04000645 0.00561685 -1.55389929
v 0.03957201 0.00647600 -1.55537844
v 0.03889538 0.00735988 -1.55636883
v 0.03790420 0.00811177 -1.55735624
v 0.03998550 0.00530815 -1.55413795
v 0.03953484 0.00592376 -1.55561280
v 0.03877842 0.00653343 -1.55684257
v 0.03777438 0.00709839 -1.55807078
v 0.03996523 0.00500372 -1.55413270
v 0.03943545 0.00534939 -1.55560255
v 0.03866010 0.00568080 -1.55707157
v 0.03763986 0.00600221 -1.55829549
v 0.03988408 0.00470333 -1.55412722
v 0.03939222 0.00470581 -1.55583537
v 0.03853842 0.00477155 -1.55705523
v 0.03750197 0.00484942 -1.55827498
v 0.03986179 0.00436846 -1.55412126
v 0.03929148 0.00410527 -1.55558038
v 0.03847762 0.00385826 -1.55703914
v 0.03736610 0.00372707 -1.55825496
v 0.03984153 0.00406403 -1.55411589
v 0.03925095 0.00349640 -1.55556965
v 0.03836068 0.00301417 -1.55677986
v 0.03729451 0.00263966 -1.55774736
v 0.03982397 0.00379431 -1.55386686
v 0.03921584 0.00295697 -1.55507159
v 0.03830935 0.00223118 -1.55627763
v 0.03716812 0.00164763 -1.55724120
v 0.03980844 0.00355503 -1.55361843
v 0.03918409 0.00247415 -1.55481887
v 0.03826411 0.00153953 -1.55577695
v 0.03711139 0.00077758 -1.55649316
v 0.03979697 0.00337664 -1.55337107
v 0.03915912 0.00208693 -1.55432367
v 0.03822765 0.00097392 -1.55503428
v 0.03706751 0.00009447 -1.55550420
v 0.03978752 0.00322870 -1.55312419
v 0.03914224 0.00182148 -1.55383050
v 0.03820133 0.00056053 -1.55429435
v 0.03709465 -0.00044047 -1.55451810
v 0.03978212 0.00314164 -1.55287850
v 0.03913213 0.00165163 -1.55309486
v 0.03818785 0.00033406 -1.55331349
v 0.03707611 -0.00074305 -1.55353582
v 0.03978078 0.00311546 -1.55263376
v 0.03912945 0.00159928 -1.55260551
v 0.03824539 0.00025576 -1.55233538
v 0.03713433 -0.00081708 -1.55231357
v 0.03984506 0.00315040 -1.55214620
v 0.03919847 0.00169937 -1.55187488
v 0.03831643 0.00038629 -1.55160522
v 0.03720674 -0.00067801 -1.55109513
v 0.03985182 0.00324600 -1.55190361
v 0.03921199 0.00189057 -1.55138969
v 0.03833740 0.00067736 -1.55063355
v 0.03729264 -0.00033010 -1.55012465
v 0.03986263 0.00340248 -1.55166221
v 0.03929519 0.00220376 -1.55066276
v 0.03842871 0.00111232 -1.54990864
v 0.03739376 0.00024613 -1.54915810
v 0.03987750 0.00361985 -1.55142176
v 0.03938378 0.00260401 -1.55018163
v 0.03853015 0.00169950 -1.54918659
v 0.03750601 0.00098979 -1.54819453
v 0.03995529 0.00386362 -1.55118203
v 0.03941689 0.00309537 -1.54994607
v 0.03863902 0.00240419 -1.54871082
v 0.03762772 0.00188140 -1.54747784
v 0.03997353 0.00413761 -1.55118692
v 0.03951494 0.00364357 -1.54971170
v 0.03875598 0.00323064 -1.54823709
v 0.03775887 0.00292096 -1.54700792
v 0.03999447 0.00444631 -1.55094814
v 0.03955616 0.00425670 -1.54947829
v 0.03887430 0.00408327 -1.54800820
v 0.03789340 0.00401713 -1.54678321
v 0.04007765 0.00477714 -1.55095410
v 0.03965758 0.00486152 -1.54948914
v 0.03899598 0.00499252 -1.54802442
v 0.03802927 0.00513948 -1.54680324
v 0.04009791 0.00508157 -1.55095959
v 0.03970014 0.00550082 -1.54950047
v 0.03905678 0.00590581 -1.54804051
v 0.03816716 0.00629227 -1.54682374
v 0.04011750 0.00538173 -1.55120897
v 0.03979884 0.00607092 -1.54975486
v 0.03917372 0.00674990 -1.54829979
v 0.03829762 0.00734520 -1.54733098
v 0.04013574 0.00565572 -1.55121386
v 0.03983463 0.00661463 -1.55000877
v 0.03922505 0.00753288 -1.54880202
v 0.03836312 0.00834128 -1.54783702
v 0.04015127 0.00589499 -1.55146229
v 0.03986569 0.00709318 -1.55050564
v 0.03927029 0.00822454 -1.54930270
v 0.03841984 0.00921132 -1.54858494
v 0.04016477 0.00610382 -1.55171025
v 0.03989067 0.00748040 -1.55100083
v 0.03930674 0.00879015 -1.55004537
v 0.03846575 0.00992488 -1.54957449
v 0.04013173 0.00471276 -1.55266273
v 0.04017422 0.00625177 -1.55195701
v 0.03990754 0.00774585 -1.55149400
v 0.03933238 0.00919927 -1.55102944
v 0.03849747 0.01042533 -1.55056024
v 0.04017893 0.00633456 -1.55244696
v 0.03991834 0.00791997 -1.55198550
v 0.03928566 0.00943406 -1.55176604
v 0.03845614 0.01074718 -1.55154252
v 0.03774835 0.01208748 -1.55278516
v 0.03653653 0.01409439 -1.55281699
v 0.03482006 0.01586396 -1.55259907
v 0.03283504 0.01728012 -1.55261838
v 0.03057609 0.01825582 -1.55262935
v 0.02822585 0.01877892 -1.55263209
v 0.02578298 0.01882324 -1.55238199
v 0.02343080 0.01839856 -1.55236816
v 0.02117068 0.01751341 -1.55210233
v 0.01912505 0.01618160 -1.55207348
v 0.01735953 0.01446425 -1.55203867
v 0.01600266 0.01244886 -1.55175555
v 0.01499623 0.01019182 -1.55171335
v 0.03767391 0.01191796 -1.55400312
v 0.03639579 0.01385950 -1.55452204
v 0.03473884 0.01561648 -1.55479240
v 0.03269091 0.01700624 -1.55481124
v 0.03049013 0.01794318 -1.55506587
v 0.02807900 0.01847033 -1.55506849
v 0.02563816 0.01854509 -1.55481899
v 0.02328667 0.01812468 -1.55456102
v 0.02102654 0.01723953 -1.55429518
v 0.01898634 0.01597715 -1.55377913
v 0.01728509 0.01429473 -1.55325663
v 0.01593296 0.01234450 -1.55273044
v 0.01499284 0.01015284 -1.55220115
v 0.03758258 0.01150063 -1.55546081
v 0.03629635 0.01332040 -1.55597758
v 0.03457107 0.01498156 -1.55673456
v 0.03251638 0.01627572 -1.55699587
v 0.03031560 0.01721266 -1.55725050
v 0.02790245 0.01770936 -1.55725265
v 0.02546161 0.01778413 -1.55700314
v 0.02311214 0.01739416 -1.55674577
v 0.02085878 0.01660461 -1.55623734
v 0.01888622 0.01543378 -1.55547881
v 0.01719376 0.01387740 -1.55471444
v 0.01585110 0.01205748 -1.55370212
v 0.01492046 0.00999613 -1.55268669
v 0.03741281 0.01081763 -1.55666947
v 0.03611508 0.01247664 -1.55767190
v 0.03437764 0.01395514 -1.55842566
v 0.03231619 0.01515371 -1.55892944
v 0.03004979 0.01602954 -1.55942702
v 0.02769549 0.01649175 -1.55942869
v 0.02525668 0.01659696 -1.55917978
v 0.02291397 0.01630259 -1.55867982
v 0.02066737 0.01560863 -1.55792892
v 0.01870360 0.01456385 -1.55692852
v 0.01702467 0.01319867 -1.55567896
v 0.01575777 0.01159207 -1.55442631
v 0.01490287 0.00974405 -1.55317068
v 0.03729042 0.00992175 -1.55763042
v 0.03591491 0.01133699 -1.55887246
v 0.03416463 0.01262857 -1.55986714
v 0.03209439 0.01370109 -1.56061292
v 0.02981988 0.01445515 -1.56110847
v 0.02740470 0.01492141 -1.56111002
v 0.02502677 0.01502257 -1.56086111
v 0.02262925 0.01482357 -1.56036270
v 0.02045436 0.01428206 -1.55937052
v 0.01850545 0.01345464 -1.55812955
v 0.01690363 0.01232896 -1.55688453
v 0.01565430 0.01097445 -1.55514789
v 0.01482105 0.00943940 -1.55340934
v 0.03709567 0.00885152 -1.55834377
v 0.03576212 0.00998447 -1.55982530
v 0.03393406 0.01103227 -1.56105971
v 0.03179009 0.01192192 -1.56204629
v 0.02950747 0.01255420 -1.56253958
v 0.02715047 0.01298170 -1.56278491
v 0.02471639 0.01315207 -1.56229281
v 0.02238584 0.01304035 -1.56179619
v 0.02022380 0.01268576 -1.56056297
v 0.01834996 0.01206740 -1.55932605
v 0.01676977 0.01125469 -1.55759799
v 0.01554273 0.01023505 -1.55586731
v 0.01479604 0.00906981 -1.55364704
v 0.03695168 0.00762504 -1.55905461
v 0.03553426 0.00842289 -1.56077421
v 0.03368998 0.00922715 -1.56200433
v 0.03153183 0.00990369 -1.56298721
v 0.02924043 0.01040993 -1.56372249
v 0.02681917 0.01078486 -1.56372249
v 0.02444934 0.01100780 -1.56347573
v 0.02212758 0.01102212 -1.56273699
v 0.01997770 0.01085019 -1.56150711
v 0.01812481 0.01054053 -1.56003141
v 0.01656488 0.01003226 -1.55830872
v 0.01542644 0.00941287 -1.55609679
v 0.01470610 0.00864339 -1.55388355
v 0.03680094 0.00628532 -1.55927503
v 0.03530169 0.00677851 -1.56123328
v 0.03343512 0.00724790 -1.56245756
v 0.03126210 0.00770707 -1.56368077
v 0.02896529 0.00812626 -1.56417024
v 0.02653930 0.00843603 -1.56441331
v 0.02411062 0.00869345 -1.56416702
v 0.02186056 0.00886022 -1.56318688
v 0.01972485 0.00890139 -1.56196082
v 0.01789021 0.00886572 -1.56048989
v 0.01641617 0.00872298 -1.55852962
v 0.01530407 0.00849935 -1.55632472
v 0.01467501 0.00818247 -1.55411959
v 0.03664817 0.00491516 -1.55949485
v 0.03512529 0.00504730 -1.56120253
v 0.03317891 0.00524248 -1.56266594
v 0.03098968 0.00545811 -1.56388485
v 0.02868275 0.00572507 -1.56437171
v 0.02625472 0.00600440 -1.56461430
v 0.02382874 0.00629654 -1.56412435
v 0.02158611 0.00658081 -1.56339049
v 0.01946865 0.00689597 -1.56216931
v 0.01771313 0.00713024 -1.56070328
v 0.01626543 0.00738326 -1.55875003
v 0.01524057 0.00755135 -1.55655217
v 0.01464259 0.00769538 -1.55411100
v 0.03649677 0.00355354 -1.55922639
v 0.03494957 0.00332036 -1.56092763
v 0.03298293 0.00321111 -1.56238568
v 0.03071862 0.00321768 -1.56360078
v 0.02840155 0.00333243 -1.56408489
v 0.02597151 0.00358132 -1.56432688
v 0.02361047 0.00393030 -1.56383812
v 0.02131709 0.00437083 -1.56310701
v 0.01927266 0.00486460 -1.56188893
v 0.01753944 0.00543374 -1.56042886
v 0.01611403 0.00602164 -1.55848157
v 0.01511957 0.00664637 -1.55629182
v 0.01455130 0.00724278 -1.55410278
v 0.03634943 0.00225280 -1.55895901
v 0.03478062 0.00168902 -1.56041026
v 0.03273282 0.00127938 -1.56186283
v 0.03051590 0.00107307 -1.56283009
v 0.02819072 0.00106606 -1.56331205
v 0.02575663 0.00125406 -1.56355298
v 0.02333673 0.00163752 -1.56306469
v 0.02111436 0.00222622 -1.56233621
v 0.01908345 0.00292883 -1.56136620
v 0.01736846 0.00377196 -1.55991101
v 0.01596940 0.00475561 -1.55797064
v 0.01499857 0.00574139 -1.55603147
v 0.01452159 0.00679040 -1.55385065
v 0.03621156 0.00108237 -1.55820560
v 0.03462046 0.00018372 -1.55965078
v 0.03261700 -0.00048446 -1.56085479
v 0.03032670 -0.00088033 -1.56157434
v 0.02799343 -0.00100913 -1.56205416
v 0.02555628 -0.00086679 -1.56229424
v 0.02313875 -0.00044193 -1.56205082
v 0.02092347 0.00025332 -1.56132436
v 0.01890573 0.00115381 -1.56035781
v 0.01721101 0.00230137 -1.55890799
v 0.01588970 0.00354643 -1.55746078
v 0.01494522 0.00492797 -1.55552864
v 0.01449391 0.00636847 -1.55359888
v 0.03614336 0.00003394 -1.55721021
v 0.03453571 -0.00111921 -1.55840671
v 0.03245686 -0.00200740 -1.55936241
v 0.03021529 -0.00258997 -1.56007886
v 0.02781403 -0.00282127 -1.56055665
v 0.02537555 -0.00270511 -1.56055212
v 0.02302092 -0.00225385 -1.56030941
v 0.02081206 -0.00145632 -1.55982888
v 0.01880647 -0.00037317 -1.55886555
v 0.01712456 0.00097895 -1.55790770
v 0.01576265 0.00253249 -1.55646586
v 0.01489998 0.00423631 -1.55502796
v 0.01447027 0.00600742 -1.55334830
v 0.03608833 -0.00081661 -1.55621827
v 0.03446719 -0.00217859 -1.55716693
v 0.03237584 -0.00326039 -1.55787492
v 0.03012583 -0.00397569 -1.55834484
v 0.02771918 -0.00429405 -1.55857694
v 0.02533887 -0.00421664 -1.55881608
v 0.02292538 -0.00373090 -1.55857372
v 0.02072261 -0.00284204 -1.55809486
v 0.01872647 -0.00161095 -1.55737829
v 0.01705673 -0.00007616 -1.55642378
v 0.01570863 0.00169716 -1.55547428
v 0.01486149 0.00364026 -1.55428481
v 0.01445137 0.00571153 -1.55285466
v 0.03611008 -0.00143861 -1.55498636
v 0.03441826 -0.00295545 -1.55544364
v 0.03237937 -0.00417402 -1.55590534
v 0.03012227 -0.00499587 -1.55637324
v 0.02771156 -0.00537511 -1.55660427
v 0.02526902 -0.00531984 -1.55659866
v 0.02291846 -0.00480769 -1.55635691
v 0.02065815 -0.00385817 -1.55612326
v 0.01866911 -0.00252053 -1.55540848
v 0.01700712 -0.00085729 -1.55494475
v 0.01573139 0.00109037 -1.55424261
v 0.01483586 0.00323113 -1.55330074
v 0.01443787 0.00550270 -1.55260682
v 0.03608885 -0.00179354 -1.55351484
v 0.03445082 -0.00342097 -1.55397034
v 0.03240755 -0.00471138 -1.55418646
v 0.03014675 -0.00560080 -1.55416477
v 0.02773368 -0.00602144 -1.55415082
v 0.02529114 -0.00596616 -1.55414522
v 0.02294090 -0.00544306 -1.55414796
v 0.02068263 -0.00446310 -1.55391479
v 0.01869696 -0.00306884 -1.55344534
v 0.01704036 -0.00131854 -1.55322719
v 0.01571016 0.00073545 -1.55277109
v 0.01488258 0.00299635 -1.55256414
v 0.01443113 0.00538946 -1.55211627
v 0.03614504 -0.00189801 -1.55229211
v 0.03450636 -0.00354734 -1.55225873
v 0.03246243 -0.00485966 -1.55198598
v 0.03020061 -0.00576430 -1.55196404
v 0.02778823 -0.00618067 -1.55170608
v 0.02540556 -0.00614466 -1.55170023
v 0.02299444 -0.00561752 -1.55170286
v 0.02079806 -0.00462637 -1.55147004
v 0.01881304 -0.00321021 -1.55148935
v 0.01709589 -0.00144492 -1.55151558
v 0.01576635 0.00063098 -1.55154824
v 0.01487923 0.00292210 -1.55158591
v 0.01442844 0.00533712 -1.55162692
v 0.03622016 -0.00172422 -1.55083001
v 0.03458520 -0.00332363 -1.55055332
v 0.03260385 -0.00462050 -1.55003691
v 0.03034474 -0.00549043 -1.54977131
v 0.02793337 -0.00589157 -1.54951358
v 0.02555241 -0.00583607 -1.54926383
v 0.02314128 -0.00530893 -1.54926646
v 0.02088131 -0.00434845 -1.54927719
v 0.01889358 -0.00296700 -1.54954016
v 0.01717474 -0.00122120 -1.54981017
v 0.01584147 0.00080476 -1.55008626
v 0.01494893 0.00302646 -1.55061114
v 0.01449475 0.00540249 -1.55113983
v 0.03631182 -0.00129594 -1.54961658
v 0.03474621 -0.00278430 -1.54885364
v 0.03271174 -0.00396631 -1.54809487
v 0.03051826 -0.00477513 -1.54758632
v 0.02810960 -0.00514156 -1.54708493
v 0.02572896 -0.00507511 -1.54707968
v 0.02331682 -0.00456319 -1.54708207
v 0.02105414 -0.00363742 -1.54733634
v 0.01906135 -0.00233208 -1.54759789
v 0.01733574 -0.00068187 -1.54811060
v 0.01593212 0.00121782 -1.54887259
v 0.01503281 0.00334392 -1.54963994
v 0.01450624 0.00556325 -1.55065429
v 0.03642070 -0.00060889 -1.54840779
v 0.03486692 -0.00192555 -1.54740381
v 0.03290315 -0.00297033 -1.54640329
v 0.03071845 -0.00365311 -1.54565275
v 0.02837473 -0.00396271 -1.54515254
v 0.02593592 -0.00385750 -1.54490352
v 0.02358264 -0.00338006 -1.54490554
v 0.02131590 -0.00251519 -1.54515874
v 0.01925377 -0.00132089 -1.54590666
v 0.01745544 0.00016166 -1.54666030
v 0.01610189 0.00190083 -1.54766393
v 0.01512412 0.00377889 -1.54891515
v 0.01458268 0.00578084 -1.55016983
v 0.03660297 0.00026772 -1.54744685
v 0.03506676 -0.00079685 -1.54595876
v 0.03311685 -0.00163949 -1.54471755
v 0.03094127 -0.00218527 -1.54396951
v 0.02860533 -0.00238405 -1.54322708
v 0.02622841 -0.00226766 -1.54297841
v 0.02381153 -0.00182090 -1.54322386
v 0.02153872 -0.00104735 -1.54347539
v 0.01946747 0.00000996 -1.54422092
v 0.01765562 0.00130131 -1.54545975
v 0.01622225 0.00276626 -1.54670250
v 0.01522759 0.00439651 -1.54819369
v 0.01460363 0.00608954 -1.54993105
v 0.03673954 0.00137670 -1.54648972
v 0.03528044 0.00055163 -1.54500604
v 0.03340830 -0.00004724 -1.54352522
v 0.03124557 -0.00040610 -1.54253614
v 0.02891672 -0.00049832 -1.54179549
v 0.02648196 -0.00033223 -1.54154766
v 0.02406305 0.00008410 -1.54179263
v 0.02178144 0.00073161 -1.54228616
v 0.01969702 0.00159103 -1.54302812
v 0.01787098 0.00266928 -1.54426312
v 0.01641700 0.00383649 -1.54598916
v 0.01527759 0.00513568 -1.54771829
v 0.01468952 0.00645508 -1.54969347
v 0.01447082 0.00781110 -1.55167031
v 0.03694374 0.00259487 -1.54602313
v 0.03550761 0.00210894 -1.54430127
v 0.03365339 0.00177311 -1.54258084
v 0.03150484 0.00162735 -1.54159558
v 0.02918308 0.00164168 -1.54085684
v 0.02681123 0.00183417 -1.54060960
v 0.02438997 0.00220910 -1.54060960
v 0.02210128 0.00275006 -1.54110122
v 0.01994243 0.00342233 -1.54232824
v 0.01809613 0.00419615 -1.54355776
v 0.01656100 0.00506297 -1.54527831
v 0.01539456 0.00596214 -1.54724455
v 0.01471858 0.00688555 -1.54945683
v 0.03709314 0.00390841 -1.54555809
v 0.03568132 0.00378780 -1.54384255
v 0.03384534 0.00372596 -1.54212701
v 0.03177255 0.00379353 -1.54090142
v 0.02946092 0.00396007 -1.54016542
v 0.02709109 0.00418301 -1.53991866
v 0.02466781 0.00452749 -1.53991818
v 0.02236830 0.00491196 -1.54065132
v 0.02019596 0.00537540 -1.54163039
v 0.01826984 0.00587501 -1.54309916
v 0.01670972 0.00637225 -1.54505742
v 0.01551692 0.00687565 -1.54701662
v 0.01481054 0.00734242 -1.54922092
v 0.03724522 0.00527431 -1.54558229
v 0.03591727 0.00548879 -1.54362881
v 0.03410289 0.00575755 -1.54216325
v 0.03204428 0.00603822 -1.54094148
v 0.02974144 0.00633081 -1.53996348
v 0.02737770 0.00664507 -1.53971839
v 0.02494968 0.00692440 -1.53996086
v 0.02264072 0.00716093 -1.54044712
v 0.02045351 0.00740700 -1.54166663
v 0.01850510 0.00757173 -1.54312944
v 0.01686046 0.00771197 -1.54483700
v 0.01564063 0.00781534 -1.54703343
v 0.01484296 0.00782951 -1.54922950
v 0.03739730 0.00664020 -1.54560661
v 0.03609298 0.00721573 -1.54390371
v 0.03436044 0.00778915 -1.54219949
v 0.03231534 0.00827865 -1.54122567
v 0.03002264 0.00872345 -1.54025030
v 0.02766091 0.00906816 -1.54000568
v 0.02522884 0.00928660 -1.54024720
v 0.02285089 0.00940540 -1.54073119
v 0.02064815 0.00941220 -1.54170215
v 0.01868150 0.00930294 -1.54316020
v 0.01701185 0.00907359 -1.54510546
v 0.01576231 0.00872459 -1.54704976
v 0.01487539 0.00831660 -1.54923809
v 0.03754396 0.00793667 -1.54611814
v 0.03626194 0.00884708 -1.54442108
v 0.03454695 0.00969021 -1.54296589
v 0.03251874 0.01042752 -1.54175222
v 0.03023347 0.01098983 -1.54102314
v 0.02787377 0.01136498 -1.54077911
v 0.02544170 0.01158342 -1.54102051
v 0.02305361 0.01155001 -1.54150188
v 0.02083668 0.01134370 -1.54246914
v 0.01884978 0.01093001 -1.54392183
v 0.01715919 0.01037433 -1.54537284
v 0.01582243 0.00963361 -1.54730999
v 0.01496600 0.00876493 -1.54949045
v 0.03762297 0.00914158 -1.54687214
v 0.03642210 0.01035238 -1.54518056
v 0.03466378 0.01146927 -1.54397416
v 0.03270794 0.01238093 -1.54300797
v 0.03043076 0.01306501 -1.54228103
v 0.02807513 0.01350104 -1.54203808
v 0.02563968 0.01366287 -1.54203427
v 0.02324551 0.01353813 -1.54251409
v 0.02101441 0.01311872 -1.54347754
v 0.01900994 0.01243531 -1.54468119
v 0.01729707 0.01154475 -1.54612637
v 0.01593667 0.01044299 -1.54781282
v 0.01499368 0.00918687 -1.54974210
v 0.03775071 0.01015979 -1.54762292
v 0.03650785 0.01167053 -1.54642487
v 0.03482461 0.01299648 -1.54522240
v 0.03281935 0.01409057 -1.54450345
v 0.03061117 0.01489237 -1.54377878
v 0.02819668 0.01536290 -1.54353631
v 0.02575649 0.01545957 -1.54377556
v 0.02341782 0.01524372 -1.54400969
v 0.02111434 0.01464997 -1.54472566
v 0.01909638 0.01375773 -1.54568148
v 0.01736324 0.01256274 -1.54712117
v 0.01598123 0.01113037 -1.54855764
v 0.01501732 0.00954792 -1.54999268
v 0.03780607 0.01102130 -1.54885924
v 0.03657468 0.01271042 -1.54790854
v 0.03490494 0.01424520 -1.54695392
v 0.03290982 0.01549151 -1.54623771
v 0.03070501 0.01634993 -1.54575825
v 0.02829254 0.01685090 -1.54551625
v 0.02585304 0.01695184 -1.54551148
v 0.02350558 0.01660995 -1.54598749
v 0.02119467 0.01589869 -1.54645729
v 0.01916523 0.01482807 -1.54716563
v 0.01741725 0.01339807 -1.54811275
v 0.01601971 0.01172643 -1.54930079
v 0.01503419 0.00981336 -1.55048585
v 0.03778432 0.01164330 -1.55009115
v 0.03662530 0.01350677 -1.54938793
v 0.03490210 0.01516310 -1.54867959
v 0.03291237 0.01649647 -1.54820895
v 0.03071295 0.01744195 -1.54797530
v 0.02836137 0.01793887 -1.54773343
v 0.02591985 0.01800937 -1.54772806
v 0.02351015 0.01764535 -1.54795933
v 0.02125272 0.01681254 -1.54818296
v 0.01915294 0.01559802 -1.54864442
v 0.01739550 0.01402007 -1.54934466
v 0.01598515 0.01214387 -1.55004072
v 0.01504972 0.01005264 -1.55073428
v 0.03780523 0.01198727 -1.55131829
v 0.03659206 0.01396802 -1.55110538
v 0.03487425 0.01571141 -1.55064273
v 0.03288789 0.01710140 -1.55041742
v 0.03069051 0.01807732 -1.55018437
v 0.02834027 0.01860042 -1.55018711
v 0.02589740 0.01864474 -1.54993701
v 0.02348365 0.01821983 -1.55016732
v 0.02122487 0.01736085 -1.55014610
v 0.01918058 0.01605522 -1.55036199
v 0.01741641 0.01436405 -1.55057180
v 0.01600065 0.01240078 -1.55102205
v 0.01499557 0.01016992 -1.55122459
f 4 2 1
f 8 6 5
f 13 15 14
f 17 19 18
f 32 30 29
f 36 34 33
f 37 39 38
f 21 23 20
f 25 27 24
f 41 43 42
f 48 46 45
f 52 50 49
f 53 55 54
f 60 58 57
f 29 62 61
f 66 64 63
f 67 6 68
f 72 70 69
f 76 74 73
f 77 79 78
f 81 83 82
f 59 86 85
f 88 90 89
f 96 94 93
f 100 98 97
f 101 103 102
f 106 34 87
f 108 115 107
f 117 36 118
f 124 126 125
f 131 129 128
f 132 134 133
f 142 140 139
f 148 60 147
f 144 127 124
f 149 151 150
f 156 154 153
f 159 158 157
f 116 164 105
f 171 169 168
f 174 173 172
f 179 181 180
f 186 188 187
f 194 196 195
f 199 139 198
f 206 208 207
f 213 211 210
f 202 214 201
f 96 216 54
f 92 43 44
f 97 246 100
f 250 229 228
f 252 58 253
f 258 256 255
f 260 229 259
f 110 112 113
f 114 263 109
f 265 267 266
f 56 270 269
f 274 249 250
f 185 63 64
f 280 278 276
f 285 283 157
f 288 211 212
f 141 92 46
f 289 175 176
f 148 105 106
f 312 170 171
f 238 42 43
f 318 160 317
f 310 308 307
f 241 325 324
f 160 240 317
f 47 307 308
f 108 315 164
f 345 86 119
f 348 350 349
f 356 358 357
f 355 353 352
f 363 32 362
f 149 150 176
f 364 253 365
f 366 368 367
f 183 371 63
f 163 161 160
f 209 101 208
f 378 165 166
f 379 381 380
f 383 3 4
f 284 386 385
f 387 389 388
f 391 229 249
f 73 397 396
f 405 407 406
f 203 411 410
f 414 413 412
f 1 357 4
f 277 131 275
f 254 57 58
f 358 415 351
f 417 386 408
f 401 192 420
f 419 127 143
f 421 182 422
f 103 302 409
f 428 368 174
f 380 359 356
f 62 266 323
f 140 431 430
f 357 351 348
f 356 379 380
f 415 403 434
f 437 436 435
f 438 440 439
f 188 450 449
f 452 454 453
f 265 181 421
f 224 64 225
f 237 213 427
f 275 128 458
f 281 460 459
f 50 79 461
f 73 282 281
f 468 466 465
f 390 352 359
f 482 484 483
f 489 487 486
f 493 495 494
f 472 470 469
f 502 500 499
f 220 222 223
f 512 143 66
f 518 511 80
f 513 230 286
f 205 31 244
f 189 451 188
f 163 532 8
f 533 225 251
f 446 447 412
f 335 540 334
f 544 546 545
f 329 291 292
f 199 262 238
f 385 416 550
f 532 191 247
f 363 118 243
f 236 237 250
f 578 580 579
f 573 571 570
f 561 562 272
f 241 259 240
f 590 592 591
f 545 595 594
f 503 155 504
f 606 624 623
f 478 480 479
f 646 648 647
f 590 689 684
f 564 651 650
f 728 184 727
f 714 716 715
f 692 575 693
f 541 581 578
f 346 248 400
f 161 230 160
f 128 94 95
f 698 704 703
f 574 576 575
f 290 401 328
f 630 725 726
f 733 735 734
f 755 496 493
f 759 481 760
f 757 762 761
f 764 466 467
f 768 9260 9261
f 759 488 489
f 492 475 771
f 474 769 473
f 773 465 772
f 771 486 483
f 484 775 491
f 774 489 486
f 495 764 756
f 495 761 494
f 137 784 136
f 325 797 547
f 165 51 52
f 369 29 370
f 730 568 569
f 90 301 89
f 243 516 242
f 800 806 805
f 817 808 816
f 816 823 822
f 306 447 807
f 815 809 808
f 829 828 825
f 726 501 502
f 274 424 423
f 879 881 880
f 884 879 885
f 219 217 211
f 906 904 897
f 455 205 542
f 898 830 829
f 903 880 881
f 906 897 898
f 377 519 165
f 923 948 946
f 946 951 950
f 8963 739 8961
f 900 886 880
f 225 65 144
f 182 442 422
f 809 947 824
f 954 962 961
f 927 965 966
f 885 880 886
f 925 966 967
f 343 341 340
f 965 971 968
f 968 970 969
f 972 969 973
f 963 981 978
f 336 338 339
f 992 827 828
f 810 996 959
f 1007 1002 1008
f 1012 827 1009
f 1011 1007 1008
f 294 292 291
f 907 920 919
f 1017 1019 1018
f 1020 1022 1021
f 1035 1020 1044
f 1061 1047 1046
f 1063 1046 1062
f 1044 1021 1045
f 1102 1097 1109
f 1116 1118 1117
f 1016 1014 1013
f 881 904 903
f 816 1127 817
f 1094 949 1097
f 514 167 515
f 146 81 82
f 1133 1130 1129
f 1102 1126 822
f 822 1116 816
f 1145 1148 1136
f 1076 1151 1069
f 1148 1086 1087
f 1109 1114 1136
f 1154 1156 1155
f 1153 967 1156
f 8815 463 9166
f 1144 1152 1151
f 1156 1163 1162
f 1164 1169 1165
f 1145 1176 1147
f 1114 1154 1171
f 1183 1164 1177
f 1184 1177 1185
f 1069 1062 1064
f 1023 1194 1022
f 1162 1170 1169
f 1195 1185 1191
f 1183 1176 1155
f 1201 1152 1196
f 1061 1201 1202
f 9277 843 9288
f 1203 1195 1034
f 1202 1184 1195
f 1218 1203 1217
f 1060 1202 1203
f 1225 1217 1219
f 671 694 670
f 1219 1024 1035
f 1217 1034 1024
f 1226 1015 1227
f 1243 1234 1233
f 1231 1229 1228
f 847 1233 843
f 843 1244 878
f 1233 1245 1244
f 1923 233 216
f 2100 499 500
f 9366 2135 9352
f 61 323 505
f 210 217 457
f 1299 1309 1300
f 9315 1231 9314
f 1066 1321 1322
f 1322 1228 1229
f 1060 1321 1047
f 1325 1323 1310
f 1244 1332 1330
f 1290 1242 1288
f 1337 1339 1338
f 1330 1340 1339
f 1341 1245 1294
f 1342 1332 1341
f 1343 1341 1344
f 1344 1294 1293
f 9309 1345 1346
f 1347 1342 1343
f 9308 1295 1345
f 1349 1348 1347
f 9313 1347 9305
f 9305 1343 9309
f 906 829 1353
f 905 1353 1354
f 865 1355 1357
f 1355 829 825
f 1357 825 826
f 1356 1353 1355
f 9286 1338 9285
f 866 1356 865
f 1358 1354 1356
f 9280 1337 9286
f 838 1012 841
f 1363 1338 1339
f 1368 1339 1340
f 1348 1340 1342
f 1371 9276 9281
f 524 526 523
f 528 530 527
f 1372 1369 1371
f 535 537 538
f 1367 1348 1350
f 1370 1359 1369
f 1369 9285 9276
f 1373 903 904
f 555 557 558
f 1374 910 1373
f 1373 905 1375
f 1374 1375 1376
f 1375 1354 1370
f 1378 908 1377
f 376 651 1387
f 1388 973 969
f 586 588 585
f 1390 1388 1391
f 1391 969 970
f 597 599 596
f 600 602 603
f 1392 970 979
f 608 610 607
f 612 523 611
f 614 616 613
f 617 25 24
f 620 622 619
f 1397 1391 1392
f 1398 1392 1399
f 1400 920 1378
f 1402 1165 1169
f 636 638 635
f 930 1402 929
f 641 643 644
f 929 1169 1170
f 1404 1403 1402
f 1411 1365 1406
f 1412 1415 1414
f 652 654 655
f 609 657 658
f 659 661 662
f 558 586 585
f 665 667 664
f 1413 1406 1412
f 1418 9262 9265
f 1417 1371 1416
f 1416 9281 9262
f 1419 1416 1418
f 1386 1374 1420
f 677 679 676
f 1385 1420 1421
f 1420 1376 1422
f 685 687 688
f 1421 1422 1423
f 528 691 658
f 1422 1372 1417
f 1018 747 1425
f 699 701 702
f 1424 579 1017
f 9115 1767 9112
f 700 711 712
f 1093 9206 1571
f 717 530 719
f 721 723 720
f 704 8987 8998
f 19 1426 1430
f 1429 1427 1426
f 1658 8986 8988
f 1439 1434 1438
f 1437 1435 1434
f 1426 1433 1432
f 1442 1432 1440
f 742 744 745
f 1432 1441 1440
f 751 753 750
f 1438 1403 1405
f 1446 1444 1443
f 1447 1446 1443
f 9312 1443 9300
f 1415 1445 1446
f 1414 1446 1448
f 2173 469 470
f 777 779 686
f 780 782 783
f 1676 1806 1675
f 9311 1349 9313
f 789 791 788
f 745 793 742
f 652 795 653
f 1455 1457 1456
f 1454 1350 1452
f 610 802 801
f 9283 698 703
f 1352 1045 1351
f 1015 1459 1460
f 811 813 814
f 2118 9269 2117
f 819 821 818
f 1466 1194 1190
f 1467 1465 1466
f 1182 1468 1467
f 832 833 831
f 835 837 834
f 1467 1190 1182
f 1469 1444 1445
f 840 712 690
f 1453 1469 1454
f 599 845 846
f 1226 9301 9307
f 851 853 850
f 855 856 854
f 858 860 857
f 861 863 864
f 1014 9307 9310
f 867 868 869
f 870 872 873
f 874 876 877
f 1310 1471 1309
f 1476 1427 1475
f 1461 1475 1460
f 887 889 890
f 788 892 891
f 894 896 893
f 1460 1227 1015
f 901 524 612
f 1465 1477 1464
f 1865 8944 1864
f 911 913 914
f 916 918 915
f 1850 8951 1851
f 921 895 894
f 1479 1436 1478
f 926 667 601
f 1481 563 1480
f 269 84 1482
f 931 933 916
f 934 614 869
f 936 688 937
f 938 662 939
f 1484 122 123
f 941 835 834
f 320 509 510
f 1849 8949 1850
f 84 1484 83
f 1487 1488 539
f 1757 8946 8953
f 365 1491 364
f 461 80 511
f 117 362 1496
f 1494 541 1495
f 926 957 958
f 1477 1433 1476
f 1709 1585 1700
f 119 1496 345
f 271 504 156
f 511 189 186
f 345 1492 365
f 255 344 254
f 57 299 132
f 1501 268 1500
f 267 1499 145
f 974 976 977
f 1678 1693 1676
f 9298 1807 9292
f 557 663 558
f 983 984 985
f 1443 9301 9300
f 421 268 265
f 989 991 988
f 1490 418 1504
f 279 309 310
f 997 676 679
f 998 999 875
f 1504 38 1505
f 1506 1507 1486
f 360 1508 1506
f 1506 207 360
f 939 1006 938
f 270 1483 269
f 66 546 512
f 1010 793 935
f 367 437 1509
f 244 363 243
f 1670 8978 1669
f 209 1510 226
f 235 1512 1511
f 1511 234 235
f 388 426 425
f 427 250 237
f 161 521 231
f 100 45 44
f 1025 608 1027
f 1029 1031 1028
f 939 1033 1032
f 41 594 99
f 1036 783 1037
f 702 1038 1039
f 1040 1042 1043
f 362 369 1493
f 187 477 186
f 70 539 198
f 1511 1521 234
f 1049 603 1048
f 613 869 614
f 860 1051 857
f 1005 1053 1006
f 753 1056 1054
f 1057 1059 1055
f 293 1522 292
f 288 1521 1522
f 292 1523 329
f 331 1508 1524
f 306 453 305
f 100 41 99
f 462 78 79
f 330 1524 462
f 635 1068 636
f 1485 1526 1528
f 206 1528 1510
f 1070 1072 831
f 942 1073 1074
f 916 1075 917
f 440 1530 439
f 157 1514 285
f 1529 5 1530
f 371 546 63
f 790 663 791
f 1077 857 1078
f 1403 1435 1165
f 1080 1082 1079
f 531 1529 440
f 21 1084 1085
f 272 1531 561
f 137 396 397
f 690 802 691
f 335 9011 581
f 1090 1029 1091
f 1092 794 1042
f 1533 137 138
f 661 1095 1096
f 69 445 72
f 1099 1101 1098
f 38 1536 1505
f 1104 1106 1103
f 852 1108 853
f 1377 909 1386
f 291 411 294
f 316 516 33
f 539 1533 534
f 1505 316 313
f 1110 1112 1113
f 1539 460 264
f 522 1537 1539
f 834 1120 1119
f 1122 1124 1121
f 612 1041 901
f 935 615 614
f 276 130 131
f 1686 8966 1685
f 193 1541 273
f 231 1540 287
f 556 982 557
f 365 85 345
f 190 318 1541
f 1810 9018 8972
f 9376 8956 9243
f 1132 985 1131
f 208 102 132
f 1134 662 661
f 1491 80 77
f 429 1542 147
f 1137 915 918
f 172 428 174
f 1139 1141 1142
f 549 54 55
f 1517 1518 296
f 976 1146 938
f 834 984 941
f 1543 286 115
f 1544 239 513
f 133 1544 1542
f 506 257 258
f 420 328 401
f 1158 1160 1157
f 587 1103 588
f 1513 1514 151
f 607 1027 608
f 304 1545 303
f 364 77 506
f 69 198 139
f 1006 976 938
f 700 1112 701
f 9329 8969 9239
f 1166 657 656
f 1167 858 1077
f 1300 8968 1299
f 1172 1174 1175
f 218 200 217
f 1179 1181 1178
f 372 97 98
f 89 227 88
f 1186 1188 1189
f 172 1517 1549
f 1482 81 1498
f 1090 1193 1030
f 394 353 1551
f 526 1198 1197
f 811 858 812
f 1199 1026 1025
f 606 697 696
f 1204 1206 743
f 1207 523 526
f 1209 867 613
f 914 685 936
f 1478 1441 1477
f 1029 1161 1091
f 1211 1213 1214
f 9310 1451 9311
f 844 1216 845
f 423 273 274
f 1220 1222 1083
f 22 1224 23
f 882 897 881
f 1519 173 387
f 1189 1232 1178
f 349 550 416
f 1071 1236 1072
f 1237 1239 745
f 1221 1189 1240
f 1510 1512 333
f 939 1241 1005
f 1556 5 67
f 1553 394 1551
f 404 67 347
f 1247 1249 1246
f 142 238 92
f 1251 635 1250
f 850 1253 851
f 1254 1077 1255
f 57 133 429
f 443 552 551
f 1187 1175 1188
f 1256 831 833
f 432 382 383
f 741 747 746
f 434 351 415
f 349 383 348
f 251 1481 1480
f 395 352 353
f 1518 1550 1551
f 1558 378 340
f 109 314 315
f 285 1513 407
f 395 393 392
f 202 410 1558
f 417 405 432
f 1246 1258 1247
f 3 297 2
f 1259 1261 1262
f 403 347 284
f 955 953 952
f 462 51 330
f 1096 687 1263
f 429 60 57
f 896 1265 932
f 1267 1268 1266
f 423 327 420
f 37 180 40
f 20 1187 1186
f 1256 1071 1070
f 155 156 504
f 1188 1269 1232
f 1236 1271 1262
f 1272 535 621
f 565 463 464
f 1273 745 1239
f 876 1255 1274
f 316 164 315
f 437 503 1509
f 194 1495 197
f 1275 864 863
f 624 631 630
f 1277 1137 1278
f 569 567 566
f 1481 125 366
f 324 547 326
f 1279 1107 1280
f 1525 329 1523
f 1281 1137 918
f 171 1553 1552
f 1488 396 1533
f 1557 1562 1559
f 1282 1206 1205
f 1053 1278 1281
f 778 607 1283
f 713 9010 9013
f 251 144 124
f 4 348 383
f 709 707 706
f 728 45 246
f 261 1563 544
f 789 1287 790
f 74 263 282
f 403 385 434
f 1178 1240 1189
f 1223 1289 1224
f 158 150 151
f 1220 1186 1221
f 296 354 433
f 784 1538 1566
f 1181 1291 1222
f 1269 1257 1246
f 1566 438 399
f 136 1566 1564
f 1563 169 1565
f 107 109 108
f 1297 1298 1296
f 1464 1476 1461
f 1520 507 508
f 1301 1303 1304
f 1306 1308 1305
f 175 1532 272
f 1532 200 201
f 1311 1312 1313
f 872 1315 1316
f 1317 1318 1319
f 9288 878 9280
f 1305 864 1276
f 1040 863 1320
f 1564 399 169
f 592 1575 591
f 591 1088 689
f 1581 1583 1582
f 1196 1147 1176
f 710 583 713
f 285 408 386
f 953 961 963
f 1594 1589 1593
f 1585 1587 1586
f 1592 1590 1589
f 9337 944 9351
f 1600 1598 1597
f 1604 1602 1601
f 1399 979 980
f 1589 1596 1595
f 1610 1608 1607
f 298 361 360
f 551 276 277
f 1627 9266 9271
f 859 818 860
f 1078 1328 1329
f 1555 1530 1556
f 572 680 681
f 772 776 774
f 977 918 917
f 404 392 393
f 1054 750 753
f 1644 1643 1642
f 932 1082 933
f 1067 1334 1068
f 1540 264 114
f 597 643 1336
f 471 762 470
f 1642 9283 9294
f 1644 9294 9295
f 923 950 927
f 96 548 95
f 520 522 521
f 445 443 442
f 849 848 842
f 480 755 493
f 1646 481 1639
f 311 1567 170
f 464 8941 8939
f 8941 1361 8939
f 234 236 235
f 190 192 191
f 153 152 149
f 231 286 230
f 1552 1551 1550
f 760 1648 488
f 9284 1649 9282
f 828 826 825
f 52 166 165
f 1663 1661 1660
f 287 115 286
f 668 670 669
f 634 640 639
f 553 559 554
f 118 33 516
f 492 491 490
f 8996 1651 8997
f 582 584 583
f 384 392 415
f 1381 1383 1380
f 1562 435 436
f 952 951 947
f 8973 583 584
f 1660 1667 1666
f 1394 1396 1393
f 1660 1664 1663
f 1671 1669 1668
f 1624 1673 1672
f 1407 1409 1410
f 1677 1675 1674
f 1613 1677 1625
f 1679 1676 1677
f 1626 9263 9266
f 534 198 539
f 176 150 159
f 803 734 800
f 400 191 192
f 65 143 144
f 8970 1656 8984
f 402 157 283
f 629 627 626
f 461 49 50
f 758 495 756
f 796 786 785
f 406 1513 1560
f 342 166 167
f 1694 1658 1695
f 1692 1694 1696
f 9001 1652 8996
f 9373 1703 9375
f 326 302 90
f 9368 1702 1706
f 9371 1698 1701
f 1699 9379 9370
f 1557 1560 1561
f 1127 1117 1128
f 400 289 346
f 1706 1707 1708
f 1707 1599 1600
f 1709 1708 1588
f 1714 1711 1713
f 9371 1709 1700
f 1704 1577 1703
f 1716 1713 1715
f 1559 1549 297
f 1722 1720 1719
f 1335 596 1489
f 410 377 378
f 973 1163 972
f 168 399 398
f 1571 1089 1093
f 1572 682 1571
f 749 647 754
f 1730 1723 1729
f 1594 1729 1592
f 1729 1591 1592
f 1731 1730 1583
f 1384 1377 1379
f 1732 1712 1714
f 1724 1731 1732
f 1712 1731 1580
f 1722 1732 1733
f 1721 1733 1734
f 1734 1716 1717
f 1735 1736 1697
f 1733 1714 1716
f 1663 1741 1668
f 1742 1740 1743
f 1738 1737 1735
f 1665 1666 1740
f 1665 1744 1664
f 1725 1746 1745
f 1591 1745 1590
f 1590 1747 1596
f 1745 1748 1747
f 1659 8982 8986
f 5650 8989 5617
f 1185 1182 1190
f 1664 1749 1741
f 1741 1739 1738
f 1746 1743 1748
f 1726 1742 1746
f 1153 924 925
f 1115 1153 1154
f 1654 9019 1655
f 1896 8993 1686
f 1720 1744 1726
f 1721 1749 1720
f 1750 1701 1698
f 1697 1750 1696
f 1151 1063 1062
f 1751 1670 1671
f 1695 1752 1751
f 961 986 981
f 1770 1768 1767
f 1766 1593 1765
f 1731 1579 1580
f 1579 1774 1578
f 9380 1771 9381
f 1764 9380 9369
f 1777 1775 1774
f 9214 1699 1700
f 1004 1128 1003
f 1774 1771 1772
f 987 1399 980
f 1578 1772 1764
f 1783 1781 1778
f 1597 1770 1767
f 639 9347 9336
f 9380 1769 1770
f 1793 1789 1788
f 9381 1798 1769
f 8952 9225 1806
f 1802 9376 9374
f 1788 1794 1793
f 1793 1795 1776
f 9225 1675 1806
f 1584 1783 1789
f 1771 9372 9381
f 1801 1798 1800
f 1768 1798 1799
f 1775 1797 1771
f 508 515 1520
f 1796 1802 1797
f 1800 9372 9374
f 1794 1804 1795
f 8976 1752 8991
f 485 1807 775
f 9261 1640 768
f 9289 1810 1653
f 485 1640 1808
f 1690 9222 9224
f 487 1648 1811
f 9291 1816 9274
f 9290 1648 9282
f 9291 1811 9290
f 1812 487 1811
f 1641 767 768
f 465 755 776
f 767 9275 9260
f 9274 9278 9299
f 1809 1815 767
f 9289 1651 9292
f 675 8985 8940
f 1814 1822 1821
f 1821 9273 9272
f 1824 1649 1825
f 1827 1850 1805
f 1668 1662 1663
f 1779 1848 1828
f 1790 1805 1794
f 1833 1853 1852
f 8965 693 575
f 1614 1616 1617
f 1852 8942 8945
f 1620 1622 1623
f 1855 1574 1861
f 1847 8945 8957
f 1766 1855 1782
f 1629 1631 1628
f 1633 1634 1632
f 1635 1637 1638
f 1848 1852 1847
f 1855 1863 1862
f 1803 1867 1802
f 1862 1831 1832
f 1782 1862 1781
f 9374 1865 1800
f 1873 1870 1869
f 1874 799 804
f 2045 9349 2044
f 1219 1295 1225
f 1615 1396 1395
f 9336 1877 1876
f 645 9238 9003
f 1345 1035 1346
f 634 9336 9332
f 15 1327 14
f 9362 1878 1893
f 1894 605 1893
f 8950 627 693
f 9004 645 9003
f 340 454 1558
f 1897 195 1898
f 1889 1877 1890
f 1901 129 1900
f 196 754 232
f 1705 9373 9368
f 340 166 343
f 1570 563 561
f 1904 194 1897
f 1781 1832 1780
f 1905 55 1906
f 1000 995 996
f 986 920 987
f 1191 1190 1194
f 2094 2075 2093
f 1920 1919 1915
f 453 1912 1911
f 1915 1918 1916
f 9334 2106 9353
f 1655 8975 1868
f 1916 1926 1925
f 704 9005 703
f 278 1925 1900
f 9009 1818 1820
f 1097 1115 1114
f 1927 727 1923
f 9030 9106 9210
f 1920 307 1929
f 1929 48 728
f 503 1497 1509
f 1902 787 796
f 1816 9272 9278
f 1925 1923 1924
f 1535 1568 1534
f 254 258 255
f 1509 366 367
f 119 35 36
f 219 293 294
f 141 47 431
f 542 244 245
f 1940 430 431
f 1779 1827 1790
f 1701 9367 9371
f 1661 8959 1667
f 270 754 647
f 197 749 196
f 1727 1212 1211
f 53 232 754
f 1465 1479 1478
f 1284 9306 1293
f 1951 412 413
f 168 1554 1553
f 1486 206 207
f 506 78 361
f 994 1007 993
f 951 963 964
f 1013 9313 1351
f 9278 1820 1818
f 1498 1954 1482
f 299 543 132
f 1754 1756 1753
f 1681 1683 1682
f 1696 1695 1697
f 13 738 737
f 473 475 474
f 482 768 1640
f 204 30 205
f 1761 820 819
f 611 1125 612
f 1501 1908 1909
f 1074 711 699
f 1960 82 83
f 120 1960 123
f 35 87 34
f 1773 1025 1031
f 1965 1569 1535
f 494 471 479
f 1966 1969 1968
f 446 1971 1967
f 174 125 126
f 1580 1578 1577
f 1785 1787 1784
f 1972 304 305
f 1254 875 999
f 1973 342 514
f 321 1973 509
f 1910 275 1907
f 509 514 508
f 1486 1527 1485
f 1974 804 1975
f 1977 1974 1978
f 1980 1966 1981
f 379 2 295
f 1718 1710 1701
f 884 992 883
f 1680 1678 1679
f 902 525 524
f 344 256 299
f 135 137 136
f 236 228 333
f 448 1967 1966
f 589 604 584
f 910 908 907
f 1981 1968 1987
f 1982 1987 1979
f 1988 1987 1989
f 1990 1989 1991
f 1991 1993 1992
f 322 320 319
f 992 830 883
f 1144 1086 1143
f 1995 1978 1994
f 1133 1118 1126
f 1997 1994 1996
f 870 1335 1489
f 805 1982 1998
f 727 2000 1999
f 1996 1988 1990
f 1994 1979 1988
f 1829 792 1273
f 1830 941 983
f 798 800 799
f 729 731 730
f 2011 2023 2022
f 1834 846 1159
f 402 284 347
f 2022 2024 2025
f 1838 989 988
f 810 952 809
f 1823 1840 644
f 1430 1432 1431
f 1215 1841 1079
f 149 176 177
f 1316 873 872
f 2112 1384 2106
f 1842 1844 1845
f 1159 845 1160
f 837 1846 1120
f 1971 2030 2027
f 517 370 189
f 858 833 812
f 1471 2027 1888
f 8995 626 627
f 2174 770 490
f 935 1854 1010
f 1613 1611 1618
f 1231 1225 1295
f 1856 891 892
f 1300 748 741
f 1150 1858 1859
f 1643 696 1642
f 1215 1264 1216
f 1320 902 901
f 1956 1944 1960
f 2031 669 1474
f 2034 1310 1299
f 1879 1656 1657
f 40 242 39
f 1992 2039 1456
f 888 957 889
f 1882 1996 1990
f 1078 1255 1077
f 1871 1192 1090
f 294 218 219
f 1323 2026 1471
f 123 83 1484
f 1324 2041 1323
f 384 359 352
f 1324 2038 2036
f 1883 1885 1829
f 287 114 107
f 1096 1134 661
f 915 931 916
f 806 1981 1982
f 8977 584 604
f 1425 2042 1018
f 1018 1948 1017
f 9006 740 8963
f 1948 649 646
f 1881 1990 1991
f 1900 130 278
f 992 994 993
f 923 925 924
f 9330 2047 9328
f 1643 625 606
f 2050 2051 2049
f 2045 1404 2047
f 9328 945 9337
f 1139 1079 1841
f 1037 892 982
f 2055 2057 2056
f 1198 718 717
f 1619 1612 1611
f 2058 1606 2059
f 2059 1607 2058
f 2058 1624 1605
f 71 179 37
f 405 1557 382
f 976 1006 977
f 322 1972 1911
f 2061 2063 2062
f 2066 2067 1825
f 2052 2064 2051
f 1609 2066 1647
f 1515 152 1516
f 1009 993 1007
f 1644 9267 2118
f 279 1916 278
f 1285 9314 1284
f 1647 1825 1649
f 2056 2067 2065
f 319 1953 1952
f 667 1913 1914
f 2070 625 2048
f 2052 2055 2063
f 2038 1655 1458
f 1606 2073 2072
f 1235 1270 1236
f 2072 2075 2074
f 2059 2072 2062
f 2074 2077 2076
f 1601 2078 2073
f 2049 1643 1645
f 1000 1001 994
f 1089 684 689
f 1931 1306 1930
f 1462 1021 1022
f 1932 1934 1935
f 875 1846 998
f 1936 1937 1938
f 44 46 92
f 1534 1956 120
f 1541 317 391
f 2081 2084 2083
f 146 1959 300
f 1360 1942 1361
f 985 1032 1033
f 1995 1892 2043
f 2079 2082 2081
f 2095 2076 2077
f 2081 2078 2079
f 2055 2054 2053
f 501 2095 500
f 2097 2099 2098
f 2098 2094 2083
f 2140 9345 9318
f 2141 9346 9345
f 2051 2048 2049
f 592 2101 1576
f 2071 2076 2096
f 2102 2098 2101
f 593 2102 592
f 1019 746 747
f 1950 12 1327
f 725 2096 501
f 1385 2104 1379
f 1379 2106 1384
f 2107 2100 2097
f 9360 502 9348
f 9348 499 9353
f 940 2109 944
f 928 1170 973
f 9320 684 9351
f 1962 1964 1961
f 9330 573 9349
f 2039 1968 1969
f 1389 2110 2109
f 1398 2113 1397
f 9209 9205 9195
f 9363 2107 2103
f 949 924 1115
f 260 324 326
f 1390 2113 2110
f 2070 2064 2071
f 9319 2103 593
f 2105 1421 2114
f 2114 1423 2115
f 9344 2115 9355
f 9360 2114 9344
f 554 1902 553
f 972 967 966
f 1765 1573 1574
f 1984 1986 1983
f 2053 2069 2057
f 9017 724 714
f 1625 1674 1673
f 9333 2119 2122
f 9355 2123 9356
f 56 1906 55
f 626 9331 629
f 2001 2003 2004
f 9364 2127 9359
f 2006 2008 2009
f 2127 1412 2128
f 2014 2016 2017
f 2018 2020 2021
f 1495 1947 197
f 1379 1386 1385
f 9266 1680 1618
f 2029 1884 2028
f 9354 2120 9339
f 629 9366 9324
f 682 943 1089
f 724 2121 716
f 1757 9273 9297
f 765 9296 9261
f 9303 715 9304
f 706 9322 9324
f 981 987 980
f 1457 1656 1880
f 2017 2032 2033
f 1458 1868 1457
f 1776 1792 1793
f 1959 1946 1958
f 9115 9177 9113
f 9365 2122 9302
f 1093 689 1088
f 966 968 972
f 9304 9333 9365
f 2172 2170 2171
f 670 2137 669
f 9213 1903 233
f 1429 28 1449
f 964 978 971
f 9293 1413 2127
f 1473 669 2137
f 9286 1359 1358
f 2138 1870 2137
f 1872 2137 1870
f 715 9340 9333
f 1881 1992 1880
f 9295 739 740
f 1837 8957 8958
f 253 59 85
f 1808 9292 1807
f 1647 9270 1609
f 9317 671 668
f 2112 9335 2111
f 1405 2044 1438
f 9281 1364 1366
f 273 391 249
f 576 8964 8999
f 9327 668 2031
f 1430 2140 2139
f 2136 9312 28
f 1430 18 19
f 9345 570 695
f 1442 2046 2141
f 1431 2141 2140
f 9321 9302 2136
f 9260 1817 766
f 9318 695 671
f 2142 798 2138
f 571 2142 694
f 9271 1618 1611
f 2143 2025 2142
f 694 2138 670
f 681 2144 572
f 2144 2022 2143
f 328 457 290
f 1572 2011 2144
f 630 9355 624
f 2085 2087 2088
f 2090 2092 2089
f 572 2143 571
f 1875 2153 2149
f 1873 2149 2154
f 2103 2097 2102
f 2157 2155 2156
f 2128 1414 2120
f 9326 589 582
f 9324 628 629
f 2149 2158 2159
f 2159 9357 9342
f 698 9354 705
f 9275 9279 1817
f 2158 9326 9357
f 1438 2046 1439
f 2035 2160 2161
f 2161 9341 9338
f 9323 605 589
f 9325 18 9327
f 370 61 451
f 649 413 648
f 2153 2156 2158
f 1428 1449 1450
f 1490 73 1488
f 9342 710 633
f 2155 9343 9323
f 1456 1880 1992
f 2125 2087 2124
f 2160 9342 9341
f 300 505 323
f 1064 1046 1065
f 2043 1891 2155
f 2129 2004 2003
f 2131 2133 2134
f 9300 1450 1449
f 1998 804 805
f 9331 9316 9366
f 474 490 770
f 1164 1182 1177
f 707 9361 9322
f 708 2162 707
f 2162 9338 9361
f 548 1905 458
f 1145 1114 1171
f 705 1650 704
f 2043 1977 1995
f 737 554 559
f 1034 1191 1023
f 458 1907 275
f 195 232 233
f 2040 1969 1970
f 2145 2147 2148
f 2054 2049 1645
f 9284 1639 9270
f 9 11 10
f 252 506 258
f 472 479 471
f 1865 9243 8947
f 900 910 907
f 1941 2151 1942
f 1921 1927 1919
f 2163 1898 2116
f 271 153 178
f 1904 12 9
f 282 264 460
f 1872 2154 2035
f 1326 1897 2163
f 628 693 627
f 1724 1719 1723
f 1549 436 172
f 1582 1730 1729
f 1921 1929 1928
f 9007 10 11
f 2152 1950 1949
f 475 774 771
f 769 2171 473
f 2171 476 473
f 476 772 475
f 1791 464 1760
f 2166 2168 2169
f 595 372 98
f 483 1641 482
f 762 2173 470
f 771 484 492
f 486 1809 483
f 297 1517 296
f 763 2174 762
f 776 759 489
f 184 2176 2000
f 412 303 414
f 2005 185 224
f 9263 1682 9298
f 2164 756 764
f 1472 2161 2162
f 950 964 965
f 2177 2179 2180
f 227 1510 333
f 764 467 2164
f 2182 2184 2181
f 2186 2018 2185
f 1985 2181 1986
f 214 729 1531
f 1545 1546 1569
f 865 842 866
f 849 1357 1362
f 452 1558 454
f 559 3188 737
f 16 737 3188
f 560 498 374
f 3193 3195 3194
f 3200 3198 3199
f 3211 3213 3212
f 3215 3217 3216
f 2187 2002 2001
f 3233 3235 3234
f 3223 3222 3224
f 3229 3231 3230
f 3245 3247 3246
f 2169 2189 2190
f 2192 2085 2191
f 2193 2195 2196
f 2198 2200 2197
f 1998 1979 1975
f 9116 9120 9123
f 3253 3255 3254
f 2116 1903 1902
f 1859 2009 1150
f 9356 2126 9358
f 1135 1087 1130
f 2201 2015 2014
f 1149 110 1858
f 3261 3263 3262
f 3269 3271 3270
f 3265 3267 3266
f 3229 3284 3283
f 3289 3291 3290
f 3299 3301 3300
f 3307 3264 3308
f 3293 3295 3294
f 3297 3224 3298
f 3319 3291 3320
f 3322 3318 3315
f 3314 3312 3311
f 3285 3287 3286
f 3332 3218 3215
f 3329 3330 3328
f 3324 3227 3298
f 3298 3326 3324
f 2203 2205 2206
f 579 1895 1019
f 1755 2208 1756
f 3337 3339 3338
f 9343 1893 605
f 1211 2150 1727
f 868 2210 2209
f 3347 3349 3348
f 944 930 940
f 2130 2202 2201
f 233 1898 195
f 665 750 666
f 1167 999 618
f 2211 2213 2214
f 2215 2217 2218
f 9319 590 9320
f 2220 220 2219
f 823 948 1094
f 3375 3377 3376
f 3393 3391 3390
f 3353 3357 3356
f 3363 3365 3364
f 3402 3404 3403
f 266 455 265
f 9334 2107 9335
f 2221 8963 8961
f 2223 2225 2226
f 2207 2124 2208
f 3293 3336 3286
f 673 9321 9316
f 817 996 815
f 2227 2146 2145
f 1947 646 749
f 9352 17 9325
f 2229 1638 1381
f 1679 1618 1680
f 1637 2232 2230
f 2233 1617 1616
f 2231 2236 2237
f 3406 3408 3407
f 1381 2238 1382
f 9038 2242 9039
f 3414 3341 3415
f 1630 2233 1631
f 1681 472 469
f 1408 2243 2244
f 3423 3425 3424
f 3433 3263 3307
f 3434 3430 3435
f 3440 3442 3441
f 3444 3446 3445
f 3436 3450 3439
f 3442 3456 3455
f 1637 2238 1638
f 3445 3437 3438
f 3448 3440 3449
f 1409 1634 2245
f 1380 2247 2246
f 1628 2245 1621
f 3463 3465 3464
f 3308 3462 3307
f 2249 1622 1633
f 1632 1408 2244
f 2248 1631 2250
f 3478 3480 3479
f 3509 3511 3510
f 2235 1637 1636
f 3505 3507 3506
f 3457 3199 3198
f 631 2071 725
f 515 52 49
f 782 2251 1251
f 2253 2255 2252
f 397 459 784
f 1456 2040 1455
f 2040 2036 1455
f 3434 3518 3517
f 1401 2111 1398
f 2041 1970 2026
f 3367 3338 3368
f 1535 414 1965
f 1586 2080 2079
f 2256 1132 1886
f 3528 3530 3529
f 3519 3520 3517
f 3537 3506 3538
f 3543 3545 3544
f 1700 9370 9371
f 3486 3550 3549
f 3455 3497 3563
f 3558 3559 3323
f 3456 3500 3497
f 3572 3252 3249
f 3308 3285 3569
f 3316 3574 3573
f 3575 3479 3533
f 3576 3578 3577
f 3580 3582 3581
f 3584 3586 3585
f 3505 3588 3503
f 3589 3591 3590
f 3600 3602 3601
f 3542 3595 3594
f 3604 3592 3589
f 3611 3613 3612
f 3622 3624 3623
f 3618 3620 3619
f 3626 3628 3627
f 3644 3646 3645
f 3634 3636 3635
f 3638 3641 3640
f 9267 1686 9269
f 1263 1886 1096
f 3613 3654 3614
f 598 844 599
f 2257 2259 2260
f 2258 2262 2259
f 2259 2263 2216
f 2260 2216 2215
f 1967 1970 1969
f 2212 1963 2213
f 922 2218 2217
f 1312 1101 2264
f 1307 1286 789
f 1548 1546 1972
f 2266 2268 2265
f 2265 2270 2269
f 2272 2269 2271
f 2273 2265 2272
f 2275 2277 2274
f 2278 2277 2279
f 2284 9069 9091
f 2287 2286 2281
f 2288 2283 2287
f 2290 9091 9072
f 2291 2293 2294
f 2295 2294 2279
f 2296 2291 2295
f 2297 2292 2291
f 2294 2299 2300
f 2279 2300 2278
f 2298 2302 2292
f 2292 2303 2293
f 2293 2304 2299
f 2304 2306 2299
f 2306 2300 2299
f 2308 2310 2307
f 2302 2310 2303
f 2301 2307 2302
f 2312 2307 2311
f 2313 2315 2316
f 2318 2320 2317
f 9200 2322 2323
f 2324 2273 2326
f 2313 2326 2327
f 2328 2313 2316
f 2329 2324 2328
f 2331 2333 2330
f 2330 2267 2266
f 2325 2266 2273
f 2329 2330 2325
f 2333 2335 2267
f 2336 2333 2332
f 2338 2332 2337
f 2331 2337 2332
f 2329 2339 2331
f 2328 2340 2329
f 2316 2341 2328
f 2342 2315 2343
f 2344 2346 2347
f 2341 2347 2340
f 2342 2344 2341
f 2348 2345 2344
f 2350 2352 2353
f 2339 2353 2337
f 2340 2350 2339
f 2347 2351 2350
f 2337 2354 2338
f 2353 2355 2354
f 2356 2276 2357
f 2356 2358 2359
f 2356 2296 2295
f 2279 2356 2295
f 2360 2270 2268
f 2267 2360 2268
f 2362 2364 2365
f 2362 2361 2358
f 2366 2358 2357
f 2366 2363 2362
f 2357 2368 2366
f 2366 2369 2367
f 2276 2370 2368
f 2368 2282 2369
f 2372 2374 2371
f 2375 2377 2007
f 2378 2380 2381
f 2382 2381 2383
f 2384 2378 2382
f 2385 2379 2378
f 2388 2390 2387
f 2387 2392 2391
f 2393 2387 2391
f 2394 2388 2387
f 2186 2402 2400
f 2403 2327 2326
f 2272 2326 2273
f 2271 2403 2272
f 2405 2404 2403
f 2404 2408 2327
f 2409 2411 2412
f 2409 2271 2269
f 2413 2269 2270
f 2413 2410 2409
f 2417 2416 2418
f 2417 2406 2405
f 2412 2405 2271
f 2411 2417 2412
f 2406 2407 2404
f 9013 632 713
f 2420 2397 2421
f 2420 2423 2422
f 2424 2422 2419
f 2424 2398 2420
f 2425 2392 2426
f 2421 2426 2423
f 2397 2425 2421
f 2396 2391 2425
f 2427 2315 2314
f 2427 2408 2428
f 2430 2428 2429
f 2343 2427 2430
f 2432 2430 2431
f 2431 2429 2433
f 2435 2433 2434
f 2436 2431 2435
f 2428 2407 2437
f 2422 2407 2419
f 2438 2422 2423
f 2429 2437 2438
f 2440 2433 2439
f 2441 2433 2429
f 2442 2439 2441
f 2443 2440 2439
f 2445 2444 2443
f 2447 2443 2442
f 2383 2445 2447
f 2381 2446 2445
f 2448 2423 2426
f 2449 2426 2392
f 2441 2449 2442
f 2441 2438 2448
f 2449 2390 2450
f 2450 2389 2451
f 2447 2451 2383
f 2442 2450 2447
f 2451 2453 2452
f 2452 2455 2454
f 2382 2454 2384
f 2383 2452 2382
f 2456 2373 2372
f 2459 2461 2458
f 2463 2465 2462
f 2462 2285 2284
f 2466 2284 2290
f 2467 2462 2466
f 2461 9155 9153
f 2468 2470 2471
f 2472 2471 2473
f 2474 9153 9140
f 2475 2477 2478
f 2458 2453 2479
f 2479 2389 2388
f 2395 2479 2388
f 2480 2458 2479
f 2481 2483 2478
f 2484 2485 221
f 2471 2464 2463
f 2473 2463 2467
f 2487 2466 2486
f 2486 2290 2488
f 2490 2488 2489
f 2491 2486 2490
f 2492 2467 2487
f 2493 2487 2491
f 2494 2492 2493
f 2495 2473 2492
f 9142 2474 9140
f 9143 2496 9142
f 2498 2493 2499
f 2500 2499 2501
f 9152 2498 2500
f 9139 2494 2498
f 2306 2278 2300
f 2305 2504 2306
f 2504 2507 2506
f 2506 2288 2508
f 2274 2508 2275
f 2278 2506 2274
f 9085 2489 2488
f 9072 2488 2290
f 2507 2289 2288
f 2505 2509 2507
f 2508 2287 2511
f 2511 2281 2280
f 2370 2280 2282
f 2275 2511 2370
f 2512 2489 2513
f 2514 2513 2515
f 2517 2514 2516
f 2517 2490 2512
f 2499 2491 2517
f 2499 2516 2501
f 2510 2519 2518
f 2518 2521 2520
f 9068 2520 9073
f 9084 2518 9068
f 2522 2303 2310
f 2523 2310 2309
f 2305 2522 2524
f 2524 2523 2525
f 2519 2525 2521
f 2505 2524 2519
f 2308 2527 2526
f 2526 2529 2528
f 2531 2528 2530
f 2309 2526 2531
f 1214 2151 1211
f 2419 2418 2424
f 2533 2349 2317
f 2534 2317 2320
f 2535 2533 2534
f 2536 2345 2533
f 2537 2346 2536
f 2538 2536 2535
f 2539 2537 2538
f 2540 2351 2537
f 2312 2541 2527
f 2527 2542 2529
f 2543 2434 2544
f 2545 2544 2546
f 2319 2543 2545
f 2318 2435 2543
f 2514 2548 2547
f 2547 2550 2549
f 2552 2549 2551
f 2552 2514 2547
f 2520 2554 2553
f 2553 2556 2555
f 9042 2555 9045
f 9073 2553 9042
f 2523 2531 2557
f 2557 2530 2558
f 2525 2557 2559
f 2559 2558 2560
f 2554 2560 2556
f 2521 2559 2554
f 2561 2007 2006
f 2376 2225 2377
f 2564 2566 2563
f 2563 338 2567
f 2569 2567 2568
f 2570 2563 2569
f 2572 2574 2571
f 2571 2576 2575
f 2544 2575 2546
f 2544 2572 2571
f 2578 2569 2577
f 2579 2569 2568
f 2574 2579 2576
f 2573 2577 2574
f 2581 2583 2580
f 2584 2583 2585
f 9149 2580 2584
f 9128 2580 9127
f 2582 2552 2583
f 2583 2551 2585
f 2500 2589 2588
f 2590 2589 2591
f 9145 2588 2590
f 9147 2500 2588
f 2501 2591 2589
f 2592 2594 2595
f 2386 2503 2502
f 2596 2386 2374
f 2596 2373 2597
f 2599 2597 2598
f 2599 2379 2596
f 2600 2380 2599
f 2600 2598 2601
f 2603 2601 2602
f 2603 2446 2600
f 2604 2602 2605
f 2440 2605 2434
f 2444 2604 2440
f 2606 2581 2607
f 2606 2590 2591
f 2591 2582 2606
f 9128 2456 9141
f 9141 2372 9145
f 2478 2608 2481
f 2609 2611 2199
f 2564 2613 2612
f 2612 2598 2597
f 2457 2597 2373
f 2565 2612 2457
f 2614 2570 2578
f 2615 2578 2573
f 2602 2614 2615
f 2601 2613 2614
f 2572 2605 2616
f 2616 2602 2615
f 2573 2616 2615
f 1459 1045 1021
f 1265 1079 1082
f 1612 1609 1611
f 2067 2069 2068
f 1135 1136 1148
f 1938 2618 2617
f 95 458 128
f 2058 1608 1612
f 1454 1445 1367
f 655 1048 2619
f 722 2621 723
f 3665 3634 3666
f 1131 1033 1134
f 562 366 1497
f 1723 1725 1591
f 1786 1122 1787
f 267 323 266
f 1325 1654 2038
f 1468 1435 1479
f 658 529 528
f 8 247 7
f 382 1559 3
f 3631 3680 3630
f 788 1307 789
f 940 929 928
f 911 2623 912
f 2621 655 654
f 2624 2625 2626
f 998 27 26
f 635 2626 2625
f 2627 644 1840
f 2628 1840 2629
f 1200 2627 2628
f 1199 641 2627
f 1520 49 477
f 1452 1349 1451
f 2630 1859 1858
f 644 1335 1823
f 3683 3699 3698
f 1197 717 2632
f 2632 719 1166
f 2628 1166 1200
f 2629 2632 2628
f 1762 1050 821
f 1823 873 1839
f 2634 794 652
f 1028 1027 1161
f 1042 2635 1043
f 93 1901 1924
f 2036 1458 1455
f 1527 1525 1526
f 877 1274 1277
f 134 797 1544
f 1328 931 1329
f 607 1091 1161
f 1043 2637 2636
f 2636 2639 2638
f 1275 2638 1276
f 1275 1043 2636
f 1272 2626 2640
f 2640 638 637
f 1110 2640 637
f 536 2640 2641
f 1472 1474 1473
f 2042 1951 649
f 3668 3633 3669
f 1058 1105 1059
f 2642 2643 2644
f 1192 2644 1193
f 912 2642 1192
f 9350 8970 9238
f 1049 2620 2621
f 616 1885 613
f 1331 666 750
f 990 1198 525
f 1911 321 322
f 1298 1205 2645
f 76 1504 75
f 1502 421 422
f 610 658 691
f 1146 659 938
f 2646 914 936
f 1280 1238 1279
f 975 2647 2648
f 2647 975 974
f 1453 1452 1451
f 1514 158 151
f 835 1843 1842
f 1271 1173 1289
f 2649 813 2650
f 1893 1826 1894
f 1050 1937 1051
f 2651 814 813
f 1006 1281 977
f 2653 2654 2655
f 1001 1003 1002
f 585 679 558
f 2624 621 620
f 555 2028 556
f 1207 1197 2629
f 1626 478 472
f 3729 3731 3730
f 3746 3748 3747
f 3770 3750 3753
f 426 419 1567
f 1030 1773 1031
f 9350 634 9332
f 534 138 262
f 1125 1042 1041
f 333 88 227
f 569 561 730
f 3691 3693 3692
f 1489 871 870
f 1857 620 891
f 1673 9222 9215
f 622 864 1308
f 2647 974 2657
f 619 891 620
f 261 545 262
f 393 1556 404
f 2658 2647 2657
f 1075 2657 917
f 1081 2658 1075
f 1080 2659 2658
f 2644 1141 2660
f 2660 1140 1336
f 642 1336 643
f 1193 2660 642
f 679 555 558
f 3762 3764 3763
f 1503 1500 1502
f 1318 1101 1100
f 2661 1139 1142
f 2661 2663 2662
f 2662 2659 2661
f 2662 2622 2664
f 2664 911 2646
f 2648 2646 1146
f 2648 2662 2664
f 3586 3779 3777
f 2083 2093 2081
f 1442 1437 1439
f 3732 3733 3731
f 519 330 51
f 1885 1209 613
f 799 805 804
f 1946 1952 1953
f 1302 1253 1252
f 3741 3757 3756
f 3660 3662 3661
f 566 224 533
f 1389 928 1388
f 683 681 680
f 836 1842 2665
f 2665 1845 1303
f 2666 1303 1302
f 24 2665 2666
f 831 2650 832
f 1845 1304 1303
f 2010 2012 2011
f 1051 2667 2668
f 1522 1511 1523
f 531 441 522
f 782 1251 1250
f 1250 2625 2669
f 2669 1857 1856
f 783 1856 1037
f 782 2669 783
f 720 2671 721
f 1055 1930 1056
f 1333 1251 2251
f 619 1308 1307
f 652 2619 2634
f 521 1539 1540
f 1838 537 2672
f 2672 536 2641
f 1113 2641 1110
f 1113 1838 2672
f 1016 1351 1045
f 9349 570 9346
f 226 104 101
f 9008 9279 1818
f 1036 1884 1883
f 2674 1304 2673
f 2673 1844 2675
f 1334 2675 1039
f 1333 2673 1334
f 2676 1039 2675
f 1843 2675 1844
f 942 2676 1843
f 1074 702 2676
f 811 859 858
f 752 1055 753
f 1200 656 1026
f 1120 874 2677
f 2677 877 1052
f 1241 1052 1005
f 1119 2677 1241
f 1560 151 1515
f 1208 611 523
f 215 736 214
f 1460 1462 1461
f 3717 3719 3718
f 1208 1839 873
f 854 1282 1297
f 3682 3696 3681
f 72 182 179
f 544 1565 512
f 217 456 457
f 3673 3781 3780
f 2047 930 945
f 1204 1937 2633
f 913 686 685
f 3705 3707 3706
f 840 1113 1112
f 1531 730 561
f 2678 1283 801
f 601 1914 602
f 1537 459 460
f 1819 8953 8971
f 991 862 538
f 2679 1073 1830
f 3776 3581 3582
f 2680 983 2256
f 779 2256 1263
f 778 2680 779
f 2678 1830 2680
f 180 245 40
f 1886 1131 1134
f 3766 3767 3749
f 1138 1274 1255
f 3777 3585 3586
f 1841 1140 1139
f 75 314 74
f 193 420 192
f 2681 1099 1098
f 3658 3587 3659
f 170 1565 169
f 349 417 432
f 1121 2684 2683
f 547 409 302
f 123 121 120
f 2643 1142 1141
f 1542 513 1543
f 899 907 919
f 1210 676 867
f 791 982 892
f 24 837 836
f 893 932 931
f 1860 863 862
f 535 862 861
f 3640 3683 3638
f 832 813 812
f 2650 813 832
f 1569 1547 1568
f 181 542 180
f 660 937 688
f 2013 568 2012
f 3781 3644 3782
f 887 2631 2630
f 1524 361 78
f 520 162 1529
f 2653 854 2685
f 1238 2655 2686
f 718 527 530
f 1492 518 1491
f 792 615 793
f 599 1835 596
f 290 456 175
f 312 1552 425
f 1248 1179 1249
f 153 177 178
f 1240 1222 1221
f 1257 1235 1071
f 1291 1083 1222
f 1052 1277 1053
f 743 2618 1204
f 444 430 443
f 23 1172 1187
f 2687 1180 1179
f 102 409 134
f 1283 610 801
f 373 650 651
f 1180 1084 1291
f 855 2655 1237
f 1173 1917 1174
f 2689 853 2688
f 2688 1108 1279
f 2686 1279 1238
f 2687 2688 2686
f 2691 1252 2690
f 2690 850 2689
f 1248 2689 2687
f 1248 2691 2690
f 2692 24 2666
f 2691 2666 1302
f 1247 2692 2691
f 1258 617 2692
f 394 1555 393
f 2693 1259 1223
f 1072 1262 1261
f 1257 1168 1258
f 398 1555 1554
f 871 1314 872
f 1178 1249 1179
f 1224 1173 1172
f 1010 2618 742
f 1175 1292 1269
f 2654 2686 2655
f 2694 1216 1264
f 71 1487 70
f 701 1111 1038
f 1072 2649 2650
f 1085 22 21
f 895 1264 896
f 1601 1605 1604
f 1259 1271 1289
f 21 1220 1083
f 988 538 537
f 3533 3535 3532
f 598 1336 1140
f 820 1762 821
f 1050 818 821
f 1298 1761 2652
f 1168 618 617
f 3629 3670 3628
f 858 1256 833
f 39 516 1536
f 2652 819 814
f 313 315 314
f 2026 1971 2027
f 2656 596 1835
f 814 818 811
f 2696 813 2649
f 1260 2649 1261
f 2693 2696 1260
f 2697 2651 2696
f 381 390 380
f 9270 1611 1609
f 1475 1428 1227
f 1292 1917 1235
f 1551 354 1518
f 1526 1523 1511
f 1593 1595 1573
f 1232 1246 1249
f 2695 1223 22
f 2698 1296 2697
f 2698 2693 2695
f 2685 2695 1085
f 2685 1297 2698
f 562 271 272
f 2652 1296 1298
f 1365 1364 1363
f 1958 1953 1957
f 585 2210 997
f 1561 1515 435
f 975 1146 976
f 347 68 346
f 1038 636 1068
f 2700 780 2699
f 2699 1036 1883
f 2701 1883 1829
f 851 2699 2701
f 2674 2251 2702
f 2702 781 2700
f 1253 2700 851
f 1301 2702 1253
f 1519 388 1550
f 1273 1280 2703
f 2703 1107 852
f 2701 852 851
f 1829 2703 2701
f 91 326 90
f 1784 2656 1785
f 2683 2705 2704
f 604 8943 8977
f 1669 8992 1662
f 2062 2060 2059
f 621 861 622
f 2023 732 2024
f 686 1263 687
f 857 2668 1328
f 883 882 879
f 3648 3650 3649
f 637 1111 1110
f 2668 893 1328
f 3692 3711 3691
f 2667 894 2668
f 1039 1068 1334
f 313 1504 1505
f 1911 305 453
f 1936 1964 2212
f 2707 2401 2183
f 2708 2183 2182
f 738 2116 554
f 3785 3709 3786
f 2349 2432 2436
f 2711 2020 2019
f 2400 2019 2186
f 2714 2716 2713
f 2717 2719 2720
f 2721 2723 2724
f 2726 2728 2725
f 2725 2730 2729
f 2731 2729 2709
f 2732 2725 2731
f 2734 2736 2733
f 2738 2740 2737
f 2737 2741 2742
f 2744 2746 2743
f 2745 2748 2747
f 2749 2747 2751
f 2753 2751 2752
f 2250 2246 2248
f 3417 3419 3418
f 2754 1614 2755
f 9050 2755 9061
f 9060 2747 9061
f 1617 2755 1614
f 2242 1620 2757
f 3429 3431 3430
f 2191 2760 2759
f 2761 2760 2762
f 9100 2761 9101
f 9075 2759 9100
f 3209 3354 3355
f 1395 2236 2235
f 1395 1636 1615
f 3741 3790 3740
f 1616 2229 2233
f 3410 3412 3411
f 1617 2763 2756
f 2756 9080 9060
f 2765 2234 1630
f 2766 9080 9074
f 3202 3458 3459
f 1516 435 1515
f 2768 8996 8997
f 1495 578 1424
f 2135 28 17
f 8970 2773 2774
f 1690 9378 9377
f 2778 2780 2777
f 2777 2781 2782
f 2784 2777 2783
f 8999 575 576
f 1494 9 540
f 8973 2015 9010
f 451 505 450
f 2786 2788 2785
f 2779 2785 2780
f 2789 2741 2740
f 2790 2752 2789
f 2792 2794 2791
f 2793 2796 2794
f 2796 2750 2749
f 2794 2749 2753
f 2798 1396 2754
f 9043 2754 9050
f 2798 2800 1393
f 9043 2799 2798
f 2797 2795 2801
f 2791 2753 2790
f 216 232 54
f 9256 2807 9255
f 9257 2804 9255
f 2769 9001 8996
f 183 184 97
f 2811 2775 2776
f 2804 2776 2805
f 2809 2811 2804
f 2812 2813 2814
f 9257 2816 9247
f 9248 2815 9247
f 9250 2820 2821
f 9245 2819 9250
f 2824 2735 2819
f 2823 2824 2819
f 2825 2826 2724
f 9245 2827 9244
f 9248 2826 9244
f 2713 2829 2828
f 2828 2831 2830
f 2822 2828 2830
f 2821 2713 2828
f 2832 2822 2830
f 2833 2830 2831
f 2834 2832 2833
f 2835 2827 2832
f 2837 2839 2836
f 2836 2841 2840
f 2842 2840 2727
f 2843 2836 2842
f 2840 2845 2844
f 2718 2845 2719
f 2730 2844 2718
f 2727 2844 2728
f 2846 2719 2845
f 2846 2841 2847
f 2829 2847 2831
f 2829 2716 2846
f 2847 2839 2848
f 2848 2838 2849
f 2833 2849 2834
f 2831 2848 2833
f 2850 2851 2852
f 2853 2852 2854
f 2783 2782 2855
f 2785 2853 2856
f 2780 2856 2781
f 2857 2855 2782
f 2859 2782 2781
f 2861 2842 2860
f 2860 2727 2726
f 2862 2726 2732
f 2863 2860 2862
f 2861 2858 2857
f 2843 2857 2859
f 2856 2854 2864
f 2781 2864 2859
f 2837 2859 2864
f 2838 2864 2854
f 2852 2834 2849
f 2854 2849 2838
f 2865 2818 2835
f 2851 2835 2834
f 2813 2815 2865
f 2814 2865 2851
f 2866 2814 2850
f 2788 2850 2853
f 2866 2787 2867
f 2812 2867 2775
f 1892 1890 1891
f 2720 2846 2870
f 298 256 257
f 2872 2713 2820
f 9246 2735 2734
f 2729 2874 2873
f 2846 2715 2870
f 2876 2878 2875
f 2733 2878 2734
f 9258 2879 2880
f 9258 2872 9246
f 2882 2884 2881
f 2881 2715 2714
f 2880 2714 2872
f 2879 2881 2880
f 2885 2887 2888
f 2888 2890 2885
f 2885 2892 2891
f 2893 2885 2891
f 1942 2532 2894
f 2895 2720 2870
f 2884 2870 2715
f 2883 2895 2884
f 2896 2892 2895
f 2889 2717 2890
f 2890 2720 2892
f 2897 2891 2896
f 2898 2896 2883
f 2899 2883 2882
f 2900 2882 2879
f 9249 2879 9259
f 2876 2901 2877
f 2901 2904 2903
f 1785 1835 1834
f 2905 2899 2900
f 2907 2897 2898
f 9249 2903 9251
f 632 577 633
f 8976 2867 2787
f 434 550 350
f 2768 9092 9095
f 2910 1623 2249
f 2241 2758 2242
f 9092 2913 9104
f 1623 2757 1620
f 9039 2757 9104
f 2229 1380 2250
f 2765 1629 2914
f 2915 1629 2912
f 9094 2914 2915
f 9093 2765 2914
f 2919 9094 9065
f 2918 2912 2241
f 9066 2241 9038
f 9070 9065 9122
f 8985 2180 8940
f 8965 2188 8950
f 3694 3627 3693
f 9157 714 9303
f 2925 2917 2924
f 2924 2916 2919
f 9062 2919 9070
f 9063 2924 9062
f 2926 2766 2925
f 9110 2925 9063
f 1715 1705 1710
f 785 498 796
f 1387 565 1791
f 374 1899 560
f 9017 2206 9000
f 2929 2886 2893
f 2932 2934 2931
f 1905 1908 1907
f 2930 2936 2937
f 2938 2930 2929
f 1493 517 518
f 1603 1586 1602
f 2939 2929 2908
f 2940 2908 2907
f 9117 1600 9113
f 2886 2937 2887
f 2906 2898 2899
f 2908 2893 2897
f 2942 2933 2941
f 2941 2937 2936
f 8945 2936 8957
f 8942 2941 8945
f 2943 2710 2873
f 2943 2874 2889
f 2945 2889 2888
f 2946 2943 2945
f 2932 2888 2887
f 2931 2945 2932
f 727 1929 728
f 2903 2947 2948
f 545 42 262
f 1480 533 251
f 2907 2949 2940
f 2906 2950 2949
f 1558 215 202
f 9251 2948 9253
f 2054 1644 2118
f 9157 2203 9017
f 1828 1849 1827
f 2953 2955 2952
f 2952 2957 2956
f 2956 2258 2952
f 2953 2258 2257
f 2454 2474 2496
f 9199 2959 9218
f 9199 2131 9189
f 2961 2963 2958
f 2958 2964 2959
f 222 2485 2965
f 2477 2966 2608
f 2631 2006 1859
f 2384 2496 2497
f 2967 2959 2964
f 2968 2970 2969
f 9211 2971 9236
f 9236 2960 9218
f 2972 2033 2032
f 2007 2973 2008
f 9004 2134 2133
f 1836 1832 1831
f 8950 2090 8995
f 955 959 956
f 672 674 673
f 633 713 632
f 2024 733 803
f 2025 803 798
f 425 1550 388
f 2975 888 887
f 1319 1157 2694
f 1212 2977 1213
f 889 2228 2227
f 1978 1975 1979
f 1138 1329 915
f 751 2979 2978
f 1619 1625 1624
f 2252 1728 1727
f 1157 845 1216
f 2706 1938 2617
f 2980 2254 2981
f 2982 887 2630
f 802 711 2679
f 678 2029 2028
f 527 690 528
f 1839 2629 1840
f 2983 602 1914
f 2983 1913 1331
f 2985 1331 1054
f 2986 2983 2985
f 2987 2635 2634
f 2985 2639 2986
f 2990 1318 2989
f 2991 2993 2994
f 2995 2994 2996
f 1106 2991 2995
f 1058 2992 2991
f 1415 1365 1367
f 1317 2217 2997
f 1932 2255 2980
f 926 2999 664
f 3001 2992 3000
f 3000 1057 2978
f 2999 2978 2979
f 2998 3000 2999
f 3002 2209 3003
f 3002 2996 2994
f 2993 3002 2994
f 3001 2998 3002
f 1103 2995 3004
f 3004 2996 3003
f 2209 3004 3003
f 588 3004 2210
f 295 433 381
f 2638 2988 3005
f 3005 1056 1930
f 1305 1930 1306
f 1276 3005 1305
f 1987 1993 1989
f 2633 1761 2645
f 1423 1417 1419
f 9005 739 703
f 2671 2704 2705
f 1473 2035 1472
f 922 2694 895
f 1401 1378 1384
f 556 1884 1037
f 842 9277 9288
f 1854 2617 1010
f 933 1081 1075
f 1440 1436 1437
f 529 719 530
f 1031 1027 1028
f 777 912 1871
f 2645 1204 2633
f 441 1538 1537
f 3771 3773 3772
f 790 587 586
f 2065 1610 1607
f 1860 990 902
f 60 87 59
f 1424 1948 1947
f 332 1507 331
f 261 138 135
f 187 449 507
f 1719 1726 1725
f 1931 1059 3006
f 3006 1105 1104
f 1287 1104 587
f 1286 3006 1287
f 3007 3009 3010
f 3009 653 795
f 618 26 25
f 2029 1210 1209
f 957 600 2228
f 1049 2228 600
f 2631 3011 2561
f 890 2227 3011
f 3011 2145 3012
f 2561 3012 2375
f 1026 609 608
f 2706 1961 1964
f 3013 2485 3014
f 2148 1267 3015
f 3015 1266 1311
f 2997 1101 1317
f 642 1773 1193
f 186 461 511
f 1041 1320 901
f 1121 3017 1122
f 2984 2987 3018
f 3018 2634 2619
f 1048 3018 2619
f 603 2984 3018
f 2679 801 802
f 2062 2074 2061
f 2061 2076 2064
f 414 1545 1965
f 3016 2683 3019
f 3019 2704 2670
f 3020 2670 720
f 3007 3019 3020
f 1871 1091 777
f 3021 1122 3017
f 3022 3017 3010
f 1314 3022 1315
f 1784 3021 1314
f 1316 1763 611
f 3023 3010 3009
f 3023 795 1092
f 1763 1092 1125
f 1315 3023 1763
f 3016 3010 3017
f 752 2978 1057
f 2986 2637 2987
f 3024 653 3008
f 3020 3008 3007
f 720 3024 3020
f 723 654 3024
f 2681 1268 3025
f 2671 1268 721
f 2705 3025 2671
f 1313 3027 1311
f 3026 3029 3027
f 3027 3030 3031
f 1311 3031 3015
f 2012 731 2023
f 917 974 977
f 3742 3744 3743
f 743 856 744
f 1888 2030 1425
f 2682 2684 3032
f 3032 1124 2989
f 1100 2989 1318
f 1099 3032 1100
f 1123 2989 1124
f 3033 1159 1158
f 2990 1158 1319
f 1123 3033 2990
f 1786 1834 3033
f 1054 2988 2985
f 2979 664 2999
f 2623 2663 2643
f 1095 688 687
f 3034 2261 2956
f 3036 2956 2957
f 3037 3034 3036
f 3038 3035 3034
f 3040 3026 1313
f 2263 3041 3040
f 3042 3043 3041
f 3041 3028 3026
f 3044 3043 3039
f 3046 3045 3044
f 3047 3049 3045
f 3043 3049 3028
f 3038 3051 3050
f 3050 3053 3052
f 3052 3044 3050
f 3039 3050 3044
f 3054 3039 3042
f 3042 2262 3054
f 2261 3054 2262
f 2216 2997 2217
f 2212 2667 1936
f 3056 2209 3055
f 934 1961 1854
f 2013 9209 567
f 3058 3060 3061
f 3059 3063 3060
f 3060 2213 1963
f 3061 1963 1962
f 3063 2214 2213
f 3062 3064 3063
f 3065 2260 3064
f 3064 2215 2214
f 3066 3031 3030
f 2608 3067 3066
f 2966 3068 3067
f 3031 3068 3015
f 2455 2461 2474
f 2476 2226 2477
f 8995 2089 8969
f 8970 9221 9238
f 433 355 381
f 2115 1419 2123
f 8953 2922 8971
f 9221 2131 2134
f 3069 2167 2166
f 2971 2928 2960
f 2961 2773 2962
f 3070 2478 2483
f 2610 3071 2954
f 2502 2374 2386
f 3072 2595 3073
f 2964 3052 2967
f 3048 3074 3049
f 2593 3075 3074
f 3075 3029 3074
f 3074 3028 3049
f 3072 3075 2592
f 3076 2482 2481
f 2481 3066 3076
f 3076 3030 3075
f 2967 3053 2970
f 2482 3073 2483
f 479 493 494
f 706 9325 709
f 9005 2221 8961
f 2013 9206 9207
f 8977 2016 8973
f 9006 2222 2974
f 1171 1155 1176
f 3782 3689 3783
f 2586 2565 2587
f 2982 113 2484
f 2562 3077 3068
f 2376 3012 3077
f 3012 2148 3077
f 3077 3015 3068
f 2963 3046 2964
f 3051 2970 3053
f 1683 491 775
f 9302 1447 9312
f 1986 9186 9220
f 3079 2546 2575
f 3081 2575 2576
f 1983 9220 9217
f 3082 2319 2545
f 3080 2545 2546
f 9186 3082 3080
f 9184 2323 3082
f 1309 1888 748
f 3073 2772 2771
f 2760 3084 2762
f 2760 2088 3083
f 3085 3086 3087
f 3089 3090 3088
f 3089 3084 3085
f 3092 3090 3091
f 3093 2744 2743
f 2751 2748 3093
f 3093 2752 2751
f 2742 3093 3094
f 3094 2743 3095
f 3096 3098 3087
f 3099 3087 3086
f 3097 3095 3098
f 3100 2746 3101
f 3101 3102 3100
f 2764 2927 3101
f 2745 3101 2746
f 3102 3091 3100
f 3100 3095 2743
f 2869 9044 9086
f 3102 3104 3092
f 9110 2869 9086
f 2927 3103 3102
f 3098 3091 3090
f 3087 3090 3085
f 2088 3105 3083
f 3083 3086 3084
f 2483 2771 3070
f 2401 2185 2321
f 3099 3105 3106
f 2125 3106 3105
f 3108 2742 3107
f 3107 3094 3097
f 3110 3107 3109
f 3109 3097 3096
f 3111 3096 3099
f 3112 3109 3111
f 3113 2737 3108
f 3115 2722 3114
f 3117 3114 3116
f 3119 3116 3118
f 3118 3120 3121
f 3116 3113 3120
f 3122 3111 3123
f 3122 1755 1754
f 3124 3126 3127
f 3125 3121 3126
f 3128 3118 3125
f 3129 3125 3124
f 2020 3128 3129
f 9305 1346 1352
f 1065 1047 1066
f 1814 9282 1649
f 2021 3129 3130
f 3111 3106 3123
f 3123 2207 1755
f 2377 2224 2973
f 3014 113 112
f 1756 9234 9219
f 3131 2530 2528
f 3133 2528 2529
f 1753 9219 9227
f 3134 3127 3135
f 2327 2314 2313
f 2436 2317 2349
f 2018 9163 9164
f 2534 3137 2535
f 2320 3136 2534
f 2185 9164 9223
f 3138 2542 2539
f 3134 9196 9197
f 9237 3134 9197
f 3140 2539 2538
f 2535 3140 2538
f 9163 3130 9237
f 2558 3132 3141
f 9234 3141 3132
f 2560 3141 3142
f 9212 3142 3141
f 958 2976 2981
f 1933 2980 3143
f 3714 3729 3713
f 2399 2418 2416
f 2348 2343 2432
f 2322 2319 2323
f 2718 2874 2730
f 2709 2873 2710
f 2894 1361 1942
f 3788 3720 3717
f 346 176 347
f 1876 1882 1881
f 2802 9059 9044
f 3104 3088 3092
f 2974 9101 9055
f 3089 2761 2762
f 3088 3145 3089
f 2803 9055 9059
f 9322 692 628
f 2123 1418 2126
f 1365 1368 1367
f 3346 3344 3343
f 1581 1782 1783
f 9013 2129 8964
f 8999 2002 8965
f 3146 2551 3147
f 9203 3147 9202
f 9194 3146 9203
f 3149 2585 3146
f 3196 3197 3195
f 9056 2191 9075
f 3142 2556 2560
f 9229 3150 3142
f 9098 2550 9045
f 3150 2555 2556
f 9230 3151 3150
f 9240 3152 9098
f 3153 2551 2549
f 3152 2549 2550
f 9233 3153 3152
f 9228 3147 3153
f 3148 2206 2205
f 2183 2321 2184
f 2132 2928 2133
f 3299 3321 3319
f 9136 2204 2203
f 9171 2197 9173
f 2594 2773 2951
f 2595 2951 2772
f 1870 799 1869
f 3257 3259 3258
f 9165 2178 9158
f 9158 9188 9242
f 336 9226 9174
f 339 3154 336
f 9241 3149 9194
f 9135 2584 3149
f 2963 3048 3047
f 9174 337 336
f 339 2566 2586
f 3156 2168 2167
f 2610 2167 2611
f 2954 3156 2610
f 3157 2953 2257
f 9159 2169 9161
f 2567 3159 2568
f 337 2567 338
f 9182 2166 9159
f 9216 1983 9217
f 2579 3081 2576
f 2568 3160 2579
f 9161 2190 9216
f 3065 3162 3161
f 3161 1984 2189
f 3157 2189 2168
f 2257 3161 3157
f 734 1922 806
f 3059 2708 3163
f 3163 2182 1985
f 3162 1985 1984
f 3062 3163 3162
f 3203 3205 3204
f 3806 3808 3807
f 2122 1448 1447
f 9269 1685 9264
f 139 444 69
f 1570 566 533
f 2957 3165 3036
f 2955 3164 2957
f 1912 341 1973
f 3130 3124 3134
f 1548 319 1547
f 1949 1327 1887
f 2969 3078 3167
f 3167 3169 3168
f 9176 2017 9172
f 9172 2033 9211
f 3168 3165 3170
f 3170 3164 3171
f 9231 3171 9208
f 9176 3170 9231
f 3171 3166 3172
f 3172 3071 3173
f 9204 3173 9201
f 9208 3172 9204
f 3169 3036 3165
f 2593 2962 2594
f 3173 2609 3174
f 3174 2199 2198
f 9235 2198 9171
f 9201 3174 9235
f 2190 1984 1983
f 2196 2767 3148
f 3326 3328 3327
f 2119 1414 1448
f 1464 1466 1465
f 2199 3069 2200
f 2457 2587 2565
f 2226 2562 2966
f 481 1627 1639
f 333 235 236
f 3078 3037 3169
f 3040 2997 2263
f 3351 3262 3263
f 2219 1933 2220
f 2385 2497 2503
f 221 3175 2484
f 2220 3143 3175
f 3175 2976 2975
f 2484 2975 2982
f 2954 3166 2955
f 2630 110 2982
f 1547 1952 1955
f 2091 2188 2187
f 9185 2178 2177
f 1918 1927 1926
f 9007 111 8955
f 3398 3400 3399
f 955 960 954
f 2037 112 9007
f 3143 2981 2976
f 2218 2214 2215
f 672 9239 8985
f 2152 3014 2037
f 1147 1143 1145
f 2248 1409 2245
f 1615 1635 1616
f 1410 2246 2247
f 3486 3487 3310
f 3468 3502 3501
f 3451 3452 3450
f 3177 1383 1382
f 2238 3176 1382
f 3176 2230 3178
f 1410 3179 1407
f 3179 2243 1407
f 1633 2800 2249
f 3816 3817 3814
f 1621 2758 2912
f 3642 3662 3675
f 3422 3260 3257
f 1622 2245 1634
f 2236 3181 3182
f 3793 3795 3794
f 3493 3495 3494
f 2237 3182 3183
f 3513 3515 3514
f 2250 2233 2229
f 3654 3667 3802
f 2912 1628 1621
f 3819 3821 3820
f 3432 3823 3431
f 135 1564 1563
f 1567 512 1565
f 1085 2653 2685
f 3184 868 3056
f 869 3057 934
f 3389 3387 3386
f 1266 1098 1312
f 1267 722 721
f 937 2646 936
f 2146 722 2147
f 2211 921 2667
f 1957 507 449
f 1313 2264 3040
f 1496 1493 1492
f 2681 2705 2682
f 2887 2933 2932
f 1687 1659 1694
f 145 1498 81
f 1317 1319 2694
f 3831 3830 3834
f 37 418 71
f 1935 3185 2977
f 104 301 103
f 2101 2083 2084
f 543 360 207
f 1934 3186 3185
f 234 212 237
f 9297 1822 1824
f 3825 3827 3826
f 1976 1874 1974
f 223 2219 220
f 9107 9057 9064
f 468 773 2165
f 3673 3659 3672
f 1935 1728 1932
f 3490 3840 3549
f 3362 3848 3847
f 3862 3864 3863
f 3465 3484 3868
f 3893 3525 3874
f 3352 3430 3431
f 3869 3871 3870
f 3529 3567 3564
f 3420 3922 3921
f 3304 3236 3303
f 3929 3931 3930
f 3324 3327 3561
f 3219 3939 3331
f 3220 3937 3219
f 3450 3376 3439
f 3942 3833 3941
f 3215 3454 3945
f 3946 3215 3945
f 3422 3948 3421
f 3950 3198 3196
f 3205 3957 3920
f 3261 3961 3288
f 3852 3964 3963
f 3214 3946 3958
f 3965 3214 3192
f 3797 3799 3798
f 3988 3990 3989
f 3777 3806 3822
f 3855 3447 3444
f 3737 3800 3736
f 3949 3952 3948
f 3651 3783 4000
f 4001 3787 3812
f 4019 4021 4020
f 4027 4029 4028
f 3258 4030 4027
f 4033 4035 4034
f 3424 4047 4046
f 3242 4058 4057
f 3970 3547 3971
f 3829 4057 3825
f 3333 3947 4060
f 4063 4065 4064
f 4073 4075 4074
f 3568 3443 3448
f 3981 3335 4050
f 3540 3862 3539
f 4078 4031 4032
f 3565 4088 3993
f 3442 4089 4082
f 4092 4094 4093
f 4093 4097 4096
f 3619 3623 3624
f 3660 3821 3807
f 3809 3649 3808
f 3610 3655 3613
f 3656 3623 3657
f 3621 3804 3620
f 3503 3481 3504
f 3436 3438 3437
f 3356 3427 3353
f 3628 3669 3633
f 3734 4002 3733
f 3276 3370 3369
f 3763 4107 3762
f 4006 3754 3755
f 3747 3752 3746
f 3863 4110 3992
f 3994 4003 3501
f 3653 3664 3652
f 3296 4115 3295
f 4117 4119 4118
f 3249 3251 3250
f 4127 4129 4128
f 3478 3903 3867
f 3410 3921 3922
f 3977 4038 3976
f 3216 3453 3454
f 3967 3548 3966
f 4140 4032 4039
f 3509 4149 3916
f 4151 3659 3587
f 4153 3656 3671
f 4153 3646 3672
f 4156 3645 4155
f 4139 4078 4140
f 3743 4163 4162
f 3861 3987 4166
f 3468 4067 3467
f 3306 3980 3835
f 4172 4010 4024
f 4169 3836 3835
f 4187 4189 4188
f 4213 4215 4214
f 4220 4222 4221
f 4225 4211 4204
f 4230 4232 4231
f 4240 4242 4241
f 3606 3608 3607
f 4250 4252 4251
f 4258 4260 4259
f 4077 4079 4078
f 4276 4278 4277
f 4308 4263 4309
f 4017 3872 3869
f 3196 3951 3950
f 4316 4270 4271
f 3870 4307 3869
f 4324 4326 4325
f 4333 4247 4244
f 4338 4340 4339
f 4348 4350 4349
f 4283 4289 4286
f 4356 4358 4357
f 4359 4020 4358
f 4362 4196 4197
f 4320 4279 4276
f 4370 4296 4371
f 4377 4303 4249
f 4231 4201 4178
f 4203 4331 4381
f 4037 4039 4038
f 4371 4386 4370
f 4387 4347 4314
f 3309 3294 3310
f 4099 3724 3818
f 4355 3257 4313
f 3630 3693 3627
f 4277 4302 4390
f 4350 4319 4349
f 4353 4351 4348
f 3637 3639 3638
f 4394 3827 3320
f 3311 4399 4398
f 3755 4005 4006
f 4363 4259 4260
f 3454 3919 3920
f 3446 3459 3458
f 4298 4404 4406
f 3749 3769 3766
f 3791 3756 3792
f 3643 3684 3640
f 3845 3399 3400
f 4313 3258 4312
f 4411 4408 4412
f 3843 4423 3842
f 4214 4329 4328
f 4431 4433 4432
f 3918 3798 3799
f 3927 3388 3389
f 4453 3874 3873
f 4138 4457 4456
f 3346 4459 3345
f 4100 4108 4107
f 3974 3976 3975
f 3665 3652 3664
f 3773 3993 3992
f 3945 3920 3957
f 4144 4462 4461
f 4464 4466 4465
f 3268 4479 3267
f 4484 4136 4485
f 3348 4487 3347
f 3313 3912 3913
f 3803 3617 3802
f 4086 3510 4087
f 4034 3305 4033
f 3403 4171 4489
f 4481 4492 4491
f 4177 4179 4178
f 4398 3923 3311
f 4451 4494 4450
f 4501 4076 4502
f 4509 4506 4503
f 3304 4462 4517
f 4485 3312 4484
f 3419 3349 4064
f 4356 4385 4305
f 4026 4358 4020
f 4354 4357 4358
f 3599 4091 4090
f 4341 4254 4274
f 4251 4524 4335
f 3482 3484 3483
f 3843 3544 4085
f 4295 4274 4294
f 4381 4206 4203
f 4204 4531 4225
f 4533 4535 4534
f 4542 4544 4543
f 4546 4548 4547
f 4573 4547 4548
f 4575 4577 4576
f 4221 4580 4220
f 4587 4589 4588
f 4328 4589 4214
f 4187 4563 4332
f 4595 4593 4591
f 4597 4604 4596
f 4609 4611 4610
f 4620 4622 4621
f 4612 4614 4613
f 4636 4600 4637
f 4649 4650 4648
f 4652 4654 4653
f 4662 4664 4663
f 4666 4668 4667
f 4637 4685 4684
f 4627 4700 4626
f 4684 4636 4637
f 4663 4661 4662
f 4699 4697 4696
f 4647 4703 4702
f 4709 4603 4710
f 4724 4726 4725
f 4742 4744 4743
f 3311 3924 3314
f 4698 4758 4679
f 4749 4609 4610
f 4342 4344 4343
f 4797 4799 4798
f 4490 3974 4143
f 4019 4306 3870
f 4512 4514 4513
f 3991 4508 4507
f 4692 4694 4693
f 4680 4818 4810
f 4821 4824 4823
f 4367 4243 4240
f 4833 4831 4830
f 4837 4757 4754
f 4332 4562 4561
f 4683 4819 4682
f 4845 4850 4849
f 4751 4752 4669
f 4854 4695 4692
f 4858 4718 4857
f 4822 4859 4824
f 4674 4647 4675
f 4771 4773 4772
f 4726 4537 4540
f 4714 4719 4715
f 4633 4688 4687
f 4616 4618 4617
f 4686 4842 4841
f 4869 4708 4629
f 3502 3528 3529
f 4777 4737 4745
f 4734 4779 4873
f 4883 4663 4664
f 4375 4274 4275
f 4290 4335 4524
f 4799 4826 4825
f 4816 4812 4810
f 4778 4732 4659
f 4158 4160 4159
f 4195 4197 4196
f 3860 4166 4167
f 3758 3763 3764
f 3694 4157 4156
f 4249 4391 4377
f 3467 3469 3468
f 4209 4211 4210
f 4142 4144 4143
f 3615 3617 3616
f 3479 3536 3535
f 4883 4672 4886
f 4802 4642 4643
f 3698 3638 3683
f 4105 3726 3730
f 4848 4896 4895
f 4878 4744 4837
f 4610 4748 4749
f 4036 4489 4035
f 4355 4314 4347
f 4171 4049 4048
f 3875 3216 3217
f 4868 4863 4864
f 4623 4691 4622
f 3629 4155 4154
f 4654 4898 4683
f 4012 4014 4013
f 4902 4866 4867
f 4768 4908 4906
f 4370 4385 4384
f 4888 4914 4913
f 3546 3917 3916
f 4932 4931 4919
f 3625 4151 4150
f 3804 3670 3657
f 3816 4103 4101
f 4911 4887 4912
f 4928 4927 4929
f 4925 4927 4921
f 3655 3666 3654
f 4932 4910 4911
f 4937 4912 4913
f 4939 4942 4941
f 4228 4530 4381
f 4946 4942 4947
f 4938 4923 4937
f 4942 4937 4947
f 4951 4930 4928
f 4955 4928 4954
f 4748 4615 4749
f 4914 4847 4956
f 4824 4584 4856
f 4940 4941 4943
f 4916 4960 4917
f 4909 4891 4862
f 4971 4968 4949
f 4966 4948 4944
f 4962 4953 4965
f 4940 4924 4939
f 4831 4917 4895
f 4935 4925 4924
f 4275 4261 4258
f 4679 4791 4678
f 4016 4373 4376
f 4668 4766 4795
f 4539 4727 4845
f 4929 4936 4933
f 4607 4882 4881
f 4775 4801 4802
f 4801 4742 4774
f 4732 4611 4733
f 4985 4983 4982
f 4534 4562 4533
f 4847 4645 4848
f 4788 4619 4616
f 4787 4678 4791
f 4657 4605 4597
f 4994 4878 4837
f 5006 5008 5007
f 5001 4973 4988
f 4814 4619 4785
f 5014 4974 5012
f 5003 4972 4973
f 5019 5007 5018
f 5024 5017 5025
f 5036 5035 5032
f 4990 4975 4972
f 5045 5034 5044
f 5048 5034 5035
f 5025 5014 5026
f 5046 5043 5031
f 5051 5055 5054
f 5044 5060 5059
f 5011 5021 5020
f 5013 5068 5012
f 5028 5072 5029
f 5077 5064 5065
f 5065 5079 5077
f 5083 5080 5060
f 5063 5080 5065
f 5054 5071 5078
f 4602 4711 4851
f 5058 5083 5053
f 4982 4792 4793
f 5041 5045 5061
f 3909 3278 3250
f 3471 3473 3472
f 5002 4994 4995
f 5060 5067 5059
f 4892 4862 4891
f 4891 4884 4892
f 4996 5003 5001
f 4997 5005 5000
f 4813 4614 4829
f 4618 4827 4613
f 5089 5093 5092
f 3303 3305 3304
f 5100 5102 5101
f 5107 5109 5108
f 5110 5092 5114
f 4610 4734 4874
f 5112 5100 5084
f 5088 5090 5089
f 5119 5117 5116
f 5092 5096 5089
f 3826 3829 3825
f 5108 5102 5126
f 5100 5087 5084
f 5118 5133 5138
f 3783 3690 3784
f 4444 4446 4445
f 5151 5150 5152
f 4790 4617 4813
f 4332 4190 4187
f 3266 4451 4448
f 3211 3332 3946
f 4741 4760 4652
f 4775 4777 4776
f 4764 4691 4766
f 4489 4048 4490
f 4466 4511 4497
f 4518 3930 4514
f 4786 4791 4807
f 4980 4984 4977
f 5144 5150 5143
f 5159 5148 5158
f 5121 5120 5114
f 5169 5162 5165
f 5016 4979 5017
f 5123 5179 5122
f 5181 5140 5183
f 5175 5184 5141
f 4575 4586 4534
f 4984 4976 4977
f 4596 4598 4597
f 5182 5183 5186
f 4785 4787 4786
f 5137 5122 5179
f 5167 5180 5181
f 4835 4898 4897
f 4687 4726 4633
f 4176 4170 4398
f 4760 4655 4652
f 4681 4649 4646
f 5121 5132 5131
f 5171 5178 5170
f 5174 5191 5176
f 5169 5194 5164
f 4909 5095 4907
f 5105 5112 5113
f 4767 5126 4803
f 5201 5205 5204
f 5219 5217 5216
f 5229 5200 5209
f 5234 5236 5235
f 4069 4071 4070
f 4724 4717 4713
f 5108 4768 5107
f 5103 5126 5102
f 5227 5211 5226
f 5015 4884 4885
f 4997 4892 4884
f 5197 5215 5214
f 5241 5247 5246
f 5013 5019 5018
f 5205 5232 5204
f 4969 4971 4970
f 5239 5249 5248
f 4808 5225 4809
f 5216 5199 5196
f 5253 5242 5254
f 5235 5255 5256
f 5135 5157 5134
f 5264 5267 5266
f 5245 5215 5242
f 5260 5269 5267
f 5264 5274 5265
f 5154 5173 5142
f 5287 5278 5288
f 5256 5300 5257
f 5173 5176 5175
f 4631 4629 4628
f 4781 4783 4782
f 5309 5311 5310
f 5155 5144 5145
f 4826 4827 4825
f 5291 5308 5293
f 5310 5281 5286
f 5311 5308 5288
f 4036 4176 4175
f 4641 4704 4702
f 5220 4804 5223
f 4770 5207 4905
f 5188 5175 5176
f 5180 5129 5140
f 4626 5314 5313
f 4731 5315 5317
f 5222 5210 5221
f 4728 5316 5315
f 5230 5216 5196
f 5297 5240 5241
f 5204 5208 5201
f 5318 4864 5319
f 5273 5287 5289
f 5221 5219 5230
f 4700 5321 5314
f 5313 5328 5329
f 5157 5154 5142
f 5275 5263 5265
f 5324 5318 5325
f 5323 5331 5328
f 5343 5345 5344
f 5306 5286 5282
f 5278 5311 5288
f 4882 5320 5316
f 5109 5114 5120
f 5123 5130 5129
f 5299 5284 5298
f 5240 5199 5241
f 5229 5197 5214
f 5305 5292 5293
f 5233 5225 5243
f 5192 5194 5193
f 5104 4670 4746
f 5146 5160 5145
f 5337 5347 5338
f 5347 5341 5332
f 5353 5335 5352
f 5349 5354 5352
f 5355 5357 5354
f 5358 5360 5359
f 5355 5348 5360
f 5342 5365 5364
f 5345 5362 5344
f 5332 5367 5331
f 5372 5315 5316
f 5370 5366 5369
f 5361 5354 5357
f 5364 5368 5367
f 5369 5362 5370
f 5316 5330 5372
f 5373 5371 5372
f 5341 5364 5332
f 5374 5359 5373
f 5329 5375 5330
f 5377 5379 5378
f 5377 5331 5367
f 5380 5367 5368
f 5363 5370 5362
f 5357 5374 5381
f 5381 5361 5357
f 4814 4825 4827
f 4825 4816 4799
f 4806 4747 4805
f 5119 5131 5118
f 4696 4893 5387
f 4696 5390 4699
f 5213 5388 5387
f 5393 5388 5394
f 5380 5384 5379
f 5213 4893 5212
f 4813 4908 4790
f 5390 4693 4694
f 5294 5287 5295
f 5184 5186 5183
f 5285 5253 5254
f 4769 4790 4908
f 5327 5359 5360
f 4598 4690 4656
f 4608 4733 4611
f 4627 4609 4839
f 4596 4851 4711
f 4900 4706 4707
f 4668 5395 4667
f 4863 4639 4601
f 5392 4666 4667
f 4872 4651 4807
f 4807 4758 4872
f 5348 5325 5326
f 5176 5190 5188
f 5046 5022 5023
f 4853 4869 4870
f 5346 5363 5362
f 4709 4620 4599
f 4672 4904 4886
f 4680 4651 4649
f 4841 4688 4686
f 4823 4818 4821
f 4729 4602 4851
f 4881 4851 4604
f 5360 5326 5327
f 4852 4707 4869
f 4890 4669 4666
f 5392 5389 5393
f 5189 5186 5187
f 4881 4605 4607
f 5343 5369 5366
f 4607 4625 4882
f 5056 5052 5057
f 4850 4798 4894
f 3260 5398 3259
f 4855 4899 4871
f 5339 5366 5342
f 4789 4808 4677
f 5400 3948 3952
f 3872 4046 3871
f 4018 3424 3872
f 4025 4172 4024
f 4011 4024 4010
f 4065 3900 3901
f 3413 4013 3412
f 5056 5069 5070
f 5055 5070 5071
f 4062 5399 4061
f 5269 5294 5268
f 4685 4903 4846
f 5254 5240 5296
f 4606 4658 4733
f 4729 4882 4728
f 4030 4043 4029
f 4664 4753 4883
f 3575 3904 3903
f 3413 3922 3426
f 4949 4955 4934
f 4947 4913 4914
f 4849 4894 4856
f 4143 3975 4142
f 4912 4932 4911
f 3774 3995 3994
f 3956 3342 4168
f 4871 4758 4759
f 4270 4272 4271
f 4039 5400 4140
f 3555 5402 3554
f 5403 3906 3907
f 3908 3823 3907
f 4124 5408 5407
f 3901 4046 4047
f 4120 5410 5409
f 4124 4125 4123
f 5420 5404 5421
f 5424 5425 3557
f 3400 5428 3845
f 5432 5435 3226
f 4941 4945 4944
f 4935 4949 4934
f 3895 3897 3896
f 5426 4121 5418
f 5430 3906 5420
f 4045 5398 4062
f 5395 5392 4667
f 4846 4701 4840
f 4880 4710 4879
f 4624 4608 4609
f 4656 4662 4661
f 5305 5309 5304
f 5220 5222 5221
f 4230 4327 4324
f 5030 5028 5027
f 5213 5211 5210
f 5440 3269 5441
f 4396 3980 5444
f 5447 3244 3241
f 3328 5451 5396
f 4208 4248 4207
f 4599 4621 4598
f 4528 4391 4208
f 4529 4199 4207
f 4526 4339 4528
f 4256 5452 4532
f 4532 4241 4242
f 3834 5446 3831
f 5443 5444 4050
f 4530 4334 4206
f 4754 4904 4837
f 4229 4381 4331
f 4205 4383 4531
f 4892 4987 4861
f 4039 3976 4038
f 4738 4796 4741
f 4833 4897 4832
f 4232 4200 4201
f 4194 4241 4193
f 4889 4750 4748
f 4194 4365 4368
f 4531 4195 4238
f 5043 5062 5031
f 4182 4561 4180
f 5446 3241 3831
f 5237 5248 5236
f 4206 4382 4205
f 5210 5218 5219
f 3426 3417 3425
f 4216 4192 4215
f 4219 4184 4185
f 4180 4380 4179
f 4327 4591 4326
f 4223 4231 4222
f 4215 4360 4329
f 4186 4218 4185
f 4190 4209 4189
f 4223 4595 4327
f 4326 4328 4329
f 4366 4568 4186
f 4570 4549 4569
f 4579 4548 4570
f 4563 4533 4562
f 4583 4220 4580
f 4586 4561 4562
f 4239 4363 4243
f 4572 4567 4564
f 4536 4585 4535
f 4538 4566 4541
f 4536 5453 4538
f 3573 3983 3316
f 5427 3552 3556
f 4553 4588 4552
f 4593 4555 4592
f 4368 4183 4227
f 4361 4235 4236
f 4233 4527 4232
f 4233 4324 4237
f 4212 4330 4331
f 4237 4325 4236
f 4193 5452 4361
f 4983 4885 4792
f 5002 4986 4993
f 5074 5076 5075
f 4698 5391 4759
f 5391 5390 4694
f 4871 4650 4872
f 4546 4543 4544
f 4553 4901 4574
f 4552 4555 4556
f 5223 4805 5394
f 5386 5383 5363
f 5317 5371 5327
f 3240 4429 3377
f 5384 5381 5379
f 3938 3218 3937
f 3942 5455 5454
f 5361 5386 5356
f 4542 4541 4545
f 3910 5420 3428
f 3939 4060 3940
f 3851 5351 5454
f 3838 3556 3837
f 4547 4857 4546
f 5442 4050 3335
f 3385 5428 5429
f 4257 4235 4256
f 5312 4893 4809
f 4212 4204 4211
f 3854 5461 4392
f 4226 4210 4211
f 4202 4178 4201
f 3316 3897 3315
f 5464 4432 4433
f 5465 3883 4432
f 4472 4449 4450
f 4501 4450 4494
f 4074 4080 4077
f 5473 5401 4173
f 4173 5475 5473
f 3432 3520 5413
f 3462 5504 3461
f 4075 4494 4080
f 5482 3387 3392
f 5468 5470 5469
f 3427 5422 3523
f 4498 4487 3386
f 5403 5414 4128
f 3382 5522 3873
f 3492 5511 3491
f 3429 3517 3520
f 3873 5524 4453
f 5480 3350 3347
f 3477 5505 3462
f 4507 5544 4475
f 4396 5551 4051
f 3374 5553 3373
f 3373 5554 3390
f 5479 4063 3350
f 3390 5555 3393
f 5531 5566 5565
f 3368 5567 3367
f 5556 5560 5559
f 3393 5557 5556
f 4433 5463 5464
f 5464 5458 5456
f 4435 4439 3380
f 4055 3277 3274
f 3273 3911 3370
f 3395 3358 3394
f 5486 4071 5484
f 5526 4453 5524
f 5525 5569 5566
f 5568 3527 5567
f 3527 3847 3366
f 3365 3849 5462
f 5462 3850 5459
f 4435 5571 4430
f 3378 3943 3944
f 5573 5577 5574
f 4438 3943 3379
f 5477 5579 5476
f 5582 5580 5579
f 5583 5581 5584
f 5586 5588 5587
f 4074 5586 4073
f 5583 5474 5473
f 4507 5590 3991
f 5573 4522 4520
f 3989 5596 3988
f 5594 3407 5593
f 4436 5572 5571
f 5591 3991 5590
f 4507 4476 5589
f 3990 5587 5588
f 5578 3406 5577
f 5595 5584 5581
f 5484 3358 5486
f 4441 5467 3882
f 5472 4077 4139
f 5522 5570 5524
f 5486 3353 3524
f 5481 3386 3387
f 3475 5492 3518
f 5476 3899 5477
f 5540 5606 5603
f 5542 5603 5607
f 5608 5542 5607
f 5608 5545 5544
f 5607 5609 5545
f 5599 5548 5612
f 5598 5543 5608
f 5595 5593 5596
f 5588 3989 3990
f 5626 3266 5627
f 5627 4448 5628
f 5469 4469 5468
f 4515 5625 4491
f 4503 4474 4509
f 4481 5627 4480
f 4500 5469 5470
f 3414 5466 5465
f 5594 5581 5582
f 3376 4430 5571
f 3444 3941 3855
f 5572 3444 3445
f 4273 4287 4272
f 4345 4357 4344
f 4386 4305 4385
f 4517 4463 5625
f 4352 4319 4379
f 4352 4251 4336
f 4268 4390 4388
f 4264 4320 4323
f 4346 4282 4283
f 4337 4343 4344
f 4289 4245 4288
f 4303 4287 4288
f 4343 4291 4342
f 4284 4244 4289
f 4375 4291 4294
f 4379 4271 4272
f 4337 4348 4336
f 4524 4295 4290
f 4364 4197 4279
f 4285 4390 4302
f 5206 5208 5207
f 4297 4371 4296
f 4346 4286 4273
f 4285 4333 4284
f 3571 4395 5460
f 5341 5339 5342
f 5346 5334 5335
f 5269 5273 5289
f 4510 5609 5610
f 4509 5545 5609
f 4445 5611 5546
f 5566 5568 3368
f 5349 5338 5348
f 5489 3401 3398
f 5565 3368 3338
f 5496 5417 5630
f 5523 3383 5634
f 5325 5347 5324
f 5523 5599 5522
f 5429 3401 5633
f 3887 5631 5630
f 5634 5600 5523
f 5276 5279 5277
f 5298 5257 5300
f 5087 5085 5084
f 3361 5612 5548
f 5041 5066 5040
f 5487 3383 3384
f 5101 5130 5100
f 5299 5300 5303
f 5333 5335 5334
f 5302 5304 5303
f 5234 5216 5217
f 5301 5255 5258
f 4868 5322 4867
f 5281 5277 5279
f 5323 5322 5324
f 5298 5296 5297
f 4885 4750 4792
f 5231 5196 5197
f 4625 5313 5320
f 5111 5085 5098
f 5600 5549 5548
f 5531 5563 5527
f 5165 5182 5189
f 5283 5285 5284
f 4269 4277 4268
f 5610 5603 5606
f 5127 5091 5128
f 4907 5125 4906
f 5277 5272 5262
f 5596 5592 5598
f 5212 5226 5211
f 5273 5262 5272
f 5302 5258 5292
f 5635 5645 5640
f 4250 4379 4378
f 4485 3405 3402
f 4354 4023 4351
f 4265 4304 4386
f 4388 4282 4387
f 4345 4384 4385
f 4362 4297 4259
f 4836 4612 4828
f 4360 4236 4325
f 4369 4237 4234
f 5647 3986 3573
f 5650 3192 3189
f 5337 5336 5333
f 4467 4477 4466
f 4253 4340 4252
f 4429 5457 4428
f 3997 3915 3540
f 5535 3839 3982
f 5538 4460 4456
f 3439 5571 3438
f 5570 5526 5524
f 3438 5572 3445
f 4440 3879 3876
f 3440 4407 3449
f 3886 5695 5694
f 5534 5396 5451
f 5685 3471 5684
f 4278 4301 4302
f 5628 4449 5469
f 3579 3538 3578
f 4480 5628 4500
f 4402 5517 5518
f 4279 4198 4278
f 3603 3532 3602
f 3580 4088 4090
f 4095 3531 4094
f 5248 5251 5250
f 3778 3999 3776
f 4617 4613 4614
f 4375 4372 4519
f 3411 4136 3410
f 5094 5111 5097
f 3602 3535 3605
f 4023 4350 4351
f 4349 4336 4348
f 3605 3536 3592
f 4469 4471 4470
f 4094 3593 4097
f 4248 4245 4246
f 3519 5518 5517
f 5254 5284 5285
f 4852 4795 4766
f 4265 5629 4264
f 5632 5503 5631
f 3604 3612 3601
f 5549 5502 3360
f 3653 3607 3661
f 4780 4873 4779
f 4988 4979 4976
f 4491 5626 4481
f 4837 4995 4994
f 4615 4765 4749
f 5468 4470 4504
f 3514 3467 3513
f 5491 4409 5679
f 4093 3619 4092
f 4364 5629 4297
f 3488 5509 3487
f 5606 5611 5610
f 4210 4189 4209
f 4600 4602 4601
f 5242 5198 5240
f 5073 5075 5072
f 5651 3940 4060
f 3996 3775 3998
f 5200 5202 5201
f 5525 5527 5526
f 3364 4434 3363
f 3775 3542 3581
f 3941 5485 3855
f 3731 4105 3730
f 4997 4999 4998
f 4508 5608 5544
f 4101 3818 3816
f 3728 4103 3727
f 4591 4592 4328
f 4539 4538 4537
f 4550 4552 4551
f 4541 4567 4545
f 4389 4570 4568
f 4582 4580 4576
f 4976 4978 4977
f 4705 4707 4706
f 4797 4843 4844
f 3713 3730 3726
f 4675 4702 4704
f 4977 4981 4980
f 4810 4817 4816
f 4786 4812 4785
f 4715 4628 4714
f 4978 5021 4981
f 5010 5006 4991
f 3722 4162 4161
f 4558 4560 4559
f 4568 4569 4218
f 4584 4535 4585
f 4641 4715 4716
f 5026 5012 5068
f 4776 4745 4742
f 4714 4712 4713
f 4982 5001 4985
f 4576 4560 4582
f 4564 4566 4565
f 5069 5018 5029
f 5057 5048 5047
f 4810 4811 4680
f 3710 3786 3709
f 4991 4999 5010
f 5011 5010 5004
f 5008 5022 5027
f 5066 5063 5040
f 5047 5024 5025
f 5050 5051 5053
f 5023 5016 5024
f 5045 5059 5061
f 5047 5026 5057
f 3711 3724 3721
f 5048 5037 5047
f 5042 5063 5062
f 5058 5051 5054
f 5036 5046 5037
f 3715 3700 3714
f 5235 5257 5246
f 3732 3704 3702
f 5030 5062 5064
f 5020 5023 5022
f 5263 5261 5260
f 5049 5044 5034
f 5236 5250 5255
f 5031 5027 5022
f 5043 5039 5042
f 5320 5329 5330
f 5049 5052 5051
f 5326 5317 5327
f 3264 3288 3285
f 5264 5263 5260
f 4998 4992 4987
f 5009 5020 5008
f 5036 5039 5038
f 5032 5034 5033
f 4355 3949 3422
f 4269 4374 4323
f 4253 4378 4303
f 4525 4252 4340
f 3960 4111 3866
f 4372 4258 4296
f 5681 5673 5675
f 4378 4272 4287
f 4270 4346 4273
f 3244 5644 5643
f 4899 4648 4650
f 3734 3702 3810
f 4138 3343 4137
f 4192 4361 4360
f 3813 3812 3810
f 3817 3696 3814
f 5668 5682 5674
f 5690 5687 5684
f 5499 5700 5517
f 3999 3820 3577
f 3745 4102 4106
f 5684 3472 5690
f 5702 3860 5703
f 5712 5693 5670
f 3249 4393 3572
f 5695 5715 5694
f 5694 5716 5696
f 5719 5601 5602
f 4918 4950 4952
f 4774 4743 4773
f 3844 5605 3735
f 5505 4411 5504
f 3583 3585 3582
f 3710 4157 4160
f 5513 4417 5508
f 5704 4146 5709
f 4141 4062 4049
f 5669 5688 4410
f 3898 5653 5450
f 5718 3972 5719
f 5684 5686 5685
f 3917 5717 3512
f 3463 5662 5660
f 5492 5680 5491
f 4931 4950 4919
f 5665 3441 5663
f 3788 3740 3790
f 3501 3529 3994
f 3569 3477 3308
f 5516 5727 5515
f 3564 3566 3565
f 3892 5406 3889
f 3962 5407 3961
f 4126 4123 4125
f 4116 3287 5411
f 3892 5630 5417
f 3824 5413 5414
f 4408 5680 4412
f 3969 3978 5402
f 4408 3449 4407
f 4414 3449 4413
f 3962 3262 4125
f 4425 5616 4321
f 4418 5727 4419
f 5716 5575 5696
f 5719 5717 5718
f 5698 5692 5697
f 3880 4166 3987
f 5652 5520 5619
f 5621 4167 4166
f 5679 4410 5688
f 3210 3355 5618
f 5622 5451 5657
f 5416 5497 5624
f 5729 5731 5730
f 5733 3761 3758
f 5735 5737 5736
f 5750 5751 5734
f 5744 5740 5741
f 5744 3753 5746
f 5753 5730 5731
f 5757 5736 5737
f 5731 5765 5753
f 5774 5776 5775
f 5790 5792 5791
f 5796 5787 5797
f 5817 5819 5818
f 5828 5830 5829
f 3725 3751 3747
f 4874 4873 4875
f 4700 4903 4902
f 4740 4876 4739
f 3199 3201 3200
f 4100 4099 4101
f 3749 4108 3748
f 3695 3712 3692
f 3378 3380 3379
f 5504 4412 5507
f 4405 5518 5699
f 5838 5835 5836
f 4705 4712 4708
f 5832 5828 5833
f 5697 5678 5698
f 3791 4005 3790
f 5848 5794 5850
f 3714 3701 3704
f 3995 4042 3890
f 3329 3224 3222
f 4005 3705 4004
f 4551 4763 4550
f 5855 5808 5856
f 5851 5792 5852
f 5803 5858 5847
f 5844 5840 5845
f 5762 5743 5740
f 5808 5806 5807
f 4012 3426 3423
f 5558 3467 4067
f 4550 4720 4901
f 4950 4953 4952
f 3885 5694 5696
f 5705 4081 4082
f 5508 4415 5505
f 3745 3760 3744
f 5507 5680 5506
f 3592 3588 3591
f 3895 5658 5653
f 5613 5501 5549
f 3834 4393 4055
f 5527 4455 5526
f 5775 5809 5774
f 5766 5813 5810
f 5858 5812 5859
f 5855 5811 5858
f 5863 5819 5862
f 5826 5863 5829
f 5862 5833 5828
f 5870 5837 5845
f 5782 5831 5832
f 5868 5836 5873
f 5778 5843 5844
f 5866 5845 5840
f 5785 5867 5784
f 5790 5789 5793
f 5796 5794 5795
f 5821 5819 5820
f 5657 5620 5622
f 5793 5852 5792
f 5855 5801 5798
f 5853 5786 5796
f 5804 5802 5803
f 5827 5864 5822
f 5767 5821 5813
f 5854 5776 5777
f 5860 5818 5861
f 5782 5825 5785
f 5781 5844 5834
f 5810 5815 5816
f 5867 5830 5784
f 5809 5798 5799
f 5828 5863 5862
f 5865 5838 5868
f 5801 5802 5800
f 4086 3795 4149
f 5779 5842 5843
f 5827 5829 5830
f 5839 5869 5835
f 5814 5855 5856
f 5711 3859 5702
f 4958 4917 4960
f 5861 5821 5768
f 5863 5812 5820
f 5865 5823 5824
f 5873 5837 5871
f 5872 5842 5780
f 4089 3563 5704
f 3812 3785 3811
f 5770 5787 5788
f 5789 5847 5846
f 5793 5846 5849
f 4145 4146 3498
f 5848 5790 5791
f 3953 4009 3952
f 5748 5874 5747
f 4624 4626 4625
f 4665 4752 4664
f 4775 4779 4778
f 4746 4671 4747
f 4637 4601 4639
f 4828 4613 4827
f 4704 4762 4675
f 4843 4727 4687
f 4543 4725 4542
f 4731 4863 4730
f 4723 4558 4722
f 4842 4840 4838
f 4717 4857 4718
f 4865 4867 4866
f 5841 5866 5840
f 4725 4540 4542
f 4798 4816 4817
f 4632 4634 4633
f 4720 4715 4719
f 4642 4644 4643
f 3754 5874 5876
f 4860 4644 4847
f 4674 4722 4721
f 4808 4676 4677
f 4721 4822 4821
f 5876 5877 5746
f 4836 4840 4839
f 4658 4660 4659
f 4826 4800 4838
f 4877 4743 4744
f 4948 4971 4943
f 4875 4876 4889
f 4954 4934 4955
f 5773 5788 5790
f 5825 5833 5824
f 5834 5836 5835
f 5834 5845 5837
f 3359 3361 3360
f 5732 3756 3757
f 3394 3396 3395
f 3766 5741 5742
f 5774 5799 5777
f 5805 5857 5802
f 5813 5820 5812
f 3969 3964 3968
f 5667 5674 5666
f 5729 3792 3756
f 3770 5741 3769
f 4741 4739 4738
f 4689 4660 4661
f 5772 5787 5771
f 5735 3758 3764
f 5850 5773 5848
f 5617 3965 5650
f 5799 5854 5777
f 5875 5764 5879
f 5840 5842 5841
f 5861 5769 5860
f 5807 5853 5851
f 5869 5834 5835
f 3765 5739 5738
f 5882 5761 5759
f 5881 5887 5889
f 5895 5898 5897
f 5907 5906 5908
f 5909 5908 5910
f 4234 4526 4369
f 3912 3389 3914
f 5934 8730 8729
f 8730 5930 5931
f 4920 4922 4921
f 8845 8853 8851
f 4141 3404 4174
f 3733 3706 3731
f 8849 8848 8850
f 4234 4236 4235
f 8863 5919 8862
f 3733 4004 3705
f 5908 8859 8867
f 8865 8871 8870
f 8859 8863 8864
f 5927 5925 5928
f 5911 5904 5912
f 8878 8866 8879
f 5635 5637 5636
f 5745 5746 5877
f 3552 3554 3553
f 8857 8890 8875
f 5924 8860 5923
f 3553 3556 3552
f 5919 8861 8862
f 8869 8870 8891
f 8873 8878 8876
f 8856 8875 8874
f 8862 5889 5887
f 8846 8844 8843
f 8864 8866 8865
f 8729 8883 8884
f 8848 8887 8886
f 8878 5888 8893
f 8896 8855 8897
f 8853 8896 5885
f 8841 5882 5883
f 3489 3491 3490
f 8867 8864 8868
f 5910 8867 8898
f 5914 8898 8899
f 5916 8899 8900
f 5889 8860 5890
f 8876 8893 8894
f 5918 8900 8901
f 4424 5726 4423
f 8904 8900 8899
f 8909 8904 8905
f 8908 8903 8904
f 8869 8905 8868
f 3632 3667 3635
f 3687 3689 3688
f 3636 3681 3631
f 3664 3639 3665
f 4304 4306 4305
f 8909 8891 8910
f 3681 3695 3680
f 3758 3760 3759
f 3684 3700 3683
f 3721 3723 3722
f 3941 3943 3942
f 3738 3740 3739
f 3687 3709 3690
f 3238 3938 3220
f 4249 4288 4245
f 4499 3344 4464
f 4240 4368 4367
f 3453 3951 3919
f 4401 3547 3967
f 3950 3451 3436
f 3702 3701 3703
f 3725 3727 3726
f 3194 3208 3193
f 4034 4461 4462
f 3914 3913 3912
f 3483 3533 3482
f 3191 3957 3206
f 4292 3970 4293
f 3909 3428 3356
f 3959 3866 3867
f 4017 4309 4016
f 4316 4008 3953
f 4448 4450 4449
f 4414 4417 4416
f 3435 3351 3433
f 4413 4415 4414
f 3899 3901 3900
f 3780 3648 3809
f 3474 3886 3885
f 3958 3192 3214
f 3221 3935 4427
f 3905 3907 3906
f 3913 4486 3313
f 4420 4421 4085
f 3881 3883 3882
f 4004 3790 4005
f 4271 4318 4316
f 4259 4296 4258
f 3501 4066 3468
f 5897 5900 5899
f 5901 5904 5903
f 8854 8856 8855
f 3789 3786 3720
f 3651 3781 3782
f 5924 5901 5925
f 8870 8873 8872
f 8876 8874 8873
f 5912 5918 5911
f 3805 3799 3737
f 3369 3395 3396
f 3923 3925 3924
f 3916 3512 3509
f 3641 3801 3642
f 4276 4323 4320
f 4181 4331 4330
f 4428 3377 4429
f 3495 4321 4322
f 4436 3380 3381
f 4430 4437 4435
f 3945 3958 3946
f 4065 4047 3418
f 4495 3408 4496
f 8913 8915 8914
f 8911 8917 8916
f 8889 8923 8890
f 8919 8931 8921
f 8884 8918 8885
f 8922 8931 8925
f 5852 5909 5851
f 5866 5915 5917
f 8926 8914 8915
f 8914 8883 8913
f 8886 8921 8888
f 5846 5894 5891
f 5873 5900 5868
f 8893 5764 5754
f 8894 5754 5753
f 5890 5927 8936
f 5885 5755 5758
f 5871 5902 5873
f 5763 5883 5762
f 5880 8936 5763
f 4175 4398 4399
f 4274 4255 4275
f 8883 5931 8882
f 8868 8898 8867
f 3289 3247 3292
f 3858 5485 5921
f 8850 8886 8888
f 4116 5409 4115
f 3889 4127 5415
f 3678 8938 8937
f 8857 8888 8889
f 3979 3294 3295
f 4126 3431 3823
f 3651 3679 3650
f 3460 5921 3354
f 4084 3310 3487
f 8905 8899 8898
f 3561 5397 5656
f 3213 5528 5519
f 4191 4193 4192
f 5449 5532 5533
f 4142 4031 4479
f 4060 5652 5651
f 4480 4482 4481
f 5519 3212 3213
f 5657 3330 3940
f 4473 4475 4474
f 3514 5668 5667
f 5663 5669 5665
f 8881 5926 8880
f 5734 5749 5750
f 4788 4677 4678
f 3997 3538 3506
f 3551 3310 3294
f 3577 3998 3999
f 4893 4676 4809
f 4753 4671 4672
f 8729 8885 8843
f 3813 9021 8937
f 8938 3813 8937
f 8882 5929 8881
f 4098 3820 3821
f 3399 5416 3398
f 5494 5503 4403
f 5880 5878 5881
f 4986 4861 4987
f 4999 5004 5010
f 4985 4988 4976
f 5816 5766 5810
f 4372 4384 4519
f 5688 5692 5679
f 8903 8901 8900
f 8879 5887 5888
f 8902 8880 8901
f 5919 5895 5920
f 4519 4342 4291
f 8847 8854 8853
f 5925 5903 5926
f 4021 4523 4025
f 5678 5676 4406
f 4424 4085 4421
f 5701 3577 3820
f 5928 5926 5929
f 5000 4980 5004
f 9022 3545 4113
f 9024 5409 5410
f 4008 4010 4009
f 3931 4516 4513
f 3822 3807 3821
f 8851 8844 8845
f 5728 5509 5721
f 9025 4115 5409
f 5209 5201 5208
f 4820 4653 4682
f 3988 5598 4508
f 3370 3357 3395
f 5639 5641 5640
f 5592 4477 5543
f 3378 5572 3381
f 5625 3265 5626
f 5594 5577 3406
f 3302 5645 3301
f 3274 3278 3273
f 5207 5233 5243
f 5071 5072 5075
f 4815 4785 4812
f 4796 4643 4760
f 3243 5643 5648
f 5301 5303 5300
f 5431 5655 5654
f 5251 5244 5252
f 3353 3523 3524
f 4174 3405 3411
f 3546 4113 3545
f 4002 3788 4004
f 4196 4238 4195
f 3232 5647 3231
f 4373 4266 4310
f 4867 5321 4902
f 5648 4058 3243
f 4455 3893 4453
f 5593 4511 5592
f 5275 5252 5253
f 5252 5274 5251
f 4092 3624 3597
f 3723 3743 3722
f 4780 4802 4796
f 4059 3560 5425
f 4317 4347 4270
f 5188 5192 5187
f 5570 5612 5569
f 3385 5633 3384
f 3526 5569 5612
f 3576 3608 3590
f 3581 3594 3580
f 5239 5238 5232
f 5081 5083 5082
f 4369 4528 4527
f 4325 4329 4360
f 3569 3286 3336
f 9022 4112 5709
f 3661 3801 3653
f 5074 5030 5064
f 5064 5063 5065
f 3563 3498 4146
f 3961 4119 5411
f 4854 4870 4735
f 5018 5028 5029
f 5007 5027 5028
f 5040 5039 5041
f 3240 3875 3239
f 5070 5029 5072
f 3504 3866 4111
f 3537 3591 3588
f 5033 5039 5032
f 4710 4635 4879
f 5017 4989 5014
f 5024 5046 5023
f 4991 5019 4990
f 4587 4574 4573
f 4996 4793 4878
f 5066 5059 5067
f 5221 5231 5220
f 5068 5057 5026
f 3675 3643 3642
f 3663 3675 3662
f 4722 4559 4822
f 3579 3590 3591
f 3686 3677 3678
f 4422 3499 4419
f 5142 5138 5133
f 5078 5075 5076
f 3609 3590 3608
f 3288 5411 3287
f 5424 5410 3246
f 5152 5156 5172
f 3960 5709 4112
f 4946 4957 4958
f 3867 5705 3959
f 9026 4113 5710
f 5192 5189 5187
f 5161 5194 5171
f 3637 3682 3636
f 4392 3847 3848
f 3796 4149 3795
f 4104 3727 4103
f 3594 3993 4088
f 3796 4134 5710
f 3687 4156 4157
f 3760 4164 4165
f 4464 3345 4467
f 3485 3868 3484
f 3846 5423 4130
f 3409 4496 3408
f 3767 3765 3762
f 3711 4159 4160
f 3797 4087 3510
f 4072 5562 5560
f 4502 5590 5589
f 5408 9027 4118
f 5683 5714 5682
f 5702 4110 5711
f 5623 4148 4167
f 5428 3525 3522
f 3668 3802 3667
f 4000 8938 3679
f 4221 4179 4380
f 4267 4388 4315
f 3721 4161 4159
f 3903 5706 5705
f 3583 4090 4091
f 3894 3524 3525
f 4635 4636 4634
f 4173 4009 4010
f 4890 5393 5394
f 5290 5293 5292
f 5339 5337 5333
f 5458 4438 4439
f 3251 5430 3910
f 3252 5419 3251
f 3428 5421 3427
f 3571 5418 3252
f 4583 4554 4593
f 4239 4224 4238
f 3322 5450 5449
f 5309 5306 5304
f 4109 3748 4108
f 5707 3794 3795
f 5139 5183 5140
f 5271 5290 5259
f 5280 5282 5279
f 5110 5125 5115
f 5319 4731 5317
f 5334 5339 5333
f 5423 3523 5422
f 5376 5378 5375
f 4721 4646 4674
f 3719 4159 4161
f 4853 4692 4795
f 5373 5330 5375
f 4428 5456 4437
f 5376 5328 5331
f 3337 4434 4431
f 4692 5395 4795
f 5475 4523 5476
f 5478 4068 4522
f 5421 4129 5422
f 5374 5375 5378
f 5283 5306 5282
f 5246 5234 5235
f 5154 5150 5153
f 4458 5561 4457
f 5163 5158 5168
f 5381 5378 5379
f 3397 5484 5483
f 4457 5563 5537
f 5147 5150 5149
f 4474 5544 5545
f 5325 5319 5326
f 5223 5388 5222
f 5517 3521 3519
f 4499 3347 4487
f 5404 4128 4129
f 3476 5506 3475
f 4084 5515 4083
f 3900 5477 3899
f 5536 5547 5546
f 5491 5493 5492
f 5474 4139 5401
f 4063 4522 4068
f 4459 5541 5540
f 5548 3360 3361
f 5444 5550 4396
f 3888 5415 5412
f 5546 3339 4445
f 5536 5538 5537
f 3570 5508 3477
f 4471 5589 4476
f 4280 3359 5933
f 5499 4403 5503
f 5189 5169 5165
f 5543 4478 5542
f 4051 5552 3374
f 3461 5507 3476
f 4629 4870 4869
f 5106 4909 4862
f 5286 5279 5282
f 5462 3364 3365
f 3491 5514 3840
f 5224 5231 5229
f 4478 5540 5542
f 4099 3742 3723
f 4803 4805 4804
f 4130 5422 4129
f 4470 4476 4473
f 4924 4921 4922
f 4920 4927 4926
f 4993 4987 4992
f 4887 4913 4912
f 3894 4070 4071
f 5472 5585 5586
f 3508 4134 3507
f 3603 4096 4097
f 3772 3992 4110
f 5712 5671 5672
f 3739 4162 4163
f 5683 3515 5715
f 5480 4495 5479
f 5698 5493 5498
f 3578 3996 3998
f 3645 4154 4155
f 5660 3466 3463
f 4135 5710 4134
f 5587 4073 5586
f 5687 5693 5686
f 3584 4091 4150
f 5585 5584 5588
f 4128 5415 4127
f 4257 4338 4526
f 4222 4178 4179
f 4366 4191 4216
f 5098 5091 5088
f 5761 5737 5760
f 5760 5738 5739
f 8852 5934 8844
f 8874 8855 8856
f 8895 8855 8877
f 5884 8842 8852
f 4557 4582 4560
f 8890 8917 8892
f 8918 8930 8920
f 8924 8915 8916
f 4182 4330 4190
f 3864 5711 4110
f 3574 3230 3231
f 3342 3415 3341
f 3488 3549 3840
f 4317 3953 3949
f 3672 4152 4153
f 5708 3865 5707
f 9021 3685 3686
f 3621 3616 3617
f 5728 4419 5727
f 4311 4028 4310
f 4131 3543 3841
f 4426 3842 4423
f 4518 4168 4427
f 5457 5464 5456
f 5425 3558 3837
f 5458 4437 5456
f 3416 5465 5457
f 5638 5437 5637
f 3985 5636 5637
f 5646 5636 5647
f 9023 3554 5402
f 5722 5514 5726
f 3256 3934 3255
f 4164 5734 5751
f 8885 8920 8887
f 3282 3929 3281
f 3292 3320 3291
f 3232 3300 3301
f 3303 3271 3334
f 3562 5432 3325
f 3392 3388 3391
f 3854 5350 3851
f 5463 5459 5458
f 5935 3885 5576
f 3879 3954 3878
f 3928 3391 3388
f 4137 4458 4138
f 5454 3850 3851
f 3548 3549 3550
f 4443 5470 4442
f 4452 4506 4447
f 4468 3415 3879
f 4443 3876 4483
f 3234 4515 4516
f 5434 3896 5433
f 5448 5441 5644
f 5447 5443 5442
f 4442 5471 5467
f 5550 3275 5551
f 5578 4520 3409
f 3464 5666 3463
f 4701 4839 4840
f 3259 4041 4030
f 4015 3423 4018
f 3558 3982 3839
f 4856 4823 4824
f 4741 4653 4740
f 3759 4106 3763
f 3560 3290 3559
f 9024 3557 3553
f 5438 3280 5439
f 3321 3290 3291
f 5557 4072 5560
f 5553 3396 5554
f 4045 4174 4044
f 4539 4849 4585
f 3536 3503 3588
f 5478 5574 5477
f 3800 3510 3511
f 4755 4886 4754
f 5561 5527 5563
f 5752 5732 5751
f 5752 5756 5765
f 3518 5493 5521
f 3767 4107 4108
f 3534 4097 3593
f 4395 3826 3827
f 3926 3371 3925
f 4446 5610 5611
f 4050 3980 3981
f 8887 8843 8885
f 5649 5640 5645
f 4643 4761 4760
f 3709 3784 3690
f 4778 4660 4777
f 5649 4054 5648
f 5646 3301 5645
f 3250 3910 3909
f 5884 5757 5761
f 5655 5936 5937
f 4224 4226 4225
f 4043 3412 4013
f 4286 4288 4287
f 4267 4310 4266
f 4493 4080 4494
f 3325 3226 3227
f 3925 3372 3928
f 4312 4314 4313
f 3996 3540 3541
f 8908 8912 8907
f 4023 4025 4024
f 3995 3891 3994
f 5482 5559 4137
f 4486 3921 4484
f 4300 4302 4301
f 5438 5644 5441
f 3233 3282 3270
f 3225 3227 3226
f 5446 5445 5443
f 5554 3397 5555
f 4834 4830 4772
f 4064 3350 4063
f 3596 3598 3597
f 5639 5648 5643
f 5434 5654 5658
f 4895 4830 4831
f 3674 3676 3675
f 3551 3978 3550
f 3835 3305 3306
f 3813 3702 3703
f 3691 4160 4157
f 4109 4101 4103
f 4565 4188 4564
f 3490 3547 3489
f 3672 3647 3673
f 8906 8912 8913
f 3810 3811 3734
f 4051 4397 4396
f 3566 4090 4088
f 5580 5476 5579
f 4456 5537 5538
f 5539 5546 5611
f 8844 8729 8843
f 8872 8874 8875
f 4383 4198 4195
f 4931 4927 4930
f 5529 5397 5396
f 5314 5323 5328
f 5347 5323 5324
f 4711 4599 4596
f 5387 5389 4696
f 5259 5292 5258
f 5195 4803 5126
f 5195 4746 4806
f 4639 4866 4685
f 4821 4681 4721
f 3421 5399 3260
f 4730 4601 4602
f 4807 4811 4786
f 4040 3421 3948
f 4844 4800 4797
f 3936 3929 3930
f 4894 4817 4823
f 5365 5383 5368
f 4657 4661 4658
f 5224 4770 4804
f 5368 5382 5380
f 5336 5352 5335
f 5353 5386 5363
f 4070 4454 4069
f 5396 3327 3328
f 5225 5312 4809
f 5384 5386 5385
f 5391 4695 4759
f 4735 4870 4630
f 4407 4409 4408
f 4623 4880 4706
f 5356 5352 5354
f 4578 4859 4577
f 3239 3217 3938
f 3937 3333 3939
f 4578 4534 4535
f 5467 4505 4452
f 4836 4826 4838
f 4422 5721 4421
f 3392 5556 5482
f 5564 5565 5547
f 3807 3663 3660
f 5922 4392 4281
f 3680 3692 3693
f 3630 3632 3631
f 4416 5725 4418
f 4033 3836 4176
f 3238 4168 3342
f 3466 3483 3484
f 3678 3650 3679
f 3677 3649 3650
f 3340 4431 3884
f 3562 5656 5655
f 5658 5938 5939
f 3642 3640 3641
f 3306 3334 3981
f 3256 3280 3281
f 8910 8892 8917
f 5868 5898 5859
f 8924 8922 8925
f 8935 8925 8931
f 8882 8913 8883
f 8925 8926 8924
f 8840 8936 5927
f 5852 5905 5907
f 5136 5124 5137
f 4243 4260 4242
f 5238 5228 5232
f 5642 5643 5644
f 3924 3928 3927
f 5412 5700 3888
f 3750 3751 3707
f 3746 3770 3769
f 3859 3861 3860
f 3972 3493 3494
f 5923 8861 5920
f 4945 4958 4959
f 3296 3286 3287
f 3824 3907 3823
f 3671 4154 4153
f 4137 5481 5482
f 3614 3802 3617
f 3283 3559 3290
f 4936 4934 4933
f 5511 5726 5514
f 4170 3926 3923
f 3572 3830 3826
f 3459 3858 3460
f 3496 4425 3495
f 3457 3436 3437
f 3984 3986 3985
f 3914 3386 4487
f 5512 5723 5511
f 4500 4483 4480
f 4501 4471 4472
f 4503 4505 4504
f 4143 4461 4490
f 3331 3222 3219
f 4016 4018 4017
f 3998 3776 3999
f 4114 5710 4113
f 4405 4406 4404
f 5602 5720 5719
f 4767 4804 4770
f 4929 4954 4928
f 4410 5665 5669
f 3888 5632 3887
f 4048 3977 3974
f 3947 3212 5652
f 5676 3472 3473
f 5782 5784 5783
f 4315 4311 4267
f 5699 5521 5493
f 5864 5825 5822
f 5826 5822 5823
f 5775 5805 5806
f 3236 3270 3271
f 5823 5859 5826
f 4957 4895 4917
f 8868 8865 8869
f 4281 3848 4280
f 4940 4971 4949
f 4013 4029 4043
f 3685 3701 3684
f 4339 4377 4391
f 8891 8872 8892
f 3753 3755 3754
f 4427 3220 3221
f 3809 3779 3780
f 3568 4418 3500
f 3880 3918 3805
f 3543 3842 3841
f 4646 4648 4647
f 4656 4597 4598
f 4781 4820 4784
f 4972 4974 4973
f 5101 5109 5120
f 5095 5115 5125
f 5090 5132 5093
f 5131 5134 5133
f 5134 5127 5135
f 5117 5140 5129
f 3539 3863 3595
f 4006 3792 4007
f 5128 5099 5124
f 5097 5089 5096
f 5274 5271 5259
f 4571 4569 4549
f 4225 4238 4224
f 5156 5170 5172
f 4538 4540 4537
f 4622 4665 4662
f 4981 5004 4980
f 5012 4975 5013
f 5148 5149 5157
f 5157 5133 5134
f 5161 5145 5160
f 4261 4242 4260
f 5294 5291 5268
f 4255 4532 4261
f 5274 5250 5251
f 4246 4207 4248
f 3314 3927 3912
f 4670 4672 4671
f 4995 4673 4986
f 4638 4603 4600
f 4341 4525 4340
f 5163 5165 5162
f 4834 4784 4819
f 4784 4682 4819
f 4844 4687 4688
f 5280 5275 5285
f 4217 4564 4188
f 4554 4556 4555
f 4551 4556 4594
f 4549 4544 4571
f 5141 5173 5175
f 4653 4683 4682
f 4973 4989 4988
f 4984 5015 4983
f 5177 5170 5178
f 5166 5181 5182
f 5141 5139 5138
f 5178 5151 5177
f 5244 5203 5245
f 5252 5245 5253
f 4479 4079 4493
f 4402 4404 4403
f 3500 4419 3499
f 5856 5909 5913
f 4488 3348 3349
f 8851 5885 5886
f 3607 5701 4098
f 3508 3503 3504
f 5847 5896 5894
f 4374 4309 4263
f 3380 4438 3379
f 9025 3553 3554
f 5718 4131 3973
f 3300 3283 3321
f 5551 3276 5552
f 5552 3369 5553
f 5555 5483 5557
f 5859 5896 5858
f 4133 3794 3915
f 3606 3652 3610
f 4900 4766 4691
f 4616 4789 4788
f 3738 4164 3757
f 4774 4642 4801
f 4399 3402 4175
f 5853 5795 5851
f 3936 4427 3935
f 3418 4064 4065
f 5510 3840 5514
f 3270 3279 3269
f 3274 4056 4055
f 4359 4305 4306
f 4135 3504 4111
f 3610 3609 3606
f 3837 3557 5425
f 5940 4401 5941
f 5853 5803 5847
f 5725 5515 5727
f 3246 4117 3245
f 5713 5672 5681
f 4918 4916 4915
f 4148 3771 5703
f 5106 5113 5111
f 4147 5709 4146
f 5152 5177 5151
f 9026 4111 4112
f 5104 5103 5112
f 3531 3485 3593
f 3713 3715 3714
f 3699 3815 3697
f 4467 4459 4478
f 4703 4736 4640
f 5405 3846 5406
f 3555 3963 3964
f 4120 5411 4119
f 4217 4185 4218
f 3279 5441 3269
f 4944 4959 4966
f 4353 4344 4357
f 3815 3716 4104
f 3374 4052 4051
f 4491 4516 4515
f 5865 5833 5866
f 5819 5856 5862
f 5807 5856 5808
f 3933 3281 3929
f 3208 3920 3919
f 8907 8902 8903
f 5288 5295 5287
f 3728 3747 3748
f 3309 4083 3336
f 5119 5101 5120
f 3811 3789 4002
f 3595 3992 3993
f 4106 4100 4107
f 5696 5576 3885
f 3708 3750 3707
f 3744 4165 4163
f 5905 5892 5906
f 3403 4175 3402
f 4133 3506 3507
f 4147 3544 3545
f 3561 3325 3324
f 3237 3239 3238
f 4877 4793 4794
f 3241 3243 3242
f 3597 3625 3596
f 3279 3281 3280
f 3371 3373 3372
f 3599 3567 3598
f 3975 4032 4031
f 3277 3250 3278
f 3774 3565 3773
f 3658 3780 3779
f 4961 4963 4960
f 3600 3616 4096
f 4228 4202 4199
f 4011 4318 4350
f 4307 4262 4308
f 4838 4841 4842
f 4782 4773 4743
f 4914 4946 4947
f 4839 4765 4836
f 4771 4645 4642
f 4962 4964 4963
f 4966 4963 4964
f 3601 3615 3600
f 5878 5879 5881
f 5890 5881 5889
f 3720 4158 3719
f 4755 4689 4663
f 3740 3718 3739
f 5695 5686 5714
f 5740 5742 5741
f 5733 5736 5749
f 5755 5750 5749
f 5745 5762 5740
f 5798 5800 5799
f 4706 4879 4705
f 5651 5619 5620
f 5850 5797 5772
f 5804 5806 5805
f 4087 5707 4086
f 5915 5914 5916
f 5703 4167 4148
f 5893 5896 5895
f 5892 5919 8858
f 5706 5664 4081
f 5786 5788 5787
f 3973 3841 3493
f 4831 4915 4916
f 5906 8858 8859
f 4965 4969 4964
f 4684 4846 4842
f 3589 3611 3604
f 3596 4150 4091
f 5877 5763 5745
f 4121 4123 4122
f 3469 3868 3502
f 3204 3208 3207
f 3716 3726 3727
f 5460 5426 3571
f 3465 3470 3464
f 5738 3764 3765
f 4887 4655 4888
f 4203 4205 4204
f 3959 4082 4089
f 5758 5886 5885
f 5781 5872 5780
f 4675 4723 4674
f 3757 5751 5732
f 3334 3272 3335
f 8880 5903 5911
f 5615 3473 5614
f 5759 5760 5743
f 8845 8848 8847
f 5778 5780 5779
f 8857 8849 8850
f 4132 3798 3859
f 5839 5841 5842
f 560 3187 559
f 5747 4007 3792
f 5928 8840 5927
f 5766 5768 5767
f 4848 4956 4847
f 4953 4967 4965
f 4832 4910 4915
f 5879 5888 5887
f 3598 3530 4095
f 5747 5730 5748
f 5754 5748 5730
f 5810 5812 5811
f 5758 5749 5736
f 4315 4387 4314
f 5917 5916 5918
f 5913 5910 5914
f 5930 8841 8840
f 4951 4968 4953
f 3209 3201 3202
f 4059 3246 3247
f 8731 8842 8841
f 3776 3585 3778
f 5770 5772 5771
f 5891 5893 5892
f 9028 5641 5439
f 5814 5816 5815
f 5662 5673 5661
f 3522 3524 3523
f 5630 5942 5496
f 5791 5795 5794
f 5746 3754 5876
f 5928 5931 5930
f 5743 5739 5742
f 5876 5875 5878
f 3678 9021 3686
f 4200 4207 4199
f 4114 3916 4149
f 3601 3605 3604
f 3818 3712 3817
f 3315 3317 3316
f 5899 5902 5901
f 8840 5883 8936
f 5562 5559 5560
f 4416 3448 4414
f 3189 3191 3190
f 4751 4747 4671
f 4181 4180 4177
f 3832 5454 5351
f 3362 3526 3361
f 5678 5699 5698
f 3497 3499 3498
f 448 807 447
f 647 122 270
f 5690 5677 5697
f 4183 4185 4184
f 1833 1780 1832
f 5920 5897 5923
f 510 508 507
f 4401 5944 5941
f 5656 5530 5936
f 3970 5940 4293
f 5653 5939 5946
f 5450 5946 5532
f 3384 5945 5487
f 4403 4299 5494
f 5944 3968 5949
f 3963 5951 3852
f 5614 3474 5935
f 5427 3857 5951
f 3210 1887 3201
f 1887 3200 3201
f 15 3197 3200
f 16 3195 3197
f 3195 3187 3194
f 3194 1899 3207
f 3207 375 3204
f 387 126 127
f 3189 1760 5650
f 9029 757 758
f 763 2172 2175
f 9035 9032 9033
f 9033 9031 9030
f 9046 9048 9047
f 8751 9054 8752
f 9078 9077 9079
f 9083 9051 9053
f 9088 9047 9048
f 9099 9040 9097
f 9102 9036 9099
f 9105 9032 9103
f 9105 9106 9031
f 1801 9108 9107
f 9103 9034 9102
f 9096 9047 9089
f 1767 9111 9112
f 1597 9113 1600
f 1708 9117 9116
f 9123 9119 9118
f 9118 9125 9124
f 1588 9116 1587
f 2080 9118 2082
f 2082 9124 2084
f 9126 9087 9083
f 9129 9088 9087
f 5512 5943 5947
f 5634 5488 5948
f 5724 5947 5616
f 9134 9097 9133
f 9144 9102 9138
f 9133 9096 9132
f 786 9144 785
f 9146 9103 9144
f 785 9138 497
f 497 9134 650
f 650 9133 564
f 9148 9133 9132
f 8756 9057 8753
f 9154 9130 9129
f 9151 9131 9130
f 9097 9090 9096
f 1799 9111 1768
f 5949 3964 3853
f 9160 8809 8811
f 8813 9160 8811
f 9166 564 9148
f 9067 9054 9052
f 9162 9148 9150
f 9087 9048 9051
f 9081 9079 9082
f 9049 9051 9048
f 9082 9167 9081
f 9079 9049 9046
f 9169 9175 9170
f 9167 9112 9081
f 9168 9177 9167
f 9120 9113 9177
f 9120 9169 9119
f 9119 9170 9125
f 9179 9125 9170
f 9180 9124 9125
f 9178 9170 9175
f 1576 2084 9124
f 9179 9183 9181
f 3203 1387 3190
f 3190 1791 3189
f 5618 1949 3210
f 317 259 391
f 2000 9105 9146
f 9053 9052 9054
f 9041 9036 9037
f 9029 756 2170
f 9037 9034 9035
f 9130 9089 9088
f 3204 376 3203
f 1801 9109 1799
f 9181 9180 9179
f 1575 9190 1088
f 9187 1576 9180
f 1776 1796 1775
f 1293 1290 1284
f 1326 1327 12
f 1294 1234 1290
f 878 1330 1337
f 5633 5490 5945
f 5933 3360 5502
f 5613 5948 5500
f 5604 3844 5720
f 3972 5950 5601
f 3494 4322 5950
f 4406 5615 4298
f 3492 4292 5943
f 5631 5495 5942
f 497 374 498
f 122 413 121
f 5624 3398 5416
f 9151 9156 9160
f 9058 8752 9054
f 9160 9150 9151
f 8815 9162 8813
f 9156 8794 8809
f 439 399 438
f 1512 1526 1511
f 1668 1738 1671
f 839 1362 838
f 1362 826 1012
f 3425 3418 4047
f 4905 5243 4808
f 4621 4662 4690
f 5582 5574 5577
f 4754 4756 4755
f 3902 4021 4022
f 9295 1896 9267
f 2053 2118 2117
f 9340 2120 2119
f 696 9268 9283
f 4922 4939 4924
f 4365 4186 4183
f 5105 4862 4670
f 5228 5226 5225
f 4781 4877 4794
f 5218 5238 5217
f 4990 4992 4991
f 4335 4336 4251
f 4993 4972 5002
f 4794 4792 4750
f 5886 8852 8851
f 5405 5417 5416
f 4669 4764 4668
f 4676 4698 4679
f 1826 639 640
f 9192 9181 9183
f 5232 5233 5204
f 5418 4122 5419
f 956 886 960
f 5720 3512 5717
f 4728 4730 4729
f 8879 8863 8862
f 1980 1922 807
f 4969 4966 4964
f 33 105 164
f 9028 3254 5437
f 3837 3839 3838
f 4382 4301 4383
f 3908 4122 4123
f 4290 4294 4291
f 4400 4055 4056
f 3219 3221 3220
f 8894 8877 8876
f 4640 4735 4630
f 4389 4216 4213
f 3267 4493 4451
f 3268 4463 4144
f 5097 5098 5088
f 5094 5096 5095
f 5654 5937 5938
f 4089 3960 3959
f 5159 5162 5160
f 5202 5249 5205
f 5412 5414 5413
f 5715 3516 5716
f 5723 4423 5726
f 4263 4323 4374
f 3994 3564 3774
f 1343 9308 9309
f 3470 5667 3464
f 5659 5671 5706
f 3319 4053 3299
f 9359 2128 9354
f 1766 1582 1594
f 14 2163 738
f 595 99 594
f 5703 3772 5702
f 5206 5229 5209
f 3437 3458 3457
f 5516 3487 5509
f 5122 5087 5123
f 3223 3934 3935
f 3979 5402 3978
f 3828 3320 3827
f 5663 4081 5664
f 4035 4490 4461
f 4426 5724 4425
f 3881 4447 4444
f 5407 4118 4119
f 5691 5689 5687
f 5661 5672 5671
f 5911 8901 8880
f 3902 3871 4046
f 5541 5539 5606
f 4069 5561 5562
f 3248 3292 3247
f 1346 1044 1352
f 748 1425 747
f 3297 3255 3934
f 5445 4056 5550
f 5783 5830 5831
f 4310 4376 4373
f 5857 5800 5802
f 3882 4452 3881
f 3193 3919 3951
f 3190 3206 3203
f 4266 4268 4267
f 4488 3420 4486
f 3331 3940 3330
f 4282 4284 4283
f 4606 4607 4605
f 4628 4708 4712
f 4659 4733 4658
f 4615 4829 4614
f 4718 4713 4717
f 5722 4421 5721
f 3307 3461 3433
f 4686 4634 4636
f 3966 3550 3978
f 4738 4875 4873
f 3416 3237 3341
f 4527 4208 4200
f 5093 5114 5092
f 5124 5086 5122
f 5117 5138 5139
f 4631 4640 4630
f 5166 5168 5167
f 5185 5187 5186
f 5194 5191 5171
f 3245 4118 9027
f 5214 5203 5200
f 3230 3318 3284
f 5237 5217 5238
f 5250 5258 5255
f 5113 5084 5085
f 5270 5269 5268
f 4906 5107 4768
f 5271 5267 5270
f 5276 5262 5263
f 5153 5174 5173
f 5290 5268 5291
f 5306 5303 5304
f 5147 5146 5143
f 4585 4856 4584
f 3226 5436 3225
f 4473 4504 4470
f 5765 8897 8895
f 4529 4247 4530
f 8923 8916 8917
f 5713 5682 5714
f 3315 3898 3322
f 5564 5537 5563
f 4468 4441 5466
f 3738 4163 4165
f 4577 4559 4560
f 5567 3366 3363
f 3587 4150 4151
f 5471 4504 4505
f 5860 5816 5817
f 3516 5558 5932
f 5436 5637 5437
f 5050 5083 5060
f 5547 3338 3339
f 9023 3295 4115
f 5708 4132 5711
f 4104 3814 3815
f 3718 4161 4162
f 5498 5679 5692
f 3884 4432 3883
f 3955 3877 3878
f 4049 4061 3977
f 8892 8875 8890
f 4572 4218 4569
f 4440 4442 4441
f 4497 3407 3408
f 4632 4633 4724
f 8906 8881 8902
f 5664 5670 5663
f 3751 3706 3707
f 3511 3736 3800
f 5129 5116 5117
f 5086 5098 5085
f 5135 5128 5136
f 5143 5145 5144
f 5168 5136 5137
f 5297 5246 5257
f 5164 5160 5162
f 5155 5171 5170
f 5137 5167 5168
f 5293 5307 5305
f 5513 4083 5515
f 4053 3825 4057
f 3228 3298 3227
f 3631 3635 3636
f 5689 5670 5693
f 5759 5883 5882
f 3793 3507 4134
f 4906 4891 4907
f 4719 4901 4720
f 3597 4095 4092
f 3352 4125 3262
f 9064 9058 9067
f 9076 9067 9077
f 9083 8794 9126
f 9131 9096 9089
f 9138 9099 9134
f 9154 9126 9156
f 9077 9052 9049
f 9053 8766 9083
f 9191 9187 9181
f 9082 9046 9193
f 9193 9168 9082
f 1284 1288 1285
f 9150 9132 9131
f 3841 3496 3493
f 3570 3336 4083
f 4027 4312 3258
f 4889 4781 4794
f 4041 4044 4043
f 4885 4813 4829
f 5419 3905 5430
f 4367 4227 4224
f 1778 1780 1779
f 1792 1584 1789
f 4308 3869 4307
f 4594 4762 4551
f 4767 4769 4768
f 5461 3366 3847
f 4763 4716 4720
f 4919 4915 4910
f 4300 4334 4333
f 5196 5198 5197
f 5158 5135 5136
f 5431 5433 5432
f 4545 4571 4544
f 4557 4594 4556
f 695 571 694
f 4156 3626 3694
f 4861 4670 4862
f 5681 5674 5682
f 5473 5580 5583
f 3622 4152 4151
f 5647 3574 3231
f 3674 3808 3649
f 4420 3498 3499
f 5675 5666 5674
f 3253 5439 3280
f 5870 5917 5912
f 8887 8919 8886
f 5862 5913 5915
f 3534 3485 3482
f 3313 4484 3312
f 9090 9046 9047
f 4871 4695 4855
f 3778 3822 3819
f 4889 4874 4875
f 4000 3784 4001
f 4897 4911 4910
f 3856 3838 3839
f 4772 4896 4771
f 4015 4376 4014
f 3433 3476 3435
f 4053 3302 3299
f 3367 3363 4434
f 3242 3831 3241
f 3441 4082 4081
f 4735 4855 4854
f 4756 4737 4689
f 3382 3384 3383
f 3698 3697 3682
f 4676 4678 4677
f 4948 4941 4944
f 4890 4805 4747
f 4757 4745 4737
f 4581 4380 4586
f 5716 5932 5597
f 4923 4926 4932
f 5077 5081 5076
f 5078 5058 5054
f 4009 5400 3952
f 5081 5078 5076
f 3930 4513 4514
f 4014 4028 4029
f 4025 4020 4021
f 3618 4096 3616
f 4581 4576 4580
f 4219 4188 4189
f 5440 3335 3272
f 5449 3323 3322
f 4229 4177 4202
f 4590 4214 4589
f 4227 4184 4226
f 4574 4858 4547
f 4565 5453 4563
f 4592 4588 4589
f 4590 4573 4579
f 3517 5521 3519
f 3845 3522 5423
f 4444 3884 3881
f 3982 5533 5535
f 4465 4497 4495
f 4520 4521 4496
f 4076 5591 5590
f 3635 3666 3634
f 3343 4498 5481
f 4022 3870 3871
f 3661 4098 3660
f 5691 5697 5692
f 3768 5742 5739
f 4514 3956 4518
f 3697 3814 3696
f 4394 5460 4395
f 4054 4057 4058
f 3284 3323 3559
f 4052 4169 4397
f 4447 4510 4446
f 4456 3346 4138
f 4483 3877 4482
f 4482 4512 4492
f 4492 4513 4516
f 5642 5439 5641
f 5448 5442 5440
f 5466 3882 3883
f 3340 4445 3339
f 8908 8910 8911
f 4397 3835 3980
f 5413 3521 5412
f 3234 3932 3233
f 5753 8895 8894
f 8896 5756 5755
f 8921 8889 8888
f 8915 8911 8916
f 3933 3935 3934
f 3620 3657 3623
f 3966 3968 3967
f 4905 4769 4770
f 3225 5437 3254
f 5433 3984 5435
f 5714 5693 5713
f 5435 3985 5436
f 3954 3955 3878
f 4713 4632 4724
f 4879 4632 4705
f 3983 3896 3897
f 9027 3248 3245
f 5871 5912 5904
f 5849 5891 5905
f 4702 4640 4641
f 4213 4579 4389
f 3644 3688 3689
f 9193 9040 9041
f 8920 8935 8919
f 5406 4130 4127
f 4140 5401 4139
f 5659 3904 5660
f 4772 4783 4834
f 4244 4246 4245
f 4061 4037 4038
f 3669 3803 3668
f 3459 3209 3202
f 4072 5484 4071
f 4835 4834 4819
f 5660 5661 5659
f 4262 4264 4263
f 3633 3627 3628
f 3685 3676 3686
f 4517 3235 3304
f 4145 4085 3544
f 5455 5459 3850
f 5638 5640 5641
f 3228 3254 3255
f 4044 3411 3412
f 3614 3612 3613
f 3273 3275 3274
f 4952 4961 4918
f 4959 4960 4963
f 4888 4761 4860
f 4254 4256 4255
f 4199 4201 4200
f 4499 4465 5480
f 5479 4496 4521
f 5952 5954 5955
f 5956 5958 5959
f 5959 5960 5961
f 5962 5964 5965
f 5966 5968 5969
f 5967 5971 5968
f 5963 5961 5960
f 5972 5964 5973
f 5974 5976 5977
f 5978 5980 5981
f 5982 5984 5985
f 5986 5985 5984
f 5988 5990 5991
f 5992 5994 5995
f 5996 5998 5999
f 6000 6002 6003
f 6004 6006 6007
f 6008 6010 6011
f 6012 6014 6015
f 6016 6018 6019
f 6020 6022 6023
f 6024 6026 6027
f 6028 6030 6031
f 6032 6034 6035
f 6036 6038 6039
f 6040 6013 6012
f 6042 6044 6045
f 5992 6047 5993
f 6048 6050 6051
f 6052 6054 6055
f 6056 6058 6059
f 6060 5987 5986
f 6062 6064 6065
f 6066 6068 6069
f 6070 6027 6026
f 6072 6057 6056
f 6075 6077 6074
f 6078 6080 6081
f 6082 6054 6084
f 6085 6081 6086
f 6087 5990 6088
f 6061 6089 5987
f 6089 6091 6092
f 6092 6093 6094
f 6095 5981 6096
f 6062 6084 6063
f 6097 6035 6034
f 6056 6099 6072
f 6100 6102 6103
f 6001 6104 6105
f 6107 6109 6106
f 6110 6112 6113
f 6114 6025 6115
f 6116 6118 6119
f 6120 6122 6123
f 6124 6126 6127
f 6128 6101 6100
f 6039 6131 6036
f 6132 6134 6135
f 6136 6138 6003
f 6139 6141 6142
f 6143 6145 6146
f 6148 6150 6147
f 6152 6154 6151
f 6155 6157 6158
f 6159 6161 6162
f 6163 6165 6166
f 6167 6169 6170
f 6171 6173 6174
f 6175 6104 6177
f 6178 6180 6181
f 6023 6183 6020
f 6184 6186 6187
f 6117 6188 6189
f 6190 6192 6193
f 6194 6026 6114
f 6195 6191 6190
f 6197 6199 6200
f 6201 6203 6204
f 6205 6207 6208
f 6209 6201 6204
f 6197 6211 6212
f 6212 6213 6214
f 5979 6214 6213
f 6203 6217 6204
f 6206 6198 6207
f 6218 5962 6219
f 5965 6219 5962
f 5972 3354 6221
f 6070 6222 6223
f 6224 6226 6227
f 6228 6230 6231
f 6232 6234 6235
f 6196 6236 6237
f 6071 6223 6238
f 6239 6241 6242
f 6243 6245 6246
f 6247 6248 6249
f 6250 6252 6253
f 6254 6256 6257
f 6258 6260 6261
f 6229 6263 6230
f 6264 6242 6241
f 6266 6268 6269
f 6270 6272 6273
f 6274 6276 6277
f 6195 6279 6236
f 6280 6281 6282
f 6283 6285 6286
f 6123 6287 6288
f 6289 6291 6292
f 6293 6243 6295
f 6240 6297 6241
f 6298 6267 6266
f 6300 6302 6303
f 6304 6306 6307
f 6251 6308 6309
f 6247 6311 6312
f 6313 6315 6316
f 6314 6317 6318
f 6319 6320 6321
f 6322 6088 6323
f 6216 6258 6217
f 6325 6327 6328
f 6217 6261 6329
f 6330 6238 6331
f 6071 6048 6027
f 6015 6333 6012
f 6079 6335 6080
f 6336 6240 6239
f 6294 6296 6240
f 6337 6339 6340
f 6341 6343 6344
f 6345 6347 6348
f 6266 6349 6298
f 6350 6352 6353
f 6295 6246 6354
f 6303 6356 6300
f 6357 6359 6360
f 6361 6363 6364
f 6365 6353 6366
f 6367 6369 6370
f 6371 6370 6372
f 6372 6374 6371
f 6375 6373 6376
f 6376 6378 6375
f 6379 6381 6382
f 6383 6385 6386
f 6387 6389 6390
f 6391 6393 6394
f 6395 6397 6398
f 6398 6400 6395
f 6399 6402 6400
f 6403 6401 6404
f 6405 6407 6408
f 6409 6411 6412
f 6367 6413 6414
f 6374 6415 6416
f 6417 6384 6383
f 6419 6348 6347
f 6421 6423 6424
f 6425 6400 6402
f 6426 6395 6400
f 6393 6428 6429
f 6429 6394 6393
f 6390 6431 6432
f 6433 6408 6407
f 6435 6437 6438
f 6439 6411 6438
f 6392 6441 6442
f 6397 6442 6443
f 6401 6444 6445
f 6446 6437 6404
f 6448 6450 6451
f 6452 6454 6455
f 6442 6456 6457
f 6443 6457 6458
f 6444 6460 6461
f 6445 6461 6462
f 6463 6462 6465
f 6446 6462 6464
f 6466 6468 6469
f 6448 6470 6471
f 6453 6472 6473
f 6474 6476 6477
f 6478 6480 6481
f 6482 6484 6485
f 6486 6488 6489
f 6490 6492 6493
f 6493 6494 6495
f 6496 6498 6499
f 6500 6502 6503
f 6504 6506 6507
f 6508 6509 6510
f 6511 6513 6508
f 6499 6515 6496
f 6516 6518 6519
f 6520 6522 6523
f 6524 6525 6526
f 6507 6527 6504
f 6504 6528 6510
f 6528 6508 6510
f 6529 6531 6532
f 6342 6534 6343
f 6535 6346 6536
f 6347 6537 6419
f 6434 6539 6408
f 6539 6405 6408
f 6541 6451 6450
f 6543 6470 6545
f 6546 6481 6547
f 6499 6548 6549
f 6549 6514 6499
f 6551 6553 6554
f 6555 6557 6558
f 6403 6423 6559
f 6426 6413 6416
f 6415 6428 6427
f 6430 6561 6562
f 6434 6420 6419
f 6563 6565 6566
f 6404 6445 6446
f 6459 6399 6398
f 6455 6388 6387
f 6405 6449 6406
f 6540 6450 6405
f 6567 6568 6569
f 6570 6463 6567
f 6475 6490 6465
f 6458 6571 6572
f 6573 6574 6575
f 6576 6578 6579
f 6193 6580 6581
f 6582 6584 6585
f 6583 6586 6587
f 6588 6587 6586
f 6590 6068 6591
f 6592 6594 6319
f 6251 6595 6252
f 6304 6597 6598
f 6272 6599 6273
f 3737 6558 6557
f 6600 6160 6601
f 6123 6603 6120
f 6604 6606 6607
f 6608 6208 6609
f 5972 6220 5965
f 6610 6612 6556
f 6613 6615 6616
f 6242 6618 6239
f 6226 6245 6227
f 6620 6622 6623
f 6624 6146 6625
f 6626 6211 6136
f 6627 6629 6630
f 6631 6633 6634
f 6235 6636 6232
f 6637 6639 6640
f 6641 6286 6642
f 6643 6645 6646
f 6647 6649 6650
f 6244 6294 6336
f 6336 6652 6244
f 6194 6237 6222
f 6196 6114 6191
f 6115 6191 6114
f 6653 6655 6656
f 6657 6189 6658
f 6117 6659 6118
f 6130 6156 6131
f 6133 6151 6134
f 6661 6662 6660
f 6663 6616 6552
f 6664 6273 6665
f 6418 6432 6431
f 6290 6328 6291
f 6666 6556 6612
f 6557 3805 3737
f 5971 6668 5968
f 6181 6670 6178
f 6671 6673 6674
f 6676 6672 6675
f 6675 6149 6676
f 6067 5999 5998
f 6677 6679 6680
f 6681 6683 6684
f 6087 6090 6089
f 5983 6685 6686
f 5982 6687 6685
f 6094 6688 6687
f 6211 6137 6136
f 6689 6691 6692
f 6690 3833 3832
f 6001 6686 6002
f 5978 6215 5979
f 6694 5978 6095
f 5974 6095 6695
f 6183 6696 6697
f 6698 5961 6218
f 5959 6699 5956
f 6697 6700 6701
f 6702 6703 6704
f 5968 6705 5969
f 6706 5955 5954
f 6707 6617 6708
f 6024 6709 6710
f 6402 6559 6425
f 3852 6712 3853
f 3856 6593 3857
f 5977 6694 5974
f 6713 5977 5976
f 6714 6716 6717
f 6718 6308 6250
f 6720 6254 6721
f 6722 6724 6725
f 6312 6726 6727
f 6069 6728 6729
f 6319 6730 6086
f 6731 6644 6732
f 6732 6734 6731
f 6046 6320 6047
f 3880 6666 6735
f 6736 6738 6739
f 6531 6741 6326
f 6300 6614 6613
f 6742 6325 6290
f 6743 3891 3890
f 6744 6301 6745
f 6746 6534 6533
f 6536 6579 6535
f 6535 6563 6537
f 6566 6537 6563
f 6538 6409 6539
f 6412 6539 6409
f 6412 6541 6540
f 6748 6542 6541
f 6749 6545 6542
f 6568 6547 6543
f 6751 6548 6546
f 6753 6550 6549
f 6755 6757 6758
f 6759 6761 6762
f 6763 6765 6762
f 6764 6623 6765
f 6766 6768 6769
f 6770 6772 6773
f 6774 6776 6777
f 6021 6777 6022
f 6723 6779 6724
f 6780 6782 6783
f 6784 6786 6787
f 6788 6790 6791
f 6185 6793 6186
f 6794 6725 6795
f 6729 6098 6097
f 6135 6798 6132
f 6799 6065 6800
f 6037 6802 6038
f 6005 6588 6586
f 6005 6804 6006
f 6052 6010 6805
f 6586 6803 6005
f 6092 5987 6089
f 6094 5985 6092
f 6096 6695 6095
f 6082 6799 6585
f 6657 6041 6659
f 6013 6658 6014
f 6795 6807 6808
f 6809 6811 6812
f 6813 6815 6816
f 6817 6819 6820
f 6821 6823 6824
f 6329 6204 6217
f 6202 6826 6203
f 6072 6827 6828
f 6598 6305 6304
f 6301 6613 6663
f 6830 6271 6270
f 6822 6778 6823
f 6326 6832 6327
f 6203 6833 6216
f 6027 6051 6024
f 6360 6835 6357
f 6836 6838 6839
f 6837 6841 6838
f 6362 6366 6363
f 6380 6384 6381
f 6421 6578 6842
f 6566 6410 6409
f 6394 6388 6391
f 6414 6368 6367
f 6371 6416 6413
f 6561 6378 6382
f 6382 6562 6561
f 6381 6418 6562
f 6389 6430 6431
f 6391 6454 6441
f 6441 6453 6456
f 6456 6473 6574
f 6495 6750 6568
f 6843 6485 6484
f 6844 6843 6846
f 6573 6847 6848
f 6849 6487 6486
f 6513 6752 6469
f 6517 6850 6503
f 6521 6851 6850
f 6844 6852 6853
f 6505 6510 6509
f 6753 6512 6754
f 6516 6521 6517
f 6614 6854 6615
f 6742 4003 3891
f 6708 6855 6856
f 6307 6857 6858
f 6307 6665 6304
f 6414 6425 6559
f 6416 6427 6426
f 6562 6431 6430
f 6419 6538 6434
f 6358 6839 6359
f 6059 6859 6860
f 6861 6863 6864
f 6865 6867 6868
f 6115 6869 6870
f 6871 6873 6874
f 6721 6596 6875
f 6876 6556 6555
f 6877 6552 6551
f 6551 6268 6877
f 6879 6265 6269
f 6239 6651 6336
f 6230 6619 6226
f 6171 6669 6880
f 6106 6882 6881
f 6883 6822 6821
f 6759 6187 6174
f 6725 6785 6807
f 6885 6808 6791
f 6886 6888 6031
f 6701 6756 6755
f 6884 6779 6822
f 6715 6309 6308
f 6889 6890 6891
f 6743 4042 6892
f 6270 6893 6830
f 6386 6895 6383
f 6895 6420 6896
f 6897 6417 6896
f 6897 6407 6898
f 6390 6899 6387
f 6900 6406 6449
f 6455 6901 6452
f 6902 6904 6471
f 6482 6905 6483
f 6501 6907 6502
f 6496 6908 6909
f 6532 6326 6325
f 6532 6743 6529
f 6612 6735 6666
f 6611 6910 6612
f 6626 5979 6213
f 6704 6105 6702
f 6913 6591 6914
f 6915 6795 6885
f 6229 4067 4066
f 6263 6289 6619
f 6745 6663 6877
f 6916 6757 6917
f 6885 6165 6915
f 6920 6783 6919
f 6921 6923 6924
f 6925 6924 6926
f 6927 6929 6930
f 6931 6933 6934
f 6935 6937 6938
f 6939 6941 6942
f 6943 6945 6946
f 6947 6949 6950
f 6944 6951 6952
f 6953 6955 6956
f 6957 6959 6960
f 6961 6929 6963
f 6964 6966 6967
f 6968 6970 6971
f 6969 6955 6970
f 6972 6946 6973
f 6974 6976 6977
f 6978 6980 6981
f 6940 6982 6983
f 6984 6986 6987
f 6988 6990 6991
f 6992 6989 6993
f 6994 6996 6997
f 6998 7000 7001
f 7002 7004 7005
f 7006 7008 7009
f 7010 7012 7013
f 7014 7016 7017
f 7018 6999 6998
f 7020 7022 7023
f 7024 7026 7027
f 7028 7030 7031
f 7032 7034 7035
f 7003 7036 7037
f 7038 7040 7027
f 6993 7030 7041
f 7042 7044 7045
f 7046 7007 7006
f 7011 7048 7049
f 7050 7052 7053
f 7054 7014 7055
f 7015 7056 7057
f 6621 7045 7044
f 7049 6775 6774
f 7051 6021 6020
f 7055 6701 7054
f 7054 6755 7056
f 6764 7047 7046
f 7020 7059 7013
f 7060 7062 7063
f 6958 7065 6959
f 6925 7067 6973
f 7068 6934 6926
f 7069 6991 7070
f 7071 7072 7073
f 7074 7076 7077
f 7078 7080 7081
f 7014 7082 7083
f 7084 7086 7087
f 7025 7031 7026
f 7085 7072 7088
f 7089 7087 7090
f 7055 7083 7091
f 7090 6770 6773
f 7092 7094 7095
f 7091 6697 7055
f 6770 7086 6758
f 7095 6767 6766
f 7096 6980 7097
f 7098 6940 7099
f 7058 7023 7100
f 7101 6930 7102
f 6974 7063 6967
f 7103 6971 7104
f 7105 6981 6977
f 7106 7036 7108
f 7109 7010 7110
f 7111 7018 7034
f 7098 7037 7100
f 7048 7112 6775
f 7113 7041 6997
f 6994 7115 7088
f 6965 6923 6966
f 6975 6945 6976
f 7061 7065 7062
f 6954 6933 6963
f 6763 7109 7047
f 7046 6620 6764
f 6947 7067 6956
f 6758 7056 6755
f 7118 7039 7038
f 7038 7070 7118
f 7106 7121 7122
f 7123 7053 7052
f 7123 7083 7082
f 7045 7006 7042
f 7107 7122 7009
f 7091 7052 7051
f 7091 6020 6183
f 6936 7097 6937
f 7125 6960 7102
f 6774 7050 7049
f 7119 6942 7039
f 7019 7005 6999
f 7011 7124 7012
f 7021 7040 7022
f 7114 7016 7115
f 7053 7049 7050
f 7086 7057 7056
f 6993 7127 6992
f 7075 7113 7076
f 4281 6603 7128
f 6012 7129 6040
f 7130 6584 7131
f 6797 7133 6798
f 6074 7135 6075
f 6789 6173 6790
f 6760 6776 6761
f 7136 6801 6589
f 6914 6674 6913
f 7007 7059 7008
f 7099 7003 7098
f 6984 7104 6938
f 7110 7047 7109
f 6333 6587 7129
f 5956 6667 5971
f 5957 5971 5970
f 7137 6308 6719
f 4292 6718 6250
f 6693 6668 6215
f 6215 6667 6214
f 6214 6699 6212
f 6698 6212 6699
f 6219 6198 6218
f 6207 6220 6208
f 6220 6609 6208
f 6262 4066 4003
f 7138 7140 7141
f 4298 7140 4299
f 7143 7145 7146
f 7147 7144 7149
f 7149 7151 7147
f 7150 7153 7151
f 6329 7154 7152
f 6261 7155 7154
f 7156 7157 7158
f 6598 7159 7160
f 6257 7161 7162
f 6256 4321 7161
f 6693 6706 6705
f 5954 6705 6706
f 5953 5969 5954
f 7163 5983 6912
f 7164 6138 7166
f 7167 7169 7170
f 6141 7172 6142
f 7166 7173 7164
f 6141 7174 7175
f 7176 7178 7179
f 7180 7182 7183
f 7184 7186 7187
f 6631 7183 7188
f 6218 6197 6698
f 6625 7189 6624
f 6814 7190 7191
f 6882 7193 7194
f 7195 6109 6108
f 6888 7198 7199
f 7200 7202 7203
f 7176 6630 7204
f 6029 7187 6030
f 7205 7207 7208
f 7209 7211 7212
f 7203 7213 7214
f 6886 6778 6723
f 6031 7215 6886
f 7216 7218 7219
f 7220 6880 6669
f 6076 7220 7222
f 6074 6672 6671
f 6147 6662 7223
f 7223 6111 6110
f 6810 6113 6112
f 6920 6914 6591
f 6077 6675 6672
f 6660 6076 6661
f 7222 6669 6181
f 7224 6181 6180
f 6660 6150 6675
f 7225 6794 6915
f 6783 7225 6164
f 6781 6068 6067
f 7217 7228 7218
f 6031 7199 6028
f 6887 6723 6722
f 6164 6915 6165
f 6780 6591 6068
f 7134 6671 6914
f 7229 6824 6823
f 7187 7230 7229
f 7226 6722 6794
f 7231 6169 7233
f 7201 7233 7202
f 6107 7235 7200
f 7215 6823 6778
f 6030 7229 7215
f 7236 7219 7179
f 7237 6820 6819
f 7237 7207 7238
f 7239 7241 7242
f 6739 7244 6736
f 7245 7242 7246
f 7233 6168 7247
f 7247 7202 7233
f 7195 7203 7214
f 7248 7250 6703
f 7227 7252 7228
f 7253 5998 7251
f 6067 7198 6781
f 6781 7197 6782
f 5984 6683 5986
f 7254 6678 6684
f 6679 7252 5997
f 6887 7197 6888
f 6782 7226 7225
f 7135 6163 7221
f 7221 6075 7135
f 6661 7222 7224
f 7224 6111 6661
f 6180 6112 7224
f 6179 6810 6180
f 6811 6793 6649
f 6650 6622 6769
f 6766 7044 7095
f 7095 7043 7092
f 7092 7121 7081
f 7078 7255 7033
f 7256 7257 7258
f 6768 7259 6647
f 6773 7094 7090
f 7090 7093 7089
f 7089 7080 7073
f 7071 7032 7260
f 7077 6998 7074
f 6995 7260 6996
f 7077 7261 7035
f 7035 7018 7077
f 7108 7111 7255
f 6978 7262 7001
f 7105 7264 7262
f 7263 6952 7264
f 6990 6951 7265
f 6972 7266 7265
f 7117 6950 7266
f 6948 7267 6949
f 6969 6982 7267
f 7103 6987 6983
f 7005 6986 7268
f 6999 7268 7000
f 7269 7271 7272
f 7274 7275 7273
f 7274 7276 7277
f 7278 7280 7281
f 7282 7284 7285
f 7286 7288 7289
f 7290 7292 7293
f 7294 7296 7293
f 7068 7298 7299
f 7300 7302 7303
f 7304 7305 7306
f 7307 7305 7308
f 7309 7283 7310
f 7311 7313 7314
f 7125 7306 7315
f 7285 7280 7282
f 7277 7303 7302
f 6965 7316 7317
f 7318 7316 7319
f 7320 7271 7314
f 7312 7296 7313
f 7270 7298 7322
f 7311 7322 7317
f 6961 7300 7308
f 7323 7325 7326
f 7327 7328 7329
f 7064 7325 7328
f 7287 7292 7288
f 6931 7299 7301
f 7331 7329 7319
f 7332 7334 7335
f 7336 7338 7339
f 7340 7333 7332
f 7342 7343 7344
f 7345 7347 7344
f 7348 7350 7351
f 7352 7354 7355
f 7356 7358 7359
f 7360 7362 7363
f 7365 7367 7364
f 7368 7370 7371
f 7372 7336 7374
f 7373 7337 7336
f 7367 7376 7377
f 7378 7380 7381
f 7382 7384 7385
f 7386 7385 7384
f 7388 7390 7391
f 7392 7333 7393
f 7394 7396 7397
f 7398 7400 7401
f 7402 7404 7405
f 7406 7408 7409
f 7410 7383 7382
f 7412 7414 7415
f 7385 7417 7382
f 7389 7419 7390
f 7373 7421 7375
f 7420 7372 7422
f 7369 7424 7370
f 7399 7397 7425
f 7393 7341 7342
f 7398 7357 7426
f 7358 7401 7427
f 7428 7430 7431
f 7433 7435 7432
f 7363 7436 7437
f 7383 7439 7384
f 7411 7438 7383
f 7441 7443 7444
f 7445 7339 7447
f 7374 7339 7446
f 7444 7364 7448
f 7448 7450 7449
f 7364 7451 7450
f 7451 7377 7452
f 7449 7454 7453
f 7455 7450 7451
f 7456 7451 7452
f 7410 7458 7459
f 7460 7462 7369
f 7423 7462 7463
f 7464 7466 7467
f 7468 7347 7470
f 7376 7471 7472
f 7425 7396 7473
f 7475 7477 7474
f 7478 7480 7481
f 7482 7407 7406
f 7484 7351 7486
f 7487 7488 7489
f 7490 7492 7493
f 7412 7434 7433
f 7494 7434 7415
f 7496 7391 7497
f 7440 7498 7499
f 7401 7488 7500
f 7485 7345 7501
f 7500 7427 7401
f 7395 7469 7468
f 7503 7505 7506
f 7507 7509 7510
f 7511 7513 7514
f 7511 7515 7516
f 7517 7519 7520
f 7521 7523 7355
f 7352 7525 7526
f 7415 7527 7494
f 7528 7530 7486
f 7404 7502 7500
f 7477 7496 7532
f 7512 7481 7513
f 7405 7500 7488
f 7533 7535 7536
f 7378 7510 7537
f 7532 7379 7538
f 7539 7541 7542
f 7524 7355 7523
f 7351 7501 7348
f 7414 7523 7527
f 7522 7527 7523
f 7544 7412 7545
f 7546 7547 7548
f 7526 7353 7352
f 7550 7355 7354
f 7521 7551 7548
f 7552 7548 7551
f 7546 7553 7554
f 7522 7548 7547
f 7418 7520 7555
f 7416 7554 7417
f 7457 7558 7458
f 7557 7560 7558
f 7535 7561 7562
f 7562 7563 7564
f 7564 7349 7348
f 7351 7565 7486
f 7567 7569 7566
f 7570 7520 7519
f 7419 7555 7571
f 7572 7348 7501
f 7389 7556 7418
f 7573 7493 7480
f 7552 7534 7553
f 7562 7536 7535
f 7572 7576 7574
f 7422 7578 7420
f 7423 7580 7424
f 7579 7463 7581
f 7578 7576 7582
f 7583 7381 7380
f 7586 7581 7585
f 7533 7579 7586
f 7447 7338 7587
f 7588 7531 7589
f 7590 7431 7591
f 7321 7592 7585
f 7275 7463 7273
f 7461 7276 7462
f 7279 7461 7453
f 7453 7593 7279
f 7594 7454 7455
f 7330 7498 7459
f 7459 7294 7330
f 7558 7595 7295
f 7560 7320 7595
f 7275 7585 7581
f 7462 7273 7463
f 7596 7380 7497
f 7597 7406 7409
f 7467 7599 7600
f 7601 7603 7604
f 7605 7444 7443
f 7365 7606 7366
f 7607 7494 7608
f 7513 7473 7396
f 7396 7514 7513
f 7514 7468 7515
f 7470 7515 7468
f 7610 7609 7470
f 7612 7476 7475
f 7613 7529 7614
f 7442 7615 7616
f 7343 7617 7618
f 7574 7577 7536
f 7619 7399 7491
f 7518 7509 7519
f 7491 7425 7492
f 7549 7621 7565
f 7491 7622 7619
f 7377 7440 7452
f 7379 7497 7380
f 7453 7460 7449
f 7411 7459 7498
f 7623 7391 7390
f 7625 7610 7484
f 7487 7483 7626
f 7619 7408 7489
f 7627 7620 7549
f 7538 7378 7537
f 7389 7477 7476
f 7629 7412 7433
f 7489 7407 7487
f 7628 7598 7597
f 7413 7524 7414
f 7592 7559 7630
f 7584 7632 7381
f 7569 7633 7571
f 7570 7566 7569
f 7631 7566 7632
f 7508 7519 7509
f 7614 7480 7613
f 7346 7470 7347
f 7572 7562 7564
f 7571 7634 7419
f 7346 7484 7610
f 7607 7431 7495
f 7585 7630 7586
f 7624 7497 7391
f 7635 7384 7439
f 7636 7502 7588
f 7323 7310 7289
f 7420 7582 7421
f 7637 7455 7456
f 7287 7499 7498
f 7458 7295 7294
f 7439 7472 7635
f 7599 7604 7600
f 7359 7427 7636
f 7436 7639 7437
f 7490 7640 7622
f 7481 7493 7473
f 7641 7505 7525
f 7642 7627 7644
f 7492 7473 7493
f 7517 7625 7530
f 7625 7486 7530
f 7634 7390 7419
f 7474 7532 7516
f 7448 7441 7444
f 7368 7449 7460
f 7615 7368 7371
f 7638 7602 7639
f 7575 7501 7345
f 7571 7570 7569
f 7400 7489 7488
f 7508 7632 7566
f 7503 7540 7539
f 6957 7315 7326
f 7376 7438 7377
f 7507 7381 7632
f 7499 7452 7440
f 7286 7456 7499
f 7504 7644 7505
f 7368 7460 7369
f 7645 7627 7643
f 7647 7633 7646
f 7647 7623 7634
f 7649 7623 7648
f 7650 7624 7649
f 7646 7568 7651
f 7651 7567 7652
f 7653 7567 7631
f 7651 7655 7646
f 7656 7658 7659
f 7660 7657 7661
f 7663 7656 7662
f 7664 7663 7666
f 7667 7663 7662
f 7667 7668 7655
f 7663 7661 7657
f 7670 7672 7669
f 7661 7671 7660
f 7659 7662 7656
f 7648 7668 7659
f 7648 7673 7649
f 7659 7674 7673
f 7658 7675 7674
f 7668 7646 7655
f 7660 7676 7675
f 7675 7678 7674
f 7677 7676 7679
f 7677 7681 7678
f 7682 7678 7681
f 7677 7684 7680
f 7673 7678 7683
f 7683 7649 7673
f 7685 7671 7670
f 7667 7686 7666
f 7666 7687 7664
f 7654 7686 7655
f 7689 7686 7688
f 7664 7691 7690
f 7650 7583 7596
f 7693 7631 7584
f 7584 7692 7693
f 7693 7682 7694
f 7694 7681 7695
f 7694 7653 7693
f 7650 7682 7692
f 7696 7652 7653
f 7654 7652 7697
f 7688 7697 7698
f 7699 7697 7696
f 7700 7698 7699
f 7695 7696 7694
f 7699 7702 7700
f 7689 7698 7701
f 7689 7703 7704
f 7705 7707 7703
f 7701 7705 7703
f 7704 7707 7685
f 7685 7691 7704
f 7687 7704 7691
f 7680 7695 7681
f 7684 7702 7680
f 7702 7705 7700
f 7684 7707 7706
f 7676 7707 7679
f 7665 7672 7661
f 7670 7690 7691
f 7665 7690 7669
f 7611 7474 7609
f 7510 7479 7478
f 7511 7537 7512
f 7516 7538 7511
f 7517 7613 7518
f 7537 7478 7512
f 7611 7612 7475
f 7613 7479 7518
f 7556 7517 7520
f 7516 7609 7474
f 7708 7710 7711
f 7712 7714 7715
f 7713 7717 7714
f 7719 7721 7718
f 7722 7597 7409
f 7724 7715 7725
f 7726 7728 7729
f 7731 7573 7730
f 7730 7614 7732
f 7733 7735 7736
f 7721 7724 7737
f 7731 7409 7640
f 7708 7729 7738
f 7737 7709 7739
f 7716 7736 7740
f 7742 7744 7745
f 7740 7735 7746
f 7717 7740 7747
f 7716 7720 7741
f 7748 7711 7710
f 7750 7710 7725
f 7720 7751 7741
f 7734 7728 7735
f 7709 7725 7710
f 7752 7715 7714
f 7739 7708 7738
f 7720 7712 7721
f 7749 7755 7711
f 7745 7756 7747
f 7746 7742 7745
f 7743 7755 7754
f 7727 7735 7728
f 7747 7757 7717
f 7753 7725 7715
f 7751 7620 7733
f 7757 7714 7717
f 7718 7737 7732
f 7747 7746 7745
f 7727 7755 7742
f 7726 7711 7755
f 7759 7756 7758
f 7759 7752 7757
f 7760 7753 7752
f 7761 7750 7753
f 7758 7744 7763
f 7763 7743 7764
f 7754 7764 7743
f 7763 7767 7758
f 7768 7770 7771
f 7772 7771 7773
f 7775 7772 7774
f 7776 7775 7778
f 7779 7775 7774
f 7775 7769 7768
f 7770 7781 7780
f 7782 7772 7773
f 7760 7782 7773
f 7760 7783 7761
f 7773 7784 7783
f 7770 7784 7771
f 7779 7782 7767
f 7782 7758 7767
f 7785 7780 7786
f 7785 7788 7784
f 7787 7786 7789
f 7787 7791 7788
f 7792 7788 7791
f 7787 7794 7790
f 7793 7784 7788
f 7762 7783 7793
f 7796 7780 7795
f 7795 7781 7797
f 7779 7798 7778
f 7799 7778 7798
f 7766 7798 7767
f 7800 7799 7798
f 7802 7799 7803
f 7795 7802 7803
f 7762 7748 7750
f 7805 7754 7749
f 7749 7804 7805
f 7805 7792 7806
f 7806 7791 7807
f 7806 7765 7805
f 7793 7804 7762
f 7808 7764 7765
f 7766 7764 7809
f 7766 7810 7800
f 7811 7809 7808
f 7812 7810 7811
f 7807 7808 7806
f 7811 7814 7812
f 7813 7800 7810
f 7801 7815 7816
f 7817 7819 7815
f 7813 7817 7815
f 7816 7819 7796
f 7796 7803 7816
f 7799 7816 7803
f 7790 7807 7791
f 7794 7814 7790
f 7814 7817 7812
f 7794 7819 7818
f 7786 7819 7789
f 7777 7781 7769
f 7777 7802 7797
f 7528 7718 7529
f 7729 7723 7722
f 7738 7730 7739
f 7732 7739 7730
f 7733 7628 7734
f 7722 7738 7729
f 7621 7719 7528
f 7628 7723 7734
f 7733 7741 7751
f 7732 7529 7718
f 7486 7621 7528
f 7549 7350 7353
f 7353 7349 7354
f 7354 7563 7550
f 7821 7823 7820
f 7824 7826 7827
f 7825 7829 7826
f 7830 7832 7833
f 7834 7827 7835
f 7836 7838 7839
f 7840 7406 7841
f 7841 7598 7842
f 7843 7845 7846
f 7833 7834 7847
f 7848 7836 7839
f 7847 7821 7849
f 7828 7846 7850
f 7853 7855 7852
f 7850 7845 7856
f 7829 7850 7857
f 7828 7832 7851
f 7858 7823 7822
f 7860 7822 7835
f 7831 7851 7832
f 7844 7838 7845
f 7834 7822 7821
f 7863 7827 7826
f 7849 7820 7848
f 7825 7833 7832
f 7859 7866 7823
f 7855 7867 7857
f 7837 7855 7856
f 7865 7852 7866
f 7837 7845 7838
f 7857 7868 7829
f 7864 7835 7827
f 7843 7642 7504
f 7868 7826 7829
f 7830 7847 7842
f 7857 7856 7855
f 7837 7866 7852
f 7836 7823 7866
f 7870 7867 7869
f 7870 7863 7868
f 7871 7864 7863
f 7872 7860 7864
f 7869 7854 7874
f 7874 7853 7875
f 7876 7853 7865
f 7874 7878 7869
f 7879 7881 7882
f 7883 7882 7884
f 7886 7883 7885
f 7887 7886 7889
f 7890 7886 7885
f 7886 7880 7879
f 7891 7880 7892
f 7884 7885 7883
f 7871 7893 7884
f 7871 7894 7872
f 7884 7895 7894
f 7882 7896 7895
f 7890 7893 7878
f 7893 7869 7878
f 7881 7897 7896
f 7898 7895 7896
f 7900 7896 7897
f 7901 7899 7898
f 7904 7902 7903
f 7898 7905 7901
f 7894 7899 7904
f 7904 7872 7894
f 7907 7891 7906
f 7906 7892 7908
f 7890 7909 7889
f 7910 7889 7909
f 7877 7909 7878
f 7912 7909 7911
f 7887 7914 7913
f 7906 7913 7914
f 7873 7858 7860
f 7916 7865 7859
f 7859 7915 7916
f 7916 7903 7917
f 7917 7902 7918
f 7917 7876 7916
f 7873 7903 7915
f 7919 7875 7876
f 7877 7875 7920
f 7911 7920 7921
f 7922 7920 7919
f 7923 7921 7922
f 7918 7919 7917
f 7922 7925 7923
f 7924 7911 7921
f 7912 7926 7927
f 7928 7930 7926
f 7924 7928 7926
f 7927 7930 7907
f 7907 7914 7927
f 7910 7927 7914
f 7901 7918 7902
f 7905 7925 7901
f 7925 7928 7923
f 7905 7930 7929
f 7897 7930 7900
f 7888 7892 7880
f 7888 7913 7908
f 7645 7831 7830
f 7839 7862 7931
f 7841 7848 7840
f 7842 7849 7841
f 7504 7844 7843
f 7839 7840 7848
f 7643 7861 7831
f 7503 7862 7844
f 7846 7861 7843
f 7842 7645 7830
f 7932 7934 7935
f 7936 7938 7939
f 7937 7941 7938
f 7942 7944 7945
f 7947 7949 7946
f 7950 7939 7951
f 7953 7955 7952
f 7956 7958 7959
f 7956 7540 7960
f 7962 7964 7961
f 7936 7965 7945
f 7946 7958 7957
f 7966 7952 7955
f 7965 7933 7967
f 7968 7969 7964
f 7970 7972 7973
f 7974 7964 7963
f 7941 7968 7975
f 7940 7944 7969
f 7976 7935 7934
f 7978 7934 7951
f 7943 7969 7944
f 7947 7963 7962
f 7933 7951 7934
f 7980 7939 7938
f 7967 7932 7966
f 7937 7945 7944
f 7977 7983 7935
f 7973 7984 7975
f 7953 7973 7974
f 7982 7970 7983
f 7974 7954 7953
f 7975 7985 7941
f 7981 7951 7939
f 7961 7544 7545
f 7985 7938 7941
f 7942 7965 7960
f 7975 7974 7973
f 7952 7970 7953
f 7952 7935 7983
f 7987 7984 7986
f 7987 7980 7985
f 7988 7981 7980
f 7989 7978 7981
f 7986 7972 7991
f 7991 7971 7992
f 7993 7971 7982
f 7986 7994 7995
f 7997 7999 7996
f 8000 7999 8001
f 8003 8000 8002
f 8005 8006 8004
f 8007 8003 8002
f 7996 8005 7997
f 7998 8009 8008
f 8010 8000 8001
f 7988 8010 8001
f 7988 8011 7989
f 8011 7999 8012
f 7998 8012 7999
f 8007 8010 7995
f 8010 7986 7995
f 8013 8008 8014
f 8015 8012 8013
f 8017 8013 8014
f 8018 8016 8015
f 8021 8019 8020
f 8015 8022 8018
f 8011 8016 8021
f 8021 7989 8011
f 8023 8014 8008
f 8023 8009 8025
f 8007 8026 8006
f 8026 8004 8006
f 8028 7995 7994
f 8029 8026 8028
f 8030 8027 8031
f 8023 8030 8031
f 7990 7976 7978
f 8033 7982 7977
f 7976 8033 7977
f 8034 8032 8020
f 8035 8020 8019
f 8034 7993 8033
f 7990 8020 8032
f 8036 7992 7993
f 7991 8037 7994
f 7994 8038 8028
f 8039 8037 8036
f 8040 8038 8039
f 8035 8036 8034
f 8039 8042 8040
f 8041 8028 8038
f 8029 8043 8044
f 8045 8047 8043
f 8041 8045 8043
f 8044 8047 8024
f 8024 8031 8044
f 8027 8044 8031
f 8042 8019 8018
f 8022 8042 8018
f 8042 8045 8040
f 8017 8046 8022
f 8014 8047 8017
f 8005 8009 7997
f 8005 8030 8025
f 7506 7943 7942
f 7954 7946 7955
f 7967 7957 7956
f 7960 7967 7956
f 7948 7962 8048
f 7955 7957 7966
f 7641 7979 7943
f 7969 7961 7964
f 7960 7506 7942
f 7362 8050 7436
f 8052 7464 8051
f 8051 7467 8053
f 8054 7600 7604
f 8056 7618 8052
f 7436 8057 7638
f 8049 7361 8056
f 8057 7603 7638
f 8055 7467 7600
f 8058 7604 7603
f 8059 8058 8057
f 8060 8054 8058
f 8061 8055 8054
f 8062 8053 8055
f 8059 8050 8064
f 8064 8049 8065
f 8056 8065 8049
f 8059 8067 8068
f 8069 8071 8072
f 8073 8072 8074
f 8075 8073 8076
f 8077 8075 8076
f 8075 8070 8069
f 8079 8081 8070
f 8082 8070 8081
f 8083 8073 8074
f 8061 8083 8074
f 8061 8084 8062
f 8074 8085 8084
f 8072 8086 8085
f 8077 8083 8068
f 8083 8059 8068
f 8071 8087 8086
f 8088 8085 8086
f 8090 8086 8087
f 8091 8089 8088
f 8094 8092 8093
f 8088 8095 8091
f 8084 8089 8094
f 8094 8062 8084
f 8097 8082 8096
f 8096 8081 8080
f 8077 8098 8078
f 8099 8078 8098
f 8101 8068 8067
f 8102 8098 8101
f 8100 8104 8103
f 8096 8103 8104
f 8075 8100 8079
f 8079 8103 8080
f 8105 8053 8063
f 8066 8052 8106
f 8051 8106 8052
f 8107 8105 8093
f 8108 8093 8092
f 8107 8066 8106
f 8063 8093 8105
f 8109 8065 8066
f 8064 8110 8067
f 8067 8111 8101
f 8112 8110 8109
f 8113 8111 8112
f 8108 8109 8107
f 8112 8115 8113
f 8114 8101 8111
f 8102 8116 8117
f 8118 8120 8116
f 8114 8118 8116
f 8117 8120 8097
f 8097 8104 8117
f 8099 8117 8104
f 8091 8108 8092
f 8095 8115 8091
f 8115 8118 8113
f 8095 8120 8119
f 8087 8120 8090
f 7550 7561 7551
f 7552 7561 7535
f 7931 7539 7542
f 7640 7408 7622
f 7549 7644 7627
f 7525 7544 7641
f 7931 7482 7840
f 7483 7542 7541
f 7626 7405 7487
f 7629 7432 8121
f 7629 7949 7948
f 8122 7949 8121
f 8123 8121 7432
f 8124 7432 7435
f 7434 8125 7435
f 8125 8124 7435
f 8124 7429 8126
f 8123 8126 8127
f 8122 8127 8128
f 7541 7959 8128
f 7404 8129 7531
f 8125 7431 7430
f 7526 7505 7644
f 7626 7541 8128
f 7959 8122 8128
f 7961 8048 7962
f 7629 8048 7545
f 8127 7626 8128
f 7402 8126 7403
f 8129 8126 7429
f 7428 8129 7429
f 7589 7428 7590
f 7471 7366 7606
f 7334 7426 7357
f 7335 7357 7356
f 7616 7446 7445
f 7392 7398 7426
f 7393 7397 7392
f 7342 7394 7393
f 7344 7469 7342
f 7343 7361 7360
f 7360 7344 7343
f 7363 7345 7360
f 7437 7575 7363
f 7582 7437 7639
f 7421 7639 7602
f 7375 7602 7601
f 7599 7375 7601
f 7465 7618 7617
f 7332 7587 7340
f 7447 7335 7445
f 7445 7356 7616
f 7359 7616 7356
f 7636 7442 7359
f 7588 7443 7636
f 7589 7605 7588
f 7590 7606 7589
f 7471 7591 7472
f 7446 7371 7374
f 7371 7372 7374
f 7422 7370 7424
f 7577 7424 7580
f 7536 7580 7533
f 7591 7635 7472
f 7607 7386 7635
f 7543 7494 7527
f 7547 7543 7522
f 7608 7387 7386
f 7387 7416 7385
f 7457 7382 7417
f 7557 7417 7554
f 7559 7554 7553
f 7630 7553 7534
f 7534 7586 7630
f 7466 7337 7599
f 7465 7338 7466
f 7617 7587 7465
f 7341 7617 7343
f 8130 6090 8131
f 6023 8132 8133
f 6182 8133 6784
f 6623 6792 6185
f 6787 6182 6784
f 8134 6696 6787
f 6917 6756 8135
f 6762 7112 6763
f 6762 6184 6759
f 6765 6185 6184
f 6650 6768 6647
f 6772 6916 7259
f 6777 6789 6788
f 6022 6788 8132
f 6756 8134 8135
f 6758 6771 6770
f 6761 6775 7112
f 6769 6621 6766
f 6772 6767 6773
f 6174 6760 6759
f 6187 6178 6670
f 6811 6648 6812
f 6786 6724 6779
f 6791 6918 6885
f 6186 6179 6178
f 6808 8133 8132
f 6884 8135 8134
f 6174 6670 6171
f 6807 6784 8133
f 6791 8132 6788
f 6786 8134 6787
f 6790 6172 6918
f 6649 6792 6650
f 6316 8136 6717
f 8137 6654 8138
f 8139 6601 6160
f 6656 6580 6870
f 6868 8142 6865
f 6316 6711 6313
f 6864 8144 6861
f 6864 8145 6860
f 6868 6869 6710
f 6656 6866 6653
f 8146 8148 8149
f 8139 8151 6640
f 8152 6866 6865
f 8154 8138 6654
f 6874 8156 8157
f 8158 8159 6805
f 8160 6865 8142
f 8161 6313 6711
f 6161 8162 8163
f 8164 6654 6653
f 8153 6653 6866
f 8165 8167 8168
f 8166 8169 8167
f 5989 8170 8169
f 5988 8171 8170
f 8172 6043 6042
f 8174 6032 6035
f 8174 6098 8176
f 8176 6796 8177
f 8177 8178 8179
f 7132 6728 7133
f 6589 8180 7136
f 8180 6004 8181
f 8181 6007 8182
f 6334 6731 6734
f 6079 6645 6731
f 6078 6646 6645
f 6085 8184 6646
f 6091 8185 6093
f 6086 8183 6085
f 6950 7118 7070
f 6952 6992 7127
f 6983 6968 7103
f 6987 7004 7099
f 7001 6979 6978
f 7001 7074 6998
f 7262 7075 7074
f 7264 7127 7075
f 7265 6943 6972
f 7265 6991 6990
f 7266 7070 6991
f 6949 7119 7118
f 7267 6939 7119
f 6983 7099 6940
f 7268 6985 8186
f 7000 8186 6979
f 6938 6985 6984
f 6946 6922 6921
f 6956 6948 6947
f 6971 6928 6927
f 6970 6954 6928
f 6973 6921 6925
f 6977 7263 7105
f 6981 7061 7060
f 6973 7117 6972
f 7097 6979 8186
f 7104 6927 7101
f 6977 7060 6974
f 6976 6944 7263
f 6956 7066 6953
f 6937 8186 6985
f 6938 7101 6935
f 6924 7116 7297
f 6926 7297 7068
f 6930 6962 7304
f 6934 6953 7066
f 6960 6936 6935
f 6963 6928 6954
f 6967 6975 6974
f 7063 7327 7331
f 6959 7096 6936
f 6926 7066 6925
f 7102 7304 7125
f 6967 7331 6964
f 6966 6922 6975
f 7062 7064 7327
f 6963 6932 6961
f 7102 6935 7101
f 7299 7269 8187
f 7301 6932 6931
f 7306 7285 7284
f 7308 6962 6961
f 7315 7284 7309
f 7317 7312 7311
f 7319 6964 7331
f 7322 7297 7116
f 7317 7116 6965
f 7308 7303 7307
f 7326 6958 6957
f 7329 7291 7290
f 7328 7324 7291
f 7301 8187 7302
f 7319 7290 7318
f 7326 7309 7323
f 7272 7321 7275
f 7272 8187 7269
f 7274 7302 8187
f 7281 7307 7303
f 7283 7593 7594
f 7289 7324 7323
f 7293 7330 7294
f 7293 7318 7290
f 7310 7594 7637
f 7314 7595 7320
f 7282 7279 7593
f 7278 7277 7276
f 7314 7270 7311
f 7313 7295 7595
f 7288 7291 7324
f 7289 7637 7286
f 6003 6626 6136
f 6003 7165 6000
f 6690 8189 6691
f 6686 5981 5980
f 6685 6096 5981
f 6687 6806 6096
f 6002 5980 6626
f 6606 5351 5350
f 7164 8190 8191
f 8192 7174 8193
f 6015 8153 8152
f 6189 8155 8154
f 8157 6284 6283
f 6332 8152 8160
f 6593 6317 8161
f 6658 8154 8164
f 6014 8164 8153
f 6332 7131 6333
f 6805 6321 6052
f 6146 8162 6625
f 6607 8195 6604
f 8196 6125 8197
f 8198 7168 8199
f 8199 6633 8200
f 7177 8201 7178
f 8202 8204 8205
f 7208 7185 7205
f 7237 7186 7208
f 6819 7230 7237
f 6818 6824 6819
f 8206 6821 6818
f 8207 8135 8208
f 6917 8209 6916
f 8209 7259 6916
f 8210 6647 7259
f 6812 8212 7258
f 6809 7258 7257
f 6809 8213 6113
f 6113 8214 6110
f 7235 6110 8214
f 7223 7234 6147
f 6147 8215 6148
f 6148 8216 6153
f 8218 6158 8217
f 8219 6116 6119
f 6284 6116 6285
f 6188 8156 8155
f 8155 6873 8138
f 8138 6872 8137
f 8137 8148 6581
f 6193 6281 6190
f 6190 6278 6195
f 8220 8222 8223
f 8224 7139 7138
f 6223 8226 8227
f 6237 8228 8229
f 6238 8227 8230
f 6249 8231 8232
f 6253 8233 8234
f 6236 8221 8228
f 6331 8230 8235
f 6252 8236 8233
f 6222 8229 8226
f 6828 8237 8238
f 6280 8240 8241
f 8208 6883 8206
f 6648 8211 8212
f 6143 8242 8243
f 6624 8244 8242
f 8245 8247 8248
f 8249 8251 8252
f 7195 8254 7196
f 7214 8253 7195
f 8256 7214 7213
f 7243 8257 7244
f 7210 8257 7211
f 8259 6102 8260
f 8261 6121 8262
f 8178 8263 8179
f 7132 8264 8263
f 6797 8265 8264
f 6135 8266 8265
f 6134 8267 8266
f 6151 8268 8267
f 6154 8270 8268
f 8269 8272 8270
f 7194 8273 8274
f 7193 8275 8273
f 8249 8260 8276
f 8248 8278 8245
f 6129 8279 8280
f 7169 8197 6125
f 8198 8192 8197
f 7171 7175 7173
f 6589 7129 6587
f 6801 6040 7129
f 6037 6041 6040
f 6036 6659 6041
f 6131 6118 6659
f 6156 6119 6118
f 8218 6119 6155
f 8219 6815 6642
f 7191 6641 6814
f 8246 7189 7191
f 8245 8281 8282
f 8280 6288 6287
f 6125 7170 7169
f 6288 6602 6123
f 6126 6604 8195
f 8196 6605 6604
f 7174 6691 8189
f 6691 6139 6692
f 7171 8283 7172
f 7172 8284 6142
f 6139 8284 6692
f 8285 8287 8288
f 8211 8289 8286
f 8290 8292 8289
f 8293 8291 8290
f 8293 8208 8295
f 8296 8298 8295
f 6818 8296 8206
f 8285 7258 8212
f 7243 7212 7211
f 7243 8300 8299
f 8301 6739 6738
f 8302 7213 7247
f 8303 7247 6168
f 8304 6168 6167
f 6738 8297 8301
f 8288 6167 6170
f 8304 8291 8305
f 8305 8294 6737
f 6737 8306 8305
f 6736 8307 8306
f 8243 8308 8309
f 8242 8282 8308
f 8247 7191 7190
f 7196 8251 7192
f 8253 8311 8254
f 8255 8310 8253
f 8313 8255 8256
f 7244 8313 8307
f 8313 8258 8312
f 8312 8314 8310
f 8315 8310 8314
f 8311 8316 8252
f 8282 8317 8308
f 8308 8261 8309
f 8309 8262 8318
f 8248 8275 8276
f 8282 8246 8245
f 8307 8256 8302
f 8306 8302 8303
f 8305 8303 8304
f 8298 6737 8294
f 8287 8304 6167
f 7253 7199 7198
f 8319 6028 7199
f 8320 6029 6028
f 8321 7184 6029
f 8322 7185 7184
f 8203 7205 7185
f 8202 7206 7205
f 7239 7210 7209
f 7251 8319 7253
f 7227 8320 8319
f 7217 8321 8320
f 7216 8322 8321
f 7236 8203 8322
f 6175 8200 7204
f 7165 8191 6177
f 6137 7166 6138
f 6200 8283 6137
f 6199 8284 8283
f 8284 6205 6692
f 6205 6689 6692
f 6689 5485 3833
f 7009 8323 7107
f 7013 7021 7020
f 7017 7029 7028
f 7013 7110 7010
f 7073 7084 7089
f 7081 7093 7092
f 7082 7028 7025
f 7088 6995 6994
f 7088 7057 7085
f 7122 7043 7042
f 7124 7024 7126
f 7082 7024 7123
f 7009 7042 7006
f 7012 7126 7021
f 7115 7015 7057
f 7008 7058 8323
f 7081 7120 7078
f 7073 7079 7071
f 6997 7076 7113
f 7023 6942 6941
f 7027 7069 7038
f 7031 6989 6988
f 7079 7033 7032
f 7037 7107 8323
f 7027 7126 7024
f 7041 7029 7114
f 7026 6988 7069
f 7100 6941 7098
f 7108 7002 7019
f 7100 8323 7058
f 6997 7114 6994
f 7022 7039 6942
f 7111 7033 7255
f 7035 7260 7032
f 7261 6996 7260
f 7108 7120 7106
f 7245 8258 7210
f 7246 8314 7245
f 7181 8316 7182
f 8277 6129 8278
f 8278 8280 8281
f 6287 8281 8280
f 6122 8317 6287
f 5487 6144 5488
f 5489 6162 5490
f 6637 8325 8326
f 8326 8225 8224
f 5494 8225 5495
f 6160 8150 8139
f 5496 8151 5497
f 8163 6162 6161
f 6146 8327 8163
f 8243 6144 6143
f 8328 8309 8318
f 8318 5501 5500
f 8262 5502 5501
f 8329 8331 8332
f 8333 8335 8336
f 8338 6007 8337
f 8329 8339 8340
f 8341 6734 8330
f 6006 8337 6007
f 8342 6804 6800
f 6065 8339 8343
f 5995 8341 8340
f 6918 6166 6165
f 7221 6166 6880
f 6172 6880 6166
f 8344 5955 6713
f 5519 5975 5520
f 6806 8346 6695
f 6646 8347 6643
f 8165 8349 6323
f 6322 8131 6090
f 8345 6688 8351
f 6695 5975 5974
f 5976 5528 6713
f 5529 8131 5530
f 6643 8352 8168
f 8183 5532 8184
f 5534 8130 5529
f 6730 5533 8183
f 8351 6093 8185
f 5535 6594 3856
f 8353 6652 6651
f 8354 8355 8356
f 8357 6825 6202
f 8359 6202 6201
f 6224 8356 8360
f 6275 8362 6276
f 6201 7143 8359
f 7146 8359 7143
f 8357 8363 8364
f 8355 8366 8367
f 8361 8368 8362
f 8356 8367 8369
f 8370 8372 7142
f 8220 7145 8374
f 6275 6228 6231
f 5558 6228 6274
f 8375 8367 8366
f 8362 8376 8377
f 8378 8380 8381
f 8363 8382 8383
f 8384 8381 8385
f 8382 8386 8385
f 8383 8364 8363
f 6226 6231 6230
f 6231 8361 6275
f 6636 8389 8379
f 6635 8388 6636
f 8390 5576 5575
f 8379 6232 6636
f 8378 6233 6232
f 8384 8371 6233
f 8372 8393 7141
f 7138 8239 8224
f 8224 8394 8326
f 8146 8394 6282
f 6638 8326 8394
f 6340 6299 6298
f 6747 6577 6576
f 6344 6346 6345
f 6342 6355 6303
f 6353 6349 6297
f 6337 6369 8395
f 6360 6328 6327
f 6358 6386 6385
f 6364 6293 6295
f 6362 6376 6373
f 6366 6297 6296
f 6350 6372 6370
f 6533 6303 6302
f 6534 6346 6343
f 6744 6533 6302
f 6536 6747 6576
f 6357 6894 6386
f 6341 6832 6355
f 6839 6292 6291
f 6837 6380 6379
f 6838 6354 6292
f 6361 6377 6376
f 6363 6296 6293
f 6365 6373 6372
f 6359 6291 6328
f 6836 6385 6380
f 6481 6902 6544
f 6484 6501 6500
f 6477 6487 6474
f 6849 6492 6491
f 6494 6467 6466
f 6547 6544 6543
f 6750 6546 6547
f 6494 6751 6750
f 6843 6500 6846
f 6845 6575 6843
f 6489 6847 6853
f 6474 6491 6490
f 6483 6906 6501
f 6493 6465 6490
f 6471 6544 6902
f 6472 6485 6473
f 6476 6461 6460
f 6470 6542 6545
f 6570 6569 6749
f 6495 6463 6493
f 6475 6462 6461
f 6572 6477 6476
f 6574 6457 6456
f 6569 6543 6545
f 6575 6473 6485
f 6471 6901 6448
f 6469 6508 6513
f 6498 6479 6478
f 6503 6518 6517
f 6489 6505 6486
f 6467 6509 6468
f 6546 6498 6478
f 6549 6752 6753
f 6752 6466 6469
f 6503 6846 6500
f 6850 6844 6846
f 6507 6852 6525
f 6486 6509 6849
f 6502 6909 6518
f 6858 6664 6307
f 8396 6611 6610
f 6833 6324 6216
f 8399 6825 8400
f 6831 8401 8402
f 6707 6826 8399
f 8398 6890 6324
f 6858 8404 6554
f 8405 6610 6876
f 6830 6553 8401
f 8397 6911 6611
f 8400 8358 8365
f 8358 8364 8406
f 8406 8387 8407
f 8389 8380 8379
f 8389 8409 8377
f 8388 8410 8409
f 5575 8410 8390
f 6665 8411 6875
f 8412 6720 6721
f 8413 5601 6720
f 8411 8413 8412
f 6262 6290 6263
f 5602 8414 5604
f 6599 3735 5605
f 7141 7142 8372
f 8393 8241 8240
f 8227 7147 7151
f 8229 8374 7148
f 8230 7151 7153
f 8232 8415 8416
f 8234 8417 8418
f 8221 8374 8228
f 8235 7153 8419
f 8233 8420 8417
f 8226 7148 7147
f 8238 8421 8422
f 7141 8240 7138
f 6581 6655 8137
f 6640 8140 8139
f 6710 8141 6868
f 6717 6712 6316
f 6860 8143 6864
f 6870 6867 6656
f 6717 6726 6714
f 6870 6192 6115
f 6860 6050 6059
f 6710 6025 6024
f 6639 6871 8140
f 6640 8324 6637
f 6581 8147 6193
f 5615 6234 8370
f 7144 8374 7145
f 7144 6210 7149
f 7150 6210 6209
f 7152 6209 6329
f 7152 8419 7153
f 7154 8421 8419
f 7158 8415 8422
f 7160 8420 8416
f 7162 8418 8417
f 7161 5616 8418
f 8370 6233 8371
f 8373 7146 7145
f 8392 8386 8223
f 8391 8372 8371
f 5617 6713 5528
f 5973 3355 5972
f 8345 5619 8346
f 3880 6910 5621
f 8351 5620 8345
f 8346 5520 5975
f 5621 6911 5623
f 5622 8185 5534
f 8150 5497 8151
f 8423 8425 8426
f 8427 6519 8428
f 8429 8431 8432
f 6523 8433 6526
f 8434 8436 8437
f 8438 8434 8439
f 8438 6511 6528
f 8441 8424 8423
f 8427 8430 8429
f 8444 8445 8446
f 8447 8424 8448
f 8449 8444 8450
f 8451 8430 8452
f 8453 8454 8455
f 8456 8437 8453
f 8439 8456 8457
f 8448 8442 8458
f 8452 8443 8449
f 8425 8459 8446
f 8460 8462 8463
f 8464 8466 8467
f 8468 8470 8471
f 8472 8474 8475
f 8476 8478 8479
f 8480 8482 8483
f 8484 8486 8487
f 8485 8489 8486
f 8490 8481 8480
f 8492 8494 8495
f 8495 8496 8497
f 8498 8500 8501
f 8502 8500 8503
f 8504 8506 8507
f 8508 8510 8511
f 8513 8511 8512
f 8507 8514 8515
f 8516 8518 8519
f 8520 8516 8521
f 8522 8524 8525
f 8526 8522 8525
f 8528 8530 8531
f 8532 8529 8533
f 8534 8536 8537
f 8538 8534 8537
f 8464 8481 8465
f 8483 8541 8480
f 8542 8484 8467
f 8487 8540 8483
f 8488 8542 8544
f 8545 8486 8489
f 8481 8466 8465
f 8547 8489 8490
f 8548 8493 8471
f 8549 8502 8492
f 8551 8494 8548
f 8497 8552 8495
f 8469 8499 8470
f 8547 8497 8498
f 8469 8503 8500
f 8501 8550 8545
f 8460 8507 8461
f 8552 8506 8505
f 8554 8510 8463
f 8549 8505 8509
f 8554 8512 8511
f 8513 8550 8508
f 8461 8515 8462
f 8557 8513 8514
f 8558 8519 8479
f 8559 8527 8518
f 8521 8558 8561
f 8553 8517 8520
f 8477 8524 8478
f 8520 8557 8553
f 8476 8525 8477
f 8527 8556 8522
f 8563 8528 8475
f 8564 8531 8565
f 8533 8563 8566
f 8562 8530 8532
f 8473 8536 8474
f 8559 8532 8535
f 8472 8537 8473
f 8560 8539 8564
f 8463 8555 8554
f 8544 8467 8466
f 8470 8548 8471
f 8475 8566 8563
f 8479 8561 8558
f 8484 8483 8482
f 8490 8488 8491
f 8503 8492 8502
f 8498 8496 8499
f 8504 8509 8505
f 8515 8513 8512
f 8519 8527 8526
f 8521 8523 8520
f 8528 8539 8538
f 8533 8535 8532
f 8467 8482 8464
f 8487 8546 8543
f 8544 8491 8488
f 8480 8547 8490
f 8493 8468 8471
f 8495 8549 8492
f 8551 8499 8496
f 8501 8547 8498
f 8460 8510 8504
f 8508 8549 8509
f 8555 8515 8512
f 8506 8557 8514
f 8519 8476 8479
f 8517 8559 8518
f 8561 8524 8521
f 8522 8557 8523
f 8475 8538 8472
f 8567 8531 8530
f 8566 8536 8533
f 8560 8535 8534
f 8442 8568 8569
f 6512 8568 6754
f 8570 8571 8572
f 8426 6514 8423
f 8428 8443 8427
f 6522 8432 6523
f 8437 8433 8454
f 6524 8435 6527
f 6528 8435 8438
f 8423 6550 8441
f 8429 6516 8427
f 6515 8445 6908
f 8441 6754 8568
f 8570 8569 8568
f 8440 6512 6511
f 8569 8458 8442
f 8574 8572 8571
f 8572 8573 8569
f 8453 8577 8456
f 8576 8455 8578
f 8452 8580 8451
f 8573 8582 8458
f 8575 8581 8573
f 8584 8575 8574
f 8571 8457 8574
f 8439 8440 8438
f 8585 8587 8588
f 8587 8590 8588
f 8589 8592 8590
f 8591 8594 8592
f 8593 8596 8594
f 8595 8598 8596
f 8599 8586 8585
f 8601 8600 8599
f 8603 8602 8601
f 8605 8598 8597
f 8607 8604 8603
f 8609 8608 8607
f 8611 8610 8609
f 8606 8612 8611
f 8613 8589 8587
f 8614 8591 8589
f 8615 8593 8591
f 8616 8595 8593
f 8617 8597 8595
f 8619 8617 8616
f 8620 8618 8617
f 8620 8623 8621
f 8624 8626 8627
f 8626 8622 8627
f 8620 8628 8622
f 8622 8629 8627
f 8627 8630 8624
f 8632 8634 8631
f 8636 8633 8635
f 8637 8636 8635
f 8639 8632 8640
f 8633 8641 8635
f 8635 8642 8637
f 8642 8644 8637
f 8645 8637 8644
f 8586 8613 8587
f 8600 8646 8586
f 8616 8648 8619
f 8615 8649 8648
f 8613 8649 8614
f 8651 8613 8646
f 8647 8651 8646
f 8652 8654 8651
f 8602 8647 8600
f 8655 8652 8647
f 8656 8653 8652
f 8653 8659 8654
f 8658 8661 8659
f 8644 8663 8645
f 8664 8662 8665
f 8661 8666 8659
f 8666 8654 8659
f 8667 8651 8654
f 8668 8597 8618
f 8669 8618 8621
f 8670 8621 8623
f 8671 8623 8626
f 8671 8625 8672
f 8625 8673 8672
f 8636 8675 8634
f 8638 8674 8636
f 8645 8676 8638
f 8645 8678 8677
f 8679 8660 8658
f 8657 8658 8653
f 8583 8648 8649
f 8650 8583 8649
f 8667 8581 8650
f 8666 8582 8667
f 8664 8681 8666
f 8682 8665 8683
f 8684 8643 8642
f 8684 8641 8579
f 8639 8579 8641
f 8580 8640 8578
f 8629 8576 8630
f 8604 8655 8602
f 8608 8686 8604
f 8610 8687 8608
f 8612 8688 8610
f 8605 8689 8612
f 8690 8668 8669
f 8691 8689 8690
f 8692 8688 8691
f 8693 8687 8692
f 8656 8686 8693
f 8694 8669 8670
f 8695 8690 8694
f 8696 8691 8695
f 8697 8692 8696
f 8657 8693 8697
f 8697 8679 8657
f 8696 8698 8697
f 8696 8700 8699
f 8694 8700 8695
f 8670 8701 8694
f 8702 8671 8672
f 8701 8703 8700
f 8703 8699 8700
f 8699 8705 8698
f 8698 8680 8679
f 8672 8706 8702
f 8675 8707 8708
f 8674 8709 8707
f 8709 8677 8710
f 8677 8711 8710
f 8712 8710 8711
f 8702 8714 8703
f 8713 8714 8715
f 8707 8716 8717
f 8717 8713 8715
f 8710 8716 8709
f 8708 8717 8715
f 8546 8599 8543
f 8546 8603 8601
f 8550 8603 8545
f 8556 8607 8550
f 8560 8609 8556
f 8564 8611 8560
f 8565 8606 8564
f 8565 8596 8598
f 8567 8594 8596
f 8562 8592 8594
f 8553 8590 8592
f 8590 8541 8588
f 8540 8588 8541
f 8543 8585 8540
f 8684 8450 8685
f 8579 8449 8684
f 8682 8448 8681
f 8447 8683 8459
f 8681 8458 8582
f 8628 8619 8718
f 8584 8619 8648
f 8628 8577 8629
f 8457 8577 8718
f 8574 8718 8584
f 7134 6919 7135
f 6164 6919 6783
f 5485 6609 5921
f 3832 8188 6690
f 5921 6221 3354
f 5922 7128 6607
f 6439 8720 6440
f 8720 6570 6749
f 6570 8721 6464
f 6439 8721 8719
f 6727 6057 6312
f 6312 6073 6247
f 6828 6073 6072
f 6877 6267 6745
f 6745 6299 6744
f 6891 6305 6889
f 6338 6746 6339
f 6438 6410 6435
f 6412 6440 6748
f 6564 6424 6565
f 6842 6577 8395
f 6889 6829 7156
f 6579 6564 6563
f 6435 6565 6424
f 8722 6306 6891
f 8723 6058 6727
f 6269 6878 6879
f 7160 6829 6598
f 8724 8143 8725
f 8238 6248 6828
f 6339 6744 6299
f 8395 6338 6337
f 6879 8404 8726
f 8422 8231 8238
f 8725 6859 8723
f 8416 7157 7160
f 6059 6049 6056
f 6330 6049 6048
f 7156 6259 6889
f 6269 6264 6266
f 6297 6264 6241
f 6340 6351 6337
f 6368 8395 6369
f 6422 6559 6423
f 6436 6404 6437
f 6447 6438 6437
f 6424 6436 6435
f 6331 6099 6330
f 6422 6842 6368
f 8722 6856 8726
f 8141 6862 8142
f 6265 6617 6242
f 6324 6259 6258
f 7158 6260 7156
f 6709 6863 8141
f 8235 6827 6331
f 6298 6352 6340
f 6370 6351 6350
f 6891 8403 8722
f 8419 8237 8235
f 6051 8145 6709
f 8422 7155 7158
f 8721 6446 6464
f 6748 8720 6749
f 8727 6011 8194
f 8158 8144 8724
f 6009 6861 8144
f 6008 6862 6861
f 8142 8727 8160
f 6554 6893 6858
f 6833 6708 8398
f 6708 8403 8398
f 5623 6892 4042
f 8406 8365 8358
f 8407 8366 8406
f 8377 8408 8389
f 8397 6530 6529
f 6651 8400 8353
f 8402 6616 6615
f 6618 8399 6651
f 6554 6878 6551
f 8396 6854 6530
f 8401 6552 6616
f 6892 6529 6743
f 8353 8365 8355
f 8377 6276 8362
f 8409 6277 6276
f 8410 5932 6277
f 8726 6857 8722
f 8726 6855 6879
f 7234 6106 8215
f 8279 6127 6288
f 8354 6227 6652
f 6246 6619 6289
f 8239 6282 8394
f 8162 6286 6625
f 6292 6246 6289
f 6382 6377 6379
f 6392 6396 6393
f 6396 6427 6428
f 6398 6443 6459
f 6459 6458 6460
f 6525 6523 6526
f 6558 6271 6555
f 6429 6560 6561
f 6460 6572 6476
f 6272 3736 3735
f 7128 6602 8195
f 6227 6244 6652
f 7180 6634 6103
f 6642 6285 8219
f 6356 6740 6614
f 6816 8218 8217
f 6820 8301 6817
f 6355 6741 6356
f 6344 6834 6341
f 6364 6840 6361
f 6375 6560 6415
f 6848 6488 6477
f 6853 6506 6489
f 6530 6740 6531
f 8140 6874 6601
f 6555 6831 6876
f 8215 6881 8216
f 6348 6894 6345
f 6383 6896 6417
f 6433 6896 6420
f 6432 6898 6390
f 6406 6898 6407
f 6900 6387 6899
f 6900 6448 6901
f 6472 6903 6482
f 6480 6903 6902
f 6497 6906 6479
f 6908 6518 6909
f 4280 6120 6603
f 6100 7170 6128
f 6632 7188 8201
f 7235 7201 7200
f 7206 7212 7207
f 8213 7232 7231
f 8214 7231 7201
f 6108 7200 7203
f 7238 8300 6820
f 7207 8299 7238
f 8205 7240 8202
f 6170 7232 7256
f 6638 8149 6639
f 6601 8157 6600
f 6600 6283 8162
f 8392 8222 8393
f 6278 8241 6279
f 6816 8274 6813
f 6642 6814 6641
f 6128 6124 8279
f 8195 6127 6126
f 8212 8286 8285
f 8292 8286 8289
f 8290 8210 8209
f 8207 8290 8209
f 8294 8295 8298
f 8206 8295 8208
f 6817 8297 8296
f 8288 7256 8285
f 7209 7240 7239
f 6225 8360 8361
f 8369 8360 8356
f 8375 8368 8369
f 8381 8387 8383
f 8385 8383 8382
f 8385 8391 8384
f 8147 6282 6281
f 6345 6835 6344
f 6327 6834 6360
f 6295 6841 6364
f 6379 6840 6837
f 6853 6845 6844
f 6479 6905 6480
f 6848 6571 6573
f 6452 6904 6472
f 6525 6851 6520
f 6496 6907 6497
f 8402 6876 6831
f 8408 8387 8380
f 6279 8222 8221
f 6872 8149 8148
f 8223 8373 8220
f 6526 8436 6524
f 8446 8426 8425
f 8455 8431 8451
f 8446 8450 8444
f 8454 8432 8431
f 6908 8428 6519
f 8578 8451 8580
f 8632 8625 8624
f 8640 8624 8630
f 8660 8662 8661
f 8662 8643 8665
f 8675 8631 8634
f 8680 8663 8660
f 8683 8643 8685
f 8578 8630 8576
f 8673 8708 8706
f 8678 8705 8711
f 8711 8704 8712
f 8706 8715 8714
f 8703 8712 8704
f 8459 8685 8450
f 8407 8376 8375
f 6615 8405 8402
f 5993 6335 5994
f 6060 6018 5991
f 5993 6081 6080
f 6105 6176 6702
f 6177 6000 7165
f 6309 6310 6251
f 8725 6314 8724
f 8724 6318 8158
f 6321 6053 6052
f 6249 6310 6247
f 6596 6257 6597
f 8188 6605 8189
f 5986 6682 6060
f 6714 6311 6309
f 6047 6086 6081
f 6875 6304 6665
f 6001 6912 5983
f 7162 6597 6257
f 7254 6912 6704
f 6684 7163 7254
f 8723 6315 8725
f 6592 6318 6317
f 8332 8171 8728
f 6607 5350 5922
f 8191 8198 8199
f 8197 8193 8196
f 8159 6319 6321
f 8232 6595 6249
f 8192 7173 7175
f 8189 8193 7174
f 6177 8199 6175
f 6733 8330 6734
f 8340 8330 8329
f 8341 6335 6334
f 8412 6875 8411
f 8414 6273 6599
f 8416 8236 8232
f 6727 8136 8723
f 8417 7159 7162
f 6277 5558 6274
f 5935 6635 6235
f 5991 6061 6060
f 6019 6682 6681
f 5999 6033 5996
f 6045 6677 6680
f 6055 6083 7130
f 5995 6063 5992
f 6084 6053 6046
f 6088 5989 8166
f 6063 6046 5992
f 6066 6034 5999
f 6103 7181 7180
f 6673 6133 6132
f 6149 6153 6152
f 6323 8166 8165
f 6585 6083 6082
f 6630 6702 6176
f 6634 7168 7167
f 6676 6152 6133
f 6703 6628 7248
f 6796 6728 8178
f 6069 6097 6066
f 6132 6674 6673
f 6803 6800 6804
f 6011 6055 7130
f 6799 6582 6585
f 7194 6881 6882
f 7131 6583 6333
f 6798 6913 6674
f 7179 8204 7236
f 7183 7246 7242
f 7188 7242 7241
f 6109 7192 6882
f 7204 6176 6175
f 7219 6628 6627
f 7218 7248 6628
f 7179 6627 7176
f 7250 6704 6703
f 7228 7249 7248
f 6678 7249 6679
f 5997 7251 5998
f 8168 6644 6643
f 8167 6732 6644
f 8169 6733 6732
f 8170 8331 6733
f 8336 8173 8172
f 8182 8175 8174
f 8182 8176 8181
f 8181 8177 8180
f 8180 8179 7136
f 7133 6590 6913
f 7130 8194 6011
f 8200 6632 7177
f 7178 8205 8204
f 8269 6153 8216
f 8254 8252 8251
f 8260 6101 8277
f 8179 6802 7136
f 8263 6038 6802
f 8264 6039 6038
f 8265 6130 6039
f 8266 6157 6130
f 8267 6158 6157
f 8268 8217 6158
f 8270 6816 8217
f 6813 8273 7190
f 8273 8247 7190
f 8276 8277 8248
f 7192 8250 7193
f 8252 8259 8249
f 8276 8250 8249
f 7204 7177 7176
f 7182 8315 7246
f 8343 8334 8333
f 8333 8342 8343
f 8343 6800 6065
f 8340 6064 5995
f 6323 8350 6322
f 8168 8348 8165
f 8349 5936 8350
f 8352 5938 8348
f 6103 7167 6100
f 8271 8216 6881
f 8201 7241 8205
f 8274 8271 7194
f 5991 6017 5988
f 8728 6017 6016
f 5997 6680 6679
f 5996 6045 6680
f 6033 6042 6045
f 6042 8175 8172
f 8172 8338 8336
f 8336 8337 8333
f 6684 6677 6681
f 6681 6044 6019
f 6019 6043 6016
f 6016 8173 8728
f 8728 8335 8332
f 8332 8334 8329
f 8194 8160 8727
f 6805 6009 8158
f 5940 7137 6719
f 8324 5942 8325
f 8325 5495 8225
f 6253 4292 6250
f 7137 5944 6715
f 8348 5937 8349
f 8350 5530 8131
f 5624 6159 5489
f 6718 5940 6719
f 8327 5490 6162
f 8347 5939 8352
f 5933 6121 6120
f 8184 5946 8347
f 7142 5615 8370
f 6145 5945 8327
f 8234 5943 6253
f 8328 5488 6144
f 8318 5948 8328
f 7139 4299 7140
f 8418 5947 8234
f 5604 6599 5605
f 5949 6712 6716
f 5944 6716 6715
f 6720 5950 6255
f 6255 4322 6256
f 5614 6235 6234
f 6711 5951 8161
f 8161 3857 6593
f 5973 2965 3013
f 2965 5963 222
f 222 5960 223
f 223 5958 3186
f 5958 3185 3186
f 5957 2977 3185
f 5970 1213 2977
f 5967 1214 1213
f 2532 5966 5953
f 2894 5953 5952
f 2871 5952 8344
f 5510 5721 5509
f 5822 5824 5823
f 3511 3844 3735
f 3887 3889 3888
f 3876 3878 3877
f 3356 3911 3909
f 3372 3390 3391
f 3849 3851 3850
f 3481 3867 3866
f 3873 3385 3382
f 3875 3450 3452
f 3915 3865 3862
f 3657 3671 3656
f 5618 3013 2152
f 1997 1889 1892
f 1237 744 855
f 1535 120 121
f 1531 201 214
f 1119 1032 984
f 946 824 947
f 163 5 162
f 9041 9175 9193
f 1155 1162 1164
f 427 327 424
f 553 796 498
f 8732 2231 2237
f 8732 2230 2232
f 2237 3180 8732
f 8734 8736 8733
f 8735 8738 8736
f 8737 8740 8738
f 8739 8742 8740
f 8743 8745 8746
f 8746 8747 8748
f 8749 8748 8747
f 8751 8750 8749
f 8754 8756 8753
f 8757 8755 8754
f 8759 8758 8757
f 8761 8760 8759
f 8763 8762 8761
f 8766 8749 8765
f 8765 8747 8767
f 8767 8745 8768
f 8768 8744 8769
f 8744 8771 8769
f 8770 8772 8771
f 8741 8773 8772
f 8739 8774 8773
f 8737 8775 8774
f 8735 8776 8775
f 8776 8777 3184
f 2904 8779 2947
f 8780 2904 2902
f 8781 2902 2876
f 2875 8781 2876
f 8783 2733 2736
f 2825 8786 2824
f 8788 8790 8787
f 8792 8787 8791
f 2724 8785 2825
f 8787 3115 3117
f 8791 3117 3119
f 8794 8765 8793
f 8793 8767 8795
f 8795 8768 8796
f 8796 8769 8797
f 8797 8771 8798
f 8771 8799 8798
f 8772 8800 8799
f 8773 8801 8800
f 8774 8802 8801
f 8775 8803 8802
f 8776 3056 8803
f 8802 2253 2252
f 8801 2252 1727
f 8800 1727 2150
f 8799 2150 1941
f 8804 8799 1941
f 8805 8798 8804
f 8806 8797 8805
f 8807 8796 8806
f 8793 8807 8808
f 8794 8808 8809
f 8810 8809 8808
f 8808 8806 8810
f 8810 8805 8812
f 8813 8810 8812
f 8812 8804 8814
f 8815 8812 8814
f 8814 1941 1360
f 8755 8752 8756
f 8758 8750 8755
f 8760 8748 8758
f 8762 8746 8760
f 8816 8764 8763
f 8818 8820 8817
f 8816 8782 8784
f 8821 8817 8816
f 8789 8783 8786
f 8818 8789 8788
f 8819 8788 8792
f 8822 8819 8823
f 8823 8792 8824
f 8824 8791 2712
f 2712 3119 3128
f 8826 8823 8825
f 8825 8824 8827
f 8827 2712 2711
f 8828 2711 2400
f 8829 8827 8828
f 8830 8825 8829
f 8743 8764 8831
f 8817 8831 8764
f 8770 8743 8831
f 8741 8831 8742
f 8820 8742 8831
f 8740 8822 8826
f 8738 8826 8830
f 8736 8830 8832
f 8833 2400 2402
f 8834 8828 8833
f 8832 8829 8834
f 8835 2402 2707
f 3058 2707 2708
f 3061 8835 3058
f 8836 8833 8835
f 8733 8832 8837
f 8837 8834 8836
f 8777 8733 8838
f 8838 8837 1962
f 8837 3061 1962
f 1961 8838 1962
f 3057 8777 8838
f 8779 8753 8839
f 8778 8754 8779
f 8780 8757 8778
f 8781 8759 8780
f 8782 8761 8781
f 8821 8784 8783
f 8785 8789 8786
f 2723 8790 8785
f 2875 8784 8782
f 2736 8786 8783
f 2947 8839 8944
f 8815 1360 8941
f 1900 1924 1901
f 1736 1718 1750
f 1955 1943 1956
f 1671 1735 1751
f 1696 1698 1692
f 1800 1864 1801
f 2063 2056 2060
f 1737 1717 1736
f 1751 1697 1695
f 943 9351 684
f 9108 8753 9057
f 1577 1764 1703
f 9369 1599 9375
f 1945 82 1944
f 68 7 248
f 147 1543 148
f 1109 1133 1102
f 1503 1907 1908
f 1499 1909 1498
f 452 735 215
f 1824 9287 9297
f 1825 2068 1824
f 1463 1022 1194
f 841 1009 1011
f 1568 1955 1534
f 1926 1927 1923
f 1910 1502 1939
f 1939 422 442
f 309 1940 308
f 1804 1866 1803
f 269 1954 56
f 2065 2060 2056
f 9264 1758 9287
f 280 552 1940
f 1875 1869 1874
f 1739 1734 1737
f 5923 5899 5924
f 1778 1790 1788
f 310 1915 279
f 1909 1906 1954
f 1789 1778 1788
f 978 980 979
f 1584 1731 1583
f 425 311 312
f 148 115 116
f 2044 9346 2046
f 277 1939 551
f 1943 1945 1944
f 1461 1463 1464
f 2253 3056 3055
f 2981 8927 958
f 2209 8927 3055
f 2254 3055 8927
f 2998 958 8927
f 2826 2721 2724
f 8928 2721 2817
f 2816 8928 2817
f 2334 2296 2335
f 2298 2334 2336
f 2301 2336 2338
f 2311 2338 2354
f 2312 2354 2355
f 2359 2361 2360
f 2335 2359 2360
f 2414 2365 2364
f 2413 2361 2365
f 2355 2540 2541
f 2541 2539 2542
f 2722 2739 2738
f 3114 2738 3113
f 3110 3121 3120
f 3108 3120 3113
f 3122 3127 3126
f 3112 3126 3121
f 3127 1753 3135
f 3139 2529 2542
f 9196 3133 3139
f 8928 2740 2739
f 8929 2789 8928
f 228 91 88
f 245 243 242
f 248 247 191
f 2 296 295
f 145 300 267
f 327 210 328
f 329 331 330
f 250 228 236
f 239 240 230
f 373 375 374
f 178 176 175
f 1218 1228 1321
f 9314 1295 9306
f 808 824 823
f 9310 1013 1014
f 9265 1411 1413
f 2154 2159 2160
f 9297 1758 1757
f 306 1922 452
f 2157 1976 1977
f 708 2031 1474
f 1450 1227 1428
f 1672 1605 1624
f 1813 1821 1816
f 1717 1715 1718
f 176 402 347
f 1710 9368 9367
f 1712 1577 1711
f 1705 1711 1704
f 3435 3475 3434
f 971 979 970
f 822 1094 1102
f 2909 2793 2792
f 2810 2795 2793
f 2799 2249 2800
f 9114 2910 2799
f 2769 2801 2795
f 3177 3178 3179
f 3178 3180 3179
f 3181 1393 2800
f 3181 1632 3182
f 3182 2244 3183
f 3183 2243 3180
f 8932 2790 8929
f 2808 8929 2816
f 2239 9016 2240
f 1149 9015 9014
f 1150 9011 9015
f 2202 9010 2015
f 2921 9009 2923
f 9012 2133 2928
f 1777 1759 1792
f 1201 1183 1184
f 9005 2195 2194
f 8997 2770 2768
f 9379 1687 1692
f 1516 154 503
f 8993 2974 2803
f 8994 2779 2778
f 2771 9019 8990
f 3070 8990 9002
f 8991 2775 2867
f 1376 1370 1372
f 2767 9000 2206
f 2195 8987 2767
f 2775 8986 2776
f 8344 8989 2871
f 9256 8983 2806
f 2776 8982 2805
f 2240 8979 2920
f 2920 9121 9071
f 8992 2786 2779
f 1805 1851 1804
f 8978 2787 2786
f 2951 8984 8975
f 2772 8975 9019
f 2973 8974 8980
f 2224 8981 8974
f 1957 320 510
f 306 304 303
f 2770 8972 2913
f 2913 9018 2239
f 2923 8971 2922
f 308 431 47
f 207 132 543
f 1879 1881 1880
f 9185 8969 2089
f 2475 9002 8968
f 2476 8968 8967
f 2223 8967 8981
f 8966 2803 2802
f 2037 11 1950
f 1959 450 505
f 2003 8964 2129
f 9 334 540
f 2009 8962 9011
f 2008 8980 8962
f 9329 673 9331
f 8959 2778 2784
f 2935 8957 2936
f 111 9014 8955
f 3238 3341 3237
f 8954 2935 2938
f 683 9337 943
f 8952 2810 2909
f 736 732 729
f 1795 1803 1796
f 8949 2938 2939
f 8951 2939 2940
f 2950 8948 2949
f 2940 8948 8951
f 9253 8956 2950
f 2868 8946 2869
f 2869 8966 2802
f 1024 1023 1020
f 8944 2948 2947
f 551 442 443
f 2972 9012 2928
f 2032 8943 2972
f 216 1924 1923
f 3532 3482 3533
f 203 201 200
f 3539 3541 3540
f 1828 1847 1837
f 1958 449 450
f 272 178 175
f 2871 8939 1361
f 9071 9008 2921
f 2801 9095 9114
f 2005 9106 2176
f 960 899 962
f 9109 9064 9076
f 9232 9098 3151
f 3151 9045 2555
f 2193 9075 2194
f 9059 3145 3144
f 9055 2761 3145
f 9044 3144 3104
f 2926 9086 3103
f 9086 3104 3103
f 9207 9198 9205
f 566 9210 2005
f 8839 1864 8944
f 1602 2079 2078
f 2868 9063 2922
f 2922 9062 2923
f 2923 9070 2921
f 9122 2918 9066
f 9071 9066 2920
f 2921 9122 9071
f 2920 9038 2240
f 9065 2915 2918
f 2917 9074 9093
f 2916 9093 9094
f 2239 9104 2913
f 2911 9104 2757
f 9095 2911 2910
f 2797 9114 9043
f 2797 9050 2750
f 9074 2763 2765
f 9060 2764 2745
f 2194 9100 2221
f 2221 9101 2222
f 2756 9061 2755
f 2750 9061 2747
f 9121 1817 9279
f 9215 1691 1699
f 2515 9042 2548
f 2548 9045 2550
f 2513 9084 9068
f 2513 9073 2515
f 2509 9072 2289
f 2510 9085 2509
f 2289 9091 2283
f 2283 9069 2286
f 2240 9039 2239
f 9111 9076 9078
f 716 9339 9340
f 727 9213 1923
f 2165 2170 2164
f 9112 9078 9081
f 9195 9030 9209
f 2175 769 770
f 2100 2095 2099
f 9210 9209 9030
f 640 9012 1826
f 1653 8997 1651
f 1895 8974 746
f 746 8981 741
f 1653 8972 9020
f 9214 1604 1672
f 2093 2073 2078
f 959 995 884
f 962 919 986
f 1400 1398 1399
f 1000 1127 1004
f 956 884 885
f 1662 8994 1661
f 2034 8990 1654
f 9378 8983 9254
f 8979 766 1817
f 9016 765 766
f 334 9015 335
f 1868 8984 1656
f 1684 1652 1678
f 1682 775 1807
f 1585 9214 1700
f 9215 1672 1673
f 2173 490 491
f 1658 8991 1752
f 9000 1650 724
f 1571 2010 1572
f 1587 9123 2080
f 2099 2077 2094
f 787 1999 786
f 2000 786 1999
f 3155 9149 9135
f 9165 9135 9241
f 2180 9137 9136
f 8940 9136 9157
f 1684 9292 1651
f 1760 8939 8989
f 2607 9145 2590
f 2581 9141 2607
f 2371 9152 9147
f 2371 9145 2372
f 2587 9127 2586
f 2586 9149 339
f 2497 9139 2503
f 2502 9139 9152
f 2494 9142 2495
f 9142 2472 2495
f 9140 2468 2472
f 9153 2469 2468
f 726 9344 630
f 581 8962 580
f 10 9014 334
f 1837 8954 1849
f 741 8967 1300
f 1299 9002 2034
f 1851 8948 1866
f 8971 1820 1819
f 580 8980 1895
f 1758 8966 8946
f 1693 8952 1806
f 8948 1867 1866
f 1894 9012 8943
f 2126 9265 9293
f 9358 9293 9364
f 2113 9319 2110
f 2179 9241 9137
f 624 9356 623
f 2192 9240 9232
f 2177 9239 9185
f 1364 9285 1338
f 9310 1470 1453
f 3135 9227 9196
f 2069 9287 2068
f 1351 9305 1352
f 2108 9353 499
f 2089 9188 9185
f 9280 1358 866
f 2001 9235 2187
f 2187 9171 2091
f 2130 9204 2004
f 2004 9201 2001
f 2014 9231 2201
f 2201 9208 2130
f 3167 9211 2969
f 3168 9172 3167
f 3159 9216 3160
f 3160 9217 3081
f 9182 3158 337
f 3158 9161 3159
f 2200 9182 9174
f 9137 9194 2204
f 9174 2197 2200
f 9242 2092 9173
f 9226 9173 2197
f 3154 9242 9226
f 3155 9158 3154
f 2091 9173 2092
f 2196 9202 9228
f 2193 9228 9233
f 9056 9233 9240
f 2086 9232 9230
f 2087 9230 9229
f 2204 9203 2205
f 2205 9202 3148
f 9361 574 692
f 2124 9229 9212
f 2208 9212 9234
f 9163 3140 3137
f 9237 3138 3140
f 9197 3139 3138
f 9223 3136 2322
f 9164 3137 3136
f 9227 3131 3133
f 9219 3132 3131
f 1813 9290 1814
f 1293 9308 1344
f 2184 9200 9184
f 2181 9184 9186
f 9217 3079 3081
f 9220 3080 3079
f 709 9327 2031
f 2774 9189 9221
f 9238 2134 9003
f 9261 766 765
f 2968 9218 2959
f 2969 9236 2968
f 2958 9189 2961
f 2132 9218 2960
f 2321 9223 9200
f 9312 1449 28
f 9357 582 710
f 9338 577 574
f 9299 1818 9279
f 705 9339 2121
f 9268 9359 698
f 2111 9363 2113
f 9262 1366 1411
f 1812 9274 1815
f 675 9304 674
f 8940 9303 675
f 2110 9320 2109
f 2104 9353 2106
f 2109 9351 944
f 9294 703 739
f 1680 9298 1684
f 1639 9271 9270
f 623 9358 697
f 2139 9318 9317
f 1808 9296 9289
f 9272 1819 1820
f 9324 9352 706
f 1646 9282 1648
f 9341 633 577
f 2139 9327 18
f 2156 9323 9326
f 674 9365 9321
f 2117 9264 2069
f 1815 9299 9275
f 9307 1444 1470
f 697 9364 9268
f 866 9288 9280
f 9316 2136 2135
f 9037 9178 9041
f 9035 9183 9037
f 9205 9190 9191
f 9192 9033 9195
f 1088 9198 1093
f 9191 9195 9205
f 2791 8933 2792
f 8932 2807 8933
f 2792 8934 2909
f 8933 2806 8934
f 8952 8934 8960
f 8960 2806 8983
f 2948 9243 9253
f 2105 9348 2104
f 8982 9256 2805
f 680 9328 683
f 1891 9362 9343
f 2905 9253 2950
f 2900 9251 2905
f 2901 9259 2877
f 2734 9258 9246
f 2877 9258 2878
f 2820 9246 2872
f 2818 9244 2827
f 2823 9244 2826
f 2822 9250 2821
f 2819 9252 9250
f 2817 9247 2816
f 2809 9247 2815
f 2808 9255 2807
f 2805 9255 2804
f 1702 9375 1599
f 9374 1797 1802
f 9367 1706 1709
f 9370 1692 1698
f 1657 9332 1879
f 1890 9347 9362
f 9224 1674 1675
f 1689 9224 9225
f 9378 8982 1688
f 8960 1689 9225
f 9369 1703 1764
f 1598 9380 1770
f 9332 1876 1879
f 1691 9377 9379
f 9377 1688 1687
f 1117 1118 9382
f 1066 1322 9382
f 1243 847 9382
f 9277 848 9382
f 1128 1117 9382
f 1129 1130 9382
f 841 1011 9382
f 1230 9315 9382
f 1242 1243 9382
f 1322 1229 9382
f 1064 1065 9382
f 1003 1128 9382
f 1229 1230 9382
f 9315 1285 9382
f 1285 1288 9382
f 848 839 9382
f 847 9277 9382
f 1118 1129 9382
f 1065 1066 9382
f 1087 1086 9382
f 1008 1002 9382
f 1011 1008 9382
f 1002 1003 9382
f 1076 1069 9382
f 838 841 9382
f 839 838 9382
f 1288 1242 9382
f 1130 1087 9382
f 1086 1076 9382
f 1069 1064 9382
f 2410 2414 9383
f 2411 2410 9383
f 9069 2285 9383
f 2394 2393 9383
f 2393 2396 9383
f 2281 2286 9383
f 2282 2280 9383
f 2398 2399 9383
f 2465 2464 9383
f 2396 2397 9383
f 2470 2469 9383
f 2399 2416 9383
f 2480 2395 9383
f 2459 2480 9383
f 2369 2282 9383
f 2460 2459 9383
f 2415 2411 9383
f 2416 2415 9383
f 2364 2363 9383
f 2286 9069 9383
f 2464 2470 9383
f 2469 9155 9383
f 2285 2465 9383
f 2414 2364 9383
f 2395 2394 9383
f 2363 2367 9383
f 2397 2398 9383
f 2280 2281 9383
f 9155 2460 9383
f 2367 2369 9383
f 9386 9389 9390
f 9386 9391 9387
f 9384 9389 9385
f 9390 9395 9391
f 9389 9392 9393
f 9389 9394 9390
f 9394 9399 9395
f 9393 9396 9397
f 9394 9397 9398
f 9399 9402 9403
f 9396 9401 9397
f 9397 9402 9398
f 9402 9407 9403
f 9401 9404 9405
f 9402 9405 9406
f 9407 9410 9411
f 9405 9408 9409
f 9405 9410 9406
f 9411 9414 9415
f 9409 9412 9413
f 9410 9413 9414
f 9414 9419 9415
f 9412 9417 9413
f 9413 9418 9414
f 9418 9423 9419
f 9417 9420 9421
f 9418 9421 9422
f 9422 9427 9423
f 9420 9425 9421
f 9421 9426 9422
f 9426 9431 9427
f 9425 9428 9429
f 9426 9429 9430
f 9431 9434 9435
f 9428 9433 9429
f 9429 9434 9430
f 9434 9439 9435
f 9433 9436 9437
f 9434 9437 9438
f 9439 9442 9443
f 9436 9441 9437
f 9437 9442 9438
f 9443 9446 9447
f 9441 9444 9445
f 9442 9445 9446
f 9447 9450 9451
f 9444 9449 9445
f 9445 9450 9446
f 9450 9455 9451
f 9449 9452 9453
f 9450 9453 9454
f 9454 9459 9455
f 9452 9457 9453
f 9453 9458 9454
f 9458 9463 9459
f 9457 9460 9461
f 9458 9461 9462
f 9463 9466 9467
f 9460 9465 9461
f 9461 9466 9462
f 9466 9471 9467
f 9465 9468 9469
f 9466 9469 9470
f 9471 9474 9475
f 9468 9473 9469
f 9469 9474 9470
f 9475 9478 9479
f 9473 9476 9477
f 9474 9477 9478
f 9479 9482 9483
f 9476 9481 9477
f 9477 9482 9478
f 9483 9486 9487
f 9481 9484 9485
f 9482 9485 9486
f 9486 9491 9487
f 9484 9489 9485
f 9485 9490 9486
f 9490 9495 9491
f 9489 9492 9493
f 9490 9493 9494
f 9495 9498 9499
f 9492 9497 9493
f 9493 9498 9494
f 9498 9503 9499
f 9497 9500 9501
f 9498 9501 9502
f 9503 9507 9508
f 9500 9506 9501
f 9501 9507 9502
f 9508 9511 9512
f 9505 9510 9506
f 9507 9510 9511
f 9384 9504 9388
f 9388 9504 9392
f 9392 9504 9396
f 9396 9504 9400
f 9400 9504 9404
f 9404 9504 9408
f 9408 9504 9412
f 9412 9504 9416
f 9416 9504 9420
f 9420 9504 9424
f 9424 9504 9428
f 9428 9504 9432
f 9432 9504 9436
f 9436 9504 9440
f 9440 9504 9444
f 9444 9504 9448
f 9448 9504 9452
f 9452 9504 9456
f 9456 9504 9460
f 9460 9504 9464
f 9464 9504 9468
f 9468 9504 9472
f 9472 9504 9476
f 9476 9504 9480
f 9480 9504 9484
f 9484 9504 9488
f 9488 9504 9492
f 9492 9504 9496
f 9496 9504 9500
f 9500 9504 9505
f 9505 9504 9509
f 9512 9386 9387
f 9510 9384 9385
f 9510 9386 9511
f 9509 9504 9384
f 9521 9533 9534
f 9518 9532 9519
f 9517 9529 9530
f 9515 9527 9528
f 9523 9537 9524
f 9521 9535 9522
f 9519 9533 9520
f 9518 9530 9531
f 9515 9529 9516
f 9513 9527 9514
f 9524 9538 9525
f 9523 9535 9536
f 9528 9542 9529
f 9526 9540 9527
f 9538 9550 9551
f 9535 9549 9536
f 9534 9546 9547
f 9531 9545 9532
f 9530 9542 9543
f 9528 9540 9541
f 9537 9549 9550
f 9534 9548 9535
f 9532 9546 9533
f 9531 9543 9544
f 9541 9555 9542
f 9540 9552 9553
f 9550 9564 9551
f 9548 9562 9549
f 9547 9559 9560
f 9544 9558 9545
f 9542 9556 9543
f 9541 9553 9554
f 9549 9563 9550
f 9547 9561 9548
f 9546 9558 9559
f 9544 9556 9557
f 9555 9567 9568
f 9552 9566 9553
f 9564 9576 9577
f 9562 9574 9575
f 9559 9573 9560
f 9557 9571 9558
f 9555 9569 9556
f 9553 9567 9554
f 9562 9576 9563
f 9561 9573 9574
f 9559 9571 9572
f 9557 9569 9570
f 9567 9581 9568
f 9566 9578 9579
f 9576 9590 9577
f 9575 9587 9588
f 9572 9586 9573
f 9571 9583 9584
f 9569 9581 9582
f 9566 9580 9567
f 9576 9588 9589
f 9574 9586 9587
f 9571 9585 9572
f 9569 9583 9570
f 9581 9593 9594
f 9578 9592 9579
f 9590 9602 9603
f 9588 9600 9601
f 9585 9599 9586
f 9583 9597 9584
f 9582 9594 9595
f 9579 9593 9580
f 9589 9601 9602
f 9587 9599 9600
f 9584 9598 9585
f 9583 9595 9596
f 9594 9606 9607
f 9592 9604 9605
f 9602 9616 9603
f 9601 9613 9614
f 9598 9612 9599
f 9596 9610 9597
f 9594 9608 9595
f 9592 9606 9593
f 9601 9615 9602
f 9600 9612 9613
f 9598 9610 9611
f 9596 9608 9609
f 9607 9619 9620
f 9605 9617 9618
f 9615 9629 9616
f 9613 9627 9614
f 9611 9625 9612
f 9610 9622 9623
f 9607 9621 9608
f 9605 9619 9606
f 9615 9627 9628
f 9613 9625 9626
f 9611 9623 9624
f 9608 9622 9609
f 9619 9633 9620
f 9617 9631 9618
f 9628 9642 9629
f 9627 9639 9640
f 9625 9637 9638
f 9622 9636 9623
f 9621 9633 9634
f 9619 9631 9632
f 9627 9641 9628
f 9625 9639 9626
f 9623 9637 9624
f 9622 9634 9635
f 9632 9646 9633
f 9630 9644 9631
f 9642 9654 9655
f 9639 9653 9640
f 9638 9650 9651
f 9635 9649 9636
f 9634 9646 9647
f 9632 9644 9645
f 9641 9653 9654
f 9638 9652 9639
f 9636 9650 9637
f 9635 9647 9648
f 9645 9659 9646
f 9644 9656 9657
f 9654 9668 9655
f 9652 9666 9653
f 9651 9663 9664
f 9648 9662 9649
f 9646 9660 9647
f 9645 9657 9658
f 9653 9667 9654
f 9651 9665 9652
f 9650 9662 9663
f 9648 9660 9661
f 9659 9671 9672
f 9656 9670 9657
f 9668 9680 9681
f 9665 9679 9666
f 9663 9677 9664
f 9661 9675 9662
f 9659 9673 9660
f 9657 9671 9658
f 9666 9680 9667
f 9665 9677 9678
f 9663 9675 9676
f 9661 9673 9674
f 9671 9685 9672
f 9670 9682 9683
f 9680 9694 9681
f 9678 9692 9679
f 9677 9689 9690
f 9675 9687 9688
f 9673 9685 9686
f 9670 9684 9671
f 9680 9692 9693
f 9678 9690 9691
f 9675 9689 9676
f 9673 9687 9674
f 9685 9697 9698
f 9682 9696 9683
f 9694 9706 9707
f 9692 9704 9705
f 9689 9703 9690
f 9687 9701 9688
f 9686 9698 9699
f 9683 9697 9684
f 9693 9705 9706
f 9691 9703 9704
f 9688 9702 9689
f 9687 9699 9700
f 9698 9710 9711
f 9696 9708 9709
f 9706 9720 9707
f 9705 9717 9718
f 9702 9716 9703
f 9700 9714 9701
f 9698 9712 9699
f 9696 9710 9697
f 9705 9719 9706
f 9704 9716 9717
f 9702 9714 9715
f 9700 9712 9713
f 9711 9723 9724
f 9709 9721 9722
f 9719 9733 9720
f 9717 9731 9718
f 9715 9729 9716
f 9714 9726 9727
f 9711 9725 9712
f 9709 9723 9710
f 9718 9732 9719
f 9717 9729 9730
f 9715 9727 9728
f 9712 9726 9713
f 9723 9737 9724
f 9721 9735 9722
f 9733 9745 9746
f 9731 9743 9744
f 9729 9741 9742
f 9726 9740 9727
f 9725 9737 9738
f 9723 9735 9736
f 9732 9744 9745
f 9729 9743 9730
f 9727 9741 9728
f 9726 9738 9739
f 9736 9750 9737
f 9734 9748 9735
f 9746 9758 9759
f 9743 9757 9744
f 9742 9754 9755
f 9739 9753 9740
f 9738 9750 9751
f 9736 9748 9749
f 9745 9757 9758
f 9742 9756 9743
f 9740 9754 9741
f 9739 9751 9752
f 9749 9763 9750
f 9748 9760 9761
f 9758 9772 9759
f 9756 9770 9757
f 9755 9767 9768
f 9752 9766 9753
f 9750 9764 9751
f 9749 9761 9762
f 9757 9771 9758
f 9756 9768 9769
f 9754 9766 9767
f 9752 9764 9765
f 9762 9776 9763
f 9760 9774 9761
f 9772 9784 9785
f 9770 9782 9783
f 9768 9780 9781
f 9765 9779 9766
f 9763 9777 9764
f 9762 9774 9775
f 9770 9784 9771
f 9768 9782 9769
f 9767 9779 9780
f 9764 9778 9765
f 9775 9789 9776
f 9774 9786 9787
f 9784 9798 9785
f 9782 9796 9783
f 9781 9793 9794
f 9779 9791 9792
f 9777 9789 9790
f 9774 9788 9775
f 9784 9796 9797
f 9782 9794 9795
f 9779 9793 9780
f 9777 9791 9778
f 9789 9802 9803
f 9786 9801 9787
f 9798 9811 9812
f 9796 9809 9810
f 9793 9808 9794
f 9792 9805 9806
f 9790 9803 9804
f 9787 9802 9788
f 9797 9810 9811
f 9795 9808 9809
f 9792 9807 9793
f 9790 9805 9791
f 9803 9815 9816
f 9801 9813 9814
f 9811 9825 9812
f 9810 9822 9823
f 9807 9821 9808
f 9806 9818 9819
f 9803 9817 9804
f 9801 9815 9802
f 9810 9824 9811
f 9809 9821 9822
f 9807 9819 9820
f 9804 9818 9805
f 9816 9828 9829
f 9814 9826 9827
f 9825 9837 9838
f 9822 9836 9823
f 9820 9834 9821
f 9819 9831 9832
f 9816 9830 9817
f 9814 9828 9815
f 9824 9836 9837
f 9822 9834 9835
f 9820 9832 9833
f 9817 9831 9818
f 9828 9842 9829
f 9826 9840 9827
f 9837 9851 9838
f 9836 9848 9849
f 9834 9846 9847
f 9831 9845 9832
f 9830 9842 9843
f 9828 9840 9841
f 9836 9850 9837
f 9834 9848 9835
f 9832 9846 9833
f 9831 9843 9844
f 9841 9855 9842
f 9839 9853 9840
f 9851 9863 9864
f 9848 9862 9849
f 9847 9859 9860
f 9845 9857 9858
f 9843 9855 9856
f 9841 9853 9854
f 9850 9862 9863
f 9847 9861 9848
f 9845 9859 9846
f 9843 9857 9844
f 9854 9868 9855
f 9853 9865 9866
f 9863 9877 9864
f 9861 9875 9862
f 9860 9872 9873
f 9858 9870 9871
f 9855 9869 9856
f 9854 9866 9867
f 9862 9876 9863
f 9860 9874 9861
f 9859 9871 9872
f 9856 9870 9857
f 9868 9880 9881
f 9865 9879 9866
f 9877 9889 9890
f 9875 9887 9888
f 9873 9885 9886
f 9870 9884 9871
f 9868 9882 9869
f 9867 9879 9880
f 9875 9889 9876
f 9873 9887 9874
f 9872 9884 9885
f 9870 9882 9883
f 9880 9894 9881
f 9878 9892 9879
f 9889 9903 9890
f 9887 9901 9888
f 9886 9898 9899
f 9884 9896 9897
f 9882 9894 9895
f 9879 9893 9880
f 9889 9901 9902
f 9887 9899 9900
f 9884 9898 9885
f 9882 9896 9883
f 9894 9906 9907
f 9891 9905 9892
f 9903 9915 9916
f 9901 9913 9914
f 9898 9912 9899
f 9896 9910 9897
f 9895 9907 9908
f 9892 9906 9893
f 9902 9914 9915
f 9899 9913 9900
f 9897 9911 9898
f 9896 9908 9909
f 9907 9919 9920
f 9905 9917 9918
f 9915 9929 9916
f 9914 9926 9927
f 9911 9925 9912
f 9909 9923 9910
f 9907 9921 9908
f 9905 9919 9906
f 9914 9928 9915
f 9913 9925 9926
f 9911 9923 9924
f 9909 9921 9922
f 9799 9525 9538
f 9799 9538 9551
f 9799 9551 9564
f 9799 9564 9577
f 9799 9577 9590
f 9799 9590 9603
f 9799 9603 9616
f 9799 9616 9629
f 9799 9629 9642
f 9799 9642 9655
f 9799 9655 9668
f 9799 9668 9681
f 9799 9681 9694
f 9799 9694 9707
f 9799 9707 9720
f 9799 9720 9733
f 9799 9733 9746
f 9799 9746 9759
f 9799 9759 9772
f 9799 9772 9785
f 9799 9785 9798
f 9799 9798 9812
f 9799 9812 9825
f 9799 9825 9838
f 9799 9838 9851
f 9799 9851 9864
f 9799 9864 9877
f 9799 9877 9890
f 9799 9890 9903
f 9799 9903 9916
f 9799 9916 9929
f 9920 9515 9516
f 9918 9513 9514
f 9929 9524 9525
f 9926 9523 9927
f 9924 9521 9925
f 9923 9518 9519
f 9920 9517 9921
f 9918 9515 9919
f 9799 9929 9525
f 9928 9523 9524
f 9926 9521 9522
f 9924 9519 9520
f 9921 9518 9922
f 9387 9917 9512
f 9917 9508 9512
f 9904 9503 9508
f 9891 9499 9503
f 9499 9865 9495
f 9495 9852 9491
f 9491 9839 9487
f 9839 9483 9487
f 9483 9813 9479
f 9813 9475 9479
f 9800 9471 9475
f 9786 9467 9471
f 9467 9760 9463
f 9463 9747 9459
f 9459 9734 9455
f 9734 9451 9455
f 9451 9708 9447
f 9708 9443 9447
f 9695 9439 9443
f 9682 9435 9439
f 9435 9656 9431
f 9431 9643 9427
f 9427 9630 9423
f 9630 9419 9423
f 9419 9604 9415
f 9604 9411 9415
f 9591 9407 9411
f 9578 9403 9407
f 9403 9552 9399
f 9399 9539 9395
f 9395 9526 9391
f 9526 9387 9391
f 9932 9935 9936
f 9932 9937 9933
f 9931 9934 9935
f 9936 9941 9937
f 9934 9939 9935
f 9935 9940 9936
f 9940 9945 9941
f 9939 9942 9943
f 9940 9943 9944
f 9945 9948 9949
f 9942 9947 9943
f 9943 9948 9944
f 9948 9953 9949
f 9947 9950 9951
f 9948 9951 9952
f 9953 9956 9957
f 9950 9955 9951
f 9951 9956 9952
f 9957 9960 9961
f 9955 9958 9959
f 9956 9959 9960
f 9961 9964 9965
f 9958 9963 9959
f 9959 9964 9960
f 9965 9968 9969
f 9963 9966 9967
f 9964 9967 9968
f 9968 9973 9969
f 9966 9971 9967
f 9967 9972 9968
f 9972 9977 9973
f 9970 9975 9971
f 9972 9975 9976
f 9977 9980 9981
f 9974 9979 9975
f 9975 9980 9976
f 9980 9985 9981
f 9979 9982 9983
f 9980 9983 9984
f 9985 9988 9989
f 9982 9987 9983
f 9983 9988 9984
f 9989 9992 9993
f 9986 9991 9987
f 9988 9991 9992
f 9993 9996 9997
f 9991 9994 9995
f 9991 9996 9992
f 9996 10001 9997
f 9994 9999 9995
f 9996 9999 10000
f 10000 10005 10001
f 9999 10002 10003
f 9999 10004 10000
f 10004 10009 10005
f 10003 10006 10007
f 10004 10007 10008
f 10009 10012 10013
f 10006 10011 10007
f 10007 10012 10008
f 10012 10017 10013
f 10011 10014 10015
f 10012 10015 10016
f 10017 10020 10021
f 10014 10019 10015
f 10015 10020 10016
f 10021 10024 10025
f 10019 10022 10023
f 10020 10023 10024
f 10024 10029 10025
f 10022 10027 10023
f 10023 10028 10024
f 10028 10033 10029
f 10027 10030 10031
f 10028 10031 10032
f 10032 10037 10033
f 10030 10035 10031
f 10031 10036 10032
f 10036 10041 10037
f 10035 10038 10039
f 10036 10039 10040
f 10041 10044 10045
f 10038 10043 10039
f 10039 10044 10040
f 10044 10049 10045
f 10043 10046 10047
f 10044 10047 10048
f 10049 10053 10054
f 10046 10052 10047
f 10047 10053 10048
f 10054 10057 10058
f 10052 10055 10056
f 10053 10056 10057
f 9930 10050 9934
f 9934 10050 9938
f 9938 10050 9942
f 9942 10050 9946
f 9946 10050 9950
f 9950 10050 9954
f 9954 10050 9958
f 9958 10050 9962
f 9962 10050 9966
f 9966 10050 9970
f 9970 10050 9974
f 9974 10050 9978
f 9978 10050 9982
f 9982 10050 9986
f 9986 10050 9990
f 9990 10050 9994
f 9994 10050 9998
f 9998 10050 10002
f 10002 10050 10006
f 10006 10050 10010
f 10010 10050 10014
f 10014 10050 10018
f 10018 10050 10022
f 10022 10050 10026
f 10026 10050 10030
f 10030 10050 10034
f 10034 10050 10038
f 10038 10050 10042
f 10042 10050 10046
f 10046 10050 10051
f 10051 10050 10055
f 10058 9932 9933
f 10055 9931 10056
f 10056 9932 10057
f 10055 10050 9930
f 10067 10079 10080
f 10064 10078 10065
f 10063 10075 10076
f 10061 10073 10074
f 10070 10082 10083
f 10067 10081 10068
f 10065 10079 10066
f 10064 10076 10077
f 10061 10075 10062
f 10059 10073 10060
f 10071 10083 10084
f 10069 10081 10082
f 10074 10088 10075
f 10072 10086 10073
f 10084 10096 10097
f 10081 10095 10082
f 10080 10092 10093
f 10078 10090 10091
f 10076 10088 10089
f 10074 10086 10087
f 10083 10095 10096
f 10080 10094 10081
f 10078 10092 10079
f 10076 10090 10077
f 10087 10101 10088
f 10086 10098 10099
f 10096 10110 10097
f 10094 10108 10095
f 10093 10105 10106
f 10091 10103 10104
f 10088 10102 10089
f 10087 10099 10100
f 10095 10109 10096
f 10094 10106 10107
f 10092 10104 10105
f 10089 10103 10090
f 10100 10114 10101
f 10098 10112 10099
f 10110 10122 10123
f 10108 10120 10121
f 10105 10119 10106
f 10103 10117 10104
f 10101 10115 10102
f 10100 10112 10113
f 10108 10122 10109
f 10106 10120 10107
f 10105 10117 10118
f 10103 10115 10116
f 10113 10127 10114
f 10112 10124 10125
f 10122 10136 10123
f 10120 10134 10121
f 10119 10131 10132
f 10117 10129 10130
f 10115 10127 10128
f 10113 10125 10126
f 10122 10134 10135
f 10119 10133 10120
f 10117 10131 10118
f 10115 10129 10116
f 10127 10139 10140
f 10124 10138 10125
f 10136 10148 10149
f 10134 10146 10147
f 10131 10145 10132
f 10130 10142 10143
f 10128 10140 10141
f 10125 10139 10126
f 10135 10147 10148
f 10133 10145 10146
f 10130 10144 10131
f 10128 10142 10129
f 10140 10152 10153
f 10138 10150 10151
f 10148 10162 10149
f 10147 10159 10160
f 10144 10158 10145
f 10143 10155 10156
f 10140 10154 10141
f 10138 10152 10139
f 10147 10161 10148
f 10146 10158 10159
f 10144 10156 10157
f 10141 10155 10142
f 10153 10165 10166
f 10151 10163 10164
f 10162 10174 10175
f 10159 10173 10160
f 10157 10171 10158
f 10156 10168 10169
f 10153 10167 10154
f 10151 10165 10152
f 10161 10173 10174
f 10159 10171 10172
f 10157 10169 10170
f 10154 10168 10155
f 10165 10179 10166
f 10163 10177 10164
f 10175 10187 10188
f 10173 10185 10186
f 10171 10183 10184
f 10168 10182 10169
f 10167 10179 10180
f 10165 10177 10178
f 10173 10187 10174
f 10171 10185 10172
f 10169 10183 10170
f 10168 10180 10181
f 10178 10192 10179
f 10176 10190 10177
f 10188 10200 10201
f 10185 10199 10186
f 10184 10196 10197
f 10182 10194 10195
f 10180 10192 10193
f 10178 10190 10191
f 10187 10199 10200
f 10184 10198 10185
f 10182 10196 10183
f 10180 10194 10181
f 10191 10205 10192
f 10190 10202 10203
f 10200 10214 10201
f 10198 10212 10199
f 10197 10209 10210
f 10195 10207 10208
f 10192 10206 10193
f 10191 10203 10204
f 10199 10213 10200
f 10197 10211 10198
f 10196 10208 10209
f 10193 10207 10194
f 10205 10217 10218
f 10202 10216 10203
f 10214 10226 10227
f 10211 10225 10212
f 10210 10222 10223
f 10207 10221 10208
f 10205 10219 10206
f 10204 10216 10217
f 10212 10226 10213
f 10210 10224 10211
f 10209 10221 10222
f 10207 10219 10220
f 10217 10231 10218
f 10216 10228 10229
f 10226 10240 10227
f 10224 10238 10225
f 10223 10235 10236
f 10221 10233 10234
f 10219 10231 10232
f 10217 10229 10230
f 10226 10238 10239
f 10223 10237 10224
f 10221 10235 10222
f 10219 10233 10220
f 10231 10243 10244
f 10228 10242 10229
f 10240 10252 10253
f 10238 10250 10251
f 10235 10249 10236
f 10234 10246 10247
f 10232 10244 10245
f 10229 10243 10230
f 10239 10251 10252
f 10237 10249 10250
f 10234 10248 10235
f 10232 10246 10233
f 10244 10256 10257
f 10242 10254 10255
f 10252 10266 10253
f 10251 10263 10264
f 10248 10262 10249
f 10247 10259 10260
f 10244 10258 10245
f 10242 10256 10243
f 10251 10265 10252
f 10250 10262 10263
f 10248 10260 10261
f 10245 10259 10246
f 10257 10269 10270
f 10255 10267 10268
f 10266 10278 10279
f 10263 10277 10264
f 10261 10275 10262
f 10260 10272 10273
f 10257 10271 10258
f 10255 10269 10256
f 10265 10277 10278
f 10263 10275 10276
f 10261 10273 10274
f 10258 10272 10259
f 10269 10283 10270
f 10267 10281 10268
f 10278 10292 10279
f 10277 10289 10290
f 10275 10287 10288
f 10272 10286 10273
f 10271 10283 10284
f 10269 10281 10282
f 10277 10291 10278
f 10275 10289 10276
f 10273 10287 10274
f 10272 10284 10285
f 10282 10296 10283
f 10280 10294 10281
f 10292 10304 10305
f 10289 10303 10290
f 10288 10300 10301
f 10286 10298 10299
f 10284 10296 10297
f 10282 10294 10295
f 10291 10303 10304
f 10288 10302 10289
f 10286 10300 10287
f 10284 10298 10285
f 10295 10309 10296
f 10294 10306 10307
f 10304 10318 10305
f 10302 10316 10303
f 10301 10313 10314
f 10299 10311 10312
f 10296 10310 10297
f 10295 10307 10308
f 10303 10317 10304
f 10301 10315 10302
f 10300 10312 10313
f 10297 10311 10298
f 10309 10321 10322
f 10307 10319 10320
f 10318 10330 10331
f 10316 10328 10329
f 10314 10326 10327
f 10311 10325 10312
f 10309 10323 10310
f 10308 10320 10321
f 10316 10330 10317
f 10314 10328 10315
f 10313 10325 10326
f 10311 10323 10324
f 10321 10335 10322
f 10320 10332 10333
f 10330 10344 10331
f 10329 10341 10342
f 10326 10340 10327
f 10325 10337 10338
f 10323 10335 10336
f 10320 10334 10321
f 10330 10342 10343
f 10328 10340 10341
f 10325 10339 10326
f 10323 10337 10324
f 10335 10348 10349
f 10332 10347 10333
f 10344 10357 10358
f 10342 10355 10356
f 10339 10354 10340
f 10337 10352 10338
f 10336 10349 10350
f 10333 10348 10334
f 10343 10356 10357
f 10341 10354 10355
f 10338 10353 10339
f 10337 10350 10351
f 10349 10361 10362
f 10347 10359 10360
f 10357 10371 10358
f 10356 10368 10369
f 10353 10367 10354
f 10351 10365 10352
f 10349 10363 10350
f 10347 10361 10348
f 10356 10370 10357
f 10355 10367 10368
f 10353 10365 10366
f 10351 10363 10364
f 10362 10374 10375
f 10360 10372 10373
f 10371 10383 10384
f 10368 10382 10369
f 10366 10380 10367
f 10365 10377 10378
f 10362 10376 10363
f 10360 10374 10361
f 10370 10382 10383
f 10368 10380 10381
f 10366 10378 10379
f 10363 10377 10364
f 10374 10388 10375
f 10372 10386 10373
f 10383 10397 10384
f 10382 10394 10395
f 10380 10392 10393
f 10377 10391 10378
f 10376 10388 10389
f 10374 10386 10387
f 10382 10396 10383
f 10380 10394 10381
f 10378 10392 10379
f 10377 10389 10390
f 10387 10401 10388
f 10385 10399 10386
f 10397 10409 10410
f 10394 10408 10395
f 10393 10405 10406
f 10390 10404 10391
f 10389 10401 10402
f 10387 10399 10400
f 10396 10408 10409
f 10393 10407 10394
f 10391 10405 10392
f 10390 10402 10403
f 10400 10414 10401
f 10399 10411 10412
f 10409 10423 10410
f 10407 10421 10408
f 10406 10418 10419
f 10403 10417 10404
f 10401 10415 10402
f 10400 10412 10413
f 10408 10422 10409
f 10406 10420 10407
f 10405 10417 10418
f 10403 10415 10416
f 10414 10426 10427
f 10411 10425 10412
f 10423 10435 10436
f 10420 10434 10421
f 10418 10432 10419
f 10416 10430 10417
f 10414 10428 10415
f 10412 10426 10413
f 10421 10435 10422
f 10419 10433 10420
f 10418 10430 10431
f 10416 10428 10429
f 10427 10439 10440
f 10425 10437 10438
f 10435 10449 10436
f 10433 10447 10434
f 10431 10445 10432
f 10430 10442 10443
f 10428 10440 10441
f 10425 10439 10426
f 10435 10447 10448
f 10433 10445 10446
f 10430 10444 10431
f 10428 10442 10429
f 10440 10452 10453
f 10437 10451 10438
f 10449 10461 10462
f 10447 10459 10460
f 10444 10458 10445
f 10443 10455 10456
f 10441 10453 10454
f 10438 10452 10439
f 10448 10460 10461
f 10446 10458 10459
f 10443 10457 10444
f 10441 10455 10442
f 10453 10465 10466
f 10451 10463 10464
f 10461 10475 10462
f 10460 10472 10473
f 10457 10471 10458
f 10456 10468 10469
f 10453 10467 10454
f 10451 10465 10452
f 10460 10474 10461
f 10459 10471 10472
f 10457 10469 10470
f 10454 10468 10455
f 10345 10071 10084
f 10345 10084 10097
f 10345 10097 10110
f 10345 10110 10123
f 10345 10123 10136
f 10345 10136 10149
f 10345 10149 10162
f 10345 10162 10175
f 10345 10175 10188
f 10345 10188 10201
f 10345 10201 10214
f 10345 10214 10227
f 10345 10227 10240
f 10345 10240 10253
f 10345 10253 10266
f 10345 10266 10279
f 10345 10279 10292
f 10345 10292 10305
f 10345 10305 10318
f 10345 10318 10331
f 10345 10331 10344
f 10345 10344 10358
f 10345 10358 10371
f 10345 10371 10384
f 10345 10384 10397
f 10345 10397 10410
f 10345 10410 10423
f 10345 10423 10436
f 10345 10436 10449
f 10345 10449 10462
f 10345 10462 10475
f 10466 10061 10062
f 10464 10059 10060
f 10474 10071 10475
f 10472 10069 10473
f 10470 10067 10471
f 10469 10064 10065
f 10466 10063 10467
f 10464 10061 10465
f 10345 10475 10071
f 10473 10070 10474
f 10472 10067 10068
f 10470 10065 10066
f 10467 10064 10468
f 9933 10463 10058
f 10463 10054 10058
f 10450 10049 10054
f 10437 10045 10049
f 10045 10411 10041
f 10041 10398 10037
f 10037 10385 10033
f 10385 10029 10033
f 10029 10359 10025
f 10359 10021 10025
f 10346 10017 10021
f 10332 10013 10017
f 10013 10306 10009
f 10009 10293 10005
f 10005 10280 10001
f 10280 9997 10001
f 9997 10254 9993
f 10254 9989 9993
f 10241 9985 9989
f 10228 9981 9985
f 9981 10202 9977
f 9977 10189 9973
f 9973 10176 9969
f 10176 9965 9969
f 9965 10150 9961
f 10150 9957 9961
f 10137 9953 9957
f 10124 9949 9953
f 9949 10098 9945
f 9945 10085 9941
f 9941 10072 9937
f 10072 9933 9937
f 4 3 2
f 8 7 6
f 13 16 15
f 17 28 19
f 32 31 30
f 36 35 34
f 37 40 39
f 21 22 23
f 25 26 27
f 41 44 43
f 48 47 46
f 52 51 50
f 53 56 55
f 60 59 58
f 29 30 62
f 66 65 64
f 67 5 6
f 72 71 70
f 76 75 74
f 77 80 79
f 81 84 83
f 59 87 86
f 88 91 90
f 96 95 94
f 100 99 98
f 101 104 103
f 106 105 34
f 108 116 115
f 117 119 36
f 124 127 126
f 131 130 129
f 132 102 134
f 142 141 140
f 148 106 60
f 144 143 127
f 149 152 151
f 156 155 154
f 159 150 158
f 116 108 164
f 171 170 169
f 174 126 173
f 179 182 181
f 186 189 188
f 194 197 196
f 199 142 139
f 206 209 208
f 213 212 211
f 202 215 214
f 96 93 216
f 92 238 43
f 97 184 246
f 250 249 229
f 252 254 58
f 258 257 256
f 260 91 229
f 110 111 112
f 114 264 263
f 265 268 267
f 56 53 270
f 274 273 249
f 185 183 63
f 280 279 278
f 285 284 283
f 288 219 211
f 141 142 92
f 289 290 175
f 148 116 105
f 312 311 170
f 238 262 42
f 318 163 160
f 310 309 308
f 241 239 325
f 160 230 240
f 47 48 307
f 108 109 315
f 345 85 86
f 348 351 350
f 356 359 358
f 355 354 353
f 363 31 32
f 364 252 253
f 366 125 368
f 183 372 371
f 163 162 161
f 209 226 101
f 378 377 165
f 379 295 381
f 383 382 3
f 284 285 386
f 387 127 389
f 391 259 229
f 73 281 397
f 405 408 407
f 203 218 411
f 414 121 413
f 1 356 357
f 277 276 131
f 254 344 57
f 358 384 415
f 417 416 386
f 401 400 192
f 419 389 127
f 421 181 182
f 103 301 302
f 428 367 368
f 380 390 359
f 62 204 266
f 140 141 431
f 357 358 351
f 356 1 379
f 415 392 403
f 437 428 436
f 438 441 440
f 188 451 450
f 265 455 181
f 224 185 64
f 237 212 213
f 275 131 128
f 281 282 460
f 50 462 79
f 73 74 282
f 468 467 466
f 390 355 352
f 482 485 484
f 489 488 487
f 493 496 495
f 472 471 470
f 502 501 500
f 220 221 222
f 512 419 143
f 518 517 511
f 513 239 230
f 205 30 31
f 189 370 451
f 163 318 532
f 533 224 225
f 446 448 447
f 335 541 540
f 544 512 546
f 329 519 291
f 199 534 262
f 385 386 416
f 532 190 191
f 363 117 118
f 578 581 580
f 573 572 571
f 561 563 562
f 241 260 259
f 590 593 592
f 545 546 595
f 503 154 155
f 606 625 624
f 478 481 480
f 646 649 648
f 590 591 689
f 564 565 651
f 728 246 184
f 714 724 716
f 692 574 575
f 541 335 581
f 346 68 248
f 161 231 230
f 128 129 94
f 698 705 704
f 574 577 576
f 290 289 401
f 630 631 725
f 733 736 735
f 755 466 496
f 759 480 481
f 757 763 762
f 764 496 466
f 768 767 9260
f 759 760 488
f 492 474 475
f 474 770 769
f 773 468 465
f 771 774 486
f 484 485 775
f 774 776 489
f 495 496 764
f 495 757 761
f 137 397 784
f 325 239 797
f 165 519 51
f 369 32 29
f 730 731 568
f 90 302 301
f 243 118 516
f 800 734 806
f 817 815 808
f 816 808 823
f 306 303 447
f 815 810 809
f 829 830 828
f 726 725 501
f 274 427 424
f 879 882 881
f 884 883 879
f 219 218 217
f 906 905 904
f 455 204 205
f 898 882 830
f 903 900 880
f 377 291 519
f 923 949 948
f 946 947 951
f 8963 740 739
f 900 899 886
f 225 64 65
f 182 445 442
f 809 952 947
f 954 960 962
f 927 950 965
f 885 879 880
f 925 927 966
f 343 342 341
f 965 964 971
f 968 971 970
f 972 968 969
f 963 961 981
f 336 337 338
f 992 993 827
f 810 815 996
f 1007 1001 1002
f 1012 826 827
f 1011 1009 1007
f 294 293 292
f 907 908 920
f 1017 579 1019
f 1020 1023 1022
f 1035 1024 1020
f 1061 1060 1047
f 1063 1061 1046
f 1044 1020 1021
f 1102 1094 1097
f 1116 1126 1118
f 1016 1015 1014
f 881 897 904
f 816 1116 1127
f 1094 948 949
f 514 342 167
f 146 145 81
f 1133 1135 1130
f 1102 1133 1126
f 822 1126 1116
f 1145 1143 1148
f 1076 1144 1151
f 1148 1143 1086
f 1109 1097 1114
f 1154 1153 1156
f 1153 925 967
f 8815 8941 463
f 1144 1147 1152
f 1156 967 1163
f 1164 1162 1169
f 1145 1171 1176
f 1114 1115 1154
f 1183 1155 1164
f 1184 1183 1177
f 1069 1151 1062
f 1023 1191 1194
f 1162 1163 1170
f 1195 1184 1185
f 1183 1196 1176
f 1201 1063 1152
f 1061 1063 1201
f 9277 847 843
f 1203 1202 1195
f 1202 1201 1184
f 1218 1060 1203
f 1060 1061 1202
f 1225 1218 1217
f 671 695 694
f 1219 1217 1024
f 1217 1203 1034
f 1226 1014 1015
f 1243 1242 1234
f 1231 1230 1229
f 847 1243 1233
f 843 1233 1244
f 1233 1234 1245
f 1923 9213 233
f 2100 2108 499
f 9366 9316 2135
f 61 62 323
f 210 211 217
f 1299 1310 1309
f 9315 1230 1231
f 1066 1047 1321
f 1322 1321 1228
f 1060 1218 1321
f 1325 1324 1323
f 1244 1245 1332
f 1290 1234 1242
f 1337 1330 1339
f 1330 1332 1340
f 1341 1332 1245
f 1342 1340 1332
f 1343 1342 1341
f 1344 1341 1294
f 9309 9308 1345
f 1347 1348 1342
f 9308 9306 1295
f 1349 1350 1348
f 9313 1349 1347
f 9305 1347 1343
f 906 898 829
f 905 906 1353
f 865 1356 1355
f 1355 1353 829
f 1357 1355 825
f 1356 1354 1353
f 9286 1337 1338
f 866 1358 1356
f 1358 1359 1354
f 9280 878 1337
f 838 1362 1012
f 1363 1364 1338
f 1368 1363 1339
f 1348 1368 1340
f 1371 1369 9276
f 524 525 526
f 528 529 530
f 1372 1370 1369
f 535 536 537
f 1367 1368 1348
f 1370 1354 1359
f 1369 1359 9285
f 1373 910 903
f 555 556 557
f 1374 909 910
f 1373 904 905
f 1374 1373 1375
f 1375 905 1354
f 1378 920 908
f 376 373 651
f 1388 928 973
f 586 587 588
f 1390 1389 1388
f 1391 1388 969
f 597 598 599
f 600 601 602
f 1392 1391 970
f 608 609 610
f 612 524 523
f 614 615 616
f 617 618 25
f 620 621 622
f 1397 1390 1391
f 1398 1397 1392
f 1400 987 920
f 1402 1403 1165
f 636 637 638
f 930 1404 1402
f 641 642 643
f 929 1402 1169
f 1404 1405 1403
f 1411 1366 1365
f 1412 1406 1415
f 652 653 654
f 609 656 657
f 659 660 661
f 558 663 586
f 665 666 667
f 1413 1411 1406
f 1418 1416 9262
f 1417 1372 1371
f 1416 1371 9281
f 1419 1417 1416
f 1386 909 1374
f 677 678 679
f 1385 1386 1420
f 1420 1374 1376
f 685 686 687
f 1421 1420 1422
f 528 690 691
f 1422 1376 1372
f 1018 1019 747
f 699 700 701
f 1424 578 579
f 9115 1597 1767
f 700 699 711
f 1093 9198 9206
f 717 718 530
f 721 722 723
f 704 1650 8987
f 19 1429 1426
f 1429 1428 1427
f 1658 1659 8986
f 1439 1437 1434
f 1437 1436 1435
f 1426 1427 1433
f 1442 1431 1432
f 742 743 744
f 1432 1433 1441
f 751 752 753
f 1438 1434 1403
f 1446 1445 1444
f 1447 1448 1446
f 9312 1447 1443
f 1415 1367 1445
f 1414 1415 1446
f 2173 1683 469
f 777 778 779
f 780 781 782
f 1676 1693 1806
f 9311 1451 1349
f 789 790 791
f 745 792 793
f 652 794 795
f 1455 1458 1457
f 1454 1367 1350
f 610 691 802
f 9283 9268 698
f 1352 1044 1045
f 1015 1016 1459
f 811 812 813
f 2118 9267 9269
f 819 820 821
f 1466 1463 1194
f 1467 1468 1465
f 1182 1165 1468
f 832 812 833
f 835 836 837
f 1467 1466 1190
f 1469 1470 1444
f 840 700 712
f 1453 1470 1469
f 599 844 845
f 1226 1450 9301
f 851 852 853
f 855 744 856
f 858 859 860
f 861 862 863
f 1014 1226 9307
f 867 676 868
f 870 871 872
f 874 875 876
f 1310 1323 1471
f 1476 1433 1427
f 1461 1476 1475
f 887 888 889
f 788 791 892
f 894 895 896
f 1460 1475 1227
f 901 902 524
f 1465 1478 1477
f 1865 8947 8944
f 911 912 913
f 916 917 918
f 1850 8949 8951
f 921 922 895
f 1479 1435 1436
f 926 664 667
f 1481 562 563
f 269 1483 84
f 931 932 933
f 934 935 614
f 936 685 688
f 938 659 662
f 1484 270 122
f 941 942 835
f 320 321 509
f 1849 8954 8949
f 84 1483 1484
f 1487 1490 1488
f 1757 1758 8946
f 365 1492 1491
f 461 79 80
f 117 363 362
f 1494 540 541
f 926 601 957
f 1477 1441 1433
f 1709 1588 1585
f 119 117 1496
f 271 1497 504
f 511 517 189
f 345 1496 1492
f 57 344 299
f 1501 1499 268
f 267 268 1499
f 974 975 976
f 1678 1652 1693
f 9298 1682 1807
f 557 982 663
f 983 941 984
f 1443 1444 9301
f 421 1500 268
f 989 990 991
f 1490 1487 418
f 279 280 309
f 997 868 676
f 998 26 999
f 1504 418 38
f 1506 1508 1507
f 360 361 1508
f 1506 1486 207
f 939 1005 1006
f 270 1484 1483
f 66 63 546
f 1010 742 793
f 367 428 437
f 244 31 363
f 1670 8976 8978
f 209 206 1510
f 388 389 426
f 427 274 250
f 161 520 521
f 100 246 45
f 1025 1026 608
f 1029 1030 1031
f 939 662 1033
f 41 42 594
f 1036 780 783
f 702 701 1038
f 1040 1041 1042
f 362 32 369
f 187 1520 477
f 70 1487 539
f 1049 600 603
f 613 867 869
f 860 1050 1051
f 1005 1052 1053
f 753 1055 1056
f 1057 1058 1059
f 293 288 1522
f 288 212 1521
f 292 1522 1523
f 331 1507 1508
f 306 452 453
f 100 44 41
f 462 1524 78
f 330 331 1524
f 635 1067 1068
f 1485 1527 1526
f 206 1485 1528
f 1070 1071 1072
f 942 941 1073
f 916 933 1075
f 440 1529 1530
f 157 158 1514
f 1529 162 5
f 371 595 546
f 790 586 663
f 1077 858 857
f 1403 1434 1435
f 1080 1081 1082
f 531 520 1529
f 21 1083 1084
f 272 1532 1531
f 690 712 802
f 335 9015 9011
f 1090 1030 1029
f 1092 795 794
f 1533 396 137
f 661 660 1095
f 69 444 445
f 1099 1100 1101
f 38 39 1536
f 1104 1105 1106
f 852 1107 1108
f 1377 908 909
f 291 377 411
f 316 1536 516
f 539 1488 1533
f 1505 1536 316
f 1110 1111 1112
f 1539 1537 460
f 522 441 1537
f 834 837 1120
f 1122 1123 1124
f 612 1125 1041
f 935 793 615
f 276 278 130
f 1686 8993 8966
f 193 190 1541
f 231 521 1540
f 556 1037 982
f 365 253 85
f 190 532 318
f 1810 765 9018
f 9376 1867 8956
f 1132 983 985
f 208 101 102
f 1134 1033 662
f 1491 518 80
f 429 133 1542
f 1137 1138 915
f 172 436 428
f 1139 1140 1141
f 549 96 54
f 1517 1519 1518
f 834 1119 984
f 1543 513 286
f 1544 797 239
f 133 134 1544
f 506 361 257
f 420 327 328
f 1158 1159 1160
f 587 1104 1103
f 607 1161 1027
f 304 1546 1545
f 364 1491 77
f 69 70 198
f 700 840 1112
f 9329 626 8969
f 1166 719 657
f 1167 1168 858
f 1300 8967 8968
f 1172 1173 1174
f 218 203 200
f 1179 1180 1181
f 372 183 97
f 89 104 227
f 1186 1187 1188
f 172 173 1517
f 1482 84 81
f 1090 1192 1193
f 394 395 353
f 526 525 1198
f 1199 1200 1026
f 606 623 697
f 1204 1205 1206
f 1207 1208 523
f 1209 1210 867
f 914 913 685
f 1478 1436 1441
f 1029 1028 1161
f 1211 1212 1213
f 9310 1453 1451
f 844 1215 1216
f 423 193 273
f 1220 1221 1222
f 22 1223 1224
f 882 898 897
f 1519 1517 173
f 1189 1188 1232
f 349 350 550
f 1071 1235 1236
f 1237 1238 1239
f 1221 1186 1189
f 1510 1528 1512
f 939 1032 1241
f 1556 1530 5
f 1553 1554 394
f 404 1556 67
f 1247 1248 1249
f 142 199 238
f 1251 1067 635
f 850 1252 1253
f 1254 1167 1077
f 57 132 133
f 443 430 552
f 1187 1172 1175
f 1256 1070 831
f 432 405 382
f 741 748 747
f 434 350 351
f 349 432 383
f 251 124 1481
f 395 384 352
f 1518 1519 1550
f 1558 410 378
f 109 263 314
f 285 1514 1513
f 395 394 393
f 202 203 410
f 417 408 405
f 1246 1257 1258
f 3 1559 297
f 1259 1260 1261
f 403 404 347
f 955 954 953
f 462 50 51
f 1096 1095 687
f 429 147 60
f 896 1264 1265
f 1267 721 1268
f 423 424 327
f 37 179 180
f 20 23 1187
f 1256 1168 1071
f 1188 1175 1269
f 1236 1270 1271
f 1272 536 535
f 565 564 463
f 1273 792 745
f 876 1254 1255
f 316 33 164
f 437 1516 503
f 194 1494 1495
f 1275 1276 864
f 624 625 631
f 1277 1274 1137
f 569 568 567
f 1481 124 125
f 324 325 547
f 1279 1108 1107
f 1525 332 329
f 1281 1278 1137
f 171 168 1553
f 1488 73 396
f 1557 1561 1562
f 1282 856 1206
f 1053 1277 1278
f 778 777 607
f 713 583 9010
f 251 225 144
f 4 357 348
f 709 708 707
f 728 48 45
f 261 135 1563
f 789 1286 1287
f 74 314 263
f 403 284 385
f 1178 1181 1240
f 1223 1259 1289
f 1220 20 1186
f 296 1518 354
f 784 459 1538
f 1181 1180 1291
f 1269 1292 1257
f 1566 1538 438
f 136 784 1566
f 1563 1564 169
f 107 114 109
f 1297 1282 1298
f 1464 1477 1476
f 1520 187 507
f 1301 1302 1303
f 1306 1307 1308
f 175 456 1532
f 1532 456 200
f 1311 1266 1312
f 872 1314 1315
f 9288 843 878
f 1305 1308 864
f 1040 1275 863
f 1564 1566 399
f 592 1576 1575
f 591 1575 1088
f 1581 1584 1583
f 1196 1152 1147
f 710 582 583
f 285 407 408
f 953 954 961
f 1594 1592 1589
f 1585 1588 1587
f 1592 1591 1590
f 9337 945 944
f 1600 1599 1598
f 1604 1603 1602
f 1399 1392 979
f 1589 1590 1596
f 1610 1609 1608
f 298 257 361
f 551 552 276
f 1627 1626 9266
f 859 811 818
f 1078 857 1328
f 1555 439 1530
f 572 573 680
f 772 465 776
f 977 1281 918
f 404 403 392
f 1054 1331 750
f 1644 1645 1643
f 932 1265 1082
f 1067 1333 1334
f 1540 1539 264
f 597 1335 643
f 471 761 762
f 1642 696 9283
f 1644 1642 9294
f 923 946 950
f 96 549 548
f 520 531 522
f 445 444 443
f 849 839 848
f 480 759 755
f 1646 760 481
f 311 426 1567
f 464 463 8941
f 8941 1360 1361
f 234 237 236
f 190 193 192
f 153 154 152
f 231 287 286
f 1552 1553 1551
f 760 1646 1648
f 9284 1647 1649
f 828 827 826
f 52 167 166
f 1663 1662 1661
f 287 107 115
f 668 671 670
f 634 645 640
f 553 560 559
f 118 36 33
f 492 484 491
f 8996 1652 1651
f 582 589 584
f 384 395 392
f 1381 1382 1383
f 1562 1561 435
f 952 953 951
f 8973 9010 583
f 1660 1661 1667
f 1394 1395 1396
f 1660 1665 1664
f 1671 1670 1669
f 1624 1625 1673
f 1407 1408 1409
f 1677 1676 1675
f 1613 1679 1677
f 1679 1678 1676
f 1626 1681 9263
f 534 199 198
f 803 733 734
f 400 248 191
f 65 66 143
f 8970 1657 1656
f 402 159 157
f 629 628 627
f 461 477 49
f 758 757 495
f 796 787 786
f 406 407 1513
f 342 343 166
f 1694 1659 1658
f 1692 1687 1694
f 9001 1693 1652
f 9373 1704 1703
f 326 547 302
f 9368 9373 1702
f 9371 9370 1698
f 1699 1691 9379
f 1557 406 1560
f 1127 1116 1117
f 400 401 289
f 1706 1702 1707
f 1707 1702 1599
f 1709 1706 1708
f 1714 1712 1711
f 9371 9367 1709
f 1704 1711 1577
f 1716 1714 1713
f 1559 1562 1549
f 1722 1721 1720
f 1335 597 596
f 410 411 377
f 973 1170 1163
f 168 169 399
f 1571 682 1089
f 1572 681 682
f 749 646 647
f 1730 1724 1723
f 1594 1582 1729
f 1729 1723 1591
f 1384 1378 1377
f 1732 1731 1712
f 1724 1730 1731
f 1722 1724 1732
f 1721 1722 1733
f 1734 1733 1716
f 1735 1737 1736
f 1733 1732 1714
f 1663 1664 1741
f 1742 1665 1740
f 1738 1739 1737
f 1665 1660 1666
f 1665 1742 1744
f 1725 1726 1746
f 1591 1725 1745
f 1590 1745 1747
f 1745 1746 1748
f 1659 1688 8982
f 5650 1760 8989
f 1185 1177 1182
f 1664 1744 1749
f 1741 1749 1739
f 1746 1742 1743
f 1726 1744 1742
f 1115 924 1153
f 1654 8990 9019
f 1896 9006 8993
f 1720 1749 1744
f 1721 1739 1749
f 1750 1718 1701
f 1697 1736 1750
f 1151 1152 1063
f 1751 1752 1670
f 1695 1658 1752
f 961 962 986
f 1770 1769 1768
f 1766 1594 1593
f 1731 1759 1579
f 1579 1777 1774
f 9380 1772 1771
f 1764 1772 9380
f 1777 1776 1775
f 9214 9215 1699
f 1004 1127 1128
f 1774 1775 1771
f 987 1400 1399
f 1578 1774 1772
f 1783 1782 1781
f 1597 1598 1770
f 639 1878 9347
f 9380 9381 1769
f 1793 1792 1789
f 9381 9372 1798
f 8952 8960 9225
f 1802 1867 9376
f 1788 1790 1794
f 1793 1794 1795
f 9225 9224 1675
f 1584 1581 1783
f 1771 1797 9372
f 1801 1799 1798
f 1768 1769 1798
f 1775 1796 1797
f 508 514 515
f 1796 1803 1802
f 1800 1798 9372
f 1794 1805 1804
f 8976 1670 1752
f 485 1808 1807
f 9261 9296 1640
f 9289 9296 1810
f 485 482 1640
f 1690 1691 9222
f 487 488 1648
f 9291 1813 1816
f 9290 1811 1648
f 9291 1812 1811
f 1812 1809 487
f 1641 1809 767
f 465 466 755
f 767 1815 9275
f 9274 1816 9278
f 1809 1812 1815
f 9289 1653 1651
f 675 672 8985
f 1814 1649 1822
f 1821 1822 9273
f 1824 1822 1649
f 1827 1849 1850
f 1668 1669 1662
f 1779 1780 1848
f 1790 1827 1805
f 1833 1836 1853
f 8965 8950 693
f 1614 1615 1616
f 1852 1853 8942
f 1620 1621 1622
f 1855 1765 1574
f 1847 1852 8945
f 1766 1765 1855
f 1629 1630 1631
f 1633 1622 1634
f 1635 1636 1637
f 1848 1833 1852
f 1855 1861 1863
f 1803 1866 1867
f 1862 1863 1831
f 1782 1855 1862
f 9374 9376 1865
f 1873 1872 1870
f 1874 1869 799
f 2045 9330 9349
f 1219 1345 1295
f 1615 1614 1396
f 9336 9347 1877
f 645 9350 9238
f 1345 1219 1035
f 634 639 9336
f 15 1887 1327
f 9362 9347 1878
f 1894 604 605
f 8950 8995 627
f 9004 640 645
f 340 341 454
f 1897 194 195
f 1889 1882 1877
f 1901 94 129
f 196 749 754
f 1705 1704 9373
f 340 378 166
f 1570 1480 563
f 1904 1494 194
f 1781 1862 1832
f 1905 549 55
f 1000 994 995
f 986 919 920
f 1191 1185 1190
f 2094 2077 2075
f 1920 1921 1919
f 453 454 1912
f 1915 1919 1918
f 9334 2112 2106
f 1655 9019 8975
f 1916 1918 1926
f 704 8998 9005
f 278 1916 1925
f 9009 9008 1818
f 1097 949 1115
f 1927 1928 727
f 9030 9031 9106
f 1920 310 307
f 1929 307 48
f 503 504 1497
f 1902 1903 787
f 1816 1821 9272
f 1925 1926 1923
f 1535 1569 1568
f 254 252 258
f 1509 1497 366
f 119 86 35
f 219 288 293
f 141 46 47
f 542 205 244
f 1940 552 430
f 1779 1828 1827
f 1701 1710 9367
f 1661 8994 8959
f 270 53 754
f 197 1947 749
f 1727 1728 1212
f 53 54 232
f 1465 1468 1479
f 1284 9314 9306
f 1951 446 412
f 168 398 1554
f 1486 1485 206
f 506 77 78
f 994 1001 1007
f 951 953 963
f 1013 9311 9313
f 9278 9272 1820
f 1498 1909 1954
f 299 298 543
f 1754 1755 1756
f 1681 469 1683
f 1696 1694 1695
f 13 14 738
f 473 476 475
f 482 1641 768
f 204 62 30
f 1761 1762 820
f 611 1763 1125
f 1501 1503 1908
f 1074 1073 711
f 1960 1944 82
f 120 1956 1960
f 35 86 87
f 1773 1199 1025
f 1965 1545 1569
f 494 761 471
f 1966 1967 1969
f 446 1951 1971
f 174 368 125
f 1580 1579 1578
f 1785 1786 1787
f 1972 1546 304
f 1254 876 875
f 1973 341 342
f 321 1912 1973
f 1910 277 275
f 509 1973 514
f 1486 1507 1527
f 1974 1874 804
f 1977 1976 1974
f 1980 448 1966
f 379 1 2
f 1718 1715 1710
f 884 995 992
f 1680 1684 1678
f 902 990 525
f 344 255 256
f 135 138 137
f 448 446 1967
f 589 605 604
f 910 909 908
f 1981 1966 1968
f 1982 1981 1987
f 1988 1979 1987
f 1990 1988 1989
f 1991 1989 1993
f 322 321 320
f 992 828 830
f 1144 1076 1086
f 1995 1977 1978
f 1133 1129 1118
f 1997 1995 1994
f 870 1823 1335
f 805 806 1982
f 727 184 2000
f 1996 1994 1988
f 1994 1978 1979
f 1829 616 792
f 1830 1073 941
f 798 803 800
f 729 732 731
f 2011 2012 2023
f 1834 1835 846
f 402 283 284
f 2022 2023 2024
f 1838 718 989
f 810 955 952
f 1823 1839 1840
f 1430 1426 1432
f 1215 844 1841
f 1316 1208 873
f 2112 1401 1384
f 1842 1843 1844
f 1159 846 845
f 837 27 1846
f 1971 1951 2030
f 517 369 370
f 1471 2026 2027
f 8995 8969 626
f 2174 2175 770
f 935 934 1854
f 1613 1619 1611
f 1231 1228 1225
f 1856 1857 891
f 1300 1309 748
f 1150 1149 1858
f 1643 606 696
f 1215 1265 1264
f 1320 1860 902
f 1956 1943 1944
f 2031 668 669
f 2034 1325 1310
f 1879 1880 1656
f 40 245 242
f 1992 1993 2039
f 888 958 957
f 1882 1889 1996
f 1078 1138 1255
f 1871 912 1192
f 294 411 218
f 1323 2041 2026
f 123 1960 83
f 1324 2036 2041
f 384 358 359
f 1324 1325 2038
f 1883 1884 1885
f 287 1540 114
f 1096 1886 1134
f 915 1329 931
f 806 1980 1981
f 8977 8973 584
f 1425 2030 2042
f 1018 2042 1948
f 9006 1896 740
f 1948 2042 649
f 1881 1882 1990
f 1900 129 130
f 992 995 994
f 923 927 925
f 9330 2045 2047
f 1643 2048 625
f 2050 2052 2051
f 2045 1405 1404
f 9328 2047 945
f 1139 1080 1079
f 1037 1856 892
f 2055 2053 2057
f 1198 989 718
f 1619 2058 1612
f 2058 1605 1606
f 2059 2060 1607
f 2058 1619 1624
f 71 72 179
f 405 406 1557
f 322 1548 1972
f 2061 2052 2063
f 2066 2065 2067
f 2052 2061 2064
f 1609 1610 2066
f 1515 151 152
f 1009 827 993
f 1644 9295 9267
f 279 1915 1916
f 1285 9315 9314
f 1647 2066 1825
f 2056 2057 2067
f 319 320 1953
f 667 666 1913
f 2070 631 625
f 2052 2050 2055
f 2038 1654 1655
f 1606 1601 2073
f 1235 1917 1270
f 2072 2073 2075
f 2059 1606 2072
f 2074 2075 2077
f 1601 1602 2078
f 2049 2048 1643
f 1000 1004 1001
f 1089 943 684
f 1931 1286 1306
f 1462 1459 1021
f 1932 1933 1934
f 875 874 1846
f 1936 1051 1937
f 44 45 46
f 1534 1955 1956
f 1541 318 317
f 2081 2082 2084
f 146 1945 1959
f 1360 1941 1942
f 985 984 1032
f 1995 1997 1892
f 2079 2080 2082
f 2095 2096 2076
f 2081 2093 2078
f 2055 2050 2054
f 501 2096 2095
f 2097 2100 2099
f 2098 2099 2094
f 2140 2141 9345
f 2141 2046 9346
f 2051 2070 2048
f 592 2102 2101
f 2071 2064 2076
f 2102 2097 2098
f 593 2103 2102
f 1019 1895 746
f 1950 11 12
f 725 2071 2096
f 1385 2105 2104
f 1379 2104 2106
f 2107 2108 2100
f 9360 726 502
f 9348 502 499
f 940 1389 2109
f 928 929 1170
f 9320 590 684
f 1962 1963 1964
f 9330 680 573
f 2039 1993 1968
f 1389 1390 2110
f 1398 2111 2113
f 9209 9207 9205
f 9363 9335 2107
f 949 923 924
f 260 241 324
f 1390 1397 2113
f 2070 2051 2064
f 9319 9363 2103
f 2105 1385 1421
f 2114 1421 1423
f 9344 2114 2115
f 9360 2105 2114
f 554 2116 1902
f 972 1163 967
f 1765 1593 1573
f 1984 1985 1986
f 2053 2117 2069
f 9017 9000 724
f 1625 1677 1674
f 9333 9340 2119
f 9355 2115 2123
f 56 1954 1906
f 626 9329 9331
f 2001 2002 2003
f 9364 9293 2127
f 2006 2007 2008
f 2127 1413 1412
f 2014 2015 2016
f 2018 2019 2020
f 1495 1424 1947
f 1379 1377 1386
f 9266 9263 1680
f 2029 1885 1884
f 9354 2128 2120
f 629 9331 9366
f 682 683 943
f 724 1650 2121
f 1757 1819 9273
f 765 1810 9296
f 9303 714 715
f 706 707 9322
f 981 986 987
f 1457 1868 1656
f 2017 2016 2032
f 1458 1655 1868
f 1776 1777 1792
f 1959 1945 1946
f 9115 9167 9177
f 9365 9333 2122
f 1093 1089 689
f 966 965 968
f 9304 715 9333
f 2172 9029 2170
f 670 2138 2137
f 9213 787 1903
f 1429 19 28
f 964 963 978
f 9293 9265 1413
f 1473 1474 669
f 9286 9285 1359
f 2138 798 1870
f 1872 1473 2137
f 715 716 9340
f 1881 1991 1992
f 9295 9294 739
f 1837 1847 8957
f 253 58 59
f 1808 9289 9292
f 1647 9284 9270
f 9317 9318 671
f 2112 9334 9335
f 1405 2045 2044
f 9281 9276 1364
f 273 1541 391
f 576 632 8964
f 9327 9317 668
f 1430 1431 2140
f 2136 9302 9312
f 1430 2139 18
f 9345 9346 570
f 1442 1439 2046
f 1431 1442 2141
f 9321 9365 9302
f 9260 9275 1817
f 9318 9345 695
f 2142 2025 798
f 571 2143 2142
f 9271 9266 1618
f 2143 2022 2025
f 694 2142 2138
f 681 1572 2144
f 2144 2011 2022
f 328 210 457
f 1572 2010 2011
f 630 9344 9355
f 2085 2086 2087
f 2090 2091 2092
f 572 2144 2143
f 1875 1976 2153
f 1873 1875 2149
f 2103 2107 2097
f 2157 2043 2155
f 2128 1412 1414
f 9326 9323 589
f 9324 9322 628
f 2149 2153 2158
f 2159 2158 9357
f 698 9359 9354
f 9275 9299 9279
f 2158 2156 9326
f 1438 2044 2046
f 2035 2154 2160
f 2161 2160 9341
f 9323 9343 605
f 9325 17 18
f 370 29 61
f 649 1951 413
f 2153 2157 2156
f 1428 1429 1449
f 1490 76 73
f 9342 9357 710
f 2155 1891 9343
f 1456 1457 1880
f 2125 2088 2087
f 2160 2159 9342
f 300 1959 505
f 1064 1062 1046
f 2043 1892 1891
f 2129 2130 2004
f 2131 2132 2133
f 9300 9301 1450
f 1998 1975 804
f 9331 673 9316
f 474 492 490
f 1164 1165 1182
f 707 2162 9361
f 708 1472 2162
f 2162 2161 9338
f 548 549 1905
f 1145 1136 1114
f 705 2121 1650
f 2043 2157 1977
f 737 738 554
f 1034 1195 1191
f 458 1905 1907
f 195 196 232
f 2040 2039 1969
f 2145 2146 2147
f 2054 2050 2049
f 9284 1646 1639
f 9 12 11
f 252 364 506
f 472 478 479
f 1865 9376 9243
f 900 903 910
f 1941 2150 2151
f 1921 1928 1927
f 2163 1897 1898
f 271 156 153
f 1904 1326 12
f 282 263 264
f 1872 1873 2154
f 1326 1904 1897
f 628 692 693
f 1724 1722 1719
f 1549 1562 436
f 1582 1583 1730
f 1921 1920 1929
f 9007 8955 10
f 2152 2037 1950
f 475 772 774
f 769 2172 2171
f 2171 2165 476
f 476 773 772
f 1791 565 464
f 2166 2167 2168
f 595 371 372
f 483 1809 1641
f 762 2174 2173
f 771 483 484
f 486 487 1809
f 297 1549 1517
f 763 2175 2174
f 776 755 759
f 184 185 2176
f 412 447 303
f 2005 2176 185
f 9263 1681 1682
f 2164 2170 756
f 1472 2035 2161
f 950 951 964
f 2177 2178 2179
f 227 226 1510
f 2182 2183 2184
f 2186 2019 2018
f 1985 2182 2181
f 214 736 729
f 865 849 842
f 849 865 1357
f 559 3187 3188
f 16 13 737
f 560 553 498
f 3193 3196 3195
f 3200 3197 3198
f 3211 3214 3213
f 3215 3218 3217
f 2187 2188 2002
f 3233 3236 3235
f 3223 3221 3222
f 3229 3232 3231
f 3245 3248 3247
f 2169 2168 2189
f 2192 2086 2085
f 2193 2194 2195
f 2198 2199 2200
f 1998 1982 1979
f 9116 9117 9120
f 3253 3256 3255
f 2116 1898 1903
f 1859 2006 2009
f 9356 2123 2126
f 1135 1148 1087
f 2201 2202 2015
f 1149 111 110
f 3261 3264 3263
f 3269 3272 3271
f 3265 3268 3267
f 3229 3230 3284
f 3289 3292 3291
f 3299 3302 3301
f 3307 3263 3264
f 3293 3296 3295
f 3297 3223 3224
f 3319 3321 3291
f 3322 3323 3318
f 3314 3313 3312
f 3285 3288 3287
f 3332 3333 3218
f 3329 3331 3330
f 3324 3325 3227
f 3298 3224 3326
f 2203 2204 2205
f 579 580 1895
f 1755 2207 2208
f 3337 3340 3339
f 9343 9362 1893
f 1211 2151 2150
f 868 997 2210
f 3347 3350 3349
f 944 945 930
f 2130 2129 2202
f 233 1903 1898
f 665 751 750
f 1167 1254 999
f 2211 2212 2213
f 2215 2216 2217
f 9319 593 590
f 2220 221 220
f 823 824 948
f 3375 3240 3377
f 3393 3392 3391
f 3353 3358 3357
f 3363 3366 3365
f 3402 3405 3404
f 266 204 455
f 9334 2108 2107
f 2221 2222 8963
f 2223 2224 2225
f 2207 2125 2124
f 3293 3309 3336
f 673 674 9321
f 817 1000 996
f 2227 2228 2146
f 1947 1948 646
f 9352 2135 17
f 2229 1635 1638
f 1679 1613 1618
f 1637 2231 2232
f 2233 2234 1617
f 2231 2235 2236
f 3406 3409 3408
f 1381 1638 2238
f 9038 2241 2242
f 3414 3416 3341
f 1630 2234 2233
f 1681 1626 472
f 1408 1407 2243
f 3423 3426 3425
f 3433 3351 3263
f 3434 3429 3430
f 3440 3443 3442
f 3444 3447 3446
f 3436 3451 3450
f 3442 3443 3456
f 1637 2230 2238
f 3445 3446 3437
f 3448 3443 3440
f 1409 1408 1634
f 1380 1383 2247
f 1628 2248 2245
f 3463 3466 3465
f 3308 3477 3462
f 2249 1623 1622
f 1632 1634 1408
f 2248 1628 1631
f 3478 3481 3480
f 3509 3512 3511
f 2235 2231 1637
f 3505 3508 3507
f 3457 3458 3199
f 631 2070 2071
f 515 167 52
f 782 781 2251
f 2253 2254 2255
f 397 281 459
f 1456 2039 2040
f 2040 2041 2036
f 3434 3475 3518
f 1401 2112 2111
f 2041 2040 1970
f 3367 3337 3338
f 1535 121 414
f 1586 1587 2080
f 2256 983 1132
f 3528 3531 3530
f 3519 3521 3520
f 3537 3505 3506
f 3543 3546 3545
f 1700 1699 9370
f 3486 3551 3550
f 3455 3456 3497
f 3558 3560 3559
f 3456 3568 3500
f 3572 3571 3252
f 3308 3264 3285
f 3316 3317 3574
f 3575 3478 3479
f 3576 3579 3578
f 3580 3583 3582
f 3584 3587 3586
f 3505 3537 3588
f 3589 3592 3591
f 3600 3603 3602
f 3542 3539 3595
f 3604 3605 3592
f 3611 3610 3613
f 3622 3625 3624
f 3618 3621 3620
f 3626 3629 3628
f 3644 3647 3646
f 3634 3637 3636
f 3638 3639 3641
f 9267 1896 1686
f 1263 2256 1886
f 3613 3655 3654
f 598 1841 844
f 2257 2258 2259
f 2258 2261 2262
f 2259 2262 2263
f 2260 2259 2216
f 1967 1971 1970
f 2212 1964 1963
f 922 921 2218
f 1312 1098 1101
f 1307 1306 1286
f 1548 1569 1546
f 2266 2267 2268
f 2265 2268 2270
f 2272 2265 2269
f 2273 2266 2265
f 2275 2276 2277
f 2278 2274 2277
f 2284 2285 9069
f 2287 2283 2286
f 2288 2289 2283
f 2290 2284 9091
f 2291 2292 2293
f 2295 2291 2294
f 2296 2297 2291
f 2297 2298 2292
f 2294 2293 2299
f 2279 2294 2300
f 2298 2301 2302
f 2292 2302 2303
f 2293 2303 2304
f 2304 2305 2306
f 2308 2309 2310
f 2302 2307 2310
f 2301 2311 2307
f 2312 2308 2307
f 2313 2314 2315
f 2318 2319 2320
f 9200 9223 2322
f 2324 2325 2273
f 2313 2324 2326
f 2328 2324 2313
f 2329 2325 2324
f 2331 2332 2333
f 2330 2333 2267
f 2325 2330 2266
f 2329 2331 2330
f 2333 2334 2335
f 2336 2334 2333
f 2338 2336 2332
f 2331 2339 2337
f 2329 2340 2339
f 2328 2341 2340
f 2316 2342 2341
f 2342 2316 2315
f 2344 2345 2346
f 2341 2344 2347
f 2342 2348 2344
f 2348 2349 2345
f 2350 2351 2352
f 2339 2350 2353
f 2340 2347 2350
f 2347 2346 2351
f 2337 2353 2354
f 2353 2352 2355
f 2356 2277 2276
f 2356 2357 2358
f 2356 2359 2296
f 2279 2277 2356
f 2360 2361 2270
f 2267 2335 2360
f 2362 2363 2364
f 2362 2365 2361
f 2366 2362 2358
f 2366 2367 2363
f 2357 2276 2368
f 2366 2368 2369
f 2276 2275 2370
f 2368 2370 2282
f 2372 2373 2374
f 2375 2376 2377
f 2378 2379 2380
f 2382 2378 2381
f 2384 2385 2378
f 2385 2386 2379
f 2388 2389 2390
f 2387 2390 2392
f 2393 2394 2387
f 2394 2395 2388
f 2186 2401 2402
f 2403 2404 2327
f 2272 2403 2326
f 2271 2405 2403
f 2405 2406 2404
f 2404 2407 2408
f 2409 2410 2411
f 2409 2412 2271
f 2413 2409 2269
f 2413 2414 2410
f 2417 2415 2416
f 2417 2418 2406
f 2412 2417 2405
f 2411 2415 2417
f 2406 2419 2407
f 9013 8964 632
f 2420 2398 2397
f 2420 2421 2423
f 2424 2420 2422
f 2424 2399 2398
f 2425 2391 2392
f 2421 2425 2426
f 2397 2396 2425
f 2396 2393 2391
f 2427 2314 2408
f 2430 2427 2428
f 2343 2315 2427
f 2432 2343 2430
f 2431 2430 2429
f 2435 2431 2433
f 2436 2432 2431
f 2428 2408 2407
f 2422 2437 2407
f 2438 2437 2422
f 2429 2428 2437
f 2440 2434 2433
f 2441 2439 2433
f 2442 2443 2439
f 2443 2444 2440
f 2445 2446 2444
f 2447 2445 2443
f 2383 2381 2445
f 2381 2380 2446
f 2448 2438 2423
f 2449 2448 2426
f 2441 2448 2449
f 2441 2429 2438
f 2449 2392 2390
f 2450 2390 2389
f 2447 2450 2451
f 2442 2449 2450
f 2451 2389 2453
f 2452 2453 2455
f 2382 2452 2454
f 2383 2451 2452
f 2456 2457 2373
f 2459 2460 2461
f 2463 2464 2465
f 2462 2465 2285
f 2466 2462 2284
f 2467 2463 2462
f 2461 2460 9155
f 2468 2469 2470
f 2472 2468 2471
f 2474 2461 9153
f 2475 2476 2477
f 2458 2455 2453
f 2479 2453 2389
f 2395 2480 2479
f 2480 2459 2458
f 2481 2482 2483
f 2484 113 2485
f 2471 2470 2464
f 2473 2471 2463
f 2487 2467 2466
f 2486 2466 2290
f 2490 2486 2488
f 2491 2487 2486
f 2492 2473 2467
f 2493 2492 2487
f 2494 2495 2492
f 2495 2472 2473
f 9142 2496 2474
f 9143 2497 2496
f 2498 2494 2493
f 2500 2498 2499
f 9152 9139 2498
f 9139 9143 2494
f 2306 2504 2278
f 2305 2505 2504
f 2504 2505 2507
f 2506 2507 2288
f 2274 2506 2508
f 2278 2504 2506
f 9085 9084 2489
f 9072 9085 2488
f 2507 2509 2289
f 2505 2510 2509
f 2508 2288 2287
f 2511 2287 2281
f 2370 2511 2280
f 2275 2508 2511
f 2512 2490 2489
f 2514 2512 2513
f 2517 2512 2514
f 2517 2491 2490
f 2499 2493 2491
f 2499 2517 2516
f 2510 2505 2519
f 2518 2519 2521
f 9068 2518 2520
f 9084 2510 2518
f 2522 2304 2303
f 2523 2522 2310
f 2305 2304 2522
f 2524 2522 2523
f 2519 2524 2525
f 2505 2305 2524
f 2308 2312 2527
f 2526 2527 2529
f 2531 2526 2528
f 2309 2308 2526
f 1214 2532 2151
f 2419 2406 2418
f 2533 2345 2349
f 2534 2533 2317
f 2535 2536 2533
f 2536 2346 2345
f 2537 2351 2346
f 2538 2537 2536
f 2539 2540 2537
f 2540 2352 2351
f 2312 2355 2541
f 2527 2541 2542
f 2543 2435 2434
f 2545 2543 2544
f 2319 2318 2543
f 2318 2436 2435
f 2514 2515 2548
f 2547 2548 2550
f 2552 2547 2549
f 2552 2516 2514
f 2520 2521 2554
f 2553 2554 2556
f 9042 2553 2555
f 9073 2520 2553
f 2523 2309 2531
f 2557 2531 2530
f 2525 2523 2557
f 2559 2557 2558
f 2554 2559 2560
f 2521 2525 2559
f 2561 2375 2007
f 2376 2562 2225
f 2564 2565 2566
f 2563 2566 338
f 2569 2563 2567
f 2570 2564 2563
f 2572 2573 2574
f 2571 2574 2576
f 2544 2571 2575
f 2544 2434 2572
f 2578 2570 2569
f 2579 2577 2569
f 2574 2577 2579
f 2573 2578 2577
f 2581 2582 2583
f 2584 2580 2583
f 9149 9127 2580
f 9128 2581 2580
f 2582 2516 2552
f 2583 2552 2551
f 2500 2501 2589
f 2590 2588 2589
f 9145 9147 2588
f 9147 9152 2500
f 2501 2516 2591
f 2592 2593 2594
f 2386 2385 2503
f 2596 2379 2386
f 2596 2374 2373
f 2599 2596 2597
f 2599 2380 2379
f 2600 2446 2380
f 2600 2599 2598
f 2603 2600 2601
f 2603 2444 2446
f 2604 2603 2602
f 2440 2604 2605
f 2444 2603 2604
f 2606 2582 2581
f 2606 2607 2590
f 2591 2516 2582
f 9128 2587 2456
f 9141 2456 2372
f 2478 2477 2608
f 2609 2610 2611
f 2564 2570 2613
f 2612 2613 2598
f 2457 2612 2597
f 2565 2564 2612
f 2614 2613 2570
f 2615 2614 2578
f 2602 2601 2614
f 2601 2598 2613
f 2572 2434 2605
f 2616 2605 2602
f 2573 2572 2616
f 1459 1016 1045
f 1265 1215 1079
f 1612 1608 1609
f 2067 2057 2069
f 1135 1109 1136
f 1938 1937 2618
f 95 548 458
f 2058 1607 1608
f 1454 1469 1445
f 655 2620 1048
f 722 1049 2621
f 3665 3639 3634
f 1131 985 1033
f 562 1481 366
f 1723 1719 1725
f 1786 1123 1122
f 267 300 323
f 1325 2034 1654
f 1468 1165 1435
f 658 657 529
f 8 532 247
f 382 1557 1559
f 3631 3681 3680
f 788 619 1307
f 940 930 929
f 911 2622 2623
f 2621 2620 655
f 2624 1857 2625
f 998 1846 27
f 635 638 2626
f 2627 641 644
f 2628 2627 1840
f 1200 1199 2627
f 1199 1773 641
f 1520 515 49
f 1452 1350 1349
f 2630 2631 1859
f 644 643 1335
f 3683 3700 3699
f 1197 1198 717
f 2632 717 719
f 2628 2632 1166
f 2629 1197 2632
f 1762 2633 1050
f 1823 870 873
f 2634 2635 794
f 1042 794 2635
f 93 94 1901
f 2036 2038 1458
f 1527 332 1525
f 877 876 1274
f 134 409 797
f 1328 893 931
f 607 777 1091
f 1043 2635 2637
f 2636 2637 2639
f 1275 2636 2638
f 1275 1040 1043
f 1272 2624 2626
f 2640 2626 638
f 1110 2641 2640
f 536 1272 2640
f 1472 708 1474
f 2042 2030 1951
f 3668 3632 3633
f 1058 1106 1105
f 2642 2623 2643
f 1192 2642 2644
f 912 2623 2642
f 9350 1657 8970
f 1049 1048 2620
f 616 1829 1885
f 1331 1913 666
f 990 989 1198
f 1911 1912 321
f 1298 1282 1205
f 76 1490 1504
f 1502 1500 421
f 610 609 658
f 1146 937 659
f 2646 911 914
f 1280 1239 1238
f 1453 1454 1452
f 835 942 1843
f 1271 1270 1173
f 1893 1878 1826
f 1050 2633 1937
f 2651 2652 814
f 1006 1053 1281
f 2653 1084 2654
f 1001 1004 1003
f 585 997 679
f 2624 1272 621
f 555 678 2028
f 1207 526 1197
f 1626 1627 478
f 3729 3732 3731
f 3746 3749 3748
f 3770 3752 3750
f 426 389 419
f 1030 1193 1773
f 9350 645 634
f 534 1533 138
f 1125 1092 1042
f 333 228 88
f 569 1570 561
f 3691 3694 3693
f 1489 2656 871
f 1857 2624 620
f 1673 1674 9222
f 622 861 864
f 619 788 891
f 261 544 545
f 393 1555 1556
f 2658 2659 2647
f 1075 2658 2657
f 1081 1080 2658
f 1080 1139 2659
f 2644 2643 1141
f 2660 1141 1140
f 642 2660 1336
f 1193 2644 2660
f 679 678 555
f 3762 3765 3764
f 1503 1501 1500
f 1318 1317 1101
f 2661 2659 1139
f 2661 1142 2663
f 2662 2647 2659
f 2662 2663 2622
f 2664 2622 911
f 2648 2664 2646
f 2648 2647 2662
f 3586 3658 3779
f 2083 2094 2093
f 1442 1440 1437
f 3732 3734 3733
f 519 329 330
f 1885 2029 1209
f 799 800 805
f 1946 1943 1952
f 1302 1301 1253
f 3741 3738 3757
f 3660 3663 3662
f 566 2005 224
f 1389 940 928
f 683 682 681
f 836 835 1842
f 2665 1842 1845
f 2666 2665 1303
f 24 836 2665
f 831 1072 2650
f 1845 1844 1304
f 2010 2013 2012
f 1051 1936 2667
f 1522 1521 1511
f 531 440 441
f 1250 635 2625
f 2669 2625 1857
f 783 2669 1856
f 782 1250 2669
f 720 2670 2671
f 1055 1931 1930
f 1333 1067 1251
f 619 622 1308
f 652 655 2619
f 521 522 1539
f 1838 988 537
f 2672 537 536
f 1113 2672 2641
f 1113 527 1838
f 1016 1013 1351
f 9349 573 570
f 226 227 104
f 9008 9121 9279
f 1036 1037 1884
f 2674 1301 1304
f 2673 1304 1844
f 1334 2673 2675
f 1333 2674 2673
f 2676 702 1039
f 1843 2676 2675
f 942 1074 2676
f 1074 699 702
f 752 1057 1055
f 1200 1166 656
f 1120 1846 874
f 2677 874 877
f 1241 2677 1052
f 1119 1120 2677
f 1560 1513 151
f 1208 1316 611
f 215 735 736
f 1460 1459 1462
f 3717 3720 3719
f 1208 1207 1839
f 854 856 1282
f 3682 3697 3696
f 72 445 182
f 544 1563 1565
f 217 200 456
f 3673 3647 3781
f 2047 1404 930
f 1204 2618 1937
f 913 777 686
f 3705 3708 3707
f 840 527 1113
f 1531 729 730
f 2678 778 1283
f 601 667 1914
f 1537 1538 459
f 1819 1757 8953
f 991 1860 862
f 2679 711 1073
f 3776 3775 3581
f 2680 1830 983
f 779 2680 2256
f 778 2678 2680
f 2678 2679 1830
f 180 542 245
f 1886 1132 1131
f 3766 3768 3767
f 1138 1137 1274
f 3777 3778 3585
f 1841 598 1140
f 75 313 314
f 193 423 420
f 2681 2682 1099
f 3658 3586 3587
f 170 1567 1565
f 349 416 417
f 1121 1124 2684
f 547 797 409
f 123 122 121
f 2643 2663 1142
f 1542 1544 513
f 899 900 907
f 1210 677 676
f 791 663 982
f 24 27 837
f 893 896 932
f 1860 1320 863
f 535 538 862
f 3640 3684 3683
f 1569 1548 1547
f 181 455 542
f 660 659 937
f 2013 567 568
f 3781 3647 3644
f 887 890 2631
f 1524 1508 361
f 520 161 162
f 2653 855 854
f 1238 1237 2655
f 718 1838 527
f 1492 1493 518
f 792 616 615
f 599 846 1835
f 290 457 456
f 312 171 1552
f 1248 2687 1179
f 153 149 177
f 1240 1181 1222
f 1257 1292 1235
f 1291 1084 1083
f 1052 877 1277
f 743 742 2618
f 444 140 430
f 23 1224 1172
f 2687 2654 1180
f 102 103 409
f 1283 607 610
f 373 497 650
f 1180 2654 1084
f 855 2653 2655
f 1173 1270 1917
f 2689 850 853
f 2688 853 1108
f 2686 2688 1279
f 2687 2689 2688
f 2691 1302 1252
f 2690 1252 850
f 1248 2690 2689
f 1248 1247 2691
f 2692 617 24
f 2691 2692 2666
f 1247 1258 2692
f 1258 1168 617
f 394 1554 1555
f 2693 1260 1259
f 1072 1236 1262
f 1257 1071 1168
f 398 439 1555
f 871 1784 1314
f 1178 1232 1249
f 1224 1289 1173
f 1010 2617 2618
f 1175 1174 1292
f 2654 2687 2686
f 2694 1157 1216
f 71 418 1487
f 701 1112 1111
f 1072 1261 2649
f 1085 2695 22
f 895 2694 1264
f 1601 1606 1605
f 1259 1262 1271
f 21 20 1220
f 988 991 538
f 3533 3479 3535
f 598 597 1336
f 1050 860 818
f 1298 2645 1761
f 1168 1167 618
f 3629 3671 3670
f 858 1168 1256
f 39 242 516
f 2652 1761 819
f 313 316 315
f 2026 1970 1971
f 2656 1489 596
f 814 819 818
f 2696 2651 813
f 1260 2696 2649
f 2693 2697 2696
f 2697 1296 2651
f 381 355 390
f 9270 9271 1611
f 1475 1427 1428
f 1292 1174 1917
f 1551 353 354
f 1526 1525 1523
f 1593 1589 1595
f 1232 1269 1246
f 2695 2693 1223
f 2698 1297 1296
f 2698 2697 2693
f 2685 2698 2695
f 2685 854 1297
f 562 1497 271
f 2652 2651 1296
f 1365 1366 1364
f 1958 1946 1953
f 585 588 2210
f 1561 1560 1515
f 975 2648 1146
f 347 67 68
f 1038 1111 636
f 2700 781 780
f 2699 780 1036
f 2701 2699 1883
f 851 2700 2699
f 2674 1333 2251
f 2702 2251 781
f 1253 2702 2700
f 1301 2674 2702
f 1519 387 388
f 1273 1239 1280
f 2703 1280 1107
f 2701 2703 852
f 1829 1273 2703
f 91 260 326
f 1784 871 2656
f 2683 2684 2705
f 604 1894 8943
f 1669 8978 8992
f 2062 2063 2060
f 621 535 861
f 2023 731 732
f 686 779 1263
f 857 1051 2668
f 883 830 882
f 3648 3651 3650
f 637 636 1111
f 2668 894 893
f 3692 3712 3711
f 2667 921 894
f 1039 1038 1068
f 313 75 1504
f 1911 1972 305
f 1936 2706 1964
f 2707 2402 2401
f 2708 2707 2183
f 738 2163 2116
f 3785 3787 3709
f 2349 2348 2432
f 2711 2712 2020
f 2400 2711 2019
f 2714 2715 2716
f 2717 2718 2719
f 2721 2722 2723
f 2726 2727 2728
f 2725 2728 2730
f 2731 2725 2729
f 2732 2726 2725
f 2734 2735 2736
f 2738 2739 2740
f 2737 2740 2741
f 2744 2745 2746
f 2745 2744 2748
f 2749 2750 2747
f 2753 2749 2751
f 2250 1380 2246
f 3417 3420 3419
f 2754 1396 1614
f 9050 2754 2755
f 9060 2745 2747
f 1617 2756 2755
f 2242 2758 1620
f 3429 3432 3431
f 2191 2085 2760
f 2761 2759 2760
f 9100 2759 2761
f 9075 2191 2759
f 3209 3460 3354
f 1395 1394 2236
f 1395 2235 1636
f 3741 3791 3790
f 1616 1635 2229
f 3410 3413 3412
f 1617 2234 2763
f 2756 2763 9080
f 2765 2763 2234
f 2766 2764 9080
f 3202 3199 3458
f 1516 437 435
f 2768 2769 8996
f 1495 541 578
f 2135 2136 28
f 8970 8984 2773
f 1690 1689 9378
f 2778 2779 2780
f 2777 2780 2781
f 2784 2778 2777
f 8999 8965 575
f 1494 1904 9
f 8973 2016 2015
f 451 61 505
f 2786 2787 2788
f 2779 2786 2785
f 2789 2752 2741
f 2790 2753 2752
f 2792 2793 2794
f 2793 2795 2796
f 2796 2797 2750
f 2794 2796 2749
f 2798 1393 1396
f 9043 2798 2754
f 2798 2799 2800
f 9043 9114 2799
f 2797 2796 2795
f 2791 2794 2753
f 216 233 232
f 9256 2806 2807
f 9257 2809 2804
f 2769 2810 9001
f 183 185 184
f 2811 2812 2775
f 2804 2811 2776
f 2809 2813 2811
f 2812 2811 2813
f 9257 2808 2816
f 9248 2818 2815
f 9250 9252 2820
f 9245 2823 2819
f 2824 2736 2735
f 2823 2825 2824
f 2825 2823 2826
f 9245 2822 2827
f 9248 2817 2826
f 2713 2716 2829
f 2828 2829 2831
f 2822 2821 2828
f 2821 2820 2713
f 2832 2827 2822
f 2833 2832 2830
f 2834 2835 2832
f 2835 2818 2827
f 2837 2838 2839
f 2836 2839 2841
f 2842 2836 2840
f 2843 2837 2836
f 2840 2841 2845
f 2718 2844 2845
f 2730 2728 2844
f 2727 2840 2844
f 2846 2845 2841
f 2829 2846 2847
f 2847 2841 2839
f 2848 2839 2838
f 2833 2848 2849
f 2831 2847 2848
f 2850 2814 2851
f 2853 2850 2852
f 2783 2777 2782
f 2785 2788 2853
f 2780 2785 2856
f 2857 2858 2855
f 2859 2857 2782
f 2861 2843 2842
f 2860 2842 2727
f 2862 2860 2726
f 2863 2861 2860
f 2861 2863 2858
f 2843 2861 2857
f 2856 2853 2854
f 2781 2856 2864
f 2837 2843 2859
f 2838 2837 2864
f 2852 2851 2834
f 2854 2852 2849
f 2865 2815 2818
f 2851 2865 2835
f 2813 2809 2815
f 2814 2813 2865
f 2866 2812 2814
f 2788 2866 2850
f 2866 2788 2787
f 2812 2866 2867
f 1892 1889 1890
f 2720 2719 2846
f 298 299 256
f 2872 2714 2713
f 9246 9252 2735
f 2729 2730 2874
f 2846 2716 2715
f 2876 2877 2878
f 2733 2875 2878
f 9258 9259 2879
f 9258 2880 2872
f 2882 2883 2884
f 2881 2884 2715
f 2880 2881 2714
f 2879 2882 2881
f 2885 2886 2887
f 2888 2889 2890
f 2885 2890 2892
f 2893 2886 2885
f 1942 2151 2532
f 2895 2892 2720
f 2884 2895 2870
f 2883 2896 2895
f 2896 2891 2892
f 2889 2874 2717
f 2890 2717 2720
f 2897 2893 2891
f 2898 2897 2896
f 2899 2898 2883
f 2900 2899 2882
f 9249 2900 2879
f 2876 2902 2901
f 2901 2902 2904
f 1785 2656 1835
f 2905 2906 2899
f 2907 2908 2897
f 9249 2901 2903
f 632 576 577
f 8976 8991 2867
f 434 385 550
f 2768 2770 9092
f 2910 2911 1623
f 2241 2912 2758
f 9092 2770 2913
f 1623 2911 2757
f 9039 2242 2757
f 2229 1381 1380
f 2765 1630 1629
f 2915 2914 1629
f 9094 9093 2914
f 9093 9074 2765
f 2919 2916 9094
f 2918 2915 2912
f 9066 2918 2241
f 9070 2919 9065
f 8985 2177 2180
f 8965 2002 2188
f 3694 3626 3627
f 9157 9017 714
f 2925 2766 2917
f 2924 2917 2916
f 9062 2924 2919
f 9063 2925 2924
f 2926 2927 2766
f 9110 2926 2925
f 1715 1713 1705
f 785 497 498
f 1387 651 565
f 374 375 1899
f 9017 2203 2206
f 2929 2930 2886
f 2932 2933 2934
f 1905 1906 1908
f 2930 2935 2936
f 2938 2935 2930
f 1493 369 517
f 1603 1585 1586
f 2939 2938 2929
f 2940 2939 2908
f 9117 1707 1600
f 2886 2930 2937
f 2906 2907 2898
f 2908 2929 2893
f 2942 2934 2933
f 2941 2933 2937
f 8945 2941 2936
f 8942 2942 2941
f 2943 2944 2710
f 2943 2873 2874
f 2945 2943 2889
f 2946 2944 2943
f 2932 2945 2888
f 2931 2946 2945
f 727 1928 1929
f 2903 2904 2947
f 545 594 42
f 1480 1570 533
f 2907 2906 2949
f 2906 2905 2950
f 1558 452 215
f 9251 2903 2948
f 2054 1645 1644
f 9157 9136 2203
f 1828 1837 1849
f 2953 2954 2955
f 2952 2955 2957
f 2956 2261 2258
f 2953 2952 2258
f 2454 2455 2474
f 9199 2958 2959
f 9199 2132 2131
f 2961 2962 2963
f 2958 2963 2964
f 222 221 2485
f 2477 2226 2966
f 2631 2561 2006
f 2384 2454 2496
f 2967 2968 2959
f 2968 2967 2970
f 9211 2033 2971
f 9236 2971 2960
f 2972 2971 2033
f 2007 2377 2973
f 9004 9003 2134
f 1836 1833 1832
f 8950 2188 2090
f 955 810 959
f 672 675 674
f 633 710 713
f 2024 732 733
f 2025 2024 803
f 425 1552 1550
f 2975 2976 888
f 1319 1158 1157
f 1212 1935 2977
f 889 957 2228
f 1978 1974 1975
f 1138 1078 1329
f 751 665 2979
f 1619 1613 1625
f 2252 2255 1728
f 1157 1160 845
f 2706 1936 1938
f 2980 2255 2254
f 2982 2975 887
f 802 712 711
f 678 677 2029
f 527 840 690
f 1839 1207 2629
f 2983 2984 602
f 2983 1914 1913
f 2985 2983 1331
f 2986 2984 2983
f 2987 2637 2635
f 2985 2988 2639
f 2990 1319 1318
f 2991 2992 2993
f 2995 2991 2994
f 1106 1058 2991
f 1058 1057 2992
f 1415 1406 1365
f 1317 922 2217
f 1932 1728 2255
f 926 2998 2999
f 3001 2993 2992
f 3000 2992 1057
f 2999 3000 2978
f 2998 3001 3000
f 3002 2998 2209
f 3002 3003 2996
f 2993 3001 3002
f 1103 1106 2995
f 3004 2995 2996
f 2209 2210 3004
f 588 1103 3004
f 295 296 433
f 2638 2639 2988
f 3005 2988 1056
f 1305 3005 1930
f 1276 2638 3005
f 1987 1968 1993
f 2633 1762 1761
f 1423 1422 1417
f 9005 8961 739
f 2671 2670 2704
f 1473 1872 2035
f 922 1317 2694
f 1401 1400 1378
f 556 2028 1884
f 842 848 9277
f 1854 2706 2617
f 933 1082 1081
f 1440 1441 1436
f 529 657 719
f 1031 1025 1027
f 777 913 912
f 2645 1205 1204
f 441 438 1538
f 3771 3774 3773
f 790 1287 587
f 2065 2066 1610
f 1860 991 990
f 60 106 87
f 1424 1017 1948
f 332 1527 1507
f 261 262 138
f 187 188 449
f 1719 1720 1726
f 1931 1055 1059
f 3006 1059 1105
f 1287 3006 1104
f 1286 1931 3006
f 3007 3008 3009
f 3009 3008 653
f 618 999 26
f 2029 677 1210
f 957 601 600
f 1049 2146 2228
f 2631 890 3011
f 890 889 2227
f 3011 2227 2145
f 2561 3011 3012
f 1026 656 609
f 2706 1854 1961
f 3013 2965 2485
f 2148 2147 1267
f 3015 1267 1266
f 2997 2264 1101
f 642 641 1773
f 186 477 461
f 1041 1040 1320
f 1121 3016 3017
f 2984 2986 2987
f 3018 2987 2634
f 1048 603 3018
f 603 602 2984
f 2679 2678 801
f 2062 2072 2074
f 2061 2074 2076
f 414 303 1545
f 3016 1121 2683
f 3019 2683 2704
f 3020 3019 2670
f 3007 3016 3019
f 1871 1090 1091
f 3021 1787 1122
f 3022 3021 3017
f 1314 3021 3022
f 1784 1787 3021
f 1316 1315 1763
f 3023 3022 3010
f 3023 3009 795
f 1763 3023 1092
f 1315 3022 3023
f 3016 3007 3010
f 752 751 2978
f 2986 2639 2637
f 3024 654 653
f 3020 3024 3008
f 720 723 3024
f 723 2621 654
f 2681 1098 1268
f 2671 3025 1268
f 2705 2681 3025
f 1313 3026 3027
f 3026 3028 3029
f 3027 3029 3030
f 1311 3027 3031
f 2012 568 731
f 917 2657 974
f 3742 3745 3744
f 743 1206 856
f 1888 2027 2030
f 2682 2705 2684
f 3032 2684 1124
f 1100 3032 2989
f 1099 2682 3032
f 1123 2990 2989
f 3033 1834 1159
f 2990 3033 1158
f 1123 1786 3033
f 1786 1785 1834
f 1054 1056 2988
f 2979 665 664
f 2623 2622 2663
f 1095 660 688
f 3034 3035 2261
f 3036 3034 2956
f 3037 3038 3034
f 3038 3039 3035
f 3040 3041 3026
f 2263 3042 3041
f 3042 3039 3043
f 3041 3043 3028
f 3044 3045 3043
f 3046 3047 3045
f 3047 3048 3049
f 3043 3045 3049
f 3038 3037 3051
f 3050 3051 3053
f 3052 3046 3044
f 3039 3038 3050
f 3054 3035 3039
f 3042 2263 2262
f 2261 3035 3054
f 2216 2263 2997
f 2212 2211 2667
f 3056 868 2209
f 934 3057 1961
f 2013 9207 9209
f 3058 3059 3060
f 3059 3062 3063
f 3060 3063 2213
f 3061 3060 1963
f 3063 3064 2214
f 3062 3065 3064
f 3065 2257 2260
f 3064 2260 2215
f 3066 3067 3031
f 2608 2966 3067
f 2966 2562 3068
f 3031 3067 3068
f 2455 2458 2461
f 2476 2223 2226
f 8995 2090 2089
f 8970 2774 9221
f 433 354 355
f 2115 1423 1419
f 8953 2868 2922
f 9221 9189 2131
f 3069 2611 2167
f 2971 2972 2928
f 2961 2774 2773
f 3070 2475 2478
f 2610 2609 3071
f 2502 2371 2374
f 3072 2592 2595
f 2964 3046 3052
f 3048 2593 3074
f 2593 2592 3075
f 3075 3030 3029
f 3074 3029 3028
f 3072 3076 3075
f 3076 3072 2482
f 2481 2608 3066
f 3076 3066 3030
f 2967 3052 3053
f 2482 3072 3073
f 479 480 493
f 706 9352 9325
f 9005 2194 2221
f 2013 2010 9206
f 8977 2032 2016
f 9006 8963 2222
f 1171 1154 1155
f 3782 3644 3689
f 2586 2566 2565
f 2982 110 113
f 2562 2376 3077
f 2376 2375 3012
f 3012 2145 2148
f 3077 2148 3015
f 2963 3047 3046
f 3051 3078 2970
f 1683 2173 491
f 9302 2122 1447
f 1986 2181 9186
f 3079 3080 2546
f 3081 3079 2575
f 1983 1986 9220
f 3082 2323 2319
f 3080 3082 2545
f 9186 9184 3082
f 9184 9200 2323
f 1309 1471 1888
f 3073 2595 2772
f 2760 3083 3084
f 2760 2085 2088
f 3085 3084 3086
f 3089 3085 3090
f 3089 2762 3084
f 3092 3088 3090
f 3093 2748 2744
f 2751 2747 2748
f 3093 2741 2752
f 2742 2741 3093
f 3094 3093 2743
f 3096 3097 3098
f 3099 3096 3087
f 3097 3094 3095
f 3100 2743 2746
f 3101 2927 3102
f 2764 2766 2927
f 2745 2764 3101
f 3102 3092 3091
f 3100 3091 3095
f 2869 2802 9044
f 3102 3103 3104
f 9110 2868 2869
f 2927 2926 3103
f 3098 3095 3091
f 3087 3098 3090
f 2088 2125 3105
f 3083 3105 3086
f 2483 3073 2771
f 2401 2186 2185
f 3099 3086 3105
f 2125 2207 3106
f 3108 2737 2742
f 3107 2742 3094
f 3110 3108 3107
f 3109 3107 3097
f 3111 3109 3096
f 3112 3110 3109
f 3113 2738 2737
f 3115 2723 2722
f 3117 3115 3114
f 3119 3117 3116
f 3118 3116 3120
f 3116 3114 3113
f 3122 3112 3111
f 3122 3123 1755
f 3124 3125 3126
f 3125 3118 3121
f 3128 3119 3118
f 3129 3128 3125
f 2020 2712 3128
f 9305 9309 1346
f 1065 1046 1047
f 1814 9290 9282
f 2021 2020 3129
f 3111 3099 3106
f 3123 3106 2207
f 2377 2225 2224
f 3014 2485 113
f 1756 2208 9234
f 3131 3132 2530
f 3133 3131 2528
f 1753 1756 9219
f 3134 3124 3127
f 2327 2408 2314
f 2436 2318 2317
f 2018 2021 9163
f 2534 3136 3137
f 2320 2322 3136
f 2185 2018 9164
f 3138 3139 2542
f 3134 3135 9196
f 9237 3130 3134
f 3140 3138 2539
f 2535 3137 3140
f 9163 2021 3130
f 2558 2530 3132
f 9234 9212 3141
f 2560 2558 3141
f 9212 9229 3142
f 958 888 2976
f 1933 1932 2980
f 3714 3704 3729
f 2399 2424 2418
f 2348 2342 2343
f 2322 2320 2319
f 2718 2717 2874
f 2709 2729 2873
f 2894 2871 1361
f 3788 3789 3720
f 346 289 176
f 1876 1877 1882
f 2802 2803 9059
f 3104 3144 3088
f 2974 2222 9101
f 3089 3145 2761
f 3088 3144 3145
f 2803 2974 9055
f 9322 9361 692
f 2123 1419 1418
f 1365 1363 1368
f 3346 3345 3344
f 1581 1766 1782
f 9013 2202 2129
f 8999 2003 2002
f 3146 2585 2551
f 9203 3146 3147
f 9194 3149 3146
f 3149 2584 2585
f 3196 3198 3197
f 9056 2192 2191
f 3142 3150 2556
f 9229 9230 3150
f 9098 3152 2550
f 3150 3151 2555
f 9230 9232 3151
f 9240 9233 3152
f 3153 3147 2551
f 3152 3153 2549
f 9233 9228 3153
f 9228 9202 3147
f 3148 2767 2206
f 2183 2401 2321
f 2132 2960 2928
f 3299 3300 3321
f 9136 9137 2204
f 9171 2198 2197
f 2594 2962 2773
f 2595 2594 2951
f 1870 798 799
f 3257 3260 3259
f 9165 2179 2178
f 9158 2178 9188
f 336 3154 9226
f 339 3155 3154
f 9241 9135 3149
f 9135 9149 2584
f 2963 2962 3048
f 9174 9182 337
f 339 338 2566
f 3156 3157 2168
f 2610 3156 2167
f 2954 2953 3156
f 3157 3156 2953
f 9159 2166 2169
f 2567 3158 3159
f 337 3158 2567
f 9182 3069 2166
f 9216 2190 1983
f 2579 3160 3081
f 2568 3159 3160
f 9161 2169 2190
f 3065 3062 3162
f 3161 3162 1984
f 3157 3161 2189
f 2257 3065 3161
f 734 735 1922
f 3059 3058 2708
f 3163 2708 2182
f 3162 3163 1985
f 3062 3059 3163
f 3203 3206 3205
f 3806 3809 3808
f 2122 2119 1448
f 9269 1686 1685
f 139 140 444
f 1570 569 566
f 2957 3164 3165
f 2955 3166 3164
f 1912 454 341
f 3130 3129 3124
f 1548 322 319
f 1949 1950 1327
f 2969 2970 3078
f 3167 3078 3169
f 9176 2014 2017
f 9172 2017 2033
f 3168 3169 3165
f 3170 3165 3164
f 9231 3170 3171
f 9176 3168 3170
f 3171 3164 3166
f 3172 3166 3071
f 9204 3172 3173
f 9208 3171 3172
f 3169 3037 3036
f 2593 3048 2962
f 3173 3071 2609
f 3174 2609 2199
f 9235 3174 2198
f 9201 3173 3174
f 2190 2189 1984
f 2196 2195 2767
f 3326 3329 3328
f 2119 2120 1414
f 1464 1463 1466
f 2199 2611 3069
f 2457 2456 2587
f 2226 2225 2562
f 481 478 1627
f 333 1512 235
f 3078 3051 3037
f 3040 2264 2997
f 3351 3352 3262
f 2219 1934 1933
f 2385 2384 2497
f 221 2220 3175
f 2220 1933 3143
f 3175 3143 2976
f 2484 3175 2975
f 2954 3071 3166
f 2630 1858 110
f 1547 319 1952
f 2091 2090 2188
f 9185 9188 2178
f 1918 1919 1927
f 9007 112 111
f 3398 3401 3400
f 955 956 960
f 2037 3014 112
f 3143 2980 2981
f 2218 2211 2214
f 672 9329 9239
f 2152 3013 3014
f 1147 1144 1143
f 2248 2246 1409
f 1615 1636 1635
f 1410 1409 2246
f 3486 3488 3487
f 3468 3469 3502
f 3451 3453 3452
f 1382 3176 3177
f 3177 1410 2247
f 2247 1383 3177
f 3176 2238 2230
f 1410 3177 3179
f 3179 3180 2243
f 1633 3181 2800
f 3816 3818 3817
f 1621 1620 2758
f 3642 3801 3662
f 3422 3421 3260
f 1622 1621 2245
f 2236 1394 3181
f 3793 3796 3795
f 3493 3496 3495
f 2237 2236 3182
f 3513 3516 3515
f 2250 1631 2233
f 3654 3666 3667
f 2912 1629 1628
f 3819 3822 3821
f 3432 3824 3823
f 135 136 1564
f 1567 419 512
f 1085 1084 2653
f 3184 869 868
f 869 3184 3057
f 3389 3388 3387
f 1266 1268 1098
f 1267 2147 722
f 937 1146 2646
f 2146 1049 722
f 2211 2218 921
f 1957 510 507
f 1313 1312 2264
f 1496 362 1493
f 2887 2937 2933
f 1687 1688 1659
f 145 1499 1498
f 3831 3829 3830
f 37 38 418
f 1935 1934 3185
f 104 89 301
f 2101 2098 2083
f 543 298 360
f 1934 2219 3186
f 234 1521 212
f 9297 9273 1822
f 3825 3828 3827
f 1976 1875 1874
f 223 3186 2219
f 9107 9108 9057
f 2165 2164 467
f 467 468 2165
f 773 476 2165
f 3673 3658 3659
f 1935 1212 1728
f 3490 3491 3840
f 3362 3359 3848
f 3862 3865 3864
f 3465 3466 3484
f 3893 3894 3525
f 3352 3351 3430
f 3869 3872 3871
f 3529 3530 3567
f 3420 3417 3922
f 3304 3235 3236
f 3929 3932 3931
f 3324 3326 3327
f 3219 3937 3939
f 3220 3938 3937
f 3450 3375 3376
f 3942 3832 3833
f 3215 3216 3454
f 3946 3332 3215
f 3422 3949 3948
f 3950 3457 3198
f 3205 3206 3957
f 3261 3962 3961
f 3852 3853 3964
f 3214 3211 3946
f 3965 3213 3214
f 3797 3800 3799
f 3988 3991 3990
f 3777 3779 3806
f 3855 3858 3447
f 3737 3799 3800
f 3949 3953 3952
f 3651 3782 3783
f 4001 3784 3787
f 4019 4022 4021
f 4027 4030 4029
f 3258 3259 4030
f 4033 4036 4035
f 3424 3425 4047
f 3242 3243 4058
f 3970 3489 3547
f 3829 3242 4057
f 3333 3332 3947
f 4063 4068 4065
f 4073 4076 4075
f 3568 3456 3443
f 3981 3334 3335
f 3540 3915 3862
f 4078 4079 4031
f 3565 3566 4088
f 3442 3455 4089
f 4092 4095 4094
f 4093 4094 4097
f 3619 3620 3623
f 3660 4098 3821
f 3809 3648 3649
f 3610 3652 3655
f 3656 3622 3623
f 3621 3803 3804
f 3503 3480 3481
f 3436 3439 3438
f 3356 3428 3427
f 3628 3670 3669
f 3734 3811 4002
f 3276 3273 3370
f 3763 4106 4107
f 4006 4007 3754
f 3747 3751 3752
f 3863 3864 4110
f 3994 3891 4003
f 3653 3801 3664
f 3296 4116 4115
f 4117 4120 4119
f 3249 3252 3251
f 4127 4130 4129
f 3478 3575 3903
f 3410 4136 3921
f 3977 4061 4038
f 3216 3452 3453
f 3967 3547 3548
f 4140 4078 4032
f 3509 4086 4149
f 4151 4152 3659
f 4153 4152 3656
f 4153 4154 3646
f 4156 3688 3645
f 4139 4077 4078
f 3743 3744 4163
f 3861 3918 3987
f 3468 4066 4067
f 3306 3981 3980
f 4172 4173 4010
f 4169 4170 3836
f 4187 4190 4189
f 4213 4216 4215
f 4220 4223 4222
f 4225 4226 4211
f 4230 4233 4232
f 4240 4243 4242
f 3606 3609 3608
f 4250 4253 4252
f 4258 4261 4260
f 4077 4080 4079
f 4276 4279 4278
f 4308 4262 4263
f 4017 4018 3872
f 3196 3193 3951
f 4316 4317 4270
f 3870 4306 4307
f 4324 4327 4326
f 4333 4334 4247
f 4338 4341 4340
f 4348 4351 4350
f 4283 4284 4289
f 4356 4359 4358
f 4359 4019 4020
f 4362 4363 4196
f 4320 4364 4279
f 4370 4372 4296
f 4377 4253 4303
f 4231 4232 4201
f 4203 4212 4331
f 4037 4040 4039
f 4371 4265 4386
f 4387 4346 4347
f 3309 3293 3294
f 4099 3723 3724
f 4355 3422 3257
f 3630 3680 3693
f 4277 4278 4302
f 4350 4318 4319
f 4353 4354 4351
f 3637 3634 3639
f 4394 4395 3827
f 3311 3312 4399
f 3755 3708 4005
f 4363 4362 4259
f 3454 3453 3919
f 3446 3447 3459
f 4298 4299 4404
f 3749 3746 3769
f 3791 3741 3756
f 3643 3685 3684
f 3845 3846 3399
f 4313 3257 3258
f 4411 4413 4408
f 3843 4424 4423
f 4214 4215 4329
f 4431 4434 4433
f 3918 3861 3798
f 3927 3928 3388
f 4453 3893 3874
f 4138 4458 4457
f 3346 4460 4459
f 4100 4109 4108
f 3974 3977 3976
f 3665 3655 3652
f 3773 3565 3993
f 3945 3454 3920
f 4144 4463 4462
f 4464 4467 4466
f 3268 4142 4479
f 4484 3921 4136
f 3348 3914 4487
f 3313 3314 3912
f 3803 3621 3617
f 4086 3509 3510
f 4034 3304 3305
f 3403 3404 4171
f 4481 4482 4492
f 4177 4180 4179
f 4398 4170 3923
f 4451 4493 4494
f 4501 4075 4076
f 4509 4510 4506
f 3304 4034 4462
f 4485 4399 3312
f 3419 4488 3349
f 4356 4345 4385
f 4026 4354 4358
f 4354 4353 4357
f 3599 3596 4091
f 4341 4338 4254
f 4251 4252 4524
f 3482 3485 3484
f 3843 3543 3544
f 4295 4341 4274
f 4381 4530 4206
f 4204 4205 4531
f 4533 4536 4535
f 4542 4545 4544
f 4546 4549 4548
f 4573 4574 4547
f 4575 4578 4577
f 4221 4581 4580
f 4587 4590 4589
f 4328 4592 4589
f 4187 4565 4563
f 4595 4583 4593
f 4597 4605 4604
f 4609 4608 4611
f 4620 4623 4622
f 4612 4615 4614
f 4636 4638 4600
f 4649 4651 4650
f 4652 4655 4654
f 4662 4665 4664
f 4666 4669 4668
f 4637 4639 4685
f 4627 4701 4700
f 4684 4686 4636
f 4663 4689 4661
f 4699 4698 4697
f 4647 4648 4703
f 4709 4711 4603
f 4724 4633 4726
f 4742 4745 4744
f 3311 3923 3924
f 4698 4759 4758
f 4749 4765 4609
f 4342 4345 4344
f 4797 4800 4799
f 4490 4048 3974
f 4019 4359 4306
f 4512 3955 4514
f 3991 3988 4508
f 4692 4695 4694
f 4680 4681 4818
f 4821 4822 4824
f 4367 4239 4243
f 4833 4832 4831
f 4837 4744 4757
f 4332 4563 4562
f 4683 4835 4819
f 4845 4843 4850
f 4751 4753 4752
f 4854 4855 4695
f 4858 4719 4718
f 4822 4559 4859
f 4674 4646 4647
f 4771 4774 4773
f 4726 4727 4537
f 4714 4718 4719
f 4633 4634 4688
f 4616 4619 4618
f 4686 4684 4842
f 4869 4707 4708
f 3502 3868 3528
f 4777 4660 4737
f 4734 4732 4779
f 4883 4755 4663
f 4375 4294 4274
f 4290 4343 4335
f 4816 4815 4812
f 4778 4779 4732
f 4158 3710 4160
f 4195 4198 4197
f 3860 3861 4166
f 3758 3759 3763
f 3694 3691 4157
f 4249 4248 4391
f 3467 3470 3469
f 4209 4212 4211
f 4142 3268 4144
f 3615 3614 3617
f 3479 3480 3536
f 4883 4753 4672
f 4802 4801 4642
f 3698 3637 3638
f 4105 3725 3726
f 4848 4645 4896
f 4878 4877 4744
f 4610 4874 4748
f 4036 3403 4489
f 4355 4313 4314
f 4171 4141 4049
f 3875 3452 3216
f 4868 4865 4863
f 4623 4900 4691
f 3629 3626 4155
f 4654 4887 4898
f 4012 4015 4014
f 4902 4903 4866
f 4768 4769 4908
f 4370 4386 4385
f 4888 4860 4914
f 3546 3543 3917
f 4932 4926 4931
f 3625 3622 4151
f 3804 3669 3670
f 3816 4104 4103
f 4911 4898 4887
f 4928 4930 4927
f 4925 4929 4927
f 3655 3665 3666
f 4932 4919 4910
f 4937 4923 4912
f 4939 4938 4942
f 4228 4529 4530
f 4946 4945 4942
f 4938 4922 4923
f 4942 4938 4937
f 4951 4950 4930
f 4955 4951 4928
f 4748 4750 4615
f 4914 4860 4847
f 4824 4859 4584
f 4940 4939 4941
f 4916 4961 4960
f 4909 4907 4891
f 4971 4967 4968
f 4966 4970 4948
f 4962 4952 4953
f 4940 4935 4924
f 4831 4916 4917
f 4935 4936 4925
f 4275 4255 4261
f 4679 4758 4791
f 4016 4309 4373
f 4668 4764 4766
f 4539 4537 4727
f 4929 4925 4936
f 4775 4776 4801
f 4801 4776 4742
f 4732 4734 4611
f 4985 4984 4983
f 4534 4586 4562
f 4847 4644 4645
f 4788 4787 4619
f 4787 4788 4678
f 4657 4606 4605
f 4994 4996 4878
f 5006 5009 5008
f 5001 5003 4973
f 4814 4618 4619
f 5014 4989 4974
f 5003 5002 4972
f 5019 5006 5007
f 5024 5016 5017
f 5036 5037 5035
f 4990 5019 4975
f 5045 5033 5034
f 5048 5049 5034
f 5025 5017 5014
f 5046 5038 5043
f 5051 5052 5055
f 5044 5050 5060
f 5011 4981 5021
f 5013 5069 5068
f 5028 5073 5072
f 5077 5074 5064
f 5065 5080 5079
f 5083 5079 5080
f 5063 5067 5080
f 5054 5055 5071
f 4602 4603 4711
f 5058 5082 5083
f 4982 4983 4792
f 5041 5033 5045
f 3909 3911 3278
f 3471 3474 3473
f 5002 5003 4994
f 5060 5080 5067
f 4892 4861 4862
f 4891 4813 4884
f 4996 4994 5003
f 4997 5015 5005
f 4813 4617 4614
f 4618 4814 4827
f 5089 5090 5093
f 3303 3306 3305
f 5100 5103 5102
f 5107 5110 5109
f 5110 5115 5092
f 4610 4611 4734
f 5112 5103 5100
f 5088 5091 5090
f 5119 5118 5117
f 5092 5115 5096
f 3826 3830 3829
f 5108 5109 5102
f 5100 5130 5087
f 5118 5131 5133
f 3783 3689 3690
f 4444 4447 4446
f 5151 5153 5150
f 4790 4616 4617
f 4332 4182 4190
f 3266 3267 4451
f 3211 3947 3332
f 4741 4796 4760
f 4775 4778 4777
f 4764 4665 4691
f 4489 4171 4048
f 4466 4477 4511
f 4518 3936 3930
f 4786 4787 4791
f 4980 5005 4984
f 5144 5152 5150
f 5159 5146 5148
f 5121 5119 5120
f 5169 5164 5162
f 5016 4978 4979
f 5123 5180 5179
f 5181 5180 5140
f 5175 5185 5184
f 4575 4581 4586
f 4984 4985 4976
f 4596 4599 4598
f 5182 5181 5183
f 4785 4619 4787
f 5137 5124 5122
f 5167 5179 5180
f 4835 4683 4898
f 4687 4727 4726
f 4176 3836 4170
f 4760 4761 4655
f 4681 4680 4649
f 5121 5093 5132
f 5171 5191 5178
f 5174 5178 5191
f 5169 5193 5194
f 4909 5094 5095
f 5105 5104 5112
f 4767 5108 5126
f 5201 5202 5205
f 5219 5218 5217
f 5229 5214 5200
f 5234 5237 5236
f 4069 4072 4071
f 4724 4725 4717
f 5108 4767 4768
f 5103 5195 5126
f 5227 5218 5211
f 5015 4997 4884
f 4997 4998 4892
f 5197 5198 5215
f 5241 5199 5247
f 5013 4975 5019
f 5205 5239 5232
f 4969 4967 4971
f 5239 5205 5249
f 4808 5243 5225
f 5216 5247 5199
f 5253 5245 5242
f 5235 5236 5255
f 5135 5148 5157
f 5264 5260 5267
f 5245 5203 5215
f 5260 5261 5269
f 5264 5266 5274
f 5154 5153 5173
f 5287 5272 5278
f 5256 5301 5300
f 5173 5174 5176
f 4631 4630 4629
f 4781 4784 4783
f 5309 5307 5311
f 5155 5156 5144
f 4826 4828 4827
f 5291 5295 5308
f 5310 5311 5281
f 5311 5307 5308
f 4036 4033 4176
f 4641 4716 4704
f 5220 5224 4804
f 4770 5206 5207
f 5188 5185 5175
f 5180 5123 5129
f 4626 4700 5314
f 4731 4728 5315
f 5222 5213 5210
f 4728 4882 5316
f 5230 5219 5216
f 5297 5296 5240
f 5204 5233 5208
f 5318 4868 4864
f 5273 5272 5287
f 5221 5210 5219
f 4700 4902 5321
f 5313 5314 5328
f 5157 5149 5154
f 5275 5276 5263
f 5324 5322 5318
f 5323 5332 5331
f 5343 5334 5345
f 5306 5310 5286
f 5278 5281 5311
f 4882 4625 5320
f 5109 5110 5114
f 5123 5087 5130
f 5299 5283 5284
f 5240 5198 5199
f 5229 5231 5197
f 5305 5302 5292
f 5233 5228 5225
f 5192 5190 5194
f 5104 5105 4670
f 5146 5159 5160
f 5337 5340 5347
f 5347 5340 5341
f 5353 5346 5335
f 5349 5355 5354
f 5355 5358 5357
f 5358 5355 5360
f 5355 5349 5348
f 5342 5366 5365
f 5345 5346 5362
f 5332 5364 5367
f 5372 5371 5315
f 5370 5365 5366
f 5361 5356 5354
f 5364 5365 5368
f 5369 5344 5362
f 5316 5320 5330
f 5373 5359 5371
f 5341 5342 5364
f 5374 5358 5359
f 5329 5376 5375
f 5377 5380 5379
f 5377 5376 5331
f 5380 5377 5367
f 5363 5383 5370
f 5357 5358 5374
f 5381 5385 5361
f 4814 4815 4825
f 4825 4815 4816
f 4806 4746 4747
f 5119 5121 5131
f 4696 4697 4893
f 4696 5389 5390
f 5213 5222 5388
f 5393 5389 5388
f 5380 5382 5384
f 5213 5387 4893
f 4813 4891 4908
f 5390 5392 4693
f 5294 5289 5287
f 5184 5185 5186
f 5285 5275 5253
f 4769 4789 4790
f 5327 5371 5359
f 4598 4621 4690
f 4608 4606 4733
f 4627 4624 4609
f 4596 4604 4851
f 4900 4623 4706
f 4668 4795 5395
f 4863 4865 4639
f 5392 5393 4666
f 4872 4650 4651
f 4807 4791 4758
f 5348 5338 5325
f 5176 5191 5190
f 5046 5031 5022
f 4853 4852 4869
f 5346 5353 5363
f 4709 4880 4620
f 4672 4673 4904
f 4680 4811 4651
f 4841 4844 4688
f 4823 4817 4818
f 4729 4730 4602
f 4881 4729 4851
f 5360 5348 5326
f 4852 4900 4707
f 4890 4751 4669
f 5392 5390 5389
f 5189 5182 5186
f 4881 4604 4605
f 5343 5344 5369
f 4607 4624 4625
f 5056 5055 5052
f 4850 4797 4798
f 3260 5399 5398
f 4855 4736 4899
f 5339 5343 5366
f 4789 4905 4808
f 5400 4040 3948
f 3872 3424 4046
f 4018 3423 3424
f 4025 4523 4172
f 4011 4023 4024
f 4065 4068 3900
f 3413 4012 4013
f 5056 5068 5069
f 5055 5056 5070
f 4062 5398 5399
f 5269 5289 5294
f 4685 4866 4903
f 5254 5242 5240
f 4606 4657 4658
f 4729 4881 4882
f 4030 4041 4043
f 4664 4752 4753
f 3575 3483 3904
f 3413 3410 3922
f 4949 4968 4955
f 4947 4937 4913
f 4849 4850 4894
f 4143 3974 3975
f 4912 4923 4932
f 3774 3771 3995
f 3956 3954 3342
f 4871 4872 4758
f 4270 4273 4272
f 4039 4040 5400
f 3555 3969 5402
f 5403 5404 3906
f 3908 4126 3823
f 4124 4121 5408
f 3901 3902 4046
f 4120 4117 5410
f 4124 3962 4125
f 5420 3906 5404
f 5424 4059 5425
f 3400 5429 5428
f 5432 5433 5435
f 4941 4942 4945
f 4935 4940 4949
f 3895 3898 3897
f 5426 5408 4121
f 5430 3905 3906
f 4045 4041 5398
f 5395 4693 5392
f 4846 4903 4701
f 4880 4709 4710
f 4624 4607 4608
f 4656 4690 4662
f 5305 5307 5309
f 5220 5223 5222
f 4230 4223 4327
f 5030 5073 5028
f 5213 5212 5211
f 5440 3272 3269
f 4396 4397 3980
f 5447 5448 3244
f 3328 3330 5451
f 4208 4391 4248
f 4599 4620 4621
f 4528 4339 4391
f 4529 4228 4199
f 4526 4338 4339
f 4256 4235 5452
f 4532 5452 4241
f 3834 4400 5446
f 5443 5445 5444
f 4530 4247 4334
f 4754 4886 4904
f 4229 4228 4381
f 4205 4382 4383
f 4892 4998 4987
f 4039 4032 3976
f 4738 4780 4796
f 4833 4835 4897
f 4232 4527 4200
f 4194 4240 4241
f 4889 4794 4750
f 4194 4191 4365
f 4531 4383 4195
f 5043 5042 5062
f 4182 4332 4561
f 5446 5447 3241
f 5237 5239 5248
f 4206 4334 4382
f 5210 5211 5218
f 3426 3922 3417
f 4216 4191 4192
f 4219 4210 4184
f 4180 4561 4380
f 4327 4595 4591
f 4223 4230 4231
f 4215 4192 4360
f 4186 4568 4218
f 4190 4330 4209
f 4223 4220 4595
f 4326 4591 4328
f 4366 4389 4568
f 4570 4548 4549
f 4579 4573 4548
f 4563 5453 4533
f 4583 4595 4220
f 4586 4380 4561
f 4239 4196 4363
f 4572 4571 4567
f 4536 4539 4585
f 4538 5453 4566
f 4536 4533 5453
f 3573 3986 3983
f 5427 3963 3552
f 4553 4587 4588
f 4593 4554 4555
f 4368 4365 4183
f 4361 5452 4235
f 4233 4369 4527
f 4233 4230 4324
f 4212 4209 4330
f 4237 4324 4325
f 4193 4241 5452
f 4983 5015 4885
f 5002 4995 4986
f 5074 5077 5076
f 4698 4699 5391
f 5391 4699 5390
f 4871 4899 4650
f 4546 4857 4543
f 4553 4550 4901
f 4552 4588 4555
f 5223 4804 4805
f 5386 5382 5383
f 5317 5315 5371
f 3240 3237 4429
f 5384 5385 5381
f 3938 3217 3218
f 3942 3943 5455
f 5361 5385 5386
f 4542 4540 4541
f 3910 5430 5420
f 3939 3333 4060
f 3851 5350 5351
f 3838 5427 3556
f 4547 4858 4857
f 5442 5443 4050
f 3385 3874 5428
f 4257 4234 4235
f 5312 5212 4893
f 4212 4203 4204
f 3854 3849 5461
f 4226 4184 4210
f 4202 4177 4178
f 3316 3983 3897
f 5464 5465 4432
f 5465 5466 3883
f 4472 4469 4449
f 4501 4472 4450
f 4074 4075 4080
f 5473 5474 5401
f 4173 4172 5475
f 3432 3429 3520
f 3462 5505 5504
f 4075 4501 4494
f 5482 5481 3387
f 5468 5471 5470
f 3427 5421 5422
f 4498 4499 4487
f 5403 3824 5414
f 3382 5523 5522
f 3492 5512 5511
f 3429 3434 3517
f 3873 5522 5524
f 5480 5479 3350
f 3477 5508 5505
f 4507 4508 5544
f 4396 5550 5551
f 3374 5552 5553
f 3373 5553 5554
f 5479 4521 4063
f 3390 5554 5555
f 5531 5525 5566
f 3368 5568 5567
f 5556 5557 5560
f 3393 5555 5557
f 4433 3364 5463
f 5464 5463 5458
f 4435 4437 4439
f 4055 4393 3277
f 3273 3278 3911
f 3395 3357 3358
f 5486 3894 4071
f 5526 4455 4453
f 5525 5570 5569
f 5568 3526 3527
f 3527 3362 3847
f 3365 5461 3849
f 5462 3849 3850
f 4435 4436 5571
f 3378 3379 3943
f 5573 5578 5577
f 4438 5455 3943
f 5477 5574 5579
f 5582 5581 5580
f 5583 5580 5581
f 5586 5585 5588
f 4074 5472 5586
f 5583 5585 5474
f 4507 5589 5590
f 5573 5478 4522
f 3989 5595 5596
f 5594 3406 3407
f 4436 3381 5572
f 5591 3990 3991
f 4507 4475 4476
f 3990 5591 5587
f 5578 3409 3406
f 5595 3989 5584
f 5484 3394 3358
f 4441 4442 5467
f 5472 4074 4077
f 5522 5599 5570
f 5486 3358 3353
f 5481 4498 3386
f 3475 5506 5492
f 5476 4523 3899
f 5540 5541 5606
f 5542 5540 5603
f 5608 5543 5542
f 5608 5607 5545
f 5607 5603 5609
f 5599 5600 5548
f 5598 5592 5543
f 5595 5594 5593
f 5588 5584 3989
f 5626 3265 3266
f 5627 3266 4448
f 5469 4449 4469
f 4515 4517 5625
f 4503 4473 4474
f 4481 5626 5627
f 4500 5628 5469
f 3414 4468 5466
f 5594 5595 5581
f 3376 3377 4430
f 3444 3944 3941
f 5572 3944 3444
f 4273 4286 4287
f 4345 4356 4357
f 4386 4304 4305
f 4517 4462 4463
f 4352 4349 4319
f 4352 4250 4251
f 4268 4277 4390
f 4264 5629 4320
f 4346 4387 4282
f 4337 4335 4343
f 4289 4244 4245
f 4303 4378 4287
f 4343 4290 4291
f 4284 4333 4244
f 4375 4519 4291
f 4379 4319 4271
f 4337 4353 4348
f 4524 4525 4295
f 4364 4362 4197
f 4285 4282 4390
f 5206 5209 5208
f 4297 5629 4371
f 4346 4283 4286
f 4285 4300 4333
f 3571 3572 4395
f 5341 5340 5339
f 5346 5345 5334
f 5269 5261 5273
f 4510 4509 5609
f 4509 4474 5545
f 4445 4446 5611
f 5566 5569 5568
f 5349 5336 5338
f 5489 5490 3401
f 5565 5566 3368
f 5496 5497 5417
f 5523 3382 3383
f 5325 5338 5347
f 5523 5600 5599
f 5429 3400 3401
f 3887 5632 5631
f 5634 5613 5600
f 5276 5280 5279
f 5298 5297 5257
f 5087 5086 5085
f 3361 3526 5612
f 5041 5061 5066
f 5487 5488 3383
f 5101 5116 5130
f 5299 5298 5300
f 5333 5336 5335
f 5302 5305 5304
f 5234 5247 5216
f 5301 5256 5255
f 4868 5318 5322
f 5281 5278 5277
f 5323 5321 5322
f 5298 5284 5296
f 4885 4829 4750
f 5231 5230 5196
f 4625 4626 5313
f 5111 5113 5085
f 5600 5613 5549
f 5531 5564 5563
f 5165 5166 5182
f 5283 5280 5285
f 4269 4276 4277
f 5610 5609 5603
f 5127 5090 5091
f 4907 5095 5125
f 5277 5278 5272
f 5596 5593 5592
f 5212 5312 5226
f 5273 5261 5262
f 5302 5301 5258
f 5635 5646 5645
f 4250 4352 4379
f 4485 4136 3405
f 4354 4026 4023
f 4265 4262 4304
f 4388 4390 4282
f 4345 4342 4384
f 4362 4364 4297
f 4836 4765 4612
f 4360 4361 4236
f 4369 4233 4237
f 5647 5636 3986
f 5650 3965 3192
f 5337 5338 5336
f 4467 4478 4477
f 4253 4377 4340
f 4429 3416 5457
f 3997 4133 3915
f 5535 3856 3839
f 5538 5541 4460
f 3439 3376 5571
f 5570 5525 5526
f 3438 5571 5572
f 4440 4468 3879
f 3440 5665 4407
f 3886 5685 5695
f 5534 5529 5396
f 5685 3886 3471
f 4278 4198 4301
f 5628 4448 4449
f 3579 3537 3538
f 4480 5627 5628
f 4402 5499 5517
f 4279 4197 4198
f 3603 3534 3532
f 3580 3594 4088
f 4095 3530 3531
f 5248 5249 5251
f 3778 3819 3999
f 4617 4618 4613
f 4375 4275 4372
f 3411 3405 4136
f 5094 5106 5111
f 3602 3532 3535
f 4023 4011 4350
f 4349 4352 4336
f 3605 3535 3536
f 4469 4472 4471
f 4094 3531 3593
f 4248 4249 4245
f 3519 5521 5518
f 5254 5296 5284
f 4852 4853 4795
f 4265 4371 5629
f 5632 5499 5503
f 3604 3611 3612
f 5549 5501 5502
f 3653 3606 3607
f 4780 4738 4873
f 4988 4989 4979
f 4491 5625 5626
f 4837 4904 4995
f 4615 4612 4765
f 5468 4469 4470
f 3514 3470 3467
f 5491 5680 4409
f 4093 3618 3619
f 4364 4320 5629
f 3488 5510 5509
f 5606 5539 5611
f 4210 4219 4189
f 4600 4603 4602
f 5242 5215 5198
f 5073 5074 5075
f 5651 5657 3940
f 3996 3541 3775
f 5200 5203 5202
f 5525 5531 5527
f 3364 4433 4434
f 3775 3541 3542
f 3941 3833 5485
f 3731 3706 4105
f 4997 5000 4999
f 4508 5598 5608
f 4101 4099 3818
f 3728 4109 4103
f 4591 4593 4592
f 4539 4536 4538
f 4550 4553 4552
f 4541 4566 4567
f 4389 4579 4570
f 4582 4583 4580
f 4976 4979 4978
f 4705 4708 4707
f 4797 4850 4843
f 3713 3729 3730
f 4675 4647 4702
f 4977 4978 4981
f 4810 4818 4817
f 4786 4811 4812
f 4715 4631 4628
f 4978 5016 5021
f 5010 5009 5006
f 3722 3743 4162
f 4558 4557 4560
f 4568 4570 4569
f 4584 4578 4535
f 4641 4631 4715
f 5026 5014 5012
f 4776 4777 4745
f 4714 4628 4712
f 4982 4996 5001
f 4576 4577 4560
f 4564 4567 4566
f 5069 5013 5018
f 5057 5052 5048
f 4810 4812 4811
f 3710 4158 3786
f 4991 4992 4999
f 5011 5009 5010
f 5008 5020 5022
f 5066 5067 5063
f 5047 5037 5024
f 5050 5049 5051
f 5023 5021 5016
f 5045 5044 5059
f 5047 5025 5026
f 3711 3712 3724
f 5048 5035 5037
f 5042 5040 5063
f 5058 5053 5051
f 5036 5038 5046
f 3715 3699 3700
f 5235 5256 5257
f 3732 3729 3704
f 5030 5031 5062
f 5020 5021 5023
f 5263 5262 5261
f 5049 5050 5044
f 5236 5248 5250
f 5031 5030 5027
f 5043 5038 5039
f 5320 5313 5329
f 5049 5048 5052
f 5326 5319 5317
f 3264 3261 3288
f 5264 5265 5263
f 4998 4999 4992
f 5009 5011 5020
f 5036 5032 5039
f 5032 5035 5034
f 4355 4317 3949
f 4269 4266 4374
f 4253 4250 4378
f 4525 4524 4252
f 3960 4112 4111
f 4372 4275 4258
f 5681 5672 5673
f 4378 4379 4272
f 4270 4347 4346
f 3244 5448 5644
f 4899 4703 4648
f 3734 3732 3702
f 4138 3346 3343
f 4192 4193 4361
f 3813 4001 3812
f 3817 3695 3696
f 5668 5683 5682
f 5690 5691 5687
f 5499 5632 5700
f 3999 3819 3820
f 3745 3742 4102
f 5684 3471 3472
f 5702 3859 3860
f 5712 5713 5693
f 3249 3277 4393
f 5695 5683 5715
f 5694 5715 5716
f 5719 3972 5601
f 4918 4919 4950
f 4774 4742 4743
f 5505 4415 4411
f 3583 3584 3585
f 3710 3687 4157
f 5513 5725 4417
f 5704 3563 4146
f 4141 4045 4062
f 5669 5689 5688
f 3898 3895 5653
f 5718 3973 3972
f 5684 5687 5686
f 3917 4131 5717
f 3463 5666 5662
f 5492 5506 5680
f 4931 4930 4950
f 5665 3440 3441
f 3788 3717 3740
f 3501 3502 3529
f 3569 3570 3477
f 5516 5728 5727
f 3564 3567 3566
f 3892 5405 5406
f 3962 4124 5407
f 4126 3908 4123
f 4116 3296 3287
f 3892 3887 5630
f 3824 3432 5413
f 4408 4409 5680
f 3969 3966 3978
f 4408 4413 3449
f 4414 3448 3449
f 3962 3261 3262
f 4425 5724 5616
f 4418 5725 5727
f 5716 5597 5575
f 5719 5720 5717
f 5698 5498 5692
f 3880 5621 4166
f 5652 3212 5520
f 5621 5623 4167
f 5679 4409 4410
f 3210 3209 3355
f 5622 5534 5451
f 5416 5417 5497
f 5729 5732 5731
f 5733 5734 3761
f 5735 5738 5737
f 5750 5752 5751
f 5744 5745 5740
f 5744 3770 3753
f 5753 5754 5730
f 5757 5758 5736
f 5731 5752 5765
f 5774 5777 5776
f 5790 5793 5792
f 5796 5786 5787
f 5817 5814 5819
f 5828 5831 5830
f 3725 4105 3751
f 4874 4734 4873
f 4700 4701 4903
f 4740 4820 4876
f 3199 3202 3201
f 4100 4102 4099
f 3749 3767 4108
f 3695 3817 3712
f 3378 3381 3380
f 5504 4411 4412
f 4405 4402 5518
f 5838 5839 5835
f 4705 4632 4712
f 5832 5831 5828
f 5697 5677 5678
f 3791 4006 4005
f 5848 5791 5794
f 3714 3700 3701
f 3995 4148 4042
f 3329 3326 3224
f 4005 3708 3705
f 4551 4762 4763
f 5855 5798 5808
f 5851 5795 5792
f 5803 5801 5858
f 5844 5843 5840
f 5762 5759 5743
f 5808 5809 5806
f 4012 3413 3426
f 5558 3513 3467
f 4550 4763 4720
f 4950 4951 4953
f 3885 3886 5694
f 5705 5706 4081
f 5508 4417 4415
f 3745 3759 3760
f 5507 4412 5680
f 3592 3536 3588
f 3895 5434 5658
f 5613 5500 5501
f 3834 3830 4393
f 5527 4454 4455
f 5775 5806 5809
f 5766 5767 5813
f 5858 5811 5812
f 5855 5815 5811
f 5863 5820 5819
f 5826 5859 5863
f 5862 5866 5833
f 5870 5871 5837
f 5782 5783 5831
f 5868 5838 5836
f 5778 5779 5843
f 5866 5870 5845
f 5785 5864 5867
f 5790 5788 5789
f 5796 5797 5794
f 5821 5818 5819
f 5657 5651 5620
f 5793 5849 5852
f 5855 5858 5801
f 5853 5847 5786
f 5804 5805 5802
f 5827 5867 5864
f 5767 5768 5821
f 5854 5857 5776
f 5860 5817 5818
f 5782 5832 5825
f 5781 5778 5844
f 5810 5811 5815
f 5867 5827 5830
f 5809 5808 5798
f 5828 5829 5863
f 5865 5841 5838
f 5801 5803 5802
f 4086 5707 3795
f 5779 5780 5842
f 5827 5826 5829
f 5839 5872 5869
f 5814 5815 5855
f 5711 4132 3859
f 4958 4957 4917
f 5861 5818 5821
f 5863 5859 5812
f 5865 5868 5823
f 5873 5836 5837
f 5872 5839 5842
f 4089 3455 3563
f 3812 3787 3785
f 5770 5771 5787
f 5789 5786 5847
f 5793 5789 5846
f 4145 4147 4146
f 5848 5773 5790
f 3953 4008 4009
f 5748 5875 5874
f 4624 4627 4626
f 4665 4764 4752
f 4775 4780 4779
f 4746 4670 4671
f 4637 4600 4601
f 4828 4612 4613
f 4704 4763 4762
f 4843 4845 4727
f 4543 4717 4725
f 4731 4864 4863
f 4723 4594 4558
f 4842 4846 4840
f 4717 4543 4857
f 4865 4868 4867
f 5841 5865 5866
f 4725 4726 4540
f 4798 4799 4816
f 4632 4635 4634
f 4720 4716 4715
f 4642 4645 4644
f 3754 4007 5874
f 4860 4761 4644
f 4674 4723 4722
f 4808 4809 4676
f 4721 4722 4822
f 5876 5878 5877
f 4836 4838 4840
f 4658 4661 4660
f 4826 4799 4800
f 4877 4782 4743
f 4948 4970 4971
f 4875 4739 4876
f 4954 4933 4934
f 5773 5770 5788
f 5825 5832 5833
f 5834 5837 5836
f 5834 5844 5845
f 3359 3362 3361
f 5732 5729 3756
f 3394 3397 3396
f 3766 3769 5741
f 5774 5809 5799
f 5805 5776 5857
f 5813 5821 5820
f 3969 3555 3964
f 5667 5668 5674
f 5729 5747 3792
f 3770 5744 5741
f 4741 4740 4739
f 4689 4737 4660
f 5772 5797 5787
f 5735 5733 3758
f 5850 5772 5773
f 5617 5528 3965
f 5799 5800 5854
f 5875 5748 5764
f 5840 5843 5842
f 5861 5768 5769
f 5807 5804 5853
f 5869 5781 5834
f 3765 3768 5739
f 5882 5884 5761
f 5881 5879 5887
f 5895 5896 5898
f 5907 5905 5906
f 5909 5907 5908
f 4234 4257 4526
f 3912 3927 3389
f 5934 8731 8730
f 8730 8731 5930
f 4920 4923 4922
f 8845 8847 8853
f 4141 4171 3404
f 3733 3705 3706
f 8849 8847 8848
f 4234 4237 4236
f 8863 8858 5919
f 3733 4002 4004
f 5908 5906 8859
f 8865 8866 8871
f 8859 8858 8863
f 5927 5924 5925
f 5911 5903 5904
f 8878 8871 8866
f 5635 5638 5637
f 5745 5744 5746
f 3552 3555 3554
f 8857 8889 8890
f 5924 5927 8860
f 3553 3557 3556
f 5919 5920 8861
f 8869 8865 8870
f 8873 8871 8878
f 8856 8857 8875
f 8862 8861 5889
f 8846 8845 8844
f 8864 8863 8866
f 8729 8730 8883
f 8848 8846 8887
f 8878 8879 5888
f 8896 8854 8855
f 8853 8854 8896
f 8841 8842 5882
f 3489 3492 3491
f 8867 8859 8864
f 5910 5908 8867
f 5914 5910 8898
f 5916 5914 8899
f 5889 8861 8860
f 8876 8878 8893
f 5918 5916 8900
f 4424 5722 5726
f 8904 8903 8900
f 8909 8908 8904
f 8908 8907 8903
f 8869 8909 8905
f 3632 3668 3667
f 3687 3690 3689
f 3636 3682 3681
f 3664 3641 3639
f 4304 4307 4306
f 8909 8869 8891
f 3681 3696 3695
f 3758 3761 3760
f 3684 3701 3700
f 3721 3724 3723
f 3941 3944 3943
f 3738 3741 3740
f 3687 3710 3709
f 3238 3239 3938
f 4249 4303 4288
f 4499 4498 3344
f 4240 4194 4368
f 3453 3451 3951
f 4401 3971 3547
f 3950 3951 3451
f 3702 3704 3701
f 3725 3728 3727
f 3194 3207 3208
f 4034 4035 4461
f 3914 3348 3913
f 3483 3575 3533
f 3191 3958 3957
f 4292 3489 3970
f 3909 3910 3428
f 3959 3960 3866
f 4017 4308 4309
f 4316 4318 4008
f 4448 4451 4450
f 4414 4415 4417
f 3435 3430 3351
f 4413 4411 4415
f 3899 3902 3901
f 3780 3781 3648
f 3474 3471 3886
f 3958 3191 3192
f 3221 3223 3935
f 3905 3908 3907
f 3913 4488 4486
f 4420 4422 4421
f 3881 3884 3883
f 4004 3788 3790
f 4271 4319 4318
f 4259 4297 4296
f 3501 4003 4066
f 5897 5898 5900
f 5901 5902 5904
f 8854 8849 8856
f 3789 3785 3786
f 3651 3648 3781
f 5924 5899 5901
f 8870 8871 8873
f 8876 8877 8874
f 5912 5917 5918
f 3805 3918 3799
f 3369 3370 3395
f 3923 3926 3925
f 3916 3917 3512
f 3641 3664 3801
f 4276 4269 4323
f 4181 4229 4331
f 4428 4430 3377
f 3495 4425 4321
f 4436 4435 3380
f 4430 4428 4437
f 3945 3957 3958
f 4065 3901 4047
f 4495 4497 3408
f 8913 8912 8915
f 8911 8910 8917
f 8889 8922 8923
f 8919 8935 8931
f 8884 8914 8918
f 8922 8921 8931
f 5852 5907 5909
f 5866 5862 5915
f 8926 8918 8914
f 8914 8884 8883
f 8886 8919 8921
f 5846 5847 5894
f 5873 5902 5900
f 8893 5888 5764
f 8894 8893 5754
f 5890 8860 5927
f 5885 8896 5755
f 5871 5904 5902
f 5763 8936 5883
f 5880 5890 8936
f 4175 4176 4398
f 4274 4254 4255
f 8883 8730 5931
f 8868 8905 8898
f 3289 4059 3247
f 3858 3855 5485
f 8850 8848 8886
f 4116 4120 5409
f 3889 5406 4127
f 3678 3679 8938
f 8857 8850 8888
f 3979 3551 3294
f 4126 3352 3431
f 3651 4000 3679
f 3460 3858 5921
f 4084 3309 3310
f 8905 8904 8899
f 3561 3327 5397
f 3213 3965 5528
f 4191 4194 4193
f 5449 5450 5532
f 4142 3975 4031
f 4060 3947 5652
f 4480 4483 4482
f 5519 5520 3212
f 5657 5451 3330
f 4473 4476 4475
f 3514 3515 5668
f 5663 5670 5669
f 8881 5929 5926
f 5734 5733 5749
f 4788 4789 4677
f 3997 3996 3538
f 3551 3486 3310
f 3577 3578 3998
f 4893 4697 4676
f 4753 4751 4671
f 8729 8884 8885
f 3813 3703 9021
f 8938 4001 3813
f 8882 5931 5929
f 4098 5701 3820
f 3399 5405 5416
f 5494 5495 5503
f 5880 5877 5878
f 4986 4673 4861
f 4999 5000 5004
f 4985 5001 4988
f 5816 5769 5766
f 4372 4370 4384
f 5688 5691 5692
f 8903 8902 8901
f 8879 8862 5887
f 8902 8881 8880
f 5919 5893 5895
f 4519 4384 4342
f 8847 8849 8854
f 5925 5901 5903
f 4021 3899 4523
f 5678 5677 5676
f 4424 3843 4085
f 5701 3576 3577
f 5928 5925 5926
f 5000 5005 4980
f 9022 4147 3545
f 9024 9025 5409
f 4008 4011 4010
f 3931 3234 4516
f 3822 3806 3807
f 8851 8852 8844
f 5728 5516 5509
f 9025 9023 4115
f 5209 5200 5201
f 4820 4740 4653
f 3988 5596 5598
f 3370 3911 3357
f 5639 5642 5641
f 5592 4511 4477
f 3378 3944 5572
f 5625 4463 3265
f 5594 5582 5577
f 3302 5649 5645
f 3274 3277 3278
f 5207 5208 5233
f 5071 5070 5072
f 4815 4814 4785
f 4796 4802 4643
f 3243 3244 5643
f 5301 5302 5303
f 5431 3562 5655
f 5251 5249 5244
f 3353 3427 3523
f 4174 3404 3405
f 3546 4114 4113
f 4002 3789 3788
f 4196 4239 4238
f 3232 5646 5647
f 4373 4374 4266
f 4867 5322 5321
f 5648 4054 4058
f 4455 4070 3893
f 5593 3407 4511
f 5275 5265 5252
f 5252 5265 5274
f 4092 3619 3624
f 3723 3742 3743
f 4780 4775 4802
f 4059 3289 3560
f 4317 4355 4347
f 5188 5190 5192
f 5570 5599 5612
f 3385 5429 5633
f 3526 5568 5569
f 3576 5701 3608
f 3581 3542 3594
f 5239 5237 5238
f 5081 5079 5083
f 4369 4526 4528
f 4325 4326 4329
f 3569 3285 3286
f 9022 9026 4112
f 3661 3662 3801
f 5074 5073 5030
f 5064 5062 5063
f 3563 3497 3498
f 3961 5407 4119
f 4854 4853 4870
f 5018 5007 5028
f 5007 5008 5027
f 5040 5042 5039
f 3240 3375 3875
f 5070 5069 5029
f 3504 3481 3866
f 3537 3579 3591
f 5033 5041 5039
f 4710 4638 4635
f 5017 4979 4989
f 5024 5037 5046
f 4991 5006 5019
f 4587 4553 4574
f 4996 4982 4793
f 5066 5061 5059
f 5221 5230 5231
f 5068 5056 5057
f 3675 3676 3643
f 3663 3674 3675
f 4722 4558 4559
f 3579 3576 3590
f 3686 3676 3677
f 4422 4420 3499
f 5142 5141 5138
f 5078 5071 5075
f 3609 3589 3590
f 3288 3961 5411
f 5424 9024 5410
f 5152 5144 5156
f 3960 5704 5709
f 4946 4956 4957
f 3867 3903 5705
f 9026 9022 4113
f 5192 5193 5189
f 5161 5164 5194
f 3637 3698 3682
f 4392 5461 3847
f 3796 4114 4149
f 4104 3716 3727
f 3594 3595 3993
f 3796 3793 4134
f 3687 3688 4156
f 3760 3761 4164
f 4464 3344 3345
f 3485 3528 3868
f 3846 3845 5423
f 3409 4520 4496
f 3767 3768 3765
f 3711 3721 4159
f 3797 4132 4087
f 4072 4069 5562
f 4502 4076 5590
f 5408 5426 9027
f 5683 5695 5714
f 5702 3772 4110
f 5623 4042 4148
f 5428 3874 3525
f 3668 3803 3802
f 4000 4001 8938
f 4221 4222 4179
f 4267 4268 4388
f 3721 3722 4161
f 3903 5659 5706
f 3583 3580 4090
f 3894 5486 3524
f 4635 4638 4636
f 4173 5401 4009
f 4890 4666 5393
f 5290 5291 5293
f 5339 5340 5337
f 5458 5459 4438
f 3251 5419 5430
f 3252 5418 5419
f 3428 5420 5421
f 3571 5426 5418
f 4583 4582 4554
f 4239 4367 4224
f 3322 3898 5450
f 5309 5310 5306
f 4109 3728 3748
f 5707 3865 3794
f 5139 5184 5183
f 5271 5270 5290
f 5280 5283 5282
f 5110 5107 5125
f 5319 4864 4731
f 5334 5343 5339
f 5423 3522 3523
f 5376 5377 5378
f 4721 4681 4646
f 3719 4158 4159
f 4853 4854 4692
f 5373 5372 5330
f 4428 5457 5456
f 5376 5329 5328
f 3337 3367 4434
f 4692 4693 5395
f 5475 4172 4523
f 5478 3900 4068
f 5421 5404 4129
f 5374 5373 5375
f 5283 5299 5306
f 5246 5247 5234
f 5154 5149 5150
f 4458 5562 5561
f 5163 5159 5158
f 5381 5374 5378
f 3397 3394 5484
f 4457 5561 5563
f 5147 5143 5150
f 4474 4475 5544
f 5325 5318 5319
f 5223 5394 5388
f 5517 5700 3521
f 4499 5480 3347
f 5404 5403 4128
f 3476 5507 5506
f 4084 5516 5515
f 3900 5478 5477
f 5536 5564 5547
f 5491 5498 5493
f 5474 5472 4139
f 4063 4521 4522
f 4459 4460 5541
f 5548 5549 3360
f 5444 5445 5550
f 3888 3889 5415
f 5546 5547 3339
f 5536 5539 5538
f 3570 5513 5508
f 4471 4502 5589
f 4280 3848 3359
f 5499 4402 4403
f 5189 5193 5169
f 5543 4477 4478
f 4051 5551 5552
f 3461 5504 5507
f 4629 4630 4870
f 5106 5094 4909
f 5286 5281 5279
f 5462 5463 3364
f 3491 5511 5514
f 5224 5220 5231
f 4478 4459 5540
f 4099 4102 3742
f 4803 4806 4805
f 4130 5423 5422
f 4470 4471 4476
f 4924 4925 4921
f 4920 4921 4927
f 4993 4986 4987
f 4887 4888 4913
f 3894 3893 4070
f 5472 5474 5585
f 3508 4135 4134
f 3603 3600 4096
f 3772 3773 3992
f 5712 5664 5671
f 3739 3718 4162
f 5683 5668 3515
f 5480 4465 4495
f 5698 5699 5493
f 3578 3538 3996
f 3645 3646 4154
f 5660 3904 3466
f 4135 9026 5710
f 5587 5591 4073
f 5687 5689 5693
f 3584 3583 4091
f 5585 5583 5584
f 4128 5414 5415
f 4257 4254 4338
f 4222 4231 4178
f 4366 4365 4191
f 5098 5099 5091
f 5761 5757 5737
f 5760 5737 5738
f 8852 8842 5934
f 8874 8877 8855
f 8895 8897 8855
f 5884 5882 8842
f 4557 4554 4582
f 8890 8923 8917
f 8918 8926 8930
f 8924 8926 8915
f 4182 4181 4330
f 3864 5708 5711
f 3574 3317 3230
f 3342 3954 3415
f 3488 3486 3549
f 4317 4316 3953
f 3672 3659 4152
f 5708 3864 3865
f 9021 3703 3685
f 3621 3618 3616
f 5728 4422 4419
f 4311 4027 4028
f 4131 3917 3543
f 4426 3496 3842
f 4518 3956 4168
f 5457 5465 5464
f 5425 3560 3558
f 5458 4439 4437
f 3416 3414 5465
f 5638 9028 5437
f 3985 3986 5636
f 5646 5635 5636
f 9023 9025 3554
f 5722 5510 5514
f 3256 3933 3934
f 4164 3761 5734
f 8885 8918 8920
f 3282 3932 3929
f 3292 4394 3320
f 3232 3229 3300
f 3303 3236 3271
f 3562 5431 5432
f 3392 3387 3388
f 3854 5922 5350
f 5463 5462 5459
f 5935 3474 3885
f 3879 3415 3954
f 3928 3372 3391
f 4137 5559 4458
f 5454 5455 3850
f 3548 3490 3549
f 4443 4500 5470
f 4452 4505 4506
f 4468 3414 3415
f 4443 4440 3876
f 3234 3235 4515
f 5434 3895 3896
f 5448 5440 5441
f 5447 5446 5443
f 4442 5470 5471
f 5550 4056 3275
f 5578 5573 4520
f 3464 5667 5666
f 4701 4627 4839
f 3259 5398 4041
f 4015 4012 3423
f 3558 3323 3982
f 4856 4894 4823
f 4741 4652 4653
f 3759 3745 4106
f 3560 3289 3290
f 9024 5424 3557
f 5438 3279 3280
f 3321 3283 3290
f 5557 5483 4072
f 5553 3369 3396
f 4045 4141 4174
f 4539 4845 4849
f 3536 3480 3503
f 5478 5573 5574
f 3800 3797 3510
f 4755 4883 4886
f 5561 4454 5527
f 5752 5731 5732
f 5752 5750 5756
f 3518 5492 5493
f 3767 3762 4107
f 3534 3603 4097
f 4395 3572 3826
f 3926 4052 3371
f 4446 4510 5610
f 4050 5444 3980
f 8887 8846 8843
f 5649 5639 5640
f 4643 4644 4761
f 3709 3787 3784
f 4778 4659 4660
f 5649 3302 4054
f 5646 3232 3301
f 3250 3251 3910
f 5884 5886 5757
f 5655 5656 5936
f 4224 4227 4226
f 4043 4044 3412
f 4286 4289 4288
f 4267 4311 4310
f 4493 4079 4080
f 3325 5432 3226
f 3925 3371 3372
f 4312 4315 4314
f 3996 3997 3540
f 8908 8911 8912
f 4023 4026 4025
f 3995 3890 3891
f 5482 5556 5559
f 4486 3420 3921
f 4300 4285 4302
f 5438 5642 5644
f 3233 3932 3282
f 3225 3228 3227
f 5446 4400 5445
f 5554 3396 3397
f 4834 4833 4830
f 4064 3349 3350
f 3596 3599 3598
f 5639 5649 5648
f 5434 5431 5654
f 4895 4896 4830
f 3674 3677 3676
f 3551 3979 3978
f 3835 3836 3305
f 3813 3810 3702
f 3691 3711 4160
f 4109 4100 4101
f 4565 4187 4188
f 3490 3548 3547
f 3672 3646 3647
f 8906 8907 8912
f 3810 3812 3811
f 4051 4052 4397
f 3566 3599 4090
f 5580 5475 5476
f 4456 4457 5537
f 5539 5536 5546
f 8844 5934 8729
f 8872 8873 8874
f 4383 4301 4198
f 4931 4926 4927
f 5529 5530 5397
f 5314 5321 5323
f 5347 5332 5323
f 4711 4709 4599
f 5387 5388 5389
f 5259 5290 5292
f 5195 4806 4803
f 5195 5104 4746
f 4639 4865 4866
f 4821 4818 4681
f 3421 4037 5399
f 4730 4863 4601
f 4807 4651 4811
f 4040 4037 3421
f 4844 4841 4800
f 3936 3933 3929
f 4894 4798 4817
f 5365 5370 5383
f 4657 4656 4661
f 5224 5206 4770
f 5368 5383 5382
f 5336 5349 5352
f 5353 5356 5386
f 4070 4455 4454
f 5396 5397 3327
f 5225 5226 5312
f 5384 5382 5386
f 5391 4694 4695
f 4407 4410 4409
f 4623 4620 4880
f 5356 5353 5352
f 4578 4584 4859
f 3239 3875 3217
f 3937 3218 3333
f 4578 4575 4534
f 5467 5471 4505
f 4836 4828 4826
f 4422 5728 5721
f 3392 3393 5556
f 5564 5531 5565
f 3807 3808 3663
f 5922 3854 4392
f 3680 3695 3692
f 3630 3633 3632
f 4416 4417 5725
f 4033 3305 3836
f 3238 3220 4168
f 3466 3904 3483
f 3678 3677 3650
f 3677 3674 3649
f 3340 3337 4431
f 3562 3561 5656
f 5658 5654 5938
f 3642 3643 3640
f 3306 3303 3334
f 3256 3253 3280
f 8910 8891 8892
f 5868 5900 5898
f 8924 8923 8922
f 8935 8930 8925
f 8882 8906 8913
f 8925 8930 8926
f 5852 5849 5905
f 5136 5128 5124
f 4243 4363 4260
f 5238 5227 5228
f 5642 5639 5643
f 3924 3925 3928
f 5412 3521 5700
f 3750 3752 3751
f 3746 3752 3770
f 3859 3798 3861
f 3972 3973 3493
f 5923 8860 8861
f 4945 4946 4958
f 3296 3293 3286
f 3824 5403 3907
f 3671 3629 4154
f 4137 3343 5481
f 3614 3654 3802
f 3283 3284 3559
f 4936 4935 4934
f 5511 5723 5726
f 4170 4169 3926
f 3572 4393 3830
f 3459 3447 3858
f 3496 4426 4425
f 3457 3950 3436
f 3984 3983 3986
f 3914 3389 3386
f 5512 5724 5723
f 4500 4443 4483
f 4501 4502 4471
f 4503 4506 4505
f 4143 4144 4461
f 3331 3329 3222
f 4016 4015 4018
f 3998 3775 3776
f 4114 3796 5710
f 4405 5678 4406
f 5602 5604 5720
f 4767 4803 4804
f 4929 4933 4954
f 4410 4407 5665
f 3888 5700 5632
f 4048 4049 3977
f 3947 3211 3212
f 5676 5677 3472
f 5782 5785 5784
f 4315 4312 4311
f 5699 5518 5521
f 5864 5785 5825
f 5826 5827 5822
f 5775 5776 5805
f 3236 3233 3270
f 5823 5868 5859
f 4957 4848 4895
f 8868 8864 8865
f 4281 4392 3848
f 4940 4943 4971
f 4013 4014 4029
f 3685 3703 3701
f 4339 4340 4377
f 8891 8870 8872
f 3753 3750 3755
f 4427 4168 3220
f 3809 3806 3779
f 3568 4416 4418
f 3880 3987 3918
f 3543 3843 3842
f 4646 4649 4648
f 4656 4657 4597
f 4781 4876 4820
f 4972 4975 4974
f 5101 5102 5109
f 5095 5096 5115
f 5090 5127 5132
f 5131 5132 5134
f 5134 5132 5127
f 5117 5139 5140
f 3539 3862 3863
f 4006 3791 3792
f 5128 5091 5099
f 5097 5088 5089
f 5274 5266 5271
f 4571 4572 4569
f 4225 4531 4238
f 5156 5155 5170
f 4538 4541 4540
f 4622 4691 4665
f 4981 5011 5004
f 5012 4974 4975
f 5148 5147 5149
f 5157 5142 5133
f 5161 5155 5145
f 4261 4532 4242
f 5294 5295 5291
f 4255 4256 4532
f 5274 5259 5250
f 4246 4529 4207
f 3314 3924 3927
f 4670 4673 4672
f 4995 4904 4673
f 4638 4710 4603
f 4341 4295 4525
f 5163 5166 5165
f 4834 4783 4784
f 4784 4820 4682
f 4844 4843 4687
f 5280 5276 5275
f 4217 4572 4564
f 4554 4557 4556
f 4551 4552 4556
f 4549 4546 4544
f 5141 5142 5173
f 4653 4654 4683
f 4973 4974 4989
f 4984 5005 5015
f 5177 5172 5170
f 5166 5167 5181
f 5141 5184 5139
f 5178 5174 5151
f 5244 5202 5203
f 5252 5244 5245
f 4479 4031 4079
f 4402 4405 4404
f 3500 4418 4419
f 5856 5851 5909
f 4488 3913 3348
f 8851 8853 5885
f 3607 3608 5701
f 3508 3505 3503
f 5847 5858 5896
f 4374 4373 4309
f 3380 4439 4438
f 9025 9024 3553
f 5718 5717 4131
f 3300 3229 3283
f 5551 3275 3276
f 5552 3276 3369
f 5555 3397 5483
f 5859 5898 5896
f 4133 3793 3794
f 3606 3653 3652
f 4900 4852 4766
f 4616 4790 4789
f 3738 4165 4164
f 4774 4771 4642
f 4399 4485 3402
f 5853 5796 5795
f 3936 4518 4427
f 3418 3419 4064
f 5510 3488 3840
f 3270 3282 3279
f 3274 3275 4056
f 4359 4356 4305
f 4135 3508 3504
f 3610 3611 3609
f 3837 3556 3557
f 5940 3971 4401
f 5853 5804 5803
f 5725 5513 5515
f 3246 5410 4117
f 5713 5712 5672
f 4918 4961 4916
f 4148 3995 3771
f 5106 5105 5113
f 4147 9022 5709
f 5152 5172 5177
f 9026 4135 4111
f 5104 5195 5103
f 3531 3528 3485
f 3713 3716 3715
f 3699 3715 3815
f 4467 3345 4459
f 4703 4899 4736
f 5405 3399 3846
f 3555 3552 3963
f 4120 4116 5411
f 4217 4219 4185
f 3279 5438 5441
f 4944 4945 4959
f 4353 4337 4344
f 3815 3715 3716
f 3374 3371 4052
f 4491 4492 4516
f 5865 5824 5833
f 5819 5814 5856
f 5807 5851 5856
f 3933 3256 3281
f 3208 3205 3920
f 8907 8906 8902
f 5288 5308 5295
f 3728 3725 3747
f 3309 4084 4083
f 5119 5116 5101
f 3811 3785 3789
f 3595 3863 3992
f 4106 4102 4100
f 5696 5575 5576
f 3708 3755 3750
f 3744 3760 4165
f 5905 5891 5892
f 3403 4036 4175
f 4133 3997 3506
f 4147 4145 3544
f 3561 3562 3325
f 3237 3240 3239
f 4877 4878 4793
f 3241 3244 3243
f 3597 3624 3625
f 3279 3282 3281
f 3371 3374 3373
f 3599 3566 3567
f 3975 3976 4032
f 3277 3249 3250
f 3774 3564 3565
f 3658 3673 3780
f 4961 4962 4963
f 3600 3615 3616
f 4228 4229 4202
f 4011 4008 4318
f 4307 4304 4262
f 4838 4800 4841
f 4782 4783 4773
f 4914 4956 4946
f 4839 4609 4765
f 4771 4896 4645
f 4962 4965 4964
f 4966 4959 4963
f 3601 3612 3615
f 5878 5875 5879
f 5890 5880 5881
f 3720 3786 4158
f 4755 4756 4689
f 3740 3717 3718
f 5695 5685 5686
f 5740 5743 5742
f 5733 5735 5736
f 5755 5756 5750
f 5745 5763 5762
f 5798 5801 5800
f 4706 4880 4879
f 5651 5652 5619
f 5850 5794 5797
f 5804 5807 5806
f 4087 5708 5707
f 5915 5913 5914
f 5703 3860 4167
f 5893 5894 5896
f 5892 5893 5919
f 5706 5671 5664
f 5786 5789 5788
f 3973 4131 3841
f 4831 4832 4915
f 5906 5892 8858
f 4965 4967 4969
f 4684 4685 4846
f 3589 3609 3611
f 3596 3625 4150
f 5877 5880 5763
f 4121 4124 4123
f 3469 3465 3868
f 3204 3205 3208
f 3716 3713 3726
f 5460 9027 5426
f 3465 3469 3470
f 5738 5735 3764
f 4887 4654 4655
f 4203 4206 4205
f 3959 5705 4082
f 5758 5757 5886
f 5781 5869 5872
f 4675 4762 4723
f 3757 4164 5751
f 3334 3271 3272
f 8880 5926 5903
f 5615 5676 3473
f 5759 5761 5760
f 8845 8846 8848
f 5778 5781 5780
f 8857 8856 8849
f 4132 3797 3798
f 5839 5838 5841
f 560 1899 3187
f 5747 5874 4007
f 5928 5930 8840
f 5766 5769 5768
f 4848 4957 4956
f 4953 4968 4967
f 4832 4897 4910
f 5879 5764 5888
f 3598 3567 3530
f 5747 5729 5730
f 5754 5764 5748
f 5810 5813 5812
f 5758 5755 5749
f 4315 4388 4387
f 5917 5915 5916
f 5913 5909 5910
f 5930 8731 8841
f 4951 4955 4968
f 3209 3210 3201
f 4059 5424 3246
f 8731 5934 8842
f 3776 3582 3585
f 5770 5773 5772
f 5891 5894 5893
f 9028 5638 5641
f 5814 5817 5816
f 5662 5675 5673
f 3522 3525 3524
f 5630 5631 5942
f 5791 5792 5795
f 5746 3753 3754
f 5928 5929 5931
f 5743 5760 5739
f 5876 5874 5875
f 3678 8937 9021
f 4200 4208 4207
f 4114 3546 3916
f 3601 3602 3605
f 3818 3724 3712
f 3315 3318 3317
f 5899 5900 5902
f 8840 8841 5883
f 5562 4458 5559
f 4416 3568 3448
f 3189 3192 3191
f 4751 4890 4747
f 4181 4182 4180
f 3832 3942 5454
f 3362 3527 3526
f 5678 4405 5699
f 3497 3500 3499
f 448 1980 807
f 647 648 122
f 5690 3472 5677
f 4183 4186 4185
f 1833 1848 1780
f 5920 5895 5897
f 510 509 508
f 4401 3967 5944
f 5656 5397 5530
f 3970 3971 5940
f 5653 5658 5939
f 5450 5653 5946
f 3384 5633 5945
f 4403 4404 4299
f 5944 3967 3968
f 3963 5427 5951
f 5614 3473 3474
f 5427 3838 3857
f 3210 1949 1887
f 1887 15 3200
f 15 16 3197
f 16 3188 3195
f 3195 3188 3187
f 3194 3187 1899
f 3207 1899 375
f 387 173 126
f 3189 1791 1760
f 9029 763 757
f 763 9029 2172
f 9035 9034 9032
f 9033 9032 9031
f 9046 9049 9048
f 8751 9053 9054
f 9078 9076 9077
f 9083 9087 9051
f 9088 9089 9047
f 9099 9036 9040
f 9102 9034 9036
f 9105 9031 9032
f 9105 2176 9106
f 1801 1864 9108
f 9103 9032 9034
f 9096 9090 9047
f 1767 1768 9111
f 1597 9115 9113
f 1708 1707 9117
f 9123 9120 9119
f 9118 9119 9125
f 1588 1708 9116
f 2080 9123 9118
f 2082 9118 9124
f 9126 9129 9087
f 9129 9130 9088
f 5512 3492 5943
f 5634 3383 5488
f 5724 5512 5947
f 9134 9099 9097
f 9144 9103 9102
f 9133 9097 9096
f 786 9146 9144
f 9146 9105 9103
f 785 9144 9138
f 497 9138 9134
f 650 9134 9133
f 9148 564 9133
f 8756 9058 9057
f 9154 9151 9130
f 9151 9150 9131
f 9097 9040 9090
f 1799 9109 9111
f 5949 3968 3964
f 9160 9156 8809
f 8813 9162 9160
f 9166 463 564
f 9067 9058 9054
f 9162 9166 9148
f 9087 9088 9048
f 9081 9078 9079
f 9049 9052 9051
f 9082 9168 9167
f 9079 9077 9049
f 9169 9168 9175
f 9167 9115 9112
f 9168 9169 9177
f 9120 9117 9113
f 9120 9177 9169
f 9119 9169 9170
f 9179 9180 9125
f 9180 1576 9124
f 9178 9179 9170
f 1576 2101 2084
f 9179 9178 9183
f 3203 376 1387
f 3190 1387 1791
f 5618 2152 1949
f 317 240 259
f 2000 2176 9105
f 9053 9051 9052
f 9041 9040 9036
f 9029 758 756
f 9037 9036 9034
f 9130 9131 9089
f 3204 375 376
f 1801 9107 9109
f 9181 9187 9180
f 1575 9187 9190
f 9187 1575 1576
f 1776 1795 1796
f 1293 1294 1290
f 1326 14 1327
f 1294 1245 1234
f 878 1244 1330
f 5633 3401 5490
f 5933 3359 3360
f 5613 5634 5948
f 5604 5605 3844
f 3972 3494 5950
f 3494 3495 4322
f 4406 5676 5615
f 3492 3489 4292
f 5631 5503 5495
f 497 373 374
f 122 648 413
f 5624 5489 3398
f 9151 9154 9156
f 9058 8756 8752
f 9160 9162 9150
f 8815 9166 9162
f 9156 9126 8794
f 439 398 399
f 1512 1528 1526
f 1668 1741 1738
f 839 849 1362
f 1362 1357 826
f 3425 3417 3418
f 4905 5207 5243
f 4621 4622 4662
f 5582 5579 5574
f 4754 4757 4756
f 3902 3899 4021
f 9295 740 1896
f 2053 2054 2118
f 9340 9339 2120
f 696 697 9268
f 4922 4938 4939
f 4365 4366 4186
f 5105 5106 4862
f 5228 5227 5226
f 4781 4782 4877
f 5218 5227 5238
f 4990 4993 4992
f 4335 4337 4336
f 4993 4990 4972
f 4794 4793 4792
f 5886 5884 8852
f 5405 3892 5417
f 4669 4752 4764
f 4676 4697 4698
f 1826 1878 639
f 9192 9191 9181
f 5232 5228 5233
f 5418 4121 4122
f 956 885 886
f 5720 3844 3512
f 4728 4731 4730
f 8879 8866 8863
f 1980 806 1922
f 4969 4970 4966
f 33 34 105
f 9028 3253 3254
f 3837 3558 3839
f 4382 4300 4301
f 3908 3905 4122
f 4290 4295 4294
f 4400 3834 4055
f 3219 3222 3221
f 8894 8895 8877
f 4640 4736 4735
f 4389 4366 4216
f 3267 4479 4493
f 3268 3265 4463
f 5097 5111 5098
f 5094 5097 5096
f 5654 5655 5937
f 4089 5704 3960
f 5159 5163 5162
f 5202 5244 5249
f 5412 5415 5414
f 5715 3515 3516
f 5723 4426 4423
f 4263 4264 4323
f 3994 3529 3564
f 1343 1344 9308
f 3470 3514 5667
f 5659 5661 5671
f 3319 3828 4053
f 9359 2127 2128
f 1766 1581 1582
f 14 1326 2163
f 595 98 99
f 5703 3771 3772
f 5206 5224 5229
f 3437 3446 3458
f 5516 4084 3487
f 5122 5086 5087
f 3223 3297 3934
f 3979 9023 5402
f 3828 3319 3320
f 5663 3441 4081
f 4035 4489 4490
f 4426 5723 5724
f 3881 4452 4447
f 5407 5408 4118
f 5691 5688 5689
f 5661 5673 5672
f 5911 5918 8901
f 3902 4022 3871
f 5541 5538 5539
f 4069 4454 5561
f 3248 4394 3292
f 1346 1035 1044
f 748 1888 1425
f 3297 3228 3255
f 5445 4400 4056
f 5783 5784 5830
f 4310 4028 4376
f 5857 5854 5800
f 3882 5467 4452
f 3193 3208 3919
f 3190 3191 3206
f 4266 4269 4268
f 4488 3419 3420
f 3331 3939 3940
f 4282 4285 4284
f 4606 4608 4607
f 4628 4629 4708
f 4659 4732 4733
f 4615 4750 4829
f 4718 4714 4713
f 5722 4424 4421
f 3307 3462 3461
f 4686 4688 4634
f 3966 3548 3550
f 4738 4739 4875
f 3416 4429 3237
f 4527 4528 4208
f 5093 5121 5114
f 5124 5099 5086
f 5117 5118 5138
f 4631 4641 4640
f 5166 5163 5168
f 5185 5188 5187
f 5194 5190 5191
f 3245 4117 4118
f 5214 5215 5203
f 3230 3317 3318
f 5237 5234 5217
f 5250 5259 5258
f 5113 5112 5084
f 5270 5267 5269
f 4906 5125 5107
f 5271 5266 5267
f 5276 5277 5262
f 5153 5151 5174
f 5290 5270 5268
f 5306 5299 5303
f 5147 5148 5146
f 4585 4849 4856
f 3226 5435 5436
f 4473 4503 4504
f 5765 5756 8897
f 4529 4246 4247
f 8923 8924 8916
f 5713 5681 5682
f 3315 3897 3898
f 5564 5536 5537
f 4468 4440 4441
f 3738 3739 4163
f 4577 4859 4559
f 5567 3527 3366
f 3587 3584 4150
f 5471 5468 4504
f 5860 5769 5816
f 3516 3513 5558
f 5436 3985 5637
f 5050 5053 5083
f 5547 5565 3338
f 9023 3979 3295
f 5708 4087 4132
f 4104 3816 3814
f 3718 3719 4161
f 5498 5491 5679
f 3884 4431 4432
f 3955 4512 3877
f 4049 4062 4061
f 8892 8872 8875
f 4572 4217 4218
f 4440 4443 4442
f 4497 4511 3407
f 8906 8882 8881
f 5664 5712 5670
f 3751 4105 3706
f 3511 3735 3736
f 5129 5130 5116
f 5086 5099 5098
f 5135 5127 5128
f 5143 5146 5145
f 5168 5158 5136
f 5297 5241 5246
f 5164 5161 5160
f 5155 5161 5171
f 5137 5179 5167
f 5293 5308 5307
f 5513 3570 4083
f 4053 3828 3825
f 3228 3297 3298
f 3631 3632 3635
f 5689 5669 5670
f 5759 5762 5883
f 3793 4133 3507
f 4906 4908 4891
f 4719 4858 4901
f 3597 3598 4095
f 3352 4126 4125
f 9064 9057 9058
f 9076 9064 9067
f 9083 8766 8794
f 9131 9132 9096
f 9138 9102 9099
f 9154 9129 9126
f 9077 9067 9052
f 9053 8751 8766
f 9191 9190 9187
f 9082 9079 9046
f 9193 9175 9168
f 1284 1290 1288
f 9150 9148 9132
f 3841 3842 3496
f 3570 3569 3336
f 4027 4311 4312
f 4889 4876 4781
f 4041 4045 4044
f 4885 4884 4813
f 5419 4122 3905
f 4367 4368 4227
f 1778 1781 1780
f 1792 1759 1584
f 4308 4017 3869
f 4594 4723 4762
f 4767 4770 4769
f 5461 3365 3366
f 4763 4704 4716
f 4919 4918 4915
f 4300 4382 4334
f 5196 5199 5198
f 5158 5148 5135
f 5431 5434 5433
f 4545 4567 4571
f 4557 4558 4594
f 695 570 571
f 4156 4155 3626
f 4861 4673 4670
f 5681 5675 5674
f 5473 5475 5580
f 3622 3656 4152
f 5647 3573 3574
f 3674 3663 3808
f 4420 4145 3498
f 5675 5662 5666
f 3253 9028 5439
f 5870 5866 5917
f 8887 8920 8919
f 5862 5856 5913
f 3534 3593 3485
f 3313 4486 4484
f 9090 9193 9046
f 4871 4759 4695
f 3778 3777 3822
f 4889 4748 4874
f 4000 3783 3784
f 4897 4898 4911
f 3856 3857 3838
f 4772 4830 4896
f 4015 4016 4376
f 3433 3461 3476
f 4053 4054 3302
f 3367 5567 3363
f 3242 3829 3831
f 3441 3442 4082
f 4735 4736 4855
f 4756 4757 4737
f 3382 3385 3384
f 3698 3699 3697
f 4676 4679 4678
f 4948 4943 4941
f 4890 5394 4805
f 4757 4744 4745
f 4581 4221 4380
f 5716 3516 5932
f 4923 4920 4926
f 5077 5079 5081
f 5078 5082 5058
f 4009 5401 5400
f 5081 5082 5078
f 3930 3931 4513
f 4014 4376 4028
f 4025 4026 4020
f 3618 4093 4096
f 4581 4575 4576
f 4219 4217 4188
f 5440 5442 3335
f 5449 3982 3323
f 4229 4181 4177
f 4590 4213 4214
f 4227 4183 4184
f 4574 4901 4858
f 4565 4566 5453
f 4592 4555 4588
f 4590 4587 4573
f 3517 3518 5521
f 3845 5428 3522
f 4444 3340 3884
f 3982 5449 5533
f 4465 4466 4497
f 4520 4522 4521
f 4076 4073 5591
f 3635 3667 3666
f 3343 3344 4498
f 4022 4019 3870
f 3661 3607 4098
f 5691 5690 5697
f 3768 3766 5742
f 4514 3955 3956
f 3697 3815 3814
f 4394 3248 5460
f 4054 4053 4057
f 3284 3318 3323
f 4052 3926 4169
f 4447 4506 4510
f 4456 4460 3346
f 4483 3876 3877
f 4482 3877 4512
f 4492 4512 4513
f 5642 5438 5439
f 5448 5447 5442
f 5466 4441 3882
f 3340 4444 4445
f 8908 8909 8910
f 4397 4169 3835
f 5413 3520 3521
f 3234 3931 3932
f 5753 5765 8895
f 8896 8897 5756
f 8921 8922 8889
f 8915 8912 8911
f 3933 3936 3935
f 3620 3804 3657
f 3966 3969 3968
f 4905 4789 4769
f 3225 5436 5437
f 5433 3896 3984
f 5714 5686 5693
f 5435 3984 3985
f 3954 3956 3955
f 4713 4712 4632
f 4879 4635 4632
f 3983 3984 3896
f 9027 5460 3248
f 5871 5870 5912
f 5849 5846 5891
f 4702 4703 4640
f 4213 4590 4579
f 3644 3645 3688
f 9193 9090 9040
f 8920 8930 8935
f 5406 3846 4130
f 4140 5400 5401
f 5659 3903 3904
f 4772 4773 4783
f 4244 4247 4246
f 4061 5399 4037
f 3669 3804 3803
f 3459 3460 3209
f 4072 5483 5484
f 4835 4833 4834
f 5660 5662 5661
f 4262 4265 4264
f 3633 3630 3627
f 3685 3643 3676
f 4517 4515 3235
f 4145 4420 4085
f 5455 4438 5459
f 5638 5635 5640
f 3228 3225 3254
f 4044 4174 3411
f 3614 3615 3612
f 3273 3276 3275
f 4952 4962 4961
f 4959 4958 4960
f 4888 4655 4761
f 4254 4257 4256
f 4199 4202 4201
f 4499 4464 4465
f 5479 4495 4496
f 5952 5953 5954
f 5956 5957 5958
f 5959 5958 5960
f 5962 5963 5964
f 5966 5967 5968
f 5967 5970 5971
f 5963 5962 5961
f 5972 5965 5964
f 5974 5975 5976
f 5978 5979 5980
f 5982 5983 5984
f 5986 5987 5985
f 5988 5989 5990
f 5992 5993 5994
f 5996 5997 5998
f 6000 6001 6002
f 6004 6005 6006
f 6008 6009 6010
f 6012 6013 6014
f 6016 6017 6018
f 6020 6021 6022
f 6024 6025 6026
f 6028 6029 6030
f 6032 6033 6034
f 6036 6037 6038
f 6040 6041 6013
f 6042 6043 6044
f 5992 6046 6047
f 6048 6049 6050
f 6052 6053 6054
f 6056 6057 6058
f 6060 6061 5987
f 6062 6063 6064
f 6066 6067 6068
f 6070 6071 6027
f 6072 6073 6057
f 6075 6076 6077
f 6078 6079 6080
f 6082 6083 6054
f 6085 6078 6081
f 6087 6061 5990
f 6061 6087 6089
f 6089 6090 6091
f 6092 6091 6093
f 6095 5978 5981
f 6062 6082 6084
f 6097 6098 6035
f 6056 6049 6099
f 6100 6101 6102
f 6001 6000 6104
f 6107 6108 6109
f 6110 6111 6112
f 6114 6026 6025
f 6116 6117 6118
f 6120 6121 6122
f 6124 6125 6126
f 6128 6129 6101
f 6039 6130 6131
f 6132 6133 6134
f 6136 6137 6138
f 6139 6140 6141
f 6143 6144 6145
f 6148 6149 6150
f 6152 6153 6154
f 6155 6156 6157
f 6159 6160 6161
f 6163 6164 6165
f 6167 6168 6169
f 6171 6172 6173
f 6175 6176 6104
f 6178 6179 6180
f 6023 6182 6183
f 6184 6185 6186
f 6117 6116 6188
f 6190 6191 6192
f 6194 6070 6026
f 6195 6196 6191
f 6197 6198 6199
f 6201 6202 6203
f 6205 6206 6207
f 6209 6210 6201
f 6197 6200 6211
f 6212 6211 6213
f 5979 6215 6214
f 6203 6216 6217
f 6206 6199 6198
f 6218 5961 5962
f 5965 6220 6219
f 5972 3355 3354
f 6070 6194 6222
f 6224 6225 6226
f 6228 6229 6230
f 6232 6233 6234
f 6196 6195 6236
f 6071 6070 6223
f 6239 6240 6241
f 6243 6244 6245
f 6247 6073 6248
f 6250 6251 6252
f 6254 6255 6256
f 6258 6259 6260
f 6229 6262 6263
f 6264 6265 6242
f 6266 6267 6268
f 6270 6271 6272
f 6274 6275 6276
f 6195 6278 6279
f 6280 6278 6281
f 6283 6284 6285
f 6123 6122 6287
f 6289 6290 6291
f 6293 6294 6243
f 6240 6296 6297
f 6298 6299 6267
f 6300 6301 6302
f 6304 6305 6306
f 6251 6250 6308
f 6247 6310 6311
f 6313 6314 6315
f 6314 6313 6317
f 6319 6086 6320
f 6322 6087 6088
f 6216 6324 6258
f 6325 6326 6327
f 6217 6258 6261
f 6330 6071 6238
f 6071 6330 6048
f 6015 6332 6333
f 6079 6334 6335
f 6336 6294 6240
f 6294 6293 6296
f 6337 6338 6339
f 6341 6342 6343
f 6345 6346 6347
f 6266 6264 6349
f 6350 6351 6352
f 6295 6243 6246
f 6303 6355 6356
f 6357 6358 6359
f 6361 6362 6363
f 6365 6350 6353
f 6367 6368 6369
f 6371 6367 6370
f 6372 6373 6374
f 6375 6374 6373
f 6376 6377 6378
f 6379 6380 6381
f 6383 6384 6385
f 6387 6388 6389
f 6391 6392 6393
f 6395 6396 6397
f 6398 6399 6400
f 6399 6401 6402
f 6403 6402 6401
f 6405 6406 6407
f 6409 6410 6411
f 6367 6371 6413
f 6374 6375 6415
f 6417 6418 6384
f 6419 6420 6348
f 6421 6422 6423
f 6425 6426 6400
f 6426 6427 6395
f 6393 6396 6428
f 6429 6430 6394
f 6390 6389 6431
f 6433 6434 6408
f 6435 6436 6437
f 6439 6440 6411
f 6392 6391 6441
f 6397 6392 6442
f 6401 6399 6444
f 6446 6447 6437
f 6448 6449 6450
f 6452 6453 6454
f 6442 6441 6456
f 6443 6442 6457
f 6444 6459 6460
f 6445 6444 6461
f 6463 6464 6462
f 6446 6445 6462
f 6466 6467 6468
f 6448 6451 6470
f 6453 6452 6472
f 6474 6475 6476
f 6478 6479 6480
f 6482 6483 6484
f 6486 6487 6488
f 6490 6491 6492
f 6493 6492 6494
f 6496 6497 6498
f 6500 6501 6502
f 6504 6505 6506
f 6508 6468 6509
f 6511 6512 6513
f 6499 6514 6515
f 6516 6517 6518
f 6520 6521 6522
f 6524 6507 6525
f 6507 6524 6527
f 6504 6527 6528
f 6528 6511 6508
f 6529 6530 6531
f 6342 6533 6534
f 6535 6347 6346
f 6347 6535 6537
f 6434 6538 6539
f 6539 6540 6405
f 6541 6542 6451
f 6543 6544 6470
f 6546 6478 6481
f 6499 6498 6548
f 6549 6550 6514
f 6551 6552 6553
f 6555 6556 6557
f 6403 6436 6423
f 6426 6425 6413
f 6415 6560 6428
f 6430 6429 6561
f 6434 6433 6420
f 6563 6564 6565
f 6404 6401 6445
f 6459 6444 6399
f 6455 6454 6388
f 6405 6450 6449
f 6540 6541 6450
f 6567 6495 6568
f 6570 6464 6463
f 6475 6474 6490
f 6458 6457 6571
f 6573 6571 6574
f 6576 6577 6578
f 6193 6192 6580
f 6582 6583 6584
f 6583 6582 6586
f 6588 6589 6587
f 6590 6069 6068
f 6592 6593 6594
f 6251 6310 6595
f 6304 6596 6597
f 6272 3735 6599
f 3737 3736 6558
f 6600 6161 6160
f 6123 6602 6603
f 6604 6605 6606
f 6608 6205 6208
f 5972 6221 6220
f 6610 6611 6612
f 6613 6614 6615
f 6242 6617 6618
f 6226 6619 6245
f 6620 6621 6622
f 6624 6143 6146
f 6626 6213 6211
f 6627 6628 6629
f 6631 6632 6633
f 6235 6635 6636
f 6637 6638 6639
f 6641 6625 6286
f 6643 6644 6645
f 6647 6648 6649
f 6244 6243 6294
f 6336 6651 6652
f 6194 6196 6237
f 6196 6194 6114
f 6115 6192 6191
f 6653 6654 6655
f 6657 6117 6189
f 6117 6657 6659
f 6130 6157 6156
f 6133 6152 6151
f 6661 6111 6662
f 6663 6613 6616
f 6664 6270 6273
f 6418 6417 6432
f 6290 6325 6328
f 6666 6557 6556
f 6557 6666 3805
f 5971 6667 6668
f 6181 6669 6670
f 6671 6672 6673
f 6676 6673 6672
f 6675 6150 6149
f 6067 6066 5999
f 6677 6678 6679
f 6681 6682 6683
f 6087 6322 6090
f 5983 5982 6685
f 5982 6094 6687
f 6094 6093 6688
f 6211 6200 6137
f 6689 6690 6691
f 6690 6689 3833
f 6001 5983 6686
f 5978 6693 6215
f 6694 6693 5978
f 5974 6694 6095
f 6183 6182 6696
f 6698 5959 5961
f 5959 6698 6699
f 6697 6696 6700
f 6702 6629 6703
f 5968 6668 6705
f 6706 5977 5955
f 6707 6618 6617
f 6024 6051 6709
f 6402 6403 6559
f 3852 6711 6712
f 3856 6594 6593
f 5977 6706 6694
f 6713 5955 5977
f 6714 6715 6716
f 6718 6719 6308
f 6720 6255 6254
f 6722 6723 6724
f 6312 6311 6726
f 6069 6590 6728
f 6319 6594 6730
f 6731 6645 6644
f 6732 6733 6734
f 6046 6053 6320
f 3880 3805 6666
f 6736 6737 6738
f 6531 6740 6741
f 6300 6356 6614
f 6742 6532 6325
f 6743 6742 3891
f 6744 6302 6301
f 6746 6747 6534
f 6536 6576 6579
f 6535 6579 6563
f 6566 6538 6537
f 6538 6566 6409
f 6412 6540 6539
f 6412 6748 6541
f 6748 6749 6542
f 6749 6569 6545
f 6568 6750 6547
f 6751 6752 6548
f 6753 6754 6550
f 6755 6756 6757
f 6759 6760 6761
f 6763 6764 6765
f 6764 6620 6623
f 6766 6767 6768
f 6770 6771 6772
f 6774 6775 6776
f 6021 6774 6777
f 6723 6778 6779
f 6780 6781 6782
f 6784 6785 6786
f 6788 6789 6790
f 6185 6792 6793
f 6794 6722 6725
f 6729 6796 6098
f 6135 6797 6798
f 6799 6062 6065
f 6037 6801 6802
f 6005 6004 6588
f 6005 6803 6804
f 6052 6055 6010
f 6586 6582 6803
f 6092 5985 5987
f 6094 5982 5985
f 6096 6806 6695
f 6082 6062 6799
f 6657 6013 6041
f 6013 6657 6658
f 6795 6725 6807
f 6809 6810 6811
f 6813 6814 6815
f 6817 6818 6819
f 6821 6822 6823
f 6329 6209 6204
f 6202 6825 6826
f 6072 6099 6827
f 6598 6829 6305
f 6301 6300 6613
f 6830 6831 6271
f 6822 6779 6778
f 6326 6741 6832
f 6203 6826 6833
f 6027 6048 6051
f 6360 6834 6835
f 6836 6837 6838
f 6837 6840 6841
f 6362 6365 6366
f 6380 6385 6384
f 6421 6564 6578
f 6566 6565 6410
f 6394 6389 6388
f 6414 6422 6368
f 6371 6374 6416
f 6561 6560 6378
f 6382 6381 6562
f 6381 6384 6418
f 6389 6394 6430
f 6391 6388 6454
f 6441 6454 6453
f 6456 6453 6473
f 6495 6494 6750
f 6843 6575 6485
f 6844 6845 6843
f 6573 6845 6847
f 6849 6491 6487
f 6513 6753 6752
f 6517 6521 6850
f 6521 6520 6851
f 6844 6851 6852
f 6505 6504 6510
f 6753 6513 6512
f 6516 6522 6521
f 6614 6740 6854
f 6742 6262 4003
f 6708 6617 6855
f 6307 6306 6857
f 6307 6664 6665
f 6414 6413 6425
f 6416 6415 6427
f 6562 6418 6431
f 6419 6537 6538
f 6358 6836 6839
f 6059 6058 6859
f 6861 6862 6863
f 6865 6866 6867
f 6115 6025 6869
f 6871 6872 6873
f 6721 6254 6596
f 6876 6610 6556
f 6877 6663 6552
f 6551 6878 6268
f 6879 6855 6265
f 6239 6618 6651
f 6230 6263 6619
f 6171 6670 6669
f 6106 6109 6882
f 6883 6884 6822
f 6759 6184 6187
f 6725 6724 6785
f 6885 6795 6808
f 6886 6887 6888
f 6701 6700 6756
f 6884 6786 6779
f 6715 6714 6309
f 6889 6259 6890
f 6743 3890 4042
f 6270 6664 6893
f 6386 6894 6895
f 6895 6348 6420
f 6897 6432 6417
f 6897 6433 6407
f 6390 6898 6899
f 6900 6899 6406
f 6455 6900 6901
f 6902 6903 6904
f 6482 6903 6905
f 6501 6906 6907
f 6496 6515 6908
f 6532 6531 6326
f 6532 6742 6743
f 6612 6910 6735
f 6611 6911 6910
f 6626 5980 5979
f 6704 6912 6105
f 6913 6590 6591
f 6915 6794 6795
f 6229 6228 4067
f 6263 6290 6289
f 6745 6301 6663
f 6916 6771 6757
f 6885 6918 6165
f 6920 6780 6783
f 6921 6922 6923
f 6925 6921 6924
f 6927 6928 6929
f 6931 6932 6933
f 6935 6936 6937
f 6939 6940 6941
f 6943 6944 6945
f 6947 6948 6949
f 6944 6943 6951
f 6953 6954 6955
f 6957 6958 6959
f 6961 6962 6929
f 6964 6965 6966
f 6968 6969 6970
f 6969 6948 6955
f 6972 6943 6946
f 6974 6975 6976
f 6978 6979 6980
f 6940 6939 6982
f 6984 6985 6986
f 6988 6989 6990
f 6992 6990 6989
f 6994 6995 6996
f 6998 6999 7000
f 7002 7003 7004
f 7006 7007 7008
f 7010 7011 7012
f 7014 7015 7016
f 7018 7019 6999
f 7020 7021 7022
f 7024 7025 7026
f 7028 7029 7030
f 7032 7033 7034
f 7003 7002 7036
f 7038 7039 7040
f 6993 6989 7030
f 7042 7043 7044
f 7046 7047 7007
f 7011 7010 7048
f 7050 7051 7052
f 7054 7015 7014
f 7015 7054 7056
f 6621 6620 7045
f 7049 7048 6775
f 7051 7050 6021
f 7055 6697 6701
f 7054 6701 6755
f 6764 6763 7047
f 7020 7058 7059
f 7060 7061 7062
f 6958 7064 7065
f 6925 7066 7067
f 7068 6931 6934
f 7069 6988 6991
f 7071 6995 7072
f 7074 7075 7076
f 7078 7079 7080
f 7014 7017 7082
f 7084 7085 7086
f 7025 7028 7031
f 7085 7084 7072
f 7089 7084 7087
f 7055 7014 7083
f 7090 7087 6770
f 7092 7093 7094
f 7091 6183 6697
f 6770 7087 7086
f 7095 7094 6767
f 7096 7061 6980
f 7098 6941 6940
f 7058 7020 7023
f 7101 6927 6930
f 6974 7060 7063
f 7103 6968 6971
f 7105 6978 6981
f 7106 7107 7036
f 7109 7048 7010
f 7111 7019 7018
f 7098 7003 7037
f 7048 7109 7112
f 7113 6993 7041
f 6994 7114 7115
f 6965 7116 6923
f 6975 6922 6945
f 7061 7096 7065
f 6954 6953 6933
f 6763 7112 7109
f 7046 7045 6620
f 6947 7117 7067
f 6758 7086 7056
f 7118 7119 7039
f 7038 7069 7070
f 7106 7120 7121
f 7123 7124 7053
f 7123 7052 7083
f 7045 7046 7006
f 7107 7106 7122
f 7091 7083 7052
f 7091 7051 6020
f 6936 7096 7097
f 7125 6957 6960
f 6774 6021 7050
f 7119 6939 6942
f 7019 7002 7005
f 7011 7053 7124
f 7021 7126 7040
f 7114 7029 7016
f 7053 7011 7049
f 7086 7085 7057
f 6993 7113 7127
f 7075 7127 7113
f 4281 4280 6603
f 6012 6333 7129
f 7130 6083 6584
f 6797 7132 7133
f 6074 7134 7135
f 6789 6760 6173
f 6760 6789 6776
f 7136 6802 6801
f 6914 6671 6674
f 7007 7110 7059
f 7099 7004 7003
f 6984 7103 7104
f 7110 7007 7047
f 6333 6583 6587
f 5956 6699 6667
f 5957 5956 5971
f 7137 6715 6308
f 4292 4293 6718
f 6693 6705 6668
f 6215 6668 6667
f 6214 6667 6699
f 6698 6197 6212
f 6219 6207 6198
f 6207 6219 6220
f 6220 6221 6609
f 6262 6229 4066
f 7138 7139 7140
f 4298 7142 7140
f 7143 7144 7145
f 7147 7148 7144
f 7149 7150 7151
f 7150 7152 7153
f 6329 6261 7154
f 6261 6260 7155
f 7156 6829 7157
f 6598 6597 7159
f 6257 6256 7161
f 6256 4322 4321
f 6693 6694 6706
f 5954 5969 6705
f 5953 5966 5969
f 7163 5984 5983
f 7164 7165 6138
f 7167 7168 7169
f 6141 7171 7172
f 7166 7171 7173
f 6141 6140 7174
f 7176 7177 7178
f 7180 7181 7182
f 7184 7185 7186
f 6631 7180 7183
f 6218 6198 6197
f 6625 6641 7189
f 6814 6813 7190
f 6882 7192 7193
f 7195 7196 6109
f 6888 7197 7198
f 7200 7201 7202
f 7176 6627 6630
f 6029 7184 7187
f 7205 7206 7207
f 7209 7210 7211
f 7203 7202 7213
f 6886 7215 6778
f 6031 6030 7215
f 7216 7217 7218
f 7220 7221 6880
f 6076 6075 7220
f 6074 6077 6672
f 6147 6150 6662
f 7223 6662 6111
f 6810 6809 6113
f 6920 7134 6914
f 6077 6660 6675
f 6660 6077 6076
f 7222 7220 6669
f 7224 7222 6181
f 6660 6662 6150
f 7225 7226 6794
f 6783 6782 7225
f 6781 6780 6068
f 7217 7227 7228
f 6031 6888 7199
f 6887 6886 6723
f 6164 7225 6915
f 6780 6920 6591
f 7134 6074 6671
f 7229 7230 6824
f 7187 7186 7230
f 7226 6887 6722
f 7231 7232 6169
f 7201 7231 7233
f 6107 7234 7235
f 7215 7229 6823
f 6030 7187 7229
f 7236 7216 7219
f 7237 7238 6820
f 7237 7208 7207
f 7239 7240 7241
f 6739 7243 7244
f 7245 7239 7242
f 7233 6169 6168
f 7247 7213 7202
f 7195 6108 7203
f 7248 7249 7250
f 7227 7251 7252
f 7253 6067 5998
f 6067 7253 7198
f 6781 7198 7197
f 5984 7163 6683
f 7254 7250 6678
f 6679 7249 7252
f 6887 7226 7197
f 6782 7197 7226
f 7135 6919 6163
f 7221 7220 6075
f 6661 6076 7222
f 7224 6112 6111
f 6180 6810 6112
f 6179 6811 6810
f 6811 6179 6793
f 6650 6792 6622
f 6766 6621 7044
f 7095 7044 7043
f 7092 7043 7121
f 7078 7120 7255
f 7256 7232 7257
f 6768 6772 7259
f 6773 6767 7094
f 7090 7094 7093
f 7089 7093 7080
f 7071 7079 7032
f 7077 7018 6998
f 6995 7071 7260
f 7077 7076 7261
f 7035 7034 7018
f 7108 7019 7111
f 6978 7105 7262
f 7105 7263 7264
f 7263 6944 6952
f 6990 6992 6951
f 6972 7117 7266
f 7117 6947 6950
f 6948 6969 7267
f 6969 6968 6982
f 7103 6984 6987
f 7005 7004 6986
f 6999 7005 7268
f 7269 7270 7271
f 7274 7272 7275
f 7274 7273 7276
f 7278 7279 7280
f 7282 7283 7284
f 7286 7287 7288
f 7290 7291 7292
f 7294 7295 7296
f 7068 7297 7298
f 7300 7301 7302
f 7304 6962 7305
f 7307 7285 7305
f 7309 7284 7283
f 7311 7312 7313
f 7125 7304 7306
f 7285 7307 7280
f 7277 7281 7303
f 6965 6964 7316
f 7318 7312 7316
f 7320 7321 7271
f 7312 7318 7296
f 7270 7269 7298
f 7311 7270 7322
f 6961 6932 7300
f 7323 7324 7325
f 7327 7064 7328
f 7064 6958 7325
f 7287 7330 7292
f 6931 7068 7299
f 7331 7327 7329
f 7332 7333 7334
f 7336 7337 7338
f 7340 7341 7333
f 7342 7341 7343
f 7345 7346 7347
f 7348 7349 7350
f 7352 7353 7354
f 7356 7357 7358
f 7360 7361 7362
f 7365 7366 7367
f 7368 7369 7370
f 7372 7373 7336
f 7373 7375 7337
f 7367 7366 7376
f 7378 7379 7380
f 7382 7383 7384
f 7386 7387 7385
f 7388 7389 7390
f 7392 7334 7333
f 7394 7395 7396
f 7398 7399 7400
f 7402 7403 7404
f 7406 7407 7408
f 7410 7411 7383
f 7412 7413 7414
f 7385 7416 7417
f 7389 7418 7419
f 7373 7420 7421
f 7420 7373 7372
f 7369 7423 7424
f 7399 7398 7397
f 7393 7333 7341
f 7398 7358 7357
f 7358 7398 7401
f 7428 7429 7430
f 7433 7434 7435
f 7363 7362 7436
f 7383 7438 7439
f 7411 7440 7438
f 7441 7442 7443
f 7445 7446 7339
f 7374 7336 7339
f 7444 7365 7364
f 7448 7364 7450
f 7364 7367 7451
f 7451 7367 7377
f 7449 7450 7454
f 7455 7454 7450
f 7456 7455 7451
f 7410 7457 7458
f 7460 7461 7462
f 7423 7369 7462
f 7464 7465 7466
f 7468 7469 7347
f 7376 7366 7471
f 7425 7397 7396
f 7475 7476 7477
f 7478 7479 7480
f 7482 7483 7407
f 7484 7485 7351
f 7487 7405 7488
f 7490 7491 7492
f 7412 7415 7434
f 7494 7495 7434
f 7496 7388 7391
f 7440 7411 7498
f 7401 7400 7488
f 7485 7346 7345
f 7500 7502 7427
f 7395 7394 7469
f 7503 7504 7505
f 7507 7508 7509
f 7511 7512 7513
f 7511 7514 7515
f 7517 7518 7519
f 7521 7522 7523
f 7352 7524 7525
f 7415 7414 7527
f 7528 7529 7530
f 7404 7531 7502
f 7477 7388 7496
f 7512 7478 7481
f 7405 7404 7500
f 7533 7534 7535
f 7378 7507 7510
f 7532 7496 7379
f 7539 7540 7541
f 7524 7352 7355
f 7351 7485 7501
f 7414 7524 7523
f 7522 7543 7527
f 7544 7413 7412
f 7546 7416 7547
f 7526 7549 7353
f 7550 7521 7355
f 7521 7550 7551
f 7552 7546 7548
f 7546 7552 7553
f 7522 7521 7548
f 7418 7556 7520
f 7416 7546 7554
f 7457 7557 7558
f 7557 7559 7560
f 7562 7561 7563
f 7564 7563 7349
f 7351 7350 7565
f 7567 7568 7569
f 7570 7555 7520
f 7419 7418 7555
f 7572 7564 7348
f 7389 7476 7556
f 7573 7490 7493
f 7552 7535 7534
f 7562 7574 7536
f 7572 7575 7576
f 7422 7577 7578
f 7423 7579 7580
f 7579 7423 7463
f 7578 7574 7576
f 7583 7584 7381
f 7586 7579 7581
f 7533 7580 7579
f 7447 7339 7338
f 7588 7502 7531
f 7590 7428 7431
f 7321 7320 7592
f 7275 7581 7463
f 7461 7278 7276
f 7279 7278 7461
f 7453 7454 7593
f 7594 7593 7454
f 7330 7287 7498
f 7459 7458 7294
f 7558 7560 7595
f 7560 7592 7320
f 7275 7321 7585
f 7462 7276 7273
f 7596 7583 7380
f 7597 7598 7406
f 7467 7466 7599
f 7601 7602 7603
f 7605 7365 7444
f 7365 7605 7606
f 7607 7495 7494
f 7513 7481 7473
f 7396 7395 7514
f 7514 7395 7468
f 7470 7609 7515
f 7610 7611 7609
f 7612 7556 7476
f 7613 7530 7529
f 7442 7441 7615
f 7574 7578 7577
f 7619 7400 7399
f 7518 7479 7509
f 7491 7399 7425
f 7549 7620 7621
f 7491 7490 7622
f 7377 7438 7440
f 7379 7496 7497
f 7453 7461 7460
f 7411 7410 7459
f 7623 7624 7391
f 7625 7611 7610
f 7487 7407 7483
f 7619 7622 7408
f 7627 7628 7620
f 7538 7379 7378
f 7389 7388 7477
f 7629 7545 7412
f 7489 7408 7407
f 7628 7627 7598
f 7413 7525 7524
f 7592 7560 7559
f 7584 7631 7632
f 7569 7568 7633
f 7570 7508 7566
f 7631 7567 7566
f 7508 7570 7519
f 7614 7573 7480
f 7346 7610 7470
f 7572 7574 7562
f 7571 7633 7634
f 7346 7485 7484
f 7607 7591 7431
f 7585 7592 7630
f 7624 7596 7497
f 7635 7386 7384
f 7636 7427 7502
f 7323 7309 7310
f 7420 7578 7582
f 7637 7594 7455
f 7287 7286 7499
f 7458 7558 7295
f 7439 7376 7472
f 7599 7601 7604
f 7359 7358 7427
f 7436 7638 7639
f 7490 7573 7640
f 7481 7480 7493
f 7641 7506 7505
f 7642 7643 7627
f 7492 7425 7473
f 7517 7612 7625
f 7625 7484 7486
f 7634 7623 7390
f 7474 7477 7532
f 7448 7368 7441
f 7368 7448 7449
f 7615 7441 7368
f 7638 7603 7602
f 7575 7572 7501
f 7571 7555 7570
f 7400 7619 7489
f 7508 7507 7632
f 7503 7506 7540
f 6957 7125 7315
f 7376 7439 7438
f 7507 7378 7381
f 7499 7456 7452
f 7286 7637 7456
f 7504 7642 7644
f 7645 7598 7627
f 7647 7634 7633
f 7647 7648 7623
f 7649 7624 7623
f 7650 7596 7624
f 7646 7633 7568
f 7651 7568 7567
f 7653 7652 7567
f 7651 7654 7655
f 7656 7657 7658
f 7660 7658 7657
f 7663 7657 7656
f 7664 7665 7663
f 7667 7666 7663
f 7667 7662 7668
f 7663 7665 7661
f 7670 7671 7672
f 7661 7672 7671
f 7659 7668 7662
f 7648 7647 7668
f 7648 7659 7673
f 7659 7658 7674
f 7658 7660 7675
f 7668 7647 7646
f 7660 7671 7676
f 7675 7677 7678
f 7677 7675 7676
f 7677 7680 7681
f 7682 7683 7678
f 7677 7679 7684
f 7673 7674 7678
f 7683 7650 7649
f 7685 7676 7671
f 7667 7655 7686
f 7666 7686 7687
f 7654 7688 7686
f 7689 7687 7686
f 7664 7687 7691
f 7650 7692 7583
f 7693 7653 7631
f 7584 7583 7692
f 7693 7692 7682
f 7694 7682 7681
f 7694 7696 7653
f 7650 7683 7682
f 7696 7697 7652
f 7654 7651 7652
f 7688 7654 7697
f 7699 7698 7697
f 7700 7701 7698
f 7695 7699 7696
f 7699 7695 7702
f 7689 7688 7698
f 7689 7701 7703
f 7705 7706 7707
f 7701 7700 7705
f 7704 7703 7707
f 7685 7670 7691
f 7687 7689 7704
f 7680 7702 7695
f 7684 7706 7702
f 7702 7706 7705
f 7684 7679 7707
f 7676 7685 7707
f 7665 7669 7672
f 7670 7669 7690
f 7665 7664 7690
f 7611 7475 7474
f 7510 7509 7479
f 7511 7538 7537
f 7516 7532 7538
f 7517 7530 7613
f 7537 7510 7478
f 7611 7625 7612
f 7613 7480 7479
f 7556 7612 7517
f 7516 7515 7609
f 7708 7709 7710
f 7712 7713 7714
f 7713 7716 7717
f 7719 7720 7721
f 7722 7723 7597
f 7724 7712 7715
f 7726 7727 7728
f 7731 7640 7573
f 7730 7573 7614
f 7733 7734 7735
f 7721 7712 7724
f 7731 7722 7409
f 7708 7726 7729
f 7737 7724 7709
f 7716 7741 7736
f 7742 7743 7744
f 7740 7736 7735
f 7717 7716 7740
f 7716 7713 7720
f 7748 7749 7711
f 7750 7748 7710
f 7720 7719 7751
f 7734 7723 7728
f 7709 7724 7725
f 7752 7753 7715
f 7739 7709 7708
f 7720 7713 7712
f 7749 7754 7755
f 7745 7744 7756
f 7746 7727 7742
f 7743 7742 7755
f 7727 7746 7735
f 7747 7756 7757
f 7753 7750 7725
f 7751 7621 7620
f 7757 7752 7714
f 7718 7721 7737
f 7747 7740 7746
f 7727 7726 7755
f 7726 7708 7711
f 7759 7757 7756
f 7759 7760 7752
f 7760 7761 7753
f 7761 7762 7750
f 7758 7756 7744
f 7763 7744 7743
f 7754 7765 7764
f 7763 7766 7767
f 7768 7769 7770
f 7772 7768 7771
f 7775 7768 7772
f 7776 7777 7775
f 7779 7778 7775
f 7775 7777 7769
f 7770 7769 7781
f 7782 7774 7772
f 7760 7759 7782
f 7760 7773 7783
f 7773 7771 7784
f 7770 7785 7784
f 7779 7774 7782
f 7782 7759 7758
f 7785 7770 7780
f 7785 7787 7788
f 7787 7785 7786
f 7787 7790 7791
f 7792 7793 7788
f 7787 7789 7794
f 7793 7783 7784
f 7762 7761 7783
f 7796 7786 7780
f 7795 7780 7781
f 7779 7767 7798
f 7799 7776 7778
f 7766 7800 7798
f 7800 7801 7799
f 7802 7776 7799
f 7795 7797 7802
f 7762 7804 7748
f 7805 7765 7754
f 7749 7748 7804
f 7805 7804 7792
f 7806 7792 7791
f 7806 7808 7765
f 7793 7792 7804
f 7808 7809 7764
f 7766 7763 7764
f 7766 7809 7810
f 7811 7810 7809
f 7812 7813 7810
f 7807 7811 7808
f 7811 7807 7814
f 7813 7801 7800
f 7801 7813 7815
f 7817 7818 7819
f 7813 7812 7817
f 7816 7815 7819
f 7796 7795 7803
f 7799 7801 7816
f 7790 7814 7807
f 7794 7818 7814
f 7814 7818 7817
f 7794 7789 7819
f 7786 7796 7819
f 7777 7797 7781
f 7777 7776 7802
f 7528 7719 7718
f 7729 7728 7723
f 7738 7731 7730
f 7732 7737 7739
f 7733 7620 7628
f 7722 7731 7738
f 7621 7751 7719
f 7628 7597 7723
f 7733 7736 7741
f 7732 7614 7529
f 7486 7565 7621
f 7549 7565 7350
f 7353 7350 7349
f 7354 7349 7563
f 7821 7822 7823
f 7824 7825 7826
f 7825 7828 7829
f 7830 7831 7832
f 7834 7824 7827
f 7836 7837 7838
f 7840 7482 7406
f 7841 7406 7598
f 7843 7844 7845
f 7833 7824 7834
f 7848 7820 7836
f 7847 7834 7821
f 7828 7851 7846
f 7853 7854 7855
f 7850 7846 7845
f 7829 7828 7850
f 7828 7825 7832
f 7858 7859 7823
f 7860 7858 7822
f 7831 7861 7851
f 7844 7862 7838
f 7834 7835 7822
f 7863 7864 7827
f 7849 7821 7820
f 7825 7824 7833
f 7859 7865 7866
f 7855 7854 7867
f 7837 7852 7855
f 7865 7853 7852
f 7837 7856 7845
f 7857 7867 7868
f 7864 7860 7835
f 7843 7861 7642
f 7868 7863 7826
f 7830 7833 7847
f 7857 7850 7856
f 7837 7836 7866
f 7836 7820 7823
f 7870 7868 7867
f 7870 7871 7863
f 7871 7872 7864
f 7872 7873 7860
f 7869 7867 7854
f 7874 7854 7853
f 7876 7875 7853
f 7874 7877 7878
f 7879 7880 7881
f 7883 7879 7882
f 7886 7879 7883
f 7887 7888 7886
f 7890 7889 7886
f 7886 7888 7880
f 7891 7881 7880
f 7884 7893 7885
f 7871 7870 7893
f 7871 7884 7894
f 7884 7882 7895
f 7882 7881 7896
f 7890 7885 7893
f 7893 7870 7869
f 7881 7891 7897
f 7898 7899 7895
f 7900 7898 7896
f 7901 7902 7899
f 7904 7899 7902
f 7898 7900 7905
f 7894 7895 7899
f 7904 7873 7872
f 7907 7897 7891
f 7906 7891 7892
f 7890 7878 7909
f 7910 7887 7889
f 7877 7911 7909
f 7912 7910 7909
f 7887 7910 7914
f 7906 7908 7913
f 7873 7915 7858
f 7916 7876 7865
f 7859 7858 7915
f 7916 7915 7903
f 7917 7903 7902
f 7917 7919 7876
f 7873 7904 7903
f 7919 7920 7875
f 7877 7874 7875
f 7911 7877 7920
f 7922 7921 7920
f 7923 7924 7921
f 7918 7922 7919
f 7922 7918 7925
f 7924 7912 7911
f 7912 7924 7926
f 7928 7929 7930
f 7924 7923 7928
f 7927 7926 7930
f 7907 7906 7914
f 7910 7912 7927
f 7901 7925 7918
f 7905 7929 7925
f 7925 7929 7928
f 7905 7900 7930
f 7897 7907 7930
f 7888 7908 7892
f 7888 7887 7913
f 7645 7643 7831
f 7839 7838 7862
f 7841 7849 7848
f 7842 7847 7849
f 7504 7503 7844
f 7839 7931 7840
f 7643 7642 7861
f 7503 7539 7862
f 7846 7851 7861
f 7842 7598 7645
f 7932 7933 7934
f 7936 7937 7938
f 7937 7940 7941
f 7942 7943 7944
f 7947 7948 7949
f 7950 7936 7939
f 7953 7954 7955
f 7956 7957 7958
f 7956 7959 7540
f 7962 7963 7964
f 7936 7950 7965
f 7946 7949 7958
f 7966 7932 7952
f 7965 7950 7933
f 7968 7940 7969
f 7970 7971 7972
f 7974 7968 7964
f 7941 7940 7968
f 7940 7937 7944
f 7976 7977 7935
f 7978 7976 7934
f 7943 7979 7969
f 7947 7954 7963
f 7933 7950 7951
f 7980 7981 7939
f 7967 7933 7932
f 7937 7936 7945
f 7977 7982 7983
f 7973 7972 7984
f 7953 7970 7973
f 7982 7971 7970
f 7974 7963 7954
f 7975 7984 7985
f 7981 7978 7951
f 7961 7979 7544
f 7985 7980 7938
f 7942 7945 7965
f 7975 7968 7974
f 7952 7983 7970
f 7952 7932 7935
f 7987 7985 7984
f 7987 7988 7980
f 7988 7989 7981
f 7989 7990 7978
f 7986 7984 7972
f 7991 7972 7971
f 7993 7992 7971
f 7986 7991 7994
f 7997 7998 7999
f 8000 7996 7999
f 8003 7996 8000
f 8005 8003 8006
f 8007 8006 8003
f 7996 8003 8005
f 7998 7997 8009
f 8010 8002 8000
f 7988 7987 8010
f 7988 8001 8011
f 8011 8001 7999
f 7998 8013 8012
f 8007 8002 8010
f 8010 7987 7986
f 8013 7998 8008
f 8015 8016 8012
f 8017 8015 8013
f 8018 8019 8016
f 8021 8016 8019
f 8015 8017 8022
f 8011 8012 8016
f 8021 7990 7989
f 8023 8024 8014
f 8023 8008 8009
f 8007 7995 8026
f 8026 8027 8004
f 8028 8026 7995
f 8029 8027 8026
f 8030 8004 8027
f 8023 8025 8030
f 7990 8032 7976
f 8033 7993 7982
f 7976 8032 8033
f 8034 8033 8032
f 8035 8034 8020
f 8034 8036 7993
f 7990 8021 8020
f 8036 8037 7992
f 7991 7992 8037
f 7994 8037 8038
f 8039 8038 8037
f 8040 8041 8038
f 8035 8039 8036
f 8039 8035 8042
f 8041 8029 8028
f 8029 8041 8043
f 8045 8046 8047
f 8041 8040 8045
f 8044 8043 8047
f 8024 8023 8031
f 8027 8029 8044
f 8042 8035 8019
f 8022 8046 8042
f 8042 8046 8045
f 8017 8047 8046
f 8014 8024 8047
f 8005 8025 8009
f 8005 8004 8030
f 7506 7641 7943
f 7954 7947 7946
f 7967 7966 7957
f 7960 7965 7967
f 7948 7947 7962
f 7955 7946 7957
f 7641 7544 7979
f 7969 7979 7961
f 7960 7540 7506
f 7362 8049 8050
f 8052 7618 7464
f 8051 7464 7467
f 8054 8055 7600
f 8056 7361 7618
f 7436 8050 8057
f 8049 7362 7361
f 8057 8058 7603
f 8055 8053 7467
f 8058 8054 7604
f 8059 8060 8058
f 8060 8061 8054
f 8061 8062 8055
f 8062 8063 8053
f 8059 8057 8050
f 8064 8050 8049
f 8056 8066 8065
f 8059 8064 8067
f 8069 8070 8071
f 8073 8069 8072
f 8075 8069 8073
f 8077 8078 8075
f 8075 8079 8070
f 8079 8080 8081
f 8082 8071 8070
f 8083 8076 8073
f 8061 8060 8083
f 8061 8074 8084
f 8074 8072 8085
f 8072 8071 8086
f 8077 8076 8083
f 8083 8060 8059
f 8071 8082 8087
f 8088 8089 8085
f 8090 8088 8086
f 8091 8092 8089
f 8094 8089 8092
f 8088 8090 8095
f 8084 8085 8089
f 8094 8063 8062
f 8097 8087 8082
f 8096 8082 8081
f 8077 8068 8098
f 8099 8100 8078
f 8101 8098 8068
f 8102 8099 8098
f 8100 8099 8104
f 8096 8080 8103
f 8075 8078 8100
f 8079 8100 8103
f 8105 8051 8053
f 8066 8056 8052
f 8051 8105 8106
f 8107 8106 8105
f 8108 8107 8093
f 8107 8109 8066
f 8063 8094 8093
f 8109 8110 8065
f 8064 8065 8110
f 8067 8110 8111
f 8112 8111 8110
f 8113 8114 8111
f 8108 8112 8109
f 8112 8108 8115
f 8114 8102 8101
f 8102 8114 8116
f 8118 8119 8120
f 8114 8113 8118
f 8117 8116 8120
f 8097 8096 8104
f 8099 8102 8117
f 8091 8115 8108
f 8095 8119 8115
f 8115 8119 8118
f 8095 8090 8120
f 8087 8097 8120
f 7550 7563 7561
f 7552 7551 7561
f 7931 7862 7539
f 7640 7409 7408
f 7549 7526 7644
f 7525 7413 7544
f 7931 7542 7482
f 7483 7482 7542
f 7626 7402 7405
f 7629 7433 7432
f 7629 8121 7949
f 8122 7958 7949
f 8123 8122 8121
f 8124 8123 7432
f 7434 7495 8125
f 8125 7430 8124
f 8124 7430 7429
f 8123 8124 8126
f 8122 8123 8127
f 7541 7540 7959
f 7404 7403 8129
f 8125 7495 7431
f 7526 7525 7505
f 7626 7483 7541
f 7959 7958 8122
f 7961 7545 8048
f 7629 7948 8048
f 8127 7402 7626
f 7402 8127 8126
f 8129 7403 8126
f 7428 7531 8129
f 7589 7531 7428
f 7334 7392 7426
f 7335 7334 7357
f 7616 7615 7446
f 7392 7397 7398
f 7393 7394 7397
f 7342 7469 7394
f 7344 7347 7469
f 7343 7618 7361
f 7360 7345 7344
f 7363 7575 7345
f 7437 7576 7575
f 7582 7576 7437
f 7421 7582 7639
f 7375 7421 7602
f 7599 7337 7375
f 7465 7464 7618
f 7332 7447 7587
f 7447 7332 7335
f 7445 7335 7356
f 7359 7442 7616
f 7636 7443 7442
f 7588 7605 7443
f 7589 7606 7605
f 7590 7471 7606
f 7471 7590 7591
f 7446 7615 7371
f 7371 7370 7372
f 7422 7372 7370
f 7577 7422 7424
f 7536 7577 7580
f 7591 7607 7635
f 7607 7608 7386
f 7543 7608 7494
f 7547 7387 7543
f 7608 7543 7387
f 7387 7547 7416
f 7457 7410 7382
f 7557 7457 7417
f 7559 7557 7554
f 7630 7559 7553
f 7534 7533 7586
f 7466 7338 7337
f 7465 7587 7338
f 7617 7340 7587
f 7341 7340 7617
f 8130 6091 6090
f 6023 6022 8132
f 6182 6023 8133
f 6623 6622 6792
f 6787 6696 6182
f 8134 6700 6696
f 6917 6757 6756
f 6762 6761 7112
f 6762 6765 6184
f 6765 6623 6185
f 6650 6769 6768
f 6772 6771 6916
f 6777 6776 6789
f 6022 6777 6788
f 6756 6700 8134
f 6758 6757 6771
f 6761 6776 6775
f 6769 6622 6621
f 6772 6768 6767
f 6174 6173 6760
f 6187 6186 6178
f 6811 6649 6648
f 6786 6785 6724
f 6791 6790 6918
f 6186 6793 6179
f 6808 6807 8133
f 6884 6883 8135
f 6174 6187 6670
f 6807 6785 6784
f 6791 6808 8132
f 6786 6884 8134
f 6790 6173 6172
f 6649 6793 6792
f 6316 6315 8136
f 8137 6655 6654
f 8139 8140 6601
f 6656 6655 6580
f 6868 8141 8142
f 6316 6712 6711
f 6864 8143 8144
f 6864 6863 8145
f 6868 6867 6869
f 6656 6867 6866
f 8146 8147 8148
f 8139 8150 8151
f 8152 8153 6866
f 8154 8155 8138
f 6874 6873 8156
f 8158 6318 8159
f 8160 8152 6865
f 8161 6317 6313
f 6161 6600 8162
f 8164 8154 6654
f 8153 8164 6653
f 8165 8166 8167
f 8166 5989 8169
f 5989 5988 8170
f 5988 6017 8171
f 8172 8173 6043
f 8174 8175 6032
f 8174 6035 6098
f 8176 6098 6796
f 8177 6796 8178
f 7132 8178 6728
f 6589 6588 8180
f 8180 6588 6004
f 8181 6004 6007
f 6334 6079 6731
f 6079 6078 6645
f 6078 6085 6646
f 6085 8183 8184
f 6091 8130 8185
f 6086 6730 8183
f 6950 6949 7118
f 6952 6951 6992
f 6983 6982 6968
f 6987 6986 7004
f 7001 7000 6979
f 7001 7262 7074
f 7262 7264 7075
f 7264 6952 7127
f 7265 6951 6943
f 7265 7266 6991
f 7266 6950 7070
f 6949 7267 7119
f 7267 6982 6939
f 6983 6987 7099
f 7268 6986 6985
f 7000 7268 8186
f 6938 6937 6985
f 6946 6945 6922
f 6956 6955 6948
f 6971 6970 6928
f 6970 6955 6954
f 6973 6946 6921
f 6977 6976 7263
f 6981 6980 7061
f 6973 7067 7117
f 7097 6980 6979
f 7104 6971 6927
f 6977 6981 7060
f 6976 6945 6944
f 6956 7067 7066
f 6937 7097 8186
f 6938 7104 7101
f 6924 6923 7116
f 6926 6924 7297
f 6930 6929 6962
f 6934 6933 6953
f 6960 6959 6936
f 6963 6929 6928
f 6967 6966 6975
f 7063 7062 7327
f 6959 7065 7096
f 6926 6934 7066
f 7102 6930 7304
f 6967 7063 7331
f 6966 6923 6922
f 7062 7065 7064
f 6963 6933 6932
f 7102 6960 6935
f 7299 7298 7269
f 7301 7300 6932
f 7306 7305 7285
f 7308 7305 6962
f 7315 7306 7284
f 7317 7316 7312
f 7319 7316 6964
f 7322 7298 7297
f 7317 7322 7116
f 7308 7300 7303
f 7326 7325 6958
f 7329 7328 7291
f 7328 7325 7324
f 7301 7299 8187
f 7319 7329 7290
f 7326 7315 7309
f 7272 7271 7321
f 7272 7274 8187
f 7274 7277 7302
f 7281 7280 7307
f 7283 7282 7593
f 7289 7288 7324
f 7293 7292 7330
f 7293 7296 7318
f 7310 7283 7594
f 7314 7313 7595
f 7282 7280 7279
f 7278 7281 7277
f 7314 7271 7270
f 7313 7296 7295
f 7288 7292 7291
f 7289 7310 7637
f 6003 6002 6626
f 6003 6138 7165
f 6690 8188 8189
f 6686 6685 5981
f 6685 6687 6096
f 6687 6688 6806
f 6002 6686 5980
f 6606 8188 5351
f 7164 7173 8190
f 8192 7175 7174
f 6015 6014 8153
f 6189 6188 8155
f 8157 8156 6284
f 6332 6015 8152
f 6593 6592 6317
f 6658 6189 8154
f 6014 6658 8164
f 6332 8194 7131
f 6805 8159 6321
f 6146 8163 8162
f 6607 7128 8195
f 8196 6126 6125
f 8198 7169 7168
f 8199 7168 6633
f 7177 6632 8201
f 8202 8203 8204
f 7208 7186 7185
f 7237 7230 7186
f 6819 6824 7230
f 6818 6821 6824
f 8206 6883 6821
f 8207 6917 8135
f 6917 8207 8209
f 8209 8210 7259
f 8210 8211 6647
f 6812 6648 8212
f 6809 6812 7258
f 6809 7257 8213
f 6113 8213 8214
f 7235 7223 6110
f 7223 7235 7234
f 6147 7234 8215
f 6148 8215 8216
f 8218 6155 6158
f 8219 6285 6116
f 6284 6188 6116
f 6188 6284 8156
f 8155 8156 6873
f 8138 6873 6872
f 8137 6872 8148
f 6193 8147 6281
f 6190 6281 6278
f 8220 8221 8222
f 8224 8225 7139
f 6223 6222 8226
f 6237 6236 8228
f 6238 6223 8227
f 6249 6248 8231
f 6253 6252 8233
f 6236 6279 8221
f 6331 6238 8230
f 6252 6595 8236
f 6222 6237 8229
f 6828 6827 8237
f 6280 8239 8240
f 8208 8135 6883
f 6648 6647 8211
f 6143 6624 8242
f 6624 7189 8244
f 8245 8246 8247
f 8249 8250 8251
f 7195 8253 8254
f 7214 8255 8253
f 8256 8255 7214
f 7243 7211 8257
f 7210 8258 8257
f 8259 7181 6102
f 8261 6122 6121
f 8178 7132 8263
f 7132 6797 8264
f 6797 6135 8265
f 6135 6134 8266
f 6134 6151 8267
f 6151 6154 8268
f 6154 8269 8270
f 8269 8271 8272
f 7194 7193 8273
f 7193 8250 8275
f 8249 8259 8260
f 8248 8277 8278
f 6129 6128 8279
f 7169 8198 8197
f 8198 8190 8192
f 7171 6141 7175
f 6589 6801 7129
f 6801 6037 6040
f 6037 6036 6041
f 6036 6131 6659
f 6131 6156 6118
f 6156 6155 6119
f 8218 8219 6119
f 8219 8218 6815
f 7191 7189 6641
f 8246 8244 7189
f 8245 8278 8281
f 8280 8279 6288
f 6125 6124 7170
f 6288 6127 6602
f 6126 8196 6604
f 8196 8193 6605
f 7174 6140 6691
f 6691 6140 6139
f 7171 7166 8283
f 7172 8283 8284
f 6139 6142 8284
f 8285 8286 8287
f 8211 8210 8289
f 8290 8291 8292
f 8293 8294 8291
f 8293 8207 8208
f 8296 8297 8298
f 6818 6817 8296
f 8285 7256 7258
f 7243 8299 7212
f 7243 6739 8300
f 8301 8300 6739
f 8302 8256 7213
f 8303 8302 7247
f 8304 8303 6168
f 6738 8298 8297
f 8288 8287 6167
f 8304 8292 8291
f 8305 8291 8294
f 6737 6736 8306
f 6736 7244 8307
f 8243 8242 8308
f 8242 8244 8282
f 8247 8246 7191
f 7196 8254 8251
f 8253 8310 8311
f 8255 8312 8310
f 8313 8312 8255
f 7244 8257 8313
f 8313 8257 8258
f 8312 8258 8314
f 8315 8311 8310
f 8311 8315 8316
f 8282 8281 8317
f 8308 8317 8261
f 8309 8261 8262
f 8248 8247 8275
f 8282 8244 8246
f 8307 8313 8256
f 8306 8307 8302
f 8305 8306 8303
f 8298 6738 6737
f 8287 8292 8304
f 7253 8319 7199
f 8319 8320 6028
f 8320 8321 6029
f 8321 8322 7184
f 8322 8203 7185
f 8203 8202 7205
f 8202 7240 7206
f 7239 7245 7210
f 7251 7227 8319
f 7227 7217 8320
f 7217 7216 8321
f 7216 7236 8322
f 7236 8204 8203
f 6175 8199 8200
f 7165 7164 8191
f 6137 8283 7166
f 6200 6199 8283
f 6199 6206 8284
f 8284 6206 6205
f 6205 6608 6689
f 6689 6608 5485
f 7009 7008 8323
f 7013 7012 7021
f 7017 7016 7029
f 7013 7059 7110
f 7073 7072 7084
f 7081 7080 7093
f 7082 7017 7028
f 7088 7072 6995
f 7088 7115 7057
f 7122 7121 7043
f 7124 7123 7024
f 7082 7025 7024
f 7009 7122 7042
f 7012 7124 7126
f 7115 7016 7015
f 7008 7059 7058
f 7081 7121 7120
f 7073 7080 7079
f 6997 6996 7076
f 7023 7022 6942
f 7027 7026 7069
f 7031 7030 6989
f 7079 7078 7033
f 7037 7036 7107
f 7027 7040 7126
f 7041 7030 7029
f 7026 7031 6988
f 7100 7023 6941
f 7108 7036 7002
f 7100 7037 8323
f 6997 7041 7114
f 7022 7040 7039
f 7111 7034 7033
f 7035 7261 7260
f 7261 7076 6996
f 7108 7255 7120
f 7245 8314 8258
f 7246 8315 8314
f 7181 8259 8316
f 8277 6101 6129
f 8278 6129 8280
f 6287 8317 8281
f 6122 8261 8317
f 5487 6145 6144
f 5489 6159 6162
f 6637 8324 8325
f 8326 8325 8225
f 5494 7139 8225
f 6160 6159 8150
f 5496 8324 8151
f 8163 8327 6162
f 6146 6145 8327
f 8243 8328 6144
f 8328 8243 8309
f 8318 8262 5501
f 8262 6121 5502
f 8329 8330 8331
f 8333 8334 8335
f 8338 8182 6007
f 8329 8334 8339
f 8341 6334 6734
f 6006 8342 8337
f 8342 6006 6804
f 6065 6064 8339
f 5995 5994 8341
f 6918 6172 6166
f 7221 6163 6166
f 6172 6171 6880
f 8344 5952 5955
f 5519 5976 5975
f 6806 8345 8346
f 6646 8184 8347
f 8165 8348 8349
f 6322 8350 8131
f 8345 6806 6688
f 6695 8346 5975
f 5976 5519 5528
f 5529 8130 8131
f 6643 8347 8352
f 8183 5533 5532
f 5534 8185 8130
f 6730 5535 5533
f 8351 6688 6093
f 5535 6730 6594
f 8353 8354 6652
f 8354 8353 8355
f 8357 8358 6825
f 8359 8357 6202
f 6224 8354 8356
f 6275 8361 8362
f 6201 6210 7143
f 7146 8363 8359
f 8357 8359 8363
f 8355 8365 8366
f 8361 8360 8368
f 8356 8355 8367
f 8370 8371 8372
f 8220 8373 7145
f 6275 6274 6228
f 5558 4067 6228
f 8375 8369 8367
f 8362 8368 8376
f 8378 8379 8380
f 8363 7146 8382
f 8384 8378 8381
f 8382 8373 8386
f 8383 8387 8364
f 6226 6225 6231
f 6231 6225 8361
f 6636 8388 8389
f 6635 8390 8388
f 8390 6635 5576
f 8379 8378 6232
f 8378 8384 6233
f 8384 8391 8371
f 8372 8392 8393
f 7138 8240 8239
f 8224 8239 8394
f 8146 6638 8394
f 6638 6637 8326
f 6340 6339 6299
f 6747 6338 6577
f 6344 6343 6346
f 6342 6341 6355
f 6353 6352 6349
f 6337 6351 6369
f 6360 6359 6328
f 6358 6357 6386
f 6364 6363 6293
f 6362 6361 6376
f 6366 6353 6297
f 6350 6365 6372
f 6533 6342 6303
f 6534 6536 6346
f 6744 6746 6533
f 6536 6534 6747
f 6357 6835 6894
f 6341 6834 6832
f 6839 6838 6292
f 6837 6836 6380
f 6838 6841 6354
f 6361 6840 6377
f 6363 6366 6296
f 6365 6362 6373
f 6359 6839 6291
f 6836 6358 6385
f 6481 6480 6902
f 6484 6483 6501
f 6477 6488 6487
f 6849 6467 6492
f 6494 6492 6467
f 6547 6481 6544
f 6750 6751 6546
f 6494 6466 6751
f 6843 6484 6500
f 6845 6573 6575
f 6489 6488 6847
f 6474 6487 6491
f 6483 6905 6906
f 6493 6463 6465
f 6471 6470 6544
f 6472 6482 6485
f 6476 6475 6461
f 6470 6451 6542
f 6570 6567 6569
f 6495 6567 6463
f 6475 6465 6462
f 6572 6848 6477
f 6574 6571 6457
f 6569 6568 6543
f 6575 6574 6473
f 6471 6904 6901
f 6469 6468 6508
f 6498 6497 6479
f 6503 6502 6518
f 6489 6506 6505
f 6467 6849 6509
f 6546 6548 6498
f 6549 6548 6752
f 6752 6751 6466
f 6503 6850 6846
f 6850 6851 6844
f 6507 6506 6852
f 6486 6505 6509
f 6502 6907 6909
f 6858 6893 6664
f 8396 8397 6611
f 6833 8398 6324
f 8399 6826 6825
f 6831 6830 8401
f 6707 6833 6826
f 8398 8403 6890
f 6858 6857 8404
f 8405 8396 6610
f 6830 6893 6553
f 8397 6892 6911
f 8400 6825 8358
f 8358 8357 8364
f 8406 8364 8387
f 8389 8408 8380
f 8389 8388 8409
f 8388 8390 8410
f 5575 5597 8410
f 6665 6273 8411
f 8412 8413 6720
f 8413 5602 5601
f 8411 8414 8413
f 6262 6742 6290
f 5602 8413 8414
f 7141 7140 7142
f 8393 8222 8241
f 8227 8226 7147
f 8229 8228 8374
f 8230 8227 7151
f 8232 8231 8415
f 8234 8233 8417
f 8221 8220 8374
f 8235 8230 7153
f 8233 8236 8420
f 8226 8229 7148
f 8238 8237 8421
f 7141 8393 8240
f 6581 6580 6655
f 6640 6639 8140
f 6710 6709 8141
f 6717 6716 6712
f 6860 6859 8143
f 6870 6869 6867
f 6717 8136 6726
f 6870 6580 6192
f 6860 8145 6050
f 6710 6869 6025
f 6639 8149 6871
f 6640 8151 8324
f 6581 8148 8147
f 5615 5614 6234
f 7144 7148 8374
f 7144 7143 6210
f 7150 7149 6210
f 7152 7150 6209
f 7152 7154 8419
f 7154 7155 8421
f 7158 7157 8415
f 7160 7159 8420
f 7162 7161 8418
f 7161 4321 5616
f 8370 6234 6233
f 8373 8382 7146
f 8392 8391 8386
f 8391 8392 8372
f 5617 8344 6713
f 5973 5618 3355
f 8345 5620 5619
f 3880 6735 6910
f 8351 5622 5620
f 8346 5619 5520
f 5621 6910 6911
f 5622 8351 8185
f 8150 5624 5497
f 8423 8424 8425
f 8427 6516 6519
f 8429 8430 8431
f 6523 8432 8433
f 8434 8435 8436
f 8438 8435 8434
f 8438 8440 6511
f 8441 8442 8424
f 8427 8443 8430
f 8444 8428 8445
f 8447 8425 8424
f 8449 8443 8444
f 8451 8431 8430
f 8453 8437 8454
f 8456 8434 8437
f 8439 8434 8456
f 8448 8424 8442
f 8452 8430 8443
f 8425 8447 8459
f 8460 8461 8462
f 8464 8465 8466
f 8468 8469 8470
f 8472 8473 8474
f 8476 8477 8478
f 8480 8481 8482
f 8484 8485 8486
f 8485 8488 8489
f 8490 8491 8481
f 8492 8493 8494
f 8495 8494 8496
f 8498 8499 8500
f 8502 8501 8500
f 8504 8505 8506
f 8508 8509 8510
f 8513 8508 8511
f 8507 8506 8514
f 8516 8517 8518
f 8520 8517 8516
f 8522 8523 8524
f 8526 8527 8522
f 8528 8529 8530
f 8532 8530 8529
f 8534 8535 8536
f 8538 8539 8534
f 8464 8482 8481
f 8483 8540 8541
f 8542 8485 8484
f 8487 8543 8540
f 8488 8485 8542
f 8545 8546 8486
f 8481 8491 8466
f 8547 8545 8489
f 8548 8494 8493
f 8549 8550 8502
f 8551 8496 8494
f 8497 8541 8552
f 8469 8500 8499
f 8547 8541 8497
f 8469 8468 8503
f 8501 8502 8550
f 8460 8504 8507
f 8552 8553 8506
f 8554 8511 8510
f 8549 8552 8505
f 8554 8555 8512
f 8513 8556 8550
f 8461 8507 8515
f 8557 8556 8513
f 8558 8516 8519
f 8559 8560 8527
f 8521 8516 8558
f 8553 8562 8517
f 8477 8525 8524
f 8520 8523 8557
f 8476 8526 8525
f 8527 8560 8556
f 8563 8529 8528
f 8564 8539 8531
f 8533 8529 8563
f 8562 8567 8530
f 8473 8537 8536
f 8559 8562 8532
f 8472 8538 8537
f 8560 8534 8539
f 8463 8462 8555
f 8544 8542 8467
f 8470 8551 8548
f 8475 8474 8566
f 8479 8478 8561
f 8484 8487 8483
f 8490 8489 8488
f 8503 8493 8492
f 8498 8497 8496
f 8504 8510 8509
f 8515 8514 8513
f 8519 8518 8527
f 8521 8524 8523
f 8528 8531 8539
f 8533 8536 8535
f 8467 8484 8482
f 8487 8486 8546
f 8544 8466 8491
f 8480 8541 8547
f 8493 8503 8468
f 8495 8552 8549
f 8551 8470 8499
f 8501 8545 8547
f 8460 8463 8510
f 8508 8550 8549
f 8555 8462 8515
f 8506 8553 8557
f 8519 8526 8476
f 8517 8562 8559
f 8561 8478 8524
f 8522 8556 8557
f 8475 8528 8538
f 8567 8565 8531
f 8566 8474 8536
f 8560 8559 8535
f 8442 8441 8568
f 6512 8570 8568
f 8570 8440 8571
f 8426 6515 6514
f 8428 8444 8443
f 6522 8429 8432
f 8437 8436 8433
f 6524 8436 8435
f 6528 6527 8435
f 8423 6514 6550
f 8429 6522 6516
f 6515 8426 8445
f 8441 6550 6754
f 8570 8572 8569
f 8440 8570 6512
f 8569 8573 8458
f 8574 8575 8572
f 8572 8575 8573
f 8453 8576 8577
f 8576 8453 8455
f 8452 8579 8580
f 8573 8581 8582
f 8575 8583 8581
f 8584 8583 8575
f 8571 8439 8457
f 8439 8571 8440
f 8585 8586 8587
f 8587 8589 8590
f 8589 8591 8592
f 8591 8593 8594
f 8593 8595 8596
f 8595 8597 8598
f 8599 8600 8586
f 8601 8602 8600
f 8603 8604 8602
f 8605 8606 8598
f 8607 8608 8604
f 8609 8610 8608
f 8611 8612 8610
f 8606 8605 8612
f 8613 8614 8589
f 8614 8615 8591
f 8615 8616 8593
f 8616 8617 8595
f 8617 8618 8597
f 8619 8620 8617
f 8620 8621 8618
f 8620 8622 8623
f 8624 8625 8626
f 8626 8623 8622
f 8620 8619 8628
f 8622 8628 8629
f 8627 8629 8630
f 8632 8633 8634
f 8636 8634 8633
f 8637 8638 8636
f 8639 8633 8632
f 8633 8639 8641
f 8635 8641 8642
f 8642 8643 8644
f 8645 8638 8637
f 8586 8646 8613
f 8600 8647 8646
f 8616 8615 8648
f 8615 8614 8649
f 8613 8650 8649
f 8651 8650 8613
f 8647 8652 8651
f 8652 8653 8654
f 8602 8655 8647
f 8655 8656 8652
f 8656 8657 8653
f 8653 8658 8659
f 8658 8660 8661
f 8644 8662 8663
f 8664 8661 8662
f 8661 8664 8666
f 8666 8667 8654
f 8667 8650 8651
f 8668 8605 8597
f 8669 8668 8618
f 8670 8669 8621
f 8671 8670 8623
f 8671 8626 8625
f 8625 8631 8673
f 8636 8674 8675
f 8638 8676 8674
f 8645 8677 8676
f 8645 8663 8678
f 8679 8680 8660
f 8657 8679 8658
f 8583 8584 8648
f 8650 8581 8583
f 8667 8582 8581
f 8666 8681 8582
f 8664 8682 8681
f 8682 8664 8665
f 8684 8685 8643
f 8684 8642 8641
f 8639 8580 8579
f 8580 8639 8640
f 8629 8577 8576
f 8604 8686 8655
f 8608 8687 8686
f 8610 8688 8687
f 8612 8689 8688
f 8605 8668 8689
f 8690 8689 8668
f 8691 8688 8689
f 8692 8687 8688
f 8693 8686 8687
f 8656 8655 8686
f 8694 8690 8669
f 8695 8691 8690
f 8696 8692 8691
f 8697 8693 8692
f 8657 8656 8693
f 8697 8698 8679
f 8696 8699 8698
f 8696 8695 8700
f 8694 8701 8700
f 8670 8671 8701
f 8702 8701 8671
f 8701 8702 8703
f 8703 8704 8699
f 8699 8704 8705
f 8698 8705 8680
f 8672 8673 8706
f 8675 8674 8707
f 8674 8676 8709
f 8709 8676 8677
f 8677 8678 8711
f 8712 8713 8710
f 8702 8706 8714
f 8713 8712 8714
f 8707 8709 8716
f 8717 8716 8713
f 8710 8713 8716
f 8708 8707 8717
f 8546 8601 8599
f 8546 8545 8603
f 8550 8607 8603
f 8556 8609 8607
f 8560 8611 8609
f 8564 8606 8611
f 8565 8598 8606
f 8565 8567 8596
f 8567 8562 8594
f 8562 8553 8592
f 8553 8552 8590
f 8590 8552 8541
f 8540 8585 8588
f 8543 8599 8585
f 8684 8449 8450
f 8579 8452 8449
f 8682 8447 8448
f 8447 8682 8683
f 8681 8448 8458
f 8584 8718 8619
f 8628 8718 8577
f 8457 8456 8577
f 8574 8457 8718
f 7134 6920 6919
f 6164 6163 6919
f 5485 6608 6609
f 3832 5351 8188
f 5921 6609 6221
f 5922 4281 7128
f 6439 8719 8720
f 8720 8719 6570
f 6570 8719 8721
f 6439 6447 8721
f 6727 6058 6057
f 6312 6057 6073
f 6828 6248 6073
f 6877 6268 6267
f 6745 6267 6299
f 6891 6306 6305
f 6338 6747 6746
f 6438 6411 6410
f 6412 6411 6440
f 6564 6421 6424
f 6842 6578 6577
f 6889 6305 6829
f 6579 6578 6564
f 6435 6410 6565
f 8722 6857 6306
f 8723 6859 6058
f 6269 6268 6878
f 7160 7157 6829
f 8724 8144 8143
f 8238 8231 6248
f 6339 6746 6744
f 8395 6577 6338
f 6879 6878 8404
f 8422 8415 8231
f 8725 8143 6859
f 8416 8415 7157
f 6059 6050 6049
f 6330 6099 6049
f 7156 6260 6259
f 6269 6265 6264
f 6297 6349 6264
f 6340 6352 6351
f 6368 6842 8395
f 6422 6414 6559
f 6436 6403 6404
f 6447 6439 6438
f 6424 6423 6436
f 6331 6827 6099
f 6422 6421 6842
f 8722 8403 6856
f 8141 6863 6862
f 6265 6855 6617
f 6324 6890 6259
f 7158 7155 6260
f 6709 8145 6863
f 8235 8237 6827
f 6298 6349 6352
f 6370 6369 6351
f 6891 6890 8403
f 8419 8421 8237
f 6051 6050 8145
f 8422 8421 7155
f 8721 6447 6446
f 6748 6440 8720
f 8727 6008 6011
f 8158 6009 8144
f 6009 6008 6861
f 6008 8727 6862
f 8142 6862 8727
f 6554 6553 6893
f 6833 6707 6708
f 6708 6856 8403
f 5623 6911 6892
f 8406 8366 8365
f 8407 8375 8366
f 8377 8376 8408
f 8397 8396 6530
f 6651 8399 8400
f 8402 8401 6616
f 6618 6707 8399
f 6554 8404 6878
f 8396 8405 6854
f 8401 6553 6552
f 6892 8397 6529
f 8353 8400 8365
f 8377 8409 6276
f 8409 8410 6277
f 8410 5597 5932
f 8726 8404 6857
f 8726 6856 6855
f 7234 6107 6106
f 8279 6124 6127
f 8354 6224 6227
f 6246 6245 6619
f 8239 6280 6282
f 8162 6283 6286
f 6292 6354 6246
f 6382 6378 6377
f 6392 6397 6396
f 6396 6395 6427
f 6398 6397 6443
f 6459 6443 6458
f 6525 6520 6523
f 6558 6272 6271
f 6429 6428 6560
f 6460 6458 6572
f 6272 6558 3736
f 7128 6603 6602
f 6227 6245 6244
f 7180 6631 6634
f 6642 6286 6285
f 6356 6741 6740
f 6816 6815 8218
f 6820 8300 8301
f 6355 6832 6741
f 6344 6835 6834
f 6364 6841 6840
f 6375 6378 6560
f 6848 6847 6488
f 6853 6852 6506
f 6530 6854 6740
f 8140 6871 6874
f 6555 6271 6831
f 8215 6106 6881
f 6348 6895 6894
f 6383 6895 6896
f 6433 6897 6896
f 6432 6897 6898
f 6406 6899 6898
f 6900 6455 6387
f 6900 6449 6448
f 6472 6904 6903
f 6480 6905 6903
f 6497 6907 6906
f 6908 6519 6518
f 4280 5933 6120
f 6100 7167 7170
f 6632 6631 7188
f 7235 8214 7201
f 7206 7209 7212
f 8213 7257 7232
f 8214 8213 7231
f 6108 6107 7200
f 7238 8299 8300
f 7207 7212 8299
f 8205 7241 7240
f 6170 6169 7232
f 6638 8146 8149
f 6601 6874 8157
f 6600 8157 6283
f 8392 8223 8222
f 6278 6280 8241
f 6816 8272 8274
f 6642 6815 6814
f 6128 7170 6124
f 8195 6602 6127
f 8212 8211 8286
f 8292 8287 8286
f 8290 8289 8210
f 8207 8293 8290
f 8294 8293 8295
f 8206 8296 8295
f 6817 8301 8297
f 8288 6170 7256
f 7209 7206 7240
f 6225 6224 8360
f 8369 8368 8360
f 8375 8376 8368
f 8381 8380 8387
f 8385 8381 8383
f 8385 8386 8391
f 8147 8146 6282
f 6345 6894 6835
f 6327 6832 6834
f 6295 6354 6841
f 6379 6377 6840
f 6853 6847 6845
f 6479 6906 6905
f 6848 6572 6571
f 6452 6901 6904
f 6525 6852 6851
f 6496 6909 6907
f 8402 8405 6876
f 8408 8407 8387
f 6279 8241 8222
f 6872 6871 8149
f 8223 8386 8373
f 6526 8433 8436
f 8446 8445 8426
f 8455 8454 8431
f 8446 8459 8450
f 8454 8433 8432
f 6908 8445 8428
f 8578 8455 8451
f 8632 8631 8625
f 8640 8632 8624
f 8660 8663 8662
f 8662 8644 8643
f 8675 8673 8631
f 8680 8678 8663
f 8683 8665 8643
f 8578 8640 8630
f 8673 8675 8708
f 8678 8680 8705
f 8711 8705 8704
f 8706 8708 8715
f 8703 8714 8712
f 8459 8683 8685
f 8407 8408 8376
f 6615 6854 8405
f 5993 6080 6335
f 6060 6682 6018
f 5993 6047 6081
f 6105 6104 6176
f 6177 6104 6000
f 6309 6311 6310
f 8725 6315 6314
f 8724 6314 6318
f 6321 6320 6053
f 6249 6595 6310
f 6596 6254 6257
f 8188 6606 6605
f 5986 6683 6682
f 6714 6726 6311
f 6047 6320 6086
f 6875 6596 6304
f 6001 6105 6912
f 7162 7159 6597
f 7254 7163 6912
f 6684 6683 7163
f 8723 8136 6315
f 6592 8159 6318
f 8332 8331 8171
f 6607 6606 5350
f 8191 8190 8198
f 8197 8192 8193
f 8159 6592 6319
f 8232 8236 6595
f 8192 8190 7173
f 8189 6605 8193
f 6177 8191 8199
f 6733 8331 8330
f 8340 8341 8330
f 8341 5994 6335
f 8412 6721 6875
f 8414 8411 6273
f 8416 8420 8236
f 6727 6726 8136
f 8417 8420 7159
f 6277 5932 5558
f 5935 5576 6635
f 5991 5990 6061
f 6019 6018 6682
f 5999 6034 6033
f 6045 6044 6677
f 6055 6054 6083
f 5995 6064 6063
f 6084 6054 6053
f 6088 5990 5989
f 6063 6084 6046
f 6066 6097 6034
f 6103 6102 7181
f 6673 6676 6133
f 6149 6148 6153
f 6323 6088 8166
f 6585 6584 6083
f 6630 6629 6702
f 6634 6633 7168
f 6676 6149 6152
f 6703 6629 6628
f 6796 6729 6728
f 6069 6729 6097
f 6132 6798 6674
f 6803 6799 6800
f 6011 6010 6055
f 6799 6803 6582
f 7194 8271 6881
f 7131 6584 6583
f 6798 7133 6913
f 7179 7178 8204
f 7183 7182 7246
f 7188 7183 7242
f 6109 7196 7192
f 7204 6630 6176
f 7219 7218 6628
f 7218 7228 7248
f 7179 7219 6627
f 7250 7254 6704
f 7228 7252 7249
f 6678 7250 7249
f 5997 7252 7251
f 8168 8167 6644
f 8167 8169 6732
f 8169 8170 6733
f 8170 8171 8331
f 8336 8335 8173
f 8182 8338 8175
f 8182 8174 8176
f 8181 8176 8177
f 8180 8177 8179
f 7133 6728 6590
f 7130 7131 8194
f 8200 6633 6632
f 7178 8201 8205
f 8269 6154 6153
f 8254 8311 8252
f 8260 6102 6101
f 8179 8263 6802
f 8263 8264 6038
f 8264 8265 6039
f 8265 8266 6130
f 8266 8267 6157
f 8267 8268 6158
f 8268 8270 8217
f 8270 8272 6816
f 6813 8274 8273
f 8273 8275 8247
f 8276 8260 8277
f 7192 8251 8250
f 8252 8316 8259
f 8276 8275 8250
f 7204 8200 7177
f 7182 8316 8315
f 8343 8339 8334
f 8333 8337 8342
f 8343 8342 6800
f 8340 8339 6064
f 6323 8349 8350
f 8168 8352 8348
f 8349 5937 5936
f 8352 5939 5938
f 6103 6634 7167
f 8271 8269 8216
f 8201 7188 7241
f 8274 8272 8271
f 5991 6018 6017
f 8728 8171 6017
f 5997 5996 6680
f 5996 6033 6045
f 6033 6032 6042
f 6042 6032 8175
f 8172 8175 8338
f 8336 8338 8337
f 6684 6678 6677
f 6681 6677 6044
f 6019 6044 6043
f 6016 6043 8173
f 8728 8173 8335
f 8332 8335 8334
f 8194 6332 8160
f 6805 6010 6009
f 5940 5941 7137
f 8324 5496 5942
f 8325 5942 5495
f 6253 5943 4292
f 7137 5941 5944
f 8348 5938 5937
f 8350 5936 5530
f 5624 8150 6159
f 6718 4293 5940
f 8327 5945 5490
f 8347 5946 5939
f 5933 5502 6121
f 8184 5532 5946
f 7142 4298 5615
f 6145 5487 5945
f 8234 5947 5943
f 8328 5948 5488
f 8318 5500 5948
f 7139 5494 4299
f 8418 5616 5947
f 5604 8414 6599
f 5949 3853 6712
f 5944 5949 6716
f 6720 5601 5950
f 6255 5950 4322
f 5614 5935 6235
f 6711 3852 5951
f 8161 5951 3857
f 5973 5964 2965
f 2965 5964 5963
f 222 5963 5960
f 223 5960 5958
f 5958 5957 3185
f 5957 5970 2977
f 5970 5967 1213
f 5967 5966 1214
f 2532 1214 5966
f 2894 2532 5953
f 2871 2894 5952
f 5510 5722 5721
f 5822 5825 5824
f 3511 3512 3844
f 3887 3892 3889
f 3876 3879 3878
f 3356 3357 3911
f 3372 3373 3390
f 3849 3854 3851
f 3481 3478 3867
f 3873 3874 3385
f 3875 3375 3450
f 3915 3794 3865
f 3657 3670 3671
f 5618 5973 3013
f 1997 1996 1889
f 1237 745 744
f 1535 1534 120
f 1531 1532 201
f 1119 1241 1032
f 946 948 824
f 163 8 5
f 9041 9178 9175
f 1155 1156 1162
f 427 213 327
f 553 1902 796
f 8732 2232 2231
f 8732 3178 2230
f 2237 3183 3180
f 8734 8735 8736
f 8735 8737 8738
f 8737 8739 8740
f 8739 8741 8742
f 8743 8744 8745
f 8746 8745 8747
f 8749 8750 8748
f 8751 8752 8750
f 8754 8755 8756
f 8757 8758 8755
f 8759 8760 8758
f 8761 8762 8760
f 8763 8764 8762
f 8766 8751 8749
f 8765 8749 8747
f 8767 8747 8745
f 8768 8745 8744
f 8744 8770 8771
f 8770 8741 8772
f 8741 8739 8773
f 8739 8737 8774
f 8737 8735 8775
f 8735 8734 8776
f 8776 8734 8777
f 2904 8778 8779
f 8780 8778 2904
f 8781 8780 2902
f 2875 8782 8781
f 8783 8784 2733
f 2825 8785 8786
f 8788 8789 8790
f 8792 8788 8787
f 2724 2723 8785
f 8787 8790 3115
f 8791 8787 3117
f 8794 8766 8765
f 8793 8765 8767
f 8795 8767 8768
f 8796 8768 8769
f 8797 8769 8771
f 8771 8772 8799
f 8772 8773 8800
f 8773 8774 8801
f 8774 8775 8802
f 8775 8776 8803
f 8776 3184 3056
f 8802 8803 2253
f 8801 8802 2252
f 8800 8801 1727
f 8799 8800 2150
f 8804 8798 8799
f 8805 8797 8798
f 8806 8796 8797
f 8807 8795 8796
f 8793 8795 8807
f 8794 8793 8808
f 8810 8811 8809
f 8808 8807 8806
f 8810 8806 8805
f 8813 8811 8810
f 8812 8805 8804
f 8815 8813 8812
f 8814 8804 1941
f 8755 8750 8752
f 8758 8748 8750
f 8760 8746 8748
f 8762 8743 8746
f 8816 8817 8764
f 8818 8819 8820
f 8816 8763 8782
f 8821 8818 8817
f 8789 8821 8783
f 8818 8821 8789
f 8819 8818 8788
f 8822 8820 8819
f 8823 8819 8792
f 8824 8792 8791
f 2712 8791 3119
f 8826 8822 8823
f 8825 8823 8824
f 8827 8824 2712
f 8828 8827 2711
f 8829 8825 8827
f 8830 8826 8825
f 8743 8762 8764
f 8817 8820 8831
f 8770 8744 8743
f 8741 8770 8831
f 8820 8822 8742
f 8740 8742 8822
f 8738 8740 8826
f 8736 8738 8830
f 8833 8828 2400
f 8834 8829 8828
f 8832 8830 8829
f 8835 8833 2402
f 3058 8835 2707
f 3061 8836 8835
f 8836 8834 8833
f 8733 8736 8832
f 8837 8832 8834
f 8777 8734 8733
f 8838 8733 8837
f 8837 8836 3061
f 1961 3057 8838
f 3057 3184 8777
f 8779 8754 8753
f 8778 8757 8754
f 8780 8759 8757
f 8781 8761 8759
f 8782 8763 8761
f 8821 8816 8784
f 8785 8790 8789
f 2723 3115 8790
f 2875 2733 8784
f 2736 2824 8786
f 2947 8779 8839
f 8815 8814 1360
f 1900 1925 1924
f 1736 1717 1718
f 1955 1952 1943
f 1671 1738 1735
f 1696 1750 1698
f 1800 1865 1864
f 2063 2055 2056
f 1737 1734 1717
f 1751 1735 1697
f 943 9337 9351
f 9108 8839 8753
f 1577 1578 1764
f 9369 1598 1599
f 1945 146 82
f 68 6 7
f 147 1542 1543
f 1109 1135 1133
f 1503 1910 1907
f 1499 1501 1909
f 452 1922 735
f 1824 2068 9287
f 1825 2067 2068
f 1463 1462 1022
f 841 1012 1009
f 1568 1547 1955
f 1910 1503 1502
f 1939 1502 422
f 309 280 1940
f 1804 1851 1866
f 269 1482 1954
f 2065 1607 2060
f 9264 1685 1758
f 280 276 552
f 1875 1873 1869
f 1739 1721 1734
f 5923 5897 5899
f 1778 1779 1790
f 310 1920 1915
f 1909 1908 1906
f 1789 1783 1778
f 978 981 980
f 1584 1759 1731
f 425 426 311
f 148 1543 115
f 2044 9349 9346
f 277 1910 1939
f 1943 1946 1945
f 1461 1462 1463
f 2253 8803 3056
f 2981 2254 8927
f 2209 2998 8927
f 2254 2253 3055
f 2998 926 958
f 2826 2817 2721
f 8928 2739 2721
f 2816 8929 8928
f 2334 2297 2296
f 2298 2297 2334
f 2301 2298 2336
f 2311 2301 2338
f 2312 2311 2354
f 2359 2358 2361
f 2335 2296 2359
f 2414 2413 2365
f 2413 2270 2361
f 2355 2352 2540
f 2541 2540 2539
f 2722 2721 2739
f 3114 2722 2738
f 3110 3112 3121
f 3108 3110 3120
f 3122 1754 3127
f 3112 3122 3126
f 3127 1754 1753
f 3139 3133 2529
f 9196 9227 3133
f 8928 2789 2740
f 8929 2790 2789
f 228 229 91
f 245 244 243
f 248 7 247
f 2 297 296
f 145 146 300
f 327 213 210
f 329 332 331
f 239 241 240
f 373 376 375
f 178 177 176
f 1218 1225 1228
f 9314 1231 1295
f 808 809 824
f 9310 9311 1013
f 9265 9262 1411
f 2154 2149 2159
f 9297 9287 1758
f 306 807 1922
f 2157 2153 1976
f 708 709 2031
f 1450 1226 1227
f 1672 1604 1605
f 1813 1814 1821
f 1717 1716 1715
f 176 159 402
f 1710 1705 9368
f 1712 1580 1577
f 1705 1713 1711
f 3435 3476 3475
f 971 978 979
f 822 823 1094
f 2909 2810 2793
f 2810 2769 2795
f 2799 2910 2249
f 9114 9095 2910
f 2769 2768 2801
f 3177 3176 3178
f 3178 8732 3180
f 3181 1394 1393
f 3181 1633 1632
f 3182 1632 2244
f 3183 2244 2243
f 8932 2791 2790
f 2808 8932 8929
f 2239 9018 9016
f 1149 1150 9015
f 1150 2009 9011
f 2202 9013 9010
f 2921 9008 9009
f 9012 9004 2133
f 1777 1579 1759
f 1201 1196 1183
f 9005 8998 2195
f 8997 9020 2770
f 9379 9377 1687
f 1516 152 154
f 8993 9006 2974
f 8994 8992 2779
f 2771 2772 9019
f 3070 2771 8990
f 8991 8988 2775
f 1376 1375 1370
f 2767 8987 9000
f 2195 8998 8987
f 2775 8988 8986
f 8344 5617 8989
f 9256 9254 8983
f 2776 8986 8982
f 2240 9016 8979
f 2920 8979 9121
f 8992 8978 2786
f 1805 1850 1851
f 8978 8976 2787
f 2951 2773 8984
f 2772 2951 8975
f 2973 2224 8974
f 2224 2223 8981
f 1957 1953 320
f 306 305 304
f 2770 9020 8972
f 2913 8972 9018
f 2923 9009 8971
f 308 1940 431
f 207 208 132
f 1879 1876 1881
f 9185 9239 8969
f 2475 3070 9002
f 2476 2475 8968
f 2223 2476 8967
f 8966 8993 2803
f 2037 9007 11
f 1959 1958 450
f 2003 8999 8964
f 9 10 334
f 2009 2008 8962
f 2008 2973 8980
f 9329 672 673
f 8959 8994 2778
f 2935 8958 8957
f 111 1149 9014
f 3238 3342 3341
f 8954 8958 2935
f 683 9328 9337
f 8952 9001 2810
f 736 733 732
f 1795 1804 1803
f 8949 8954 2938
f 8951 8949 2939
f 2950 8956 8948
f 2940 2949 8948
f 9253 9243 8956
f 2868 8953 8946
f 2869 8946 8966
f 1024 1034 1023
f 8944 8947 2948
f 551 1939 442
f 2972 8943 9012
f 2032 8977 8943
f 216 93 1924
f 3532 3534 3482
f 203 202 201
f 3539 3542 3541
f 1828 1848 1847
f 1958 1957 449
f 272 271 178
f 2871 8989 8939
f 9071 9121 9008
f 2801 2768 9095
f 2005 9210 9106
f 960 886 899
f 9109 9107 9064
f 9232 9240 9098
f 3151 9098 9045
f 2193 9056 9075
f 9059 9055 3145
f 9055 9101 2761
f 9044 9059 3144
f 2926 9110 9086
f 9086 9044 3104
f 9207 9206 9198
f 566 567 9210
f 8839 9108 1864
f 1602 1586 2079
f 2868 9110 9063
f 2922 9063 9062
f 2923 9062 9070
f 9122 9065 2918
f 9071 9122 9066
f 2921 9070 9122
f 2920 9066 9038
f 9065 9094 2915
f 2917 2766 9074
f 2916 2917 9093
f 2239 9039 9104
f 2911 9092 9104
f 9095 9092 2911
f 2797 2801 9114
f 2797 9043 9050
f 9074 9080 2763
f 9060 9080 2764
f 2194 9075 9100
f 2221 9100 9101
f 2756 9060 9061
f 2750 9050 9061
f 9121 8979 1817
f 9215 9222 1691
f 2515 9073 9042
f 2548 9042 9045
f 2513 2489 9084
f 2513 9068 9073
f 2509 9085 9072
f 2510 9084 9085
f 2289 9072 9091
f 2283 9091 9069
f 2240 9038 9039
f 9111 9109 9076
f 716 2121 9339
f 727 1999 9213
f 2165 2171 2170
f 9112 9111 9078
f 9195 9033 9030
f 2175 2172 769
f 2100 500 2095
f 9210 567 9209
f 640 9004 9012
f 1653 9020 8997
f 1895 8980 8974
f 746 8974 8981
f 1653 1810 8972
f 9214 1603 1604
f 2093 2075 2073
f 959 996 995
f 962 899 919
f 1400 1401 1398
f 1000 817 1127
f 956 959 884
f 1662 8992 8994
f 2034 9002 8990
f 9378 1689 8983
f 8979 9016 766
f 9016 9018 765
f 334 9014 9015
f 1868 8975 8984
f 1684 1651 1652
f 1682 1683 775
f 1585 1603 9214
f 9215 9214 1672
f 2173 2174 490
f 1658 8988 8991
f 9000 8987 1650
f 1571 9206 2010
f 1587 9116 9123
f 2099 2095 2077
f 787 9213 1999
f 2000 9146 786
f 3155 339 9149
f 9165 3155 9135
f 2180 2179 9137
f 8940 2180 9136
f 1684 9298 9292
f 1760 464 8939
f 2607 9141 9145
f 2581 9128 9141
f 2371 2502 9152
f 2371 9147 9145
f 2587 9128 9127
f 2586 9127 9149
f 2497 9143 9139
f 2502 2503 9139
f 2494 9143 9142
f 9142 9140 2472
f 9140 9153 2468
f 9153 9155 2469
f 726 9360 9344
f 581 9011 8962
f 10 8955 9014
f 1837 8958 8954
f 741 8981 8967
f 1299 8968 9002
f 1851 8951 8948
f 8971 9009 1820
f 580 8962 8980
f 1758 1685 8966
f 1693 9001 8952
f 8948 8956 1867
f 1894 1826 9012
f 2126 1418 9265
f 9358 2126 9293
f 2113 9363 9319
f 2179 9165 9241
f 624 9355 9356
f 2192 9056 9240
f 2177 8985 9239
f 1364 9276 9285
f 9310 9307 1470
f 3135 1753 9227
f 2069 9264 9287
f 1351 9313 9305
f 2108 9334 9353
f 2089 2092 9188
f 9280 9286 1358
f 2001 9201 9235
f 2187 9235 9171
f 2130 9208 9204
f 2004 9204 9201
f 2014 9176 9231
f 2201 9231 9208
f 3167 9172 9211
f 3168 9176 9172
f 3159 9161 9216
f 3160 9216 9217
f 9182 9159 3158
f 3158 9159 9161
f 2200 3069 9182
f 9137 9241 9194
f 9174 9226 2197
f 9242 9188 2092
f 9226 9242 9173
f 3154 9158 9242
f 3155 9165 9158
f 2091 9171 9173
f 2196 3148 9202
f 2193 2196 9228
f 9056 2193 9233
f 2086 2192 9232
f 2087 2086 9230
f 2204 9194 9203
f 2205 9203 9202
f 9361 9338 574
f 2124 2087 9229
f 2208 2124 9212
f 9163 9237 3140
f 9237 9197 3138
f 9197 9196 3139
f 9223 9164 3136
f 9164 9163 3137
f 9227 9219 3131
f 9219 9234 3132
f 1813 9291 9290
f 1293 9306 9308
f 2184 2321 9200
f 2181 2184 9184
f 9217 9220 3079
f 9220 9186 3080
f 709 9325 9327
f 2774 2961 9189
f 9238 9221 2134
f 9261 9260 766
f 2968 9236 9218
f 2969 9211 9236
f 2958 9199 9189
f 2132 9199 9218
f 2321 2185 9223
f 9312 9300 1449
f 9357 9326 582
f 9338 9341 577
f 9299 9278 1818
f 705 9354 9339
f 9268 9364 9359
f 2111 9335 9363
f 9262 9281 1366
f 1812 9291 9274
f 675 9303 9304
f 8940 9157 9303
f 2110 9319 9320
f 2104 9348 9353
f 2109 9320 9351
f 9294 9283 703
f 1680 9263 9298
f 1639 1627 9271
f 623 9356 9358
f 2139 2140 9318
f 1808 1640 9296
f 9272 9273 1819
f 9324 9366 9352
f 1646 9284 9282
f 9341 9342 633
f 2139 9317 9327
f 2156 2155 9323
f 674 9304 9365
f 2117 9269 9264
f 1815 9274 9299
f 9307 9301 1444
f 697 9358 9364
f 866 842 9288
f 9316 9321 2136
f 9037 9183 9178
f 9035 9192 9183
f 9205 9198 9190
f 9192 9035 9033
f 1088 9190 9198
f 9191 9192 9195
f 2791 8932 8933
f 8932 2808 2807
f 2792 8933 8934
f 8933 2807 2806
f 8952 2909 8934
f 8960 8934 2806
f 2948 8947 9243
f 2105 9360 9348
f 8982 9254 9256
f 680 9330 9328
f 1891 1890 9362
f 2905 9251 9253
f 2900 9249 9251
f 2901 9249 9259
f 2734 2878 9258
f 2877 9259 9258
f 2820 9252 9246
f 2818 9248 9244
f 2823 9245 9244
f 2822 9245 9250
f 2819 2735 9252
f 2817 9248 9247
f 2809 9257 9247
f 2808 9257 9255
f 2805 9256 9255
f 1702 9373 9375
f 9374 9372 1797
f 9367 9368 1706
f 9370 9379 1692
f 1657 9350 9332
f 1890 1877 9347
f 9224 9222 1674
f 1689 1690 9224
f 9378 9254 8982
f 8960 8983 1689
f 9369 9375 1703
f 1598 9369 9380
f 9332 9336 1876
f 1691 1690 9377
f 9377 9378 1688
f 9386 9385 9389
f 9386 9390 9391
f 9384 9388 9389
f 9390 9394 9395
f 9389 9388 9392
f 9389 9393 9394
f 9394 9398 9399
f 9393 9392 9396
f 9394 9393 9397
f 9399 9398 9402
f 9396 9400 9401
f 9397 9401 9402
f 9402 9406 9407
f 9401 9400 9404
f 9402 9401 9405
f 9407 9406 9410
f 9405 9404 9408
f 9405 9409 9410
f 9411 9410 9414
f 9409 9408 9412
f 9410 9409 9413
f 9414 9418 9419
f 9412 9416 9417
f 9413 9417 9418
f 9418 9422 9423
f 9417 9416 9420
f 9418 9417 9421
f 9422 9426 9427
f 9420 9424 9425
f 9421 9425 9426
f 9426 9430 9431
f 9425 9424 9428
f 9426 9425 9429
f 9431 9430 9434
f 9428 9432 9433
f 9429 9433 9434
f 9434 9438 9439
f 9433 9432 9436
f 9434 9433 9437
f 9439 9438 9442
f 9436 9440 9441
f 9437 9441 9442
f 9443 9442 9446
f 9441 9440 9444
f 9442 9441 9445
f 9447 9446 9450
f 9444 9448 9449
f 9445 9449 9450
f 9450 9454 9455
f 9449 9448 9452
f 9450 9449 9453
f 9454 9458 9459
f 9452 9456 9457
f 9453 9457 9458
f 9458 9462 9463
f 9457 9456 9460
f 9458 9457 9461
f 9463 9462 9466
f 9460 9464 9465
f 9461 9465 9466
f 9466 9470 9471
f 9465 9464 9468
f 9466 9465 9469
f 9471 9470 9474
f 9468 9472 9473
f 9469 9473 9474
f 9475 9474 9478
f 9473 9472 9476
f 9474 9473 9477
f 9479 9478 9482
f 9476 9480 9481
f 9477 9481 9482
f 9483 9482 9486
f 9481 9480 9484
f 9482 9481 9485
f 9486 9490 9491
f 9484 9488 9489
f 9485 9489 9490
f 9490 9494 9495
f 9489 9488 9492
f 9490 9489 9493
f 9495 9494 9498
f 9492 9496 9497
f 9493 9497 9498
f 9498 9502 9503
f 9497 9496 9500
f 9498 9497 9501
f 9503 9502 9507
f 9500 9505 9506
f 9501 9506 9507
f 9508 9507 9511
f 9505 9509 9510
f 9507 9506 9510
f 9512 9511 9386
f 9510 9509 9384
f 9510 9385 9386
f 9521 9520 9533
f 9518 9531 9532
f 9517 9516 9529
f 9515 9514 9527
f 9523 9536 9537
f 9521 9534 9535
f 9519 9532 9533
f 9518 9517 9530
f 9515 9528 9529
f 9513 9526 9527
f 9524 9537 9538
f 9523 9522 9535
f 9528 9541 9542
f 9526 9539 9540
f 9538 9537 9550
f 9535 9548 9549
f 9534 9533 9546
f 9531 9544 9545
f 9530 9529 9542
f 9528 9527 9540
f 9537 9536 9549
f 9534 9547 9548
f 9532 9545 9546
f 9531 9530 9543
f 9541 9554 9555
f 9540 9539 9552
f 9550 9563 9564
f 9548 9561 9562
f 9547 9546 9559
f 9544 9557 9558
f 9542 9555 9556
f 9541 9540 9553
f 9549 9562 9563
f 9547 9560 9561
f 9546 9545 9558
f 9544 9543 9556
f 9555 9554 9567
f 9552 9565 9566
f 9564 9563 9576
f 9562 9561 9574
f 9559 9572 9573
f 9557 9570 9571
f 9555 9568 9569
f 9553 9566 9567
f 9562 9575 9576
f 9561 9560 9573
f 9559 9558 9571
f 9557 9556 9569
f 9567 9580 9581
f 9566 9565 9578
f 9576 9589 9590
f 9575 9574 9587
f 9572 9585 9586
f 9571 9570 9583
f 9569 9568 9581
f 9566 9579 9580
f 9576 9575 9588
f 9574 9573 9586
f 9571 9584 9585
f 9569 9582 9583
f 9581 9580 9593
f 9578 9591 9592
f 9590 9589 9602
f 9588 9587 9600
f 9585 9598 9599
f 9583 9596 9597
f 9582 9581 9594
f 9579 9592 9593
f 9589 9588 9601
f 9587 9586 9599
f 9584 9597 9598
f 9583 9582 9595
f 9594 9593 9606
f 9592 9591 9604
f 9602 9615 9616
f 9601 9600 9613
f 9598 9611 9612
f 9596 9609 9610
f 9594 9607 9608
f 9592 9605 9606
f 9601 9614 9615
f 9600 9599 9612
f 9598 9597 9610
f 9596 9595 9608
f 9607 9606 9619
f 9605 9604 9617
f 9615 9628 9629
f 9613 9626 9627
f 9611 9624 9625
f 9610 9609 9622
f 9607 9620 9621
f 9605 9618 9619
f 9615 9614 9627
f 9613 9612 9625
f 9611 9610 9623
f 9608 9621 9622
f 9619 9632 9633
f 9617 9630 9631
f 9628 9641 9642
f 9627 9626 9639
f 9625 9624 9637
f 9622 9635 9636
f 9621 9620 9633
f 9619 9618 9631
f 9627 9640 9641
f 9625 9638 9639
f 9623 9636 9637
f 9622 9621 9634
f 9632 9645 9646
f 9630 9643 9644
f 9642 9641 9654
f 9639 9652 9653
f 9638 9637 9650
f 9635 9648 9649
f 9634 9633 9646
f 9632 9631 9644
f 9641 9640 9653
f 9638 9651 9652
f 9636 9649 9650
f 9635 9634 9647
f 9645 9658 9659
f 9644 9643 9656
f 9654 9667 9668
f 9652 9665 9666
f 9651 9650 9663
f 9648 9661 9662
f 9646 9659 9660
f 9645 9644 9657
f 9653 9666 9667
f 9651 9664 9665
f 9650 9649 9662
f 9648 9647 9660
f 9659 9658 9671
f 9656 9669 9670
f 9668 9667 9680
f 9665 9678 9679
f 9663 9676 9677
f 9661 9674 9675
f 9659 9672 9673
f 9657 9670 9671
f 9666 9679 9680
f 9665 9664 9677
f 9663 9662 9675
f 9661 9660 9673
f 9671 9684 9685
f 9670 9669 9682
f 9680 9693 9694
f 9678 9691 9692
f 9677 9676 9689
f 9675 9674 9687
f 9673 9672 9685
f 9670 9683 9684
f 9680 9679 9692
f 9678 9677 9690
f 9675 9688 9689
f 9673 9686 9687
f 9685 9684 9697
f 9682 9695 9696
f 9694 9693 9706
f 9692 9691 9704
f 9689 9702 9703
f 9687 9700 9701
f 9686 9685 9698
f 9683 9696 9697
f 9693 9692 9705
f 9691 9690 9703
f 9688 9701 9702
f 9687 9686 9699
f 9698 9697 9710
f 9696 9695 9708
f 9706 9719 9720
f 9705 9704 9717
f 9702 9715 9716
f 9700 9713 9714
f 9698 9711 9712
f 9696 9709 9710
f 9705 9718 9719
f 9704 9703 9716
f 9702 9701 9714
f 9700 9699 9712
f 9711 9710 9723
f 9709 9708 9721
f 9719 9732 9733
f 9717 9730 9731
f 9715 9728 9729
f 9714 9713 9726
f 9711 9724 9725
f 9709 9722 9723
f 9718 9731 9732
f 9717 9716 9729
f 9715 9714 9727
f 9712 9725 9726
f 9723 9736 9737
f 9721 9734 9735
f 9733 9732 9745
f 9731 9730 9743
f 9729 9728 9741
f 9726 9739 9740
f 9725 9724 9737
f 9723 9722 9735
f 9732 9731 9744
f 9729 9742 9743
f 9727 9740 9741
f 9726 9725 9738
f 9736 9749 9750
f 9734 9747 9748
f 9746 9745 9758
f 9743 9756 9757
f 9742 9741 9754
f 9739 9752 9753
f 9738 9737 9750
f 9736 9735 9748
f 9745 9744 9757
f 9742 9755 9756
f 9740 9753 9754
f 9739 9738 9751
f 9749 9762 9763
f 9748 9747 9760
f 9758 9771 9772
f 9756 9769 9770
f 9755 9754 9767
f 9752 9765 9766
f 9750 9763 9764
f 9749 9748 9761
f 9757 9770 9771
f 9756 9755 9768
f 9754 9753 9766
f 9752 9751 9764
f 9762 9775 9776
f 9760 9773 9774
f 9772 9771 9784
f 9770 9769 9782
f 9768 9767 9780
f 9765 9778 9779
f 9763 9776 9777
f 9762 9761 9774
f 9770 9783 9784
f 9768 9781 9782
f 9767 9766 9779
f 9764 9777 9778
f 9775 9788 9789
f 9774 9773 9786
f 9784 9797 9798
f 9782 9795 9796
f 9781 9780 9793
f 9779 9778 9791
f 9777 9776 9789
f 9774 9787 9788
f 9784 9783 9796
f 9782 9781 9794
f 9779 9792 9793
f 9777 9790 9791
f 9789 9788 9802
f 9786 9800 9801
f 9798 9797 9811
f 9796 9795 9809
f 9793 9807 9808
f 9792 9791 9805
f 9790 9789 9803
f 9787 9801 9802
f 9797 9796 9810
f 9795 9794 9808
f 9792 9806 9807
f 9790 9804 9805
f 9803 9802 9815
f 9801 9800 9813
f 9811 9824 9825
f 9810 9809 9822
f 9807 9820 9821
f 9806 9805 9818
f 9803 9816 9817
f 9801 9814 9815
f 9810 9823 9824
f 9809 9808 9821
f 9807 9806 9819
f 9804 9817 9818
f 9816 9815 9828
f 9814 9813 9826
f 9825 9824 9837
f 9822 9835 9836
f 9820 9833 9834
f 9819 9818 9831
f 9816 9829 9830
f 9814 9827 9828
f 9824 9823 9836
f 9822 9821 9834
f 9820 9819 9832
f 9817 9830 9831
f 9828 9841 9842
f 9826 9839 9840
f 9837 9850 9851
f 9836 9835 9848
f 9834 9833 9846
f 9831 9844 9845
f 9830 9829 9842
f 9828 9827 9840
f 9836 9849 9850
f 9834 9847 9848
f 9832 9845 9846
f 9831 9830 9843
f 9841 9854 9855
f 9839 9852 9853
f 9851 9850 9863
f 9848 9861 9862
f 9847 9846 9859
f 9845 9844 9857
f 9843 9842 9855
f 9841 9840 9853
f 9850 9849 9862
f 9847 9860 9861
f 9845 9858 9859
f 9843 9856 9857
f 9854 9867 9868
f 9853 9852 9865
f 9863 9876 9877
f 9861 9874 9875
f 9860 9859 9872
f 9858 9857 9870
f 9855 9868 9869
f 9854 9853 9866
f 9862 9875 9876
f 9860 9873 9874
f 9859 9858 9871
f 9856 9869 9870
f 9868 9867 9880
f 9865 9878 9879
f 9877 9876 9889
f 9875 9874 9887
f 9873 9872 9885
f 9870 9883 9884
f 9868 9881 9882
f 9867 9866 9879
f 9875 9888 9889
f 9873 9886 9887
f 9872 9871 9884
f 9870 9869 9882
f 9880 9893 9894
f 9878 9891 9892
f 9889 9902 9903
f 9887 9900 9901
f 9886 9885 9898
f 9884 9883 9896
f 9882 9881 9894
f 9879 9892 9893
f 9889 9888 9901
f 9887 9886 9899
f 9884 9897 9898
f 9882 9895 9896
f 9894 9893 9906
f 9891 9904 9905
f 9903 9902 9915
f 9901 9900 9913
f 9898 9911 9912
f 9896 9909 9910
f 9895 9894 9907
f 9892 9905 9906
f 9902 9901 9914
f 9899 9912 9913
f 9897 9910 9911
f 9896 9895 9908
f 9907 9906 9919
f 9905 9904 9917
f 9915 9928 9929
f 9914 9913 9926
f 9911 9924 9925
f 9909 9922 9923
f 9907 9920 9921
f 9905 9918 9919
f 9914 9927 9928
f 9913 9912 9925
f 9911 9910 9923
f 9909 9908 9921
f 9920 9919 9515
f 9918 9917 9513
f 9929 9928 9524
f 9926 9522 9523
f 9924 9520 9521
f 9923 9922 9518
f 9920 9516 9517
f 9918 9514 9515
f 9928 9927 9523
f 9926 9925 9521
f 9924 9923 9519
f 9921 9517 9518
f 9387 9513 9917
f 9917 9904 9508
f 9904 9891 9503
f 9891 9878 9499
f 9499 9878 9865
f 9495 9865 9852
f 9491 9852 9839
f 9839 9826 9483
f 9483 9826 9813
f 9813 9800 9475
f 9800 9786 9471
f 9786 9773 9467
f 9467 9773 9760
f 9463 9760 9747
f 9459 9747 9734
f 9734 9721 9451
f 9451 9721 9708
f 9708 9695 9443
f 9695 9682 9439
f 9682 9669 9435
f 9435 9669 9656
f 9431 9656 9643
f 9427 9643 9630
f 9630 9617 9419
f 9419 9617 9604
f 9604 9591 9411
f 9591 9578 9407
f 9578 9565 9403
f 9403 9565 9552
f 9399 9552 9539
f 9395 9539 9526
f 9526 9513 9387
f 9932 9931 9935
f 9932 9936 9937
f 9931 9930 9934
f 9936 9940 9941
f 9934 9938 9939
f 9935 9939 9940
f 9940 9944 9945
f 9939 9938 9942
f 9940 9939 9943
f 9945 9944 9948
f 9942 9946 9947
f 9943 9947 9948
f 9948 9952 9953
f 9947 9946 9950
f 9948 9947 9951
f 9953 9952 9956
f 9950 9954 9955
f 9951 9955 9956
f 9957 9956 9960
f 9955 9954 9958
f 9956 9955 9959
f 9961 9960 9964
f 9958 9962 9963
f 9959 9963 9964
f 9965 9964 9968
f 9963 9962 9966
f 9964 9963 9967
f 9968 9972 9973
f 9966 9970 9971
f 9967 9971 9972
f 9972 9976 9977
f 9970 9974 9975
f 9972 9971 9975
f 9977 9976 9980
f 9974 9978 9979
f 9975 9979 9980
f 9980 9984 9985
f 9979 9978 9982
f 9980 9979 9983
f 9985 9984 9988
f 9982 9986 9987
f 9983 9987 9988
f 9989 9988 9992
f 9986 9990 9991
f 9988 9987 9991
f 9993 9992 9996
f 9991 9990 9994
f 9991 9995 9996
f 9996 10000 10001
f 9994 9998 9999
f 9996 9995 9999
f 10000 10004 10005
f 9999 9998 10002
f 9999 10003 10004
f 10004 10008 10009
f 10003 10002 10006
f 10004 10003 10007
f 10009 10008 10012
f 10006 10010 10011
f 10007 10011 10012
f 10012 10016 10017
f 10011 10010 10014
f 10012 10011 10015
f 10017 10016 10020
f 10014 10018 10019
f 10015 10019 10020
f 10021 10020 10024
f 10019 10018 10022
f 10020 10019 10023
f 10024 10028 10029
f 10022 10026 10027
f 10023 10027 10028
f 10028 10032 10033
f 10027 10026 10030
f 10028 10027 10031
f 10032 10036 10037
f 10030 10034 10035
f 10031 10035 10036
f 10036 10040 10041
f 10035 10034 10038
f 10036 10035 10039
f 10041 10040 10044
f 10038 10042 10043
f 10039 10043 10044
f 10044 10048 10049
f 10043 10042 10046
f 10044 10043 10047
f 10049 10048 10053
f 10046 10051 10052
f 10047 10052 10053
f 10054 10053 10057
f 10052 10051 10055
f 10053 10052 10056
f 10058 10057 9932
f 10055 9930 9931
f 10056 9931 9932
f 10067 10066 10079
f 10064 10077 10078
f 10063 10062 10075
f 10061 10060 10073
f 10070 10069 10082
f 10067 10080 10081
f 10065 10078 10079
f 10064 10063 10076
f 10061 10074 10075
f 10059 10072 10073
f 10071 10070 10083
f 10069 10068 10081
f 10074 10087 10088
f 10072 10085 10086
f 10084 10083 10096
f 10081 10094 10095
f 10080 10079 10092
f 10078 10077 10090
f 10076 10075 10088
f 10074 10073 10086
f 10083 10082 10095
f 10080 10093 10094
f 10078 10091 10092
f 10076 10089 10090
f 10087 10100 10101
f 10086 10085 10098
f 10096 10109 10110
f 10094 10107 10108
f 10093 10092 10105
f 10091 10090 10103
f 10088 10101 10102
f 10087 10086 10099
f 10095 10108 10109
f 10094 10093 10106
f 10092 10091 10104
f 10089 10102 10103
f 10100 10113 10114
f 10098 10111 10112
f 10110 10109 10122
f 10108 10107 10120
f 10105 10118 10119
f 10103 10116 10117
f 10101 10114 10115
f 10100 10099 10112
f 10108 10121 10122
f 10106 10119 10120
f 10105 10104 10117
f 10103 10102 10115
f 10113 10126 10127
f 10112 10111 10124
f 10122 10135 10136
f 10120 10133 10134
f 10119 10118 10131
f 10117 10116 10129
f 10115 10114 10127
f 10113 10112 10125
f 10122 10121 10134
f 10119 10132 10133
f 10117 10130 10131
f 10115 10128 10129
f 10127 10126 10139
f 10124 10137 10138
f 10136 10135 10148
f 10134 10133 10146
f 10131 10144 10145
f 10130 10129 10142
f 10128 10127 10140
f 10125 10138 10139
f 10135 10134 10147
f 10133 10132 10145
f 10130 10143 10144
f 10128 10141 10142
f 10140 10139 10152
f 10138 10137 10150
f 10148 10161 10162
f 10147 10146 10159
f 10144 10157 10158
f 10143 10142 10155
f 10140 10153 10154
f 10138 10151 10152
f 10147 10160 10161
f 10146 10145 10158
f 10144 10143 10156
f 10141 10154 10155
f 10153 10152 10165
f 10151 10150 10163
f 10162 10161 10174
f 10159 10172 10173
f 10157 10170 10171
f 10156 10155 10168
f 10153 10166 10167
f 10151 10164 10165
f 10161 10160 10173
f 10159 10158 10171
f 10157 10156 10169
f 10154 10167 10168
f 10165 10178 10179
f 10163 10176 10177
f 10175 10174 10187
f 10173 10172 10185
f 10171 10170 10183
f 10168 10181 10182
f 10167 10166 10179
f 10165 10164 10177
f 10173 10186 10187
f 10171 10184 10185
f 10169 10182 10183
f 10168 10167 10180
f 10178 10191 10192
f 10176 10189 10190
f 10188 10187 10200
f 10185 10198 10199
f 10184 10183 10196
f 10182 10181 10194
f 10180 10179 10192
f 10178 10177 10190
f 10187 10186 10199
f 10184 10197 10198
f 10182 10195 10196
f 10180 10193 10194
f 10191 10204 10205
f 10190 10189 10202
f 10200 10213 10214
f 10198 10211 10212
f 10197 10196 10209
f 10195 10194 10207
f 10192 10205 10206
f 10191 10190 10203
f 10199 10212 10213
f 10197 10210 10211
f 10196 10195 10208
f 10193 10206 10207
f 10205 10204 10217
f 10202 10215 10216
f 10214 10213 10226
f 10211 10224 10225
f 10210 10209 10222
f 10207 10220 10221
f 10205 10218 10219
f 10204 10203 10216
f 10212 10225 10226
f 10210 10223 10224
f 10209 10208 10221
f 10207 10206 10219
f 10217 10230 10231
f 10216 10215 10228
f 10226 10239 10240
f 10224 10237 10238
f 10223 10222 10235
f 10221 10220 10233
f 10219 10218 10231
f 10217 10216 10229
f 10226 10225 10238
f 10223 10236 10237
f 10221 10234 10235
f 10219 10232 10233
f 10231 10230 10243
f 10228 10241 10242
f 10240 10239 10252
f 10238 10237 10250
f 10235 10248 10249
f 10234 10233 10246
f 10232 10231 10244
f 10229 10242 10243
f 10239 10238 10251
f 10237 10236 10249
f 10234 10247 10248
f 10232 10245 10246
f 10244 10243 10256
f 10242 10241 10254
f 10252 10265 10266
f 10251 10250 10263
f 10248 10261 10262
f 10247 10246 10259
f 10244 10257 10258
f 10242 10255 10256
f 10251 10264 10265
f 10250 10249 10262
f 10248 10247 10260
f 10245 10258 10259
f 10257 10256 10269
f 10255 10254 10267
f 10266 10265 10278
f 10263 10276 10277
f 10261 10274 10275
f 10260 10259 10272
f 10257 10270 10271
f 10255 10268 10269
f 10265 10264 10277
f 10263 10262 10275
f 10261 10260 10273
f 10258 10271 10272
f 10269 10282 10283
f 10267 10280 10281
f 10278 10291 10292
f 10277 10276 10289
f 10275 10274 10287
f 10272 10285 10286
f 10271 10270 10283
f 10269 10268 10281
f 10277 10290 10291
f 10275 10288 10289
f 10273 10286 10287
f 10272 10271 10284
f 10282 10295 10296
f 10280 10293 10294
f 10292 10291 10304
f 10289 10302 10303
f 10288 10287 10300
f 10286 10285 10298
f 10284 10283 10296
f 10282 10281 10294
f 10291 10290 10303
f 10288 10301 10302
f 10286 10299 10300
f 10284 10297 10298
f 10295 10308 10309
f 10294 10293 10306
f 10304 10317 10318
f 10302 10315 10316
f 10301 10300 10313
f 10299 10298 10311
f 10296 10309 10310
f 10295 10294 10307
f 10303 10316 10317
f 10301 10314 10315
f 10300 10299 10312
f 10297 10310 10311
f 10309 10308 10321
f 10307 10306 10319
f 10318 10317 10330
f 10316 10315 10328
f 10314 10313 10326
f 10311 10324 10325
f 10309 10322 10323
f 10308 10307 10320
f 10316 10329 10330
f 10314 10327 10328
f 10313 10312 10325
f 10311 10310 10323
f 10321 10334 10335
f 10320 10319 10332
f 10330 10343 10344
f 10329 10328 10341
f 10326 10339 10340
f 10325 10324 10337
f 10323 10322 10335
f 10320 10333 10334
f 10330 10329 10342
f 10328 10327 10340
f 10325 10338 10339
f 10323 10336 10337
f 10335 10334 10348
f 10332 10346 10347
f 10344 10343 10357
f 10342 10341 10355
f 10339 10353 10354
f 10337 10351 10352
f 10336 10335 10349
f 10333 10347 10348
f 10343 10342 10356
f 10341 10340 10354
f 10338 10352 10353
f 10337 10336 10350
f 10349 10348 10361
f 10347 10346 10359
f 10357 10370 10371
f 10356 10355 10368
f 10353 10366 10367
f 10351 10364 10365
f 10349 10362 10363
f 10347 10360 10361
f 10356 10369 10370
f 10355 10354 10367
f 10353 10352 10365
f 10351 10350 10363
f 10362 10361 10374
f 10360 10359 10372
f 10371 10370 10383
f 10368 10381 10382
f 10366 10379 10380
f 10365 10364 10377
f 10362 10375 10376
f 10360 10373 10374
f 10370 10369 10382
f 10368 10367 10380
f 10366 10365 10378
f 10363 10376 10377
f 10374 10387 10388
f 10372 10385 10386
f 10383 10396 10397
f 10382 10381 10394
f 10380 10379 10392
f 10377 10390 10391
f 10376 10375 10388
f 10374 10373 10386
f 10382 10395 10396
f 10380 10393 10394
f 10378 10391 10392
f 10377 10376 10389
f 10387 10400 10401
f 10385 10398 10399
f 10397 10396 10409
f 10394 10407 10408
f 10393 10392 10405
f 10390 10403 10404
f 10389 10388 10401
f 10387 10386 10399
f 10396 10395 10408
f 10393 10406 10407
f 10391 10404 10405
f 10390 10389 10402
f 10400 10413 10414
f 10399 10398 10411
f 10409 10422 10423
f 10407 10420 10421
f 10406 10405 10418
f 10403 10416 10417
f 10401 10414 10415
f 10400 10399 10412
f 10408 10421 10422
f 10406 10419 10420
f 10405 10404 10417
f 10403 10402 10415
f 10414 10413 10426
f 10411 10424 10425
f 10423 10422 10435
f 10420 10433 10434
f 10418 10431 10432
f 10416 10429 10430
f 10414 10427 10428
f 10412 10425 10426
f 10421 10434 10435
f 10419 10432 10433
f 10418 10417 10430
f 10416 10415 10428
f 10427 10426 10439
f 10425 10424 10437
f 10435 10448 10449
f 10433 10446 10447
f 10431 10444 10445
f 10430 10429 10442
f 10428 10427 10440
f 10425 10438 10439
f 10435 10434 10447
f 10433 10432 10445
f 10430 10443 10444
f 10428 10441 10442
f 10440 10439 10452
f 10437 10450 10451
f 10449 10448 10461
f 10447 10446 10459
f 10444 10457 10458
f 10443 10442 10455
f 10441 10440 10453
f 10438 10451 10452
f 10448 10447 10460
f 10446 10445 10458
f 10443 10456 10457
f 10441 10454 10455
f 10453 10452 10465
f 10451 10450 10463
f 10461 10474 10475
f 10460 10459 10472
f 10457 10470 10471
f 10456 10455 10468
f 10453 10466 10467
f 10451 10464 10465
f 10460 10473 10474
f 10459 10458 10471
f 10457 10456 10469
f 10454 10467 10468
f 10466 10465 10061
f 10464 10463 10059
f 10474 10070 10071
f 10472 10068 10069
f 10470 10066 10067
f 10469 10468 10064
f 10466 10062 10063
f 10464 10060 10061
f 10473 10069 10070
f 10472 10471 10067
f 10470 10469 10065
f 10467 10063 10064
f 9933 10059 10463
f 10463 10450 10054
f 10450 10437 10049
f 10437 10424 10045
f 10045 10424 10411
f 10041 10411 10398
f 10037 10398 10385
f 10385 10372 10029
f 10029 10372 10359
f 10359 10346 10021
f 10346 10332 10017
f 10332 10319 10013
f 10013 10319 10306
f 10009 10306 10293
f 10005 10293 10280
f 10280 10267 9997
f 9997 10267 10254
f 10254 10241 9989
f 10241 10228 9985
f 10228 10215 9981
f 9981 10215 10202
f 9977 10202 10189
f 9973 10189 10176
f 10176 10163 9965
f 9965 10163 10150
f 10150 10137 9957
f 10137 10124 9953
f 10124 10111 9949
f 9949 10111 10098
f 9945 10098 10085
f 9941 10085 10072
f 10072 10059 9933