# https://github.com/mikedh/trimesh
v -0.05348983 -0.06720348 -1.51313233
v -0.05316611 -0.07137927 -1.51194668
v -0.05305298 -0.07211515 -1.51317251
v -0.05333278 -0.06776531 -1.51410997
v -0.06472997 -0.07797303 -1.51445138
v -0.06089154 -0.07874847 -1.51748037
v -0.06039119 -0.07833993 -1.52038717
v -0.06324496 -0.07772364 -1.52025211
v -0.11229384 -0.02490847 -1.47948134
v -0.11412279 -0.01037759 -1.47865140
v -0.11150636 -0.01038772 -1.46974838
v -0.10909979 -0.02330171 -1.46797001
v -0.09574895 -0.04373585 -1.44518685
v -0.09893709 -0.03813768 -1.45319200
v -0.10380974 -0.03598312 -1.44261432
v -0.09610386 -0.04624955 -1.43802285
v 0.03720921 -0.06029582 -1.56823492
v 0.03084930 -0.06679323 -1.56686091
v 0.03420561 -0.06587259 -1.56060433
v -0.03721361 0.04849677 -1.51403344
v -0.03568403 0.05235446 -1.51319242
v -0.03535867 0.05282499 -1.51463962
v -0.03678859 0.04839220 -1.51523900
v -0.04492128 0.06182305 -1.51541245
v -0.04095266 0.06158762 -1.51867402
v -0.04061368 0.06153143 -1.52183723
v -0.04352129 0.06134918 -1.52146947
v 0.03927020 -0.05959189 -1.56130075
v -0.07726613 -0.09573545 -1.53643084
v -0.07865368 -0.09544869 -1.53379631
v -0.07684857 -0.09581674 -1.53201652
v -0.07572395 -0.09594433 -1.53441560
v -0.07596874 -0.09132624 -1.51800001
v -0.07721362 -0.09125098 -1.52538025
v -0.07800825 -0.09250080 -1.52811527
v -0.07728405 -0.09265097 -1.52588832
v -0.07333051 -0.09136281 -1.50738597
v -0.07259616 -0.09047416 -1.50807858
v -0.07453662 -0.09188859 -1.51257265
v -0.07548118 -0.09280248 -1.51213336
v -0.04945068 -0.08005105 -1.48685229
v -0.05170389 -0.08238099 -1.48929310
v -0.05318080 -0.08251043 -1.48678923
v -0.05096207 -0.07830603 -1.48530519
v -0.05133287 -0.07531998 -1.48687327
v -0.05642994 -0.07893517 -1.48651314
v -0.05704998 -0.07853420 -1.48983240
v -0.05294559 -0.07564259 -1.48963070
v -0.06191598 -0.09308785 -1.54554665
v -0.06171051 -0.09324260 -1.54211926
v -0.05925124 -0.09184127 -1.54126930
v -0.05907663 -0.09162110 -1.54468036
v -0.06979391 -0.07740296 -1.51367402
v -0.06797986 -0.07625575 -1.50698912
v -0.07195227 -0.08180388 -1.51161504
v -0.07223171 -0.08226386 -1.51456404
v -0.06925601 -0.08999243 -1.53554726
v -0.07272078 -0.09031010 -1.53666985
v -0.07406034 -0.09058174 -1.53428435
v -0.07136849 -0.08984632 -1.53269970
v -0.07766834 -0.09212520 -1.53811502
v -0.07918054 -0.09188554 -1.53524184
v -0.04708283 -0.07901286 -1.49590623
v -0.04589390 -0.07851104 -1.49951696
v -0.04718996 -0.07877617 -1.50128341
v -0.04862925 -0.07882540 -1.50012100
v -0.06120451 -0.07734282 -1.51405573
v -0.05941695 -0.07933062 -1.51816010
v -0.06813732 -0.08808615 -1.49662852
v -0.06707621 -0.08815113 -1.49854076
v -0.07059056 -0.08976180 -1.50285709
v -0.07189876 -0.08977373 -1.50144458
v -0.06463654 -0.08538464 -1.50134063
v -0.06833372 -0.08699823 -1.50395405
v -0.07018533 -0.08794122 -1.50452948
v -0.06808618 -0.08712416 -1.50247931
v -0.06920491 -0.09290551 -1.53875613
v -0.06420951 -0.09165324 -1.54073644
v -0.06419776 -0.09265576 -1.54001474
v -0.06923674 -0.09383966 -1.53803539
v -0.07183449 -0.08452452 -1.52605867
v -0.06963708 -0.08359912 -1.53084481
v -0.06929009 -0.08261165 -1.53033030
v -0.07132274 -0.08349167 -1.52602553
v -0.07595278 -0.09218420 -1.53560221
v -0.07712996 -0.09223815 -1.53296316
v -0.07547197 -0.09071894 -1.53190017
v -0.05663715 -0.08134218 -1.53273094
v -0.05784937 -0.08194631 -1.53352058
v -0.05850846 -0.08230419 -1.53208566
v -0.05750358 -0.08192410 -1.53081846
v -0.05653436 -0.08164591 -1.48593855
v -0.06236816 -0.07492544 -1.49794793
v -0.06421189 -0.07642511 -1.49852967
v -0.06727514 -0.07891138 -1.50259352
v -0.06716834 -0.07760954 -1.50379562
v -0.04683942 -0.07634304 -1.48853445
v -0.04713526 -0.07925824 -1.48870313
v -0.04830272 -0.07978320 -1.48741317
v -0.04836456 -0.07669879 -1.48676836
v -0.05820806 -0.08442213 -1.53698528
v -0.06072009 -0.08651634 -1.53662384
v -0.05982426 -0.08463393 -1.53558767
v -0.05787263 -0.08332267 -1.53573680
v -0.07544869 -0.09019775 -1.52334106
v -0.07312432 -0.08975024 -1.53008246
v -0.07033367 -0.08990258 -1.51433241
v -0.07328199 -0.08951433 -1.51444817
v -0.07191135 -0.08892991 -1.51047587
v -0.10135375 0.02753456 -1.48012578
v -0.10924563 0.01451926 -1.47925782
v -0.10621874 0.01402547 -1.47009933
v -0.09826460 0.02664226 -1.46779299
v -0.06913289 -0.08935837 -1.51012313
v -0.06998190 -0.09000047 -1.52213812
v -0.07338893 -0.08978909 -1.52227473
v -0.07522717 -0.09348518 -1.53118980
v -0.07598558 -0.09335612 -1.52511072
v -0.07601644 -0.09298119 -1.53194904
v -0.06714906 -0.08194654 -1.53390026
v -0.07114734 -0.08177283 -1.53723788
v -0.07249653 -0.08063661 -1.53068221
v -0.06846699 -0.08197461 -1.53151095
v -0.04742074 -0.07953454 -1.50521123
v -0.04878947 -0.08064383 -1.50747931
v -0.05022351 -0.07916851 -1.50532126
v -0.04976040 -0.07835303 -1.50309372
v -0.06618641 -0.07966825 -1.50060332
v -0.06360309 -0.07728068 -1.49729323
v -0.06295542 -0.07787769 -1.49702954
v -0.06497894 -0.08031541 -1.49885130
v -0.06322834 -0.08870814 -1.53772950
v -0.06430698 -0.08845086 -1.53263927
v -0.06255800 -0.08698963 -1.53255057
v -0.05585956 -0.08299898 -1.50217581
v -0.05778470 -0.08335765 -1.50372469
v -0.05990152 -0.08414108 -1.50064397
v -0.05824829 -0.08387315 -1.49861848
v -0.06218918 -0.08503718 -1.48987460
v -0.06251800 -0.08270557 -1.48973835
v -0.05907810 -0.08098218 -1.48762286
v -0.05916601 -0.08344416 -1.48728895
v -0.04903569 -0.07860910 -1.50184536
v -0.04744542 -0.07901935 -1.50276279
v -0.07411022 -0.08596266 -1.52641284
v -0.07148089 -0.08545148 -1.53240800
v -0.06905998 -0.08929928 -1.53113294
v -0.07062562 -0.08953642 -1.52875626
v -0.05275389 -0.08139237 -1.51815677
v -0.05353113 -0.07873002 -1.51889002
v -0.05353759 -0.07862322 -1.51791167
v -0.05280259 -0.08197125 -1.51645517
v -0.05147316 -0.08208600 -1.51786828
v -0.05150392 -0.08253977 -1.51640892
v -0.05028860 -0.08242106 -1.51611352
v -0.05004885 -0.08213143 -1.51707768
v -0.05380939 -0.07775736 -1.51913428
v -0.05360145 -0.07810210 -1.51888549
v -0.05394389 -0.07834962 -1.51939106
v -0.06644191 -0.07978830 -1.52260602
v -0.06853223 -0.08047431 -1.51488054
v -0.06735680 -0.07886824 -1.51456928
v -0.06505013 -0.07823288 -1.52130914
v -0.07497148 -0.09022637 -1.51550293
v -0.05462740 -0.08903335 -1.54080307
v -0.05430412 -0.08762349 -1.54297233
v -0.05876531 -0.08972006 -1.54659998
v -0.05927336 -0.07754925 -1.50518298
v -0.05671064 -0.08088970 -1.50585079
v -0.05492491 -0.07980881 -1.50552082
v -0.05739272 -0.07759380 -1.50486231
v -0.05251144 -0.07825068 -1.50955772
v -0.05165282 -0.07634052 -1.50632358
v -0.05153628 -0.08059053 -1.50783515
v -0.05113847 -0.08196524 -1.52396178
v -0.05360740 -0.07998807 -1.52037406
v -0.05240037 -0.08118182 -1.51911712
v -0.05118261 -0.08185703 -1.51931977
v -0.07480226 -0.09115581 -1.50646627
v -0.07705031 -0.09244837 -1.51170456
v -0.07839447 -0.09063851 -1.51173806
v -0.07612114 -0.08935863 -1.50601017
v -0.04534562 -0.07736683 -1.49227285
v -0.04809818 -0.07408775 -1.49002528
v -0.04443040 -0.07713845 -1.49553144
v -0.07159972 -0.09586412 -1.54279828
v -0.07145183 -0.09251419 -1.54495180
v -0.07392876 -0.09248000 -1.54309773
v -0.07389905 -0.09598047 -1.54093874
v -0.05905722 -0.07733567 -1.52569640
v -0.05874489 -0.07760814 -1.52348781
v -0.05738194 -0.07809832 -1.52490401
v -0.05739198 -0.07775295 -1.52685511
v -0.09894631 -0.05147273 -1.49244475
v -0.08197932 -0.06328492 -1.49213600
v -0.09012572 -0.06619246 -1.50533092
v -0.10451565 -0.05651495 -1.50482666
v -0.06149872 -0.08601549 -1.49279010
v -0.05888313 -0.08546682 -1.49047780
v -0.04996210 -0.08324702 -1.53125918
v -0.04846229 -0.08319381 -1.53315210
v -0.04998716 -0.08391341 -1.53859842
v -0.05029713 -0.08442153 -1.53519630
v -0.08097810 -0.09200344 -1.52725327
v -0.07986315 -0.09496861 -1.52626538
v -0.05659079 -0.08410466 -1.53740418
v -0.06007632 -0.08721422 -1.54100394
v -0.05878322 -0.08523371 -1.53848433
v -0.05683241 -0.08376800 -1.53692138
v -0.05526720 -0.08371580 -1.52903783
v -0.05499419 -0.08441436 -1.53025675
v -0.05477337 -0.08257885 -1.53120339
v -0.05484439 -0.08154080 -1.52997231
v -0.04722626 -0.08304747 -1.53798676
v -0.05065483 -0.08416867 -1.54278255
v -0.06146403 -0.07327796 -1.49764729
v -0.05263733 -0.08428030 -1.53015888
v -0.05239180 -0.08525684 -1.53284812
v -0.05481542 -0.08527489 -1.53197002
v -0.07808285 0.04120990 -1.44346237
v -0.08380311 0.03728630 -1.45156121
v -0.08845532 0.03697370 -1.44124806
v -0.07726952 0.04293086 -1.43620062
v -0.04380025 -0.07838092 -1.50040734
v -0.04583763 -0.07877978 -1.50220561
v -0.05661120 -0.08301263 -1.53617036
v -0.05656229 -0.08230148 -1.53493834
v -0.05580476 -0.08081673 -1.53122473
v -0.05740485 -0.08110152 -1.52933860
v -0.06578831 -0.08611294 -1.52314281
v -0.06775075 -0.08750618 -1.51493168
v -0.07596762 -0.07118356 -1.50530052
v -0.06179576 -0.06929702 -1.49138308
v -0.05472235 -0.08140516 -1.53167605
v -0.05489539 -0.08131262 -1.53192639
v -0.05512472 -0.08042676 -1.53119230
v -0.05489840 -0.08047452 -1.53045058
v -0.05641063 -0.08464061 -1.48865664
v -0.06279580 -0.08540589 -1.52936518
v -0.06049948 -0.08258218 -1.52728331
v -0.05976947 -0.08351802 -1.52946365
v -0.07535191 -0.09310443 -1.51701856
v -0.07592131 -0.09435344 -1.52511978
v -0.07769901 -0.09555899 -1.52545094
v -0.07684481 -0.09423882 -1.51684844
v -0.04938533 -0.07435419 -1.48837054
v -0.05964310 -0.07754599 -1.52279067
v -0.05922479 -0.07893237 -1.52132392
v -0.05769826 -0.07860998 -1.52809942
v -0.05575880 -0.07918815 -1.52949309
v -0.04524500 -0.07931112 -1.50511980
v -0.07287647 -0.09171915 -1.53938067
v -0.07446659 -0.09200106 -1.53773844
v -0.07134639 -0.09036998 -1.53808057
v -0.06963792 -0.09030011 -1.53923166
v -0.06631383 -0.08997424 -1.54080248
v -0.06586540 -0.09013969 -1.54225230
v -0.07067691 -0.09128338 -1.54099607
v -0.05886263 -0.08170342 -1.52818346
v -0.05845891 -0.08278343 -1.52989018
v -0.05442675 -0.08274592 -1.50089264
v -0.05570729 -0.08327339 -1.49508691
v -0.06965771 -0.08803942 -1.50695252
v -0.06679517 -0.08821621 -1.50757074
v -0.07842730 -0.08799728 -1.51757240
v -0.07854404 -0.08793992 -1.52661717
v -0.07611153 -0.08695333 -1.52650619
v -0.07681118 -0.08706685 -1.51773977
v -0.07208696 -0.08224636 -1.52017772
v -0.07123937 -0.07909136 -1.52083898
v -0.04945963 -0.08177170 -1.51802671
v -0.04743106 -0.08158319 -1.52160692
v -0.05764726 -0.07813722 -1.52735877
v -0.05582167 -0.07881705 -1.52900267
v -0.06933302 -0.08334091 -1.50321865
v -0.06177216 -0.08017877 -1.49578667
v -0.06775638 -0.08350214 -1.50071263
v -0.05898782 -0.07660075 -1.49514198
v -0.05668285 -0.07660203 -1.49394846
v -0.05879345 -0.07881263 -1.49393845
v -0.06367832 -0.08561908 -1.50325894
v -0.06651871 -0.08701514 -1.50461316
v -0.05434512 -0.07718624 -1.51890504
v -0.05552676 -0.07542762 -1.51746643
v -0.05363558 -0.07631142 -1.51862144
v -0.06768608 -0.08892250 -1.52252042
v -0.06856485 -0.08948921 -1.51449966
v -0.05513155 -0.08410688 -1.53245783
v -0.05577322 -0.08220571 -1.52293205
v -0.05387780 -0.08348695 -1.52604628
v -0.05518348 -0.08762143 -1.53567791
v -0.05560282 -0.08579399 -1.53420734
v -0.05534557 -0.08510583 -1.53345561
v -0.05477934 -0.08623707 -1.53369021
v -0.05376898 -0.07012778 -1.50951314
v -0.05281005 -0.07348793 -1.50755894
v -0.05271306 -0.07517362 -1.51075125
v -0.06413337 -0.08942533 -1.54168439
v -0.06540449 -0.08957517 -1.53978336
v -0.07340524 -0.08656853 -1.53298855
v -0.05894916 -0.08269985 -1.53381872
v -0.05999260 -0.08299907 -1.53239870
v -0.06627423 -0.08465483 -1.54513621
v -0.06265095 -0.08437457 -1.54327464
v -0.06133557 -0.08450920 -1.54346681
v -0.06179333 -0.08547981 -1.54740655
v -0.05387874 -0.07608873 -1.49126232
v -0.05680736 -0.07841695 -1.49153149
v -0.05711812 -0.07816234 -1.49276292
v -0.05503903 -0.07638118 -1.49265695
v -0.05414606 -0.07931489 -1.50523877
v -0.05634058 -0.07763534 -1.50457549
v -0.07246976 -0.08913562 -1.50805759
v -0.07138237 -0.08838899 -1.50727129
v -0.07354397 -0.08940817 -1.51128113
v -0.07448231 -0.09041561 -1.51255310
v -0.06153717 -0.07780804 -1.52653623
v -0.06123663 -0.07725433 -1.52554011
v -0.06366336 -0.08401277 -1.53769183
v -0.06530130 -0.08606849 -1.53998208
v -0.06167539 -0.08564322 -1.54276109
v -0.06124617 -0.08408194 -1.54052603
v -0.07585306 -0.08753955 -1.53383291
v -0.05974932 -0.08300091 -1.53092277
v -0.06090122 -0.08343790 -1.53121936
v -0.05913011 -0.08265457 -1.53138208
v -0.05500783 -0.08079284 -1.52899277
v -0.05570815 -0.08292989 -1.52782488
v -0.05644422 -0.08674569 -1.53596330
v -0.05985552 -0.09005173 -1.53956246
v -0.05985707 -0.08905958 -1.53979516
v -0.05647495 -0.08617231 -1.53669083
v -0.05556054 -0.08161231 -1.53366756
v -0.12129070 -0.01165226 -1.48836625
v -0.12802656 -0.01308215 -1.49867618
v 0.04807580 0.01519530 -1.56861007
v 0.04366296 0.02306356 -1.56723118
v 0.04668519 0.02138123 -1.56101918
v 0.04983951 0.01388139 -1.56195629
v -0.05405797 -0.08562431 -1.54293859
v -0.05796172 -0.08592348 -1.54481196
v -0.05835497 -0.08683336 -1.54581606
v -0.05498482 -0.08602512 -1.54371428
v -0.06910847 -0.09015606 -1.53798664
v -0.07497308 -0.09303466 -1.53435063
v -0.05792553 -0.08039589 -1.51957774
v -0.05747046 -0.07711922 -1.51683271
v -0.05463131 -0.06732468 -1.51562381
v -0.05457031 -0.06774400 -1.51684797
v -0.05591464 -0.06804140 -1.51641774
v -0.05620632 -0.06761773 -1.51520288
v -0.05712465 -0.07018435 -1.51062810
v -0.05629689 -0.07304838 -1.50940645
v -0.05493940 -0.07260747 -1.50763547
v -0.05650356 -0.06960461 -1.50864124
v -0.05519509 -0.06661698 -1.51246202
v -0.05482155 -0.06698261 -1.51416147
v -0.05650613 -0.06732506 -1.51350117
v -0.05708479 -0.06698985 -1.51181054
v -0.06193903 -0.08914303 -1.54159153
v -0.06394753 -0.09068809 -1.54169178
v -0.07413869 -0.09459918 -1.53335762
v -0.07522319 -0.09447330 -1.53120136
v -0.07190067 -0.09300106 -1.53813422
v -0.07346918 -0.09303939 -1.53648829
v -0.04865145 -0.08111020 -1.51016688
v -0.05055359 -0.08180301 -1.51049709
v -0.05055211 -0.08140203 -1.50878191
v -0.07419069 -0.09589621 -1.53630722
v -0.07569930 -0.09593493 -1.53856826
v -0.04703577 -0.07957546 -1.49249017
v -0.04609208 -0.07863497 -1.49097443
v -0.03541863 -0.05602912 -1.42234433
v -0.04802012 -0.06260786 -1.42892289
v -0.04898368 -0.06180378 -1.41917896
v -0.03691508 -0.05545231 -1.41262484
v -0.05345075 -0.08759055 -1.53829455
v -0.05287322 -0.08652369 -1.54070175
v -0.05426929 -0.06684642 -1.51096082
v -0.05571406 -0.06642312 -1.51028180
v -0.05513854 -0.06935003 -1.50858247
v -0.05306412 -0.07257637 -1.51488876
v -0.05318432 -0.06825530 -1.51557565
v -0.05716050 -0.07049191 -1.51209927
v -0.05581706 -0.07174626 -1.51719046
v -0.05421865 -0.07240022 -1.51835465
v -0.05281156 -0.07522020 -1.50391424
v -0.05513163 -0.07635619 -1.50353372
v -0.05214646 -0.07841650 -1.50343621
v -0.05719305 -0.06694684 -1.50985968
v -0.05941302 -0.07823805 -1.52743196
v -0.05712061 -0.07366335 -1.51286817
v -0.05938407 -0.07595417 -1.51054418
v -0.05846002 -0.07570281 -1.50830436
v -0.05703983 -0.07334059 -1.51090634
v -0.06169049 -0.08437061 -1.50023103
v -0.06156453 -0.08460147 -1.50218332
v -0.06144205 -0.07769880 -1.50600624
v -0.05990744 -0.08145104 -1.50598788
v -0.05832200 -0.07985049 -1.52251971
v -0.05672980 -0.08157922 -1.52565157
v -0.05461363 -0.07769634 -1.51916635
v -0.05655903 -0.07438833 -1.51505291
v -0.05910579 -0.07632291 -1.51298058
v -0.05324690 -0.07277333 -1.51612031
v -0.05308616 -0.07668620 -1.51616001
v -0.05315278 -0.07641154 -1.51713681
v -0.05343311 -0.07272729 -1.51710474
v -0.06150988 -0.08542145 -1.53248930
v -0.05143879 -0.08536270 -1.53843045
v -0.05270084 -0.08645733 -1.53556275
v -0.07845697 -0.08358469 -1.54977477
v -0.08294147 -0.08088544 -1.54186273
v -0.06993134 -0.08340890 -1.54233873
v -0.05679796 -0.07078974 -1.51404274
v -0.05439177 -0.06840609 -1.51758146
v -0.05346312 -0.06910770 -1.51730752
v -0.07012594 -0.08894661 -1.50405025
v -0.05195780 -0.07925646 -1.50294971
v -0.05556164 -0.07938132 -1.52728832
v -0.07718186 -0.08741578 -1.51238346
v -0.07510431 -0.08647193 -1.50691199
v -0.05578772 -0.07864588 -1.52851057
v -0.05529432 -0.07950591 -1.52947795
v -0.05596977 -0.07708795 -1.50382090
v -0.05323434 -0.07903961 -1.50422096
v -0.05511300 -0.07983338 -1.52996314
v -0.05185109 -0.08124788 -1.50981045
v -0.06764692 -0.08961195 -1.53254497
v -0.06251727 -0.08117816 -1.49228585
v -0.05933520 -0.07983644 -1.49079621
v -0.05318095 -0.06876281 -1.51655889
v -0.05419549 -0.07203768 -1.50784266
v -0.05642474 -0.07130963 -1.51574409
v -0.05298273 -0.07946170 -1.51374507
v -0.05259018 -0.07893965 -1.51176810
v -0.05194753 -0.08174900 -1.51201940
v -0.06192649 -0.08243019 -1.50657058
v -0.06389657 -0.07784884 -1.50781870
v -0.06619877 -0.07883769 -1.50890172
v -0.06377532 -0.08392468 -1.50739682
v -0.07251717 -0.08540748 -1.50215125
v -0.06896396 -0.08423918 -1.49759424
v -0.06933968 -0.08637287 -1.49592435
v -0.07315631 -0.08805643 -1.50049829
v -0.08669773 -0.08267549 -1.56500542
v -0.07177068 -0.08598512 -1.55515003
v -0.07557429 -0.08616753 -1.57118988
v -0.07062081 -0.08781802 -1.54193020
v -0.07240272 -0.08765183 -1.53955758
v -0.07591251 -0.09222128 -1.54073226
v -0.05597230 -0.08516026 -1.54569912
v -0.05966842 -0.08470192 -1.54340112
v -0.05761537 -0.08524451 -1.54430103
v -0.08004017 -0.09127795 -1.51718831
v -0.05026676 -0.08252596 -1.52759790
v -0.05299201 -0.08382938 -1.52821326
v -0.06995362 -0.08236010 -1.50445402
v -0.06166513 -0.08477133 -1.50561023
v -0.06408389 -0.08655356 -1.50621867
v -0.06455489 -0.09435149 -1.54224849
v -0.06186262 -0.09152207 -1.54039478
v -0.00469595 -0.02934660 -1.40892434
v -0.00954134 -0.02798429 -1.40214229
v 0.05769356 -0.03265569 -1.51160634
v 0.05601593 -0.03388918 -1.51144505
v 0.05531505 -0.03250872 -1.51341200
v 0.05607569 -0.03196904 -1.51337457
v 0.05573538 -0.03266639 -1.50264573
v 0.05479940 -0.03189535 -1.50414085
v 0.05367976 -0.03270482 -1.50395179
v 0.05463935 -0.03372634 -1.50245857
v 0.05552078 -0.02947011 -1.51312339
v 0.05823891 -0.02834991 -1.51031148
v 0.05942326 -0.03014283 -1.51126170
v 0.05615711 -0.03068480 -1.51360047
v -0.06530277 -0.09430352 -1.54545498
v 0.05497729 -0.03590394 -1.50222611
v 0.05405370 -0.03477108 -1.50420523
v 0.05583062 -0.03572451 -1.50438833
v 0.05655269 -0.03749671 -1.50291371
v 0.06404884 -0.03004768 -1.50276399
v 0.06414637 -0.03112478 -1.50472748
v 0.06199225 -0.02968671 -1.50406551
v 0.06148990 -0.02964914 -1.50213075
v 0.06330718 -0.03271219 -1.50526929
v 0.06482939 -0.03474705 -1.50474238
v 0.06300046 -0.03622693 -1.50483453
v 0.06163758 -0.03389291 -1.50510693
v 0.05730456 -0.02868613 -1.50668836
v 0.05835601 -0.03019532 -1.50470853
v 0.06104658 -0.02848134 -1.50677752
v 0.05406887 -0.03576647 -1.50690413
v 0.05278381 -0.03423013 -1.50596106
v 0.05261347 -0.03310756 -1.50986433
v 0.05335512 -0.03450365 -1.51058352
v -0.03308854 -0.05886260 -1.43889809
v -0.04766027 -0.06374528 -1.44248271
v 0.03447052 -0.05538487 -1.52479553
v 0.03567672 -0.05487677 -1.52205253
v 0.03701572 -0.05084674 -1.52317202
v 0.03601090 -0.05159056 -1.52566528
v -0.05118737 -0.08268944 -1.51419854
v -0.04991595 -0.08237211 -1.51512027
v -0.07407665 -0.08732137 -1.53693426
v -0.06966180 -0.09250957 -1.53974748
v -0.06841072 -0.08812449 -1.54355407
v -0.06341805 -0.08774028 -1.54530048
v -0.06250168 -0.08642089 -1.54402578
v -0.06667450 -0.08681560 -1.54175735
v -0.07038905 -0.09566972 -1.53981447
v -0.05187843 -0.08040596 -1.50149393
v -0.06493851 -0.08738012 -1.52849865
v -0.06082205 -0.08732531 -1.54567826
v -0.06182763 -0.09066343 -1.54722476
v -0.07521026 -0.09213413 -1.51724553
v -0.07242218 -0.09582229 -1.53818882
v -0.07111165 -0.09419274 -1.53689432
v -0.05586566 -0.08902066 -1.53792131
v -0.06824178 -0.08008215 -1.51168752
v -0.06699727 -0.08688489 -1.51122844
v -0.06545839 -0.08562082 -1.50870728
v -0.05148433 0.08298024 -1.53790998
v -0.05279389 0.08306993 -1.53527474
v -0.05103255 0.08295985 -1.53373802
v -0.04986678 0.08275985 -1.53589189
v -0.05149077 0.07857296 -1.51939225
v -0.05265884 0.07888778 -1.52701092
v -0.05317376 0.08018749 -1.52970433
v -0.05230737 0.08026250 -1.52746892
v -0.06739493 -0.07969116 -1.50969362
v -0.06067277 -0.07723897 -1.52429521
v -0.04292194 -0.07971417 -1.50576270
v -0.05935888 -0.08437812 -1.49549341
v -0.04898028 0.07800040 -1.50878978
v -0.04856959 0.07696342 -1.50951827
v -0.04986325 0.07872582 -1.51419282
v -0.05053202 0.07993003 -1.51371717
v -0.06181037 -0.08509289 -1.49682355
v -0.11803298 -0.02839719 -1.49014151
v -0.12428084 -0.03189202 -1.50045586
v -0.07883886 -0.09362148 -1.51716697
v -0.06282073 -0.08883212 -1.54113507
v -0.05336920 -0.08197712 -1.50108480
v -0.05268423 -0.08150846 -1.49518704
v -0.05076098 -0.08037362 -1.49558377
v -0.06052971 -0.08330063 -1.53169131
v -0.06992674 -0.08178670 -1.50566792
v -0.07080492 -0.08173647 -1.50790226
v -0.05550266 -0.06846138 -1.51713884
v -0.06809995 -0.08366130 -1.49926257
v -0.06217981 -0.08076679 -1.49397767
v -0.06148186 -0.06434495 -1.44684124
v -0.07536462 -0.05899034 -1.45052123
v -0.02955474 0.05936360 -1.48793650
v -0.03106957 0.06216714 -1.49028647
v -0.03223502 0.06292036 -1.48800385
v -0.03127205 0.05830094 -1.48643088
v -0.07519247 -0.05976590 -1.43977225
v -0.06184592 -0.06389023 -1.43475580
v -0.04381419 -0.08111680 -1.51974332
v -0.04665972 -0.08087197 -1.51277065
v -0.04474885 -0.08056843 -1.51146734
v -0.01079319 -0.04116570 -1.41847575
v -0.01570056 -0.03726445 -1.40690148
v -0.03897218 -0.08055065 -1.50634444
v -0.02865579 -0.08189147 -1.50520611
v -0.02812267 -0.08385552 -1.52060115
v -0.03822685 -0.08154185 -1.51585507
v 0.00985022 -0.07743975 -1.55098414
v 0.00515451 -0.07862759 -1.55167854
v 0.00486142 -0.07912496 -1.54216695
v 0.00883788 -0.07742620 -1.54320633
v 0.03334716 -0.04179729 -1.60897934
v 0.03679193 -0.03203239 -1.60994518
v 0.03145615 -0.03133609 -1.61772943
v 0.02728971 -0.04138431 -1.61679649
v -0.12830840 -0.03286012 -1.50869501
v -0.13296056 -0.03363154 -1.51915646
v -0.13779306 -0.01400994 -1.51643419
v -0.13254638 -0.01344830 -1.50619531
v 0.00575225 -0.03897484 -1.63572860
v 0.01014138 -0.02872697 -1.63762748
v 0.00001006 -0.02737478 -1.64266753
v -0.03231148 0.05558299 -1.48784924
v -0.03550489 0.06044365 -1.48743355
v -0.03612316 0.06010152 -1.49063933
v -0.03366962 0.05633248 -1.49058366
v -0.00405516 -0.03766105 -1.64051163
v 0.02252744 -0.07260258 -1.52206564
v 0.02209533 -0.07462619 -1.51575434
v 0.02628059 -0.07138101 -1.51530075
v 0.02587389 -0.06959970 -1.52164924
v -0.05027273 -0.08177503 -1.49044919
v -0.04894437 -0.08091091 -1.49136209
v -0.03739307 0.07594041 -1.54694736
v -0.03713847 0.07621020 -1.54351294
v -0.03537269 0.07401418 -1.54273379
v -0.03528225 0.07363001 -1.54615545
v -0.04962319 0.06320195 -1.51461077
v -0.04828606 0.06121252 -1.50798237
v -0.05041864 0.06804493 -1.51287556
v -0.05081818 0.06827780 -1.51557696
v -0.01179408 -0.02578049 -1.64704013
v -0.01547166 -0.03635738 -1.64487171
v 0.04481024 -0.03436040 -1.53169978
v -0.04571425 0.07486519 -1.53703737
v -0.04885275 0.07628760 -1.53812599
v -0.05000544 0.07697936 -1.53596580
v -0.04768309 0.07548754 -1.53442252
v -0.05304417 0.07948423 -1.53972542
v -0.05437222 0.07981922 -1.53684354
v -0.02734431 0.05777407 -1.49715006
v -0.02649394 0.05678456 -1.50079215
v -0.02766185 0.05742568 -1.50254261
v -0.02905218 0.05804788 -1.50137031
v -0.04163393 0.06032941 -1.51505160
v -0.03945026 0.06205045 -1.51934028
v -0.04512240 0.07326774 -1.49793708
v -0.04418089 0.07297412 -1.49985695
v -0.04690676 0.07568694 -1.50408995
v -0.04811392 0.07597259 -1.50291419
v 0.04222300 -0.03443177 -1.53376102
v 0.04027127 -0.03793292 -1.53070557
v 0.04237391 -0.03780302 -1.52866352
v 0.04822447 -0.03090353 -1.58185434
v 0.04611211 -0.03179031 -1.58976996
v 0.04312871 -0.04033172 -1.58950400
v 0.04600709 -0.03893254 -1.58179533
v 0.03852744 -0.04222076 -1.52813959
v 0.03997653 -0.04152051 -1.52611744
v 0.02530714 -0.03065123 -1.62530255
v 0.02099182 -0.04080457 -1.62413263
v -0.06607562 -0.02792011 -1.65221345
v -0.04274372 0.06971725 -1.50252450
v -0.04559396 0.07254606 -1.50529516
v -0.04710623 0.07383490 -1.50583041
v -0.04536819 0.07254249 -1.50357556
v -0.05749179 -0.02958506 -1.65188265
v -0.05623866 -0.01844418 -1.65463209
v -0.04444533 0.07799553 -1.53988063
v -0.04006116 0.07532931 -1.54193223
v -0.03957687 0.07635754 -1.54141164
v -0.04405902 0.07903872 -1.53936386
v -0.06907360 -0.01767120 -1.65441382
v -0.09779407 -0.06995554 -1.52303672
v -0.08273059 -0.07585630 -1.52126980
v -0.08454481 -0.07807924 -1.53334296
v -0.10109881 -0.07385556 -1.53910005
v -0.02035451 -0.04926871 -1.42604768
v -0.02480469 -0.04649527 -1.41397941
v -0.04969688 0.07010797 -1.52723801
v -0.04778100 0.06861196 -1.53230870
v -0.04767128 0.06759448 -1.53158319
v -0.04938555 0.06901122 -1.52723825
v -0.05131418 0.07911444 -1.53721571
v -0.05241798 0.07954305 -1.53456795
v -0.05127767 0.07761884 -1.53332245
v -0.03626547 0.06294404 -1.53410459
v -0.03728038 0.06398063 -1.53511119
v -0.03774488 0.06439541 -1.53365922
v -0.03688674 0.06381039 -1.53240931
v -0.03557764 0.06310209 -1.48703861
v -0.04271974 0.05884658 -1.49898672
v -0.04405922 0.06085409 -1.49975073
v -0.04648563 0.06401496 -1.50396633
v -0.04693981 0.06280578 -1.50497651
v 0.01832743 -0.07222246 -1.57281172
v 0.01341696 -0.07384490 -1.57840681
v 0.00966316 -0.07636669 -1.57125962
v 0.01478257 -0.07463507 -1.56663203
v 0.05138385 -0.02958573 -1.56900394
v 0.04991613 -0.03674164 -1.56890404
v 0.05062738 -0.03489710 -1.56250024
v 0.05203431 -0.02888971 -1.56237185
v -0.02746471 0.05512098 -1.48936725
v -0.02730293 0.05794200 -1.48969388
v -0.02857143 0.05873077 -1.48851466
v -0.02920787 0.05597559 -1.48784018
v 0.00925049 -0.07749788 -1.53586006
v 0.00596613 -0.07955793 -1.53259766
v 0.01059072 -0.07932901 -1.52434278
v 0.01285003 -0.07675543 -1.52861834
v 0.01904782 -0.07470345 -1.52345431
v -0.03689453 0.06645220 -1.53848708
v -0.03874392 0.06907099 -1.53804290
v -0.03844752 0.06690966 -1.53707898
v -0.03689255 0.06525720 -1.53727937
v 0.01810667 -0.07689184 -1.51740992
v -0.05126404 0.07740527 -1.52501667
v -0.04927591 0.07610982 -1.53154814
v 0.03918686 -0.04151793 -1.59920835
v 0.04278636 -0.03223293 -1.59968472
v 0.00652928 -0.07769575 -1.56187391
v 0.01185153 -0.07648887 -1.55895460
v 0.04782674 -0.03197070 -1.53472495
v 0.04439567 -0.03219212 -1.53633368
v 0.04711321 -0.03011611 -1.54084074
v -0.04650768 0.07577134 -1.51555681
v -0.04932808 0.07632963 -1.51590967
v -0.04831727 0.07542156 -1.51172531
v -0.04560422 0.07500750 -1.51161945
v 0.05318734 -0.02743116 -1.54031670
v 0.05183386 -0.02719269 -1.54427862
v 0.04798097 -0.02981216 -1.54446685
v 0.03632054 -0.05566808 -1.58116674
v 0.03262011 -0.05707405 -1.58842039
v 0.02574956 -0.06362136 -1.58682334
v 0.02975842 -0.06240355 -1.58029246
v 0.01382753 -0.03992947 -1.63027894
v -0.04604553 0.07566541 -1.52384686
v -0.04931236 0.07659603 -1.52396917
v 0.01828372 -0.02972379 -1.63168693
v 0.05109160 -0.02768435 -1.55408847
v 0.04931496 -0.03166029 -1.55420792
v 0.04823669 -0.03050870 -1.55057323
v -0.05017241 0.08028485 -1.53300142
v -0.05080697 0.08051845 -1.52691603
v -0.05109088 0.08000180 -1.53353095
v -0.04573331 0.06631555 -1.53518438
v -0.04945901 0.06706487 -1.53850400
v -0.05125241 0.06629385 -1.53198910
v -0.04704143 0.06665631 -1.53279030
v 0.05079696 -0.02752746 -1.55067778
v 0.03858386 -0.04618379 -1.52451897
v 0.03751567 -0.04687605 -1.52676988
v -0.05247413 -0.07376599 -1.49154401
v -0.05202686 -0.07472035 -1.49031532
v -0.04066348 -0.08269566 -1.53747034
v -0.03890977 -0.08204617 -1.52663994
v -0.02878737 -0.08406729 -1.53406966
v -0.03095556 -0.08325164 -1.54734302
v -0.03440719 -0.08560821 -1.55875158
v -0.04039371 -0.08737508 -1.56781316
v -0.04777960 -0.08603600 -1.55246091
v -0.04315973 -0.08444414 -1.54614496
v -0.08642232 -0.05234959 -1.44319737
v -0.08751915 -0.04929034 -1.45297980
v 0.05553308 -0.02782328 -1.53704906
v 0.05790311 -0.02811827 -1.53402376
v -0.15101211 -0.01410698 -1.55802464
v -0.02789736 0.05821542 -1.50669670
v -0.02882038 0.05975377 -1.50891542
v -0.03054338 0.05867657 -1.50655496
v -0.03026203 0.05791508 -1.50435340
v -0.14786355 -0.01476365 -1.54470932
v -0.14189680 -0.03501026 -1.54885876
v -0.14440601 -0.03489201 -1.56166565
v -0.09379154 -0.06791671 -1.51234257
v -0.04527376 0.06447368 -1.50195670
v -0.04334499 0.06140198 -1.49849343
v -0.04261329 0.06177525 -1.49797034
v -0.04386332 0.06471694 -1.49994147
v -0.07987103 -0.07347994 -1.51281738
v 0.05758612 -0.03491901 -1.50821662
v 0.05366239 -0.03108106 -1.51297402
v 0.05284760 -0.03109938 -1.50958669
v 0.05341998 -0.03086440 -1.51224828
v 0.05928816 -0.03508174 -1.50497258
v 0.06024529 -0.03752466 -1.50422931
v 0.05270377 -0.03185382 -1.50569201
v 0.05338762 -0.03107042 -1.50589907
v 0.05327309 -0.03039227 -1.50980520
v 0.05411498 -0.03228699 -1.51345849
v 0.06652150 -0.02754687 -1.50092316
v 0.06939520 -0.02849763 -1.50228310
v 0.06784000 -0.03214202 -1.50361133
v 0.06588642 -0.03041410 -1.50220466
v 0.05516640 -0.02917851 -1.51240146
v 0.05601837 -0.02828544 -1.51015699
v 0.06286284 -0.03011280 -1.50745571
v 0.05886399 -0.03144948 -1.51154423
v 0.05623766 -0.03137216 -1.51360536
v 0.06181527 -0.03185356 -1.50800776
v 0.05884339 -0.03048293 -1.50249302
v 0.05998943 -0.03337580 -1.50834465
v -0.04038134 0.07193515 -1.53929758
v -0.04149851 0.07207927 -1.53445470
v -0.04035010 0.07010972 -1.53418672
v -0.03534711 0.06453250 -1.50326109
v -0.03704410 0.06549684 -1.50478506
v -0.03872871 0.06693548 -1.50190473
v -0.03733080 0.06594186 -1.49966025
v -0.05970553 -0.08366407 -1.50478411
v -0.04075887 -0.06638590 -1.45860314
v -0.04711252 -0.06951196 -1.47307134
v -0.05247278 -0.06771298 -1.47290242
v -0.04022248 0.06838920 -1.49119747
v -0.04120975 0.06606669 -1.49102080
v -0.03848205 0.06339104 -1.48886418
v -0.03789998 0.06583051 -1.48868942
v -0.02960211 0.05803921 -1.50310326
v -0.02781473 0.05766060 -1.50401211
v -0.05140644 0.07222928 -1.52777147
v -0.04903391 0.07105152 -1.53379703
v -0.04998991 -0.06564274 -1.45799375
v -0.06226630 -0.08545587 -1.53105450
v -0.00934006 -0.08221307 -1.57821298
v -0.01956442 -0.08211203 -1.59011328
v -0.03169292 -0.08620794 -1.57917273
v -0.04561122 0.07433815 -1.53264117
v -0.04696982 0.07505693 -1.53024471
v -0.02563551 -0.08554076 -1.56792212
v -0.02753052 -0.08109918 -1.59971166
v -0.03890448 -0.08590982 -1.58972597
v -0.04892534 -0.08811430 -1.57818830
v -0.06341068 -0.08726107 -1.55824471
v 0.02913670 -0.06254608 -1.53804815
v 0.02927550 -0.06278769 -1.53780091
v 0.03075633 -0.06150597 -1.53748107
v -0.03271210 0.06158637 -1.51955938
v -0.03419864 0.05929154 -1.52013588
v -0.03419413 0.05915421 -1.51940417
v -0.03255912 0.06203035 -1.51808178
v 0.03058543 -0.06147548 -1.53773201
v 0.02861714 -0.06196862 -1.53830683
v 0.02987961 -0.06084314 -1.53775334
v -0.03125156 0.06173377 -1.51949799
v -0.03113681 0.06217919 -1.51777768
v -0.02999600 0.06163035 -1.51749325
v -0.02983996 0.06131556 -1.51846790
v 0.02758976 -0.06270236 -1.53860176
v 0.02797957 -0.06332173 -1.53834891
v 0.02799321 -0.06357510 -1.53810692
v 0.03502862 -0.04601833 -1.53883410
v 0.03427451 -0.04657775 -1.53911579
v 0.03402570 -0.04918049 -1.53817940
v 0.03527749 -0.04871907 -1.53836715
v 0.03541936 -0.04582006 -1.53857148
v 0.03563764 -0.04865941 -1.53786302
v -0.03474451 0.05845346 -1.52041233
v -0.03443731 0.05871078 -1.52015245
v -0.03468641 0.05912792 -1.52064633
v -0.04583086 0.06476558 -1.52372241
v -0.04781773 0.06597709 -1.51597023
v -0.04701252 0.06399380 -1.51547217
v -0.04502606 0.06246053 -1.52249515
v 0.02826267 -0.04882339 -1.54109812
v 0.02828344 -0.04834382 -1.54133606
v -0.05081698 0.07738125 -1.51717973
v 0.02829750 -0.04968616 -1.54061818
v 0.03314590 -0.04389045 -1.54084063
v 0.03336206 -0.04393668 -1.54180968
v -0.03195754 0.06996173 -1.54190922
v -0.03193345 0.06851642 -1.54412436
v -0.03552857 0.07172341 -1.54789841
v 0.02853548 -0.04809134 -1.54205573
v 0.02833238 -0.04808458 -1.54157531
v 0.03320298 -0.04420114 -1.54035318
v -0.03974819 0.06031948 -1.50642264
v -0.03660594 0.06269223 -1.50699937
v -0.03517429 0.06098805 -1.50671673
v -0.03808065 0.05974757 -1.50587273
v -0.03302646 0.05851763 -1.51105642
v -0.03272310 0.05649635 -1.50764704
v -0.03139660 0.06052168 -1.50925577
v -0.03089663 0.06160016 -1.52534926
v -0.03383075 0.06056234 -1.52181625
v -0.03243711 0.06119170 -1.52053022
v -0.03106105 0.06141812 -1.52071571
v -0.05028218 0.07824760 -1.50810695
v -0.05205841 0.08009686 -1.51353323
v -0.05377805 0.07868848 -1.51337576
v -0.05193053 0.07676221 -1.50770319
v 0.03348718 -0.04267507 -1.54007924
v 0.03334324 -0.04171850 -1.54056251
v -0.02573098 0.05560578 -1.49320030
v -0.02914394 0.05324131 -1.49080193
v -0.02529174 0.05510665 -1.49660897
v -0.04589322 0.08144350 -1.54429722
v -0.04679864 0.07810771 -1.54681706
v -0.04933536 0.07882554 -1.54471302
v -0.04818145 0.08231296 -1.54242563
v -0.03966735 0.05999823 -1.52694798
v -0.03928838 0.06015203 -1.52497602
v -0.03792986 0.06015188 -1.52614224
v -0.03804079 0.05983373 -1.52810526
v 0.03368307 -0.04182549 -1.54177165
v 0.03492419 -0.05384958 -1.53673172
v 0.03492168 -0.05402111 -1.53575647
v 0.03589817 -0.04934720 -1.53615010
v 0.03587249 -0.04895534 -1.53712392
v 0.03484648 -0.05367461 -1.53722155
v 0.03336823 -0.05690530 -1.53732002
v 0.03345970 -0.05698979 -1.53682864
v 0.03341065 -0.05706164 -1.53585410
v -0.08150230 0.04736516 -1.49239790
v -0.06236698 0.05269971 -1.49240887
v -0.07006082 0.05818310 -1.50573063
v -0.08666797 0.05380952 -1.50499415
v -0.03937909 0.06917742 -1.49408579
v -0.03716535 0.06774848 -1.49169111
v -0.02908071 0.06281300 -1.53259110
v -0.02782899 0.06228688 -1.53450108
v -0.02893962 0.06378768 -1.53990412
v -0.02904914 0.06423648 -1.53648257
v 0.03626699 -0.04601774 -1.53731751
v 0.03587946 -0.04591452 -1.53806508
v 0.03338533 -0.05704013 -1.53512192
v 0.03468339 -0.05418312 -1.53503513
v -0.05592079 0.08052740 -1.52883506
v -0.05410281 0.08313756 -1.52799702
v 0.03578046 -0.04952761 -1.53542399
v 0.03630276 -0.04606287 -1.53682780
v 0.03604414 -0.04320856 -1.53802645
v 0.03594473 -0.04433080 -1.53828812
v 0.03453748 -0.05414321 -1.53430760
v 0.03439079 -0.05404586 -1.53333509
v 0.03568248 -0.04932747 -1.53371525
v 0.03569943 -0.04946674 -1.53469360
v -0.03535108 0.06578901 -1.53867626
v -0.03767982 0.06966680 -1.54239058
v -0.03714505 0.06731922 -1.53995311
v -0.03575927 0.06541046 -1.53820872
v -0.03414983 0.06490483 -1.53057432
v -0.03358837 0.06552009 -1.53176582
v -0.03391408 0.06373582 -1.53277755
v -0.03437097 0.06272989 -1.53134203
v 0.03299827 -0.05696341 -1.53440380
v 0.03284698 -0.05689622 -1.53343177
v -0.02632662 0.06214128 -1.53908396
v -0.02925312 0.06439976 -1.54381919
v 0.02613541 -0.06443337 -1.53819299
v 0.02517303 -0.06480230 -1.53872526
v 0.02527827 -0.06479631 -1.53823221
v -0.04177218 0.05672252 -1.49872875
v 0.02578192 -0.06460425 -1.53772068
v 0.02217178 -0.06702901 -1.53545332
v 0.02106370 -0.06773280 -1.53672850
v 0.01944523 -0.06920070 -1.53583455
v -0.03128406 0.06467465 -1.53168178
v -0.03061772 0.06566623 -1.53408623
v -0.03298993 0.06644269 -1.53319657
v -0.02450642 0.05582434 -1.50194407
v -0.02635195 0.05687747 -1.50371742
v -0.03573344 0.06465267 -1.53748345
v -0.03589335 0.06391441 -1.53627706
v -0.03556376 0.06225504 -1.53261805
v -0.03703054 0.06299914 -1.53071439
v 0.02083574 -0.06826227 -1.53454494
v -0.04363708 0.07056303 -1.52478623
v -0.04507917 0.07260399 -1.51626897
v 0.01577762 -0.07602070 -1.52555811
v 0.01980584 -0.07056942 -1.53143787
v 0.01766513 -0.07163583 -1.53300381
v 0.02704288 -0.06408252 -1.53790736
v 0.02803356 -0.06359006 -1.53761673
v 0.02701628 -0.06397707 -1.53839588
v 0.02605311 -0.06428856 -1.53868318
v 0.02669397 -0.06422324 -1.53743458
v 0.02774874 -0.06365239 -1.53689611
v 0.02925177 -0.06288105 -1.53755867
v 0.02908673 -0.06290434 -1.53658831
v 0.03064160 -0.06154134 -1.53626442
v 0.03074636 -0.06150885 -1.53723717
v 0.03206857 -0.05964744 -1.53691685
v -0.05680886 0.05840453 -1.50640869
v -0.04291869 0.05257943 -1.49210513
v 0.03192207 -0.05992487 -1.53741479
v 0.03196382 -0.05967993 -1.53594410
v 0.03035219 -0.06163383 -1.53554428
v 0.03179957 -0.05976066 -1.53521872
v 0.02875079 -0.06289715 -1.53586888
v 0.02734872 -0.06372359 -1.53642464
v 0.02616420 -0.06433635 -1.53696895
v 0.02523380 -0.06483801 -1.53725719
v 0.02459661 -0.06515958 -1.53801990
v 0.02548094 -0.06458475 -1.53626668
v 0.02455721 -0.06519762 -1.53557861
v 0.02611655 -0.06414830 -1.53501391
v 0.02680897 -0.06383958 -1.53571498
v 0.02440784 -0.06527624 -1.53680730
v 0.02328030 -0.06601230 -1.53612900
v -0.03424204 0.06255589 -1.53304923
v -0.03444849 0.06253008 -1.53330231
v -0.03499869 0.06173676 -1.53260112
v -0.03471717 0.06168499 -1.53210151
v 0.02822560 -0.06298010 -1.53540266
v 0.02775991 -0.06301482 -1.53468907
v 0.02957349 -0.06151055 -1.53410852
v 0.03002084 -0.06159647 -1.53482437
v -0.03508019 0.06610329 -1.48991501
v -0.04095685 0.06872111 -1.53080702
v -0.03952495 0.06550479 -1.52883184
v -0.03854893 0.06613611 -1.53098369
v 0.03147360 -0.05975058 -1.53474319
v 0.03106740 -0.05973706 -1.53378224
v -0.05033854 0.08005032 -1.51859474
v -0.05048933 0.08145308 -1.52664769
v -0.05181681 0.08314577 -1.52717054
v -0.05142710 0.08151257 -1.51862192
v 0.03456875 -0.05353524 -1.53747559
v 0.03346910 -0.05305881 -1.53751481
v 0.03231430 -0.05647112 -1.53711367
v 0.03312707 -0.05686849 -1.53732944
v 0.03174120 -0.05989727 -1.53742182
v -0.03055364 0.05398110 -1.48914027
v -0.04008962 0.06044626 -1.52427220
v -0.03936553 0.06153931 -1.52251935
v 0.03103000 -0.05923765 -1.53719878
v 0.03119631 -0.05611533 -1.53715503
v 0.02750419 -0.05384136 -1.53972232
v 0.02694527 -0.05508303 -1.53975987
v 0.03006927 -0.05865899 -1.53723109
v -0.03802591 0.06072196 -1.52956021
v -0.03600603 0.06074871 -1.53094351
v 0.03223120 -0.05308590 -1.53756571
v 0.02804950 -0.05234633 -1.53992677
v 0.03277322 -0.04977185 -1.53848183
v -0.02597813 0.05723919 -1.50638556
v 0.02823384 -0.05085352 -1.54039025
v 0.03338068 -0.04718197 -1.53915942
v 0.03495757 -0.05520388 -1.54920793
v 0.03520411 -0.05526796 -1.54944289
v 0.03389719 -0.05961811 -1.54881465
v 0.03364538 -0.05918290 -1.54857540
v -0.12531371 -0.04825795 -1.52219355
v -0.13064425 -0.04893912 -1.53707981
v -0.13763878 -0.03470322 -1.53328764
v 0.03216454 -0.06186651 -1.54646850
v 0.03178238 -0.06179056 -1.54746056
v 0.02997820 -0.06394871 -1.54609370
v 0.03003072 -0.06375832 -1.54511189
v 0.03243070 -0.06189389 -1.54548061
v -0.04845272 0.07776068 -1.54102445
v -0.04993213 0.07851111 -1.53936553
v -0.04744558 0.07603756 -1.53953755
v -0.04581377 0.07550193 -1.54069901
v -0.04278252 0.07420606 -1.54230094
v -0.04224118 0.07420719 -1.54350054
v -0.04649752 0.07669076 -1.54266763
v -0.03827430 0.06409714 -1.52977479
v -0.03753776 0.06500307 -1.53144443
v 0.03015270 -0.06351682 -1.54412675
v 0.03468822 -0.05953160 -1.54658222
v -0.03414345 0.06370958 -1.50199997
v -0.03510114 0.06436722 -1.49616706
v -0.04651767 0.07403600 -1.50824738
v -0.04382791 0.07314055 -1.50863683
v -0.05461288 0.07601638 -1.51906121
v -0.05466853 0.07600710 -1.52834868
v -0.05289462 0.07394209 -1.52805626
v -0.05339704 0.07441567 -1.51927483
v 0.03431603 -0.05945277 -1.54781818
v 0.03382167 -0.05924067 -1.54856896
v 0.02604372 -0.06223281 -1.54305756
v 0.02691714 -0.06160786 -1.54399180
v -0.05065166 0.06817295 -1.52143562
v -0.05050822 0.06476969 -1.52220297
v -0.02934616 0.06082578 -1.51943088
v -0.02731361 0.05996445 -1.52302325
v -0.03809741 0.06028762 -1.52883530
v -0.03618060 0.06033451 -1.53046679
v -0.04724248 0.06895342 -1.50442755
v -0.04080819 0.06370405 -1.49689651
v -0.04567422 0.06867442 -1.50216770
v -0.03926465 0.05932445 -1.49639654
v -0.03718401 0.05861456 -1.49509835
v -0.03853378 0.06135107 -1.49512112
v 0.02821130 -0.06236526 -1.54370368
v 0.02675938 -0.06320611 -1.54303980
v 0.02525891 -0.06274345 -1.54236257
v 0.02572882 -0.06371010 -1.54235482
v 0.02448471 -0.05728654 -1.54232979
v 0.02485655 -0.05699502 -1.54279983
v 0.02537189 -0.05657110 -1.54326248
v -0.04175045 0.06966262 -1.50443935
v -0.04402219 0.07200638 -1.50572610
v 0.02426636 -0.05744278 -1.54209614
v -0.03538603 0.05817665 -1.52019739
v -0.03684013 0.05652056 -1.51881027
v -0.03500554 0.05706494 -1.51995075
v -0.04431460 0.07380093 -1.52404261
v -0.04496997 0.07480483 -1.51599407
v -0.03368230 0.06532718 -1.53397107
v 0.02412664 -0.05748758 -1.54185796
v -0.03529397 0.06342193 -1.52428555
v -0.03300842 0.06406058 -1.52760553
v -0.03260591 0.06904238 -1.53681529
v -0.03360030 0.06731613 -1.53541017
v -0.03355136 0.06643137 -1.53468561
v -0.03249639 0.06751356 -1.53511846
v -0.03662410 0.05140024 -1.51055431
v -0.03471694 0.05435389 -1.50897551
v -0.03413574 0.05586544 -1.51211035
v 0.02418613 -0.05743934 -1.54161072
v 0.02430591 -0.05740031 -1.54136097
v 0.01481150 -0.07851813 -1.50901163
v 0.01428709 -0.07835891 -1.52027094
v -0.04078514 0.07299305 -1.54321110
v -0.04203073 0.07351822 -1.54130101
v -0.05058079 0.07265864 -1.53457427
v 0.01057870 -0.08019106 -1.51238072
v 0.02688665 -0.06367514 -1.53864193
v -0.03812336 0.06491605 -1.53537893
v -0.03896893 0.06551243 -1.53394032
v 0.02592428 -0.06404407 -1.53917432
v -0.04376236 0.06868615 -1.54631567
v -0.04054925 0.06748602 -1.54448819
v -0.03925321 0.06747778 -1.54467976
v -0.03927102 0.06853849 -1.54857755
v 0.02662740 -0.06307129 -1.53913414
v -0.03439230 0.05708639 -1.49207032
v -0.03686700 0.06031200 -1.49262190
v -0.03718216 0.06025869 -1.49385715
v -0.03528994 0.05780530 -1.49356449
v -0.03458640 0.06027673 -1.50645685
v -0.03710827 0.05940960 -1.50559258
v 0.02578022 -0.06343134 -1.53941727
v -0.04887687 0.07565248 -1.50954628
v -0.04807644 0.07471475 -1.50879169
v -0.04973225 0.07621061 -1.51275110
v -0.05031026 0.07737008 -1.51398277
v 0.02501761 -0.06445237 -1.53970480
v 0.02495261 -0.06481717 -1.53946745
v 0.02798538 -0.06125501 -1.53832424
v 0.02581242 -0.05651044 -1.54006720
v 0.02533616 -0.05686539 -1.54033518
v -0.04188723 0.06133775 -1.52775586
v -0.04166705 0.06066493 -1.52653313
v -0.04181610 0.06758246 -1.53916335
v -0.04277291 0.06999444 -1.54161727
v -0.03940361 0.06854115 -1.54418468
v -0.03948736 0.06703302 -1.54200685
v -0.05251221 0.07451403 -1.53560853
v 0.02705119 -0.06184426 -1.53885794
v 0.02899293 -0.06018320 -1.53778172
v 0.02632617 -0.05597165 -1.54003990
v 0.02494311 -0.05707873 -1.54059815
v 0.02455924 -0.05723176 -1.54085994
v -0.03867801 0.06550772 -1.53270674
v -0.03968659 0.06627885 -1.53273880
v 0.02628265 -0.06209288 -1.53913665
v -0.03821224 0.06500901 -1.53293800
v 0.02551031 -0.06242909 -1.53966081
v 0.02520790 -0.06373196 -1.54017723
v -0.03477471 0.06203766 -1.53063369
v -0.03485988 0.06425054 -1.52938926
v -0.03410398 0.06853479 -1.53712678
v -0.03639768 0.07259239 -1.54083765
v -0.03673367 0.07153711 -1.54110813
v -0.03440105 0.06791443 -1.53787923
v 0.02467470 -0.06290114 -1.54067791
v 0.02462060 -0.06297665 -1.54116964
v 0.02501028 -0.06393987 -1.54067647
v -0.03503749 0.06295941 -1.53503168
v 0.02495617 -0.06401538 -1.54116821
v 0.02492344 -0.06276275 -1.54017735
v -0.11510201 0.01603341 -1.48949707
v -0.12264360 0.01866886 -1.49808145
v 0.02484054 -0.06293529 -1.54189324
v 0.02517532 -0.06391658 -1.54164684
v 0.02471511 -0.06503661 -1.53899097
v 0.02449928 -0.06502131 -1.53973269
v 0.02396512 -0.06553937 -1.54073799
v 0.02414945 -0.06544844 -1.53877473
v -0.03218386 0.06664133 -1.54415679
v -0.03579688 0.06802594 -1.54599833
v -0.03591335 0.06898712 -1.54696906
v -0.03293217 0.06726251 -1.54491293
v -0.04545729 0.07511690 -1.53946733
v 0.02331591 -0.06606186 -1.53881598
v 0.02369660 -0.06567909 -1.53757417
v 0.02346281 -0.06653399 -1.54125893
v 0.02248264 -0.06776869 -1.54155791
v -0.05004816 0.07963983 -1.53593612
v -0.03773466 0.06249837 -1.52097535
v -0.03814915 0.05886291 -1.51785874
v 0.02201436 -0.06725632 -1.53863883
v 0.02249661 -0.06661130 -1.53738976
v 0.02463454 -0.06466283 -1.54021168
v -0.03820112 0.04838733 -1.51676285
v -0.03805266 0.04869530 -1.51797485
v -0.03927876 0.04942909 -1.51752758
v -0.03966084 0.04915678 -1.51632464
v 0.02444689 -0.06486785 -1.54095483
v 0.02491620 -0.06615185 -1.54217243
v -0.04003651 0.05233984 -1.51165986
v -0.03833269 0.05487043 -1.51058304
v -0.03705903 0.05415146 -1.50882912
v -0.03952481 0.05179448 -1.50969076
v 0.02464600 -0.06689975 -1.54292536
v 0.02513228 -0.06547946 -1.54191136
v 0.02650624 -0.06515132 -1.54258442
v 0.02645281 -0.06562811 -1.54308093
v -0.03897816 0.04804748 -1.51362216
v -0.03849141 0.04818478 -1.51506662
v -0.04013279 0.04903927 -1.51439059
v -0.04085221 0.04940037 -1.51294959
v 0.02627500 -0.06617410 -1.54382765
v 0.02815126 -0.06485134 -1.54397976
v -0.03880438 0.07207354 -1.54314113
v -0.04022569 0.07419937 -1.54292965
v 0.02812235 -0.06529220 -1.54496360
v 0.02817180 -0.06452823 -1.54324210
v 0.02510262 -0.06480042 -1.54166019
v -0.04871913 0.08102409 -1.53488815
v -0.04976432 0.08120568 -1.53272963
v -0.04706811 0.07876173 -1.53973436
v -0.04860925 0.07927030 -1.53783655
v 0.02622625 -0.06449579 -1.54234385
v 0.02769718 -0.06393558 -1.54301012
v 0.02968633 -0.06315026 -1.54340839
v -0.02859478 0.06019542 -1.51134443
v -0.03023074 0.06137531 -1.51164150
v -0.03025515 0.06098229 -1.51018119
v -0.04843625 0.08227257 -1.53803825
v -0.04995092 0.08266241 -1.54005027
v -0.02687409 0.05812999 -1.49346149
v -0.02620954 0.05701242 -1.49185932
v -0.01895530 0.02888637 -1.42079151
v -0.02789333 0.04048044 -1.42700589
v -0.02868756 0.04014772 -1.41726851
v -0.02031870 0.02891826 -1.41107309
v -0.03103273 0.06848042 -1.53944552
v -0.03085057 0.06720056 -1.54189658
v 0.03200548 -0.06159973 -1.54451704
v 0.03030683 -0.06059985 -1.54457462
v 0.03426300 -0.05923744 -1.54561877
v -0.03806451 0.04849881 -1.51211345
v -0.03958608 0.04868256 -1.51119602
v -0.03821498 0.05116694 -1.50988901
v -0.03531542 0.05321514 -1.51609933
v -0.03662248 0.04913391 -1.51668954
v 0.03226669 -0.05810396 -1.54544258
v 0.03628701 -0.05597990 -1.54989576
v 0.03486098 -0.06077036 -1.54952192
v 0.03057330 -0.05747519 -1.54550421
v 0.02714157 -0.05445177 -1.54389822
v 0.02779749 -0.05297802 -1.54385400
v 0.03197372 -0.05441338 -1.54565525
v -0.03985827 0.05231262 -1.51336336
v 0.03372458 -0.04458056 -1.54253554
v 0.03404582 -0.04549588 -1.54326618
v -0.03823346 0.05295949 -1.51842058
v -0.03658271 0.05347462 -1.51981318
v -0.03407276 0.05578981 -1.50502276
v -0.03604109 0.05769052 -1.50483632
v -0.03260026 0.05876569 -1.50443888
v -0.04077206 0.04941463 -1.51099145
v -0.03976065 0.06091178 -1.52889574
v 0.02877283 -0.04874697 -1.54278684
v 0.02864161 -0.04833017 -1.54254293
v 0.03460101 -0.04327934 -1.54248428
v 0.03502746 -0.04471990 -1.54321694
v -0.03881636 0.05537624 -1.51401758
v -0.04030405 0.05883479 -1.51183844
v -0.03952675 0.05812103 -1.50961602
v -0.03879878 0.05502972 -1.51206625
v -0.04033915 0.06772794 -1.50147247
v -0.04011210 0.06797100 -1.50317073
v -0.04171411 0.06124993 -1.50722492
v -0.03924618 0.06433398 -1.50733209
v -0.03833226 0.06202524 -1.52393746
v -0.03632784 0.06313442 -1.52701902
v -0.03544801 0.05874600 -1.52043760
v -0.03811656 0.05586456 -1.51618242
v -0.03984996 0.05861997 -1.51402152
v -0.03548646 0.05351455 -1.51756883
v -0.03425463 0.05715317 -1.51747561
v -0.03448263 0.05696311 -1.51870883
v -0.03575934 0.05357382 -1.51855659
v -0.03980806 0.06829885 -1.53418601
v -0.02989645 0.06559574 -1.53967750
v -0.03054532 0.06699975 -1.53675532
v -0.05556262 0.07142166 -1.55067456
v -0.06081482 0.06992210 -1.54308772
v -0.04770986 0.06849072 -1.54330266
v -0.03954242 0.05248041 -1.51505888
v -0.03776281 0.04928587 -1.51893342
v -0.03674216 0.05005149 -1.51863837
v -0.04676840 0.07476205 -1.50531697
v -0.03224042 0.05950873 -1.50417101
v -0.03576088 0.06079510 -1.52873385
v -0.05338835 0.07524323 -1.51388919
v -0.05157137 0.07370075 -1.50870204
v -0.03614352 0.06019660 -1.52997828
v -0.03540576 0.06084226 -1.53091788
v -0.03663210 0.05871093 -1.50509274
v -0.03373715 0.05969746 -1.50545156
v -0.03515909 0.06112202 -1.53139317
v -0.03161488 0.06114571 -1.51121211
v -0.04427535 0.07416510 -1.53429914
v 0.03378515 -0.04886614 -1.54502702
v 0.02875661 -0.05025885 -1.54353833
v -0.04150352 0.06467430 -1.49349272
v -0.03892195 0.06240228 -1.49194813
v 0.02882392 -0.04934773 -1.54328060
v -0.03651597 0.04957172 -1.51790178
v 0.03383576 -0.04712807 -1.54427147
v -0.03650803 0.05338845 -1.50881565
v -0.03891320 0.05282079 -1.51698387
v 0.03570322 -0.04854830 -1.54543376
v 0.03532724 -0.04624474 -1.54420018
v 0.03389543 -0.05488302 -1.54607105
v -0.03329644 0.05968295 -1.51520753
v -0.03300572 0.05916690 -1.51300263
v -0.03164347 0.06156003 -1.51340747
v -0.15079559 -0.01665567 -1.59567475
v -0.15377203 -0.01561481 -1.57868004
v -0.04080892 0.06600085 -1.50786495
v -0.04379515 0.06233901 -1.50900745
v -0.04572721 0.06388589 -1.51004541
v -0.04217691 0.06807443 -1.50862932
v -0.04961530 0.07189456 -1.50375664
v -0.04682013 0.06959881 -1.49927139
v -0.04660902 0.07169154 -1.49728334
v -0.04970867 0.07459805 -1.50226247
v -0.14422755 -0.03448749 -1.58046794
v -0.14079048 -0.03405561 -1.59400582
v -0.06368870 0.07237507 -1.56589997
v -0.04868299 0.07165008 -1.55625522
v -0.05202214 0.07194785 -1.57202601
v -0.04740326 0.07338590 -1.54347658
v -0.04921794 0.07374226 -1.54110312
v -0.05138531 0.07915607 -1.54234934
v -0.03392762 0.06683248 -1.54691339
v -0.03763881 0.06729311 -1.54461610
v -0.03559792 0.06743129 -1.54550850
v -0.05518712 0.07974548 -1.51904058
v 0.02877611 -0.05977549 -1.54487169
v 0.02620635 -0.05567127 -1.54370642
v -0.13353629 -0.04502027 -1.59481657
v -0.13042754 -0.04474542 -1.60372710
v -0.13555148 -0.03553429 -1.60578227
v -0.10203809 -0.03446840 -1.46622539
v -0.10840410 -0.02405137 -1.45707726
v -0.02972842 0.06210514 -1.52896082
v -0.03192704 0.06424378 -1.52975833
v 0.03599269 -0.04136682 -1.54216063
v -0.04812315 0.06812233 -1.50569499
v 0.03615056 -0.04313892 -1.54364109
v -0.04012589 0.06821993 -1.50658917
v -0.04178979 0.07083243 -1.50735927
v -0.03945643 0.07810696 -1.54358518
v -0.03782923 0.07455224 -1.54160595
v 0.03581565 -0.04018915 -1.54093218
v 0.03609282 -0.03958339 -1.54091370
v 0.03615386 -0.04071250 -1.54214633
v 0.03634613 -0.04225840 -1.54362273
v 0.03635174 -0.04531220 -1.54463601
v 0.03682892 -0.04467084 -1.54485321
v 0.03745805 -0.04821216 -1.54633546
v 0.03705574 -0.04829844 -1.54586422
v 0.03579879 -0.05547330 -1.54648900
v 0.03629727 -0.05562874 -1.54720354
v 0.03701184 -0.04768338 -1.54708052
v 0.03644221 -0.04409382 -1.54535091
v 0.03644735 -0.04712112 -1.54782987
v 0.03619359 -0.04388837 -1.54609168
v 0.03537421 -0.05524101 -1.54894698
v 0.03598995 -0.05552895 -1.54843652
v 0.03555746 -0.04300866 -1.53902125
v 0.03577932 -0.04080077 -1.53923047
v 0.03524831 -0.04348169 -1.53928387
v 0.03543969 -0.04106856 -1.53949189
v 0.03406905 -0.04446557 -1.53983235
v 0.03551168 -0.04031467 -1.53996873
v 0.03585065 -0.03964560 -1.53970265
v -0.00112518 -0.01055954 -1.40867889
v -0.00608829 -0.00942559 -1.40214860
v 0.03346750 -0.04517612 -1.53986526
v 0.03601359 -0.04001217 -1.54214370
v 0.03627614 -0.03872084 -1.54065168
v 0.03548431 -0.03874991 -1.54263914
v 0.03596187 -0.03794767 -1.54065537
v 0.03558725 -0.04107133 -1.54486144
v 0.03584949 -0.04153015 -1.54387879
v 0.03598284 -0.03871353 -1.53944182
v 0.03594523 -0.03924122 -1.53896093
v 0.03608602 -0.03803493 -1.53942966
v 0.03603615 -0.03858058 -1.53870511
v 0.03635987 -0.04584233 -1.53584552
v 0.03636665 -0.04560970 -1.53510952
v 0.03624946 -0.04248162 -1.53727639
v 0.03619837 -0.04188086 -1.53678274
v 0.03432731 -0.05380691 -1.53235745
v 0.03270945 -0.05673856 -1.53245807
v 0.03427679 -0.05342004 -1.53113317
v 0.06007315 -0.01666260 -1.51156461
v 0.05878258 -0.01500750 -1.51159775
v 0.05769477 -0.01617179 -1.51361060
v 0.05832424 -0.01690049 -1.51359355
v 0.03255657 -0.05655649 -1.53099608
v 0.03583257 -0.04858766 -1.53150129
v 0.03572961 -0.04910981 -1.53248906
v -0.02714867 -0.04590817 -1.40624928
v 0.02378144 -0.06599177 -1.53464222
v 0.02283764 -0.06695426 -1.53322613
v 0.02488321 -0.06554711 -1.53263736
v 0.02543776 -0.06471038 -1.53407085
v 0.02717729 -0.06328738 -1.53349435
v 0.05811707 -0.01584812 -1.50259411
v 0.05705759 -0.01635765 -1.50435376
v 0.05622743 -0.01526327 -1.50413036
v 0.05745644 -0.01451290 -1.50260532
v 0.02693270 -0.06370852 -1.53204322
v 0.02902804 -0.06156833 -1.53144372
v 0.02917645 -0.06143671 -1.53314650
v 0.03079095 -0.05968163 -1.53281558
v 0.03075786 -0.05946054 -1.53110385
v 0.02025329 -0.06857020 -1.53823757
v 0.02005136 -0.06990167 -1.54143798
v 0.01849669 -0.07019778 -1.53759551
v 0.01765217 -0.07182354 -1.54131424
v 0.03593435 -0.03725798 -1.54358053
v 0.05710484 -0.01911483 -1.51318073
v 0.05938186 -0.02089564 -1.51042104
v 0.06104516 -0.01953873 -1.51131463
v 0.05802217 -0.01813838 -1.51386487
v 0.03584774 -0.03679506 -1.54113507
v 0.03723912 -0.03576204 -1.54424262
v 0.03673873 -0.03546079 -1.54132736
v 0.03823302 -0.03728043 -1.54715204
v 0.03658472 -0.03894436 -1.54626167
v 0.03608158 -0.03719001 -1.53917551
v 0.03607366 -0.03786550 -1.53845072
v 0.03645620 -0.03594336 -1.53914547
v 0.03637481 -0.03691402 -1.53769422
v 0.03635361 -0.04503899 -1.53412592
v 0.03641083 -0.04447460 -1.53338385
v 0.03632276 -0.04128043 -1.53603756
v 0.03649072 -0.04039349 -1.53528714
v -0.12044102 -0.04712782 -1.51123023
v -0.13376568 -0.04879361 -1.55308771
v 0.03124499 -0.06776599 -1.55390596
v 0.03226304 -0.06565533 -1.55115175
v 0.03513128 -0.06252217 -1.55221939
v 0.03492703 -0.06439996 -1.55591500
v 0.02888161 -0.07011220 -1.55793965
v 0.02596736 -0.07210971 -1.55441713
v 0.02805162 -0.06988403 -1.55161798
v 0.02958190 -0.06783833 -1.54957652
v 0.02110420 -0.07062670 -1.54433572
v 0.02306747 -0.06907474 -1.54423726
v 0.02452851 -0.06923603 -1.54588985
v 0.02307747 -0.07085295 -1.54670119
v 0.01881722 -0.07268473 -1.54445338
v 0.02085776 -0.07306233 -1.54755092
v 0.02555073 -0.07063089 -1.54904103
v 0.02697198 -0.06867878 -1.54773831
v 0.02341204 -0.07290114 -1.55062127
v 0.03949202 -0.04548297 -1.55135143
v 0.03785833 -0.04605140 -1.54971445
v 0.03706656 -0.04270568 -1.54799676
v 0.03786917 -0.04132928 -1.54892516
v 0.04095871 -0.04445262 -1.55323410
v 0.03948697 -0.03946010 -1.54981446
v 0.03872082 -0.05830003 -1.55642116
v 0.03774422 -0.05729125 -1.55278397
v 0.03619714 -0.04680078 -1.54808068
v 0.03618141 -0.04462495 -1.54707825
v 0.03616745 -0.04665298 -1.54832447
v 0.03609226 -0.04399415 -1.54707444
v -0.11360408 -0.05639039 -1.61490631
v -0.10136159 -0.06101868 -1.62056983
v -0.10629952 -0.04482210 -1.63328600
v -0.11876865 -0.04152584 -1.62544835
v 0.03177859 -0.06187816 -1.54770613
v 0.03201206 -0.06243400 -1.54794741
v 0.03008350 -0.06466134 -1.54683077
v 0.03002095 -0.06413598 -1.54633844
v 0.02814755 -0.06565756 -1.54545557
v 0.02812150 -0.06629723 -1.54570854
v 0.02609866 -0.06717880 -1.54482412
v 0.02641699 -0.06664545 -1.54456043
v 0.02502469 -0.06709423 -1.54388952
v 0.02443610 -0.06765686 -1.54367590
v 0.03649604 -0.04436659 -1.54779541
v 0.03668576 -0.04661527 -1.54879153
v -0.13560796 -0.04664809 -1.58294749
v 0.02064558 -0.06539506 -1.59438300
v 0.01307464 -0.07097578 -1.59084845
v 0.01898656 -0.06961638 -1.58423817
v 0.03253627 -0.06369992 -1.54891837
v 0.03016656 -0.06592605 -1.54757535
v 0.02775433 -0.06727722 -1.54646802
v 0.02562846 -0.06796230 -1.54534125
v 0.02437429 -0.06825141 -1.54441845
v -0.04465405 -0.08008029 -1.50852561
v -0.04646150 -0.08011303 -1.50859976
v -0.07246739 -0.08405310 -1.51948166
v -0.07103117 -0.08248693 -1.52600169
v -0.06946369 -0.08167698 -1.52934897
v -0.05631160 -0.08470275 -1.53739977
v -0.05958691 -0.08778708 -1.54074645
v -0.06698684 -0.08756965 -1.50072932
v -0.06278996 -0.08478472 -1.49881470
v -0.04009821 0.07827098 -1.54727459
v -0.06749222 -0.08728974 -1.50172400
v -0.07128979 -0.09329706 -1.53713536
v -0.07274689 -0.09341412 -1.53548586
v -0.07257201 -0.09443273 -1.53524637
v -0.10939728 -0.04098123 -1.49152577
v -0.11572948 -0.04525013 -1.50270796
v -0.07419889 -0.09353635 -1.53359187
v -0.04917544 -0.08183704 -1.51337337
v -0.07305427 -0.08508770 -1.51878476
v -0.07521260 -0.08631450 -1.51815438
v -0.07581264 -0.08675186 -1.51280844
v -0.07458483 -0.08637056 -1.51348686
v -0.07381541 -0.08615726 -1.50783300
v -0.07298195 -0.08589653 -1.50877333
v -0.07019658 -0.08856111 -1.50429285
v -0.07253642 -0.08973823 -1.50831175
v -0.06104481 -0.08891800 -1.54106367
v -0.05963074 -0.08840639 -1.54026687
v -0.06141274 -0.08966421 -1.54108751
v -0.05066834 -0.08224842 -1.51221752
v -0.05592749 -0.08287890 -1.53565216
v -0.05492104 -0.08251667 -1.53340769
v -0.05524416 -0.08209264 -1.53366029
v -0.05329134 -0.07786725 -1.51740408
v -0.05349050 -0.07788096 -1.51838970
v -0.05345283 -0.07928859 -1.51596129
v -0.05255670 -0.08211014 -1.51424766
v -0.05208150 -0.07527877 -1.50681734
v -0.05391422 -0.07427604 -1.50590289
v -0.05336592 -0.07493282 -1.50491095
v -0.06516449 -0.09151199 -1.54737103
v -0.05471549 -0.08268910 -1.53242397
v -0.05503352 -0.08404250 -1.53343034
v -0.05523955 -0.08454451 -1.53466642
v -0.06185499 -0.09046959 -1.54062641
v -0.05550554 -0.08479489 -1.53565764
v -0.05538710 -0.08395330 -1.53539848
v -0.05636167 -0.08550187 -1.53716695
v -0.05549643 -0.08331501 -1.53563976
v -0.06700669 -0.07879378 -1.51137757
v -0.06467459 -0.07779627 -1.51102626
v -0.04498440 -0.08181124 -1.52957296
v -0.04746747 -0.08202739 -1.52747786
v -0.06047173 -0.08422153 -1.49822474
v -0.06564921 -0.08201677 -1.53579450
v -0.06721979 -0.08228410 -1.53854966
v -0.07438725 -0.09110903 -1.51255739
v -0.06358501 -0.08550113 -1.50716329
v -0.06146096 -0.08361660 -1.50632131
v -0.06560375 -0.08721215 -1.50824332
v -0.06753942 -0.08860084 -1.51078212
v -0.05926995 -0.07771762 -1.52668703
v -0.06545098 -0.08837322 -1.53073037
v -0.06689768 -0.08869023 -1.52834964
v -0.06367938 -0.08691545 -1.53064084
v -0.06547776 -0.08353313 -1.54215837
v -0.06304291 -0.08359614 -1.54205978
v -0.06380439 -0.08307866 -1.53695345
v -0.06232174 -0.08318156 -1.54031503
v -0.05244808 -0.07719790 -1.51027572
v -0.05597072 -0.07596364 -1.50454068
v -0.05670375 -0.07563137 -1.50652146
v -0.05695727 -0.07692403 -1.50459230
v -0.05839236 -0.07674910 -1.50562620
v -0.06009747 -0.07671372 -1.50691712
v -0.06144009 -0.07696733 -1.50892973
v -0.06192460 -0.07728137 -1.51139665
v -0.05291314 -0.07668173 -1.51444244
v -0.05276068 -0.08491853 -1.54165554
v -0.05278546 -0.07617657 -1.51272082
v -0.05322878 -0.07820743 -1.51618373
v -0.05298210 -0.07840376 -1.51422119
v -0.05256808 -0.07807014 -1.51224566
v -0.05479893 -0.08196615 -1.50334203
v -0.05720396 -0.08224718 -1.50515389
v -0.05377167 -0.08087532 -1.50402021
v -0.05953235 -0.08262365 -1.50574207
v -0.05324052 -0.07984103 -1.50423074
v -0.06451970 -0.08266090 -1.53697777
v -0.06438321 -0.08293306 -1.54015183
v -0.04262649 -0.08069398 -1.51211524
v 0.00567398 -0.08151019 -1.51772773
v 0.00068864 -0.08211613 -1.52771211
v 0.02618951 -0.04614947 -1.46650434
v 0.02629933 -0.04539248 -1.46319234
v 0.01946396 -0.07603636 -1.50610471
v 0.02524627 -0.07227220 -1.50338078
v 0.03890548 -0.04703882 -1.47124910
v 0.03898254 -0.04628128 -1.47025967
v 0.03931175 -0.04545864 -1.47072518
v 0.03904843 -0.04616130 -1.47147727
v 0.03759002 -0.04389314 -1.47114348
v 0.03694044 -0.04457653 -1.47142243
v 0.03787987 -0.04488963 -1.47138786
v 0.03845270 -0.04427389 -1.47099066
v 0.04151046 -0.05052264 -1.48828793
v 0.04014814 -0.05399372 -1.49229407
v 0.03806615 -0.05669574 -1.48752415
v 0.03974606 -0.05335250 -1.48423958
v 0.02930103 -0.04516520 -1.47113037
v 0.03007567 -0.04500350 -1.47292948
v 0.03409584 -0.04443557 -1.47239208
v 0.03346789 -0.04469460 -1.47156560
v 0.02916547 -0.04496151 -1.46844578
v 0.03288381 -0.04450845 -1.47012115
v 0.02657034 -0.04633330 -1.47064483
v 0.02729598 -0.04590183 -1.47329783
v 0.03280490 -0.05500851 -1.46487284
v 0.03511739 -0.05175529 -1.46706128
v 0.03599662 -0.05296741 -1.47058272
v 0.03387868 -0.05615998 -1.46997380
v 0.04258268 -0.04735360 -1.50017953
v 0.04144088 -0.05095740 -1.49611497
v 0.04250013 -0.04785668 -1.49212563
v 0.04341842 -0.04422539 -1.49668777
v 0.04508012 -0.04069874 -1.50170946
v 0.04376655 -0.04353580 -1.50448442
v 0.04956400 -0.03999230 -1.50933707
v 0.05031261 -0.04062009 -1.50564873
v 0.05349495 -0.04053706 -1.50454044
v 0.05250471 -0.04071660 -1.50678205
v 0.05174814 -0.03850809 -1.50092268
v 0.04859735 -0.04038252 -1.50351691
v 0.05254214 -0.03465825 -1.49986744
v 0.05836694 -0.01251922 -1.50230026
v 0.05714182 -0.01336939 -1.50431514
v 0.05912167 -0.01298823 -1.50447416
v 0.06033787 -0.01151070 -1.50294089
v 0.05349704 -0.03465191 -1.50056136
v 0.05032582 -0.03834280 -1.50024581
v 0.06547783 -0.02071218 -1.50283980
v 0.06589803 -0.01972987 -1.50501013
v 0.06347860 -0.02044235 -1.50438428
v 0.06293030 -0.02030133 -1.50245023
v 0.04840514 -0.03820947 -1.49958956
v 0.05138803 -0.03475764 -1.49918270
v 0.05459407 -0.03424183 -1.50173354
v 0.05433998 -0.03700468 -1.50128782
v 0.06562357 -0.01800888 -1.50548971
v 0.06755888 -0.01651547 -1.50490439
v 0.06618212 -0.01461577 -1.50493813
v 0.06430697 -0.01646223 -1.50528085
v 0.05860056 -0.02022527 -1.50677991
v 0.06007305 -0.01896539 -1.50475025
v 0.06218791 -0.02144342 -1.50689220
v 0.05743674 -0.01252501 -1.50698090
v 0.05575615 -0.01358997 -1.50608468
v 0.05530330 -0.01473106 -1.51002610
v 0.05642214 -0.01364650 -1.51070070
v 0.05579798 -0.03880879 -1.50295997
v 0.06377549 -0.02950337 -1.50154710
v 0.06564094 -0.03093680 -1.50270951
v 0.05070579 -0.03241448 -1.53265786
v 0.04720502 -0.03468067 -1.52940679
v 0.05271776 -0.03269285 -1.52989125
v 0.04924380 -0.03490803 -1.52712715
v 0.05968578 -0.03855243 -1.50499737
v 0.05804195 -0.03965941 -1.50678790
v 0.06377560 -0.03671667 -1.50603044
v 0.06336565 -0.03760529 -1.50850105
v 0.05108098 -0.02727897 -1.54748678
v 0.05970373 -0.02672446 -1.49874830
v 0.05909954 -0.02685859 -1.49804151
v 0.06171574 -0.02672557 -1.49964356
v -0.13558181 -0.01842689 -1.61877596
v -0.12379999 -0.02100555 -1.63151991
v -0.09958706 -0.02434627 -1.64596462
v -0.08633479 -0.02398608 -1.65006185
v 0.05845099 -0.03010751 -1.48149109
v 0.05866393 -0.02980225 -1.48416650
v 0.04054080 -0.03476162 -1.47775686
v 0.04295929 -0.02956109 -1.47820759
v 0.04734607 -0.02982608 -1.47607684
v 0.04526995 -0.03486615 -1.47585464
v 0.04246696 -0.03853831 -1.47540152
v 0.03768239 -0.03876697 -1.47718775
v 0.03802257 -0.03465945 -1.47932446
v 0.04029115 -0.02922774 -1.47977853
v 0.04970423 -0.03503812 -1.47457612
v 0.05261448 -0.03022344 -1.47488904
v 0.05536168 -0.03044601 -1.47649002
v 0.05193104 -0.03537469 -1.47595525
v 0.04631754 -0.04060535 -1.49506056
v 0.04937206 -0.03699584 -1.49587059
v 0.05319878 -0.03339396 -1.49591613
v 0.05615333 -0.03059689 -1.49576259
v 0.05674992 -0.03007739 -1.49793112
v 0.05434969 -0.03219419 -1.49854279
v 0.05723109 -0.02994088 -1.49864292
v 0.05501403 -0.03207020 -1.49924731
v 0.05565795 -0.03214315 -1.50019920
v 0.05600785 -0.03265230 -1.50165701
v 0.05748342 -0.03099946 -1.50133288
v 0.05709585 -0.03142747 -1.50257552
v 0.05762869 -0.03001094 -1.49960494
v 0.06522729 -0.02931060 -1.52372074
v 0.06274326 -0.02873619 -1.52748048
v 0.05604343 -0.03402414 -1.48578942
v 0.05824927 -0.02947338 -1.48650086
v 0.05767259 -0.02862027 -1.49054599
v 0.05574505 -0.03271452 -1.49042869
v 0.05267705 -0.03678707 -1.48950243
v 0.05262331 -0.03853890 -1.48390543
v 0.05859193 -0.02710637 -1.49708784
v 0.05602230 -0.03437907 -1.48347330
v 0.05557107 -0.03462868 -1.48080683
v 0.05238727 -0.03902745 -1.48135531
v 0.05171327 -0.03921331 -1.47906375
v 0.04855097 -0.04266093 -1.48118830
v 0.04896110 -0.04156197 -1.48738933
v 0.04456882 -0.04663371 -1.48494077
v 0.04438370 -0.04609617 -1.47810030
v 0.03740915 -0.05307504 -1.47394717
v 0.03838769 -0.04835290 -1.47104144
v 0.03910422 -0.04851077 -1.47260237
v 0.04030010 -0.04835606 -1.47413993
v 0.03914741 -0.05228895 -1.47740984
v 0.03554835 -0.05620107 -1.47491527
v 0.03754982 -0.05524576 -1.47970915
v 0.04136636 -0.05040134 -1.48096216
v 0.04182506 -0.04772254 -1.47590280
v 0.03959059 -0.04727786 -1.47232354
v 0.03942363 -0.04628470 -1.47207427
v 0.04063678 -0.04717083 -1.47337914
v 0.04033159 -0.04614995 -1.47264647
v 0.04191389 -0.04673093 -1.47429919
v 0.04146210 -0.04580009 -1.47332931
v 0.04309798 -0.04502919 -1.47423077
v 0.04391512 -0.04574247 -1.47579408
v 0.03849849 -0.04397450 -1.47257352
v 0.03986828 -0.04317401 -1.47287464
v 0.04112061 -0.04345772 -1.47282684
v 0.03969740 -0.04420377 -1.47252727
v 0.03747102 -0.04452085 -1.47213316
v 0.03881614 -0.04463136 -1.47220170
v 0.03517563 -0.04404490 -1.47319865
v 0.03630695 -0.04322124 -1.47363138
v -0.01590869 0.03174078 -1.43700445
v -0.02775026 0.04190440 -1.44042206
v 0.03652946 -0.04493923 -1.47181010
v 0.03761009 -0.04513502 -1.47176826
v 0.03906433 -0.04533933 -1.47183347
v 0.03964981 -0.04526558 -1.47229743
v 0.04065206 -0.04488511 -1.47274065
v 0.04208064 -0.04416634 -1.47328472
v 0.05047460 -0.03908705 -1.47691369
v 0.04769162 -0.04231589 -1.47682106
v 0.04626916 -0.04186953 -1.47504139
v 0.04841863 -0.03868727 -1.47491598
v 0.04470910 -0.04126771 -1.47387624
v 0.03522851 -0.03895897 -1.47838974
v 0.04666359 -0.03821331 -1.47400463
v 0.03435194 -0.04200592 -1.47577381
v 0.03177587 -0.04259588 -1.47698545
v 0.03880618 -0.04164088 -1.47448814
v 0.03135626 -0.04463468 -1.47421670
v 0.03220409 -0.04361565 -1.47453654
v 0.02877750 -0.04521100 -1.47530615
v 0.03008294 -0.04411634 -1.47597301
v 0.04294493 -0.04094775 -1.47333360
v 0.04832612 -0.04270152 -1.47875452
v 0.05406893 -0.03492401 -1.47830606
v 0.05710096 -0.03021389 -1.47898185
v 0.04415004 0.01189354 -1.52531624
v 0.04514909 0.01110187 -1.52235270
v 0.04528957 0.00684380 -1.52361894
v 0.04448356 0.00781322 -1.52608383
v 0.07079296 -0.03092921 -1.51593804
v 0.06785493 -0.03015767 -1.51995826
v 0.03923446 -0.04478115 -1.47084260
v -0.01345136 -0.02754065 -1.39679897
v -0.03069705 0.06220027 -1.51580465
v -0.02963080 0.06155699 -1.51650178
v -0.05098295 0.07377802 -1.53848696
v 0.03827312 -0.04751319 -1.46957016
v 0.02897624 -0.04433082 -1.46588039
v 0.03319476 -0.04380424 -1.46900070
v 0.03301070 -0.05199574 -1.45994210
v 0.03536670 -0.04788718 -1.45515478
v 0.03793981 -0.04622997 -1.45918405
v 0.03556402 -0.04946923 -1.46322882
v 0.04121704 -0.04403220 -1.46488857
v 0.03919267 -0.04623836 -1.46756279
v -0.04510191 0.07762401 -1.54113364
v 0.04007997 -0.04517908 -1.46873581
v 0.04217888 -0.04310776 -1.46691525
v 0.04277996 -0.04237071 -1.46834803
v 0.04043600 -0.04430544 -1.46968830
v 0.04173901 -0.04038673 -1.47032189
v 0.04509907 -0.03657696 -1.47026193
v 0.04024641 -0.03525107 -1.46739006
v 0.03725908 -0.03944946 -1.46743941
v 0.03441556 -0.04292147 -1.46832955
v 0.03855711 -0.04315021 -1.47085094
v -0.04512699 0.07300761 -1.54509854
v -0.04051723 0.07122836 -1.54688621
v -0.03997571 0.06963801 -1.54541683
v -0.04388276 0.07118218 -1.54335904
v 0.04242568 -0.04108227 -1.47005773
v 0.03942168 -0.04348715 -1.47057533
v 0.04617080 -0.03720563 -1.47010338
v -0.01936262 -0.03635938 -1.40056527
v 0.04016109 -0.04383586 -1.47030485
v 0.04265257 -0.04152468 -1.46968722
v 0.04657609 -0.03794087 -1.46911812
v 0.04678309 -0.03891807 -1.46716654
v 0.04657644 -0.03971310 -1.46498525
v 0.04545810 -0.04029293 -1.46235001
v 0.04167756 -0.04146162 -1.45555437
v 0.03956159 -0.04229585 -1.45051932
v 0.04507914 -0.03597189 -1.45315158
v 0.04379968 -0.03657889 -1.44807971
v 0.04940523 -0.03580344 -1.46042538
v 0.05103951 -0.03563851 -1.46365535
v 0.05094287 -0.03493497 -1.46633875
v 0.05027949 -0.03421326 -1.46867859
v 0.05796416 -0.02755058 -1.49540830
v 0.05886922 -0.02999971 -1.50126457
v 0.06126303 -0.02926760 -1.50115812
v 0.06622609 -0.03314444 -1.50417781
v 0.06398949 -0.02697114 -1.50028670
v 0.06556018 -0.03546587 -1.50569844
v 0.06717339 -0.03406218 -1.50512731
v 0.06810613 -0.03479530 -1.50656390
v 0.06681398 -0.03577298 -1.50736129
v 0.06850454 -0.03282814 -1.50432539
v 0.06913121 -0.03407665 -1.50626934
v 0.07065338 -0.02905627 -1.50346005
v 0.07265827 -0.03013670 -1.50681186
v 0.07266022 -0.03109704 -1.51219869
v 0.07321872 -0.03060360 -1.50874925
v 0.06858945 -0.03530113 -1.50826061
v 0.06687501 -0.03646676 -1.51005483
v -0.04481438 0.08103643 -1.54108155
v 0.06485777 -0.03634851 -1.51331222
v 0.06096740 -0.03783887 -1.51128960
v -0.04019961 -0.02146406 -1.65352428
v 0.04963958 -0.03346094 -1.46991754
v 0.04803298 -0.03232412 -1.47021413
v -0.03207138 0.06050132 -1.50244200
v -0.04222838 0.07124730 -1.53009617
v 0.03266953 -0.03357764 -1.45827234
v 0.03545279 -0.03418984 -1.46231985
v 0.03753016 -0.02976494 -1.46181619
v -0.03816804 0.07013360 -1.54704762
v -0.03815150 0.07355648 -1.54871678
v 0.03487859 -0.02916071 -1.45800781
v 0.04933485 -0.02863061 -1.47011733
v -0.05046942 0.07902546 -1.51885653
v -0.04679367 0.08168239 -1.53968859
v -0.04588941 0.07978980 -1.53820801
v -0.03289307 0.07054541 -1.53900838
v -0.04758112 0.06557071 -1.51254463
v -0.04440426 0.07169428 -1.51258695
v -0.04330478 0.07018191 -1.50987220
v -0.04679712 0.06473690 -1.51056767
v -0.04114661 0.06038272 -1.52553773
v 0.04378649 -0.02738590 -1.46715260
v 0.04257971 -0.03089113 -1.46736550
v 0.05152563 -0.02920248 -1.46991241
v 0.05261298 -0.02982084 -1.46853149
v 0.05359270 -0.03049053 -1.46617818
v 0.03868153 -0.02621847 -1.46160519
v 0.03599506 -0.02578112 -1.45755589
v -0.02352532 0.05687806 -1.50702274
v 0.03005615 -0.04287547 -1.46410871
v -0.03798685 0.06679148 -1.49674487
v -0.03996923 0.06835045 -1.49802923
v -0.10638396 0.03079955 -1.49043274
v -0.11293772 0.03509282 -1.50042343
v -0.05343829 0.08157264 -1.51870334
v 0.02755867 -0.04297478 -1.46066892
v 0.03291763 -0.03872287 -1.46259904
v 0.03033586 -0.03853378 -1.45903707
v 0.04742579 -0.03079997 -1.44713044
v 0.04795139 -0.03028236 -1.45223403
v 0.05354660 -0.03075898 -1.46288455
v 0.05182454 -0.03056444 -1.45916522
v -0.11215622 -0.02302082 -1.64010906
v -0.01141674 -0.07797721 -1.59706211
v -0.00309463 -0.07794671 -1.59012485
v -0.03982401 0.07203519 -1.54269457
v 0.00472967 -0.07257665 -1.59780526
v -0.00287686 -0.07286183 -1.60349476
v -0.01937464 -0.07718161 -1.60495234
v -0.01041814 -0.07209451 -1.60990214
v -0.06430647 -0.04711809 -1.64406025
v -0.05018770 -0.04968289 -1.64302552
v -0.04328882 -0.03225528 -1.65084577
v -0.07781097 -0.04049861 -1.64575505
v -0.08909845 -0.05088606 -1.63705349
v -0.06949066 -0.05554505 -1.63801849
v -0.05430394 -0.05758952 -1.63717842
v -0.03312128 0.06250875 -1.50221682
v -0.03266684 0.06177820 -1.49634266
v -0.03078727 0.06008060 -1.49677467
v -0.03937928 0.06599388 -1.53321838
v -0.11013220 -0.02285723 -1.44455004
v -0.13578567 -0.04817250 -1.56538010
v -0.04059228 -0.05809069 -1.63589156
v -0.03647659 -0.05093782 -1.64101458
v -0.02408583 -0.05232187 -1.63783729
v -0.02880603 -0.05865509 -1.63370657
v -0.02862927 -0.03458958 -1.64832008
v -0.02497024 -0.02394373 -1.65073276
v -0.14377816 -0.01465510 -1.52865899
v 0.06022633 -0.02831547 -1.53099906
v -0.09350809 -0.04707175 -1.47763240
v -0.07824770 -0.06014218 -1.47533119
v -0.06266862 -0.06363006 -1.42513478
v -0.05968537 -0.07549356 -1.49589038
v -0.06044856 -0.07505967 -1.49640512
v -0.06206762 -0.06552762 -1.46019590
v -0.06154797 -0.06688340 -1.47326303
v -0.10380381 -0.03657531 -1.47829521
v -0.07137986 -0.08326224 -1.50745511
v -0.07248589 -0.08376800 -1.51117134
v -0.07133776 -0.08445896 -1.50649011
v -0.07267825 -0.08504797 -1.51046133
v -0.07318769 -0.08520394 -1.51463771
v -0.07083359 -0.08500318 -1.50452113
v -0.06046288 -0.08417506 -1.54196119
v -0.05975508 -0.08548664 -1.54365826
v -0.04830395 0.06743132 -1.50693226
v -0.04932960 0.06762749 -1.50917089
v -0.05550506 -0.07560691 -1.49401069
v -0.05692048 -0.07531596 -1.49479806
v -0.03885174 0.04971659 -1.51823974
v -0.05610935 -0.07488868 -1.49451566
v -0.05481265 -0.07485072 -1.49385142
v -0.05408979 -0.07553194 -1.49297476
v -0.05383951 -0.07488681 -1.49320126
v -0.05422122 -0.08761873 -1.55762947
v -0.05686962 -0.07324067 -1.49391627
v -0.05963416 -0.07450946 -1.49612105
v -0.05816435 -0.07474699 -1.49533081
v -0.05677126 -0.07417046 -1.49453413
v -0.05516972 -0.07406219 -1.49349010
v -0.05355040 -0.07432475 -1.49257195
v -0.05303283 -0.07515759 -1.49182761
v -0.04602895 0.06894901 -1.50071287
v -0.04114963 0.06428081 -1.49519324
v -0.03998493 0.04831901 -1.44487739
v -0.05472624 0.04828075 -1.44865608
v -0.05367061 0.04813524 -1.43749714
v -0.03978755 0.04745145 -1.43266249
v -0.02360007 0.05881137 -1.52117491
v -0.02673748 0.05915806 -1.51396859
v -0.02488149 0.05835902 -1.51268053
v -0.07140507 -0.08499970 -1.50332284
v -0.05922047 -0.07945060 -1.49261963
v -0.00177265 0.00382009 -1.41733181
v -0.00797118 0.00207706 -1.40624344
v -0.06663413 -0.08361663 -1.53463197
v -0.06805454 -0.08349241 -1.53297806
v -0.06990489 -0.08559064 -1.53454447
v -0.06842522 -0.08565339 -1.53668380
v -0.10908802 -0.05830365 -1.51260912
v -0.11440396 -0.05999213 -1.52310848
v -0.11210390 -0.00976826 -1.44728589
v -0.11134534 -0.00984784 -1.45910645
v -0.10099043 -0.07592233 -1.55549097
v -0.06512329 -0.08375467 -1.53628230
v -0.06692356 -0.08585174 -1.53833532
v -0.07290226 -0.08412333 -1.51534629
v -0.06500055 -0.08286081 -1.53553367
v -0.06649552 -0.08278252 -1.53412771
v -0.06857133 -0.08668038 -1.54012275
v -0.07028809 -0.08651532 -1.53823614
v -0.07177117 -0.08620958 -1.53584969
v -0.06788658 -0.08260546 -1.53222775
v -0.01941568 0.05687685 -1.50734377
v -0.00887612 0.05482305 -1.50620472
v -0.00795953 0.05657419 -1.52202892
v -0.01821863 0.05761539 -1.51730418
v -0.06730697 -0.08321866 -1.54076326
v -0.07768130 -0.08436489 -1.58493781
v -0.09144004 -0.08064260 -1.57959127
v -0.08022700 -0.08027785 -1.60185313
v -0.09509297 -0.07625433 -1.59703684
v -0.11056252 -0.06925548 -1.59123278
v -0.10696207 -0.07347260 -1.57256556
v -0.06167721 -0.08374285 -1.54200578
v -0.06019027 -0.08626668 -1.54466259
v -0.02726274 -0.07599545 -1.61112452
v -0.03544614 -0.08009398 -1.60588717
v -0.01746299 -0.07097974 -1.61579645
v -0.02416423 -0.06934428 -1.62093759
v -0.03407547 -0.07374783 -1.61675167
v -0.04713209 -0.07965515 -1.61051273
v -0.06307676 -0.08791627 -1.57607579
v -0.06339318 -0.08582263 -1.59023595
v -0.04960298 -0.08543653 -1.59431100
v 0.02664476 0.03962740 -1.55160367
v 0.02223801 0.04210304 -1.55248737
v 0.02216113 0.04262190 -1.54295492
v 0.02578785 0.03999195 -1.54405975
v -0.06464964 -0.08108149 -1.60635793
v -0.05272631 -0.07419456 -1.61971736
v -0.06766967 -0.07568316 -1.61667991
v -0.05540911 -0.06711511 -1.62853956
v -0.07020792 -0.06714012 -1.62743366
v -0.08624859 -0.06443185 -1.62536871
v -0.08286312 -0.07473534 -1.61313510
v -0.03992441 -0.07096839 -1.62233317
v -0.02931235 -0.06675114 -1.62551522
v -0.04242504 -0.06577271 -1.62921548
v -0.03335280 -0.06396113 -1.62980103
v -0.04243208 -0.08464853 -1.59571934
v -0.05252133 -0.07125909 -1.48809552
v -0.04828442 -0.07373527 -1.48746312
v 0.03870239 -0.00208463 -1.60975778
v 0.03943044 -0.01277627 -1.61009872
v 0.03416769 -0.01166238 -1.61811936
v 0.03321603 -0.00075587 -1.61754072
v -0.04081106 -0.07863430 -1.49784482
v -0.11735062 0.03761338 -1.50888145
v -0.12177013 0.03952652 -1.51954603
v -0.13168110 0.02166143 -1.51600778
v -0.12690879 0.02032044 -1.50581074
v -0.00659740 -0.08372851 -1.52069831
v -0.00836925 -0.08328635 -1.53371561
v -0.01911384 -0.08493958 -1.52611041
v -0.01779065 -0.08343078 -1.51137793
v 0.01178668 0.00269295 -1.63596749
v 0.01293846 -0.00836535 -1.63751709
v 0.00300394 -0.00679577 -1.64279103
v 0.00210457 0.00436234 -1.64098549
v 0.03789726 0.03144313 -1.52289712
v 0.03809342 0.03355144 -1.51651132
v 0.04118254 0.02924455 -1.51594734
v 0.04026223 0.02764794 -1.52235675
v -0.00938172 -0.08195496 -1.54766870
v -0.02020742 -0.08390000 -1.54031467
v -0.02195876 -0.08349626 -1.55479765
v -0.00984074 -0.08218049 -1.56210637
v -0.12508017 -0.05868111 -1.58632505
v -0.12423918 -0.06133971 -1.56921804
v -0.02992108 0.06109029 -1.49159610
v -0.02859158 0.05991749 -1.49253309
v -0.12238184 -0.06215642 -1.55669045
v 0.02320999 -0.06832992 -1.57818627
v -0.00884867 -0.00505191 -1.64691949
v -0.00945805 0.00625041 -1.64485598
v -0.14287415 -0.01728514 -1.60953069
v 0.01292827 -0.06636432 -1.60228407
v -0.12401283 -0.05096625 -1.60720384
v -0.10913396 0.00244789 -1.45972621
v -0.12987222 -0.03763998 -1.61388290
v -0.09752381 -0.07104733 -1.60855877
v -0.11041893 -0.06529666 -1.60315299
v -0.12456290 -0.05525983 -1.59725893
v -0.11985022 -0.06171815 -1.54069948
v -0.02133557 -0.06062839 -1.63000417
v 0.01537739 -0.07475637 -1.54437387
v 0.01450786 -0.07386974 -1.54000068
v 0.01722099 -0.07504223 -1.54918885
v 0.01603139 -0.07239608 -1.53527856
v 0.04426850 -0.03776149 -1.52638650
v 0.04612882 -0.03760233 -1.52435398
v 0.04799660 -0.03761181 -1.52159011
v 0.04346829 -0.04061617 -1.52181041
v 0.04524141 -0.04031142 -1.51855803
v 0.05349674 -0.03517570 -1.52158117
v 0.05126493 -0.03512608 -1.52435946
v 0.04985991 -0.03730761 -1.51906705
v 0.05154442 -0.03711718 -1.51557517
v 0.05561278 -0.03545561 -1.51832151
v 0.04652214 -0.04057939 -1.50335956
v 0.04528037 -0.04141714 -1.50806272
v 0.04781740 -0.03924855 -1.51233172
v 0.04330081 -0.04380214 -1.51574636
v 0.04454360 -0.04286538 -1.51226366
v 0.04669565 -0.03979489 -1.51580477
v 0.04145512 -0.04464689 -1.51925242
v 0.05354799 -0.03847986 -1.51208866
v 0.05598241 -0.03991161 -1.50882971
v 0.05837766 -0.03667989 -1.51480234
v 0.06185733 -0.03539357 -1.51659989
v 0.05922036 -0.03426486 -1.52060366
v 0.04182471 -0.04103546 -1.52408159
v 0.04000384 -0.04554962 -1.52201009
v 0.04326300 -0.04622757 -1.50844622
v 0.04208907 -0.05057373 -1.50488031
v 0.04172409 -0.04820807 -1.51317489
v 0.04066020 -0.05236162 -1.51009095
v 0.04013182 -0.04907166 -1.51691532
v 0.03893289 -0.05342724 -1.51432788
v 0.04078622 -0.05448800 -1.50107026
v 0.03895224 -0.05771283 -1.49678504
v 0.03639617 -0.06056733 -1.49154758
v 0.03731174 -0.06048680 -1.50201595
v 0.03455096 -0.06375091 -1.49630296
v 0.03552113 -0.06221949 -1.50724077
v 0.03255423 -0.06615310 -1.50203276
v 0.04780031 -0.01116930 -1.53179252
v 0.04533918 -0.01041127 -1.53383875
v 0.04458354 -0.00651447 -1.53089154
v 0.04643754 -0.00714566 -1.52862418
v 0.05032330 -0.01641390 -1.58208621
v 0.04845080 -0.01525479 -1.58972359
v 0.04818805 -0.00609120 -1.58987045
v 0.05038262 -0.00790949 -1.58198333
v 0.03920992 -0.05683973 -1.50629354
v 0.03732924 -0.05822802 -1.51102924
v 0.03721854 -0.05434494 -1.51831818
v 0.03857611 -0.05003782 -1.52041101
v 0.03224992 -0.06280492 -1.51910961
v 0.03378659 -0.06296000 -1.51318455
v 0.03552125 -0.05873247 -1.51575160
v 0.03395454 -0.05892988 -1.52070475
v 0.03070835 -0.06753352 -1.50921035
v 0.02979795 -0.06700674 -1.51706028
v 0.02874983 -0.06594751 -1.52246606
v 0.03479171 -0.05277780 -1.52914989
v 0.03628341 -0.04802382 -1.52976584
v 0.03315689 -0.05610142 -1.52876711
v 0.03102287 -0.06220330 -1.52330649
v 0.03284165 -0.05894965 -1.52392685
v 0.02225282 -0.06883117 -1.53033996
v 0.02479759 -0.06691828 -1.52948046
v 0.02961435 -0.06189143 -1.52873588
v 0.03150694 -0.05924419 -1.52887166
v 0.02736620 -0.06456818 -1.52910352
v 0.03697241 -0.04358820 -1.53164005
v 0.03767516 -0.03906210 -1.53351271
v -0.07635099 -0.05913977 -1.46302474
v 0.05723190 -0.03361426 -1.52409792
v 0.05489453 -0.03310438 -1.52711952
v 0.04180238 -0.03693470 -1.55017877
v 0.04078041 -0.03485215 -1.54750812
v 0.04807365 -0.02995474 -1.54739690
v 0.04374832 -0.04143090 -1.55430627
v 0.03825292 -0.03588909 -1.53589511
v 0.04420479 -0.00188716 -1.52840889
v 0.04538790 -0.00293618 -1.52641821
v 0.03881631 -0.03409046 -1.53853858
v 0.03926228 -0.03346973 -1.54120088
v 0.03994481 -0.03344720 -1.54434919
v 0.02795554 -0.01072156 -1.62544775
v 0.02664226 0.00036635 -1.62439311
v -0.05994218 0.01277592 -1.65245974
v -0.05131220 0.01192171 -1.65211749
v -0.05322991 0.00095272 -1.65501320
v -0.06575210 0.00384532 -1.65451288
v 0.04310290 -0.05255678 -1.56863594
v 0.04529957 -0.04940036 -1.56191170
v 0.00642417 -0.07639715 -1.58336496
v 0.00209349 -0.07888818 -1.57477486
v 0.02573587 -0.07067700 -1.56345034
v 0.02243512 -0.07334292 -1.55897403
v 0.01943758 -0.07476340 -1.55422628
v -0.00080835 -0.07995284 -1.56317747
v -0.00164310 -0.08042041 -1.55075550
v -0.00113991 -0.08120240 -1.53901577
v -0.07773538 0.06405364 -1.52356720
v -0.06235396 0.06472158 -1.52244282
v -0.06338939 0.06768327 -1.53417850
v -0.07999431 0.06771778 -1.53998721
v -0.00102083 -0.06556697 -1.61457264
v -0.00758800 0.01633506 -1.42475176
v -0.01281349 0.01509380 -1.41288471
v -0.11059605 0.00339256 -1.44865704
v -0.00753486 -0.06440977 -1.62044477
v 0.00580695 -0.06622098 -1.60843730
v -0.01452786 -0.05390400 -1.63404500
v -0.00615775 -0.05550320 -1.62956834
v -0.01426493 -0.06286249 -1.62558806
v 0.00084363 -0.05709189 -1.62441444
v 0.00729542 -0.05845561 -1.61854732
v 0.01417626 -0.05896343 -1.61240816
v 0.02095969 -0.05931529 -1.60553813
v 0.02804602 -0.05839078 -1.59668589
v -0.09125267 -0.04591026 -1.46518731
v 0.05465302 -0.03165107 -1.51367331
v 0.05542054 -0.03106615 -1.51363504
v 0.03359582 0.03190487 -1.57389069
v 0.02927625 0.03457434 -1.57941103
v 0.02606343 0.03845055 -1.57216609
v 0.03062081 0.03526866 -1.56761944
v 0.05419241 -0.03049791 -1.51318979
v 0.05497162 -0.02989880 -1.51339531
v 0.05452933 -0.02959156 -1.51194358
v 0.05631425 -0.03098363 -1.50455689
v 0.05540315 -0.02936279 -1.50652969
v 0.05461821 -0.02891130 -1.50997722
v -0.04317700 -0.07703431 -1.49132526
v 0.05293722 -0.01821510 -1.56905055
v 0.05350403 -0.01089856 -1.56918538
v 0.05347803 -0.01274829 -1.56309962
v 0.05314669 -0.01885921 -1.56269670
v 0.02630728 0.03981139 -1.53671026
v 0.02386898 0.04278461 -1.53384256
v 0.02814817 0.04121026 -1.52537882
v 0.02969986 0.03817836 -1.52950513
v 0.03518886 0.03435171 -1.52443945
v 0.03502339 0.03685907 -1.51830792
v 0.04485058 -0.00411393 -1.59951270
v 0.04513004 -0.01410448 -1.59986365
v 0.02330277 0.04085588 -1.56247663
v 0.02820858 0.03784120 -1.55986857
v 0.05003331 -0.01433823 -1.53491521
v 0.04680401 -0.01323261 -1.53650010
v 0.04882668 -0.01606968 -1.54084921
v 0.05409302 -0.02025753 -1.54019499
v 0.05272715 -0.02016321 -1.54440355
v 0.04956088 -0.01664413 -1.54449117
v 0.04612738 0.01076209 -1.58193648
v 0.04291696 0.01298452 -1.58912730
v 0.03853634 0.02140774 -1.58798492
v 0.04203985 0.01902155 -1.58102846
v 0.01990700 0.00156613 -1.63076246
v 0.02101304 -0.00966760 -1.63182735
v 0.05213164 -0.01968975 -1.55419588
v 0.05137546 -0.01539422 -1.55442047
v 0.05006628 -0.01616699 -1.55081785
v 0.05180863 -0.01971948 -1.55078864
v 0.04540091 0.00198841 -1.52489352
v 0.04458493 0.00295494 -1.52711439
v -0.03277843 0.05406491 -1.49216223
v -0.03296573 0.05512510 -1.49118006
v -0.01982212 0.06002440 -1.53811038
v -0.01857310 0.05816749 -1.52781892
v -0.00829558 0.05722925 -1.53498507
v -0.01010362 0.05810456 -1.54775441
v -0.01256192 0.06171104 -1.55929625
v -0.01791961 0.06491802 -1.56876218
v -0.02546590 0.06578782 -1.55342197
v -0.02153172 0.06272752 -1.54694462
v -0.06628795 0.04520924 -1.44110107
v -0.06896557 0.04342669 -1.45149374
v 0.05655430 -0.02035814 -1.53716362
v 0.05885889 -0.02067786 -1.53414118
v -0.14553197 0.02439851 -1.55881226
v -0.14203715 0.02336718 -1.54475415
v -0.13089263 0.04138566 -1.54921758
v -0.13282028 0.04114622 -1.56249368
v -0.07428046 0.06086816 -1.51295710
v -0.05973361 0.06169431 -1.51357520
v 0.06060156 -0.01440115 -1.50833988
v 0.05575388 -0.01704548 -1.51321149
v 0.05498299 -0.01671231 -1.50957394
v 0.05544475 -0.01720494 -1.51224864
v 0.06228754 -0.01466944 -1.50509775
v 0.06387225 -0.01257916 -1.50427532
v 0.05503247 -0.01585242 -1.50589657
v 0.05543980 -0.01682495 -1.50589144
v 0.05517920 -0.01751320 -1.50981975
v 0.05653126 -0.01605262 -1.51341236
v 0.06709659 -0.02382725 -1.50110006
v 0.07007287 -0.02369765 -1.50244308
v 0.06960155 -0.01980793 -1.50363815
v 0.06735061 -0.02090983 -1.50252128
v 0.05661736 -0.01929281 -1.51246977
v 0.05716845 -0.02031590 -1.51001596
v 0.06440802 -0.02041893 -1.50752258
v 0.06089688 -0.01814229 -1.51154852
v 0.05830221 -0.01751377 -1.51384604
v 0.06392300 -0.01852253 -1.50825298
v 0.06057065 -0.01878010 -1.50252867
v 0.06256138 -0.01658602 -1.50853002
v -0.03867436 0.06644219 -1.50581789
v -0.02229734 0.04290146 -1.45778036
v -0.02820836 0.04820310 -1.47261965
v -0.03401635 0.04803368 -1.47249222
v -0.03110413 0.04518238 -1.45701337
v -0.04046667 0.06861541 -1.53249872
v 0.00996722 0.04963157 -1.57904410
v 0.00064405 0.05299846 -1.59135771
v -0.00941956 0.06061835 -1.57995009
v -0.00411238 0.05868435 -1.56876087
v -0.00740985 0.05383956 -1.60096157
v -0.01707746 0.06154446 -1.59075856
v -0.02598865 0.06713247 -1.57908344
v -0.04002254 0.07057515 -1.55933523
v 0.04098490 0.02008695 -1.53878760
v 0.04119707 0.02032791 -1.53853166
v 0.04221852 0.01865107 -1.53802109
v 0.04204303 0.01865140 -1.53827262
v 0.04025292 0.01973577 -1.53882158
v 0.04117672 0.01822814 -1.53831291
v 0.03943203 0.02070308 -1.53933239
v 0.04005181 0.02119042 -1.53905702
v 0.04020369 0.02144057 -1.53880346
v 0.04190299 0.00253086 -1.53920174
v 0.04134607 0.00326832 -1.53946018
v 0.04195858 0.00586186 -1.53867149
v 0.04293982 0.00507507 -1.53839636
v 0.04234782 0.00227340 -1.53894234
v 0.04334271 0.00494746 -1.53813708
v 0.03633542 0.00713884 -1.54157376
v 0.03614914 0.00666248 -1.54183125
v 0.03655759 0.00791390 -1.54106677
v 0.03940969 0.00104875 -1.54127574
v 0.03955788 0.00102391 -1.54200304
v 0.03613319 0.00636953 -1.54256845
v 0.03599726 0.00641233 -1.54208481
v 0.03973706 0.00129857 -1.54077077
v 0.03961608 -0.00024579 -1.54054964
v 0.03900845 -0.00105902 -1.54082835
v 0.03923229 -0.00111744 -1.54204166
v 0.04415419 0.01012931 -1.53706539
v 0.04415638 0.01033178 -1.53632987
v 0.04375470 0.00559879 -1.53664649
v 0.04359983 0.00520360 -1.53739047
v 0.04396116 0.00995156 -1.53756404
v 0.04351551 0.01344942 -1.53778529
v 0.04369020 0.01350653 -1.53728878
v 0.04366408 0.01358548 -1.53631151
v 0.04303672 0.00231157 -1.53744769
v 0.04275680 0.00224847 -1.53843725
v 0.04357388 0.01358603 -1.53558218
v 0.04409370 0.01051329 -1.53559721
v 0.04375690 0.00580125 -1.53591096
v 0.04313736 0.00228740 -1.53695512
v 0.04216011 -0.00039597 -1.53824842
v 0.04233975 0.00072283 -1.53847229
v 0.04381725 0.01056872 -1.53463054
v 0.04371250 0.01053623 -1.53365779
v 0.04360539 0.00571199 -1.53396344
v 0.04365903 0.00581400 -1.53493750
v 0.04325170 0.01368371 -1.53486109
v 0.04308666 0.01366042 -1.53389072
v 0.03874094 0.02277477 -1.53884745
v 0.03786503 0.02338016 -1.53936470
v 0.03796567 0.02335599 -1.53887224
v 0.03844707 0.02299597 -1.53836811
v 0.03569448 0.02621113 -1.53599906
v 0.03478293 0.02720549 -1.53724623
v 0.03379944 0.02903967 -1.53653169
v 0.03485059 0.02774626 -1.53528237
v 0.03233463 0.03658157 -1.52648437
v 0.03454984 0.03023455 -1.53208876
v 0.03282186 0.03188253 -1.53360593
v 0.03944596 0.02219987 -1.53858113
v 0.04024863 0.02145577 -1.53831267
v 0.03938727 0.02209420 -1.53907347
v 0.03849680 0.02266655 -1.53934729
v 0.03914670 0.02244835 -1.53785729
v 0.04005620 0.02159536 -1.53758597
v 0.04125118 0.02040342 -1.53803992
v 0.04111904 0.02053381 -1.53731072
v 0.04218702 0.01875729 -1.53679943
v 0.04226884 0.01863899 -1.53777480
v 0.04304143 0.01647992 -1.53752446
v 0.04291718 0.01675457 -1.53801501
v 0.04295502 0.01656807 -1.53654957
v 0.04193429 0.01890609 -1.53607500
v 0.04281829 0.01666830 -1.53582096
v 0.04078768 0.02057117 -1.53659081
v 0.03969286 0.02176544 -1.53711009
v 0.03866738 0.02266699 -1.53738558
v 0.03799067 0.02336542 -1.53789365
v 0.03747730 0.02385816 -1.53864181
v 0.03815527 0.02307580 -1.53691304
v 0.03744248 0.02385029 -1.53619993
v 0.03863037 0.02245665 -1.53567922
v 0.03921273 0.02204152 -1.53639340
v 0.03732980 0.02401295 -1.53742433
v 0.03646904 0.02496872 -1.53695953
v 0.04029838 0.02078693 -1.53587520
v 0.03985562 0.02090301 -1.53515887
v 0.04121129 0.01899000 -1.53463745
v 0.04166323 0.01893424 -1.53535271
v 0.04248693 0.01670566 -1.53510106
v 0.04215937 0.01683061 -1.53413558
v 0.04365133 0.00987981 -1.53782189
v 0.04245996 0.00975304 -1.53787208
v 0.04231955 0.01329249 -1.53783596
v 0.04320947 0.01346527 -1.53779757
v 0.04267144 0.01676122 -1.53802490
v 0.04179515 0.01633507 -1.53782141
v 0.04113656 0.01328348 -1.53763998
v 0.03692166 0.01211921 -1.54026926
v 0.03670141 0.01351066 -1.54026175
v 0.04071060 0.01609942 -1.53786850
v 0.04121679 0.01009707 -1.53791869
v 0.03692894 0.01054425 -1.54028749
v 0.04080484 0.00679401 -1.53870749
v 0.03672418 0.00907218 -1.54080200
v 0.04067006 0.00409670 -1.53947794
v 0.04442548 0.01108846 -1.54974878
v 0.04474607 0.01110565 -1.54997993
v 0.04468055 0.01573141 -1.54919481
v 0.04425919 0.01539454 -1.54921603
v -0.11023670 0.05027328 -1.52285767
v -0.11574151 0.05162900 -1.53797138
v -0.12665780 0.04085420 -1.53316867
v 0.04357481 0.01841749 -1.54676485
v 0.04318808 0.01846327 -1.54775751
v 0.04211843 0.02107328 -1.54654860
v 0.04218079 0.02092271 -1.54557049
v 0.04384098 0.01839011 -1.54577696
v 0.04222022 0.02062133 -1.54459500
v 0.04529138 0.01544424 -1.54697418
v 0.04490465 0.01549003 -1.54796684
v 0.04437440 0.01540341 -1.54896688
v 0.03778430 0.02056654 -1.54355502
v 0.03848872 0.01967430 -1.54451418
v 0.04001284 0.02002362 -1.54420352
v 0.03881247 0.02124284 -1.54350507
v 0.03724780 0.02128326 -1.54283547
v 0.03797910 0.02203573 -1.54279673
v 0.03487235 0.01627179 -1.54274726
v 0.03520359 0.01589059 -1.54322696
v 0.03556759 0.01531922 -1.54370749
v 0.03470903 0.01647747 -1.54250717
v 0.03464794 0.01654411 -1.54226458
v 0.03463797 0.01654122 -1.54202068
v 0.03473941 0.01645962 -1.54177308
v 0.03229161 0.03934373 -1.50983810
v 0.03170575 0.03923900 -1.52134740
v 0.02861693 0.04215287 -1.51313138
v 0.03911022 0.02183229 -1.53933215
v 0.03828921 0.02245575 -1.53960264
v 0.03867131 0.02131734 -1.53960049
v 0.03797627 0.02189513 -1.54011071
v 0.03754384 0.02304562 -1.54035914
v 0.03759349 0.02343482 -1.54010820
v 0.03937284 0.01922203 -1.53886354
v 0.03593946 0.01527133 -1.54076076
v 0.03558702 0.01573070 -1.54101408
v 0.03864961 0.02002014 -1.53937232
v 0.04012414 0.01785976 -1.53811598
v 0.03637580 0.01455227 -1.54050708
v 0.03527193 0.01603008 -1.54126775
v 0.03494767 0.01626913 -1.54152250
v 0.03799651 0.02046808 -1.53988242
v 0.03740749 0.02099442 -1.54014456
v 0.03750404 0.02231547 -1.54061365
v 0.03668665 0.02162022 -1.54138827
v 0.03671576 0.02168630 -1.54187512
v 0.03737062 0.02252980 -1.54110527
v 0.03733486 0.02257493 -1.54159498
v 0.03688494 0.02142684 -1.54089379
v 0.03690280 0.02157398 -1.54235744
v 0.03751273 0.02240229 -1.54207838
v 0.03748427 0.02371601 -1.53937626
v 0.03727840 0.02373419 -1.54036188
v 0.03690933 0.02430190 -1.54134750
v 0.03706615 0.02421186 -1.53938746
v 0.03645273 0.02504612 -1.53940272
v 0.03670501 0.02458441 -1.53817606
v 0.03677915 0.02534895 -1.54182923
v 0.03621629 0.02685881 -1.54207873
v 0.03561043 0.02646638 -1.53917599
v 0.03588632 0.02575419 -1.53795135
v 0.03723872 0.02334788 -1.54085672
v 0.03710530 0.02356221 -1.54134834
v 0.03799340 0.02456405 -1.54276633
v 0.03808684 0.02539622 -1.54348564
v 0.03793286 0.02388556 -1.54228806
v 0.03921119 0.02317906 -1.54297733
v 0.03931447 0.02367027 -1.54370022
v 0.03941696 0.02421892 -1.54417825
v 0.04070489 0.02248377 -1.54439056
v 0.04086467 0.02287818 -1.54535675
v 0.04062453 0.02214336 -1.54366481
v 0.03771060 0.02329789 -1.54205978
v 0.03869206 0.02266755 -1.54276013
v 0.03992912 0.02168961 -1.54345417
v 0.04166213 0.02038469 -1.54388762
v 0.04341264 0.01819539 -1.54506373
v 0.04137788 0.01779615 -1.54515147
v 0.04480735 0.01528888 -1.54626274
v 0.04260914 0.01475149 -1.54587018
v 0.04599406 0.01147947 -1.55041313
v 0.04594243 0.01653955 -1.54986691
v 0.04074999 0.01469577 -1.54594684
v 0.03657536 0.01283328 -1.54442883
v 0.03687951 0.01118215 -1.54443586
v 0.04127965 0.01128207 -1.54596543
v 0.04015036 0.00148675 -1.54270649
v 0.04073150 0.00221803 -1.54365146
v 0.03654480 0.00685997 -1.54327881
v 0.03635154 0.00652577 -1.54280198
v 0.04054540 -0.00003498 -1.54295266
v 0.04143799 0.00118441 -1.54363489
v 0.04147283 0.00543773 -1.54529357
v 0.03703370 0.00826442 -1.54397535
v 0.03676018 0.00740241 -1.54350805
v 0.04093958 0.00380420 -1.54435730
v 0.04327005 0.00455505 -1.54571939
v 0.04216196 0.00244937 -1.54456770
v 0.04326098 0.01120451 -1.54637420
v -0.14412637 0.02567571 -1.59612429
v -0.14710066 0.02585657 -1.57938385
v -0.13252002 0.04038592 -1.58106041
v -0.12977229 0.03993550 -1.59463692
v 0.03977433 0.01739283 -1.54522169
v 0.03615430 0.01424657 -1.54394054
v -0.11953573 0.04845993 -1.59558439
v -0.11662051 0.04718167 -1.60403252
v -0.12415066 0.03975626 -1.60638225
v -0.08799604 0.03416333 -1.46557462
v -0.09753321 0.02726704 -1.45639384
v 0.04130114 -0.00224217 -1.54245913
v 0.04203292 -0.00064556 -1.54387653
v 0.04084505 -0.00330554 -1.54126859
v 0.04092423 -0.00393922 -1.54102850
v 0.04131854 -0.00293917 -1.54246664
v 0.04189534 -0.00155036 -1.54389286
v 0.04287004 0.00130088 -1.54504108
v 0.04319886 0.00056075 -1.54528069
v 0.04485063 0.00374510 -1.54664171
v 0.04448958 0.00393027 -1.54616559
v 0.04531635 0.01120823 -1.54677892
v 0.04577826 0.01115535 -1.54773808
v 0.04420655 0.00337829 -1.54740536
v 0.04260052 0.00015170 -1.54579866
v 0.04355789 0.00298131 -1.54816961
v 0.04236175 0.00001619 -1.54654300
v 0.04471696 0.01103956 -1.54949319
v 0.04532664 0.01118018 -1.54873359
v 0.04162757 -0.00049766 -1.53924870
v 0.04130736 -0.00266629 -1.53953183
v 0.04147742 0.00001239 -1.53973758
v 0.04100912 -0.00231880 -1.54002857
v 0.04063214 0.00128762 -1.54000139
v 0.04066558 -0.00301803 -1.54029512
v 0.04096987 -0.00379408 -1.54004765
v 0.04034619 0.00218431 -1.54024673
v 0.04097420 -0.00358096 -1.54248834
v 0.04078586 -0.00478659 -1.54079986
v 0.04003840 -0.00458658 -1.54302716
v 0.04032403 -0.00545233 -1.54107094
v 0.04087804 -0.00246860 -1.54516685
v 0.04126411 -0.00211310 -1.54416955
v 0.04081545 -0.00474700 -1.53982079
v 0.04100093 -0.00421321 -1.53931820
v 0.04064430 -0.00540420 -1.53959119
v 0.04089237 -0.00486453 -1.53908598
v 0.04319822 0.00206430 -1.53622222
v 0.04313393 0.00182945 -1.53549469
v 0.04227586 -0.00113222 -1.53776371
v 0.04203824 -0.00169550 -1.53704715
v 0.04352911 0.01039230 -1.53268957
v 0.04284757 0.01355585 -1.53292441
v 0.04329908 0.01000421 -1.53148186
v 0.04264883 0.01343631 -1.53146791
v 0.04341787 0.00498016 -1.53202510
v 0.04347542 0.00551362 -1.53299379
v -0.01521513 0.01550455 -1.40515888
v 0.03686782 0.02478445 -1.53523493
v 0.03631070 0.02589669 -1.53402281
v 0.03785103 0.02404367 -1.53324890
v 0.03807931 0.02314033 -1.53471625
v 0.03949986 0.02124828 -1.53419197
v 0.03926229 0.02174746 -1.53248537
v 0.04065221 0.01918558 -1.53221452
v 0.04086996 0.01902448 -1.53367352
v 0.04187833 0.01685588 -1.53316927
v 0.04167959 0.01673635 -1.53171277
v 0.03439656 0.02828281 -1.53895974
v 0.03457903 0.02954221 -1.54186952
v 0.03326430 0.03035571 -1.53824842
v 0.03280364 0.03206594 -1.54191220
v 0.04000956 -0.00618139 -1.54378009
v 0.03985599 -0.00656460 -1.54134750
v 0.04079957 -0.00807090 -1.54450321
v 0.04042273 -0.00817425 -1.54158771
v 0.04226305 -0.00690671 -1.54736185
v 0.04118994 -0.00485055 -1.54664838
v 0.04039646 -0.00622274 -1.53961098
v 0.04064179 -0.00557574 -1.53861594
v 0.04031103 -0.00753336 -1.53938556
v 0.04058572 -0.00656791 -1.53789699
v 0.04296267 0.00135964 -1.53452981
v 0.04278685 0.00085967 -1.53356552
v 0.04192120 -0.00227719 -1.53632569
v 0.04169343 -0.00318144 -1.53561258
v -0.10504487 0.04869635 -1.51166892
v -0.11891700 0.05276147 -1.55348122
v 0.04464455 0.02425855 -1.55447125
v 0.04509371 0.02194169 -1.55130374
v 0.04676828 0.01803582 -1.55250323
v 0.04699834 0.01982579 -1.55613780
v 0.04279668 0.02692554 -1.55842459
v 0.04048182 0.02968154 -1.55482137
v 0.04210022 0.02728322 -1.55185151
v 0.04296017 0.02498300 -1.54964447
v 0.03574126 0.02994231 -1.54474950
v 0.03721911 0.02789603 -1.54471326
v 0.03873586 0.02769537 -1.54636407
v 0.03757481 0.02967125 -1.54687691
v 0.03410560 0.03251083 -1.54503024
v 0.03605227 0.03239003 -1.54788423
v 0.03987839 0.02877739 -1.54923677
v 0.04072630 0.02661567 -1.54776168
v 0.03836283 0.03135402 -1.55097866
v 0.04585372 0.00050595 -1.55177021
v 0.04470654 0.00151427 -1.55009472
v 0.04283345 -0.00144011 -1.54849577
v 0.04313015 -0.00292259 -1.54923415
v 0.04694358 -0.00087938 -1.55345249
v 0.04406169 -0.00516105 -1.55019999
v 0.04879649 0.01286358 -1.55663538
v 0.04764252 0.01223739 -1.55326903
v 0.04329310 0.00273737 -1.54867196
v 0.04262768 0.00070300 -1.54750144
v 0.04328014 0.00258945 -1.54891860
v 0.04235280 0.00011233 -1.54751968
v -0.09723859 0.05345491 -1.61538434
v -0.08416892 0.05448438 -1.62168026
v -0.09337473 0.04002283 -1.63395524
v -0.10618345 0.04039957 -1.62567735
v 0.04320263 0.01849631 -1.54800081
v 0.04372714 0.01898055 -1.54846239
v 0.04260099 0.02168736 -1.54701030
v 0.04227190 0.02120856 -1.54678512
v 0.04099992 0.02323666 -1.54583573
v 0.04116190 0.02383354 -1.54606640
v 0.03949217 0.02527429 -1.54514015
v 0.03963623 0.02466157 -1.54489708
v 0.03849683 0.02547030 -1.54420114
v 0.03817109 0.02616807 -1.54420614
v 0.04296888 0.00032468 -1.54822505
v 0.04381667 0.00240396 -1.54914320
v -0.12088081 0.05039355 -1.58364356
v 0.03385077 0.02407132 -1.59523070
v 0.02822710 0.03178054 -1.59194839
v 0.03345688 0.02891927 -1.58517146
v 0.04471050 0.01998550 -1.54914343
v 0.04312575 0.02285928 -1.54795241
v 0.04116685 0.02489524 -1.54678667
v 0.03934364 0.02620071 -1.54562390
v 0.03823702 0.02681928 -1.54492879
v -0.02501553 0.05783727 -1.51000440
v -0.02682171 0.05842152 -1.51007128
v -0.05046671 0.06998309 -1.52067363
v -0.04930031 0.06794897 -1.52724731
v -0.04809906 0.06665464 -1.53063440
v -0.03482736 0.06633068 -1.53889275
v -0.03703613 0.07005791 -1.54211545
v -0.04432771 0.07235726 -1.50206923
v -0.04118735 0.06850988 -1.50003171
v -0.04484959 0.07238840 -1.50282323
v -0.04633354 0.07893620 -1.53848052
v -0.04779446 0.07944133 -1.53706813
v -0.04731691 0.08041328 -1.53679287
v -0.09480469 0.04044604 -1.49131227
v -0.10075724 0.04582020 -1.50297594
v -0.04914556 0.07998262 -1.53516221
v -0.02896331 0.06080709 -1.51477301
v -0.05065905 0.07117631 -1.52017868
v -0.05228607 0.07313956 -1.51948893
v -0.05236374 0.07404643 -1.51435018
v -0.05156052 0.07325814 -1.51505971
v -0.05062332 0.07295208 -1.50940514
v -0.05012928 0.07240054 -1.51036894
v -0.04695422 0.07442890 -1.50581717
v -0.04876418 0.07619076 -1.50953531
v -0.03803529 0.07157703 -1.54262686
v -0.03680282 0.07075413 -1.54160893
v -0.03811116 0.07251001 -1.54237461
v -0.03026126 0.06166208 -1.51359415
v -0.03510263 0.06436242 -1.53697252
v -0.03406206 0.06373192 -1.53473842
v -0.03451705 0.06337814 -1.53524983
v -0.03416964 0.05840102 -1.51892340
v -0.03438600 0.05845166 -1.51990902
v -0.03386942 0.05968660 -1.51742995
v -0.03221224 0.06206120 -1.51586819
v -0.03349639 0.05569739 -1.50817680
v -0.03560328 0.05544144 -1.50704408
v -0.03487645 0.05580665 -1.50603271
v -0.04093919 0.07534418 -1.54905391
v -0.03379181 0.06385822 -1.53374851
v -0.03361768 0.06527323 -1.53494644
v -0.03376870 0.06593109 -1.53592217
v -0.03821044 0.07350387 -1.54187822
v -0.03391282 0.06627930 -1.53690124
v -0.03410315 0.06538256 -1.53691959
v -0.03456817 0.06714638 -1.53838384
v -0.03449582 0.06470185 -1.53694367
v -0.04661785 0.06375287 -1.51228237
v -0.04470030 0.06216410 -1.51222289
v -0.02447570 0.06010432 -1.53072476
v -0.02718985 0.06066407 -1.52862978
v -0.03927973 0.06709456 -1.49923754
v -0.04430030 0.06600864 -1.53708422
v -0.04556080 0.06650075 -1.54006195
v -0.05003687 0.07788824 -1.51420975
v -0.04166368 0.06953469 -1.50834680
v -0.04026028 0.06708539 -1.50758541
v -0.04302597 0.07173526 -1.50935376
v -0.04430568 0.07358373 -1.51207197
v -0.03979100 0.06040504 -1.52792561
v -0.04248014 0.07237460 -1.53229213
v -0.04359941 0.07318470 -1.53012919
v -0.04135781 0.07047516 -1.53226876
v -0.04357393 0.06743186 -1.54339063
v -0.04123506 0.06688974 -1.54330158
v -0.04222802 0.06658287 -1.53845882
v -0.04076614 0.06635530 -1.54157829
v -0.03329403 0.05758417 -1.51181138
v -0.03690537 0.05765048 -1.50560510
v -0.03790905 0.05753471 -1.50784659
v -0.03781796 0.05890072 -1.50562763
v -0.03914725 0.05912562 -1.50690091
v -0.04074314 0.05976593 -1.50842452
v -0.04197912 0.06047916 -1.51017702
v -0.04232898 0.06039144 -1.51263571
v -0.03405900 0.05715419 -1.51575720
v -0.03119235 0.06566563 -1.54290605
v -0.03395723 0.05661407 -1.51404905
v -0.03396881 0.05865254 -1.51744628
v -0.03360575 0.05868974 -1.51572061
v -0.03327166 0.05829491 -1.51375675
v -0.03462861 0.06308704 -1.50447059
v -0.03679254 0.06418876 -1.50625634
v -0.03389990 0.06163120 -1.50519109
v -0.03873928 0.06535877 -1.50681067
v -0.03358777 0.06047702 -1.50543630
v -0.04303747 0.06639341 -1.53824985
v -0.04275978 0.06659345 -1.54141259
v -0.02279532 0.05786868 -1.51333416
v 0.02431913 0.04469998 -1.51889670
v 0.01935646 0.04674013 -1.52860451
v 0.03398765 0.00513531 -1.46716857
v 0.03386548 0.00439794 -1.46376145
v 0.03605429 0.03563063 -1.50679624
v 0.04041352 0.03050392 -1.50399113
v 0.04611960 0.00212200 -1.47159576
v 0.04596050 0.00132631 -1.47063422
v 0.04608133 0.00040411 -1.47100675
v 0.04605229 0.00121089 -1.47185361
v 0.04413921 -0.00069700 -1.47146559
v 0.04368196 0.00025890 -1.47183943
v 0.04461153 0.00028676 -1.47180116
v 0.04501727 -0.00057090 -1.47130609
v 0.04965065 0.00510306 -1.48864257
v 0.04931987 0.00879053 -1.49264419
v 0.04818403 0.01184274 -1.48801196
v 0.04878319 0.00814074 -1.48461044
v 0.03663290 0.00311579 -1.47160470
v 0.03732729 0.00274968 -1.47341335
v 0.04101499 0.00113102 -1.47291541
v 0.04042495 0.00155834 -1.47195697
v 0.03644192 0.00298627 -1.46880412
v 0.03986945 0.00149545 -1.47063661
v 0.03438412 0.00508576 -1.47118461
v 0.03494008 0.00440130 -1.47385776
v 0.04295407 0.01167581 -1.46550357
v 0.04418122 0.00785364 -1.46757555
v 0.04517765 0.00862951 -1.47106862
v 0.04407519 0.01248994 -1.47045720
v 0.04974569 0.00187674 -1.50052738
v 0.04972363 0.00557453 -1.49657512
v 0.04981447 0.00236894 -1.49245548
v 0.04960844 -0.00133151 -1.49690580
v 0.05014352 -0.00515170 -1.50181592
v 0.04968074 -0.00205024 -1.50473034
v 0.05418040 -0.00704200 -1.50973678
v 0.05513605 -0.00671388 -1.50602877
v 0.05815789 -0.00768645 -1.50493956
v 0.05726624 -0.00721755 -1.50716949
v 0.05600692 -0.00906422 -1.50113416
v 0.05342996 -0.00641599 -1.50389576
v 0.05567922 -0.01299731 -1.50021660
v 0.05670883 -0.01331097 -1.50091124
v 0.05453773 -0.00886423 -1.50070310
v 0.05258003 -0.00850592 -1.49980140
v 0.05447561 -0.01261081 -1.49952817
v 0.05756708 -0.01400295 -1.50186181
v 0.05809156 -0.01130231 -1.50156415
v 0.05995703 -0.01002090 -1.50318325
v 0.06500341 -0.02114729 -1.50188696
v 0.06720850 -0.02034700 -1.50300920
v 0.05299478 -0.01458297 -1.53259814
v 0.05025344 -0.01144887 -1.52925229
v 0.05501901 -0.01484338 -1.53007519
v 0.05229301 -0.01173367 -1.52721763
v 0.06359260 -0.01142334 -1.50525045
v 0.06221798 -0.00994832 -1.50699961
v 0.06700359 -0.01439509 -1.50612366
v 0.06670249 -0.01341346 -1.50881219
v 0.05202724 -0.01996386 -1.54785049
v 0.06026024 -0.02265875 -1.49867761
v 0.05978413 -0.02235628 -1.49796045
v 0.06218382 -0.02324138 -1.49958336
v -0.12925313 0.02335029 -1.61900151
v -0.11713062 0.02220091 -1.63171482
v -0.09296262 0.01884500 -1.64665008
v -0.08046883 0.01488816 -1.65058494
v 0.06003198 -0.01896097 -1.48153925
v 0.06025182 -0.01945306 -1.48434603
v 0.04429191 -0.00946807 -1.47803795
v 0.04498826 -0.01509385 -1.47832036
v 0.04945542 -0.01607869 -1.47631705
v 0.04885253 -0.01068098 -1.47615576
v 0.04725143 -0.00647994 -1.47568274
v 0.04266795 -0.00498029 -1.47744036
v 0.04178063 -0.00888312 -1.47947752
v 0.04239303 -0.01468677 -1.47988749
v 0.05314579 -0.01178036 -1.47489393
v 0.05454506 -0.01721475 -1.47502315
v 0.05718439 -0.01774103 -1.47663200
v 0.05531576 -0.01208512 -1.47627497
v 0.05137244 -0.00551991 -1.49517286
v 0.05313113 -0.00996433 -1.49588656
v 0.05584944 -0.01446372 -1.49607313
v 0.05789988 -0.01795577 -1.49578631
v 0.05831762 -0.01861251 -1.49797606
v 0.05659679 -0.01591802 -1.49874759
v 0.05880887 -0.01887817 -1.49893653
v 0.05726122 -0.01619909 -1.49945676
v 0.05795971 -0.01631893 -1.50040698
v 0.05844237 -0.01589224 -1.50160408
v 0.05936535 -0.01787367 -1.50134540
v 0.05911995 -0.01736673 -1.50257111
v 0.05919822 -0.01893981 -1.49965441
v 0.06617466 -0.02151981 -1.52383447
v 0.06368700 -0.02137495 -1.52759933
v 0.05881513 -0.01470348 -1.48593676
v 0.05963364 -0.01961995 -1.48657227
v 0.05882509 -0.02029180 -1.49064493
v 0.05801671 -0.01587120 -1.49062574
v 0.05630193 -0.01107528 -1.48966169
v 0.05677440 -0.00936625 -1.48400235
v 0.05925804 -0.02197674 -1.49724436
v 0.05897238 -0.01429100 -1.48360419
v 0.05862433 -0.01386201 -1.48092556
v 0.05682443 -0.00881617 -1.48155034
v 0.05623796 -0.00845770 -1.47937095
v 0.05398326 -0.00431345 -1.48136878
v 0.05419066 -0.00535917 -1.48760343
v 0.05137536 0.00068924 -1.48520350
v 0.05106480 -0.00000390 -1.47838271
v 0.04644438 0.00837441 -1.47444081
v 0.04607982 0.00351456 -1.47145867
v 0.04682845 0.00356781 -1.47301579
v 0.04793490 0.00313441 -1.47456396
v 0.04788645 0.00724390 -1.47781599
v 0.04555091 0.01198469 -1.47541189
v 0.04725039 0.01054816 -1.48024642
v 0.04946757 0.00496799 -1.48132133
v 0.04915384 0.00219228 -1.47623575
v 0.04686015 0.00221616 -1.47278607
v 0.04645460 0.00129716 -1.47232485
v 0.04776999 0.00186347 -1.47373056
v 0.04729647 0.00096587 -1.47302747
v 0.04887283 0.00115730 -1.47467124
v 0.04822183 0.00040362 -1.47360706
v 0.04951080 -0.00070128 -1.47454488
v 0.05043733 -0.00028944 -1.47609043
v 0.04495919 -0.00054884 -1.47289634
v 0.04598438 -0.00160906 -1.47323358
v 0.04727380 -0.00168021 -1.47330391
v 0.04611846 -0.00063319 -1.47285008
v 0.04418961 0.00016378 -1.47255290
v 0.04539082 -0.00005041 -1.47250628
v 0.04194344 0.00052641 -1.47373986
v 0.04272288 -0.00052717 -1.47408700
v 0.04340855 0.00080099 -1.47221065
v 0.04443079 0.00065820 -1.47204852
v 0.04582474 0.00046309 -1.47211599
v 0.04637582 0.00031065 -1.47258401
v 0.04723591 -0.00024385 -1.47304416
v 0.04834281 -0.00123499 -1.47362161
v 0.05496806 -0.00816246 -1.47734237
v 0.05319025 -0.00440617 -1.47724843
v 0.05169900 -0.00441221 -1.47547674
v 0.05300017 -0.00796349 -1.47522128
v 0.05008917 -0.00454343 -1.47432232
v 0.04037458 -0.00411669 -1.47862339
v 0.05112179 -0.00789502 -1.47431982
v 0.04055988 -0.00108541 -1.47625875
v 0.03826584 0.00017947 -1.47743702
v 0.04458360 -0.00270904 -1.47489190
v 0.03837981 0.00205559 -1.47460032
v 0.03892078 0.00102518 -1.47507906
v 0.03614377 0.00329618 -1.47577643
v 0.03701936 0.00200089 -1.47636688
v 0.04835549 -0.00442871 -1.47378087
v 0.05384202 -0.00424116 -1.47905242
v 0.05723123 -0.01309719 -1.47865224
v 0.05877636 -0.01847779 -1.47914135
v 0.07196274 -0.02167566 -1.51602530
v 0.06892581 -0.02155444 -1.52005732
v 0.04586026 -0.00026972 -1.47114587
v -0.00964014 -0.00781214 -1.39665473
v 0.04572220 0.00275579 -1.47001624
v 0.03607841 0.00247088 -1.46625948
v 0.03994154 0.00066007 -1.46942174
v 0.04225416 0.00873199 -1.46068001
v 0.04328635 0.00419684 -1.45580459
v 0.04516822 0.00174497 -1.45978832
v 0.04385635 0.00550283 -1.46370709
v 0.04760126 -0.00157797 -1.46547031
v 0.04626370 0.00116986 -1.46793592
v 0.04678871 -0.00015349 -1.46915185
v 0.04822754 -0.00279776 -1.46729183
v 0.04857181 -0.00374967 -1.46875501
v 0.04686002 -0.00112105 -1.47001553
v 0.04716792 -0.00533853 -1.47066367
v 0.04921563 -0.01009707 -1.47051406
v 0.04407500 -0.00985361 -1.46766686
v 0.04250320 -0.00480510 -1.46779346
v 0.04083635 -0.00056980 -1.46866679
v 0.04482885 -0.00177874 -1.47120583
v 0.04797583 -0.00486227 -1.47050285
v 0.04575304 -0.00172361 -1.47092307
v 0.05035892 -0.00984944 -1.47034240
v -0.01155422 0.00306486 -1.40002513
v 0.04650782 -0.00156547 -1.47064602
v 0.04826126 -0.00448261 -1.46999812
v 0.05097097 -0.00925621 -1.46945512
v 0.05147145 -0.00830317 -1.46746874
v 0.05153576 -0.00734748 -1.46537793
v 0.05053187 -0.00636321 -1.46271944
v 0.04744096 -0.00383919 -1.45597422
v 0.04575254 -0.00229854 -1.45101595
v 0.04911086 -0.01004996 -1.45341384
v 0.04809967 -0.00889261 -1.44831026
v 0.05306024 -0.01195335 -1.46072757
v 0.05462525 -0.01264964 -1.46397054
v 0.05437452 -0.01336528 -1.46667695
v 0.05344524 -0.01395530 -1.46892095
v 0.05872790 -0.02137312 -1.49554849
v 0.06045317 -0.01923937 -1.50131714
v 0.06251824 -0.02066935 -1.50124967
v 0.06842421 -0.01840764 -1.50440264
v 0.06444497 -0.02363250 -1.50047302
v 0.06841704 -0.01605351 -1.50608563
v 0.06953993 -0.01781195 -1.50532746
v 0.07052635 -0.01738059 -1.50674820
v 0.06951669 -0.01609462 -1.50750721
v 0.07044803 -0.01936017 -1.50457573
v 0.07136409 -0.01829978 -1.50648046
v 0.07150814 -0.02349736 -1.50360394
v 0.07363479 -0.02296562 -1.50693154
v 0.07386307 -0.02203176 -1.51228678
v 0.07425074 -0.02266178 -1.50885761
v 0.07107778 -0.01703274 -1.50843191
v 0.06966659 -0.01545515 -1.51042569
v 0.06775355 -0.01499460 -1.51343048
v 0.06446739 -0.01251139 -1.51133621
v -0.03715238 -0.00080116 -1.65340018
v 0.05260011 -0.01455265 -1.47018421
v 0.05066111 -0.01516488 -1.47039282
v 0.03641519 -0.00869435 -1.45843649
v 0.03928739 -0.00912726 -1.46247816
v 0.03987117 -0.01405693 -1.46190166
v 0.03712682 -0.01362590 -1.45797694
v 0.05087641 -0.01899184 -1.47030699
v 0.04524569 -0.01825753 -1.46722960
v 0.04515119 -0.01451017 -1.46755576
v 0.05313426 -0.01912262 -1.47009420
v 0.05429946 -0.01882321 -1.46869922
v 0.05548984 -0.01848188 -1.46620321
v 0.03998229 -0.01769496 -1.46157360
v 0.03724253 -0.01723377 -1.45764828
v 0.03668369 0.00080468 -1.46454406
v 0.03435818 0.00183636 -1.46108377
v 0.03818468 -0.00392771 -1.46295047
v 0.03567858 -0.00324099 -1.45937943
v 0.04968236 -0.01567864 -1.44734836
v 0.05005633 -0.01653264 -1.45235229
v 0.05554961 -0.01808537 -1.46301961
v 0.05383072 -0.01749564 -1.45941770
v -0.10563171 0.02085581 -1.64030194
v 0.00679141 0.04617033 -1.59827340
v 0.01446409 0.04320956 -1.59115350
v 0.02035305 0.03550828 -1.59882307
v 0.01362268 0.03848837 -1.60468245
v -0.00106101 0.04765961 -1.60615098
v 0.00599040 0.04001461 -1.61132896
v -0.05287914 0.03089729 -1.64536011
v -0.03858081 0.02928380 -1.64381814
v -0.03696510 0.01040217 -1.65106106
v -0.06777538 0.02818467 -1.64673328
v -0.07541945 0.04122807 -1.63809490
v -0.05536595 0.04049078 -1.63948417
v -0.04019147 0.03807347 -1.63840449
v -0.09917463 0.02729953 -1.44351029
v -0.12060899 0.05216865 -1.56626320
v -0.02661705 0.03468800 -1.63691294
v -0.02481637 0.02656590 -1.64157796
v -0.01241640 0.02453238 -1.63840795
v -0.01512808 0.03194267 -1.63452160
v -0.02247806 0.00821323 -1.64829648
v -0.02203434 -0.00307483 -1.65061080
v -0.13704367 0.02236283 -1.52941298
v 0.06114112 -0.02114461 -1.53112137
v -0.07724497 0.04276778 -1.47700691
v -0.05932265 0.04951308 -1.47485173
v -0.04050724 0.04707650 -1.42292249
v -0.04015099 0.05854274 -1.49693072
v -0.04091893 0.05842628 -1.49769640
v -0.04196280 0.04949575 -1.45923829
v -0.04242046 0.05023990 -1.47268713
v -0.09009429 0.03570453 -1.47859228
v -0.04940335 0.06929637 -1.50866556
v -0.05043736 0.07007573 -1.51236367
v -0.04897852 0.07045271 -1.50790143
v -0.05018606 0.07144812 -1.51184857
v -0.05074335 0.07148461 -1.51602471
v -0.04817281 0.07091611 -1.50615275
v -0.03862870 0.06692840 -1.54343903
v -0.03760005 0.06809396 -1.54484940
v -0.03604106 0.05720573 -1.49506831
v -0.03780642 0.05742665 -1.49587083
v -0.03678520 0.05664919 -1.49559391
v -0.03564059 0.05627613 -1.49481857
v -0.03462872 0.05660224 -1.49404037
v -0.03453743 0.05590939 -1.49404490
v -0.03103386 0.06864341 -1.55874670
v -0.03777789 0.05506373 -1.49516451
v -0.04035723 0.05752938 -1.49719548
v -0.03898296 0.05731083 -1.49665320
v -0.03759450 0.05609379 -1.49563360
v -0.03528941 0.05528793 -1.49432731
v -0.03372192 0.05496936 -1.49328971
v -0.03378382 0.05589139 -1.49254823
v -0.04866239 0.07115396 -1.50494814
v -0.03882430 0.06204789 -1.49365866
v -0.04488301 0.06786542 -1.53586435
v -0.04631522 0.06811489 -1.53420949
v -0.04737912 0.07065785 -1.53617764
v -0.04602068 0.07030501 -1.53832543
v -0.09064589 0.05641358 -1.51318908
v -0.09602857 0.05801523 -1.52414107
v -0.10570768 0.01566386 -1.44672441
v -0.10524565 0.01519419 -1.45880604
v -0.07918282 0.06980678 -1.55654478
v -0.04335119 0.06766247 -1.53751457
v -0.04449477 0.07016468 -1.53997517
v -0.05081641 0.07027018 -1.51653075
v -0.04353702 0.06662838 -1.53680134
v -0.04496516 0.06694335 -1.53538990
v -0.04581236 0.07150756 -1.54172349
v -0.04752665 0.07185299 -1.53959036
v -0.04901221 0.07197835 -1.53745031
v -0.04632607 0.06711582 -1.53348863
v -0.04542147 0.06762569 -1.54199767
v -0.05452745 0.07072529 -1.58582592
v -0.06879549 0.07112192 -1.58005083
v -0.05827870 0.06684492 -1.60264027
v -0.07362893 0.06754337 -1.59763873
v -0.09032743 0.06503979 -1.59199703
v -0.08538394 0.06864125 -1.57318258
v -0.03988443 0.06674533 -1.54324818
v -0.03785300 0.06895694 -1.54607129
v -0.00886850 0.04846315 -1.61232448
v -0.01521327 0.05470859 -1.60737848
v -0.00099559 0.04086912 -1.61697960
v -0.00784107 0.04101005 -1.62189984
v -0.01596734 0.04825919 -1.61823654
v -0.02685244 0.05704479 -1.61149120
v -0.03964356 0.07027898 -1.57691598
v -0.04050992 0.06819790 -1.59114778
v -0.02749099 0.06419617 -1.59530616
v -0.04318026 0.06339870 -1.60719585
v -0.03386523 0.05305394 -1.62037659
v -0.04766737 0.05876667 -1.61720741
v -0.03851404 0.04710199 -1.62943304
v -0.05267673 0.05136199 -1.62825048
v -0.06868447 0.05351417 -1.62643504
v -0.06233771 0.06242085 -1.61409795
v -0.02244677 0.04671309 -1.62340617
v -0.01351262 0.03985646 -1.62654328
v -0.02643778 0.04237571 -1.62997317
v -0.01826435 0.03818335 -1.63066649
v -0.02075367 0.06104297 -1.59702301
v -0.03361765 0.05134953 -1.48856342
v -0.02880627 0.05233455 -1.48786676
v -0.02130013 0.05528654 -1.49913168
v 0.01318137 0.05021758 -1.52221835
v 0.01097202 0.05040470 -1.53452349
v 0.00108327 0.05486335 -1.52729988
v 0.00189349 0.05330273 -1.51262462
v 0.00933893 0.04954278 -1.54828358
v 0.00010364 0.05458502 -1.54127073
v -0.00156676 0.05564651 -1.55525386
v 0.00931239 0.04993015 -1.56269622
v -0.10732234 0.05904138 -1.58689749
v -0.10547814 0.06129509 -1.56993580
v -0.10331208 0.06204038 -1.55762148
v 0.03726893 0.02668877 -1.57917786
v -0.13652188 0.02424157 -1.60975838
v 0.02686867 0.02746893 -1.60329461
v -0.10870153 0.05119714 -1.60757124
v -0.11794280 0.03997255 -1.61418962
v -0.07740404 0.06289522 -1.60933185
v -0.09149294 0.06126302 -1.60381770
v -0.10794830 0.05575539 -1.59795725
v -0.10108380 0.06088937 -1.54166174
v -0.00731923 0.03173845 -1.63078451
v 0.03147893 0.03531878 -1.54510427
v 0.03049805 0.03486458 -1.54075146
v 0.03303404 0.03522685 -1.54968441
v 0.03159039 0.03315936 -1.53584015
v 0.04831870 -0.00766088 -1.52659869
v 0.05004867 -0.00829629 -1.52433658
v 0.05190072 -0.00887760 -1.52182436
v 0.04840356 -0.00469468 -1.52191770
v 0.05001926 -0.00548789 -1.51892900
v 0.05649619 -0.01273437 -1.52168226
v 0.05434463 -0.01215696 -1.52445114
v 0.05366038 -0.00966082 -1.51931834
v 0.05521879 -0.01029979 -1.51584148
v 0.05861532 -0.01305665 -1.51866746
v 0.05142974 -0.00571395 -1.50372481
v 0.05043952 -0.00449161 -1.50839329
v 0.05223708 -0.00718631 -1.51274991
v 0.04926019 -0.00161370 -1.51598215
v 0.05016821 -0.00287862 -1.51253915
v 0.05125488 -0.00634652 -1.51595664
v 0.04775464 -0.00028405 -1.51969302
v 0.05752731 -0.00965683 -1.51231885
v 0.06026325 -0.00910556 -1.50902414
v 0.06152777 -0.01284201 -1.51488090
v 0.06460832 -0.01505468 -1.51698041
v 0.06162756 -0.01531289 -1.52077031
v 0.04694570 -0.00389249 -1.52416682
v 0.04662128 0.00096677 -1.52216792
v 0.05006602 0.00063522 -1.50883675
v 0.05030141 0.00508945 -1.50535369
v 0.04918289 0.00296759 -1.51348770
v 0.04940153 0.00718631 -1.51049685
v 0.04780789 0.00428172 -1.51743782
v 0.04795032 0.00874793 -1.51469147
v 0.05027181 0.00914328 -1.50139749
v 0.04941473 0.01268637 -1.49723685
v 0.04780873 0.01601754 -1.49213183
v 0.04865930 0.01573327 -1.50236285
v 0.04693504 0.01962915 -1.49676740
v 0.04735423 0.01794266 -1.50776565
v 0.04574621 0.02247767 -1.50264645
v 0.04939726 0.01174987 -1.50677800
v 0.04789127 0.01363725 -1.51145971
v 0.04646162 0.01012571 -1.51864552
v 0.04647245 0.00563833 -1.52065277
v 0.04435291 0.01953795 -1.51959777
v 0.04592315 0.01913527 -1.51391852
v 0.04621113 0.01472241 -1.51640236
v 0.04465145 0.01544532 -1.52110004
v 0.04432615 0.02430342 -1.50976884
v 0.04332024 0.02413940 -1.51787519
v 0.04187100 0.02343471 -1.52307391
v 0.04360076 0.00924401 -1.52952385
v 0.04375016 0.00435857 -1.53030849
v 0.04303293 0.01287515 -1.52925968
v 0.04287688 0.01931349 -1.52381444
v 0.04359898 0.01576019 -1.52455997
v 0.03637236 0.02792848 -1.53081989
v 0.03817813 0.02538690 -1.53004313
v 0.04135763 0.01930280 -1.52925217
v 0.04232699 0.01634661 -1.52924752
v 0.03993884 0.02248629 -1.52951694
v 0.04311751 -0.00017828 -1.53185391
v 0.04242538 -0.00476337 -1.53364670
v -0.05713122 0.04811636 -1.46207297
v 0.05953512 -0.01528346 -1.52403176
v 0.05722101 -0.01508903 -1.52730036
v 0.04546959 -0.00819850 -1.55066705
v 0.04379266 -0.00995502 -1.54782414
v 0.04982618 -0.01658824 -1.54790044
v 0.04872660 -0.00447777 -1.55464399
v 0.04202635 -0.00801443 -1.53614485
v 0.04182911 -0.00993845 -1.53861904
v 0.04210838 -0.01081984 -1.54130578
v 0.04270389 -0.01102651 -1.54470468
v 0.05150894 0.00606584 -1.56882215
v 0.05276240 0.00255059 -1.56245947
v 0.02290240 0.03893281 -1.58426225
v 0.01976607 0.04307953 -1.57554495
v 0.03994982 0.02826369 -1.56414485
v 0.03751132 0.03161169 -1.55980670
v 0.03520679 0.03400023 -1.55474138
v 0.01698662 0.04505130 -1.56390667
v 0.01624292 0.04558822 -1.55146921
v 0.01695364 0.04643659 -1.53945732
v 0.01346822 0.03093788 -1.61601782
v 0.00678041 0.03162345 -1.62165821
v 0.02032210 0.02950398 -1.60964632
v -0.00282816 0.02328950 -1.63485479
v 0.00565018 0.02254226 -1.63060796
v -0.00012667 0.03186636 -1.62657988
v 0.01283224 0.02200169 -1.62519002
v 0.01938308 0.02142962 -1.61955380
v 0.02625989 0.02014652 -1.61317956
v 0.03244575 0.01809599 -1.60635400
v 0.03879173 0.01536858 -1.59757519
v -0.07502426 0.04072074 -1.46435678
v 0.05679749 -0.01679863 -1.51365471
v 0.05742833 -0.01758099 -1.51388252
v 0.05608613 -0.01776299 -1.51345074
v 0.05664672 -0.01853903 -1.51343703
v 0.05613105 -0.01871435 -1.51199412
v 0.05829373 -0.01762200 -1.50456262
v 0.05691867 -0.01898987 -1.50634527
v 0.05602618 -0.01930835 -1.51005065
v -0.02347635 0.05437998 -1.49214530
v -0.05381158 0.04857570 -1.42821264
v -0.06585500 0.04653639 -1.43276000
v -0.07621781 -0.06024189 -1.43041253
v -0.08704363 -0.05410182 -1.43493581
v -0.02187807 -0.03676891 -1.39431977
v -0.02884119 -0.04636614 -1.39911556
v -0.03089821 -0.04727765 -1.39114702
v -0.02430714 -0.03707699 -1.38672578
v -0.08259819 -0.06274621 -1.41408730
v -0.07723865 -0.06139088 -1.42142713
v -0.09049398 -0.05539142 -1.42678428
v -0.09671874 -0.05830979 -1.41962028
v -0.10149127 -0.04634418 -1.43018055
v -0.10774438 -0.04902676 -1.42215991
v -0.11585127 -0.03697753 -1.42295933
v -0.10900200 -0.03497890 -1.43230772
v -0.11373661 -0.02245684 -1.43296397
v -0.12048373 -0.02387588 -1.42238283
v -0.03827481 -0.05551139 -1.40473998
v -0.05034614 -0.06159571 -1.41068017
v -0.05175787 -0.06182097 -1.40169978
v -0.03985421 -0.05563392 -1.39662039
v -0.06359120 -0.06357950 -1.41674197
v -0.06675059 -0.06399652 -1.40807950
v -0.12152556 -0.00944421 -1.42311013
v -0.11440374 -0.00908863 -1.43478799
v -0.02698254 -0.03852660 -1.36938167
v -0.02348030 -0.02634352 -1.36671245
v -0.02238509 -0.02672572 -1.37528527
v -0.02639446 -0.03796843 -1.37790298
v -0.04974746 -0.06522875 -1.37172580
v -0.06508777 -0.07701042 -1.37994373
v -0.06173935 -0.08507317 -1.37183893
v -0.04583529 -0.07190178 -1.36327624
v -0.03027315 -0.08565060 -1.34130108
v -0.04905880 -0.10791016 -1.34880602
v -0.02802224 -0.10680006 -1.32740927
v -0.01838921 -0.08821131 -1.32337570
v -0.01238210 -0.10697150 -1.30930233
v -0.00567422 -0.09015932 -1.30534804
v 0.02239405 -0.10898867 -1.25761759
v 0.02817662 -0.09298052 -1.25605476
v 0.01752450 -0.09205586 -1.27236855
v 0.01149520 -0.10814414 -1.27425551
v 0.04582543 -0.13088386 -1.16170216
v 0.05386961 -0.11819715 -1.16617191
v 0.05474783 -0.12576424 -1.18186343
v 0.04849074 -0.13738903 -1.17944622
v -0.02327185 -0.16633317 -1.27373540
v -0.03187145 -0.16672318 -1.28920984
v -0.03514031 -0.17434409 -1.27724659
v -0.02810171 -0.17346898 -1.26183021
v -0.09637709 -0.12150062 -1.38443422
v -0.07315122 -0.11713731 -1.37017894
v -0.07655838 -0.10350086 -1.37534928
v -0.09684183 -0.10783380 -1.38868999
v -0.00950908 -0.17274396 -1.19163871
v -0.00107246 -0.16980137 -1.17940891
v 0.00855435 -0.16702037 -1.18878734
v 0.00175402 -0.16886036 -1.20063186
v -0.00693537 -0.14266109 -1.08769894
v 0.01186288 -0.13016409 -1.08666182
v 0.01093977 -0.12985818 -1.10612106
v -0.00698825 -0.14150047 -1.10711265
v -0.07811606 -0.16520825 -1.12740040
v -0.10432746 -0.16185479 -1.12678146
v -0.10462816 -0.15984577 -1.11241484
v -0.07844002 -0.16358691 -1.11187863
v 0.00977343 -0.13646558 -1.25709820
v 0.01622485 -0.12360021 -1.25805724
v 0.00541719 -0.12295558 -1.27464807
v -0.00041021 -0.13616417 -1.27360642
v -0.05209410 -0.23289025 -1.15364873
v -0.05406943 -0.21956907 -1.14312637
v -0.05450840 -0.21169707 -1.16516435
v -0.05284721 -0.22496261 -1.17612648
v -0.06957023 -0.16877690 -1.02202606
v -0.09475318 -0.16412017 -1.02703071
v -0.09309101 -0.16653158 -1.01000953
v -0.06762981 -0.17012642 -1.00461435
v -0.06265005 -0.20393322 -1.31488192
v -0.08038809 -0.21357021 -1.32940304
v -0.07735191 -0.21999370 -1.31371701
v -0.06139651 -0.20847225 -1.29967403
v -0.00949895 -0.16510108 -1.24583805
v -0.01608954 -0.16545644 -1.25961888
v -0.02290820 -0.17250571 -1.24945080
v -0.01777332 -0.17163478 -1.23830414
v -0.10909723 -0.17086244 -1.15536523
v -0.08643650 -0.17391866 -1.15624774
v -0.09158789 -0.17592773 -1.17260849
v -0.11221289 -0.17342576 -1.17183268
v -0.08182191 -0.17020755 -1.14074409
v -0.10633706 -0.16674486 -1.13993251
v -0.00285284 -0.15699711 -1.25141919
v 0.00341726 -0.14757776 -1.25488508
v -0.00581140 -0.14742638 -1.27111948
v -0.01084355 -0.15673211 -1.26726568
v 0.03784928 -0.12302923 -1.14666355
v 0.04820169 -0.10802104 -1.15211117
v -0.04219750 -0.16743468 -0.99841321
v -0.01902850 -0.15909621 -0.99187118
v -0.02071074 -0.15899186 -1.01087523
v -0.04405228 -0.16682564 -1.01656306
v 0.02340135 -0.11409859 -1.12308002
v 0.02825442 -0.11664916 -1.13549578
v 0.01654267 -0.13020894 -1.13387382
v 0.00978604 -0.12741414 -1.12238812
v 0.00157538 -0.14628176 -0.98599184
v 0.02077443 -0.13126907 -0.98063260
v 0.01876036 -0.13039990 -1.00159585
v -0.00001511 -0.14593351 -1.00560009
v 0.00035400 -0.10749382 -1.29177618
v 0.00639562 -0.09142862 -1.28871310
v 0.02611873 -0.15178816 -1.16128755
v 0.03642559 -0.14237839 -1.16057229
v 0.03969466 -0.14779973 -1.17846215
v 0.02981223 -0.15549432 -1.17858994
v -0.03689762 -0.17856972 -1.24720526
v -0.04304175 -0.17949037 -1.26078558
v -0.05601297 -0.17937148 -1.24026203
v -0.05085287 -0.18014789 -1.23382974
v -0.09199613 -0.16871534 -0.99398613
v -0.06638679 -0.17197129 -0.98809230
v 0.00269487 -0.14735608 -0.96665573
v 0.02184407 -0.13235779 -0.96007693
v -0.11102976 -0.16983148 -1.22364950
v -0.11391142 -0.16680440 -1.22345650
v -0.12813267 -0.16790919 -1.22040021
v -0.12627998 -0.17151296 -1.22102392
v 0.06253304 -0.08551265 -1.18421602
v 0.06110026 -0.10110041 -1.19267476
v 0.05990416 -0.10682727 -1.17654240
v 0.05762656 -0.09392393 -1.16426575
v 0.01654748 -0.14616878 -1.14579058
v 0.00503157 -0.14184308 -1.13460338
v 0.02724366 -0.13540000 -1.14498246
v 0.05976970 -0.06921393 -1.17469859
v 0.05157477 -0.07859517 -1.15028203
v 0.01192215 -0.07412368 -1.28501499
v 0.02283219 -0.07488066 -1.26990271
v 0.00140225 -0.07238226 -1.30151999
v 0.00828268 -0.05465297 -1.29681480
v -0.00121116 -0.05173458 -1.31363046
v -0.00885491 -0.06972429 -1.31800342
v -0.00964535 -0.04814191 -1.32883728
v -0.01801729 -0.06569427 -1.33421218
v -0.03648320 -0.05208874 -1.36485958
v -0.03233002 -0.05644660 -1.35673916
v -0.03264026 -0.17716704 -1.23761344
v -0.02848958 -0.17635858 -1.22840524
v -0.01801069 -0.16007568 -0.97351545
v -0.18990912 -0.11422813 -1.31129014
v -0.19401729 -0.10859223 -1.29480648
v -0.19001959 -0.12766205 -1.29456306
v -0.18549374 -0.13287564 -1.31059706
v -0.09715660 -0.13511425 -1.38291645
v -0.07274048 -0.13425995 -1.36895943
v -0.17247480 -0.16334581 -1.22999084
v -0.16972795 -0.16854118 -1.23204744
v -0.17312352 -0.16901621 -1.23872030
v -0.17702223 -0.16178465 -1.23717523
v -0.15523544 -0.17265940 -1.22846544
v -0.14916311 -0.16971649 -1.22372353
v -0.14984636 -0.17603591 -1.21670961
v -0.15589640 -0.17997497 -1.22117221
v -0.11642146 -0.15710315 -1.01451576
v -0.11760302 -0.15340728 -1.03150213
v -0.16576390 -0.12930833 -1.14057243
v -0.12708324 0.00672605 -1.41373885
v -0.11869636 0.00541557 -1.42477393
v -0.14813793 -0.14336352 -1.13268852
v -0.14849551 -0.15092826 -1.14836943
v -0.16509448 -0.13912275 -1.15654325
v -0.17736918 -0.01264161 -1.28883970
v -0.18008301 -0.01253523 -1.27273095
v -0.18597429 -0.03143717 -1.27808166
v -0.18287253 -0.03220673 -1.29406023
v -0.18958272 -0.07462048 -1.32293451
v -0.18399200 -0.07776973 -1.33917558
v -0.18155240 -0.05425865 -1.33183455
v -0.18562527 -0.05280030 -1.31677318
v -0.19313374 -0.09301414 -1.31028545
v -0.19714731 -0.08901005 -1.29311478
v -0.13126053 -0.16851175 -1.17432368
v -0.12972134 -0.16508181 -1.15839911
v -0.12021518 -0.17545295 -1.20425332
v -0.13597193 -0.17254283 -1.20550358
v -0.13483495 -0.17260933 -1.19770002
v -0.11815521 -0.17590939 -1.19629455
v -0.09850273 -0.09679268 -1.39473593
v -0.11860944 -0.09092023 -1.40037429
v -0.11852331 -0.10368942 -1.39477956
v -0.15551095 -0.04918421 -1.38074076
v -0.16007055 -0.04826780 -1.37431884
v -0.15722382 -0.06450478 -1.37940335
v -0.15211521 -0.05993697 -1.38476086
v -0.19250733 -0.03519971 -1.20780814
v -0.18828928 -0.01463613 -1.20690429
v -0.18614711 -0.01605055 -1.18502593
v -0.19009666 -0.03768668 -1.18434322
v -0.15855226 -0.16993558 -1.22148275
v -0.15933439 -0.16814752 -1.21819496
v -0.14973098 -0.17054610 -1.21401334
v -0.14991744 -0.17058216 -1.21728945
v -0.14852566 -0.16824619 -1.20107841
v -0.14892155 -0.16953160 -1.20862329
v -0.15950531 -0.16561511 -1.21340728
v -0.16039094 -0.16313834 -1.20635879
v -0.16294543 -0.14756933 -1.17182684
v -0.14757448 -0.15744933 -1.16423011
v -0.14811689 -0.16240576 -1.17921567
v -0.16254264 -0.15465714 -1.18612707
v -0.16976197 -0.01654211 -1.11606896
v -0.17577508 -0.03477068 -1.11408627
v -0.18035161 -0.03527609 -1.13651431
v -0.17624602 -0.01598488 -1.13770711
v -0.08773201 -0.17032140 -1.22843111
v -0.07175936 -0.17240296 -1.23386633
v -0.07440684 -0.17244868 -1.22271991
v -0.09120183 -0.17224886 -1.21555364
v -0.16590077 -0.21203721 -1.22805262
v -0.16836722 -0.20389493 -1.23430312
v -0.16754733 -0.19955027 -1.22881222
v -0.16603182 -0.20802931 -1.22326124
v -0.10764128 -0.17622833 -1.19186795
v -0.09277984 -0.17526017 -1.19958806
v -0.09292864 -0.18076329 -1.18072248
v -0.10834065 -0.18188493 -1.17354596
v -0.12658753 -0.14586501 -1.38094628
v -0.09789389 -0.14923027 -1.38128078
v -0.12367645 -0.13374722 -1.38593769
v -0.13394076 -0.17887241 -1.18655884
v -0.14486459 -0.18296392 -1.18943536
v -0.14322324 -0.17680240 -1.20261240
v -0.13198796 -0.17408927 -1.20123589
v -0.05930289 -0.24023125 -1.18564153
v -0.05812151 -0.24822150 -1.16329980
v -0.12109214 -0.19255573 -1.15220165
v -0.13312764 -0.19849445 -1.15282416
v -0.13467418 -0.18708742 -1.16985667
v -0.12234263 -0.18329015 -1.16936946
v -0.16375989 -0.12118370 -1.12530649
v -0.14770198 -0.13726670 -1.11842692
v -0.14998765 -0.12479286 -1.02063560
v -0.13569744 -0.14262854 -1.01806378
v -0.13720144 -0.13776149 -1.03566039
v -0.15139911 -0.11973935 -1.03908134
v -0.11553776 -0.15888879 -0.99825191
v -0.14800693 -0.12757029 -1.00311697
v -0.13406980 -0.14490463 -1.00140882
v -0.11167029 -0.06909025 -1.40960693
v -0.12491435 -0.05537307 -1.40998554
v -0.13007389 -0.06695370 -1.40385783
v -0.11736152 -0.08065809 -1.40484464
v -0.13000673 -0.18731384 -0.88849080
v -0.13786854 -0.18427959 -0.86043215
v -0.11245175 -0.19129314 -0.85678959
v -0.10180096 -0.19549808 -0.88450396
v -0.14472771 -0.03402038 -1.39502645
v -0.13810913 -0.05144802 -1.40009332
v -0.13279195 -0.04179594 -1.40672600
v -0.13807084 -0.02763672 -1.40286469
v -0.09778102 -0.19344482 -0.90899420
v -0.12523204 -0.18546396 -0.91490746
v -0.09771819 -0.08744073 -1.39960253
v -0.09346971 -0.07665342 -1.40369987
v -0.08035882 -0.08303189 -1.38980114
v -0.07691266 -0.07329261 -1.39406574
v -0.06139962 -0.06826034 -1.38616490
v -0.08377180 -0.19861068 -0.85008538
v -0.07664213 -0.19737591 -0.87592447
v -0.11567947 -0.05259887 -1.41568434
v -0.12413971 -0.03895490 -1.41464686
v -0.12938239 -0.02240518 -1.41185546
v -0.13055241 -0.00688045 -1.41135335
v -0.11611736 -0.16390078 -0.98245245
v -0.09195435 -0.17246874 -0.97790211
v -0.20084313 -0.11673406 -0.75493842
v -0.20325394 -0.09023662 -0.75252479
v -0.19204091 -0.08757005 -0.73810798
v -0.19173272 -0.11921756 -0.73846918
v -0.19182284 -0.02686939 -0.76572597
v -0.17467155 -0.02437729 -0.75058013
v -0.18572590 -0.05528023 -0.74186701
v -0.19985229 -0.05931849 -0.75666332
v -0.21333571 -0.06012822 -0.88916862
v -0.20485137 -0.06177611 -0.91034389
v -0.20135859 -0.03231341 -0.90985334
v -0.20920414 -0.03045882 -0.88840520
v -0.15055409 -0.13241424 -0.98690712
v -0.13600908 -0.14983915 -0.98529750
v -0.06641826 -0.17497727 -0.97175807
v -0.12030424 -0.19723447 -0.72132552
v -0.12070073 -0.19101909 -0.68608284
v -0.08260170 -0.19651629 -0.68166035
v -0.08030184 -0.20154971 -0.71632266
v -0.17070536 -0.14456576 -0.69099629
v -0.17528935 -0.14952716 -0.71958584
v -0.18375359 -0.11543573 -0.71757400
v -0.17739303 -0.11062208 -0.69233447
v 0.03980239 -0.11611091 -0.95450944
v 0.02151109 -0.13352785 -0.94031256
v 0.03903056 -0.11673343 -0.93402350
v 0.07298999 -0.06155463 -0.94224787
v 0.06531368 -0.08202028 -0.94597936
v 0.06464145 -0.08011425 -0.92448211
v 0.07192320 -0.05993447 -0.92125875
v 0.04201713 -0.06388145 -0.81330478
v 0.04677805 -0.04907894 -0.81244695
v 0.05227119 -0.05226739 -0.83425122
v 0.04658115 -0.06996782 -0.83689165
v -0.05077545 -0.19295171 -0.86675286
v -0.02904766 -0.17948435 -0.85862088
v -0.02522318 -0.17635638 -0.87944138
v -0.04723724 -0.18802546 -0.88902986
v -0.15243170 -0.02403293 -0.73965007
v -0.16624883 -0.05100941 -0.73027033
v -0.04329589 -0.19130859 -0.67852825
v -0.04090771 -0.19302261 -0.71314770
v -0.01147240 -0.17355846 -0.67799681
v 0.00775843 -0.14454916 -0.67882389
v 0.00912190 -0.14822283 -0.70911020
v -0.01080967 -0.17519426 -0.70926505
v 0.01170798 -0.06260078 -0.75050902
v -0.00791738 -0.04169893 -0.73738009
v -0.00551370 -0.03772231 -0.74065584
v 0.01723752 -0.05891946 -0.75903618
v -0.20315516 -0.02819962 -0.78135359
v -0.21065733 -0.05930526 -0.77420825
v -0.21781597 -0.05871999 -0.79428536
v -0.21120726 -0.02805769 -0.79927331
v -0.15692544 -0.10848459 -1.00386643
v -0.16067581 -0.11297076 -0.98709071
v -0.16140850 -0.08859675 -1.00430322
v -0.15828459 -0.10570947 -1.02307010
v -0.16248430 -0.08530059 -1.02397788
v -0.18272616 -0.08159481 -1.14454973
v -0.17543952 -0.10239862 -1.13405228
v -0.17897981 -0.11107792 -1.15012050
v -0.18710175 -0.09077709 -1.16334581
v -0.19230896 -0.05009566 -1.28378344
v -0.18930785 -0.05084105 -1.30025446
v -0.17221318 -0.07572114 -0.69952977
v -0.15030783 -0.04165366 -0.71582586
v -0.15278742 -0.04656049 -0.67786753
v -0.16836965 -0.07793846 -0.67056656
v -0.14812134 -0.16733913 -0.65906739
v -0.15163048 -0.17316116 -0.69006670
v -0.16597353 -0.14012949 -0.66191822
v -0.11925676 -0.18379734 -0.65368527
v -0.08197023 -0.19139245 -0.64932078
v -0.01234500 -0.16843434 -0.64669597
v 0.00553513 -0.13963330 -0.64855802
v -0.00825195 -0.05257913 -0.68278939
v 0.00568392 -0.07848791 -0.68057173
v -0.00091776 -0.07453507 -0.65587157
v -0.01675064 -0.04902674 -0.66012615
v 0.02410793 -0.10460980 -0.81305087
v 0.00800173 -0.13699712 -0.83266097
v 0.00630940 -0.14058276 -0.81127024
v 0.01784379 -0.11317150 -0.79214984
v 0.07205905 -0.06601541 -0.96432942
v 0.06559178 -0.08264939 -0.96821070
v 0.05470139 -0.09907529 -0.94979048
v 0.05509872 -0.09892025 -0.97200769
v 0.03933884 -0.11534394 -0.97602153
v 0.06393161 -0.07987578 -1.06353951
v 0.05057824 -0.09947494 -1.06407189
v 0.05332666 -0.09838413 -1.04158938
v 0.06621501 -0.07922097 -1.04034817
v 0.05940951 -0.08033661 -1.08718657
v 0.04641197 -0.10027882 -1.08709753
v 0.04548679 -0.07783875 -1.13066876
v 0.04018405 -0.09955285 -1.13993800
v 0.03548340 -0.09766807 -1.12611902
v 0.01761516 -0.05644903 -1.28096974
v 0.02719344 -0.05746428 -1.26599121
v -0.05873854 -0.19057216 -0.84261554
v -0.11732018 -0.02054822 -0.70983177
v -0.08557738 -0.01618515 -0.70066547
v -0.09493127 -0.01679507 -0.67515415
v -0.12585859 -0.02498841 -0.67944556
v -0.07111898 -0.19384593 -0.89911425
v -0.04069917 -0.16871893 -0.98089665
v -0.04108758 -0.17094302 -0.96383476
v -0.05130896 -0.16004579 -1.11231744
v -0.04591649 -0.16212991 -1.13118076
v 0.05709841 -0.11421630 -1.19846022
v 0.05835821 -0.11611504 -1.18593907
v -0.15378819 -0.18025635 -0.72346926
v -0.01702628 -0.15549849 -0.58858067
v -0.00205842 -0.12637644 -0.59055775
v 0.00253380 -0.13359357 -0.61928803
v -0.01421158 -0.16251488 -0.61689240
v -0.04857577 -0.03069396 -0.63775182
v -0.02643049 -0.04648213 -0.63410217
v -0.03589832 -0.04597353 -0.60565013
v -0.05852640 -0.03224485 -0.60934383
v -0.06625365 -0.03418742 -0.57987237
v -0.04269174 -0.04633600 -0.57709926
v -0.05173916 -0.04329490 -0.54713410
v -0.07437739 -0.03424656 -0.55137223
v -0.04383003 -0.18672106 -0.64770859
v -0.07810563 -0.17904674 -0.59281826
v -0.04491360 -0.17365539 -0.58944482
v -0.04398232 -0.18007572 -0.61782646
v -0.07966746 -0.18571258 -0.62081587
v -0.17140193 -0.11085711 -0.66472626
v -0.03815215 -0.03128833 -0.66372240
v -0.02814808 -0.03320950 -0.68532759
v -0.10874803 -0.02706206 -0.61231017
v -0.13413028 -0.03706082 -0.61297578
v -0.13060980 -0.03057578 -0.64452004
v -0.10237631 -0.02079231 -0.64374065
v -0.15822802 -0.13737833 -0.60585928
v -0.13976794 -0.15937285 -0.60292208
v -0.14313814 -0.16295002 -0.62949097
v -0.16105384 -0.13904594 -0.63336080
v -0.11184099 -0.17210823 -0.59753424
v -0.11473438 -0.17784783 -0.62459791
v -0.07585880 -0.16716830 -0.53785336
v -0.04623641 -0.15999778 -0.53460467
v -0.04534134 -0.16668589 -0.56152487
v -0.07703106 -0.17266802 -0.56533259
v -0.10766405 -0.16297555 -0.54350036
v -0.11007078 -0.16706127 -0.57052463
v -0.13803691 -0.15544850 -0.57494992
v -0.13478857 -0.15246992 -0.54839307
v -0.15195771 -0.13384661 -0.55327219
v -0.15589577 -0.13555606 -0.57935351
v -0.16507633 -0.11108063 -0.58237129
v -0.16156541 -0.11177478 -0.55633581
v -0.16390730 -0.08604218 -0.58398259
v -0.15347102 -0.06225499 -0.58571905
v -0.15279868 -0.06676133 -0.55886710
v -0.16111583 -0.08903360 -0.55800360
v -0.11968595 -0.03597347 -0.55617434
v -0.13935432 -0.04792109 -0.55809569
v -0.13668099 -0.04283646 -0.58529299
v -0.11427528 -0.03195468 -0.58327240
v -0.13901868 -0.05232189 -0.44866824
v -0.14607272 -0.06964663 -0.45209295
v -0.14559117 -0.06201439 -0.47886091
v -0.13585505 -0.04487197 -0.47679490
v -0.15372500 -0.08578673 -0.45455068
v -0.15719789 -0.10251178 -0.45635605
v -0.15532644 -0.09814236 -0.48163980
v -0.15096442 -0.08048616 -0.48076445
v -0.14003706 -0.13270225 -0.47751433
v -0.15239583 -0.11602101 -0.48026526
v -0.15306252 -0.12050377 -0.45542240
v -0.13972498 -0.13691115 -0.45213956
v -0.12324069 -0.15108314 -0.44870192
v -0.12489648 -0.15003726 -0.47221410
v -0.10076788 -0.15373696 -0.44292903
v -0.10240398 -0.15664414 -0.46648711
v -0.07498068 -0.14881170 -0.46087694
v -0.07464167 -0.14679991 -0.43835974
v -0.08730803 -0.03930188 -0.43809581
v -0.10737491 -0.03503689 -0.44179678
v -0.09952821 -0.03046189 -0.46976620
v -0.08043258 -0.03654044 -0.46514899
v -0.04747703 -0.07245190 -0.45787489
v -0.03126558 -0.09391370 -0.45697790
v -0.04108447 -0.09111423 -0.43193394
v -0.05873811 -0.07117809 -0.43193048
v -0.10600667 -0.15889889 -0.51650679
v -0.07472196 -0.16129287 -0.51037109
v -0.14713728 -0.13213958 -0.52764356
v -0.13079156 -0.14996712 -0.52229995
v -0.12475204 -0.03919403 -0.53003007
v -0.14091539 -0.05296389 -0.53231865
v -0.06135083 -0.04051048 -0.51914978
v -0.08263057 -0.03251702 -0.52383357
v -0.02597421 -0.13146287 -0.50754005
v -0.04614800 -0.15196086 -0.50860572
v -0.04665588 -0.14500561 -0.48264396
v -0.02712878 -0.12485860 -0.48063147
v -0.10431542 -0.15762246 -0.49198836
v -0.12755409 -0.14905892 -0.49723405
v -0.14269401 -0.13141541 -0.50253057
v -0.15392673 -0.11353939 -0.50571012
v -0.15526626 -0.09473090 -0.50700873
v -0.15026966 -0.07586662 -0.50658190
v -0.14309803 -0.05730344 -0.50606990
v -0.13015305 -0.04177713 -0.50389200
v -0.09111992 -0.03119672 -0.49728674
v -0.07151861 -0.03828705 -0.49217218
v -0.03019806 -0.11970791 -0.45626158
v -0.04860588 -0.13959372 -0.45822531
v -0.05309591 -0.13820276 -0.43591261
v -0.03846944 -0.11539447 -0.43406874
v -0.04731711 -0.11357650 -0.41241753
v -0.05090386 -0.09183276 -0.41035241
v -0.15680929 -0.09159338 -0.42835611
v -0.15849867 -0.10822912 -0.42959893
v -0.15393576 -0.12596895 -0.42913353
v -0.12400283 -0.15449329 -0.42433900
v -0.09775176 -0.15439089 -0.41837931
v -0.07366636 -0.14616366 -0.41338938
v -0.05650684 -0.13442834 -0.41450506
v -0.11617960 -0.05121296 -0.38761437
v -0.11138774 -0.04439067 -0.41519332
v -0.09375069 -0.04669444 -0.41205704
v -0.09781481 -0.05463737 -0.38495034
v -0.14659089 -0.06498616 -0.39292800
v -0.15903324 -0.07884783 -0.39750916
v -0.14805919 -0.07650252 -0.42488855
v -0.13831832 -0.06163783 -0.42236060
v -0.16592762 -0.09682295 -0.40044630
v -0.16588655 -0.11599761 -0.40213716
v -0.16016808 -0.13462800 -0.40310115
v -0.14273319 -0.14243849 -0.42838204
v -0.14610204 -0.15080273 -0.40174061
v -0.12310085 -0.15893330 -0.39796555
v -0.09198840 -0.15819737 -0.39277726
v -0.07056403 -0.14689198 -0.35804981
v -0.06963830 -0.14089701 -0.38677371
v -0.09125431 -0.16387257 -0.36495924
v -0.07481538 -0.12873092 -0.26124895
v -0.07896875 -0.15228239 -0.26560611
v -0.08316898 -0.15076794 -0.23204041
v -0.07889490 -0.13007401 -0.22771204
v -0.10129409 -0.05891564 -0.35631043
v -0.12204850 -0.05366288 -0.35807300
v -0.15524393 -0.06624848 -0.36299759
v -0.16820809 -0.08219951 -0.36713600
v -0.12582709 -0.17251788 -0.34057230
v -0.12239748 -0.16633195 -0.37016910
v -0.14812154 -0.15815616 -0.37405479
v -0.15190427 -0.16418236 -0.34349310
v -0.10902542 -0.06581951 -0.26092505
v -0.12950474 -0.06122150 -0.26121807
v -0.12847778 -0.05637503 -0.29386091
v -0.10649408 -0.06170521 -0.29302639
v -0.16029188 -0.06683100 -0.33095723
v -0.16332622 -0.06905662 -0.29836541
v -0.17671333 -0.08522964 -0.30203503
v -0.17416362 -0.08347673 -0.33514094
v -0.12896281 -0.17485094 -0.27377784
v -0.12820973 -0.17545135 -0.30845088
v -0.15424417 -0.16800405 -0.31040311
v -0.15394834 -0.16818973 -0.27520782
v -0.09525213 -0.16923115 -0.33537585
v -0.09887903 -0.17121646 -0.30427140
v -0.07611053 -0.15354791 -0.29824638
v -0.07235883 -0.15028553 -0.32933062
v -0.07079510 -0.12744932 -0.29430032
v -0.06749327 -0.12357163 -0.32490700
v 0.00419771 -0.02669474 -0.74526036
v -0.01644522 -0.02377110 -0.73605043
v -0.03245580 -0.02147692 -0.73716563
v -0.12861595 -0.08114164 -0.19104624
v -0.12939665 -0.07080402 -0.22711885
v -0.11016559 -0.07486764 -0.22540438
v -0.11153109 -0.08481598 -0.18941474
v -0.17614408 -0.09056217 -0.26786673
v -0.16352379 -0.07440879 -0.26520598
v -0.15980190 -0.08322469 -0.23046148
v -0.17113380 -0.09795675 -0.23207545
v -0.12731889 -0.16879648 -0.19887018
v -0.12863977 -0.17235154 -0.23708367
v -0.15141122 -0.16591363 -0.23793721
v -0.14833866 -0.16250245 -0.19965386
v -0.08771780 -0.14975572 -0.19507396
v -0.10193166 -0.16791041 -0.23594093
v -0.10469601 -0.16546001 -0.19790733
v -0.08849083 -0.14738883 -0.15891480
v -0.08487725 -0.12997104 -0.15562940
v -0.08279760 -0.13043888 -0.19171286
v -0.11197826 -0.09351141 -0.15532768
v -0.12698486 -0.08887575 -0.15588558
v -0.16030820 -0.10729639 -0.16137290
v -0.16503677 -0.10421227 -0.19671500
v -0.15481547 -0.09105648 -0.19418764
v -0.15033454 -0.09576923 -0.15887487
v -0.16888662 -0.13749118 -0.19824255
v -0.17007616 -0.12076877 -0.19809365
v -0.16492037 -0.12286886 -0.16272259
v -0.16297726 -0.13828672 -0.16282535
v -0.14402854 -0.15799291 -0.16423929
v -0.16169125 -0.15208833 -0.19909859
v -0.15582924 -0.14954378 -0.16364384
v -0.12474348 -0.16499208 -0.16451204
v -0.10380059 -0.16266884 -0.16167498
v -0.09089729 -0.01704938 -0.73314613
v -0.06084639 -0.01960713 -0.72315323
v -0.07343958 -0.01877361 -0.71583849
v -0.10455435 -0.02095162 -0.72739679
v -0.00751396 -0.07166754 -0.62922925
v -0.01529940 -0.06800570 -0.60067129
v -0.03168811 -0.06098922 -0.54359245
v -0.02234821 -0.06538206 -0.57209557
v -0.04259938 -0.05767690 -0.51467758
v -0.05335536 -0.05488867 -0.48625124
v -0.06405590 -0.05071581 -0.45976102
v -0.07288758 -0.05177239 -0.43374497
v -0.07843465 -0.05820392 -0.40863568
v -0.08011214 -0.06599309 -0.38191837
v -0.08572273 -0.07468485 -0.32507378
v -0.10421426 -0.06036076 -0.32517076
v -0.08303609 -0.07196527 -0.35474187
v -0.08971858 -0.08089403 -0.26031494
v -0.08764049 -0.07681637 -0.29341263
v -0.09299289 -0.08810432 -0.22485971
v -0.09661272 -0.09568948 -0.18795681
v -0.09886993 -0.10330629 -0.15393090
v 0.01579104 -0.11730549 -0.73046368
v 0.01410151 -0.08649629 -0.72332716
v 0.01606623 -0.08972809 -0.74038911
v 0.01558186 -0.11892270 -0.75199348
v -0.02414165 -0.03169293 -0.73450345
v -0.03842186 -0.02504096 -0.73598522
v -0.03586723 -0.02476696 -0.73783243
v -0.02172399 -0.03008829 -0.73634052
v -0.07437143 -0.15512992 -0.48536098
v -0.15686385 -0.11300334 -0.53123540
v -0.15748395 -0.09189758 -0.53247750
v -0.15059070 -0.07209281 -0.53342819
v -0.04730430 -0.01941607 -0.74165696
v -0.02623659 -0.07901407 -0.51084077
v -0.01877790 -0.10439058 -0.50839263
v -0.02382638 -0.09824124 -0.48164833
v -0.03502581 -0.07315347 -0.48278660
v -0.06528607 -0.11813369 -0.35065305
v -0.07370397 -0.09745093 -0.32436335
v -0.07013617 -0.09322583 -0.35251158
v -0.06161718 -0.11536113 -0.37441617
v -0.17404696 -0.12372753 -0.37372911
v -0.16579472 -0.14285925 -0.37508428
v -0.18109748 -0.12839974 -0.34279621
v -0.17432430 -0.10273575 -0.37153774
v -0.18157050 -0.10491813 -0.34009469
v -0.00918194 -0.09055833 -0.56550252
v -0.00769759 -0.11886727 -0.56235546
v -0.01364418 -0.11160216 -0.53514600
v -0.01758098 -0.08428556 -0.53791618
v -0.13754091 -0.13122717 -1.05282331
v -0.15134321 -0.11386715 -1.05709112
v -0.00498077 -0.16417880 -1.15702248
v -0.02250995 -0.16233984 -1.14556026
v -0.00836775 -0.15202633 -1.13826382
v 0.00569367 -0.15555905 -1.14982653
v -0.01411298 -0.17038332 -1.16736436
v -0.03212982 -0.16933291 -1.15599251
v -0.02280446 -0.17426902 -1.17992115
v -0.15385117 0.00566007 -1.36377645
v -0.14965145 0.00583506 -1.37569785
v -0.04035268 -0.17427213 -1.16884804
v -0.06830247 -0.17728332 -1.22513926
v -0.07361224 -0.17427729 -1.23071134
v 0.05337709 -0.07999381 -1.11015272
v 0.06169622 -0.05714429 -1.10881019
v 0.05362370 -0.05575056 -1.12922049
v 0.05368466 -0.09868614 -0.92856956
v 0.03425846 -0.08117134 -0.81358135
v 0.03769300 -0.08982088 -0.84042108
v 0.02605018 -0.11234394 -0.84556055
v 0.01668001 -0.03911379 -0.75589287
v -0.18101278 -0.05598897 -1.13257098
v -0.17730668 -0.05473243 -1.11023068
v -0.17937984 -0.03279238 -1.30983734
v -0.17409116 -0.01302422 -1.30465388
v -0.17183433 -0.03340491 -1.33772767
v -0.16804200 -0.03274177 -1.34996545
v -0.16387668 -0.01303527 -1.34473681
v 0.07608806 -0.03434703 -1.06067300
v 0.07847336 -0.03576975 -1.03872371
v -0.16703761 -0.01368125 -1.33277857
v -0.14520703 -0.01238937 -1.39149189
v 0.05798825 -0.03135039 -1.12655509
v 0.06523435 -0.03240521 -1.10580790
v -0.13764141 -0.00920729 -1.40189648
v -0.04228181 -0.02416829 -0.73222297
v -0.06419751 -0.01824988 -0.73793465
v -0.05516077 -0.01982251 -0.73905033
v -0.00055990 -0.05597088 -0.70157421
v -0.01875044 -0.03644547 -0.70208621
v -0.01209791 -0.03976995 -0.71455973
v 0.00479690 -0.05976886 -0.71752703
v -0.07664421 -0.20405264 -0.75212133
v -0.11614439 -0.20227844 -0.75737804
v -0.18062840 -0.08127920 -0.72095245
v -0.12913443 -0.22025445 -1.11632776
v -0.13707975 -0.23058347 -1.12019491
v -0.14060636 -0.21884340 -1.13901472
v -0.13136947 -0.20944554 -1.13547230
v -0.19564134 -0.05841018 -1.20885158
v -0.19180657 -0.06682737 -1.18176401
v -0.07988553 -0.09340239 -1.38355136
v -0.09680583 -0.17361017 -1.37358308
v -0.07131614 -0.17078272 -1.36169696
v -0.07339602 -0.16076654 -1.36557305
v -0.09814098 -0.16184504 -1.37801898
v -0.06185459 -0.01799232 -0.74638796
v -0.17353480 -0.15318114 -1.32601726
v -0.16254930 -0.15848954 -1.34328532
v -0.16676266 -0.14508490 -1.34592569
v -0.17795858 -0.13889681 -1.32773948
v -0.21484733 -0.02834958 -0.86539805
v -0.21974984 -0.05809529 -0.86570513
v -0.16159762 -0.04045367 -1.04845715
v -0.16512239 -0.06057414 -1.04639530
v -0.16873744 -0.05675159 -1.06702256
v -0.11442553 -0.01319196 -0.74725556
v -0.12585378 -0.01212968 -0.75186336
v -0.16553937 -0.03728222 -1.06959414
v -0.19485596 -0.09014188 -1.19486964
v -0.18826701 -0.10625864 -1.17823684
v 0.05381617 -0.06233570 -1.21841455
v 0.05205880 -0.07905535 -1.22299039
v 0.05941656 -0.08167251 -1.20488381
v 0.05965379 -0.06486852 -1.19902527
v -0.15475817 -0.22864899 -1.18124652
v -0.15932310 -0.21046595 -1.19258010
v -0.15357606 -0.20116687 -1.18154562
v -0.15101899 -0.21543169 -1.16517770
v -0.15570638 -0.18234922 -0.76242280
v -0.18188776 -0.15100694 -0.74626172
v -0.12588391 -0.14630067 -1.08196878
v -0.14625587 -0.13090494 -1.08628368
v -0.14103152 -0.12873508 -1.06918514
v -0.12207319 -0.14484526 -1.06469202
v -0.12753196 -0.15422441 -1.12849379
v -0.12771335 -0.15037760 -1.11434495
v -0.12879862 -0.16007322 -1.14266431
v -0.13924226 -0.17250244 -1.22127450
v -0.14043137 -0.16801049 -1.22072029
v -0.14884810 -0.17320104 -1.22485137
v 0.01126409 -0.08322826 -0.70434558
v 0.01907645 -0.08684628 -0.76979768
v 0.02426172 -0.07994053 -0.78221035
v -0.04950450 -0.02118370 -0.74127895
v -0.07246587 -0.06695295 -1.39967358
v -0.05715099 -0.06386551 -1.39351416
v -0.11910936 -0.17353205 -1.20369673
v -0.12129222 -0.17719722 -1.18745816
v -0.10806342 -0.17137468 -1.21783519
v -0.12431367 -0.17142861 -1.21487987
v -0.12218606 -0.17393273 -1.21033275
v -0.10487291 -0.17454553 -1.21265697
v -0.13831140 -0.17103143 -1.21483576
v -0.13723253 -0.17249876 -1.21102166
v -0.01584602 -0.14720614 -1.28780591
v -0.02756544 -0.14784522 -1.30426574
v -0.02971884 -0.15788096 -1.29787493
v -0.01962721 -0.15735276 -1.28209364
v -0.01164486 -0.13581589 -1.29070687
v -0.00611018 -0.12255878 -1.29197359
v -0.01904114 -0.12261621 -1.30994225
v -0.02405037 -0.13633375 -1.30810964
v -0.03785348 -0.07986603 -1.35516441
v -0.05577618 -0.09495014 -1.36389315
v -0.02494459 -0.06159092 -1.34764099
v -0.01603743 -0.04466140 -1.34219062
v -0.15157847 -0.01448955 -1.38053691
v -0.15679012 -0.01387581 -1.36809766
v -0.15928869 -0.03639916 -1.37323046
v -0.15273942 -0.03888787 -1.38453770
v -0.04701561 -0.05954441 -1.38132095
v -0.03605127 -0.04988991 -1.37403989
v -0.02618062 -0.03935202 -1.36031795
v -0.07076839 -0.25281256 -1.19242787
v -0.06862585 -0.25946715 -1.17009211
v -0.10322334 -0.06271082 -1.41346276
v -0.08801316 -0.06726724 -1.40703142
v -0.08580516 -0.26330581 -1.19591451
v -0.08264698 -0.26963484 -1.17280042
v -0.07339400 -0.14924735 -1.36763608
v -0.05537916 -0.15609308 -1.34517384
v -0.05418102 -0.14389676 -1.34693563
v -0.04323608 -0.05707286 -1.38932300
v -0.03389117 -0.04864807 -1.38236690
v -0.10512158 -0.20146605 -0.79259259
v -0.07033771 -0.20314646 -0.78703862
v -0.04621487 -0.16430923 -1.03519177
v -0.07153053 -0.16531926 -1.03978014
v 0.07229215 -0.05800246 -1.06232905
v 0.07448491 -0.05784962 -1.03878081
v -0.01915726 -0.02689225 -1.38382971
v 0.06661609 -0.08040122 -0.99196577
v 0.07391424 -0.05889474 -0.98713785
v 0.07494795 -0.05821088 -1.01408744
v 0.06705080 -0.07900430 -1.01661026
v 0.07564862 -0.05100637 -0.95007807
v 0.07486042 -0.05195864 -0.96209431
v 0.04115266 -0.04701439 -0.79481512
v 0.03766378 -0.05906832 -0.79534423
v -0.05173437 -0.20326418 -1.25222778
v -0.05903782 -0.21560133 -1.26653814
v -0.05888126 -0.22064470 -1.24835336
v -0.05168292 -0.20690277 -1.23574495
v 0.05491414 -0.09803718 -0.99546176
v 0.03783939 -0.11471204 -0.99843264
v -0.06435806 -0.17850184 -1.21818149
v -0.04664378 -0.17932254 -1.22605062
v 0.05458347 -0.05493515 -1.14743638
v 0.05688125 -0.09824201 -1.20952010
v 0.04885708 -0.09612349 -1.22517049
v 0.04346771 -0.11168977 -1.22716260
v 0.05186481 -0.11328799 -1.21269727
v -0.05851853 -0.02001532 -0.74163312
v -0.16246997 -0.21951881 -1.25971973
v -0.15691279 -0.22817902 -1.25078404
v -0.15140118 -0.23194571 -1.25950623
v -0.15687436 -0.22377582 -1.26934588
v -0.04389980 -0.02449001 -0.70590377
v -0.05459069 -0.02214661 -0.69116324
v -0.12879333 -0.02396934 -0.73477489
v -0.11134322 -0.01596179 -0.74129826
v 0.00830297 -0.10501663 -0.65047961
v 0.01234829 -0.11043096 -0.67872226
v 0.00319969 -0.09994341 -0.62179554
v -0.00301425 -0.09502689 -0.59218127
v -0.06567554 -0.07643197 -0.40735275
v -0.06532893 -0.08837873 -0.38109064
v -0.07750216 -0.10132341 -0.29328823
v -0.14402927 -0.00979271 -0.75037867
v -0.08101118 -0.10471978 -0.26024085
v -0.08455966 -0.10850687 -0.22573376
v -0.08805847 -0.11154325 -0.18877232
v -0.08951086 -0.11572078 -0.15369546
v -0.09855716 -0.27515960 -1.17058313
v -0.10448989 -0.26912463 -1.19509673
v -0.12173313 -0.26740155 -1.18646467
v -0.11385052 -0.27519062 -1.16326666
v -0.10751871 -0.18973939 -1.15570700
v -0.09218812 -0.18887864 -1.16142392
v -0.09173846 -0.19645692 -1.14206982
v -0.10666291 -0.19821401 -1.13799620
v -0.10582963 -0.20597650 -1.11850643
v -0.11861715 -0.21172436 -1.11653078
v -0.12008184 -0.20238754 -1.13584447
v -0.14174573 -0.24256919 -1.12828493
v -0.14094932 -0.25388199 -1.13754892
v -0.14760189 -0.24249476 -1.15839398
v -0.14670089 -0.22925436 -1.14708328
v -0.12699442 -0.27062088 -1.15531933
v -0.13464622 -0.26142102 -1.17653656
v -0.14324518 -0.25262830 -1.16719329
v -0.13632308 -0.26269549 -1.14650476
v -0.06256308 -0.20918661 -1.13382101
v -0.07573482 -0.20398334 -1.12653935
v -0.07628099 -0.19685432 -1.14755213
v -0.06296547 -0.20194730 -1.15531528
v -0.07262845 -0.22961491 -1.27869678
v -0.07192791 -0.23492263 -1.25728214
v -0.06433220 -0.17625700 -1.24703562
v -0.05201096 -0.17942181 -1.25749338
v -0.05512876 -0.17819761 -1.25118840
v -0.06953119 -0.16948202 -1.24344969
v -0.05977582 -0.23270842 -1.20857084
v -0.05877797 -0.22619145 -1.22919178
v -0.07108697 -0.23961639 -1.23686242
v -0.07128353 -0.24566793 -1.21456921
v -0.06370600 -0.19490327 -1.17682552
v -0.10252592 -0.01409335 -0.74775779
v -0.07669151 -0.18987718 -1.16813350
v -0.07671896 -0.18185030 -1.18853402
v -0.06283586 -0.18653339 -1.19642186
v -0.14326994 -0.20662336 -1.15748811
v -0.14514051 -0.19393028 -1.17464077
v -0.05016060 -0.18967420 -1.23858333
v -0.05210172 -0.19250207 -1.22288609
v -0.04300195 -0.17806217 -1.21707547
v -0.09901493 -0.17730086 -1.19821739
v -0.10187729 -0.17647287 -1.20632672
v 0.01634239 -0.15902175 -1.16391003
v 0.02039381 -0.16108961 -1.17922378
v -0.06254791 -0.17413476 -1.16065073
v -0.06923662 -0.17679310 -1.17598224
v 0.00736389 -0.16508435 -1.16972375
v 0.01295673 -0.16463976 -1.17987478
v 0.02688919 -0.11621884 -1.10677505
v -0.02220555 -0.04157650 -1.35175204
v -0.05209136 -0.21088719 -1.21674991
v -0.05415959 -0.19644831 -1.20580578
v -0.15850887 -0.18665652 -1.21205747
v -0.15195160 -0.18131994 -1.20720637
v -0.15343912 -0.18958414 -1.19511700
v -0.16113804 -0.00712975 -0.75910902
v -0.17726652 -0.00445518 -0.77390766
v -0.15966442 -0.19739778 -1.20233560
v -0.19159812 -0.12362089 -1.21779490
v -0.19422960 -0.10848188 -1.20669758
v -0.18662989 -0.12137874 -1.19227612
v -0.18418638 -0.13422970 -1.20543110
v -0.13637488 -0.23899269 -1.26917744
v -0.12504324 -0.24379323 -1.26959622
v -0.12806717 -0.23660591 -1.28666246
v -0.14025627 -0.23186237 -1.28270578
v -0.10943855 -0.24605745 -1.26864994
v -0.09036838 -0.24433064 -1.26488841
v -0.09195903 -0.23889410 -1.28594840
v -0.11203134 -0.23950191 -1.28854656
v -0.14878368 -0.18016654 -0.83224094
v -0.12344612 -0.19149278 -0.82840824
v -0.01826863 -0.16159666 -0.95546257
v 0.00240097 -0.14845715 -0.94762194
v 0.00968974 -0.13453504 -0.85675299
v 0.01024599 -0.06321733 -0.74080229
v -0.00775086 -0.04112800 -0.73150235
v -0.06520946 -0.02109998 -0.66910481
v -0.09193118 -0.20191461 -0.82406837
v -0.07416456 -0.02279642 -0.64114660
v -0.08272783 -0.02643515 -0.61124057
v -0.15403195 -0.05782737 -0.61256742
v -0.16570735 -0.08367822 -0.61090595
v -0.16716973 -0.08109248 -0.63927889
v -0.15380523 -0.05274852 -0.64279675
v -0.16715176 -0.11121395 -0.60884666
v -0.16924004 -0.11115135 -0.63580894
v -0.02448272 -0.13990845 -0.53445667
v -0.18457158 -0.10736041 -0.30603802
v -0.18179108 -0.13288653 -0.27299529
v -0.18391609 -0.13098450 -0.30922240
v -0.18280242 -0.11104210 -0.27082384
v -0.17335936 -0.15212557 -0.31099588
v -0.17104802 -0.14841415 -0.34457707
v -0.10006644 -0.17039989 -0.27107960
v -0.17691568 -0.11660422 -0.23448646
v -0.17548037 -0.13581532 -0.23563218
v -0.16676134 -0.15321961 -0.23743653
v -0.17158404 -0.15340993 -0.27526450
v -0.03439960 -0.02696713 -0.71678501
v -0.03839591 -0.19354755 -0.74628204
v -0.03538286 -0.19122608 -0.77716321
v 0.00647633 -0.14517072 -0.78761631
v 0.01570885 -0.11807831 -0.77250314
v 0.01705300 -0.12994787 -1.02255154
v -0.00203735 -0.14483605 -1.02546144
v -0.00619711 -0.14265221 -1.06702173
v -0.02694194 -0.15364422 -1.07007527
v -0.02505941 -0.15478648 -1.04997575
v -0.00429944 -0.14344409 -1.04594004
v -0.07607320 -0.16138402 -1.07595968
v -0.10217485 -0.15662672 -1.07880163
v -0.09930407 -0.15676481 -1.06109333
v -0.07386222 -0.16254118 -1.05780172
v -0.09653065 -0.15958829 -1.04427600
v -0.11903867 -0.14769977 -1.04835296
v -0.17060646 -0.07458573 -1.08416915
v -0.16484334 -0.09350941 -1.07951486
v -0.17019930 -0.09383189 -1.09867394
v -0.17523052 -0.07455923 -1.10488248
v 0.03123980 -0.06969774 -0.79108953
v -0.02504626 -0.03063121 -0.73012966
v 0.01520162 -0.11450832 -0.70602036
v 0.00903763 -0.14877467 -0.73599792
v -0.00948645 -0.17532615 -0.74048853
v -0.10551676 -0.17366467 -1.20815253
v -0.17493299 -0.15759686 -1.22683156
v -0.18016078 -0.15442222 -1.23559761
v -0.10850468 -0.25301680 -1.24661720
v -0.08958475 -0.25065440 -1.24260426
v -0.06016981 -0.18008910 -1.21337152
v -0.05978479 -0.21210153 -1.28315794
v -0.05225101 -0.19969565 -1.26775312
v -0.05178508 -0.19678378 -1.28252828
v -0.00943222 -0.16057183 -0.84709001
v -0.03082829 -0.18531807 -0.83506119
v -0.01096992 -0.16444997 -0.82447469
v -0.09627241 -0.01484304 -0.74311322
v 0.01827772 -0.09055520 -0.75594658
v -0.08976144 -0.02921541 -0.58223933
v -0.09680241 -0.03130462 -0.55469632
v -0.10400967 -0.03245591 -0.52812636
v -0.11174414 -0.03248631 -0.50107604
v -0.11943066 -0.03359750 -0.47354782
v -0.12539169 -0.03981593 -0.44649816
v -0.12696381 -0.04990701 -0.41882640
v -0.13268523 -0.05498490 -0.39028746
v -0.12576807 -0.05494189 -0.32598662
v -0.14399490 -0.05753416 -0.32822740
v -0.13953115 -0.05640840 -0.35979646
v -0.14678612 -0.05958086 -0.29562354
v -0.14732906 -0.06497291 -0.26247871
v -0.14562553 -0.07428312 -0.22782242
v -0.13979249 -0.09110037 -0.15741205
v -0.14279772 -0.08439093 -0.19264090
v -0.06970290 -0.01761240 -0.74450475
v -0.08209825 -0.01635461 -0.74352986
v -0.05240443 -0.12829274 -1.34741187
v -0.08681937 -0.17532922 -1.21858764
v -0.09107079 -0.17162973 -1.22360432
v -0.05776740 -0.17758493 -1.22869861
v -0.14213312 -0.25129074 -1.19596457
v -0.13005038 -0.25909036 -1.20756686
v -0.07617013 -0.17554305 -1.20743477
v -0.08466814 -0.16383108 -1.23759067
v -0.07895841 -0.17098868 -1.23795378
v -0.02102710 -0.28399813 -0.97754568
v -0.02968737 -0.29479548 -0.97680497
v -0.02366240 -0.29038480 -0.95720387
v -0.01677726 -0.27955899 -0.95826101
v -0.01836975 -0.27057850 -0.97727871
v -0.01535187 -0.26693884 -0.95805371
v -0.06650148 -0.23306906 -0.96071911
v -0.05269639 -0.23334213 -0.96602303
v -0.04986566 -0.23559901 -0.94687533
v -0.06299378 -0.23604646 -0.94155234
v -0.01643005 -0.25231835 -0.93813324
v -0.02428652 -0.24412730 -0.93591380
v -0.02641014 -0.24506874 -0.95482606
v -0.01873184 -0.25483730 -0.95707142
v -0.08867568 -0.25104856 -0.95450640
v -0.09194212 -0.26447666 -0.95602006
v -0.09821232 -0.26036346 -0.97382015
v -0.09369132 -0.24650522 -0.97249454
v -0.07047793 -0.22844058 -1.04011619
v -0.08328423 -0.22576298 -1.03278828
v -0.08129288 -0.22431913 -1.04747272
v -0.06904235 -0.22899498 -1.05570209
v -0.03118866 -0.29235390 -1.01739848
v -0.04238852 -0.30153367 -1.01649797
v -0.03600936 -0.29841360 -0.99677545
v -0.02576293 -0.28810742 -0.99733496
v -0.03363673 -0.24907622 -1.01405513
v -0.04461427 -0.23820674 -1.01083183
v -0.04705571 -0.24078819 -1.03197551
v -0.03760445 -0.25326970 -1.03564668
v -0.03849882 -0.29629293 -1.03863478
v -0.05164908 -0.30297515 -1.03656268
v -0.02822761 -0.24568218 -0.97396624
v -0.04021971 -0.23786508 -0.97094268
v -0.04224586 -0.23719905 -0.99080932
v -0.03070978 -0.24679814 -0.99387252
v -0.07545029 -0.25726783 -0.91958755
v -0.07655652 -0.26942092 -0.92099798
v -0.08452739 -0.26740232 -0.93840355
v -0.08239168 -0.25466573 -0.93694425
v -0.03495498 -0.23985390 -0.93238938
v -0.04661473 -0.23779216 -0.92795408
v -0.03757725 -0.23886323 -0.95154345
v -0.03989339 -0.29748702 -0.93327165
v -0.02766935 -0.29337031 -0.93590045
v -0.03490013 -0.29759696 -0.95554870
v -0.04844088 -0.30077651 -0.95271826
v -0.07083404 -0.22823575 -1.00054467
v -0.05726199 -0.23081419 -1.00612962
v -0.05527097 -0.23147705 -0.98614228
v -0.06910326 -0.23034456 -0.98034060
v -0.02519285 -0.27820057 -1.01747513
v -0.02146992 -0.27407333 -0.99699396
v -0.05713288 -0.30306521 -0.97167015
v -0.04232883 -0.30129966 -0.97519881
v -0.05014032 -0.30346268 -0.99484634
v -0.06596674 -0.30383781 -0.99134302
v -0.08820640 -0.29625347 -1.00547802
v -0.09704287 -0.28363651 -1.00080287
v -0.08954456 -0.28732657 -0.98258114
v -0.07957298 -0.29814613 -0.98694438
v -0.07120900 -0.22805539 -1.02108264
v -0.08533120 -0.22812848 -1.01445198
v -0.09708507 -0.24157460 -0.99138927
v -0.10342640 -0.25553855 -0.99205744
v -0.10696902 -0.24973874 -1.00997055
v -0.09896807 -0.23601487 -1.00997055
v -0.04474616 -0.27414596 -1.07760096
v -0.04829945 -0.28766915 -1.07827222
v -0.03889300 -0.28768933 -1.06054008
v -0.03695789 -0.27318296 -1.05967891
v -0.04795801 -0.29893190 -1.05908823
v -0.05891151 -0.29941180 -1.07713366
v -0.08781481 -0.29534039 -1.10050082
v -0.09834602 -0.29234436 -1.09576404
v -0.09278879 -0.29414237 -1.08395219
v -0.08169898 -0.29896501 -1.08795452
v -0.10650616 -0.28890485 -1.03973544
v -0.11146497 -0.27292085 -1.03535092
v -0.10442410 -0.27874097 -1.01839471
v -0.09727335 -0.29356942 -1.02316487
v -0.11618291 -0.25118095 -1.04408312
v -0.11005317 -0.23725739 -1.03939247
v -0.10949448 -0.24300966 -1.02636516
v -0.11342467 -0.25789931 -1.03024447
v -0.11773203 -0.22802508 -1.08272338
v -0.10594502 -0.21958515 -1.08177602
v -0.10660028 -0.22352318 -1.07012081
v -0.11750723 -0.23357210 -1.07141781
v -0.07682626 -0.21619982 -1.09032106
v -0.06503583 -0.22218750 -1.09724081
v -0.06639168 -0.22515455 -1.08560276
v -0.07800208 -0.21931337 -1.07892179
v -0.06121462 -0.27174681 -1.12668586
v -0.07436439 -0.28202876 -1.13039839
v -0.06862587 -0.28485408 -1.11791933
v -0.05721841 -0.27332088 -1.11414099
v -0.11380596 -0.28434128 -1.05329633
v -0.11713508 -0.26609534 -1.05113971
v -0.07916230 -0.22141317 -1.06909800
v -0.06813258 -0.22678658 -1.07628584
v -0.06894082 -0.22843313 -1.06717539
v -0.07993516 -0.22307611 -1.05937552
v -0.16990724 0.00550740 -1.30133200
v -0.16694413 0.00547409 -1.31562769
v -0.05756185 -0.24898143 -1.09163225
v -0.05272354 -0.26035997 -1.09706688
v -0.05090545 -0.26195103 -1.08577168
v -0.05715303 -0.24912082 -1.08049965
v -0.05327712 -0.27438292 -1.10214198
v -0.06218885 -0.28655711 -1.10509300
v -0.05578827 -0.28851464 -1.09153807
v -0.04909100 -0.27573800 -1.08964777
v -0.11409363 -0.28413898 -1.07578516
v -0.12197481 -0.27737027 -1.06979620
v 0.07706283 -0.03813267 -0.93594074
v 0.07673810 -0.03778493 -0.94841135
v -0.11843652 -0.28150094 -1.06224811
v -0.11004531 -0.28835189 -1.06797290
v -0.11679783 -0.24498361 -1.05393088
v -0.10869834 -0.23244742 -1.05052006
v -0.17645653 -0.00087888 -0.95146990
v -0.16678159 -0.00180784 -0.96867865
v -0.05537146 -0.25024778 -1.06724560
v -0.06075520 -0.23717467 -1.06217980
v -0.06149032 -0.23771513 -1.07394469
v -0.06804189 -0.29727572 -1.09128666
v -0.12607031 -0.23856522 -1.08526516
v -0.13179326 -0.24935246 -1.08929145
v -0.13444464 -0.24168050 -1.10213709
v -0.12746556 -0.23108938 -1.09781754
v -0.11776043 -0.22184457 -1.09657919
v -0.10543059 -0.21457203 -1.09708953
v -0.07572085 -0.21114683 -1.10597646
v -0.06337157 -0.21659601 -1.11323345
v -0.05493049 -0.22698036 -1.12199116
v -0.05223654 -0.24042003 -1.13199687
v -0.05392805 -0.24726598 -1.11467624
v -0.05711259 -0.23299649 -1.10547483
v -0.07896579 -0.27652368 -1.15043521
v -0.06520090 -0.26631689 -1.14773691
v -0.09347448 -0.28129026 -1.14729655
v -0.08738326 -0.28649041 -1.12933326
v -0.09326057 -0.22123201 -1.06307411
v 0.06208612 -0.03792411 -0.85542768
v 0.05527603 -0.03706048 -0.83272719
v -0.09201446 -0.21864937 -1.07301080
v -0.07089919 -0.29881719 -0.96802813
v -0.08131966 -0.28940159 -0.96418846
v -0.07268111 -0.29006284 -0.94551790
v -0.06182441 -0.29806817 -0.94907874
v -0.07197887 -0.28043562 -0.92387331
v -0.08066238 -0.27978072 -0.94181275
v -0.02080612 -0.25713971 -0.97624207
v -0.02323029 -0.25987145 -0.99604291
v -0.01145692 -0.26293048 -0.93927729
v -0.04839943 -0.26183954 -1.07198477
v -0.04349330 -0.25879893 -1.05598843
v -0.10847849 -0.28670451 -1.09036899
v -0.10439412 -0.28924584 -1.10709202
v -0.11454339 -0.28436169 -1.10072923
v -0.09399787 -0.29884633 -1.04569519
v -0.07685226 -0.30083498 -1.05247116
v -0.08874317 -0.29600939 -1.06927061
v -0.10311180 -0.29375681 -1.05944598
v -0.12512177 -0.27255431 -1.07756460
v -0.11807382 -0.28066832 -1.08409214
v -0.12321851 -0.27675101 -1.09366322
v -0.12891908 -0.26713210 -1.08608544
v -0.05386110 -0.25973907 -1.10822356
v -0.05513830 -0.25918064 -1.12158585
v -0.11083311 -0.28483787 -1.11927557
v -0.09935147 -0.28698155 -1.12451315
v -0.10658742 -0.28189319 -1.14032543
v -0.11872220 -0.27867445 -1.13442981
v -0.09336849 -0.29131660 -1.11253059
v -0.12133867 -0.27966127 -1.11243522
v -0.12847444 -0.27288100 -1.12706268
v -0.05624027 -0.25421515 -1.14118075
v -0.13284309 -0.26091468 -1.09655678
v -0.12879321 -0.27150503 -1.10482419
v -0.13451591 -0.26396611 -1.11865199
v -0.13683604 -0.25303137 -1.10982120
v -0.08864346 -0.27775171 -0.95970738
v -0.09581792 -0.27436018 -0.97779721
v -0.09698215 -0.22674967 -1.04068947
v -0.09906204 -0.23026305 -1.02688837
v -0.09497985 -0.22411937 -1.05279386
v -0.07962774 -0.23930964 -0.95595312
v -0.07495099 -0.24306503 -0.93772519
v -0.08524550 -0.23133744 -0.99469453
v -0.08304572 -0.23523499 -0.97510332
v -0.07479779 -0.30338964 -1.01026833
v -0.12216489 -0.25085688 -1.06643653
v -0.11689626 -0.23914061 -1.06217360
v -0.12032339 -0.25694826 -1.05910301
v -0.09076805 -0.21104792 -1.10109186
v -0.09119418 -0.21547714 -1.08466840
v -0.12123318 -0.27199027 -1.05944002
v -0.09083992 -0.20351186 -1.12128615
v -0.07374905 -0.30164838 -1.07458937
v -0.07445829 -0.29384547 -1.10421383
v -0.08135532 -0.29010382 -1.11666834
v -0.01746022 -0.28574544 -0.93808144
v -0.02614488 -0.26301989 -1.01599085
v -0.05164887 -0.24577011 -1.05250239
v -0.06017375 -0.23532341 -1.04649627
v -0.12622513 -0.26188245 -1.07125282
v -0.12902285 -0.25588536 -1.07899308
v -0.12412378 -0.24497680 -1.07475471
v -0.05581019 -0.24917620 -1.10243630
v -0.05932928 -0.23571092 -1.09374678
v -0.06925681 -0.24609841 -0.92018020
v -0.06137877 -0.23643839 -1.08406532
v -0.06224211 -0.30272540 -1.05702829
v -0.17108601 -0.01324943 -1.31919444
v -0.05532911 -0.16944236 -1.14618969
v -0.00507833 -0.13927163 -1.12356257
v -0.02245861 -0.15048066 -1.12580955
v -0.07932648 -0.17811693 -1.20243227
v -0.08313888 -0.17711753 -1.21204448
v -0.09494062 -0.16908099 -1.22964227
v -0.09927203 -0.16360469 -1.22981548
v -0.04849452 -0.17661940 -1.18234158
v 0.07451878 -0.04922518 -0.97429311
v -0.16639948 -0.05152373 -0.98464388
v -0.16222019 -0.02787709 -0.98492700
v -0.17195612 -0.02937772 -0.96774948
v -0.17441867 -0.05512252 -0.96742105
v -0.18171072 -0.03149929 -0.94935828
v -0.15123668 -0.17162439 -0.91556120
v -0.14655799 -0.16651510 -0.93705642
v -0.16668908 -0.14828168 -0.93644118
v -0.17284337 -0.15256178 -0.91426337
v -0.12029569 -0.17455731 -0.95196164
v -0.14245483 -0.16039652 -0.95489806
v -0.12209864 -0.18026428 -0.93524295
v -0.09546580 -0.18799682 -0.92936021
v -0.09433083 -0.18291532 -0.94684660
v -0.06912424 -0.18895741 -0.91998851
v -0.06776166 -0.18437797 -0.93893760
v -0.04457876 -0.18398328 -0.90964276
v -0.02237489 -0.17296918 -0.89956558
v -0.00668762 -0.15836796 -0.86918718
v 0.01431797 -0.13648497 -0.88004398
v -0.00282064 -0.15611494 -0.88977188
v 0.04293216 -0.09455770 -0.86494184
v 0.03024736 -0.11572703 -0.87132955
v 0.05851484 -0.05535880 -0.85748982
v 0.05226288 -0.07444593 -0.86065823
v -0.03443310 -0.12421411 -1.32787669
v -0.14031652 -0.10892461 -1.38644600
v -0.12008496 -0.12082069 -1.39015877
v -0.13728289 -0.09378584 -1.39225197
v -0.18318799 -0.11993881 -1.32852316
v -0.17325105 -0.12679222 -1.34713507
v -0.18018782 -0.10301733 -1.34389997
v -0.18768263 -0.09798708 -1.32692027
v -0.14982113 -0.07996026 -1.38575888
v -0.14756237 -0.07203680 -1.38887167
v -0.15484396 -0.09164112 -1.38035977
v -0.16578832 -0.05406297 -1.36765695
v -0.16325481 -0.07048802 -1.37336731
v -0.12425633 -0.17058009 -1.37198019
v -0.14662440 -0.16406576 -1.35992718
v -0.14238219 -0.17614011 -1.35598719
v -0.12044805 -0.18333875 -1.36751616
v -0.18141806 -0.14833406 -1.30929995
v -0.18621241 -0.14381021 -1.29383481
v -0.18354742 -0.15657079 -1.29332697
v -0.17847924 -0.16051869 -1.30880463
v -0.10333160 -0.21615134 -1.33531809
v -0.12566307 -0.21156047 -1.33330452
v -0.12056445 -0.22194135 -1.32094073
v -0.09911454 -0.22445568 -1.32113326
v -0.17005834 -0.16447406 -1.32472587
v -0.19872108 -0.07937351 -1.21515024
v -0.19666271 -0.11538171 -1.23149598
v -0.19873804 -0.09837408 -1.22258341
v -0.18391842 -0.15232234 -1.24507618
v -0.18704408 -0.14237434 -1.24320781
v -0.18329479 -0.14610918 -1.23200035
v -0.17679542 -0.16978398 -1.24737203
v -0.18078737 -0.16155015 -1.24584758
v -0.04895296 -0.18752164 -1.26542830
v -0.04575602 -0.18622315 -1.27536166
v -0.05146392 -0.19289121 -1.29569423
v -0.16482180 -0.17533968 -1.23870802
v -0.16294226 -0.17837235 -1.23699486
v -0.16593388 -0.18129486 -1.24143517
v -0.16797177 -0.17650685 -1.24330199
v -0.12635879 -0.15808727 -1.37607229
v -0.14280941 -0.20491295 -1.32470202
v -0.15453683 -0.20122947 -1.31377530
v -0.14923683 -0.21292734 -1.30538940
v -0.13730539 -0.21667169 -1.31465924
v -0.16534549 -0.19595860 -1.30276179
v -0.17263940 -0.19221883 -1.29122579
v -0.16761965 -0.20343864 -1.28644979
v -0.16001357 -0.20762061 -1.29663432
v -0.16885199 -0.18508336 -1.24639809
v -0.17053901 -0.17748788 -1.24943244
v -0.07450317 -0.22530021 -1.29677320
v -0.08909645 -0.19592002 -1.35844374
v -0.06525068 -0.18930928 -1.34395337
v -0.06881404 -0.17993307 -1.35461700
v -0.09422886 -0.18508758 -1.36817682
v -0.11694086 -0.17078495 -1.21683145
v -0.10283159 -0.16974798 -1.22203112
v -0.13011545 -0.17132121 -1.21303844
v -0.15614477 -0.17398675 -1.22935820
v -0.14148211 -0.17430301 -1.21210217
v -0.05627709 -0.17758676 -1.24115276
v -0.05002812 -0.18832482 -1.25290942
v -0.05197358 -0.18013537 -1.32094550
v -0.05292864 -0.17275865 -1.33170962
v -0.09496173 -0.23254794 -1.30447447
v -0.11577684 -0.23158699 -1.30564880
v -0.16447383 -0.18777600 -1.22981524
v -0.16556083 -0.19611961 -1.22354412
v -0.16732308 -0.19108325 -1.23465896
v -0.16488229 -0.16888937 -1.22617280
v -0.16086063 -0.17379625 -1.23442769
v -0.11490211 -0.19541804 -1.36059082
v -0.13258396 -0.22837706 -1.30098259
v -0.14504428 -0.22314405 -1.29449618
v -0.17005709 -0.18480949 -1.30621266
v -0.15996698 -0.18882395 -1.31922603
v -0.16530660 -0.17696014 -1.32278574
v -0.17495121 -0.17279929 -1.30795050
v -0.16228005 -0.21426445 -1.27883089
v -0.16760474 -0.20957431 -1.26811957
v -0.17726628 -0.18049519 -1.29301715
v -0.18095039 -0.16869444 -1.29333365
v -0.16949666 -0.19509141 -1.24056005
v -0.05479779 -0.16454473 -1.34011877
v -0.04234990 -0.16018075 -1.31726265
v -0.04163166 -0.15093000 -1.32280517
v -0.04229602 -0.17547256 -1.29816854
v -0.04226108 -0.16799840 -1.30898261
v -0.04327145 -0.18184319 -1.28585267
v -0.03859941 -0.13886374 -1.32595956
v -0.12360352 -0.26783723 -1.06437457
v -0.16483110 -0.20548221 -1.21714985
v -0.16283035 -0.19207479 -1.21752071
v -0.16292310 -0.20256223 -1.21028757
v -0.14934187 -0.24207866 -1.18735373
v -0.10361052 -0.28860676 -1.08066344
v -0.10055241 -0.29069132 -1.07298851
v -0.08412500 -0.30188924 -1.02859056
v -0.05834767 -0.30457777 -1.01449764
v -0.06711189 -0.30389291 -1.03341746
v -0.03052465 -0.28342244 -1.03901243
v -0.03040876 -0.26789778 -1.03821349
v -0.05827883 -0.23238966 -1.02659249
v -0.10847624 -0.26438323 -1.01362586
v -0.00127583 -0.26587248 -0.90297794
v -0.00473967 -0.27685452 -0.90153873
v 0.00169163 -0.27211347 -0.88313878
v 0.00349932 -0.26100653 -0.88439983
v 0.00379745 -0.24729267 -0.86687732
v 0.00015721 -0.25087258 -0.88417220
v 0.00887530 -0.25609121 -0.86677396
v -0.00372283 -0.24160410 -0.86565107
v -0.00665010 -0.24455218 -0.88290942
v -0.01284769 -0.24013208 -0.86356270
v -0.02242490 -0.24069829 -0.86102831
v -0.02520135 -0.24084350 -0.87751436
v -0.01557007 -0.24126424 -0.88054693
v -0.03471876 -0.24279429 -0.87401640
v -0.04366384 -0.24692650 -0.87076521
v -0.04907979 -0.24406783 -0.88781226
v -0.03877261 -0.24124566 -0.89151198
v -0.04534067 -0.26576814 -0.85248613
v -0.04285369 -0.27428588 -0.85297394
v -0.05115482 -0.27372018 -0.86918843
v -0.05331577 -0.26415002 -0.86818624
v -0.04469192 -0.28838220 -0.89108860
v -0.05366449 -0.28138304 -0.88868451
v -0.04442185 -0.28187200 -0.87096459
v -0.03570439 -0.28784910 -0.87312269
v -0.02787880 -0.28810859 -0.85619104
v -0.01754087 -0.28815663 -0.85845733
v -0.02563323 -0.28958899 -0.87517560
v -0.01173894 -0.27486548 -0.93918544
v -0.00641432 -0.27056834 -0.92108023
v -0.00743979 -0.25905541 -0.92098618
v -0.02156525 -0.24290676 -0.91697383
v -0.01312221 -0.24933134 -0.91939282
v -0.00990976 -0.24669129 -0.90114915
v -0.01861958 -0.24195854 -0.89851665
v -0.05882822 -0.23910663 -0.92333698
v -0.04284504 -0.23980440 -0.90974259
v -0.05409699 -0.24175498 -0.90533811
v -0.02844224 -0.24076796 -0.89548278
v -0.03179901 -0.24030001 -0.91369569
v -0.05708705 -0.25141156 -0.88553810
v -0.05045533 -0.25445136 -0.86868793
v -0.01281663 -0.28493702 -0.89878738
v -0.02299025 -0.29011172 -0.89584303
v -0.01502595 -0.28671122 -0.87764072
v -0.00520099 -0.28098953 -0.88059282
v -0.06316276 -0.24869466 -0.90285802
v -0.03131941 -0.29394591 -0.91430974
v -0.02027812 -0.28915051 -0.91722322
v -0.03425815 -0.29165429 -0.89338911
v -0.04329148 -0.29390854 -0.91137719
v 0.00182857 -0.27743316 -0.86315984
v 0.00824981 -0.26713172 -0.86546385
v -0.01126483 -0.28133875 -0.91969508
v -0.06101039 -0.26181209 -0.88508809
v -0.05973458 -0.27260056 -0.88638508
v -0.06818068 -0.27100757 -0.90357077
v -0.06821272 -0.25954485 -0.90221500
v -0.06352070 -0.29005429 -0.92730677
v -0.06284684 -0.28090328 -0.90640199
v -0.05416831 -0.28908753 -0.90907657
v -0.03655615 -0.28213319 -0.85427558
v -0.05254602 -0.29612023 -0.92986250
v 0.00072575 -0.22191000 -0.79022348
v 0.00635296 -0.22415298 -0.78171259
v 0.00165920 -0.23115163 -0.78540766
v -0.00205700 -0.23004235 -0.79507565
v -0.00193004 -0.20585471 -0.81604266
v 0.00305926 -0.19987096 -0.80648327
v -0.00205285 -0.20417809 -0.79843515
v -0.00708514 -0.21066226 -0.80726922
v 0.00463310 -0.21530710 -0.78534347
v 0.01176612 -0.21910250 -0.77874422
v 0.01916129 -0.22229868 -0.77334881
v 0.01702758 -0.21752051 -0.78070980
v 0.02585675 -0.22426841 -0.77529788
v 0.03131071 -0.23275414 -0.78201705
v 0.03387045 -0.23644222 -0.77022767
v 0.03033701 -0.22765894 -0.76880205
v 0.02000320 -0.25840551 -0.78424770
v 0.01132024 -0.26548299 -0.78419709
v 0.01423458 -0.26446393 -0.76940548
v 0.02277281 -0.25637242 -0.76969433
v -0.00517462 -0.27171192 -0.77223814
v 0.00483741 -0.26784387 -0.76982903
v 0.00298158 -0.26926696 -0.78482652
v -0.00576284 -0.27272451 -0.78644598
v -0.00673976 -0.23780975 -0.79731333
v -0.00377805 -0.23732701 -0.78741300
v -0.00848782 -0.24105643 -0.78740495
v -0.01173734 -0.24174653 -0.79707515
v 0.02390239 -0.22012159 -0.78339195
v 0.01816957 -0.20966683 -0.78081477
v 0.02201721 -0.21020561 -0.78335184
v 0.02649455 -0.22052613 -0.78964388
v -0.02637571 -0.24192877 -0.82797343
v -0.02687206 -0.24081244 -0.81722939
v -0.03267136 -0.24405810 -0.81432801
v -0.03330680 -0.24597161 -0.82610500
v -0.01123757 -0.22979245 -0.83429801
v 0.00017745 -0.23087786 -0.84288561
v 0.00358254 -0.22420713 -0.83753657
v -0.00882701 -0.22158125 -0.83068186
v 0.00615339 -0.21596745 -0.83000398
v 0.00850717 -0.20796794 -0.82101709
v -0.00578588 -0.21327668 -0.82386237
v 0.01132179 -0.20205343 -0.80983686
v -0.04078845 -0.25428152 -0.81575751
v -0.03916445 -0.25571984 -0.82499325
v 0.01994117 -0.21556173 -0.72901130
v 0.02508356 -0.21335760 -0.73024142
v 0.02458163 -0.21187900 -0.72584629
v 0.01969874 -0.21399932 -0.72460461
v -0.02893662 -0.27911636 -0.82558507
v -0.03569568 -0.27266666 -0.82505178
v -0.03479573 -0.27316982 -0.81842375
v -0.02680836 -0.27856377 -0.81938308
v -0.03433200 -0.27401197 -0.80986273
v -0.02454175 -0.27856570 -0.81098294
v 0.03403901 -0.21699914 -0.72698671
v 0.03519772 -0.22092322 -0.72454232
v 0.03414730 -0.21752694 -0.71916956
v 0.03297183 -0.21383838 -0.72210610
v 0.00568883 -0.23032489 -0.77619267
v 0.01173737 -0.22412378 -0.77391779
v 0.01686331 -0.22354816 -0.76686013
v 0.02110172 -0.22331764 -0.76057577
v 0.01581562 -0.22527939 -0.75788265
v 0.00998786 -0.22869283 -0.76597989
v -0.00225016 -0.23825216 -0.77636611
v 0.00021711 -0.23683870 -0.76598626
v -0.00600972 -0.24177821 -0.76825356
v -0.00870141 -0.24291936 -0.77815062
v -0.02376964 -0.25006703 -0.76834345
v -0.02588585 -0.24935620 -0.77624035
v -0.02022756 -0.24747327 -0.77769756
v -0.01732766 -0.24758507 -0.76853979
v -0.00795050 -0.24833693 -0.74422026
v -0.01133750 -0.24780689 -0.75192690
v -0.00685837 -0.24478291 -0.75195265
v -0.00391700 -0.24499805 -0.74426049
v -0.03040792 -0.28074789 -0.83226168
v -0.03682573 -0.27361408 -0.83146203
v -0.03527084 -0.27265128 -0.76785791
v -0.02544509 -0.27615675 -0.76578784
v -0.02437843 -0.27576864 -0.77575779
v -0.03363582 -0.27345645 -0.77806312
v -0.01678338 -0.28057432 -0.81973064
v -0.01897816 -0.28209546 -0.82643545
v 0.03353539 -0.22529843 -0.72124106
v 0.03226215 -0.22174472 -0.71587551
v 0.01903737 -0.21732971 -0.82191950
v 0.02013383 -0.20832708 -0.81003994
v 0.01644306 -0.22675616 -0.83191049
v 0.01067298 -0.23850179 -0.84401321
v 0.01310145 -0.23366584 -0.83823705
v 0.00766690 -0.23115557 -0.76048380
v -0.00025849 -0.23589343 -0.78016639
v -0.01252712 -0.24327905 -0.78759611
v -0.03348143 -0.24832942 -0.78973287
v -0.03310831 -0.24986313 -0.78313851
v -0.03925818 -0.25385770 -0.78368104
v -0.04102677 -0.25432414 -0.79084468
v -0.03962014 -0.25937465 -0.76910043
v -0.04032758 -0.26605585 -0.76920819
v -0.04030628 -0.26689243 -0.77776921
v -0.04058191 -0.25946605 -0.77647102
v 0.02584486 -0.20862965 -0.78659779
v 0.02777383 -0.21814246 -0.79567206
v -0.03970299 -0.26441064 -0.82462919
v -0.04048909 -0.26479754 -0.81709123
v -0.03889586 -0.26550823 -0.83218384
v -0.01862988 -0.23448329 -0.81999463
v -0.01547451 -0.23987140 -0.80795664
v -0.01950703 -0.24186139 -0.80741173
v -0.02268275 -0.23857306 -0.81923103
v -0.00779281 -0.22579896 -0.80405605
v -0.01132682 -0.21915391 -0.81413990
v -0.00491261 -0.21746102 -0.79773140
v -0.01985037 -0.23755951 -0.83083189
v -0.01837159 -0.23935919 -0.83934480
v -0.02573885 -0.24445961 -0.83677363
v -0.03287643 -0.25020349 -0.83468950
v -0.03780730 -0.25813136 -0.83278525
v -0.01980564 -0.24009269 -0.84820837
v -0.02719809 -0.24482778 -0.84514523
v -0.03409396 -0.25135359 -0.84281611
v -0.03881253 -0.25869665 -0.84089637
v -0.02057993 -0.28443012 -0.83410305
v -0.02309961 -0.28709200 -0.84327805
v -0.03270748 -0.28196213 -0.84141058
v -0.00976130 -0.23494662 -0.84162897
v -0.01078841 -0.23821543 -0.85026151
v -0.00084108 -0.23758668 -0.85253578
v 0.00772143 -0.24394128 -0.85299432
v 0.00592149 -0.20149332 -0.78170693
v 0.00330370 -0.20570080 -0.78650600
v 0.00218958 -0.19998930 -0.79259264
v 0.00545900 -0.19577105 -0.78703380
v 0.02712028 -0.22421417 -0.76156241
v 0.02415578 -0.22377504 -0.76778686
v 0.03260737 -0.22863574 -0.76114631
v -0.03472668 -0.24614252 -0.80466282
v -0.04187712 -0.25453404 -0.80627555
v 0.01258360 -0.22855538 -0.75438809
v 0.03430732 -0.22399265 -0.74538410
v 0.03655395 -0.22968747 -0.74291623
v 0.03624975 -0.22443436 -0.73040509
v 0.03463647 -0.21956803 -0.73334557
v 0.01564949 -0.22551392 -0.74347597
v 0.01554528 -0.23087639 -0.73963410
v 0.01411434 -0.23252290 -0.74582052
v 0.01521516 -0.22744039 -0.74938071
v -0.01498429 -0.25081235 -0.74624705
v -0.01774798 -0.25039506 -0.75295222
v 0.03326083 -0.24643135 -0.75888634
v 0.03113807 -0.24810904 -0.77121001
v 0.02303896 -0.25173536 -0.75521249
v -0.01444977 -0.24756126 -0.75987005
v -0.01194730 -0.24518798 -0.76878053
v -0.00964559 -0.24483377 -0.75988603
v 0.00613496 -0.23551095 -0.75253445
v 0.00248111 -0.23595414 -0.75879741
v 0.00693551 -0.23259130 -0.75686550
v 0.01032412 -0.23183432 -0.75207567
v -0.03346292 -0.27439117 -0.78930688
v -0.04194638 -0.26583111 -0.78857470
v 0.03016468 -0.21389501 -0.72955167
v 0.02921185 -0.21173041 -0.72516680
v -0.03865508 -0.27404478 -0.84009385
v -0.04048198 -0.26611713 -0.83983040
v -0.01432134 -0.24539451 -0.77840924
v 0.02789389 -0.24848701 -0.78454149
v -0.01729516 -0.24502014 -0.78781128
v -0.01871656 -0.26125085 -0.74530095
v -0.01403789 -0.26593259 -0.74418789
v -0.01430171 -0.26858166 -0.75253761
v -0.02132755 -0.26382384 -0.75179088
v 0.01767753 -0.21995981 -0.72622353
v 0.01860768 -0.22473070 -0.72282112
v 0.01798626 -0.22760731 -0.72923338
v 0.01718818 -0.22224820 -0.73213482
v 0.02357667 -0.21960403 -0.74772507
v 0.01865024 -0.22147962 -0.74599361
v 0.01784954 -0.22444351 -0.75290287
v 0.02260507 -0.22253743 -0.75488532
v 0.02833422 -0.22352645 -0.75515181
v 0.02942010 -0.22087058 -0.74725711
v 0.02744678 -0.23864432 -0.73777390
v 0.02019300 -0.23619702 -0.73706377
v 0.02188529 -0.23245218 -0.72619933
v 0.02870956 -0.23288532 -0.72543716
v -0.00611566 -0.27477813 -0.79967922
v -0.01494404 -0.27725738 -0.80006886
v -0.01498966 -0.27538979 -0.78685415
v -0.01534980 -0.27396798 -0.77365756
v -0.01609736 -0.27209911 -0.76144886
v -0.00444214 -0.27168685 -0.75925779
v -0.02334520 -0.27657014 -0.78794223
v 0.01911708 -0.24946138 -0.74557197
v 0.01697834 -0.24358460 -0.74534559
v 0.02504933 -0.24355999 -0.74623752
v -0.02432330 -0.24717455 -0.78714627
v 0.03027822 -0.21627541 -0.73543936
v 0.01711978 -0.25682437 -0.83394837
v 0.01106610 -0.26829726 -0.83139890
v 0.01244767 -0.26669165 -0.82252717
v 0.01950422 -0.25311908 -0.82672131
v 0.01970972 -0.21765141 -0.73442101
v 0.02448671 -0.21513581 -0.73615104
v -0.02194938 -0.25670159 -0.74440181
v -0.02575953 -0.25601876 -0.75016916
v -0.02335587 -0.25300869 -0.75247896
v -0.01982204 -0.25329223 -0.74598515
v -0.02307525 -0.27799141 -0.80040950
v -0.02785015 -0.27480206 -0.75902843
v -0.03790931 -0.26967829 -0.75986719
v -0.00649488 -0.27854279 -0.82050836
v -0.01533992 -0.27909279 -0.81134653
v -0.00622683 -0.27689508 -0.81143725
v 0.00567240 -0.26442659 -0.75411659
v 0.00174961 -0.27154794 -0.79858696
v 0.00119599 -0.27357975 -0.81133938
v 0.00186324 -0.27472657 -0.82183242
v 0.00158205 -0.27614740 -0.82967973
v -0.00744398 -0.28023642 -0.82814169
v 0.02774766 -0.22865610 -0.71907353
v 0.03413715 -0.22958732 -0.72810876
v -0.00900747 -0.28244466 -0.83629495
v -0.01212319 -0.28550053 -0.84598762
v 0.00025446 -0.27802134 -0.83781934
v -0.00285656 -0.28070319 -0.84775174
v 0.00894954 -0.26883799 -0.81096685
v 0.01630301 -0.26204693 -0.81131947
v 0.00941144 -0.26740938 -0.79822528
v 0.01749517 -0.26049614 -0.79781365
v 0.01684851 -0.26276860 -0.75535119
v 0.01780001 -0.22148611 -0.71792889
v 0.01762762 -0.21777412 -0.71007311
v 0.02107355 -0.21895248 -0.70799160
v 0.02140272 -0.22381696 -0.71487725
v 0.02186443 -0.22811970 -0.71979606
v 0.02622593 -0.22455308 -0.71468902
v 0.02581045 -0.24940805 -0.79807627
v 0.01033883 -0.23638169 -0.74650890
v 0.02426480 -0.24654490 -0.81374347
v 0.03124778 -0.23474179 -0.79450464
v 0.02974017 -0.23099825 -0.80454004
v 0.02191843 -0.23883800 -0.83109665
v 0.02614057 -0.22965999 -0.82104218
v 0.01532305 -0.24824017 -0.84296107
v 0.01769704 -0.24451128 -0.83695590
v 0.01225979 -0.25216815 -0.85266185
v 0.02704294 -0.21828240 -0.80914247
v 0.02276259 -0.20801273 -0.71952194
v 0.01824510 -0.21044450 -0.71778035
v 0.01216694 -0.26329434 -0.85108668
v 0.01514160 -0.25948071 -0.84114647
v -0.00101164 -0.21039864 -0.79089147
v -0.01989887 -0.24458322 -0.79695308
v -0.02576059 -0.24555781 -0.79622656
v -0.03409883 -0.24724779 -0.79658687
v -0.04210545 -0.25465336 -0.79773426
v 0.00635179 -0.27391753 -0.84973913
v -0.03074745 -0.24418487 -0.85774410
v -0.03807221 -0.25016028 -0.85493720
v -0.00762780 -0.28369603 -0.86068773
v 0.02765598 -0.20803654 -0.71834511
v -0.00151318 -0.24975137 -0.74055338
v -0.00302030 -0.25236046 -0.74064571
v 0.00612052 -0.19652025 -0.79898846
v 0.00972544 -0.19262211 -0.79219794
v 0.01399030 -0.19716592 -0.80209559
v 0.02212018 -0.20199525 -0.80133206
v 0.02338049 -0.19678700 -0.79266709
v 0.01633798 -0.19298328 -0.79364264
v -0.02327382 -0.24278980 -0.80635476
v -0.02803827 -0.24406852 -0.80485398
v -0.04215675 -0.26660153 -0.79885483
v -0.03379754 -0.27488694 -0.80007756
v 0.03350303 -0.22741891 -0.75400943
v 0.03558496 -0.23639072 -0.76013899
v 0.03546504 -0.23355083 -0.75229132
v 0.03402514 -0.23589227 -0.74040496
v 0.01820636 -0.23825249 -0.74327773
v 0.01514057 -0.23912922 -0.74414623
v -0.01498298 -0.22791123 -0.81805778
v -0.01111714 -0.23462014 -0.80722809
v 0.00832831 -0.21072626 -0.78293943
v 0.01111029 -0.20750052 -0.77985561
v -0.00362834 -0.24068230 -0.76008004
v 0.00810223 -0.25895151 -0.74271291
v 0.01658425 -0.25822255 -0.74504584
v -0.00060363 -0.24041200 -0.75262308
v 0.03269096 -0.21236700 -0.71232647
v 0.03108198 -0.20922066 -0.71577579
v 0.03312450 -0.24101435 -0.75003159
v -0.02094048 -0.25014600 -0.76040983
v 0.00072663 -0.26136595 -0.74524164
v 0.00267327 -0.25508103 -0.74044544
v -0.04026337 -0.26419193 -0.76356363
v 0.00929343 -0.27060142 -0.83931744
v 0.01616857 -0.21389242 -0.71448505
v 0.01701931 -0.21735522 -0.72133279
v 0.02570537 -0.21891876 -0.70780212
v 0.03034343 -0.21650539 -0.70953906
v -0.04151372 -0.26603413 -0.80835128
v -0.01577353 -0.24348028 -0.79701602
v -0.04341203 -0.25753197 -0.85304320
v 0.02753336 -0.20327091 -0.78988636
v 0.02622861 -0.21030195 -0.79979640
v 0.00246781 -0.24061616 -0.74663591
v -0.02263780 -0.26972976 -0.75557923
v -0.00615935 -0.26717025 -0.74192613
v -0.00079491 -0.26222256 -0.73969400
v -0.00544545 -0.26947480 -0.75023186
v -0.00115645 -0.25651559 -0.73817527
v 0.02460933 -0.21513639 -0.70291537
v 0.02900623 -0.21268623 -0.70466167
v 0.03135376 -0.20854783 -0.70744908
v 0.02969134 -0.20587829 -0.71139491
v 0.02610967 -0.20503192 -0.71446323
v 0.02012170 -0.21543901 -0.70310211
v 0.01683829 -0.21440889 -0.70517874
v 0.01510825 -0.21121766 -0.71009851
v 0.01919137 -0.21203463 -0.69919038
v 0.02374234 -0.21053372 -0.69752079
v 0.02873086 -0.20313045 -0.69820714
v 0.02772668 -0.20018214 -0.69576985
v 0.02818701 -0.19871826 -0.69866592
v 0.03002119 -0.20363604 -0.70158124
v 0.02587687 -0.19558825 -0.69530243
v 0.02630255 -0.19731079 -0.69237328
v 0.02773014 -0.20609014 -0.69681686
v 0.02642659 -0.20323719 -0.69341558
v 0.02172013 -0.20222786 -0.68919760
v 0.02489862 -0.20011193 -0.68953156
v 0.02306563 -0.20521064 -0.69259870
v 0.02488134 -0.20740993 -0.69548267
v 0.02844754 -0.20861556 -0.69974953
v 0.02347608 -0.19735545 -0.68662494
v 0.02078186 -0.19544536 -0.68768972
v 0.02362812 -0.19395769 -0.69146550
v 0.02503471 -0.19556543 -0.68947232
v 0.02819847 -0.20239687 -0.70701653
v 0.02609058 -0.19796632 -0.70216340
v 0.02342077 -0.19492248 -0.69783825
v 0.02099482 -0.19352056 -0.69352257
v 0.02029413 -0.19504486 -0.69894475
v 0.02241400 -0.19749340 -0.70426261
v 0.01841924 -0.19432662 -0.69559199
v 0.01725872 -0.19593944 -0.69907922
v 0.01829337 -0.19822234 -0.70443946
v 0.02034735 -0.20310318 -0.71125489
v 0.02474790 -0.20231114 -0.71008849
v 0.01680878 -0.19530642 -0.69615799
v 0.01831109 -0.19515647 -0.68974191
v 0.02056660 -0.20716578 -0.69321251
v 0.01886718 -0.20326491 -0.68981498
v 0.01770632 -0.20769033 -0.69480151
v 0.01644043 -0.20324723 -0.69089127
v 0.02108662 -0.19996212 -0.68626457
v 0.01853243 -0.19944005 -0.68685138
v 0.02154659 -0.20567571 -0.71563447
v 0.01721524 -0.20850620 -0.71388996
v 0.01597931 -0.20617495 -0.70951474
v 0.01430175 -0.20097244 -0.70316887
v 0.01461940 -0.20924731 -0.70569706
v 0.01639028 -0.21107814 -0.70124817
v 0.01518675 -0.20678560 -0.69635975
v 0.01337073 -0.20459519 -0.69982880
v 0.01353711 -0.20074981 -0.69537842
v 0.01448340 -0.20241955 -0.69291610
v 0.01460131 -0.19802907 -0.69774628
v 0.01473272 -0.19878085 -0.69139689
v 0.01624252 -0.19917877 -0.68889654
v 0.01424785 -0.19853936 -0.69385725
v 0.01538334 -0.19659658 -0.69476533
v 0.01645533 -0.19581671 -0.69226891
v 0.00387940 -0.23395382 -0.71717840
v 0.00849177 -0.23255047 -0.71746218
v 0.00651865 -0.22913682 -0.71212691
v 0.00172907 -0.23076880 -0.71136433
v 0.01611461 -0.23696734 -0.71475977
v 0.01731271 -0.24225526 -0.71232986
v 0.01538091 -0.23750770 -0.70599973
v 0.01372569 -0.23251152 -0.70894039
v 0.01363942 -0.24765497 -0.71058887
v 0.01150474 -0.24274419 -0.70475376
v 0.01691191 -0.24238843 -0.73580474
v 0.01892057 -0.24827619 -0.73432624
v 0.01880463 -0.24568367 -0.71963978
v 0.01746075 -0.24001200 -0.72158235
v 0.00009478 -0.24291658 -0.73600882
v -0.00054629 -0.24719198 -0.73315340
v 0.01260043 -0.23380354 -0.71682060
v 0.01045792 -0.22975565 -0.71099603
v 0.00051795 -0.23730265 -0.71540040
v -0.00072808 -0.24134466 -0.71354425
v 0.00053417 -0.24412963 -0.72036725
v 0.00143154 -0.23954065 -0.72223115
v 0.01033332 -0.23665847 -0.73796040
v 0.00459488 -0.23925659 -0.73724794
v 0.01427003 -0.23851129 -0.73684418
v 0.00848392 -0.25611761 -0.73191279
v 0.00296277 -0.25282380 -0.73112190
v 0.00238653 -0.24889140 -0.71839315
v 0.00766540 -0.25206003 -0.71723771
v 0.01426110 -0.23640245 -0.72362512
v 0.00523337 -0.23613559 -0.72399050
v 0.01006489 -0.23463345 -0.72475290
v 0.00642772 -0.24817665 -0.70991206
v 0.01481314 -0.25127289 -0.71840262
v -0.00275942 -0.23806317 -0.70723552
v -0.00398720 -0.23345830 -0.69892359
v -0.00103923 -0.23628880 -0.69688195
v -0.00018787 -0.24121536 -0.70472437
v 0.00126943 -0.24502642 -0.71106279
v 0.00459816 -0.24356814 -0.70357937
v 0.00375842 -0.22393656 -0.70338178
v -0.00096401 -0.22606373 -0.70311099
v 0.00765208 -0.22416930 -0.70273691
v 0.01603009 -0.25514439 -0.73305929
v 0.01230504 -0.23126294 -0.69774389
v 0.01053450 -0.22661948 -0.70069343
v -0.00381954 -0.22973666 -0.70131624
v -0.00148819 -0.23438652 -0.70958364
v 0.00329590 -0.23795557 -0.69574726
v 0.00927294 -0.23662825 -0.69646496
v 0.00178406 -0.23313104 -0.69037646
v 0.00758070 -0.23180263 -0.68963546
v 0.01051216 -0.22641313 -0.69140685
v 0.00869345 -0.22261760 -0.69485706
v 0.00578645 -0.22126581 -0.69740319
v -0.00183701 -0.23232271 -0.69100344
v -0.00423185 -0.23031725 -0.69303221
v -0.00482116 -0.22695622 -0.69643742
v -0.00348252 -0.22797154 -0.68564367
v -0.00007230 -0.22804229 -0.68306184
v 0.00406404 -0.21849859 -0.67887080
v 0.00274055 -0.21565141 -0.67498165
v 0.00266976 -0.21349809 -0.67740256
v 0.00536158 -0.21667755 -0.68123972
v 0.00524542 -0.22121826 -0.68178678
v 0.00751348 -0.22137931 -0.68511689
v 0.00315741 -0.22387095 -0.68141466
v 0.00196502 -0.22178441 -0.67752922
v -0.00320541 -0.22058083 -0.67332786
v 0.00043753 -0.21868564 -0.67217940
v -0.00164809 -0.22295232 -0.67817914
v 0.00008531 -0.22500679 -0.68155348
v -0.00017823 -0.21203177 -0.67310333
v 0.00116967 -0.21374518 -0.67160249
v 0.00490134 -0.22666766 -0.68479729
v 0.00693947 -0.21910514 -0.69000036
v 0.00421401 -0.21495946 -0.68468708
v 0.00100525 -0.21208905 -0.67989731
v -0.00221756 -0.21105927 -0.67561853
v -0.00141050 -0.21143824 -0.68194300
v 0.00139091 -0.21386735 -0.68723285
v -0.00399994 -0.21123695 -0.67813683
v -0.00448992 -0.21206160 -0.68305343
v -0.00261488 -0.21421708 -0.68886656
v 0.00047551 -0.21864770 -0.69514567
v 0.00431878 -0.21814974 -0.69351685
v -0.00527434 -0.21188010 -0.67966253
v -0.00328239 -0.21371815 -0.66982919
v -0.00515920 -0.21289390 -0.67233950
v -0.00088596 -0.21583846 -0.66829032
v -0.00368791 -0.22335520 -0.67973328
v -0.00529770 -0.22011164 -0.67487383
v -0.00603078 -0.22359721 -0.68080914
v -0.00726574 -0.21991709 -0.67592925
v -0.00387880 -0.21832663 -0.66941923
v -0.00571844 -0.21728760 -0.67045945
v 0.00203857 -0.22141682 -0.69853538
v -0.00220154 -0.22361761 -0.69824576
v -0.00388358 -0.22094497 -0.69535077
v -0.00659023 -0.21670516 -0.68856955
v -0.00656509 -0.22415951 -0.69305474
v -0.00622905 -0.22662662 -0.68916070
v -0.00770837 -0.22267994 -0.68331021
v -0.00840407 -0.22029899 -0.68624264
v -0.00884634 -0.21736586 -0.68085051
v -0.00823979 -0.21911600 -0.67791426
v -0.00750589 -0.21432577 -0.68271458
v -0.00808537 -0.21585076 -0.67542595
v -0.00723509 -0.21640369 -0.67246568
v -0.00841297 -0.21538639 -0.67787731
v -0.00712022 -0.21322072 -0.67877632
v -0.00632400 -0.21278670 -0.67531788
v -0.01549601 -0.24500716 -0.72152072
v -0.01039032 -0.24444617 -0.72032827
v -0.01189261 -0.24171276 -0.71547043
v -0.01720278 -0.24199566 -0.71666795
v -0.00437747 -0.24986935 -0.71672606
v -0.00405277 -0.25438035 -0.71578872
v -0.00646786 -0.25090805 -0.70998204
v -0.00638201 -0.24706809 -0.71139926
v -0.00800341 -0.25860915 -0.71502256
v -0.00994829 -0.25435334 -0.70869875
v -0.00240339 -0.25481749 -0.73283058
v -0.00178347 -0.26035225 -0.73238194
v -0.00242512 -0.25747678 -0.72211176
v -0.00282062 -0.25221434 -0.72304314
v -0.00675299 -0.24639438 -0.71824807
v -0.00839421 -0.24376321 -0.71339709
v -0.01962863 -0.24771811 -0.72123271
v -0.02134390 -0.25119475 -0.71938908
v -0.02021801 -0.25284797 -0.72620422
v -0.01866160 -0.24947932 -0.72756696
v -0.01414366 -0.24995743 -0.73911667
v -0.00900128 -0.24915516 -0.73791993
v -0.00518468 -0.25101611 -0.73534262
v -0.01381969 -0.26429930 -0.73389727
v -0.01851718 -0.25971171 -0.73647827
v -0.01918611 -0.25773138 -0.72426504
v -0.01417456 -0.26184672 -0.72313172
v -0.00566013 -0.24854511 -0.72458178
v -0.01475180 -0.24661092 -0.72786218
v -0.00956222 -0.24630962 -0.72666943
v -0.01505832 -0.25888145 -0.71580243
v -0.00707771 -0.26170427 -0.72235161
v -0.02308894 -0.24830966 -0.71405071
v -0.02398753 -0.24428402 -0.70377743
v -0.02169749 -0.24738443 -0.70176578
v -0.02102588 -0.25237176 -0.71157104
v -0.02024388 -0.25522450 -0.71743703
v -0.01607366 -0.25512904 -0.70993537
v -0.01424230 -0.23718354 -0.70720518
v -0.01918706 -0.23777790 -0.70790279
v -0.01078584 -0.23910414 -0.70513207
v -0.00653144 -0.26492670 -0.73311847
v -0.02073128 -0.25489473 -0.73846656
v -0.00877463 -0.24515978 -0.70121199
v -0.00904367 -0.24175061 -0.70313746
v -0.02317342 -0.24089912 -0.70663631
v -0.02147591 -0.24469398 -0.71589690
v -0.01729314 -0.24968776 -0.70014715
v -0.01164691 -0.24906822 -0.69990933
v -0.01852603 -0.24614902 -0.69429141
v -0.01300564 -0.24513994 -0.69405419
v -0.01017165 -0.24135791 -0.69487119
v -0.01051773 -0.23817506 -0.69729114
v -0.01233168 -0.23612602 -0.69978440
v -0.02278620 -0.24411456 -0.69590735
v -0.02422692 -0.24151410 -0.69789022
v -0.02360516 -0.23870821 -0.70125252
v -0.02442789 -0.24145690 -0.69252223
v -0.02014634 -0.24216320 -0.68942362
v -0.01425841 -0.23451796 -0.68371743
v -0.01495540 -0.23201329 -0.67980683
v -0.01421675 -0.23037143 -0.68122333
v -0.01283297 -0.23322782 -0.68511003
v -0.01345871 -0.23718819 -0.68615973
v -0.01178462 -0.23788460 -0.68903178
v -0.01561068 -0.23957543 -0.68627578
v -0.01646493 -0.23729362 -0.68237424
v -0.02159915 -0.23582226 -0.67963433
v -0.01744136 -0.23487854 -0.67798740
v -0.02066467 -0.23810750 -0.68402135
v -0.01900783 -0.24041478 -0.68642437
v -0.01612210 -0.22891672 -0.67737442
v -0.01595480 -0.23081146 -0.67641258
v -0.01484191 -0.24148268 -0.68968773
v -0.01168029 -0.23536125 -0.69290721
v -0.01311972 -0.23140304 -0.68803233
v -0.01496541 -0.22849378 -0.68318647
v -0.01749041 -0.22718257 -0.67985326
v -0.01694445 -0.22753049 -0.68569928
v -0.01522460 -0.23005024 -0.69054574
v -0.01916274 -0.22663641 -0.68235850
v -0.01955574 -0.22722897 -0.68726838
v -0.01820130 -0.22943725 -0.69261473
v -0.01660667 -0.23303121 -0.69845635
v -0.01360796 -0.23377980 -0.69589931
v -0.02048275 -0.22689347 -0.68437016
v -0.01989153 -0.23036051 -0.67510194
v -0.02164359 -0.22843555 -0.67808282
v -0.01841460 -0.23269320 -0.67458051
v -0.02324344 -0.23868382 -0.68511081
v -0.02392894 -0.23557250 -0.68070388
v -0.02545997 -0.23793998 -0.68714726
v -0.02566841 -0.23453115 -0.68271732
v -0.02160249 -0.23415527 -0.67619395
v -0.02320097 -0.23315305 -0.67722476
v -0.01549291 -0.23522918 -0.70234632
v -0.01987145 -0.23615684 -0.70302469
v -0.02074405 -0.23399566 -0.69912529
v -0.02238063 -0.23027186 -0.69328392
v -0.02446149 -0.23628503 -0.69832671
v -0.02560384 -0.23914371 -0.69449764
v -0.02642986 -0.23601976 -0.68960756
v -0.02563043 -0.23301174 -0.69198287
v -0.02588497 -0.23059219 -0.68707782
v -0.02643542 -0.23277414 -0.68468261
v -0.02307188 -0.22816481 -0.68791169
v -0.02530743 -0.23028348 -0.68167502
v -0.02474649 -0.23164754 -0.67922479
v -0.02518157 -0.22927113 -0.68410134
v -0.02289851 -0.22764455 -0.68398893
v -0.02251747 -0.22763212 -0.68104112
v -0.01809907 -0.25243974 -0.73930746
v -0.04001619 -0.25673026 -0.73438859
v -0.03634327 -0.25694695 -0.73277515
v -0.03850653 -0.25569093 -0.72942787
v -0.04203893 -0.25548691 -0.73152441
v -0.03222558 -0.26306838 -0.72925860
v -0.03359426 -0.26695061 -0.72838295
v -0.03659695 -0.26447317 -0.72407806
v -0.03514437 -0.26085061 -0.72495335
v -0.03831191 -0.26942241 -0.72958207
v -0.04077725 -0.26665664 -0.72525185
v -0.02574621 -0.26400903 -0.74537617
v -0.02627594 -0.26908618 -0.74692380
v -0.03028644 -0.26832843 -0.73461711
v -0.02916577 -0.26392341 -0.73500800
v -0.04057976 -0.25736308 -0.74932402
v -0.04270909 -0.26134968 -0.74994671
v -0.04105007 -0.26171321 -0.75745791
v -0.03848762 -0.25787652 -0.75901842
v -0.03338062 -0.25940055 -0.73121715
v -0.03617198 -0.25768718 -0.72740138
v -0.04371160 -0.25775337 -0.73552895
v -0.04652150 -0.26041052 -0.73567504
v -0.04469031 -0.26158941 -0.74050105
v -0.04207994 -0.25829342 -0.73986685
v -0.03247590 -0.25540367 -0.74823701
v -0.03697876 -0.25533804 -0.74817574
v -0.03500098 -0.25485533 -0.75737429
v -0.03044213 -0.25461203 -0.75449753
v -0.02906395 -0.25842842 -0.74617875
v -0.03910437 -0.27091089 -0.74991250
v -0.04225066 -0.26610592 -0.75022852
v -0.04455669 -0.26606241 -0.74005973
v -0.04094809 -0.27022815 -0.73800689
v -0.03108577 -0.26004183 -0.73552924
v -0.03814703 -0.25705087 -0.73920298
v -0.03429484 -0.25718027 -0.73709249
v -0.04354661 -0.26796225 -0.73222196
v -0.03481270 -0.27157009 -0.73581755
v -0.04871490 -0.25914991 -0.73232883
v -0.05198316 -0.25702867 -0.72657299
v -0.05206278 -0.25989085 -0.72465527
v -0.04890458 -0.26273593 -0.73042423
v -0.04670432 -0.26448253 -0.73426449
v -0.04602503 -0.26568824 -0.72789812
v -0.04165500 -0.25282973 -0.72463572
v -0.04523588 -0.25274172 -0.72673559
v -0.03952126 -0.25480413 -0.72212851
v -0.03117855 -0.27336815 -0.74888492
v -0.03999869 -0.26071802 -0.71879703
v -0.03884230 -0.25742060 -0.71968824
v -0.04907310 -0.25436920 -0.72740012
v -0.04571233 -0.25664562 -0.73217672
v -0.04931067 -0.26233876 -0.72163975
v -0.04415698 -0.26303712 -0.71948284
v -0.05154952 -0.25998670 -0.71681648
v -0.04605244 -0.26086092 -0.71464765
v -0.04188107 -0.25805005 -0.71395552
v -0.04043838 -0.25514901 -0.71581709
v -0.04115243 -0.25288871 -0.71875167
v -0.05410736 -0.25780651 -0.72031599
v -0.05346153 -0.25527760 -0.72221446
v -0.05034540 -0.25301111 -0.72352660
v -0.05563135 -0.25566936 -0.71644342
v -0.05348533 -0.25779551 -0.71247149
v -0.04712180 -0.25257704 -0.70628583
v -0.04806985 -0.25075704 -0.70337093
v -0.04703948 -0.24917734 -0.70379889
v -0.04537290 -0.25146848 -0.70717871
v -0.04661701 -0.25495538 -0.70873672
v -0.04462792 -0.25523251 -0.71012485
v -0.04918813 -0.25677606 -0.70935190
v -0.05011943 -0.25472057 -0.70594484
v -0.05520436 -0.25248966 -0.70466000
v -0.05134691 -0.25299019 -0.70255369
v -0.05419731 -0.25493586 -0.70757991
v -0.05254732 -0.25675714 -0.70948881
v -0.04928504 -0.24777652 -0.70094186
v -0.04938745 -0.24974473 -0.70048058
v -0.04822494 -0.25824565 -0.71128470
v -0.04275635 -0.25288188 -0.71246415
v -0.04457396 -0.24983583 -0.70859289
v -0.04680834 -0.24709652 -0.70474219
v -0.04991471 -0.24580240 -0.70241034
v -0.04749640 -0.24595994 -0.70720035
v -0.04498417 -0.24849479 -0.71103722
v -0.05030787 -0.24495772 -0.70485985
v -0.04876664 -0.24548396 -0.70920134
v -0.04654118 -0.24759592 -0.71353358
v -0.04474270 -0.25000423 -0.71837544
v -0.04306145 -0.25117776 -0.71538860
v -0.05045093 -0.24477720 -0.70681828
v -0.05327648 -0.24841936 -0.70013505
v -0.05336721 -0.24627180 -0.70206809
v -0.05262655 -0.25111958 -0.69965172
v -0.05606024 -0.25437823 -0.70911545
v -0.05696536 -0.25133920 -0.70569569
v -0.05677557 -0.25273493 -0.71205729
v -0.05720156 -0.24953976 -0.70763880
v -0.05533322 -0.25116503 -0.70171750
v -0.05610996 -0.24942413 -0.70270604
v -0.04328091 -0.25128540 -0.72126305
v -0.04653833 -0.25137904 -0.72286320
v -0.04801193 -0.24997260 -0.71997464
v -0.04953096 -0.24747470 -0.71560895
v -0.05190289 -0.25134498 -0.72063833
v -0.05481980 -0.25351846 -0.71931702
v -0.05592367 -0.25059897 -0.71444076
v -0.05341698 -0.24848633 -0.71577954
v -0.05405974 -0.24626322 -0.71040398
v -0.05615332 -0.24781291 -0.70953035
v -0.05114331 -0.24546513 -0.71076417
v -0.05491417 -0.24608867 -0.70603859
v -0.05588904 -0.24733296 -0.70413834
v -0.05387009 -0.24548095 -0.70745486
v -0.05224257 -0.24499752 -0.70689404
v -0.05295170 -0.24518022 -0.70448166
v -0.04107929 -0.26530609 -0.75652421
v 0.02248635 -0.20364662 -0.77445889
v 0.02628354 -0.20133418 -0.77720869
v 0.00754044 -0.19542727 -0.77570498
v 0.01173255 -0.20043591 -0.77290523
v 0.00770127 -0.18981776 -0.78003031
v 0.01822105 -0.18714266 -0.78421175
v 0.01233726 -0.18726303 -0.78274298
v 0.01746807 -0.20328629 -0.77270472
v 0.02820537 -0.19687513 -0.78049833
v 0.02462869 -0.19072163 -0.78350377
v 0.02940062 -0.18991117 -0.77279270
v 0.02625801 -0.18396057 -0.77504975
v 0.01928735 -0.18027806 -0.77675688
v 0.01273102 -0.18176384 -0.77606469
v 0.00844376 -0.18558417 -0.77457440
v 0.02807705 -0.19555487 -0.77046990
v 0.02409436 -0.19893233 -0.76871765
v 0.01812515 -0.19939676 -0.76798940
v 0.03022865 -0.18957452 -0.76420283
v 0.03273212 -0.18156713 -0.76376176
v 0.02598906 -0.16917717 -0.76413500
v 0.02758414 -0.16639189 -0.76086056
v 0.02310384 -0.16720700 -0.76007569
v 0.02132582 -0.16982330 -0.76433301
v 0.02580785 -0.17196220 -0.76564133
v 0.02196992 -0.17354991 -0.76850456
v 0.03201232 -0.17110159 -0.76293445
v 0.03014824 -0.17400008 -0.76451087
v 0.03354656 -0.17677148 -0.76269448
v 0.03550241 -0.17539027 -0.75991058
v 0.03383963 -0.16772574 -0.76013225
v 0.03381636 -0.16606452 -0.75620407
v 0.02924692 -0.16484694 -0.75784230
v 0.02641486 -0.16593122 -0.75601596
v 0.02869575 -0.17693937 -0.76729268
v 0.01456967 -0.17634411 -0.77030575
v 0.01644612 -0.17217337 -0.76407129
v -0.16046262 0.00506678 -1.34236789
v -0.15750764 0.00485800 -1.35397816
v 0.01926789 -0.16961935 -0.75830603
v 0.02346021 -0.16897623 -0.75397348
v 0.01733561 -0.17405479 -0.75623822
v 0.01295993 -0.17662293 -0.76182270
v 0.02188760 -0.17332549 -0.75286734
v 0.01791662 -0.17825219 -0.75430930
v 0.01318868 -0.18213762 -0.75919074
v 0.00922950 -0.18793030 -0.76748413
v 0.00965654 -0.18128569 -0.76983166
v 0.02116792 -0.17631045 -0.75244325
v 0.03156774 -0.16727307 -0.75240064
v 0.02859323 -0.17104247 -0.75110054
v 0.03489285 -0.17977190 -0.75827682
v 0.03585983 -0.17652924 -0.75453389
v 0.03671374 -0.17241418 -0.75713813
v 0.03262562 -0.18463235 -0.75720501
v 0.03330049 -0.17987706 -0.75272310
v 0.03669414 -0.16960733 -0.75515103
v 0.03534525 -0.17204654 -0.75230283
v 0.00804656 -0.19150150 -0.77172840
v 0.01202111 -0.19672380 -0.76894009
v 0.01338652 -0.19329508 -0.76517868
v 0.01756119 -0.18714735 -0.75784969
v 0.02006667 -0.19557983 -0.76322258
v 0.02653280 -0.19409350 -0.76318538
v 0.02890036 -0.18778460 -0.75641698
v 0.02333331 -0.18903783 -0.75641465
v 0.02551434 -0.18302234 -0.75234509
v 0.02959302 -0.18216355 -0.75216848
v 0.02135010 -0.18138605 -0.75322878
v 0.02870992 -0.17785826 -0.75068760
v 0.03215103 -0.17516962 -0.75075972
v 0.02626592 -0.17945148 -0.75129485
v 0.02386685 -0.17784654 -0.75161821
v 0.02597002 -0.17484346 -0.75100815
v -0.03886699 -0.25872242 -0.76368642
v -0.03461076 -0.25482237 -0.76248920
v -0.03562708 -0.25530219 -0.76840061
v -0.03763426 -0.25449780 -0.77555901
v -0.04166273 -0.25893527 -0.78310615
v -0.03195460 -0.25128672 -0.77553356
v -0.03014296 -0.25244039 -0.76789856
v -0.02807556 -0.25253537 -0.75950766
v -0.02780395 -0.24846399 -0.78217238
v 0.00455862 -0.03505255 -1.30910516
v 0.01394256 -0.03755409 -1.29180038
v -0.05526957 -0.20354776 -1.18617380
v -0.05323465 -0.21674302 -1.19733357
v -0.08812709 -0.25709090 -1.21974409
v -0.11188652 -0.26110753 -1.22134173
v 0.05451227 -0.09774034 -1.01880944
v -0.15510118 -0.11126152 -1.07407343
v -0.16112082 -0.11285815 -1.09229732
v -0.17066216 -0.03532585 -1.09213758
v -0.17285265 -0.05478365 -1.08842516
v -0.04860355 -0.16175832 -1.05382919
v -0.05040891 -0.16039637 -1.07306778
v 0.01481140 -0.12929527 -1.04328239
v 0.01291248 -0.12947971 -1.06498647
v -0.02275742 -0.15722716 -1.02987456
v -0.16518164 -0.08149686 -1.04444575
v -0.16068242 -0.10074569 -1.04192376
v -0.16152714 -0.09571034 -1.06071329
v -0.16732675 -0.07668187 -1.06402385
v -0.16315086 -0.01757502 -1.09479773
v -0.15719025 -0.01904649 -1.07282519
v -0.07773805 -0.16314492 -1.09437418
v -0.10421695 -0.15871578 -1.09638023
v -0.14838602 -0.13385345 -1.10338736
v -0.16318490 -0.11587185 -1.10976553
v -0.17233858 -0.09649909 -1.11760724
v -0.17806651 -0.07653599 -1.12542427
v 0.02996700 -0.11680289 -1.08662009
v 0.04137637 -0.09986991 -1.10843396
v -0.05126723 -0.16077265 -1.09289908
v 0.06776209 -0.05807853 -1.08584964
v -0.18631566 -0.05936811 -1.15555131
v -0.18564238 -0.03632937 -1.16019964
v -0.12810975 -0.14886425 -1.09907174
v 0.03680528 -0.05823915 -1.25093222
v 0.03299037 -0.07590807 -1.25399959
v 0.04283730 -0.07743796 -1.23842061
v 0.04575467 -0.06017250 -1.23451650
v 0.03875235 -0.09424664 -1.24070203
v 0.03329395 -0.11012122 -1.24213266
v 0.02674713 -0.12436717 -1.24254811
v 0.00522381 -0.15663393 -1.23689806
v 0.01248974 -0.14743710 -1.23983717
v -0.01212379 -0.17059745 -1.22702765
v -0.00283056 -0.16424857 -1.23289561
v -0.02384661 -0.17515950 -1.21761835
v -0.03833350 -0.17711304 -1.20633638
v -0.06086426 -0.17784765 -1.20857811
v -0.05517951 -0.17758538 -1.19569826
v -0.03145904 -0.17616551 -1.19355249
v -0.01738358 -0.17414449 -1.20511007
v -0.00535690 -0.16988505 -1.21399128
v 0.05817713 -0.05073594 -1.16923094
v 0.05826363 -0.04775830 -1.19301569
v -0.00510241 -0.03253901 -1.32559657
v -0.10240798 -0.27006590 -0.99609691
v -0.00328374 -0.25507808 -0.90268815
v -0.16066962 -0.01246024 -1.35657191
v -0.16417140 -0.03299873 -1.36147785
v -0.16171625 -0.09926926 -1.37187302
v -0.14594069 -0.12096997 -1.37973189
v -0.17030835 -0.07593712 -1.36437356
v -0.17142765 -0.05334540 -1.35651672
v -0.02724844 -0.15201978 -1.10965228
v -0.17551863 -0.03337143 -1.32395005
v -0.17706601 -0.05446193 -1.34466505
v -0.17762035 -0.07799625 -1.35290682
v -0.17032811 -0.10458740 -1.36043668
v -0.15511276 -0.13398258 -1.36822605
v -0.15038955 -0.15169391 -1.36384428
v -0.15770958 -0.16939756 -1.34058988
v -0.14747274 -0.19320862 -1.33196223
v -0.13195778 -0.20042939 -1.34295940
v -0.13723986 -0.18875298 -1.35030627
v -0.15281256 -0.18169087 -1.33686996
v -0.12470153 -0.24909364 -1.25241101
v -0.13803641 -0.25059047 -1.22138405
v -0.12884389 -0.25222909 -1.23534513
v -0.14772019 -0.24289191 -1.21069300
v -0.15381099 -0.23554394 -1.20398271
v -0.15876718 -0.22532620 -1.20165145
v -0.16182733 -0.21370006 -1.20438790
v -0.16087610 -0.18285070 -1.22515094
v -0.15957762 -0.17426854 -1.23273921
v -0.16659686 -0.16533889 -1.22375739
v -0.16811298 -0.16123424 -1.21951008
v -0.17462207 -0.14489098 -1.19459867
v -0.17594339 -0.13569072 -1.18015826
v -0.14312124 0.00679244 -1.38885891
v -0.17863193 -0.12331868 -1.16576672
v -0.18109512 0.00386317 -1.18586731
v -0.18388769 0.00443398 -1.20704913
v -0.16174895 0.00067070 -1.11785984
v -0.17077188 0.00189944 -1.13831091
v -0.17313518 -0.12297178 -0.95399809
v -0.16597742 -0.11801593 -0.97075140
v -0.17297544 -0.09753262 -0.96932912
v -0.15595639 -0.00331584 -0.98438120
v -0.14548437 -0.00459034 -1.00278318
v -0.14369667 -0.00346566 -1.05205429
v -0.14742242 -0.00215251 -1.07491469
v -0.18096443 -0.10255558 -0.95212185
v -0.15994065 -0.04820263 -1.00413275
v -0.18126962 0.00525853 -1.23920882
v -0.17716891 0.00517073 -1.25278676
v -0.17510664 0.00535189 -1.27007163
v -0.15404056 -0.02640788 -1.00351238
v -0.11821625 -0.16854423 -0.96744370
v -0.09287774 -0.17692569 -0.96259880
v -0.15454662 -0.13715222 -0.97124380
v -0.13878950 -0.15450203 -0.97031677
v -0.06656329 -0.17881680 -0.95617139
v 0.02009448 -0.13464713 -0.92108047
v 0.03733156 -0.11702489 -0.91381574
v 0.06223840 -0.07848193 -0.90403610
v 0.06936598 -0.05856738 -0.90106654
v -0.04165783 -0.17448838 -0.94728458
v 0.05175153 -0.09802047 -0.90811580
v -0.01946857 -0.16456978 -0.93795395
v 0.00110788 -0.15051228 -0.92888457
v -0.16259085 -0.06884676 -1.00436258
v -0.16768761 -0.07241765 -0.98592061
v -0.01979532 -0.01513011 -1.37369871
v -0.02154135 -0.01397242 -1.36520433
v -0.16615948 -0.09251580 -0.98658431
v -0.19707546 -0.05239385 -1.23086047
v -0.19340292 -0.03184703 -1.22871172
v -0.20070663 -0.07224110 -1.23449600
v -0.20133822 -0.08813618 -1.25833821
v -0.20115815 -0.09143819 -1.24106348
v -0.19873410 -0.10941870 -1.24689031
v -0.01633170 -0.01671864 -1.38237250
v 0.00794632 -0.01943371 -1.30707204
v 0.01703098 -0.02115665 -1.28934264
v -0.19884603 -0.10609259 -1.26265204
v 0.05843575 -0.03075301 -1.18944812
v 0.05946356 -0.03139599 -1.16607893
v -0.00182611 -0.01755880 -1.32320893
v 0.05727519 -0.03108218 -1.14521217
v -0.18983009 -0.13845867 -1.26571298
v -0.18922837 -0.13925211 -1.25416780
v -0.18594892 -0.15121411 -1.25519454
v -0.18691421 -0.15148391 -1.26633573
v -0.17875072 -0.17166176 -1.25685644
v -0.18302234 -0.16214237 -1.25579977
v -0.17280109 -0.18009314 -1.25707197
v -0.17150998 -0.18973717 -1.25349486
v -0.17165872 -0.19907807 -1.27514017
v -0.17601073 -0.18810013 -1.27897549
v -0.18866812 -0.13999487 -1.27932107
v -0.19268046 -0.12333816 -1.27913535
v -0.18846233 -0.03118462 -1.26085472
v -0.18227050 -0.01283133 -1.25585341
v -0.07476807 -0.17792743 -1.18972147
v -0.09597484 -0.17711934 -1.18596566
v -0.11561128 -0.17477101 -1.18499851
v -0.13281490 -0.17076610 -1.18684471
v -0.14836179 -0.16622934 -1.19106042
v -0.16139542 -0.15969338 -1.19722676
v -0.17037143 -0.15705128 -1.21335268
v -0.17241995 -0.15219550 -1.20519340
v -0.18995818 -0.00196031 -0.78881264
v -0.17779191 -0.15120064 -1.22195530
v -0.18093443 -0.14406125 -1.21482158
v -0.19176744 -0.13001324 -1.23845565
v -0.18720716 -0.13661030 -1.22598517
v -0.19376412 -0.12502682 -1.25167322
v -0.19413871 -0.12287237 -1.26529241
v -0.19696362 -0.10596558 -1.27870798
v -0.20013376 -0.08805859 -1.27621305
v -0.19393095 -0.07238992 -1.30729496
v -0.19711985 -0.07024150 -1.29002094
v -0.19988079 -0.06910070 -1.27182496
v -0.20138426 -0.06847060 -1.25301862
v -0.13708740 -0.07824255 -1.39658070
v -0.14616305 -0.05759420 -1.39194262
v -0.16325888 -0.21443285 -1.21331251
v -0.16106810 -0.22229975 -1.21316326
v -0.20854570 0.00226002 -0.84058928
v -0.20829834 0.00280082 -0.86378539
v -0.16319558 -0.21849574 -1.22132957
v -0.16442713 -0.21427338 -1.21916139
v -0.15802222 -0.22923642 -1.21703029
v -0.15306519 -0.23630418 -1.22288251
v -0.15727583 -0.23042241 -1.23286557
v -0.16124849 -0.22329216 -1.22507882
v -0.14564048 -0.24232188 -1.23243952
v -0.15134756 -0.23537298 -1.24106610
v -0.13885404 -0.24500604 -1.24346459
v -0.13534208 -0.24396032 -1.25572836
v -0.14178076 -0.23973374 -1.25785398
v -0.14580011 -0.23864132 -1.25033855
v -0.15457313 -0.21861249 -1.28750134
v -0.14955063 -0.22770222 -1.27762997
v -0.14485817 -0.23503296 -1.26666701
v -0.17060706 -0.19973291 -1.24768317
v -0.16801137 -0.20938164 -1.24114156
v -0.16462760 -0.21731217 -1.23382032
v -0.16160676 -0.22343089 -1.24175620
v -0.16601771 -0.21471463 -1.24976254
v -0.20467971 0.00117958 -0.82040811
v -0.17026778 -0.20479849 -1.25719547
v -0.19704175 -0.04959790 -1.24925971
v -0.19121929 -0.03130695 -1.24453664
v 0.04367707 -0.03449871 -0.79309821
v 0.03734897 -0.03415649 -0.77844751
v -0.17987701 -0.17364609 -1.26741731
v 0.02803812 -0.03311565 -0.76537645
v 0.01696056 -0.03108728 -0.75383186
v -0.18406726 -0.16375716 -1.26699817
v -0.17538939 -0.18346688 -1.26727378
v -0.17286970 -0.19440627 -1.26383352
v -0.17975824 -0.17726701 -1.27987099
v -0.18330261 -0.16599374 -1.27950072
v -0.18621133 -0.15345441 -1.27937973
v -0.19500026 -0.04944933 -1.26614022
v -0.18558975 -0.01293641 -1.24089050
v -0.19615315 0.00179619 -0.90972668
v -0.18685812 0.00048615 -0.93135357
v 0.06854644 -0.03865371 -0.87814081
v -0.01283697 -0.01779663 -1.38945067
v -0.11229080 0.00418264 -1.43540025
v -0.02117521 -0.01392579 -1.35541511
v -0.01614126 -0.01469310 -1.34532273
v -0.07557663 -0.01675166 -0.74644470
v -0.00860957 -0.01608820 -1.33440280
v -0.08843087 -0.01561175 -0.74597865
v -0.15335846 -0.00067608 -1.09749699
v -0.05155057 -0.18745951 -1.30861437
v -0.06348435 -0.19749089 -1.32962263
v -0.08368768 -0.20588972 -1.34410763
v -0.10883200 -0.20643215 -1.34868348
v -0.10739335 -0.22765185 -1.06042826
v -0.15326183 -0.02127467 -1.05082250
v -0.15158483 -0.02417098 -1.02757561
v -0.15884858 -0.04400959 -1.02676260
v -0.18161935 -0.01598956 -1.16150558
v -0.18948470 -0.01302810 -1.22695506
v 0.03852245 -0.13830279 -1.21254480
v 0.04575961 -0.12635942 -1.21349800
v 0.03691666 -0.12524933 -1.22794902
v 0.02964126 -0.13743442 -1.22696209
v 0.02115878 -0.15658282 -1.20965171
v 0.03004706 -0.14852327 -1.21111786
v 0.02156582 -0.14784104 -1.22542942
v 0.01329650 -0.15650257 -1.22318149
v 0.01184030 -0.16337369 -1.20644712
v 0.00445375 -0.16374162 -1.21967268
v 0.03679068 -0.14858952 -1.19578564
v 0.04566256 -0.13892882 -1.19689763
v 0.05246076 -0.12709895 -1.19812965
v 0.01802789 -0.16233180 -1.19310987
v 0.02756033 -0.15621555 -1.19493926
v -0.01585671 -0.02758566 -1.39115560
v -0.01820536 -0.02791208 -1.34812880
v -0.02233594 -0.02657094 -1.35774982
v 0.05404348 -0.04532053 -1.21305788
v 0.03965875 -0.04154502 -1.24604475
v 0.02953907 -0.04027862 -1.25883567
v 0.02180782 -0.03919894 -1.27497494
v -0.01180245 -0.03022382 -1.33720469
v 0.04763138 -0.04344998 -1.22982121
v -0.17597336 -0.16523275 -0.78088510
v -0.19190405 -0.14262322 -0.76392001
v -0.18813631 -0.15392028 -0.79224342
v -0.19877627 -0.13746586 -0.77977759
v -0.16141804 -0.17105280 -0.86148155
v -0.17002366 -0.16860601 -0.83565927
v -0.15556318 -0.17255516 -0.88911545
v -0.20814554 -0.11518779 -0.77232230
v -0.21223682 -0.08897614 -0.77071369
v -0.21842140 -0.08779009 -0.79123259
v -0.17709434 -0.15387000 -0.88806331
v -0.18192419 -0.15324268 -0.86161965
v -0.18070303 -0.15991764 -0.80984783
v -0.19369306 -0.14751334 -0.81316376
v -0.19585520 -0.14486423 -0.79807150
v -0.21246958 -0.11368611 -0.79178417
v -0.20416597 -0.13219967 -0.79361862
v -0.19194166 -0.03325718 -0.93000489
v -0.19468561 -0.06178933 -0.93020958
v -0.18443009 -0.05893305 -0.94906032
v -0.18079107 -0.12814254 -0.93482423
v -0.15945603 -0.14298907 -0.95538652
v -0.20534287 -0.13131498 -0.81222630
v -0.21538045 -0.11144349 -0.81289005
v -0.22159298 -0.08626598 -0.81480104
v -0.21188253 -0.08696000 -0.88893747
v -0.21801826 -0.08546772 -0.86522472
v -0.21090743 -0.11035469 -0.86302930
v -0.20505688 -0.11153895 -0.88772750
v -0.18812443 -0.13200022 -0.91244525
v -0.19358639 -0.13347191 -0.88751829
v -0.20365721 -0.08731634 -0.91108549
v -0.19802451 -0.11050531 -0.91186249
v -0.18963057 -0.10719302 -0.93347156
v -0.19862384 -0.13305537 -0.86132991
v -0.22330669 -0.05568285 -0.84114319
v -0.22210836 -0.08468880 -0.83972645
v -0.21687083 -0.02677736 -0.84224945
v -0.19396098 -0.08533138 -0.93167973
v -0.18429448 -0.08194876 -0.95079267
v -0.17486060 -0.07700526 -0.96891928
v -0.16218144 -0.06458478 -1.02506471
v -0.02024896 -0.14657706 -0.55977434
v -0.04924085 -0.02197182 -0.72857165
v -0.07581029 -0.01683706 -0.73545986
v -0.06264915 -0.20033060 -0.81625700
v -0.13650273 -0.19191109 -0.79791462
v -0.15999249 -0.17868911 -0.80604768
v 0.00806515 -0.06263084 -0.73013330
v -0.00849488 -0.04130089 -0.72420448
v -0.03396934 -0.18853264 -0.80834961
v 0.00776534 -0.14827672 -0.76316607
v -0.02894739 -0.02975470 -0.72490299
v -0.18818474 -0.15213250 -0.83620608
v -0.20329794 -0.13280892 -0.83561742
v -0.21447663 -0.11095579 -0.83728170
v -0.22243769 -0.05674531 -0.81693029
v -0.21568765 -0.02702372 -0.81972450
v 0.02848829 -0.05694244 -0.77516890
v 0.03379488 -0.05344751 -0.78346300
v 0.03520690 -0.04393993 -0.78084964
v 0.02735877 -0.04389037 -0.76797485
v 0.01769696 -0.13588122 -0.90091246
v 0.03387810 -0.11662095 -0.89342713
v 0.05782194 -0.07698318 -0.88318515
v 0.06454192 -0.05731501 -0.88023514
v -0.04268889 -0.17947111 -0.92930412
v 0.04767008 -0.09681532 -0.88749897
v -0.02051645 -0.16906939 -0.91923547
v -0.00027325 -0.15342686 -0.90967226
v -0.11017755 -0.10081299 -0.12504184
v -0.10557637 -0.10507693 -0.09851539
v -0.12076001 -0.10333270 -0.09813714
v -0.12479068 -0.09710146 -0.12559462
v -0.15582779 -0.10916121 -0.12993610
v -0.14572224 -0.09915307 -0.12647331
v -0.16068773 -0.12352318 -0.13128150
v -0.15673262 -0.12371197 -0.10277855
v -0.15249813 -0.13526501 -0.10371947
v -0.15792894 -0.13707289 -0.13230634
v -0.15013692 -0.14637387 -0.13405287
v -0.11813313 -0.15762386 -0.10844493
v -0.12116052 -0.16075958 -0.13499463
v -0.13931793 -0.15417941 -0.13468075
v -0.13532498 -0.15244305 -0.10713077
v -0.10064644 -0.15763028 -0.13216555
v -0.09815595 -0.15460661 -0.10857117
v -0.08700958 -0.14493404 -0.12950408
v -0.09597766 -0.10888765 -0.12553501
v -0.09027764 -0.11052428 -0.09990990
v -0.15239871 -0.11113892 -0.10049832
v -0.14166278 -0.10458634 -0.09900534
v -0.13513426 -0.09560217 -0.12502182
v -0.13130546 -0.10351313 -0.09856987
v -0.11468901 -0.10788268 -0.07155406
v -0.09878293 -0.10152845 -0.07180703
v -0.14954831 -0.11473886 -0.07208073
v -0.13705473 -0.11158461 -0.07153344
v -0.14718139 -0.13673732 -0.07713079
v -0.15470536 -0.12582844 -0.07437694
v -0.13175049 -0.15639161 -0.08259726
v -0.14455537 -0.14458898 -0.10546005
v -0.13941106 -0.14663456 -0.07986259
v -0.11542968 -0.15932338 -0.08489776
v -0.09253567 -0.15523481 -0.08684695
v -0.08204916 -0.10946969 -0.07708192
v -0.12605898 -0.11082047 -0.07303023
v 0.07543875 -0.17907201 -0.05681443
v 0.07409479 -0.18329309 -0.05789649
v 0.07551923 -0.18615557 -0.05493999
v 0.07755008 -0.18016125 -0.05185413
v 0.08924334 -0.13714615 -0.04695928
v 0.09016916 -0.14448227 -0.05189502
v 0.09006272 -0.14966799 -0.04414165
v 0.08946986 -0.13964054 -0.03720582
v 0.08396913 -0.17320547 -0.04662311
v 0.08483677 -0.16862071 -0.04457879
v 0.08767250 -0.16639079 -0.04834616
v 0.08618169 -0.17370193 -0.05142558
v 0.04077928 -0.20965017 -0.05468094
v 0.04267112 -0.20588303 -0.05358183
v 0.04411029 -0.20416299 -0.05838966
v 0.04121663 -0.20939957 -0.05856967
v 0.05965355 -0.19861735 -0.05182540
v 0.06146883 -0.19510302 -0.04975498
v 0.06340866 -0.19333595 -0.05454183
v 0.06044482 -0.19928484 -0.05571043
v 0.06610204 -0.14565852 -0.05093658
v 0.08004765 -0.14557385 -0.05329847
v 0.07940441 -0.13481569 -0.04537868
v 0.06470145 -0.13170765 -0.04594219
v 0.07845055 -0.13183966 -0.03463137
v 0.07645132 -0.14073953 -0.03090858
v 0.06289642 -0.13937607 -0.02655900
v 0.06287833 -0.12963933 -0.03230894
v 0.07756084 -0.15254751 -0.03588963
v 0.06492193 -0.15215269 -0.03346884
v 0.06654423 -0.15560105 -0.04419446
v 0.08029445 -0.15730292 -0.04854012
v 0.06548996 -0.17321552 -0.05128706
v 0.07724436 -0.17699337 -0.05378401
v 0.07779613 -0.16924804 -0.05660212
v 0.06535535 -0.16586806 -0.05707002
v 0.07979678 -0.16182956 -0.05350077
v 0.06807223 -0.15592256 -0.05293214
v 0.06937994 -0.15617490 -0.04310811
v 0.08192067 -0.15883836 -0.04555976
v 0.07898162 -0.16580492 -0.04185247
v 0.06671555 -0.16270724 -0.03840709
v 0.06512704 -0.17091164 -0.04247832
v 0.07683423 -0.17418852 -0.04497123
v 0.06970140 -0.17679444 -0.05604434
v 0.05995787 -0.17271516 -0.05639386
v 0.05662756 -0.18182640 -0.06054699
v 0.06790388 -0.18368845 -0.05913126
v 0.06018293 -0.17933568 -0.04375708
v 0.06229762 -0.17292222 -0.04750443
v 0.07174410 -0.17514868 -0.04812253
v 0.07035792 -0.18132949 -0.04629731
v 0.06889144 -0.18822992 -0.04839349
v 0.05785260 -0.18755031 -0.04785872
v 0.05752738 -0.18869993 -0.05668187
v 0.06839475 -0.19000581 -0.05527627
v 0.05350110 -0.19751979 -0.06085992
v 0.04279419 -0.19622079 -0.06323647
v 0.04307740 -0.20203032 -0.05840659
v 0.05322592 -0.20213315 -0.05603886
v 0.04710739 -0.18926106 -0.06102335
v 0.05562088 -0.19144209 -0.05972421
v 0.04843197 -0.19351889 -0.04831374
v 0.05044616 -0.18851851 -0.05501413
v 0.05768560 -0.18853006 -0.05374134
v 0.05648980 -0.19326741 -0.04798186
v 0.05420812 -0.20066062 -0.05011714
v 0.04440713 -0.20101638 -0.05052137
v 0.03417334 -0.21190436 -0.05888677
v 0.03454294 -0.20829293 -0.06371582
v 0.02557549 -0.20803528 -0.06407893
v 0.02412482 -0.21176383 -0.05734050
v 0.03060021 -0.20176610 -0.06379974
v 0.03740454 -0.20220500 -0.06254983
v 0.03186387 -0.20455098 -0.05009782
v 0.03343049 -0.20193346 -0.05782187
v 0.03876682 -0.20066704 -0.05661178
v 0.03813453 -0.20413256 -0.05081427
v 0.03542556 -0.21109024 -0.05296171
v 0.02714955 -0.21009165 -0.05231047
v 0.05013828 -0.13067532 -0.04554713
v 0.05217100 -0.14889312 -0.04861140
v 0.08513668 -0.14304385 -0.03449070
v 0.04846873 -0.12952974 -0.02996373
v 0.08551742 -0.14940622 -0.03748250
v 0.05237548 -0.15545754 -0.03206527
v 0.04868531 -0.13983464 -0.02518976
v 0.06047216 -0.15446270 -0.04247415
v 0.08467519 -0.17000695 -0.05535293
v 0.05677709 -0.17109217 -0.04770827
v 0.04938410 -0.17364044 -0.03924382
v 0.08552447 -0.16554283 -0.05331075
v 0.04872346 -0.16601889 -0.05579603
v 0.03891181 -0.18261416 -0.05932474
v 0.07547906 -0.18329261 -0.04904366
v 0.07472748 -0.18686347 -0.05009377
v 0.04134949 -0.19040997 -0.04465663
v 0.04823903 -0.18842854 -0.05510318
v 0.05943251 -0.19720827 -0.05963671
v 0.03341215 -0.20205410 -0.05782413
v 0.02925657 -0.20309496 -0.04725492
v 0.06058252 -0.19345134 -0.05856812
v 0.02636080 -0.19693977 -0.06293845
v 0.03977065 -0.20642798 -0.06054831
v 0.01715970 -0.21124732 -0.04784501
v 0.01213137 -0.21305461 -0.05589068
v 0.04167620 -0.20363282 -0.06043744
v 0.01475947 -0.20751311 -0.06353688
v -0.08606416 -0.11823905 -0.12524068
v -0.08071703 -0.11939865 -0.10255659
v -0.08317710 -0.12987740 -0.12721503
v -0.08382058 -0.14274001 -0.10686839
v -0.07916240 -0.12970509 -0.10554695
v -0.07090944 -0.11976659 -0.08261311
v -0.07673189 -0.14405084 -0.08704710
v -0.07013470 -0.13129422 -0.08662713
v -0.13031441 -0.16160101 -0.06598473
v -0.11450763 -0.16593561 -0.06832278
v -0.13836122 -0.15093856 -0.06227779
v -0.15406482 -0.13201852 -0.05487645
v -0.14700831 -0.14214189 -0.05959487
v -0.05865142 -0.12079075 -0.06746423
v -0.07353003 -0.11232142 -0.05917513
v -0.05521905 -0.13308553 -0.07528830
v -0.06435610 -0.14915770 -0.07585108
v 0.03355199 -0.12484630 -0.04420066
v 0.01303817 -0.12487195 -0.04112887
v 0.01269836 -0.13492469 -0.05592203
v 0.03282645 -0.14161162 -0.05322456
v 0.00776215 -0.15241398 -0.06121695
v 0.02823778 -0.15955950 -0.05655599
v -0.00046266 -0.16918086 -0.06175077
v 0.01978600 -0.17588618 -0.05904865
v -0.00986504 -0.18492155 -0.06134319
v 0.00923716 -0.19139905 -0.06161726
v -0.01880312 -0.19944575 -0.05699277
v -0.00027541 -0.20502447 -0.06118917
v -0.02213816 -0.21029308 -0.05041540
v -0.00329129 -0.21433340 -0.05360317
v 0.03216713 -0.12538412 -0.02667081
v 0.01139308 -0.12615480 -0.02459586
v 0.03112005 -0.13919048 -0.01905763
v 0.01104086 -0.14016415 -0.01500189
v 0.02904755 -0.15569727 -0.02422404
v 0.00846316 -0.15568566 -0.01919997
v -0.01741337 -0.21110217 -0.03850353
v 0.00210500 -0.21300545 -0.04261613
v 0.02347359 -0.17276300 -0.03051746
v 0.00262308 -0.17166154 -0.02549136
v 0.01640642 -0.18915994 -0.03393173
v -0.00422860 -0.18770343 -0.02987003
v 0.00909588 -0.20253958 -0.03829765
v -0.01129591 -0.20126125 -0.03325081
v -0.01038690 -0.12827134 -0.05580854
v -0.01440893 -0.14449832 -0.06691551
v -0.13451990 0.00660863 -1.40255964
v -0.16363193 0.00544346 -1.32935929
v -0.02364536 -0.16133119 -0.06553662
v -0.03361277 -0.17750579 -0.06027031
v -0.04156690 -0.19210958 -0.05294847
v -0.04406045 -0.20431973 -0.04635286
v -0.06325604 -0.17294641 -0.06338131
v -0.06659207 -0.18580374 -0.04803133
v -0.06566676 -0.19657826 -0.04030192
v -0.09157051 -0.18137424 -0.04215717
v -0.08850951 -0.19002353 -0.03333795
v -0.19848527 0.00005507 -0.80306447
v -0.17258909 0.00560479 -1.28607726
v -0.13023511 -0.17198150 -0.03189611
v -0.20348175 0.00243270 -0.88729441
v 0.02371932 -0.02210634 -1.27130485
v 0.03148693 -0.02384060 -1.25549245
v 0.04249462 -0.02639599 -1.24358523
v 0.04920268 -0.02809872 -1.22741485
v 0.07537900 -0.03712531 -0.96165359
v 0.07390811 -0.03657742 -0.97563469
v -0.14201111 -0.00452608 -1.02817452
v 0.07584549 -0.03850546 -0.91889083
v 0.07689050 -0.03654825 -0.99176145
v -0.17696966 0.00291690 -1.16231418
v 0.05475791 -0.02969547 -1.20978987
v 0.07353671 -0.03881301 -0.89895248
v -0.18597580 0.00528623 -1.22618318
v 0.07872194 -0.03629462 -1.01550722
v 0.04947806 -0.03593947 -0.81120414
v 0.07163759 -0.03371167 -1.08344889
v -0.01338186 0.00329319 -1.39386630
v -0.01596952 0.01570796 -1.39810133
v -0.01745025 0.01764238 -1.39019775
v -0.01554351 0.00498546 -1.38648212
v -0.05896761 0.05236068 -1.41151869
v -0.05402279 0.04937296 -1.41929328
v -0.06843525 0.04894061 -1.42452931
v -0.07383454 0.05357375 -1.41687596
v -0.08186660 0.04508521 -1.42793310
v -0.08782452 0.05022684 -1.41980791
v -0.09947535 0.04173087 -1.42050600
v -0.09303068 0.03796313 -1.43018329
v -0.10194952 0.02806929 -1.43115294
v -0.10796747 0.03144568 -1.42048550
v -0.02066773 0.02882397 -1.40290296
v -0.02907946 0.03989686 -1.40861320
v -0.03037054 0.04039383 -1.39961934
v -0.02209041 0.02966944 -1.39500988
v -0.04067897 0.04676558 -1.41450334
v -0.04357387 0.04846838 -1.40580511
v -0.11422975 0.01875254 -1.42211270
v -0.10787652 0.01577024 -1.43349493
v -0.01791177 0.00927738 -1.36917973
v -0.01891012 -0.00286455 -1.36698151
v -0.01761573 -0.00430104 -1.37568092
v -0.01702862 0.00758625 -1.37783790
v -0.03081634 0.04263574 -1.36955690
v -0.04149291 0.05936436 -1.37712550
v -0.03750032 0.06527538 -1.36882925
v -0.02648901 0.04765695 -1.36095214
v -0.00832117 0.05522035 -1.33776379
v -0.02001028 0.08139893 -1.34562862
v -0.00140873 0.07409884 -1.32345319
v 0.00346087 0.05383906 -1.31933987
v 0.01322647 0.06931625 -1.30476975
v 0.01585157 0.05151346 -1.30160475
v 0.04726805 0.05852948 -1.25354695
v 0.04816957 0.04152866 -1.25294733
v 0.03806189 0.04489523 -1.26890481
v 0.03646690 0.06218815 -1.26959026
v 0.07651909 0.06667159 -1.16068149
v 0.08023441 0.05229362 -1.16491449
v 0.08338641 0.05974331 -1.18009150
v 0.08106922 0.07264867 -1.17786515
v 0.01904748 0.12692431 -1.26884961
v 0.01153034 0.13009430 -1.28545940
v 0.01108950 0.13685174 -1.27305830
v 0.01636971 0.13414907 -1.25667167
v -0.06279434 0.11027173 -1.38130319
v -0.04164043 0.09846880 -1.36714017
v -0.04789830 0.08686164 -1.37254179
v -0.06626892 0.09754325 -1.38562703
v 0.03592424 0.12461597 -1.18715751
v 0.04349643 0.11833002 -1.17623270
v 0.05183734 0.11315367 -1.18539107
v 0.04542796 0.11777923 -1.19619644
v 0.02892357 0.09298502 -1.08577311
v 0.04306046 0.07569952 -1.08503366
v 0.04241707 0.07572247 -1.10485148
v 0.02913057 0.09207803 -1.10568929
v -0.03093028 0.13563202 -1.12528062
v -0.05696915 0.14018913 -1.12439609
v -0.05791121 0.13810460 -1.11040938
v -0.03205969 0.13404892 -1.11013496
v 0.04253767 0.08840712 -1.25129497
v 0.04500793 0.07423285 -1.25291157
v 0.03436497 0.07811467 -1.26896870
v 0.03241047 0.09239800 -1.26747489
v -0.01048956 0.17508233 -1.12990546
v -0.01321104 0.15968102 -1.12244058
v -0.01237953 0.15590237 -1.14584720
v -0.00973858 0.17132367 -1.15374267
v -0.02284604 0.13221210 -1.01741886
v -0.04797879 0.13562678 -1.02243614
v -0.04587937 0.13685182 -1.00535417
v -0.02068637 0.13255066 -0.99961179
v -0.00955702 0.17423420 -1.30299461
v -0.02561907 0.18827766 -1.31655681
v -0.02395757 0.19273436 -1.29698050
v -0.00921789 0.17754589 -1.28409672
v 0.03153066 0.12103192 -1.23895955
v 0.02540367 0.12370733 -1.25354755
v 0.02090574 0.13173276 -1.24304938
v 0.02584549 0.12928671 -1.23117876
v -0.06046857 0.15032904 -1.15056384
v -0.03746784 0.14698066 -1.15180242
v -0.04231285 0.15095134 -1.16685832
v -0.06349757 0.15439178 -1.16548336
v -0.03340219 0.14228356 -1.13782549
v -0.05824349 0.14603409 -1.13653517
v 0.03584606 0.11183577 -1.24461782
v 0.03939359 0.10087400 -1.24859595
v 0.03006432 0.10456303 -1.26502931
v 0.02797399 0.11469030 -1.26128411
v 0.06676793 0.06110416 -1.14636254
v 0.07203691 0.04410072 -1.15160155
v 0.00275732 0.12221446 -0.99364567
v 0.02258002 0.10773359 -0.98750973
v 0.02043535 0.10827664 -1.00640535
v 0.00059455 0.12262361 -1.01181054
v 0.04998527 0.05755123 -1.12289965
v 0.05550219 0.05768114 -1.13550091
v 0.04885431 0.07397579 -1.13411379
v 0.04136526 0.07415459 -1.12201691
v 0.03868985 0.08957174 -0.98217976
v 0.05290275 0.06942017 -0.97719502
v 0.04990677 0.06988591 -0.99832535
v 0.03624114 0.08998704 -1.00170004
v 0.02565156 0.06562537 -1.28692722
v 0.02747470 0.04833622 -1.28494954
v 0.06464489 0.09180176 -1.16019738
v 0.07127964 0.07997941 -1.15957749
v 0.07589917 0.08477433 -1.17683339
v 0.06883520 0.09522612 -1.17657065
v 0.00958075 0.14033704 -1.24137139
v 0.00576298 0.14241074 -1.25573957
v -0.00740875 0.14489609 -1.23466933
v -0.00314260 0.14547399 -1.22734129
v -0.04499607 0.13827789 -0.98917460
v -0.01977935 0.13371962 -0.98306781
v 0.04044598 0.08956412 -0.96231633
v 0.05423972 0.06927815 -0.95661730
v -0.06280677 0.14390092 -1.21944153
v -0.06583048 0.13474955 -1.22052824
v -0.07976718 0.13717833 -1.21726584
v -0.07719840 0.14677055 -1.21625364
v 0.07849513 0.01973110 -1.18287122
v 0.08210988 0.03470949 -1.19152629
v 0.08258195 0.04039085 -1.17506897
v 0.07641126 0.02846260 -1.16339731
v 0.05417990 0.08973234 -1.14556086
v 0.04146984 0.08899744 -1.13466537
v 0.06075458 0.07631335 -1.14490116
v 0.07077499 0.00463147 -1.17398798
v 0.06555691 0.01548302 -1.14982176
v 0.02803535 0.03019660 -1.28165901
v 0.03848541 0.02713967 -1.26692867
v 0.01788947 0.03243200 -1.29789853
v 0.01927127 0.01348264 -1.29427862
v 0.00954202 0.01408831 -1.31094801
v 0.00746964 0.03330178 -1.31483734
v 0.00065350 0.01400524 -1.32731640
v -0.00219189 0.03328378 -1.33172512
v -0.02304640 0.02582278 -1.36363506
v -0.01861946 0.02885596 -1.35517204
v 0.01324353 0.13872433 -1.23072267
v 0.01725799 0.13633487 -1.22104239
v 0.02400065 0.10804608 -0.96887797
v -0.15568709 0.12716913 -1.30982137
v -0.16190338 0.12237433 -1.29281390
v -0.15227348 0.13930754 -1.29280114
v -0.14533629 0.14373387 -1.30914211
v -0.05914457 0.12265160 -1.37966418
v -0.03581057 0.11354902 -1.36586893
v -0.12514856 0.15865834 -1.22504973
v -0.12135658 0.15824544 -1.22725153
v -0.12490802 0.15952648 -1.23413908
v -0.13011402 0.15844850 -1.23320365
v -0.10670710 0.14557521 -1.22316861
v -0.10088652 0.14275821 -1.21868825
v -0.10193345 0.14154181 -1.21088052
v -0.10797870 0.14549167 -1.21466947
v -0.07113643 0.13435818 -1.01032412
v -0.07309937 0.13199475 -1.02704751
v -0.12682337 0.12732391 -1.13705122
v -0.10513251 0.13525754 -1.12984121
v -0.10415138 0.14289640 -1.14406610
v -0.12393855 0.13629344 -1.15209889
v -0.17220175 0.02458906 -1.28818905
v -0.17513165 0.02406630 -1.27217293
v -0.17635126 0.04417158 -1.27621543
v -0.17344666 0.04439867 -1.29274011
v -0.16639216 0.08974083 -1.32132936
v -0.16055162 0.09160565 -1.33701229
v -0.16525385 0.06809953 -1.33070135
v -0.16997813 0.06688102 -1.31575930
v -0.16503312 0.10763400 -1.30829561
v -0.17051141 0.10365127 -1.29118741
v -0.08282638 0.15491261 -1.16846538
v -0.08214909 0.15070730 -1.15321600
v -0.07160621 0.15730685 -1.19720864
v -0.08745441 0.15924120 -1.19835198
v -0.08649395 0.15907490 -1.19037354
v -0.06966773 0.15772916 -1.18903065
v -0.07009189 0.09135512 -1.39025438
v -0.09091456 0.09256680 -1.39499962
v -0.08828267 0.10356128 -1.39011979
v -0.13884681 0.06259720 -1.37812936
v -0.14392383 0.06323107 -1.37222052
v -0.13653305 0.07656747 -1.37640381
v -0.13257898 0.07204472 -1.38142705
v -0.18202136 0.04602168 -1.20608473
v -0.18329504 0.02473266 -1.20611334
v -0.18025282 0.02436899 -1.18418574
v -0.17871077 0.04697986 -1.18269515
v -0.10970639 0.15737848 -1.21569920
v -0.11106442 0.15961236 -1.21174240
v -0.10088227 0.15909332 -1.20711792
v -0.10069841 0.15556206 -1.21139753
v -0.10075428 0.15932529 -1.19367111
v -0.10066710 0.15994504 -1.20138752
v -0.11204267 0.15941842 -1.20643961
v -0.11352649 0.15803146 -1.19918621
v -0.11978619 0.14444022 -1.16643274
v -0.10187182 0.14911810 -1.15910995
v -0.10055304 0.15362492 -1.17366350
v -0.11669222 0.15015188 -1.18059409
v -0.16464241 0.01999932 -1.11530614
v -0.16430388 0.03945551 -1.11274135
v -0.16915591 0.04158548 -1.13521051
v -0.17105965 0.02132335 -1.13723803
v -0.04045192 0.13142261 -1.22244835
v -0.02433408 0.13399968 -1.22727299
v -0.02791722 0.13036273 -1.21449673
v -0.04450566 0.12931538 -1.20837522
v -0.11872374 0.17376943 -1.21338439
v -0.11997212 0.16979788 -1.22226334
v -0.11938338 0.16431616 -1.21764636
v -0.11901683 0.16917753 -1.20960224
v -0.06200429 0.12844358 -1.18377972
v -0.04706580 0.12778150 -1.19075239
v -0.04854921 0.12899406 -1.17018223
v -0.06436144 0.12869176 -1.16398966
v -0.08466184 0.13960420 -1.37903953
v -0.05569525 0.13396214 -1.37865674
v -0.08556186 0.12845342 -1.38299525
v -0.08850540 0.13126875 -1.17881131
v -0.09924880 0.13602632 -1.18096519
v -0.09640560 0.13537504 -1.19618928
v -0.08510007 0.13277616 -1.19523931
v -0.01558226 0.18875740 -1.16067803
v -0.01570474 0.19229779 -1.13687885
v -0.07891653 0.13368760 -1.14039588
v -0.09102653 0.13972726 -1.14051354
v -0.09061524 0.13308115 -1.15883982
v -0.07844727 0.12913883 -1.15912271
v -0.12580021 0.11869804 -1.12263393
v -0.10524985 0.12910150 -1.11611342
v -0.11235216 0.11320744 -1.01702118
v -0.09359463 0.12610967 -1.01414835
v -0.09586182 0.12257149 -1.03163099
v -0.11456195 0.10985887 -1.03523231
v -0.07015404 0.13551565 -0.99377716
v -0.10986364 0.11492417 -0.99967313
v -0.09148380 0.12758866 -0.99755150
v -0.08763042 0.07303813 -1.40438128
v -0.10447910 0.06376600 -1.40554512
v -0.10786149 0.07323609 -1.39897406
v -0.09182952 0.08211263 -1.39980292
v -0.07835798 0.16060419 -0.88496089
v -0.08771937 0.15695912 -0.85728657
v -0.05864863 0.15954077 -0.85509205
v -0.04911321 0.16064645 -0.88034570
v -0.13203648 0.04539146 -1.39198208
v -0.12032601 0.06026623 -1.39633739
v -0.11660036 0.05133671 -1.40325463
v -0.12688215 0.03540183 -1.40007520
v -0.04536606 0.15754369 -0.90417504
v -0.07356219 0.15884909 -0.91019750
v -0.07071146 0.08128349 -1.39479685
v -0.06790350 0.06742863 -1.39985490
v -0.05452984 0.07009607 -1.38657165
v -0.05240194 0.06071828 -1.39111578
v -0.03924850 0.05006795 -1.38374090
v -0.03285109 0.15424582 -0.84725982
v -0.02493842 0.15162268 -0.87115777
v -0.09530700 0.05610812 -1.41246927
v -0.10740867 0.04617766 -1.41198099
v -0.11829436 0.03322913 -1.41013491
v -0.12491547 0.01933214 -1.41044712
v -0.07045807 0.13971293 -0.97749120
v -0.04481551 0.14153495 -0.97275776
v -0.17001465 0.10773483 -0.75493824
v -0.17887618 0.08285206 -0.75192869
v -0.16981851 0.07770939 -0.73818082
v -0.16206712 0.10805627 -0.74043810
v -0.18400916 0.02102285 -0.76581872
v -0.16791341 0.01345263 -0.75034612
v -0.17107452 0.04463413 -0.74204355
v -0.18332690 0.05304616 -0.75612760
v -0.19490875 0.06593015 -0.88692749
v -0.18583259 0.06567761 -0.90830648
v -0.19104560 0.03626144 -0.90886676
v -0.19937560 0.03586667 -0.88697624
v -0.11116695 0.11994628 -0.98305166
v -0.09188196 0.13241531 -0.98113978
v -0.01906073 0.13615392 -0.96663868
v -0.08183798 0.16922304 -0.72422332
v -0.08594862 0.16653569 -0.69119221
v -0.04775000 0.16529961 -0.68427187
v -0.04208332 0.16641808 -0.71872407
v -0.14185916 0.12918454 -0.69587052
v -0.14360258 0.13179556 -0.72327727
v -0.15742126 0.10224242 -0.72076964
v -0.15400080 0.09801757 -0.69673425
v 0.06620020 0.04816983 -0.95149148
v 0.05351399 0.06964491 -0.93660641
v 0.06519032 0.04807299 -0.93076468
v 0.08025528 -0.01458382 -0.94139647
v 0.07941972 0.00756876 -0.94410110
v 0.07807714 0.00512887 -0.92243814
v 0.07875797 -0.01654383 -0.92022288
v 0.05094993 -0.00669263 -0.81202030
v 0.05096385 -0.02270439 -0.81172019
v 0.05689373 -0.02133493 -0.83320850
v 0.05691968 -0.00212867 -0.83469099
v -0.00271232 0.14266707 -0.86302590
v 0.01595706 0.12573695 -0.85513341
v 0.01898918 0.12181317 -0.87533653
v 0.00106481 0.13852376 -0.88417852
v -0.14770783 0.00647408 -0.73811954
v -0.15384007 0.03699586 -0.73067909
v -0.01038520 0.15435088 -0.67945504
v -0.00487007 0.15202737 -0.71346539
v 0.01831782 0.13125160 -0.67415798
v 0.03211043 0.09900094 -0.67250979
v 0.03540695 0.09830339 -0.70268202
v 0.02157255 0.12924664 -0.70679080
v 0.02013076 0.00864981 -0.74761325
v -0.00355029 -0.00679613 -0.73483485
v -0.00142311 -0.01028840 -0.73967612
v 0.02442939 -0.00110122 -0.75659364
v -0.19491337 0.02662806 -0.78110260
v -0.19230437 0.05852480 -0.77377772
v -0.19971305 0.06083671 -0.79335594
v -0.20213139 0.02982126 -0.79895222
v -0.12382467 0.09928624 -1.00079429
v -0.12673353 0.10404862 -0.98363054
v -0.13410637 0.08191189 -1.00166357
v -0.12581746 0.09795672 -1.01982784
v -0.13543251 0.07987885 -1.02153349
v -0.15701640 0.08736699 -1.14199328
v -0.14311370 0.10469142 -1.13120306
v -0.14517578 0.11392660 -1.14669394
v -0.15947056 0.09701686 -1.16006088
v -0.17732327 0.06452585 -1.28245926
v -0.17406420 0.06529675 -1.29960442
v -0.15557024 0.06440818 -0.70257086
v -0.14113367 0.02520372 -0.71612781
v -0.14365917 0.03272717 -0.67900187
v -0.15307403 0.06740459 -0.67408973
v -0.11939980 0.14915784 -0.66441917
v -0.11893399 0.15434127 -0.69561487
v -0.13993500 0.12938505 -0.66842318
v -0.08792469 0.16391930 -0.65953916
v -0.05001555 0.16546069 -0.65357518
v 0.01503133 0.12983154 -0.64303297
v 0.02751126 0.09681132 -0.64242482
v -0.00140186 0.01045597 -0.67492366
v 0.01653495 0.03279869 -0.67343885
v 0.00880048 0.03320362 -0.64784944
v -0.01129983 0.01068847 -0.65235668
v 0.04486337 0.03685819 -0.80857795
v 0.03917785 0.07216078 -0.82867360
v 0.03711854 0.07961284 -0.80692309
v 0.04119008 0.05135896 -0.78754312
v 0.08097431 -0.00900467 -0.96329212
v 0.08000585 0.00890292 -0.96654093
v 0.07488984 0.02720800 -0.94747484
v 0.07549030 0.02788752 -0.96967757
v 0.06588162 0.04861048 -0.97324586
v 0.07759534 0.01226497 -1.06250441
v 0.07037942 0.03502766 -1.06240797
v 0.07269840 0.03210831 -1.03986812
v 0.07965173 0.00983537 -1.03923655
v 0.07347193 0.01480062 -1.08622181
v 0.06712261 0.03761401 -1.08596730
v 0.05995556 0.01656855 -1.13030696
v 0.06132133 0.03847654 -1.13970506
v 0.05639193 0.03810821 -1.12567770
v 0.02834390 0.01171798 -1.27798569
v 0.03765049 0.00926678 -1.26324904
v -0.00861020 0.14859329 -0.84071708
v -0.11376266 -0.00293839 -0.70752382
v -0.08376174 -0.01275157 -0.69615263
v -0.09380621 -0.00849427 -0.67110068
v -0.12225561 0.00537227 -0.67747384
v -0.02045223 0.14838070 -0.89349246
v 0.00420575 0.12303629 -0.97610629
v 0.00418151 0.12483012 -0.95898205
v -0.00724168 0.12288126 -1.11071980
v -0.00099442 0.12362591 -1.12933147
v 0.08244286 0.04894835 -1.19656742
v 0.08424425 0.04969033 -1.18442070
v -0.11727643 0.15750001 -0.72727454
v 0.00497152 0.12326484 -0.58439016
v 0.01431007 0.09116492 -0.58438808
v 0.02148506 0.09484830 -0.61288416
v 0.01053599 0.12738800 -0.61343551
v -0.04658912 0.00094012 -0.63094419
v -0.02202069 0.01275271 -0.62686962
v -0.03322082 0.01609806 -0.59992087
v -0.05750032 0.00671678 -0.60346627
v -0.06595042 0.01288052 -0.57539457
v -0.04123630 0.02007275 -0.57136863
v -0.05064106 0.02196261 -0.54387510
v -0.07436891 0.01640529 -0.54930753
v -0.01357345 0.15237801 -0.64588916
v -0.05222871 0.15557155 -0.59318525
v -0.01985570 0.14598425 -0.58757877
v -0.01624462 0.14927694 -0.61573625
v -0.05126037 0.15939984 -0.62193298
v -0.15130816 0.10058720 -0.67020494
v -0.03592255 -0.00330689 -0.65645927
v -0.02459449 -0.00504052 -0.67800820
v -0.10773766 0.00998198 -0.61036533
v -0.13074820 0.02408315 -0.61309290
v -0.12709285 0.01486862 -0.64383978
v -0.10125223 0.00023414 -0.64051431
v -0.13686936 0.12841545 -0.61308789
v -0.11612491 0.14616364 -0.60812193
v -0.11722189 0.14843793 -0.63599497
v -0.13814244 0.12897083 -0.64001107
v -0.08625121 0.15507694 -0.60093290
v -0.08675165 0.15912057 -0.62924939
v -0.05470333 0.14889640 -0.53765482
v -0.02610735 0.13741675 -0.53222489
v -0.02300776 0.14213654 -0.55989778
v -0.05350573 0.15180799 -0.56542671
v -0.08719985 0.14941210 -0.54581696
v -0.08670966 0.15218478 -0.57361931
v -0.11553752 0.14446971 -0.58075148
v -0.11440752 0.14269295 -0.55335993
v -0.13391058 0.12649225 -0.55874562
v -0.13616298 0.12681797 -0.58522278
v -0.14917158 0.10445931 -0.58797264
v -0.14689277 0.10580479 -0.56196338
v -0.15255554 0.08004983 -0.58888781
v -0.14692830 0.05442379 -0.58798337
v -0.14621985 0.06045276 -0.56198287
v -0.15044697 0.08420749 -0.56334090
v -0.11864524 0.02430007 -0.55590862
v -0.13605094 0.03910644 -0.55937642
v -0.13363187 0.03242379 -0.58574569
v -0.11325563 0.01849104 -0.58214629
v -0.13664076 0.04691741 -0.45521802
v -0.14252508 0.06414028 -0.45867562
v -0.14145759 0.05802542 -0.48460466
v -0.13409390 0.04006097 -0.48158413
v -0.14935526 0.08054204 -0.46169287
v -0.15165210 0.09898525 -0.46205747
v -0.14815895 0.09434298 -0.48738140
v -0.14541416 0.07613118 -0.48650706
v -0.12899093 0.12781461 -0.48180538
v -0.14343415 0.11187328 -0.48600411
v -0.14597183 0.11630801 -0.46064359
v -0.13119328 0.13052292 -0.45596296
v -0.11411239 0.14288753 -0.45023274
v -0.11276892 0.14277028 -0.47559100
v -0.09172703 0.14320080 -0.44393969
v -0.09051639 0.14679819 -0.46877074
v -0.06387392 0.13732722 -0.46241945
v -0.06654540 0.13421728 -0.43861961
v -0.08589980 0.02937330 -0.44211406
v -0.10660998 0.02635763 -0.44788200
v -0.09988362 0.02104118 -0.47161585
v -0.07974684 0.02533465 -0.46683359
v -0.04298333 0.05686591 -0.45909619
v -0.02545171 0.07737922 -0.45716083
v -0.03592612 0.07655350 -0.43267518
v -0.05492906 0.05744623 -0.43514270
v -0.08811127 0.14734732 -0.51948947
v -0.05655578 0.14597893 -0.51088715
v -0.13145994 0.12491067 -0.53276390
v -0.11318788 0.14166076 -0.52693325
v -0.12400883 0.03038725 -0.53162140
v -0.13793680 0.04636014 -0.53493345
v -0.06047731 0.02299253 -0.51640940
v -0.08292340 0.01812127 -0.52275872
v -0.01238922 0.10913675 -0.50365508
v -0.02957730 0.13264768 -0.50554514
v -0.03310018 0.12877718 -0.48032296
v -0.01622934 0.10642562 -0.47843218
v -0.08952555 0.14821602 -0.49412525
v -0.11284611 0.14101826 -0.50102651
v -0.12957294 0.12489641 -0.50678664
v -0.14295846 0.10860851 -0.51094621
v -0.14679223 0.08976074 -0.51181406
v -0.14419395 0.07127151 -0.51143765
v -0.13968264 0.05222582 -0.51001239
v -0.12922153 0.03467476 -0.50637186
v -0.09173977 0.01899111 -0.49671930
v -0.07046498 0.02492282 -0.49138260
v -0.02135883 0.10482821 -0.45618087
v -0.03788884 0.12576991 -0.45807439
v -0.04491945 0.12495641 -0.43589145
v -0.03175623 0.10068430 -0.43319732
v -0.04241543 0.09908438 -0.41214913
v -0.04659526 0.07742388 -0.41159827
v -0.15337843 0.08438351 -0.43542266
v -0.15413915 0.10197509 -0.43573463
v -0.14821772 0.11926105 -0.43431139
v -0.11730443 0.14467119 -0.42639637
v -0.09142818 0.14133926 -0.41853774
v -0.06817870 0.13214806 -0.41281033
v -0.05078369 0.12037633 -0.41321665
v -0.11407764 0.03954671 -0.39574164
v -0.10951577 0.03519098 -0.42199594
v -0.09084503 0.03653844 -0.41779703
v -0.09543511 0.04182427 -0.39153290
v -0.14468139 0.05314027 -0.40220594
v -0.15689011 0.06771776 -0.40595299
v -0.14530942 0.06829525 -0.43283981
v -0.13633277 0.05396415 -0.42922187
v -0.16314639 0.08748823 -0.40890700
v -0.16217217 0.10647265 -0.40864301
v -0.15593070 0.12452092 -0.40768635
v -0.13624552 0.13480356 -0.43168432
v -0.14186668 0.13962075 -0.40497911
v -0.11901890 0.14480102 -0.39860970
v -0.08824062 0.14295165 -0.39102215
v -0.06914364 0.12781711 -0.35621327
v -0.06648054 0.12459756 -0.38497508
v -0.08971566 0.14599869 -0.36270255
v -0.07839955 0.09972919 -0.26114035
v -0.08296589 0.12318299 -0.26349318
v -0.08897087 0.11744308 -0.23008668
v -0.08419098 0.09678698 -0.22720349
v -0.09981589 0.04366596 -0.36432356
v -0.12106273 0.03873517 -0.36720389
v -0.15424709 0.05117959 -0.37378711
v -0.16703156 0.06818149 -0.37704033
v -0.12612498 0.15408634 -0.34014773
v -0.12065005 0.15108129 -0.37025827
v -0.14619035 0.14345524 -0.37578917
v -0.15205477 0.14564684 -0.34521544
v -0.11145104 0.03806767 -0.26908213
v -0.13186027 0.03311487 -0.27095109
v -0.12972109 0.03305680 -0.30458385
v -0.10747908 0.03745657 -0.30118048
v -0.16004980 0.04725596 -0.34181702
v -0.16405746 0.04649263 -0.31022501
v -0.17736261 0.06097739 -0.31157446
v -0.17366140 0.06424742 -0.34608150
v -0.13260248 0.14595027 -0.27258086
v -0.13049622 0.15280540 -0.30759931
v -0.15587351 0.14500460 -0.31165951
v -0.15683329 0.13932352 -0.27609169
v -0.09587817 0.15011381 -0.33358437
v -0.10133113 0.14803687 -0.30255556
v -0.07846865 0.12777758 -0.29599726
v -0.07256608 0.12855150 -0.32702315
v -0.07235022 0.10212066 -0.29409581
v -0.06753625 0.10381898 -0.32613254
v -0.13372968 0.04403911 -0.19857287
v -0.13283917 0.03798196 -0.23477089
v -0.11400926 0.04258947 -0.23297036
v -0.11716236 0.04806175 -0.19491684
v -0.17767732 0.06212809 -0.27687699
v -0.16545722 0.04603229 -0.27461350
v -0.16289760 0.04954818 -0.23781598
v -0.17408615 0.06431387 -0.24005318
v -0.13465463 0.13122264 -0.19855821
v -0.13405401 0.13959481 -0.23655236
v -0.15610081 0.13310206 -0.23850644
v -0.15489799 0.12482496 -0.20043755
v -0.09520228 0.11266356 -0.19325733
v -0.10741998 0.13512437 -0.23356318
v -0.11214919 0.12799950 -0.19572282
v -0.09756272 0.10570618 -0.15727317
v -0.09255340 0.08848898 -0.15531731
v -0.08974592 0.09290936 -0.19131327
v -0.11921541 0.05230805 -0.15976512
v -0.13380417 0.04734862 -0.16237402
v -0.16639252 0.06515108 -0.16642618
v -0.16972932 0.06694707 -0.20368135
v -0.15936783 0.05323341 -0.20146561
v -0.15629849 0.05332983 -0.16419899
v -0.17426811 0.09926674 -0.20153022
v -0.17494906 0.08292675 -0.20370567
v -0.17103760 0.08019660 -0.16741550
v -0.17009652 0.09515667 -0.16622305
v -0.15210178 0.11588141 -0.16622102
v -0.16748230 0.11427820 -0.20107591
v -0.16357790 0.10638230 -0.16582429
v -0.13362390 0.12304228 -0.16440475
v -0.11287533 0.12068685 -0.16065335
v -0.08915104 -0.01355936 -0.73059022
v -0.05885358 -0.01548875 -0.71911377
v -0.07115936 -0.01362540 -0.71128643
v -0.10098525 -0.00663675 -0.72561598
v 0.00031048 0.03457031 -0.62130213
v -0.00949547 0.03541487 -0.59237128
v -0.02850382 0.03695012 -0.53790754
v -0.01821276 0.03655175 -0.56485856
v -0.03976822 0.03703851 -0.51295465
v -0.05066306 0.03793458 -0.48797709
v -0.06070985 0.03771371 -0.46297818
v -0.06982506 0.04069233 -0.43839210
v -0.07503858 0.04700791 -0.41262990
v -0.07737730 0.05202066 -0.38676578
v -0.08553527 0.05459797 -0.33086944
v -0.10395698 0.04134470 -0.33422142
v -0.08144256 0.05555996 -0.36050087
v -0.09227975 0.05272748 -0.26617157
v -0.08879326 0.05311183 -0.29974407
v -0.09718484 0.05570738 -0.22919643
v -0.10282150 0.05884304 -0.19127202
v -0.10613348 0.06206470 -0.15716112
v 0.03647977 0.06495177 -0.72453433
v 0.02768065 0.03639604 -0.71692318
v 0.03076306 0.03742424 -0.73486656
v 0.03752019 0.06359351 -0.74698746
v -0.02123122 -0.01233058 -0.73171252
v -0.03649329 -0.01558472 -0.73335141
v -0.03329165 -0.01617480 -0.73615974
v -0.01941857 -0.01325533 -0.73507023
v -0.06001402 0.14298025 -0.48662943
v -0.14390306 0.10792348 -0.53689331
v -0.14760049 0.08794393 -0.53776890
v -0.14463274 0.06673557 -0.53692085
v -0.02036984 0.05744331 -0.50703484
v -0.00910549 0.08118795 -0.50482851
v -0.01619730 0.07798558 -0.47974414
v -0.02934385 0.05687355 -0.48199624
v -0.06386465 0.09870862 -0.35096604
v -0.07331653 0.07620429 -0.32767200
v -0.06840727 0.07503140 -0.35534060
v -0.05917307 0.09860943 -0.37472129
v -0.17167783 0.11018102 -0.38015473
v -0.16349009 0.12885806 -0.37911123
v -0.18015979 0.11029452 -0.34922373
v -0.17232664 0.08734680 -0.37849617
v -0.18088564 0.08723399 -0.34805965
v -0.00082307 0.05967019 -0.55898875
v 0.00620481 0.08732373 -0.55642051
v -0.00220342 0.08362573 -0.53041834
v -0.01099549 0.05735239 -0.53304231
v -0.09836099 0.11807018 -1.04852366
v -0.11653367 0.10598462 -1.05368435
v 0.03897601 0.11345721 -1.15549183
v 0.02171761 0.11759249 -1.14356375
v 0.03218498 0.10403357 -1.13712692
v 0.04660546 0.10205076 -1.14865673
v 0.03188897 0.12248290 -1.16495955
v 0.01429843 0.12741391 -1.15328002
v 0.02432803 0.12938875 -1.17612100
v 0.00742871 0.13471463 -1.16477513
v -0.02070009 0.14650908 -1.21898985
v -0.02571425 0.14318973 -1.22546446
v 0.06771155 0.01646414 -1.10940564
v 0.06886142 -0.00771148 -1.10842252
v 0.06108266 -0.00688279 -1.12907183
v 0.07354915 0.02640339 -0.92579252
v 0.04933693 0.01091445 -0.80943477
v 0.05485385 0.01805152 -0.83575869
v 0.05059661 0.04391367 -0.84075820
v 0.01851628 -0.01745488 -0.75458479
v -0.16295661 0.06191947 -1.13056350
v -0.15914679 0.05939528 -1.10826361
v -0.16937479 0.04583466 -1.30911112
v -0.16935247 0.02465598 -1.30392373
v -0.16197261 0.04666687 -1.33717346
v -0.15768924 0.04611214 -1.34934449
v -0.15935510 0.02448905 -1.34380364
v -0.16263424 0.02510984 -1.33177412
v -0.13877767 0.02512042 -1.39041984
v -0.13180083 0.02218404 -1.40018773
v -0.03999848 -0.01496813 -0.72860032
v -0.06295540 -0.01693581 -0.73493624
v -0.05369122 -0.01716192 -0.73700416
v 0.00680956 0.01144639 -0.69461292
v -0.01477300 -0.00480277 -0.69519717
v -0.00740888 -0.00377551 -0.70807898
v 0.01265825 0.01291209 -0.71048349
v -0.03407829 0.16506799 -0.75237691
v -0.07228002 0.17063373 -0.75973493
v -0.16067579 0.06869629 -0.72276479
v -0.08866525 0.15107332 -1.09807277
v -0.09680456 0.16222154 -1.09998381
v -0.09944171 0.15523165 -1.12149298
v -0.09038801 0.14518160 -1.11971498
v -0.17850259 0.06975589 -1.20651603
v -0.17161588 0.07574626 -1.17907250
v -0.05260925 0.07999561 -1.38002336
v -0.04762472 0.15457489 -1.37099779
v -0.02419245 0.14498778 -1.35854816
v -0.02882113 0.13613641 -1.36275125
v -0.05229000 0.14450131 -1.37558329
v -0.12757973 0.15908435 -1.32405710
v -0.11485600 0.16041775 -1.34087026
v -0.12361628 0.14958270 -1.34404373
v -0.13623764 0.14722304 -1.32595563
v -0.20507118 0.03494640 -0.86498439
v -0.20185918 0.06512205 -0.86400819
v -0.14845775 0.03700721 -1.04712808
v -0.14547196 0.05733345 -1.04407835
v -0.15029967 0.05652034 -1.06444335
v -0.15351640 0.03692148 -1.06822693
v -0.16766116 0.09926056 -1.19152248
v -0.15608554 0.11225726 -1.17446434
v 0.06370074 0.00220046 -1.21750844
v 0.06700645 0.01897932 -1.22070301
v 0.07482591 0.01791512 -1.20359778
v 0.06959803 0.00178097 -1.19770992
v -0.11180240 0.17487186 -1.16165459
v -0.11435571 0.16146477 -1.17718863
v -0.10918142 0.14926919 -1.16753101
v -0.10869136 0.15811428 -1.14865315
v -0.11317720 0.16026400 -0.76445901
v -0.14620696 0.13573712 -0.74874872
v -0.08260819 0.13128942 -1.07900047
v -0.10634397 0.12262749 -1.08337033
v -0.10233170 0.11835632 -1.06517553
v -0.07941353 0.12775803 -1.06070817
v -0.08146716 0.13986664 -1.12607193
v -0.08272056 0.13622600 -1.11217737
v -0.08192732 0.14609541 -1.13896728
v -0.08974026 0.15003261 -1.21617734
v -0.09203726 0.13939653 -1.21636617
v -0.09945318 0.15291412 -1.21883047
v 0.02325216 0.03485032 -0.69659734
v 0.03612575 0.02712694 -0.76531219
v 0.03900771 0.01685584 -0.77802169
v -0.04840926 -0.01707703 -0.74020839
v -0.04889436 0.05338268 -1.39728999
v -0.03549290 0.04442042 -1.39147329
v -0.07237919 0.13137580 -1.19736314
v -0.07589594 0.12924619 -1.17972541
v -0.05998503 0.14730223 -1.21273470
v -0.07561728 0.15011515 -1.20964396
v -0.07363569 0.15526563 -1.20385170
v -0.05679647 0.15201171 -1.20634866
v -0.08929106 0.15268204 -1.20940828
v -0.08844189 0.15752314 -1.20430732
v 0.02071121 0.10753983 -1.28284657
v 0.01033535 0.11140566 -1.30026734
v 0.01097250 0.12157106 -1.29422653
v 0.02007331 0.11790919 -1.27737451
v 0.02175912 0.09575838 -1.28535581
v 0.02331163 0.08171825 -1.28667998
v 0.01074768 0.08556423 -1.30510664
v 0.01006675 0.09965649 -1.30374634
v -0.01724448 0.05264737 -1.35269690
v -0.03051086 0.07227861 -1.36076450
v -0.01012377 0.03168479 -1.34569001
v -0.00642234 0.01337885 -1.34080720
v -0.14493440 0.02926966 -1.37950456
v -0.15131000 0.02481928 -1.36656177
v -0.14745609 0.04416870 -1.37057412
v -0.13922437 0.05031084 -1.38171077
v -0.02862499 0.03609391 -1.37956274
v -0.02217478 0.02317343 -1.37297702
v -0.01757858 0.01057348 -1.35998797
v -0.02739217 0.20208484 -1.16350722
v -0.02650217 0.20474988 -1.14077663
v -0.07987562 0.06103813 -1.41019285
v -0.06373841 0.05934024 -1.40405643
v -0.04277750 0.21185914 -1.16511941
v -0.04160970 0.21446967 -1.14170611
v -0.03242197 0.12560727 -1.36473298
v -0.01349914 0.12676774 -1.34201694
v -0.01582097 0.11566646 -1.34358680
v -0.02503647 0.03276431 -1.38776326
v -0.01977459 0.02073937 -1.38145971
v -0.05771157 0.16729882 -0.79338765
v -0.02356568 0.16235648 -0.78643221
v -0.00235140 0.12204795 -1.03038549
v -0.02577768 0.13063133 -1.03514993
v 0.07901496 -0.01060501 -1.06173921
v 0.08129148 -0.01317841 -1.03834188
v -0.01496416 -0.00616618 -1.38402462
v 0.08077645 0.00782830 -0.99046785
v 0.08064474 -0.01469245 -0.98658538
v 0.08126128 -0.01428658 -1.01343322
v 0.08043897 0.00817259 -1.01527834
v 0.07975543 -0.02480823 -0.94960099
v 0.07936046 -0.02317428 -0.96157062
v 0.04528877 -0.02252682 -0.79386836
v 0.04576456 -0.00878635 -0.79344231
v -0.00374220 0.16421905 -1.23478007
v -0.01000861 0.17932539 -1.24602473
v -0.01145100 0.18103448 -1.22594714
v -0.00498314 0.16506918 -1.21669352
v 0.07528816 0.02859251 -0.99337876
v 0.06395568 0.04962046 -0.99591428
v -0.01675795 0.14700280 -1.21111107
v 0.00056935 0.14377350 -1.21908545
v 0.06166942 -0.00769341 -1.14726102
v 0.07685710 0.03468295 -1.20742488
v 0.06869830 0.03595519 -1.22293794
v 0.06802663 0.05225496 -1.22425425
v 0.07656638 0.05027209 -1.21019995
v -0.05750405 -0.01676798 -0.74106467
v -0.11284007 0.19048157 -1.24486995
v -0.10886207 0.19373326 -1.23275924
v -0.10267881 0.19898862 -1.24079442
v -0.10675064 0.19613571 -1.25368881
v -0.04141909 -0.01257747 -0.70028627
v -0.05256066 -0.01165271 -0.68509221
v -0.12399735 0.00100385 -0.73379546
v -0.11002450 -0.01068955 -0.74020475
v 0.02371252 0.06346288 -0.64395118
v 0.03004749 0.06486739 -0.67250848
v 0.01593121 0.06081545 -0.61644495
v 0.00780819 0.06035393 -0.58746082
v -0.06195303 0.06377357 -0.41189772
v -0.06208863 0.07347587 -0.38393354
v -0.07881692 0.07603910 -0.29613388
v -0.08380432 0.07552230 -0.26311290
v -0.08932900 0.07516690 -0.22766852
v -0.09438944 0.07407939 -0.18977046
v -0.09651239 0.07370739 -0.15467608
v -0.05842112 0.21832828 -1.13874280
v -0.06205858 0.21698958 -1.16395223
v -0.07963531 0.21261308 -1.15659714
v -0.07378894 0.21585418 -1.13225234
v -0.06538492 0.13044088 -1.14281392
v -0.04986304 0.13089441 -1.14810026
v -0.05013649 0.13401803 -1.12730539
v -0.06527842 0.13451716 -1.12327516
v -0.06526370 0.13870886 -1.10251689
v -0.07810313 0.14369933 -1.09992778
v -0.07885973 0.13826412 -1.12079203
v -0.10115689 0.17569254 -1.10513353
v -0.10069513 0.18870874 -1.11192477
v -0.10559826 0.18259038 -1.13528764
v -0.10515442 0.16705869 -1.12671769
v -0.08672060 0.20880473 -1.12535000
v -0.09257126 0.20392983 -1.14806485
v -0.10122402 0.19351608 -1.14127183
v -0.09608902 0.19936427 -1.11857462
v -0.02222500 0.14734074 -1.11531866
v -0.03524026 0.13946310 -1.10971224
v -0.03466235 0.13757256 -1.13298464
v -0.02161026 0.14470725 -1.13878155
v -0.02271216 0.19601029 -1.25634527
v -0.02437239 0.19696437 -1.23364353
v -0.01522762 0.14126459 -1.24128604
v -0.00189456 0.14225928 -1.25129688
v -0.00557870 0.14021233 -1.24368107
v -0.02144130 0.13350847 -1.23809886
v -0.01479444 0.18523176 -1.18405282
v -0.01298076 0.18263958 -1.20621407
v -0.02565915 0.19723667 -1.21051455
v -0.02675349 0.19882499 -1.18667126
v -0.02098769 0.14081943 -1.16122055
v -0.03438953 0.13409191 -1.15451682
v -0.03299227 0.13094665 -1.17673218
v -0.01860090 0.13714401 -1.18291306
v -0.10116692 0.14721870 -1.14187741
v -0.10081297 0.14036529 -1.16191900
v -0.00323763 0.14876698 -1.22429025
v -0.00612876 0.14840847 -1.20743823
v 0.00421264 0.14157182 -1.20984566
v -0.05075772 0.15463643 -1.19052482
v -0.05366174 0.15424575 -1.19916952
v 0.05760526 0.10211422 -1.16268420
v 0.06156448 0.10337347 -1.17686296
v -0.01397149 0.14065795 -1.15659893
v -0.02040423 0.14559066 -1.17054760
v 0.05072413 0.11078232 -1.16774964
v 0.05544750 0.10899718 -1.17701566
v 0.05349838 0.05825082 -1.10570502
v -0.01343506 0.01185234 -1.35112953
v -0.00693567 0.16576919 -1.19798112
v -0.00932298 0.14969473 -1.19023561
v -0.11194870 0.14626114 -1.20335364
v -0.10520959 0.14035571 -1.19966638
v -0.10799567 0.14360537 -1.18523383
v -0.11397016 0.15276606 -1.19102001
v -0.15431857 0.13029569 -1.21400714
v -0.16115536 0.11734987 -1.20191646
v -0.14989141 0.12685847 -1.18735576
v -0.14404571 0.13738863 -1.20092022
v -0.08726877 0.20702460 -1.24796963
v -0.07612424 0.20999542 -1.24642587
v -0.07744321 0.20796445 -1.26647115
v -0.08976941 0.20473208 -1.26409566
v -0.06132181 0.21162730 -1.24252760
v -0.04252128 0.20819898 -1.23818219
v -0.04142897 0.20736369 -1.26268673
v -0.06138738 0.20972334 -1.26648211
v -0.09951529 0.15741521 -0.83112931
v -0.07202110 0.16158210 -0.82824731
v 0.02364560 0.10913215 -0.95079827
v 0.03981515 0.09030434 -0.94327462
v 0.04311940 0.07408936 -0.85243553
v 0.01895102 0.01235688 -0.73613352
v -0.00345682 -0.00486170 -0.72650057
v -0.06393556 -0.00908753 -0.66304666
v -0.04286326 0.16324674 -0.82386094
v -0.07335619 -0.00274262 -0.63598984
v -0.08212783 0.00508814 -0.60693425
v -0.14697494 0.04803369 -0.61493850
v -0.15358096 0.07586791 -0.61536813
v -0.15381233 0.07153833 -0.64377248
v -0.14603661 0.04075258 -0.64528477
v -0.14990461 0.10369788 -0.61488932
v -0.15076604 0.10209198 -0.64182121
v -0.00752081 0.11356895 -0.53028178
v -0.18489012 0.08483903 -0.31502074
v -0.18345970 0.10364857 -0.27808869
v -0.18427704 0.10878085 -0.31617898
v -0.18415754 0.08214438 -0.27788252
v -0.17410377 0.12956192 -0.31502956
v -0.17062317 0.13000889 -0.34860158
v -0.10392833 0.14115085 -0.26853484
v -0.18024914 0.08317079 -0.24105930
v -0.17927101 0.10258664 -0.24079013
v -0.17085750 0.12018880 -0.24023879
v -0.17377082 0.12464463 -0.27793390
v -0.03178841 -0.01254966 -0.71064389
v 0.00012054 0.14851868 -0.74580073
v 0.00605786 0.14683613 -0.77783155
v 0.03668674 0.08684740 -0.78339827
v 0.03865268 0.05928514 -0.76751697
v 0.04726540 0.07115500 -1.01906514
v 0.03369463 0.09128796 -1.02158046
v 0.02961911 0.09212092 -1.06425273
v 0.01321882 0.10885911 -1.06692362
v 0.01509289 0.10831771 -1.04584002
v 0.03126853 0.09116416 -1.04220581
v -0.03088204 0.13134587 -1.07285655
v -0.05704218 0.13426051 -1.07572258
v -0.05434224 0.13203239 -1.05706859
v -0.02877661 0.12981468 -1.05360770
v -0.05122016 0.13273104 -1.03995109
v -0.07588218 0.12840523 -1.04418540
v -0.14671238 0.07569423 -1.08129656
v -0.13541214 0.09196977 -1.07600057
v -0.13983345 0.09467217 -1.09618521
v -0.15074936 0.07780232 -1.10257220
v 0.04375653 0.00257464 -0.78777021
v -0.02225307 -0.01174139 -0.72539437
v 0.03424822 0.06546906 -0.70018500
v 0.03718155 0.09745898 -0.73242944
v 0.02464115 0.12764041 -0.73942649
v -0.05892690 0.13053058 -1.20219958
v -0.12924728 0.15662256 -1.22140789
v -0.13526680 0.15561141 -1.23101938
v -0.06249721 0.21287115 -1.21943891
v -0.04345015 0.20866895 -1.21533597
v -0.01461597 0.13577011 -1.20191705
v -0.00919209 0.17855896 -1.26517761
v -0.00268034 0.16338372 -1.25217903
v -0.00096992 0.16219896 -1.26935697
v 0.02916223 0.10314706 -0.84337705
v 0.01291030 0.13282834 -0.83245015
v 0.02729652 0.10684878 -0.82068557
v -0.09511489 -0.01435998 -0.74159420
v 0.03318990 0.03660834 -0.75114810
v -0.08975919 0.01184551 -0.57931089
v -0.09721921 0.01694334 -0.55267745
v -0.10465144 0.02042779 -0.52752799
v -0.11229689 0.02304104 -0.50190884
v -0.11922388 0.02660268 -0.47673786
v -0.12458779 0.03342173 -0.45195329
v -0.12536214 0.04113623 -0.42648208
v -0.13102935 0.04354457 -0.39931852
v -0.12602125 0.03572751 -0.33665454
v -0.14419301 0.03844354 -0.33931905
v -0.13861164 0.04136495 -0.37033266
v -0.14798635 0.03706115 -0.30772561
v -0.14908238 0.03603866 -0.27259701
v -0.14855404 0.04067572 -0.23635793
v -0.14573970 0.04832377 -0.16382706
v -0.14735994 0.04644557 -0.20007825
v -0.06972484 -0.01568263 -0.74301678
v -0.08147220 -0.01558730 -0.74251783
v -0.01853644 0.10121637 -1.34441805
v -0.03910475 0.14881332 -1.21226156
v -0.04367878 0.14418718 -1.21844351
v -0.01113687 0.13565631 -1.21807098
v -0.09883296 0.19835061 -1.16933882
v -0.08640247 0.20909263 -1.17823386
v -0.03069459 0.12911989 -1.19749022
v -0.03768313 0.13033721 -1.23351157
v -0.03104126 0.13957499 -1.23346353
v -0.00542050 0.21519415 -0.94584525
v -0.01729006 0.22302337 -0.94452691
v -0.01144286 0.21733917 -0.92505223
v -0.00103989 0.20899315 -0.92643654
v 0.00162536 0.20265657 -0.94668305
v 0.00449506 0.19694185 -0.92781901
v -0.03176609 0.14993480 -0.93913949
v -0.01867380 0.15530327 -0.94318414
v -0.01799069 0.15495685 -0.92287987
v -0.03082419 0.15078329 -0.91881055
v 0.00764816 0.17971723 -0.90981233
v 0.00255625 0.16899689 -0.90916944
v 0.00142801 0.17210488 -0.92823756
v 0.00567682 0.18430293 -0.92840874
v -0.05902441 0.15914726 -0.93281317
v -0.06672646 0.17093414 -0.93274403
v -0.07020153 0.16772136 -0.95124954
v -0.06104295 0.15609573 -0.95199037
v -0.02970096 0.15527014 -1.01962543
v -0.04146402 0.14831235 -1.01395702
v -0.03875700 0.14878289 -1.02862370
v -0.02869945 0.15748887 -1.03470767
v -0.01564770 0.22711450 -0.98668289
v -0.03006422 0.23212741 -0.98574615
v -0.02343142 0.22802944 -0.96499896
v -0.01026007 0.22123154 -0.96600759
v -0.00367002 0.18345374 -0.98744267
v -0.00995995 0.16883391 -0.98640609
v -0.01299911 0.17375888 -1.00797415
v -0.00756719 0.18949275 -1.00878823
v -0.02184782 0.23273352 -1.00641704
v -0.03709746 0.23456055 -1.00665152
v 0.00066622 0.17553167 -0.94753128
v -0.00768695 0.16393800 -0.94629884
v -0.00820695 0.16586423 -0.96657777
v -0.00058993 0.17917056 -0.96757567
v -0.05099444 0.16454834 -0.89601439
v -0.05605636 0.17593667 -0.89608657
v -0.06192501 0.17394447 -0.91418672
v -0.05550740 0.16223019 -0.91430742
v -0.00617904 0.16102366 -0.90693241
v -0.01692159 0.15531419 -0.90377319
v -0.00719094 0.16264144 -0.92650205
v -0.03063590 0.21614237 -0.90239292
v -0.01783748 0.21621257 -0.90455741
v -0.02493975 0.22084951 -0.92385137
v -0.03878257 0.21945745 -0.92174506
v -0.03161558 0.15052399 -0.97993171
v -0.01931962 0.15786999 -0.98422986
v -0.01890999 0.15595180 -0.96346664
v -0.03200937 0.14958368 -0.95870101
v -0.00561792 0.21512224 -0.98812550
v -0.00179436 0.20861392 -0.96752143
v -0.04642088 0.22170301 -0.94084483
v -0.03172590 0.22506788 -0.94313729
v -0.03865976 0.22809644 -0.96366507
v -0.05373551 0.22268240 -0.96092367
v -0.07089023 0.21052286 -0.97740555
v -0.07506084 0.19494037 -0.97507203
v -0.07045494 0.19760142 -0.95603818
v -0.06472461 0.21208179 -0.95832098
v -0.03068381 0.15285908 -1.00087965
v -0.04448104 0.14806771 -0.99551302
v -0.06150430 0.15318127 -0.97134674
v -0.07219973 0.16429640 -0.97043037
v -0.07250144 0.16073157 -0.98929918
v -0.06028096 0.15025215 -0.99039018
v -0.01815289 0.21389554 -1.04729414
v -0.02546672 0.22721246 -1.04633582
v -0.01833890 0.22679938 -1.02870131
v -0.01251961 0.21250039 -1.03107607
v -0.03088220 0.23524721 -1.02862489
v -0.03813881 0.23568214 -1.04638660
v -0.05882045 0.22933784 -1.06807494
v -0.06890070 0.22253096 -1.06441307
v -0.06675796 0.22385511 -1.05319226
v -0.05725660 0.23259751 -1.05661070
v -0.08245021 0.20428729 -1.01350307
v -0.08245364 0.18685202 -1.01199865
v -0.07897441 0.19118392 -0.99396843
v -0.07683592 0.20830435 -0.99600017
v -0.07954895 0.16649513 -1.02360463
v -0.07001011 0.15387911 -1.02055430
v -0.07174259 0.15698063 -1.00678301
v -0.07979001 0.17083929 -1.00914693
v -0.07787120 0.15262929 -1.06303918
v -0.06570698 0.14435613 -1.06276250
v -0.06583142 0.14576620 -1.05090034
v -0.07731837 0.15541945 -1.05125523
v -0.03687117 0.14480668 -1.07049859
v -0.02512254 0.15336040 -1.07553780
v -0.02588631 0.15574753 -1.06454539
v -0.03691151 0.14620613 -1.05875528
v -0.02380358 0.21043904 -1.09557903
v -0.03712353 0.22039628 -1.09734905
v -0.03431661 0.22244349 -1.08389354
v -0.02224469 0.21157458 -1.08267391
v -0.08637759 0.20081958 -1.02775407
v -0.08458424 0.18216884 -1.02875638
v -0.03713985 0.14742041 -1.04885435
v -0.02661222 0.15642937 -1.05515981
v -0.02705243 0.15781926 -1.04636490
v -0.03730510 0.14877494 -1.04041517
v -0.01970717 0.18322416 -1.06555688
v -0.01816520 0.19724160 -1.06850481
v -0.01934722 0.19835897 -1.05888832
v -0.02197239 0.18365377 -1.05660355
v -0.02209148 0.21234050 -1.07166314
v -0.03163014 0.22466776 -1.07239568
v -0.03006247 0.22606866 -1.06058669
v -0.02104579 0.21358299 -1.06036603
v -0.08396977 0.20663036 -1.04847848
v -0.09007445 0.19699264 -1.04456544
v -0.08862367 0.19972286 -1.03702152
v -0.08232163 0.20958175 -1.04116821
v -0.07793714 0.16272876 -1.03372359
v -0.06740300 0.15133628 -1.03159559
v -0.02138175 0.18493268 -1.04349196
v -0.02289002 0.16916211 -1.03946376
v -0.02298421 0.17000291 -1.05106401
v -0.04345776 0.23277731 -1.05958819
v -0.08691564 0.16291270 -1.06414223
v -0.09385596 0.17400354 -1.06612706
v -0.09498611 0.16948953 -1.08015406
v -0.08773413 0.15834230 -1.07766843
v -0.07786138 0.14868411 -1.07713521
v -0.06552783 0.14189723 -1.07854438
v -0.03579644 0.14322065 -1.08745527
v -0.02356617 0.15046646 -1.09249032
v -0.01513930 0.16337797 -1.09895766
v -0.01219123 0.17923954 -1.10646892
v -0.01476507 0.18300739 -1.08832598
v -0.01775589 0.16679743 -1.08167565
v -0.03956994 0.21693280 -1.11746490
v -0.02524746 0.20733394 -1.11662710
v -0.05484724 0.22043385 -1.11444318
v -0.05092681 0.22370429 -1.09604084
v -0.05130502 0.14417970 -1.04421747
v -0.05101905 0.14270313 -1.05375266
v -0.05820140 0.21246639 -0.93874705
v -0.06488201 0.19924201 -0.93648815
v -0.05815998 0.20009883 -0.91738927
v -0.05073158 0.21185125 -0.91963494
v -0.05560734 0.18811066 -0.89714611
v -0.06250148 0.18702002 -0.91552186
v 0.00383604 0.18887310 -0.94724429
v 0.00150416 0.19377831 -0.96682900
v 0.00781981 0.19166026 -0.90941989
v -0.01846444 0.19909954 -1.04577112
v -0.01384300 0.19552007 -1.02998686
v -0.07731003 0.21349625 -1.06083131
v -0.07151811 0.22003606 -1.07517827
v -0.08112861 0.21227799 -1.07065320
v -0.07315144 0.21812603 -1.01711380
v -0.05773641 0.22735676 -1.02211761
v -0.06526554 0.22226310 -1.03910041
v -0.07872257 0.21355356 -1.03156710
v -0.09146808 0.19412364 -1.05174220
v -0.08597052 0.20485477 -1.05640006
v -0.08888735 0.20262380 -1.06558621
v -0.09356178 0.19076853 -1.06029713
v -0.01729064 0.19694044 -1.07971239
v -0.01678656 0.19659659 -1.09227955
v -0.07511030 0.21698011 -1.08770037
v -0.06390043 0.22189966 -1.09207153
v -0.06867073 0.21847239 -1.10831118
v -0.08079781 0.21318588 -1.10324883
v -0.06060525 0.22574817 -1.07991862
v -0.08525845 0.20966563 -1.08270323
v -0.09033941 0.20552312 -1.09774244
v -0.01571741 0.19445808 -1.11278605
v -0.09583837 0.18686378 -1.07106519
v -0.09237367 0.19953188 -1.07700491
v -0.09639588 0.19497211 -1.09151697
v -0.09828465 0.18218251 -1.08527005
v -0.06821963 0.18501806 -0.93434900
v -0.07274507 0.18234032 -0.95313549
v -0.05472075 0.14652649 -1.02233827
v -0.05801454 0.14801250 -1.00852764
v -0.05215183 0.14561182 -1.03433919
v -0.04647910 0.15085781 -0.93484235
v -0.04451787 0.15317746 -0.91567612
v -0.04657443 0.14801501 -0.97495210
v -0.04714915 0.14922279 -0.95492518
v -0.06031063 0.22242476 -0.98025388
v -0.08472943 0.17075717 -1.04514587
v -0.07684439 0.15951332 -1.04263556
v -0.08428608 0.17488214 -1.03799307
v -0.05039696 0.14005299 -1.08320189
v -0.05084507 0.14203936 -1.06633699
v -0.08882426 0.18912005 -1.03617764
v -0.05008009 0.13669127 -1.10485303
v -0.05260668 0.23424661 -1.04345119
v -0.04530029 0.23043086 -1.07141960
v -0.04780358 0.22695304 -1.08341348
v -0.00570894 0.21168548 -0.90631485
v -0.00173939 0.19933404 -0.98742062
v -0.01750138 0.17987263 -1.02836621
v -0.02201773 0.16605122 -1.02492654
v -0.09105529 0.18164402 -1.04784107
v -0.09239486 0.17778808 -1.05551600
v -0.08546948 0.16669290 -1.05316520
v -0.01789359 0.18361731 -1.07525194
v -0.01991074 0.16838734 -1.06952775
v -0.04146696 0.15571873 -0.89744020
v -0.02136341 0.16905665 -1.06017184
v -0.04472614 0.23506770 -1.02528274
v -0.16612191 0.02506260 -1.31860030
v -0.00775317 0.13404854 -1.14371729
v 0.03117127 0.08967335 -1.12304389
v 0.01823932 0.10629991 -1.12478042
v -0.03079251 0.14958943 -1.19523656
v -0.03458128 0.14971842 -1.20470536
v -0.04721526 0.13904227 -1.22513902
v -0.05221719 0.13080780 -1.22617340
v 0.00013631 0.13999899 -1.17728865
v 0.07855286 -0.02444212 -0.97432441
v -0.15080023 0.04660601 -0.98284805
v -0.15426224 0.02187120 -0.98303717
v -0.16315036 0.02616406 -0.96648967
v -0.15785666 0.05183609 -0.96523726
v -0.17242429 0.02991846 -0.94849813
v -0.10198747 0.15317996 -0.91093618
v -0.09881978 0.14888279 -0.93211550
v -0.12335798 0.13778865 -0.93178219
v -0.12805733 0.14192285 -0.90920126
v -0.07129888 0.14966397 -0.94710946
v -0.09664977 0.14283344 -0.95042408
v -0.07157622 0.15445897 -0.92996013
v -0.04417566 0.15339842 -0.92396724
v -0.04413383 0.14938882 -0.94160557
v -0.01889162 0.14605255 -0.91446984
v -0.01859880 0.14227794 -0.93356121
v 0.00307255 0.13401128 -0.90418601
v 0.02148186 0.11634057 -0.89411378
v 0.03270084 0.09955594 -0.86575460
v 0.04700079 0.07318802 -0.87623334
v 0.03561861 0.09662832 -0.88546187
v 0.06145802 0.02381913 -0.86205435
v 0.05563832 0.04814308 -0.86786890
v 0.06403364 -0.01974899 -0.85635525
v 0.06408602 0.00112848 -0.85830557
v -0.00312072 0.09177718 -1.32398629
v -0.11004937 0.10989007 -1.38311470
v -0.08642779 0.11666922 -1.38634634
v -0.11025640 0.09582084 -1.38854265
v -0.14702439 0.13134862 -1.32701111
v -0.13553691 0.13500440 -1.34580207
v -0.14973232 0.11381999 -1.34205031
v -0.15833136 0.11080786 -1.32508850
v -0.12639022 0.08637359 -1.38259339
v -0.12601809 0.07920577 -1.38535070
v -0.12871212 0.09847903 -1.37704754
v -0.15006086 0.06243415 -1.36533344
v -0.14213590 0.08299617 -1.37075353
v -0.07450612 0.16024700 -1.37007344
v -0.09767946 0.16132504 -1.35787332
v -0.09101003 0.17059787 -1.35315442
v -0.06764741 0.17120257 -1.36441076
v -0.13673700 0.15672280 -1.30766022
v -0.14334525 0.15349168 -1.29190254
v -0.13662937 0.16406450 -1.29119813
v -0.13015734 0.16656421 -1.30632854
v -0.04749082 0.19557668 -1.32481587
v -0.07011339 0.19541216 -1.32366443
v -0.06596106 0.20176624 -1.30704892
v -0.04453449 0.20108172 -1.30581582
v -0.12028477 0.16806769 -1.32224822
v -0.17512922 0.09125670 -1.21195805
v -0.16154660 0.12435735 -1.22776532
v -0.16868542 0.10984709 -1.21880567
v -0.13953920 0.15496299 -1.24123096
v -0.14564447 0.14794689 -1.23891342
v -0.14067325 0.14956905 -1.22696674
v -0.12791754 0.16335964 -1.24333751
v -0.13333961 0.16083516 -1.24252725
v 0.00190920 0.14991261 -1.25586939
v 0.00483943 0.14919326 -1.26805174
v 0.00024766 0.15972953 -1.28645575
v -0.11567159 0.15749219 -1.23337364
v -0.11383446 0.15309866 -1.23115146
v -0.11619689 0.15797929 -1.23542047
v -0.11816397 0.16055194 -1.23827267
v -0.08008699 0.14969157 -1.37445760
v -0.08749516 0.19248937 -1.31640625
v -0.10090898 0.18914676 -1.30560088
v -0.09648743 0.19541009 -1.29306817
v -0.08269423 0.19904859 -1.30293834
v -0.11184177 0.18654746 -1.29529619
v -0.11953259 0.18344732 -1.28452921
v -0.11445516 0.18859594 -1.27732790
v -0.10672884 0.19176841 -1.28555751
v -0.11803354 0.16377483 -1.24008095
v -0.12041460 0.16397433 -1.24477923
v -0.02224028 0.19484435 -1.27782667
v -0.03381017 0.17426042 -1.35346389
v -0.01364376 0.16130218 -1.33880508
v -0.01839463 0.15322982 -1.35094500
v -0.04078307 0.16514623 -1.36442399
v -0.06958056 0.13369277 -1.21249306
v -0.05581717 0.13256034 -1.21771717
v -0.08261508 0.13573891 -1.20930529
v -0.10741976 0.15371826 -1.22369707
v -0.09362686 0.13751765 -1.20832884
v -0.00841933 0.13759716 -1.23220062
v -0.00126064 0.14938268 -1.24085665
v -0.00316624 0.14843410 -1.31598866
v -0.00623180 0.14182827 -1.32779813
v -0.04224722 0.20480976 -1.28533685
v -0.06303979 0.20665117 -1.28759933
v -0.11596996 0.15523209 -1.22192085
v -0.11847395 0.15853670 -1.21291280
v -0.11823444 0.16071771 -1.22633135
v -0.11661473 0.15717520 -1.22154236
v -0.11245008 0.15372033 -1.22936201
v -0.05996146 0.18075125 -1.35616517
v -0.07970217 0.20396733 -1.28595948
v -0.09349508 0.20038217 -1.27905130
v -0.11791816 0.18079084 -1.30144596
v -0.10726772 0.18260770 -1.31390941
v -0.11385152 0.17542687 -1.31896663
v -0.12400144 0.17411834 -1.30467474
v -0.11021476 0.19281955 -1.26655233
v -0.11624175 0.18701485 -1.25675726
v -0.12537199 0.17848666 -1.28888834
v -0.13105664 0.17234629 -1.29075062
v -0.11969268 0.16646287 -1.23138547
v -0.01007242 0.13491866 -1.33677173
v -0.00006747 0.12718371 -1.31391406
v -0.00212405 0.11821639 -1.31966269
v 0.00479274 0.14064714 -1.29355097
v 0.00253721 0.13428195 -1.30498862
v 0.00614410 0.14599918 -1.27993262
v -0.00283810 0.10633188 -1.32215345
v -0.08977680 0.18626755 -1.04113710
v -0.11852077 0.16418362 -1.20386839
v -0.11625308 0.15255047 -1.20776153
v -0.11734353 0.15932436 -1.19764698
v -0.10616679 0.18913412 -1.16473794
v -0.07459155 0.21415718 -1.05191624
v -0.07386257 0.21440312 -1.04430890
v -0.06707732 0.22082971 -0.99911904
v -0.04518155 0.22955883 -0.98297286
v -0.05192088 0.22921161 -1.00279951
v -0.01097402 0.22187327 -1.00927794
v -0.00627842 0.20609042 -1.00890613
v -0.02025223 0.16184525 -1.00511229
v -0.07863823 0.17490700 -0.99109268
v 0.01464388 0.19142169 -0.87151527
v 0.00764057 0.20096380 -0.86924505
v 0.01457435 0.19501236 -0.85095084
v 0.01983139 0.18487708 -0.85354376
v 0.02247754 0.16874819 -0.83725524
v 0.01968041 0.17430197 -0.85465217
v 0.02491483 0.17859966 -0.83581769
v 0.01670134 0.16173404 -0.83781826
v 0.01497348 0.16612829 -0.85469651
v 0.00838676 0.15767309 -0.83698392
v -0.00119979 0.15564024 -0.83520019
v -0.00205148 0.15693383 -0.85183501
v 0.00726450 0.16037022 -0.85385752
v -0.01186803 0.15627630 -0.84906703
v -0.02158558 0.15782997 -0.84651327
v -0.02430139 0.15534778 -0.86400181
v -0.01356627 0.15574609 -0.86697966
v -0.02989451 0.17441809 -0.82686472
v -0.02964420 0.18337774 -0.82601565
v -0.03628818 0.18172432 -0.84267735
v -0.03580224 0.17165598 -0.84302080
v -0.03363795 0.19980901 -0.86141437
v -0.04019066 0.19017568 -0.86081827
v -0.03227349 0.19148491 -0.84264255
v -0.02551892 0.20022777 -0.84348530
v -0.01843780 0.20094159 -0.82632810
v -0.00835532 0.20424336 -0.82734358
v -0.01637129 0.20502566 -0.84427691
v 0.00352607 0.20315179 -0.90799338
v 0.00887053 0.19756195 -0.88951552
v 0.01210919 0.18623142 -0.89098316
v 0.00394743 0.16572972 -0.89033675
v 0.00991440 0.17483966 -0.89120734
v 0.01270779 0.17026076 -0.87306595
v 0.00577531 0.16277504 -0.87197131
v -0.02929925 0.15231425 -0.90016007
v -0.01547919 0.15550432 -0.88538635
v -0.02689901 0.15372044 -0.88196409
v -0.00332385 0.15819021 -0.86970913
v -0.00499671 0.15940189 -0.88857758
v -0.03416083 0.16001350 -0.86166143
v -0.03023650 0.16317973 -0.84435976
v -0.00261557 0.20655854 -0.86715424
v -0.01392610 0.20873006 -0.86490250
v -0.00523527 0.20508946 -0.84577632
v 0.00554333 0.20189258 -0.84830618
v -0.03774656 0.15779191 -0.87942672
v -0.02235342 0.21244067 -0.88328409
v -0.01038927 0.21128476 -0.88574147
v -0.02504906 0.20668483 -0.86318165
v -0.03364126 0.20832211 -0.88159442
v 0.01291271 0.19774386 -0.83095026
v 0.02110763 0.18901621 -0.83365095
v 0.00067170 0.20655909 -0.88803351
v -0.04113963 0.16870540 -0.86037755
v -0.04326994 0.17964633 -0.86033535
v -0.04972701 0.17761168 -0.87797129
v -0.04609455 0.16644591 -0.87819922
v -0.05038257 0.20006275 -0.89874643
v -0.04803252 0.18910183 -0.87898815
v -0.04206908 0.19969799 -0.88008559
v -0.02557855 0.19276024 -0.82598317
v -0.04232572 0.21010134 -0.90025371
v 0.01366187 0.13319522 -0.76326597
v 0.01661881 0.13542446 -0.75432265
v 0.01110392 0.14249979 -0.75788498
v 0.00884264 0.14141198 -0.76751953
v 0.01848995 0.12136602 -0.79155242
v 0.02410157 0.11527678 -0.78186589
v 0.01732101 0.11691130 -0.77430439
v 0.01125059 0.12354230 -0.78278160
v 0.01893528 0.12688859 -0.75921571
v 0.02294070 0.13083144 -0.75143099
v 0.02781171 0.13453634 -0.74459112
v 0.02912754 0.13079092 -0.75337803
v 0.03435171 0.13788061 -0.74550641
v 0.03921338 0.14784691 -0.75032139
v 0.03892453 0.14989266 -0.73809189
v 0.03682897 0.14069885 -0.73779732
v 0.02518839 0.17173475 -0.75183350
v 0.01592082 0.17760180 -0.75263119
v 0.01667066 0.17499675 -0.73772645
v 0.02582977 0.16829100 -0.73743176
v -0.00248322 0.18084721 -0.74332613
v 0.00724915 0.17757204 -0.73954672
v 0.00746523 0.18064687 -0.75440651
v -0.00118798 0.18348403 -0.75668097
v 0.00343988 0.14906976 -0.77009308
v 0.00517959 0.14875589 -0.76049638
v 0.00021421 0.15174003 -0.76090813
v -0.00167678 0.15282202 -0.77074629
v 0.03568167 0.13525720 -0.75501245
v 0.03324755 0.12377410 -0.75500309
v 0.03733518 0.12540740 -0.75677168
v 0.03933427 0.13714640 -0.76046091
v -0.01066835 0.15391608 -0.80359811
v -0.01266656 0.15205221 -0.79295057
v -0.01945589 0.15427874 -0.79075801
v -0.01848994 0.15681154 -0.80241716
v 0.00646818 0.14461726 -0.80887258
v 0.01870099 0.14880311 -0.81540978
v 0.02241260 0.14233810 -0.80995905
v 0.00979013 0.13663343 -0.80492181
v 0.02560129 0.13457303 -0.80332327
v 0.02906359 0.12661192 -0.79496837
v 0.01361162 0.12878498 -0.79899424
v 0.03264846 0.11920965 -0.78440261
v -0.02865784 0.16311593 -0.79249537
v -0.02583845 0.16506171 -0.80090928
v 0.02330721 0.12574615 -0.69845366
v 0.02876377 0.12418153 -0.69873804
v 0.02789241 0.12201332 -0.69440109
v 0.02265707 0.12353536 -0.69361943
v -0.01947949 0.19021630 -0.79790914
v -0.02520932 0.18258227 -0.79872191
v -0.02544789 0.18299793 -0.79237378
v -0.01820782 0.18966082 -0.79151088
v -0.02631978 0.18371746 -0.78384888
v -0.01704948 0.18932986 -0.78291547
v 0.03694079 0.12877937 -0.69395179
v 0.03738088 0.13311197 -0.69143921
v 0.03651588 0.12908240 -0.68663526
v 0.03562649 0.12532093 -0.68964809
v 0.01351551 0.14147060 -0.74851364
v 0.01993524 0.13563263 -0.74587709
v 0.02373431 0.13503531 -0.73791009
v 0.02693732 0.13404399 -0.73046076
v 0.02138266 0.13546489 -0.72822732
v 0.01617271 0.13938996 -0.73767865
v 0.00480803 0.14885245 -0.74902630
v 0.00585263 0.14665203 -0.73850286
v -0.00052429 0.15088315 -0.74140102
v -0.00177098 0.15248841 -0.75145102
v -0.01924841 0.15684883 -0.74331659
v -0.02003281 0.15662016 -0.75141466
v -0.01393035 0.15546395 -0.75240088
v -0.01256562 0.15507947 -0.74257600
v -0.00676503 0.15483822 -0.71644169
v -0.00903819 0.15459427 -0.72484505
v -0.00423222 0.15224726 -0.72418791
v -0.00230741 0.15230630 -0.71628964
v -0.02029869 0.19156681 -0.80427957
v -0.02545804 0.18347540 -0.80507445
v -0.03305520 0.17905903 -0.74264055
v -0.02389746 0.18316329 -0.73928612
v -0.02163170 0.18348743 -0.74896348
v -0.03074886 0.18085384 -0.75205457
v -0.00852077 0.19310674 -0.79034173
v -0.01006613 0.19457687 -0.79722905
v 0.03483373 0.13739792 -0.68856043
v 0.03378787 0.13339594 -0.68376356
v 0.03672453 0.13789247 -0.79354501
v 0.03963167 0.12737541 -0.78255510
v 0.03301685 0.14689174 -0.80263078
v 0.02740766 0.15845600 -0.81469595
v 0.02962479 0.15344465 -0.80880040
v 0.01288771 0.14127569 -0.73241496
v 0.00770162 0.14700004 -0.75283951
v -0.00402028 0.15338261 -0.76155031
v -0.02514790 0.15630287 -0.76604342
v -0.02607059 0.15706100 -0.75923055
v -0.03246072 0.16064170 -0.76018214
v -0.03317633 0.16175154 -0.76777291
v -0.03571094 0.16542749 -0.74486470
v -0.03733122 0.17221707 -0.74485064
v -0.03626741 0.17307736 -0.75359344
v -0.03572780 0.16569446 -0.75268126
v 0.04240170 0.12517636 -0.75925535
v 0.04260852 0.13601616 -0.76644921
v -0.02758336 0.17357643 -0.79965818
v -0.02969623 0.17377116 -0.79265618
v -0.02611803 0.17520869 -0.80666506
v -0.00341518 0.14660640 -0.79483628
v -0.00333875 0.15117982 -0.78207338
v -0.00748440 0.15292348 -0.78222197
v -0.00793212 0.15049639 -0.79448605
v 0.00556995 0.13740136 -0.77771854
v 0.00548435 0.13206668 -0.78926921
v 0.01059413 0.12888002 -0.77199423
v -0.00338092 0.15050258 -0.80578434
v -0.00105254 0.15313609 -0.81396586
v -0.00930317 0.15694788 -0.81205857
v -0.01741687 0.16135597 -0.81013864
v -0.02369329 0.16807148 -0.80787212
v -0.00075481 0.15472609 -0.82248694
v -0.00925929 0.15770374 -0.82011116
v -0.01744014 0.16260703 -0.81769943
v -0.02363761 0.16870210 -0.81592572
v -0.01118712 0.19722986 -0.80481809
v -0.01373196 0.19987971 -0.81393135
v -0.02221715 0.19264418 -0.81363022
v 0.00825557 0.15076320 -0.81556869
v 0.00862055 0.15468389 -0.82381511
v 0.01794154 0.15636052 -0.82414782
v 0.02511406 0.16389780 -0.82327735
v 0.02429748 0.11359402 -0.75866520
v 0.02131124 0.11770000 -0.76264811
v 0.02228366 0.11272854 -0.76902002
v 0.02581929 0.10877238 -0.76427984
v 0.03331119 0.13567226 -0.73067003
v 0.03113836 0.13613601 -0.73808354
v 0.03801036 0.14086254 -0.72943950
v -0.02332188 0.15543760 -0.78137279
v -0.03134647 0.16273728 -0.78308022
v 0.01751709 0.13797703 -0.72542334
v 0.03819931 0.13609916 -0.71336138
v 0.03928362 0.14167365 -0.70983046
v 0.03793246 0.13660742 -0.69821703
v 0.03734036 0.13168083 -0.70074278
v 0.02022884 0.13488294 -0.71362066
v 0.01923553 0.13990164 -0.70969248
v 0.01786945 0.14145905 -0.71608275
v 0.02003970 0.13687792 -0.71995777
v -0.01379010 0.15669507 -0.71914995
v -0.01565949 0.15661876 -0.72655749
v 0.03595013 0.15889938 -0.72637844
v 0.03522484 0.16120094 -0.73835367
v 0.02463219 0.16230202 -0.72386819
v -0.01098501 0.15467085 -0.73323131
v -0.00678560 0.15333325 -0.74236071
v -0.00580263 0.15264551 -0.73304367
v 0.00967305 0.14457908 -0.72419947
v 0.00701471 0.14534621 -0.73065186
v 0.01150008 0.14228107 -0.72855020
v 0.01446306 0.14123820 -0.72306603
v -0.02866615 0.18259020 -0.76318884
v -0.03614381 0.17288199 -0.76434177
v 0.03377872 0.12548821 -0.69705182
v 0.03251419 0.12276279 -0.69273746
v -0.02660298 0.18356624 -0.81416082
v -0.02671845 0.17544128 -0.81450582
v -0.00767183 0.15426630 -0.75240386
v 0.03396699 0.16286957 -0.75182420
v -0.00904980 0.15452495 -0.76198649
v -0.01814094 0.16796607 -0.71870577
v -0.01383653 0.17271404 -0.71700794
v -0.01341383 0.17539151 -0.72526670
v -0.02032044 0.17102307 -0.72608894
v 0.02022271 0.12974378 -0.69560021
v 0.02017203 0.13475087 -0.69212234
v 0.02014175 0.13685386 -0.69894034
v 0.02043726 0.13155372 -0.70192301
v 0.02881441 0.13042486 -0.71674365
v 0.02370491 0.13155738 -0.71596146
v 0.02344655 0.13418892 -0.72278255
v 0.02855924 0.13282667 -0.72454470
v 0.03418810 0.13467444 -0.72380441
v 0.03421885 0.13254496 -0.71552062
v 0.02947058 0.14926401 -0.70574325
v 0.02268424 0.14560904 -0.70606345
v 0.02287750 0.14192943 -0.69534791
v 0.02933048 0.14364262 -0.69408691
v -0.00003197 0.18675047 -0.76954544
v -0.00904414 0.18839042 -0.77087128
v -0.01074969 0.18534008 -0.75851548
v -0.01268803 0.18244432 -0.74592292
v -0.01486745 0.17886673 -0.73457003
v -0.00332395 0.17938864 -0.73067182
v -0.01898089 0.18563965 -0.76055837
v 0.01992840 0.15890247 -0.71481532
v 0.01846862 0.15295328 -0.71494514
v 0.02693430 0.15413885 -0.71507424
v -0.01638685 0.15576817 -0.76227129
v 0.03407972 0.12827246 -0.70335960
v 0.02932625 0.17595628 -0.80170512
v 0.02164452 0.18596785 -0.79921269
v 0.02222705 0.18311493 -0.78969318
v 0.03112494 0.17147171 -0.79411000
v 0.02365908 0.12777320 -0.70427960
v 0.02875550 0.12614892 -0.70506811
v -0.02121706 0.16287197 -0.71840280
v -0.02439074 0.16321518 -0.72439259
v -0.02138479 0.15945879 -0.72626895
v -0.01864654 0.15942010 -0.71980470
v -0.01700364 0.18826938 -0.77241933
v -0.02688734 0.18227068 -0.73306578
v -0.03608108 0.17691109 -0.73497045
v 0.00205289 0.19235706 -0.78991890
v -0.00803800 0.19127418 -0.78179163
v 0.00127523 0.18996742 -0.78093815
v 0.00670600 0.17281458 -0.72447580
v 0.00790589 0.18415473 -0.76778597
v 0.00896515 0.18717586 -0.77992415
v 0.01089622 0.18953493 -0.79007995
v 0.01129245 0.19196077 -0.79785407
v 0.00177779 0.19475310 -0.79723215
v 0.02892149 0.13999316 -0.68681639
v 0.03550063 0.14124610 -0.69532937
v 0.00067489 0.19753997 -0.80555189
v -0.00259581 0.20117348 -0.81517190
v 0.01026978 0.19474420 -0.80665934
v 0.00742454 0.19807030 -0.81650990
v 0.01712957 0.18344781 -0.77890193
v 0.02504221 0.17767292 -0.77864707
v 0.01585587 0.18070188 -0.76652479
v 0.02440179 0.17481714 -0.76551247
v 0.01742345 0.17217521 -0.72453451
v 0.02003675 0.13158862 -0.68678969
v 0.01943747 0.12721875 -0.67904675
v 0.02271915 0.12914264 -0.67644662
v 0.02334826 0.13423979 -0.68369108
v 0.02314638 0.13855563 -0.68853521
v 0.02828776 0.13520527 -0.68298930
v 0.03349236 0.16516371 -0.76549971
v 0.01266395 0.14511023 -0.71722949
v 0.03437367 0.16445144 -0.78135443
v 0.04073081 0.15179002 -0.76267439
v 0.04160469 0.14950512 -0.77341676
v 0.03580155 0.15912373 -0.79919612
v 0.03986571 0.15044037 -0.79009211
v 0.03001738 0.16888073 -0.81226718
v 0.03213379 0.16461217 -0.80563396
v 0.02805257 0.17305116 -0.82158321
v 0.04279182 0.13858020 -0.78009462
v 0.02572512 0.11790920 -0.68818510
v 0.02082105 0.12011250 -0.68689322
v 0.02530356 0.18379557 -0.81912506
v 0.02756168 0.17944813 -0.80931056
v 0.01624523 0.12211018 -0.76597929
v -0.01005423 0.15460315 -0.77155590
v -0.01606434 0.15489881 -0.77155346
v -0.02439953 0.15581822 -0.77286023
v -0.03300143 0.16246538 -0.77459896
v 0.01771075 0.19318958 -0.81736934
v -0.01034786 0.15698357 -0.83262563
v -0.01896000 0.16083732 -0.82999957
v 0.00248494 0.20200697 -0.82888222
v 0.03049107 0.11838978 -0.68651879
v -0.00083042 0.15706262 -0.71177495
v -0.00240433 0.15916322 -0.71230310
v 0.02793283 0.11098897 -0.77491856
v 0.03110034 0.10754751 -0.76823258
v 0.03535205 0.11384194 -0.77653670
v 0.04169837 0.12025330 -0.77473581
v 0.04291886 0.11412003 -0.76669514
v 0.03714915 0.10947226 -0.76845163
v -0.01148165 0.15339689 -0.78164655
v -0.01662928 0.15403706 -0.78062737
v -0.03467407 0.17445180 -0.77477002
v -0.02724851 0.18367860 -0.77386916
v 0.03853445 0.13929257 -0.72210634
v 0.03966187 0.14885449 -0.72781163
v 0.03932833 0.14554621 -0.71955663
v 0.03615241 0.14754763 -0.70793420
v 0.02097109 0.14759855 -0.71295148
v 0.01699147 0.14823234 -0.71457255
v 0.00079590 0.14025466 -0.79302907
v 0.00105736 0.14591961 -0.78073430
v 0.02386134 0.12314779 -0.75759280
v 0.02714274 0.12013856 -0.75529528
v 0.00063149 0.14931820 -0.73282027
v 0.00872088 0.16724344 -0.71321958
v 0.01698271 0.16724335 -0.71434838
v 0.00258516 0.14875564 -0.72492820
v 0.03448861 0.12359024 -0.67994124
v 0.03347497 0.12010343 -0.68344462
v 0.03630032 0.15263002 -0.71715319
v -0.01774682 0.15670797 -0.73446065
v 0.00122194 0.16857304 -0.71693081
v 0.00333061 0.16272298 -0.71153826
v -0.03747129 0.17089833 -0.73900771
v 0.02028707 0.18903165 -0.80705082
v 0.01814391 0.12366884 -0.68353969
v 0.01947560 0.12730093 -0.69077271
v 0.02706260 0.12971415 -0.67626262
v 0.03188277 0.12777053 -0.67755485
v -0.03241972 0.17452200 -0.78396213
v -0.00570497 0.15405840 -0.77114046
v -0.02596202 0.16692734 -0.82801437
v 0.04525349 0.12061466 -0.76310229
v 0.04406332 0.12885059 -0.77160561
v 0.00449482 0.14846429 -0.71801203
v -0.02184765 0.17724292 -0.72949862
v -0.00623916 0.17434077 -0.71374643
v -0.00090177 0.16917056 -0.71163487
v -0.00471289 0.17697327 -0.72196072
v -0.00115399 0.16362786 -0.71024460
v 0.02546470 0.12504697 -0.67100739
v 0.03026127 0.12335383 -0.67229766
v 0.03304957 0.11903108 -0.67516696
v 0.03182254 0.11644972 -0.67915708
v 0.02873114 0.11524623 -0.68222958
v 0.02129846 0.12470412 -0.67167020
v 0.01815410 0.12299734 -0.67377347
v 0.01698688 0.12043328 -0.67922693
v 0.02033282 0.12069870 -0.66735876
v 0.02453526 0.11990746 -0.66573048
v 0.03016244 0.11337923 -0.66606659
v 0.02940129 0.11049762 -0.66417694
v 0.03034407 0.10904876 -0.66708767
v 0.03189731 0.11404901 -0.66989732
v 0.02824393 0.10585131 -0.66379035
v 0.02807966 0.10755168 -0.66084486
v 0.02869907 0.11617718 -0.66511589
v 0.02737745 0.11323123 -0.66178381
v 0.02256363 0.11191160 -0.65759772
v 0.02595725 0.11016809 -0.65796846
v 0.02386324 0.11499316 -0.66141778
v 0.02565618 0.11723236 -0.66376156
v 0.02956565 0.11869001 -0.66798294
v 0.02473419 0.10733935 -0.65511972
v 0.02247791 0.10523254 -0.65621406
v 0.02586165 0.10416939 -0.65999800
v 0.02684082 0.10583630 -0.65798360
v 0.03089518 0.11257071 -0.67533123
v 0.02881129 0.10823341 -0.67058069
v 0.02617062 0.10497740 -0.66632873
v 0.02368610 0.10343452 -0.66253889
v 0.02336537 0.10481477 -0.66791123
v 0.02563282 0.10751935 -0.67267358
v 0.02123207 0.10395892 -0.66409898
v 0.02030892 0.10540468 -0.66802907
v 0.02153995 0.10765906 -0.67332774
v 0.02337852 0.11231592 -0.68003929
v 0.02781320 0.11211524 -0.67888325
v 0.01965720 0.10471065 -0.66513175
v 0.02032070 0.10461830 -0.65875280
v 0.02127493 0.11650795 -0.66199422
v 0.01974467 0.11272096 -0.65819198
v 0.01872759 0.11654403 -0.66307515
v 0.01754232 0.11246631 -0.65975094
v 0.02213376 0.10971126 -0.65519786
v 0.01975787 0.10897172 -0.65579224
v 0.02417748 0.11535045 -0.68388033
v 0.01941234 0.11765599 -0.68258154
v 0.01863540 0.11448585 -0.67825252
v 0.01724245 0.10951409 -0.67152649
v 0.01652973 0.11733777 -0.67488402
v 0.01754128 0.11956408 -0.66992956
v 0.01657930 0.11530242 -0.66513228
v 0.01546599 0.11318866 -0.66862351
v 0.01561700 0.10963003 -0.66426122
v 0.01603362 0.11137398 -0.66178018
v 0.01729745 0.10707226 -0.66666621
v 0.01662405 0.10792458 -0.66033071
v 0.01784023 0.10843556 -0.65783161
v 0.01642755 0.10762830 -0.66278571
v 0.01793543 0.10593452 -0.66372150
v 0.01882925 0.10513686 -0.66125101
v 0.00418562 0.14142299 -0.68780929
v 0.00904423 0.14031115 -0.68762410
v 0.00728844 0.13688485 -0.68138331
v 0.00232759 0.13813573 -0.68157107
v 0.01657066 0.14552847 -0.68432307
v 0.01749564 0.15102145 -0.68177700
v 0.01575563 0.14648180 -0.67554873
v 0.01434833 0.14106241 -0.67811364
v 0.01339355 0.15606490 -0.68041885
v 0.01192485 0.15148383 -0.67417997
v 0.01785134 0.15127540 -0.70570517
v 0.01953075 0.15729688 -0.70458812
v 0.01879223 0.15429738 -0.68950438
v 0.01779229 0.14843671 -0.69156915
v 0.00084137 0.15019470 -0.70787835
v -0.00031256 0.15451489 -0.70494229
v 0.01322325 0.14187764 -0.68645763
v 0.01119487 0.13787575 -0.68023473
v 0.00057382 0.14441659 -0.68645531
v -0.00089177 0.14879315 -0.68402004
v 0.00005360 0.15138204 -0.69176984
v 0.00140228 0.14676763 -0.69372404
v 0.01175385 0.14498474 -0.70944917
v 0.00565243 0.14677121 -0.70918846
v 0.01554066 0.14734292 -0.70780063
v 0.00870282 0.16432790 -0.70201492
v 0.00271204 0.16042808 -0.70230556
v 0.00188819 0.15636590 -0.68919265
v 0.00710093 0.15998772 -0.68747103
v 0.01474633 0.14473988 -0.69369191
v 0.00544951 0.14346953 -0.69555253
v 0.01055582 0.14256676 -0.69535470
v 0.00596191 0.15620279 -0.68023193
v 0.01446733 0.15949827 -0.68815345
v -0.00225727 0.14542192 -0.67727399
v -0.00381912 0.14105789 -0.66859293
v -0.00106775 0.14431474 -0.66697609
v 0.00011737 0.14908895 -0.67469031
v 0.00109752 0.15276587 -0.68144846
v 0.00496214 0.15178822 -0.67348325
v 0.00413289 0.13177656 -0.67277610
v -0.00063561 0.13360646 -0.67246044
v 0.00806292 0.13251697 -0.67162955
v 0.01638902 0.16391310 -0.70268345
v 0.01249527 0.14027853 -0.66695875
v 0.01084155 0.13526708 -0.66952890
v -0.00375855 0.13677232 -0.67108452
v -0.00116522 0.14122580 -0.67972237
v 0.00331542 0.14633501 -0.66530722
v 0.00942466 0.14541143 -0.66555744
v 0.00137908 0.14220445 -0.65957081
v 0.00679210 0.14088455 -0.65936542
v 0.00974867 0.13601594 -0.66076833
v 0.00834553 0.13171569 -0.66380847
v 0.00584762 0.12967217 -0.66637802
v -0.00252209 0.14084242 -0.66072357
v -0.00502288 0.13829680 -0.66281044
v -0.00512036 0.13454671 -0.66627949
v -0.00447422 0.13782522 -0.65497464
v -0.00111121 0.13825543 -0.65238881
v 0.00297824 0.12988997 -0.64743382
v 0.00153938 0.12743804 -0.64312333
v 0.00157366 0.12500808 -0.64559406
v 0.00423140 0.12776773 -0.64985114
v 0.00423670 0.13234298 -0.65028560
v 0.00650476 0.13218193 -0.65361571
v 0.00235816 0.13471934 -0.64984554
v 0.00092872 0.13301544 -0.64601451
v -0.00428225 0.13212673 -0.64183956
v -0.00077124 0.13059455 -0.64122564
v -0.00250494 0.13404204 -0.64663124
v -0.00055283 0.13565737 -0.64995331
v -0.00133974 0.12401559 -0.64132655
v -0.00003264 0.12588815 -0.63978499
v 0.00419751 0.13721596 -0.65316176
v 0.00601620 0.12913518 -0.65855849
v 0.00320693 0.12575503 -0.65284890
v 0.00000339 0.12330794 -0.64763302
v -0.00329536 0.12262114 -0.64337760
v -0.00229722 0.12220421 -0.64920604
v 0.00061173 0.12421130 -0.65492779
v -0.00497710 0.12241929 -0.64540339
v -0.00526005 0.12255057 -0.65030026
v -0.00319485 0.12395462 -0.65655231
v -0.00009800 0.12755539 -0.66322494
v 0.00358145 0.12758459 -0.66160834
v -0.00619518 0.12275506 -0.64691520
v -0.00453320 0.12579915 -0.63801503
v -0.00629980 0.12450809 -0.64054585
v -0.00222844 0.12802200 -0.63691735
v -0.00442290 0.13423775 -0.64817327
v -0.00631027 0.13159861 -0.64339465
v -0.00671073 0.13435766 -0.64924264
v -0.00833988 0.13118534 -0.64445972
v -0.00516748 0.13022514 -0.63847733
v -0.00694701 0.12914771 -0.63905144
v 0.00213148 0.12940168 -0.66799897
v -0.00219664 0.13128783 -0.66766471
v -0.00429740 0.12955412 -0.66337276
v -0.00720843 0.12628652 -0.65619987
v -0.00676401 0.13310476 -0.66147679
v -0.00650687 0.13620447 -0.65752017
v -0.00831481 0.13291837 -0.65176857
v -0.00895682 0.13009787 -0.65427148
v -0.00978416 0.12765844 -0.64895856
v -0.00938460 0.12989876 -0.64647233
v -0.00832574 0.12449973 -0.65040237
v -0.00937171 0.12688139 -0.64357531
v -0.00858442 0.12794277 -0.64059854
v -0.00955115 0.12608874 -0.64603543
v -0.00814838 0.12403186 -0.64649117
v -0.00746590 0.12399829 -0.64353156
v -0.01572702 0.15305866 -0.69288290
v -0.01075172 0.15326923 -0.69169998
v -0.01213348 0.15103786 -0.68640715
v -0.01730639 0.15061939 -0.68808937
v -0.00550849 0.15969907 -0.68847787
v -0.00554306 0.16426279 -0.68793666
v -0.00786507 0.16116978 -0.68171507
v -0.00739905 0.15728967 -0.68271923
v -0.00963798 0.16808838 -0.68756998
v -0.01158118 0.16444379 -0.68133944
v -0.00281103 0.16242601 -0.70495087
v -0.00237906 0.16802949 -0.70437837
v -0.00373609 0.16620001 -0.69419295
v -0.00372274 0.16101351 -0.69425368
v -0.00743048 0.15593652 -0.68957812
v -0.00900490 0.15385799 -0.68429142
v -0.01979930 0.15528488 -0.69302285
v -0.02170176 0.15864360 -0.69208348
v -0.02058781 0.15995476 -0.69886416
v -0.01873056 0.15660293 -0.69980526
v -0.01361011 0.15641202 -0.71181566
v -0.00866417 0.15586881 -0.70966542
v -0.00509810 0.15824305 -0.70704836
v -0.01443052 0.17151754 -0.70727259
v -0.01834145 0.16659489 -0.70944512
v -0.01982871 0.16512036 -0.69730610
v -0.01535850 0.16984303 -0.69560176
v -0.00599961 0.15682018 -0.69586223
v -0.01485224 0.15391256 -0.69967872
v -0.00964065 0.15407826 -0.69799799
v -0.01632955 0.16764599 -0.68882573
v -0.00835208 0.16999929 -0.69482523
v -0.02324604 0.15656048 -0.68679559
v -0.02452007 0.15347512 -0.67613292
v -0.02289419 0.15726525 -0.67406708
v -0.02195901 0.16126639 -0.68473274
v -0.02101276 0.16344959 -0.69053257
v -0.01754472 0.16463093 -0.68255806
v -0.01439392 0.14715077 -0.67774898
v -0.01927224 0.14717229 -0.67892528
v -0.01139247 0.14974344 -0.67564112
v -0.00714290 0.17235391 -0.70549911
v -0.02001510 0.16157767 -0.71152747
v -0.01022011 0.15617737 -0.67258513
v -0.00992028 0.15270175 -0.67408001
v -0.02326908 0.14973970 -0.67808074
v -0.02153099 0.15298349 -0.68774521
v -0.01886334 0.16008873 -0.67289180
v -0.01335038 0.15985574 -0.67218077
v -0.02036975 0.15710932 -0.66614687
v -0.01492035 0.15676259 -0.66543978
v -0.01174159 0.15320027 -0.66584080
v -0.01169313 0.14977181 -0.66783404
v -0.01307042 0.14718695 -0.67036426
v -0.02417818 0.15450758 -0.66779912
v -0.02546950 0.15152165 -0.66935319
v -0.02393787 0.14814015 -0.67275137
v -0.02589847 0.15246011 -0.66300666
v -0.02213287 0.15419552 -0.66087770
v -0.01625560 0.14774387 -0.65387237
v -0.01702344 0.14605361 -0.64952552
v -0.01603457 0.14419216 -0.65048450
v -0.01467435 0.14653264 -0.65479952
v -0.01558824 0.15016365 -0.65674865
v -0.01382769 0.15044157 -0.65960562
v -0.01784040 0.15236779 -0.65730327
v -0.01877404 0.15070283 -0.65296286
v -0.02372567 0.14919260 -0.65073937
v -0.01972443 0.14880238 -0.64911461
v -0.02271667 0.15084603 -0.65507686
v -0.02106592 0.15286006 -0.65742910
v -0.01799720 0.14331907 -0.64715409
v -0.01799495 0.14528495 -0.64664209
v -0.01696171 0.15402350 -0.66066861
v -0.01326230 0.14732216 -0.66255152
v -0.01459159 0.14421871 -0.65726686
v -0.01642392 0.14194147 -0.65248173
v -0.01897765 0.14103517 -0.64917588
v -0.01810991 0.14026780 -0.65501374
v -0.01636602 0.14206478 -0.65980816
v -0.02037925 0.13981186 -0.65169096
v -0.02050621 0.13954900 -0.65658611
v -0.01910213 0.14091289 -0.66188824
v -0.01741971 0.14385663 -0.66813773
v -0.01480578 0.14514180 -0.66557240
v -0.02154853 0.13953179 -0.65369678
v -0.02189596 0.14462832 -0.64583176
v -0.02330498 0.14216293 -0.64787310
v -0.02063813 0.14714320 -0.64526200
v -0.02499637 0.15109695 -0.65663302
v -0.02586247 0.14855763 -0.65230018
v -0.02692997 0.14956690 -0.65819609
v -0.02735570 0.14708380 -0.65384459
v -0.02377409 0.14802736 -0.64733434
v -0.02519028 0.14677985 -0.64838421
v -0.01580454 0.14554100 -0.67245007
v -0.02003346 0.14608060 -0.67359370
v -0.02142255 0.14436172 -0.66927254
v -0.02315018 0.14142489 -0.66302478
v -0.02518803 0.14652351 -0.66842335
v -0.02660403 0.14952587 -0.66551358
v -0.02751001 0.14697500 -0.66020513
v -0.02648055 0.14401402 -0.66215283
v -0.02687318 0.14238113 -0.65730125
v -0.02770470 0.14481814 -0.65535170
v -0.02398309 0.14008845 -0.65721035
v -0.02669605 0.14299783 -0.65191120
v -0.02643709 0.14489810 -0.64992344
v -0.02631582 0.14162602 -0.65435529
v -0.02401388 0.14015493 -0.65379000
v -0.02384258 0.14081657 -0.65084308
v -0.01752026 0.15886918 -0.71243495
v -0.04026378 0.16463278 -0.71036321
v -0.03686813 0.16519026 -0.70826328
v -0.03938954 0.16439365 -0.70446610
v -0.04267387 0.16382800 -0.70705032
v -0.03322646 0.17160885 -0.70461798
v -0.03474696 0.17578216 -0.70414209
v -0.03804877 0.17398489 -0.69989991
v -0.03641295 0.17016429 -0.70036697
v -0.03935906 0.17824063 -0.70576739
v -0.04234306 0.17628902 -0.70249146
v -0.02563914 0.17172910 -0.72043347
v -0.02622899 0.17690657 -0.72186249
v -0.03141795 0.17662300 -0.71034920
v -0.03010867 0.17197055 -0.70986199
v -0.03919879 0.16511367 -0.72546333
v -0.04163337 0.16871227 -0.72649759
v -0.03890700 0.16916014 -0.73322260
v -0.03587926 0.16550624 -0.73411953
v -0.03417894 0.16770715 -0.70616901
v -0.03725327 0.16674803 -0.70239633
v -0.04377672 0.16568911 -0.71196020
v -0.04658006 0.16834767 -0.71253192
v -0.04509180 0.16881703 -0.71686381
v -0.04238787 0.16554762 -0.71581471
v -0.03108374 0.16359302 -0.72319525
v -0.03561600 0.16342948 -0.72387093
v -0.03252433 0.16261363 -0.73206204
v -0.02829980 0.16203947 -0.72896421
v -0.02821894 0.16645344 -0.72108978
v -0.03877968 0.17802845 -0.72627109
v -0.04163618 0.17315651 -0.72644520
v -0.04533579 0.17329808 -0.71682084
v -0.04220711 0.17784636 -0.71468467
v -0.03174328 0.16791727 -0.71095395
v -0.03854178 0.16457270 -0.71469182
v -0.03474107 0.16506836 -0.71257603
v -0.04436275 0.17648254 -0.70990187
v -0.03609659 0.17970882 -0.71196979
v -0.04925974 0.16757523 -0.70874095
v -0.05317954 0.16596927 -0.70305568
v -0.05349284 0.16933234 -0.70205140
v -0.04975700 0.17145130 -0.70724940
v -0.04722795 0.17250244 -0.71153194
v -0.04729847 0.17485866 -0.70466536
v -0.04299589 0.16237836 -0.69926161
v -0.04631318 0.16181773 -0.70184702
v -0.04113717 0.16464286 -0.69671553
v -0.03113710 0.18114719 -0.72396749
v -0.04199845 0.17114910 -0.69423044
v -0.04057746 0.16760817 -0.69470292
v -0.05014478 0.16328420 -0.70296353
v -0.04619781 0.16487719 -0.70815915
v -0.05114537 0.17226288 -0.69947749
v -0.04609692 0.17329112 -0.69632715
v -0.05415108 0.17053504 -0.69473374
v -0.04867923 0.17162210 -0.69156539
v -0.04463606 0.16900358 -0.68996525
v -0.04296867 0.16580418 -0.69091237
v -0.04344681 0.16320553 -0.69340599
v -0.05630589 0.16745165 -0.69730157
v -0.05552672 0.16464350 -0.69876897
v -0.05216552 0.16253461 -0.69914538
v -0.05824512 0.16581674 -0.69300187
v -0.05614754 0.16852093 -0.68946350
v -0.04991690 0.16446652 -0.68143803
v -0.05087789 0.16295561 -0.67856300
v -0.04980395 0.16119580 -0.67902863
v -0.04814269 0.16321702 -0.68186909
v -0.04932768 0.16665135 -0.68432033
v -0.04723535 0.16673757 -0.68618864
v -0.05189545 0.16830407 -0.68587166
v -0.05289632 0.16678163 -0.68202102
v -0.05798002 0.16468316 -0.68029857
v -0.05406665 0.16554074 -0.67866266
v -0.05691331 0.16668931 -0.68414086
v -0.05523043 0.16820467 -0.68649769
v -0.05204166 0.16036470 -0.67570901
v -0.05211367 0.16235071 -0.67568851
v -0.05085593 0.16967073 -0.68825650
v -0.04528765 0.16399796 -0.68760753
v -0.04724881 0.16137888 -0.68332034
v -0.04958765 0.15919657 -0.67953211
v -0.05268190 0.15813468 -0.67673886
v -0.05027013 0.15773125 -0.68153203
v -0.04772245 0.15976706 -0.68580216
v -0.05310854 0.15700945 -0.67921299
v -0.05158815 0.15698013 -0.68354946
v -0.04930868 0.15857193 -0.68832445
v -0.04724450 0.16032001 -0.69310641
v -0.04549631 0.16186075 -0.69057339
v -0.05328304 0.15657756 -0.68117994
v -0.05604124 0.16108975 -0.67537504
v -0.05616742 0.15866664 -0.67687482
v -0.05537064 0.16382650 -0.67531532
v -0.05876114 0.16564873 -0.68618333
v -0.05977956 0.16324727 -0.68136638
v -0.05951650 0.16357733 -0.68819332
v -0.06006074 0.16097127 -0.68287081
v -0.05816349 0.16367079 -0.67738593
v -0.05896032 0.16170274 -0.67793036
v -0.04533104 0.16131523 -0.69594866
v -0.04825292 0.16105577 -0.69802576
v -0.05038679 0.15997076 -0.69519353
v -0.05227714 0.15807270 -0.69040626
v -0.05434799 0.16107789 -0.69583088
v -0.05730649 0.16324875 -0.69543731
v -0.05861448 0.16112076 -0.68965161
v -0.05610656 0.15890402 -0.69055277
v -0.05691100 0.15732518 -0.68522871
v -0.05900244 0.15898459 -0.68431711
v -0.05399347 0.15663303 -0.68511778
v -0.05776316 0.15786971 -0.68085891
v -0.05877911 0.15934736 -0.67892814
v -0.05670558 0.15699409 -0.68229210
v -0.05506814 0.15660313 -0.68125254
v -0.05574197 0.15728793 -0.67931718
v -0.03929151 0.17290439 -0.73221672
v 0.03905848 0.11846114 -0.74896443
v 0.04372713 0.11729891 -0.75123096
v 0.02684181 0.10742619 -0.75301427
v 0.02910361 0.11269312 -0.74919456
v 0.02889307 0.10274860 -0.75738394
v 0.03950519 0.10316127 -0.76012230
v 0.03408073 0.10175402 -0.75962734
v 0.03385054 0.11663733 -0.74773252
v 0.04674767 0.11356672 -0.75457251
v 0.04475589 0.10764137 -0.75838900
v 0.04861413 0.10712321 -0.74846387
v 0.04711041 0.10072663 -0.75079989
v 0.04155147 0.09605990 -0.75328100
v 0.03532906 0.09577077 -0.75329411
v 0.03035108 0.09823664 -0.75224650
v 0.04592592 0.11216692 -0.74533761
v 0.04138726 0.11405876 -0.74354577
v 0.03551877 0.11285154 -0.74355525
v 0.04907786 0.10628107 -0.73990291
v 0.05274800 0.09917865 -0.73983699
v 0.04931373 0.08539263 -0.74062866
v 0.05102440 0.08285238 -0.73741239
v 0.04690217 0.08223831 -0.73709923
v 0.04496270 0.08464594 -0.74130380
v 0.04866515 0.08799124 -0.74233484
v 0.04493459 0.08873249 -0.74516618
v 0.05430237 0.08855490 -0.73892164
v 0.05225404 0.09087338 -0.74068826
v 0.05449134 0.09432330 -0.73860145
v 0.05645204 0.09323937 -0.73609078
v 0.05639080 0.08553376 -0.73618424
v 0.05662094 0.08346194 -0.73277855
v 0.05272008 0.08136805 -0.73442858
v 0.04981355 0.08129146 -0.73308206
v 0.05018475 0.09395771 -0.74366844
v 0.03758869 0.08988445 -0.74716282
v 0.04001812 0.08545790 -0.74125171
v 0.04285795 0.08319943 -0.73578691
v 0.04655407 0.08348183 -0.73123449
v 0.03998869 0.08686443 -0.73341733
v 0.03581019 0.08877613 -0.73918521
v 0.04400780 0.08699172 -0.72983092
v 0.03963744 0.09114145 -0.73142642
v 0.03478283 0.09406893 -0.73647690
v 0.03021025 0.09972189 -0.74441576
v 0.03205391 0.09343162 -0.74661386
v 0.04284381 0.08988503 -0.72984427
v 0.05399114 0.08367819 -0.72946250
v 0.05051434 0.08634258 -0.72810692
v 0.05495136 0.09725979 -0.73414981
v 0.05646336 0.09388138 -0.73070717
v 0.05801541 0.09047913 -0.73312742
v 0.05190467 0.10141034 -0.73324776
v 0.05330086 0.09630383 -0.72885293
v 0.05853869 0.08752492 -0.73118621
v 0.05660926 0.08925661 -0.72880107
v 0.02836274 0.10342041 -0.74908996
v 0.03048195 0.10884136 -0.74576294
v 0.03291347 0.10567531 -0.74130297
v 0.03747090 0.09967197 -0.73434621
v 0.03844783 0.10924364 -0.73932451
v 0.04466027 0.10952989 -0.73906749
v 0.04766699 0.10328268 -0.73290998
v 0.04250148 0.10270439 -0.73263896
v 0.04524559 0.09728634 -0.72917014
v 0.04921262 0.09753616 -0.72851658
v 0.04181238 0.09474196 -0.73031771
v 0.04907701 0.09296317 -0.72711003
v 0.05302999 0.09137236 -0.72696745
v 0.04647720 0.09387133 -0.72818279
v 0.04468331 0.09168514 -0.72877055
v 0.04724387 0.08930170 -0.72771680
v -0.03570853 0.16519797 -0.73900306
v -0.03130625 0.16153713 -0.73740053
v -0.03143978 0.16155300 -0.74400306
v -0.03211159 0.16080897 -0.75185823
v -0.03589935 0.16547365 -0.75953245
v -0.02628480 0.15806368 -0.75140846
v -0.02584067 0.15895709 -0.74307215
v -0.02497413 0.15940690 -0.73423511
v -0.02081491 0.15623684 -0.75780404
v 0.00929039 -0.00333991 -1.30859852
v 0.01890096 -0.00449892 -1.29105484
v -0.01169679 0.15201199 -1.16865027
v -0.00897205 0.16753623 -1.17611361
v -0.04395752 0.21063362 -1.18992186
v -0.06794111 0.21530850 -1.19234228
v 0.07425533 0.02954553 -1.01698875
v -0.12111463 0.10617433 -1.07011795
v -0.12579161 0.10994297 -1.08907878
v -0.15903300 0.03766169 -1.09018993
v -0.15497421 0.05727533 -1.08576095
v -0.00541346 0.12187796 -1.04993773
v -0.00710160 0.12274588 -1.07015479
v 0.04532495 0.07319441 -1.04050040
v 0.04389859 0.07468142 -1.06302059
v 0.01746158 0.10895284 -1.02569962
v -0.13948505 0.07708043 -1.04103506
v -0.12966816 0.09436484 -1.03810894
v -0.13179770 0.09101284 -1.05680549
v -0.14306051 0.07457951 -1.06051373
v -0.15801242 0.01834192 -1.09379721
v -0.15188980 0.01640708 -1.07145715
v -0.03189321 0.13357632 -1.09217453
v -0.05834423 0.13725616 -1.09394395
v -0.10728775 0.12617026 -1.10071540
v -0.12675242 0.11362278 -1.10703373
v -0.14135781 0.09814041 -1.11477661
v -0.15319750 0.08082629 -1.12297797
v 0.05634839 0.05782278 -1.08543539
v 0.06241123 0.03884412 -1.10764730
v -0.00749035 0.12354553 -1.09068596
v 0.07487227 -0.00900764 -1.08546853
v -0.16778505 0.06698193 -1.15324140
v -0.17427348 0.04423099 -1.15835643
v -0.08379468 0.13462456 -1.09648001
v 0.04678657 0.00612753 -1.25000119
v 0.04811840 0.02407739 -1.25186515
v 0.05784922 0.02130511 -1.23659003
v 0.05537009 0.00373139 -1.23393798
v 0.05892501 0.03851336 -1.23796308
v 0.05808758 0.05513344 -1.23852885
v 0.05585858 0.07058850 -1.23807931
v 0.04359492 0.10793425 -1.23047352
v 0.04891402 0.09688532 -1.23427343
v 0.03163665 0.12586667 -1.22039580
v 0.03858447 0.11739100 -1.22656524
v 0.02230262 0.13328920 -1.21103764
v 0.00955968 0.13885307 -1.19997740
v -0.01270433 0.14547528 -1.20163274
v -0.00635303 0.14318413 -1.18970263
v 0.01621794 0.13515556 -1.18795967
v 0.02871600 0.12926811 -1.19955301
v 0.03840025 0.12203101 -1.20845175
v 0.06375961 -0.01219647 -1.16934192
v 0.06318139 -0.01466663 -1.19266844
v -0.00024012 -0.00286981 -1.32455897
v -0.07620858 0.17901556 -0.97237492
v 0.01649245 0.18054581 -0.87278998
v -0.15582770 0.02439358 -1.35538924
v -0.15382594 0.04407636 -1.35971761
v -0.13318843 0.10607601 -1.37036002
v -0.11173221 0.12182964 -1.37717807
v -0.14729649 0.08653154 -1.36243153
v -0.15541625 0.06522118 -1.35495138
v 0.01306557 0.10815004 -1.10847664
v -0.16580248 0.04547826 -1.32286656
v -0.16075628 0.06675273 -1.34354496
v -0.15371823 0.09187186 -1.35114646
v -0.13910563 0.11490694 -1.35834122
v -0.11563663 0.13667193 -1.36628890
v -0.10555358 0.15074599 -1.36216807
v -0.10777812 0.16916092 -1.33760703
v -0.09397316 0.18525045 -1.32598019
v -0.07648668 0.18784420 -1.33641446
v -0.08373268 0.17961153 -1.34603143
v -0.10100403 0.17706214 -1.33302236
v -0.07699384 0.21111913 -1.22609890
v -0.09338018 0.20515196 -1.19533324
v -0.08304434 0.21059546 -1.20770562
v -0.10380109 0.19534533 -1.18677270
v -0.10974148 0.18614985 -1.18138182
v -0.11388732 0.17615083 -1.18078339
v -0.11643949 0.16791655 -1.18877327
v -0.11329223 0.14795826 -1.21768248
v -0.11144320 0.14624782 -1.22741616
v -0.11874007 0.15916082 -1.21789479
v -0.12144685 0.15800621 -1.21322358
v -0.13177840 0.14409064 -1.18980300
v -0.13585864 0.13642606 -1.17543006
v -0.14162871 0.12569149 -1.16143727
v -0.13698550 0.11586807 -0.95019007
v -0.13061702 0.11001560 -0.96685892
v -0.14329016 0.09230089 -0.96636379
v -0.15033785 0.09868026 -0.94922781
v -0.14569716 0.04194736 -1.00199783
v -0.14673422 0.01855518 -1.00207210
v -0.07081971 0.14407550 -0.96303821
v -0.04460300 0.14518388 -0.95780104
v -0.11394681 0.12514965 -0.96746576
v -0.09457761 0.13662712 -0.96605074
v -0.01897738 0.13919216 -0.95096147
v 0.05199165 0.07032722 -0.91711307
v 0.06334634 0.04810785 -0.91031468
v 0.07515968 0.00344071 -0.90180802
v 0.07574138 -0.01813530 -0.89984000
v 0.00415017 0.12712319 -0.94209659
v 0.07136759 0.02549786 -0.90512311
v 0.02333665 0.11120750 -0.93319362
v 0.03914789 0.09149096 -0.92471772
v -0.14115021 0.06317490 -1.00217235
v -0.14577287 0.06718491 -0.98362148
v -0.13822207 0.08622806 -0.98382139
v -0.18161772 0.06553588 -1.22868383
v -0.18381418 0.04432409 -1.22693193
v -0.17946410 0.08627395 -1.23119152
v -0.17548917 0.10209304 -1.25526905
v -0.17388797 0.10429872 -1.23701990
v -0.16611782 0.12039313 -1.24329317
v -0.16749403 0.11854965 -1.25955880
v -0.14929704 0.14733578 -1.26326358
v -0.14874184 0.14690152 -1.25070441
v -0.14182262 0.15587395 -1.25197291
v -0.14189269 0.15769935 -1.26360250
v -0.12911399 0.16643003 -1.25289857
v -0.13525370 0.16278440 -1.25233710
v -0.12194701 0.16742676 -1.25215518
v -0.12025996 0.16978608 -1.24657404
v -0.11965527 0.18277279 -1.26662874
v -0.12362975 0.17855495 -1.27311742
v -0.14721644 0.14973810 -1.27707779
v -0.15688594 0.13577457 -1.27711833
v -0.17855334 0.04385684 -1.25903702
v -0.17732362 0.02381215 -1.25501633
v -0.02604798 0.14816070 -1.18336189
v -0.04708879 0.15289021 -1.17936969
v -0.06685353 0.15624398 -1.17830431
v -0.08474290 0.15885301 -1.17912602
v -0.10097723 0.15697166 -1.18451452
v -0.11548884 0.15459870 -1.19084656
v -0.12477918 0.15518919 -1.20694840
v -0.12828796 0.15076850 -1.19926381
v -0.13400048 0.15231268 -1.21623147
v -0.13889191 0.14626822 -1.20955408
v -0.15378688 0.13798225 -1.23393834
v -0.14723793 0.14206530 -1.22112310
v -0.15765639 0.13499261 -1.24780154
v -0.15859491 0.13403855 -1.26230359
v -0.16612728 0.11919757 -1.27619469
v -0.17433304 0.10181065 -1.27331424
v -0.17197254 0.08641180 -1.30537820
v -0.17663814 0.08389708 -1.28751695
v -0.17950316 0.08362815 -1.26900589
v -0.18079767 0.08380846 -1.25098097
v -0.11292416 0.08276644 -1.39186001
v -0.12764309 0.06580046 -1.38826311
v -0.11744513 0.17056295 -1.19696856
v -0.11547183 0.17725487 -1.19442666
v -0.11702237 0.17642561 -1.20384586
v -0.11802183 0.17249033 -1.20313907
v -0.11223172 0.18394904 -1.19583404
v -0.10728872 0.19242164 -1.20066345
v -0.11038160 0.18951437 -1.21194160
v -0.11496195 0.18110213 -1.20666921
v -0.09932718 0.20048864 -1.20842862
v -0.10439697 0.19677073 -1.21972072
v -0.09192002 0.20547651 -1.21878791
v -0.08733901 0.20748317 -1.23172593
v -0.09330492 0.20500574 -1.23578990
v -0.09813488 0.20202225 -1.22820711
v -0.10245121 0.19695210 -1.27356267
v -0.09836206 0.20115860 -1.26056385
v -0.09498805 0.20373006 -1.24672401
v -0.12025200 0.17295569 -1.23754716
v -0.11925982 0.17632973 -1.22760904
v -0.11700797 0.17862144 -1.21618915
v -0.11336137 0.18658651 -1.22303224
v -0.11691971 0.18364237 -1.23519266
v -0.11930966 0.18013075 -1.24626613
v -0.18204014 0.06373948 -1.24703753
v -0.18144198 0.04366319 -1.24279010
v -0.12927771 0.17072150 -1.26355982
v -0.13569836 0.16540657 -1.26391530
v -0.12333958 0.17436211 -1.26214433
v -0.12078662 0.17720224 -1.25628746
v -0.12860717 0.17441997 -1.27575171
v -0.13430151 0.16888011 -1.27659941
v -0.14042683 0.16067824 -1.27682424
v -0.18001589 0.06442651 -1.26453471
v -0.18109424 0.02406356 -1.23975837
v -0.00064480 0.15470970 -1.30182290
v -0.01067284 0.16833031 -1.32222974
v -0.02832329 0.18213566 -1.33659267
v -0.05282939 0.18891101 -1.34154463
v -0.06604131 0.14859340 -1.04159045
v -0.14759505 0.01574534 -1.04954302
v -0.14494114 0.01643397 -1.02621400
v -0.14511222 0.03806199 -1.02425516
v -0.17645581 0.02293239 -1.16046858
v -0.18530686 0.02429932 -1.22590077
v 0.07146493 0.07776236 -1.20936584
v 0.07512131 0.06445862 -1.21105349
v 0.06611118 0.06717954 -1.22441578
v 0.06244952 0.08085439 -1.22272384
v 0.06052973 0.10010275 -1.20586789
v 0.06661709 0.08970603 -1.20780385
v 0.05819184 0.09307501 -1.22095132
v 0.05258334 0.10400043 -1.21813440
v 0.05336281 0.10952216 -1.20226192
v 0.04603082 0.11344648 -1.21433496
v 0.07331869 0.08707240 -1.19352698
v 0.07874379 0.07534426 -1.19478786
v 0.08194582 0.06235290 -1.19627666
v 0.05914277 0.10607224 -1.18972743
v 0.06652993 0.09721328 -1.19203496
v -0.01225879 -0.00757441 -1.39077234
v -0.01437488 -0.00202556 -1.34772778
v -0.01887301 -0.00216581 -1.35768676
v 0.05869498 -0.01422110 -1.21210361
v 0.04447081 -0.01056057 -1.24648643
v 0.03496096 -0.00786979 -1.25824678
v 0.02699107 -0.00573337 -1.27363515
v -0.00780674 -0.00229161 -1.33738363
v 0.05196907 -0.01280331 -1.22893095
v -0.13319704 0.15004502 -0.78225672
v -0.15400770 0.13141674 -0.76524484
v -0.14706236 0.13858712 -0.79004395
v -0.16216190 0.12658606 -0.77785194
v -0.11373995 0.15352842 -0.85863370
v -0.12352329 0.14922914 -0.83220613
v -0.10695153 0.15407905 -0.88473916
v -0.17601717 0.10812608 -0.77057225
v -0.18651496 0.08549450 -0.76906902
v -0.19158033 0.08836132 -0.78952241
v -0.13235717 0.14335097 -0.88370389
v -0.13763362 0.14294431 -0.85777938
v -0.13443060 0.14639744 -0.80922788
v -0.15084732 0.13742310 -0.81000406
v -0.15479270 0.13430466 -0.79554135
v -0.17988592 0.10934668 -0.78855282
v -0.16656828 0.12402690 -0.79052353
v -0.18171582 0.03474464 -0.92902863
v -0.17573224 0.06320558 -0.92820388
v -0.16671422 0.05751740 -0.94720602
v -0.14291686 0.12272515 -0.93129247
v -0.11898419 0.13117370 -0.95098484
v -0.16706684 0.12516078 -0.80812323
v -0.18183081 0.11063952 -0.80963051
v -0.19540195 0.08835790 -0.81191373
v -0.18547463 0.09146181 -0.88624084
v -0.19216256 0.09088258 -0.86281937
v -0.17825744 0.11224034 -0.86004472
v -0.17156552 0.11253238 -0.88469112
v -0.14854416 0.12724784 -0.90874487
v -0.15381756 0.12945056 -0.88376677
v -0.17708017 0.08978354 -0.90839756
v -0.16457520 0.11016905 -0.90837932
v -0.15749887 0.10528415 -0.92989469
v -0.15935567 0.12982006 -0.85759938
v -0.20535052 0.06290874 -0.84023118
v -0.19582163 0.09025110 -0.83805323
v -0.20774263 0.03306863 -0.84190303
v -0.16807829 0.08557907 -0.92909324
v -0.15946329 0.07967465 -0.94811440
v -0.15209652 0.07270873 -0.96622169
v -0.14167440 0.05973657 -1.02275920
v -0.00107017 0.11813881 -0.55733091
v -0.04705046 -0.01546508 -0.72400719
v -0.07413945 -0.01641670 -0.73294324
v -0.01485689 0.15650372 -0.81595564
v -0.08920892 0.16329759 -0.79911888
v -0.11535069 0.15354143 -0.80469942
v 0.01705403 0.01396915 -0.72397476
v -0.00381680 -0.00347525 -0.71819121
v 0.00954721 0.13607973 -0.80640435
v 0.03762503 0.09504113 -0.75956196
v -0.02431188 -0.01102698 -0.71813965
v -0.14413048 0.14162616 -0.83264846
v -0.16406952 0.12721586 -0.83094490
v -0.18120673 0.11247043 -0.83426201
v -0.20465414 0.06164780 -0.81553900
v -0.20666897 0.03135331 -0.81915551
v 0.03635041 -0.00785401 -0.77182472
v 0.04051148 -0.01479563 -0.78053319
v 0.03836629 -0.02428273 -0.77853370
v 0.03112839 -0.02121939 -0.76633155
v 0.04990150 0.07145770 -0.89714891
v 0.06016155 0.04865594 -0.88991344
v 0.07057546 0.00227586 -0.88075101
v 0.07082522 -0.01904890 -0.87879360
v 0.00378374 0.13042851 -0.92374671
v 0.06736816 0.02480804 -0.88452536
v 0.02265592 0.11405379 -0.91412902
v 0.03775786 0.09344919 -0.90520388
v -0.11882241 0.05586357 -0.12745380
v -0.11540735 0.05699159 -0.09895730
v -0.13053940 0.05499829 -0.10057592
v -0.13319026 0.05159344 -0.12906814
v -0.16332473 0.06180019 -0.13310981
v -0.15351784 0.05255327 -0.13086402
v -0.16839647 0.07581749 -0.13510609
v -0.16656892 0.07223260 -0.10575259
v -0.16319871 0.08415914 -0.10742891
v -0.16671292 0.08932403 -0.13487780
v -0.15962356 0.09918406 -0.13544929
v -0.13049169 0.11030935 -0.10773957
v -0.13167094 0.11627293 -0.13410640
v -0.14934273 0.10812496 -0.13590145
v -0.14727020 0.10280978 -0.10851312
v -0.11147280 0.11313745 -0.13038683
v -0.11043790 0.10673737 -0.10598576
v -0.09763871 0.10060433 -0.12703800
v -0.10467361 0.06356171 -0.12580788
v -0.10028474 0.06283057 -0.09827089
v -0.16192716 0.06025596 -0.10374987
v -0.15096574 0.05373365 -0.10142469
v -0.14303257 0.04990377 -0.13046730
v -0.14102192 0.05462310 -0.10100818
v -0.12568063 0.05755478 -0.07102609
v -0.10929599 0.05429590 -0.06941843
v -0.16119109 0.06222489 -0.07535267
v -0.14835505 0.05926072 -0.07388639
v -0.15960941 0.08288874 -0.08090830
v -0.16658713 0.07223580 -0.07838690
v -0.14597631 0.10288598 -0.08597982
v -0.15592320 0.09362043 -0.10799754
v -0.15260281 0.09292007 -0.08343601
v -0.13000765 0.10810208 -0.08526635
v -0.10693249 0.10498591 -0.08631599
v -0.09290257 0.06241848 -0.07256269
v -0.13777684 0.05925098 -0.07345462
v 0.04797729 0.16671099 -0.06264770
v 0.04604692 0.16989757 -0.06562102
v 0.04640997 0.17400385 -0.06360304
v 0.04936685 0.16914411 -0.05865276
v 0.06871152 0.13291627 -0.04069829
v 0.06871253 0.13847078 -0.04747427
v 0.06672716 0.14558068 -0.04160702
v 0.06751883 0.13787730 -0.03189206
v 0.05603430 0.16565783 -0.05158019
v 0.05763179 0.16190487 -0.04862714
v 0.06135318 0.15966162 -0.05143392
v 0.05862168 0.16559793 -0.05636215
v 0.00783778 0.18740281 -0.07088351
v 0.01028508 0.18452528 -0.06886292
v 0.01260464 0.18214329 -0.07270586
v 0.00892267 0.18582645 -0.07476735
v 0.02797194 0.18313089 -0.06522524
v 0.03033217 0.18074279 -0.06222498
v 0.03313405 0.17828718 -0.06604910
v 0.02934984 0.18210939 -0.06811321
v 0.04466501 0.13448767 -0.04850292
v 0.05880787 0.13693169 -0.04985154
v 0.05948948 0.12850447 -0.04014945
v 0.04537881 0.12236997 -0.03982055
v 0.05766306 0.12867761 -0.02751613
v 0.05368877 0.13743116 -0.02757502
v 0.04001929 0.13413902 -0.02426243
v 0.04235648 0.12344865 -0.02624798
v 0.05302488 0.14744276 -0.03628016
v 0.04018687 0.14490542 -0.03390217
v 0.04254219 0.14562146 -0.04552603
v 0.05610417 0.14942376 -0.04883695
v 0.03872635 0.16011703 -0.05723906
v 0.04967162 0.16602923 -0.05965447
v 0.05213133 0.15801820 -0.06062615
v 0.04049255 0.15150645 -0.06020081
v 0.05516428 0.15203589 -0.05568612
v 0.04454676 0.14422208 -0.05327964
v 0.04472191 0.14747547 -0.04346037
v 0.05691030 0.15198116 -0.04681909
v 0.05206210 0.15873438 -0.04498243
v 0.04039798 0.15402523 -0.04160476
v 0.03774096 0.16035573 -0.04848003
v 0.04885929 0.16537744 -0.05089903
v 0.04270809 0.16354750 -0.06192279
v 0.03393230 0.15735705 -0.06235421
v 0.02942464 0.16409343 -0.06930029
v 0.04002905 0.16861172 -0.06685925
v 0.03149110 0.16693483 -0.05256701
v 0.03517226 0.16046554 -0.05347049
v 0.04413480 0.16479351 -0.05403090
v 0.04124587 0.17054231 -0.05408096
v 0.03872410 0.17582941 -0.05900836
v 0.02807600 0.17299309 -0.05849910
v 0.02842705 0.17223401 -0.06729007
v 0.03878567 0.17569648 -0.06584895
v 0.02352047 0.17740895 -0.07329345
v 0.01335118 0.17331801 -0.07571173
v 0.01160601 0.18044411 -0.07276666
v 0.02185664 0.18304135 -0.07036281
v 0.01873593 0.16835222 -0.07164109
v 0.02659379 0.17281353 -0.07029021
v 0.01751839 0.17649122 -0.06084359
v 0.02145076 0.17067127 -0.06563866
v 0.02827856 0.17282102 -0.06435716
v 0.02555518 0.17822719 -0.06049490
v 0.02233035 0.18360397 -0.06447256
v 0.01220701 0.18193957 -0.06490552
v 0.00086326 0.18709171 -0.07703626
v 0.00261355 0.18243362 -0.07995188
v -0.00583683 0.18016119 -0.08130109
v -0.00868319 0.18505715 -0.07549524
v 0.00034272 0.17570892 -0.07816923
v 0.00660956 0.17782083 -0.07691109
v -0.00053192 0.18229669 -0.06639874
v 0.00235559 0.17802928 -0.07317281
v 0.00764422 0.17842129 -0.07099760
v 0.00567319 0.18309544 -0.06711328
v 0.00197336 0.18803334 -0.07013810
v -0.00613026 0.18606070 -0.07049227
v 0.03112652 0.11773837 -0.03947973
v 0.02990397 0.13462441 -0.04812658
v 0.06210518 0.14066094 -0.03110278
v 0.02790435 0.12018775 -0.02492177
v 0.06162802 0.14600632 -0.03594601
v 0.02714330 0.14553830 -0.03442717
v 0.02562219 0.13124005 -0.02292967
v 0.03623116 0.14381613 -0.04287291
v 0.05848989 0.16073333 -0.05935705
v 0.03016575 0.15715614 -0.05371404
v 0.02136149 0.16008703 -0.04621983
v 0.06002710 0.15698956 -0.05640638
v 0.02411640 0.14816889 -0.05895400
v 0.01170376 0.16083767 -0.06810737
v 0.04629080 0.17254087 -0.05678356
v 0.04492872 0.17525278 -0.05876184
v 0.01081370 0.17275332 -0.05725193
v 0.01936165 0.16950883 -0.06573761
v 0.02913672 0.17873846 -0.07109380
v 0.00243423 0.17814071 -0.07316828
v -0.00312075 0.18103424 -0.06358719
v 0.03101574 0.17633560 -0.07006812
v -0.00301285 0.17052521 -0.07739007
v 0.00814541 0.18264745 -0.07679141
v -0.01639874 0.18545893 -0.06700909
v -0.02082944 0.18393074 -0.07502699
v 0.01054344 0.18041225 -0.07574260
v -0.01636435 0.17730647 -0.08078718
v -0.09450423 0.07277536 -0.12332916
v -0.09097637 0.07105582 -0.09877121
v -0.09259391 0.08336409 -0.12410355
v -0.09540534 0.09453271 -0.10356152
v -0.08951050 0.08045151 -0.10153246
v -0.08254954 0.07222120 -0.07691121
v -0.09008127 0.09480494 -0.08477092
v -0.08216374 0.08261932 -0.08165944
v -0.14726982 0.10650466 -0.07035196
v -0.13213708 0.11338247 -0.07258511
v -0.15437315 0.09552706 -0.06588471
v -0.16875580 0.07678165 -0.05887425
v -0.16258091 0.08677238 -0.06241369
v -0.07185052 0.07811833 -0.06272161
v -0.08600275 0.06845465 -0.05461705
v -0.07030280 0.09019947 -0.07131207
v -0.08073143 0.10253906 -0.07550156
v 0.01567859 0.10833406 -0.03826666
v -0.00491629 0.10412385 -0.03524768
v -0.00558340 0.11007996 -0.05181992
v 0.01277554 0.12209073 -0.05092859
v -0.01335926 0.12454509 -0.06271756
v 0.00532698 0.13682339 -0.05887759
v -0.02434821 0.13865426 -0.06788635
v -0.00566549 0.14975156 -0.06699264
v -0.03642287 0.15155368 -0.07213640
v -0.01885904 0.16164020 -0.07423246
v -0.04807575 0.16407137 -0.07246435
v -0.03061249 0.17239211 -0.07849479
v -0.05372695 0.17496778 -0.06767941
v -0.03597880 0.18211648 -0.07273471
v 0.01232884 0.11272509 -0.02075887
v -0.00835408 0.10905731 -0.01969182
v 0.00792268 0.12791054 -0.01782727
v -0.01238127 0.12439656 -0.01478815
v 0.00317520 0.14164899 -0.02763247
v -0.01734423 0.13777997 -0.02362907
v -0.05043875 0.17947419 -0.05771828
v -0.03177721 0.18461429 -0.06178260
v -0.00495316 0.15481009 -0.03856003
v -0.02541358 0.15031485 -0.03456151
v -0.01438015 0.16764039 -0.04758966
v -0.03465764 0.16297618 -0.04260826
v -0.02375964 0.17783597 -0.05469370
v -0.04353647 0.17321880 -0.04969132
v -0.02761462 0.09896471 -0.05089581
v -0.03346280 0.11110765 -0.06565177
v -0.04536049 0.12532029 -0.06890166
v -0.05794750 0.13919730 -0.06827426
v -0.06887577 0.15290937 -0.06562626
v -0.07410562 0.16550487 -0.06275880
v -0.08505198 0.12788644 -0.06853688
v -0.09242146 0.14278363 -0.05888808
v -0.09444793 0.15561324 -0.05490983
v -0.11636719 0.13483503 -0.05311787
v -0.11614172 0.14654508 -0.04710615
v -0.15396574 0.12207524 -0.04209757
v -0.15598869 0.13608585 -0.03517306
v -0.13815233 0.13965897 -0.04124439
v -0.13749307 0.12707326 -0.04723036
v -0.11203070 0.12311640 -0.06285298
v -0.13415423 0.11640621 -0.05894852
v -0.14957248 0.10916641 -0.05477655
v -0.16753384 0.13007130 -0.02887380
v -0.16568282 0.11686280 -0.03775060
v -0.17548676 0.10825477 -0.03238833
v -0.17499015 0.11995878 -0.02147865
v -0.17863385 0.09477778 -0.02192485
v -0.17610109 0.10714093 -0.00994694
v -0.16593249 0.08578574 -0.01369357
v -0.16430138 0.09668179 -0.00176978
v -0.16831718 0.09540712 -0.04788530
v -0.15924752 0.10277824 -0.05036008
v -0.17313588 0.08453935 -0.04136872
v -0.16281223 0.07563684 -0.03518820
v -0.14562435 0.07406286 -0.03450513
v -0.14581083 0.08378162 -0.01387322
v -0.14542191 0.09248667 -0.00007129
v -0.02898121 0.09996709 -0.03334701
v -0.03265407 0.10661162 -0.02169001
v -0.06470238 0.11314205 -0.07276726
v -0.05331935 0.09899036 -0.06856012
v -0.05514405 0.08703980 -0.05118310
v -0.05469584 0.09195338 -0.02960455
v -0.05868686 0.10335478 -0.01888168
v -0.08147155 0.10044867 -0.01495934
v -0.07888943 0.08748129 -0.02282608
v -0.03676837 0.11889581 -0.01780343
v -0.06243093 0.11478887 -0.01889956
v -0.08469870 0.11153936 -0.01398265
v -0.10098720 0.09690259 -0.00993359
v -0.09953131 0.08540320 -0.01782894
v -0.11721301 0.09429158 -0.00573993
v -0.11721899 0.08475221 -0.01758134
v -0.13106047 0.08368175 -0.01620436
v -0.13057193 0.09243332 -0.00239778
v -0.11960094 0.07375025 -0.03442383
v -0.13234824 0.07328868 -0.03494966
v -0.10129584 0.07435111 -0.03366947
v -0.07962998 0.07744560 -0.03861284
v -0.07189105 0.17103922 -0.05282938
v -0.09300451 0.16168846 -0.04793751
v -0.11375208 0.15199974 -0.04107988
v -0.13500236 0.14594987 -0.03322244
v -0.15152256 0.14078282 -0.02516150
v -0.16122440 0.13487487 -0.01976311
v -0.16776463 0.11534707 -0.00462282
v -0.16790169 0.12638924 -0.01329434
v -0.15980147 0.10674310 0.00146484
v -0.14470597 0.10565600 0.00304568
v -0.13171822 0.10541958 0.00259566
v -0.10386683 0.10838114 -0.00600612
v -0.11897002 0.10650697 -0.00078058
v -0.10480657 0.06058536 -0.04863596
v -0.12229718 0.06158835 -0.04933822
v -0.13482986 0.06365976 -0.05178010
v -0.16109689 0.06770387 -0.05475938
v -0.14618425 0.06536619 -0.05417812
v -0.04193933 0.13211703 -0.02274525
v -0.04976864 0.14470349 -0.03171253
v -0.05829049 0.15663740 -0.03973842
v -0.06586853 0.16592324 -0.04580235
v -0.08830303 0.15825537 -0.04094446
v -0.08234450 0.14995733 -0.03493500
v -0.07492027 0.13893159 -0.02694321
v -0.06738830 0.12621410 -0.02189910
v -0.10908999 0.14993049 -0.03407240
v -0.10357660 0.14332274 -0.02903855
v -0.09720102 0.13319767 -0.02107882
v -0.08962712 0.12269568 -0.01600683
v -0.10895807 0.11882167 -0.00804532
v -0.11640015 0.12745194 -0.01313412
v -0.12254886 0.13678414 -0.02011645
v -0.12881069 0.14278311 -0.02616549
v -0.14406815 0.13694718 -0.01903832
v -0.13719369 0.13087232 -0.01394260
v -0.13104768 0.12314526 -0.00694132
v -0.12424469 0.11574110 -0.00284159
v -0.15260038 0.13198930 -0.01455832
v -0.15995862 0.11921673 -0.00425851
v -0.15843263 0.12612560 -0.00997877
v -0.15532877 0.11374895 -0.00022447
v -0.14501660 0.11340950 0.00019240
v -0.13483106 0.11421794 -0.00035954
v -0.13964257 0.12047171 -0.00536907
v -0.14669749 0.11879753 -0.00372207
v -0.14535715 0.12748051 -0.01040637
v -0.15138237 0.12390339 -0.00776243
v -0.15245697 0.11768389 -0.00299299
v -0.15472341 0.12053382 -0.00500655
v -0.10310115 0.11133160 -0.07337868
v -0.05314550 0.09928509 -0.39450341
v -0.05480089 0.08589763 -0.39814991
v -0.05581944 0.11505251 -0.39735848
v 0.02785264 0.11371657 -0.79541445
v 0.06175811 0.05140372 -1.01809597
v 0.05808903 0.05609383 -1.06241643
v 0.05992042 0.05361921 -1.03989136
v 0.02670436 0.11917809 -0.76680863
v 0.01268763 0.10944683 -1.08819628
v 0.05262717 0.08463163 -1.23647141
v -0.12864934 -0.18255697 -0.02022779
v -0.11107834 -0.18546802 -0.02736390
v -0.11370948 -0.17602025 -0.03615606
v 0.05553552 -0.01741938 -1.51224744
v -0.00301335 0.05121287 -1.48890400
v -0.01043028 0.05140814 -1.48175192
v -0.00488212 0.04733009 -1.47008955
v 0.00335149 0.04751936 -1.47805882
v 0.00102829 0.04138924 -1.45916724
v 0.00806852 0.04370698 -1.46899271
v 0.00794907 0.03418761 -1.45017350
v 0.01346874 0.03837960 -1.46040535
v 0.01603953 0.02791836 -1.44454169
v 0.02021261 0.03267958 -1.45445538
v 0.03309911 0.01136837 -1.43903172
v 0.02894218 0.00968839 -1.43409002
v 0.03418084 0.00282496 -1.43053651
v 0.03853570 0.00328003 -1.43426275
v 0.03885702 -0.00468005 -1.42774642
v 0.04296601 -0.00456217 -1.43124247
v 0.04077053 -0.01278512 -1.42617583
v 0.04508423 -0.01322419 -1.42918134
v 0.04077384 -0.02196945 -1.42579544
v 0.04513045 -0.02256331 -1.42892325
v 0.04949753 -0.02328148 -1.43754983
v 0.04973881 -0.01448578 -1.43780255
v 0.04810749 -0.01388075 -1.43321955
v 0.04781784 -0.02293192 -1.43272746
v 0.04741655 -0.00663464 -1.43939292
v 0.04558353 -0.00532763 -1.43480980
v 0.04366762 0.00035191 -1.44263983
v 0.04148863 0.00219226 -1.43818676
v 0.03937529 0.00888059 -1.44808996
v 0.03646974 0.01087371 -1.44342029
v 0.03778210 0.01549841 -1.45418537
v 0.03386864 0.01891279 -1.45137274
v 0.03456064 -0.01323924 -1.42399120
v 0.03534770 -0.02132616 -1.42356598
v 0.03256825 -0.00593331 -1.42508578
v 0.02876339 0.00093615 -1.42735910
v 0.02396394 0.00688172 -1.42992830
v 0.02355907 0.02018663 -1.44029438
v 0.01772688 0.01362420 -1.43291318
v 0.01176386 0.02224475 -1.43794167
v 0.00295841 0.02908602 -1.44359589
v -0.00495367 0.03795988 -1.45309901
v -0.01221413 0.04612368 -1.46466100
v -0.01815481 0.05065398 -1.47755587
v -0.01506251 0.05330970 -1.48998189
v 0.04774571 -0.00759531 -1.44366682
v 0.05001737 -0.01506180 -1.44244051
v 0.04483075 -0.00108431 -1.44639671
v 0.04155324 0.00640999 -1.45181751
v 0.04045426 0.01194063 -1.45741701
v 0.04238359 0.01653286 -1.46986759
v 0.04104958 0.01553743 -1.46333659
v 0.04632327 0.01440383 -1.48255992
v 0.04416068 0.01597939 -1.47639894
v 0.04392737 0.02282600 -1.48952210
v 0.04009688 0.02501325 -1.48097849
v 0.04236350 0.02038666 -1.47800839
v 0.04530439 0.01871654 -1.48548269
v 0.04223207 0.02674374 -1.49565363
v 0.03744591 0.02951331 -1.48567605
v 0.02904992 -0.01368326 -1.42226672
v 0.02899462 -0.02078745 -1.42174196
v 0.02692145 -0.00720960 -1.42313230
v 0.02300699 -0.00162172 -1.42444789
v 0.01769299 0.00314155 -1.42558587
v 0.01164009 0.00856865 -1.42735708
v 0.00516720 0.01514874 -1.43047571
v -0.00250987 0.02373110 -1.43606329
v -0.01105598 0.03418521 -1.44569600
v -0.01852384 0.04441075 -1.46029627
v -0.02428881 0.04954024 -1.47366560
v 0.00385946 0.00170623 -1.42030334
v 0.00935083 -0.00284386 -1.42049944
v 0.01384183 -0.00640476 -1.42048025
v 0.01751324 -0.00970721 -1.42061377
v 0.01623585 -0.01370641 -1.41936922
v 0.01511660 -0.01945943 -1.41874993
v 0.00853155 -0.01364315 -1.41723967
v 0.00798497 -0.01876671 -1.41695595
v 0.00401574 -0.01092984 -1.41519284
v 0.00287121 -0.01817508 -1.41422558
v 0.00016638 -0.00854528 -1.41251183
v 0.00088099 -0.02060342 -1.41152549
v 0.03822790 0.01973300 -1.46169186
v 0.03443990 0.02418845 -1.46118295
v 0.03662265 0.02576847 -1.47133756
v 0.03281262 0.03069894 -1.47473359
v 0.02971443 0.02934243 -1.46241450
v 0.03978856 0.02100020 -1.46979868
v 0.02377627 0.03550585 -1.46661580
v 0.02846644 0.03595589 -1.47973573
v 0.03459485 0.03397556 -1.49172616
v 0.02458641 0.03979927 -1.48559082
v 0.01812487 0.04052553 -1.47314012
v 0.03095241 0.03804060 -1.49646926
v 0.02741011 0.04140704 -1.50097239
v 0.02105596 0.04268116 -1.49070990
v 0.01451005 0.04369359 -1.47972536
v 0.02821999 0.02342961 -1.44886220
v 0.01022852 0.04650272 -1.48646426
v 0.02362538 0.04419328 -1.50549209
v 0.01693181 0.04535607 -1.49646664
v 0.01867252 0.04697262 -1.51177001
v 0.01003421 0.04881134 -1.50330460
v 0.00287643 0.05018162 -1.49502861
v -0.01065086 0.05451211 -1.49797320
v 0.04998480 -0.02329626 -1.44217265
v -0.09106855 -0.17265162 -0.05767155
v -0.11370997 -0.16783814 -0.05169737
v -0.12982102 -0.16201107 -0.04739940
v -0.14059503 -0.17738324 -0.01479006
v -0.14211901 -0.16718751 -0.02646041
v -0.15278305 -0.15933503 -0.02289343
v -0.14947978 -0.16736877 -0.00917029
v -0.15752487 -0.14449504 -0.01509273
v -0.15220451 -0.15265147 -0.00128865
v -0.14678369 -0.13157728 -0.01059222
v -0.14269409 -0.13849664 0.00317621
v -0.14950813 -0.14925462 -0.04121077
v -0.13972555 -0.15610848 -0.04480183
v -0.15537660 -0.13770786 -0.03642714
v -0.14675532 -0.12625642 -0.03203046
v -0.13010395 -0.12252882 -0.03326142
v -0.12761429 -0.12706132 -0.01171112
v -0.12497461 -0.13124649 0.00300789
v -0.01112241 -0.12509927 -0.03723097
v -0.01278347 -0.12951863 -0.02464509
v -0.04565329 -0.15502752 -0.07222474
v -0.03622011 -0.13721068 -0.07162929
v -0.03965182 -0.12209441 -0.05595291
v -0.03755189 -0.12158575 -0.03338158
v -0.03893093 -0.13104744 -0.02084374
v -0.06162939 -0.13114522 -0.01590729
v -0.06175274 -0.12107506 -0.02556705
v -0.01412687 -0.14081097 -0.01701438
v -0.04040319 -0.14175588 -0.01712084
v -0.06282963 -0.14123388 -0.01118851
v -0.08141285 -0.12962465 -0.00887799
v -0.08230436 -0.12125361 -0.02054393
v -0.09763291 -0.12945916 -0.00465131
v -0.09985501 -0.12395339 -0.01738274
v -0.11345553 -0.12557201 -0.01502502
v -0.11091858 -0.12949462 -0.00030720
v -0.10480998 -0.11825105 -0.03511047
v -0.11727895 -0.12013055 -0.03466427
v -0.08684121 -0.11604711 -0.03826034
v -0.06500460 -0.11598533 -0.04420984
v -0.04010573 -0.20598119 -0.03546000
v -0.06258769 -0.19942866 -0.03141356
v -0.08455703 -0.19224899 -0.02538395
v -0.10606009 -0.18789136 -0.01741385
v -0.12268421 -0.18352012 -0.01022196
v -0.13299325 -0.17797898 -0.00471306
v -0.14257766 -0.15731242 0.00491345
v -0.14077282 -0.16972028 -0.00004625
v -0.13630579 -0.14634886 0.00823116
v -0.12187295 -0.14176245 0.00887454
v -0.10918249 -0.14008428 0.00745761
v -0.08204089 -0.13975655 -0.00315905
v -0.09689900 -0.13946383 0.00307953
v -0.09270242 -0.10581549 -0.05303931
v -0.10995901 -0.10957415 -0.05183351
v -0.12166306 -0.11366887 -0.05138218
v -0.14728837 -0.12057651 -0.05153251
v -0.13268480 -0.11667743 -0.05186772
v -0.01684524 -0.15488259 -0.01826894
v -0.02245970 -0.17049612 -0.02259207
v -0.02882650 -0.18537761 -0.02693713
v -0.03482756 -0.19775794 -0.02928317
v -0.05817577 -0.19304825 -0.02529383
v -0.05369554 -0.18230502 -0.02205193
v -0.04823565 -0.16851950 -0.01775670
v -0.04320009 -0.15381400 -0.01640010
v -0.07998514 -0.18725081 -0.01927400
v -0.07559265 -0.17809890 -0.01605451
v -0.07102133 -0.16528873 -0.01180708
v -0.06562525 -0.15267500 -0.01046050
v -0.08487248 -0.15077776 -0.00145006
v -0.09049942 -0.16161048 -0.00376248
v -0.09504130 -0.17331420 -0.00799561
v -0.10026357 -0.18158121 -0.01221585
v -0.11599067 -0.17683549 -0.00596023
v -0.11018543 -0.16876327 -0.00269580
v -0.10554814 -0.15830851 0.00152647
v -0.10008395 -0.14961115 0.00380695
v -0.12488753 -0.17260320 -0.00138652
v -0.13414815 -0.15958644 0.00523078
v -0.13142554 -0.16723204 0.00231946
v -0.13070054 -0.15238880 0.00838864
v -0.12070704 -0.14994633 0.00784802
v -0.11066810 -0.14934476 0.00631022
v -0.11428875 -0.15715082 0.00411546
v -0.12138659 -0.15634966 0.00579000
v -0.11875243 -0.16592154 0.00089753
v -0.03845779 0.05159225 -1.49034643
v 0.05172932 -0.00219955 -1.48974347
v 0.05360453 -0.00753357 -1.49217343
v -0.12504011 -0.16314557 0.00262845
v -0.12715952 -0.15622686 0.00653315
v 0.05609723 -0.01283065 -1.49286723
v 0.05789295 -0.01696881 -1.49333143
v 0.05870732 -0.02088170 -1.49310017
v -0.12890647 -0.15987505 0.00446391
v -0.08575517 -0.16099538 -0.07100022
v -0.05663690 -0.11383791 -0.39471972
v -0.05841166 -0.09898358 -0.39559406
v -0.00635934 -0.01921196 -1.40105355
v 0.05265978 -0.02390204 -1.56204307
v -0.00200015 -0.02013525 -1.40711725
v 0.03676858 -0.02147395 -1.45735121
v -0.02220956 -0.01370797 -1.65172088
v 0.05016222 -0.02341434 -1.44717586
v 0.03971001 -0.02195132 -1.46175718
v 0.06980304 -0.02605341 -1.52056336
v 0.04978047 -0.02349585 -1.45195711
v 0.05516313 -0.02452761 -1.46250057
v 0.05381026 -0.02438081 -1.46841836
v 0.04488345 -0.02330949 -1.59949374
v 0.05503860 -0.02453861 -1.46568227
v 0.05842962 -0.02448935 -1.49535322
v 0.07278980 -0.02650451 -1.51653731
v 0.05259980 -0.02422915 -1.47005415
v -0.11324491 0.00191888 -1.47834814
v 0.05335981 -0.02415011 -1.45914900
v 0.04483365 -0.02302731 -1.46742487
v 0.05055130 -0.02390735 -1.47013402
v 0.04175890 -0.02204029 -1.47975588
v 0.05814597 -0.02444822 -1.49267650
v 0.05741769 -0.02432465 -1.53839695
v -0.13672304 0.00429507 -1.51495266
v 0.05954528 -0.02459132 -1.53538108
v 0.02766963 -0.02085643 -1.62533474
v 0.03923630 -0.02251047 -1.60997725
v 0.06706044 -0.02561933 -1.52457976
v -0.15633769 0.00630509 -1.57754850
v -0.15614247 0.00594574 -1.59660351
v 0.04956674 -0.02376127 -1.58195949
v -0.08659567 -0.00415439 -1.65203738
v 0.07476518 -0.02677273 -1.51279461
v 0.06429304 -0.02531783 -1.50001049
v 0.00263777 -0.01724078 -1.64341795
v -0.14680713 0.00448100 -1.54395020
v -0.11258055 -0.00040994 -1.64205849
v 0.05693262 -0.02417145 -1.47635174
v -0.00921892 -0.01558640 -1.64779198
v 0.05397318 -0.02375324 -1.47487938
v 0.07167278 -0.02634629 -1.50314212
v -0.14162625 0.00442869 -1.52810144
v -0.15149538 0.00574809 -1.55658817
v 0.05886747 -0.02456485 -1.48629546
v 0.05804104 -0.02444884 -1.48999298
v -0.09986316 -0.00244603 -1.64816070
v 0.05211429 -0.02390768 -1.56866264
v 0.05973962 -0.02466224 -1.48369539
v 0.05267346 -0.02376543 -1.54762471
v 0.05988330 -0.02465065 -1.48100162
v -0.01022289 -0.01816579 -1.39533472
v -0.13701656 0.00309332 -1.62126803
v 0.05852300 -0.02441889 -1.47848880
v 0.04900774 -0.02308016 -1.47641802
v 0.06437378 -0.02522319 -1.52859426
v 0.04465691 -0.02245335 -1.47805429
v 0.04785037 -0.02360386 -1.58960235
v 0.05997655 -0.02467947 -1.49773574
v 0.06060822 -0.02477037 -1.49844396
v 0.05365681 -0.02384888 -1.54465342
v 0.03363299 -0.02195078 -1.61777401
v 0.05235317 -0.02378405 -1.55057013
v 0.05934604 -0.02458102 -1.49702716
v -0.14667554 0.00436785 -1.61260664
v -0.06869500 -0.00663159 -1.65573406
v -0.05522207 -0.00864706 -1.65618527
v 0.05523157 -0.02403723 -1.54141486
v 0.06178457 -0.02493482 -1.53236163
v -0.11057991 0.00141500 -1.47103715
v 0.07421033 -0.02670090 -1.50621915
v 0.07510950 -0.02681372 -1.50911593
v 0.01280143 -0.01866072 -1.63788867
v -0.13117252 0.00395236 -1.50495636
v -0.03771736 -0.01125910 -1.65452409
v 0.02091682 -0.01983473 -1.63195133
v -0.11985289 0.00298428 -1.48850119
v -0.12624438 0.00322710 -1.49792218
v 0.06998177 -0.02613730 -1.50174260
v 0.05235876 -0.02381341 -1.55399108
v 0.06685649 -0.02568668 -1.50064325
v -0.12438510 0.00129674 -1.63372386
v 0.06208680 -0.02497124 -1.49911904
v -0.05985212 -0.12965006 -0.39796984
v -0.01071000 -0.16851868 -0.79958910
v 0.03684247 -0.11452056 -1.02119505
v 0.03250336 -0.11560918 -1.06463373
v 0.03509192 -0.11491501 -1.04277337
v -0.00955633 -0.17266642 -0.77100283
v -0.02759661 -0.15318091 -1.09025490
v 0.01978393 -0.13653749 -1.24158692
v 0.05356556 -0.03065572 -1.51199555
v -0.02258502 -0.07966342 -1.48819447
v -0.03000900 -0.07755597 -1.48089790
v -0.02382848 -0.07496341 -1.46961963
v -0.01568530 -0.07794332 -1.47738564
v -0.01659320 -0.07109907 -1.45901620
v -0.01006933 -0.07550050 -1.46845341
v -0.00829298 -0.06668531 -1.45019531
v -0.00347080 -0.07199529 -1.45995712
v 0.06984277 -0.02174758 -1.50316250
v 0.06722231 -0.02237702 -1.50181091
v 0.00130008 -0.06330653 -1.44451046
v 0.00434593 -0.06850191 -1.45422125
v 0.04001762 -0.00646802 -1.54036236
v 0.05826517 -0.01612089 -1.50112522
v 0.06423654 -0.01847306 -1.52241147
v 0.04030584 -0.00788086 -1.54061162
v 0.02275503 -0.05182330 -1.43873429
v 0.01901228 -0.04965611 -1.43409681
v 0.02645861 -0.04409152 -1.43055058
v 0.03055357 -0.04528305 -1.43406272
v 0.05734152 -0.01373818 -1.50137913
v 0.03342022 -0.03784569 -1.42774928
v 0.03737201 -0.03910464 -1.43102360
v 0.03789153 -0.03081423 -1.42613971
v 0.04211093 -0.03149902 -1.42927420
v 0.05935866 -0.01829134 -1.52969444
v 0.04797901 -0.01505747 -1.53891706
v 0.04704448 -0.03170601 -1.43774951
v 0.04522562 -0.03192871 -1.43318379
v 0.06204117 -0.01843453 -1.52616572
v 0.05887791 -0.00878604 -1.50394571
v 0.05716111 -0.01011878 -1.50158811
v 0.07276559 -0.01978943 -1.50863993
v 0.07204610 -0.01878198 -1.51158953
v 0.04231201 -0.03839508 -1.43924332
v 0.07102308 -0.01873156 -1.50576651
v 0.07098554 -0.02137975 -1.50408888
v 0.04021255 -0.03924616 -1.43469667
v 0.04080557 -0.00493727 -1.54031217
v 0.03605605 0.00633061 -1.54232764
v 0.07246265 -0.02046893 -1.50670564
v 0.07257536 -0.02328332 -1.50477958
v 0.03892304 -0.00140308 -1.54156899
v 0.04040783 -0.00552463 -1.54033530
v 0.06701390 -0.01389191 -1.50758338
v 0.05184374 -0.01691529 -1.53755951
v 0.03664730 -0.04391415 -1.44234979
v 0.03374564 -0.04520379 -1.43796313
v 0.03002446 -0.05099313 -1.44759059
v 0.02620848 -0.05214763 -1.44299531
v 0.06306329 -0.01069231 -1.50624084
v 0.02652006 -0.05685078 -1.45354486
v 0.02150332 -0.05906966 -1.45084381
v 0.03197570 -0.02933435 -1.42392039
v 0.04076308 -0.00406231 -1.54054785
v 0.04067701 -0.00347386 -1.54078877
v 0.06702611 -0.01825510 -1.51862991
v 0.02770270 -0.03581029 -1.42527080
v 0.02173632 -0.04143982 -1.42741346
v 0.01513639 -0.04605567 -1.42993653
v 0.01057712 -0.05815360 -1.44040573
v 0.03942275 0.00100927 -1.54176438
v 0.06235373 -0.02196900 -1.50053871
v 0.06900905 -0.01599949 -1.50679374
v 0.07017630 -0.01752885 -1.50627553
v 0.06042160 -0.02116217 -1.50011945
v 0.00687463 -0.05120924 -1.43314457
v -0.00150073 -0.05737711 -1.43820190
v 0.04198954 -0.01047656 -1.54008484
v -0.01197650 -0.06108406 -1.44392669
v 0.05505450 -0.01754911 -1.53523684
v 0.05754362 -0.01793502 -1.53245211
v -0.02191405 -0.06635008 -1.45331311
v -0.03082463 -0.07157449 -1.46510053
v 0.06472376 -0.02239273 -1.50118005
v -0.03759876 -0.07455699 -1.47714067
v -0.03463763 -0.07856019 -1.48891771
v 0.04309490 -0.03758883 -1.44347787
v 0.04753294 -0.03130726 -1.44236732
v 0.03816354 -0.04302805 -1.44606471
v 0.07009077 -0.01825657 -1.51483965
v 0.03282836 -0.04934690 -1.45124400
v 0.03017885 -0.05432545 -1.45666432
v 0.03086314 -0.05951313 -1.46915925
v 0.05936396 -0.01856890 -1.50086498
v 0.02985444 -0.05799464 -1.46270728
v 0.03551671 -0.05860121 -1.48190868
v 0.03278346 -0.05956164 -1.47580075
v 0.03075441 -0.06608541 -1.48891091
v 0.02638630 -0.06699688 -1.48030365
v 0.02979843 -0.06330963 -1.47731078
v 0.07305913 -0.02653048 -1.50455379
v 0.07183339 -0.02098565 -1.50527132
v 0.03318981 -0.06245408 -1.48485911
v 0.02803176 -0.06926735 -1.49492383
v 0.02257081 -0.07053000 -1.48502147
v 0.02681172 -0.02793506 -1.42228210
v 0.04815970 0.00633695 -1.55478370
v 0.04675347 0.00670371 -1.55214906
v 0.02274169 -0.03338778 -1.42324567
v 0.01693484 -0.03815442 -1.42451632
v 0.01026707 -0.04151449 -1.42592776
v 0.00262506 -0.04529017 -1.42775035
v -0.00588623 -0.04999346 -1.43071902
v -0.01592418 -0.05487819 -1.43643987
v 0.05080244 -0.00115979 -1.55842948
v 0.05259049 -0.01929777 -1.55808210
v 0.05233470 -0.01420820 -1.55852103
v -0.02698397 -0.06126024 -1.44637394
v 0.04482115 0.00723233 -1.54806781
v 0.04332424 0.00762614 -1.54616952
v 0.04508474 0.00684159 -1.55001640
v 0.04485752 0.00750455 -1.54635274
v 0.04536516 0.00740943 -1.54706609
v -0.03697193 -0.06812335 -1.46091247
v 0.04399780 0.00677825 -1.54932857
v -0.04356740 -0.07142410 -1.47392654
v 0.04387413 0.00683901 -1.54908848
v -0.00256998 -0.03720766 -1.42053676
v 0.04952047 0.00404839 -1.55744290
v 0.00421359 -0.03424221 -1.42046916
v 0.00986945 -0.03156204 -1.42032874
v 0.04418625 0.00692584 -1.54883039
v 0.04152083 0.00806230 -1.54574931
v 0.01448891 -0.02906646 -1.42047715
v 0.03705769 0.00957670 -1.54420316
v 0.01454717 -0.02512417 -1.41920662
v 0.05251526 -0.02384969 -1.55813885
v 0.05331426 -0.00281518 -1.56909764
v 0.03693173 0.02966327 -1.56840539
v 0.00695512 -0.02391694 -1.41705883
v 0.03444878 0.03296957 -1.56309223
v 0.00175356 -0.02547942 -1.41496837
v 0.03906148 0.02639395 -1.52657437
v 0.03701467 0.02931618 -1.52760077
v 0.05357501 -0.00561904 -1.56301153
v -0.00266697 -0.02705417 -1.41235745
v 0.02577410 -0.06120290 -1.46095705
v 0.02070990 -0.06432935 -1.46058989
v 0.02261130 -0.06659693 -1.47067928
v 0.01767477 -0.07026093 -1.47410059
v 0.04667596 0.00350113 -1.58957458
v 0.00013250 0.01476334 -1.63801110
v 0.04927352 0.00136784 -1.58216333
v 0.04540064 0.01644553 -1.57432437
v 0.01471024 -0.06796112 -1.46197724
v 0.00941742 0.01370344 -1.63349068
v 0.02711276 -0.06301865 -1.46910930
v 0.00725208 -0.07234021 -1.46612072
v 0.01189634 -0.07395517 -1.47902262
v 0.01851248 -0.07391367 -1.49084699
v 0.00711083 -0.07661286 -1.48474705
v 0.04060704 0.02464964 -1.57295716
v 0.00056775 -0.07543993 -1.47241664
v 0.03075009 0.03515687 -1.53340745
v 0.05185537 -0.01756570 -1.57519567
v 0.02873023 0.03686256 -1.53908968
v 0.01387059 -0.07679606 -1.49559093
v 0.05242141 -0.00944282 -1.57532096
v -0.06339662 0.02005928 -1.64982700
v 0.00951385 -0.07892622 -1.49994779
v 0.00297835 -0.07829893 -1.48994470
v -0.00379234 -0.07734478 -1.47897005
v 0.01442130 -0.06201378 -1.44872427
v 0.05011125 -0.01038273 -1.55465722
v -0.00857473 -0.07881264 -1.48565769
v 0.04282721 0.01608073 -1.52727556
v 0.04193489 0.01926323 -1.52678561
v 0.00513902 -0.08048933 -1.50478733
v -0.05165722 0.02213171 -1.64883459
v 0.03263478 0.03377594 -1.53090334
v 0.03655076 0.00842090 -1.60849977
v 0.04706484 -0.01365173 -1.54797852
v 0.04775142 -0.01232268 -1.55086696
v 0.03051297 0.01010275 -1.61581242
v -0.00172178 -0.07955230 -1.49552691
v -0.00026214 -0.08215592 -1.51064730
v -0.00906555 -0.08140296 -1.50220156
v 0.02405636 0.01144957 -1.62241292
v -0.01637980 -0.08031298 -1.49417949
v -0.03045158 -0.08071793 -1.49695778
v -0.01061815 0.01631148 -1.64185250
v 0.04341999 -0.00099592 -1.53014076
v -0.05721945 -0.07011446 -1.48973989
v 0.04565557 -0.04392307 -1.48950684
v 0.04910175 -0.03939356 -1.49200046
v 0.03224709 0.03553642 -1.55679882
v 0.03046223 0.03699041 -1.55050159
v -0.03749802 0.02060558 -1.64754152
v 0.04399871 0.00858594 -1.52804923
v 0.02916527 0.03726780 -1.54468703
v -0.07318914 0.00972344 -1.65230358
v 0.05300586 -0.03506507 -1.49276733
v 0.03486710 0.03191873 -1.52887940
v 0.05590804 -0.03158330 -1.49334073
v 0.05773940 -0.02799623 -1.49297929
v 0.04900964 0.00834727 -1.57500577
v 0.04345990 0.01247055 -1.52753663
v 0.04605093 -0.01416813 -1.54460526
v 0.04304236 -0.00566649 -1.53241050
v 0.04324360 -0.00908962 -1.53513050
v 0.01725726 0.01255769 -1.62829733
v 0.04399642 -0.01172514 -1.53781867
v 0.04524062 -0.01375124 -1.54121256
v 0.04408783 0.00370970 -1.52883625
v 0.04261125 0.00603245 -1.59899557
v -0.02345168 0.01811799 -1.64504278
v 0.04068633 0.02281751 -1.52679467
v -0.07847160 -0.00524856 -1.65391779
v 0.05107981 -0.02382091 -1.57505679
v 0.04474403 -0.01292708 -1.53951263
v 0.05186141 -0.00805217 -1.55871201
v 0.05142932 -0.00055036 -1.57525635
v 0.05118700 -0.02376830 -1.45581234
v 0.04953650 0.00330211 -1.47852826
v 0.04800807 0.00486239 -1.47600663
v 0.04519932 0.00481063 -1.46915817
v 0.05418907 -0.00452345 -1.48429501
v 0.05151569 0.00018073 -1.48129427
v 0.04910664 -0.00518458 -1.45958734
v 0.04672981 0.00557111 -1.47372913
v 0.05107393 -0.01115639 -1.45737839
v 0.04578875 0.00565745 -1.47144532
v 0.05180010 -0.01702146 -1.45619631
v 0.05845888 -0.02450776 -1.48826623
v 0.05845105 -0.01529050 -1.48840201
v 0.05928326 -0.02002279 -1.48866832
v 0.05659583 -0.01004441 -1.48682761
v 0.04529374 0.00293806 -1.46624422
v 0.04642728 -0.00008942 -1.46281290
v 0.06858161 -0.03032232 -1.50282657
v 0.06626949 -0.02898659 -1.50168347
v 0.03598301 -0.03687190 -1.54015315
v 0.05596087 -0.03243021 -1.50116754
v 0.06263083 -0.03181073 -1.52239025
v 0.03653964 -0.03564531 -1.54011595
v 0.05429284 -0.03447469 -1.50125980
v 0.05784686 -0.03060569 -1.52965724
v 0.04600106 -0.03078066 -1.53869486
v 0.06045233 -0.03119284 -1.52589262
v 0.05439671 -0.03969267 -1.50376070
v 0.05314687 -0.03789166 -1.50110269
v 0.07098532 -0.03305803 -1.50862503
v 0.07010646 -0.03384753 -1.51135802
v 0.06893237 -0.03357347 -1.50553846
v 0.06963785 -0.03099190 -1.50401306
v 0.03615854 -0.03855740 -1.54016590
v 0.02841410 -0.04801550 -1.54181552
v 0.07084221 -0.03228065 -1.50666690
v 0.07167555 -0.02954417 -1.50464582
v 0.03336101 -0.04138397 -1.54129088
v 0.03607627 -0.03788136 -1.54016125
v 0.06375551 -0.03716219 -1.50725818
v 0.05020985 -0.03003264 -1.53753686
v 0.05901957 -0.03912748 -1.50600874
v 0.03590956 -0.03938348 -1.54018581
v 0.03565383 -0.03991095 -1.54044688
v 0.06514609 -0.03292857 -1.51839125
v 0.03317043 -0.04385453 -1.54132783
v 0.06148860 -0.02800177 -1.50040102
v 0.06624031 -0.03570636 -1.50665092
v 0.06775828 -0.03452343 -1.50608635
v 0.05946285 -0.02821638 -1.49999750
v 0.03911467 -0.03365879 -1.53974295
v 0.05349341 -0.03018767 -1.53520560
v 0.05594517 -0.03041358 -1.53242040
v 0.06388645 -0.02824265 -1.50103891
v 0.06814170 -0.03385247 -1.51485908
v 0.05766753 -0.03041200 -1.50058544
v 0.07027636 -0.03156880 -1.50521553
v 0.03994223 -0.05179423 -1.55433965
v 0.03843673 -0.05167463 -1.55171192
v 0.04478684 -0.04521548 -1.55772936
v 0.05146829 -0.02823841 -1.55798912
v 0.04998585 -0.03311947 -1.55810726
v 0.03662337 -0.05158077 -1.54763103
v 0.03495545 -0.05150032 -1.54574347
v 0.03668869 -0.05124690 -1.54957914
v 0.03646887 -0.05181507 -1.54617405
v 0.03698110 -0.05188003 -1.54688692
v 0.03572625 -0.05089721 -1.54888129
v 0.03558652 -0.05094201 -1.54864323
v 0.04187785 -0.04989643 -1.55692601
v 0.03591995 -0.05112074 -1.54838729
v 0.03316416 -0.05139004 -1.54532659
v 0.02839310 -0.05149508 -1.54381216
v 0.04743972 -0.04444566 -1.56885171
v 0.02236860 -0.07116830 -1.56774735
v 0.01911577 -0.07367399 -1.56228995
v 0.02529505 -0.06804338 -1.52605271
v 0.02238463 -0.07033250 -1.52693152
v 0.04859230 -0.04172725 -1.56241965
v 0.03913517 -0.04896253 -1.58903599
v -0.00911970 -0.04676320 -1.63740504
v 0.04213493 -0.04763919 -1.58156753
v 0.03418406 -0.06087903 -1.57374084
v -0.00003739 -0.04838293 -1.63265526
v 0.02721586 -0.06725714 -1.57214594
v 0.01465179 -0.07408556 -1.53266716
v 0.05017634 -0.03010580 -1.57492363
v 0.01228672 -0.07525887 -1.53839743
v 0.04837195 -0.03791569 -1.57508945
v -0.07143342 -0.03384082 -1.64932561
v 0.04683431 -0.03614652 -1.55411792
v 0.03199193 -0.05914183 -1.52665162
v 0.03019161 -0.06193100 -1.52626932
v -0.06064946 -0.03916780 -1.64845967
v 0.01691319 -0.07339466 -1.53012323
v 0.02797724 -0.05111516 -1.60759830
v 0.04472219 -0.03211648 -1.54755926
v 0.04510287 -0.03361071 -1.55049348
v 0.02142556 -0.05084717 -1.61519289
v 0.01441049 -0.05006760 -1.62157857
v -0.01974096 -0.04550374 -1.64173329
v 0.03744618 -0.04287355 -1.52990186
v 0.01625452 -0.07550762 -1.55631983
v 0.01425285 -0.07608815 -1.55005550
v -0.04673988 -0.04182851 -1.64719021
v 0.03525252 -0.05221108 -1.52765834
v 0.01266544 -0.07583255 -1.54400861
v -0.07784089 -0.02108772 -1.65212440
v 0.01954460 -0.07228410 -1.52829230
v 0.04012872 -0.05408458 -1.57439530
v 0.03362904 -0.05580314 -1.52703404
v 0.04409287 -0.03138335 -1.54439974
v 0.03846723 -0.03834534 -1.53200579
v 0.03974188 -0.03517730 -1.53484845
v 0.00771889 -0.04946963 -1.62746453
v 0.04131359 -0.03289553 -1.53768945
v 0.04308632 -0.03144570 -1.54102087
v 0.03675191 -0.04746929 -1.52851844
v 0.03451086 -0.05045457 -1.59828305
v -0.03257813 -0.04370770 -1.64516819
v 0.02792420 -0.06501479 -1.52615392
v 0.04237877 -0.03200889 -1.53934598
v 0.04787091 -0.03891465 -1.55826211
v 0.04511348 -0.04623768 -1.57483220
v 0.04186339 -0.04884599 -1.47811353
v 0.03991495 -0.05001663 -1.47551918
v 0.03710945 -0.04923566 -1.46866059
v 0.04875841 -0.04245457 -1.48410952
v 0.04483297 -0.04632790 -1.48101687
v 0.04371577 -0.04079406 -1.45925057
v 0.03845556 -0.05049923 -1.47326314
v 0.04734852 -0.03587525 -1.45708942
v 0.03747714 -0.05025288 -1.47097898
v 0.04975896 -0.03032023 -1.45594800
v 0.05592880 -0.03337626 -1.48822987
v 0.05802999 -0.02904538 -1.48870385
v 0.05265379 -0.03787349 -1.48682845
v 0.03768969 -0.04753871 -1.46580696
v 0.03960903 -0.04499248 -1.46227777
v 0.02287508 -0.05089536 -1.54256427
v 0.03148099 0.01060198 -1.54295266
v 0.03524571 -0.05127345 -1.54279685
v 0.03499727 -0.04966168 -1.54278791
v 0.03448932 -0.04813375 -1.54279065
v 0.03369585 -0.04679809 -1.54256284
v 0.03524880 -0.05131581 -1.54304147
v 0.03500344 -0.04974639 -1.54327726
v 0.03444059 -0.04823653 -1.54352689
v 0.03366018 -0.04694035 -1.54378772
v 0.03524272 -0.05141848 -1.54328728
v 0.03494326 -0.04992458 -1.54401493
v 0.03443461 -0.04852660 -1.54450786
v 0.03358245 -0.04729661 -1.54477239
v 0.03516946 -0.05155720 -1.54353631
v 0.03491504 -0.05023549 -1.54450846
v 0.03433544 -0.04896115 -1.54525006
v 0.03347490 -0.04784892 -1.54576075
v 0.03514734 -0.05176543 -1.54378402
v 0.03487307 -0.05063689 -1.54500353
v 0.03421334 -0.04954650 -1.54599500
v 0.03340013 -0.04859138 -1.54674995
v 0.03511832 -0.05201891 -1.54403257
v 0.03474708 -0.05112244 -1.54525876
v 0.03412551 -0.05024949 -1.54649556
v 0.03323217 -0.04947833 -1.54750037
v 0.03508473 -0.05230255 -1.54428160
v 0.03467221 -0.05167752 -1.54551268
v 0.03396134 -0.05104884 -1.54700041
v 0.03309848 -0.05048292 -1.54800630
v 0.03503887 -0.05260415 -1.54428697
v 0.03459046 -0.05227783 -1.54576755
v 0.03384061 -0.05190551 -1.54725981
v 0.03288078 -0.05157167 -1.54827237
v 0.03499072 -0.05292083 -1.54429269
v 0.03449875 -0.05288103 -1.54577839
v 0.03370533 -0.05279523 -1.54727578
v 0.03272107 -0.05268471 -1.54853642
v 0.03494486 -0.05322243 -1.54429817
v 0.03440245 -0.05351439 -1.54578984
v 0.03356775 -0.05370003 -1.54729211
v 0.03259713 -0.05384287 -1.54831076
v 0.03489900 -0.05352402 -1.54430366
v 0.03430535 -0.05409031 -1.54555619
v 0.03347970 -0.05455948 -1.54681718
v 0.03242666 -0.05490135 -1.54808593
v 0.03484776 -0.05379835 -1.54406452
v 0.03421283 -0.05463608 -1.54532206
v 0.03335050 -0.05534652 -1.54658747
v 0.03225997 -0.05587224 -1.54761553
v 0.03480111 -0.05404251 -1.54382503
v 0.03418440 -0.05510344 -1.54484010
v 0.03328000 -0.05602789 -1.54586530
v 0.03216195 -0.05673457 -1.54689670
v 0.03482391 -0.05423556 -1.54358196
v 0.03410943 -0.05547113 -1.54435885
v 0.03316754 -0.05657942 -1.54514337
v 0.03207689 -0.05744898 -1.54593122
v 0.03479101 -0.05438924 -1.54334080
v 0.03410851 -0.05575754 -1.54387355
v 0.03313832 -0.05698935 -1.54441643
v 0.03202393 -0.05795228 -1.54496193
v 0.03477187 -0.05445244 -1.54309797
v 0.03406565 -0.05591410 -1.54338849
v 0.03313660 -0.05721832 -1.54368615
v 0.03198852 -0.05827750 -1.54374552
v 0.03474735 -0.05448837 -1.54261076
v 0.03409144 -0.05596212 -1.54265499
v 0.03314784 -0.05729938 -1.54270923
v 0.03199976 -0.05835855 -1.54276860
v 0.03480225 -0.05447029 -1.54236400
v 0.03408067 -0.05590756 -1.54216599
v 0.03318660 -0.05719947 -1.54172909
v 0.03203314 -0.05823137 -1.54154408
v 0.03481063 -0.05435254 -1.54211783
v 0.03414316 -0.05571429 -1.54142821
v 0.03320255 -0.05690652 -1.54099202
v 0.03211317 -0.05786002 -1.54055905
v 0.03482359 -0.05420462 -1.54187131
v 0.03417366 -0.05538830 -1.54093444
v 0.03330172 -0.05647197 -1.54024982
v 0.03222072 -0.05730772 -1.53957081
v 0.03484572 -0.05399638 -1.54162359
v 0.03427364 -0.05501119 -1.54043722
v 0.03336353 -0.05587742 -1.53950715
v 0.03229548 -0.05656525 -1.53858161
v 0.03487244 -0.05375799 -1.54137528
v 0.03434162 -0.05450135 -1.54018402
v 0.03351394 -0.05516855 -1.53900397
v 0.03246344 -0.05567831 -1.53783119
v 0.03497859 -0.05346559 -1.54136753
v 0.03441420 -0.05396136 -1.53993034
v 0.03361782 -0.05436000 -1.53850150
v 0.03259942 -0.05465864 -1.53732491
v 0.03501448 -0.05316687 -1.54111814
v 0.03449595 -0.05336104 -1.53967559
v 0.03373626 -0.05351841 -1.53824234
v 0.03281483 -0.05358496 -1.53705907
v 0.03506033 -0.05286527 -1.54111278
v 0.03458766 -0.05275784 -1.53966475
v 0.03387383 -0.05261361 -1.53822613
v 0.03298680 -0.05245396 -1.53703868
v 0.03511078 -0.05253351 -1.54110670
v 0.03468167 -0.05213957 -1.53965354
v 0.03400911 -0.05172389 -1.53821003
v 0.03309619 -0.05132885 -1.53702092
v 0.03510403 -0.05223491 -1.54134786
v 0.03478106 -0.05154856 -1.53988695
v 0.03414748 -0.05087653 -1.53843880
v 0.03327892 -0.05025240 -1.53748941
v 0.03514529 -0.05196347 -1.54134297
v 0.03487128 -0.05101788 -1.54012132
v 0.03428665 -0.05008660 -1.53891242
v 0.03344561 -0.04928152 -1.53795981
v 0.03519195 -0.05171931 -1.54158258
v 0.03490202 -0.05053543 -1.54060304
v 0.03434719 -0.04940812 -1.53939056
v 0.03354592 -0.04840411 -1.53867841
v 0.03523173 -0.05152038 -1.54182291
v 0.03497927 -0.05015267 -1.54108405
v 0.03439935 -0.04884738 -1.54011488
v 0.03361872 -0.04770765 -1.53940034
v 0.03518124 -0.05291461 -1.54281878
v 0.03526234 -0.05138178 -1.54206443
v 0.03497790 -0.04988134 -1.54156959
v 0.03448888 -0.04844666 -1.54083955
v 0.03367168 -0.04720436 -1.54036951
v 0.03522348 -0.05129430 -1.54230928
v 0.03502306 -0.04970969 -1.54205441
v 0.03450285 -0.04819972 -1.54181337
v 0.03370480 -0.04689422 -1.54158628
v 0.03302605 -0.04552319 -1.54257512
v 0.03190994 -0.04353212 -1.54259717
v 0.03033282 -0.04173300 -1.54264033
v 0.02839234 -0.04029503 -1.54270256
v 0.02625482 -0.03927886 -1.54253340
v 0.02393561 -0.03870888 -1.54262137
v 0.02153535 -0.03860927 -1.54247391
v 0.01916211 -0.03900313 -1.54257536
v 0.01689558 -0.03984972 -1.54243362
v 0.01485071 -0.04112691 -1.54253221
v 0.01308699 -0.04278647 -1.54262376
v 0.01163606 -0.04476049 -1.54246199
v 0.01061976 -0.04698159 -1.54252970
v 0.03299806 -0.04567765 -1.54404414
v 0.03188504 -0.04372893 -1.54431093
v 0.03024843 -0.04197805 -1.54460144
v 0.02831334 -0.04056735 -1.54490805
v 0.02618349 -0.03956338 -1.54498315
v 0.02386427 -0.03899340 -1.54507113
v 0.02146401 -0.03889379 -1.54492354
v 0.01908540 -0.03926037 -1.54478073
v 0.01685360 -0.04008140 -1.54463708
v 0.01479337 -0.04133420 -1.54424739
v 0.01304903 -0.04294381 -1.54384887
v 0.01162516 -0.04488007 -1.54344118
v 0.01059809 -0.04704662 -1.54302001
v 0.03291882 -0.04610643 -1.54527414
v 0.03174711 -0.04426339 -1.54603326
v 0.03010671 -0.04260010 -1.54656935
v 0.02816015 -0.04126480 -1.54687738
v 0.02603340 -0.04030319 -1.54719710
v 0.02371189 -0.03974829 -1.54728532
v 0.02131392 -0.03963359 -1.54713750
v 0.01897233 -0.03995954 -1.54699266
v 0.01673206 -0.04071094 -1.54635990
v 0.01468788 -0.04185818 -1.54596829
v 0.01293965 -0.04336800 -1.54508007
v 0.01155888 -0.04516093 -1.54442453
v 0.01056495 -0.04718705 -1.54351175
v 0.03280291 -0.04677649 -1.54650855
v 0.03161594 -0.04509644 -1.54751456
v 0.02996257 -0.04358107 -1.54829717
v 0.02800765 -0.04236353 -1.54885125
v 0.02581910 -0.04146523 -1.54941869
v 0.02349301 -0.04094049 -1.54950738
v 0.02109962 -0.04079564 -1.54935908
v 0.01875724 -0.04106415 -1.54896927
v 0.01656545 -0.04169951 -1.54833317
v 0.01455441 -0.04270632 -1.54744983
v 0.01282602 -0.04402298 -1.54631412
v 0.01148756 -0.04561517 -1.54516590
v 0.01053824 -0.04742545 -1.54375994
v 0.03264492 -0.04766055 -1.54750276
v 0.03143123 -0.04621890 -1.54875708
v 0.02975803 -0.04489668 -1.54978704
v 0.02772984 -0.04381786 -1.55059016
v 0.02552755 -0.04301004 -1.55115926
v 0.02319687 -0.04251546 -1.55124855
v 0.02083822 -0.04234505 -1.55109847
v 0.01851188 -0.04250800 -1.55070662
v 0.01633076 -0.04301053 -1.54982424
v 0.01437200 -0.04381370 -1.54869199
v 0.01269818 -0.04491164 -1.54730725
v 0.01139332 -0.04622019 -1.54590988
v 0.01047987 -0.04773176 -1.54425466
v 0.03245941 -0.04872558 -1.54850030
v 0.03121212 -0.04756756 -1.55000365
v 0.02950224 -0.04648662 -1.55103803
v 0.02745881 -0.04557080 -1.55208802
v 0.02523816 -0.04488362 -1.55265927
v 0.02290290 -0.04441920 -1.55274904
v 0.02054883 -0.04421862 -1.55259848
v 0.01822858 -0.04427890 -1.55196083
v 0.01607497 -0.04460046 -1.55107522
v 0.01414293 -0.04516524 -1.54969466
v 0.01251497 -0.04596158 -1.54830456
v 0.01127075 -0.04694875 -1.54641223
v 0.01043252 -0.04810587 -1.54450536
v 0.03229362 -0.04994129 -1.54901016
v 0.03094787 -0.04908787 -1.55076540
v 0.02920667 -0.04827549 -1.55204856
v 0.02713114 -0.04757078 -1.55310237
v 0.02489445 -0.04698916 -1.55367553
v 0.02255998 -0.04658218 -1.55401039
v 0.02020283 -0.04633924 -1.55361497
v 0.01793335 -0.04626840 -1.55297375
v 0.01580955 -0.04639392 -1.55208457
v 0.01391878 -0.04668726 -1.55069923
v 0.01232133 -0.04715762 -1.54881525
v 0.01113214 -0.04778285 -1.54691637
v 0.01034814 -0.04852063 -1.54475808
v 0.03211178 -0.05126256 -1.54952192
v 0.03071558 -0.05074090 -1.55128312
v 0.02886825 -0.05022091 -1.55257416
v 0.02683086 -0.04973365 -1.55387318
v 0.02457354 -0.04928774 -1.55444884
v 0.02223449 -0.04891092 -1.55478418
v 0.01985407 -0.04861815 -1.55438924
v 0.01760293 -0.04842667 -1.55374575
v 0.01550356 -0.04832888 -1.55260861
v 0.01364638 -0.04833858 -1.55097413
v 0.01214178 -0.04846381 -1.54932666
v 0.01100683 -0.04866969 -1.54717636
v 0.01028933 -0.04897015 -1.54501009
v 0.03190771 -0.05260468 -1.54954600
v 0.03045649 -0.05244493 -1.55131376
v 0.02857326 -0.05222367 -1.55285406
v 0.02649381 -0.05195040 -1.55391312
v 0.02422352 -0.05165242 -1.55473542
v 0.02186762 -0.05132372 -1.55482769
v 0.01950175 -0.05099791 -1.55467606
v 0.01727125 -0.05067070 -1.55403018
v 0.01520628 -0.05034671 -1.55288899
v 0.01339726 -0.05003973 -1.55124879
v 0.01194001 -0.04979084 -1.54935050
v 0.01086467 -0.04960465 -1.54719317
v 0.01021595 -0.04945271 -1.54501879
v 0.03170135 -0.05396187 -1.54957056
v 0.03019509 -0.05416405 -1.55134475
v 0.02832091 -0.05422631 -1.55264378
v 0.02614449 -0.05418512 -1.55370951
v 0.02385585 -0.05400778 -1.55453384
v 0.02149079 -0.05373940 -1.55462718
v 0.01916423 -0.05335786 -1.55447340
v 0.01692652 -0.05287526 -1.55382597
v 0.01489365 -0.05234015 -1.55268097
v 0.01315604 -0.05176633 -1.55103469
v 0.01173364 -0.05114804 -1.54937506
v 0.01072710 -0.05050945 -1.54720950
v 0.01013720 -0.04990799 -1.54478300
v 0.03148422 -0.05526452 -1.54910612
v 0.02998243 -0.05578038 -1.55063951
v 0.02801207 -0.05613215 -1.55219018
v 0.02586383 -0.05631129 -1.55325735
v 0.02354230 -0.05628762 -1.55384052
v 0.02117265 -0.05604941 -1.55393445
v 0.01885526 -0.05560755 -1.55377948
v 0.01663590 -0.05500431 -1.55312991
v 0.01463512 -0.05425808 -1.55198109
v 0.01292320 -0.05337518 -1.55057454
v 0.01155125 -0.05242512 -1.54890883
v 0.01061428 -0.05139157 -1.54698014
v 0.01009855 -0.05036499 -1.54479003
v 0.03134034 -0.05642845 -1.54839265
v 0.02978810 -0.05727607 -1.54993212
v 0.02776651 -0.05790216 -1.55124378
v 0.02558078 -0.05826514 -1.55207026
v 0.02324549 -0.05833196 -1.55265510
v 0.02087663 -0.05815118 -1.55299401
v 0.01855387 -0.05768204 -1.55259454
v 0.01636282 -0.05695528 -1.55218673
v 0.01438956 -0.05602809 -1.55103469
v 0.01269873 -0.05486626 -1.54986823
v 0.01137722 -0.05358446 -1.54819667
v 0.01047053 -0.05221166 -1.54650700
v 0.01002438 -0.05079011 -1.54455376
v 0.03121481 -0.05747174 -1.54767704
v 0.02961133 -0.05859368 -1.54897749
v 0.02760795 -0.05944298 -1.55004668
v 0.02532904 -0.05995044 -1.55063438
v 0.02303570 -0.06014710 -1.55121899
v 0.02065228 -0.05999936 -1.55131459
v 0.01831393 -0.05949259 -1.55115974
v 0.01613664 -0.05867534 -1.55075026
v 0.01417530 -0.05752955 -1.54983938
v 0.01251199 -0.05618676 -1.54866970
v 0.01125627 -0.05459759 -1.54748046
v 0.01039544 -0.05292319 -1.54578543
v 0.00999412 -0.05112936 -1.54431462
v 0.03110144 -0.05830967 -1.54646993
v 0.02945589 -0.05964562 -1.54753017
v 0.02741503 -0.06067877 -1.54835868
v 0.02517347 -0.06134623 -1.54894686
v 0.02279612 -0.06162705 -1.54929149
v 0.02042267 -0.06147642 -1.54963100
v 0.01814919 -0.06094869 -1.54947329
v 0.01595551 -0.06003636 -1.54906332
v 0.01401790 -0.05879720 -1.54839468
v 0.01239666 -0.05724042 -1.54746521
v 0.01114290 -0.05543552 -1.54627335
v 0.01031313 -0.05347931 -1.54506230
v 0.00992832 -0.05143672 -1.54383230
v 0.03102017 -0.05893649 -1.54525888
v 0.02934631 -0.06039596 -1.54607749
v 0.02733283 -0.06159199 -1.54666245
v 0.02506756 -0.06235281 -1.54700828
v 0.02268103 -0.06269395 -1.54735410
v 0.02029303 -0.06257638 -1.54745018
v 0.01801955 -0.06204864 -1.54729247
v 0.01583963 -0.06104583 -1.54688084
v 0.01389560 -0.05970871 -1.54645574
v 0.01231722 -0.05799536 -1.54601121
v 0.01107160 -0.05605946 -1.54530621
v 0.01024917 -0.05391481 -1.54433703
v 0.00991639 -0.05165532 -1.54359102
v 0.03098017 -0.05929187 -1.54404306
v 0.02932831 -0.06088695 -1.54437363
v 0.02729570 -0.06214618 -1.54471576
v 0.02501129 -0.06297021 -1.54481876
v 0.02262018 -0.06334151 -1.54516506
v 0.02028250 -0.06323601 -1.54501498
v 0.01796328 -0.06266604 -1.54510295
v 0.01579332 -0.06166034 -1.54493523
v 0.01386305 -0.06023274 -1.54450858
v 0.01226909 -0.05848175 -1.54430854
v 0.01105178 -0.05642232 -1.54384530
v 0.01024745 -0.05414378 -1.54360688
v 0.00990826 -0.05178633 -1.54310417
v 0.03097686 -0.05940597 -1.54282284
v 0.02930507 -0.06100681 -1.54266560
v 0.02725790 -0.06229909 -1.54276443
v 0.02502381 -0.06313520 -1.54262114
v 0.02268301 -0.06351858 -1.54272127
v 0.02028045 -0.06343405 -1.54257393
v 0.01796125 -0.06286407 -1.54266191
v 0.01580584 -0.06182534 -1.54273760
v 0.01385539 -0.06039025 -1.54255593
v 0.01227598 -0.05860621 -1.54259944
v 0.01105305 -0.05650625 -1.54262447
v 0.01025869 -0.05422483 -1.54262996
v 0.00991847 -0.05179670 -1.54261518
v 0.03106514 -0.05926071 -1.54135132
v 0.02939255 -0.06080412 -1.54094923
v 0.02734459 -0.06203896 -1.54080307
v 0.02510053 -0.06287795 -1.54041588
v 0.02275435 -0.06323406 -1.54027152
v 0.02036176 -0.06314664 -1.54036820
v 0.01803258 -0.06257955 -1.54021215
v 0.01588256 -0.06156809 -1.54053235
v 0.01393749 -0.06016028 -1.54059517
v 0.01233332 -0.05839892 -1.54088414
v 0.01108104 -0.05635180 -1.54115546
v 0.01026731 -0.05412032 -1.54165101
v 0.00993785 -0.05174675 -1.54212511
v 0.03114437 -0.05883193 -1.54012132
v 0.02948016 -0.06025758 -1.53947306
v 0.02748631 -0.06141691 -1.53883517
v 0.02525600 -0.06216542 -1.53844643
v 0.02290444 -0.06249426 -1.53805757
v 0.02050647 -0.06237956 -1.53790975
v 0.01818267 -0.06183974 -1.53799820
v 0.01599792 -0.06085385 -1.53832006
v 0.01404906 -0.05953363 -1.53862846
v 0.01244111 -0.05785986 -1.53916299
v 0.01119042 -0.05592762 -1.53992426
v 0.01033358 -0.05383946 -1.54066765
v 0.00994084 -0.05160172 -1.54163456
v 0.03126029 -0.05816187 -1.53888702
v 0.02967392 -0.05941865 -1.53798926
v 0.02763273 -0.06042086 -1.53710699
v 0.02540622 -0.06108177 -1.53647268
v 0.02306841 -0.06132013 -1.53608227
v 0.02073532 -0.06118447 -1.53593159
v 0.01840693 -0.06067482 -1.53602052
v 0.01620842 -0.05977940 -1.53634405
v 0.01422564 -0.05854218 -1.53689909
v 0.01257457 -0.05701172 -1.53768146
v 0.01130176 -0.05528772 -1.53869045
v 0.01040719 -0.05337016 -1.53992605
v 0.00998773 -0.05137080 -1.54114127
v 0.03141828 -0.05727781 -1.53789270
v 0.02984406 -0.05832923 -1.53650331
v 0.02788531 -0.05913240 -1.53537107
v 0.02568631 -0.05961236 -1.53473353
v 0.02334770 -0.05979328 -1.53409815
v 0.02095890 -0.05961826 -1.53394914
v 0.01863052 -0.05910861 -1.53403819
v 0.01642822 -0.05830079 -1.53460729
v 0.01445803 -0.05724625 -1.53540826
v 0.01275469 -0.05591942 -1.53643954
v 0.01142960 -0.05439905 -1.53769732
v 0.01049915 -0.05278020 -1.53918231
v 0.01005377 -0.05107669 -1.54089069
v 0.03154350 -0.05620358 -1.53689754
v 0.03007543 -0.05696261 -1.53550041
v 0.02814339 -0.05752739 -1.53411984
v 0.02595734 -0.05785943 -1.53323567
v 0.02363709 -0.05791970 -1.53259802
v 0.02125287 -0.05771453 -1.53244865
v 0.01891990 -0.05723503 -1.53253818
v 0.01672941 -0.05655245 -1.53310823
v 0.01471611 -0.05564123 -1.53415704
v 0.01298605 -0.05455280 -1.53543651
v 0.01162049 -0.05336130 -1.53694427
v 0.01062400 -0.05203658 -1.53867972
v 0.01010341 -0.05068749 -1.54063976
v 0.01003959 -0.04937726 -1.54258168
v 0.03177186 -0.05498199 -1.53638506
v 0.03027940 -0.05543310 -1.53474092
v 0.02838863 -0.05572644 -1.53335559
v 0.02628501 -0.05585945 -1.53222132
v 0.02398309 -0.05579908 -1.53158152
v 0.02159809 -0.05553647 -1.53118706
v 0.01926133 -0.05514457 -1.53152227
v 0.01702693 -0.05454787 -1.53209507
v 0.01498153 -0.05384776 -1.53314769
v 0.01321020 -0.05303078 -1.53443205
v 0.01180875 -0.05213800 -1.53618908
v 0.01076261 -0.05120246 -1.53817558
v 0.01015764 -0.05026814 -1.54038823
v 0.03195370 -0.05366072 -1.53587341
v 0.03051168 -0.05378007 -1.53422332
v 0.02871251 -0.05381405 -1.53258681
v 0.02658528 -0.05369658 -1.53145051
v 0.02430171 -0.05351558 -1.53080857
v 0.02199155 -0.05322912 -1.53065515
v 0.01964482 -0.05284011 -1.53074634
v 0.01736731 -0.05238672 -1.53156698
v 0.01528982 -0.05189773 -1.53262329
v 0.01348260 -0.05137946 -1.53415704
v 0.01199597 -0.05084401 -1.53592181
v 0.01088563 -0.05033071 -1.53791583
v 0.01024661 -0.04982322 -1.54013503
v 0.03215778 -0.05231860 -1.53584921
v 0.03076081 -0.05207892 -1.53394866
v 0.02901975 -0.05179334 -1.53255033
v 0.02692464 -0.05146474 -1.53141022
v 0.02465403 -0.05113582 -1.53052163
v 0.02235074 -0.05080413 -1.53036749
v 0.01999484 -0.05047543 -1.53045976
v 0.01769440 -0.05017284 -1.53128314
v 0.01558481 -0.04989498 -1.53234339
v 0.01373402 -0.04966323 -1.53388214
v 0.01218778 -0.04951985 -1.53565407
v 0.01102779 -0.04939575 -1.53789902
v 0.01031998 -0.04934066 -1.54012632
v 0.03236413 -0.05096141 -1.53582478
v 0.03102988 -0.05037200 -1.53416193
v 0.02927210 -0.04979070 -1.53276074
v 0.02727166 -0.04924510 -1.53161418
v 0.02502169 -0.04878046 -1.53072321
v 0.02266499 -0.04839433 -1.53057051
v 0.02030221 -0.04811087 -1.53066361
v 0.01804144 -0.04795320 -1.53148711
v 0.01589744 -0.04790154 -1.53255129
v 0.01400080 -0.04797139 -1.53409564
v 0.01240181 -0.04817485 -1.53587377
v 0.01116766 -0.04847587 -1.53788245
v 0.01038877 -0.04888826 -1.54011822
v 0.03251868 -0.04966464 -1.53629184
v 0.03129516 -0.04875267 -1.53462064
v 0.02958323 -0.04786977 -1.53321397
v 0.02755232 -0.04711894 -1.53206635
v 0.02533295 -0.04651570 -1.53141677
v 0.02304342 -0.04609352 -1.53126097
v 0.02061347 -0.04584610 -1.53135717
v 0.01833206 -0.04582416 -1.53218317
v 0.01614600 -0.04598650 -1.53300726
v 0.01420579 -0.04634286 -1.53455675
v 0.01258421 -0.04689776 -1.53633988
v 0.01131061 -0.04759835 -1.53811061
v 0.01043738 -0.04842838 -1.54035509
v 0.03272744 -0.04847975 -1.53700233
v 0.03148948 -0.04725698 -1.53532803
v 0.02982651 -0.04611484 -1.53416073
v 0.02783537 -0.04516508 -1.53325343
v 0.02563434 -0.04444120 -1.53260171
v 0.02328911 -0.04397967 -1.53244758
v 0.02091257 -0.04378669 -1.53254235
v 0.01860514 -0.04387318 -1.53312635
v 0.01638927 -0.04423156 -1.53395402
v 0.01443025 -0.04485178 -1.53526306
v 0.01275055 -0.04572624 -1.53680801
v 0.01142193 -0.04678874 -1.53858519
v 0.01050926 -0.04801834 -1.54059172
v 0.03285068 -0.04745154 -1.53771818
v 0.03167393 -0.04595157 -1.53652680
v 0.02998277 -0.04458910 -1.53535807
v 0.02808940 -0.04346471 -1.53468895
v 0.02590213 -0.04265034 -1.53403568
v 0.02356378 -0.04214357 -1.53388083
v 0.02118266 -0.04198075 -1.53397608
v 0.01882903 -0.04216821 -1.53456306
v 0.01661808 -0.04269706 -1.53539252
v 0.01461241 -0.04356144 -1.53646207
v 0.01288376 -0.04469515 -1.53776777
v 0.01152717 -0.04608181 -1.53930557
v 0.01054182 -0.04766401 -1.54083049
v 0.03296405 -0.04661360 -1.53892541
v 0.03181941 -0.04490251 -1.53773022
v 0.03017799 -0.04333824 -1.53704572
v 0.02824267 -0.04208400 -1.53637683
v 0.02607913 -0.04117627 -1.53596580
v 0.02374536 -0.04063934 -1.53581035
v 0.02135966 -0.04050668 -1.53590620
v 0.01901245 -0.04079210 -1.53624976
v 0.01677090 -0.04145956 -1.53683782
v 0.01473003 -0.04249270 -1.53766632
v 0.01298717 -0.04386009 -1.53873098
v 0.01158162 -0.04550600 -1.54002953
v 0.01057518 -0.04736713 -1.54131436
v 0.03304303 -0.04600187 -1.54013669
v 0.03188096 -0.04412501 -1.53942895
v 0.03026018 -0.04242501 -1.53874195
v 0.02834859 -0.04107741 -1.53831542
v 0.02619651 -0.04009429 -1.53790295
v 0.02387501 -0.03953939 -1.53799117
v 0.02147475 -0.03943978 -1.53784370
v 0.01912065 -0.03977043 -1.53818798
v 0.01688324 -0.04055094 -1.53853285
v 0.01481177 -0.04172269 -1.53911996
v 0.01306385 -0.04326344 -1.53994250
v 0.01164329 -0.04508559 -1.54075503
v 0.01061724 -0.04715312 -1.54155445
v 0.03308532 -0.04563141 -1.54135227
v 0.03194698 -0.04366118 -1.54088676
v 0.03035531 -0.04189511 -1.54068661
v 0.02840486 -0.04046002 -1.54050493
v 0.02626504 -0.03945893 -1.54033613
v 0.02393587 -0.03889184 -1.54018009
v 0.02154557 -0.03878934 -1.54027653
v 0.01917463 -0.03916812 -1.54037774
v 0.01692036 -0.03999675 -1.54047954
v 0.01485761 -0.04125138 -1.54082298
v 0.01307600 -0.04288837 -1.54115939
v 0.01164730 -0.04484154 -1.54148507
v 0.01062538 -0.04702211 -1.54204130
v 0.04478337 0.00992298 -1.54290640
v 0.04459522 0.01152555 -1.54289508
v 0.04409185 0.01308365 -1.54289722
v 0.04331524 0.01446743 -1.54291260
v 0.04478417 0.00986555 -1.54315138
v 0.04454569 0.01148020 -1.54338634
v 0.04405769 0.01301390 -1.54387689
v 0.04328186 0.01434025 -1.54413724
v 0.04478038 0.00977795 -1.54339695
v 0.04454808 0.01130789 -1.54412127
v 0.04398603 0.01276031 -1.54461575
v 0.04321100 0.01402922 -1.54512119
v 0.04476742 0.00963003 -1.54364347
v 0.04452216 0.01101206 -1.54461455
v 0.04394715 0.01231656 -1.54535568
v 0.04310345 0.01347692 -1.54610944
v 0.04468499 0.00943100 -1.54389358
v 0.04441761 0.01060479 -1.54511237
v 0.04382963 0.01176138 -1.54610002
v 0.04303327 0.01276461 -1.54709804
v 0.04465828 0.00919260 -1.54414177
v 0.04436417 0.01012799 -1.54560876
v 0.04373951 0.01104330 -1.54660082
v 0.04285534 0.01187478 -1.54760456
v 0.04462468 0.00890897 -1.54439092
v 0.04423131 0.00959720 -1.54586482
v 0.04357534 0.01024395 -1.54710579
v 0.04267363 0.01089736 -1.54835653
v 0.04457882 0.00860737 -1.54439628
v 0.04413959 0.00899400 -1.54587579
v 0.04345691 0.00940236 -1.54736483
v 0.04251392 0.00978432 -1.54862058
v 0.04453067 0.00829069 -1.54440200
v 0.04405555 0.00837860 -1.54613078
v 0.04331933 0.00849756 -1.54738116
v 0.04234425 0.00866840 -1.54864061
v 0.04448252 0.00797401 -1.54440773
v 0.04395157 0.00775744 -1.54589796
v 0.04312376 0.00761704 -1.54739952
v 0.04211198 0.00754661 -1.54866338
v 0.04443666 0.00767241 -1.54441309
v 0.04385218 0.00716644 -1.54566467
v 0.04298310 0.00675460 -1.54717112
v 0.04192925 0.00647016 -1.54819489
v 0.04438542 0.00739809 -1.54417419
v 0.04375966 0.00662068 -1.54543066
v 0.04290422 0.00595547 -1.54669511
v 0.04181827 0.00545991 -1.54772258
v 0.04433877 0.00715392 -1.54393458
v 0.04367862 0.00615031 -1.54519510
v 0.04277113 0.00526823 -1.54597557
v 0.04165767 0.00459171 -1.54700637
v 0.04429899 0.00695500 -1.54369426
v 0.04359907 0.00575247 -1.54471433
v 0.04266635 0.00470450 -1.54549789
v 0.04151003 0.00387141 -1.54604363
v 0.04426838 0.00681640 -1.54345274
v 0.04358817 0.00546318 -1.54398513
v 0.04262486 0.00427661 -1.54452729
v 0.04145248 0.00333796 -1.54507482
v 0.04424466 0.00672303 -1.54321051
v 0.04354072 0.00527645 -1.54350066
v 0.04255597 0.00401160 -1.54380012
v 0.04135448 0.00300686 -1.54386103
v 0.04428042 0.00667791 -1.54272091
v 0.04350394 0.00522256 -1.54276979
v 0.04256721 0.00393054 -1.54282331
v 0.04136344 0.00291073 -1.54288447
v 0.04427734 0.00672026 -1.54247618
v 0.04355576 0.00528299 -1.54227829
v 0.04254339 0.00402457 -1.54184580
v 0.04139223 0.00300775 -1.54166043
v 0.04428112 0.00680786 -1.54223061
v 0.04355565 0.00547038 -1.54154301
v 0.04261504 0.00427816 -1.54110682
v 0.04146767 0.00334893 -1.54067588
v 0.04429409 0.00695577 -1.54198408
v 0.04364186 0.00575701 -1.54104745
v 0.04265163 0.00470682 -1.54036725
v 0.04151263 0.00389536 -1.53969026
v 0.04431621 0.00716401 -1.54173636
v 0.04368384 0.00615841 -1.54055226
v 0.04277144 0.00527709 -1.53962255
v 0.04164540 0.00461354 -1.53869903
v 0.04440552 0.00740829 -1.54148543
v 0.04374724 0.00663808 -1.54029965
v 0.04291956 0.00597088 -1.53911960
v 0.04181106 0.00548541 -1.53794885
v 0.04443682 0.00767684 -1.54123664
v 0.04387243 0.00718107 -1.53979945
v 0.04302115 0.00676435 -1.53861737
v 0.04194475 0.00649000 -1.53744292
v 0.04448267 0.00797844 -1.54123116
v 0.04396186 0.00776919 -1.53978884
v 0.04314416 0.00763611 -1.53835773
v 0.04216016 0.00756367 -1.53717709
v 0.04453083 0.00829512 -1.54122543
v 0.04405586 0.00838747 -1.53977776
v 0.04333974 0.00851663 -1.53833938
v 0.04233213 0.00869467 -1.53715670
v 0.04457898 0.00861180 -1.54121983
v 0.04414987 0.00900575 -1.53976655
v 0.04347732 0.00942142 -1.53832304
v 0.04250410 0.00982567 -1.53713632
v 0.04463481 0.00891628 -1.54145825
v 0.04424698 0.00958167 -1.54000020
v 0.04361569 0.01026879 -1.53855181
v 0.04268913 0.01091720 -1.53760457
v 0.04467837 0.00920280 -1.54145312
v 0.04433949 0.01012743 -1.54023433
v 0.04375486 0.01105871 -1.53902543
v 0.04286040 0.01191824 -1.53807449
v 0.04472503 0.00944697 -1.54169261
v 0.04443280 0.01061576 -1.54071343
v 0.04381998 0.01176736 -1.53950310
v 0.04301871 0.01277137 -1.53879094
v 0.04476251 0.00963081 -1.54193330
v 0.04451235 0.01101361 -1.54119420
v 0.04393243 0.01231889 -1.54022503
v 0.04316406 0.01347658 -1.53975403
v 0.04465632 0.00827594 -1.54293096
v 0.04479541 0.00978449 -1.54217446
v 0.04457356 0.01129081 -1.54167700
v 0.04403650 0.01275266 -1.54119301
v 0.04322619 0.01404020 -1.54072225
v 0.04476881 0.00988994 -1.54266298
v 0.04456073 0.01148674 -1.54216397
v 0.04404281 0.01301179 -1.54192281
v 0.04325163 0.01436253 -1.54169476
v 0.04265002 0.01577249 -1.54292440
v 0.04154309 0.01782388 -1.54294538
v 0.03991714 0.01970760 -1.54298949
v 0.03798584 0.02120589 -1.54305053
v 0.03579948 0.02230666 -1.54288244
v 0.03349403 0.02296712 -1.54296875
v 0.03105491 0.02315422 -1.54306614
v 0.02862288 0.02284207 -1.54292476
v 0.02631291 0.02205280 -1.54302835
v 0.02417910 0.02086193 -1.54288530
v 0.02236197 0.01925681 -1.54297841
v 0.02086071 0.01729488 -1.54306281
v 0.01977874 0.01511026 -1.54288840
v 0.04262662 0.01564819 -1.54439282
v 0.04152047 0.01764214 -1.54465878
v 0.03989991 0.01949859 -1.54494739
v 0.03797399 0.02096960 -1.54525292
v 0.03579761 0.02207326 -1.54532874
v 0.03342728 0.02271275 -1.54541802
v 0.03097819 0.02289697 -1.54527140
v 0.02858090 0.02261038 -1.54512835
v 0.02627013 0.02187855 -1.54498696
v 0.02415649 0.02068019 -1.54459870
v 0.02233398 0.01910235 -1.54444742
v 0.02084672 0.01721765 -1.54379737
v 0.01975936 0.01506031 -1.54337859
v 0.04255197 0.01524957 -1.54562235
v 0.04139172 0.01716801 -1.54638004
v 0.03982307 0.01889750 -1.54691231
v 0.03783766 0.02032028 -1.54746532
v 0.03565210 0.02136361 -1.54754221
v 0.03328178 0.02200311 -1.54763138
v 0.03084724 0.02222037 -1.54772818
v 0.02847471 0.02195646 -1.54733944
v 0.02616314 0.02128206 -1.54695320
v 0.02408344 0.02016670 -1.54631817
v 0.02225933 0.01870373 -1.54567695
v 0.02081059 0.01693219 -1.54477954
v 0.01975637 0.01491527 -1.54386902
v 0.04244063 0.01460967 -1.54685616
v 0.04126284 0.01635003 -1.54786110
v 0.03962094 0.01794081 -1.54864228
v 0.03769203 0.01926679 -1.54943848
v 0.03544698 0.02026189 -1.54976261
v 0.03313236 0.02086202 -1.54984999
v 0.03068786 0.02107640 -1.54970300
v 0.02829893 0.02090757 -1.54931378
v 0.02599115 0.02032077 -1.54868197
v 0.02392900 0.01938348 -1.54779983
v 0.02215258 0.01809399 -1.54691017
v 0.02071142 0.01649764 -1.54552174
v 0.01970948 0.01468436 -1.54436243
v 0.04228264 0.01372560 -1.54785037
v 0.04108271 0.01525773 -1.54910302
v 0.03942328 0.01667043 -1.55013144
v 0.03741652 0.01782754 -1.55117702
v 0.03521801 0.01872295 -1.55150056
v 0.03284848 0.01930501 -1.55183482
v 0.03044329 0.01957511 -1.55168545
v 0.02805358 0.01946372 -1.55105126
v 0.02579349 0.01905040 -1.55017102
v 0.02375885 0.01829407 -1.54928565
v 0.02199459 0.01720993 -1.54790449
v 0.02061946 0.01590769 -1.54626560
v 0.01964344 0.01439025 -1.54461288
v 0.04215204 0.01267865 -1.54860115
v 0.04085594 0.01392127 -1.55010545
v 0.03917975 0.01509845 -1.55162597
v 0.03714010 0.01610188 -1.55243039
v 0.03487292 0.01688874 -1.55300236
v 0.03255909 0.01743144 -1.55333471
v 0.03012835 0.01773630 -1.55318606
v 0.02775698 0.01774554 -1.55254972
v 0.02551981 0.01748302 -1.55166674
v 0.02353207 0.01695761 -1.55028808
v 0.02183385 0.01616758 -1.54865634
v 0.02050916 0.01519710 -1.54701149
v 0.01959838 0.01403121 -1.54486334
v 0.04193364 0.01145995 -1.54935741
v 0.04060164 0.01240385 -1.55111110
v 0.03887421 0.01330671 -1.55239272
v 0.03681702 0.01413205 -1.55344427
v 0.03454147 0.01480116 -1.55426228
v 0.03214821 0.01528986 -1.55435419
v 0.02975220 0.01562027 -1.55420375
v 0.02742931 0.01574556 -1.55356407
v 0.02521428 0.01569127 -1.55243349
v 0.02326781 0.01543730 -1.55104983
v 0.02162003 0.01497903 -1.54941213
v 0.02036059 0.01436011 -1.54727173
v 0.01951401 0.01361646 -1.54511595
v 0.04168613 0.01017516 -1.54962707
v 0.04035940 0.01074793 -1.55138493
v 0.03854037 0.01139144 -1.55291760
v 0.03645645 0.01197839 -1.55421746
v 0.03415259 0.01252397 -1.55479372
v 0.03176472 0.01298540 -1.55513012
v 0.02937329 0.01334597 -1.55497909
v 0.02706337 0.01361917 -1.55409288
v 0.02491058 0.01377141 -1.55295718
v 0.02300538 0.01378887 -1.55156875
v 0.02140266 0.01368964 -1.54968059
v 0.02020742 0.01349295 -1.54753256
v 0.01945518 0.01316694 -1.54536808
v 0.04148744 0.00880576 -1.54989576
v 0.04004997 0.00905598 -1.55166185
v 0.03818280 0.00938281 -1.55320024
v 0.03605452 0.00974067 -1.55426025
v 0.03380029 0.01014422 -1.55508065
v 0.03140553 0.01056040 -1.55541778
v 0.02898316 0.01098301 -1.55502295
v 0.02670154 0.01137974 -1.55437839
v 0.02458316 0.01175817 -1.55323863
v 0.02272610 0.01209232 -1.55184448
v 0.02120856 0.01235040 -1.54994869
v 0.02007523 0.01256088 -1.54779339
v 0.01938181 0.01268438 -1.54537678
v 0.04127340 0.00746076 -1.54967594
v 0.03978090 0.00734906 -1.55144858
v 0.03786787 0.00737429 -1.55299246
v 0.03570749 0.00752104 -1.55405641
v 0.03337004 0.00778298 -1.55488169
v 0.03095843 0.00815104 -1.55497575
v 0.02858305 0.00861718 -1.55482292
v 0.02632437 0.00916470 -1.55417562
v 0.02423808 0.00975425 -1.55303216
v 0.02242689 0.01039000 -1.55163252
v 0.02096667 0.01102508 -1.54972982
v 0.01989524 0.01164272 -1.54756713
v 0.01928059 0.01222150 -1.54538631
v 0.04105628 0.00615812 -1.54921150
v 0.03951333 0.00571466 -1.55099022
v 0.03754447 0.00543540 -1.55229557
v 0.03535200 0.00537103 -1.55336320
v 0.03299619 0.00551234 -1.55419075
v 0.03057771 0.00583516 -1.55428565
v 0.02820921 0.00634653 -1.55413198
v 0.02596887 0.00701469 -1.55348253
v 0.02391698 0.00783045 -1.55233490
v 0.02214706 0.00873763 -1.55093038
v 0.02075184 0.00973752 -1.54926515
v 0.01975000 0.01075012 -1.54733932
v 0.01920183 0.01176622 -1.54515064
v 0.04085520 0.00496103 -1.54874516
v 0.03924416 0.00419513 -1.55004179
v 0.03723632 0.00365951 -1.55135179
v 0.03501404 0.00339910 -1.55242300
v 0.03262993 0.00341688 -1.55300879
v 0.03020456 0.00369446 -1.55310440
v 0.02787309 0.00424648 -1.55294871
v 0.02563092 0.00504276 -1.55254221
v 0.02360883 0.00605456 -1.55139112
v 0.02192030 0.00723146 -1.55022442
v 0.02054079 0.00853755 -1.54855490
v 0.01963639 0.00992543 -1.54686499
v 0.01916010 0.01135158 -1.54491282
v 0.04065711 0.00390898 -1.54778838
v 0.03900710 0.00288671 -1.54908955
v 0.03701518 0.00211282 -1.55015731
v 0.03475541 0.00166856 -1.55098784
v 0.03235525 0.00158078 -1.55157554
v 0.02992531 0.00182820 -1.55167186
v 0.02756827 0.00241498 -1.55151677
v 0.02533218 0.00331394 -1.55086446
v 0.02335525 0.00449738 -1.55019808
v 0.02167096 0.00590509 -1.54902852
v 0.02038511 0.00749886 -1.54784048
v 0.01950868 0.00921091 -1.54638994
v 0.01909510 0.01098677 -1.54467547
v 0.04053916 0.00304088 -1.54658175
v 0.03884478 0.00178953 -1.54764307
v 0.03675509 0.00084099 -1.54847264
v 0.03447468 0.00026102 -1.54930556
v 0.03211108 0.00007068 -1.54964864
v 0.02967655 0.00028794 -1.54974544
v 0.02732411 0.00090487 -1.54958987
v 0.02511174 0.00189720 -1.54917979
v 0.02315545 0.00321636 -1.54851103
v 0.02152091 0.00482587 -1.54782569
v 0.02023930 0.00665045 -1.54663467
v 0.01942179 0.00862462 -1.54566741
v 0.01902930 0.01067941 -1.54419315
v 0.04039530 0.00240819 -1.54537332
v 0.03872602 0.00097887 -1.54619145
v 0.03660573 -0.00010827 -1.54677951
v 0.03428933 -0.00079957 -1.54712653
v 0.03191656 -0.00105023 -1.54747069
v 0.02947974 -0.00084805 -1.54756784
v 0.02712959 -0.00021604 -1.54741192
v 0.02493636 0.00083949 -1.54724467
v 0.02300609 0.00226709 -1.54681790
v 0.02136204 0.00401693 -1.54613137
v 0.02012559 0.00601315 -1.54542518
v 0.01934786 0.00818624 -1.54469824
v 0.01901738 0.01046080 -1.54395187
v 0.04034842 0.00200757 -1.54415822
v 0.03864774 0.00049709 -1.54448986
v 0.03650372 -0.00068342 -1.54483569
v 0.03422848 -0.00144712 -1.54493761
v 0.03178854 -0.00173382 -1.54528499
v 0.02934175 -0.00153453 -1.54513812
v 0.02703400 -0.00088915 -1.54522467
v 0.02484536 0.00019654 -1.54505682
v 0.02290408 0.00169195 -1.54487419
v 0.02129144 0.00352295 -1.54467392
v 0.02008100 0.00562761 -1.54420984
v 0.01930144 0.00792883 -1.54372585
v 0.01897910 0.01033440 -1.54346621
v 0.04033285 0.00187551 -1.54269445
v 0.03861761 0.00033198 -1.54278266
v 0.03651933 -0.00089077 -1.54288280
v 0.03417383 -0.00164816 -1.54274309
v 0.03178192 -0.00196202 -1.54284441
v 0.02933283 -0.00177780 -1.54269791
v 0.02696479 -0.00112323 -1.54278684
v 0.02478841 -0.00001957 -1.54286265
v 0.02286169 0.00150888 -1.54292321
v 0.02126131 0.00335784 -1.54296672
v 0.02007540 0.00549843 -1.54298985
v 0.01929021 0.00784018 -1.54299426
v 0.01898242 0.01027879 -1.54297805
v 0.04036852 0.00201777 -1.54146957
v 0.03863793 0.00049864 -1.54106951
v 0.03652659 -0.00068464 -1.54068089
v 0.03424367 -0.00143615 -1.54053867
v 0.03178608 -0.00171353 -1.54039788
v 0.02940725 -0.00153564 -1.54049289
v 0.02702925 -0.00088394 -1.54033804
v 0.02483040 0.00021212 -1.54065919
v 0.02289680 0.00169533 -1.54072058
v 0.02131406 0.00353497 -1.54125214
v 0.02007095 0.00564241 -1.54152226
v 0.01929653 0.00792960 -1.54201555
v 0.01897166 0.01033334 -1.54248917
v 0.04044316 0.00241639 -1.54024005
v 0.03870869 0.00099705 -1.53935027
v 0.03661340 -0.00008067 -1.53895986
v 0.03431971 -0.00077762 -1.53832865
v 0.03192930 -0.00101897 -1.53818476
v 0.02948250 -0.00081967 -1.53803802
v 0.02717246 -0.00018938 -1.53812480
v 0.02496674 0.00086144 -1.53844678
v 0.02301376 0.00229470 -1.53899825
v 0.02138482 0.00403339 -1.53953290
v 0.02014331 0.00602595 -1.54029310
v 0.01933037 0.00819999 -1.54103363
v 0.01900480 0.01047377 -1.54199743
v 0.04055450 0.00305629 -1.53900623
v 0.03883757 0.00181503 -1.53786933
v 0.03680326 0.00085806 -1.53698623
v 0.03452792 0.00028175 -1.53635287
v 0.03213671 0.00009784 -1.53596401
v 0.02969450 0.00032729 -1.53581667
v 0.02732955 0.00093951 -1.53615034
v 0.02514480 0.00192541 -1.53647220
v 0.02317348 0.00323803 -1.53702593
v 0.02151370 0.00485137 -1.53805196
v 0.02025465 0.00666585 -1.53905928
v 0.01942954 0.00863454 -1.54029143
v 0.01904939 0.01068961 -1.54150438
v 0.04070022 0.00392239 -1.53776836
v 0.03907799 0.00289813 -1.53662491
v 0.03700323 0.00214352 -1.53549683
v 0.03474085 0.00171512 -1.53461695
v 0.03236339 0.00162169 -1.53422642
v 0.02998376 0.00185702 -1.53407645
v 0.02760655 0.00245128 -1.53416646
v 0.02538786 0.00335418 -1.53473496
v 0.02337344 0.00452348 -1.53553653
v 0.02171400 0.00593618 -1.53656495
v 0.02040805 0.00751976 -1.53806555
v 0.01952149 0.00922448 -1.53954768
v 0.01908528 0.01098832 -1.54125500
v 0.04083312 0.00498442 -1.53701735
v 0.03930476 0.00423459 -1.53562260
v 0.03725443 0.00370330 -1.53424644
v 0.03507986 0.00344666 -1.53336096
v 0.03270848 0.00345590 -1.53272462
v 0.03027544 0.00374568 -1.53257608
v 0.02789135 0.00429470 -1.53266692
v 0.02565661 0.00509204 -1.53323746
v 0.02365708 0.00609374 -1.53428459
v 0.02193848 0.00725756 -1.53556275
v 0.02056111 0.00857430 -1.53706956
v 0.01964406 0.00995304 -1.53904533
v 0.01916279 0.01135784 -1.54100323
v 0.01914057 0.01273887 -1.54294252
v 0.04105919 0.00619093 -1.53650522
v 0.03949647 0.00574614 -1.53461957
v 0.03754999 0.00549216 -1.53323591
v 0.03539297 0.00541359 -1.53210318
v 0.03304223 0.00555856 -1.53146434
v 0.03061606 0.00589358 -1.53131509
v 0.02823507 0.00640024 -1.53165066
v 0.02597969 0.00706186 -1.53222370
v 0.02395035 0.00786752 -1.53327441
v 0.02217260 0.00878247 -1.53480220
v 0.02078490 0.00976573 -1.53655767
v 0.01978037 0.01077207 -1.53854144
v 0.01921702 0.01177719 -1.54075170
v 0.04129903 0.00748792 -1.53599143
v 0.03979901 0.00739285 -1.53434336
v 0.03788613 0.00742251 -1.53271067
v 0.03576350 0.00757014 -1.53157389
v 0.03343110 0.00783575 -1.53093290
v 0.03101182 0.00821600 -1.53078294
v 0.02861397 0.00867454 -1.53087533
v 0.02634793 0.00920333 -1.53169465
v 0.02425634 0.00980247 -1.53275037
v 0.02246517 0.01042630 -1.53428209
v 0.02099230 0.01105224 -1.53604531
v 0.01993583 0.01165430 -1.53828037
v 0.01930598 0.01222211 -1.54049850
v 0.04150539 0.00884512 -1.53596699
v 0.04011073 0.00909988 -1.53406620
v 0.03824141 0.00941606 -1.53242826
v 0.03609288 0.00979909 -1.53128982
v 0.03378112 0.01020042 -1.53064632
v 0.03142901 0.01061671 -1.53049314
v 0.02902428 0.01103001 -1.53058648
v 0.02673990 0.01143816 -1.53140783
v 0.02461163 0.01179603 -1.53246796
v 0.02274445 0.01212285 -1.53400636
v 0.02122651 0.01238976 -1.53601992
v 0.02007799 0.01258926 -1.53826356
v 0.01937935 0.01270467 -1.54048979
v 0.04171176 0.01020231 -1.53594255
v 0.04037980 0.01080680 -1.53427935
v 0.03855634 0.01142458 -1.53263605
v 0.03651246 0.01202750 -1.53173494
v 0.03421366 0.01257674 -1.53084493
v 0.03180585 0.01303239 -1.53069353
v 0.02940421 0.01340334 -1.53103161
v 0.02708922 0.01367288 -1.53161156
v 0.02492655 0.01380455 -1.53267574
v 0.02301581 0.01384485 -1.53421926
v 0.02143826 0.01371968 -1.53623986
v 0.02021786 0.01350914 -1.53824687
v 0.01945044 0.01317215 -1.54048133
v 0.04192888 0.01150496 -1.53640699
v 0.04064737 0.01244120 -1.53473783
v 0.03887974 0.01336347 -1.53333306
v 0.03685799 0.01417462 -1.53218424
v 0.03458751 0.01484738 -1.53153598
v 0.03218886 0.01536336 -1.53138340
v 0.02977805 0.01567398 -1.53172255
v 0.02744472 0.01582289 -1.53230476
v 0.02524995 0.01574343 -1.53337264
v 0.02329335 0.01548214 -1.53492165
v 0.02164542 0.01501944 -1.53646040
v 0.02039096 0.01438206 -1.53847384
v 0.01952919 0.01362743 -1.54071712
v 0.04213764 0.01268985 -1.53711748
v 0.04091654 0.01396074 -1.53568625
v 0.03918559 0.01512428 -1.53427708
v 0.03714563 0.01615863 -1.53337073
v 0.03495377 0.01694284 -1.53271794
v 0.03255971 0.01748897 -1.53256488
v 0.03014432 0.01776944 -1.53290451
v 0.02779264 0.01779770 -1.53348887
v 0.02555581 0.01750424 -1.53431666
v 0.02354797 0.01696863 -1.53562665
v 0.02185417 0.01620433 -1.53717089
v 0.02050458 0.01520674 -1.53894818
v 0.01960336 0.01405255 -1.54095340
v 0.04232805 0.01375409 -1.53783011
v 0.04109331 0.01527835 -1.53664088
v 0.03941899 0.01668894 -1.53571510
v 0.03746225 0.01786489 -1.53480375
v 0.03523841 0.01878182 -1.53439498
v 0.03290923 0.01934891 -1.53423905
v 0.03047929 0.01959633 -1.53433537
v 0.02807912 0.01950856 -1.53492308
v 0.02581935 0.01906430 -1.53575361
v 0.02376944 0.01831468 -1.53682351
v 0.02201982 0.01724590 -1.53812921
v 0.02064454 0.01593923 -1.53966689
v 0.01966378 0.01438720 -1.54119134
v 0.04244601 0.01462219 -1.53903675
v 0.04131363 0.01635125 -1.53808522
v 0.03967141 0.01797296 -1.53715575
v 0.03768269 0.01928164 -1.53648841
v 0.03547261 0.02028904 -1.53607810
v 0.03315799 0.02088918 -1.53616548
v 0.03072345 0.02110644 -1.53626227
v 0.02829956 0.02092530 -1.53660774
v 0.02601148 0.02035752 -1.53719652
v 0.02394964 0.01938930 -1.53802514
v 0.02215796 0.01810651 -1.53909087
v 0.02073143 0.01652552 -1.54038942
v 0.01969943 0.01469916 -1.54167485
v 0.04258757 0.01523981 -1.54024541
v 0.04143238 0.01716191 -1.53953683
v 0.03982845 0.01891002 -1.53909302
v 0.03786803 0.02034223 -1.53866744
v 0.03566713 0.02140995 -1.53825593
v 0.03328683 0.02204657 -1.53810132
v 0.03090800 0.02222447 -1.53819633
v 0.02847494 0.02198301 -1.53854275
v 0.02619866 0.02128999 -1.53913260
v 0.02407837 0.02020284 -1.53972065
v 0.02226937 0.01872873 -1.54030061
v 0.02079539 0.01696101 -1.54111469
v 0.01974149 0.01491317 -1.54191494
v 0.04263674 0.01565550 -1.54146028
v 0.04151525 0.01767385 -1.54123783
v 0.03993045 0.01948517 -1.54103684
v 0.03797921 0.02097769 -1.54061007
v 0.03580283 0.02208135 -1.54068589
v 0.03342253 0.02271796 -1.54053128
v 0.03098341 0.02290506 -1.54062867
v 0.02859608 0.02262136 -1.54072940
v 0.02627052 0.02186974 -1.54107761
v 0.02414668 0.02068174 -1.54117835
v 0.02231396 0.01911427 -1.54151595
v 0.02084181 0.01721843 -1.54208708
v 0.01975422 0.01507433 -1.54240119
f 4 2 1
f 8 6 5
f 13 15 14
f 17 19 18
f 32 30 29
f 36 34 33
f 37 39 38
f 21 23 20
f 25 27 24
f 41 43 42
f 48 46 45
f 52 50 49
f 53 55 54
f 60 58 57
f 29 62 61
f 66 64 63
f 67 6 68
f 72 70 69
f 76 74 73
f 77 79 78
f 81 83 82
f 59 86 85
f 88 90 89
f 96 94 93
f 100 98 97
f 101 103 102
f 106 34 87
f 108 115 107
f 117 36 118
f 124 126 125
f 131 129 128
f 132 134 133
f 142 140 139
f 148 60 147
f 144 127 124
f 149 151 150
f 156 154 153
f 159 158 157
f 116 164 105
f 171 169 168
f 174 173 172
f 179 181 180
f 186 188 187
f 194 196 195
f 199 139 198
f 206 208 207
f 213 211 210
f 202 214 201
f 96 216 54
f 92 43 44
f 97 246 100
f 250 229 228
f 252 58 253
f 258 256 255
f 260 229 259
f 110 112 113
f 114 263 109
f 265 267 266
f 56 270 269
f 274 249 250
f 185 63 64
f 280 278 276
f 285 283 157
f 288 211 212
f 141 92 46
f 289 175 176
f 148 105 106
f 312 170 171
f 238 42 43
f 318 160 317
f 310 308 307
f 241 325 324
f 160 240 317
f 47 307 308
f 108 315 164
f 345 86 119
f 348 350 349
f 356 358 357
f 355 353 352
f 363 32 362
f 149 150 176
f 364 253 365
f 366 368 367
f 183 371 63
f 163 161 160
f 209 101 208
f 378 165 166
f 379 381 380
f 383 3 4
f 284 386 385
f 387 389 388
f 391 229 249
f 73 397 396
f 405 407 406
f 203 411 410
f 414 413 412
f 1 357 4
f 277 131 275
f 254 57 58
f 358 415 351
f 417 386 408
f 401 192 420
f 419 127 143
f 421 182 422
f 103 302 409
f 428 368 174
f 380 359 356
f 62 266 323
f 140 431 430
f 357 351 348
f 356 379 380
f 415 403 434
f 437 436 435
f 438 440 439
f 188 450 449
f 452 454 453
f 265 181 421
f 224 64 225
f 237 213 427
f 275 128 458
f 281 460 459
f 50 79 461
f 73 282 281
f 468 466 465
f 390 352 359
f 482 484 483
f 489 487 486
f 493 495 494
f 472 470 469
f 502 500 499
f 220 222 223
f 512 143 66
f 518 511 80
f 513 230 286
f 205 31 244
f 189 451 188
f 163 532 8
f 533 225 251
f 446 447 412
f 335 540 334
f 544 546 545
f 329 291 292
f 199 262 238
f 385 416 550
f 532 191 247
f 363 118 243
f 236 237 250
f 578 580 579
f 573 571 570
f 561 562 272
f 241 259 240
f 590 592 591
f 545 595 594
f 503 155 504
f 606 624 623
f 478 480 479
f 646 648 647
f 590 689 684
f 564 651 650
f 728 184 727
f 714 716 715
f 692 575 693
f 541 581 578
f 346 248 400
f 161 230 160
f 128 94 95
f 698 704 703
f 574 576 575
f 290 401 328
f 630 725 726
f 733 735 734
f 755 496 493
f 759 481 760
f 757 762 761
f 764 466 467
f 768 9260 9261
f 759 488 489
f 492 475 771
f 474 769 473
f 773 465 772
f 771 486 483
f 484 775 491
f 774 489 486
f 495 764 756
f 495 761 494
f 137 784 136
f 325 797 547
f 165 51 52
f 369 29 370
f 730 568 569
f 90 301 89
f 243 516 242
f 800 806 805
f 817 808 816
f 816 823 822
f 306 447 807
f 815 809 808
f 829 828 825
f 726 501 502
f 274 424 423
f 879 881 880
f 884 879 885
f 219 217 211
f 906 904 897
f 455 205 542
f 898 830 829
f 903 880 881
f 906 897 898
f 377 519 165
f 923 948 946
f 946 951 950
f 8963 739 8961
f 900 886 880
f 225 65 144
f 182 442 422
f 809 947 824
f 954 962 961
f 927 965 966
f 885 880 886
f 925 966 967
f 343 341 340
f 965 971 968
f 968 970 969
f 972 969 973
f 963 981 978
f 336 338 339
f 992 827 828
f 810 996 959
f 1007 1002 1008
f 1012 827 1009
f 1011 1007 1008
f 294 292 291
f 907 920 919
f 1017 1019 1018
f 1020 1022 1021
f 1035 1020 1044
f 1061 1047 1046
f 1063 1046 1062
f 1044 1021 1045
f 1102 1097 1109
f 1116 1118 1117
f 1016 1014 1013
f 881 904 903
f 816 1127 817
f 1094 949 1097
f 514 167 515
f 146 81 82
f 1133 1130 1129
f 1102 1126 822
f 822 1116 816
f 1145 1148 1136
f 1076 1151 1069
f 1148 1086 1087
f 1109 1114 1136
f 1154 1156 1155
f 1153 967 1156
f 8815 463 9166
f 1144 1152 1151
f 1156 1163 1162
f 1164 1169 1165
f 1145 1176 1147
f 1114 1154 1171
f 1183 1164 1177
f 1184 1177 1185
f 1069 1062 1064
f 1023 1194 1022
f 1162 1170 1169
f 1195 1185 1191
f 1183 1176 1155
f 1201 1152 1196
f 1061 1201 1202
f 9277 843 9288
f 1203 1195 1034
f 1202 1184 1195
f 1218 1203 1217
f 1060 1202 1203
f 1225 1217 1219
f 671 694 670
f 1219 1024 1035
f 1217 1034 1024
f 1226 1015 1227
f 1243 1234 1233
f 1231 1229 1228
f 847 1233 843
f 843 1244 878
f 1233 1245 1244
f 1923 233 216
f 2100 499 500
f 9366 2135 9352
f 61 323 505
f 210 217 457
f 1299 1309 1300
f 9315 1231 9314
f 1066 1321 1322
f 1322 1228 1229
f 1060 1321 1047
f 1325 1323 1310
f 1244 1332 1330
f 1290 1242 1288
f 1337 1339 1338
f 1330 1340 1339
f 1341 1245 1294
f 1342 1332 1341
f 1343 1341 1344
f 1344 1294 1293
f 9309 1345 1346
f 1347 1342 1343
f 9308 1295 1345
f 1349 1348 1347
f 9313 1347 9305
f 9305 1343 9309
f 906 829 1353
f 905 1353 1354
f 865 1355 1357
f 1355 829 825
f 1357 825 826
f 1356 1353 1355
f 9286 1338 9285
f 866 1356 865
f 1358 1354 1356
f 9280 1337 9286
f 838 1012 841
f 1363 1338 1339
f 1368 1339 1340
f 1348 1340 1342
f 1371 9276 9281
f 524 526 523
f 528 530 527
f 1372 1369 1371
f 535 537 538
f 1367 1348 1350
f 1370 1359 1369
f 1369 9285 9276
f 1373 903 904
f 555 557 558
f 1374 910 1373
f 1373 905 1375
f 1374 1375 1376
f 1375 1354 1370
f 1378 908 1377
f 376 651 1387
f 1388 973 969
f 586 588 585
f 1390 1388 1391
f 1391 969 970
f 597 599 596
f 600 602 603
f 1392 970 979
f 608 610 607
f 612 523 611
f 614 616 613
f 617 25 24
f 620 622 619
f 1397 1391 1392
f 1398 1392 1399
f 1400 920 1378
f 1402 1165 1169
f 636 638 635
f 930 1402 929
f 641 643 644
f 929 1169 1170
f 1404 1403 1402
f 1411 1365 1406
f 1412 1415 1414
f 652 654 655
f 609 657 658
f 659 661 662
f 558 586 585
f 665 667 664
f 1413 1406 1412
f 1418 9262 9265
f 1417 1371 1416
f 1416 9281 9262
f 1419 1416 1418
f 1386 1374 1420
f 677 679 676
f 1385 1420 1421
f 1420 1376 1422
f 685 687 688
f 1421 1422 1423
f 528 691 658
f 1422 1372 1417
f 1018 747 1425
f 699 701 702
f 1424 579 1017
f 9115 1767 9112
f 700 711 712
f 1093 9206 1571
f 717 530 719
f 721 723 720
f 704 8987 8998
f 19 1426 1430
f 1429 1427 1426
f 1658 8986 8988
f 1439 1434 1438
f 1437 1435 1434
f 1426 1433 1432
f 1442 1432 1440
f 742 744 745
f 1432 1441 1440
f 751 753 750
f 1438 1403 1405
f 1446 1444 1443
f 1447 1446 1443
f 9312 1443 9300
f 1415 1445 1446
f 1414 1446 1448
f 2173 469 470
f 777 779 686
f 780 782 783
f 1676 1806 1675
f 9311 1349 9313
f 789 791 788
f 745 793 742
f 652 795 653
f 1455 1457 1456
f 1454 1350 1452
f 610 802 801
f 9283 698 703
f 1352 1045 1351
f 1015 1459 1460
f 811 813 814
f 2118 9269 2117
f 819 821 818
f 1466 1194 1190
f 1467 1465 1466
f 1182 1468 1467
f 832 833 831
f 835 837 834
f 1467 1190 1182
f 1469 1444 1445
f 840 712 690
f 1453 1469 1454
f 599 845 846
f 1226 9301 9307
f 851 853 850
f 855 856 854
f 858 860 857
f 861 863 864
f 1014 9307 9310
f 867 868 869
f 870 872 873
f 874 876 877
f 1310 1471 1309
f 1476 1427 1475
f 1461 1475 1460
f 887 889 890
f 788 892 891
f 894 896 893
f 1460 1227 1015
f 901 524 612
f 1465 1477 1464
f 1865 8944 1864
f 911 913 914
f 916 918 915
f 1850 8951 1851
f 921 895 894
f 1479 1436 1478
f 926 667 601
f 1481 563 1480
f 269 84 1482
f 931 933 916
f 934 614 869
f 936 688 937
f 938 662 939
f 1484 122 123
f 941 835 834
f 320 509 510
f 1849 8949 1850
f 84 1484 83
f 1487 1488 539
f 1757 8946 8953
f 365 1491 364
f 461 80 511
f 117 362 1496
f 1494 541 1495
f 926 957 958
f 1477 1433 1476
f 1709 1585 1700
f 119 1496 345
f 271 504 156
f 511 189 186
f 345 1492 365
f 255 344 254
f 57 299 132
f 1501 268 1500
f 267 1499 145
f 974 976 977
f 1678 1693 1676
f 9298 1807 9292
f 557 663 558
f 983 984 985
f 1443 9301 9300
f 421 268 265
f 989 991 988
f 1490 418 1504
f 279 309 310
f 997 676 679
f 998 999 875
f 1504 38 1505
f 1506 1507 1486
f 360 1508 1506
f 1506 207 360
f 939 1006 938
f 270 1483 269
f 66 546 512
f 1010 793 935
f 367 437 1509
f 244 363 243
f 1670 8978 1669
f 209 1510 226
f 235 1512 1511
f 1511 234 235
f 388 426 425
f 427 250 237
f 161 521 231
f 100 45 44
f 1025 608 1027
f 1029 1031 1028
f 939 1033 1032
f 41 594 99
f 1036 783 1037
f 702 1038 1039
f 1040 1042 1043
f 362 369 1493
f 187 477 186
f 70 539 198
f 1511 1521 234
f 1049 603 1048
f 613 869 614
f 860 1051 857
f 1005 1053 1006
f 753 1056 1054
f 1057 1059 1055
f 293 1522 292
f 288 1521 1522
f 292 1523 329
f 331 1508 1524
f 306 453 305
f 100 41 99
f 462 78 79
f 330 1524 462
f 635 1068 636
f 1485 1526 1528
f 206 1528 1510
f 1070 1072 831
f 942 1073 1074
f 916 1075 917
f 440 1530 439
f 157 1514 285
f 1529 5 1530
f 371 546 63
f 790 663 791
f 1077 857 1078
f 1403 1435 1165
f 1080 1082 1079
f 531 1529 440
f 21 1084 1085
f 272 1531 561
f 137 396 397
f 690 802 691
f 335 9011 581
f 1090 1029 1091
f 1092 794 1042
f 1533 137 138
f 661 1095 1096
f 69 445 72
f 1099 1101 1098
f 38 1536 1505
f 1104 1106 1103
f 852 1108 853
f 1377 909 1386
f 291 411 294
f 316 516 33
f 539 1533 534
f 1505 316 313
f 1110 1112 1113
f 1539 460 264
f 522 1537 1539
f 834 1120 1119
f 1122 1124 1121
f 612 1041 901
f 935 615 614
f 276 130 131
f 1686 8966 1685
f 193 1541 273
f 231 1540 287
f 556 982 557
f 365 85 345
f 190 318 1541
f 1810 9018 8972
f 9376 8956 9243
f 1132 985 1131
f 208 102 132
f 1134 662 661
f 1491 80 77
f 429 1542 147
f 1137 915 918
f 172 428 174
f 1139 1141 1142
f 549 54 55
f 1517 1518 296
f 976 1146 938
f 834 984 941
f 1543 286 115
f 1544 239 513
f 133 1544 1542
f 506 257 258
f 420 328 401
f 1158 1160 1157
f 587 1103 588
f 1513 1514 151
f 607 1027 608
f 304 1545 303
f 364 77 506
f 69 198 139
f 1006 976 938
f 700 1112 701
f 9329 8969 9239
f 1166 657 656
f 1167 858 1077
f 1300 8968 1299
f 1172 1174 1175
f 218 200 217
f 1179 1181 1178
f 372 97 98
f 89 227 88
f 1186 1188 1189
f 172 1517 1549
f 1482 81 1498
f 1090 1193 1030
f 394 353 1551
f 526 1198 1197
f 811 858 812
f 1199 1026 1025
f 606 697 696
f 1204 1206 743
f 1207 523 526
f 1209 867 613
f 914 685 936
f 1478 1441 1477
f 1029 1161 1091
f 1211 1213 1214
f 9310 1451 9311
f 844 1216 845
f 423 273 274
f 1220 1222 1083
f 22 1224 23
f 882 897 881
f 1519 173 387
f 1189 1232 1178
f 349 550 416
f 1071 1236 1072
f 1237 1239 745
f 1221 1189 1240
f 1510 1512 333
f 939 1241 1005
f 1556 5 67
f 1553 394 1551
f 404 67 347
f 1247 1249 1246
f 142 238 92
f 1251 635 1250
f 850 1253 851
f 1254 1077 1255
f 57 133 429
f 443 552 551
f 1187 1175 1188
f 1256 831 833
f 432 382 383
f 741 747 746
f 434 351 415
f 349 383 348
f 251 1481 1480
f 395 352 353
f 1518 1550 1551
f 1558 378 340
f 109 314 315
f 285 1513 407
f 395 393 392
f 202 410 1558
f 417 405 432
f 1246 1258 1247
f 3 297 2
f 1259 1261 1262
f 403 347 284
f 955 953 952
f 462 51 330
f 1096 687 1263
f 429 60 57
f 896 1265 932
f 1267 1268 1266
f 423 327 420
f 37 180 40
f 20 1187 1186
f 1256 1071 1070
f 155 156 504
f 1188 1269 1232
f 1236 1271 1262
f 1272 535 621
f 565 463 464
f 1273 745 1239
f 876 1255 1274
f 316 164 315
f 437 503 1509
f 194 1495 197
f 1275 864 863
f 624 631 630
f 1277 1137 1278
f 569 567 566
f 1481 125 366
f 324 547 326
f 1279 1107 1280
f 1525 329 1523
f 1281 1137 918
f 171 1553 1552
f 1488 396 1533
f 1557 1562 1559
f 1282 1206 1205
f 1053 1278 1281
f 778 607 1283
f 713 9010 9013
f 251 144 124
f 4 348 383
f 709 707 706
f 728 45 246
f 261 1563 544
f 789 1287 790
f 74 263 282
f 403 385 434
f 1178 1240 1189
f 1223 1289 1224
f 158 150 151
f 1220 1186 1221
f 296 354 433
f 784 1538 1566
f 1181 1291 1222
f 1269 1257 1246
f 1566 438 399
f 136 1566 1564
f 1563 169 1565
f 107 109 108
f 1297 1298 1296
f 1464 1476 1461
f 1520 507 508
f 1301 1303 1304
f 1306 1308 1305
f 175 1532 272
f 1532 200 201
f 1311 1312 1313
f 872 1315 1316
f 1317 1318 1319
f 9288 878 9280
f 1305 864 1276
f 1040 863 1320
f 1564 399 169
f 592 1575 591
f 591 1088 689
f 1581 1583 1582
f 1196 1147 1176
f 710 583 713
f 285 408 386
f 953 961 963
f 1594 1589 1593
f 1585 1587 1586
f 1592 1590 1589
f 9337 944 9351
f 1600 1598 1597
f 1604 1602 1601
f 1399 979 980
f 1589 1596 1595
f 1610 1608 1607
f 298 361 360
f 551 276 277
f 1627 9266 9271
f 859 818 860
f 1078 1328 1329
f 1555 1530 1556
f 572 680 681
f 772 776 774
f 977 918 917
f 404 392 393
f 1054 750 753
f 1644 1643 1642
f 932 1082 933
f 1067 1334 1068
f 1540 264 114
f 597 643 1336
f 471 762 470
f 1642 9283 9294
f 1644 9294 9295
f 923 950 927
f 96 548 95
f 520 522 521
f 445 443 442
f 849 848 842
f 480 755 493
f 1646 481 1639
f 311 1567 170
f 464 8941 8939
f 8941 1361 8939
f 234 236 235
f 190 192 191
f 153 152 149
f 231 286 230
f 1552 1551 1550
f 760 1648 488
f 9284 1649 9282
f 828 826 825
f 52 166 165
f 1663 1661 1660
f 287 115 286
f 668 670 669
f 634 640 639
f 553 559 554
f 118 33 516
f 492 491 490
f 8996 1651 8997
f 582 584 583
f 384 392 415
f 1381 1383 1380
f 1562 435 436
f 952 951 947
f 8973 583 584
f 1660 1667 1666
f 1394 1396 1393
f 1660 1664 1663
f 1671 1669 1668
f 1624 1673 1672
f 1407 1409 1410
f 1677 1675 1674
f 1613 1677 1625
f 1679 1676 1677
f 1626 9263 9266
f 534 198 539
f 176 150 159
f 803 734 800
f 400 191 192
f 65 143 144
f 8970 1656 8984
f 402 157 283
f 629 627 626
f 461 49 50
f 758 495 756
f 796 786 785
f 406 1513 1560
f 342 166 167
f 1694 1658 1695
f 1692 1694 1696
f 9001 1652 8996
f 9373 1703 9375
f 326 302 90
f 9368 1702 1706
f 9371 1698 1701
f 1699 9379 9370
f 1557 1560 1561
f 1127 1117 1128
f 400 289 346
f 1706 1707 1708
f 1707 1599 1600
f 1709 1708 1588
f 1714 1711 1713
f 9371 1709 1700
f 1704 1577 1703
f 1716 1713 1715
f 1559 1549 297
f 1722 1720 1719
f 1335 596 1489
f 410 377 378
f 973 1163 972
f 168 399 398
f 1571 1089 1093
f 1572 682 1571
f 749 647 754
f 1730 1723 1729
f 1594 1729 1592
f 1729 1591 1592
f 1731 1730 1583
f 1384 1377 1379
f 1732 1712 1714
f 1724 1731 1732
f 1712 1731 1580
f 1722 1732 1733
f 1721 1733 1734
f 1734 1716 1717
f 1735 1736 1697
f 1733 1714 1716
f 1663 1741 1668
f 1742 1740 1743
f 1738 1737 1735
f 1665 1666 1740
f 1665 1744 1664
f 1725 1746 1745
f 1591 1745 1590
f 1590 1747 1596
f 1745 1748 1747
f 1659 8982 8986
f 5650 8989 5617
f 1185 1182 1190
f 1664 1749 1741
f 1741 1739 1738
f 1746 1743 1748
f 1726 1742 1746
f 1153 924 925
f 1115 1153 1154
f 1654 9019 1655
f 1896 8993 1686
f 1720 1744 1726
f 1721 1749 1720
f 1750 1701 1698
f 1697 1750 1696
f 1151 1063 1062
f 1751 1670 1671
f 1695 1752 1751
f 961 986 981
f 1770 1768 1767
f 1766 1593 1765
f 1731 1579 1580
f 1579 1774 1578
f 9380 1771 9381
f 1764 9380 9369
f 1777 1775 1774
f 9214 1699 1700
f 1004 1128 1003
f 1774 1771 1772
f 987 1399 980
f 1578 1772 1764
f 1783 1781 1778
f 1597 1770 1767
f 639 9347 9336
f 9380 1769 1770
f 1793 1789 1788
f 9381 1798 1769
f 8952 9225 1806
f 1802 9376 9374
f 1788 1794 1793
f 1793 1795 1776
f 9225 1675 1806
f 1584 1783 1789
f 1771 9372 9381
f 1801 1798 1800
f 1768 1798 1799
f 1775 1797 1771
f 508 515 1520
f 1796 1802 1797
f 1800 9372 9374
f 1794 1804 1795
f 8976 1752 8991
f 485 1807 775
f 9261 1640 768
f 9289 1810 1653
f 485 1640 1808
f 1690 9222 9224
f 487 1648 1811
f 9291 1816 9274
f 9290 1648 9282
f 9291 1811 9290
f 1812 487 1811
f 1641 767 768
f 465 755 776
f 767 9275 9260
f 9274 9278 9299
f 1809 1815 767
f 9289 1651 9292
f 675 8985 8940
f 1814 1822 1821
f 1821 9273 9272
f 1824 1649 1825
f 1827 1850 1805
f 1668 1662 1663
f 1779 1848 1828
f 1790 1805 1794
f 1833 1853 1852
f 8965 693 575
f 1614 1616 1617
f 1852 8942 8945
f 1620 1622 1623
f 1855 1574 1861
f 1847 8945 8957
f 1766 1855 1782
f 1629 1631 1628
f 1633 1634 1632
f 1635 1637 1638
f 1848 1852 1847
f 1855 1863 1862
f 1803 1867 1802
f 1862 1831 1832
f 1782 1862 1781
f 9374 1865 1800
f 1873 1870 1869
f 1874 799 804
f 2045 9349 2044
f 1219 1295 1225
f 1615 1396 1395
f 9336 1877 1876
f 645 9238 9003
f 1345 1035 1346
f 634 9336 9332
f 15 1327 14
f 9362 1878 1893
f 1894 605 1893
f 8950 627 693
f 9004 645 9003
f 340 454 1558
f 1897 195 1898
f 1889 1877 1890
f 1901 129 1900
f 196 754 232
f 1705 9373 9368
f 340 166 343
f 1570 563 561
f 1904 194 1897
f 1781 1832 1780
f 1905 55 1906
f 1000 995 996
f 986 920 987
f 1191 1190 1194
f 2094 2075 2093
f 1920 1919 1915
f 453 1912 1911
f 1915 1918 1916
f 9334 2106 9353
f 1655 8975 1868
f 1916 1926 1925
f 704 9005 703
f 278 1925 1900
f 9009 1818 1820
f 1097 1115 1114
f 1927 727 1923
f 9030 9106 9210
f 1920 307 1929
f 1929 48 728
f 503 1497 1509
f 1902 787 796
f 1816 9272 9278
f 1925 1923 1924
f 1535 1568 1534
f 254 258 255
f 1509 366 367
f 119 35 36
f 219 293 294
f 141 47 431
f 542 244 245
f 1940 430 431
f 1779 1827 1790
f 1701 9367 9371
f 1661 8959 1667
f 270 754 647
f 197 749 196
f 1727 1212 1211
f 53 232 754
f 1465 1479 1478
f 1284 9306 1293
f 1951 412 413
f 168 1554 1553
f 1486 206 207
f 506 78 361
f 994 1007 993
f 951 963 964
f 1013 9313 1351
f 9278 1820 1818
f 1498 1954 1482
f 299 543 132
f 1754 1756 1753
f 1681 1683 1682
f 1696 1695 1697
f 13 738 737
f 473 475 474
f 482 768 1640
f 204 30 205
f 1761 820 819
f 611 1125 612
f 1501 1908 1909
f 1074 711 699
f 1960 82 83
f 120 1960 123
f 35 87 34
f 1773 1025 1031
f 1965 1569 1535
f 494 471 479
f 1966 1969 1968
f 446 1971 1967
f 174 125 126
f 1580 1578 1577
f 1785 1787 1784
f 1972 304 305
f 1254 875 999
f 1973 342 514
f 321 1973 509
f 1910 275 1907
f 509 514 508
f 1486 1527 1485
f 1974 804 1975
f 1977 1974 1978
f 1980 1966 1981
f 379 2 295
f 1718 1710 1701
f 884 992 883
f 1680 1678 1679
f 902 525 524
f 344 256 299
f 135 137 136
f 236 228 333
f 448 1967 1966
f 589 604 584
f 910 908 907
f 1981 1968 1987
f 1982 1987 1979
f 1988 1987 1989
f 1990 1989 1991
f 1991 1993 1992
f 322 320 319
f 992 830 883
f 1144 1086 1143
f 1995 1978 1994
f 1133 1118 1126
f 1997 1994 1996
f 870 1335 1489
f 805 1982 1998
f 727 2000 1999
f 1996 1988 1990
f 1994 1979 1988
f 1829 792 1273
f 1830 941 983
f 798 800 799
f 729 731 730
f 2011 2023 2022
f 1834 846 1159
f 402 284 347
f 2022 2024 2025
f 1838 989 988
f 810 952 809
f 1823 1840 644
f 1430 1432 1431
f 1215 1841 1079
f 149 176 177
f 1316 873 872
f 2112 1384 2106
f 1842 1844 1845
f 1159 845 1160
f 837 1846 1120
f 1971 2030 2027
f 517 370 189
f 858 833 812
f 1471 2027 1888
f 8995 626 627
f 2174 770 490
f 935 1854 1010
f 1613 1611 1618
f 1231 1225 1295
f 1856 891 892
f 1300 748 741
f 1150 1858 1859
f 1643 696 1642
f 1215 1264 1216
f 1320 902 901
f 1956 1944 1960
f 2031 669 1474
f 2034 1310 1299
f 1879 1656 1657
f 40 242 39
f 1992 2039 1456
f 888 957 889
f 1882 1996 1990
f 1078 1255 1077
f 1871 1192 1090
f 294 218 219
f 1323 2026 1471
f 123 83 1484
f 1324 2041 1323
f 384 359 352
f 1324 2038 2036
f 1883 1885 1829
f 287 114 107
f 1096 1134 661
f 915 931 916
f 806 1981 1982
f 8977 584 604
f 1425 2042 1018
f 1018 1948 1017
f 9006 740 8963
f 1948 649 646
f 1881 1990 1991
f 1900 130 278
f 992 994 993
f 923 925 924
f 9330 2047 9328
f 1643 625 606
f 2050 2051 2049
f 2045 1404 2047
f 9328 945 9337
f 1139 1079 1841
f 1037 892 982
f 2055 2057 2056
f 1198 718 717
f 1619 1612 1611
f 2058 1606 2059
f 2059 1607 2058
f 2058 1624 1605
f 71 179 37
f 405 1557 382
f 976 1006 977
f 322 1972 1911
f 2061 2063 2062
f 2066 2067 1825
f 2052 2064 2051
f 1609 2066 1647
f 1515 152 1516
f 1009 993 1007
f 1644 9267 2118
f 279 1916 278
f 1285 9314 1284
f 1647 1825 1649
f 2056 2067 2065
f 319 1953 1952
f 667 1913 1914
f 2070 625 2048
f 2052 2055 2063
f 2038 1655 1458
f 1606 2073 2072
f 1235 1270 1236
f 2072 2075 2074
f 2059 2072 2062
f 2074 2077 2076
f 1601 2078 2073
f 2049 1643 1645
f 1000 1001 994
f 1089 684 689
f 1931 1306 1930
f 1462 1021 1022
f 1932 1934 1935
f 875 1846 998
f 1936 1937 1938
f 44 46 92
f 1534 1956 120
f 1541 317 391
f 2081 2084 2083
f 146 1959 300
f 1360 1942 1361
f 985 1032 1033
f 1995 1892 2043
f 2079 2082 2081
f 2095 2076 2077
f 2081 2078 2079
f 2055 2054 2053
f 501 2095 500
f 2097 2099 2098
f 2098 2094 2083
f 2140 9345 9318
f 2141 9346 9345
f 2051 2048 2049
f 592 2101 1576
f 2071 2076 2096
f 2102 2098 2101
f 593 2102 592
f 1019 746 747
f 1950 12 1327
f 725 2096 501
f 1385 2104 1379
f 1379 2106 1384
f 2107 2100 2097
f 9360 502 9348
f 9348 499 9353
f 940 2109 944
f 928 1170 973
f 9320 684 9351
f 1962 1964 1961
f 9330 573 9349
f 2039 1968 1969
f 1389 2110 2109
f 1398 2113 1397
f 9209 9205 9195
f 9363 2107 2103
f 949 924 1115
f 260 324 326
f 1390 2113 2110
f 2070 2064 2071
f 9319 2103 593
f 2105 1421 2114
f 2114 1423 2115
f 9344 2115 9355
f 9360 2114 9344
f 554 1902 553
f 972 967 966
f 1765 1573 1574
f 1984 1986 1983
f 2053 2069 2057
f 9017 724 714
f 1625 1674 1673
f 9333 2119 2122
f 9355 2123 9356
f 56 1906 55
f 626 9331 629
f 2001 2003 2004
f 9364 2127 9359
f 2006 2008 2009
f 2127 1412 2128
f 2014 2016 2017
f 2018 2020 2021
f 1495 1947 197
f 1379 1386 1385
f 9266 1680 1618
f 2029 1884 2028
f 9354 2120 9339
f 629 9366 9324
f 682 943 1089
f 724 2121 716
f 1757 9273 9297
f 765 9296 9261
f 9303 715 9304
f 706 9322 9324
f 981 987 980
f 1457 1656 1880
f 2017 2032 2033
f 1458 1868 1457
f 1776 1792 1793
f 1959 1946 1958
f 9115 9177 9113
f 9365 2122 9302
f 1093 689 1088
f 966 968 972
f 9304 9333 9365
f 2172 2170 2171
f 670 2137 669
f 9213 1903 233
f 1429 28 1449
f 964 978 971
f 9293 1413 2127
f 1473 669 2137
f 9286 1359 1358
f 2138 1870 2137
f 1872 2137 1870
f 715 9340 9333
f 1881 1992 1880
f 9295 739 740
f 1837 8957 8958
f 253 59 85
f 1808 9292 1807
f 1647 9270 1609
f 9317 671 668
f 2112 9335 2111
f 1405 2044 1438
f 9281 1364 1366
f 273 391 249
f 576 8964 8999
f 9327 668 2031
f 1430 2140 2139
f 2136 9312 28
f 1430 18 19
f 9345 570 695
f 1442 2046 2141
f 1431 2141 2140
f 9321 9302 2136
f 9260 1817 766
f 9318 695 671
f 2142 798 2138
f 571 2142 694
f 9271 1618 1611
f 2143 2025 2142
f 694 2138 670
f 681 2144 572
f 2144 2022 2143
f 328 457 290
f 1572 2011 2144
f 630 9355 624
f 2085 2087 2088
f 2090 2092 2089
f 572 2143 571
f 1875 2153 2149
f 1873 2149 2154
f 2103 2097 2102
f 2157 2155 2156
f 2128 1414 2120
f 9326 589 582
f 9324 628 629
f 2149 2158 2159
f 2159 9357 9342
f 698 9354 705
f 9275 9279 1817
f 2158 9326 9357
f 1438 2046 1439
f 2035 2160 2161
f 2161 9341 9338
f 9323 605 589
f 9325 18 9327
f 370 61 451
f 649 413 648
f 2153 2156 2158
f 1428 1449 1450
f 1490 73 1488
f 9342 710 633
f 2155 9343 9323
f 1456 1880 1992
f 2125 2087 2124
f 2160 9342 9341
f 300 505 323
f 1064 1046 1065
f 2043 1891 2155
f 2129 2004 2003
f 2131 2133 2134
f 9300 1450 1449
f 1998 804 805
f 9331 9316 9366
f 474 490 770
f 1164 1182 1177
f 707 9361 9322
f 708 2162 707
f 2162 9338 9361
f 548 1905 458
f 1145 1114 1171
f 705 1650 704
f 2043 1977 1995
f 737 554 559
f 1034 1191 1023
f 458 1907 275
f 195 232 233
f 2040 1969 1970
f 2145 2147 2148
f 2054 2049 1645
f 9284 1639 9270
f 9 11 10
f 252 506 258
f 472 479 471
f 1865 9243 8947
f 900 910 907
f 1941 2151 1942
f 1921 1927 1919
f 2163 1898 2116
f 271 153 178
f 1904 12 9
f 282 264 460
f 1872 2154 2035
f 1326 1897 2163
f 628 693 627
f 1724 1719 1723
f 1549 436 172
f 1582 1730 1729
f 1921 1929 1928
f 9007 10 11
f 2152 1950 1949
f 475 774 771
f 769 2171 473
f 2171 476 473
f 476 772 475
f 1791 464 1760
f 2166 2168 2169
f 595 372 98
f 483 1641 482
f 762 2173 470
f 771 484 492
f 486 1809 483
f 297 1517 296
f 763 2174 762
f 776 759 489
f 184 2176 2000
f 412 303 414
f 2005 185 224
f 9263 1682 9298
f 2164 756 764
f 1472 2161 2162
f 950 964 965
f 2177 2179 2180
f 227 1510 333
f 764 467 2164
f 2182 2184 2181
f 2186 2018 2185
f 1985 2181 1986
f 214 729 1531
f 1545 1546 1569
f 865 842 866
f 849 1357 1362
f 452 1558 454
f 559 3188 737
f 16 737 3188
f 560 498 374
f 3193 3195 3194
f 3200 3198 3199
f 3211 3213 3212
f 3215 3217 3216
f 2187 2002 2001
f 3233 3235 3234
f 3223 3222 3224
f 3229 3231 3230
f 3245 3247 3246
f 2169 2189 2190
f 2192 2085 2191
f 2193 2195 2196
f 2198 2200 2197
f 1998 1979 1975
f 9116 9120 9123
f 3253 3255 3254
f 2116 1903 1902
f 1859 2009 1150
f 9356 2126 9358
f 1135 1087 1130
f 2201 2015 2014
f 1149 110 1858
f 3261 3263 3262
f 3269 3271 3270
f 3265 3267 3266
f 3229 3284 3283
f 3289 3291 3290
f 3299 3301 3300
f 3307 3264 3308
f 3293 3295 3294
f 3297 3224 3298
f 3319 3291 3320
f 3322 3318 3315
f 3314 3312 3311
f 3285 3287 3286
f 3332 3218 3215
f 3329 3330 3328
f 3324 3227 3298
f 3298 3326 3324
f 2203 2205 2206
f 579 1895 1019
f 1755 2208 1756
f 3337 3339 3338
f 9343 1893 605
f 1211 2150 1727
f 868 2210 2209
f 3347 3349 3348
f 944 930 940
f 2130 2202 2201
f 233 1898 195
f 665 750 666
f 1167 999 618
f 2211 2213 2214
f 2215 2217 2218
f 9319 590 9320
f 2220 220 2219
f 823 948 1094
f 3375 3377 3376
f 3393 3391 3390
f 3353 3357 3356
f 3363 3365 3364
f 3402 3404 3403
f 266 455 265
f 9334 2107 9335
f 2221 8963 8961
f 2223 2225 2226
f 2207 2124 2208
f 3293 3336 3286
f 673 9321 9316
f 817 996 815
f 2227 2146 2145
f 1947 646 749
f 9352 17 9325
f 2229 1638 1381
f 1679 1618 1680
f 1637 2232 2230
f 2233 1617 1616
f 2231 2236 2237
f 3406 3408 3407
f 1381 2238 1382
f 9038 2242 9039
f 3414 3341 3415
f 1630 2233 1631
f 1681 472 469
f 1408 2243 2244
f 3423 3425 3424
f 3433 3263 3307
f 3434 3430 3435
f 3440 3442 3441
f 3444 3446 3445
f 3436 3450 3439
f 3442 3456 3455
f 1637 2238 1638
f 3445 3437 3438
f 3448 3440 3449
f 1409 1634 2245
f 1380 2247 2246
f 1628 2245 1621
f 3463 3465 3464
f 3308 3462 3307
f 2249 1622 1633
f 1632 1408 2244
f 2248 1631 2250
f 3478 3480 3479
f 3509 3511 3510
f 2235 1637 1636
f 3505 3507 3506
f 3457 3199 3198
f 631 2071 725
f 515 52 49
f 782 2251 1251
f 2253 2255 2252
f 397 459 784
f 1456 2040 1455
f 2040 2036 1455
f 3434 3518 3517
f 1401 2111 1398
f 2041 1970 2026
f 3367 3338 3368
f 1535 414 1965
f 1586 2080 2079
f 2256 1132 1886
f 3528 3530 3529
f 3519 3520 3517
f 3537 3506 3538
f 3543 3545 3544
f 1700 9370 9371
f 3486 3550 3549
f 3455 3497 3563
f 3558 3559 3323
f 3456 3500 3497
f 3572 3252 3249
f 3308 3285 3569
f 3316 3574 3573
f 3575 3479 3533
f 3576 3578 3577
f 3580 3582 3581
f 3584 3586 3585
f 3505 3588 3503
f 3589 3591 3590
f 3600 3602 3601
f 3542 3595 3594
f 3604 3592 3589
f 3611 3613 3612
f 3622 3624 3623
f 3618 3620 3619
f 3626 3628 3627
f 3644 3646 3645
f 3634 3636 3635
f 3638 3641 3640
f 9267 1686 9269
f 1263 1886 1096
f 3613 3654 3614
f 598 844 599
f 2257 2259 2260
f 2258 2262 2259
f 2259 2263 2216
f 2260 2216 2215
f 1967 1970 1969
f 2212 1963 2213
f 922 2218 2217
f 1312 1101 2264
f 1307 1286 789
f 1548 1546 1972
f 2266 2268 2265
f 2265 2270 2269
f 2272 2269 2271
f 2273 2265 2272
f 2275 2277 2274
f 2278 2277 2279
f 2284 9069 9091
f 2287 2286 2281
f 2288 2283 2287
f 2290 9091 9072
f 2291 2293 2294
f 2295 2294 2279
f 2296 2291 2295
f 2297 2292 2291
f 2294 2299 2300
f 2279 2300 2278
f 2298 2302 2292
f 2292 2303 2293
f 2293 2304 2299
f 2304 2306 2299
f 2306 2300 2299
f 2308 2310 2307
f 2302 2310 2303
f 2301 2307 2302
f 2312 2307 2311
f 2313 2315 2316
f 2318 2320 2317
f 9200 2322 2323
f 2324 2273 2326
f 2313 2326 2327
f 2328 2313 2316
f 2329 2324 2328
f 2331 2333 2330
f 2330 2267 2266
f 2325 2266 2273
f 2329 2330 2325
f 2333 2335 2267
f 2336 2333 2332
f 2338 2332 2337
f 2331 2337 2332
f 2329 2339 2331
f 2328 2340 2329
f 2316 2341 2328
f 2342 2315 2343
f 2344 2346 2347
f 2341 2347 2340
f 2342 2344 2341
f 2348 2345 2344
f 2350 2352 2353
f 2339 2353 2337
f 2340 2350 2339
f 2347 2351 2350
f 2337 2354 2338
f 2353 2355 2354
f 2356 2276 2357
f 2356 2358 2359
f 2356 2296 2295
f 2279 2356 2295
f 2360 2270 2268
f 2267 2360 2268
f 2362 2364 2365
f 2362 2361 2358
f 2366 2358 2357
f 2366 2363 2362
f 2357 2368 2366
f 2366 2369 2367
f 2276 2370 2368
f 2368 2282 2369
f 2372 2374 2371
f 2375 2377 2007
f 2378 2380 2381
f 2382 2381 2383
f 2384 2378 2382
f 2385 2379 2378
f 2388 2390 2387
f 2387 2392 2391
f 2393 2387 2391
f 2394 2388 2387
f 2186 2402 2400
f 2403 2327 2326
f 2272 2326 2273
f 2271 2403 2272
f 2405 2404 2403
f 2404 2408 2327
f 2409 2411 2412
f 2409 2271 2269
f 2413 2269 2270
f 2413 2410 2409
f 2417 2416 2418
f 2417 2406 2405
f 2412 2405 2271
f 2411 2417 2412
f 2406 2407 2404
f 9013 632 713
f 2420 2397 2421
f 2420 2423 2422
f 2424 2422 2419
f 2424 2398 2420
f 2425 2392 2426
f 2421 2426 2423
f 2397 2425 2421
f 2396 2391 2425
f 2427 2315 2314
f 2427 2408 2428
f 2430 2428 2429
f 2343 2427 2430
f 2432 2430 2431
f 2431 2429 2433
f 2435 2433 2434
f 2436 2431 2435
f 2428 2407 2437
f 2422 2407 2419
f 2438 2422 2423
f 2429 2437 2438
f 2440 2433 2439
f 2441 2433 2429
f 2442 2439 2441
f 2443 2440 2439
f 2445 2444 2443
f 2447 2443 2442
f 2383 2445 2447
f 2381 2446 2445
f 2448 2423 2426
f 2449 2426 2392
f 2441 2449 2442
f 2441 2438 2448
f 2449 2390 2450
f 2450 2389 2451
f 2447 2451 2383
f 2442 2450 2447
f 2451 2453 2452
f 2452 2455 2454
f 2382 2454 2384
f 2383 2452 2382
f 2456 2373 2372
f 2459 2461 2458
f 2463 2465 2462
f 2462 2285 2284
f 2466 2284 2290
f 2467 2462 2466
f 2461 9155 9153
f 2468 2470 2471
f 2472 2471 2473
f 2474 9153 9140
f 2475 2477 2478
f 2458 2453 2479
f 2479 2389 2388
f 2395 2479 2388
f 2480 2458 2479
f 2481 2483 2478
f 2484 2485 221
f 2471 2464 2463
f 2473 2463 2467
f 2487 2466 2486
f 2486 2290 2488
f 2490 2488 2489
f 2491 2486 2490
f 2492 2467 2487
f 2493 2487 2491
f 2494 2492 2493
f 2495 2473 2492
f 9142 2474 9140
f 9143 2496 9142
f 2498 2493 2499
f 2500 2499 2501
f 9152 2498 2500
f 9139 2494 2498
f 2306 2278 2300
f 2305 2504 2306
f 2504 2507 2506
f 2506 2288 2508
f 2274 2508 2275
f 2278 2506 2274
f 9085 2489 2488
f 9072 2488 2290
f 2507 2289 2288
f 2505 2509 2507
f 2508 2287 2511
f 2511 2281 2280
f 2370 2280 2282
f 2275 2511 2370
f 2512 2489 2513
f 2514 2513 2515
f 2517 2514 2516
f 2517 2490 2512
f 2499 2491 2517
f 2499 2516 2501
f 2510 2519 2518
f 2518 2521 2520
f 9068 2520 9073
f 9084 2518 9068
f 2522 2303 2310
f 2523 2310 2309
f 2305 2522 2524
f 2524 2523 2525
f 2519 2525 2521
f 2505 2524 2519
f 2308 2527 2526
f 2526 2529 2528
f 2531 2528 2530
f 2309 2526 2531
f 1214 2151 1211
f 2419 2418 2424
f 2533 2349 2317
f 2534 2317 2320
f 2535 2533 2534
f 2536 2345 2533
f 2537 2346 2536
f 2538 2536 2535
f 2539 2537 2538
f 2540 2351 2537
f 2312 2541 2527
f 2527 2542 2529
f 2543 2434 2544
f 2545 2544 2546
f 2319 2543 2545
f 2318 2435 2543
f 2514 2548 2547
f 2547 2550 2549
f 2552 2549 2551
f 2552 2514 2547
f 2520 2554 2553
f 2553 2556 2555
f 9042 2555 9045
f 9073 2553 9042
f 2523 2531 2557
f 2557 2530 2558
f 2525 2557 2559
f 2559 2558 2560
f 2554 2560 2556
f 2521 2559 2554
f 2561 2007 2006
f 2376 2225 2377
f 2564 2566 2563
f 2563 338 2567
f 2569 2567 2568
f 2570 2563 2569
f 2572 2574 2571
f 2571 2576 2575
f 2544 2575 2546
f 2544 2572 2571
f 2578 2569 2577
f 2579 2569 2568
f 2574 2579 2576
f 2573 2577 2574
f 2581 2583 2580
f 2584 2583 2585
f 9149 2580 2584
f 9128 2580 9127
f 2582 2552 2583
f 2583 2551 2585
f 2500 2589 2588
f 2590 2589 2591
f 9145 2588 2590
f 9147 2500 2588
f 2501 2591 2589
f 2592 2594 2595
f 2386 2503 2502
f 2596 2386 2374
f 2596 2373 2597
f 2599 2597 2598
f 2599 2379 2596
f 2600 2380 2599
f 2600 2598 2601
f 2603 2601 2602
f 2603 2446 2600
f 2604 2602 2605
f 2440 2605 2434
f 2444 2604 2440
f 2606 2581 2607
f 2606 2590 2591
f 2591 2582 2606
f 9128 2456 9141
f 9141 2372 9145
f 2478 2608 2481
f 2609 2611 2199
f 2564 2613 2612
f 2612 2598 2597
f 2457 2597 2373
f 2565 2612 2457
f 2614 2570 2578
f 2615 2578 2573
f 2602 2614 2615
f 2601 2613 2614
f 2572 2605 2616
f 2616 2602 2615
f 2573 2616 2615
f 1459 1045 1021
f 1265 1079 1082
f 1612 1609 1611
f 2067 2069 2068
f 1135 1136 1148
f 1938 2618 2617
f 95 458 128
f 2058 1608 1612
f 1454 1445 1367
f 655 1048 2619
f 722 2621 723
f 3665 3634 3666
f 1131 1033 1134
f 562 366 1497
f 1723 1725 1591
f 1786 1122 1787
f 267 323 266
f 1325 1654 2038
f 1468 1435 1479
f 658 529 528
f 8 247 7
f 382 1559 3
f 3631 3680 3630
f 788 1307 789
f 940 929 928
f 911 2623 912
f 2621 655 654
f 2624 2625 2626
f 998 27 26
f 635 2626 2625
f 2627 644 1840
f 2628 1840 2629
f 1200 2627 2628
f 1199 641 2627
f 1520 49 477
f 1452 1349 1451
f 2630 1859 1858
f 644 1335 1823
f 3683 3699 3698
f 1197 717 2632
f 2632 719 1166
f 2628 1166 1200
f 2629 2632 2628
f 1762 1050 821
f 1823 873 1839
f 2634 794 652
f 1028 1027 1161
f 1042 2635 1043
f 93 1901 1924
f 2036 1458 1455
f 1527 1525 1526
f 877 1274 1277
f 134 797 1544
f 1328 931 1329
f 607 1091 1161
f 1043 2637 2636
f 2636 2639 2638
f 1275 2638 1276
f 1275 1043 2636
f 1272 2626 2640
f 2640 638 637
f 1110 2640 637
f 536 2640 2641
f 1472 1474 1473
f 2042 1951 649
f 3668 3633 3669
f 1058 1105 1059
f 2642 2643 2644
f 1192 2644 1193
f 912 2642 1192
f 9350 8970 9238
f 1049 2620 2621
f 616 1885 613
f 1331 666 750
f 990 1198 525
f 1911 321 322
f 1298 1205 2645
f 76 1504 75
f 1502 421 422
f 610 658 691
f 1146 659 938
f 2646 914 936
f 1280 1238 1279
f 975 2647 2648
f 2647 975 974
f 1453 1452 1451
f 1514 158 151
f 835 1843 1842
f 1271 1173 1289
f 2649 813 2650
f 1893 1826 1894
f 1050 1937 1051
f 2651 814 813
f 1006 1281 977
f 2653 2654 2655
f 1001 1003 1002
f 585 679 558
f 2624 621 620
f 555 2028 556
f 1207 1197 2629
f 1626 478 472
f 3729 3731 3730
f 3746 3748 3747
f 3770 3750 3753
f 426 419 1567
f 1030 1773 1031
f 9350 634 9332
f 534 138 262
f 1125 1042 1041
f 333 88 227
f 569 561 730
f 3691 3693 3692
f 1489 871 870
f 1857 620 891
f 1673 9222 9215
f 622 864 1308
f 2647 974 2657
f 619 891 620
f 261 545 262
f 393 1556 404
f 2658 2647 2657
f 1075 2657 917
f 1081 2658 1075
f 1080 2659 2658
f 2644 1141 2660
f 2660 1140 1336
f 642 1336 643
f 1193 2660 642
f 679 555 558
f 3762 3764 3763
f 1503 1500 1502
f 1318 1101 1100
f 2661 1139 1142
f 2661 2663 2662
f 2662 2659 2661
f 2662 2622 2664
f 2664 911 2646
f 2648 2646 1146
f 2648 2662 2664
f 3586 3779 3777
f 2083 2093 2081
f 1442 1437 1439
f 3732 3733 3731
f 519 330 51
f 1885 1209 613
f 799 805 804
f 1946 1952 1953
f 1302 1253 1252
f 3741 3757 3756
f 3660 3662 3661
f 566 224 533
f 1389 928 1388
f 683 681 680
f 836 1842 2665
f 2665 1845 1303
f 2666 1303 1302
f 24 2665 2666
f 831 2650 832
f 1845 1304 1303
f 2010 2012 2011
f 1051 2667 2668
f 1522 1511 1523
f 531 441 522
f 782 1251 1250
f 1250 2625 2669
f 2669 1857 1856
f 783 1856 1037
f 782 2669 783
f 720 2671 721
f 1055 1930 1056
f 1333 1251 2251
f 619 1308 1307
f 652 2619 2634
f 521 1539 1540
f 1838 537 2672
f 2672 536 2641
f 1113 2641 1110
f 1113 1838 2672
f 1016 1351 1045
f 9349 570 9346
f 226 104 101
f 9008 9279 1818
f 1036 1884 1883
f 2674 1304 2673
f 2673 1844 2675
f 1334 2675 1039
f 1333 2673 1334
f 2676 1039 2675
f 1843 2675 1844
f 942 2676 1843
f 1074 702 2676
f 811 859 858
f 752 1055 753
f 1200 656 1026
f 1120 874 2677
f 2677 877 1052
f 1241 1052 1005
f 1119 2677 1241
f 1560 151 1515
f 1208 611 523
f 215 736 214
f 1460 1462 1461
f 3717 3719 3718
f 1208 1839 873
f 854 1282 1297
f 3682 3696 3681
f 72 182 179
f 544 1565 512
f 217 456 457
f 3673 3781 3780
f 2047 930 945
f 1204 1937 2633
f 913 686 685
f 3705 3707 3706
f 840 1113 1112
f 1531 730 561
f 2678 1283 801
f 601 1914 602
f 1537 459 460
f 1819 8953 8971
f 991 862 538
f 2679 1073 1830
f 3776 3581 3582
f 2680 983 2256
f 779 2256 1263
f 778 2680 779
f 2678 1830 2680
f 180 245 40
f 1886 1131 1134
f 3766 3767 3749
f 1138 1274 1255
f 3777 3585 3586
f 1841 1140 1139
f 75 314 74
f 193 420 192
f 2681 1099 1098
f 3658 3587 3659
f 170 1565 169
f 349 417 432
f 1121 2684 2683
f 547 409 302
f 123 121 120
f 2643 1142 1141
f 1542 513 1543
f 899 907 919
f 1210 676 867
f 791 982 892
f 24 837 836
f 893 932 931
f 1860 863 862
f 535 862 861
f 3640 3683 3638
f 832 813 812
f 2650 813 832
f 1569 1547 1568
f 181 542 180
f 660 937 688
f 2013 568 2012
f 3781 3644 3782
f 887 2631 2630
f 1524 361 78
f 520 162 1529
f 2653 854 2685
f 1238 2655 2686
f 718 527 530
f 1492 518 1491
f 792 615 793
f 599 1835 596
f 290 456 175
f 312 1552 425
f 1248 1179 1249
f 153 177 178
f 1240 1222 1221
f 1257 1235 1071
f 1291 1083 1222
f 1052 1277 1053
f 743 2618 1204
f 444 430 443
f 23 1172 1187
f 2687 1180 1179
f 102 409 134
f 1283 610 801
f 373 650 651
f 1180 1084 1291
f 855 2655 1237
f 1173 1917 1174
f 2689 853 2688
f 2688 1108 1279
f 2686 1279 1238
f 2687 2688 2686
f 2691 1252 2690
f 2690 850 2689
f 1248 2689 2687
f 1248 2691 2690
f 2692 24 2666
f 2691 2666 1302
f 1247 2692 2691
f 1258 617 2692
f 394 1555 393
f 2693 1259 1223
f 1072 1262 1261
f 1257 1168 1258
f 398 1555 1554
f 871 1314 872
f 1178 1249 1179
f 1224 1173 1172
f 1010 2618 742
f 1175 1292 1269
f 2654 2686 2655
f 2694 1216 1264
f 71 1487 70
f 701 1111 1038
f 1072 2649 2650
f 1085 22 21
f 895 1264 896
f 1601 1605 1604
f 1259 1271 1289
f 21 1220 1083
f 988 538 537
f 3533 3535 3532
f 598 1336 1140
f 820 1762 821
f 1050 818 821
f 1298 1761 2652
f 1168 618 617
f 3629 3670 3628
f 858 1256 833
f 39 516 1536
f 2652 819 814
f 313 315 314
f 2026 1971 2027
f 2656 596 1835
f 814 818 811
f 2696 813 2649
f 1260 2649 1261
f 2693 2696 1260
f 2697 2651 2696
f 381 390 380
f 9270 1611 1609
f 1475 1428 1227
f 1292 1917 1235
f 1551 354 1518
f 1526 1523 1511
f 1593 1595 1573
f 1232 1246 1249
f 2695 1223 22
f 2698 1296 2697
f 2698 2693 2695
f 2685 2695 1085
f 2685 1297 2698
f 562 271 272
f 2652 1296 1298
f 1365 1364 1363
f 1958 1953 1957
f 585 2210 997
f 1561 1515 435
f 975 1146 976
f 347 68 346
f 1038 636 1068
f 2700 780 2699
f 2699 1036 1883
f 2701 1883 1829
f 851 2699 2701
f 2674 2251 2702
f 2702 781 2700
f 1253 2700 851
f 1301 2702 1253
f 1519 388 1550
f 1273 1280 2703
f 2703 1107 852
f 2701 852 851
f 1829 2703 2701
f 91 326 90
f 1784 2656 1785
f 2683 2705 2704
f 604 8943 8977
f 1669 8992 1662
f 2062 2060 2059
f 621 861 622
f 2023 732 2024
f 686 1263 687
f 857 2668 1328
f 883 882 879
f 3648 3650 3649
f 637 1111 1110
f 2668 893 1328
f 3692 3711 3691
f 2667 894 2668
f 1039 1068 1334
f 313 1504 1505
f 1911 305 453
f 1936 1964 2212
f 2707 2401 2183
f 2708 2183 2182
f 738 2116 554
f 3785 3709 3786
f 2349 2432 2436
f 2711 2020 2019
f 2400 2019 2186
f 2714 2716 2713
f 2717 2719 2720
f 2721 2723 2724
f 2726 2728 2725
f 2725 2730 2729
f 2731 2729 2709
f 2732 2725 2731
f 2734 2736 2733
f 2738 2740 2737
f 2737 2741 2742
f 2744 2746 2743
f 2745 2748 2747
f 2749 2747 2751
f 2753 2751 2752
f 2250 2246 2248
f 3417 3419 3418
f 2754 1614 2755
f 9050 2755 9061
f 9060 2747 9061
f 1617 2755 1614
f 2242 1620 2757
f 3429 3431 3430
f 2191 2760 2759
f 2761 2760 2762
f 9100 2761 9101
f 9075 2759 9100
f 3209 3354 3355
f 1395 2236 2235
f 1395 1636 1615
f 3741 3790 3740
f 1616 2229 2233
f 3410 3412 3411
f 1617 2763 2756
f 2756 9080 9060
f 2765 2234 1630
f 2766 9080 9074
f 3202 3458 3459
f 1516 435 1515
f 2768 8996 8997
f 1495 578 1424
f 2135 28 17
f 8970 2773 2774
f 1690 9378 9377
f 2778 2780 2777
f 2777 2781 2782
f 2784 2777 2783
f 8999 575 576
f 1494 9 540
f 8973 2015 9010
f 451 505 450
f 2786 2788 2785
f 2779 2785 2780
f 2789 2741 2740
f 2790 2752 2789
f 2792 2794 2791
f 2793 2796 2794
f 2796 2750 2749
f 2794 2749 2753
f 2798 1396 2754
f 9043 2754 9050
f 2798 2800 1393
f 9043 2799 2798
f 2797 2795 2801
f 2791 2753 2790
f 216 232 54
f 9256 2807 9255
f 9257 2804 9255
f 2769 9001 8996
f 183 184 97
f 2811 2775 2776
f 2804 2776 2805
f 2809 2811 2804
f 2812 2813 2814
f 9257 2816 9247
f 9248 2815 9247
f 9250 2820 2821
f 9245 2819 9250
f 2824 2735 2819
f 2823 2824 2819
f 2825 2826 2724
f 9245 2827 9244
f 9248 2826 9244
f 2713 2829 2828
f 2828 2831 2830
f 2822 2828 2830
f 2821 2713 2828
f 2832 2822 2830
f 2833 2830 2831
f 2834 2832 2833
f 2835 2827 2832
f 2837 2839 2836
f 2836 2841 2840
f 2842 2840 2727
f 2843 2836 2842
f 2840 2845 2844
f 2718 2845 2719
f 2730 2844 2718
f 2727 2844 2728
f 2846 2719 2845
f 2846 2841 2847
f 2829 2847 2831
f 2829 2716 2846
f 2847 2839 2848
f 2848 2838 2849
f 2833 2849 2834
f 2831 2848 2833
f 2850 2851 2852
f 2853 2852 2854
f 2783 2782 2855
f 2785 2853 2856
f 2780 2856 2781
f 2857 2855 2782
f 2859 2782 2781
f 2861 2842 2860
f 2860 2727 2726
f 2862 2726 2732
f 2863 2860 2862
f 2861 2858 2857
f 2843 2857 2859
f 2856 2854 2864
f 2781 2864 2859
f 2837 2859 2864
f 2838 2864 2854
f 2852 2834 2849
f 2854 2849 2838
f 2865 2818 2835
f 2851 2835 2834
f 2813 2815 2865
f 2814 2865 2851
f 2866 2814 2850
f 2788 2850 2853
f 2866 2787 2867
f 2812 2867 2775
f 1892 1890 1891
f 2720 2846 2870
f 298 256 257
f 2872 2713 2820
f 9246 2735 2734
f 2729 2874 2873
f 2846 2715 2870
f 2876 2878 2875
f 2733 2878 2734
f 9258 2879 2880
f 9258 2872 9246
f 2882 2884 2881
f 2881 2715 2714
f 2880 2714 2872
f 2879 2881 2880
f 2885 2887 2888
f 2888 2890 2885
f 2885 2892 2891
f 2893 2885 2891
f 1942 2532 2894
f 2895 2720 2870
f 2884 2870 2715
f 2883 2895 2884
f 2896 2892 2895
f 2889 2717 2890
f 2890 2720 2892
f 2897 2891 2896
f 2898 2896 2883
f 2899 2883 2882
f 2900 2882 2879
f 9249 2879 9259
f 2876 2901 2877
f 2901 2904 2903
f 1785 1835 1834
f 2905 2899 2900
f 2907 2897 2898
f 9249 2903 9251
f 632 577 633
f 8976 2867 2787
f 434 550 350
f 2768 9092 9095
f 2910 1623 2249
f 2241 2758 2242
f 9092 2913 9104
f 1623 2757 1620
f 9039 2757 9104
f 2229 1380 2250
f 2765 1629 2914
f 2915 1629 2912
f 9094 2914 2915
f 9093 2765 2914
f 2919 9094 9065
f 2918 2912 2241
f 9066 2241 9038
f 9070 9065 9122
f 8985 2180 8940
f 8965 2188 8950
f 3694 3627 3693
f 9157 714 9303
f 2925 2917 2924
f 2924 2916 2919
f 9062 2919 9070
f 9063 2924 9062
f 2926 2766 2925
f 9110 2925 9063
f 1715 1705 1710
f 785 498 796
f 1387 565 1791
f 374 1899 560
f 9017 2206 9000
f 2929 2886 2893
f 2932 2934 2931
f 1905 1908 1907
f 2930 2936 2937
f 2938 2930 2929
f 1493 517 518
f 1603 1586 1602
f 2939 2929 2908
f 2940 2908 2907
f 9117 1600 9113
f 2886 2937 2887
f 2906 2898 2899
f 2908 2893 2897
f 2942 2933 2941
f 2941 2937 2936
f 8945 2936 8957
f 8942 2941 8945
f 2943 2710 2873
f 2943 2874 2889
f 2945 2889 2888
f 2946 2943 2945
f 2932 2888 2887
f 2931 2945 2932
f 727 1929 728
f 2903 2947 2948
f 545 42 262
f 1480 533 251
f 2907 2949 2940
f 2906 2950 2949
f 1558 215 202
f 9251 2948 9253
f 2054 1644 2118
f 9157 2203 9017
f 1828 1849 1827
f 2953 2955 2952
f 2952 2957 2956
f 2956 2258 2952
f 2953 2258 2257
f 2454 2474 2496
f 9199 2959 9218
f 9199 2131 9189
f 2961 2963 2958
f 2958 2964 2959
f 222 2485 2965
f 2477 2966 2608
f 2631 2006 1859
f 2384 2496 2497
f 2967 2959 2964
f 2968 2970 2969
f 9211 2971 9236
f 9236 2960 9218
f 2972 2033 2032
f 2007 2973 2008
f 9004 2134 2133
f 1836 1832 1831
f 8950 2090 8995
f 955 959 956
f 672 674 673
f 633 713 632
f 2024 733 803
f 2025 803 798
f 425 1550 388
f 2975 888 887
f 1319 1157 2694
f 1212 2977 1213
f 889 2228 2227
f 1978 1975 1979
f 1138 1329 915
f 751 2979 2978
f 1619 1625 1624
f 2252 1728 1727
f 1157 845 1216
f 2706 1938 2617
f 2980 2254 2981
f 2982 887 2630
f 802 711 2679
f 678 2029 2028
f 527 690 528
f 1839 2629 1840
f 2983 602 1914
f 2983 1913 1331
f 2985 1331 1054
f 2986 2983 2985
f 2987 2635 2634
f 2985 2639 2986
f 2990 1318 2989
f 2991 2993 2994
f 2995 2994 2996
f 1106 2991 2995
f 1058 2992 2991
f 1415 1365 1367
f 1317 2217 2997
f 1932 2255 2980
f 926 2999 664
f 3001 2992 3000
f 3000 1057 2978
f 2999 2978 2979
f 2998 3000 2999
f 3002 2209 3003
f 3002 2996 2994
f 2993 3002 2994
f 3001 2998 3002
f 1103 2995 3004
f 3004 2996 3003
f 2209 3004 3003
f 588 3004 2210
f 295 433 381
f 2638 2988 3005
f 3005 1056 1930
f 1305 1930 1306
f 1276 3005 1305
f 1987 1993 1989
f 2633 1761 2645
f 1423 1417 1419
f 9005 739 703
f 2671 2704 2705
f 1473 2035 1472
f 922 2694 895
f 1401 1378 1384
f 556 1884 1037
f 842 9277 9288
f 1854 2617 1010
f 933 1081 1075
f 1440 1436 1437
f 529 719 530
f 1031 1027 1028
f 777 912 1871
f 2645 1204 2633
f 441 1538 1537
f 3771 3773 3772
f 790 587 586
f 2065 1610 1607
f 1860 990 902
f 60 87 59
f 1424 1948 1947
f 332 1507 331
f 261 138 135
f 187 449 507
f 1719 1726 1725
f 1931 1059 3006
f 3006 1105 1104
f 1287 1104 587
f 1286 3006 1287
f 3007 3009 3010
f 3009 653 795
f 618 26 25
f 2029 1210 1209
f 957 600 2228
f 1049 2228 600
f 2631 3011 2561
f 890 2227 3011
f 3011 2145 3012
f 2561 3012 2375
f 1026 609 608
f 2706 1961 1964
f 3013 2485 3014
f 2148 1267 3015
f 3015 1266 1311
f 2997 1101 1317
f 642 1773 1193
f 186 461 511
f 1041 1320 901
f 1121 3017 1122
f 2984 2987 3018
f 3018 2634 2619
f 1048 3018 2619
f 603 2984 3018
f 2679 801 802
f 2062 2074 2061
f 2061 2076 2064
f 414 1545 1965
f 3016 2683 3019
f 3019 2704 2670
f 3020 2670 720
f 3007 3019 3020
f 1871 1091 777
f 3021 1122 3017
f 3022 3017 3010
f 1314 3022 1315
f 1784 3021 1314
f 1316 1763 611
f 3023 3010 3009
f 3023 795 1092
f 1763 1092 1125
f 1315 3023 1763
f 3016 3010 3017
f 752 2978 1057
f 2986 2637 2987
f 3024 653 3008
f 3020 3008 3007
f 720 3024 3020
f 723 654 3024
f 2681 1268 3025
f 2671 1268 721
f 2705 3025 2671
f 1313 3027 1311
f 3026 3029 3027
f 3027 3030 3031
f 1311 3031 3015
f 2012 731 2023
f 917 974 977
f 3742 3744 3743
f 743 856 744
f 1888 2030 1425
f 2682 2684 3032
f 3032 1124 2989
f 1100 2989 1318
f 1099 3032 1100
f 1123 2989 1124
f 3033 1159 1158
f 2990 1158 1319
f 1123 3033 2990
f 1786 1834 3033
f 1054 2988 2985
f 2979 664 2999
f 2623 2663 2643
f 1095 688 687
f 3034 2261 2956
f 3036 2956 2957
f 3037 3034 3036
f 3038 3035 3034
f 3040 3026 1313
f 2263 3041 3040
f 3042 3043 3041
f 3041 3028 3026
f 3044 3043 3039
f 3046 3045 3044
f 3047 3049 3045
f 3043 3049 3028
f 3038 3051 3050
f 3050 3053 3052
f 3052 3044 3050
f 3039 3050 3044
f 3054 3039 3042
f 3042 2262 3054
f 2261 3054 2262
f 2216 2997 2217
f 2212 2667 1936
f 3056 2209 3055
f 934 1961 1854
f 2013 9209 567
f 3058 3060 3061
f 3059 3063 3060
f 3060 2213 1963
f 3061 1963 1962
f 3063 2214 2213
f 3062 3064 3063
f 3065 2260 3064
f 3064 2215 2214
f 3066 3031 3030
f 2608 3067 3066
f 2966 3068 3067
f 3031 3068 3015
f 2455 2461 2474
f 2476 2226 2477
f 8995 2089 8969
f 8970 9221 9238
f 433 355 381
f 2115 1419 2123
f 8953 2922 8971
f 9221 2131 2134
f 3069 2167 2166
f 2971 2928 2960
f 2961 2773 2962
f 3070 2478 2483
f 2610 3071 2954
f 2502 2374 2386
f 3072 2595 3073
f 2964 3052 2967
f 3048 3074 3049
f 2593 3075 3074
f 3075 3029 3074
f 3074 3028 3049
f 3072 3075 2592
f 3076 2482 2481
f 2481 3066 3076
f 3076 3030 3075
f 2967 3053 2970
f 2482 3073 2483
f 479 493 494
f 706 9325 709
f 9005 2221 8961
f 2013 9206 9207
f 8977 2016 8973
f 9006 2222 2974
f 1171 1155 1176
f 3782 3689 3783
f 2586 2565 2587
f 2982 113 2484
f 2562 3077 3068
f 2376 3012 3077
f 3012 2148 3077
f 3077 3015 3068
f 2963 3046 2964
f 3051 2970 3053
f 1683 491 775
f 9302 1447 9312
f 1986 9186 9220
f 3079 2546 2575
f 3081 2575 2576
f 1983 9220 9217
f 3082 2319 2545
f 3080 2545 2546
f 9186 3082 3080
f 9184 2323 3082
f 1309 1888 748
f 3073 2772 2771
f 2760 3084 2762
f 2760 2088 3083
f 3085 3086 3087
f 3089 3090 3088
f 3089 3084 3085
f 3092 3090 3091
f 3093 2744 2743
f 2751 2748 3093
f 3093 2752 2751
f 2742 3093 3094
f 3094 2743 3095
f 3096 3098 3087
f 3099 3087 3086
f 3097 3095 3098
f 3100 2746 3101
f 3101 3102 3100
f 2764 2927 3101
f 2745 3101 2746
f 3102 3091 3100
f 3100 3095 2743
f 2869 9044 9086
f 3102 3104 3092
f 9110 2869 9086
f 2927 3103 3102
f 3098 3091 3090
f 3087 3090 3085
f 2088 3105 3083
f 3083 3086 3084
f 2483 2771 3070
f 2401 2185 2321
f 3099 3105 3106
f 2125 3106 3105
f 3108 2742 3107
f 3107 3094 3097
f 3110 3107 3109
f 3109 3097 3096
f 3111 3096 3099
f 3112 3109 3111
f 3113 2737 3108
f 3115 2722 3114
f 3117 3114 3116
f 3119 3116 3118
f 3118 3120 3121
f 3116 3113 3120
f 3122 3111 3123
f 3122 1755 1754
f 3124 3126 3127
f 3125 3121 3126
f 3128 3118 3125
f 3129 3125 3124
f 2020 3128 3129
f 9305 1346 1352
f 1065 1047 1066
f 1814 9282 1649
f 2021 3129 3130
f 3111 3106 3123
f 3123 2207 1755
f 2377 2224 2973
f 3014 113 112
f 1756 9234 9219
f 3131 2530 2528
f 3133 2528 2529
f 1753 9219 9227
f 3134 3127 3135
f 2327 2314 2313
f 2436 2317 2349
f 2018 9163 9164
f 2534 3137 2535
f 2320 3136 2534
f 2185 9164 9223
f 3138 2542 2539
f 3134 9196 9197
f 9237 3134 9197
f 3140 2539 2538
f 2535 3140 2538
f 9163 3130 9237
f 2558 3132 3141
f 9234 3141 3132
f 2560 3141 3142
f 9212 3142 3141
f 958 2976 2981
f 1933 2980 3143
f 3714 3729 3713
f 2399 2418 2416
f 2348 2343 2432
f 2322 2319 2323
f 2718 2874 2730
f 2709 2873 2710
f 2894 1361 1942
f 3788 3720 3717
f 346 176 347
f 1876 1882 1881
f 2802 9059 9044
f 3104 3088 3092
f 2974 9101 9055
f 3089 2761 2762
f 3088 3145 3089
f 2803 9055 9059
f 9322 692 628
f 2123 1418 2126
f 1365 1368 1367
f 3346 3344 3343
f 1581 1782 1783
f 9013 2129 8964
f 8999 2002 8965
f 3146 2551 3147
f 9203 3147 9202
f 9194 3146 9203
f 3149 2585 3146
f 3196 3197 3195
f 9056 2191 9075
f 3142 2556 2560
f 9229 3150 3142
f 9098 2550 9045
f 3150 2555 2556
f 9230 3151 3150
f 9240 3152 9098
f 3153 2551 2549
f 3152 2549 2550
f 9233 3153 3152
f 9228 3147 3153
f 3148 2206 2205
f 2183 2321 2184
f 2132 2928 2133
f 3299 3321 3319
f 9136 2204 2203
f 9171 2197 9173
f 2594 2773 2951
f 2595 2951 2772
f 1870 799 1869
f 3257 3259 3258
f 9165 2178 9158
f 9158 9188 9242
f 336 9226 9174
f 339 3154 336
f 9241 3149 9194
f 9135 2584 3149
f 2963 3048 3047
f 9174 337 336
f 339 2566 2586
f 3156 2168 2167
f 2610 2167 2611
f 2954 3156 2610
f 3157 2953 2257
f 9159 2169 9161
f 2567 3159 2568
f 337 2567 338
f 9182 2166 9159
f 9216 1983 9217
f 2579 3081 2576
f 2568 3160 2579
f 9161 2190 9216
f 3065 3162 3161
f 3161 1984 2189
f 3157 2189 2168
f 2257 3161 3157
f 734 1922 806
f 3059 2708 3163
f 3163 2182 1985
f 3162 1985 1984
f 3062 3163 3162
f 3203 3205 3204
f 3806 3808 3807
f 2122 1448 1447
f 9269 1685 9264
f 139 444 69
f 1570 566 533
f 2957 3165 3036
f 2955 3164 2957
f 1912 341 1973
f 3130 3124 3134
f 1548 319 1547
f 1949 1327 1887
f 2969 3078 3167
f 3167 3169 3168
f 9176 2017 9172
f 9172 2033 9211
f 3168 3165 3170
f 3170 3164 3171
f 9231 3171 9208
f 9176 3170 9231
f 3171 3166 3172
f 3172 3071 3173
f 9204 3173 9201
f 9208 3172 9204
f 3169 3036 3165
f 2593 2962 2594
f 3173 2609 3174
f 3174 2199 2198
f 9235 2198 9171
f 9201 3174 9235
f 2190 1984 1983
f 2196 2767 3148
f 3326 3328 3327
f 2119 1414 1448
f 1464 1466 1465
f 2199 3069 2200
f 2457 2587 2565
f 2226 2562 2966
f 481 1627 1639
f 333 235 236
f 3078 3037 3169
f 3040 2997 2263
f 3351 3262 3263
f 2219 1933 2220
f 2385 2497 2503
f 221 3175 2484
f 2220 3143 3175
f 3175 2976 2975
f 2484 2975 2982
f 2954 3166 2955
f 2630 110 2982
f 1547 1952 1955
f 2091 2188 2187
f 9185 2178 2177
f 1918 1927 1926
f 9007 111 8955
f 3398 3400 3399
f 955 960 954
f 2037 112 9007
f 3143 2981 2976
f 2218 2214 2215
f 672 9239 8985
f 2152 3014 2037
f 1147 1143 1145
f 2248 1409 2245
f 1615 1635 1616
f 1410 2246 2247
f 3486 3487 3310
f 3468 3502 3501
f 3451 3452 3450
f 3177 1383 1382
f 2238 3176 1382
f 3176 2230 3178
f 1410 3179 1407
f 3179 2243 1407
f 1633 2800 2249
f 3816 3817 3814
f 1621 2758 2912
f 3642 3662 3675
f 3422 3260 3257
f 1622 2245 1634
f 2236 3181 3182
f 3793 3795 3794
f 3493 3495 3494
f 2237 3182 3183
f 3513 3515 3514
f 2250 2233 2229
f 3654 3667 3802
f 2912 1628 1621
f 3819 3821 3820
f 3432 3823 3431
f 135 1564 1563
f 1567 512 1565
f 1085 2653 2685
f 3184 868 3056
f 869 3057 934
f 3389 3387 3386
f 1266 1098 1312
f 1267 722 721
f 937 2646 936
f 2146 722 2147
f 2211 921 2667
f 1957 507 449
f 1313 2264 3040
f 1496 1493 1492
f 2681 2705 2682
f 2887 2933 2932
f 1687 1659 1694
f 145 1498 81
f 1317 1319 2694
f 3831 3830 3834
f 37 418 71
f 1935 3185 2977
f 104 301 103
f 2101 2083 2084
f 543 360 207
f 1934 3186 3185
f 234 212 237
f 9297 1822 1824
f 3825 3827 3826
f 1976 1874 1974
f 223 2219 220
f 9107 9057 9064
f 468 773 2165
f 3673 3659 3672
f 1935 1728 1932
f 3490 3840 3549
f 3362 3848 3847
f 3862 3864 3863
f 3465 3484 3868
f 3893 3525 3874
f 3352 3430 3431
f 3869 3871 3870
f 3529 3567 3564
f 3420 3922 3921
f 3304 3236 3303
f 3929 3931 3930
f 3324 3327 3561
f 3219 3939 3331
f 3220 3937 3219
f 3450 3376 3439
f 3942 3833 3941
f 3215 3454 3945
f 3946 3215 3945
f 3422 3948 3421
f 3950 3198 3196
f 3205 3957 3920
f 3261 3961 3288
f 3852 3964 3963
f 3214 3946 3958
f 3965 3214 3192
f 3797 3799 3798
f 3988 3990 3989
f 3777 3806 3822
f 3855 3447 3444
f 3737 3800 3736
f 3949 3952 3948
f 3651 3783 4000
f 4001 3787 3812
f 4019 4021 4020
f 4027 4029 4028
f 3258 4030 4027
f 4033 4035 4034
f 3424 4047 4046
f 3242 4058 4057
f 3970 3547 3971
f 3829 4057 3825
f 3333 3947 4060
f 4063 4065 4064
f 4073 4075 4074
f 3568 3443 3448
f 3981 3335 4050
f 3540 3862 3539
f 4078 4031 4032
f 3565 4088 3993
f 3442 4089 4082
f 4092 4094 4093
f 4093 4097 4096
f 3619 3623 3624
f 3660 3821 3807
f 3809 3649 3808
f 3610 3655 3613
f 3656 3623 3657
f 3621 3804 3620
f 3503 3481 3504
f 3436 3438 3437
f 3356 3427 3353
f 3628 3669 3633
f 3734 4002 3733
f 3276 3370 3369
f 3763 4107 3762
f 4006 3754 3755
f 3747 3752 3746
f 3863 4110 3992
f 3994 4003 3501
f 3653 3664 3652
f 3296 4115 3295
f 4117 4119 4118
f 3249 3251 3250
f 4127 4129 4128
f 3478 3903 3867
f 3410 3921 3922
f 3977 4038 3976
f 3216 3453 3454
f 3967 3548 3966
f 4140 4032 4039
f 3509 4149 3916
f 4151 3659 3587
f 4153 3656 3671
f 4153 3646 3672
f 4156 3645 4155
f 4139 4078 4140
f 3743 4163 4162
f 3861 3987 4166
f 3468 4067 3467
f 3306 3980 3835
f 4172 4010 4024
f 4169 3836 3835
f 4187 4189 4188
f 4213 4215 4214
f 4220 4222 4221
f 4225 4211 4204
f 4230 4232 4231
f 4240 4242 4241
f 3606 3608 3607
f 4250 4252 4251
f 4258 4260 4259
f 4077 4079 4078
f 4276 4278 4277
f 4308 4263 4309
f 4017 3872 3869
f 3196 3951 3950
f 4316 4270 4271
f 3870 4307 3869
f 4324 4326 4325
f 4333 4247 4244
f 4338 4340 4339
f 4348 4350 4349
f 4283 4289 4286
f 4356 4358 4357
f 4359 4020 4358
f 4362 4196 4197
f 4320 4279 4276
f 4370 4296 4371
f 4377 4303 4249
f 4231 4201 4178
f 4203 4331 4381
f 4037 4039 4038
f 4371 4386 4370
f 4387 4347 4314
f 3309 3294 3310
f 4099 3724 3818
f 4355 3257 4313
f 3630 3693 3627
f 4277 4302 4390
f 4350 4319 4349
f 4353 4351 4348
f 3637 3639 3638
f 4394 3827 3320
f 3311 4399 4398
f 3755 4005 4006
f 4363 4259 4260
f 3454 3919 3920
f 3446 3459 3458
f 4298 4404 4406
f 3749 3769 3766
f 3791 3756 3792
f 3643 3684 3640
f 3845 3399 3400
f 4313 3258 4312
f 4411 4408 4412
f 3843 4423 3842
f 4214 4329 4328
f 4431 4433 4432
f 3918 3798 3799
f 3927 3388 3389
f 4453 3874 3873
f 4138 4457 4456
f 3346 4459 3345
f 4100 4108 4107
f 3974 3976 3975
f 3665 3652 3664
f 3773 3993 3992
f 3945 3920 3957
f 4144 4462 4461
f 4464 4466 4465
f 3268 4479 3267
f 4484 4136 4485
f 3348 4487 3347
f 3313 3912 3913
f 3803 3617 3802
f 4086 3510 4087
f 4034 3305 4033
f 3403 4171 4489
f 4481 4492 4491
f 4177 4179 4178
f 4398 3923 3311
f 4451 4494 4450
f 4501 4076 4502
f 4509 4506 4503
f 3304 4462 4517
f 4485 3312 4484
f 3419 3349 4064
f 4356 4385 4305
f 4026 4358 4020
f 4354 4357 4358
f 3599 4091 4090
f 4341 4254 4274
f 4251 4524 4335
f 3482 3484 3483
f 3843 3544 4085
f 4295 4274 4294
f 4381 4206 4203
f 4204 4531 4225
f 4533 4535 4534
f 4542 4544 4543
f 4546 4548 4547
f 4573 4547 4548
f 4575 4577 4576
f 4221 4580 4220
f 4587 4589 4588
f 4328 4589 4214
f 4187 4563 4332
f 4595 4593 4591
f 4597 4604 4596
f 4609 4611 4610
f 4620 4622 4621
f 4612 4614 4613
f 4636 4600 4637
f 4649 4650 4648
f 4652 4654 4653
f 4662 4664 4663
f 4666 4668 4667
f 4637 4685 4684
f 4627 4700 4626
f 4684 4636 4637
f 4663 4661 4662
f 4699 4697 4696
f 4647 4703 4702
f 4709 4603 4710
f 4724 4726 4725
f 4742 4744 4743
f 3311 3924 3314
f 4698 4758 4679
f 4749 4609 4610
f 4342 4344 4343
f 4797 4799 4798
f 4490 3974 4143
f 4019 4306 3870
f 4512 4514 4513
f 3991 4508 4507
f 4692 4694 4693
f 4680 4818 4810
f 4821 4824 4823
f 4367 4243 4240
f 4833 4831 4830
f 4837 4757 4754
f 4332 4562 4561
f 4683 4819 4682
f 4845 4850 4849
f 4751 4752 4669
f 4854 4695 4692
f 4858 4718 4857
f 4822 4859 4824
f 4674 4647 4675
f 4771 4773 4772
f 4726 4537 4540
f 4714 4719 4715
f 4633 4688 4687
f 4616 4618 4617
f 4686 4842 4841
f 4869 4708 4629
f 3502 3528 3529
f 4777 4737 4745
f 4734 4779 4873
f 4883 4663 4664
f 4375 4274 4275
f 4290 4335 4524
f 4799 4826 4825
f 4816 4812 4810
f 4778 4732 4659
f 4158 4160 4159
f 4195 4197 4196
f 3860 4166 4167
f 3758 3763 3764
f 3694 4157 4156
f 4249 4391 4377
f 3467 3469 3468
f 4209 4211 4210
f 4142 4144 4143
f 3615 3617 3616
f 3479 3536 3535
f 4883 4672 4886
f 4802 4642 4643
f 3698 3638 3683
f 4105 3726 3730
f 4848 4896 4895
f 4878 4744 4837
f 4610 4748 4749
f 4036 4489 4035
f 4355 4314 4347
f 4171 4049 4048
f 3875 3216 3217
f 4868 4863 4864
f 4623 4691 4622
f 3629 4155 4154
f 4654 4898 4683
f 4012 4014 4013
f 4902 4866 4867
f 4768 4908 4906
f 4370 4385 4384
f 4888 4914 4913
f 3546 3917 3916
f 4932 4931 4919
f 3625 4151 4150
f 3804 3670 3657
f 3816 4103 4101
f 4911 4887 4912
f 4928 4927 4929
f 4925 4927 4921
f 3655 3666 3654
f 4932 4910 4911
f 4937 4912 4913
f 4939 4942 4941
f 4228 4530 4381
f 4946 4942 4947
f 4938 4923 4937
f 4942 4937 4947
f 4951 4930 4928
f 4955 4928 4954
f 4748 4615 4749
f 4914 4847 4956
f 4824 4584 4856
f 4940 4941 4943
f 4916 4960 4917
f 4909 4891 4862
f 4971 4968 4949
f 4966 4948 4944
f 4962 4953 4965
f 4940 4924 4939
f 4831 4917 4895
f 4935 4925 4924
f 4275 4261 4258
f 4679 4791 4678
f 4016 4373 4376
f 4668 4766 4795
f 4539 4727 4845
f 4929 4936 4933
f 4607 4882 4881
f 4775 4801 4802
f 4801 4742 4774
f 4732 4611 4733
f 4985 4983 4982
f 4534 4562 4533
f 4847 4645 4848
f 4788 4619 4616
f 4787 4678 4791
f 4657 4605 4597
f 4994 4878 4837
f 5006 5008 5007
f 5001 4973 4988
f 4814 4619 4785
f 5014 4974 5012
f 5003 4972 4973
f 5019 5007 5018
f 5024 5017 5025
f 5036 5035 5032
f 4990 4975 4972
f 5045 5034 5044
f 5048 5034 5035
f 5025 5014 5026
f 5046 5043 5031
f 5051 5055 5054
f 5044 5060 5059
f 5011 5021 5020
f 5013 5068 5012
f 5028 5072 5029
f 5077 5064 5065
f 5065 5079 5077
f 5083 5080 5060
f 5063 5080 5065
f 5054 5071 5078
f 4602 4711 4851
f 5058 5083 5053
f 4982 4792 4793
f 5041 5045 5061
f 3909 3278 3250
f 3471 3473 3472
f 5002 4994 4995
f 5060 5067 5059
f 4892 4862 4891
f 4891 4884 4892
f 4996 5003 5001
f 4997 5005 5000
f 4813 4614 4829
f 4618 4827 4613
f 5089 5093 5092
f 3303 3305 3304
f 5100 5102 5101
f 5107 5109 5108
f 5110 5092 5114
f 4610 4734 4874
f 5112 5100 5084
f 5088 5090 5089
f 5119 5117 5116
f 5092 5096 5089
f 3826 3829 3825
f 5108 5102 5126
f 5100 5087 5084
f 5118 5133 5138
f 3783 3690 3784
f 4444 4446 4445
f 5151 5150 5152
f 4790 4617 4813
f 4332 4190 4187
f 3266 4451 4448
f 3211 3332 3946
f 4741 4760 4652
f 4775 4777 4776
f 4764 4691 4766
f 4489 4048 4490
f 4466 4511 4497
f 4518 3930 4514
f 4786 4791 4807
f 4980 4984 4977
f 5144 5150 5143
f 5159 5148 5158
f 5121 5120 5114
f 5169 5162 5165
f 5016 4979 5017
f 5123 5179 5122
f 5181 5140 5183
f 5175 5184 5141
f 4575 4586 4534
f 4984 4976 4977
f 4596 4598 4597
f 5182 5183 5186
f 4785 4787 4786
f 5137 5122 5179
f 5167 5180 5181
f 4835 4898 4897
f 4687 4726 4633
f 4176 4170 4398
f 4760 4655 4652
f 4681 4649 4646
f 5121 5132 5131
f 5171 5178 5170
f 5174 5191 5176
f 5169 5194 5164
f 4909 5095 4907
f 5105 5112 5113
f 4767 5126 4803
f 5201 5205 5204
f 5219 5217 5216
f 5229 5200 5209
f 5234 5236 5235
f 4069 4071 4070
f 4724 4717 4713
f 5108 4768 5107
f 5103 5126 5102
f 5227 5211 5226
f 5015 4884 4885
f 4997 4892 4884
f 5197 5215 5214
f 5241 5247 5246
f 5013 5019 5018
f 5205 5232 5204
f 4969 4971 4970
f 5239 5249 5248
f 4808 5225 4809
f 5216 5199 5196
f 5253 5242 5254
f 5235 5255 5256
f 5135 5157 5134
f 5264 5267 5266
f 5245 5215 5242
f 5260 5269 5267
f 5264 5274 5265
f 5154 5173 5142
f 5287 5278 5288
f 5256 5300 5257
f 5173 5176 5175
f 4631 4629 4628
f 4781 4783 4782
f 5309 5311 5310
f 5155 5144 5145
f 4826 4827 4825
f 5291 5308 5293
f 5310 5281 5286
f 5311 5308 5288
f 4036 4176 4175
f 4641 4704 4702
f 5220 4804 5223
f 4770 5207 4905
f 5188 5175 5176
f 5180 5129 5140
f 4626 5314 5313
f 4731 5315 5317
f 5222 5210 5221
f 4728 5316 5315
f 5230 5216 5196
f 5297 5240 5241
f 5204 5208 5201
f 5318 4864 5319
f 5273 5287 5289
f 5221 5219 5230
f 4700 5321 5314
f 5313 5328 5329
f 5157 5154 5142
f 5275 5263 5265
f 5324 5318 5325
f 5323 5331 5328
f 5343 5345 5344
f 5306 5286 5282
f 5278 5311 5288
f 4882 5320 5316
f 5109 5114 5120
f 5123 5130 5129
f 5299 5284 5298
f 5240 5199 5241
f 5229 5197 5214
f 5305 5292 5293
f 5233 5225 5243
f 5192 5194 5193
f 5104 4670 4746
f 5146 5160 5145
f 5337 5347 5338
f 5347 5341 5332
f 5353 5335 5352
f 5349 5354 5352
f 5355 5357 5354
f 5358 5360 5359
f 5355 5348 5360
f 5342 5365 5364
f 5345 5362 5344
f 5332 5367 5331
f 5372 5315 5316
f 5370 5366 5369
f 5361 5354 5357
f 5364 5368 5367
f 5369 5362 5370
f 5316 5330 5372
f 5373 5371 5372
f 5341 5364 5332
f 5374 5359 5373
f 5329 5375 5330
f 5377 5379 5378
f 5377 5331 5367
f 5380 5367 5368
f 5363 5370 5362
f 5357 5374 5381
f 5381 5361 5357
f 4814 4825 4827
f 4825 4816 4799
f 4806 4747 4805
f 5119 5131 5118
f 4696 4893 5387
f 4696 5390 4699
f 5213 5388 5387
f 5393 5388 5394
f 5380 5384 5379
f 5213 4893 5212
f 4813 4908 4790
f 5390 4693 4694
f 5294 5287 5295
f 5184 5186 5183
f 5285 5253 5254
f 4769 4790 4908
f 5327 5359 5360
f 4598 4690 4656
f 4608 4733 4611
f 4627 4609 4839
f 4596 4851 4711
f 4900 4706 4707
f 4668 5395 4667
f 4863 4639 4601
f 5392 4666 4667
f 4872 4651 4807
f 4807 4758 4872
f 5348 5325 5326
f 5176 5190 5188
f 5046 5022 5023
f 4853 4869 4870
f 5346 5363 5362
f 4709 4620 4599
f 4672 4904 4886
f 4680 4651 4649
f 4841 4688 4686
f 4823 4818 4821
f 4729 4602 4851
f 4881 4851 4604
f 5360 5326 5327
f 4852 4707 4869
f 4890 4669 4666
f 5392 5389 5393
f 5189 5186 5187
f 4881 4605 4607
f 5343 5369 5366
f 4607 4625 4882
f 5056 5052 5057
f 4850 4798 4894
f 3260 5398 3259
f 4855 4899 4871
f 5339 5366 5342
f 4789 4808 4677
f 5400 3948 3952
f 3872 4046 3871
f 4018 3424 3872
f 4025 4172 4024
f 4011 4024 4010
f 4065 3900 3901
f 3413 4013 3412
f 5056 5069 5070
f 5055 5070 5071
f 4062 5399 4061
f 5269 5294 5268
f 4685 4903 4846
f 5254 5240 5296
f 4606 4658 4733
f 4729 4882 4728
f 4030 4043 4029
f 4664 4753 4883
f 3575 3904 3903
f 3413 3922 3426
f 4949 4955 4934
f 4947 4913 4914
f 4849 4894 4856
f 4143 3975 4142
f 4912 4932 4911
f 3774 3995 3994
f 3956 3342 4168
f 4871 4758 4759
f 4270 4272 4271
f 4039 5400 4140
f 3555 5402 3554
f 5403 3906 3907
f 3908 3823 3907
f 4124 5408 5407
f 3901 4046 4047
f 4120 5410 5409
f 4124 4125 4123
f 5420 5404 5421
f 5424 5425 3557
f 3400 5428 3845
f 5432 5435 3226
f 4941 4945 4944
f 4935 4949 4934
f 3895 3897 3896
f 5426 4121 5418
f 5430 3906 5420
f 4045 5398 4062
f 5395 5392 4667
f 4846 4701 4840
f 4880 4710 4879
f 4624 4608 4609
f 4656 4662 4661
f 5305 5309 5304
f 5220 5222 5221
f 4230 4327 4324
f 5030 5028 5027
f 5213 5211 5210
f 5440 3269 5441
f 4396 3980 5444
f 5447 3244 3241
f 3328 5451 5396
f 4208 4248 4207
f 4599 4621 4598
f 4528 4391 4208
f 4529 4199 4207
f 4526 4339 4528
f 4256 5452 4532
f 4532 4241 4242
f 3834 5446 3831
f 5443 5444 4050
f 4530 4334 4206
f 4754 4904 4837
f 4229 4381 4331
f 4205 4383 4531
f 4892 4987 4861
f 4039 3976 4038
f 4738 4796 4741
f 4833 4897 4832
f 4232 4200 4201
f 4194 4241 4193
f 4889 4750 4748
f 4194 4365 4368
f 4531 4195 4238
f 5043 5062 5031
f 4182 4561 4180
f 5446 3241 3831
f 5237 5248 5236
f 4206 4382 4205
f 5210 5218 5219
f 3426 3417 3425
f 4216 4192 4215
f 4219 4184 4185
f 4180 4380 4179
f 4327 4591 4326
f 4223 4231 4222
f 4215 4360 4329
f 4186 4218 4185
f 4190 4209 4189
f 4223 4595 4327
f 4326 4328 4329
f 4366 4568 4186
f 4570 4549 4569
f 4579 4548 4570
f 4563 4533 4562
f 4583 4220 4580
f 4586 4561 4562
f 4239 4363 4243
f 4572 4567 4564
f 4536 4585 4535
f 4538 4566 4541
f 4536 5453 4538
f 3573 3983 3316
f 5427 3552 3556
f 4553 4588 4552
f 4593 4555 4592
f 4368 4183 4227
f 4361 4235 4236
f 4233 4527 4232
f 4233 4324 4237
f 4212 4330 4331
f 4237 4325 4236
f 4193 5452 4361
f 4983 4885 4792
f 5002 4986 4993
f 5074 5076 5075
f 4698 5391 4759
f 5391 5390 4694
f 4871 4650 4872
f 4546 4543 4544
f 4553 4901 4574
f 4552 4555 4556
f 5223 4805 5394
f 5386 5383 5363
f 5317 5371 5327
f 3240 4429 3377
f 5384 5381 5379
f 3938 3218 3937
f 3942 5455 5454
f 5361 5386 5356
f 4542 4541 4545
f 3910 5420 3428
f 3939 4060 3940
f 3851 5351 5454
f 3838 3556 3837
f 4547 4857 4546
f 5442 4050 3335
f 3385 5428 5429
f 4257 4235 4256
f 5312 4893 4809
f 4212 4204 4211
f 3854 5461 4392
f 4226 4210 4211
f 4202 4178 4201
f 3316 3897 3315
f 5464 4432 4433
f 5465 3883 4432
f 4472 4449 4450
f 4501 4450 4494
f 4074 4080 4077
f 5473 5401 4173
f 4173 5475 5473
f 3432 3520 5413
f 3462 5504 3461
f 4075 4494 4080
f 5482 3387 3392
f 5468 5470 5469
f 3427 5422 3523
f 4498 4487 3386
f 5403 5414 4128
f 3382 5522 3873
f 3492 5511 3491
f 3429 3517 3520
f 3873 5524 4453
f 5480 3350 3347
f 3477 5505 3462
f 4507 5544 4475
f 4396 5551 4051
f 3374 5553 3373
f 3373 5554 3390
f 5479 4063 3350
f 3390 5555 3393
f 5531 5566 5565
f 3368 5567 3367
f 5556 5560 5559
f 3393 5557 5556
f 4433 5463 5464
f 5464 5458 5456
f 4435 4439 3380
f 4055 3277 3274
f 3273 3911 3370
f 3395 3358 3394
f 5486 4071 5484
f 5526 4453 5524
f 5525 5569 5566
f 5568 3527 5567
f 3527 3847 3366
f 3365 3849 5462
f 5462 3850 5459
f 4435 5571 4430
f 3378 3943 3944
f 5573 5577 5574
f 4438 3943 3379
f 5477 5579 5476
f 5582 5580 5579
f 5583 5581 5584
f 5586 5588 5587
f 4074 5586 4073
f 5583 5474 5473
f 4507 5590 3991
f 5573 4522 4520
f 3989 5596 3988
f 5594 3407 5593
f 4436 5572 5571
f 5591 3991 5590
f 4507 4476 5589
f 3990 5587 5588
f 5578 3406 5577
f 5595 5584 5581
f 5484 3358 5486
f 4441 5467 3882
f 5472 4077 4139
f 5522 5570 5524
f 5486 3353 3524
f 5481 3386 3387
f 3475 5492 3518
f 5476 3899 5477
f 5540 5606 5603
f 5542 5603 5607
f 5608 5542 5607
f 5608 5545 5544
f 5607 5609 5545
f 5599 5548 5612
f 5598 5543 5608
f 5595 5593 5596
f 5588 3989 3990
f 5626 3266 5627
f 5627 4448 5628
f 5469 4469 5468
f 4515 5625 4491
f 4503 4474 4509
f 4481 5627 4480
f 4500 5469 5470
f 3414 5466 5465
f 5594 5581 5582
f 3376 4430 5571
f 3444 3941 3855
f 5572 3444 3445
f 4273 4287 4272
f 4345 4357 4344
f 4386 4305 4385
f 4517 4463 5625
f 4352 4319 4379
f 4352 4251 4336
f 4268 4390 4388
f 4264 4320 4323
f 4346 4282 4283
f 4337 4343 4344
f 4289 4245 4288
f 4303 4287 4288
f 4343 4291 4342
f 4284 4244 4289
f 4375 4291 4294
f 4379 4271 4272
f 4337 4348 4336
f 4524 4295 4290
f 4364 4197 4279
f 4285 4390 4302
f 5206 5208 5207
f 4297 4371 4296
f 4346 4286 4273
f 4285 4333 4284
f 3571 4395 5460
f 5341 5339 5342
f 5346 5334 5335
f 5269 5273 5289
f 4510 5609 5610
f 4509 5545 5609
f 4445 5611 5546
f 5566 5568 3368
f 5349 5338 5348
f 5489 3401 3398
f 5565 3368 3338
f 5496 5417 5630
f 5523 3383 5634
f 5325 5347 5324
f 5523 5599 5522
f 5429 3401 5633
f 3887 5631 5630
f 5634 5600 5523
f 5276 5279 5277
f 5298 5257 5300
f 5087 5085 5084
f 3361 5612 5548
f 5041 5066 5040
f 5487 3383 3384
f 5101 5130 5100
f 5299 5300 5303
f 5333 5335 5334
f 5302 5304 5303
f 5234 5216 5217
f 5301 5255 5258
f 4868 5322 4867
f 5281 5277 5279
f 5323 5322 5324
f 5298 5296 5297
f 4885 4750 4792
f 5231 5196 5197
f 4625 5313 5320
f 5111 5085 5098
f 5600 5549 5548
f 5531 5563 5527
f 5165 5182 5189
f 5283 5285 5284
f 4269 4277 4268
f 5610 5603 5606
f 5127 5091 5128
f 4907 5125 4906
f 5277 5272 5262
f 5596 5592 5598
f 5212 5226 5211
f 5273 5262 5272
f 5302 5258 5292
f 5635 5645 5640
f 4250 4379 4378
f 4485 3405 3402
f 4354 4023 4351
f 4265 4304 4386
f 4388 4282 4387
f 4345 4384 4385
f 4362 4297 4259
f 4836 4612 4828
f 4360 4236 4325
f 4369 4237 4234
f 5647 3986 3573
f 5650 3192 3189
f 5337 5336 5333
f 4467 4477 4466
f 4253 4340 4252
f 4429 5457 4428
f 3997 3915 3540
f 5535 3839 3982
f 5538 4460 4456
f 3439 5571 3438
f 5570 5526 5524
f 3438 5572 3445
f 4440 3879 3876
f 3440 4407 3449
f 3886 5695 5694
f 5534 5396 5451
f 5685 3471 5684
f 4278 4301 4302
f 5628 4449 5469
f 3579 3538 3578
f 4480 5628 4500
f 4402 5517 5518
f 4279 4198 4278
f 3603 3532 3602
f 3580 4088 4090
f 4095 3531 4094
f 5248 5251 5250
f 3778 3999 3776
f 4617 4613 4614
f 4375 4372 4519
f 3411 4136 3410
f 5094 5111 5097
f 3602 3535 3605
f 4023 4350 4351
f 4349 4336 4348
f 3605 3536 3592
f 4469 4471 4470
f 4094 3593 4097
f 4248 4245 4246
f 3519 5518 5517
f 5254 5284 5285
f 4852 4795 4766
f 4265 5629 4264
f 5632 5503 5631
f 3604 3612 3601
f 5549 5502 3360
f 3653 3607 3661
f 4780 4873 4779
f 4988 4979 4976
f 4491 5626 4481
f 4837 4995 4994
f 4615 4765 4749
f 5468 4470 4504
f 3514 3467 3513
f 5491 4409 5679
f 4093 3619 4092
f 4364 5629 4297
f 3488 5509 3487
f 5606 5611 5610
f 4210 4189 4209
f 4600 4602 4601
f 5242 5198 5240
f 5073 5075 5072
f 5651 3940 4060
f 3996 3775 3998
f 5200 5202 5201
f 5525 5527 5526
f 3364 4434 3363
f 3775 3542 3581
f 3941 5485 3855
f 3731 4105 3730
f 4997 4999 4998
f 4508 5608 5544
f 4101 3818 3816
f 3728 4103 3727
f 4591 4592 4328
f 4539 4538 4537
f 4550 4552 4551
f 4541 4567 4545
f 4389 4570 4568
f 4582 4580 4576
f 4976 4978 4977
f 4705 4707 4706
f 4797 4843 4844
f 3713 3730 3726
f 4675 4702 4704
f 4977 4981 4980
f 4810 4817 4816
f 4786 4812 4785
f 4715 4628 4714
f 4978 5021 4981
f 5010 5006 4991
f 3722 4162 4161
f 4558 4560 4559
f 4568 4569 4218
f 4584 4535 4585
f 4641 4715 4716
f 5026 5012 5068
f 4776 4745 4742
f 4714 4712 4713
f 4982 5001 4985
f 4576 4560 4582
f 4564 4566 4565
f 5069 5018 5029
f 5057 5048 5047
f 4810 4811 4680
f 3710 3786 3709
f 4991 4999 5010
f 5011 5010 5004
f 5008 5022 5027
f 5066 5063 5040
f 5047 5024 5025
f 5050 5051 5053
f 5023 5016 5024
f 5045 5059 5061
f 5047 5026 5057
f 3711 3724 3721
f 5048 5037 5047
f 5042 5063 5062
f 5058 5051 5054
f 5036 5046 5037
f 3715 3700 3714
f 5235 5257 5246
f 3732 3704 3702
f 5030 5062 5064
f 5020 5023 5022
f 5263 5261 5260
f 5049 5044 5034
f 5236 5250 5255
f 5031 5027 5022
f 5043 5039 5042
f 5320 5329 5330
f 5049 5052 5051
f 5326 5317 5327
f 3264 3288 3285
f 5264 5263 5260
f 4998 4992 4987
f 5009 5020 5008
f 5036 5039 5038
f 5032 5034 5033
f 4355 3949 3422
f 4269 4374 4323
f 4253 4378 4303
f 4525 4252 4340
f 3960 4111 3866
f 4372 4258 4296
f 5681 5673 5675
f 4378 4272 4287
f 4270 4346 4273
f 3244 5644 5643
f 4899 4648 4650
f 3734 3702 3810
f 4138 3343 4137
f 4192 4361 4360
f 3813 3812 3810
f 3817 3696 3814
f 5668 5682 5674
f 5690 5687 5684
f 5499 5700 5517
f 3999 3820 3577
f 3745 4102 4106
f 5684 3472 5690
f 5702 3860 5703
f 5712 5693 5670
f 3249 4393 3572
f 5695 5715 5694
f 5694 5716 5696
f 5719 5601 5602
f 4918 4950 4952
f 4774 4743 4773
f 3844 5605 3735
f 5505 4411 5504
f 3583 3585 3582
f 3710 4157 4160
f 5513 4417 5508
f 5704 4146 5709
f 4141 4062 4049
f 5669 5688 4410
f 3898 5653 5450
f 5718 3972 5719
f 5684 5686 5685
f 3917 5717 3512
f 3463 5662 5660
f 5492 5680 5491
f 4931 4950 4919
f 5665 3441 5663
f 3788 3740 3790
f 3501 3529 3994
f 3569 3477 3308
f 5516 5727 5515
f 3564 3566 3565
f 3892 5406 3889
f 3962 5407 3961
f 4126 4123 4125
f 4116 3287 5411
f 3892 5630 5417
f 3824 5413 5414
f 4408 5680 4412
f 3969 3978 5402
f 4408 3449 4407
f 4414 3449 4413
f 3962 3262 4125
f 4425 5616 4321
f 4418 5727 4419
f 5716 5575 5696
f 5719 5717 5718
f 5698 5692 5697
f 3880 4166 3987
f 5652 5520 5619
f 5621 4167 4166
f 5679 4410 5688
f 3210 3355 5618
f 5622 5451 5657
f 5416 5497 5624
f 5729 5731 5730
f 5733 3761 3758
f 5735 5737 5736
f 5750 5751 5734
f 5744 5740 5741
f 5744 3753 5746
f 5753 5730 5731
f 5757 5736 5737
f 5731 5765 5753
f 5774 5776 5775
f 5790 5792 5791
f 5796 5787 5797
f 5817 5819 5818
f 5828 5830 5829
f 3725 3751 3747
f 4874 4873 4875
f 4700 4903 4902
f 4740 4876 4739
f 3199 3201 3200
f 4100 4099 4101
f 3749 4108 3748
f 3695 3712 3692
f 3378 3380 3379
f 5504 4412 5507
f 4405 5518 5699
f 5838 5835 5836
f 4705 4712 4708
f 5832 5828 5833
f 5697 5678 5698
f 3791 4005 3790
f 5848 5794 5850
f 3714 3701 3704
f 3995 4042 3890
f 3329 3224 3222
f 4005 3705 4004
f 4551 4763 4550
f 5855 5808 5856
f 5851 5792 5852
f 5803 5858 5847
f 5844 5840 5845
f 5762 5743 5740
f 5808 5806 5807
f 4012 3426 3423
f 5558 3467 4067
f 4550 4720 4901
f 4950 4953 4952
f 3885 5694 5696
f 5705 4081 4082
f 5508 4415 5505
f 3745 3760 3744
f 5507 5680 5506
f 3592 3588 3591
f 3895 5658 5653
f 5613 5501 5549
f 3834 4393 4055
f 5527 4455 5526
f 5775 5809 5774
f 5766 5813 5810
f 5858 5812 5859
f 5855 5811 5858
f 5863 5819 5862
f 5826 5863 5829
f 5862 5833 5828
f 5870 5837 5845
f 5782 5831 5832
f 5868 5836 5873
f 5778 5843 5844
f 5866 5845 5840
f 5785 5867 5784
f 5790 5789 5793
f 5796 5794 5795
f 5821 5819 5820
f 5657 5620 5622
f 5793 5852 5792
f 5855 5801 5798
f 5853 5786 5796
f 5804 5802 5803
f 5827 5864 5822
f 5767 5821 5813
f 5854 5776 5777
f 5860 5818 5861
f 5782 5825 5785
f 5781 5844 5834
f 5810 5815 5816
f 5867 5830 5784
f 5809 5798 5799
f 5828 5863 5862
f 5865 5838 5868
f 5801 5802 5800
f 4086 3795 4149
f 5779 5842 5843
f 5827 5829 5830
f 5839 5869 5835
f 5814 5855 5856
f 5711 3859 5702
f 4958 4917 4960
f 5861 5821 5768
f 5863 5812 5820
f 5865 5823 5824
f 5873 5837 5871
f 5872 5842 5780
f 4089 3563 5704
f 3812 3785 3811
f 5770 5787 5788
f 5789 5847 5846
f 5793 5846 5849
f 4145 4146 3498
f 5848 5790 5791
f 3953 4009 3952
f 5748 5874 5747
f 4624 4626 4625
f 4665 4752 4664
f 4775 4779 4778
f 4746 4671 4747
f 4637 4601 4639
f 4828 4613 4827
f 4704 4762 4675
f 4843 4727 4687
f 4543 4725 4542
f 4731 4863 4730
f 4723 4558 4722
f 4842 4840 4838
f 4717 4857 4718
f 4865 4867 4866
f 5841 5866 5840
f 4725 4540 4542
f 4798 4816 4817
f 4632 4634 4633
f 4720 4715 4719
f 4642 4644 4643
f 3754 5874 5876
f 4860 4644 4847
f 4674 4722 4721
f 4808 4676 4677
f 4721 4822 4821
f 5876 5877 5746
f 4836 4840 4839
f 4658 4660 4659
f 4826 4800 4838
f 4877 4743 4744
f 4948 4971 4943
f 4875 4876 4889
f 4954 4934 4955
f 5773 5788 5790
f 5825 5833 5824
f 5834 5836 5835
f 5834 5845 5837
f 3359 3361 3360
f 5732 3756 3757
f 3394 3396 3395
f 3766 5741 5742
f 5774 5799 5777
f 5805 5857 5802
f 5813 5820 5812
f 3969 3964 3968
f 5667 5674 5666
f 5729 3792 3756
f 3770 5741 3769
f 4741 4739 4738
f 4689 4660 4661
f 5772 5787 5771
f 5735 3758 3764
f 5850 5773 5848
f 5617 3965 5650
f 5799 5854 5777
f 5875 5764 5879
f 5840 5842 5841
f 5861 5769 5860
f 5807 5853 5851
f 5869 5834 5835
f 3765 5739 5738
f 5882 5761 5759
f 5881 5887 5889
f 5895 5898 5897
f 5907 5906 5908
f 5909 5908 5910
f 4234 4526 4369
f 3912 3389 3914
f 5934 8730 8729
f 8730 5930 5931
f 4920 4922 4921
f 8845 8853 8851
f 4141 3404 4174
f 3733 3706 3731
f 8849 8848 8850
f 4234 4236 4235
f 8863 5919 8862
f 3733 4004 3705
f 5908 8859 8867
f 8865 8871 8870
f 8859 8863 8864
f 5927 5925 5928
f 5911 5904 5912
f 8878 8866 8879
f 5635 5637 5636
f 5745 5746 5877
f 3552 3554 3553
f 8857 8890 8875
f 5924 8860 5923
f 3553 3556 3552
f 5919 8861 8862
f 8869 8870 8891
f 8873 8878 8876
f 8856 8875 8874
f 8862 5889 5887
f 8846 8844 8843
f 8864 8866 8865
f 8729 8883 8884
f 8848 8887 8886
f 8878 5888 8893
f 8896 8855 8897
f 8853 8896 5885
f 8841 5882 5883
f 3489 3491 3490
f 8867 8864 8868
f 5910 8867 8898
f 5914 8898 8899
f 5916 8899 8900
f 5889 8860 5890
f 8876 8893 8894
f 5918 8900 8901
f 4424 5726 4423
f 8904 8900 8899
f 8909 8904 8905
f 8908 8903 8904
f 8869 8905 8868
f 3632 3667 3635
f 3687 3689 3688
f 3636 3681 3631
f 3664 3639 3665
f 4304 4306 4305
f 8909 8891 8910
f 3681 3695 3680
f 3758 3760 3759
f 3684 3700 3683
f 3721 3723 3722
f 3941 3943 3942
f 3738 3740 3739
f 3687 3709 3690
f 3238 3938 3220
f 4249 4288 4245
f 4499 3344 4464
f 4240 4368 4367
f 3453 3951 3919
f 4401 3547 3967
f 3950 3451 3436
f 3702 3701 3703
f 3725 3727 3726
f 3194 3208 3193
f 4034 4461 4462
f 3914 3913 3912
f 3483 3533 3482
f 3191 3957 3206
f 4292 3970 4293
f 3909 3428 3356
f 3959 3866 3867
f 4017 4309 4016
f 4316 4008 3953
f 4448 4450 4449
f 4414 4417 4416
f 3435 3351 3433
f 4413 4415 4414
f 3899 3901 3900
f 3780 3648 3809
f 3474 3886 3885
f 3958 3192 3214
f 3221 3935 4427
f 3905 3907 3906
f 3913 4486 3313
f 4420 4421 4085
f 3881 3883 3882
f 4004 3790 4005
f 4271 4318 4316
f 4259 4296 4258
f 3501 4066 3468
f 5897 5900 5899
f 5901 5904 5903
f 8854 8856 8855
f 3789 3786 3720
f 3651 3781 3782
f 5924 5901 5925
f 8870 8873 8872
f 8876 8874 8873
f 5912 5918 5911
f 3805 3799 3737
f 3369 3395 3396
f 3923 3925 3924
f 3916 3512 3509
f 3641 3801 3642
f 4276 4323 4320
f 4181 4331 4330
f 4428 3377 4429
f 3495 4321 4322
f 4436 3380 3381
f 4430 4437 4435
f 3945 3958 3946
f 4065 4047 3418
f 4495 3408 4496
f 8913 8915 8914
f 8911 8917 8916
f 8889 8923 8890
f 8919 8931 8921
f 8884 8918 8885
f 8922 8931 8925
f 5852 5909 5851
f 5866 5915 5917
f 8926 8914 8915
f 8914 8883 8913
f 8886 8921 8888
f 5846 5894 5891
f 5873 5900 5868
f 8893 5764 5754
f 8894 5754 5753
f 5890 5927 8936
f 5885 5755 5758
f 5871 5902 5873
f 5763 5883 5762
f 5880 8936 5763
f 4175 4398 4399
f 4274 4255 4275
f 8883 5931 8882
f 8868 8898 8867
f 3289 3247 3292
f 3858 5485 5921
f 8850 8886 8888
f 4116 5409 4115
f 3889 4127 5415
f 3678 8938 8937
f 8857 8888 8889
f 3979 3294 3295
f 4126 3431 3823
f 3651 3679 3650
f 3460 5921 3354
f 4084 3310 3487
f 8905 8899 8898
f 3561 5397 5656
f 3213 5528 5519
f 4191 4193 4192
f 5449 5532 5533
f 4142 4031 4479
f 4060 5652 5651
f 4480 4482 4481
f 5519 3212 3213
f 5657 3330 3940
f 4473 4475 4474
f 3514 5668 5667
f 5663 5669 5665
f 8881 5926 8880
f 5734 5749 5750
f 4788 4677 4678
f 3997 3538 3506
f 3551 3310 3294
f 3577 3998 3999
f 4893 4676 4809
f 4753 4671 4672
f 8729 8885 8843
f 3813 9021 8937
f 8938 3813 8937
f 8882 5929 8881
f 4098 3820 3821
f 3399 5416 3398
f 5494 5503 4403
f 5880 5878 5881
f 4986 4861 4987
f 4999 5004 5010
f 4985 4988 4976
f 5816 5766 5810
f 4372 4384 4519
f 5688 5692 5679
f 8903 8901 8900
f 8879 5887 5888
f 8902 8880 8901
f 5919 5895 5920
f 4519 4342 4291
f 8847 8854 8853
f 5925 5903 5926
f 4021 4523 4025
f 5678 5676 4406
f 4424 4085 4421
f 5701 3577 3820
f 5928 5926 5929
f 5000 4980 5004
f 9022 3545 4113
f 9024 5409 5410
f 4008 4010 4009
f 3931 4516 4513
f 3822 3807 3821
f 8851 8844 8845
f 5728 5509 5721
f 9025 4115 5409
f 5209 5201 5208
f 4820 4653 4682
f 3988 5598 4508
f 3370 3357 3395
f 5639 5641 5640
f 5592 4477 5543
f 3378 5572 3381
f 5625 3265 5626
f 5594 5577 3406
f 3302 5645 3301
f 3274 3278 3273
f 5207 5233 5243
f 5071 5072 5075
f 4815 4785 4812
f 4796 4643 4760
f 3243 5643 5648
f 5301 5303 5300
f 5431 5655 5654
f 5251 5244 5252
f 3353 3523 3524
f 4174 3405 3411
f 3546 4113 3545
f 4002 3788 4004
f 4196 4238 4195
f 3232 5647 3231
f 4373 4266 4310
f 4867 5321 4902
f 5648 4058 3243
f 4455 3893 4453
f 5593 4511 5592
f 5275 5252 5253
f 5252 5274 5251
f 4092 3624 3597
f 3723 3743 3722
f 4780 4802 4796
f 4059 3560 5425
f 4317 4347 4270
f 5188 5192 5187
f 5570 5612 5569
f 3385 5633 3384
f 3526 5569 5612
f 3576 3608 3590
f 3581 3594 3580
f 5239 5238 5232
f 5081 5083 5082
f 4369 4528 4527
f 4325 4329 4360
f 3569 3286 3336
f 9022 4112 5709
f 3661 3801 3653
f 5074 5030 5064
f 5064 5063 5065
f 3563 3498 4146
f 3961 4119 5411
f 4854 4870 4735
f 5018 5028 5029
f 5007 5027 5028
f 5040 5039 5041
f 3240 3875 3239
f 5070 5029 5072
f 3504 3866 4111
f 3537 3591 3588
f 5033 5039 5032
f 4710 4635 4879
f 5017 4989 5014
f 5024 5046 5023
f 4991 5019 4990
f 4587 4574 4573
f 4996 4793 4878
f 5066 5059 5067
f 5221 5231 5220
f 5068 5057 5026
f 3675 3643 3642
f 3663 3675 3662
f 4722 4559 4822
f 3579 3590 3591
f 3686 3677 3678
f 4422 3499 4419
f 5142 5138 5133
f 5078 5075 5076
f 3609 3590 3608
f 3288 5411 3287
f 5424 5410 3246
f 5152 5156 5172
f 3960 5709 4112
f 4946 4957 4958
f 3867 5705 3959
f 9026 4113 5710
f 5192 5189 5187
f 5161 5194 5171
f 3637 3682 3636
f 4392 3847 3848
f 3796 4149 3795
f 4104 3727 4103
f 3594 3993 4088
f 3796 4134 5710
f 3687 4156 4157
f 3760 4164 4165
f 4464 3345 4467
f 3485 3868 3484
f 3846 5423 4130
f 3409 4496 3408
f 3767 3765 3762
f 3711 4159 4160
f 3797 4087 3510
f 4072 5562 5560
f 4502 5590 5589
f 5408 9027 4118
f 5683 5714 5682
f 5702 4110 5711
f 5623 4148 4167
f 5428 3525 3522
f 3668 3802 3667
f 4000 8938 3679
f 4221 4179 4380
f 4267 4388 4315
f 3721 4161 4159
f 3903 5706 5705
f 3583 4090 4091
f 3894 3524 3525
f 4635 4636 4634
f 4173 4009 4010
f 4890 5393 5394
f 5290 5293 5292
f 5339 5337 5333
f 5458 4438 4439
f 3251 5430 3910
f 3252 5419 3251
f 3428 5421 3427
f 3571 5418 3252
f 4583 4554 4593
f 4239 4224 4238
f 3322 5450 5449
f 5309 5306 5304
f 4109 3748 4108
f 5707 3794 3795
f 5139 5183 5140
f 5271 5290 5259
f 5280 5282 5279
f 5110 5125 5115
f 5319 4731 5317
f 5334 5339 5333
f 5423 3523 5422
f 5376 5378 5375
f 4721 4646 4674
f 3719 4159 4161
f 4853 4692 4795
f 5373 5330 5375
f 4428 5456 4437
f 5376 5328 5331
f 3337 4434 4431
f 4692 5395 4795
f 5475 4523 5476
f 5478 4068 4522
f 5421 4129 5422
f 5374 5375 5378
f 5283 5306 5282
f 5246 5234 5235
f 5154 5150 5153
f 4458 5561 4457
f 5163 5158 5168
f 5381 5378 5379
f 3397 5484 5483
f 4457 5563 5537
f 5147 5150 5149
f 4474 5544 5545
f 5325 5319 5326
f 5223 5388 5222
f 5517 3521 3519
f 4499 3347 4487
f 5404 4128 4129
f 3476 5506 3475
f 4084 5515 4083
f 3900 5477 3899
f 5536 5547 5546
f 5491 5493 5492
f 5474 4139 5401
f 4063 4522 4068
f 4459 5541 5540
f 5548 3360 3361
f 5444 5550 4396
f 3888 5415 5412
f 5546 3339 4445
f 5536 5538 5537
f 3570 5508 3477
f 4471 5589 4476
f 4280 3359 5933
f 5499 4403 5503
f 5189 5169 5165
f 5543 4478 5542
f 4051 5552 3374
f 3461 5507 3476
f 4629 4870 4869
f 5106 4909 4862
f 5286 5279 5282
f 5462 3364 3365
f 3491 5514 3840
f 5224 5231 5229
f 4478 5540 5542
f 4099 3742 3723
f 4803 4805 4804
f 4130 5422 4129
f 4470 4476 4473
f 4924 4921 4922
f 4920 4927 4926
f 4993 4987 4992
f 4887 4913 4912
f 3894 4070 4071
f 5472 5585 5586
f 3508 4134 3507
f 3603 4096 4097
f 3772 3992 4110
f 5712 5671 5672
f 3739 4162 4163
f 5683 3515 5715
f 5480 4495 5479
f 5698 5493 5498
f 3578 3996 3998
f 3645 4154 4155
f 5660 3466 3463
f 4135 5710 4134
f 5587 4073 5586
f 5687 5693 5686
f 3584 4091 4150
f 5585 5584 5588
f 4128 5415 4127
f 4257 4338 4526
f 4222 4178 4179
f 4366 4191 4216
f 5098 5091 5088
f 5761 5737 5760
f 5760 5738 5739
f 8852 5934 8844
f 8874 8855 8856
f 8895 8855 8877
f 5884 8842 8852
f 4557 4582 4560
f 8890 8917 8892
f 8918 8930 8920
f 8924 8915 8916
f 4182 4330 4190
f 3864 5711 4110
f 3574 3230 3231
f 3342 3415 3341
f 3488 3549 3840
f 4317 3953 3949
f 3672 4152 4153
f 5708 3865 5707
f 9021 3685 3686
f 3621 3616 3617
f 5728 4419 5727
f 4311 4028 4310
f 4131 3543 3841
f 4426 3842 4423
f 4518 4168 4427
f 5457 5464 5456
f 5425 3558 3837
f 5458 4437 5456
f 3416 5465 5457
f 5638 5437 5637
f 3985 5636 5637
f 5646 5636 5647
f 9023 3554 5402
f 5722 5514 5726
f 3256 3934 3255
f 4164 5734 5751
f 8885 8920 8887
f 3282 3929 3281
f 3292 3320 3291
f 3232 3300 3301
f 3303 3271 3334
f 3562 5432 3325
f 3392 3388 3391
f 3854 5350 3851
f 5463 5459 5458
f 5935 3885 5576
f 3879 3954 3878
f 3928 3391 3388
f 4137 4458 4138
f 5454 3850 3851
f 3548 3549 3550
f 4443 5470 4442
f 4452 4506 4447
f 4468 3415 3879
f 4443 3876 4483
f 3234 4515 4516
f 5434 3896 5433
f 5448 5441 5644
f 5447 5443 5442
f 4442 5471 5467
f 5550 3275 5551
f 5578 4520 3409
f 3464 5666 3463
f 4701 4839 4840
f 3259 4041 4030
f 4015 3423 4018
f 3558 3982 3839
f 4856 4823 4824
f 4741 4653 4740
f 3759 4106 3763
f 3560 3290 3559
f 9024 3557 3553
f 5438 3280 5439
f 3321 3290 3291
f 5557 4072 5560
f 5553 3396 5554
f 4045 4174 4044
f 4539 4849 4585
f 3536 3503 3588
f 5478 5574 5477
f 3800 3510 3511
f 4755 4886 4754
f 5561 5527 5563
f 5752 5732 5751
f 5752 5756 5765
f 3518 5493 5521
f 3767 4107 4108
f 3534 4097 3593
f 4395 3826 3827
f 3926 3371 3925
f 4446 5610 5611
f 4050 3980 3981
f 8887 8843 8885
f 5649 5640 5645
f 4643 4761 4760
f 3709 3784 3690
f 4778 4660 4777
f 5649 4054 5648
f 5646 3301 5645
f 3250 3910 3909
f 5884 5757 5761
f 5655 5936 5937
f 4224 4226 4225
f 4043 3412 4013
f 4286 4288 4287
f 4267 4310 4266
f 4493 4080 4494
f 3325 3226 3227
f 3925 3372 3928
f 4312 4314 4313
f 3996 3540 3541
f 8908 8912 8907
f 4023 4025 4024
f 3995 3891 3994
f 5482 5559 4137
f 4486 3921 4484
f 4300 4302 4301
f 5438 5644 5441
f 3233 3282 3270
f 3225 3227 3226
f 5446 5445 5443
f 5554 3397 5555
f 4834 4830 4772
f 4064 3350 4063
f 3596 3598 3597
f 5639 5648 5643
f 5434 5654 5658
f 4895 4830 4831
f 3674 3676 3675
f 3551 3978 3550
f 3835 3305 3306
f 3813 3702 3703
f 3691 4160 4157
f 4109 4101 4103
f 4565 4188 4564
f 3490 3547 3489
f 3672 3647 3673
f 8906 8912 8913
f 3810 3811 3734
f 4051 4397 4396
f 3566 4090 4088
f 5580 5476 5579
f 4456 5537 5538
f 5539 5546 5611
f 8844 8729 8843
f 8872 8874 8875
f 4383 4198 4195
f 4931 4927 4930
f 5529 5397 5396
f 5314 5323 5328
f 5347 5323 5324
f 4711 4599 4596
f 5387 5389 4696
f 5259 5292 5258
f 5195 4803 5126
f 5195 4746 4806
f 4639 4866 4685
f 4821 4681 4721
f 3421 5399 3260
f 4730 4601 4602
f 4807 4811 4786
f 4040 3421 3948
f 4844 4800 4797
f 3936 3929 3930
f 4894 4817 4823
f 5365 5383 5368
f 4657 4661 4658
f 5224 4770 4804
f 5368 5382 5380
f 5336 5352 5335
f 5353 5386 5363
f 4070 4454 4069
f 5396 3327 3328
f 5225 5312 4809
f 5384 5386 5385
f 5391 4695 4759
f 4735 4870 4630
f 4407 4409 4408
f 4623 4880 4706
f 5356 5352 5354
f 4578 4859 4577
f 3239 3217 3938
f 3937 3333 3939
f 4578 4534 4535
f 5467 4505 4452
f 4836 4826 4838
f 4422 5721 4421
f 3392 5556 5482
f 5564 5565 5547
f 3807 3663 3660
f 5922 4392 4281
f 3680 3692 3693
f 3630 3632 3631
f 4416 5725 4418
f 4033 3836 4176
f 3238 4168 3342
f 3466 3483 3484
f 3678 3650 3679
f 3677 3649 3650
f 3340 4431 3884
f 3562 5656 5655
f 5658 5938 5939
f 3642 3640 3641
f 3306 3334 3981
f 3256 3280 3281
f 8910 8892 8917
f 5868 5898 5859
f 8924 8922 8925
f 8935 8925 8931
f 8882 8913 8883
f 8925 8926 8924
f 8840 8936 5927
f 5852 5905 5907
f 5136 5124 5137
f 4243 4260 4242
f 5238 5228 5232
f 5642 5643 5644
f 3924 3928 3927
f 5412 5700 3888
f 3750 3751 3707
f 3746 3770 3769
f 3859 3861 3860
f 3972 3493 3494
f 5923 8861 5920
f 4945 4958 4959
f 3296 3286 3287
f 3824 3907 3823
f 3671 4154 4153
f 4137 5481 5482
f 3614 3802 3617
f 3283 3559 3290
f 4936 4934 4933
f 5511 5726 5514
f 4170 3926 3923
f 3572 3830 3826
f 3459 3858 3460
f 3496 4425 3495
f 3457 3436 3437
f 3984 3986 3985
f 3914 3386 4487
f 5512 5723 5511
f 4500 4483 4480
f 4501 4471 4472
f 4503 4505 4504
f 4143 4461 4490
f 3331 3222 3219
f 4016 4018 4017
f 3998 3776 3999
f 4114 5710 4113
f 4405 4406 4404
f 5602 5720 5719
f 4767 4804 4770
f 4929 4954 4928
f 4410 5665 5669
f 3888 5632 3887
f 4048 3977 3974
f 3947 3212 5652
f 5676 3472 3473
f 5782 5784 5783
f 4315 4311 4267
f 5699 5521 5493
f 5864 5825 5822
f 5826 5822 5823
f 5775 5805 5806
f 3236 3270 3271
f 5823 5859 5826
f 4957 4895 4917
f 8868 8865 8869
f 4281 3848 4280
f 4940 4971 4949
f 4013 4029 4043
f 3685 3701 3684
f 4339 4377 4391
f 8891 8872 8892
f 3753 3755 3754
f 4427 3220 3221
f 3809 3779 3780
f 3568 4418 3500
f 3880 3918 3805
f 3543 3842 3841
f 4646 4648 4647
f 4656 4597 4598
f 4781 4820 4784
f 4972 4974 4973
f 5101 5109 5120
f 5095 5115 5125
f 5090 5132 5093
f 5131 5134 5133
f 5134 5127 5135
f 5117 5140 5129
f 3539 3863 3595
f 4006 3792 4007
f 5128 5099 5124
f 5097 5089 5096
f 5274 5271 5259
f 4571 4569 4549
f 4225 4238 4224
f 5156 5170 5172
f 4538 4540 4537
f 4622 4665 4662
f 4981 5004 4980
f 5012 4975 5013
f 5148 5149 5157
f 5157 5133 5134
f 5161 5145 5160
f 4261 4242 4260
f 5294 5291 5268
f 4255 4532 4261
f 5274 5250 5251
f 4246 4207 4248
f 3314 3927 3912
f 4670 4672 4671
f 4995 4673 4986
f 4638 4603 4600
f 4341 4525 4340
f 5163 5165 5162
f 4834 4784 4819
f 4784 4682 4819
f 4844 4687 4688
f 5280 5275 5285
f 4217 4564 4188
f 4554 4556 4555
f 4551 4556 4594
f 4549 4544 4571
f 5141 5173 5175
f 4653 4683 4682
f 4973 4989 4988
f 4984 5015 4983
f 5177 5170 5178
f 5166 5181 5182
f 5141 5139 5138
f 5178 5151 5177
f 5244 5203 5245
f 5252 5245 5253
f 4479 4079 4493
f 4402 4404 4403
f 3500 4419 3499
f 5856 5909 5913
f 4488 3348 3349
f 8851 5885 5886
f 3607 5701 4098
f 3508 3503 3504
f 5847 5896 5894
f 4374 4309 4263
f 3380 4438 3379
f 9025 3553 3554
f 5718 4131 3973
f 3300 3283 3321
f 5551 3276 5552
f 5552 3369 5553
f 5555 5483 5557
f 5859 5896 5858
f 4133 3794 3915
f 3606 3652 3610
f 4900 4766 4691
f 4616 4789 4788
f 3738 4164 3757
f 4774 4642 4801
f 4399 3402 4175
f 5853 5795 5851
f 3936 4427 3935
f 3418 4064 4065
f 5510 3840 5514
f 3270 3279 3269
f 3274 4056 4055
f 4359 4305 4306
f 4135 3504 4111
f 3610 3609 3606
f 3837 3557 5425
f 5940 4401 5941
f 5853 5803 5847
f 5725 5515 5727
f 3246 4117 3245
f 5713 5672 5681
f 4918 4916 4915
f 4148 3771 5703
f 5106 5113 5111
f 4147 5709 4146
f 5152 5177 5151
f 9026 4111 4112
f 5104 5103 5112
f 3531 3485 3593
f 3713 3715 3714
f 3699 3815 3697
f 4467 4459 4478
f 4703 4736 4640
f 5405 3846 5406
f 3555 3963 3964
f 4120 5411 4119
f 4217 4185 4218
f 3279 5441 3269
f 4944 4959 4966
f 4353 4344 4357
f 3815 3716 4104
f 3374 4052 4051
f 4491 4516 4515
f 5865 5833 5866
f 5819 5856 5862
f 5807 5856 5808
f 3933 3281 3929
f 3208 3920 3919
f 8907 8902 8903
f 5288 5295 5287
f 3728 3747 3748
f 3309 4083 3336
f 5119 5101 5120
f 3811 3789 4002
f 3595 3992 3993
f 4106 4100 4107
f 5696 5576 3885
f 3708 3750 3707
f 3744 4165 4163
f 5905 5892 5906
f 3403 4175 3402
f 4133 3506 3507
f 4147 3544 3545
f 3561 3325 3324
f 3237 3239 3238
f 4877 4793 4794
f 3241 3243 3242
f 3597 3625 3596
f 3279 3281 3280
f 3371 3373 3372
f 3599 3567 3598
f 3975 4032 4031
f 3277 3250 3278
f 3774 3565 3773
f 3658 3780 3779
f 4961 4963 4960
f 3600 3616 4096
f 4228 4202 4199
f 4011 4318 4350
f 4307 4262 4308
f 4838 4841 4842
f 4782 4773 4743
f 4914 4946 4947
f 4839 4765 4836
f 4771 4645 4642
f 4962 4964 4963
f 4966 4963 4964
f 3601 3615 3600
f 5878 5879 5881
f 5890 5881 5889
f 3720 4158 3719
f 4755 4689 4663
f 3740 3718 3739
f 5695 5686 5714
f 5740 5742 5741
f 5733 5736 5749
f 5755 5750 5749
f 5745 5762 5740
f 5798 5800 5799
f 4706 4879 4705
f 5651 5619 5620
f 5850 5797 5772
f 5804 5806 5805
f 4087 5707 4086
f 5915 5914 5916
f 5703 4167 4148
f 5893 5896 5895
f 5892 5919 8858
f 5706 5664 4081
f 5786 5788 5787
f 3973 3841 3493
f 4831 4915 4916
f 5906 8858 8859
f 4965 4969 4964
f 4684 4846 4842
f 3589 3611 3604
f 3596 4150 4091
f 5877 5763 5745
f 4121 4123 4122
f 3469 3868 3502
f 3204 3208 3207
f 3716 3726 3727
f 5460 5426 3571
f 3465 3470 3464
f 5738 3764 3765
f 4887 4655 4888
f 4203 4205 4204
f 3959 4082 4089
f 5758 5886 5885
f 5781 5872 5780
f 4675 4723 4674
f 3757 5751 5732
f 3334 3272 3335
f 8880 5903 5911
f 5615 3473 5614
f 5759 5760 5743
f 8845 8848 8847
f 5778 5780 5779
f 8857 8849 8850
f 4132 3798 3859
f 5839 5841 5842
f 560 3187 559
f 5747 4007 3792
f 5928 8840 5927
f 5766 5768 5767
f 4848 4956 4847
f 4953 4967 4965
f 4832 4910 4915
f 5879 5888 5887
f 3598 3530 4095
f 5747 5730 5748
f 5754 5748 5730
f 5810 5812 5811
f 5758 5749 5736
f 4315 4387 4314
f 5917 5916 5918
f 5913 5910 5914
f 5930 8841 8840
f 4951 4968 4953
f 3209 3201 3202
f 4059 3246 3247
f 8731 8842 8841
f 3776 3585 3778
f 5770 5772 5771
f 5891 5893 5892
f 9028 5641 5439
f 5814 5816 5815
f 5662 5673 5661
f 3522 3524 3523
f 5630 5942 5496
f 5791 5795 5794
f 5746 3754 5876
f 5928 5931 5930
f 5743 5739 5742
f 5876 5875 5878
f 3678 9021 3686
f 4200 4207 4199
f 4114 3916 4149
f 3601 3605 3604
f 3818 3712 3817
f 3315 3317 3316
f 5899 5902 5901
f 8840 5883 8936
f 5562 5559 5560
f 4416 3448 4414
f 3189 3191 3190
f 4751 4747 4671
f 4181 4180 4177
f 3832 5454 5351
f 3362 3526 3361
f 5678 5699 5698
f 3497 3499 3498
f 448 807 447
f 647 122 270
f 5690 5677 5697
f 4183 4185 4184
f 1833 1780 1832
f 5920 5897 5923
f 510 508 507
f 4401 5944 5941
f 5656 5530 5936
f 3970 5940 4293
f 5653 5939 5946
f 5450 5946 5532
f 3384 5945 5487
f 4403 4299 5494
f 5944 3968 5949
f 3963 5951 3852
f 5614 3474 5935
f 5427 3857 5951
f 3210 1887 3201
f 1887 3200 3201
f 15 3197 3200
f 16 3195 3197
f 3195 3187 3194
f 3194 1899 3207
f 3207 375 3204
f 387 126 127
f 3189 1760 5650
f 9029 757 758
f 763 2172 2175
f 9035 9032 9033
f 9033 9031 9030
f 9046 9048 9047
f 8751 9054 8752
f 9078 9077 9079
f 9083 9051 9053
f 9088 9047 9048
f 9099 9040 9097
f 9102 9036 9099
f 9105 9032 9103
f 9105 9106 9031
f 1801 9108 9107
f 9103 9034 9102
f 9096 9047 9089
f 1767 9111 9112
f 1597 9113 1600
f 1708 9117 9116
f 9123 9119 9118
f 9118 9125 9124
f 1588 9116 1587
f 2080 9118 2082
f 2082 9124 2084
f 9126 9087 9083
f 9129 9088 9087
f 5512 5943 5947
f 5634 5488 5948
f 5724 5947 5616
f 9134 9097 9133
f 9144 9102 9138
f 9133 9096 9132
f 786 9144 785
f 9146 9103 9144
f 785 9138 497
f 497 9134 650
f 650 9133 564
f 9148 9133 9132
f 8756 9057 8753
f 9154 9130 9129
f 9151 9131 9130
f 9097 9090 9096
f 1799 9111 1768
f 5949 3964 3853
f 9160 8809 8811
f 8813 9160 8811
f 9166 564 9148
f 9067 9054 9052
f 9162 9148 9150
f 9087 9048 9051
f 9081 9079 9082
f 9049 9051 9048
f 9082 9167 9081
f 9079 9049 9046
f 9169 9175 9170
f 9167 9112 9081
f 9168 9177 9167
f 9120 9113 9177
f 9120 9169 9119
f 9119 9170 9125
f 9179 9125 9170
f 9180 9124 9125
f 9178 9170 9175
f 1576 2084 9124
f 9179 9183 9181
f 3203 1387 3190
f 3190 1791 3189
f 5618 1949 3210
f 317 259 391
f 2000 9105 9146
f 9053 9052 9054
f 9041 9036 9037
f 9029 756 2170
f 9037 9034 9035
f 9130 9089 9088
f 3204 376 3203
f 1801 9109 1799
f 9181 9180 9179
f 1575 9190 1088
f 9187 1576 9180
f 1776 1796 1775
f 1293 1290 1284
f 1326 1327 12
f 1294 1234 1290
f 878 1330 1337
f 5633 5490 5945
f 5933 3360 5502
f 5613 5948 5500
f 5604 3844 5720
f 3972 5950 5601
f 3494 4322 5950
f 4406 5615 4298
f 3492 4292 5943
f 5631 5495 5942
f 497 374 498
f 122 413 121
f 5624 3398 5416
f 9151 9156 9160
f 9058 8752 9054
f 9160 9150 9151
f 8815 9162 8813
f 9156 8794 8809
f 439 399 438
f 1512 1526 1511
f 1668 1738 1671
f 839 1362 838
f 1362 826 1012
f 3425 3418 4047
f 4905 5243 4808
f 4621 4662 4690
f 5582 5574 5577
f 4754 4756 4755
f 3902 4021 4022
f 9295 1896 9267
f 2053 2118 2117
f 9340 2120 2119
f 696 9268 9283
f 4922 4939 4924
f 4365 4186 4183
f 5105 4862 4670
f 5228 5226 5225
f 4781 4877 4794
f 5218 5238 5217
f 4990 4992 4991
f 4335 4336 4251
f 4993 4972 5002
f 4794 4792 4750
f 5886 8852 8851
f 5405 5417 5416
f 4669 4764 4668
f 4676 4698 4679
f 1826 639 640
f 9192 9181 9183
f 5232 5233 5204
f 5418 4122 5419
f 956 886 960
f 5720 3512 5717
f 4728 4730 4729
f 8879 8863 8862
f 1980 1922 807
f 4969 4966 4964
f 33 105 164
f 9028 3254 5437
f 3837 3839 3838
f 4382 4301 4383
f 3908 4122 4123
f 4290 4294 4291
f 4400 4055 4056
f 3219 3221 3220
f 8894 8877 8876
f 4640 4735 4630
f 4389 4216 4213
f 3267 4493 4451
f 3268 4463 4144
f 5097 5098 5088
f 5094 5096 5095
f 5654 5937 5938
f 4089 3960 3959
f 5159 5162 5160
f 5202 5249 5205
f 5412 5414 5413
f 5715 3516 5716
f 5723 4423 5726
f 4263 4323 4374
f 3994 3564 3774
f 1343 9308 9309
f 3470 5667 3464
f 5659 5671 5706
f 3319 4053 3299
f 9359 2128 9354
f 1766 1582 1594
f 14 2163 738
f 595 99 594
f 5703 3772 5702
f 5206 5229 5209
f 3437 3458 3457
f 5516 3487 5509
f 5122 5087 5123
f 3223 3934 3935
f 3979 5402 3978
f 3828 3320 3827
f 5663 4081 5664
f 4035 4490 4461
f 4426 5724 4425
f 3881 4447 4444
f 5407 4118 4119
f 5691 5689 5687
f 5661 5672 5671
f 5911 8901 8880
f 3902 3871 4046
f 5541 5539 5606
f 4069 5561 5562
f 3248 3292 3247
f 1346 1044 1352
f 748 1425 747
f 3297 3255 3934
f 5445 4056 5550
f 5783 5830 5831
f 4310 4376 4373
f 5857 5800 5802
f 3882 4452 3881
f 3193 3919 3951
f 3190 3206 3203
f 4266 4268 4267
f 4488 3420 4486
f 3331 3940 3330
f 4282 4284 4283
f 4606 4607 4605
f 4628 4708 4712
f 4659 4733 4658
f 4615 4829 4614
f 4718 4713 4717
f 5722 4421 5721
f 3307 3461 3433
f 4686 4634 4636
f 3966 3550 3978
f 4738 4875 4873
f 3416 3237 3341
f 4527 4208 4200
f 5093 5114 5092
f 5124 5086 5122
f 5117 5138 5139
f 4631 4640 4630
f 5166 5168 5167
f 5185 5187 5186
f 5194 5191 5171
f 3245 4118 9027
f 5214 5203 5200
f 3230 3318 3284
f 5237 5217 5238
f 5250 5258 5255
f 5113 5084 5085
f 5270 5269 5268
f 4906 5107 4768
f 5271 5267 5270
f 5276 5262 5263
f 5153 5174 5173
f 5290 5268 5291
f 5306 5303 5304
f 5147 5146 5143
f 4585 4856 4584
f 3226 5436 3225
f 4473 4504 4470
f 5765 8897 8895
f 4529 4247 4530
f 8923 8916 8917
f 5713 5682 5714
f 3315 3898 3322
f 5564 5537 5563
f 4468 4441 5466
f 3738 4163 4165
f 4577 4559 4560
f 5567 3366 3363
f 3587 4150 4151
f 5471 4504 4505
f 5860 5816 5817
f 3516 5558 5932
f 5436 5637 5437
f 5050 5083 5060
f 5547 3338 3339
f 9023 3295 4115
f 5708 4132 5711
f 4104 3814 3815
f 3718 4161 4162
f 5498 5679 5692
f 3884 4432 3883
f 3955 3877 3878
f 4049 4061 3977
f 8892 8875 8890
f 4572 4218 4569
f 4440 4442 4441
f 4497 3407 3408
f 4632 4633 4724
f 8906 8881 8902
f 5664 5670 5663
f 3751 3706 3707
f 3511 3736 3800
f 5129 5116 5117
f 5086 5098 5085
f 5135 5128 5136
f 5143 5145 5144
f 5168 5136 5137
f 5297 5246 5257
f 5164 5160 5162
f 5155 5171 5170
f 5137 5167 5168
f 5293 5307 5305
f 5513 4083 5515
f 4053 3825 4057
f 3228 3298 3227
f 3631 3635 3636
f 5689 5670 5693
f 5759 5883 5882
f 3793 3507 4134
f 4906 4891 4907
f 4719 4901 4720
f 3597 4095 4092
f 3352 4125 3262
f 9064 9058 9067
f 9076 9067 9077
f 9083 8794 9126
f 9131 9096 9089
f 9138 9099 9134
f 9154 9126 9156
f 9077 9052 9049
f 9053 8766 9083
f 9191 9187 9181
f 9082 9046 9193
f 9193 9168 9082
f 1284 1288 1285
f 9150 9132 9131
f 3841 3496 3493
f 3570 3336 4083
f 4027 4312 3258
f 4889 4781 4794
f 4041 4044 4043
f 4885 4813 4829
f 5419 3905 5430
f 4367 4227 4224
f 1778 1780 1779
f 1792 1584 1789
f 4308 3869 4307
f 4594 4762 4551
f 4767 4769 4768
f 5461 3366 3847
f 4763 4716 4720
f 4919 4915 4910
f 4300 4334 4333
f 5196 5198 5197
f 5158 5135 5136
f 5431 5433 5432
f 4545 4571 4544
f 4557 4594 4556
f 695 571 694
f 4156 3626 3694
f 4861 4670 4862
f 5681 5674 5682
f 5473 5580 5583
f 3622 4152 4151
f 5647 3574 3231
f 3674 3808 3649
f 4420 3498 3499
f 5675 5666 5674
f 3253 5439 3280
f 5870 5917 5912
f 8887 8919 8886
f 5862 5913 5915
f 3534 3485 3482
f 3313 4484 3312
f 9090 9046 9047
f 4871 4695 4855
f 3778 3822 3819
f 4889 4874 4875
f 4000 3784 4001
f 4897 4911 4910
f 3856 3838 3839
f 4772 4896 4771
f 4015 4376 4014
f 3433 3476 3435
f 4053 3302 3299
f 3367 3363 4434
f 3242 3831 3241
f 3441 4082 4081
f 4735 4855 4854
f 4756 4737 4689
f 3382 3384 3383
f 3698 3697 3682
f 4676 4678 4677
f 4948 4941 4944
f 4890 4805 4747
f 4757 4745 4737
f 4581 4380 4586
f 5716 5932 5597
f 4923 4926 4932
f 5077 5081 5076
f 5078 5058 5054
f 4009 5400 3952
f 5081 5078 5076
f 3930 4513 4514
f 4014 4028 4029
f 4025 4020 4021
f 3618 4096 3616
f 4581 4576 4580
f 4219 4188 4189
f 5440 3335 3272
f 5449 3323 3322
f 4229 4177 4202
f 4590 4214 4589
f 4227 4184 4226
f 4574 4858 4547
f 4565 5453 4563
f 4592 4588 4589
f 4590 4573 4579
f 3517 5521 3519
f 3845 3522 5423
f 4444 3884 3881
f 3982 5533 5535
f 4465 4497 4495
f 4520 4521 4496
f 4076 5591 5590
f 3635 3666 3634
f 3343 4498 5481
f 4022 3870 3871
f 3661 4098 3660
f 5691 5697 5692
f 3768 5742 5739
f 4514 3956 4518
f 3697 3814 3696
f 4394 5460 4395
f 4054 4057 4058
f 3284 3323 3559
f 4052 4169 4397
f 4447 4510 4446
f 4456 3346 4138
f 4483 3877 4482
f 4482 4512 4492
f 4492 4513 4516
f 5642 5439 5641
f 5448 5442 5440
f 5466 3882 3883
f 3340 4445 3339
f 8908 8910 8911
f 4397 3835 3980
f 5413 3521 5412
f 3234 3932 3233
f 5753 8895 8894
f 8896 5756 5755
f 8921 8889 8888
f 8915 8911 8916
f 3933 3935 3934
f 3620 3657 3623
f 3966 3968 3967
f 4905 4769 4770
f 3225 5437 3254
f 5433 3984 5435
f 5714 5693 5713
f 5435 3985 5436
f 3954 3955 3878
f 4713 4632 4724
f 4879 4632 4705
f 3983 3896 3897
f 9027 3248 3245
f 5871 5912 5904
f 5849 5891 5905
f 4702 4640 4641
f 4213 4579 4389
f 3644 3688 3689
f 9193 9040 9041
f 8920 8935 8919
f 5406 4130 4127
f 4140 5401 4139
f 5659 3904 5660
f 4772 4783 4834
f 4244 4246 4245
f 4061 4037 4038
f 3669 3803 3668
f 3459 3209 3202
f 4072 5484 4071
f 4835 4834 4819
f 5660 5661 5659
f 4262 4264 4263
f 3633 3627 3628
f 3685 3676 3686
f 4517 3235 3304
f 4145 4085 3544
f 5455 5459 3850
f 5638 5640 5641
f 3228 3254 3255
f 4044 3411 3412
f 3614 3612 3613
f 3273 3275 3274
f 4952 4961 4918
f 4959 4960 4963
f 4888 4761 4860
f 4254 4256 4255
f 4199 4201 4200
f 4499 4465 5480
f 5479 4496 4521
f 5952 5954 5955
f 5956 5958 5959
f 5959 5960 5961
f 5962 5964 5965
f 5966 5968 5969
f 5967 5971 5968
f 5963 5961 5960
f 5972 5964 5973
f 5974 5976 5977
f 5978 5980 5981
f 5982 5984 5985
f 5986 5985 5984
f 5988 5990 5991
f 5992 5994 5995
f 5996 5998 5999
f 6000 6002 6003
f 6004 6006 6007
f 6008 6010 6011
f 6012 6014 6015
f 6016 6018 6019
f 6020 6022 6023
f 6024 6026 6027
f 6028 6030 6031
f 6032 6034 6035
f 6036 6038 6039
f 6040 6013 6012
f 6042 6044 6045
f 5992 6047 5993
f 6048 6050 6051
f 6052 6054 6055
f 6056 6058 6059
f 6060 5987 5986
f 6062 6064 6065
f 6066 6068 6069
f 6070 6027 6026
f 6072 6057 6056
f 6075 6077 6074
f 6078 6080 6081
f 6082 6054 6084
f 6085 6081 6086
f 6087 5990 6088
f 6061 6089 5987
f 6089 6091 6092
f 6092 6093 6094
f 6095 5981 6096
f 6062 6084 6063
f 6097 6035 6034
f 6056 6099 6072
f 6100 6102 6103
f 6001 6104 6105
f 6107 6109 6106
f 6110 6112 6113
f 6114 6025 6115
f 6116 6118 6119
f 6120 6122 6123
f 6124 6126 6127
f 6128 6101 6100
f 6039 6131 6036
f 6132 6134 6135
f 6136 6138 6003
f 6139 6141 6142
f 6143 6145 6146
f 6148 6150 6147
f 6152 6154 6151
f 6155 6157 6158
f 6159 6161 6162
f 6163 6165 6166
f 6167 6169 6170
f 6171 6173 6174
f 6175 6104 6177
f 6178 6180 6181
f 6023 6183 6020
f 6184 6186 6187
f 6117 6188 6189
f 6190 6192 6193
f 6194 6026 6114
f 6195 6191 6190
f 6197 6199 6200
f 6201 6203 6204
f 6205 6207 6208
f 6209 6201 6204
f 6197 6211 6212
f 6212 6213 6214
f 5979 6214 6213
f 6203 6217 6204
f 6206 6198 6207
f 6218 5962 6219
f 5965 6219 5962
f 5972 3354 6221
f 6070 6222 6223
f 6224 6226 6227
f 6228 6230 6231
f 6232 6234 6235
f 6196 6236 6237
f 6071 6223 6238
f 6239 6241 6242
f 6243 6245 6246
f 6247 6248 6249
f 6250 6252 6253
f 6254 6256 6257
f 6258 6260 6261
f 6229 6263 6230
f 6264 6242 6241
f 6266 6268 6269
f 6270 6272 6273
f 6274 6276 6277
f 6195 6279 6236
f 6280 6281 6282
f 6283 6285 6286
f 6123 6287 6288
f 6289 6291 6292
f 6293 6243 6295
f 6240 6297 6241
f 6298 6267 6266
f 6300 6302 6303
f 6304 6306 6307
f 6251 6308 6309
f 6247 6311 6312
f 6313 6315 6316
f 6314 6317 6318
f 6319 6320 6321
f 6322 6088 6323
f 6216 6258 6217
f 6325 6327 6328
f 6217 6261 6329
f 6330 6238 6331
f 6071 6048 6027
f 6015 6333 6012
f 6079 6335 6080
f 6336 6240 6239
f 6294 6296 6240
f 6337 6339 6340
f 6341 6343 6344
f 6345 6347 6348
f 6266 6349 6298
f 6350 6352 6353
f 6295 6246 6354
f 6303 6356 6300
f 6357 6359 6360
f 6361 6363 6364
f 6365 6353 6366
f 6367 6369 6370
f 6371 6370 6372
f 6372 6374 6371
f 6375 6373 6376
f 6376 6378 6375
f 6379 6381 6382
f 6383 6385 6386
f 6387 6389 6390
f 6391 6393 6394
f 6395 6397 6398
f 6398 6400 6395
f 6399 6402 6400
f 6403 6401 6404
f 6405 6407 6408
f 6409 6411 6412
f 6367 6413 6414
f 6374 6415 6416
f 6417 6384 6383
f 6419 6348 6347
f 6421 6423 6424
f 6425 6400 6402
f 6426 6395 6400
f 6393 6428 6429
f 6429 6394 6393
f 6390 6431 6432
f 6433 6408 6407
f 6435 6437 6438
f 6439 6411 6438
f 6392 6441 6442
f 6397 6442 6443
f 6401 6444 6445
f 6446 6437 6404
f 6448 6450 6451
f 6452 6454 6455
f 6442 6456 6457
f 6443 6457 6458
f 6444 6460 6461
f 6445 6461 6462
f 6463 6462 6465
f 6446 6462 6464
f 6466 6468 6469
f 6448 6470 6471
f 6453 6472 6473
f 6474 6476 6477
f 6478 6480 6481
f 6482 6484 6485
f 6486 6488 6489
f 6490 6492 6493
f 6493 6494 6495
f 6496 6498 6499
f 6500 6502 6503
f 6504 6506 6507
f 6508 6509 6510
f 6511 6513 6508
f 6499 6515 6496
f 6516 6518 6519
f 6520 6522 6523
f 6524 6525 6526
f 6507 6527 6504
f 6504 6528 6510
f 6528 6508 6510
f 6529 6531 6532
f 6342 6534 6343
f 6535 6346 6536
f 6347 6537 6419
f 6434 6539 6408
f 6539 6405 6408
f 6541 6451 6450
f 6543 6470 6545
f 6546 6481 6547
f 6499 6548 6549
f 6549 6514 6499
f 6551 6553 6554
f 6555 6557 6558
f 6403 6423 6559
f 6426 6413 6416
f 6415 6428 6427
f 6430 6561 6562
f 6434 6420 6419
f 6563 6565 6566
f 6404 6445 6446
f 6459 6399 6398
f 6455 6388 6387
f 6405 6449 6406
f 6540 6450 6405
f 6567 6568 6569
f 6570 6463 6567
f 6475 6490 6465
f 6458 6571 6572
f 6573 6574 6575
f 6576 6578 6579
f 6193 6580 6581
f 6582 6584 6585
f 6583 6586 6587
f 6588 6587 6586
f 6590 6068 6591
f 6592 6594 6319
f 6251 6595 6252
f 6304 6597 6598
f 6272 6599 6273
f 3737 6558 6557
f 6600 6160 6601
f 6123 6603 6120
f 6604 6606 6607
f 6608 6208 6609
f 5972 6220 5965
f 6610 6612 6556
f 6613 6615 6616
f 6242 6618 6239
f 6226 6245 6227
f 6620 6622 6623
f 6624 6146 6625
f 6626 6211 6136
f 6627 6629 6630
f 6631 6633 6634
f 6235 6636 6232
f 6637 6639 6640
f 6641 6286 6642
f 6643 6645 6646
f 6647 6649 6650
f 6244 6294 6336
f 6336 6652 6244
f 6194 6237 6222
f 6196 6114 6191
f 6115 6191 6114
f 6653 6655 6656
f 6657 6189 6658
f 6117 6659 6118
f 6130 6156 6131
f 6133 6151 6134
f 6661 6662 6660
f 6663 6616 6552
f 6664 6273 6665
f 6418 6432 6431
f 6290 6328 6291
f 6666 6556 6612
f 6557 3805 3737
f 5971 6668 5968
f 6181 6670 6178
f 6671 6673 6674
f 6676 6672 6675
f 6675 6149 6676
f 6067 5999 5998
f 6677 6679 6680
f 6681 6683 6684
f 6087 6090 6089
f 5983 6685 6686
f 5982 6687 6685
f 6094 6688 6687
f 6211 6137 6136
f 6689 6691 6692
f 6690 3833 3832
f 6001 6686 6002
f 5978 6215 5979
f 6694 5978 6095
f 5974 6095 6695
f 6183 6696 6697
f 6698 5961 6218
f 5959 6699 5956
f 6697 6700 6701
f 6702 6703 6704
f 5968 6705 5969
f 6706 5955 5954
f 6707 6617 6708
f 6024 6709 6710
f 6402 6559 6425
f 3852 6712 3853
f 3856 6593 3857
f 5977 6694 5974
f 6713 5977 5976
f 6714 6716 6717
f 6718 6308 6250
f 6720 6254 6721
f 6722 6724 6725
f 6312 6726 6727
f 6069 6728 6729
f 6319 6730 6086
f 6731 6644 6732
f 6732 6734 6731
f 6046 6320 6047
f 3880 6666 6735
f 6736 6738 6739
f 6531 6741 6326
f 6300 6614 6613
f 6742 6325 6290
f 6743 3891 3890
f 6744 6301 6745
f 6746 6534 6533
f 6536 6579 6535
f 6535 6563 6537
f 6566 6537 6563
f 6538 6409 6539
f 6412 6539 6409
f 6412 6541 6540
f 6748 6542 6541
f 6749 6545 6542
f 6568 6547 6543
f 6751 6548 6546
f 6753 6550 6549
f 6755 6757 6758
f 6759 6761 6762
f 6763 6765 6762
f 6764 6623 6765
f 6766 6768 6769
f 6770 6772 6773
f 6774 6776 6777
f 6021 6777 6022
f 6723 6779 6724
f 6780 6782 6783
f 6784 6786 6787
f 6788 6790 6791
f 6185 6793 6186
f 6794 6725 6795
f 6729 6098 6097
f 6135 6798 6132
f 6799 6065 6800
f 6037 6802 6038
f 6005 6588 6586
f 6005 6804 6006
f 6052 6010 6805
f 6586 6803 6005
f 6092 5987 6089
f 6094 5985 6092
f 6096 6695 6095
f 6082 6799 6585
f 6657 6041 6659
f 6013 6658 6014
f 6795 6807 6808
f 6809 6811 6812
f 6813 6815 6816
f 6817 6819 6820
f 6821 6823 6824
f 6329 6204 6217
f 6202 6826 6203
f 6072 6827 6828
f 6598 6305 6304
f 6301 6613 6663
f 6830 6271 6270
f 6822 6778 6823
f 6326 6832 6327
f 6203 6833 6216
f 6027 6051 6024
f 6360 6835 6357
f 6836 6838 6839
f 6837 6841 6838
f 6362 6366 6363
f 6380 6384 6381
f 6421 6578 6842
f 6566 6410 6409
f 6394 6388 6391
f 6414 6368 6367
f 6371 6416 6413
f 6561 6378 6382
f 6382 6562 6561
f 6381 6418 6562
f 6389 6430 6431
f 6391 6454 6441
f 6441 6453 6456
f 6456 6473 6574
f 6495 6750 6568
f 6843 6485 6484
f 6844 6843 6846
f 6573 6847 6848
f 6849 6487 6486
f 6513 6752 6469
f 6517 6850 6503
f 6521 6851 6850
f 6844 6852 6853
f 6505 6510 6509
f 6753 6512 6754
f 6516 6521 6517
f 6614 6854 6615
f 6742 4003 3891
f 6708 6855 6856
f 6307 6857 6858
f 6307 6665 6304
f 6414 6425 6559
f 6416 6427 6426
f 6562 6431 6430
f 6419 6538 6434
f 6358 6839 6359
f 6059 6859 6860
f 6861 6863 6864
f 6865 6867 6868
f 6115 6869 6870
f 6871 6873 6874
f 6721 6596 6875
f 6876 6556 6555
f 6877 6552 6551
f 6551 6268 6877
f 6879 6265 6269
f 6239 6651 6336
f 6230 6619 6226
f 6171 6669 6880
f 6106 6882 6881
f 6883 6822 6821
f 6759 6187 6174
f 6725 6785 6807
f 6885 6808 6791
f 6886 6888 6031
f 6701 6756 6755
f 6884 6779 6822
f 6715 6309 6308
f 6889 6890 6891
f 6743 4042 6892
f 6270 6893 6830
f 6386 6895 6383
f 6895 6420 6896
f 6897 6417 6896
f 6897 6407 6898
f 6390 6899 6387
f 6900 6406 6449
f 6455 6901 6452
f 6902 6904 6471
f 6482 6905 6483
f 6501 6907 6502
f 6496 6908 6909
f 6532 6326 6325
f 6532 6743 6529
f 6612 6735 6666
f 6611 6910 6612
f 6626 5979 6213
f 6704 6105 6702
f 6913 6591 6914
f 6915 6795 6885
f 6229 4067 4066
f 6263 6289 6619
f 6745 6663 6877
f 6916 6757 6917
f 6885 6165 6915
f 6920 6783 6919
f 6921 6923 6924
f 6925 6924 6926
f 6927 6929 6930
f 6931 6933 6934
f 6935 6937 6938
f 6939 6941 6942
f 6943 6945 6946
f 6947 6949 6950
f 6944 6951 6952
f 6953 6955 6956
f 6957 6959 6960
f 6961 6929 6963
f 6964 6966 6967
f 6968 6970 6971
f 6969 6955 6970
f 6972 6946 6973
f 6974 6976 6977
f 6978 6980 6981
f 6940 6982 6983
f 6984 6986 6987
f 6988 6990 6991
f 6992 6989 6993
f 6994 6996 6997
f 6998 7000 7001
f 7002 7004 7005
f 7006 7008 7009
f 7010 7012 7013
f 7014 7016 7017
f 7018 6999 6998
f 7020 7022 7023
f 7024 7026 7027
f 7028 7030 7031
f 7032 7034 7035
f 7003 7036 7037
f 7038 7040 7027
f 6993 7030 7041
f 7042 7044 7045
f 7046 7007 7006
f 7011 7048 7049
f 7050 7052 7053
f 7054 7014 7055
f 7015 7056 7057
f 6621 7045 7044
f 7049 6775 6774
f 7051 6021 6020
f 7055 6701 7054
f 7054 6755 7056
f 6764 7047 7046
f 7020 7059 7013
f 7060 7062 7063
f 6958 7065 6959
f 6925 7067 6973
f 7068 6934 6926
f 7069 6991 7070
f 7071 7072 7073
f 7074 7076 7077
f 7078 7080 7081
f 7014 7082 7083
f 7084 7086 7087
f 7025 7031 7026
f 7085 7072 7088
f 7089 7087 7090
f 7055 7083 7091
f 7090 6770 6773
f 7092 7094 7095
f 7091 6697 7055
f 6770 7086 6758
f 7095 6767 6766
f 7096 6980 7097
f 7098 6940 7099
f 7058 7023 7100
f 7101 6930 7102
f 6974 7063 6967
f 7103 6971 7104
f 7105 6981 6977
f 7106 7036 7108
f 7109 7010 7110
f 7111 7018 7034
f 7098 7037 7100
f 7048 7112 6775
f 7113 7041 6997
f 6994 7115 7088
f 6965 6923 6966
f 6975 6945 6976
f 7061 7065 7062
f 6954 6933 6963
f 6763 7109 7047
f 7046 6620 6764
f 6947 7067 6956
f 6758 7056 6755
f 7118 7039 7038
f 7038 7070 7118
f 7106 7121 7122
f 7123 7053 7052
f 7123 7083 7082
f 7045 7006 7042
f 7107 7122 7009
f 7091 7052 7051
f 7091 6020 6183
f 6936 7097 6937
f 7125 6960 7102
f 6774 7050 7049
f 7119 6942 7039
f 7019 7005 6999
f 7011 7124 7012
f 7021 7040 7022
f 7114 7016 7115
f 7053 7049 7050
f 7086 7057 7056
f 6993 7127 6992
f 7075 7113 7076
f 4281 6603 7128
f 6012 7129 6040
f 7130 6584 7131
f 6797 7133 6798
f 6074 7135 6075
f 6789 6173 6790
f 6760 6776 6761
f 7136 6801 6589
f 6914 6674 6913
f 7007 7059 7008
f 7099 7003 7098
f 6984 7104 6938
f 7110 7047 7109
f 6333 6587 7129
f 5956 6667 5971
f 5957 5971 5970
f 7137 6308 6719
f 4292 6718 6250
f 6693 6668 6215
f 6215 6667 6214
f 6214 6699 6212
f 6698 6212 6699
f 6219 6198 6218
f 6207 6220 6208
f 6220 6609 6208
f 6262 4066 4003
f 7138 7140 7141
f 4298 7140 4299
f 7143 7145 7146
f 7147 7144 7149
f 7149 7151 7147
f 7150 7153 7151
f 6329 7154 7152
f 6261 7155 7154
f 7156 7157 7158
f 6598 7159 7160
f 6257 7161 7162
f 6256 4321 7161
f 6693 6706 6705
f 5954 6705 6706
f 5953 5969 5954
f 7163 5983 6912
f 7164 6138 7166
f 7167 7169 7170
f 6141 7172 6142
f 7166 7173 7164
f 6141 7174 7175
f 7176 7178 7179
f 7180 7182 7183
f 7184 7186 7187
f 6631 7183 7188
f 6218 6197 6698
f 6625 7189 6624
f 6814 7190 7191
f 6882 7193 7194
f 7195 6109 6108
f 6888 7198 7199
f 7200 7202 7203
f 7176 6630 7204
f 6029 7187 6030
f 7205 7207 7208
f 7209 7211 7212
f 7203 7213 7214
f 6886 6778 6723
f 6031 7215 6886
f 7216 7218 7219
f 7220 6880 6669
f 6076 7220 7222
f 6074 6672 6671
f 6147 6662 7223
f 7223 6111 6110
f 6810 6113 6112
f 6920 6914 6591
f 6077 6675 6672
f 6660 6076 6661
f 7222 6669 6181
f 7224 6181 6180
f 6660 6150 6675
f 7225 6794 6915
f 6783 7225 6164
f 6781 6068 6067
f 7217 7228 7218
f 6031 7199 6028
f 6887 6723 6722
f 6164 6915 6165
f 6780 6591 6068
f 7134 6671 6914
f 7229 6824 6823
f 7187 7230 7229
f 7226 6722 6794
f 7231 6169 7233
f 7201 7233 7202
f 6107 7235 7200
f 7215 6823 6778
f 6030 7229 7215
f 7236 7219 7179
f 7237 6820 6819
f 7237 7207 7238
f 7239 7241 7242
f 6739 7244 6736
f 7245 7242 7246
f 7233 6168 7247
f 7247 7202 7233
f 7195 7203 7214
f 7248 7250 6703
f 7227 7252 7228
f 7253 5998 7251
f 6067 7198 6781
f 6781 7197 6782
f 5984 6683 5986
f 7254 6678 6684
f 6679 7252 5997
f 6887 7197 6888
f 6782 7226 7225
f 7135 6163 7221
f 7221 6075 7135
f 6661 7222 7224
f 7224 6111 6661
f 6180 6112 7224
f 6179 6810 6180
f 6811 6793 6649
f 6650 6622 6769
f 6766 7044 7095
f 7095 7043 7092
f 7092 7121 7081
f 7078 7255 7033
f 7256 7257 7258
f 6768 7259 6647
f 6773 7094 7090
f 7090 7093 7089
f 7089 7080 7073
f 7071 7032 7260
f 7077 6998 7074
f 6995 7260 6996
f 7077 7261 7035
f 7035 7018 7077
f 7108 7111 7255
f 6978 7262 7001
f 7105 7264 7262
f 7263 6952 7264
f 6990 6951 7265
f 6972 7266 7265
f 7117 6950 7266
f 6948 7267 6949
f 6969 6982 7267
f 7103 6987 6983
f 7005 6986 7268
f 6999 7268 7000
f 7269 7271 7272
f 7274 7275 7273
f 7274 7276 7277
f 7278 7280 7281
f 7282 7284 7285
f 7286 7288 7289
f 7290 7292 7293
f 7294 7296 7293
f 7068 7298 7299
f 7300 7302 7303
f 7304 7305 7306
f 7307 7305 7308
f 7309 7283 7310
f 7311 7313 7314
f 7125 7306 7315
f 7285 7280 7282
f 7277 7303 7302
f 6965 7316 7317
f 7318 7316 7319
f 7320 7271 7314
f 7312 7296 7313
f 7270 7298 7322
f 7311 7322 7317
f 6961 7300 7308
f 7323 7325 7326
f 7327 7328 7329
f 7064 7325 7328
f 7287 7292 7288
f 6931 7299 7301
f 7331 7329 7319
f 7332 7334 7335
f 7336 7338 7339
f 7340 7333 7332
f 7342 7343 7344
f 7345 7347 7344
f 7348 7350 7351
f 7352 7354 7355
f 7356 7358 7359
f 7360 7362 7363
f 7365 7367 7364
f 7368 7370 7371
f 7372 7336 7374
f 7373 7337 7336
f 7367 7376 7377
f 7378 7380 7381
f 7382 7384 7385
f 7386 7385 7384
f 7388 7390 7391
f 7392 7333 7393
f 7394 7396 7397
f 7398 7400 7401
f 7402 7404 7405
f 7406 7408 7409
f 7410 7383 7382
f 7412 7414 7415
f 7385 7417 7382
f 7389 7419 7390
f 7373 7421 7375
f 7420 7372 7422
f 7369 7424 7370
f 7399 7397 7425
f 7393 7341 7342
f 7398 7357 7426
f 7358 7401 7427
f 7428 7430 7431
f 7433 7435 7432
f 7363 7436 7437
f 7383 7439 7384
f 7411 7438 7383
f 7441 7443 7444
f 7445 7339 7447
f 7374 7339 7446
f 7444 7364 7448
f 7448 7450 7449
f 7364 7451 7450
f 7451 7377 7452
f 7449 7454 7453
f 7455 7450 7451
f 7456 7451 7452
f 7410 7458 7459
f 7460 7462 7369
f 7423 7462 7463
f 7464 7466 7467
f 7468 7347 7470
f 7376 7471 7472
f 7425 7396 7473
f 7475 7477 7474
f 7478 7480 7481
f 7482 7407 7406
f 7484 7351 7486
f 7487 7488 7489
f 7490 7492 7493
f 7412 7434 7433
f 7494 7434 7415
f 7496 7391 7497
f 7440 7498 7499
f 7401 7488 7500
f 7485 7345 7501
f 7500 7427 7401
f 7395 7469 7468
f 7503 7505 7506
f 7507 7509 7510
f 7511 7513 7514
f 7511 7515 7516
f 7517 7519 7520
f 7521 7523 7355
f 7352 7525 7526
f 7415 7527 7494
f 7528 7530 7486
f 7404 7502 7500
f 7477 7496 7532
f 7512 7481 7513
f 7405 7500 7488
f 7533 7535 7536
f 7378 7510 7537
f 7532 7379 7538
f 7539 7541 7542
f 7524 7355 7523
f 7351 7501 7348
f 7414 7523 7527
f 7522 7527 7523
f 7544 7412 7545
f 7546 7547 7548
f 7526 7353 7352
f 7550 7355 7354
f 7521 7551 7548
f 7552 7548 7551
f 7546 7553 7554
f 7522 7548 7547
f 7418 7520 7555
f 7416 7554 7417
f 7457 7558 7458
f 7557 7560 7558
f 7535 7561 7562
f 7562 7563 7564
f 7564 7349 7348
f 7351 7565 7486
f 7567 7569 7566
f 7570 7520 7519
f 7419 7555 7571
f 7572 7348 7501
f 7389 7556 7418
f 7573 7493 7480
f 7552 7534 7553
f 7562 7536 7535
f 7572 7576 7574
f 7422 7578 7420
f 7423 7580 7424
f 7579 7463 7581
f 7578 7576 7582
f 7583 7381 7380
f 7586 7581 7585
f 7533 7579 7586
f 7447 7338 7587
f 7588 7531 7589
f 7590 7431 7591
f 7321 7592 7585
f 7275 7463 7273
f 7461 7276 7462
f 7279 7461 7453
f 7453 7593 7279
f 7594 7454 7455
f 7330 7498 7459
f 7459 7294 7330
f 7558 7595 7295
f 7560 7320 7595
f 7275 7585 7581
f 7462 7273 7463
f 7596 7380 7497
f 7597 7406 7409
f 7467 7599 7600
f 7601 7603 7604
f 7605 7444 7443
f 7365 7606 7366
f 7607 7494 7608
f 7513 7473 7396
f 7396 7514 7513
f 7514 7468 7515
f 7470 7515 7468
f 7610 7609 7470
f 7612 7476 7475
f 7613 7529 7614
f 7442 7615 7616
f 7343 7617 7618
f 7574 7577 7536
f 7619 7399 7491
f 7518 7509 7519
f 7491 7425 7492
f 7549 7621 7565
f 7491 7622 7619
f 7377 7440 7452
f 7379 7497 7380
f 7453 7460 7449
f 7411 7459 7498
f 7623 7391 7390
f 7625 7610 7484
f 7487 7483 7626
f 7619 7408 7489
f 7627 7620 7549
f 7538 7378 7537
f 7389 7477 7476
f 7629 7412 7433
f 7489 7407 7487
f 7628 7598 7597
f 7413 7524 7414
f 7592 7559 7630
f 7584 7632 7381
f 7569 7633 7571
f 7570 7566 7569
f 7631 7566 7632
f 7508 7519 7509
f 7614 7480 7613
f 7346 7470 7347
f 7572 7562 7564
f 7571 7634 7419
f 7346 7484 7610
f 7607 7431 7495
f 7585 7630 7586
f 7624 7497 7391
f 7635 7384 7439
f 7636 7502 7588
f 7323 7310 7289
f 7420 7582 7421
f 7637 7455 7456
f 7287 7499 7498
f 7458 7295 7294
f 7439 7472 7635
f 7599 7604 7600
f 7359 7427 7636
f 7436 7639 7437
f 7490 7640 7622
f 7481 7493 7473
f 7641 7505 7525
f 7642 7627 7644
f 7492 7473 7493
f 7517 7625 7530
f 7625 7486 7530
f 7634 7390 7419
f 7474 7532 7516
f 7448 7441 7444
f 7368 7449 7460
f 7615 7368 7371
f 7638 7602 7639
f 7575 7501 7345
f 7571 7570 7569
f 7400 7489 7488
f 7508 7632 7566
f 7503 7540 7539
f 6957 7315 7326
f 7376 7438 7377
f 7507 7381 7632
f 7499 7452 7440
f 7286 7456 7499
f 7504 7644 7505
f 7368 7460 7369
f 7645 7627 7643
f 7647 7633 7646
f 7647 7623 7634
f 7649 7623 7648
f 7650 7624 7649
f 7646 7568 7651
f 7651 7567 7652
f 7653 7567 7631
f 7651 7655 7646
f 7656 7658 7659
f 7660 7657 7661
f 7663 7656 7662
f 7664 7663 7666
f 7667 7663 7662
f 7667 7668 7655
f 7663 7661 7657
f 7670 7672 7669
f 7661 7671 7660
f 7659 7662 7656
f 7648 7668 7659
f 7648 7673 7649
f 7659 7674 7673
f 7658 7675 7674
f 7668 7646 7655
f 7660 7676 7675
f 7675 7678 7674
f 7677 7676 7679
f 7677 7681 7678
f 7682 7678 7681
f 7677 7684 7680
f 7673 7678 7683
f 7683 7649 7673
f 7685 7671 7670
f 7667 7686 7666
f 7666 7687 7664
f 7654 7686 7655
f 7689 7686 7688
f 7664 7691 7690
f 7650 7583 7596
f 7693 7631 7584
f 7584 7692 7693
f 7693 7682 7694
f 7694 7681 7695
f 7694 7653 7693
f 7650 7682 7692
f 7696 7652 7653
f 7654 7652 7697
f 7688 7697 7698
f 7699 7697 7696
f 7700 7698 7699
f 7695 7696 7694
f 7699 7702 7700
f 7689 7698 7701
f 7689 7703 7704
f 7705 7707 7703
f 7701 7705 7703
f 7704 7707 7685
f 7685 7691 7704
f 7687 7704 7691
f 7680 7695 7681
f 7684 7702 7680
f 7702 7705 7700
f 7684 7707 7706
f 7676 7707 7679
f 7665 7672 7661
f 7670 7690 7691
f 7665 7690 7669
f 7611 7474 7609
f 7510 7479 7478
f 7511 7537 7512
f 7516 7538 7511
f 7517 7613 7518
f 7537 7478 7512
f 7611 7612 7475
f 7613 7479 7518
f 7556 7517 7520
f 7516 7609 7474
f 7708 7710 7711
f 7712 7714 7715
f 7713 7717 7714
f 7719 7721 7718
f 7722 7597 7409
f 7724 7715 7725
f 7726 7728 7729
f 7731 7573 7730
f 7730 7614 7732
f 7733 7735 7736
f 7721 7724 7737
f 7731 7409 7640
f 7708 7729 7738
f 7737 7709 7739
f 7716 7736 7740
f 7742 7744 7745
f 7740 7735 7746
f 7717 7740 7747
f 7716 7720 7741
f 7748 7711 7710
f 7750 7710 7725
f 7720 7751 7741
f 7734 7728 7735
f 7709 7725 7710
f 7752 7715 7714
f 7739 7708 7738
f 7720 7712 7721
f 7749 7755 7711
f 7745 7756 7747
f 7746 7742 7745
f 7743 7755 7754
f 7727 7735 7728
f 7747 7757 7717
f 7753 7725 7715
f 7751 7620 7733
f 7757 7714 7717
f 7718 7737 7732
f 7747 7746 7745
f 7727 7755 7742
f 7726 7711 7755
f 7759 7756 7758
f 7759 7752 7757
f 7760 7753 7752
f 7761 7750 7753
f 7758 7744 7763
f 7763 7743 7764
f 7754 7764 7743
f 7763 7767 7758
f 7768 7770 7771
f 7772 7771 7773
f 7775 7772 7774
f 7776 7775 7778
f 7779 7775 7774
f 7775 7769 7768
f 7770 7781 7780
f 7782 7772 7773
f 7760 7782 7773
f 7760 7783 7761
f 7773 7784 7783
f 7770 7784 7771
f 7779 7782 7767
f 7782 7758 7767
f 7785 7780 7786
f 7785 7788 7784
f 7787 7786 7789
f 7787 7791 7788
f 7792 7788 7791
f 7787 7794 7790
f 7793 7784 7788
f 7762 7783 7793
f 7796 7780 7795
f 7795 7781 7797
f 7779 7798 7778
f 7799 7778 7798
f 7766 7798 7767
f 7800 7799 7798
f 7802 7799 7803
f 7795 7802 7803
f 7762 7748 7750
f 7805 7754 7749
f 7749 7804 7805
f 7805 7792 7806
f 7806 7791 7807
f 7806 7765 7805
f 7793 7804 7762
f 7808 7764 7765
f 7766 7764 7809
f 7766 7810 7800
f 7811 7809 7808
f 7812 7810 7811
f 7807 7808 7806
f 7811 7814 7812
f 7813 7800 7810
f 7801 7815 7816
f 7817 7819 7815
f 7813 7817 7815
f 7816 7819 7796
f 7796 7803 7816
f 7799 7816 7803
f 7790 7807 7791
f 7794 7814 7790
f 7814 7817 7812
f 7794 7819 7818
f 7786 7819 7789
f 7777 7781 7769
f 7777 7802 7797
f 7528 7718 7529
f 7729 7723 7722
f 7738 7730 7739
f 7732 7739 7730
f 7733 7628 7734
f 7722 7738 7729
f 7621 7719 7528
f 7628 7723 7734
f 7733 7741 7751
f 7732 7529 7718
f 7486 7621 7528
f 7549 7350 7353
f 7353 7349 7354
f 7354 7563 7550
f 7821 7823 7820
f 7824 7826 7827
f 7825 7829 7826
f 7830 7832 7833
f 7834 7827 7835
f 7836 7838 7839
f 7840 7406 7841
f 7841 7598 7842
f 7843 7845 7846
f 7833 7834 7847
f 7848 7836 7839
f 7847 7821 7849
f 7828 7846 7850
f 7853 7855 7852
f 7850 7845 7856
f 7829 7850 7857
f 7828 7832 7851
f 7858 7823 7822
f 7860 7822 7835
f 7831 7851 7832
f 7844 7838 7845
f 7834 7822 7821
f 7863 7827 7826
f 7849 7820 7848
f 7825 7833 7832
f 7859 7866 7823
f 7855 7867 7857
f 7837 7855 7856
f 7865 7852 7866
f 7837 7845 7838
f 7857 7868 7829
f 7864 7835 7827
f 7843 7642 7504
f 7868 7826 7829
f 7830 7847 7842
f 7857 7856 7855
f 7837 7866 7852
f 7836 7823 7866
f 7870 7867 7869
f 7870 7863 7868
f 7871 7864 7863
f 7872 7860 7864
f 7869 7854 7874
f 7874 7853 7875
f 7876 7853 7865
f 7874 7878 7869
f 7879 7881 7882
f 7883 7882 7884
f 7886 7883 7885
f 7887 7886 7889
f 7890 7886 7885
f 7886 7880 7879
f 7891 7880 7892
f 7884 7885 7883
f 7871 7893 7884
f 7871 7894 7872
f 7884 7895 7894
f 7882 7896 7895
f 7890 7893 7878
f 7893 7869 7878
f 7881 7897 7896
f 7898 7895 7896
f 7900 7896 7897
f 7901 7899 7898
f 7904 7902 7903
f 7898 7905 7901
f 7894 7899 7904
f 7904 7872 7894
f 7907 7891 7906
f 7906 7892 7908
f 7890 7909 7889
f 7910 7889 7909
f 7877 7909 7878
f 7912 7909 7911
f 7887 7914 7913
f 7906 7913 7914
f 7873 7858 7860
f 7916 7865 7859
f 7859 7915 7916
f 7916 7903 7917
f 7917 7902 7918
f 7917 7876 7916
f 7873 7903 7915
f 7919 7875 7876
f 7877 7875 7920
f 7911 7920 7921
f 7922 7920 7919
f 7923 7921 7922
f 7918 7919 7917
f 7922 7925 7923
f 7924 7911 7921
f 7912 7926 7927
f 7928 7930 7926
f 7924 7928 7926
f 7927 7930 7907
f 7907 7914 7927
f 7910 7927 7914
f 7901 7918 7902
f 7905 7925 7901
f 7925 7928 7923
f 7905 7930 7929
f 7897 7930 7900
f 7888 7892 7880
f 7888 7913 7908
f 7645 7831 7830
f 7839 7862 7931
f 7841 7848 7840
f 7842 7849 7841
f 7504 7844 7843
f 7839 7840 7848
f 7643 7861 7831
f 7503 7862 7844
f 7846 7861 7843
f 7842 7645 7830
f 7932 7934 7935
f 7936 7938 7939
f 7937 7941 7938
f 7942 7944 7945
f 7947 7949 7946
f 7950 7939 7951
f 7953 7955 7952
f 7956 7958 7959
f 7956 7540 7960
f 7962 7964 7961
f 7936 7965 7945
f 7946 7958 7957
f 7966 7952 7955
f 7965 7933 7967
f 7968 7969 7964
f 7970 7972 7973
f 7974 7964 7963
f 7941 7968 7975
f 7940 7944 7969
f 7976 7935 7934
f 7978 7934 7951
f 7943 7969 7944
f 7947 7963 7962
f 7933 7951 7934
f 7980 7939 7938
f 7967 7932 7966
f 7937 7945 7944
f 7977 7983 7935
f 7973 7984 7975
f 7953 7973 7974
f 7982 7970 7983
f 7974 7954 7953
f 7975 7985 7941
f 7981 7951 7939
f 7961 7544 7545
f 7985 7938 7941
f 7942 7965 7960
f 7975 7974 7973
f 7952 7970 7953
f 7952 7935 7983
f 7987 7984 7986
f 7987 7980 7985
f 7988 7981 7980
f 7989 7978 7981
f 7986 7972 7991
f 7991 7971 7992
f 7993 7971 7982
f 7986 7994 7995
f 7997 7999 7996
f 8000 7999 8001
f 8003 8000 8002
f 8005 8006 8004
f 8007 8003 8002
f 7996 8005 7997
f 7998 8009 8008
f 8010 8000 8001
f 7988 8010 8001
f 7988 8011 7989
f 8011 7999 8012
f 7998 8012 7999
f 8007 8010 7995
f 8010 7986 7995
f 8013 8008 8014
f 8015 8012 8013
f 8017 8013 8014
f 8018 8016 8015
f 8021 8019 8020
f 8015 8022 8018
f 8011 8016 8021
f 8021 7989 8011
f 8023 8014 8008
f 8023 8009 8025
f 8007 8026 8006
f 8026 8004 8006
f 8028 7995 7994
f 8029 8026 8028
f 8030 8027 8031
f 8023 8030 8031
f 7990 7976 7978
f 8033 7982 7977
f 7976 8033 7977
f 8034 8032 8020
f 8035 8020 8019
f 8034 7993 8033
f 7990 8020 8032
f 8036 7992 7993
f 7991 8037 7994
f 7994 8038 8028
f 8039 8037 8036
f 8040 8038 8039
f 8035 8036 8034
f 8039 8042 8040
f 8041 8028 8038
f 8029 8043 8044
f 8045 8047 8043
f 8041 8045 8043
f 8044 8047 8024
f 8024 8031 8044
f 8027 8044 8031
f 8042 8019 8018
f 8022 8042 8018
f 8042 8045 8040
f 8017 8046 8022
f 8014 8047 8017
f 8005 8009 7997
f 8005 8030 8025
f 7506 7943 7942
f 7954 7946 7955
f 7967 7957 7956
f 7960 7967 7956
f 7948 7962 8048
f 7955 7957 7966
f 7641 7979 7943
f 7969 7961 7964
f 7960 7506 7942
f 7362 8050 7436
f 8052 7464 8051
f 8051 7467 8053
f 8054 7600 7604
f 8056 7618 8052
f 7436 8057 7638
f 8049 7361 8056
f 8057 7603 7638
f 8055 7467 7600
f 8058 7604 7603
f 8059 8058 8057
f 8060 8054 8058
f 8061 8055 8054
f 8062 8053 8055
f 8059 8050 8064
f 8064 8049 8065
f 8056 8065 8049
f 8059 8067 8068
f 8069 8071 8072
f 8073 8072 8074
f 8075 8073 8076
f 8077 8075 8076
f 8075 8070 8069
f 8079 8081 8070
f 8082 8070 8081
f 8083 8073 8074
f 8061 8083 8074
f 8061 8084 8062
f 8074 8085 8084
f 8072 8086 8085
f 8077 8083 8068
f 8083 8059 8068
f 8071 8087 8086
f 8088 8085 8086
f 8090 8086 8087
f 8091 8089 8088
f 8094 8092 8093
f 8088 8095 8091
f 8084 8089 8094
f 8094 8062 8084
f 8097 8082 8096
f 8096 8081 8080
f 8077 8098 8078
f 8099 8078 8098
f 8101 8068 8067
f 8102 8098 8101
f 8100 8104 8103
f 8096 8103 8104
f 8075 8100 8079
f 8079 8103 8080
f 8105 8053 8063
f 8066 8052 8106
f 8051 8106 8052
f 8107 8105 8093
f 8108 8093 8092
f 8107 8066 8106
f 8063 8093 8105
f 8109 8065 8066
f 8064 8110 8067
f 8067 8111 8101
f 8112 8110 8109
f 8113 8111 8112
f 8108 8109 8107
f 8112 8115 8113
f 8114 8101 8111
f 8102 8116 8117
f 8118 8120 8116
f 8114 8118 8116
f 8117 8120 8097
f 8097 8104 8117
f 8099 8117 8104
f 8091 8108 8092
f 8095 8115 8091
f 8115 8118 8113
f 8095 8120 8119
f 8087 8120 8090
f 7550 7561 7551
f 7552 7561 7535
f 7931 7539 7542
f 7640 7408 7622
f 7549 7644 7627
f 7525 7544 7641
f 7931 7482 7840
f 7483 7542 7541
f 7626 7405 7487
f 7629 7432 8121
f 7629 7949 7948
f 8122 7949 8121
f 8123 8121 7432
f 8124 7432 7435
f 7434 8125 7435
f 8125 8124 7435
f 8124 7429 8126
f 8123 8126 8127
f 8122 8127 8128
f 7541 7959 8128
f 7404 8129 7531
f 8125 7431 7430
f 7526 7505 7644
f 7626 7541 8128
f 7959 8122 8128
f 7961 8048 7962
f 7629 8048 7545
f 8127 7626 8128
f 7402 8126 7403
f 8129 8126 7429
f 7428 8129 7429
f 7589 7428 7590
f 7471 7366 7606
f 7334 7426 7357
f 7335 7357 7356
f 7616 7446 7445
f 7392 7398 7426
f 7393 7397 7392
f 7342 7394 7393
f 7344 7469 7342
f 7343 7361 7360
f 7360 7344 7343
f 7363 7345 7360
f 7437 7575 7363
f 7582 7437 7639
f 7421 7639 7602
f 7375 7602 7601
f 7599 7375 7601
f 7465 7618 7617
f 7332 7587 7340
f 7447 7335 7445
f 7445 7356 7616
f 7359 7616 7356
f 7636 7442 7359
f 7588 7443 7636
f 7589 7605 7588
f 7590 7606 7589
f 7471 7591 7472
f 7446 7371 7374
f 7371 7372 7374
f 7422 7370 7424
f 7577 7424 7580
f 7536 7580 7533
f 7591 7635 7472
f 7607 7386 7635
f 7543 7494 7527
f 7547 7543 7522
f 7608 7387 7386
f 7387 7416 7385
f 7457 7382 7417
f 7557 7417 7554
f 7559 7554 7553
f 7630 7553 7534
f 7534 7586 7630
f 7466 7337 7599
f 7465 7338 7466
f 7617 7587 7465
f 7341 7617 7343
f 8130 6090 8131
f 6023 8132 8133
f 6182 8133 6784
f 6623 6792 6185
f 6787 6182 6784
f 8134 6696 6787
f 6917 6756 8135
f 6762 7112 6763
f 6762 6184 6759
f 6765 6185 6184
f 6650 6768 6647
f 6772 6916 7259
f 6777 6789 6788
f 6022 6788 8132
f 6756 8134 8135
f 6758 6771 6770
f 6761 6775 7112
f 6769 6621 6766
f 6772 6767 6773
f 6174 6760 6759
f 6187 6178 6670
f 6811 6648 6812
f 6786 6724 6779
f 6791 6918 6885
f 6186 6179 6178
f 6808 8133 8132
f 6884 8135 8134
f 6174 6670 6171
f 6807 6784 8133
f 6791 8132 6788
f 6786 8134 6787
f 6790 6172 6918
f 6649 6792 6650
f 6316 8136 6717
f 8137 6654 8138
f 8139 6601 6160
f 6656 6580 6870
f 6868 8142 6865
f 6316 6711 6313
f 6864 8144 6861
f 6864 8145 6860
f 6868 6869 6710
f 6656 6866 6653
f 8146 8148 8149
f 8139 8151 6640
f 8152 6866 6865
f 8154 8138 6654
f 6874 8156 8157
f 8158 8159 6805
f 8160 6865 8142
f 8161 6313 6711
f 6161 8162 8163
f 8164 6654 6653
f 8153 6653 6866
f 8165 8167 8168
f 8166 8169 8167
f 5989 8170 8169
f 5988 8171 8170
f 8172 6043 6042
f 8174 6032 6035
f 8174 6098 8176
f 8176 6796 8177
f 8177 8178 8179
f 7132 6728 7133
f 6589 8180 7136
f 8180 6004 8181
f 8181 6007 8182
f 6334 6731 6734
f 6079 6645 6731
f 6078 6646 6645
f 6085 8184 6646
f 6091 8185 6093
f 6086 8183 6085
f 6950 7118 7070
f 6952 6992 7127
f 6983 6968 7103
f 6987 7004 7099
f 7001 6979 6978
f 7001 7074 6998
f 7262 7075 7074
f 7264 7127 7075
f 7265 6943 6972
f 7265 6991 6990
f 7266 7070 6991
f 6949 7119 7118
f 7267 6939 7119
f 6983 7099 6940
f 7268 6985 8186
f 7000 8186 6979
f 6938 6985 6984
f 6946 6922 6921
f 6956 6948 6947
f 6971 6928 6927
f 6970 6954 6928
f 6973 6921 6925
f 6977 7263 7105
f 6981 7061 7060
f 6973 7117 6972
f 7097 6979 8186
f 7104 6927 7101
f 6977 7060 6974
f 6976 6944 7263
f 6956 7066 6953
f 6937 8186 6985
f 6938 7101 6935
f 6924 7116 7297
f 6926 7297 7068
f 6930 6962 7304
f 6934 6953 7066
f 6960 6936 6935
f 6963 6928 6954
f 6967 6975 6974
f 7063 7327 7331
f 6959 7096 6936
f 6926 7066 6925
f 7102 7304 7125
f 6967 7331 6964
f 6966 6922 6975
f 7062 7064 7327
f 6963 6932 6961
f 7102 6935 7101
f 7299 7269 8187
f 7301 6932 6931
f 7306 7285 7284
f 7308 6962 6961
f 7315 7284 7309
f 7317 7312 7311
f 7319 6964 7331
f 7322 7297 7116
f 7317 7116 6965
f 7308 7303 7307
f 7326 6958 6957
f 7329 7291 7290
f 7328 7324 7291
f 7301 8187 7302
f 7319 7290 7318
f 7326 7309 7323
f 7272 7321 7275
f 7272 8187 7269
f 7274 7302 8187
f 7281 7307 7303
f 7283 7593 7594
f 7289 7324 7323
f 7293 7330 7294
f 7293 7318 7290
f 7310 7594 7637
f 7314 7595 7320
f 7282 7279 7593
f 7278 7277 7276
f 7314 7270 7311
f 7313 7295 7595
f 7288 7291 7324
f 7289 7637 7286
f 6003 6626 6136
f 6003 7165 6000
f 6690 8189 6691
f 6686 5981 5980
f 6685 6096 5981
f 6687 6806 6096
f 6002 5980 6626
f 6606 5351 5350
f 7164 8190 8191
f 8192 7174 8193
f 6015 8153 8152
f 6189 8155 8154
f 8157 6284 6283
f 6332 8152 8160
f 6593 6317 8161
f 6658 8154 8164
f 6014 8164 8153
f 6332 7131 6333
f 6805 6321 6052
f 6146 8162 6625
f 6607 8195 6604
f 8196 6125 8197
f 8198 7168 8199
f 8199 6633 8200
f 7177 8201 7178
f 8202 8204 8205
f 7208 7185 7205
f 7237 7186 7208
f 6819 7230 7237
f 6818 6824 6819
f 8206 6821 6818
f 8207 8135 8208
f 6917 8209 6916
f 8209 7259 6916
f 8210 6647 7259
f 6812 8212 7258
f 6809 7258 7257
f 6809 8213 6113
f 6113 8214 6110
f 7235 6110 8214
f 7223 7234 6147
f 6147 8215 6148
f 6148 8216 6153
f 8218 6158 8217
f 8219 6116 6119
f 6284 6116 6285
f 6188 8156 8155
f 8155 6873 8138
f 8138 6872 8137
f 8137 8148 6581
f 6193 6281 6190
f 6190 6278 6195
f 8220 8222 8223
f 8224 7139 7138
f 6223 8226 8227
f 6237 8228 8229
f 6238 8227 8230
f 6249 8231 8232
f 6253 8233 8234
f 6236 8221 8228
f 6331 8230 8235
f 6252 8236 8233
f 6222 8229 8226
f 6828 8237 8238
f 6280 8240 8241
f 8208 6883 8206
f 6648 8211 8212
f 6143 8242 8243
f 6624 8244 8242
f 8245 8247 8248
f 8249 8251 8252
f 7195 8254 7196
f 7214 8253 7195
f 8256 7214 7213
f 7243 8257 7244
f 7210 8257 7211
f 8259 6102 8260
f 8261 6121 8262
f 8178 8263 8179
f 7132 8264 8263
f 6797 8265 8264
f 6135 8266 8265
f 6134 8267 8266
f 6151 8268 8267
f 6154 8270 8268
f 8269 8272 8270
f 7194 8273 8274
f 7193 8275 8273
f 8249 8260 8276
f 8248 8278 8245
f 6129 8279 8280
f 7169 8197 6125
f 8198 8192 8197
f 7171 7175 7173
f 6589 7129 6587
f 6801 6040 7129
f 6037 6041 6040
f 6036 6659 6041
f 6131 6118 6659
f 6156 6119 6118
f 8218 6119 6155
f 8219 6815 6642
f 7191 6641 6814
f 8246 7189 7191
f 8245 8281 8282
f 8280 6288 6287
f 6125 7170 7169
f 6288 6602 6123
f 6126 6604 8195
f 8196 6605 6604
f 7174 6691 8189
f 6691 6139 6692
f 7171 8283 7172
f 7172 8284 6142
f 6139 8284 6692
f 8285 8287 8288
f 8211 8289 8286
f 8290 8292 8289
f 8293 8291 8290
f 8293 8208 8295
f 8296 8298 8295
f 6818 8296 8206
f 8285 7258 8212
f 7243 7212 7211
f 7243 8300 8299
f 8301 6739 6738
f 8302 7213 7247
f 8303 7247 6168
f 8304 6168 6167
f 6738 8297 8301
f 8288 6167 6170
f 8304 8291 8305
f 8305 8294 6737
f 6737 8306 8305
f 6736 8307 8306
f 8243 8308 8309
f 8242 8282 8308
f 8247 7191 7190
f 7196 8251 7192
f 8253 8311 8254
f 8255 8310 8253
f 8313 8255 8256
f 7244 8313 8307
f 8313 8258 8312
f 8312 8314 8310
f 8315 8310 8314
f 8311 8316 8252
f 8282 8317 8308
f 8308 8261 8309
f 8309 8262 8318
f 8248 8275 8276
f 8282 8246 8245
f 8307 8256 8302
f 8306 8302 8303
f 8305 8303 8304
f 8298 6737 8294
f 8287 8304 6167
f 7253 7199 7198
f 8319 6028 7199
f 8320 6029 6028
f 8321 7184 6029
f 8322 7185 7184
f 8203 7205 7185
f 8202 7206 7205
f 7239 7210 7209
f 7251 8319 7253
f 7227 8320 8319
f 7217 8321 8320
f 7216 8322 8321
f 7236 8203 8322
f 6175 8200 7204
f 7165 8191 6177
f 6137 7166 6138
f 6200 8283 6137
f 6199 8284 8283
f 8284 6205 6692
f 6205 6689 6692
f 6689 5485 3833
f 7009 8323 7107
f 7013 7021 7020
f 7017 7029 7028
f 7013 7110 7010
f 7073 7084 7089
f 7081 7093 7092
f 7082 7028 7025
f 7088 6995 6994
f 7088 7057 7085
f 7122 7043 7042
f 7124 7024 7126
f 7082 7024 7123
f 7009 7042 7006
f 7012 7126 7021
f 7115 7015 7057
f 7008 7058 8323
f 7081 7120 7078
f 7073 7079 7071
f 6997 7076 7113
f 7023 6942 6941
f 7027 7069 7038
f 7031 6989 6988
f 7079 7033 7032
f 7037 7107 8323
f 7027 7126 7024
f 7041 7029 7114
f 7026 6988 7069
f 7100 6941 7098
f 7108 7002 7019
f 7100 8323 7058
f 6997 7114 6994
f 7022 7039 6942
f 7111 7033 7255
f 7035 7260 7032
f 7261 6996 7260
f 7108 7120 7106
f 7245 8258 7210
f 7246 8314 7245
f 7181 8316 7182
f 8277 6129 8278
f 8278 8280 8281
f 6287 8281 8280
f 6122 8317 6287
f 5487 6144 5488
f 5489 6162 5490
f 6637 8325 8326
f 8326 8225 8224
f 5494 8225 5495
f 6160 8150 8139
f 5496 8151 5497
f 8163 6162 6161
f 6146 8327 8163
f 8243 6144 6143
f 8328 8309 8318
f 8318 5501 5500
f 8262 5502 5501
f 8329 8331 8332
f 8333 8335 8336
f 8338 6007 8337
f 8329 8339 8340
f 8341 6734 8330
f 6006 8337 6007
f 8342 6804 6800
f 6065 8339 8343
f 5995 8341 8340
f 6918 6166 6165
f 7221 6166 6880
f 6172 6880 6166
f 8344 5955 6713
f 5519 5975 5520
f 6806 8346 6695
f 6646 8347 6643
f 8165 8349 6323
f 6322 8131 6090
f 8345 6688 8351
f 6695 5975 5974
f 5976 5528 6713
f 5529 8131 5530
f 6643 8352 8168
f 8183 5532 8184
f 5534 8130 5529
f 6730 5533 8183
f 8351 6093 8185
f 5535 6594 3856
f 8353 6652 6651
f 8354 8355 8356
f 8357 6825 6202
f 8359 6202 6201
f 6224 8356 8360
f 6275 8362 6276
f 6201 7143 8359
f 7146 8359 7143
f 8357 8363 8364
f 8355 8366 8367
f 8361 8368 8362
f 8356 8367 8369
f 8370 8372 7142
f 8220 7145 8374
f 6275 6228 6231
f 5558 6228 6274
f 8375 8367 8366
f 8362 8376 8377
f 8378 8380 8381
f 8363 8382 8383
f 8384 8381 8385
f 8382 8386 8385
f 8383 8364 8363
f 6226 6231 6230
f 6231 8361 6275
f 6636 8389 8379
f 6635 8388 6636
f 8390 5576 5575
f 8379 6232 6636
f 8378 6233 6232
f 8384 8371 6233
f 8372 8393 7141
f 7138 8239 8224
f 8224 8394 8326
f 8146 8394 6282
f 6638 8326 8394
f 6340 6299 6298
f 6747 6577 6576
f 6344 6346 6345
f 6342 6355 6303
f 6353 6349 6297
f 6337 6369 8395
f 6360 6328 6327
f 6358 6386 6385
f 6364 6293 6295
f 6362 6376 6373
f 6366 6297 6296
f 6350 6372 6370
f 6533 6303 6302
f 6534 6346 6343
f 6744 6533 6302
f 6536 6747 6576
f 6357 6894 6386
f 6341 6832 6355
f 6839 6292 6291
f 6837 6380 6379
f 6838 6354 6292
f 6361 6377 6376
f 6363 6296 6293
f 6365 6373 6372
f 6359 6291 6328
f 6836 6385 6380
f 6481 6902 6544
f 6484 6501 6500
f 6477 6487 6474
f 6849 6492 6491
f 6494 6467 6466
f 6547 6544 6543
f 6750 6546 6547
f 6494 6751 6750
f 6843 6500 6846
f 6845 6575 6843
f 6489 6847 6853
f 6474 6491 6490
f 6483 6906 6501
f 6493 6465 6490
f 6471 6544 6902
f 6472 6485 6473
f 6476 6461 6460
f 6470 6542 6545
f 6570 6569 6749
f 6495 6463 6493
f 6475 6462 6461
f 6572 6477 6476
f 6574 6457 6456
f 6569 6543 6545
f 6575 6473 6485
f 6471 6901 6448
f 6469 6508 6513
f 6498 6479 6478
f 6503 6518 6517
f 6489 6505 6486
f 6467 6509 6468
f 6546 6498 6478
f 6549 6752 6753
f 6752 6466 6469
f 6503 6846 6500
f 6850 6844 6846
f 6507 6852 6525
f 6486 6509 6849
f 6502 6909 6518
f 6858 6664 6307
f 8396 6611 6610
f 6833 6324 6216
f 8399 6825 8400
f 6831 8401 8402
f 6707 6826 8399
f 8398 6890 6324
f 6858 8404 6554
f 8405 6610 6876
f 6830 6553 8401
f 8397 6911 6611
f 8400 8358 8365
f 8358 8364 8406
f 8406 8387 8407
f 8389 8380 8379
f 8389 8409 8377
f 8388 8410 8409
f 5575 8410 8390
f 6665 8411 6875
f 8412 6720 6721
f 8413 5601 6720
f 8411 8413 8412
f 6262 6290 6263
f 5602 8414 5604
f 6599 3735 5605
f 7141 7142 8372
f 8393 8241 8240
f 8227 7147 7151
f 8229 8374 7148
f 8230 7151 7153
f 8232 8415 8416
f 8234 8417 8418
f 8221 8374 8228
f 8235 7153 8419
f 8233 8420 8417
f 8226 7148 7147
f 8238 8421 8422
f 7141 8240 7138
f 6581 6655 8137
f 6640 8140 8139
f 6710 8141 6868
f 6717 6712 6316
f 6860 8143 6864
f 6870 6867 6656
f 6717 6726 6714
f 6870 6192 6115
f 6860 6050 6059
f 6710 6025 6024
f 6639 6871 8140
f 6640 8324 6637
f 6581 8147 6193
f 5615 6234 8370
f 7144 8374 7145
f 7144 6210 7149
f 7150 6210 6209
f 7152 6209 6329
f 7152 8419 7153
f 7154 8421 8419
f 7158 8415 8422
f 7160 8420 8416
f 7162 8418 8417
f 7161 5616 8418
f 8370 6233 8371
f 8373 7146 7145
f 8392 8386 8223
f 8391 8372 8371
f 5617 6713 5528
f 5973 3355 5972
f 8345 5619 8346
f 3880 6910 5621
f 8351 5620 8345
f 8346 5520 5975
f 5621 6911 5623
f 5622 8185 5534
f 8150 5497 8151
f 8423 8425 8426
f 8427 6519 8428
f 8429 8431 8432
f 6523 8433 6526
f 8434 8436 8437
f 8438 8434 8439
f 8438 6511 6528
f 8441 8424 8423
f 8427 8430 8429
f 8444 8445 8446
f 8447 8424 8448
f 8449 8444 8450
f 8451 8430 8452
f 8453 8454 8455
f 8456 8437 8453
f 8439 8456 8457
f 8448 8442 8458
f 8452 8443 8449
f 8425 8459 8446
f 8460 8462 8463
f 8464 8466 8467
f 8468 8470 8471
f 8472 8474 8475
f 8476 8478 8479
f 8480 8482 8483
f 8484 8486 8487
f 8485 8489 8486
f 8490 8481 8480
f 8492 8494 8495
f 8495 8496 8497
f 8498 8500 8501
f 8502 8500 8503
f 8504 8506 8507
f 8508 8510 8511
f 8513 8511 8512
f 8507 8514 8515
f 8516 8518 8519
f 8520 8516 8521
f 8522 8524 8525
f 8526 8522 8525
f 8528 8530 8531
f 8532 8529 8533
f 8534 8536 8537
f 8538 8534 8537
f 8464 8481 8465
f 8483 8541 8480
f 8542 8484 8467
f 8487 8540 8483
f 8488 8542 8544
f 8545 8486 8489
f 8481 8466 8465
f 8547 8489 8490
f 8548 8493 8471
f 8549 8502 8492
f 8551 8494 8548
f 8497 8552 8495
f 8469 8499 8470
f 8547 8497 8498
f 8469 8503 8500
f 8501 8550 8545
f 8460 8507 8461
f 8552 8506 8505
f 8554 8510 8463
f 8549 8505 8509
f 8554 8512 8511
f 8513 8550 8508
f 8461 8515 8462
f 8557 8513 8514
f 8558 8519 8479
f 8559 8527 8518
f 8521 8558 8561
f 8553 8517 8520
f 8477 8524 8478
f 8520 8557 8553
f 8476 8525 8477
f 8527 8556 8522
f 8563 8528 8475
f 8564 8531 8565
f 8533 8563 8566
f 8562 8530 8532
f 8473 8536 8474
f 8559 8532 8535
f 8472 8537 8473
f 8560 8539 8564
f 8463 8555 8554
f 8544 8467 8466
f 8470 8548 8471
f 8475 8566 8563
f 8479 8561 8558
f 8484 8483 8482
f 8490 8488 8491
f 8503 8492 8502
f 8498 8496 8499
f 8504 8509 8505
f 8515 8513 8512
f 8519 8527 8526
f 8521 8523 8520
f 8528 8539 8538
f 8533 8535 8532
f 8467 8482 8464
f 8487 8546 8543
f 8544 8491 8488
f 8480 8547 8490
f 8493 8468 8471
f 8495 8549 8492
f 8551 8499 8496
f 8501 8547 8498
f 8460 8510 8504
f 8508 8549 8509
f 8555 8515 8512
f 8506 8557 8514
f 8519 8476 8479
f 8517 8559 8518
f 8561 8524 8521
f 8522 8557 8523
f 8475 8538 8472
f 8567 8531 8530
f 8566 8536 8533
f 8560 8535 8534
f 8442 8568 8569
f 6512 8568 6754
f 8570 8571 8572
f 8426 6514 8423
f 8428 8443 8427
f 6522 8432 6523
f 8437 8433 8454
f 6524 8435 6527
f 6528 8435 8438
f 8423 6550 8441
f 8429 6516 8427
f 6515 8445 6908
f 8441 6754 8568
f 8570 8569 8568
f 8440 6512 6511
f 8569 8458 8442
f 8574 8572 8571
f 8572 8573 8569
f 8453 8577 8456
f 8576 8455 8578
f 8452 8580 8451
f 8573 8582 8458
f 8575 8581 8573
f 8584 8575 8574
f 8571 8457 8574
f 8439 8440 8438
f 8585 8587 8588
f 8587 8590 8588
f 8589 8592 8590
f 8591 8594 8592
f 8593 8596 8594
f 8595 8598 8596
f 8599 8586 8585
f 8601 8600 8599
f 8603 8602 8601
f 8605 8598 8597
f 8607 8604 8603
f 8609 8608 8607
f 8611 8610 8609
f 8606 8612 8611
f 8613 8589 8587
f 8614 8591 8589
f 8615 8593 8591
f 8616 8595 8593
f 8617 8597 8595
f 8619 8617 8616
f 8620 8618 8617
f 8620 8623 8621
f 8624 8626 8627
f 8626 8622 8627
f 8620 8628 8622
f 8622 8629 8627
f 8627 8630 8624
f 8632 8634 8631
f 8636 8633 8635
f 8637 8636 8635
f 8639 8632 8640
f 8633 8641 8635
f 8635 8642 8637
f 8642 8644 8637
f 8645 8637 8644
f 8586 8613 8587
f 8600 8646 8586
f 8616 8648 8619
f 8615 8649 8648
f 8613 8649 8614
f 8651 8613 8646
f 8647 8651 8646
f 8652 8654 8651
f 8602 8647 8600
f 8655 8652 8647
f 8656 8653 8652
f 8653 8659 8654
f 8658 8661 8659
f 8644 8663 8645
f 8664 8662 8665
f 8661 8666 8659
f 8666 8654 8659
f 8667 8651 8654
f 8668 8597 8618
f 8669 8618 8621
f 8670 8621 8623
f 8671 8623 8626
f 8671 8625 8672
f 8625 8673 8672
f 8636 8675 8634
f 8638 8674 8636
f 8645 8676 8638
f 8645 8678 8677
f 8679 8660 8658
f 8657 8658 8653
f 8583 8648 8649
f 8650 8583 8649
f 8667 8581 8650
f 8666 8582 8667
f 8664 8681 8666
f 8682 8665 8683
f 8684 8643 8642
f 8684 8641 8579
f 8639 8579 8641
f 8580 8640 8578
f 8629 8576 8630
f 8604 8655 8602
f 8608 8686 8604
f 8610 8687 8608
f 8612 8688 8610
f 8605 8689 8612
f 8690 8668 8669
f 8691 8689 8690
f 8692 8688 8691
f 8693 8687 8692
f 8656 8686 8693
f 8694 8669 8670
f 8695 8690 8694
f 8696 8691 8695
f 8697 8692 8696
f 8657 8693 8697
f 8697 8679 8657
f 8696 8698 8697
f 8696 8700 8699
f 8694 8700 8695
f 8670 8701 8694
f 8702 8671 8672
f 8701 8703 8700
f 8703 8699 8700
f 8699 8705 8698
f 8698 8680 8679
f 8672 8706 8702
f 8675 8707 8708
f 8674 8709 8707
f 8709 8677 8710
f 8677 8711 8710
f 8712 8710 8711
f 8702 8714 8703
f 8713 8714 8715
f 8707 8716 8717
f 8717 8713 8715
f 8710 8716 8709
f 8708 8717 8715
f 8546 8599 8543
f 8546 8603 8601
f 8550 8603 8545
f 8556 8607 8550
f 8560 8609 8556
f 8564 8611 8560
f 8565 8606 8564
f 8565 8596 8598
f 8567 8594 8596
f 8562 8592 8594
f 8553 8590 8592
f 8590 8541 8588
f 8540 8588 8541
f 8543 8585 8540
f 8684 8450 8685
f 8579 8449 8684
f 8682 8448 8681
f 8447 8683 8459
f 8681 8458 8582
f 8628 8619 8718
f 8584 8619 8648
f 8628 8577 8629
f 8457 8577 8718
f 8574 8718 8584
f 7134 6919 7135
f 6164 6919 6783
f 5485 6609 5921
f 3832 8188 6690
f 5921 6221 3354
f 5922 7128 6607
f 6439 8720 6440
f 8720 6570 6749
f 6570 8721 6464
f 6439 8721 8719
f 6727 6057 6312
f 6312 6073 6247
f 6828 6073 6072
f 6877 6267 6745
f 6745 6299 6744
f 6891 6305 6889
f 6338 6746 6339
f 6438 6410 6435
f 6412 6440 6748
f 6564 6424 6565
f 6842 6577 8395
f 6889 6829 7156
f 6579 6564 6563
f 6435 6565 6424
f 8722 6306 6891
f 8723 6058 6727
f 6269 6878 6879
f 7160 6829 6598
f 8724 8143 8725
f 8238 6248 6828
f 6339 6744 6299
f 8395 6338 6337
f 6879 8404 8726
f 8422 8231 8238
f 8725 6859 8723
f 8416 7157 7160
f 6059 6049 6056
f 6330 6049 6048
f 7156 6259 6889
f 6269 6264 6266
f 6297 6264 6241
f 6340 6351 6337
f 6368 8395 6369
f 6422 6559 6423
f 6436 6404 6437
f 6447 6438 6437
f 6424 6436 6435
f 6331 6099 6330
f 6422 6842 6368
f 8722 6856 8726
f 8141 6862 8142
f 6265 6617 6242
f 6324 6259 6258
f 7158 6260 7156
f 6709 6863 8141
f 8235 6827 6331
f 6298 6352 6340
f 6370 6351 6350
f 6891 8403 8722
f 8419 8237 8235
f 6051 8145 6709
f 8422 7155 7158
f 8721 6446 6464
f 6748 8720 6749
f 8727 6011 8194
f 8158 8144 8724
f 6009 6861 8144
f 6008 6862 6861
f 8142 8727 8160
f 6554 6893 6858
f 6833 6708 8398
f 6708 8403 8398
f 5623 6892 4042
f 8406 8365 8358
f 8407 8366 8406
f 8377 8408 8389
f 8397 6530 6529
f 6651 8400 8353
f 8402 6616 6615
f 6618 8399 6651
f 6554 6878 6551
f 8396 6854 6530
f 8401 6552 6616
f 6892 6529 6743
f 8353 8365 8355
f 8377 6276 8362
f 8409 6277 6276
f 8410 5932 6277
f 8726 6857 8722
f 8726 6855 6879
f 7234 6106 8215
f 8279 6127 6288
f 8354 6227 6652
f 6246 6619 6289
f 8239 6282 8394
f 8162 6286 6625
f 6292 6246 6289
f 6382 6377 6379
f 6392 6396 6393
f 6396 6427 6428
f 6398 6443 6459
f 6459 6458 6460
f 6525 6523 6526
f 6558 6271 6555
f 6429 6560 6561
f 6460 6572 6476
f 6272 3736 3735
f 7128 6602 8195
f 6227 6244 6652
f 7180 6634 6103
f 6642 6285 8219
f 6356 6740 6614
f 6816 8218 8217
f 6820 8301 6817
f 6355 6741 6356
f 6344 6834 6341
f 6364 6840 6361
f 6375 6560 6415
f 6848 6488 6477
f 6853 6506 6489
f 6530 6740 6531
f 8140 6874 6601
f 6555 6831 6876
f 8215 6881 8216
f 6348 6894 6345
f 6383 6896 6417
f 6433 6896 6420
f 6432 6898 6390
f 6406 6898 6407
f 6900 6387 6899
f 6900 6448 6901
f 6472 6903 6482
f 6480 6903 6902
f 6497 6906 6479
f 6908 6518 6909
f 4280 6120 6603
f 6100 7170 6128
f 6632 7188 8201
f 7235 7201 7200
f 7206 7212 7207
f 8213 7232 7231
f 8214 7231 7201
f 6108 7200 7203
f 7238 8300 6820
f 7207 8299 7238
f 8205 7240 8202
f 6170 7232 7256
f 6638 8149 6639
f 6601 8157 6600
f 6600 6283 8162
f 8392 8222 8393
f 6278 8241 6279
f 6816 8274 6813
f 6642 6814 6641
f 6128 6124 8279
f 8195 6127 6126
f 8212 8286 8285
f 8292 8286 8289
f 8290 8210 8209
f 8207 8290 8209
f 8294 8295 8298
f 8206 8295 8208
f 6817 8297 8296
f 8288 7256 8285
f 7209 7240 7239
f 6225 8360 8361
f 8369 8360 8356
f 8375 8368 8369
f 8381 8387 8383
f 8385 8383 8382
f 8385 8391 8384
f 8147 6282 6281
f 6345 6835 6344
f 6327 6834 6360
f 6295 6841 6364
f 6379 6840 6837
f 6853 6845 6844
f 6479 6905 6480
f 6848 6571 6573
f 6452 6904 6472
f 6525 6851 6520
f 6496 6907 6497
f 8402 6876 6831
f 8408 8387 8380
f 6279 8222 8221
f 6872 8149 8148
f 8223 8373 8220
f 6526 8436 6524
f 8446 8426 8425
f 8455 8431 8451
f 8446 8450 8444
f 8454 8432 8431
f 6908 8428 6519
f 8578 8451 8580
f 8632 8625 8624
f 8640 8624 8630
f 8660 8662 8661
f 8662 8643 8665
f 8675 8631 8634
f 8680 8663 8660
f 8683 8643 8685
f 8578 8630 8576
f 8673 8708 8706
f 8678 8705 8711
f 8711 8704 8712
f 8706 8715 8714
f 8703 8712 8704
f 8459 8685 8450
f 8407 8376 8375
f 6615 8405 8402
f 5993 6335 5994
f 6060 6018 5991
f 5993 6081 6080
f 6105 6176 6702
f 6177 6000 7165
f 6309 6310 6251
f 8725 6314 8724
f 8724 6318 8158
f 6321 6053 6052
f 6249 6310 6247
f 6596 6257 6597
f 8188 6605 8189
f 5986 6682 6060
f 6714 6311 6309
f 6047 6086 6081
f 6875 6304 6665
f 6001 6912 5983
f 7162 6597 6257
f 7254 6912 6704
f 6684 7163 7254
f 8723 6315 8725
f 6592 6318 6317
f 8332 8171 8728
f 6607 5350 5922
f 8191 8198 8199
f 8197 8193 8196
f 8159 6319 6321
f 8232 6595 6249
f 8192 7173 7175
f 8189 8193 7174
f 6177 8199 6175
f 6733 8330 6734
f 8340 8330 8329
f 8341 6335 6334
f 8412 6875 8411
f 8414 6273 6599
f 8416 8236 8232
f 6727 8136 8723
f 8417 7159 7162
f 6277 5558 6274
f 5935 6635 6235
f 5991 6061 6060
f 6019 6682 6681
f 5999 6033 5996
f 6045 6677 6680
f 6055 6083 7130
f 5995 6063 5992
f 6084 6053 6046
f 6088 5989 8166
f 6063 6046 5992
f 6066 6034 5999
f 6103 7181 7180
f 6673 6133 6132
f 6149 6153 6152
f 6323 8166 8165
f 6585 6083 6082
f 6630 6702 6176
f 6634 7168 7167
f 6676 6152 6133
f 6703 6628 7248
f 6796 6728 8178
f 6069 6097 6066
f 6132 6674 6673
f 6803 6800 6804
f 6011 6055 7130
f 6799 6582 6585
f 7194 6881 6882
f 7131 6583 6333
f 6798 6913 6674
f 7179 8204 7236
f 7183 7246 7242
f 7188 7242 7241
f 6109 7192 6882
f 7204 6176 6175
f 7219 6628 6627
f 7218 7248 6628
f 7179 6627 7176
f 7250 6704 6703
f 7228 7249 7248
f 6678 7249 6679
f 5997 7251 5998
f 8168 6644 6643
f 8167 6732 6644
f 8169 6733 6732
f 8170 8331 6733
f 8336 8173 8172
f 8182 8175 8174
f 8182 8176 8181
f 8181 8177 8180
f 8180 8179 7136
f 7133 6590 6913
f 7130 8194 6011
f 8200 6632 7177
f 7178 8205 8204
f 8269 6153 8216
f 8254 8252 8251
f 8260 6101 8277
f 8179 6802 7136
f 8263 6038 6802
f 8264 6039 6038
f 8265 6130 6039
f 8266 6157 6130
f 8267 6158 6157
f 8268 8217 6158
f 8270 6816 8217
f 6813 8273 7190
f 8273 8247 7190
f 8276 8277 8248
f 7192 8250 7193
f 8252 8259 8249
f 8276 8250 8249
f 7204 7177 7176
f 7182 8315 7246
f 8343 8334 8333
f 8333 8342 8343
f 8343 6800 6065
f 8340 6064 5995
f 6323 8350 6322
f 8168 8348 8165
f 8349 5936 8350
f 8352 5938 8348
f 6103 7167 6100
f 8271 8216 6881
f 8201 7241 8205
f 8274 8271 7194
f 5991 6017 5988
f 8728 6017 6016
f 5997 6680 6679
f 5996 6045 6680
f 6033 6042 6045
f 6042 8175 8172
f 8172 8338 8336
f 8336 8337 8333
f 6684 6677 6681
f 6681 6044 6019
f 6019 6043 6016
f 6016 8173 8728
f 8728 8335 8332
f 8332 8334 8329
f 8194 8160 8727
f 6805 6009 8158
f 5940 7137 6719
f 8324 5942 8325
f 8325 5495 8225
f 6253 4292 6250
f 7137 5944 6715
f 8348 5937 8349
f 8350 5530 8131
f 5624 6159 5489
f 6718 5940 6719
f 8327 5490 6162
f 8347 5939 8352
f 5933 6121 6120
f 8184 5946 8347
f 7142 5615 8370
f 6145 5945 8327
f 8234 5943 6253
f 8328 5488 6144
f 8318 5948 8328
f 7139 4299 7140
f 8418 5947 8234
f 5604 6599 5605
f 5949 6712 6716
f 5944 6716 6715
f 6720 5950 6255
f 6255 4322 6256
f 5614 6235 6234
f 6711 5951 8161
f 8161 3857 6593
f 5973 2965 3013
f 2965 5963 222
f 222 5960 223
f 223 5958 3186
f 5958 3185 3186
f 5957 2977 3185
f 5970 1213 2977
f 5967 1214 1213
f 2532 5966 5953
f 2894 5953 5952
f 2871 5952 8344
f 5510 5721 5509
f 5822 5824 5823
f 3511 3844 3735
f 3887 3889 3888
f 3876 3878 3877
f 3356 3911 3909
f 3372 3390 3391
f 3849 3851 3850
f 3481 3867 3866
f 3873 3385 3382
f 3875 3450 3452
f 3915 3865 3862
f 3657 3671 3656
f 5618 3013 2152
f 1997 1889 1892
f 1237 744 855
f 1535 120 121
f 1531 201 214
f 1119 1032 984
f 946 824 947
f 163 5 162
f 9041 9175 9193
f 1155 1162 1164
f 427 327 424
f 553 796 498
f 8732 2231 2237
f 8732 2230 2232
f 2237 3180 8732
f 8734 8736 8733
f 8735 8738 8736
f 8737 8740 8738
f 8739 8742 8740
f 8743 8745 8746
f 8746 8747 8748
f 8749 8748 8747
f 8751 8750 8749
f 8754 8756 8753
f 8757 8755 8754
f 8759 8758 8757
f 8761 8760 8759
f 8763 8762 8761
f 8766 8749 8765
f 8765 8747 8767
f 8767 8745 8768
f 8768 8744 8769
f 8744 8771 8769
f 8770 8772 8771
f 8741 8773 8772
f 8739 8774 8773
f 8737 8775 8774
f 8735 8776 8775
f 8776 8777 3184
f 2904 8779 2947
f 8780 2904 2902
f 8781 2902 2876
f 2875 8781 2876
f 8783 2733 2736
f 2825 8786 2824
f 8788 8790 8787
f 8792 8787 8791
f 2724 8785 2825
f 8787 3115 3117
f 8791 3117 3119
f 8794 8765 8793
f 8793 8767 8795
f 8795 8768 8796
f 8796 8769 8797
f 8797 8771 8798
f 8771 8799 8798
f 8772 8800 8799
f 8773 8801 8800
f 8774 8802 8801
f 8775 8803 8802
f 8776 3056 8803
f 8802 2253 2252
f 8801 2252 1727
f 8800 1727 2150
f 8799 2150 1941
f 8804 8799 1941
f 8805 8798 8804
f 8806 8797 8805
f 8807 8796 8806
f 8793 8807 8808
f 8794 8808 8809
f 8810 8809 8808
f 8808 8806 8810
f 8810 8805 8812
f 8813 8810 8812
f 8812 8804 8814
f 8815 8812 8814
f 8814 1941 1360
f 8755 8752 8756
f 8758 8750 8755
f 8760 8748 8758
f 8762 8746 8760
f 8816 8764 8763
f 8818 8820 8817
f 8816 8782 8784
f 8821 8817 8816
f 8789 8783 8786
f 8818 8789 8788
f 8819 8788 8792
f 8822 8819 8823
f 8823 8792 8824
f 8824 8791 2712
f 2712 3119 3128
f 8826 8823 8825
f 8825 8824 8827
f 8827 2712 2711
f 8828 2711 2400
f 8829 8827 8828
f 8830 8825 8829
f 8743 8764 8831
f 8817 8831 8764
f 8770 8743 8831
f 8741 8831 8742
f 8820 8742 8831
f 8740 8822 8826
f 8738 8826 8830
f 8736 8830 8832
f 8833 2400 2402
f 8834 8828 8833
f 8832 8829 8834
f 8835 2402 2707
f 3058 2707 2708
f 3061 8835 3058
f 8836 8833 8835
f 8733 8832 8837
f 8837 8834 8836
f 8777 8733 8838
f 8838 8837 1962
f 8837 3061 1962
f 1961 8838 1962
f 3057 8777 8838
f 8779 8753 8839
f 8778 8754 8779
f 8780 8757 8778
f 8781 8759 8780
f 8782 8761 8781
f 8821 8784 8783
f 8785 8789 8786
f 2723 8790 8785
f 2875 8784 8782
f 2736 8786 8783
f 2947 8839 8944
f 8815 1360 8941
f 1900 1924 1901
f 1736 1718 1750
f 1955 1943 1956
f 1671 1735 1751
f 1696 1698 1692
f 1800 1864 1801
f 2063 2056 2060
f 1737 1717 1736
f 1751 1697 1695
f 943 9351 684
f 9108 8753 9057
f 1577 1764 1703
f 9369 1599 9375
f 1945 82 1944
f 68 7 248
f 147 1543 148
f 1109 1133 1102
f 1503 1907 1908
f 1499 1909 1498
f 452 735 215
f 1824 9287 9297
f 1825 2068 1824
f 1463 1022 1194
f 841 1009 1011
f 1568 1955 1534
f 1926 1927 1923
f 1910 1502 1939
f 1939 422 442
f 309 1940 308
f 1804 1866 1803
f 269 1954 56
f 2065 2060 2056
f 9264 1758 9287
f 280 552 1940
f 1875 1869 1874
f 1739 1734 1737
f 5923 5899 5924
f 1778 1790 1788
f 310 1915 279
f 1909 1906 1954
f 1789 1778 1788
f 978 980 979
f 1584 1731 1583
f 425 311 312
f 148 115 116
f 2044 9346 2046
f 277 1939 551
f 1943 1945 1944
f 1461 1463 1464
f 2253 3056 3055
f 2981 8927 958
f 2209 8927 3055
f 2254 3055 8927
f 2998 958 8927
f 2826 2721 2724
f 8928 2721 2817
f 2816 8928 2817
f 2334 2296 2335
f 2298 2334 2336
f 2301 2336 2338
f 2311 2338 2354
f 2312 2354 2355
f 2359 2361 2360
f 2335 2359 2360
f 2414 2365 2364
f 2413 2361 2365
f 2355 2540 2541
f 2541 2539 2542
f 2722 2739 2738
f 3114 2738 3113
f 3110 3121 3120
f 3108 3120 3113
f 3122 3127 3126
f 3112 3126 3121
f 3127 1753 3135
f 3139 2529 2542
f 9196 3133 3139
f 8928 2740 2739
f 8929 2789 8928
f 228 91 88
f 245 243 242
f 248 247 191
f 2 296 295
f 145 300 267
f 327 210 328
f 329 331 330
f 250 228 236
f 239 240 230
f 373 375 374
f 178 176 175
f 1218 1228 1321
f 9314 1295 9306
f 808 824 823
f 9310 1013 1014
f 9265 1411 1413
f 2154 2159 2160
f 9297 1758 1757
f 306 1922 452
f 2157 1976 1977
f 708 2031 1474
f 1450 1227 1428
f 1672 1605 1624
f 1813 1821 1816
f 1717 1715 1718
f 176 402 347
f 1710 9368 9367
f 1712 1577 1711
f 1705 1711 1704
f 3435 3475 3434
f 971 979 970
f 822 1094 1102
f 2909 2793 2792
f 2810 2795 2793
f 2799 2249 2800
f 9114 2910 2799
f 2769 2801 2795
f 3177 3178 3179
f 3178 3180 3179
f 3181 1393 2800
f 3181 1632 3182
f 3182 2244 3183
f 3183 2243 3180
f 8932 2790 8929
f 2808 8929 2816
f 2239 9016 2240
f 1149 9015 9014
f 1150 9011 9015
f 2202 9010 2015
f 2921 9009 2923
f 9012 2133 2928
f 1777 1759 1792
f 1201 1183 1184
f 9005 2195 2194
f 8997 2770 2768
f 9379 1687 1692
f 1516 154 503
f 8993 2974 2803
f 8994 2779 2778
f 2771 9019 8990
f 3070 8990 9002
f 8991 2775 2867
f 1376 1370 1372
f 2767 9000 2206
f 2195 8987 2767
f 2775 8986 2776
f 8344 8989 2871
f 9256 8983 2806
f 2776 8982 2805
f 2240 8979 2920
f 2920 9121 9071
f 8992 2786 2779
f 1805 1851 1804
f 8978 2787 2786
f 2951 8984 8975
f 2772 8975 9019
f 2973 8974 8980
f 2224 8981 8974
f 1957 320 510
f 306 304 303
f 2770 8972 2913
f 2913 9018 2239
f 2923 8971 2922
f 308 431 47
f 207 132 543
f 1879 1881 1880
f 9185 8969 2089
f 2475 9002 8968
f 2476 8968 8967
f 2223 8967 8981
f 8966 2803 2802
f 2037 11 1950
f 1959 450 505
f 2003 8964 2129
f 9 334 540
f 2009 8962 9011
f 2008 8980 8962
f 9329 673 9331
f 8959 2778 2784
f 2935 8957 2936
f 111 9014 8955
f 3238 3341 3237
f 8954 2935 2938
f 683 9337 943
f 8952 2810 2909
f 736 732 729
f 1795 1803 1796
f 8949 2938 2939
f 8951 2939 2940
f 2950 8948 2949
f 2940 8948 8951
f 9253 8956 2950
f 2868 8946 2869
f 2869 8966 2802
f 1024 1023 1020
f 8944 2948 2947
f 551 442 443
f 2972 9012 2928
f 2032 8943 2972
f 216 1924 1923
f 3532 3482 3533
f 203 201 200
f 3539 3541 3540
f 1828 1847 1837
f 1958 449 450
f 272 178 175
f 2871 8939 1361
f 9071 9008 2921
f 2801 9095 9114
f 2005 9106 2176
f 960 899 962
f 9109 9064 9076
f 9232 9098 3151
f 3151 9045 2555
f 2193 9075 2194
f 9059 3145 3144
f 9055 2761 3145
f 9044 3144 3104
f 2926 9086 3103
f 9086 3104 3103
f 9207 9198 9205
f 566 9210 2005
f 8839 1864 8944
f 1602 2079 2078
f 2868 9063 2922
f 2922 9062 2923
f 2923 9070 2921
f 9122 2918 9066
f 9071 9066 2920
f 2921 9122 9071
f 2920 9038 2240
f 9065 2915 2918
f 2917 9074 9093
f 2916 9093 9094
f 2239 9104 2913
f 2911 9104 2757
f 9095 2911 2910
f 2797 9114 9043
f 2797 9050 2750
f 9074 2763 2765
f 9060 2764 2745
f 2194 9100 2221
f 2221 9101 2222
f 2756 9061 2755
f 2750 9061 2747
f 9121 1817 9279
f 9215 1691 1699
f 2515 9042 2548
f 2548 9045 2550
f 2513 9084 9068
f 2513 9073 2515
f 2509 9072 2289
f 2510 9085 2509
f 2289 9091 2283
f 2283 9069 2286
f 2240 9039 2239
f 9111 9076 9078
f 716 9339 9340
f 727 9213 1923
f 2165 2170 2164
f 9112 9078 9081
f 9195 9030 9209
f 2175 769 770
f 2100 2095 2099
f 9210 9209 9030
f 640 9012 1826
f 1653 8997 1651
f 1895 8974 746
f 746 8981 741
f 1653 8972 9020
f 9214 1604 1672
f 2093 2073 2078
f 959 995 884
f 962 919 986
f 1400 1398 1399
f 1000 1127 1004
f 956 884 885
f 1662 8994 1661
f 2034 8990 1654
f 9378 8983 9254
f 8979 766 1817
f 9016 765 766
f 334 9015 335
f 1868 8984 1656
f 1684 1652 1678
f 1682 775 1807
f 1585 9214 1700
f 9215 1672 1673
f 2173 490 491
f 1658 8991 1752
f 9000 1650 724
f 1571 2010 1572
f 1587 9123 2080
f 2099 2077 2094
f 787 1999 786
f 2000 786 1999
f 3155 9149 9135
f 9165 9135 9241
f 2180 9137 9136
f 8940 9136 9157
f 1684 9292 1651
f 1760 8939 8989
f 2607 9145 2590
f 2581 9141 2607
f 2371 9152 9147
f 2371 9145 2372
f 2587 9127 2586
f 2586 9149 339
f 2497 9139 2503
f 2502 9139 9152
f 2494 9142 2495
f 9142 2472 2495
f 9140 2468 2472
f 9153 2469 2468
f 726 9344 630
f 581 8962 580
f 10 9014 334
f 1837 8954 1849
f 741 8967 1300
f 1299 9002 2034
f 1851 8948 1866
f 8971 1820 1819
f 580 8980 1895
f 1758 8966 8946
f 1693 8952 1806
f 8948 1867 1866
f 1894 9012 8943
f 2126 9265 9293
f 9358 9293 9364
f 2113 9319 2110
f 2179 9241 9137
f 624 9356 623
f 2192 9240 9232
f 2177 9239 9185
f 1364 9285 1338
f 9310 1470 1453
f 3135 9227 9196
f 2069 9287 2068
f 1351 9305 1352
f 2108 9353 499
f 2089 9188 9185
f 9280 1358 866
f 2001 9235 2187
f 2187 9171 2091
f 2130 9204 2004
f 2004 9201 2001
f 2014 9231 2201
f 2201 9208 2130
f 3167 9211 2969
f 3168 9172 3167
f 3159 9216 3160
f 3160 9217 3081
f 9182 3158 337
f 3158 9161 3159
f 2200 9182 9174
f 9137 9194 2204
f 9174 2197 2200
f 9242 2092 9173
f 9226 9173 2197
f 3154 9242 9226
f 3155 9158 3154
f 2091 9173 2092
f 2196 9202 9228
f 2193 9228 9233
f 9056 9233 9240
f 2086 9232 9230
f 2087 9230 9229
f 2204 9203 2205
f 2205 9202 3148
f 9361 574 692
f 2124 9229 9212
f 2208 9212 9234
f 9163 3140 3137
f 9237 3138 3140
f 9197 3139 3138
f 9223 3136 2322
f 9164 3137 3136
f 9227 3131 3133
f 9219 3132 3131
f 1813 9290 1814
f 1293 9308 1344
f 2184 9200 9184
f 2181 9184 9186
f 9217 3079 3081
f 9220 3080 3079
f 709 9327 2031
f 2774 9189 9221
f 9238 2134 9003
f 9261 766 765
f 2968 9218 2959
f 2969 9236 2968
f 2958 9189 2961
f 2132 9218 2960
f 2321 9223 9200
f 9312 1449 28
f 9357 582 710
f 9338 577 574
f 9299 1818 9279
f 705 9339 2121
f 9268 9359 698
f 2111 9363 2113
f 9262 1366 1411
f 1812 9274 1815
f 675 9304 674
f 8940 9303 675
f 2110 9320 2109
f 2104 9353 2106
f 2109 9351 944
f 9294 703 739
f 1680 9298 1684
f 1639 9271 9270
f 623 9358 697
f 2139 9318 9317
f 1808 9296 9289
f 9272 1819 1820
f 9324 9352 706
f 1646 9282 1648
f 9341 633 577
f 2139 9327 18
f 2156 9323 9326
f 674 9365 9321
f 2117 9264 2069
f 1815 9299 9275
f 9307 1444 1470
f 697 9364 9268
f 866 9288 9280
f 9316 2136 2135
f 9037 9178 9041
f 9035 9183 9037
f 9205 9190 9191
f 9192 9033 9195
f 1088 9198 1093
f 9191 9195 9205
f 2791 8933 2792
f 8932 2807 8933
f 2792 8934 2909
f 8933 2806 8934
f 8952 8934 8960
f 8960 2806 8983
f 2948 9243 9253
f 2105 9348 2104
f 8982 9256 2805
f 680 9328 683
f 1891 9362 9343
f 2905 9253 2950
f 2900 9251 2905
f 2901 9259 2877
f 2734 9258 9246
f 2877 9258 2878
f 2820 9246 2872
f 2818 9244 2827
f 2823 9244 2826
f 2822 9250 2821
f 2819 9252 9250
f 2817 9247 2816
f 2809 9247 2815
f 2808 9255 2807
f 2805 9255 2804
f 1702 9375 1599
f 9374 1797 1802
f 9367 1706 1709
f 9370 1692 1698
f 1657 9332 1879
f 1890 9347 9362
f 9224 1674 1675
f 1689 9224 9225
f 9378 8982 1688
f 8960 1689 9225
f 9369 1703 1764
f 1598 9380 1770
f 9332 1876 1879
f 1691 9377 9379
f 9377 1688 1687
f 1117 1118 9382
f 1066 1322 9382
f 1243 847 9382
f 9277 848 9382
f 1128 1117 9382
f 1129 1130 9382
f 841 1011 9382
f 1230 9315 9382
f 1242 1243 9382
f 1322 1229 9382
f 1064 1065 9382
f 1003 1128 9382
f 1229 1230 9382
f 9315 1285 9382
f 1285 1288 9382
f 848 839 9382
f 847 9277 9382
f 1118 1129 9382
f 1065 1066 9382
f 1087 1086 9382
f 1008 1002 9382
f 1011 1008 9382
f 1002 1003 9382
f 1076 1069 9382
f 838 841 9382
f 839 838 9382
f 1288 1242 9382
f 1130 1087 9382
f 1086 1076 9382
f 1069 1064 9382
f 2410 2414 9383
f 2411 2410 9383
f 9069 2285 9383
f 2394 2393 9383
f 2393 2396 9383
f 2281 2286 9383
f 2282 2280 9383
f 2398 2399 9383
f 2465 2464 9383
f 2396 2397 9383
f 2470 2469 9383
f 2399 2416 9383
f 2480 2395 9383
f 2459 2480 9383
f 2369 2282 9383
f 2460 2459 9383
f 2415 2411 9383
f 2416 2415 9383
f 2364 2363 9383
f 2286 9069 9383
f 2464 2470 9383
f 2469 9155 9383
f 2285 2465 9383
f 2414 2364 9383
f 2395 2394 9383
f 2363 2367 9383
f 2397 2398 9383
f 2280 2281 9383
f 9155 2460 9383
f 2367 2369 9383
f 9386 9389 9390
f 9386 9391 9387
f 9384 9389 9385
f 9390 9395 9391
f 9389 9392 9393
f 9389 9394 9390
f 9394 9399 9395
f 9393 9396 9397
f 9394 9397 9398
f 9399 9402 9403
f 9396 9401 9397
f 9397 9402 9398
f 9402 9407 9403
f 9401 9404 9405
f 9402 9405 9406
f 9407 9410 9411
f 9405 9408 9409
f 9405 9410 9406
f 9411 9414 9415
f 9409 9412 9413
f 9410 9413 9414
f 9414 9419 9415
f 9412 9417 9413
f 9413 9418 9414
f 9418 9423 9419
f 9417 9420 9421
f 9418 9421 9422
f 9422 9427 9423
f 9420 9425 9421
f 9421 9426 9422
f 9426 9431 9427
f 9425 9428 9429
f 9426 9429 9430
f 9431 9434 9435
f 9428 9433 9429
f 9429 9434 9430
f 9434 9439 9435
f 9433 9436 9437
f 9434 9437 9438
f 9439 9442 9443
f 9436 9441 9437
f 9437 9442 9438
f 9443 9446 9447
f 9441 9444 9445
f 9442 9445 9446
f 9447 9450 9451
f 9444 9449 9445
f 9445 9450 9446
f 9450 9455 9451
f 9449 9452 9453
f 9450 9453 9454
f 9454 9459 9455
f 9452 9457 9453
f 9453 9458 9454
f 9458 9463 9459
f 9457 9460 9461
f 9458 9461 9462
f 9463 9466 9467
f 9460 9465 9461
f 9461 9466 9462
f 9466 9471 9467
f 9465 9468 9469
f 9466 9469 9470
f 9471 9474 9475
f 9468 9473 9469
f 9469 9474 9470
f 9475 9478 9479
f 9473 9476 9477
f 9474 9477 9478
f 9479 9482 9483
f 9476 9481 9477
f 9477 9482 9478
f 9483 9486 9487
f 9481 9484 9485
f 9482 9485 9486
f 9486 9491 9487
f 9484 9489 9485
f 9485 9490 9486
f 9490 9495 9491
f 9489 9492 9493
f 9490 9493 9494
f 9495 9498 9499
f 9492 9497 9493
f 9493 9498 9494
f 9498 9503 9499
f 9497 9500 9501
f 9498 9501 9502
f 9503 9507 9508
f 9500 9506 9501
f 9501 9507 9502
f 9508 9511 9512
f 9505 9510 9506
f 9507 9510 9511
f 9384 9504 9388
f 9388 9504 9392
f 9392 9504 9396
f 9396 9504 9400
f 9400 9504 9404
f 9404 9504 9408
f 9408 9504 9412
f 9412 9504 9416
f 9416 9504 9420
f 9420 9504 9424
f 9424 9504 9428
f 9428 9504 9432
f 9432 9504 9436
f 9436 9504 9440
f 9440 9504 9444
f 9444 9504 9448
f 9448 9504 9452
f 9452 9504 9456
f 9456 9504 9460
f 9460 9504 9464
f 9464 9504 9468
f 9468 9504 9472
f 9472 9504 9476
f 9476 9504 9480
f 9480 9504 9484
f 9484 9504 9488
f 9488 9504 9492
f 9492 9504 9496
f 9496 9504 9500
f 9500 9504 9505
f 9505 9504 9509
f 9512 9386 9387
f 9510 9384 9385
f 9510 9386 9511
f 9509 9504 9384
f 9521 9533 9534
f 9518 9532 9519
f 9517 9529 9530
f 9515 9527 9528
f 9523 9537 9524
f 9521 9535 9522
f 9519 9533 9520
f 9518 9530 9531
f 9515 9529 9516
f 9513 9527 9514
f 9524 9538 9525
f 9523 9535 9536
f 9528 9542 9529
f 9526 9540 9527
f 9538 9550 9551
f 9535 9549 9536
f 9534 9546 9547
f 9531 9545 9532
f 9530 9542 9543
f 9528 9540 9541
f 9537 9549 9550
f 9534 9548 9535
f 9532 9546 9533
f 9531 9543 9544
f 9541 9555 9542
f 9540 9552 9553
f 9550 9564 9551
f 9548 9562 9549
f 9547 9559 9560
f 9544 9558 9545
f 9542 9556 9543
f 9541 9553 9554
f 9549 9563 9550
f 9547 9561 9548
f 9546 9558 9559
f 9544 9556 9557
f 9555 9567 9568
f 9552 9566 9553
f 9564 9576 9577
f 9562 9574 9575
f 9559 9573 9560
f 9557 9571 9558
f 9555 9569 9556
f 9553 9567 9554
f 9562 9576 9563
f 9561 9573 9574
f 9559 9571 9572
f 9557 9569 9570
f 9567 9581 9568
f 9566 9578 9579
f 9576 9590 9577
f 9575 9587 9588
f 9572 9586 9573
f 9571 9583 9584
f 9569 9581 9582
f 9566 9580 9567
f 9576 9588 9589
f 9574 9586 9587
f 9571 9585 9572
f 9569 9583 9570
f 9581 9593 9594
f 9578 9592 9579
f 9590 9602 9603
f 9588 9600 9601
f 9585 9599 9586
f 9583 9597 9584
f 9582 9594 9595
f 9579 9593 9580
f 9589 9601 9602
f 9587 9599 9600
f 9584 9598 9585
f 9583 9595 9596
f 9594 9606 9607
f 9592 9604 9605
f 9602 9616 9603
f 9601 9613 9614
f 9598 9612 9599
f 9596 9610 9597
f 9594 9608 9595
f 9592 9606 9593
f 9601 9615 9602
f 9600 9612 9613
f 9598 9610 9611
f 9596 9608 9609
f 9607 9619 9620
f 9605 9617 9618
f 9615 9629 9616
f 9613 9627 9614
f 9611 9625 9612
f 9610 9622 9623
f 9607 9621 9608
f 9605 9619 9606
f 9615 9627 9628
f 9613 9625 9626
f 9611 9623 9624
f 9608 9622 9609
f 9619 9633 9620
f 9617 9631 9618
f 9628 9642 9629
f 9627 9639 9640
f 9625 9637 9638
f 9622 9636 9623
f 9621 9633 9634
f 9619 9631 9632
f 9627 9641 9628
f 9625 9639 9626
f 9623 9637 9624
f 9622 9634 9635
f 9632 9646 9633
f 9630 9644 9631
f 9642 9654 9655
f 9639 9653 9640
f 9638 9650 9651
f 9635 9649 9636
f 9634 9646 9647
f 9632 9644 9645
f 9641 9653 9654
f 9638 9652 9639
f 9636 9650 9637
f 9635 9647 9648
f 9645 9659 9646
f 9644 9656 9657
f 9654 9668 9655
f 9652 9666 9653
f 9651 9663 9664
f 9648 9662 9649
f 9646 9660 9647
f 9645 9657 9658
f 9653 9667 9654
f 9651 9665 9652
f 9650 9662 9663
f 9648 9660 9661
f 9659 9671 9672
f 9656 9670 9657
f 9668 9680 9681
f 9665 9679 9666
f 9663 9677 9664
f 9661 9675 9662
f 9659 9673 9660
f 9657 9671 9658
f 9666 9680 9667
f 9665 9677 9678
f 9663 9675 9676
f 9661 9673 9674
f 9671 9685 9672
f 9670 9682 9683
f 9680 9694 9681
f 9678 9692 9679
f 9677 9689 9690
f 9675 9687 9688
f 9673 9685 9686
f 9670 9684 9671
f 9680 9692 9693
f 9678 9690 9691
f 9675 9689 9676
f 9673 9687 9674
f 9685 9697 9698
f 9682 9696 9683
f 9694 9706 9707
f 9692 9704 9705
f 9689 9703 9690
f 9687 9701 9688
f 9686 9698 9699
f 9683 9697 9684
f 9693 9705 9706
f 9691 9703 9704
f 9688 9702 9689
f 9687 9699 9700
f 9698 9710 9711
f 9696 9708 9709
f 9706 9720 9707
f 9705 9717 9718
f 9702 9716 9703
f 9700 9714 9701
f 9698 9712 9699
f 9696 9710 9697
f 9705 9719 9706
f 9704 9716 9717
f 9702 9714 9715
f 9700 9712 9713
f 9711 9723 9724
f 9709 9721 9722
f 9719 9733 9720
f 9717 9731 9718
f 9715 9729 9716
f 9714 9726 9727
f 9711 9725 9712
f 9709 9723 9710
f 9718 9732 9719
f 9717 9729 9730
f 9715 9727 9728
f 9712 9726 9713
f 9723 9737 9724
f 9721 9735 9722
f 9733 9745 9746
f 9731 9743 9744
f 9729 9741 9742
f 9726 9740 9727
f 9725 9737 9738
f 9723 9735 9736
f 9732 9744 9745
f 9729 9743 9730
f 9727 9741 9728
f 9726 9738 9739
f 9736 9750 9737
f 9734 9748 9735
f 9746 9758 9759
f 9743 9757 9744
f 9742 9754 9755
f 9739 9753 9740
f 9738 9750 9751
f 9736 9748 9749
f 9745 9757 9758
f 9742 9756 9743
f 9740 9754 9741
f 9739 9751 9752
f 9749 9763 9750
f 9748 9760 9761
f 9758 9772 9759
f 9756 9770 9757
f 9755 9767 9768
f 9752 9766 9753
f 9750 9764 9751
f 9749 9761 9762
f 9757 9771 9758
f 9756 9768 9769
f 9754 9766 9767
f 9752 9764 9765
f 9762 9776 9763
f 9760 9774 9761
f 9772 9784 9785
f 9770 9782 9783
f 9768 9780 9781
f 9765 9779 9766
f 9763 9777 9764
f 9762 9774 9775
f 9770 9784 9771
f 9768 9782 9769
f 9767 9779 9780
f 9764 9778 9765
f 9775 9789 9776
f 9774 9786 9787
f 9784 9798 9785
f 9782 9796 9783
f 9781 9793 9794
f 9779 9791 9792
f 9777 9789 9790
f 9774 9788 9775
f 9784 9796 9797
f 9782 9794 9795
f 9779 9793 9780
f 9777 9791 9778
f 9789 9802 9803
f 9786 9801 9787
f 9798 9811 9812
f 9796 9809 9810
f 9793 9808 9794
f 9792 9805 9806
f 9790 9803 9804
f 9787 9802 9788
f 9797 9810 9811
f 9795 9808 9809
f 9792 9807 9793
f 9790 9805 9791
f 9803 9815 9816
f 9801 9813 9814
f 9811 9825 9812
f 9810 9822 9823
f 9807 9821 9808
f 9806 9818 9819
f 9803 9817 9804
f 9801 9815 9802
f 9810 9824 9811
f 9809 9821 9822
f 9807 9819 9820
f 9804 9818 9805
f 9816 9828 9829
f 9814 9826 9827
f 9825 9837 9838
f 9822 9836 9823
f 9820 9834 9821
f 9819 9831 9832
f 9816 9830 9817
f 9814 9828 9815
f 9824 9836 9837
f 9822 9834 9835
f 9820 9832 9833
f 9817 9831 9818
f 9828 9842 9829
f 9826 9840 9827
f 9837 9851 9838
f 9836 9848 9849
f 9834 9846 9847
f 9831 9845 9832
f 9830 9842 9843
f 9828 9840 9841
f 9836 9850 9837
f 9834 9848 9835
f 9832 9846 9833
f 9831 9843 9844
f 9841 9855 9842
f 9839 9853 9840
f 9851 9863 9864
f 9848 9862 9849
f 9847 9859 9860
f 9845 9857 9858
f 9843 9855 9856
f 9841 9853 9854
f 9850 9862 9863
f 9847 9861 9848
f 9845 9859 9846
f 9843 9857 9844
f 9854 9868 9855
f 9853 9865 9866
f 9863 9877 9864
f 9861 9875 9862
f 9860 9872 9873
f 9858 9870 9871
f 9855 9869 9856
f 9854 9866 9867
f 9862 9876 9863
f 9860 9874 9861
f 9859 9871 9872
f 9856 9870 9857
f 9868 9880 9881
f 9865 9879 9866
f 9877 9889 9890
f 9875 9887 9888
f 9873 9885 9886
f 9870 9884 9871
f 9868 9882 9869
f 9867 9879 9880
f 9875 9889 9876
f 9873 9887 9874
f 9872 9884 9885
f 9870 9882 9883
f 9880 9894 9881
f 9878 9892 9879
f 9889 9903 9890
f 9887 9901 9888
f 9886 9898 9899
f 9884 9896 9897
f 9882 9894 9895
f 9879 9893 9880
f 9889 9901 9902
f 9887 9899 9900
f 9884 9898 9885
f 9882 9896 9883
f 9894 9906 9907
f 9891 9905 9892
f 9903 9915 9916
f 9901 9913 9914
f 9898 9912 9899
f 9896 9910 9897
f 9895 9907 9908
f 9892 9906 9893
f 9902 9914 9915
f 9899 9913 9900
f 9897 9911 9898
f 9896 9908 9909
f 9907 9919 9920
f 9905 9917 9918
f 9915 9929 9916
f 9914 9926 9927
f 9911 9925 9912
f 9909 9923 9910
f 9907 9921 9908
f 9905 9919 9906
f 9914 9928 9915
f 9913 9925 9926
f 9911 9923 9924
f 9909 9921 9922
f 9799 9525 9538
f 9799 9538 9551
f 9799 9551 9564
f 9799 9564 9577
f 9799 9577 9590
f 9799 9590 9603
f 9799 9603 9616
f 9799 9616 9629
f 9799 9629 9642
f 9799 9642 9655
f 9799 9655 9668
f 9799 9668 9681
f 9799 9681 9694
f 9799 9694 9707
f 9799 9707 9720
f 9799 9720 9733
f 9799 9733 9746
f 9799 9746 9759
f 9799 9759 9772
f 9799 9772 9785
f 9799 9785 9798
f 9799 9798 9812
f 9799 9812 9825
f 9799 9825 9838
f 9799 9838 9851
f 9799 9851 9864
f 9799 9864 9877
f 9799 9877 9890
f 9799 9890 9903
f 9799 9903 9916
f 9799 9916 9929
f 9920 9515 9516
f 9918 9513 9514
f 9929 9524 9525
f 9926 9523 9927
f 9924 9521 9925
f 9923 9518 9519
f 9920 9517 9921
f 9918 9515 9919
f 9799 9929 9525
f 9928 9523 9524
f 9926 9521 9522
f 9924 9519 9520
f 9921 9518 9922
f 9387 9917 9512
f 9917 9508 9512
f 9904 9503 9508
f 9891 9499 9503
f 9499 9865 9495
f 9495 9852 9491
f 9491 9839 9487
f 9839 9483 9487
f 9483 9813 9479
f 9813 9475 9479
f 9800 9471 9475
f 9786 9467 9471
f 9467 9760 9463
f 9463 9747 9459
f 9459 9734 9455
f 9734 9451 9455
f 9451 9708 9447
f 9708 9443 9447
f 9695 9439 9443
f 9682 9435 9439
f 9435 9656 9431
f 9431 9643 9427
f 9427 9630 9423
f 9630 9419 9423
f 9419 9604 9415
f 9604 9411 9415
f 9591 9407 9411
f 9578 9403 9407
f 9403 9552 9399
f 9399 9539 9395
f 9395 9526 9391
f 9526 9387 9391
f 9932 9935 9936
f 9932 9937 9933
f 9931 9934 9935
f 9936 9941 9937
f 9934 9939 9935
f 9935 9940 9936
f 9940 9945 9941
f 9939 9942 9943
f 9940 9943 9944
f 9945 9948 9949
f 9942 9947 9943
f 9943 9948 9944
f 9948 9953 9949
f 9947 9950 9951
f 9948 9951 9952
f 9953 9956 9957
f 9950 9955 9951
f 9951 9956 9952
f 9957 9960 9961
f 9955 9958 9959
f 9956 9959 9960
f 9961 9964 9965
f 9958 9963 9959
f 9959 9964 9960
f 9965 9968 9969
f 9963 9966 9967
f 9964 9967 9968
f 9968 9973 9969
f 9966 9971 9967
f 9967 9972 9968
f 9972 9977 9973
f 9970 9975 9971
f 9972 9975 9976
f 9977 9980 9981
f 9974 9979 9975
f 9975 9980 9976
f 9980 9985 9981
f 9979 9982 9983
f 9980 9983 9984
f 9985 9988 9989
f 9982 9987 9983
f 9983 9988 9984
f 9989 9992 9993
f 9986 9991 9987
f 9988 9991 9992
f 9993 9996 9997
f 9991 9994 9995
f 9991 9996 9992
f 9996 10001 9997
f 9994 9999 9995
f 9996 9999 10000
f 10000 10005 10001
f 9999 10002 10003
f 9999 10004 10000
f 10004 10009 10005
f 10003 10006 10007
f 10004 10007 10008
f 10009 10012 10013
f 10006 10011 10007
f 10007 10012 10008
f 10012 10017 10013
f 10011 10014 10015
f 10012 10015 10016
f 10017 10020 10021
f 10014 10019 10015
f 10015 10020 10016
f 10021 10024 10025
f 10019 10022 10023
f 10020 10023 10024
f 10024 10029 10025
f 10022 10027 10023
f 10023 10028 10024
f 10028 10033 10029
f 10027 10030 10031
f 10028 10031 10032
f 10032 10037 10033
f 10030 10035 10031
f 10031 10036 10032
f 10036 10041 10037
f 10035 10038 10039
f 10036 10039 10040
f 10041 10044 10045
f 10038 10043 10039
f 10039 10044 10040
f 10044 10049 10045
f 10043 10046 10047
f 10044 10047 10048
f 10049 10053 10054
f 10046 10052 10047
f 10047 10053 10048
f 10054 10057 10058
f 10052 10055 10056
f 10053 10056 10057
f 9930 10050 9934
f 9934 10050 9938
f 9938 10050 9942
f 9942 10050 9946
f 9946 10050 9950
f 9950 10050 9954
f 9954 10050 9958
f 9958 10050 9962
f 9962 10050 9966
f 9966 10050 9970
f 9970 10050 9974
f 9974 10050 9978
f 9978 10050 9982
f 9982 10050 9986
f 9986 10050 9990
f 9990 10050 9994
f 9994 10050 9998
f 9998 10050 10002
f 10002 10050 10006
f 10006 10050 10010
f 10010 10050 10014
f 10014 10050 10018
f 10018 10050 10022
f 10022 10050 10026
f 10026 10050 10030
f 10030 10050 10034
f 10034 10050 10038
f 10038 10050 10042
f 10042 10050 10046
f 10046 10050 10051
f 10051 10050 10055
f 10058 9932 9933
f 10055 9931 10056
f 10056 9932 10057
f 10055 10050 9930
f 10067 10079 10080
f 10064 10078 10065
f 10063 10075 10076
f 10061 10073 10074
f 10070 10082 10083
f 10067 10081 10068
f 10065 10079 10066
f 10064 10076 10077
f 10061 10075 10062
f 10059 10073 10060
f 10071 10083 10084
f 10069 10081 10082
f 10074 10088 10075
f 10072 10086 10073
f 10084 10096 10097
f 10081 10095 10082
f 10080 10092 10093
f 10078 10090 10091
f 10076 10088 10089
f 10074 10086 10087
f 10083 10095 10096
f 10080 10094 10081
f 10078 10092 10079
f 10076 10090 10077
f 10087 10101 10088
f 10086 10098 10099
f 10096 10110 10097
f 10094 10108 10095
f 10093 10105 10106
f 10091 10103 10104
f 10088 10102 10089
f 10087 10099 10100
f 10095 10109 10096
f 10094 10106 10107
f 10092 10104 10105
f 10089 10103 10090
f 10100 10114 10101
f 10098 10112 10099
f 10110 10122 10123
f 10108 10120 10121
f 10105 10119 10106
f 10103 10117 10104
f 10101 10115 10102
f 10100 10112 10113
f 10108 10122 10109
f 10106 10120 10107
f 10105 10117 10118
f 10103 10115 10116
f 10113 10127 10114
f 10112 10124 10125
f 10122 10136 10123
f 10120 10134 10121
f 10119 10131 10132
f 10117 10129 10130
f 10115 10127 10128
f 10113 10125 10126
f 10122 10134 10135
f 10119 10133 10120
f 10117 10131 10118
f 10115 10129 10116
f 10127 10139 10140
f 10124 10138 10125
f 10136 10148 10149
f 10134 10146 10147
f 10131 10145 10132
f 10130 10142 10143
f 10128 10140 10141
f 10125 10139 10126
f 10135 10147 10148
f 10133 10145 10146
f 10130 10144 10131
f 10128 10142 10129
f 10140 10152 10153
f 10138 10150 10151
f 10148 10162 10149
f 10147 10159 10160
f 10144 10158 10145
f 10143 10155 10156
f 10140 10154 10141
f 10138 10152 10139
f 10147 10161 10148
f 10146 10158 10159
f 10144 10156 10157
f 10141 10155 10142
f 10153 10165 10166
f 10151 10163 10164
f 10162 10174 10175
f 10159 10173 10160
f 10157 10171 10158
f 10156 10168 10169
f 10153 10167 10154
f 10151 10165 10152
f 10161 10173 10174
f 10159 10171 10172
f 10157 10169 10170
f 10154 10168 10155
f 10165 10179 10166
f 10163 10177 10164
f 10175 10187 10188
f 10173 10185 10186
f 10171 10183 10184
f 10168 10182 10169
f 10167 10179 10180
f 10165 10177 10178
f 10173 10187 10174
f 10171 10185 10172
f 10169 10183 10170
f 10168 10180 10181
f 10178 10192 10179
f 10176 10190 10177
f 10188 10200 10201
f 10185 10199 10186
f 10184 10196 10197
f 10182 10194 10195
f 10180 10192 10193
f 10178 10190 10191
f 10187 10199 10200
f 10184 10198 10185
f 10182 10196 10183
f 10180 10194 10181
f 10191 10205 10192
f 10190 10202 10203
f 10200 10214 10201
f 10198 10212 10199
f 10197 10209 10210
f 10195 10207 10208
f 10192 10206 10193
f 10191 10203 10204
f 10199 10213 10200
f 10197 10211 10198
f 10196 10208 10209
f 10193 10207 10194
f 10205 10217 10218
f 10202 10216 10203
f 10214 10226 10227
f 10211 10225 10212
f 10210 10222 10223
f 10207 10221 10208
f 10205 10219 10206
f 10204 10216 10217
f 10212 10226 10213
f 10210 10224 10211
f 10209 10221 10222
f 10207 10219 10220
f 10217 10231 10218
f 10216 10228 10229
f 10226 10240 10227
f 10224 10238 10225
f 10223 10235 10236
f 10221 10233 10234
f 10219 10231 10232
f 10217 10229 10230
f 10226 10238 10239
f 10223 10237 10224
f 10221 10235 10222
f 10219 10233 10220
f 10231 10243 10244
f 10228 10242 10229
f 10240 10252 10253
f 10238 10250 10251
f 10235 10249 10236
f 10234 10246 10247
f 10232 10244 10245
f 10229 10243 10230
f 10239 10251 10252
f 10237 10249 10250
f 10234 10248 10235
f 10232 10246 10233
f 10244 10256 10257
f 10242 10254 10255
f 10252 10266 10253
f 10251 10263 10264
f 10248 10262 10249
f 10247 10259 10260
f 10244 10258 10245
f 10242 10256 10243
f 10251 10265 10252
f 10250 10262 10263
f 10248 10260 10261
f 10245 10259 10246
f 10257 10269 10270
f 10255 10267 10268
f 10266 10278 10279
f 10263 10277 10264
f 10261 10275 10262
f 10260 10272 10273
f 10257 10271 10258
f 10255 10269 10256
f 10265 10277 10278
f 10263 10275 10276
f 10261 10273 10274
f 10258 10272 10259
f 10269 10283 10270
f 10267 10281 10268
f 10278 10292 10279
f 10277 10289 10290
f 10275 10287 10288
f 10272 10286 10273
f 10271 10283 10284
f 10269 10281 10282
f 10277 10291 10278
f 10275 10289 10276
f 10273 10287 10274
f 10272 10284 10285
f 10282 10296 10283
f 10280 10294 10281
f 10292 10304 10305
f 10289 10303 10290
f 10288 10300 10301
f 10286 10298 10299
f 10284 10296 10297
f 10282 10294 10295
f 10291 10303 10304
f 10288 10302 10289
f 10286 10300 10287
f 10284 10298 10285
f 10295 10309 10296
f 10294 10306 10307
f 10304 10318 10305
f 10302 10316 10303
f 10301 10313 10314
f 10299 10311 10312
f 10296 10310 10297
f 10295 10307 10308
f 10303 10317 10304
f 10301 10315 10302
f 10300 10312 10313
f 10297 10311 10298
f 10309 10321 10322
f 10307 10319 10320
f 10318 10330 10331
f 10316 10328 10329
f 10314 10326 10327
f 10311 10325 10312
f 10309 10323 10310
f 10308 10320 10321
f 10316 10330 10317
f 10314 10328 10315
f 10313 10325 10326
f 10311 10323 10324
f 10321 10335 10322
f 10320 10332 10333
f 10330 10344 10331
f 10329 10341 10342
f 10326 10340 10327
f 10325 10337 10338
f 10323 10335 10336
f 10320 10334 10321
f 10330 10342 10343
f 10328 10340 10341
f 10325 10339 10326
f 10323 10337 10324
f 10335 10348 10349
f 10332 10347 10333
f 10344 10357 10358
f 10342 10355 10356
f 10339 10354 10340
f 10337 10352 10338
f 10336 10349 10350
f 10333 10348 10334
f 10343 10356 10357
f 10341 10354 10355
f 10338 10353 10339
f 10337 10350 10351
f 10349 10361 10362
f 10347 10359 10360
f 10357 10371 10358
f 10356 10368 10369
f 10353 10367 10354
f 10351 10365 10352
f 10349 10363 10350
f 10347 10361 10348
f 10356 10370 10357
f 10355 10367 10368
f 10353 10365 10366
f 10351 10363 10364
f 10362 10374 10375
f 10360 10372 10373
f 10371 10383 10384
f 10368 10382 10369
f 10366 10380 10367
f 10365 10377 10378
f 10362 10376 10363
f 10360 10374 10361
f 10370 10382 10383
f 10368 10380 10381
f 10366 10378 10379
f 10363 10377 10364
f 10374 10388 10375
f 10372 10386 10373
f 10383 10397 10384
f 10382 10394 10395
f 10380 10392 10393
f 10377 10391 10378
f 10376 10388 10389
f 10374 10386 10387
f 10382 10396 10383
f 10380 10394 10381
f 10378 10392 10379
f 10377 10389 10390
f 10387 10401 10388
f 10385 10399 10386
f 10397 10409 10410
f 10394 10408 10395
f 10393 10405 10406
f 10390 10404 10391
f 10389 10401 10402
f 10387 10399 10400
f 10396 10408 10409
f 10393 10407 10394
f 10391 10405 10392
f 10390 10402 10403
f 10400 10414 10401
f 10399 10411 10412
f 10409 10423 10410
f 10407 10421 10408
f 10406 10418 10419
f 10403 10417 10404
f 10401 10415 10402
f 10400 10412 10413
f 10408 10422 10409
f 10406 10420 10407
f 10405 10417 10418
f 10403 10415 10416
f 10414 10426 10427
f 10411 10425 10412
f 10423 10435 10436
f 10420 10434 10421
f 10418 10432 10419
f 10416 10430 10417
f 10414 10428 10415
f 10412 10426 10413
f 10421 10435 10422
f 10419 10433 10420
f 10418 10430 10431
f 10416 10428 10429
f 10427 10439 10440
f 10425 10437 10438
f 10435 10449 10436
f 10433 10447 10434
f 10431 10445 10432
f 10430 10442 10443
f 10428 10440 10441
f 10425 10439 10426
f 10435 10447 10448
f 10433 10445 10446
f 10430 10444 10431
f 10428 10442 10429
f 10440 10452 10453
f 10437 10451 10438
f 10449 10461 10462
f 10447 10459 10460
f 10444 10458 10445
f 10443 10455 10456
f 10441 10453 10454
f 10438 10452 10439
f 10448 10460 10461
f 10446 10458 10459
f 10443 10457 10444
f 10441 10455 10442
f 10453 10465 10466
f 10451 10463 10464
f 10461 10475 10462
f 10460 10472 10473
f 10457 10471 10458
f 10456 10468 10469
f 10453 10467 10454
f 10451 10465 10452
f 10460 10474 10461
f 10459 10471 10472
f 10457 10469 10470
f 10454 10468 10455
f 10345 10071 10084
f 10345 10084 10097
f 10345 10097 10110
f 10345 10110 10123
f 10345 10123 10136
f 10345 10136 10149
f 10345 10149 10162
f 10345 10162 10175
f 10345 10175 10188
f 10345 10188 10201
f 10345 10201 10214
f 10345 10214 10227
f 10345 10227 10240
f 10345 10240 10253
f 10345 10253 10266
f 10345 10266 10279
f 10345 10279 10292
f 10345 10292 10305
f 10345 10305 10318
f 10345 10318 10331
f 10345 10331 10344
f 10345 10344 10358
f 10345 10358 10371
f 10345 10371 10384
f 10345 10384 10397
f 10345 10397 10410
f 10345 10410 10423
f 10345 10423 10436
f 10345 10436 10449
f 10345 10449 10462
f 10345 10462 10475
f 10466 10061 10062
f 10464 10059 10060
f 10474 10071 10475
f 10472 10069 10473
f 10470 10067 10471
f 10469 10064 10065
f 10466 10063 10467
f 10464 10061 10465
f 10345 10475 10071
f 10473 10070 10474
f 10472 10067 10068
f 10470 10065 10066
f 10467 10064 10468
f 9933 10463 10058
f 10463 10054 10058
f 10450 10049 10054
f 10437 10045 10049
f 10045 10411 10041
f 10041 10398 10037
f 10037 10385 10033
f 10385 10029 10033
f 10029 10359 10025
f 10359 10021 10025
f 10346 10017 10021
f 10332 10013 10017
f 10013 10306 10009
f 10009 10293 10005
f 10005 10280 10001
f 10280 9997 10001
f 9997 10254 9993
f 10254 9989 9993
f 10241 9985 9989
f 10228 9981 9985
f 9981 10202 9977
f 9977 10189 9973
f 9973 10176 9969
f 10176 9965 9969
f 9965 10150 9961
f 10150 9957 9961
f 10137 9953 9957
f 10124 9949 9953
f 9949 10098 9945
f 9945 10085 9941
f 9941 10072 9937
f 10072 9933 9937
f 4 3 2
f 8 7 6
f 13 16 15
f 17 28 19
f 32 31 30
f 36 35 34
f 37 40 39
f 21 22 23
f 25 26 27
f 41 44 43
f 48 47 46
f 52 51 50
f 53 56 55
f 60 59 58
f 29 30 62
f 66 65 64
f 67 5 6
f 72 71 70
f 76 75 74
f 77 80 79
f 81 84 83
f 59 87 86
f 88 91 90
f 96 95 94
f 100 99 98
f 101 104 103
f 106 105 34
f 108 116 115
f 117 119 36
f 124 127 126
f 131 130 129
f 132 102 134
f 142 141 140
f 148 106 60
f 144 143 127
f 149 152 151
f 156 155 154
f 159 150 158
f 116 108 164
f 171 170 169
f 174 126 173
f 179 182 181
f 186 189 188
f 194 197 196
f 199 142 139
f 206 209 208
f 213 212 211
f 202 215 214
f 96 93 216
f 92 238 43
f 97 184 246
f 250 249 229
f 252 254 58
f 258 257 256
f 260 91 229
f 110 111 112
f 114 264 263
f 265 268 267
f 56 53 270
f 274 273 249
f 185 183 63
f 280 279 278
f 285 284 283
f 288 219 211
f 141 142 92
f 289 290 175
f 148 116 105
f 312 311 170
f 238 262 42
f 318 163 160
f 310 309 308
f 241 239 325
f 160 230 240
f 47 48 307
f 108 109 315
f 345 85 86
f 348 351 350
f 356 359 358
f 355 354 353
f 363 31 32
f 364 252 253
f 366 125 368
f 183 372 371
f 163 162 161
f 209 226 101
f 378 377 165
f 379 295 381
f 383 382 3
f 284 285 386
f 387 127 389
f 391 259 229
f 73 281 397
f 405 408 407
f 203 218 411
f 414 121 413
f 1 356 357
f 277 276 131
f 254 344 57
f 358 384 415
f 417 416 386
f 401 400 192
f 419 389 127
f 421 181 182
f 103 301 302
f 428 367 368
f 380 390 359
f 62 204 266
f 140 141 431
f 357 358 351
f 356 1 379
f 415 392 403
f 437 428 436
f 438 441 440
f 188 451 450
f 265 455 181
f 224 185 64
f 237 212 213
f 275 131 128
f 281 282 460
f 50 462 79
f 73 74 282
f 468 467 466
f 390 355 352
f 482 485 484
f 489 488 487
f 493 496 495
f 472 471 470
f 502 501 500
f 220 221 222
f 512 419 143
f 518 517 511
f 513 239 230
f 205 30 31
f 189 370 451
f 163 318 532
f 533 224 225
f 446 448 447
f 335 541 540
f 544 512 546
f 329 519 291
f 199 534 262
f 385 386 416
f 532 190 191
f 363 117 118
f 578 581 580
f 573 572 571
f 561 563 562
f 241 260 259
f 590 593 592
f 545 546 595
f 503 154 155
f 606 625 624
f 478 481 480
f 646 649 648
f 590 591 689
f 564 565 651
f 728 246 184
f 714 724 716
f 692 574 575
f 541 335 581
f 346 68 248
f 161 231 230
f 128 129 94
f 698 705 704
f 574 577 576
f 290 289 401
f 630 631 725
f 733 736 735
f 755 466 496
f 759 480 481
f 757 763 762
f 764 496 466
f 768 767 9260
f 759 760 488
f 492 474 475
f 474 770 769
f 773 468 465
f 771 774 486
f 484 485 775
f 774 776 489
f 495 496 764
f 495 757 761
f 137 397 784
f 325 239 797
f 165 519 51
f 369 32 29
f 730 731 568
f 90 302 301
f 243 118 516
f 800 734 806
f 817 815 808
f 816 808 823
f 306 303 447
f 815 810 809
f 829 830 828
f 726 725 501
f 274 427 424
f 879 882 881
f 884 883 879
f 219 218 217
f 906 905 904
f 455 204 205
f 898 882 830
f 903 900 880
f 377 291 519
f 923 949 948
f 946 947 951
f 8963 740 739
f 900 899 886
f 225 64 65
f 182 445 442
f 809 952 947
f 954 960 962
f 927 950 965
f 885 879 880
f 925 927 966
f 343 342 341
f 965 964 971
f 968 971 970
f 972 968 969
f 963 961 981
f 336 337 338
f 992 993 827
f 810 815 996
f 1007 1001 1002
f 1012 826 827
f 1011 1009 1007
f 294 293 292
f 907 908 920
f 1017 579 1019
f 1020 1023 1022
f 1035 1024 1020
f 1061 1060 1047
f 1063 1061 1046
f 1044 1020 1021
f 1102 1094 1097
f 1116 1126 1118
f 1016 1015 1014
f 881 897 904
f 816 1116 1127
f 1094 948 949
f 514 342 167
f 146 145 81
f 1133 1135 1130
f 1102 1133 1126
f 822 1126 1116
f 1145 1143 1148
f 1076 1144 1151
f 1148 1143 1086
f 1109 1097 1114
f 1154 1153 1156
f 1153 925 967
f 8815 8941 463
f 1144 1147 1152
f 1156 967 1163
f 1164 1162 1169
f 1145 1171 1176
f 1114 1115 1154
f 1183 1155 1164
f 1184 1183 1177
f 1069 1151 1062
f 1023 1191 1194
f 1162 1163 1170
f 1195 1184 1185
f 1183 1196 1176
f 1201 1063 1152
f 1061 1063 1201
f 9277 847 843
f 1203 1202 1195
f 1202 1201 1184
f 1218 1060 1203
f 1060 1061 1202
f 1225 1218 1217
f 671 695 694
f 1219 1217 1024
f 1217 1203 1034
f 1226 1014 1015
f 1243 1242 1234
f 1231 1230 1229
f 847 1243 1233
f 843 1233 1244
f 1233 1234 1245
f 1923 9213 233
f 2100 2108 499
f 9366 9316 2135
f 61 62 323
f 210 211 217
f 1299 1310 1309
f 9315 1230 1231
f 1066 1047 1321
f 1322 1321 1228
f 1060 1218 1321
f 1325 1324 1323
f 1244 1245 1332
f 1290 1234 1242
f 1337 1330 1339
f 1330 1332 1340
f 1341 1332 1245
f 1342 1340 1332
f 1343 1342 1341
f 1344 1341 1294
f 9309 9308 1345
f 1347 1348 1342
f 9308 9306 1295
f 1349 1350 1348
f 9313 1349 1347
f 9305 1347 1343
f 906 898 829
f 905 906 1353
f 865 1356 1355
f 1355 1353 829
f 1357 1355 825
f 1356 1354 1353
f 9286 1337 1338
f 866 1358 1356
f 1358 1359 1354
f 9280 878 1337
f 838 1362 1012
f 1363 1364 1338
f 1368 1363 1339
f 1348 1368 1340
f 1371 1369 9276
f 524 525 526
f 528 529 530
f 1372 1370 1369
f 535 536 537
f 1367 1368 1348
f 1370 1354 1359
f 1369 1359 9285
f 1373 910 903
f 555 556 557
f 1374 909 910
f 1373 904 905
f 1374 1373 1375
f 1375 905 1354
f 1378 920 908
f 376 373 651
f 1388 928 973
f 586 587 588
f 1390 1389 1388
f 1391 1388 969
f 597 598 599
f 600 601 602
f 1392 1391 970
f 608 609 610
f 612 524 523
f 614 615 616
f 617 618 25
f 620 621 622
f 1397 1390 1391
f 1398 1397 1392
f 1400 987 920
f 1402 1403 1165
f 636 637 638
f 930 1404 1402
f 641 642 643
f 929 1402 1169
f 1404 1405 1403
f 1411 1366 1365
f 1412 1406 1415
f 652 653 654
f 609 656 657
f 659 660 661
f 558 663 586
f 665 666 667
f 1413 1411 1406
f 1418 1416 9262
f 1417 1372 1371
f 1416 1371 9281
f 1419 1417 1416
f 1386 909 1374
f 677 678 679
f 1385 1386 1420
f 1420 1374 1376
f 685 686 687
f 1421 1420 1422
f 528 690 691
f 1422 1376 1372
f 1018 1019 747
f 699 700 701
f 1424 578 579
f 9115 1597 1767
f 700 699 711
f 1093 9198 9206
f 717 718 530
f 721 722 723
f 704 1650 8987
f 19 1429 1426
f 1429 1428 1427
f 1658 1659 8986
f 1439 1437 1434
f 1437 1436 1435
f 1426 1427 1433
f 1442 1431 1432
f 742 743 744
f 1432 1433 1441
f 751 752 753
f 1438 1434 1403
f 1446 1445 1444
f 1447 1448 1446
f 9312 1447 1443
f 1415 1367 1445
f 1414 1415 1446
f 2173 1683 469
f 777 778 779
f 780 781 782
f 1676 1693 1806
f 9311 1451 1349
f 789 790 791
f 745 792 793
f 652 794 795
f 1455 1458 1457
f 1454 1367 1350
f 610 691 802
f 9283 9268 698
f 1352 1044 1045
f 1015 1016 1459
f 811 812 813
f 2118 9267 9269
f 819 820 821
f 1466 1463 1194
f 1467 1468 1465
f 1182 1165 1468
f 832 812 833
f 835 836 837
f 1467 1466 1190
f 1469 1470 1444
f 840 700 712
f 1453 1470 1469
f 599 844 845
f 1226 1450 9301
f 851 852 853
f 855 744 856
f 858 859 860
f 861 862 863
f 1014 1226 9307
f 867 676 868
f 870 871 872
f 874 875 876
f 1310 1323 1471
f 1476 1433 1427
f 1461 1476 1475
f 887 888 889
f 788 791 892
f 894 895 896
f 1460 1475 1227
f 901 902 524
f 1465 1478 1477
f 1865 8947 8944
f 911 912 913
f 916 917 918
f 1850 8949 8951
f 921 922 895
f 1479 1435 1436
f 926 664 667
f 1481 562 563
f 269 1483 84
f 931 932 933
f 934 935 614
f 936 685 688
f 938 659 662
f 1484 270 122
f 941 942 835
f 320 321 509
f 1849 8954 8949
f 84 1483 1484
f 1487 1490 1488
f 1757 1758 8946
f 365 1492 1491
f 461 79 80
f 117 363 362
f 1494 540 541
f 926 601 957
f 1477 1441 1433
f 1709 1588 1585
f 119 117 1496
f 271 1497 504
f 511 517 189
f 345 1496 1492
f 57 344 299
f 1501 1499 268
f 267 268 1499
f 974 975 976
f 1678 1652 1693
f 9298 1682 1807
f 557 982 663
f 983 941 984
f 1443 1444 9301
f 421 1500 268
f 989 990 991
f 1490 1487 418
f 279 280 309
f 997 868 676
f 998 26 999
f 1504 418 38
f 1506 1508 1507
f 360 361 1508
f 1506 1486 207
f 939 1005 1006
f 270 1484 1483
f 66 63 546
f 1010 742 793
f 367 428 437
f 244 31 363
f 1670 8976 8978
f 209 206 1510
f 388 389 426
f 427 274 250
f 161 520 521
f 100 246 45
f 1025 1026 608
f 1029 1030 1031
f 939 662 1033
f 41 42 594
f 1036 780 783
f 702 701 1038
f 1040 1041 1042
f 362 32 369
f 187 1520 477
f 70 1487 539
f 1049 600 603
f 613 867 869
f 860 1050 1051
f 1005 1052 1053
f 753 1055 1056
f 1057 1058 1059
f 293 288 1522
f 288 212 1521
f 292 1522 1523
f 331 1507 1508
f 306 452 453
f 100 44 41
f 462 1524 78
f 330 331 1524
f 635 1067 1068
f 1485 1527 1526
f 206 1485 1528
f 1070 1071 1072
f 942 941 1073
f 916 933 1075
f 440 1529 1530
f 157 158 1514
f 1529 162 5
f 371 595 546
f 790 586 663
f 1077 858 857
f 1403 1434 1435
f 1080 1081 1082
f 531 520 1529
f 21 1083 1084
f 272 1532 1531
f 690 712 802
f 335 9015 9011
f 1090 1030 1029
f 1092 795 794
f 1533 396 137
f 661 660 1095
f 69 444 445
f 1099 1100 1101
f 38 39 1536
f 1104 1105 1106
f 852 1107 1108
f 1377 908 909
f 291 377 411
f 316 1536 516
f 539 1488 1533
f 1505 1536 316
f 1110 1111 1112
f 1539 1537 460
f 522 441 1537
f 834 837 1120
f 1122 1123 1124
f 612 1125 1041
f 935 793 615
f 276 278 130
f 1686 8993 8966
f 193 190 1541
f 231 521 1540
f 556 1037 982
f 365 253 85
f 190 532 318
f 1810 765 9018
f 9376 1867 8956
f 1132 983 985
f 208 101 102
f 1134 1033 662
f 1491 518 80
f 429 133 1542
f 1137 1138 915
f 172 436 428
f 1139 1140 1141
f 549 96 54
f 1517 1519 1518
f 834 1119 984
f 1543 513 286
f 1544 797 239
f 133 134 1544
f 506 361 257
f 420 327 328
f 1158 1159 1160
f 587 1104 1103
f 607 1161 1027
f 304 1546 1545
f 364 1491 77
f 69 70 198
f 700 840 1112
f 9329 626 8969
f 1166 719 657
f 1167 1168 858
f 1300 8967 8968
f 1172 1173 1174
f 218 203 200
f 1179 1180 1181
f 372 183 97
f 89 104 227
f 1186 1187 1188
f 172 173 1517
f 1482 84 81
f 1090 1192 1193
f 394 395 353
f 526 525 1198
f 1199 1200 1026
f 606 623 697
f 1204 1205 1206
f 1207 1208 523
f 1209 1210 867
f 914 913 685
f 1478 1436 1441
f 1029 1028 1161
f 1211 1212 1213
f 9310 1453 1451
f 844 1215 1216
f 423 193 273
f 1220 1221 1222
f 22 1223 1224
f 882 898 897
f 1519 1517 173
f 1189 1188 1232
f 349 350 550
f 1071 1235 1236
f 1237 1238 1239
f 1221 1186 1189
f 1510 1528 1512
f 939 1032 1241
f 1556 1530 5
f 1553 1554 394
f 404 1556 67
f 1247 1248 1249
f 142 199 238
f 1251 1067 635
f 850 1252 1253
f 1254 1167 1077
f 57 132 133
f 443 430 552
f 1187 1172 1175
f 1256 1070 831
f 432 405 382
f 741 748 747
f 434 350 351
f 349 432 383
f 251 124 1481
f 395 384 352
f 1518 1519 1550
f 1558 410 378
f 109 263 314
f 285 1514 1513
f 395 394 393
f 202 203 410
f 417 408 405
f 1246 1257 1258
f 3 1559 297
f 1259 1260 1261
f 403 404 347
f 955 954 953
f 462 50 51
f 1096 1095 687
f 429 147 60
f 896 1264 1265
f 1267 721 1268
f 423 424 327
f 37 179 180
f 20 23 1187
f 1256 1168 1071
f 1188 1175 1269
f 1236 1270 1271
f 1272 536 535
f 565 564 463
f 1273 792 745
f 876 1254 1255
f 316 33 164
f 437 1516 503
f 194 1494 1495
f 1275 1276 864
f 624 625 631
f 1277 1274 1137
f 569 568 567
f 1481 124 125
f 324 325 547
f 1279 1108 1107
f 1525 332 329
f 1281 1278 1137
f 171 168 1553
f 1488 73 396
f 1557 1561 1562
f 1282 856 1206
f 1053 1277 1278
f 778 777 607
f 713 583 9010
f 251 225 144
f 4 357 348
f 709 708 707
f 728 48 45
f 261 135 1563
f 789 1286 1287
f 74 314 263
f 403 284 385
f 1178 1181 1240
f 1223 1259 1289
f 1220 20 1186
f 296 1518 354
f 784 459 1538
f 1181 1180 1291
f 1269 1292 1257
f 1566 1538 438
f 136 784 1566
f 1563 1564 169
f 107 114 109
f 1297 1282 1298
f 1464 1477 1476
f 1520 187 507
f 1301 1302 1303
f 1306 1307 1308
f 175 456 1532
f 1532 456 200
f 1311 1266 1312
f 872 1314 1315
f 9288 843 878
f 1305 1308 864
f 1040 1275 863
f 1564 1566 399
f 592 1576 1575
f 591 1575 1088
f 1581 1584 1583
f 1196 1152 1147
f 710 582 583
f 285 407 408
f 953 954 961
f 1594 1592 1589
f 1585 1588 1587
f 1592 1591 1590
f 9337 945 944
f 1600 1599 1598
f 1604 1603 1602
f 1399 1392 979
f 1589 1590 1596
f 1610 1609 1608
f 298 257 361
f 551 552 276
f 1627 1626 9266
f 859 811 818
f 1078 857 1328
f 1555 439 1530
f 572 573 680
f 772 465 776
f 977 1281 918
f 404 403 392
f 1054 1331 750
f 1644 1645 1643
f 932 1265 1082
f 1067 1333 1334
f 1540 1539 264
f 597 1335 643
f 471 761 762
f 1642 696 9283
f 1644 1642 9294
f 923 946 950
f 96 549 548
f 520 531 522
f 445 444 443
f 849 839 848
f 480 759 755
f 1646 760 481
f 311 426 1567
f 464 463 8941
f 8941 1360 1361
f 234 237 236
f 190 193 192
f 153 154 152
f 231 287 286
f 1552 1553 1551
f 760 1646 1648
f 9284 1647 1649
f 828 827 826
f 52 167 166
f 1663 1662 1661
f 287 107 115
f 668 671 670
f 634 645 640
f 553 560 559
f 118 36 33
f 492 484 491
f 8996 1652 1651
f 582 589 584
f 384 395 392
f 1381 1382 1383
f 1562 1561 435
f 952 953 951
f 8973 9010 583
f 1660 1661 1667
f 1394 1395 1396
f 1660 1665 1664
f 1671 1670 1669
f 1624 1625 1673
f 1407 1408 1409
f 1677 1676 1675
f 1613 1679 1677
f 1679 1678 1676
f 1626 1681 9263
f 534 199 198
f 803 733 734
f 400 248 191
f 65 66 143
f 8970 1657 1656
f 402 159 157
f 629 628 627
f 461 477 49
f 758 757 495
f 796 787 786
f 406 407 1513
f 342 343 166
f 1694 1659 1658
f 1692 1687 1694
f 9001 1693 1652
f 9373 1704 1703
f 326 547 302
f 9368 9373 1702
f 9371 9370 1698
f 1699 1691 9379
f 1557 406 1560
f 1127 1116 1117
f 400 401 289
f 1706 1702 1707
f 1707 1702 1599
f 1709 1706 1708
f 1714 1712 1711
f 9371 9367 1709
f 1704 1711 1577
f 1716 1714 1713
f 1559 1562 1549
f 1722 1721 1720
f 1335 597 596
f 410 411 377
f 973 1170 1163
f 168 169 399
f 1571 682 1089
f 1572 681 682
f 749 646 647
f 1730 1724 1723
f 1594 1582 1729
f 1729 1723 1591
f 1384 1378 1377
f 1732 1731 1712
f 1724 1730 1731
f 1722 1724 1732
f 1721 1722 1733
f 1734 1733 1716
f 1735 1737 1736
f 1733 1732 1714
f 1663 1664 1741
f 1742 1665 1740
f 1738 1739 1737
f 1665 1660 1666
f 1665 1742 1744
f 1725 1726 1746
f 1591 1725 1745
f 1590 1745 1747
f 1745 1746 1748
f 1659 1688 8982
f 5650 1760 8989
f 1185 1177 1182
f 1664 1744 1749
f 1741 1749 1739
f 1746 1742 1743
f 1726 1744 1742
f 1115 924 1153
f 1654 8990 9019
f 1896 9006 8993
f 1720 1749 1744
f 1721 1739 1749
f 1750 1718 1701
f 1697 1736 1750
f 1151 1152 1063
f 1751 1752 1670
f 1695 1658 1752
f 961 962 986
f 1770 1769 1768
f 1766 1594 1593
f 1731 1759 1579
f 1579 1777 1774
f 9380 1772 1771
f 1764 1772 9380
f 1777 1776 1775
f 9214 9215 1699
f 1004 1127 1128
f 1774 1775 1771
f 987 1400 1399
f 1578 1774 1772
f 1783 1782 1781
f 1597 1598 1770
f 639 1878 9347
f 9380 9381 1769
f 1793 1792 1789
f 9381 9372 1798
f 8952 8960 9225
f 1802 1867 9376
f 1788 1790 1794
f 1793 1794 1795
f 9225 9224 1675
f 1584 1581 1783
f 1771 1797 9372
f 1801 1799 1798
f 1768 1769 1798
f 1775 1796 1797
f 508 514 515
f 1796 1803 1802
f 1800 1798 9372
f 1794 1805 1804
f 8976 1670 1752
f 485 1808 1807
f 9261 9296 1640
f 9289 9296 1810
f 485 482 1640
f 1690 1691 9222
f 487 488 1648
f 9291 1813 1816
f 9290 1811 1648
f 9291 1812 1811
f 1812 1809 487
f 1641 1809 767
f 465 466 755
f 767 1815 9275
f 9274 1816 9278
f 1809 1812 1815
f 9289 1653 1651
f 675 672 8985
f 1814 1649 1822
f 1821 1822 9273
f 1824 1822 1649
f 1827 1849 1850
f 1668 1669 1662
f 1779 1780 1848
f 1790 1827 1805
f 1833 1836 1853
f 8965 8950 693
f 1614 1615 1616
f 1852 1853 8942
f 1620 1621 1622
f 1855 1765 1574
f 1847 1852 8945
f 1766 1765 1855
f 1629 1630 1631
f 1633 1622 1634
f 1635 1636 1637
f 1848 1833 1852
f 1855 1861 1863
f 1803 1866 1867
f 1862 1863 1831
f 1782 1855 1862
f 9374 9376 1865
f 1873 1872 1870
f 1874 1869 799
f 2045 9330 9349
f 1219 1345 1295
f 1615 1614 1396
f 9336 9347 1877
f 645 9350 9238
f 1345 1219 1035
f 634 639 9336
f 15 1887 1327
f 9362 9347 1878
f 1894 604 605
f 8950 8995 627
f 9004 640 645
f 340 341 454
f 1897 194 195
f 1889 1882 1877
f 1901 94 129
f 196 749 754
f 1705 1704 9373
f 340 378 166
f 1570 1480 563
f 1904 1494 194
f 1781 1862 1832
f 1905 549 55
f 1000 994 995
f 986 919 920
f 1191 1185 1190
f 2094 2077 2075
f 1920 1921 1919
f 453 454 1912
f 1915 1919 1918
f 9334 2112 2106
f 1655 9019 8975
f 1916 1918 1926
f 704 8998 9005
f 278 1916 1925
f 9009 9008 1818
f 1097 949 1115
f 1927 1928 727
f 9030 9031 9106
f 1920 310 307
f 1929 307 48
f 503 504 1497
f 1902 1903 787
f 1816 1821 9272
f 1925 1926 1923
f 1535 1569 1568
f 254 252 258
f 1509 1497 366
f 119 86 35
f 219 288 293
f 141 46 47
f 542 205 244
f 1940 552 430
f 1779 1828 1827
f 1701 1710 9367
f 1661 8994 8959
f 270 53 754
f 197 1947 749
f 1727 1728 1212
f 53 54 232
f 1465 1468 1479
f 1284 9314 9306
f 1951 446 412
f 168 398 1554
f 1486 1485 206
f 506 77 78
f 994 1001 1007
f 951 953 963
f 1013 9311 9313
f 9278 9272 1820
f 1498 1909 1954
f 299 298 543
f 1754 1755 1756
f 1681 469 1683
f 1696 1694 1695
f 13 14 738
f 473 476 475
f 482 1641 768
f 204 62 30
f 1761 1762 820
f 611 1763 1125
f 1501 1503 1908
f 1074 1073 711
f 1960 1944 82
f 120 1956 1960
f 35 86 87
f 1773 1199 1025
f 1965 1545 1569
f 494 761 471
f 1966 1967 1969
f 446 1951 1971
f 174 368 125
f 1580 1579 1578
f 1785 1786 1787
f 1972 1546 304
f 1254 876 875
f 1973 341 342
f 321 1912 1973
f 1910 277 275
f 509 1973 514
f 1486 1507 1527
f 1974 1874 804
f 1977 1976 1974
f 1980 448 1966
f 379 1 2
f 1718 1715 1710
f 884 995 992
f 1680 1684 1678
f 902 990 525
f 344 255 256
f 135 138 137
f 448 446 1967
f 589 605 604
f 910 909 908
f 1981 1966 1968
f 1982 1981 1987
f 1988 1979 1987
f 1990 1988 1989
f 1991 1989 1993
f 322 321 320
f 992 828 830
f 1144 1076 1086
f 1995 1977 1978
f 1133 1129 1118
f 1997 1995 1994
f 870 1823 1335
f 805 806 1982
f 727 184 2000
f 1996 1994 1988
f 1994 1978 1979
f 1829 616 792
f 1830 1073 941
f 798 803 800
f 729 732 731
f 2011 2012 2023
f 1834 1835 846
f 402 283 284
f 2022 2023 2024
f 1838 718 989
f 810 955 952
f 1823 1839 1840
f 1430 1426 1432
f 1215 844 1841
f 1316 1208 873
f 2112 1401 1384
f 1842 1843 1844
f 1159 846 845
f 837 27 1846
f 1971 1951 2030
f 517 369 370
f 1471 2026 2027
f 8995 8969 626
f 2174 2175 770
f 935 934 1854
f 1613 1619 1611
f 1231 1228 1225
f 1856 1857 891
f 1300 1309 748
f 1150 1149 1858
f 1643 606 696
f 1215 1265 1264
f 1320 1860 902
f 1956 1943 1944
f 2031 668 669
f 2034 1325 1310
f 1879 1880 1656
f 40 245 242
f 1992 1993 2039
f 888 958 957
f 1882 1889 1996
f 1078 1138 1255
f 1871 912 1192
f 294 411 218
f 1323 2041 2026
f 123 1960 83
f 1324 2036 2041
f 384 358 359
f 1324 1325 2038
f 1883 1884 1885
f 287 1540 114
f 1096 1886 1134
f 915 1329 931
f 806 1980 1981
f 8977 8973 584
f 1425 2030 2042
f 1018 2042 1948
f 9006 1896 740
f 1948 2042 649
f 1881 1882 1990
f 1900 129 130
f 992 995 994
f 923 927 925
f 9330 2045 2047
f 1643 2048 625
f 2050 2052 2051
f 2045 1405 1404
f 9328 2047 945
f 1139 1080 1079
f 1037 1856 892
f 2055 2053 2057
f 1198 989 718
f 1619 2058 1612
f 2058 1605 1606
f 2059 2060 1607
f 2058 1619 1624
f 71 72 179
f 405 406 1557
f 322 1548 1972
f 2061 2052 2063
f 2066 2065 2067
f 2052 2061 2064
f 1609 1610 2066
f 1515 151 152
f 1009 827 993
f 1644 9295 9267
f 279 1915 1916
f 1285 9315 9314
f 1647 2066 1825
f 2056 2057 2067
f 319 320 1953
f 667 666 1913
f 2070 631 625
f 2052 2050 2055
f 2038 1654 1655
f 1606 1601 2073
f 1235 1917 1270
f 2072 2073 2075
f 2059 1606 2072
f 2074 2075 2077
f 1601 1602 2078
f 2049 2048 1643
f 1000 1004 1001
f 1089 943 684
f 1931 1286 1306
f 1462 1459 1021
f 1932 1933 1934
f 875 874 1846
f 1936 1051 1937
f 44 45 46
f 1534 1955 1956
f 1541 318 317
f 2081 2082 2084
f 146 1945 1959
f 1360 1941 1942
f 985 984 1032
f 1995 1997 1892
f 2079 2080 2082
f 2095 2096 2076
f 2081 2093 2078
f 2055 2050 2054
f 501 2096 2095
f 2097 2100 2099
f 2098 2099 2094
f 2140 2141 9345
f 2141 2046 9346
f 2051 2070 2048
f 592 2102 2101
f 2071 2064 2076
f 2102 2097 2098
f 593 2103 2102
f 1019 1895 746
f 1950 11 12
f 725 2071 2096
f 1385 2105 2104
f 1379 2104 2106
f 2107 2108 2100
f 9360 726 502
f 9348 502 499
f 940 1389 2109
f 928 929 1170
f 9320 590 684
f 1962 1963 1964
f 9330 680 573
f 2039 1993 1968
f 1389 1390 2110
f 1398 2111 2113
f 9209 9207 9205
f 9363 9335 2107
f 949 923 924
f 260 241 324
f 1390 1397 2113
f 2070 2051 2064
f 9319 9363 2103
f 2105 1385 1421
f 2114 1421 1423
f 9344 2114 2115
f 9360 2105 2114
f 554 2116 1902
f 972 1163 967
f 1765 1593 1573
f 1984 1985 1986
f 2053 2117 2069
f 9017 9000 724
f 1625 1677 1674
f 9333 9340 2119
f 9355 2115 2123
f 56 1954 1906
f 626 9329 9331
f 2001 2002 2003
f 9364 9293 2127
f 2006 2007 2008
f 2127 1413 1412
f 2014 2015 2016
f 2018 2019 2020
f 1495 1424 1947
f 1379 1377 1386
f 9266 9263 1680
f 2029 1885 1884
f 9354 2128 2120
f 629 9331 9366
f 682 683 943
f 724 1650 2121
f 1757 1819 9273
f 765 1810 9296
f 9303 714 715
f 706 707 9322
f 981 986 987
f 1457 1868 1656
f 2017 2016 2032
f 1458 1655 1868
f 1776 1777 1792
f 1959 1945 1946
f 9115 9167 9177
f 9365 9333 2122
f 1093 1089 689
f 966 965 968
f 9304 715 9333
f 2172 9029 2170
f 670 2138 2137
f 9213 787 1903
f 1429 19 28
f 964 963 978
f 9293 9265 1413
f 1473 1474 669
f 9286 9285 1359
f 2138 798 1870
f 1872 1473 2137
f 715 716 9340
f 1881 1991 1992
f 9295 9294 739
f 1837 1847 8957
f 253 58 59
f 1808 9289 9292
f 1647 9284 9270
f 9317 9318 671
f 2112 9334 9335
f 1405 2045 2044
f 9281 9276 1364
f 273 1541 391
f 576 632 8964
f 9327 9317 668
f 1430 1431 2140
f 2136 9302 9312
f 1430 2139 18
f 9345 9346 570
f 1442 1439 2046
f 1431 1442 2141
f 9321 9365 9302
f 9260 9275 1817
f 9318 9345 695
f 2142 2025 798
f 571 2143 2142
f 9271 9266 1618
f 2143 2022 2025
f 694 2142 2138
f 681 1572 2144
f 2144 2011 2022
f 328 210 457
f 1572 2010 2011
f 630 9344 9355
f 2085 2086 2087
f 2090 2091 2092
f 572 2144 2143
f 1875 1976 2153
f 1873 1875 2149
f 2103 2107 2097
f 2157 2043 2155
f 2128 1412 1414
f 9326 9323 589
f 9324 9322 628
f 2149 2153 2158
f 2159 2158 9357
f 698 9359 9354
f 9275 9299 9279
f 2158 2156 9326
f 1438 2044 2046
f 2035 2154 2160
f 2161 2160 9341
f 9323 9343 605
f 9325 17 18
f 370 29 61
f 649 1951 413
f 2153 2157 2156
f 1428 1429 1449
f 1490 76 73
f 9342 9357 710
f 2155 1891 9343
f 1456 1457 1880
f 2125 2088 2087
f 2160 2159 9342
f 300 1959 505
f 1064 1062 1046
f 2043 1892 1891
f 2129 2130 2004
f 2131 2132 2133
f 9300 9301 1450
f 1998 1975 804
f 9331 673 9316
f 474 492 490
f 1164 1165 1182
f 707 2162 9361
f 708 1472 2162
f 2162 2161 9338
f 548 549 1905
f 1145 1136 1114
f 705 2121 1650
f 2043 2157 1977
f 737 738 554
f 1034 1195 1191
f 458 1905 1907
f 195 196 232
f 2040 2039 1969
f 2145 2146 2147
f 2054 2050 2049
f 9284 1646 1639
f 9 12 11
f 252 364 506
f 472 478 479
f 1865 9376 9243
f 900 903 910
f 1941 2150 2151
f 1921 1928 1927
f 2163 1897 1898
f 271 156 153
f 1904 1326 12
f 282 263 264
f 1872 1873 2154
f 1326 1904 1897
f 628 692 693
f 1724 1722 1719
f 1549 1562 436
f 1582 1583 1730
f 1921 1920 1929
f 9007 8955 10
f 2152 2037 1950
f 475 772 774
f 769 2172 2171
f 2171 2165 476
f 476 773 772
f 1791 565 464
f 2166 2167 2168
f 595 371 372
f 483 1809 1641
f 762 2174 2173
f 771 483 484
f 486 487 1809
f 297 1549 1517
f 763 2175 2174
f 776 755 759
f 184 185 2176
f 412 447 303
f 2005 2176 185
f 9263 1681 1682
f 2164 2170 756
f 1472 2035 2161
f 950 951 964
f 2177 2178 2179
f 227 226 1510
f 2182 2183 2184
f 2186 2019 2018
f 1985 2182 2181
f 214 736 729
f 865 849 842
f 849 865 1357
f 559 3187 3188
f 16 13 737
f 560 553 498
f 3193 3196 3195
f 3200 3197 3198
f 3211 3214 3213
f 3215 3218 3217
f 2187 2188 2002
f 3233 3236 3235
f 3223 3221 3222
f 3229 3232 3231
f 3245 3248 3247
f 2169 2168 2189
f 2192 2086 2085
f 2193 2194 2195
f 2198 2199 2200
f 1998 1982 1979
f 9116 9117 9120
f 3253 3256 3255
f 2116 1898 1903
f 1859 2006 2009
f 9356 2123 2126
f 1135 1148 1087
f 2201 2202 2015
f 1149 111 110
f 3261 3264 3263
f 3269 3272 3271
f 3265 3268 3267
f 3229 3230 3284
f 3289 3292 3291
f 3299 3302 3301
f 3307 3263 3264
f 3293 3296 3295
f 3297 3223 3224
f 3319 3321 3291
f 3322 3323 3318
f 3314 3313 3312
f 3285 3288 3287
f 3332 3333 3218
f 3329 3331 3330
f 3324 3325 3227
f 3298 3224 3326
f 2203 2204 2205
f 579 580 1895
f 1755 2207 2208
f 3337 3340 3339
f 9343 9362 1893
f 1211 2151 2150
f 868 997 2210
f 3347 3350 3349
f 944 945 930
f 2130 2129 2202
f 233 1903 1898
f 665 751 750
f 1167 1254 999
f 2211 2212 2213
f 2215 2216 2217
f 9319 593 590
f 2220 221 220
f 823 824 948
f 3375 3240 3377
f 3393 3392 3391
f 3353 3358 3357
f 3363 3366 3365
f 3402 3405 3404
f 266 204 455
f 9334 2108 2107
f 2221 2222 8963
f 2223 2224 2225
f 2207 2125 2124
f 3293 3309 3336
f 673 674 9321
f 817 1000 996
f 2227 2228 2146
f 1947 1948 646
f 9352 2135 17
f 2229 1635 1638
f 1679 1613 1618
f 1637 2231 2232
f 2233 2234 1617
f 2231 2235 2236
f 3406 3409 3408
f 1381 1638 2238
f 9038 2241 2242
f 3414 3416 3341
f 1630 2234 2233
f 1681 1626 472
f 1408 1407 2243
f 3423 3426 3425
f 3433 3351 3263
f 3434 3429 3430
f 3440 3443 3442
f 3444 3447 3446
f 3436 3451 3450
f 3442 3443 3456
f 1637 2230 2238
f 3445 3446 3437
f 3448 3443 3440
f 1409 1408 1634
f 1380 1383 2247
f 1628 2248 2245
f 3463 3466 3465
f 3308 3477 3462
f 2249 1623 1622
f 1632 1634 1408
f 2248 1628 1631
f 3478 3481 3480
f 3509 3512 3511
f 2235 2231 1637
f 3505 3508 3507
f 3457 3458 3199
f 631 2070 2071
f 515 167 52
f 782 781 2251
f 2253 2254 2255
f 397 281 459
f 1456 2039 2040
f 2040 2041 2036
f 3434 3475 3518
f 1401 2112 2111
f 2041 2040 1970
f 3367 3337 3338
f 1535 121 414
f 1586 1587 2080
f 2256 983 1132
f 3528 3531 3530
f 3519 3521 3520
f 3537 3505 3506
f 3543 3546 3545
f 1700 1699 9370
f 3486 3551 3550
f 3455 3456 3497
f 3558 3560 3559
f 3456 3568 3500
f 3572 3571 3252
f 3308 3264 3285
f 3316 3317 3574
f 3575 3478 3479
f 3576 3579 3578
f 3580 3583 3582
f 3584 3587 3586
f 3505 3537 3588
f 3589 3592 3591
f 3600 3603 3602
f 3542 3539 3595
f 3604 3605 3592
f 3611 3610 3613
f 3622 3625 3624
f 3618 3621 3620
f 3626 3629 3628
f 3644 3647 3646
f 3634 3637 3636
f 3638 3639 3641
f 9267 1896 1686
f 1263 2256 1886
f 3613 3655 3654
f 598 1841 844
f 2257 2258 2259
f 2258 2261 2262
f 2259 2262 2263
f 2260 2259 2216
f 1967 1971 1970
f 2212 1964 1963
f 922 921 2218
f 1312 1098 1101
f 1307 1306 1286
f 1548 1569 1546
f 2266 2267 2268
f 2265 2268 2270
f 2272 2265 2269
f 2273 2266 2265
f 2275 2276 2277
f 2278 2274 2277
f 2284 2285 9069
f 2287 2283 2286
f 2288 2289 2283
f 2290 2284 9091
f 2291 2292 2293
f 2295 2291 2294
f 2296 2297 2291
f 2297 2298 2292
f 2294 2293 2299
f 2279 2294 2300
f 2298 2301 2302
f 2292 2302 2303
f 2293 2303 2304
f 2304 2305 2306
f 2308 2309 2310
f 2302 2307 2310
f 2301 2311 2307
f 2312 2308 2307
f 2313 2314 2315
f 2318 2319 2320
f 9200 9223 2322
f 2324 2325 2273
f 2313 2324 2326
f 2328 2324 2313
f 2329 2325 2324
f 2331 2332 2333
f 2330 2333 2267
f 2325 2330 2266
f 2329 2331 2330
f 2333 2334 2335
f 2336 2334 2333
f 2338 2336 2332
f 2331 2339 2337
f 2329 2340 2339
f 2328 2341 2340
f 2316 2342 2341
f 2342 2316 2315
f 2344 2345 2346
f 2341 2344 2347
f 2342 2348 2344
f 2348 2349 2345
f 2350 2351 2352
f 2339 2350 2353
f 2340 2347 2350
f 2347 2346 2351
f 2337 2353 2354
f 2353 2352 2355
f 2356 2277 2276
f 2356 2357 2358
f 2356 2359 2296
f 2279 2277 2356
f 2360 2361 2270
f 2267 2335 2360
f 2362 2363 2364
f 2362 2365 2361
f 2366 2362 2358
f 2366 2367 2363
f 2357 2276 2368
f 2366 2368 2369
f 2276 2275 2370
f 2368 2370 2282
f 2372 2373 2374
f 2375 2376 2377
f 2378 2379 2380
f 2382 2378 2381
f 2384 2385 2378
f 2385 2386 2379
f 2388 2389 2390
f 2387 2390 2392
f 2393 2394 2387
f 2394 2395 2388
f 2186 2401 2402
f 2403 2404 2327
f 2272 2403 2326
f 2271 2405 2403
f 2405 2406 2404
f 2404 2407 2408
f 2409 2410 2411
f 2409 2412 2271
f 2413 2409 2269
f 2413 2414 2410
f 2417 2415 2416
f 2417 2418 2406
f 2412 2417 2405
f 2411 2415 2417
f 2406 2419 2407
f 9013 8964 632
f 2420 2398 2397
f 2420 2421 2423
f 2424 2420 2422
f 2424 2399 2398
f 2425 2391 2392
f 2421 2425 2426
f 2397 2396 2425
f 2396 2393 2391
f 2427 2314 2408
f 2430 2427 2428
f 2343 2315 2427
f 2432 2343 2430
f 2431 2430 2429
f 2435 2431 2433
f 2436 2432 2431
f 2428 2408 2407
f 2422 2437 2407
f 2438 2437 2422
f 2429 2428 2437
f 2440 2434 2433
f 2441 2439 2433
f 2442 2443 2439
f 2443 2444 2440
f 2445 2446 2444
f 2447 2445 2443
f 2383 2381 2445
f 2381 2380 2446
f 2448 2438 2423
f 2449 2448 2426
f 2441 2448 2449
f 2441 2429 2438
f 2449 2392 2390
f 2450 2390 2389
f 2447 2450 2451
f 2442 2449 2450
f 2451 2389 2453
f 2452 2453 2455
f 2382 2452 2454
f 2383 2451 2452
f 2456 2457 2373
f 2459 2460 2461
f 2463 2464 2465
f 2462 2465 2285
f 2466 2462 2284
f 2467 2463 2462
f 2461 2460 9155
f 2468 2469 2470
f 2472 2468 2471
f 2474 2461 9153
f 2475 2476 2477
f 2458 2455 2453
f 2479 2453 2389
f 2395 2480 2479
f 2480 2459 2458
f 2481 2482 2483
f 2484 113 2485
f 2471 2470 2464
f 2473 2471 2463
f 2487 2467 2466
f 2486 2466 2290
f 2490 2486 2488
f 2491 2487 2486
f 2492 2473 2467
f 2493 2492 2487
f 2494 2495 2492
f 2495 2472 2473
f 9142 2496 2474
f 9143 2497 2496
f 2498 2494 2493
f 2500 2498 2499
f 9152 9139 2498
f 9139 9143 2494
f 2306 2504 2278
f 2305 2505 2504
f 2504 2505 2507
f 2506 2507 2288
f 2274 2506 2508
f 2278 2504 2506
f 9085 9084 2489
f 9072 9085 2488
f 2507 2509 2289
f 2505 2510 2509
f 2508 2288 2287
f 2511 2287 2281
f 2370 2511 2280
f 2275 2508 2511
f 2512 2490 2489
f 2514 2512 2513
f 2517 2512 2514
f 2517 2491 2490
f 2499 2493 2491
f 2499 2517 2516
f 2510 2505 2519
f 2518 2519 2521
f 9068 2518 2520
f 9084 2510 2518
f 2522 2304 2303
f 2523 2522 2310
f 2305 2304 2522
f 2524 2522 2523
f 2519 2524 2525
f 2505 2305 2524
f 2308 2312 2527
f 2526 2527 2529
f 2531 2526 2528
f 2309 2308 2526
f 1214 2532 2151
f 2419 2406 2418
f 2533 2345 2349
f 2534 2533 2317
f 2535 2536 2533
f 2536 2346 2345
f 2537 2351 2346
f 2538 2537 2536
f 2539 2540 2537
f 2540 2352 2351
f 2312 2355 2541
f 2527 2541 2542
f 2543 2435 2434
f 2545 2543 2544
f 2319 2318 2543
f 2318 2436 2435
f 2514 2515 2548
f 2547 2548 2550
f 2552 2547 2549
f 2552 2516 2514
f 2520 2521 2554
f 2553 2554 2556
f 9042 2553 2555
f 9073 2520 2553
f 2523 2309 2531
f 2557 2531 2530
f 2525 2523 2557
f 2559 2557 2558
f 2554 2559 2560
f 2521 2525 2559
f 2561 2375 2007
f 2376 2562 2225
f 2564 2565 2566
f 2563 2566 338
f 2569 2563 2567
f 2570 2564 2563
f 2572 2573 2574
f 2571 2574 2576
f 2544 2571 2575
f 2544 2434 2572
f 2578 2570 2569
f 2579 2577 2569
f 2574 2577 2579
f 2573 2578 2577
f 2581 2582 2583
f 2584 2580 2583
f 9149 9127 2580
f 9128 2581 2580
f 2582 2516 2552
f 2583 2552 2551
f 2500 2501 2589
f 2590 2588 2589
f 9145 9147 2588
f 9147 9152 2500
f 2501 2516 2591
f 2592 2593 2594
f 2386 2385 2503
f 2596 2379 2386
f 2596 2374 2373
f 2599 2596 2597
f 2599 2380 2379
f 2600 2446 2380
f 2600 2599 2598
f 2603 2600 2601
f 2603 2444 2446
f 2604 2603 2602
f 2440 2604 2605
f 2444 2603 2604
f 2606 2582 2581
f 2606 2607 2590
f 2591 2516 2582
f 9128 2587 2456
f 9141 2456 2372
f 2478 2477 2608
f 2609 2610 2611
f 2564 2570 2613
f 2612 2613 2598
f 2457 2612 2597
f 2565 2564 2612
f 2614 2613 2570
f 2615 2614 2578
f 2602 2601 2614
f 2601 2598 2613
f 2572 2434 2605
f 2616 2605 2602
f 2573 2572 2616
f 1459 1016 1045
f 1265 1215 1079
f 1612 1608 1609
f 2067 2057 2069
f 1135 1109 1136
f 1938 1937 2618
f 95 548 458
f 2058 1607 1608
f 1454 1469 1445
f 655 2620 1048
f 722 1049 2621
f 3665 3639 3634
f 1131 985 1033
f 562 1481 366
f 1723 1719 1725
f 1786 1123 1122
f 267 300 323
f 1325 2034 1654
f 1468 1165 1435
f 658 657 529
f 8 532 247
f 382 1557 1559
f 3631 3681 3680
f 788 619 1307
f 940 930 929
f 911 2622 2623
f 2621 2620 655
f 2624 1857 2625
f 998 1846 27
f 635 638 2626
f 2627 641 644
f 2628 2627 1840
f 1200 1199 2627
f 1199 1773 641
f 1520 515 49
f 1452 1350 1349
f 2630 2631 1859
f 644 643 1335
f 3683 3700 3699
f 1197 1198 717
f 2632 717 719
f 2628 2632 1166
f 2629 1197 2632
f 1762 2633 1050
f 1823 870 873
f 2634 2635 794
f 1042 794 2635
f 93 94 1901
f 2036 2038 1458
f 1527 332 1525
f 877 876 1274
f 134 409 797
f 1328 893 931
f 607 777 1091
f 1043 2635 2637
f 2636 2637 2639
f 1275 2636 2638
f 1275 1040 1043
f 1272 2624 2626
f 2640 2626 638
f 1110 2641 2640
f 536 1272 2640
f 1472 708 1474
f 2042 2030 1951
f 3668 3632 3633
f 1058 1106 1105
f 2642 2623 2643
f 1192 2642 2644
f 912 2623 2642
f 9350 1657 8970
f 1049 1048 2620
f 616 1829 1885
f 1331 1913 666
f 990 989 1198
f 1911 1912 321
f 1298 1282 1205
f 76 1490 1504
f 1502 1500 421
f 610 609 658
f 1146 937 659
f 2646 911 914
f 1280 1239 1238
f 1453 1454 1452
f 835 942 1843
f 1271 1270 1173
f 1893 1878 1826
f 1050 2633 1937
f 2651 2652 814
f 1006 1053 1281
f 2653 1084 2654
f 1001 1004 1003
f 585 997 679
f 2624 1272 621
f 555 678 2028
f 1207 526 1197
f 1626 1627 478
f 3729 3732 3731
f 3746 3749 3748
f 3770 3752 3750
f 426 389 419
f 1030 1193 1773
f 9350 645 634
f 534 1533 138
f 1125 1092 1042
f 333 228 88
f 569 1570 561
f 3691 3694 3693
f 1489 2656 871
f 1857 2624 620
f 1673 1674 9222
f 622 861 864
f 619 788 891
f 261 544 545
f 393 1555 1556
f 2658 2659 2647
f 1075 2658 2657
f 1081 1080 2658
f 1080 1139 2659
f 2644 2643 1141
f 2660 1141 1140
f 642 2660 1336
f 1193 2644 2660
f 679 678 555
f 3762 3765 3764
f 1503 1501 1500
f 1318 1317 1101
f 2661 2659 1139
f 2661 1142 2663
f 2662 2647 2659
f 2662 2663 2622
f 2664 2622 911
f 2648 2664 2646
f 2648 2647 2662
f 3586 3658 3779
f 2083 2094 2093
f 1442 1440 1437
f 3732 3734 3733
f 519 329 330
f 1885 2029 1209
f 799 800 805
f 1946 1943 1952
f 1302 1301 1253
f 3741 3738 3757
f 3660 3663 3662
f 566 2005 224
f 1389 940 928
f 683 682 681
f 836 835 1842
f 2665 1842 1845
f 2666 2665 1303
f 24 836 2665
f 831 1072 2650
f 1845 1844 1304
f 2010 2013 2012
f 1051 1936 2667
f 1522 1521 1511
f 531 440 441
f 1250 635 2625
f 2669 2625 1857
f 783 2669 1856
f 782 1250 2669
f 720 2670 2671
f 1055 1931 1930
f 1333 1067 1251
f 619 622 1308
f 652 655 2619
f 521 522 1539
f 1838 988 537
f 2672 537 536
f 1113 2672 2641
f 1113 527 1838
f 1016 1013 1351
f 9349 573 570
f 226 227 104
f 9008 9121 9279
f 1036 1037 1884
f 2674 1301 1304
f 2673 1304 1844
f 1334 2673 2675
f 1333 2674 2673
f 2676 702 1039
f 1843 2676 2675
f 942 1074 2676
f 1074 699 702
f 752 1057 1055
f 1200 1166 656
f 1120 1846 874
f 2677 874 877
f 1241 2677 1052
f 1119 1120 2677
f 1560 1513 151
f 1208 1316 611
f 215 735 736
f 1460 1459 1462
f 3717 3720 3719
f 1208 1207 1839
f 854 856 1282
f 3682 3697 3696
f 72 445 182
f 544 1563 1565
f 217 200 456
f 3673 3647 3781
f 2047 1404 930
f 1204 2618 1937
f 913 777 686
f 3705 3708 3707
f 840 527 1113
f 1531 729 730
f 2678 778 1283
f 601 667 1914
f 1537 1538 459
f 1819 1757 8953
f 991 1860 862
f 2679 711 1073
f 3776 3775 3581
f 2680 1830 983
f 779 2680 2256
f 778 2678 2680
f 2678 2679 1830
f 180 542 245
f 1886 1132 1131
f 3766 3768 3767
f 1138 1137 1274
f 3777 3778 3585
f 1841 598 1140
f 75 313 314
f 193 423 420
f 2681 2682 1099
f 3658 3586 3587
f 170 1567 1565
f 349 416 417
f 1121 1124 2684
f 547 797 409
f 123 122 121
f 2643 2663 1142
f 1542 1544 513
f 899 900 907
f 1210 677 676
f 791 663 982
f 24 27 837
f 893 896 932
f 1860 1320 863
f 535 538 862
f 3640 3684 3683
f 1569 1548 1547
f 181 455 542
f 660 659 937
f 2013 567 568
f 3781 3647 3644
f 887 890 2631
f 1524 1508 361
f 520 161 162
f 2653 855 854
f 1238 1237 2655
f 718 1838 527
f 1492 1493 518
f 792 616 615
f 599 846 1835
f 290 457 456
f 312 171 1552
f 1248 2687 1179
f 153 149 177
f 1240 1181 1222
f 1257 1292 1235
f 1291 1084 1083
f 1052 877 1277
f 743 742 2618
f 444 140 430
f 23 1224 1172
f 2687 2654 1180
f 102 103 409
f 1283 607 610
f 373 497 650
f 1180 2654 1084
f 855 2653 2655
f 1173 1270 1917
f 2689 850 853
f 2688 853 1108
f 2686 2688 1279
f 2687 2689 2688
f 2691 1302 1252
f 2690 1252 850
f 1248 2690 2689
f 1248 1247 2691
f 2692 617 24
f 2691 2692 2666
f 1247 1258 2692
f 1258 1168 617
f 394 1554 1555
f 2693 1260 1259
f 1072 1236 1262
f 1257 1071 1168
f 398 439 1555
f 871 1784 1314
f 1178 1232 1249
f 1224 1289 1173
f 1010 2617 2618
f 1175 1174 1292
f 2654 2687 2686
f 2694 1157 1216
f 71 418 1487
f 701 1112 1111
f 1072 1261 2649
f 1085 2695 22
f 895 2694 1264
f 1601 1606 1605
f 1259 1262 1271
f 21 20 1220
f 988 991 538
f 3533 3479 3535
f 598 597 1336
f 1050 860 818
f 1298 2645 1761
f 1168 1167 618
f 3629 3671 3670
f 858 1168 1256
f 39 242 516
f 2652 1761 819
f 313 316 315
f 2026 1970 1971
f 2656 1489 596
f 814 819 818
f 2696 2651 813
f 1260 2696 2649
f 2693 2697 2696
f 2697 1296 2651
f 381 355 390
f 9270 9271 1611
f 1475 1427 1428
f 1292 1174 1917
f 1551 353 354
f 1526 1525 1523
f 1593 1589 1595
f 1232 1269 1246
f 2695 2693 1223
f 2698 1297 1296
f 2698 2697 2693
f 2685 2698 2695
f 2685 854 1297
f 562 1497 271
f 2652 2651 1296
f 1365 1366 1364
f 1958 1946 1953
f 585 588 2210
f 1561 1560 1515
f 975 2648 1146
f 347 67 68
f 1038 1111 636
f 2700 781 780
f 2699 780 1036
f 2701 2699 1883
f 851 2700 2699
f 2674 1333 2251
f 2702 2251 781
f 1253 2702 2700
f 1301 2674 2702
f 1519 387 388
f 1273 1239 1280
f 2703 1280 1107
f 2701 2703 852
f 1829 1273 2703
f 91 260 326
f 1784 871 2656
f 2683 2684 2705
f 604 1894 8943
f 1669 8978 8992
f 2062 2063 2060
f 621 535 861
f 2023 731 732
f 686 779 1263
f 857 1051 2668
f 883 830 882
f 3648 3651 3650
f 637 636 1111
f 2668 894 893
f 3692 3712 3711
f 2667 921 894
f 1039 1038 1068
f 313 75 1504
f 1911 1972 305
f 1936 2706 1964
f 2707 2402 2401
f 2708 2707 2183
f 738 2163 2116
f 3785 3787 3709
f 2349 2348 2432
f 2711 2712 2020
f 2400 2711 2019
f 2714 2715 2716
f 2717 2718 2719
f 2721 2722 2723
f 2726 2727 2728
f 2725 2728 2730
f 2731 2725 2729
f 2732 2726 2725
f 2734 2735 2736
f 2738 2739 2740
f 2737 2740 2741
f 2744 2745 2746
f 2745 2744 2748
f 2749 2750 2747
f 2753 2749 2751
f 2250 1380 2246
f 3417 3420 3419
f 2754 1396 1614
f 9050 2754 2755
f 9060 2745 2747
f 1617 2756 2755
f 2242 2758 1620
f 3429 3432 3431
f 2191 2085 2760
f 2761 2759 2760
f 9100 2759 2761
f 9075 2191 2759
f 3209 3460 3354
f 1395 1394 2236
f 1395 2235 1636
f 3741 3791 3790
f 1616 1635 2229
f 3410 3413 3412
f 1617 2234 2763
f 2756 2763 9080
f 2765 2763 2234
f 2766 2764 9080
f 3202 3199 3458
f 1516 437 435
f 2768 2769 8996
f 1495 541 578
f 2135 2136 28
f 8970 8984 2773
f 1690 1689 9378
f 2778 2779 2780
f 2777 2780 2781
f 2784 2778 2777
f 8999 8965 575
f 1494 1904 9
f 8973 2016 2015
f 451 61 505
f 2786 2787 2788
f 2779 2786 2785
f 2789 2752 2741
f 2790 2753 2752
f 2792 2793 2794
f 2793 2795 2796
f 2796 2797 2750
f 2794 2796 2749
f 2798 1393 1396
f 9043 2798 2754
f 2798 2799 2800
f 9043 9114 2799
f 2797 2796 2795
f 2791 2794 2753
f 216 233 232
f 9256 2806 2807
f 9257 2809 2804
f 2769 2810 9001
f 183 185 184
f 2811 2812 2775
f 2804 2811 2776
f 2809 2813 2811
f 2812 2811 2813
f 9257 2808 2816
f 9248 2818 2815
f 9250 9252 2820
f 9245 2823 2819
f 2824 2736 2735
f 2823 2825 2824
f 2825 2823 2826
f 9245 2822 2827
f 9248 2817 2826
f 2713 2716 2829
f 2828 2829 2831
f 2822 2821 2828
f 2821 2820 2713
f 2832 2827 2822
f 2833 2832 2830
f 2834 2835 2832
f 2835 2818 2827
f 2837 2838 2839
f 2836 2839 2841
f 2842 2836 2840
f 2843 2837 2836
f 2840 2841 2845
f 2718 2844 2845
f 2730 2728 2844
f 2727 2840 2844
f 2846 2845 2841
f 2829 2846 2847
f 2847 2841 2839
f 2848 2839 2838
f 2833 2848 2849
f 2831 2847 2848
f 2850 2814 2851
f 2853 2850 2852
f 2783 2777 2782
f 2785 2788 2853
f 2780 2785 2856
f 2857 2858 2855
f 2859 2857 2782
f 2861 2843 2842
f 2860 2842 2727
f 2862 2860 2726
f 2863 2861 2860
f 2861 2863 2858
f 2843 2861 2857
f 2856 2853 2854
f 2781 2856 2864
f 2837 2843 2859
f 2838 2837 2864
f 2852 2851 2834
f 2854 2852 2849
f 2865 2815 2818
f 2851 2865 2835
f 2813 2809 2815
f 2814 2813 2865
f 2866 2812 2814
f 2788 2866 2850
f 2866 2788 2787
f 2812 2866 2867
f 1892 1889 1890
f 2720 2719 2846
f 298 299 256
f 2872 2714 2713
f 9246 9252 2735
f 2729 2730 2874
f 2846 2716 2715
f 2876 2877 2878
f 2733 2875 2878
f 9258 9259 2879
f 9258 2880 2872
f 2882 2883 2884
f 2881 2884 2715
f 2880 2881 2714
f 2879 2882 2881
f 2885 2886 2887
f 2888 2889 2890
f 2885 2890 2892
f 2893 2886 2885
f 1942 2151 2532
f 2895 2892 2720
f 2884 2895 2870
f 2883 2896 2895
f 2896 2891 2892
f 2889 2874 2717
f 2890 2717 2720
f 2897 2893 2891
f 2898 2897 2896
f 2899 2898 2883
f 2900 2899 2882
f 9249 2900 2879
f 2876 2902 2901
f 2901 2902 2904
f 1785 2656 1835
f 2905 2906 2899
f 2907 2908 2897
f 9249 2901 2903
f 632 576 577
f 8976 8991 2867
f 434 385 550
f 2768 2770 9092
f 2910 2911 1623
f 2241 2912 2758
f 9092 2770 2913
f 1623 2911 2757
f 9039 2242 2757
f 2229 1381 1380
f 2765 1630 1629
f 2915 2914 1629
f 9094 9093 2914
f 9093 9074 2765
f 2919 2916 9094
f 2918 2915 2912
f 9066 2918 2241
f 9070 2919 9065
f 8985 2177 2180
f 8965 2002 2188
f 3694 3626 3627
f 9157 9017 714
f 2925 2766 2917
f 2924 2917 2916
f 9062 2924 2919
f 9063 2925 2924
f 2926 2927 2766
f 9110 2926 2925
f 1715 1713 1705
f 785 497 498
f 1387 651 565
f 374 375 1899
f 9017 2203 2206
f 2929 2930 2886
f 2932 2933 2934
f 1905 1906 1908
f 2930 2935 2936
f 2938 2935 2930
f 1493 369 517
f 1603 1585 1586
f 2939 2938 2929
f 2940 2939 2908
f 9117 1707 1600
f 2886 2930 2937
f 2906 2907 2898
f 2908 2929 2893
f 2942 2934 2933
f 2941 2933 2937
f 8945 2941 2936
f 8942 2942 2941
f 2943 2944 2710
f 2943 2873 2874
f 2945 2943 2889
f 2946 2944 2943
f 2932 2945 2888
f 2931 2946 2945
f 727 1928 1929
f 2903 2904 2947
f 545 594 42
f 1480 1570 533
f 2907 2906 2949
f 2906 2905 2950
f 1558 452 215
f 9251 2903 2948
f 2054 1645 1644
f 9157 9136 2203
f 1828 1837 1849
f 2953 2954 2955
f 2952 2955 2957
f 2956 2261 2258
f 2953 2952 2258
f 2454 2455 2474
f 9199 2958 2959
f 9199 2132 2131
f 2961 2962 2963
f 2958 2963 2964
f 222 221 2485
f 2477 2226 2966
f 2631 2561 2006
f 2384 2454 2496
f 2967 2968 2959
f 2968 2967 2970
f 9211 2033 2971
f 9236 2971 2960
f 2972 2971 2033
f 2007 2377 2973
f 9004 9003 2134
f 1836 1833 1832
f 8950 2188 2090
f 955 810 959
f 672 675 674
f 633 710 713
f 2024 732 733
f 2025 2024 803
f 425 1552 1550
f 2975 2976 888
f 1319 1158 1157
f 1212 1935 2977
f 889 957 2228
f 1978 1974 1975
f 1138 1078 1329
f 751 665 2979
f 1619 1613 1625
f 2252 2255 1728
f 1157 1160 845
f 2706 1936 1938
f 2980 2255 2254
f 2982 2975 887
f 802 712 711
f 678 677 2029
f 527 840 690
f 1839 1207 2629
f 2983 2984 602
f 2983 1914 1913
f 2985 2983 1331
f 2986 2984 2983
f 2987 2637 2635
f 2985 2988 2639
f 2990 1319 1318
f 2991 2992 2993
f 2995 2991 2994
f 1106 1058 2991
f 1058 1057 2992
f 1415 1406 1365
f 1317 922 2217
f 1932 1728 2255
f 926 2998 2999
f 3001 2993 2992
f 3000 2992 1057
f 2999 3000 2978
f 2998 3001 3000
f 3002 2998 2209
f 3002 3003 2996
f 2993 3001 3002
f 1103 1106 2995
f 3004 2995 2996
f 2209 2210 3004
f 588 1103 3004
f 295 296 433
f 2638 2639 2988
f 3005 2988 1056
f 1305 3005 1930
f 1276 2638 3005
f 1987 1968 1993
f 2633 1762 1761
f 1423 1422 1417
f 9005 8961 739
f 2671 2670 2704
f 1473 1872 2035
f 922 1317 2694
f 1401 1400 1378
f 556 2028 1884
f 842 848 9277
f 1854 2706 2617
f 933 1082 1081
f 1440 1441 1436
f 529 657 719
f 1031 1025 1027
f 777 913 912
f 2645 1205 1204
f 441 438 1538
f 3771 3774 3773
f 790 1287 587
f 2065 2066 1610
f 1860 991 990
f 60 106 87
f 1424 1017 1948
f 332 1527 1507
f 261 262 138
f 187 188 449
f 1719 1720 1726
f 1931 1055 1059
f 3006 1059 1105
f 1287 3006 1104
f 1286 1931 3006
f 3007 3008 3009
f 3009 3008 653
f 618 999 26
f 2029 677 1210
f 957 601 600
f 1049 2146 2228
f 2631 890 3011
f 890 889 2227
f 3011 2227 2145
f 2561 3011 3012
f 1026 656 609
f 2706 1854 1961
f 3013 2965 2485
f 2148 2147 1267
f 3015 1267 1266
f 2997 2264 1101
f 642 641 1773
f 186 477 461
f 1041 1040 1320
f 1121 3016 3017
f 2984 2986 2987
f 3018 2987 2634
f 1048 603 3018
f 603 602 2984
f 2679 2678 801
f 2062 2072 2074
f 2061 2074 2076
f 414 303 1545
f 3016 1121 2683
f 3019 2683 2704
f 3020 3019 2670
f 3007 3016 3019
f 1871 1090 1091
f 3021 1787 1122
f 3022 3021 3017
f 1314 3021 3022
f 1784 1787 3021
f 1316 1315 1763
f 3023 3022 3010
f 3023 3009 795
f 1763 3023 1092
f 1315 3022 3023
f 3016 3007 3010
f 752 751 2978
f 2986 2639 2637
f 3024 654 653
f 3020 3024 3008
f 720 723 3024
f 723 2621 654
f 2681 1098 1268
f 2671 3025 1268
f 2705 2681 3025
f 1313 3026 3027
f 3026 3028 3029
f 3027 3029 3030
f 1311 3027 3031
f 2012 568 731
f 917 2657 974
f 3742 3745 3744
f 743 1206 856
f 1888 2027 2030
f 2682 2705 2684
f 3032 2684 1124
f 1100 3032 2989
f 1099 2682 3032
f 1123 2990 2989
f 3033 1834 1159
f 2990 3033 1158
f 1123 1786 3033
f 1786 1785 1834
f 1054 1056 2988
f 2979 665 664
f 2623 2622 2663
f 1095 660 688
f 3034 3035 2261
f 3036 3034 2956
f 3037 3038 3034
f 3038 3039 3035
f 3040 3041 3026
f 2263 3042 3041
f 3042 3039 3043
f 3041 3043 3028
f 3044 3045 3043
f 3046 3047 3045
f 3047 3048 3049
f 3043 3045 3049
f 3038 3037 3051
f 3050 3051 3053
f 3052 3046 3044
f 3039 3038 3050
f 3054 3035 3039
f 3042 2263 2262
f 2261 3035 3054
f 2216 2263 2997
f 2212 2211 2667
f 3056 868 2209
f 934 3057 1961
f 2013 9207 9209
f 3058 3059 3060
f 3059 3062 3063
f 3060 3063 2213
f 3061 3060 1963
f 3063 3064 2214
f 3062 3065 3064
f 3065 2257 2260
f 3064 2260 2215
f 3066 3067 3031
f 2608 2966 3067
f 2966 2562 3068
f 3031 3067 3068
f 2455 2458 2461
f 2476 2223 2226
f 8995 2090 2089
f 8970 2774 9221
f 433 354 355
f 2115 1423 1419
f 8953 2868 2922
f 9221 9189 2131
f 3069 2611 2167
f 2971 2972 2928
f 2961 2774 2773
f 3070 2475 2478
f 2610 2609 3071
f 2502 2371 2374
f 3072 2592 2595
f 2964 3046 3052
f 3048 2593 3074
f 2593 2592 3075
f 3075 3030 3029
f 3074 3029 3028
f 3072 3076 3075
f 3076 3072 2482
f 2481 2608 3066
f 3076 3066 3030
f 2967 3052 3053
f 2482 3072 3073
f 479 480 493
f 706 9352 9325
f 9005 2194 2221
f 2013 2010 9206
f 8977 2032 2016
f 9006 8963 2222
f 1171 1154 1155
f 3782 3644 3689
f 2586 2566 2565
f 2982 110 113
f 2562 2376 3077
f 2376 2375 3012
f 3012 2145 2148
f 3077 2148 3015
f 2963 3047 3046
f 3051 3078 2970
f 1683 2173 491
f 9302 2122 1447
f 1986 2181 9186
f 3079 3080 2546
f 3081 3079 2575
f 1983 1986 9220
f 3082 2323 2319
f 3080 3082 2545
f 9186 9184 3082
f 9184 9200 2323
f 1309 1471 1888
f 3073 2595 2772
f 2760 3083 3084
f 2760 2085 2088
f 3085 3084 3086
f 3089 3085 3090
f 3089 2762 3084
f 3092 3088 3090
f 3093 2748 2744
f 2751 2747 2748
f 3093 2741 2752
f 2742 2741 3093
f 3094 3093 2743
f 3096 3097 3098
f 3099 3096 3087
f 3097 3094 3095
f 3100 2743 2746
f 3101 2927 3102
f 2764 2766 2927
f 2745 2764 3101
f 3102 3092 3091
f 3100 3091 3095
f 2869 2802 9044
f 3102 3103 3104
f 9110 2868 2869
f 2927 2926 3103
f 3098 3095 3091
f 3087 3098 3090
f 2088 2125 3105
f 3083 3105 3086
f 2483 3073 2771
f 2401 2186 2185
f 3099 3086 3105
f 2125 2207 3106
f 3108 2737 2742
f 3107 2742 3094
f 3110 3108 3107
f 3109 3107 3097
f 3111 3109 3096
f 3112 3110 3109
f 3113 2738 2737
f 3115 2723 2722
f 3117 3115 3114
f 3119 3117 3116
f 3118 3116 3120
f 3116 3114 3113
f 3122 3112 3111
f 3122 3123 1755
f 3124 3125 3126
f 3125 3118 3121
f 3128 3119 3118
f 3129 3128 3125
f 2020 2712 3128
f 9305 9309 1346
f 1065 1046 1047
f 1814 9290 9282
f 2021 2020 3129
f 3111 3099 3106
f 3123 3106 2207
f 2377 2225 2224
f 3014 2485 113
f 1756 2208 9234
f 3131 3132 2530
f 3133 3131 2528
f 1753 1756 9219
f 3134 3124 3127
f 2327 2408 2314
f 2436 2318 2317
f 2018 2021 9163
f 2534 3136 3137
f 2320 2322 3136
f 2185 2018 9164
f 3138 3139 2542
f 3134 3135 9196
f 9237 3130 3134
f 3140 3138 2539
f 2535 3137 3140
f 9163 2021 3130
f 2558 2530 3132
f 9234 9212 3141
f 2560 2558 3141
f 9212 9229 3142
f 958 888 2976
f 1933 1932 2980
f 3714 3704 3729
f 2399 2424 2418
f 2348 2342 2343
f 2322 2320 2319
f 2718 2717 2874
f 2709 2729 2873
f 2894 2871 1361
f 3788 3789 3720
f 346 289 176
f 1876 1877 1882
f 2802 2803 9059
f 3104 3144 3088
f 2974 2222 9101
f 3089 3145 2761
f 3088 3144 3145
f 2803 2974 9055
f 9322 9361 692
f 2123 1419 1418
f 1365 1363 1368
f 3346 3345 3344
f 1581 1766 1782
f 9013 2202 2129
f 8999 2003 2002
f 3146 2585 2551
f 9203 3146 3147
f 9194 3149 3146
f 3149 2584 2585
f 3196 3198 3197
f 9056 2192 2191
f 3142 3150 2556
f 9229 9230 3150
f 9098 3152 2550
f 3150 3151 2555
f 9230 9232 3151
f 9240 9233 3152
f 3153 3147 2551
f 3152 3153 2549
f 9233 9228 3153
f 9228 9202 3147
f 3148 2767 2206
f 2183 2401 2321
f 2132 2960 2928
f 3299 3300 3321
f 9136 9137 2204
f 9171 2198 2197
f 2594 2962 2773
f 2595 2594 2951
f 1870 798 799
f 3257 3260 3259
f 9165 2179 2178
f 9158 2178 9188
f 336 3154 9226
f 339 3155 3154
f 9241 9135 3149
f 9135 9149 2584
f 2963 2962 3048
f 9174 9182 337
f 339 338 2566
f 3156 3157 2168
f 2610 3156 2167
f 2954 2953 3156
f 3157 3156 2953
f 9159 2166 2169
f 2567 3158 3159
f 337 3158 2567
f 9182 3069 2166
f 9216 2190 1983
f 2579 3160 3081
f 2568 3159 3160
f 9161 2169 2190
f 3065 3062 3162
f 3161 3162 1984
f 3157 3161 2189
f 2257 3065 3161
f 734 735 1922
f 3059 3058 2708
f 3163 2708 2182
f 3162 3163 1985
f 3062 3059 3163
f 3203 3206 3205
f 3806 3809 3808
f 2122 2119 1448
f 9269 1686 1685
f 139 140 444
f 1570 569 566
f 2957 3164 3165
f 2955 3166 3164
f 1912 454 341
f 3130 3129 3124
f 1548 322 319
f 1949 1950 1327
f 2969 2970 3078
f 3167 3078 3169
f 9176 2014 2017
f 9172 2017 2033
f 3168 3169 3165
f 3170 3165 3164
f 9231 3170 3171
f 9176 3168 3170
f 3171 3164 3166
f 3172 3166 3071
f 9204 3172 3173
f 9208 3171 3172
f 3169 3037 3036
f 2593 3048 2962
f 3173 3071 2609
f 3174 2609 2199
f 9235 3174 2198
f 9201 3173 3174
f 2190 2189 1984
f 2196 2195 2767
f 3326 3329 3328
f 2119 2120 1414
f 1464 1463 1466
f 2199 2611 3069
f 2457 2456 2587
f 2226 2225 2562
f 481 478 1627
f 333 1512 235
f 3078 3051 3037
f 3040 2264 2997
f 3351 3352 3262
f 2219 1934 1933
f 2385 2384 2497
f 221 2220 3175
f 2220 1933 3143
f 3175 3143 2976
f 2484 3175 2975
f 2954 3071 3166
f 2630 1858 110
f 1547 319 1952
f 2091 2090 2188
f 9185 9188 2178
f 1918 1919 1927
f 9007 112 111
f 3398 3401 3400
f 955 956 960
f 2037 3014 112
f 3143 2980 2981
f 2218 2211 2214
f 672 9329 9239
f 2152 3013 3014
f 1147 1144 1143
f 2248 2246 1409
f 1615 1636 1635
f 1410 1409 2246
f 3486 3488 3487
f 3468 3469 3502
f 3451 3453 3452
f 1382 3176 3177
f 3177 1410 2247
f 2247 1383 3177
f 3176 2238 2230
f 1410 3177 3179
f 3179 3180 2243
f 1633 3181 2800
f 3816 3818 3817
f 1621 1620 2758
f 3642 3801 3662
f 3422 3421 3260
f 1622 1621 2245
f 2236 1394 3181
f 3793 3796 3795
f 3493 3496 3495
f 2237 2236 3182
f 3513 3516 3515
f 2250 1631 2233
f 3654 3666 3667
f 2912 1629 1628
f 3819 3822 3821
f 3432 3824 3823
f 135 136 1564
f 1567 419 512
f 1085 1084 2653
f 3184 869 868
f 869 3184 3057
f 3389 3388 3387
f 1266 1268 1098
f 1267 2147 722
f 937 1146 2646
f 2146 1049 722
f 2211 2218 921
f 1957 510 507
f 1313 1312 2264
f 1496 362 1493
f 2887 2937 2933
f 1687 1688 1659
f 145 1499 1498
f 3831 3829 3830
f 37 38 418
f 1935 1934 3185
f 104 89 301
f 2101 2098 2083
f 543 298 360
f 1934 2219 3186
f 234 1521 212
f 9297 9273 1822
f 3825 3828 3827
f 1976 1875 1874
f 223 3186 2219
f 9107 9108 9057
f 2165 2164 467
f 467 468 2165
f 773 476 2165
f 3673 3658 3659
f 1935 1212 1728
f 3490 3491 3840
f 3362 3359 3848
f 3862 3865 3864
f 3465 3466 3484
f 3893 3894 3525
f 3352 3351 3430
f 3869 3872 3871
f 3529 3530 3567
f 3420 3417 3922
f 3304 3235 3236
f 3929 3932 3931
f 3324 3326 3327
f 3219 3937 3939
f 3220 3938 3937
f 3450 3375 3376
f 3942 3832 3833
f 3215 3216 3454
f 3946 3332 3215
f 3422 3949 3948
f 3950 3457 3198
f 3205 3206 3957
f 3261 3962 3961
f 3852 3853 3964
f 3214 3211 3946
f 3965 3213 3214
f 3797 3800 3799
f 3988 3991 3990
f 3777 3779 3806
f 3855 3858 3447
f 3737 3799 3800
f 3949 3953 3952
f 3651 3782 3783
f 4001 3784 3787
f 4019 4022 4021
f 4027 4030 4029
f 3258 3259 4030
f 4033 4036 4035
f 3424 3425 4047
f 3242 3243 4058
f 3970 3489 3547
f 3829 3242 4057
f 3333 3332 3947
f 4063 4068 4065
f 4073 4076 4075
f 3568 3456 3443
f 3981 3334 3335
f 3540 3915 3862
f 4078 4079 4031
f 3565 3566 4088
f 3442 3455 4089
f 4092 4095 4094
f 4093 4094 4097
f 3619 3620 3623
f 3660 4098 3821
f 3809 3648 3649
f 3610 3652 3655
f 3656 3622 3623
f 3621 3803 3804
f 3503 3480 3481
f 3436 3439 3438
f 3356 3428 3427
f 3628 3670 3669
f 3734 3811 4002
f 3276 3273 3370
f 3763 4106 4107
f 4006 4007 3754
f 3747 3751 3752
f 3863 3864 4110
f 3994 3891 4003
f 3653 3801 3664
f 3296 4116 4115
f 4117 4120 4119
f 3249 3252 3251
f 4127 4130 4129
f 3478 3575 3903
f 3410 4136 3921
f 3977 4061 4038
f 3216 3452 3453
f 3967 3547 3548
f 4140 4078 4032
f 3509 4086 4149
f 4151 4152 3659
f 4153 4152 3656
f 4153 4154 3646
f 4156 3688 3645
f 4139 4077 4078
f 3743 3744 4163
f 3861 3918 3987
f 3468 4066 4067
f 3306 3981 3980
f 4172 4173 4010
f 4169 4170 3836
f 4187 4190 4189
f 4213 4216 4215
f 4220 4223 4222
f 4225 4226 4211
f 4230 4233 4232
f 4240 4243 4242
f 3606 3609 3608
f 4250 4253 4252
f 4258 4261 4260
f 4077 4080 4079
f 4276 4279 4278
f 4308 4262 4263
f 4017 4018 3872
f 3196 3193 3951
f 4316 4317 4270
f 3870 4306 4307
f 4324 4327 4326
f 4333 4334 4247
f 4338 4341 4340
f 4348 4351 4350
f 4283 4284 4289
f 4356 4359 4358
f 4359 4019 4020
f 4362 4363 4196
f 4320 4364 4279
f 4370 4372 4296
f 4377 4253 4303
f 4231 4232 4201
f 4203 4212 4331
f 4037 4040 4039
f 4371 4265 4386
f 4387 4346 4347
f 3309 3293 3294
f 4099 3723 3724
f 4355 3422 3257
f 3630 3680 3693
f 4277 4278 4302
f 4350 4318 4319
f 4353 4354 4351
f 3637 3634 3639
f 4394 4395 3827
f 3311 3312 4399
f 3755 3708 4005
f 4363 4362 4259
f 3454 3453 3919
f 3446 3447 3459
f 4298 4299 4404
f 3749 3746 3769
f 3791 3741 3756
f 3643 3685 3684
f 3845 3846 3399
f 4313 3257 3258
f 4411 4413 4408
f 3843 4424 4423
f 4214 4215 4329
f 4431 4434 4433
f 3918 3861 3798
f 3927 3928 3388
f 4453 3893 3874
f 4138 4458 4457
f 3346 4460 4459
f 4100 4109 4108
f 3974 3977 3976
f 3665 3655 3652
f 3773 3565 3993
f 3945 3454 3920
f 4144 4463 4462
f 4464 4467 4466
f 3268 4142 4479
f 4484 3921 4136
f 3348 3914 4487
f 3313 3314 3912
f 3803 3621 3617
f 4086 3509 3510
f 4034 3304 3305
f 3403 3404 4171
f 4481 4482 4492
f 4177 4180 4179
f 4398 4170 3923
f 4451 4493 4494
f 4501 4075 4076
f 4509 4510 4506
f 3304 4034 4462
f 4485 4399 3312
f 3419 4488 3349
f 4356 4345 4385
f 4026 4354 4358
f 4354 4353 4357
f 3599 3596 4091
f 4341 4338 4254
f 4251 4252 4524
f 3482 3485 3484
f 3843 3543 3544
f 4295 4341 4274
f 4381 4530 4206
f 4204 4205 4531
f 4533 4536 4535
f 4542 4545 4544
f 4546 4549 4548
f 4573 4574 4547
f 4575 4578 4577
f 4221 4581 4580
f 4587 4590 4589
f 4328 4592 4589
f 4187 4565 4563
f 4595 4583 4593
f 4597 4605 4604
f 4609 4608 4611
f 4620 4623 4622
f 4612 4615 4614
f 4636 4638 4600
f 4649 4651 4650
f 4652 4655 4654
f 4662 4665 4664
f 4666 4669 4668
f 4637 4639 4685
f 4627 4701 4700
f 4684 4686 4636
f 4663 4689 4661
f 4699 4698 4697
f 4647 4648 4703
f 4709 4711 4603
f 4724 4633 4726
f 4742 4745 4744
f 3311 3923 3924
f 4698 4759 4758
f 4749 4765 4609
f 4342 4345 4344
f 4797 4800 4799
f 4490 4048 3974
f 4019 4359 4306
f 4512 3955 4514
f 3991 3988 4508
f 4692 4695 4694
f 4680 4681 4818
f 4821 4822 4824
f 4367 4239 4243
f 4833 4832 4831
f 4837 4744 4757
f 4332 4563 4562
f 4683 4835 4819
f 4845 4843 4850
f 4751 4753 4752
f 4854 4855 4695
f 4858 4719 4718
f 4822 4559 4859
f 4674 4646 4647
f 4771 4774 4773
f 4726 4727 4537
f 4714 4718 4719
f 4633 4634 4688
f 4616 4619 4618
f 4686 4684 4842
f 4869 4707 4708
f 3502 3868 3528
f 4777 4660 4737
f 4734 4732 4779
f 4883 4755 4663
f 4375 4294 4274
f 4290 4343 4335
f 4816 4815 4812
f 4778 4779 4732
f 4158 3710 4160
f 4195 4198 4197
f 3860 3861 4166
f 3758 3759 3763
f 3694 3691 4157
f 4249 4248 4391
f 3467 3470 3469
f 4209 4212 4211
f 4142 3268 4144
f 3615 3614 3617
f 3479 3480 3536
f 4883 4753 4672
f 4802 4801 4642
f 3698 3637 3638
f 4105 3725 3726
f 4848 4645 4896
f 4878 4877 4744
f 4610 4874 4748
f 4036 3403 4489
f 4355 4313 4314
f 4171 4141 4049
f 3875 3452 3216
f 4868 4865 4863
f 4623 4900 4691
f 3629 3626 4155
f 4654 4887 4898
f 4012 4015 4014
f 4902 4903 4866
f 4768 4769 4908
f 4370 4386 4385
f 4888 4860 4914
f 3546 3543 3917
f 4932 4926 4931
f 3625 3622 4151
f 3804 3669 3670
f 3816 4104 4103
f 4911 4898 4887
f 4928 4930 4927
f 4925 4929 4927
f 3655 3665 3666
f 4932 4919 4910
f 4937 4923 4912
f 4939 4938 4942
f 4228 4529 4530
f 4946 4945 4942
f 4938 4922 4923
f 4942 4938 4937
f 4951 4950 4930
f 4955 4951 4928
f 4748 4750 4615
f 4914 4860 4847
f 4824 4859 4584
f 4940 4939 4941
f 4916 4961 4960
f 4909 4907 4891
f 4971 4967 4968
f 4966 4970 4948
f 4962 4952 4953
f 4940 4935 4924
f 4831 4916 4917
f 4935 4936 4925
f 4275 4255 4261
f 4679 4758 4791
f 4016 4309 4373
f 4668 4764 4766
f 4539 4537 4727
f 4929 4925 4936
f 4775 4776 4801
f 4801 4776 4742
f 4732 4734 4611
f 4985 4984 4983
f 4534 4586 4562
f 4847 4644 4645
f 4788 4787 4619
f 4787 4788 4678
f 4657 4606 4605
f 4994 4996 4878
f 5006 5009 5008
f 5001 5003 4973
f 4814 4618 4619
f 5014 4989 4974
f 5003 5002 4972
f 5019 5006 5007
f 5024 5016 5017
f 5036 5037 5035
f 4990 5019 4975
f 5045 5033 5034
f 5048 5049 5034
f 5025 5017 5014
f 5046 5038 5043
f 5051 5052 5055
f 5044 5050 5060
f 5011 4981 5021
f 5013 5069 5068
f 5028 5073 5072
f 5077 5074 5064
f 5065 5080 5079
f 5083 5079 5080
f 5063 5067 5080
f 5054 5055 5071
f 4602 4603 4711
f 5058 5082 5083
f 4982 4983 4792
f 5041 5033 5045
f 3909 3911 3278
f 3471 3474 3473
f 5002 5003 4994
f 5060 5080 5067
f 4892 4861 4862
f 4891 4813 4884
f 4996 4994 5003
f 4997 5015 5005
f 4813 4617 4614
f 4618 4814 4827
f 5089 5090 5093
f 3303 3306 3305
f 5100 5103 5102
f 5107 5110 5109
f 5110 5115 5092
f 4610 4611 4734
f 5112 5103 5100
f 5088 5091 5090
f 5119 5118 5117
f 5092 5115 5096
f 3826 3830 3829
f 5108 5109 5102
f 5100 5130 5087
f 5118 5131 5133
f 3783 3689 3690
f 4444 4447 4446
f 5151 5153 5150
f 4790 4616 4617
f 4332 4182 4190
f 3266 3267 4451
f 3211 3947 3332
f 4741 4796 4760
f 4775 4778 4777
f 4764 4665 4691
f 4489 4171 4048
f 4466 4477 4511
f 4518 3936 3930
f 4786 4787 4791
f 4980 5005 4984
f 5144 5152 5150
f 5159 5146 5148
f 5121 5119 5120
f 5169 5164 5162
f 5016 4978 4979
f 5123 5180 5179
f 5181 5180 5140
f 5175 5185 5184
f 4575 4581 4586
f 4984 4985 4976
f 4596 4599 4598
f 5182 5181 5183
f 4785 4619 4787
f 5137 5124 5122
f 5167 5179 5180
f 4835 4683 4898
f 4687 4727 4726
f 4176 3836 4170
f 4760 4761 4655
f 4681 4680 4649
f 5121 5093 5132
f 5171 5191 5178
f 5174 5178 5191
f 5169 5193 5194
f 4909 5094 5095
f 5105 5104 5112
f 4767 5108 5126
f 5201 5202 5205
f 5219 5218 5217
f 5229 5214 5200
f 5234 5237 5236
f 4069 4072 4071
f 4724 4725 4717
f 5108 4767 4768
f 5103 5195 5126
f 5227 5218 5211
f 5015 4997 4884
f 4997 4998 4892
f 5197 5198 5215
f 5241 5199 5247
f 5013 4975 5019
f 5205 5239 5232
f 4969 4967 4971
f 5239 5205 5249
f 4808 5243 5225
f 5216 5247 5199
f 5253 5245 5242
f 5235 5236 5255
f 5135 5148 5157
f 5264 5260 5267
f 5245 5203 5215
f 5260 5261 5269
f 5264 5266 5274
f 5154 5153 5173
f 5287 5272 5278
f 5256 5301 5300
f 5173 5174 5176
f 4631 4630 4629
f 4781 4784 4783
f 5309 5307 5311
f 5155 5156 5144
f 4826 4828 4827
f 5291 5295 5308
f 5310 5311 5281
f 5311 5307 5308
f 4036 4033 4176
f 4641 4716 4704
f 5220 5224 4804
f 4770 5206 5207
f 5188 5185 5175
f 5180 5123 5129
f 4626 4700 5314
f 4731 4728 5315
f 5222 5213 5210
f 4728 4882 5316
f 5230 5219 5216
f 5297 5296 5240
f 5204 5233 5208
f 5318 4868 4864
f 5273 5272 5287
f 5221 5210 5219
f 4700 4902 5321
f 5313 5314 5328
f 5157 5149 5154
f 5275 5276 5263
f 5324 5322 5318
f 5323 5332 5331
f 5343 5334 5345
f 5306 5310 5286
f 5278 5281 5311
f 4882 4625 5320
f 5109 5110 5114
f 5123 5087 5130
f 5299 5283 5284
f 5240 5198 5199
f 5229 5231 5197
f 5305 5302 5292
f 5233 5228 5225
f 5192 5190 5194
f 5104 5105 4670
f 5146 5159 5160
f 5337 5340 5347
f 5347 5340 5341
f 5353 5346 5335
f 5349 5355 5354
f 5355 5358 5357
f 5358 5355 5360
f 5355 5349 5348
f 5342 5366 5365
f 5345 5346 5362
f 5332 5364 5367
f 5372 5371 5315
f 5370 5365 5366
f 5361 5356 5354
f 5364 5365 5368
f 5369 5344 5362
f 5316 5320 5330
f 5373 5359 5371
f 5341 5342 5364
f 5374 5358 5359
f 5329 5376 5375
f 5377 5380 5379
f 5377 5376 5331
f 5380 5377 5367
f 5363 5383 5370
f 5357 5358 5374
f 5381 5385 5361
f 4814 4815 4825
f 4825 4815 4816
f 4806 4746 4747
f 5119 5121 5131
f 4696 4697 4893
f 4696 5389 5390
f 5213 5222 5388
f 5393 5389 5388
f 5380 5382 5384
f 5213 5387 4893
f 4813 4891 4908
f 5390 5392 4693
f 5294 5289 5287
f 5184 5185 5186
f 5285 5275 5253
f 4769 4789 4790
f 5327 5371 5359
f 4598 4621 4690
f 4608 4606 4733
f 4627 4624 4609
f 4596 4604 4851
f 4900 4623 4706
f 4668 4795 5395
f 4863 4865 4639
f 5392 5393 4666
f 4872 4650 4651
f 4807 4791 4758
f 5348 5338 5325
f 5176 5191 5190
f 5046 5031 5022
f 4853 4852 4869
f 5346 5353 5363
f 4709 4880 4620
f 4672 4673 4904
f 4680 4811 4651
f 4841 4844 4688
f 4823 4817 4818
f 4729 4730 4602
f 4881 4729 4851
f 5360 5348 5326
f 4852 4900 4707
f 4890 4751 4669
f 5392 5390 5389
f 5189 5182 5186
f 4881 4604 4605
f 5343 5344 5369
f 4607 4624 4625
f 5056 5055 5052
f 4850 4797 4798
f 3260 5399 5398
f 4855 4736 4899
f 5339 5343 5366
f 4789 4905 4808
f 5400 4040 3948
f 3872 3424 4046
f 4018 3423 3424
f 4025 4523 4172
f 4011 4023 4024
f 4065 4068 3900
f 3413 4012 4013
f 5056 5068 5069
f 5055 5056 5070
f 4062 5398 5399
f 5269 5289 5294
f 4685 4866 4903
f 5254 5242 5240
f 4606 4657 4658
f 4729 4881 4882
f 4030 4041 4043
f 4664 4752 4753
f 3575 3483 3904
f 3413 3410 3922
f 4949 4968 4955
f 4947 4937 4913
f 4849 4850 4894
f 4143 3974 3975
f 4912 4923 4932
f 3774 3771 3995
f 3956 3954 3342
f 4871 4872 4758
f 4270 4273 4272
f 4039 4040 5400
f 3555 3969 5402
f 5403 5404 3906
f 3908 4126 3823
f 4124 4121 5408
f 3901 3902 4046
f 4120 4117 5410
f 4124 3962 4125
f 5420 3906 5404
f 5424 4059 5425
f 3400 5429 5428
f 5432 5433 5435
f 4941 4942 4945
f 4935 4940 4949
f 3895 3898 3897
f 5426 5408 4121
f 5430 3905 3906
f 4045 4041 5398
f 5395 4693 5392
f 4846 4903 4701
f 4880 4709 4710
f 4624 4607 4608
f 4656 4690 4662
f 5305 5307 5309
f 5220 5223 5222
f 4230 4223 4327
f 5030 5073 5028
f 5213 5212 5211
f 5440 3272 3269
f 4396 4397 3980
f 5447 5448 3244
f 3328 3330 5451
f 4208 4391 4248
f 4599 4620 4621
f 4528 4339 4391
f 4529 4228 4199
f 4526 4338 4339
f 4256 4235 5452
f 4532 5452 4241
f 3834 4400 5446
f 5443 5445 5444
f 4530 4247 4334
f 4754 4886 4904
f 4229 4228 4381
f 4205 4382 4383
f 4892 4998 4987
f 4039 4032 3976
f 4738 4780 4796
f 4833 4835 4897
f 4232 4527 4200
f 4194 4240 4241
f 4889 4794 4750
f 4194 4191 4365
f 4531 4383 4195
f 5043 5042 5062
f 4182 4332 4561
f 5446 5447 3241
f 5237 5239 5248
f 4206 4334 4382
f 5210 5211 5218
f 3426 3922 3417
f 4216 4191 4192
f 4219 4210 4184
f 4180 4561 4380
f 4327 4595 4591
f 4223 4230 4231
f 4215 4192 4360
f 4186 4568 4218
f 4190 4330 4209
f 4223 4220 4595
f 4326 4591 4328
f 4366 4389 4568
f 4570 4548 4549
f 4579 4573 4548
f 4563 5453 4533
f 4583 4595 4220
f 4586 4380 4561
f 4239 4196 4363
f 4572 4571 4567
f 4536 4539 4585
f 4538 5453 4566
f 4536 4533 5453
f 3573 3986 3983
f 5427 3963 3552
f 4553 4587 4588
f 4593 4554 4555
f 4368 4365 4183
f 4361 5452 4235
f 4233 4369 4527
f 4233 4230 4324
f 4212 4209 4330
f 4237 4324 4325
f 4193 4241 5452
f 4983 5015 4885
f 5002 4995 4986
f 5074 5077 5076
f 4698 4699 5391
f 5391 4699 5390
f 4871 4899 4650
f 4546 4857 4543
f 4553 4550 4901
f 4552 4588 4555
f 5223 4804 4805
f 5386 5382 5383
f 5317 5315 5371
f 3240 3237 4429
f 5384 5385 5381
f 3938 3217 3218
f 3942 3943 5455
f 5361 5385 5386
f 4542 4540 4541
f 3910 5430 5420
f 3939 3333 4060
f 3851 5350 5351
f 3838 5427 3556
f 4547 4858 4857
f 5442 5443 4050
f 3385 3874 5428
f 4257 4234 4235
f 5312 5212 4893
f 4212 4203 4204
f 3854 3849 5461
f 4226 4184 4210
f 4202 4177 4178
f 3316 3983 3897
f 5464 5465 4432
f 5465 5466 3883
f 4472 4469 4449
f 4501 4472 4450
f 4074 4075 4080
f 5473 5474 5401
f 4173 4172 5475
f 3432 3429 3520
f 3462 5505 5504
f 4075 4501 4494
f 5482 5481 3387
f 5468 5471 5470
f 3427 5421 5422
f 4498 4499 4487
f 5403 3824 5414
f 3382 5523 5522
f 3492 5512 5511
f 3429 3434 3517
f 3873 5522 5524
f 5480 5479 3350
f 3477 5508 5505
f 4507 4508 5544
f 4396 5550 5551
f 3374 5552 5553
f 3373 5553 5554
f 5479 4521 4063
f 3390 5554 5555
f 5531 5525 5566
f 3368 5568 5567
f 5556 5557 5560
f 3393 5555 5557
f 4433 3364 5463
f 5464 5463 5458
f 4435 4437 4439
f 4055 4393 3277
f 3273 3278 3911
f 3395 3357 3358
f 5486 3894 4071
f 5526 4455 4453
f 5525 5570 5569
f 5568 3526 3527
f 3527 3362 3847
f 3365 5461 3849
f 5462 3849 3850
f 4435 4436 5571
f 3378 3379 3943
f 5573 5578 5577
f 4438 5455 3943
f 5477 5574 5579
f 5582 5581 5580
f 5583 5580 5581
f 5586 5585 5588
f 4074 5472 5586
f 5583 5585 5474
f 4507 5589 5590
f 5573 5478 4522
f 3989 5595 5596
f 5594 3406 3407
f 4436 3381 5572
f 5591 3990 3991
f 4507 4475 4476
f 3990 5591 5587
f 5578 3409 3406
f 5595 3989 5584
f 5484 3394 3358
f 4441 4442 5467
f 5472 4074 4077
f 5522 5599 5570
f 5486 3358 3353
f 5481 4498 3386
f 3475 5506 5492
f 5476 4523 3899
f 5540 5541 5606
f 5542 5540 5603
f 5608 5543 5542
f 5608 5607 5545
f 5607 5603 5609
f 5599 5600 5548
f 5598 5592 5543
f 5595 5594 5593
f 5588 5584 3989
f 5626 3265 3266
f 5627 3266 4448
f 5469 4449 4469
f 4515 4517 5625
f 4503 4473 4474
f 4481 5626 5627
f 4500 5628 5469
f 3414 4468 5466
f 5594 5595 5581
f 3376 3377 4430
f 3444 3944 3941
f 5572 3944 3444
f 4273 4286 4287
f 4345 4356 4357
f 4386 4304 4305
f 4517 4462 4463
f 4352 4349 4319
f 4352 4250 4251
f 4268 4277 4390
f 4264 5629 4320
f 4346 4387 4282
f 4337 4335 4343
f 4289 4244 4245
f 4303 4378 4287
f 4343 4290 4291
f 4284 4333 4244
f 4375 4519 4291
f 4379 4319 4271
f 4337 4353 4348
f 4524 4525 4295
f 4364 4362 4197
f 4285 4282 4390
f 5206 5209 5208
f 4297 5629 4371
f 4346 4283 4286
f 4285 4300 4333
f 3571 3572 4395
f 5341 5340 5339
f 5346 5345 5334
f 5269 5261 5273
f 4510 4509 5609
f 4509 4474 5545
f 4445 4446 5611
f 5566 5569 5568
f 5349 5336 5338
f 5489 5490 3401
f 5565 5566 3368
f 5496 5497 5417
f 5523 3382 3383
f 5325 5338 5347
f 5523 5600 5599
f 5429 3400 3401
f 3887 5632 5631
f 5634 5613 5600
f 5276 5280 5279
f 5298 5297 5257
f 5087 5086 5085
f 3361 3526 5612
f 5041 5061 5066
f 5487 5488 3383
f 5101 5116 5130
f 5299 5298 5300
f 5333 5336 5335
f 5302 5305 5304
f 5234 5247 5216
f 5301 5256 5255
f 4868 5318 5322
f 5281 5278 5277
f 5323 5321 5322
f 5298 5284 5296
f 4885 4829 4750
f 5231 5230 5196
f 4625 4626 5313
f 5111 5113 5085
f 5600 5613 5549
f 5531 5564 5563
f 5165 5166 5182
f 5283 5280 5285
f 4269 4276 4277
f 5610 5609 5603
f 5127 5090 5091
f 4907 5095 5125
f 5277 5278 5272
f 5596 5593 5592
f 5212 5312 5226
f 5273 5261 5262
f 5302 5301 5258
f 5635 5646 5645
f 4250 4352 4379
f 4485 4136 3405
f 4354 4026 4023
f 4265 4262 4304
f 4388 4390 4282
f 4345 4342 4384
f 4362 4364 4297
f 4836 4765 4612
f 4360 4361 4236
f 4369 4233 4237
f 5647 5636 3986
f 5650 3965 3192
f 5337 5338 5336
f 4467 4478 4477
f 4253 4377 4340
f 4429 3416 5457
f 3997 4133 3915
f 5535 3856 3839
f 5538 5541 4460
f 3439 3376 5571
f 5570 5525 5526
f 3438 5571 5572
f 4440 4468 3879
f 3440 5665 4407
f 3886 5685 5695
f 5534 5529 5396
f 5685 3886 3471
f 4278 4198 4301
f 5628 4448 4449
f 3579 3537 3538
f 4480 5627 5628
f 4402 5499 5517
f 4279 4197 4198
f 3603 3534 3532
f 3580 3594 4088
f 4095 3530 3531
f 5248 5249 5251
f 3778 3819 3999
f 4617 4618 4613
f 4375 4275 4372
f 3411 3405 4136
f 5094 5106 5111
f 3602 3532 3535
f 4023 4011 4350
f 4349 4352 4336
f 3605 3535 3536
f 4469 4472 4471
f 4094 3531 3593
f 4248 4249 4245
f 3519 5521 5518
f 5254 5296 5284
f 4852 4853 4795
f 4265 4371 5629
f 5632 5499 5503
f 3604 3611 3612
f 5549 5501 5502
f 3653 3606 3607
f 4780 4738 4873
f 4988 4989 4979
f 4491 5625 5626
f 4837 4904 4995
f 4615 4612 4765
f 5468 4469 4470
f 3514 3470 3467
f 5491 5680 4409
f 4093 3618 3619
f 4364 4320 5629
f 3488 5510 5509
f 5606 5539 5611
f 4210 4219 4189
f 4600 4603 4602
f 5242 5215 5198
f 5073 5074 5075
f 5651 5657 3940
f 3996 3541 3775
f 5200 5203 5202
f 5525 5531 5527
f 3364 4433 4434
f 3775 3541 3542
f 3941 3833 5485
f 3731 3706 4105
f 4997 5000 4999
f 4508 5598 5608
f 4101 4099 3818
f 3728 4109 4103
f 4591 4593 4592
f 4539 4536 4538
f 4550 4553 4552
f 4541 4566 4567
f 4389 4579 4570
f 4582 4583 4580
f 4976 4979 4978
f 4705 4708 4707
f 4797 4850 4843
f 3713 3729 3730
f 4675 4647 4702
f 4977 4978 4981
f 4810 4818 4817
f 4786 4811 4812
f 4715 4631 4628
f 4978 5016 5021
f 5010 5009 5006
f 3722 3743 4162
f 4558 4557 4560
f 4568 4570 4569
f 4584 4578 4535
f 4641 4631 4715
f 5026 5014 5012
f 4776 4777 4745
f 4714 4628 4712
f 4982 4996 5001
f 4576 4577 4560
f 4564 4567 4566
f 5069 5013 5018
f 5057 5052 5048
f 4810 4812 4811
f 3710 4158 3786
f 4991 4992 4999
f 5011 5009 5010
f 5008 5020 5022
f 5066 5067 5063
f 5047 5037 5024
f 5050 5049 5051
f 5023 5021 5016
f 5045 5044 5059
f 5047 5025 5026
f 3711 3712 3724
f 5048 5035 5037
f 5042 5040 5063
f 5058 5053 5051
f 5036 5038 5046
f 3715 3699 3700
f 5235 5256 5257
f 3732 3729 3704
f 5030 5031 5062
f 5020 5021 5023
f 5263 5262 5261
f 5049 5050 5044
f 5236 5248 5250
f 5031 5030 5027
f 5043 5038 5039
f 5320 5313 5329
f 5049 5048 5052
f 5326 5319 5317
f 3264 3261 3288
f 5264 5265 5263
f 4998 4999 4992
f 5009 5011 5020
f 5036 5032 5039
f 5032 5035 5034
f 4355 4317 3949
f 4269 4266 4374
f 4253 4250 4378
f 4525 4524 4252
f 3960 4112 4111
f 4372 4275 4258
f 5681 5672 5673
f 4378 4379 4272
f 4270 4347 4346
f 3244 5448 5644
f 4899 4703 4648
f 3734 3732 3702
f 4138 3346 3343
f 4192 4193 4361
f 3813 4001 3812
f 3817 3695 3696
f 5668 5683 5682
f 5690 5691 5687
f 5499 5632 5700
f 3999 3819 3820
f 3745 3742 4102
f 5684 3471 3472
f 5702 3859 3860
f 5712 5713 5693
f 3249 3277 4393
f 5695 5683 5715
f 5694 5715 5716
f 5719 3972 5601
f 4918 4919 4950
f 4774 4742 4743
f 5505 4415 4411
f 3583 3584 3585
f 3710 3687 4157
f 5513 5725 4417
f 5704 3563 4146
f 4141 4045 4062
f 5669 5689 5688
f 3898 3895 5653
f 5718 3973 3972
f 5684 5687 5686
f 3917 4131 5717
f 3463 5666 5662
f 5492 5506 5680
f 4931 4930 4950
f 5665 3440 3441
f 3788 3717 3740
f 3501 3502 3529
f 3569 3570 3477
f 5516 5728 5727
f 3564 3567 3566
f 3892 5405 5406
f 3962 4124 5407
f 4126 3908 4123
f 4116 3296 3287
f 3892 3887 5630
f 3824 3432 5413
f 4408 4409 5680
f 3969 3966 3978
f 4408 4413 3449
f 4414 3448 3449
f 3962 3261 3262
f 4425 5724 5616
f 4418 5725 5727
f 5716 5597 5575
f 5719 5720 5717
f 5698 5498 5692
f 3880 5621 4166
f 5652 3212 5520
f 5621 5623 4167
f 5679 4409 4410
f 3210 3209 3355
f 5622 5534 5451
f 5416 5417 5497
f 5729 5732 5731
f 5733 5734 3761
f 5735 5738 5737
f 5750 5752 5751
f 5744 5745 5740
f 5744 3770 3753
f 5753 5754 5730
f 5757 5758 5736
f 5731 5752 5765
f 5774 5777 5776
f 5790 5793 5792
f 5796 5786 5787
f 5817 5814 5819
f 5828 5831 5830
f 3725 4105 3751
f 4874 4734 4873
f 4700 4701 4903
f 4740 4820 4876
f 3199 3202 3201
f 4100 4102 4099
f 3749 3767 4108
f 3695 3817 3712
f 3378 3381 3380
f 5504 4411 4412
f 4405 4402 5518
f 5838 5839 5835
f 4705 4632 4712
f 5832 5831 5828
f 5697 5677 5678
f 3791 4006 4005
f 5848 5791 5794
f 3714 3700 3701
f 3995 4148 4042
f 3329 3326 3224
f 4005 3708 3705
f 4551 4762 4763
f 5855 5798 5808
f 5851 5795 5792
f 5803 5801 5858
f 5844 5843 5840
f 5762 5759 5743
f 5808 5809 5806
f 4012 3413 3426
f 5558 3513 3467
f 4550 4763 4720
f 4950 4951 4953
f 3885 3886 5694
f 5705 5706 4081
f 5508 4417 4415
f 3745 3759 3760
f 5507 4412 5680
f 3592 3536 3588
f 3895 5434 5658
f 5613 5500 5501
f 3834 3830 4393
f 5527 4454 4455
f 5775 5806 5809
f 5766 5767 5813
f 5858 5811 5812
f 5855 5815 5811
f 5863 5820 5819
f 5826 5859 5863
f 5862 5866 5833
f 5870 5871 5837
f 5782 5783 5831
f 5868 5838 5836
f 5778 5779 5843
f 5866 5870 5845
f 5785 5864 5867
f 5790 5788 5789
f 5796 5797 5794
f 5821 5818 5819
f 5657 5651 5620
f 5793 5849 5852
f 5855 5858 5801
f 5853 5847 5786
f 5804 5805 5802
f 5827 5867 5864
f 5767 5768 5821
f 5854 5857 5776
f 5860 5817 5818
f 5782 5832 5825
f 5781 5778 5844
f 5810 5811 5815
f 5867 5827 5830
f 5809 5808 5798
f 5828 5829 5863
f 5865 5841 5838
f 5801 5803 5802
f 4086 5707 3795
f 5779 5780 5842
f 5827 5826 5829
f 5839 5872 5869
f 5814 5815 5855
f 5711 4132 3859
f 4958 4957 4917
f 5861 5818 5821
f 5863 5859 5812
f 5865 5868 5823
f 5873 5836 5837
f 5872 5839 5842
f 4089 3455 3563
f 3812 3787 3785
f 5770 5771 5787
f 5789 5786 5847
f 5793 5789 5846
f 4145 4147 4146
f 5848 5773 5790
f 3953 4008 4009
f 5748 5875 5874
f 4624 4627 4626
f 4665 4764 4752
f 4775 4780 4779
f 4746 4670 4671
f 4637 4600 4601
f 4828 4612 4613
f 4704 4763 4762
f 4843 4845 4727
f 4543 4717 4725
f 4731 4864 4863
f 4723 4594 4558
f 4842 4846 4840
f 4717 4543 4857
f 4865 4868 4867
f 5841 5865 5866
f 4725 4726 4540
f 4798 4799 4816
f 4632 4635 4634
f 4720 4716 4715
f 4642 4645 4644
f 3754 4007 5874
f 4860 4761 4644
f 4674 4723 4722
f 4808 4809 4676
f 4721 4722 4822
f 5876 5878 5877
f 4836 4838 4840
f 4658 4661 4660
f 4826 4799 4800
f 4877 4782 4743
f 4948 4970 4971
f 4875 4739 4876
f 4954 4933 4934
f 5773 5770 5788
f 5825 5832 5833
f 5834 5837 5836
f 5834 5844 5845
f 3359 3362 3361
f 5732 5729 3756
f 3394 3397 3396
f 3766 3769 5741
f 5774 5809 5799
f 5805 5776 5857
f 5813 5821 5820
f 3969 3555 3964
f 5667 5668 5674
f 5729 5747 3792
f 3770 5744 5741
f 4741 4740 4739
f 4689 4737 4660
f 5772 5797 5787
f 5735 5733 3758
f 5850 5772 5773
f 5617 5528 3965
f 5799 5800 5854
f 5875 5748 5764
f 5840 5843 5842
f 5861 5768 5769
f 5807 5804 5853
f 5869 5781 5834
f 3765 3768 5739
f 5882 5884 5761
f 5881 5879 5887
f 5895 5896 5898
f 5907 5905 5906
f 5909 5907 5908
f 4234 4257 4526
f 3912 3927 3389
f 5934 8731 8730
f 8730 8731 5930
f 4920 4923 4922
f 8845 8847 8853
f 4141 4171 3404
f 3733 3705 3706
f 8849 8847 8848
f 4234 4237 4236
f 8863 8858 5919
f 3733 4002 4004
f 5908 5906 8859
f 8865 8866 8871
f 8859 8858 8863
f 5927 5924 5925
f 5911 5903 5904
f 8878 8871 8866
f 5635 5638 5637
f 5745 5744 5746
f 3552 3555 3554
f 8857 8889 8890
f 5924 5927 8860
f 3553 3557 3556
f 5919 5920 8861
f 8869 8865 8870
f 8873 8871 8878
f 8856 8857 8875
f 8862 8861 5889
f 8846 8845 8844
f 8864 8863 8866
f 8729 8730 8883
f 8848 8846 8887
f 8878 8879 5888
f 8896 8854 8855
f 8853 8854 8896
f 8841 8842 5882
f 3489 3492 3491
f 8867 8859 8864
f 5910 5908 8867
f 5914 5910 8898
f 5916 5914 8899
f 5889 8861 8860
f 8876 8878 8893
f 5918 5916 8900
f 4424 5722 5726
f 8904 8903 8900
f 8909 8908 8904
f 8908 8907 8903
f 8869 8909 8905
f 3632 3668 3667
f 3687 3690 3689
f 3636 3682 3681
f 3664 3641 3639
f 4304 4307 4306
f 8909 8869 8891
f 3681 3696 3695
f 3758 3761 3760
f 3684 3701 3700
f 3721 3724 3723
f 3941 3944 3943
f 3738 3741 3740
f 3687 3710 3709
f 3238 3239 3938
f 4249 4303 4288
f 4499 4498 3344
f 4240 4194 4368
f 3453 3451 3951
f 4401 3971 3547
f 3950 3951 3451
f 3702 3704 3701
f 3725 3728 3727
f 3194 3207 3208
f 4034 4035 4461
f 3914 3348 3913
f 3483 3575 3533
f 3191 3958 3957
f 4292 3489 3970
f 3909 3910 3428
f 3959 3960 3866
f 4017 4308 4309
f 4316 4318 4008
f 4448 4451 4450
f 4414 4415 4417
f 3435 3430 3351
f 4413 4411 4415
f 3899 3902 3901
f 3780 3781 3648
f 3474 3471 3886
f 3958 3191 3192
f 3221 3223 3935
f 3905 3908 3907
f 3913 4488 4486
f 4420 4422 4421
f 3881 3884 3883
f 4004 3788 3790
f 4271 4319 4318
f 4259 4297 4296
f 3501 4003 4066
f 5897 5898 5900
f 5901 5902 5904
f 8854 8849 8856
f 3789 3785 3786
f 3651 3648 3781
f 5924 5899 5901
f 8870 8871 8873
f 8876 8877 8874
f 5912 5917 5918
f 3805 3918 3799
f 3369 3370 3395
f 3923 3926 3925
f 3916 3917 3512
f 3641 3664 3801
f 4276 4269 4323
f 4181 4229 4331
f 4428 4430 3377
f 3495 4425 4321
f 4436 4435 3380
f 4430 4428 4437
f 3945 3957 3958
f 4065 3901 4047
f 4495 4497 3408
f 8913 8912 8915
f 8911 8910 8917
f 8889 8922 8923
f 8919 8935 8931
f 8884 8914 8918
f 8922 8921 8931
f 5852 5907 5909
f 5866 5862 5915
f 8926 8918 8914
f 8914 8884 8883
f 8886 8919 8921
f 5846 5847 5894
f 5873 5902 5900
f 8893 5888 5764
f 8894 8893 5754
f 5890 8860 5927
f 5885 8896 5755
f 5871 5904 5902
f 5763 8936 5883
f 5880 5890 8936
f 4175 4176 4398
f 4274 4254 4255
f 8883 8730 5931
f 8868 8905 8898
f 3289 4059 3247
f 3858 3855 5485
f 8850 8848 8886
f 4116 4120 5409
f 3889 5406 4127
f 3678 3679 8938
f 8857 8850 8888
f 3979 3551 3294
f 4126 3352 3431
f 3651 4000 3679
f 3460 3858 5921
f 4084 3309 3310
f 8905 8904 8899
f 3561 3327 5397
f 3213 3965 5528
f 4191 4194 4193
f 5449 5450 5532
f 4142 3975 4031
f 4060 3947 5652
f 4480 4483 4482
f 5519 5520 3212
f 5657 5451 3330
f 4473 4476 4475
f 3514 3515 5668
f 5663 5670 5669
f 8881 5929 5926
f 5734 5733 5749
f 4788 4789 4677
f 3997 3996 3538
f 3551 3486 3310
f 3577 3578 3998
f 4893 4697 4676
f 4753 4751 4671
f 8729 8884 8885
f 3813 3703 9021
f 8938 4001 3813
f 8882 5931 5929
f 4098 5701 3820
f 3399 5405 5416
f 5494 5495 5503
f 5880 5877 5878
f 4986 4673 4861
f 4999 5000 5004
f 4985 5001 4988
f 5816 5769 5766
f 4372 4370 4384
f 5688 5691 5692
f 8903 8902 8901
f 8879 8862 5887
f 8902 8881 8880
f 5919 5893 5895
f 4519 4384 4342
f 8847 8849 8854
f 5925 5901 5903
f 4021 3899 4523
f 5678 5677 5676
f 4424 3843 4085
f 5701 3576 3577
f 5928 5925 5926
f 5000 5005 4980
f 9022 4147 3545
f 9024 9025 5409
f 4008 4011 4010
f 3931 3234 4516
f 3822 3806 3807
f 8851 8852 8844
f 5728 5516 5509
f 9025 9023 4115
f 5209 5200 5201
f 4820 4740 4653
f 3988 5596 5598
f 3370 3911 3357
f 5639 5642 5641
f 5592 4511 4477
f 3378 3944 5572
f 5625 4463 3265
f 5594 5582 5577
f 3302 5649 5645
f 3274 3277 3278
f 5207 5208 5233
f 5071 5070 5072
f 4815 4814 4785
f 4796 4802 4643
f 3243 3244 5643
f 5301 5302 5303
f 5431 3562 5655
f 5251 5249 5244
f 3353 3427 3523
f 4174 3404 3405
f 3546 4114 4113
f 4002 3789 3788
f 4196 4239 4238
f 3232 5646 5647
f 4373 4374 4266
f 4867 5322 5321
f 5648 4054 4058
f 4455 4070 3893
f 5593 3407 4511
f 5275 5265 5252
f 5252 5265 5274
f 4092 3619 3624
f 3723 3742 3743
f 4780 4775 4802
f 4059 3289 3560
f 4317 4355 4347
f 5188 5190 5192
f 5570 5599 5612
f 3385 5429 5633
f 3526 5568 5569
f 3576 5701 3608
f 3581 3542 3594
f 5239 5237 5238
f 5081 5079 5083
f 4369 4526 4528
f 4325 4326 4329
f 3569 3285 3286
f 9022 9026 4112
f 3661 3662 3801
f 5074 5073 5030
f 5064 5062 5063
f 3563 3497 3498
f 3961 5407 4119
f 4854 4853 4870
f 5018 5007 5028
f 5007 5008 5027
f 5040 5042 5039
f 3240 3375 3875
f 5070 5069 5029
f 3504 3481 3866
f 3537 3579 3591
f 5033 5041 5039
f 4710 4638 4635
f 5017 4979 4989
f 5024 5037 5046
f 4991 5006 5019
f 4587 4553 4574
f 4996 4982 4793
f 5066 5061 5059
f 5221 5230 5231
f 5068 5056 5057
f 3675 3676 3643
f 3663 3674 3675
f 4722 4558 4559
f 3579 3576 3590
f 3686 3676 3677
f 4422 4420 3499
f 5142 5141 5138
f 5078 5071 5075
f 3609 3589 3590
f 3288 3961 5411
f 5424 9024 5410
f 5152 5144 5156
f 3960 5704 5709
f 4946 4956 4957
f 3867 3903 5705
f 9026 9022 4113
f 5192 5193 5189
f 5161 5164 5194
f 3637 3698 3682
f 4392 5461 3847
f 3796 4114 4149
f 4104 3716 3727
f 3594 3595 3993
f 3796 3793 4134
f 3687 3688 4156
f 3760 3761 4164
f 4464 3344 3345
f 3485 3528 3868
f 3846 3845 5423
f 3409 4520 4496
f 3767 3768 3765
f 3711 3721 4159
f 3797 4132 4087
f 4072 4069 5562
f 4502 4076 5590
f 5408 5426 9027
f 5683 5695 5714
f 5702 3772 4110
f 5623 4042 4148
f 5428 3874 3525
f 3668 3803 3802
f 4000 4001 8938
f 4221 4222 4179
f 4267 4268 4388
f 3721 3722 4161
f 3903 5659 5706
f 3583 3580 4090
f 3894 5486 3524
f 4635 4638 4636
f 4173 5401 4009
f 4890 4666 5393
f 5290 5291 5293
f 5339 5340 5337
f 5458 5459 4438
f 3251 5419 5430
f 3252 5418 5419
f 3428 5420 5421
f 3571 5426 5418
f 4583 4582 4554
f 4239 4367 4224
f 3322 3898 5450
f 5309 5310 5306
f 4109 3728 3748
f 5707 3865 3794
f 5139 5184 5183
f 5271 5270 5290
f 5280 5283 5282
f 5110 5107 5125
f 5319 4864 4731
f 5334 5343 5339
f 5423 3522 3523
f 5376 5377 5378
f 4721 4681 4646
f 3719 4158 4159
f 4853 4854 4692
f 5373 5372 5330
f 4428 5457 5456
f 5376 5329 5328
f 3337 3367 4434
f 4692 4693 5395
f 5475 4172 4523
f 5478 3900 4068
f 5421 5404 4129
f 5374 5373 5375
f 5283 5299 5306
f 5246 5247 5234
f 5154 5149 5150
f 4458 5562 5561
f 5163 5159 5158
f 5381 5374 5378
f 3397 3394 5484
f 4457 5561 5563
f 5147 5143 5150
f 4474 4475 5544
f 5325 5318 5319
f 5223 5394 5388
f 5517 5700 3521
f 4499 5480 3347
f 5404 5403 4128
f 3476 5507 5506
f 4084 5516 5515
f 3900 5478 5477
f 5536 5564 5547
f 5491 5498 5493
f 5474 5472 4139
f 4063 4521 4522
f 4459 4460 5541
f 5548 5549 3360
f 5444 5445 5550
f 3888 3889 5415
f 5546 5547 3339
f 5536 5539 5538
f 3570 5513 5508
f 4471 4502 5589
f 4280 3848 3359
f 5499 4402 4403
f 5189 5193 5169
f 5543 4477 4478
f 4051 5551 5552
f 3461 5504 5507
f 4629 4630 4870
f 5106 5094 4909
f 5286 5281 5279
f 5462 5463 3364
f 3491 5511 5514
f 5224 5220 5231
f 4478 4459 5540
f 4099 4102 3742
f 4803 4806 4805
f 4130 5423 5422
f 4470 4471 4476
f 4924 4925 4921
f 4920 4921 4927
f 4993 4986 4987
f 4887 4888 4913
f 3894 3893 4070
f 5472 5474 5585
f 3508 4135 4134
f 3603 3600 4096
f 3772 3773 3992
f 5712 5664 5671
f 3739 3718 4162
f 5683 5668 3515
f 5480 4465 4495
f 5698 5699 5493
f 3578 3538 3996
f 3645 3646 4154
f 5660 3904 3466
f 4135 9026 5710
f 5587 5591 4073
f 5687 5689 5693
f 3584 3583 4091
f 5585 5583 5584
f 4128 5414 5415
f 4257 4254 4338
f 4222 4231 4178
f 4366 4365 4191
f 5098 5099 5091
f 5761 5757 5737
f 5760 5737 5738
f 8852 8842 5934
f 8874 8877 8855
f 8895 8897 8855
f 5884 5882 8842
f 4557 4554 4582
f 8890 8923 8917
f 8918 8926 8930
f 8924 8926 8915
f 4182 4181 4330
f 3864 5708 5711
f 3574 3317 3230
f 3342 3954 3415
f 3488 3486 3549
f 4317 4316 3953
f 3672 3659 4152
f 5708 3864 3865
f 9021 3703 3685
f 3621 3618 3616
f 5728 4422 4419
f 4311 4027 4028
f 4131 3917 3543
f 4426 3496 3842
f 4518 3956 4168
f 5457 5465 5464
f 5425 3560 3558
f 5458 4439 4437
f 3416 3414 5465
f 5638 9028 5437
f 3985 3986 5636
f 5646 5635 5636
f 9023 9025 3554
f 5722 5510 5514
f 3256 3933 3934
f 4164 3761 5734
f 8885 8918 8920
f 3282 3932 3929
f 3292 4394 3320
f 3232 3229 3300
f 3303 3236 3271
f 3562 5431 5432
f 3392 3387 3388
f 3854 5922 5350
f 5463 5462 5459
f 5935 3474 3885
f 3879 3415 3954
f 3928 3372 3391
f 4137 5559 4458
f 5454 5455 3850
f 3548 3490 3549
f 4443 4500 5470
f 4452 4505 4506
f 4468 3414 3415
f 4443 4440 3876
f 3234 3235 4515
f 5434 3895 3896
f 5448 5440 5441
f 5447 5446 5443
f 4442 5470 5471
f 5550 4056 3275
f 5578 5573 4520
f 3464 5667 5666
f 4701 4627 4839
f 3259 5398 4041
f 4015 4012 3423
f 3558 3323 3982
f 4856 4894 4823
f 4741 4652 4653
f 3759 3745 4106
f 3560 3289 3290
f 9024 5424 3557
f 5438 3279 3280
f 3321 3283 3290
f 5557 5483 4072
f 5553 3369 3396
f 4045 4141 4174
f 4539 4845 4849
f 3536 3480 3503
f 5478 5573 5574
f 3800 3797 3510
f 4755 4883 4886
f 5561 4454 5527
f 5752 5731 5732
f 5752 5750 5756
f 3518 5492 5493
f 3767 3762 4107
f 3534 3603 4097
f 4395 3572 3826
f 3926 4052 3371
f 4446 4510 5610
f 4050 5444 3980
f 8887 8846 8843
f 5649 5639 5640
f 4643 4644 4761
f 3709 3787 3784
f 4778 4659 4660
f 5649 3302 4054
f 5646 3232 3301
f 3250 3251 3910
f 5884 5886 5757
f 5655 5656 5936
f 4224 4227 4226
f 4043 4044 3412
f 4286 4289 4288
f 4267 4311 4310
f 4493 4079 4080
f 3325 5432 3226
f 3925 3371 3372
f 4312 4315 4314
f 3996 3997 3540
f 8908 8911 8912
f 4023 4026 4025
f 3995 3890 3891
f 5482 5556 5559
f 4486 3420 3921
f 4300 4285 4302
f 5438 5642 5644
f 3233 3932 3282
f 3225 3228 3227
f 5446 4400 5445
f 5554 3396 3397
f 4834 4833 4830
f 4064 3349 3350
f 3596 3599 3598
f 5639 5649 5648
f 5434 5431 5654
f 4895 4896 4830
f 3674 3677 3676
f 3551 3979 3978
f 3835 3836 3305
f 3813 3810 3702
f 3691 3711 4160
f 4109 4100 4101
f 4565 4187 4188
f 3490 3548 3547
f 3672 3646 3647
f 8906 8907 8912
f 3810 3812 3811
f 4051 4052 4397
f 3566 3599 4090
f 5580 5475 5476
f 4456 4457 5537
f 5539 5536 5546
f 8844 5934 8729
f 8872 8873 8874
f 4383 4301 4198
f 4931 4926 4927
f 5529 5530 5397
f 5314 5321 5323
f 5347 5332 5323
f 4711 4709 4599
f 5387 5388 5389
f 5259 5290 5292
f 5195 4806 4803
f 5195 5104 4746
f 4639 4865 4866
f 4821 4818 4681
f 3421 4037 5399
f 4730 4863 4601
f 4807 4651 4811
f 4040 4037 3421
f 4844 4841 4800
f 3936 3933 3929
f 4894 4798 4817
f 5365 5370 5383
f 4657 4656 4661
f 5224 5206 4770
f 5368 5383 5382
f 5336 5349 5352
f 5353 5356 5386
f 4070 4455 4454
f 5396 5397 3327
f 5225 5226 5312
f 5384 5382 5386
f 5391 4694 4695
f 4407 4410 4409
f 4623 4620 4880
f 5356 5353 5352
f 4578 4584 4859
f 3239 3875 3217
f 3937 3218 3333
f 4578 4575 4534
f 5467 5471 4505
f 4836 4828 4826
f 4422 5728 5721
f 3392 3393 5556
f 5564 5531 5565
f 3807 3808 3663
f 5922 3854 4392
f 3680 3695 3692
f 3630 3633 3632
f 4416 4417 5725
f 4033 3305 3836
f 3238 3220 4168
f 3466 3904 3483
f 3678 3677 3650
f 3677 3674 3649
f 3340 3337 4431
f 3562 3561 5656
f 5658 5654 5938
f 3642 3643 3640
f 3306 3303 3334
f 3256 3253 3280
f 8910 8891 8892
f 5868 5900 5898
f 8924 8923 8922
f 8935 8930 8925
f 8882 8906 8913
f 8925 8930 8926
f 5852 5849 5905
f 5136 5128 5124
f 4243 4363 4260
f 5238 5227 5228
f 5642 5639 5643
f 3924 3925 3928
f 5412 3521 5700
f 3750 3752 3751
f 3746 3752 3770
f 3859 3798 3861
f 3972 3973 3493
f 5923 8860 8861
f 4945 4946 4958
f 3296 3293 3286
f 3824 5403 3907
f 3671 3629 4154
f 4137 3343 5481
f 3614 3654 3802
f 3283 3284 3559
f 4936 4935 4934
f 5511 5723 5726
f 4170 4169 3926
f 3572 4393 3830
f 3459 3447 3858
f 3496 4426 4425
f 3457 3950 3436
f 3984 3983 3986
f 3914 3389 3386
f 5512 5724 5723
f 4500 4443 4483
f 4501 4502 4471
f 4503 4506 4505
f 4143 4144 4461
f 3331 3329 3222
f 4016 4015 4018
f 3998 3775 3776
f 4114 3796 5710
f 4405 5678 4406
f 5602 5604 5720
f 4767 4803 4804
f 4929 4933 4954
f 4410 4407 5665
f 3888 5700 5632
f 4048 4049 3977
f 3947 3211 3212
f 5676 5677 3472
f 5782 5785 5784
f 4315 4312 4311
f 5699 5518 5521
f 5864 5785 5825
f 5826 5827 5822
f 5775 5776 5805
f 3236 3233 3270
f 5823 5868 5859
f 4957 4848 4895
f 8868 8864 8865
f 4281 4392 3848
f 4940 4943 4971
f 4013 4014 4029
f 3685 3703 3701
f 4339 4340 4377
f 8891 8870 8872
f 3753 3750 3755
f 4427 4168 3220
f 3809 3806 3779
f 3568 4416 4418
f 3880 3987 3918
f 3543 3843 3842
f 4646 4649 4648
f 4656 4657 4597
f 4781 4876 4820
f 4972 4975 4974
f 5101 5102 5109
f 5095 5096 5115
f 5090 5127 5132
f 5131 5132 5134
f 5134 5132 5127
f 5117 5139 5140
f 3539 3862 3863
f 4006 3791 3792
f 5128 5091 5099
f 5097 5088 5089
f 5274 5266 5271
f 4571 4572 4569
f 4225 4531 4238
f 5156 5155 5170
f 4538 4541 4540
f 4622 4691 4665
f 4981 5011 5004
f 5012 4974 4975
f 5148 5147 5149
f 5157 5142 5133
f 5161 5155 5145
f 4261 4532 4242
f 5294 5295 5291
f 4255 4256 4532
f 5274 5259 5250
f 4246 4529 4207
f 3314 3924 3927
f 4670 4673 4672
f 4995 4904 4673
f 4638 4710 4603
f 4341 4295 4525
f 5163 5166 5165
f 4834 4783 4784
f 4784 4820 4682
f 4844 4843 4687
f 5280 5276 5275
f 4217 4572 4564
f 4554 4557 4556
f 4551 4552 4556
f 4549 4546 4544
f 5141 5142 5173
f 4653 4654 4683
f 4973 4974 4989
f 4984 5005 5015
f 5177 5172 5170
f 5166 5167 5181
f 5141 5184 5139
f 5178 5174 5151
f 5244 5202 5203
f 5252 5244 5245
f 4479 4031 4079
f 4402 4405 4404
f 3500 4418 4419
f 5856 5851 5909
f 4488 3913 3348
f 8851 8853 5885
f 3607 3608 5701
f 3508 3505 3503
f 5847 5858 5896
f 4374 4373 4309
f 3380 4439 4438
f 9025 9024 3553
f 5718 5717 4131
f 3300 3229 3283
f 5551 3275 3276
f 5552 3276 3369
f 5555 3397 5483
f 5859 5898 5896
f 4133 3793 3794
f 3606 3653 3652
f 4900 4852 4766
f 4616 4790 4789
f 3738 4165 4164
f 4774 4771 4642
f 4399 4485 3402
f 5853 5796 5795
f 3936 4518 4427
f 3418 3419 4064
f 5510 3488 3840
f 3270 3282 3279
f 3274 3275 4056
f 4359 4356 4305
f 4135 3508 3504
f 3610 3611 3609
f 3837 3556 3557
f 5940 3971 4401
f 5853 5804 5803
f 5725 5513 5515
f 3246 5410 4117
f 5713 5712 5672
f 4918 4961 4916
f 4148 3995 3771
f 5106 5105 5113
f 4147 9022 5709
f 5152 5172 5177
f 9026 4135 4111
f 5104 5195 5103
f 3531 3528 3485
f 3713 3716 3715
f 3699 3715 3815
f 4467 3345 4459
f 4703 4899 4736
f 5405 3399 3846
f 3555 3552 3963
f 4120 4116 5411
f 4217 4219 4185
f 3279 5438 5441
f 4944 4945 4959
f 4353 4337 4344
f 3815 3715 3716
f 3374 3371 4052
f 4491 4492 4516
f 5865 5824 5833
f 5819 5814 5856
f 5807 5851 5856
f 3933 3256 3281
f 3208 3205 3920
f 8907 8906 8902
f 5288 5308 5295
f 3728 3725 3747
f 3309 4084 4083
f 5119 5116 5101
f 3811 3785 3789
f 3595 3863 3992
f 4106 4102 4100
f 5696 5575 5576
f 3708 3755 3750
f 3744 3760 4165
f 5905 5891 5892
f 3403 4036 4175
f 4133 3997 3506
f 4147 4145 3544
f 3561 3562 3325
f 3237 3240 3239
f 4877 4878 4793
f 3241 3244 3243
f 3597 3624 3625
f 3279 3282 3281
f 3371 3374 3373
f 3599 3566 3567
f 3975 3976 4032
f 3277 3249 3250
f 3774 3564 3565
f 3658 3673 3780
f 4961 4962 4963
f 3600 3615 3616
f 4228 4229 4202
f 4011 4008 4318
f 4307 4304 4262
f 4838 4800 4841
f 4782 4783 4773
f 4914 4956 4946
f 4839 4609 4765
f 4771 4896 4645
f 4962 4965 4964
f 4966 4959 4963
f 3601 3612 3615
f 5878 5875 5879
f 5890 5880 5881
f 3720 3786 4158
f 4755 4756 4689
f 3740 3717 3718
f 5695 5685 5686
f 5740 5743 5742
f 5733 5735 5736
f 5755 5756 5750
f 5745 5763 5762
f 5798 5801 5800
f 4706 4880 4879
f 5651 5652 5619
f 5850 5794 5797
f 5804 5807 5806
f 4087 5708 5707
f 5915 5913 5914
f 5703 3860 4167
f 5893 5894 5896
f 5892 5893 5919
f 5706 5671 5664
f 5786 5789 5788
f 3973 4131 3841
f 4831 4832 4915
f 5906 5892 8858
f 4965 4967 4969
f 4684 4685 4846
f 3589 3609 3611
f 3596 3625 4150
f 5877 5880 5763
f 4121 4124 4123
f 3469 3465 3868
f 3204 3205 3208
f 3716 3713 3726
f 5460 9027 5426
f 3465 3469 3470
f 5738 5735 3764
f 4887 4654 4655
f 4203 4206 4205
f 3959 5705 4082
f 5758 5757 5886
f 5781 5869 5872
f 4675 4762 4723
f 3757 4164 5751
f 3334 3271 3272
f 8880 5926 5903
f 5615 5676 3473
f 5759 5761 5760
f 8845 8846 8848
f 5778 5781 5780
f 8857 8856 8849
f 4132 3797 3798
f 5839 5838 5841
f 560 1899 3187
f 5747 5874 4007
f 5928 5930 8840
f 5766 5769 5768
f 4848 4957 4956
f 4953 4968 4967
f 4832 4897 4910
f 5879 5764 5888
f 3598 3567 3530
f 5747 5729 5730
f 5754 5764 5748
f 5810 5813 5812
f 5758 5755 5749
f 4315 4388 4387
f 5917 5915 5916
f 5913 5909 5910
f 5930 8731 8841
f 4951 4955 4968
f 3209 3210 3201
f 4059 5424 3246
f 8731 5934 8842
f 3776 3582 3585
f 5770 5773 5772
f 5891 5894 5893
f 9028 5638 5641
f 5814 5817 5816
f 5662 5675 5673
f 3522 3525 3524
f 5630 5631 5942
f 5791 5792 5795
f 5746 3753 3754
f 5928 5929 5931
f 5743 5760 5739
f 5876 5874 5875
f 3678 8937 9021
f 4200 4208 4207
f 4114 3546 3916
f 3601 3602 3605
f 3818 3724 3712
f 3315 3318 3317
f 5899 5900 5902
f 8840 8841 5883
f 5562 4458 5559
f 4416 3568 3448
f 3189 3192 3191
f 4751 4890 4747
f 4181 4182 4180
f 3832 3942 5454
f 3362 3527 3526
f 5678 4405 5699
f 3497 3500 3499
f 448 1980 807
f 647 648 122
f 5690 3472 5677
f 4183 4186 4185
f 1833 1848 1780
f 5920 5895 5897
f 510 509 508
f 4401 3967 5944
f 5656 5397 5530
f 3970 3971 5940
f 5653 5658 5939
f 5450 5653 5946
f 3384 5633 5945
f 4403 4404 4299
f 5944 3967 3968
f 3963 5427 5951
f 5614 3473 3474
f 5427 3838 3857
f 3210 1949 1887
f 1887 15 3200
f 15 16 3197
f 16 3188 3195
f 3195 3188 3187
f 3194 3187 1899
f 3207 1899 375
f 387 173 126
f 3189 1791 1760
f 9029 763 757
f 763 9029 2172
f 9035 9034 9032
f 9033 9032 9031
f 9046 9049 9048
f 8751 9053 9054
f 9078 9076 9077
f 9083 9087 9051
f 9088 9089 9047
f 9099 9036 9040
f 9102 9034 9036
f 9105 9031 9032
f 9105 2176 9106
f 1801 1864 9108
f 9103 9032 9034
f 9096 9090 9047
f 1767 1768 9111
f 1597 9115 9113
f 1708 1707 9117
f 9123 9120 9119
f 9118 9119 9125
f 1588 1708 9116
f 2080 9123 9118
f 2082 9118 9124
f 9126 9129 9087
f 9129 9130 9088
f 5512 3492 5943
f 5634 3383 5488
f 5724 5512 5947
f 9134 9099 9097
f 9144 9103 9102
f 9133 9097 9096
f 786 9146 9144
f 9146 9105 9103
f 785 9144 9138
f 497 9138 9134
f 650 9134 9133
f 9148 564 9133
f 8756 9058 9057
f 9154 9151 9130
f 9151 9150 9131
f 9097 9040 9090
f 1799 9109 9111
f 5949 3968 3964
f 9160 9156 8809
f 8813 9162 9160
f 9166 463 564
f 9067 9058 9054
f 9162 9166 9148
f 9087 9088 9048
f 9081 9078 9079
f 9049 9052 9051
f 9082 9168 9167
f 9079 9077 9049
f 9169 9168 9175
f 9167 9115 9112
f 9168 9169 9177
f 9120 9117 9113
f 9120 9177 9169
f 9119 9169 9170
f 9179 9180 9125
f 9180 1576 9124
f 9178 9179 9170
f 1576 2101 2084
f 9179 9178 9183
f 3203 376 1387
f 3190 1387 1791
f 5618 2152 1949
f 317 240 259
f 2000 2176 9105
f 9053 9051 9052
f 9041 9040 9036
f 9029 758 756
f 9037 9036 9034
f 9130 9131 9089
f 3204 375 376
f 1801 9107 9109
f 9181 9187 9180
f 1575 9187 9190
f 9187 1575 1576
f 1776 1795 1796
f 1293 1294 1290
f 1326 14 1327
f 1294 1245 1234
f 878 1244 1330
f 5633 3401 5490
f 5933 3359 3360
f 5613 5634 5948
f 5604 5605 3844
f 3972 3494 5950
f 3494 3495 4322
f 4406 5676 5615
f 3492 3489 4292
f 5631 5503 5495
f 497 373 374
f 122 648 413
f 5624 5489 3398
f 9151 9154 9156
f 9058 8756 8752
f 9160 9162 9150
f 8815 9166 9162
f 9156 9126 8794
f 439 398 399
f 1512 1528 1526
f 1668 1741 1738
f 839 849 1362
f 1362 1357 826
f 3425 3417 3418
f 4905 5207 5243
f 4621 4622 4662
f 5582 5579 5574
f 4754 4757 4756
f 3902 3899 4021
f 9295 740 1896
f 2053 2054 2118
f 9340 9339 2120
f 696 697 9268
f 4922 4938 4939
f 4365 4366 4186
f 5105 5106 4862
f 5228 5227 5226
f 4781 4782 4877
f 5218 5227 5238
f 4990 4993 4992
f 4335 4337 4336
f 4993 4990 4972
f 4794 4793 4792
f 5886 5884 8852
f 5405 3892 5417
f 4669 4752 4764
f 4676 4697 4698
f 1826 1878 639
f 9192 9191 9181
f 5232 5228 5233
f 5418 4121 4122
f 956 885 886
f 5720 3844 3512
f 4728 4731 4730
f 8879 8866 8863
f 1980 806 1922
f 4969 4970 4966
f 33 34 105
f 9028 3253 3254
f 3837 3558 3839
f 4382 4300 4301
f 3908 3905 4122
f 4290 4295 4294
f 4400 3834 4055
f 3219 3222 3221
f 8894 8895 8877
f 4640 4736 4735
f 4389 4366 4216
f 3267 4479 4493
f 3268 3265 4463
f 5097 5111 5098
f 5094 5097 5096
f 5654 5655 5937
f 4089 5704 3960
f 5159 5163 5162
f 5202 5244 5249
f 5412 5415 5414
f 5715 3515 3516
f 5723 4426 4423
f 4263 4264 4323
f 3994 3529 3564
f 1343 1344 9308
f 3470 3514 5667
f 5659 5661 5671
f 3319 3828 4053
f 9359 2127 2128
f 1766 1581 1582
f 14 1326 2163
f 595 98 99
f 5703 3771 3772
f 5206 5224 5229
f 3437 3446 3458
f 5516 4084 3487
f 5122 5086 5087
f 3223 3297 3934
f 3979 9023 5402
f 3828 3319 3320
f 5663 3441 4081
f 4035 4489 4490
f 4426 5723 5724
f 3881 4452 4447
f 5407 5408 4118
f 5691 5688 5689
f 5661 5673 5672
f 5911 5918 8901
f 3902 4022 3871
f 5541 5538 5539
f 4069 4454 5561
f 3248 4394 3292
f 1346 1035 1044
f 748 1888 1425
f 3297 3228 3255
f 5445 4400 4056
f 5783 5784 5830
f 4310 4028 4376
f 5857 5854 5800
f 3882 5467 4452
f 3193 3208 3919
f 3190 3191 3206
f 4266 4269 4268
f 4488 3419 3420
f 3331 3939 3940
f 4282 4285 4284
f 4606 4608 4607
f 4628 4629 4708
f 4659 4732 4733
f 4615 4750 4829
f 4718 4714 4713
f 5722 4424 4421
f 3307 3462 3461
f 4686 4688 4634
f 3966 3548 3550
f 4738 4739 4875
f 3416 4429 3237
f 4527 4528 4208
f 5093 5121 5114
f 5124 5099 5086
f 5117 5118 5138
f 4631 4641 4640
f 5166 5163 5168
f 5185 5188 5187
f 5194 5190 5191
f 3245 4117 4118
f 5214 5215 5203
f 3230 3317 3318
f 5237 5234 5217
f 5250 5259 5258
f 5113 5112 5084
f 5270 5267 5269
f 4906 5125 5107
f 5271 5266 5267
f 5276 5277 5262
f 5153 5151 5174
f 5290 5270 5268
f 5306 5299 5303
f 5147 5148 5146
f 4585 4849 4856
f 3226 5435 5436
f 4473 4503 4504
f 5765 5756 8897
f 4529 4246 4247
f 8923 8924 8916
f 5713 5681 5682
f 3315 3897 3898
f 5564 5536 5537
f 4468 4440 4441
f 3738 3739 4163
f 4577 4859 4559
f 5567 3527 3366
f 3587 3584 4150
f 5471 5468 4504
f 5860 5769 5816
f 3516 3513 5558
f 5436 3985 5637
f 5050 5053 5083
f 5547 5565 3338
f 9023 3979 3295
f 5708 4087 4132
f 4104 3816 3814
f 3718 3719 4161
f 5498 5491 5679
f 3884 4431 4432
f 3955 4512 3877
f 4049 4062 4061
f 8892 8872 8875
f 4572 4217 4218
f 4440 4443 4442
f 4497 4511 3407
f 8906 8882 8881
f 5664 5712 5670
f 3751 4105 3706
f 3511 3735 3736
f 5129 5130 5116
f 5086 5099 5098
f 5135 5127 5128
f 5143 5146 5145
f 5168 5158 5136
f 5297 5241 5246
f 5164 5161 5160
f 5155 5161 5171
f 5137 5179 5167
f 5293 5308 5307
f 5513 3570 4083
f 4053 3828 3825
f 3228 3297 3298
f 3631 3632 3635
f 5689 5669 5670
f 5759 5762 5883
f 3793 4133 3507
f 4906 4908 4891
f 4719 4858 4901
f 3597 3598 4095
f 3352 4126 4125
f 9064 9057 9058
f 9076 9064 9067
f 9083 8766 8794
f 9131 9132 9096
f 9138 9102 9099
f 9154 9129 9126
f 9077 9067 9052
f 9053 8751 8766
f 9191 9190 9187
f 9082 9079 9046
f 9193 9175 9168
f 1284 1290 1288
f 9150 9148 9132
f 3841 3842 3496
f 3570 3569 3336
f 4027 4311 4312
f 4889 4876 4781
f 4041 4045 4044
f 4885 4884 4813
f 5419 4122 3905
f 4367 4368 4227
f 1778 1781 1780
f 1792 1759 1584
f 4308 4017 3869
f 4594 4723 4762
f 4767 4770 4769
f 5461 3365 3366
f 4763 4704 4716
f 4919 4918 4915
f 4300 4382 4334
f 5196 5199 5198
f 5158 5148 5135
f 5431 5434 5433
f 4545 4567 4571
f 4557 4558 4594
f 695 570 571
f 4156 4155 3626
f 4861 4673 4670
f 5681 5675 5674
f 5473 5475 5580
f 3622 3656 4152
f 5647 3573 3574
f 3674 3663 3808
f 4420 4145 3498
f 5675 5662 5666
f 3253 9028 5439
f 5870 5866 5917
f 8887 8920 8919
f 5862 5856 5913
f 3534 3593 3485
f 3313 4486 4484
f 9090 9193 9046
f 4871 4759 4695
f 3778 3777 3822
f 4889 4748 4874
f 4000 3783 3784
f 4897 4898 4911
f 3856 3857 3838
f 4772 4830 4896
f 4015 4016 4376
f 3433 3461 3476
f 4053 4054 3302
f 3367 5567 3363
f 3242 3829 3831
f 3441 3442 4082
f 4735 4736 4855
f 4756 4757 4737
f 3382 3385 3384
f 3698 3699 3697
f 4676 4679 4678
f 4948 4943 4941
f 4890 5394 4805
f 4757 4744 4745
f 4581 4221 4380
f 5716 3516 5932
f 4923 4920 4926
f 5077 5079 5081
f 5078 5082 5058
f 4009 5401 5400
f 5081 5082 5078
f 3930 3931 4513
f 4014 4376 4028
f 4025 4026 4020
f 3618 4093 4096
f 4581 4575 4576
f 4219 4217 4188
f 5440 5442 3335
f 5449 3982 3323
f 4229 4181 4177
f 4590 4213 4214
f 4227 4183 4184
f 4574 4901 4858
f 4565 4566 5453
f 4592 4555 4588
f 4590 4587 4573
f 3517 3518 5521
f 3845 5428 3522
f 4444 3340 3884
f 3982 5449 5533
f 4465 4466 4497
f 4520 4522 4521
f 4076 4073 5591
f 3635 3667 3666
f 3343 3344 4498
f 4022 4019 3870
f 3661 3607 4098
f 5691 5690 5697
f 3768 3766 5742
f 4514 3955 3956
f 3697 3815 3814
f 4394 3248 5460
f 4054 4053 4057
f 3284 3318 3323
f 4052 3926 4169
f 4447 4506 4510
f 4456 4460 3346
f 4483 3876 3877
f 4482 3877 4512
f 4492 4512 4513
f 5642 5438 5439
f 5448 5447 5442
f 5466 4441 3882
f 3340 4444 4445
f 8908 8909 8910
f 4397 4169 3835
f 5413 3520 3521
f 3234 3931 3932
f 5753 5765 8895
f 8896 8897 5756
f 8921 8922 8889
f 8915 8912 8911
f 3933 3936 3935
f 3620 3804 3657
f 3966 3969 3968
f 4905 4789 4769
f 3225 5436 5437
f 5433 3896 3984
f 5714 5686 5693
f 5435 3984 3985
f 3954 3956 3955
f 4713 4712 4632
f 4879 4635 4632
f 3983 3984 3896
f 9027 5460 3248
f 5871 5870 5912
f 5849 5846 5891
f 4702 4703 4640
f 4213 4590 4579
f 3644 3645 3688
f 9193 9090 9040
f 8920 8930 8935
f 5406 3846 4130
f 4140 5400 5401
f 5659 3903 3904
f 4772 4773 4783
f 4244 4247 4246
f 4061 5399 4037
f 3669 3804 3803
f 3459 3460 3209
f 4072 5483 5484
f 4835 4833 4834
f 5660 5662 5661
f 4262 4265 4264
f 3633 3630 3627
f 3685 3643 3676
f 4517 4515 3235
f 4145 4420 4085
f 5455 4438 5459
f 5638 5635 5640
f 3228 3225 3254
f 4044 4174 3411
f 3614 3615 3612
f 3273 3276 3275
f 4952 4962 4961
f 4959 4958 4960
f 4888 4655 4761
f 4254 4257 4256
f 4199 4202 4201
f 4499 4464 4465
f 5479 4495 4496
f 5952 5953 5954
f 5956 5957 5958
f 5959 5958 5960
f 5962 5963 5964
f 5966 5967 5968
f 5967 5970 5971
f 5963 5962 5961
f 5972 5965 5964
f 5974 5975 5976
f 5978 5979 5980
f 5982 5983 5984
f 5986 5987 5985
f 5988 5989 5990
f 5992 5993 5994
f 5996 5997 5998
f 6000 6001 6002
f 6004 6005 6006
f 6008 6009 6010
f 6012 6013 6014
f 6016 6017 6018
f 6020 6021 6022
f 6024 6025 6026
f 6028 6029 6030
f 6032 6033 6034
f 6036 6037 6038
f 6040 6041 6013
f 6042 6043 6044
f 5992 6046 6047
f 6048 6049 6050
f 6052 6053 6054
f 6056 6057 6058
f 6060 6061 5987
f 6062 6063 6064
f 6066 6067 6068
f 6070 6071 6027
f 6072 6073 6057
f 6075 6076 6077
f 6078 6079 6080
f 6082 6083 6054
f 6085 6078 6081
f 6087 6061 5990
f 6061 6087 6089
f 6089 6090 6091
f 6092 6091 6093
f 6095 5978 5981
f 6062 6082 6084
f 6097 6098 6035
f 6056 6049 6099
f 6100 6101 6102
f 6001 6000 6104
f 6107 6108 6109
f 6110 6111 6112
f 6114 6026 6025
f 6116 6117 6118
f 6120 6121 6122
f 6124 6125 6126
f 6128 6129 6101
f 6039 6130 6131
f 6132 6133 6134
f 6136 6137 6138
f 6139 6140 6141
f 6143 6144 6145
f 6148 6149 6150
f 6152 6153 6154
f 6155 6156 6157
f 6159 6160 6161
f 6163 6164 6165
f 6167 6168 6169
f 6171 6172 6173
f 6175 6176 6104
f 6178 6179 6180
f 6023 6182 6183
f 6184 6185 6186
f 6117 6116 6188
f 6190 6191 6192
f 6194 6070 6026
f 6195 6196 6191
f 6197 6198 6199
f 6201 6202 6203
f 6205 6206 6207
f 6209 6210 6201
f 6197 6200 6211
f 6212 6211 6213
f 5979 6215 6214
f 6203 6216 6217
f 6206 6199 6198
f 6218 5961 5962
f 5965 6220 6219
f 5972 3355 3354
f 6070 6194 6222
f 6224 6225 6226
f 6228 6229 6230
f 6232 6233 6234
f 6196 6195 6236
f 6071 6070 6223
f 6239 6240 6241
f 6243 6244 6245
f 6247 6073 6248
f 6250 6251 6252
f 6254 6255 6256
f 6258 6259 6260
f 6229 6262 6263
f 6264 6265 6242
f 6266 6267 6268
f 6270 6271 6272
f 6274 6275 6276
f 6195 6278 6279
f 6280 6278 6281
f 6283 6284 6285
f 6123 6122 6287
f 6289 6290 6291
f 6293 6294 6243
f 6240 6296 6297
f 6298 6299 6267
f 6300 6301 6302
f 6304 6305 6306
f 6251 6250 6308
f 6247 6310 6311
f 6313 6314 6315
f 6314 6313 6317
f 6319 6086 6320
f 6322 6087 6088
f 6216 6324 6258
f 6325 6326 6327
f 6217 6258 6261
f 6330 6071 6238
f 6071 6330 6048
f 6015 6332 6333
f 6079 6334 6335
f 6336 6294 6240
f 6294 6293 6296
f 6337 6338 6339
f 6341 6342 6343
f 6345 6346 6347
f 6266 6264 6349
f 6350 6351 6352
f 6295 6243 6246
f 6303 6355 6356
f 6357 6358 6359
f 6361 6362 6363
f 6365 6350 6353
f 6367 6368 6369
f 6371 6367 6370
f 6372 6373 6374
f 6375 6374 6373
f 6376 6377 6378
f 6379 6380 6381
f 6383 6384 6385
f 6387 6388 6389
f 6391 6392 6393
f 6395 6396 6397
f 6398 6399 6400
f 6399 6401 6402
f 6403 6402 6401
f 6405 6406 6407
f 6409 6410 6411
f 6367 6371 6413
f 6374 6375 6415
f 6417 6418 6384
f 6419 6420 6348
f 6421 6422 6423
f 6425 6426 6400
f 6426 6427 6395
f 6393 6396 6428
f 6429 6430 6394
f 6390 6389 6431
f 6433 6434 6408
f 6435 6436 6437
f 6439 6440 6411
f 6392 6391 6441
f 6397 6392 6442
f 6401 6399 6444
f 6446 6447 6437
f 6448 6449 6450
f 6452 6453 6454
f 6442 6441 6456
f 6443 6442 6457
f 6444 6459 6460
f 6445 6444 6461
f 6463 6464 6462
f 6446 6445 6462
f 6466 6467 6468
f 6448 6451 6470
f 6453 6452 6472
f 6474 6475 6476
f 6478 6479 6480
f 6482 6483 6484
f 6486 6487 6488
f 6490 6491 6492
f 6493 6492 6494
f 6496 6497 6498
f 6500 6501 6502
f 6504 6505 6506
f 6508 6468 6509
f 6511 6512 6513
f 6499 6514 6515
f 6516 6517 6518
f 6520 6521 6522
f 6524 6507 6525
f 6507 6524 6527
f 6504 6527 6528
f 6528 6511 6508
f 6529 6530 6531
f 6342 6533 6534
f 6535 6347 6346
f 6347 6535 6537
f 6434 6538 6539
f 6539 6540 6405
f 6541 6542 6451
f 6543 6544 6470
f 6546 6478 6481
f 6499 6498 6548
f 6549 6550 6514
f 6551 6552 6553
f 6555 6556 6557
f 6403 6436 6423
f 6426 6425 6413
f 6415 6560 6428
f 6430 6429 6561
f 6434 6433 6420
f 6563 6564 6565
f 6404 6401 6445
f 6459 6444 6399
f 6455 6454 6388
f 6405 6450 6449
f 6540 6541 6450
f 6567 6495 6568
f 6570 6464 6463
f 6475 6474 6490
f 6458 6457 6571
f 6573 6571 6574
f 6576 6577 6578
f 6193 6192 6580
f 6582 6583 6584
f 6583 6582 6586
f 6588 6589 6587
f 6590 6069 6068
f 6592 6593 6594
f 6251 6310 6595
f 6304 6596 6597
f 6272 3735 6599
f 3737 3736 6558
f 6600 6161 6160
f 6123 6602 6603
f 6604 6605 6606
f 6608 6205 6208
f 5972 6221 6220
f 6610 6611 6612
f 6613 6614 6615
f 6242 6617 6618
f 6226 6619 6245
f 6620 6621 6622
f 6624 6143 6146
f 6626 6213 6211
f 6627 6628 6629
f 6631 6632 6633
f 6235 6635 6636
f 6637 6638 6639
f 6641 6625 6286
f 6643 6644 6645
f 6647 6648 6649
f 6244 6243 6294
f 6336 6651 6652
f 6194 6196 6237
f 6196 6194 6114
f 6115 6192 6191
f 6653 6654 6655
f 6657 6117 6189
f 6117 6657 6659
f 6130 6157 6156
f 6133 6152 6151
f 6661 6111 6662
f 6663 6613 6616
f 6664 6270 6273
f 6418 6417 6432
f 6290 6325 6328
f 6666 6557 6556
f 6557 6666 3805
f 5971 6667 6668
f 6181 6669 6670
f 6671 6672 6673
f 6676 6673 6672
f 6675 6150 6149
f 6067 6066 5999
f 6677 6678 6679
f 6681 6682 6683
f 6087 6322 6090
f 5983 5982 6685
f 5982 6094 6687
f 6094 6093 6688
f 6211 6200 6137
f 6689 6690 6691
f 6690 6689 3833
f 6001 5983 6686
f 5978 6693 6215
f 6694 6693 5978
f 5974 6694 6095
f 6183 6182 6696
f 6698 5959 5961
f 5959 6698 6699
f 6697 6696 6700
f 6702 6629 6703
f 5968 6668 6705
f 6706 5977 5955
f 6707 6618 6617
f 6024 6051 6709
f 6402 6403 6559
f 3852 6711 6712
f 3856 6594 6593
f 5977 6706 6694
f 6713 5955 5977
f 6714 6715 6716
f 6718 6719 6308
f 6720 6255 6254
f 6722 6723 6724
f 6312 6311 6726
f 6069 6590 6728
f 6319 6594 6730
f 6731 6645 6644
f 6732 6733 6734
f 6046 6053 6320
f 3880 3805 6666
f 6736 6737 6738
f 6531 6740 6741
f 6300 6356 6614
f 6742 6532 6325
f 6743 6742 3891
f 6744 6302 6301
f 6746 6747 6534
f 6536 6576 6579
f 6535 6579 6563
f 6566 6538 6537
f 6538 6566 6409
f 6412 6540 6539
f 6412 6748 6541
f 6748 6749 6542
f 6749 6569 6545
f 6568 6750 6547
f 6751 6752 6548
f 6753 6754 6550
f 6755 6756 6757
f 6759 6760 6761
f 6763 6764 6765
f 6764 6620 6623
f 6766 6767 6768
f 6770 6771 6772
f 6774 6775 6776
f 6021 6774 6777
f 6723 6778 6779
f 6780 6781 6782
f 6784 6785 6786
f 6788 6789 6790
f 6185 6792 6793
f 6794 6722 6725
f 6729 6796 6098
f 6135 6797 6798
f 6799 6062 6065
f 6037 6801 6802
f 6005 6004 6588
f 6005 6803 6804
f 6052 6055 6010
f 6586 6582 6803
f 6092 5985 5987
f 6094 5982 5985
f 6096 6806 6695
f 6082 6062 6799
f 6657 6013 6041
f 6013 6657 6658
f 6795 6725 6807
f 6809 6810 6811
f 6813 6814 6815
f 6817 6818 6819
f 6821 6822 6823
f 6329 6209 6204
f 6202 6825 6826
f 6072 6099 6827
f 6598 6829 6305
f 6301 6300 6613
f 6830 6831 6271
f 6822 6779 6778
f 6326 6741 6832
f 6203 6826 6833
f 6027 6048 6051
f 6360 6834 6835
f 6836 6837 6838
f 6837 6840 6841
f 6362 6365 6366
f 6380 6385 6384
f 6421 6564 6578
f 6566 6565 6410
f 6394 6389 6388
f 6414 6422 6368
f 6371 6374 6416
f 6561 6560 6378
f 6382 6381 6562
f 6381 6384 6418
f 6389 6394 6430
f 6391 6388 6454
f 6441 6454 6453
f 6456 6453 6473
f 6495 6494 6750
f 6843 6575 6485
f 6844 6845 6843
f 6573 6845 6847
f 6849 6491 6487
f 6513 6753 6752
f 6517 6521 6850
f 6521 6520 6851
f 6844 6851 6852
f 6505 6504 6510
f 6753 6513 6512
f 6516 6522 6521
f 6614 6740 6854
f 6742 6262 4003
f 6708 6617 6855
f 6307 6306 6857
f 6307 6664 6665
f 6414 6413 6425
f 6416 6415 6427
f 6562 6418 6431
f 6419 6537 6538
f 6358 6836 6839
f 6059 6058 6859
f 6861 6862 6863
f 6865 6866 6867
f 6115 6025 6869
f 6871 6872 6873
f 6721 6254 6596
f 6876 6610 6556
f 6877 6663 6552
f 6551 6878 6268
f 6879 6855 6265
f 6239 6618 6651
f 6230 6263 6619
f 6171 6670 6669
f 6106 6109 6882
f 6883 6884 6822
f 6759 6184 6187
f 6725 6724 6785
f 6885 6795 6808
f 6886 6887 6888
f 6701 6700 6756
f 6884 6786 6779
f 6715 6714 6309
f 6889 6259 6890
f 6743 3890 4042
f 6270 6664 6893
f 6386 6894 6895
f 6895 6348 6420
f 6897 6432 6417
f 6897 6433 6407
f 6390 6898 6899
f 6900 6899 6406
f 6455 6900 6901
f 6902 6903 6904
f 6482 6903 6905
f 6501 6906 6907
f 6496 6515 6908
f 6532 6531 6326
f 6532 6742 6743
f 6612 6910 6735
f 6611 6911 6910
f 6626 5980 5979
f 6704 6912 6105
f 6913 6590 6591
f 6915 6794 6795
f 6229 6228 4067
f 6263 6290 6289
f 6745 6301 6663
f 6916 6771 6757
f 6885 6918 6165
f 6920 6780 6783
f 6921 6922 6923
f 6925 6921 6924
f 6927 6928 6929
f 6931 6932 6933
f 6935 6936 6937
f 6939 6940 6941
f 6943 6944 6945
f 6947 6948 6949
f 6944 6943 6951
f 6953 6954 6955
f 6957 6958 6959
f 6961 6962 6929
f 6964 6965 6966
f 6968 6969 6970
f 6969 6948 6955
f 6972 6943 6946
f 6974 6975 6976
f 6978 6979 6980
f 6940 6939 6982
f 6984 6985 6986
f 6988 6989 6990
f 6992 6990 6989
f 6994 6995 6996
f 6998 6999 7000
f 7002 7003 7004
f 7006 7007 7008
f 7010 7011 7012
f 7014 7015 7016
f 7018 7019 6999
f 7020 7021 7022
f 7024 7025 7026
f 7028 7029 7030
f 7032 7033 7034
f 7003 7002 7036
f 7038 7039 7040
f 6993 6989 7030
f 7042 7043 7044
f 7046 7047 7007
f 7011 7010 7048
f 7050 7051 7052
f 7054 7015 7014
f 7015 7054 7056
f 6621 6620 7045
f 7049 7048 6775
f 7051 7050 6021
f 7055 6697 6701
f 7054 6701 6755
f 6764 6763 7047
f 7020 7058 7059
f 7060 7061 7062
f 6958 7064 7065
f 6925 7066 7067
f 7068 6931 6934
f 7069 6988 6991
f 7071 6995 7072
f 7074 7075 7076
f 7078 7079 7080
f 7014 7017 7082
f 7084 7085 7086
f 7025 7028 7031
f 7085 7084 7072
f 7089 7084 7087
f 7055 7014 7083
f 7090 7087 6770
f 7092 7093 7094
f 7091 6183 6697
f 6770 7087 7086
f 7095 7094 6767
f 7096 7061 6980
f 7098 6941 6940
f 7058 7020 7023
f 7101 6927 6930
f 6974 7060 7063
f 7103 6968 6971
f 7105 6978 6981
f 7106 7107 7036
f 7109 7048 7010
f 7111 7019 7018
f 7098 7003 7037
f 7048 7109 7112
f 7113 6993 7041
f 6994 7114 7115
f 6965 7116 6923
f 6975 6922 6945
f 7061 7096 7065
f 6954 6953 6933
f 6763 7112 7109
f 7046 7045 6620
f 6947 7117 7067
f 6758 7086 7056
f 7118 7119 7039
f 7038 7069 7070
f 7106 7120 7121
f 7123 7124 7053
f 7123 7052 7083
f 7045 7046 7006
f 7107 7106 7122
f 7091 7083 7052
f 7091 7051 6020
f 6936 7096 7097
f 7125 6957 6960
f 6774 6021 7050
f 7119 6939 6942
f 7019 7002 7005
f 7011 7053 7124
f 7021 7126 7040
f 7114 7029 7016
f 7053 7011 7049
f 7086 7085 7057
f 6993 7113 7127
f 7075 7127 7113
f 4281 4280 6603
f 6012 6333 7129
f 7130 6083 6584
f 6797 7132 7133
f 6074 7134 7135
f 6789 6760 6173
f 6760 6789 6776
f 7136 6802 6801
f 6914 6671 6674
f 7007 7110 7059
f 7099 7004 7003
f 6984 7103 7104
f 7110 7007 7047
f 6333 6583 6587
f 5956 6699 6667
f 5957 5956 5971
f 7137 6715 6308
f 4292 4293 6718
f 6693 6705 6668
f 6215 6668 6667
f 6214 6667 6699
f 6698 6197 6212
f 6219 6207 6198
f 6207 6219 6220
f 6220 6221 6609
f 6262 6229 4066
f 7138 7139 7140
f 4298 7142 7140
f 7143 7144 7145
f 7147 7148 7144
f 7149 7150 7151
f 7150 7152 7153
f 6329 6261 7154
f 6261 6260 7155
f 7156 6829 7157
f 6598 6597 7159
f 6257 6256 7161
f 6256 4322 4321
f 6693 6694 6706
f 5954 5969 6705
f 5953 5966 5969
f 7163 5984 5983
f 7164 7165 6138
f 7167 7168 7169
f 6141 7171 7172
f 7166 7171 7173
f 6141 6140 7174
f 7176 7177 7178
f 7180 7181 7182
f 7184 7185 7186
f 6631 7180 7183
f 6218 6198 6197
f 6625 6641 7189
f 6814 6813 7190
f 6882 7192 7193
f 7195 7196 6109
f 6888 7197 7198
f 7200 7201 7202
f 7176 6627 6630
f 6029 7184 7187
f 7205 7206 7207
f 7209 7210 7211
f 7203 7202 7213
f 6886 7215 6778
f 6031 6030 7215
f 7216 7217 7218
f 7220 7221 6880
f 6076 6075 7220
f 6074 6077 6672
f 6147 6150 6662
f 7223 6662 6111
f 6810 6809 6113
f 6920 7134 6914
f 6077 6660 6675
f 6660 6077 6076
f 7222 7220 6669
f 7224 7222 6181
f 6660 6662 6150
f 7225 7226 6794
f 6783 6782 7225
f 6781 6780 6068
f 7217 7227 7228
f 6031 6888 7199
f 6887 6886 6723
f 6164 7225 6915
f 6780 6920 6591
f 7134 6074 6671
f 7229 7230 6824
f 7187 7186 7230
f 7226 6887 6722
f 7231 7232 6169
f 7201 7231 7233
f 6107 7234 7235
f 7215 7229 6823
f 6030 7187 7229
f 7236 7216 7219
f 7237 7238 6820
f 7237 7208 7207
f 7239 7240 7241
f 6739 7243 7244
f 7245 7239 7242
f 7233 6169 6168
f 7247 7213 7202
f 7195 6108 7203
f 7248 7249 7250
f 7227 7251 7252
f 7253 6067 5998
f 6067 7253 7198
f 6781 7198 7197
f 5984 7163 6683
f 7254 7250 6678
f 6679 7249 7252
f 6887 7226 7197
f 6782 7197 7226
f 7135 6919 6163
f 7221 7220 6075
f 6661 6076 7222
f 7224 6112 6111
f 6180 6810 6112
f 6179 6811 6810
f 6811 6179 6793
f 6650 6792 6622
f 6766 6621 7044
f 7095 7044 7043
f 7092 7043 7121
f 7078 7120 7255
f 7256 7232 7257
f 6768 6772 7259
f 6773 6767 7094
f 7090 7094 7093
f 7089 7093 7080
f 7071 7079 7032
f 7077 7018 6998
f 6995 7071 7260
f 7077 7076 7261
f 7035 7034 7018
f 7108 7019 7111
f 6978 7105 7262
f 7105 7263 7264
f 7263 6944 6952
f 6990 6992 6951
f 6972 7117 7266
f 7117 6947 6950
f 6948 6969 7267
f 6969 6968 6982
f 7103 6984 6987
f 7005 7004 6986
f 6999 7005 7268
f 7269 7270 7271
f 7274 7272 7275
f 7274 7273 7276
f 7278 7279 7280
f 7282 7283 7284
f 7286 7287 7288
f 7290 7291 7292
f 7294 7295 7296
f 7068 7297 7298
f 7300 7301 7302
f 7304 6962 7305
f 7307 7285 7305
f 7309 7284 7283
f 7311 7312 7313
f 7125 7304 7306
f 7285 7307 7280
f 7277 7281 7303
f 6965 6964 7316
f 7318 7312 7316
f 7320 7321 7271
f 7312 7318 7296
f 7270 7269 7298
f 7311 7270 7322
f 6961 6932 7300
f 7323 7324 7325
f 7327 7064 7328
f 7064 6958 7325
f 7287 7330 7292
f 6931 7068 7299
f 7331 7327 7329
f 7332 7333 7334
f 7336 7337 7338
f 7340 7341 7333
f 7342 7341 7343
f 7345 7346 7347
f 7348 7349 7350
f 7352 7353 7354
f 7356 7357 7358
f 7360 7361 7362
f 7365 7366 7367
f 7368 7369 7370
f 7372 7373 7336
f 7373 7375 7337
f 7367 7366 7376
f 7378 7379 7380
f 7382 7383 7384
f 7386 7387 7385
f 7388 7389 7390
f 7392 7334 7333
f 7394 7395 7396
f 7398 7399 7400
f 7402 7403 7404
f 7406 7407 7408
f 7410 7411 7383
f 7412 7413 7414
f 7385 7416 7417
f 7389 7418 7419
f 7373 7420 7421
f 7420 7373 7372
f 7369 7423 7424
f 7399 7398 7397
f 7393 7333 7341
f 7398 7358 7357
f 7358 7398 7401
f 7428 7429 7430
f 7433 7434 7435
f 7363 7362 7436
f 7383 7438 7439
f 7411 7440 7438
f 7441 7442 7443
f 7445 7446 7339
f 7374 7336 7339
f 7444 7365 7364
f 7448 7364 7450
f 7364 7367 7451
f 7451 7367 7377
f 7449 7450 7454
f 7455 7454 7450
f 7456 7455 7451
f 7410 7457 7458
f 7460 7461 7462
f 7423 7369 7462
f 7464 7465 7466
f 7468 7469 7347
f 7376 7366 7471
f 7425 7397 7396
f 7475 7476 7477
f 7478 7479 7480
f 7482 7483 7407
f 7484 7485 7351
f 7487 7405 7488
f 7490 7491 7492
f 7412 7415 7434
f 7494 7495 7434
f 7496 7388 7391
f 7440 7411 7498
f 7401 7400 7488
f 7485 7346 7345
f 7500 7502 7427
f 7395 7394 7469
f 7503 7504 7505
f 7507 7508 7509
f 7511 7512 7513
f 7511 7514 7515
f 7517 7518 7519
f 7521 7522 7523
f 7352 7524 7525
f 7415 7414 7527
f 7528 7529 7530
f 7404 7531 7502
f 7477 7388 7496
f 7512 7478 7481
f 7405 7404 7500
f 7533 7534 7535
f 7378 7507 7510
f 7532 7496 7379
f 7539 7540 7541
f 7524 7352 7355
f 7351 7485 7501
f 7414 7524 7523
f 7522 7543 7527
f 7544 7413 7412
f 7546 7416 7547
f 7526 7549 7353
f 7550 7521 7355
f 7521 7550 7551
f 7552 7546 7548
f 7546 7552 7553
f 7522 7521 7548
f 7418 7556 7520
f 7416 7546 7554
f 7457 7557 7558
f 7557 7559 7560
f 7562 7561 7563
f 7564 7563 7349
f 7351 7350 7565
f 7567 7568 7569
f 7570 7555 7520
f 7419 7418 7555
f 7572 7564 7348
f 7389 7476 7556
f 7573 7490 7493
f 7552 7535 7534
f 7562 7574 7536
f 7572 7575 7576
f 7422 7577 7578
f 7423 7579 7580
f 7579 7423 7463
f 7578 7574 7576
f 7583 7584 7381
f 7586 7579 7581
f 7533 7580 7579
f 7447 7339 7338
f 7588 7502 7531
f 7590 7428 7431
f 7321 7320 7592
f 7275 7581 7463
f 7461 7278 7276
f 7279 7278 7461
f 7453 7454 7593
f 7594 7593 7454
f 7330 7287 7498
f 7459 7458 7294
f 7558 7560 7595
f 7560 7592 7320
f 7275 7321 7585
f 7462 7276 7273
f 7596 7583 7380
f 7597 7598 7406
f 7467 7466 7599
f 7601 7602 7603
f 7605 7365 7444
f 7365 7605 7606
f 7607 7495 7494
f 7513 7481 7473
f 7396 7395 7514
f 7514 7395 7468
f 7470 7609 7515
f 7610 7611 7609
f 7612 7556 7476
f 7613 7530 7529
f 7442 7441 7615
f 7574 7578 7577
f 7619 7400 7399
f 7518 7479 7509
f 7491 7399 7425
f 7549 7620 7621
f 7491 7490 7622
f 7377 7438 7440
f 7379 7496 7497
f 7453 7461 7460
f 7411 7410 7459
f 7623 7624 7391
f 7625 7611 7610
f 7487 7407 7483
f 7619 7622 7408
f 7627 7628 7620
f 7538 7379 7378
f 7389 7388 7477
f 7629 7545 7412
f 7489 7408 7407
f 7628 7627 7598
f 7413 7525 7524
f 7592 7560 7559
f 7584 7631 7632
f 7569 7568 7633
f 7570 7508 7566
f 7631 7567 7566
f 7508 7570 7519
f 7614 7573 7480
f 7346 7610 7470
f 7572 7574 7562
f 7571 7633 7634
f 7346 7485 7484
f 7607 7591 7431
f 7585 7592 7630
f 7624 7596 7497
f 7635 7386 7384
f 7636 7427 7502
f 7323 7309 7310
f 7420 7578 7582
f 7637 7594 7455
f 7287 7286 7499
f 7458 7558 7295
f 7439 7376 7472
f 7599 7601 7604
f 7359 7358 7427
f 7436 7638 7639
f 7490 7573 7640
f 7481 7480 7493
f 7641 7506 7505
f 7642 7643 7627
f 7492 7425 7473
f 7517 7612 7625
f 7625 7484 7486
f 7634 7623 7390
f 7474 7477 7532
f 7448 7368 7441
f 7368 7448 7449
f 7615 7441 7368
f 7638 7603 7602
f 7575 7572 7501
f 7571 7555 7570
f 7400 7619 7489
f 7508 7507 7632
f 7503 7506 7540
f 6957 7125 7315
f 7376 7439 7438
f 7507 7378 7381
f 7499 7456 7452
f 7286 7637 7456
f 7504 7642 7644
f 7645 7598 7627
f 7647 7634 7633
f 7647 7648 7623
f 7649 7624 7623
f 7650 7596 7624
f 7646 7633 7568
f 7651 7568 7567
f 7653 7652 7567
f 7651 7654 7655
f 7656 7657 7658
f 7660 7658 7657
f 7663 7657 7656
f 7664 7665 7663
f 7667 7666 7663
f 7667 7662 7668
f 7663 7665 7661
f 7670 7671 7672
f 7661 7672 7671
f 7659 7668 7662
f 7648 7647 7668
f 7648 7659 7673
f 7659 7658 7674
f 7658 7660 7675
f 7668 7647 7646
f 7660 7671 7676
f 7675 7677 7678
f 7677 7675 7676
f 7677 7680 7681
f 7682 7683 7678
f 7677 7679 7684
f 7673 7674 7678
f 7683 7650 7649
f 7685 7676 7671
f 7667 7655 7686
f 7666 7686 7687
f 7654 7688 7686
f 7689 7687 7686
f 7664 7687 7691
f 7650 7692 7583
f 7693 7653 7631
f 7584 7583 7692
f 7693 7692 7682
f 7694 7682 7681
f 7694 7696 7653
f 7650 7683 7682
f 7696 7697 7652
f 7654 7651 7652
f 7688 7654 7697
f 7699 7698 7697
f 7700 7701 7698
f 7695 7699 7696
f 7699 7695 7702
f 7689 7688 7698
f 7689 7701 7703
f 7705 7706 7707
f 7701 7700 7705
f 7704 7703 7707
f 7685 7670 7691
f 7687 7689 7704
f 7680 7702 7695
f 7684 7706 7702
f 7702 7706 7705
f 7684 7679 7707
f 7676 7685 7707
f 7665 7669 7672
f 7670 7669 7690
f 7665 7664 7690
f 7611 7475 7474
f 7510 7509 7479
f 7511 7538 7537
f 7516 7532 7538
f 7517 7530 7613
f 7537 7510 7478
f 7611 7625 7612
f 7613 7480 7479
f 7556 7612 7517
f 7516 7515 7609
f 7708 7709 7710
f 7712 7713 7714
f 7713 7716 7717
f 7719 7720 7721
f 7722 7723 7597
f 7724 7712 7715
f 7726 7727 7728
f 7731 7640 7573
f 7730 7573 7614
f 7733 7734 7735
f 7721 7712 7724
f 7731 7722 7409
f 7708 7726 7729
f 7737 7724 7709
f 7716 7741 7736
f 7742 7743 7744
f 7740 7736 7735
f 7717 7716 7740
f 7716 7713 7720
f 7748 7749 7711
f 7750 7748 7710
f 7720 7719 7751
f 7734 7723 7728
f 7709 7724 7725
f 7752 7753 7715
f 7739 7709 7708
f 7720 7713 7712
f 7749 7754 7755
f 7745 7744 7756
f 7746 7727 7742
f 7743 7742 7755
f 7727 7746 7735
f 7747 7756 7757
f 7753 7750 7725
f 7751 7621 7620
f 7757 7752 7714
f 7718 7721 7737
f 7747 7740 7746
f 7727 7726 7755
f 7726 7708 7711
f 7759 7757 7756
f 7759 7760 7752
f 7760 7761 7753
f 7761 7762 7750
f 7758 7756 7744
f 7763 7744 7743
f 7754 7765 7764
f 7763 7766 7767
f 7768 7769 7770
f 7772 7768 7771
f 7775 7768 7772
f 7776 7777 7775
f 7779 7778 7775
f 7775 7777 7769
f 7770 7769 7781
f 7782 7774 7772
f 7760 7759 7782
f 7760 7773 7783
f 7773 7771 7784
f 7770 7785 7784
f 7779 7774 7782
f 7782 7759 7758
f 7785 7770 7780
f 7785 7787 7788
f 7787 7785 7786
f 7787 7790 7791
f 7792 7793 7788
f 7787 7789 7794
f 7793 7783 7784
f 7762 7761 7783
f 7796 7786 7780
f 7795 7780 7781
f 7779 7767 7798
f 7799 7776 7778
f 7766 7800 7798
f 7800 7801 7799
f 7802 7776 7799
f 7795 7797 7802
f 7762 7804 7748
f 7805 7765 7754
f 7749 7748 7804
f 7805 7804 7792
f 7806 7792 7791
f 7806 7808 7765
f 7793 7792 7804
f 7808 7809 7764
f 7766 7763 7764
f 7766 7809 7810
f 7811 7810 7809
f 7812 7813 7810
f 7807 7811 7808
f 7811 7807 7814
f 7813 7801 7800
f 7801 7813 7815
f 7817 7818 7819
f 7813 7812 7817
f 7816 7815 7819
f 7796 7795 7803
f 7799 7801 7816
f 7790 7814 7807
f 7794 7818 7814
f 7814 7818 7817
f 7794 7789 7819
f 7786 7796 7819
f 7777 7797 7781
f 7777 7776 7802
f 7528 7719 7718
f 7729 7728 7723
f 7738 7731 7730
f 7732 7737 7739
f 7733 7620 7628
f 7722 7731 7738
f 7621 7751 7719
f 7628 7597 7723
f 7733 7736 7741
f 7732 7614 7529
f 7486 7565 7621
f 7549 7565 7350
f 7353 7350 7349
f 7354 7349 7563
f 7821 7822 7823
f 7824 7825 7826
f 7825 7828 7829
f 7830 7831 7832
f 7834 7824 7827
f 7836 7837 7838
f 7840 7482 7406
f 7841 7406 7598
f 7843 7844 7845
f 7833 7824 7834
f 7848 7820 7836
f 7847 7834 7821
f 7828 7851 7846
f 7853 7854 7855
f 7850 7846 7845
f 7829 7828 7850
f 7828 7825 7832
f 7858 7859 7823
f 7860 7858 7822
f 7831 7861 7851
f 7844 7862 7838
f 7834 7835 7822
f 7863 7864 7827
f 7849 7821 7820
f 7825 7824 7833
f 7859 7865 7866
f 7855 7854 7867
f 7837 7852 7855
f 7865 7853 7852
f 7837 7856 7845
f 7857 7867 7868
f 7864 7860 7835
f 7843 7861 7642
f 7868 7863 7826
f 7830 7833 7847
f 7857 7850 7856
f 7837 7836 7866
f 7836 7820 7823
f 7870 7868 7867
f 7870 7871 7863
f 7871 7872 7864
f 7872 7873 7860
f 7869 7867 7854
f 7874 7854 7853
f 7876 7875 7853
f 7874 7877 7878
f 7879 7880 7881
f 7883 7879 7882
f 7886 7879 7883
f 7887 7888 7886
f 7890 7889 7886
f 7886 7888 7880
f 7891 7881 7880
f 7884 7893 7885
f 7871 7870 7893
f 7871 7884 7894
f 7884 7882 7895
f 7882 7881 7896
f 7890 7885 7893
f 7893 7870 7869
f 7881 7891 7897
f 7898 7899 7895
f 7900 7898 7896
f 7901 7902 7899
f 7904 7899 7902
f 7898 7900 7905
f 7894 7895 7899
f 7904 7873 7872
f 7907 7897 7891
f 7906 7891 7892
f 7890 7878 7909
f 7910 7887 7889
f 7877 7911 7909
f 7912 7910 7909
f 7887 7910 7914
f 7906 7908 7913
f 7873 7915 7858
f 7916 7876 7865
f 7859 7858 7915
f 7916 7915 7903
f 7917 7903 7902
f 7917 7919 7876
f 7873 7904 7903
f 7919 7920 7875
f 7877 7874 7875
f 7911 7877 7920
f 7922 7921 7920
f 7923 7924 7921
f 7918 7922 7919
f 7922 7918 7925
f 7924 7912 7911
f 7912 7924 7926
f 7928 7929 7930
f 7924 7923 7928
f 7927 7926 7930
f 7907 7906 7914
f 7910 7912 7927
f 7901 7925 7918
f 7905 7929 7925
f 7925 7929 7928
f 7905 7900 7930
f 7897 7907 7930
f 7888 7908 7892
f 7888 7887 7913
f 7645 7643 7831
f 7839 7838 7862
f 7841 7849 7848
f 7842 7847 7849
f 7504 7503 7844
f 7839 7931 7840
f 7643 7642 7861
f 7503 7539 7862
f 7846 7851 7861
f 7842 7598 7645
f 7932 7933 7934
f 7936 7937 7938
f 7937 7940 7941
f 7942 7943 7944
f 7947 7948 7949
f 7950 7936 7939
f 7953 7954 7955
f 7956 7957 7958
f 7956 7959 7540
f 7962 7963 7964
f 7936 7950 7965
f 7946 7949 7958
f 7966 7932 7952
f 7965 7950 7933
f 7968 7940 7969
f 7970 7971 7972
f 7974 7968 7964
f 7941 7940 7968
f 7940 7937 7944
f 7976 7977 7935
f 7978 7976 7934
f 7943 7979 7969
f 7947 7954 7963
f 7933 7950 7951
f 7980 7981 7939
f 7967 7933 7932
f 7937 7936 7945
f 7977 7982 7983
f 7973 7972 7984
f 7953 7970 7973
f 7982 7971 7970
f 7974 7963 7954
f 7975 7984 7985
f 7981 7978 7951
f 7961 7979 7544
f 7985 7980 7938
f 7942 7945 7965
f 7975 7968 7974
f 7952 7983 7970
f 7952 7932 7935
f 7987 7985 7984
f 7987 7988 7980
f 7988 7989 7981
f 7989 7990 7978
f 7986 7984 7972
f 7991 7972 7971
f 7993 7992 7971
f 7986 7991 7994
f 7997 7998 7999
f 8000 7996 7999
f 8003 7996 8000
f 8005 8003 8006
f 8007 8006 8003
f 7996 8003 8005
f 7998 7997 8009
f 8010 8002 8000
f 7988 7987 8010
f 7988 8001 8011
f 8011 8001 7999
f 7998 8013 8012
f 8007 8002 8010
f 8010 7987 7986
f 8013 7998 8008
f 8015 8016 8012
f 8017 8015 8013
f 8018 8019 8016
f 8021 8016 8019
f 8015 8017 8022
f 8011 8012 8016
f 8021 7990 7989
f 8023 8024 8014
f 8023 8008 8009
f 8007 7995 8026
f 8026 8027 8004
f 8028 8026 7995
f 8029 8027 8026
f 8030 8004 8027
f 8023 8025 8030
f 7990 8032 7976
f 8033 7993 7982
f 7976 8032 8033
f 8034 8033 8032
f 8035 8034 8020
f 8034 8036 7993
f 7990 8021 8020
f 8036 8037 7992
f 7991 7992 8037
f 7994 8037 8038
f 8039 8038 8037
f 8040 8041 8038
f 8035 8039 8036
f 8039 8035 8042
f 8041 8029 8028
f 8029 8041 8043
f 8045 8046 8047
f 8041 8040 8045
f 8044 8043 8047
f 8024 8023 8031
f 8027 8029 8044
f 8042 8035 8019
f 8022 8046 8042
f 8042 8046 8045
f 8017 8047 8046
f 8014 8024 8047
f 8005 8025 8009
f 8005 8004 8030
f 7506 7641 7943
f 7954 7947 7946
f 7967 7966 7957
f 7960 7965 7967
f 7948 7947 7962
f 7955 7946 7957
f 7641 7544 7979
f 7969 7979 7961
f 7960 7540 7506
f 7362 8049 8050
f 8052 7618 7464
f 8051 7464 7467
f 8054 8055 7600
f 8056 7361 7618
f 7436 8050 8057
f 8049 7362 7361
f 8057 8058 7603
f 8055 8053 7467
f 8058 8054 7604
f 8059 8060 8058
f 8060 8061 8054
f 8061 8062 8055
f 8062 8063 8053
f 8059 8057 8050
f 8064 8050 8049
f 8056 8066 8065
f 8059 8064 8067
f 8069 8070 8071
f 8073 8069 8072
f 8075 8069 8073
f 8077 8078 8075
f 8075 8079 8070
f 8079 8080 8081
f 8082 8071 8070
f 8083 8076 8073
f 8061 8060 8083
f 8061 8074 8084
f 8074 8072 8085
f 8072 8071 8086
f 8077 8076 8083
f 8083 8060 8059
f 8071 8082 8087
f 8088 8089 8085
f 8090 8088 8086
f 8091 8092 8089
f 8094 8089 8092
f 8088 8090 8095
f 8084 8085 8089
f 8094 8063 8062
f 8097 8087 8082
f 8096 8082 8081
f 8077 8068 8098
f 8099 8100 8078
f 8101 8098 8068
f 8102 8099 8098
f 8100 8099 8104
f 8096 8080 8103
f 8075 8078 8100
f 8079 8100 8103
f 8105 8051 8053
f 8066 8056 8052
f 8051 8105 8106
f 8107 8106 8105
f 8108 8107 8093
f 8107 8109 8066
f 8063 8094 8093
f 8109 8110 8065
f 8064 8065 8110
f 8067 8110 8111
f 8112 8111 8110
f 8113 8114 8111
f 8108 8112 8109
f 8112 8108 8115
f 8114 8102 8101
f 8102 8114 8116
f 8118 8119 8120
f 8114 8113 8118
f 8117 8116 8120
f 8097 8096 8104
f 8099 8102 8117
f 8091 8115 8108
f 8095 8119 8115
f 8115 8119 8118
f 8095 8090 8120
f 8087 8097 8120
f 7550 7563 7561
f 7552 7551 7561
f 7931 7862 7539
f 7640 7409 7408
f 7549 7526 7644
f 7525 7413 7544
f 7931 7542 7482
f 7483 7482 7542
f 7626 7402 7405
f 7629 7433 7432
f 7629 8121 7949
f 8122 7958 7949
f 8123 8122 8121
f 8124 8123 7432
f 7434 7495 8125
f 8125 7430 8124
f 8124 7430 7429
f 8123 8124 8126
f 8122 8123 8127
f 7541 7540 7959
f 7404 7403 8129
f 8125 7495 7431
f 7526 7525 7505
f 7626 7483 7541
f 7959 7958 8122
f 7961 7545 8048
f 7629 7948 8048
f 8127 7402 7626
f 7402 8127 8126
f 8129 7403 8126
f 7428 7531 8129
f 7589 7531 7428
f 7334 7392 7426
f 7335 7334 7357
f 7616 7615 7446
f 7392 7397 7398
f 7393 7394 7397
f 7342 7469 7394
f 7344 7347 7469
f 7343 7618 7361
f 7360 7345 7344
f 7363 7575 7345
f 7437 7576 7575
f 7582 7576 7437
f 7421 7582 7639
f 7375 7421 7602
f 7599 7337 7375
f 7465 7464 7618
f 7332 7447 7587
f 7447 7332 7335
f 7445 7335 7356
f 7359 7442 7616
f 7636 7443 7442
f 7588 7605 7443
f 7589 7606 7605
f 7590 7471 7606
f 7471 7590 7591
f 7446 7615 7371
f 7371 7370 7372
f 7422 7372 7370
f 7577 7422 7424
f 7536 7577 7580
f 7591 7607 7635
f 7607 7608 7386
f 7543 7608 7494
f 7547 7387 7543
f 7608 7543 7387
f 7387 7547 7416
f 7457 7410 7382
f 7557 7457 7417
f 7559 7557 7554
f 7630 7559 7553
f 7534 7533 7586
f 7466 7338 7337
f 7465 7587 7338
f 7617 7340 7587
f 7341 7340 7617
f 8130 6091 6090
f 6023 6022 8132
f 6182 6023 8133
f 6623 6622 6792
f 6787 6696 6182
f 8134 6700 6696
f 6917 6757 6756
f 6762 6761 7112
f 6762 6765 6184
f 6765 6623 6185
f 6650 6769 6768
f 6772 6771 6916
f 6777 6776 6789
f 6022 6777 6788
f 6756 6700 8134
f 6758 6757 6771
f 6761 6776 6775
f 6769 6622 6621
f 6772 6768 6767
f 6174 6173 6760
f 6187 6186 6178
f 6811 6649 6648
f 6786 6785 6724
f 6791 6790 6918
f 6186 6793 6179
f 6808 6807 8133
f 6884 6883 8135
f 6174 6187 6670
f 6807 6785 6784
f 6791 6808 8132
f 6786 6884 8134
f 6790 6173 6172
f 6649 6793 6792
f 6316 6315 8136
f 8137 6655 6654
f 8139 8140 6601
f 6656 6655 6580
f 6868 8141 8142
f 6316 6712 6711
f 6864 8143 8144
f 6864 6863 8145
f 6868 6867 6869
f 6656 6867 6866
f 8146 8147 8148
f 8139 8150 8151
f 8152 8153 6866
f 8154 8155 8138
f 6874 6873 8156
f 8158 6318 8159
f 8160 8152 6865
f 8161 6317 6313
f 6161 6600 8162
f 8164 8154 6654
f 8153 8164 6653
f 8165 8166 8167
f 8166 5989 8169
f 5989 5988 8170
f 5988 6017 8171
f 8172 8173 6043
f 8174 8175 6032
f 8174 6035 6098
f 8176 6098 6796
f 8177 6796 8178
f 7132 8178 6728
f 6589 6588 8180
f 8180 6588 6004
f 8181 6004 6007
f 6334 6079 6731
f 6079 6078 6645
f 6078 6085 6646
f 6085 8183 8184
f 6091 8130 8185
f 6086 6730 8183
f 6950 6949 7118
f 6952 6951 6992
f 6983 6982 6968
f 6987 6986 7004
f 7001 7000 6979
f 7001 7262 7074
f 7262 7264 7075
f 7264 6952 7127
f 7265 6951 6943
f 7265 7266 6991
f 7266 6950 7070
f 6949 7267 7119
f 7267 6982 6939
f 6983 6987 7099
f 7268 6986 6985
f 7000 7268 8186
f 6938 6937 6985
f 6946 6945 6922
f 6956 6955 6948
f 6971 6970 6928
f 6970 6955 6954
f 6973 6946 6921
f 6977 6976 7263
f 6981 6980 7061
f 6973 7067 7117
f 7097 6980 6979
f 7104 6971 6927
f 6977 6981 7060
f 6976 6945 6944
f 6956 7067 7066
f 6937 7097 8186
f 6938 7104 7101
f 6924 6923 7116
f 6926 6924 7297
f 6930 6929 6962
f 6934 6933 6953
f 6960 6959 6936
f 6963 6929 6928
f 6967 6966 6975
f 7063 7062 7327
f 6959 7065 7096
f 6926 6934 7066
f 7102 6930 7304
f 6967 7063 7331
f 6966 6923 6922
f 7062 7065 7064
f 6963 6933 6932
f 7102 6960 6935
f 7299 7298 7269
f 7301 7300 6932
f 7306 7305 7285
f 7308 7305 6962
f 7315 7306 7284
f 7317 7316 7312
f 7319 7316 6964
f 7322 7298 7297
f 7317 7322 7116
f 7308 7300 7303
f 7326 7325 6958
f 7329 7328 7291
f 7328 7325 7324
f 7301 7299 8187
f 7319 7329 7290
f 7326 7315 7309
f 7272 7271 7321
f 7272 7274 8187
f 7274 7277 7302
f 7281 7280 7307
f 7283 7282 7593
f 7289 7288 7324
f 7293 7292 7330
f 7293 7296 7318
f 7310 7283 7594
f 7314 7313 7595
f 7282 7280 7279
f 7278 7281 7277
f 7314 7271 7270
f 7313 7296 7295
f 7288 7292 7291
f 7289 7310 7637
f 6003 6002 6626
f 6003 6138 7165
f 6690 8188 8189
f 6686 6685 5981
f 6685 6687 6096
f 6687 6688 6806
f 6002 6686 5980
f 6606 8188 5351
f 7164 7173 8190
f 8192 7175 7174
f 6015 6014 8153
f 6189 6188 8155
f 8157 8156 6284
f 6332 6015 8152
f 6593 6592 6317
f 6658 6189 8154
f 6014 6658 8164
f 6332 8194 7131
f 6805 8159 6321
f 6146 8163 8162
f 6607 7128 8195
f 8196 6126 6125
f 8198 7169 7168
f 8199 7168 6633
f 7177 6632 8201
f 8202 8203 8204
f 7208 7186 7185
f 7237 7230 7186
f 6819 6824 7230
f 6818 6821 6824
f 8206 6883 6821
f 8207 6917 8135
f 6917 8207 8209
f 8209 8210 7259
f 8210 8211 6647
f 6812 6648 8212
f 6809 6812 7258
f 6809 7257 8213
f 6113 8213 8214
f 7235 7223 6110
f 7223 7235 7234
f 6147 7234 8215
f 6148 8215 8216
f 8218 6155 6158
f 8219 6285 6116
f 6284 6188 6116
f 6188 6284 8156
f 8155 8156 6873
f 8138 6873 6872
f 8137 6872 8148
f 6193 8147 6281
f 6190 6281 6278
f 8220 8221 8222
f 8224 8225 7139
f 6223 6222 8226
f 6237 6236 8228
f 6238 6223 8227
f 6249 6248 8231
f 6253 6252 8233
f 6236 6279 8221
f 6331 6238 8230
f 6252 6595 8236
f 6222 6237 8229
f 6828 6827 8237
f 6280 8239 8240
f 8208 8135 6883
f 6648 6647 8211
f 6143 6624 8242
f 6624 7189 8244
f 8245 8246 8247
f 8249 8250 8251
f 7195 8253 8254
f 7214 8255 8253
f 8256 8255 7214
f 7243 7211 8257
f 7210 8258 8257
f 8259 7181 6102
f 8261 6122 6121
f 8178 7132 8263
f 7132 6797 8264
f 6797 6135 8265
f 6135 6134 8266
f 6134 6151 8267
f 6151 6154 8268
f 6154 8269 8270
f 8269 8271 8272
f 7194 7193 8273
f 7193 8250 8275
f 8249 8259 8260
f 8248 8277 8278
f 6129 6128 8279
f 7169 8198 8197
f 8198 8190 8192
f 7171 6141 7175
f 6589 6801 7129
f 6801 6037 6040
f 6037 6036 6041
f 6036 6131 6659
f 6131 6156 6118
f 6156 6155 6119
f 8218 8219 6119
f 8219 8218 6815
f 7191 7189 6641
f 8246 8244 7189
f 8245 8278 8281
f 8280 8279 6288
f 6125 6124 7170
f 6288 6127 6602
f 6126 8196 6604
f 8196 8193 6605
f 7174 6140 6691
f 6691 6140 6139
f 7171 7166 8283
f 7172 8283 8284
f 6139 6142 8284
f 8285 8286 8287
f 8211 8210 8289
f 8290 8291 8292
f 8293 8294 8291
f 8293 8207 8208
f 8296 8297 8298
f 6818 6817 8296
f 8285 7256 7258
f 7243 8299 7212
f 7243 6739 8300
f 8301 8300 6739
f 8302 8256 7213
f 8303 8302 7247
f 8304 8303 6168
f 6738 8298 8297
f 8288 8287 6167
f 8304 8292 8291
f 8305 8291 8294
f 6737 6736 8306
f 6736 7244 8307
f 8243 8242 8308
f 8242 8244 8282
f 8247 8246 7191
f 7196 8254 8251
f 8253 8310 8311
f 8255 8312 8310
f 8313 8312 8255
f 7244 8257 8313
f 8313 8257 8258
f 8312 8258 8314
f 8315 8311 8310
f 8311 8315 8316
f 8282 8281 8317
f 8308 8317 8261
f 8309 8261 8262
f 8248 8247 8275
f 8282 8244 8246
f 8307 8313 8256
f 8306 8307 8302
f 8305 8306 8303
f 8298 6738 6737
f 8287 8292 8304
f 7253 8319 7199
f 8319 8320 6028
f 8320 8321 6029
f 8321 8322 7184
f 8322 8203 7185
f 8203 8202 7205
f 8202 7240 7206
f 7239 7245 7210
f 7251 7227 8319
f 7227 7217 8320
f 7217 7216 8321
f 7216 7236 8322
f 7236 8204 8203
f 6175 8199 8200
f 7165 7164 8191
f 6137 8283 7166
f 6200 6199 8283
f 6199 6206 8284
f 8284 6206 6205
f 6205 6608 6689
f 6689 6608 5485
f 7009 7008 8323
f 7013 7012 7021
f 7017 7016 7029
f 7013 7059 7110
f 7073 7072 7084
f 7081 7080 7093
f 7082 7017 7028
f 7088 7072 6995
f 7088 7115 7057
f 7122 7121 7043
f 7124 7123 7024
f 7082 7025 7024
f 7009 7122 7042
f 7012 7124 7126
f 7115 7016 7015
f 7008 7059 7058
f 7081 7121 7120
f 7073 7080 7079
f 6997 6996 7076
f 7023 7022 6942
f 7027 7026 7069
f 7031 7030 6989
f 7079 7078 7033
f 7037 7036 7107
f 7027 7040 7126
f 7041 7030 7029
f 7026 7031 6988
f 7100 7023 6941
f 7108 7036 7002
f 7100 7037 8323
f 6997 7041 7114
f 7022 7040 7039
f 7111 7034 7033
f 7035 7261 7260
f 7261 7076 6996
f 7108 7255 7120
f 7245 8314 8258
f 7246 8315 8314
f 7181 8259 8316
f 8277 6101 6129
f 8278 6129 8280
f 6287 8317 8281
f 6122 8261 8317
f 5487 6145 6144
f 5489 6159 6162
f 6637 8324 8325
f 8326 8325 8225
f 5494 7139 8225
f 6160 6159 8150
f 5496 8324 8151
f 8163 8327 6162
f 6146 6145 8327
f 8243 8328 6144
f 8328 8243 8309
f 8318 8262 5501
f 8262 6121 5502
f 8329 8330 8331
f 8333 8334 8335
f 8338 8182 6007
f 8329 8334 8339
f 8341 6334 6734
f 6006 8342 8337
f 8342 6006 6804
f 6065 6064 8339
f 5995 5994 8341
f 6918 6172 6166
f 7221 6163 6166
f 6172 6171 6880
f 8344 5952 5955
f 5519 5976 5975
f 6806 8345 8346
f 6646 8184 8347
f 8165 8348 8349
f 6322 8350 8131
f 8345 6806 6688
f 6695 8346 5975
f 5976 5519 5528
f 5529 8130 8131
f 6643 8347 8352
f 8183 5533 5532
f 5534 8185 8130
f 6730 5535 5533
f 8351 6688 6093
f 5535 6730 6594
f 8353 8354 6652
f 8354 8353 8355
f 8357 8358 6825
f 8359 8357 6202
f 6224 8354 8356
f 6275 8361 8362
f 6201 6210 7143
f 7146 8363 8359
f 8357 8359 8363
f 8355 8365 8366
f 8361 8360 8368
f 8356 8355 8367
f 8370 8371 8372
f 8220 8373 7145
f 6275 6274 6228
f 5558 4067 6228
f 8375 8369 8367
f 8362 8368 8376
f 8378 8379 8380
f 8363 7146 8382
f 8384 8378 8381
f 8382 8373 8386
f 8383 8387 8364
f 6226 6225 6231
f 6231 6225 8361
f 6636 8388 8389
f 6635 8390 8388
f 8390 6635 5576
f 8379 8378 6232
f 8378 8384 6233
f 8384 8391 8371
f 8372 8392 8393
f 7138 8240 8239
f 8224 8239 8394
f 8146 6638 8394
f 6638 6637 8326
f 6340 6339 6299
f 6747 6338 6577
f 6344 6343 6346
f 6342 6341 6355
f 6353 6352 6349
f 6337 6351 6369
f 6360 6359 6328
f 6358 6357 6386
f 6364 6363 6293
f 6362 6361 6376
f 6366 6353 6297
f 6350 6365 6372
f 6533 6342 6303
f 6534 6536 6346
f 6744 6746 6533
f 6536 6534 6747
f 6357 6835 6894
f 6341 6834 6832
f 6839 6838 6292
f 6837 6836 6380
f 6838 6841 6354
f 6361 6840 6377
f 6363 6366 6296
f 6365 6362 6373
f 6359 6839 6291
f 6836 6358 6385
f 6481 6480 6902
f 6484 6483 6501
f 6477 6488 6487
f 6849 6467 6492
f 6494 6492 6467
f 6547 6481 6544
f 6750 6751 6546
f 6494 6466 6751
f 6843 6484 6500
f 6845 6573 6575
f 6489 6488 6847
f 6474 6487 6491
f 6483 6905 6906
f 6493 6463 6465
f 6471 6470 6544
f 6472 6482 6485
f 6476 6475 6461
f 6470 6451 6542
f 6570 6567 6569
f 6495 6567 6463
f 6475 6465 6462
f 6572 6848 6477
f 6574 6571 6457
f 6569 6568 6543
f 6575 6574 6473
f 6471 6904 6901
f 6469 6468 6508
f 6498 6497 6479
f 6503 6502 6518
f 6489 6506 6505
f 6467 6849 6509
f 6546 6548 6498
f 6549 6548 6752
f 6752 6751 6466
f 6503 6850 6846
f 6850 6851 6844
f 6507 6506 6852
f 6486 6505 6509
f 6502 6907 6909
f 6858 6893 6664
f 8396 8397 6611
f 6833 8398 6324
f 8399 6826 6825
f 6831 6830 8401
f 6707 6833 6826
f 8398 8403 6890
f 6858 6857 8404
f 8405 8396 6610
f 6830 6893 6553
f 8397 6892 6911
f 8400 6825 8358
f 8358 8357 8364
f 8406 8364 8387
f 8389 8408 8380
f 8389 8388 8409
f 8388 8390 8410
f 5575 5597 8410
f 6665 6273 8411
f 8412 8413 6720
f 8413 5602 5601
f 8411 8414 8413
f 6262 6742 6290
f 5602 8413 8414
f 7141 7140 7142
f 8393 8222 8241
f 8227 8226 7147
f 8229 8228 8374
f 8230 8227 7151
f 8232 8231 8415
f 8234 8233 8417
f 8221 8220 8374
f 8235 8230 7153
f 8233 8236 8420
f 8226 8229 7148
f 8238 8237 8421
f 7141 8393 8240
f 6581 6580 6655
f 6640 6639 8140
f 6710 6709 8141
f 6717 6716 6712
f 6860 6859 8143
f 6870 6869 6867
f 6717 8136 6726
f 6870 6580 6192
f 6860 8145 6050
f 6710 6869 6025
f 6639 8149 6871
f 6640 8151 8324
f 6581 8148 8147
f 5615 5614 6234
f 7144 7148 8374
f 7144 7143 6210
f 7150 7149 6210
f 7152 7150 6209
f 7152 7154 8419
f 7154 7155 8421
f 7158 7157 8415
f 7160 7159 8420
f 7162 7161 8418
f 7161 4321 5616
f 8370 6234 6233
f 8373 8382 7146
f 8392 8391 8386
f 8391 8392 8372
f 5617 8344 6713
f 5973 5618 3355
f 8345 5620 5619
f 3880 6735 6910
f 8351 5622 5620
f 8346 5619 5520
f 5621 6910 6911
f 5622 8351 8185
f 8150 5624 5497
f 8423 8424 8425
f 8427 6516 6519
f 8429 8430 8431
f 6523 8432 8433
f 8434 8435 8436
f 8438 8435 8434
f 8438 8440 6511
f 8441 8442 8424
f 8427 8443 8430
f 8444 8428 8445
f 8447 8425 8424
f 8449 8443 8444
f 8451 8431 8430
f 8453 8437 8454
f 8456 8434 8437
f 8439 8434 8456
f 8448 8424 8442
f 8452 8430 8443
f 8425 8447 8459
f 8460 8461 8462
f 8464 8465 8466
f 8468 8469 8470
f 8472 8473 8474
f 8476 8477 8478
f 8480 8481 8482
f 8484 8485 8486
f 8485 8488 8489
f 8490 8491 8481
f 8492 8493 8494
f 8495 8494 8496
f 8498 8499 8500
f 8502 8501 8500
f 8504 8505 8506
f 8508 8509 8510
f 8513 8508 8511
f 8507 8506 8514
f 8516 8517 8518
f 8520 8517 8516
f 8522 8523 8524
f 8526 8527 8522
f 8528 8529 8530
f 8532 8530 8529
f 8534 8535 8536
f 8538 8539 8534
f 8464 8482 8481
f 8483 8540 8541
f 8542 8485 8484
f 8487 8543 8540
f 8488 8485 8542
f 8545 8546 8486
f 8481 8491 8466
f 8547 8545 8489
f 8548 8494 8493
f 8549 8550 8502
f 8551 8496 8494
f 8497 8541 8552
f 8469 8500 8499
f 8547 8541 8497
f 8469 8468 8503
f 8501 8502 8550
f 8460 8504 8507
f 8552 8553 8506
f 8554 8511 8510
f 8549 8552 8505
f 8554 8555 8512
f 8513 8556 8550
f 8461 8507 8515
f 8557 8556 8513
f 8558 8516 8519
f 8559 8560 8527
f 8521 8516 8558
f 8553 8562 8517
f 8477 8525 8524
f 8520 8523 8557
f 8476 8526 8525
f 8527 8560 8556
f 8563 8529 8528
f 8564 8539 8531
f 8533 8529 8563
f 8562 8567 8530
f 8473 8537 8536
f 8559 8562 8532
f 8472 8538 8537
f 8560 8534 8539
f 8463 8462 8555
f 8544 8542 8467
f 8470 8551 8548
f 8475 8474 8566
f 8479 8478 8561
f 8484 8487 8483
f 8490 8489 8488
f 8503 8493 8492
f 8498 8497 8496
f 8504 8510 8509
f 8515 8514 8513
f 8519 8518 8527
f 8521 8524 8523
f 8528 8531 8539
f 8533 8536 8535
f 8467 8484 8482
f 8487 8486 8546
f 8544 8466 8491
f 8480 8541 8547
f 8493 8503 8468
f 8495 8552 8549
f 8551 8470 8499
f 8501 8545 8547
f 8460 8463 8510
f 8508 8550 8549
f 8555 8462 8515
f 8506 8553 8557
f 8519 8526 8476
f 8517 8562 8559
f 8561 8478 8524
f 8522 8556 8557
f 8475 8528 8538
f 8567 8565 8531
f 8566 8474 8536
f 8560 8559 8535
f 8442 8441 8568
f 6512 8570 8568
f 8570 8440 8571
f 8426 6515 6514
f 8428 8444 8443
f 6522 8429 8432
f 8437 8436 8433
f 6524 8436 8435
f 6528 6527 8435
f 8423 6514 6550
f 8429 6522 6516
f 6515 8426 8445
f 8441 6550 6754
f 8570 8572 8569
f 8440 8570 6512
f 8569 8573 8458
f 8574 8575 8572
f 8572 8575 8573
f 8453 8576 8577
f 8576 8453 8455
f 8452 8579 8580
f 8573 8581 8582
f 8575 8583 8581
f 8584 8583 8575
f 8571 8439 8457
f 8439 8571 8440
f 8585 8586 8587
f 8587 8589 8590
f 8589 8591 8592
f 8591 8593 8594
f 8593 8595 8596
f 8595 8597 8598
f 8599 8600 8586
f 8601 8602 8600
f 8603 8604 8602
f 8605 8606 8598
f 8607 8608 8604
f 8609 8610 8608
f 8611 8612 8610
f 8606 8605 8612
f 8613 8614 8589
f 8614 8615 8591
f 8615 8616 8593
f 8616 8617 8595
f 8617 8618 8597
f 8619 8620 8617
f 8620 8621 8618
f 8620 8622 8623
f 8624 8625 8626
f 8626 8623 8622
f 8620 8619 8628
f 8622 8628 8629
f 8627 8629 8630
f 8632 8633 8634
f 8636 8634 8633
f 8637 8638 8636
f 8639 8633 8632
f 8633 8639 8641
f 8635 8641 8642
f 8642 8643 8644
f 8645 8638 8637
f 8586 8646 8613
f 8600 8647 8646
f 8616 8615 8648
f 8615 8614 8649
f 8613 8650 8649
f 8651 8650 8613
f 8647 8652 8651
f 8652 8653 8654
f 8602 8655 8647
f 8655 8656 8652
f 8656 8657 8653
f 8653 8658 8659
f 8658 8660 8661
f 8644 8662 8663
f 8664 8661 8662
f 8661 8664 8666
f 8666 8667 8654
f 8667 8650 8651
f 8668 8605 8597
f 8669 8668 8618
f 8670 8669 8621
f 8671 8670 8623
f 8671 8626 8625
f 8625 8631 8673
f 8636 8674 8675
f 8638 8676 8674
f 8645 8677 8676
f 8645 8663 8678
f 8679 8680 8660
f 8657 8679 8658
f 8583 8584 8648
f 8650 8581 8583
f 8667 8582 8581
f 8666 8681 8582
f 8664 8682 8681
f 8682 8664 8665
f 8684 8685 8643
f 8684 8642 8641
f 8639 8580 8579
f 8580 8639 8640
f 8629 8577 8576
f 8604 8686 8655
f 8608 8687 8686
f 8610 8688 8687
f 8612 8689 8688
f 8605 8668 8689
f 8690 8689 8668
f 8691 8688 8689
f 8692 8687 8688
f 8693 8686 8687
f 8656 8655 8686
f 8694 8690 8669
f 8695 8691 8690
f 8696 8692 8691
f 8697 8693 8692
f 8657 8656 8693
f 8697 8698 8679
f 8696 8699 8698
f 8696 8695 8700
f 8694 8701 8700
f 8670 8671 8701
f 8702 8701 8671
f 8701 8702 8703
f 8703 8704 8699
f 8699 8704 8705
f 8698 8705 8680
f 8672 8673 8706
f 8675 8674 8707
f 8674 8676 8709
f 8709 8676 8677
f 8677 8678 8711
f 8712 8713 8710
f 8702 8706 8714
f 8713 8712 8714
f 8707 8709 8716
f 8717 8716 8713
f 8710 8713 8716
f 8708 8707 8717
f 8546 8601 8599
f 8546 8545 8603
f 8550 8607 8603
f 8556 8609 8607
f 8560 8611 8609
f 8564 8606 8611
f 8565 8598 8606
f 8565 8567 8596
f 8567 8562 8594
f 8562 8553 8592
f 8553 8552 8590
f 8590 8552 8541
f 8540 8585 8588
f 8543 8599 8585
f 8684 8449 8450
f 8579 8452 8449
f 8682 8447 8448
f 8447 8682 8683
f 8681 8448 8458
f 8584 8718 8619
f 8628 8718 8577
f 8457 8456 8577
f 8574 8457 8718
f 7134 6920 6919
f 6164 6163 6919
f 5485 6608 6609
f 3832 5351 8188
f 5921 6609 6221
f 5922 4281 7128
f 6439 8719 8720
f 8720 8719 6570
f 6570 8719 8721
f 6439 6447 8721
f 6727 6058 6057
f 6312 6057 6073
f 6828 6248 6073
f 6877 6268 6267
f 6745 6267 6299
f 6891 6306 6305
f 6338 6747 6746
f 6438 6411 6410
f 6412 6411 6440
f 6564 6421 6424
f 6842 6578 6577
f 6889 6305 6829
f 6579 6578 6564
f 6435 6410 6565
f 8722 6857 6306
f 8723 6859 6058
f 6269 6268 6878
f 7160 7157 6829
f 8724 8144 8143
f 8238 8231 6248
f 6339 6746 6744
f 8395 6577 6338
f 6879 6878 8404
f 8422 8415 8231
f 8725 8143 6859
f 8416 8415 7157
f 6059 6050 6049
f 6330 6099 6049
f 7156 6260 6259
f 6269 6265 6264
f 6297 6349 6264
f 6340 6352 6351
f 6368 6842 8395
f 6422 6414 6559
f 6436 6403 6404
f 6447 6439 6438
f 6424 6423 6436
f 6331 6827 6099
f 6422 6421 6842
f 8722 8403 6856
f 8141 6863 6862
f 6265 6855 6617
f 6324 6890 6259
f 7158 7155 6260
f 6709 8145 6863
f 8235 8237 6827
f 6298 6349 6352
f 6370 6369 6351
f 6891 6890 8403
f 8419 8421 8237
f 6051 6050 8145
f 8422 8421 7155
f 8721 6447 6446
f 6748 6440 8720
f 8727 6008 6011
f 8158 6009 8144
f 6009 6008 6861
f 6008 8727 6862
f 8142 6862 8727
f 6554 6553 6893
f 6833 6707 6708
f 6708 6856 8403
f 5623 6911 6892
f 8406 8366 8365
f 8407 8375 8366
f 8377 8376 8408
f 8397 8396 6530
f 6651 8399 8400
f 8402 8401 6616
f 6618 6707 8399
f 6554 8404 6878
f 8396 8405 6854
f 8401 6553 6552
f 6892 8397 6529
f 8353 8400 8365
f 8377 8409 6276
f 8409 8410 6277
f 8410 5597 5932
f 8726 8404 6857
f 8726 6856 6855
f 7234 6107 6106
f 8279 6124 6127
f 8354 6224 6227
f 6246 6245 6619
f 8239 6280 6282
f 8162 6283 6286
f 6292 6354 6246
f 6382 6378 6377
f 6392 6397 6396
f 6396 6395 6427
f 6398 6397 6443
f 6459 6443 6458
f 6525 6520 6523
f 6558 6272 6271
f 6429 6428 6560
f 6460 6458 6572
f 6272 6558 3736
f 7128 6603 6602
f 6227 6245 6244
f 7180 6631 6634
f 6642 6286 6285
f 6356 6741 6740
f 6816 6815 8218
f 6820 8300 8301
f 6355 6832 6741
f 6344 6835 6834
f 6364 6841 6840
f 6375 6378 6560
f 6848 6847 6488
f 6853 6852 6506
f 6530 6854 6740
f 8140 6871 6874
f 6555 6271 6831
f 8215 6106 6881
f 6348 6895 6894
f 6383 6895 6896
f 6433 6897 6896
f 6432 6897 6898
f 6406 6899 6898
f 6900 6455 6387
f 6900 6449 6448
f 6472 6904 6903
f 6480 6905 6903
f 6497 6907 6906
f 6908 6519 6518
f 4280 5933 6120
f 6100 7167 7170
f 6632 6631 7188
f 7235 8214 7201
f 7206 7209 7212
f 8213 7257 7232
f 8214 8213 7231
f 6108 6107 7200
f 7238 8299 8300
f 7207 7212 8299
f 8205 7241 7240
f 6170 6169 7232
f 6638 8146 8149
f 6601 6874 8157
f 6600 8157 6283
f 8392 8223 8222
f 6278 6280 8241
f 6816 8272 8274
f 6642 6815 6814
f 6128 7170 6124
f 8195 6602 6127
f 8212 8211 8286
f 8292 8287 8286
f 8290 8289 8210
f 8207 8293 8290
f 8294 8293 8295
f 8206 8296 8295
f 6817 8301 8297
f 8288 6170 7256
f 7209 7206 7240
f 6225 6224 8360
f 8369 8368 8360
f 8375 8376 8368
f 8381 8380 8387
f 8385 8381 8383
f 8385 8386 8391
f 8147 8146 6282
f 6345 6894 6835
f 6327 6832 6834
f 6295 6354 6841
f 6379 6377 6840
f 6853 6847 6845
f 6479 6906 6905
f 6848 6572 6571
f 6452 6901 6904
f 6525 6852 6851
f 6496 6909 6907
f 8402 8405 6876
f 8408 8407 8387
f 6279 8241 8222
f 6872 6871 8149
f 8223 8386 8373
f 6526 8433 8436
f 8446 8445 8426
f 8455 8454 8431
f 8446 8459 8450
f 8454 8433 8432
f 6908 8445 8428
f 8578 8455 8451
f 8632 8631 8625
f 8640 8632 8624
f 8660 8663 8662
f 8662 8644 8643
f 8675 8673 8631
f 8680 8678 8663
f 8683 8665 8643
f 8578 8640 8630
f 8673 8675 8708
f 8678 8680 8705
f 8711 8705 8704
f 8706 8708 8715
f 8703 8714 8712
f 8459 8683 8685
f 8407 8408 8376
f 6615 6854 8405
f 5993 6080 6335
f 6060 6682 6018
f 5993 6047 6081
f 6105 6104 6176
f 6177 6104 6000
f 6309 6311 6310
f 8725 6315 6314
f 8724 6314 6318
f 6321 6320 6053
f 6249 6595 6310
f 6596 6254 6257
f 8188 6606 6605
f 5986 6683 6682
f 6714 6726 6311
f 6047 6320 6086
f 6875 6596 6304
f 6001 6105 6912
f 7162 7159 6597
f 7254 7163 6912
f 6684 6683 7163
f 8723 8136 6315
f 6592 8159 6318
f 8332 8331 8171
f 6607 6606 5350
f 8191 8190 8198
f 8197 8192 8193
f 8159 6592 6319
f 8232 8236 6595
f 8192 8190 7173
f 8189 6605 8193
f 6177 8191 8199
f 6733 8331 8330
f 8340 8341 8330
f 8341 5994 6335
f 8412 6721 6875
f 8414 8411 6273
f 8416 8420 8236
f 6727 6726 8136
f 8417 8420 7159
f 6277 5932 5558
f 5935 5576 6635
f 5991 5990 6061
f 6019 6018 6682
f 5999 6034 6033
f 6045 6044 6677
f 6055 6054 6083
f 5995 6064 6063
f 6084 6054 6053
f 6088 5990 5989
f 6063 6084 6046
f 6066 6097 6034
f 6103 6102 7181
f 6673 6676 6133
f 6149 6148 6153
f 6323 6088 8166
f 6585 6584 6083
f 6630 6629 6702
f 6634 6633 7168
f 6676 6149 6152
f 6703 6629 6628
f 6796 6729 6728
f 6069 6729 6097
f 6132 6798 6674
f 6803 6799 6800
f 6011 6010 6055
f 6799 6803 6582
f 7194 8271 6881
f 7131 6584 6583
f 6798 7133 6913
f 7179 7178 8204
f 7183 7182 7246
f 7188 7183 7242
f 6109 7196 7192
f 7204 6630 6176
f 7219 7218 6628
f 7218 7228 7248
f 7179 7219 6627
f 7250 7254 6704
f 7228 7252 7249
f 6678 7250 7249
f 5997 7252 7251
f 8168 8167 6644
f 8167 8169 6732
f 8169 8170 6733
f 8170 8171 8331
f 8336 8335 8173
f 8182 8338 8175
f 8182 8174 8176
f 8181 8176 8177
f 8180 8177 8179
f 7133 6728 6590
f 7130 7131 8194
f 8200 6633 6632
f 7178 8201 8205
f 8269 6154 6153
f 8254 8311 8252
f 8260 6102 6101
f 8179 8263 6802
f 8263 8264 6038
f 8264 8265 6039
f 8265 8266 6130
f 8266 8267 6157
f 8267 8268 6158
f 8268 8270 8217
f 8270 8272 6816
f 6813 8274 8273
f 8273 8275 8247
f 8276 8260 8277
f 7192 8251 8250
f 8252 8316 8259
f 8276 8275 8250
f 7204 8200 7177
f 7182 8316 8315
f 8343 8339 8334
f 8333 8337 8342
f 8343 8342 6800
f 8340 8339 6064
f 6323 8349 8350
f 8168 8352 8348
f 8349 5937 5936
f 8352 5939 5938
f 6103 6634 7167
f 8271 8269 8216
f 8201 7188 7241
f 8274 8272 8271
f 5991 6018 6017
f 8728 8171 6017
f 5997 5996 6680
f 5996 6033 6045
f 6033 6032 6042
f 6042 6032 8175
f 8172 8175 8338
f 8336 8338 8337
f 6684 6678 6677
f 6681 6677 6044
f 6019 6044 6043
f 6016 6043 8173
f 8728 8173 8335
f 8332 8335 8334
f 8194 6332 8160
f 6805 6010 6009
f 5940 5941 7137
f 8324 5496 5942
f 8325 5942 5495
f 6253 5943 4292
f 7137 5941 5944
f 8348 5938 5937
f 8350 5936 5530
f 5624 8150 6159
f 6718 4293 5940
f 8327 5945 5490
f 8347 5946 5939
f 5933 5502 6121
f 8184 5532 5946
f 7142 4298 5615
f 6145 5487 5945
f 8234 5947 5943
f 8328 5948 5488
f 8318 5500 5948
f 7139 5494 4299
f 8418 5616 5947
f 5604 8414 6599
f 5949 3853 6712
f 5944 5949 6716
f 6720 5601 5950
f 6255 5950 4322
f 5614 5935 6235
f 6711 3852 5951
f 8161 5951 3857
f 5973 5964 2965
f 2965 5964 5963
f 222 5963 5960
f 223 5960 5958
f 5958 5957 3185
f 5957 5970 2977
f 5970 5967 1213
f 5967 5966 1214
f 2532 1214 5966
f 2894 2532 5953
f 2871 2894 5952
f 5510 5722 5721
f 5822 5825 5824
f 3511 3512 3844
f 3887 3892 3889
f 3876 3879 3878
f 3356 3357 3911
f 3372 3373 3390
f 3849 3854 3851
f 3481 3478 3867
f 3873 3874 3385
f 3875 3375 3450
f 3915 3794 3865
f 3657 3670 3671
f 5618 5973 3013
f 1997 1996 1889
f 1237 745 744
f 1535 1534 120
f 1531 1532 201
f 1119 1241 1032
f 946 948 824
f 163 8 5
f 9041 9178 9175
f 1155 1156 1162
f 427 213 327
f 553 1902 796
f 8732 2232 2231
f 8732 3178 2230
f 2237 3183 3180
f 8734 8735 8736
f 8735 8737 8738
f 8737 8739 8740
f 8739 8741 8742
f 8743 8744 8745
f 8746 8745 8747
f 8749 8750 8748
f 8751 8752 8750
f 8754 8755 8756
f 8757 8758 8755
f 8759 8760 8758
f 8761 8762 8760
f 8763 8764 8762
f 8766 8751 8749
f 8765 8749 8747
f 8767 8747 8745
f 8768 8745 8744
f 8744 8770 8771
f 8770 8741 8772
f 8741 8739 8773
f 8739 8737 8774
f 8737 8735 8775
f 8735 8734 8776
f 8776 8734 8777
f 2904 8778 8779
f 8780 8778 2904
f 8781 8780 2902
f 2875 8782 8781
f 8783 8784 2733
f 2825 8785 8786
f 8788 8789 8790
f 8792 8788 8787
f 2724 2723 8785
f 8787 8790 3115
f 8791 8787 3117
f 8794 8766 8765
f 8793 8765 8767
f 8795 8767 8768
f 8796 8768 8769
f 8797 8769 8771
f 8771 8772 8799
f 8772 8773 8800
f 8773 8774 8801
f 8774 8775 8802
f 8775 8776 8803
f 8776 3184 3056
f 8802 8803 2253
f 8801 8802 2252
f 8800 8801 1727
f 8799 8800 2150
f 8804 8798 8799
f 8805 8797 8798
f 8806 8796 8797
f 8807 8795 8796
f 8793 8795 8807
f 8794 8793 8808
f 8810 8811 8809
f 8808 8807 8806
f 8810 8806 8805
f 8813 8811 8810
f 8812 8805 8804
f 8815 8813 8812
f 8814 8804 1941
f 8755 8750 8752
f 8758 8748 8750
f 8760 8746 8748
f 8762 8743 8746
f 8816 8817 8764
f 8818 8819 8820
f 8816 8763 8782
f 8821 8818 8817
f 8789 8821 8783
f 8818 8821 8789
f 8819 8818 8788
f 8822 8820 8819
f 8823 8819 8792
f 8824 8792 8791
f 2712 8791 3119
f 8826 8822 8823
f 8825 8823 8824
f 8827 8824 2712
f 8828 8827 2711
f 8829 8825 8827
f 8830 8826 8825
f 8743 8762 8764
f 8817 8820 8831
f 8770 8744 8743
f 8741 8770 8831
f 8820 8822 8742
f 8740 8742 8822
f 8738 8740 8826
f 8736 8738 8830
f 8833 8828 2400
f 8834 8829 8828
f 8832 8830 8829
f 8835 8833 2402
f 3058 8835 2707
f 3061 8836 8835
f 8836 8834 8833
f 8733 8736 8832
f 8837 8832 8834
f 8777 8734 8733
f 8838 8733 8837
f 8837 8836 3061
f 1961 3057 8838
f 3057 3184 8777
f 8779 8754 8753
f 8778 8757 8754
f 8780 8759 8757
f 8781 8761 8759
f 8782 8763 8761
f 8821 8816 8784
f 8785 8790 8789
f 2723 3115 8790
f 2875 2733 8784
f 2736 2824 8786
f 2947 8779 8839
f 8815 8814 1360
f 1900 1925 1924
f 1736 1717 1718
f 1955 1952 1943
f 1671 1738 1735
f 1696 1750 1698
f 1800 1865 1864
f 2063 2055 2056
f 1737 1734 1717
f 1751 1735 1697
f 943 9337 9351
f 9108 8839 8753
f 1577 1578 1764
f 9369 1598 1599
f 1945 146 82
f 68 6 7
f 147 1542 1543
f 1109 1135 1133
f 1503 1910 1907
f 1499 1501 1909
f 452 1922 735
f 1824 2068 9287
f 1825 2067 2068
f 1463 1462 1022
f 841 1012 1009
f 1568 1547 1955
f 1910 1503 1502
f 1939 1502 422
f 309 280 1940
f 1804 1851 1866
f 269 1482 1954
f 2065 1607 2060
f 9264 1685 1758
f 280 276 552
f 1875 1873 1869
f 1739 1721 1734
f 5923 5897 5899
f 1778 1779 1790
f 310 1920 1915
f 1909 1908 1906
f 1789 1783 1778
f 978 981 980
f 1584 1759 1731
f 425 426 311
f 148 1543 115
f 2044 9349 9346
f 277 1910 1939
f 1943 1946 1945
f 1461 1462 1463
f 2253 8803 3056
f 2981 2254 8927
f 2209 2998 8927
f 2254 2253 3055
f 2998 926 958
f 2826 2817 2721
f 8928 2739 2721
f 2816 8929 8928
f 2334 2297 2296
f 2298 2297 2334
f 2301 2298 2336
f 2311 2301 2338
f 2312 2311 2354
f 2359 2358 2361
f 2335 2296 2359
f 2414 2413 2365
f 2413 2270 2361
f 2355 2352 2540
f 2541 2540 2539
f 2722 2721 2739
f 3114 2722 2738
f 3110 3112 3121
f 3108 3110 3120
f 3122 1754 3127
f 3112 3122 3126
f 3127 1754 1753
f 3139 3133 2529
f 9196 9227 3133
f 8928 2789 2740
f 8929 2790 2789
f 228 229 91
f 245 244 243
f 248 7 247
f 2 297 296
f 145 146 300
f 327 213 210
f 329 332 331
f 239 241 240
f 373 376 375
f 178 177 176
f 1218 1225 1228
f 9314 1231 1295
f 808 809 824
f 9310 9311 1013
f 9265 9262 1411
f 2154 2149 2159
f 9297 9287 1758
f 306 807 1922
f 2157 2153 1976
f 708 709 2031
f 1450 1226 1227
f 1672 1604 1605
f 1813 1814 1821
f 1717 1716 1715
f 176 159 402
f 1710 1705 9368
f 1712 1580 1577
f 1705 1713 1711
f 3435 3476 3475
f 971 978 979
f 822 823 1094
f 2909 2810 2793
f 2810 2769 2795
f 2799 2910 2249
f 9114 9095 2910
f 2769 2768 2801
f 3177 3176 3178
f 3178 8732 3180
f 3181 1394 1393
f 3181 1633 1632
f 3182 1632 2244
f 3183 2244 2243
f 8932 2791 2790
f 2808 8932 8929
f 2239 9018 9016
f 1149 1150 9015
f 1150 2009 9011
f 2202 9013 9010
f 2921 9008 9009
f 9012 9004 2133
f 1777 1579 1759
f 1201 1196 1183
f 9005 8998 2195
f 8997 9020 2770
f 9379 9377 1687
f 1516 152 154
f 8993 9006 2974
f 8994 8992 2779
f 2771 2772 9019
f 3070 2771 8990
f 8991 8988 2775
f 1376 1375 1370
f 2767 8987 9000
f 2195 8998 8987
f 2775 8988 8986
f 8344 5617 8989
f 9256 9254 8983
f 2776 8986 8982
f 2240 9016 8979
f 2920 8979 9121
f 8992 8978 2786
f 1805 1850 1851
f 8978 8976 2787
f 2951 2773 8984
f 2772 2951 8975
f 2973 2224 8974
f 2224 2223 8981
f 1957 1953 320
f 306 305 304
f 2770 9020 8972
f 2913 8972 9018
f 2923 9009 8971
f 308 1940 431
f 207 208 132
f 1879 1876 1881
f 9185 9239 8969
f 2475 3070 9002
f 2476 2475 8968
f 2223 2476 8967
f 8966 8993 2803
f 2037 9007 11
f 1959 1958 450
f 2003 8999 8964
f 9 10 334
f 2009 2008 8962
f 2008 2973 8980
f 9329 672 673
f 8959 8994 2778
f 2935 8958 8957
f 111 1149 9014
f 3238 3342 3341
f 8954 8958 2935
f 683 9328 9337
f 8952 9001 2810
f 736 733 732
f 1795 1804 1803
f 8949 8954 2938
f 8951 8949 2939
f 2950 8956 8948
f 2940 2949 8948
f 9253 9243 8956
f 2868 8953 8946
f 2869 8946 8966
f 1024 1034 1023
f 8944 8947 2948
f 551 1939 442
f 2972 8943 9012
f 2032 8977 8943
f 216 93 1924
f 3532 3534 3482
f 203 202 201
f 3539 3542 3541
f 1828 1848 1847
f 1958 1957 449
f 272 271 178
f 2871 8989 8939
f 9071 9121 9008
f 2801 2768 9095
f 2005 9210 9106
f 960 886 899
f 9109 9107 9064
f 9232 9240 9098
f 3151 9098 9045
f 2193 9056 9075
f 9059 9055 3145
f 9055 9101 2761
f 9044 9059 3144
f 2926 9110 9086
f 9086 9044 3104
f 9207 9206 9198
f 566 567 9210
f 8839 9108 1864
f 1602 1586 2079
f 2868 9110 9063
f 2922 9063 9062
f 2923 9062 9070
f 9122 9065 2918
f 9071 9122 9066
f 2921 9070 9122
f 2920 9066 9038
f 9065 9094 2915
f 2917 2766 9074
f 2916 2917 9093
f 2239 9039 9104
f 2911 9092 9104
f 9095 9092 2911
f 2797 2801 9114
f 2797 9043 9050
f 9074 9080 2763
f 9060 9080 2764
f 2194 9075 9100
f 2221 9100 9101
f 2756 9060 9061
f 2750 9050 9061
f 9121 8979 1817
f 9215 9222 1691
f 2515 9073 9042
f 2548 9042 9045
f 2513 2489 9084
f 2513 9068 9073
f 2509 9085 9072
f 2510 9084 9085
f 2289 9072 9091
f 2283 9091 9069
f 2240 9038 9039
f 9111 9109 9076
f 716 2121 9339
f 727 1999 9213
f 2165 2171 2170
f 9112 9111 9078
f 9195 9033 9030
f 2175 2172 769
f 2100 500 2095
f 9210 567 9209
f 640 9004 9012
f 1653 9020 8997
f 1895 8980 8974
f 746 8974 8981
f 1653 1810 8972
f 9214 1603 1604
f 2093 2075 2073
f 959 996 995
f 962 899 919
f 1400 1401 1398
f 1000 817 1127
f 956 959 884
f 1662 8992 8994
f 2034 9002 8990
f 9378 1689 8983
f 8979 9016 766
f 9016 9018 765
f 334 9014 9015
f 1868 8975 8984
f 1684 1651 1652
f 1682 1683 775
f 1585 1603 9214
f 9215 9214 1672
f 2173 2174 490
f 1658 8988 8991
f 9000 8987 1650
f 1571 9206 2010
f 1587 9116 9123
f 2099 2095 2077
f 787 9213 1999
f 2000 9146 786
f 3155 339 9149
f 9165 3155 9135
f 2180 2179 9137
f 8940 2180 9136
f 1684 9298 9292
f 1760 464 8939
f 2607 9141 9145
f 2581 9128 9141
f 2371 2502 9152
f 2371 9147 9145
f 2587 9128 9127
f 2586 9127 9149
f 2497 9143 9139
f 2502 2503 9139
f 2494 9143 9142
f 9142 9140 2472
f 9140 9153 2468
f 9153 9155 2469
f 726 9360 9344
f 581 9011 8962
f 10 8955 9014
f 1837 8958 8954
f 741 8981 8967
f 1299 8968 9002
f 1851 8951 8948
f 8971 9009 1820
f 580 8962 8980
f 1758 1685 8966
f 1693 9001 8952
f 8948 8956 1867
f 1894 1826 9012
f 2126 1418 9265
f 9358 2126 9293
f 2113 9363 9319
f 2179 9165 9241
f 624 9355 9356
f 2192 9056 9240
f 2177 8985 9239
f 1364 9276 9285
f 9310 9307 1470
f 3135 1753 9227
f 2069 9264 9287
f 1351 9313 9305
f 2108 9334 9353
f 2089 2092 9188
f 9280 9286 1358
f 2001 9201 9235
f 2187 9235 9171
f 2130 9208 9204
f 2004 9204 9201
f 2014 9176 9231
f 2201 9231 9208
f 3167 9172 9211
f 3168 9176 9172
f 3159 9161 9216
f 3160 9216 9217
f 9182 9159 3158
f 3158 9159 9161
f 2200 3069 9182
f 9137 9241 9194
f 9174 9226 2197
f 9242 9188 2092
f 9226 9242 9173
f 3154 9158 9242
f 3155 9165 9158
f 2091 9171 9173
f 2196 3148 9202
f 2193 2196 9228
f 9056 2193 9233
f 2086 2192 9232
f 2087 2086 9230
f 2204 9194 9203
f 2205 9203 9202
f 9361 9338 574
f 2124 2087 9229
f 2208 2124 9212
f 9163 9237 3140
f 9237 9197 3138
f 9197 9196 3139
f 9223 9164 3136
f 9164 9163 3137
f 9227 9219 3131
f 9219 9234 3132
f 1813 9291 9290
f 1293 9306 9308
f 2184 2321 9200
f 2181 2184 9184
f 9217 9220 3079
f 9220 9186 3080
f 709 9325 9327
f 2774 2961 9189
f 9238 9221 2134
f 9261 9260 766
f 2968 9236 9218
f 2969 9211 9236
f 2958 9199 9189
f 2132 9199 9218
f 2321 2185 9223
f 9312 9300 1449
f 9357 9326 582
f 9338 9341 577
f 9299 9278 1818
f 705 9354 9339
f 9268 9364 9359
f 2111 9335 9363
f 9262 9281 1366
f 1812 9291 9274
f 675 9303 9304
f 8940 9157 9303
f 2110 9319 9320
f 2104 9348 9353
f 2109 9320 9351
f 9294 9283 703
f 1680 9263 9298
f 1639 1627 9271
f 623 9356 9358
f 2139 2140 9318
f 1808 1640 9296
f 9272 9273 1819
f 9324 9366 9352
f 1646 9284 9282
f 9341 9342 633
f 2139 9317 9327
f 2156 2155 9323
f 674 9304 9365
f 2117 9269 9264
f 1815 9274 9299
f 9307 9301 1444
f 697 9358 9364
f 866 842 9288
f 9316 9321 2136
f 9037 9183 9178
f 9035 9192 9183
f 9205 9198 9190
f 9192 9035 9033
f 1088 9190 9198
f 9191 9192 9195
f 2791 8932 8933
f 8932 2808 2807
f 2792 8933 8934
f 8933 2807 2806
f 8952 2909 8934
f 8960 8934 2806
f 2948 8947 9243
f 2105 9360 9348
f 8982 9254 9256
f 680 9330 9328
f 1891 1890 9362
f 2905 9251 9253
f 2900 9249 9251
f 2901 9249 9259
f 2734 2878 9258
f 2877 9259 9258
f 2820 9252 9246
f 2818 9248 9244
f 2823 9245 9244
f 2822 9245 9250
f 2819 2735 9252
f 2817 9248 9247
f 2809 9257 9247
f 2808 9257 9255
f 2805 9256 9255
f 1702 9373 9375
f 9374 9372 1797
f 9367 9368 1706
f 9370 9379 1692
f 1657 9350 9332
f 1890 1877 9347
f 9224 9222 1674
f 1689 1690 9224
f 9378 9254 8982
f 8960 8983 1689
f 9369 9375 1703
f 1598 9369 9380
f 9332 9336 1876
f 1691 1690 9377
f 9377 9378 1688
f 9386 9385 9389
f 9386 9390 9391
f 9384 9388 9389
f 9390 9394 9395
f 9389 9388 9392
f 9389 9393 9394
f 9394 9398 9399
f 9393 9392 9396
f 9394 9393 9397
f 9399 9398 9402
f 9396 9400 9401
f 9397 9401 9402
f 9402 9406 9407
f 9401 9400 9404
f 9402 9401 9405
f 9407 9406 9410
f 9405 9404 9408
f 9405 9409 9410
f 9411 9410 9414
f 9409 9408 9412
f 9410 9409 9413
f 9414 9418 9419
f 9412 9416 9417
f 9413 9417 9418
f 9418 9422 9423
f 9417 9416 9420
f 9418 9417 9421
f 9422 9426 9427
f 9420 9424 9425
f 9421 9425 9426
f 9426 9430 9431
f 9425 9424 9428
f 9426 9425 9429
f 9431 9430 9434
f 9428 9432 9433
f 9429 9433 9434
f 9434 9438 9439
f 9433 9432 9436
f 9434 9433 9437
f 9439 9438 9442
f 9436 9440 9441
f 9437 9441 9442
f 9443 9442 9446
f 9441 9440 9444
f 9442 9441 9445
f 9447 9446 9450
f 9444 9448 9449
f 9445 9449 9450
f 9450 9454 9455
f 9449 9448 9452
f 9450 9449 9453
f 9454 9458 9459
f 9452 9456 9457
f 9453 9457 9458
f 9458 9462 9463
f 9457 9456 9460
f 9458 9457 9461
f 9463 9462 9466
f 9460 9464 9465
f 9461 9465 9466
f 9466 9470 9471
f 9465 9464 9468
f 9466 9465 9469
f 9471 9470 9474
f 9468 9472 9473
f 9469 9473 9474
f 9475 9474 9478
f 9473 9472 9476
f 9474 9473 9477
f 9479 9478 9482
f 9476 9480 9481
f 9477 9481 9482
f 9483 9482 9486
f 9481 9480 9484
f 9482 9481 9485
f 9486 9490 9491
f 9484 9488 9489
f 9485 9489 9490
f 9490 9494 9495
f 9489 9488 9492
f 9490 9489 9493
f 9495 9494 9498
f 9492 9496 9497
f 9493 9497 9498
f 9498 9502 9503
f 9497 9496 9500
f 9498 9497 9501
f 9503 9502 9507
f 9500 9505 9506
f 9501 9506 9507
f 9508 9507 9511
f 9505 9509 9510
f 9507 9506 9510
f 9512 9511 9386
f 9510 9509 9384
f 9510 9385 9386
f 9521 9520 9533
f 9518 9531 9532
f 9517 9516 9529
f 9515 9514 9527
f 9523 9536 9537
f 9521 9534 9535
f 9519 9532 9533
f 9518 9517 9530
f 9515 9528 9529
f 9513 9526 9527
f 9524 9537 9538
f 9523 9522 9535
f 9528 9541 9542
f 9526 9539 9540
f 9538 9537 9550
f 9535 9548 9549
f 9534 9533 9546
f 9531 9544 9545
f 9530 9529 9542
f 9528 9527 9540
f 9537 9536 9549
f 9534 9547 9548
f 9532 9545 9546
f 9531 9530 9543
f 9541 9554 9555
f 9540 9539 9552
f 9550 9563 9564
f 9548 9561 9562
f 9547 9546 9559
f 9544 9557 9558
f 9542 9555 9556
f 9541 9540 9553
f 9549 9562 9563
f 9547 9560 9561
f 9546 9545 9558
f 9544 9543 9556
f 9555 9554 9567
f 9552 9565 9566
f 9564 9563 9576
f 9562 9561 9574
f 9559 9572 9573
f 9557 9570 9571
f 9555 9568 9569
f 9553 9566 9567
f 9562 9575 9576
f 9561 9560 9573
f 9559 9558 9571
f 9557 9556 9569
f 9567 9580 9581
f 9566 9565 9578
f 9576 9589 9590
f 9575 9574 9587
f 9572 9585 9586
f 9571 9570 9583
f 9569 9568 9581
f 9566 9579 9580
f 9576 9575 9588
f 9574 9573 9586
f 9571 9584 9585
f 9569 9582 9583
f 9581 9580 9593
f 9578 9591 9592
f 9590 9589 9602
f 9588 9587 9600
f 9585 9598 9599
f 9583 9596 9597
f 9582 9581 9594
f 9579 9592 9593
f 9589 9588 9601
f 9587 9586 9599
f 9584 9597 9598
f 9583 9582 9595
f 9594 9593 9606
f 9592 9591 9604
f 9602 9615 9616
f 9601 9600 9613
f 9598 9611 9612
f 9596 9609 9610
f 9594 9607 9608
f 9592 9605 9606
f 9601 9614 9615
f 9600 9599 9612
f 9598 9597 9610
f 9596 9595 9608
f 9607 9606 9619
f 9605 9604 9617
f 9615 9628 9629
f 9613 9626 9627
f 9611 9624 9625
f 9610 9609 9622
f 9607 9620 9621
f 9605 9618 9619
f 9615 9614 9627
f 9613 9612 9625
f 9611 9610 9623
f 9608 9621 9622
f 9619 9632 9633
f 9617 9630 9631
f 9628 9641 9642
f 9627 9626 9639
f 9625 9624 9637
f 9622 9635 9636
f 9621 9620 9633
f 9619 9618 9631
f 9627 9640 9641
f 9625 9638 9639
f 9623 9636 9637
f 9622 9621 9634
f 9632 9645 9646
f 9630 9643 9644
f 9642 9641 9654
f 9639 9652 9653
f 9638 9637 9650
f 9635 9648 9649
f 9634 9633 9646
f 9632 9631 9644
f 9641 9640 9653
f 9638 9651 9652
f 9636 9649 9650
f 9635 9634 9647
f 9645 9658 9659
f 9644 9643 9656
f 9654 9667 9668
f 9652 9665 9666
f 9651 9650 9663
f 9648 9661 9662
f 9646 9659 9660
f 9645 9644 9657
f 9653 9666 9667
f 9651 9664 9665
f 9650 9649 9662
f 9648 9647 9660
f 9659 9658 9671
f 9656 9669 9670
f 9668 9667 9680
f 9665 9678 9679
f 9663 9676 9677
f 9661 9674 9675
f 9659 9672 9673
f 9657 9670 9671
f 9666 9679 9680
f 9665 9664 9677
f 9663 9662 9675
f 9661 9660 9673
f 9671 9684 9685
f 9670 9669 9682
f 9680 9693 9694
f 9678 9691 9692
f 9677 9676 9689
f 9675 9674 9687
f 9673 9672 9685
f 9670 9683 9684
f 9680 9679 9692
f 9678 9677 9690
f 9675 9688 9689
f 9673 9686 9687
f 9685 9684 9697
f 9682 9695 9696
f 9694 9693 9706
f 9692 9691 9704
f 9689 9702 9703
f 9687 9700 9701
f 9686 9685 9698
f 9683 9696 9697
f 9693 9692 9705
f 9691 9690 9703
f 9688 9701 9702
f 9687 9686 9699
f 9698 9697 9710
f 9696 9695 9708
f 9706 9719 9720
f 9705 9704 9717
f 9702 9715 9716
f 9700 9713 9714
f 9698 9711 9712
f 9696 9709 9710
f 9705 9718 9719
f 9704 9703 9716
f 9702 9701 9714
f 9700 9699 9712
f 9711 9710 9723
f 9709 9708 9721
f 9719 9732 9733
f 9717 9730 9731
f 9715 9728 9729
f 9714 9713 9726
f 9711 9724 9725
f 9709 9722 9723
f 9718 9731 9732
f 9717 9716 9729
f 9715 9714 9727
f 9712 9725 9726
f 9723 9736 9737
f 9721 9734 9735
f 9733 9732 9745
f 9731 9730 9743
f 9729 9728 9741
f 9726 9739 9740
f 9725 9724 9737
f 9723 9722 9735
f 9732 9731 9744
f 9729 9742 9743
f 9727 9740 9741
f 9726 9725 9738
f 9736 9749 9750
f 9734 9747 9748
f 9746 9745 9758
f 9743 9756 9757
f 9742 9741 9754
f 9739 9752 9753
f 9738 9737 9750
f 9736 9735 9748
f 9745 9744 9757
f 9742 9755 9756
f 9740 9753 9754
f 9739 9738 9751
f 9749 9762 9763
f 9748 9747 9760
f 9758 9771 9772
f 9756 9769 9770
f 9755 9754 9767
f 9752 9765 9766
f 9750 9763 9764
f 9749 9748 9761
f 9757 9770 9771
f 9756 9755 9768
f 9754 9753 9766
f 9752 9751 9764
f 9762 9775 9776
f 9760 9773 9774
f 9772 9771 9784
f 9770 9769 9782
f 9768 9767 9780
f 9765 9778 9779
f 9763 9776 9777
f 9762 9761 9774
f 9770 9783 9784
f 9768 9781 9782
f 9767 9766 9779
f 9764 9777 9778
f 9775 9788 9789
f 9774 9773 9786
f 9784 9797 9798
f 9782 9795 9796
f 9781 9780 9793
f 9779 9778 9791
f 9777 9776 9789
f 9774 9787 9788
f 9784 9783 9796
f 9782 9781 9794
f 9779 9792 9793
f 9777 9790 9791
f 9789 9788 9802
f 9786 9800 9801
f 9798 9797 9811
f 9796 9795 9809
f 9793 9807 9808
f 9792 9791 9805
f 9790 9789 9803
f 9787 9801 9802
f 9797 9796 9810
f 9795 9794 9808
f 9792 9806 9807
f 9790 9804 9805
f 9803 9802 9815
f 9801 9800 9813
f 9811 9824 9825
f 9810 9809 9822
f 9807 9820 9821
f 9806 9805 9818
f 9803 9816 9817
f 9801 9814 9815
f 9810 9823 9824
f 9809 9808 9821
f 9807 9806 9819
f 9804 9817 9818
f 9816 9815 9828
f 9814 9813 9826
f 9825 9824 9837
f 9822 9835 9836
f 9820 9833 9834
f 9819 9818 9831
f 9816 9829 9830
f 9814 9827 9828
f 9824 9823 9836
f 9822 9821 9834
f 9820 9819 9832
f 9817 9830 9831
f 9828 9841 9842
f 9826 9839 9840
f 9837 9850 9851
f 9836 9835 9848
f 9834 9833 9846
f 9831 9844 9845
f 9830 9829 9842
f 9828 9827 9840
f 9836 9849 9850
f 9834 9847 9848
f 9832 9845 9846
f 9831 9830 9843
f 9841 9854 9855
f 9839 9852 9853
f 9851 9850 9863
f 9848 9861 9862
f 9847 9846 9859
f 9845 9844 9857
f 9843 9842 9855
f 9841 9840 9853
f 9850 9849 9862
f 9847 9860 9861
f 9845 9858 9859
f 9843 9856 9857
f 9854 9867 9868
f 9853 9852 9865
f 9863 9876 9877
f 9861 9874 9875
f 9860 9859 9872
f 9858 9857 9870
f 9855 9868 9869
f 9854 9853 9866
f 9862 9875 9876
f 9860 9873 9874
f 9859 9858 9871
f 9856 9869 9870
f 9868 9867 9880
f 9865 9878 9879
f 9877 9876 9889
f 9875 9874 9887
f 9873 9872 9885
f 9870 9883 9884
f 9868 9881 9882
f 9867 9866 9879
f 9875 9888 9889
f 9873 9886 9887
f 9872 9871 9884
f 9870 9869 9882
f 9880 9893 9894
f 9878 9891 9892
f 9889 9902 9903
f 9887 9900 9901
f 9886 9885 9898
f 9884 9883 9896
f 9882 9881 9894
f 9879 9892 9893
f 9889 9888 9901
f 9887 9886 9899
f 9884 9897 9898
f 9882 9895 9896
f 9894 9893 9906
f 9891 9904 9905
f 9903 9902 9915
f 9901 9900 9913
f 9898 9911 9912
f 9896 9909 9910
f 9895 9894 9907
f 9892 9905 9906
f 9902 9901 9914
f 9899 9912 9913
f 9897 9910 9911
f 9896 9895 9908
f 9907 9906 9919
f 9905 9904 9917
f 9915 9928 9929
f 9914 9913 9926
f 9911 9924 9925
f 9909 9922 9923
f 9907 9920 9921
f 9905 9918 9919
f 9914 9927 9928
f 9913 9912 9925
f 9911 9910 9923
f 9909 9908 9921
f 9920 9919 9515
f 9918 9917 9513
f 9929 9928 9524
f 9926 9522 9523
f 9924 9520 9521
f 9923 9922 9518
f 9920 9516 9517
f 9918 9514 9515
f 9928 9927 9523
f 9926 9925 9521
f 9924 9923 9519
f 9921 9517 9518
f 9387 9513 9917
f 9917 9904 9508
f 9904 9891 9503
f 9891 9878 9499
f 9499 9878 9865
f 9495 9865 9852
f 9491 9852 9839
f 9839 9826 9483
f 9483 9826 9813
f 9813 9800 9475
f 9800 9786 9471
f 9786 9773 9467
f 9467 9773 9760
f 9463 9760 9747
f 9459 9747 9734
f 9734 9721 9451
f 9451 9721 9708
f 9708 9695 9443
f 9695 9682 9439
f 9682 9669 9435
f 9435 9669 9656
f 9431 9656 9643
f 9427 9643 9630
f 9630 9617 9419
f 9419 9617 9604
f 9604 9591 9411
f 9591 9578 9407
f 9578 9565 9403
f 9403 9565 9552
f 9399 9552 9539
f 9395 9539 9526
f 9526 9513 9387
f 9932 9931 9935
f 9932 9936 9937
f 9931 9930 9934
f 9936 9940 9941
f 9934 9938 9939
f 9935 9939 9940
f 9940 9944 9945
f 9939 9938 9942
f 9940 9939 9943
f 9945 9944 9948
f 9942 9946 9947
f 9943 9947 9948
f 9948 9952 9953
f 9947 9946 9950
f 9948 9947 9951
f 9953 9952 9956
f 9950 9954 9955
f 9951 9955 9956
f 9957 9956 9960
f 9955 9954 9958
f 9956 9955 9959
f 9961 9960 9964
f 9958 9962 9963
f 9959 9963 9964
f 9965 9964 9968
f 9963 9962 9966
f 9964 9963 9967
f 9968 9972 9973
f 9966 9970 9971
f 9967 9971 9972
f 9972 9976 9977
f 9970 9974 9975
f 9972 9971 9975
f 9977 9976 9980
f 9974 9978 9979
f 9975 9979 9980
f 9980 9984 9985
f 9979 9978 9982
f 9980 9979 9983
f 9985 9984 9988
f 9982 9986 9987
f 9983 9987 9988
f 9989 9988 9992
f 9986 9990 9991
f 9988 9987 9991
f 9993 9992 9996
f 9991 9990 9994
f 9991 9995 9996
f 9996 10000 10001
f 9994 9998 9999
f 9996 9995 9999
f 10000 10004 10005
f 9999 9998 10002
f 9999 10003 10004
f 10004 10008 10009
f 10003 10002 10006
f 10004 10003 10007
f 10009 10008 10012
f 10006 10010 10011
f 10007 10011 10012
f 10012 10016 10017
f 10011 10010 10014
f 10012 10011 10015
f 10017 10016 10020
f 10014 10018 10019
f 10015 10019 10020
f 10021 10020 10024
f 10019 10018 10022
f 10020 10019 10023
f 10024 10028 10029
f 10022 10026 10027
f 10023 10027 10028
f 10028 10032 10033
f 10027 10026 10030
f 10028 10027 10031
f 10032 10036 10037
f 10030 10034 10035
f 10031 10035 10036
f 10036 10040 10041
f 10035 10034 10038
f 10036 10035 10039
f 10041 10040 10044
f 10038 10042 10043
f 10039 10043 10044
f 10044 10048 10049
f 10043 10042 10046
f 10044 10043 10047
f 10049 10048 10053
f 10046 10051 10052
f 10047 10052 10053
f 10054 10053 10057
f 10052 10051 10055
f 10053 10052 10056
f 10058 10057 9932
f 10055 9930 9931
f 10056 9931 9932
f 10067 10066 10079
f 10064 10077 10078
f 10063 10062 10075
f 10061 10060 10073
f 10070 10069 10082
f 10067 10080 10081
f 10065 10078 10079
f 10064 10063 10076
f 10061 10074 10075
f 10059 10072 10073
f 10071 10070 10083
f 10069 10068 10081
f 10074 10087 10088
f 10072 10085 10086
f 10084 10083 10096
f 10081 10094 10095
f 10080 10079 10092
f 10078 10077 10090
f 10076 10075 10088
f 10074 10073 10086
f 10083 10082 10095
f 10080 10093 10094
f 10078 10091 10092
f 10076 10089 10090
f 10087 10100 10101
f 10086 10085 10098
f 10096 10109 10110
f 10094 10107 10108
f 10093 10092 10105
f 10091 10090 10103
f 10088 10101 10102
f 10087 10086 10099
f 10095 10108 10109
f 10094 10093 10106
f 10092 10091 10104
f 10089 10102 10103
f 10100 10113 10114
f 10098 10111 10112
f 10110 10109 10122
f 10108 10107 10120
f 10105 10118 10119
f 10103 10116 10117
f 10101 10114 10115
f 10100 10099 10112
f 10108 10121 10122
f 10106 10119 10120
f 10105 10104 10117
f 10103 10102 10115
f 10113 10126 10127
f 10112 10111 10124
f 10122 10135 10136
f 10120 10133 10134
f 10119 10118 10131
f 10117 10116 10129
f 10115 10114 10127
f 10113 10112 10125
f 10122 10121 10134
f 10119 10132 10133
f 10117 10130 10131
f 10115 10128 10129
f 10127 10126 10139
f 10124 10137 10138
f 10136 10135 10148
f 10134 10133 10146
f 10131 10144 10145
f 10130 10129 10142
f 10128 10127 10140
f 10125 10138 10139
f 10135 10134 10147
f 10133 10132 10145
f 10130 10143 10144
f 10128 10141 10142
f 10140 10139 10152
f 10138 10137 10150
f 10148 10161 10162
f 10147 10146 10159
f 10144 10157 10158
f 10143 10142 10155
f 10140 10153 10154
f 10138 10151 10152
f 10147 10160 10161
f 10146 10145 10158
f 10144 10143 10156
f 10141 10154 10155
f 10153 10152 10165
f 10151 10150 10163
f 10162 10161 10174
f 10159 10172 10173
f 10157 10170 10171
f 10156 10155 10168
f 10153 10166 10167
f 10151 10164 10165
f 10161 10160 10173
f 10159 10158 10171
f 10157 10156 10169
f 10154 10167 10168
f 10165 10178 10179
f 10163 10176 10177
f 10175 10174 10187
f 10173 10172 10185
f 10171 10170 10183
f 10168 10181 10182
f 10167 10166 10179
f 10165 10164 10177
f 10173 10186 10187
f 10171 10184 10185
f 10169 10182 10183
f 10168 10167 10180
f 10178 10191 10192
f 10176 10189 10190
f 10188 10187 10200
f 10185 10198 10199
f 10184 10183 10196
f 10182 10181 10194
f 10180 10179 10192
f 10178 10177 10190
f 10187 10186 10199
f 10184 10197 10198
f 10182 10195 10196
f 10180 10193 10194
f 10191 10204 10205
f 10190 10189 10202
f 10200 10213 10214
f 10198 10211 10212
f 10197 10196 10209
f 10195 10194 10207
f 10192 10205 10206
f 10191 10190 10203
f 10199 10212 10213
f 10197 10210 10211
f 10196 10195 10208
f 10193 10206 10207
f 10205 10204 10217
f 10202 10215 10216
f 10214 10213 10226
f 10211 10224 10225
f 10210 10209 10222
f 10207 10220 10221
f 10205 10218 10219
f 10204 10203 10216
f 10212 10225 10226
f 10210 10223 10224
f 10209 10208 10221
f 10207 10206 10219
f 10217 10230 10231
f 10216 10215 10228
f 10226 10239 10240
f 10224 10237 10238
f 10223 10222 10235
f 10221 10220 10233
f 10219 10218 10231
f 10217 10216 10229
f 10226 10225 10238
f 10223 10236 10237
f 10221 10234 10235
f 10219 10232 10233
f 10231 10230 10243
f 10228 10241 10242
f 10240 10239 10252
f 10238 10237 10250
f 10235 10248 10249
f 10234 10233 10246
f 10232 10231 10244
f 10229 10242 10243
f 10239 10238 10251
f 10237 10236 10249
f 10234 10247 10248
f 10232 10245 10246
f 10244 10243 10256
f 10242 10241 10254
f 10252 10265 10266
f 10251 10250 10263
f 10248 10261 10262
f 10247 10246 10259
f 10244 10257 10258
f 10242 10255 10256
f 10251 10264 10265
f 10250 10249 10262
f 10248 10247 10260
f 10245 10258 10259
f 10257 10256 10269
f 10255 10254 10267
f 10266 10265 10278
f 10263 10276 10277
f 10261 10274 10275
f 10260 10259 10272
f 10257 10270 10271
f 10255 10268 10269
f 10265 10264 10277
f 10263 10262 10275
f 10261 10260 10273
f 10258 10271 10272
f 10269 10282 10283
f 10267 10280 10281
f 10278 10291 10292
f 10277 10276 10289
f 10275 10274 10287
f 10272 10285 10286
f 10271 10270 10283
f 10269 10268 10281
f 10277 10290 10291
f 10275 10288 10289
f 10273 10286 10287
f 10272 10271 10284
f 10282 10295 10296
f 10280 10293 10294
f 10292 10291 10304
f 10289 10302 10303
f 10288 10287 10300
f 10286 10285 10298
f 10284 10283 10296
f 10282 10281 10294
f 10291 10290 10303
f 10288 10301 10302
f 10286 10299 10300
f 10284 10297 10298
f 10295 10308 10309
f 10294 10293 10306
f 10304 10317 10318
f 10302 10315 10316
f 10301 10300 10313
f 10299 10298 10311
f 10296 10309 10310
f 10295 10294 10307
f 10303 10316 10317
f 10301 10314 10315
f 10300 10299 10312
f 10297 10310 10311
f 10309 10308 10321
f 10307 10306 10319
f 10318 10317 10330
f 10316 10315 10328
f 10314 10313 10326
f 10311 10324 10325
f 10309 10322 10323
f 10308 10307 10320
f 10316 10329 10330
f 10314 10327 10328
f 10313 10312 10325
f 10311 10310 10323
f 10321 10334 10335
f 10320 10319 10332
f 10330 10343 10344
f 10329 10328 10341
f 10326 10339 10340
f 10325 10324 10337
f 10323 10322 10335
f 10320 10333 10334
f 10330 10329 10342
f 10328 10327 10340
f 10325 10338 10339
f 10323 10336 10337
f 10335 10334 10348
f 10332 10346 10347
f 10344 10343 10357
f 10342 10341 10355
f 10339 10353 10354
f 10337 10351 10352
f 10336 10335 10349
f 10333 10347 10348
f 10343 10342 10356
f 10341 10340 10354
f 10338 10352 10353
f 10337 10336 10350
f 10349 10348 10361
f 10347 10346 10359
f 10357 10370 10371
f 10356 10355 10368
f 10353 10366 10367
f 10351 10364 10365
f 10349 10362 10363
f 10347 10360 10361
f 10356 10369 10370
f 10355 10354 10367
f 10353 10352 10365
f 10351 10350 10363
f 10362 10361 10374
f 10360 10359 10372
f 10371 10370 10383
f 10368 10381 10382
f 10366 10379 10380
f 10365 10364 10377
f 10362 10375 10376
f 10360 10373 10374
f 10370 10369 10382
f 10368 10367 10380
f 10366 10365 10378
f 10363 10376 10377
f 10374 10387 10388
f 10372 10385 10386
f 10383 10396 10397
f 10382 10381 10394
f 10380 10379 10392
f 10377 10390 10391
f 10376 10375 10388
f 10374 10373 10386
f 10382 10395 10396
f 10380 10393 10394
f 10378 10391 10392
f 10377 10376 10389
f 10387 10400 10401
f 10385 10398 10399
f 10397 10396 10409
f 10394 10407 10408
f 10393 10392 10405
f 10390 10403 10404
f 10389 10388 10401
f 10387 10386 10399
f 10396 10395 10408
f 10393 10406 10407
f 10391 10404 10405
f 10390 10389 10402
f 10400 10413 10414
f 10399 10398 10411
f 10409 10422 10423
f 10407 10420 10421
f 10406 10405 10418
f 10403 10416 10417
f 10401 10414 10415
f 10400 10399 10412
f 10408 10421 10422
f 10406 10419 10420
f 10405 10404 10417
f 10403 10402 10415
f 10414 10413 10426
f 10411 10424 10425
f 10423 10422 10435
f 10420 10433 10434
f 10418 10431 10432
f 10416 10429 10430
f 10414 10427 10428
f 10412 10425 10426
f 10421 10434 10435
f 10419 10432 10433
f 10418 10417 10430
f 10416 10415 10428
f 10427 10426 10439
f 10425 10424 10437
f 10435 10448 10449
f 10433 10446 10447
f 10431 10444 10445
f 10430 10429 10442
f 10428 10427 10440
f 10425 10438 10439
f 10435 10434 10447
f 10433 10432 10445
f 10430 10443 10444
f 10428 10441 10442
f 10440 10439 10452
f 10437 10450 10451
f 10449 10448 10461
f 10447 10446 10459
f 10444 10457 10458
f 10443 10442 10455
f 10441 10440 10453
f 10438 10451 10452
f 10448 10447 10460
f 10446 10445 10458
f 10443 10456 10457
f 10441 10454 10455
f 10453 10452 10465
f 10451 10450 10463
f 10461 10474 10475
f 10460 10459 10472
f 10457 10470 10471
f 10456 10455 10468
f 10453 10466 10467
f 10451 10464 10465
f 10460 10473 10474
f 10459 10458 10471
f 10457 10456 10469
f 10454 10467 10468
f 10466 10465 10061
f 10464 10463 10059
f 10474 10070 10071
f 10472 10068 10069
f 10470 10066 10067
f 10469 10468 10064
f 10466 10062 10063
f 10464 10060 10061
f 10473 10069 10070
f 10472 10471 10067
f 10470 10469 10065
f 10467 10063 10064
f 9933 10059 10463
f 10463 10450 10054
f 10450 10437 10049
f 10437 10424 10045
f 10045 10424 10411
f 10041 10411 10398
f 10037 10398 10385
f 10385 10372 10029
f 10029 10372 10359
f 10359 10346 10021
f 10346 10332 10017
f 10332 10319 10013
f 10013 10319 10306
f 10009 10306 10293
f 10005 10293 10280
f 10280 10267 9997
f 9997 10267 10254
f 10254 10241 9989
f 10241 10228 9985
f 10228 10215 9981
f 9981 10215 10202
f 9977 10202 10189
f 9973 10189 10176
f 10176 10163 9965
f 9965 10163 10150
f 10150 10137 9957
f 10137 10124 9953
f 10124 10111 9949
f 9949 10111 10098
f 9945 10098 10085
f 9941 10085 10072
f 10072 10059 9933